<?xml version="1.0" encoding="UTF-8"?>

<!-- generated on 2023-07-31 18:43:26 by Eclipse SUMO sumo Version 1.12.0
<configuration xmlns:xsi="http://www.w3.org/2001/XMLSchema-instance" xsi:noNamespaceSchemaLocation="http://sumo.dlr.de/xsd/sumoConfiguration.xsd">

    <input>
        <net-file value="Data0-35/intersection.net.xml"/>
        <route-files value="Data0-35/intersection.rou.xml"/>
        <additional-files value="Data0-35/intersection.det.xml"/>
    </input>

    <output>
        <tripinfo-output value="Data0-35/tripinfo.xml"/>
    </output>

    <time>
        <begin value="0"/>
    </time>

    <processing>
        <time-to-teleport value="-1"/>
        <waiting-time-memory value="60000"/>
    </processing>

    <report>
        <verbose value="true"/>
        <no-step-log value="true"/>
    </report>

    <emissions>
        <device.emissions.probability value="1"/>
    </emissions>

    <traci_server>
        <remote-port value="56167"/>
    </traci_server>

    <gui_only>
        <gui-settings-file value="Data0-35/intersection.settings.xml"/>
    </gui_only>

</configuration>
-->

<detector xmlns:xsi="http://www.w3.org/2001/XMLSchema-instance" xsi:noNamespaceSchemaLocation="http://sumo.dlr.de/xsd/det_e1_file.xsd">
    <interval begin="0.00" end="100.00" id="inductionLoop.N2" nVehContrib="3" flow="108.00" occupancy="1.21" speed="12.45" harmonicMeanSpeed="12.35" length="5.00" nVehEntered="3"/>
    <interval begin="100.00" end="200.00" id="inductionLoop.N2" nVehContrib="5" flow="180.00" occupancy="5.29" speed="8.34" harmonicMeanSpeed="5.52" length="5.00" nVehEntered="6"/>
    <interval begin="200.00" end="300.00" id="inductionLoop.N2" nVehContrib="5" flow="180.00" occupancy="2.63" speed="10.05" harmonicMeanSpeed="9.81" length="5.00" nVehEntered="6"/>
    <interval begin="300.00" end="400.00" id="inductionLoop.N2" nVehContrib="6" flow="216.00" occupancy="2.61" speed="11.80" harmonicMeanSpeed="11.48" length="5.00" nVehEntered="6"/>
    <interval begin="400.00" end="500.00" id="inductionLoop.N2" nVehContrib="8" flow="288.00" occupancy="7.99" speed="8.08" harmonicMeanSpeed="5.37" length="5.00" nVehEntered="10"/>
    <interval begin="500.00" end="600.00" id="inductionLoop.N2" nVehContrib="8" flow="288.00" occupancy="4.31" speed="10.66" harmonicMeanSpeed="9.28" length="5.00" nVehEntered="8"/>
    <interval begin="600.00" end="700.00" id="inductionLoop.N2" nVehContrib="6" flow="216.00" occupancy="2.70" speed="11.33" harmonicMeanSpeed="11.12" length="5.00" nVehEntered="6"/>
    <interval begin="700.00" end="800.00" id="inductionLoop.N2" nVehContrib="8" flow="288.00" occupancy="4.01" speed="10.25" harmonicMeanSpeed="9.98" length="5.00" nVehEntered="8"/>
    <interval begin="800.00" end="900.00" id="inductionLoop.N2" nVehContrib="8" flow="288.00" occupancy="6.98" speed="8.99" harmonicMeanSpeed="5.92" length="5.00" nVehEntered="9"/>
    <interval begin="900.00" end="1000.00" id="inductionLoop.N2" nVehContrib="9" flow="324.00" occupancy="4.22" speed="10.88" harmonicMeanSpeed="10.66" length="5.00" nVehEntered="9"/>
    <interval begin="1000.00" end="1100.00" id="inductionLoop.N2" nVehContrib="8" flow="288.00" occupancy="4.95" speed="9.78" harmonicMeanSpeed="8.73" length="5.00" nVehEntered="9"/>
    <interval begin="1100.00" end="1200.00" id="inductionLoop.N2" nVehContrib="9" flow="324.00" occupancy="6.27" speed="9.66" harmonicMeanSpeed="9.37" length="5.00" nVehEntered="11"/>
    <interval begin="1200.00" end="1300.00" id="inductionLoop.N2" nVehContrib="8" flow="288.00" occupancy="4.36" speed="10.63" harmonicMeanSpeed="10.12" length="5.00" nVehEntered="9"/>
    <interval begin="1300.00" end="1400.00" id="inductionLoop.N2" nVehContrib="9" flow="324.00" occupancy="17.57" speed="7.21" harmonicMeanSpeed="2.61" length="5.00" nVehEntered="10"/>
    <interval begin="1400.00" end="1500.00" id="inductionLoop.N2" nVehContrib="10" flow="360.00" occupancy="6.25" speed="9.49" harmonicMeanSpeed="8.09" length="5.00" nVehEntered="11"/>
    <interval begin="1500.00" end="1600.00" id="inductionLoop.N2" nVehContrib="8" flow="288.00" occupancy="3.60" speed="11.29" harmonicMeanSpeed="11.11" length="5.00" nVehEntered="8"/>
    <interval begin="1600.00" end="1700.00" id="inductionLoop.N2" nVehContrib="10" flow="360.00" occupancy="5.65" speed="9.69" harmonicMeanSpeed="8.86" length="5.00" nVehEntered="10"/>
    <interval begin="1700.00" end="1800.00" id="inductionLoop.N2" nVehContrib="8" flow="288.00" occupancy="4.48" speed="10.78" harmonicMeanSpeed="10.61" length="5.00" nVehEntered="9"/>
    <interval begin="1800.00" end="1900.00" id="inductionLoop.N2" nVehContrib="4" flow="144.00" occupancy="2.21" speed="11.11" harmonicMeanSpeed="10.66" length="5.00" nVehEntered="5"/>
    <interval begin="1900.00" end="2000.00" id="inductionLoop.N2" nVehContrib="3" flow="108.00" occupancy="1.61" speed="10.65" harmonicMeanSpeed="9.33" length="5.00" nVehEntered="3"/>
    <interval begin="2000.00" end="2100.00" id="inductionLoop.N2" nVehContrib="5" flow="180.00" occupancy="2.39" speed="12.64" harmonicMeanSpeed="12.52" length="5.00" nVehEntered="6"/>
    <interval begin="2100.00" end="2200.00" id="inductionLoop.N2" nVehContrib="8" flow="288.00" occupancy="18.42" speed="11.19" harmonicMeanSpeed="10.90" length="5.00" nVehEntered="9"/>
    <interval begin="2200.00" end="2300.00" id="inductionLoop.N2" nVehContrib="9" flow="324.00" occupancy="9.47" speed="9.71" harmonicMeanSpeed="1.84" length="5.00" nVehEntered="8"/>
    <interval begin="2300.00" end="2400.00" id="inductionLoop.N2" nVehContrib="7" flow="252.00" occupancy="7.27" speed="9.65" harmonicMeanSpeed="7.39" length="5.00" nVehEntered="8"/>
    <interval begin="2400.00" end="2500.00" id="inductionLoop.N2" nVehContrib="5" flow="180.00" occupancy="2.55" speed="10.57" harmonicMeanSpeed="10.29" length="5.00" nVehEntered="6"/>
    <interval begin="2500.00" end="2600.00" id="inductionLoop.N2" nVehContrib="8" flow="288.00" occupancy="3.85" speed="10.53" harmonicMeanSpeed="10.39" length="5.00" nVehEntered="8"/>
    <interval begin="2600.00" end="2700.00" id="inductionLoop.N2" nVehContrib="4" flow="144.00" occupancy="5.76" speed="6.90" harmonicMeanSpeed="3.47" length="5.00" nVehEntered="4"/>
    <interval begin="2700.00" end="2800.00" id="inductionLoop.N2" nVehContrib="5" flow="180.00" occupancy="2.15" speed="11.70" harmonicMeanSpeed="11.62" length="5.00" nVehEntered="5"/>
    <interval begin="2800.00" end="2900.00" id="inductionLoop.N2" nVehContrib="5" flow="180.00" occupancy="2.29" speed="11.79" harmonicMeanSpeed="11.61" length="5.00" nVehEntered="6"/>
    <interval begin="2900.00" end="3000.00" id="inductionLoop.N2" nVehContrib="6" flow="216.00" occupancy="5.18" speed="8.31" harmonicMeanSpeed="5.79" length="5.00" nVehEntered="6"/>
    <interval begin="3000.00" end="3100.00" id="inductionLoop.N2" nVehContrib="5" flow="180.00" occupancy="2.24" speed="12.94" harmonicMeanSpeed="12.76" length="5.00" nVehEntered="6"/>
    <interval begin="3100.00" end="3200.00" id="inductionLoop.N2" nVehContrib="5" flow="180.00" occupancy="2.52" speed="9.96" harmonicMeanSpeed="9.90" length="5.00" nVehEntered="5"/>
    <interval begin="3200.00" end="3300.00" id="inductionLoop.N2" nVehContrib="4" flow="144.00" occupancy="1.84" speed="12.03" harmonicMeanSpeed="11.72" length="5.00" nVehEntered="5"/>
    <interval begin="3300.00" end="3400.00" id="inductionLoop.N2" nVehContrib="5" flow="180.00" occupancy="2.43" speed="10.49" harmonicMeanSpeed="10.28" length="5.00" nVehEntered="5"/>
    <interval begin="3400.00" end="3500.00" id="inductionLoop.N2" nVehContrib="2" flow="72.00" occupancy="0.82" speed="12.42" harmonicMeanSpeed="12.23" length="5.00" nVehEntered="2"/>
    <interval begin="3500.00" end="3600.00" id="inductionLoop.N2" nVehContrib="4" flow="144.00" occupancy="2.27" speed="10.30" harmonicMeanSpeed="10.05" length="5.00" nVehEntered="5"/>
    <interval begin="3600.00" end="3700.00" id="inductionLoop.N2" nVehContrib="6" flow="216.00" occupancy="3.08" speed="10.30" harmonicMeanSpeed="9.95" length="5.00" nVehEntered="6"/>
    <interval begin="3700.00" end="3800.00" id="inductionLoop.N2" nVehContrib="5" flow="180.00" occupancy="2.68" speed="10.51" harmonicMeanSpeed="10.42" length="5.00" nVehEntered="6"/>
    <interval begin="3800.00" end="3900.00" id="inductionLoop.N2" nVehContrib="6" flow="216.00" occupancy="2.63" speed="11.51" harmonicMeanSpeed="11.42" length="5.00" nVehEntered="6"/>
    <interval begin="3900.00" end="4000.00" id="inductionLoop.N2" nVehContrib="6" flow="216.00" occupancy="3.71" speed="9.28" harmonicMeanSpeed="8.08" length="5.00" nVehEntered="6"/>
    <interval begin="4000.00" end="4100.00" id="inductionLoop.N2" nVehContrib="6" flow="216.00" occupancy="2.61" speed="11.73" harmonicMeanSpeed="11.50" length="5.00" nVehEntered="6"/>
    <interval begin="4100.00" end="4200.00" id="inductionLoop.N2" nVehContrib="2" flow="72.00" occupancy="0.78" speed="13.26" harmonicMeanSpeed="12.90" length="5.00" nVehEntered="2"/>
    <interval begin="4200.00" end="4300.00" id="inductionLoop.N2" nVehContrib="9" flow="324.00" occupancy="6.38" speed="9.29" harmonicMeanSpeed="7.06" length="5.00" nVehEntered="9"/>
    <interval begin="4300.00" end="4400.00" id="inductionLoop.N2" nVehContrib="9" flow="324.00" occupancy="4.51" speed="10.23" harmonicMeanSpeed="9.97" length="5.00" nVehEntered="9"/>
    <interval begin="4400.00" end="4500.00" id="inductionLoop.N2" nVehContrib="8" flow="288.00" occupancy="3.94" speed="11.07" harmonicMeanSpeed="10.79" length="5.00" nVehEntered="10"/>
    <interval begin="4500.00" end="4600.00" id="inductionLoop.N2" nVehContrib="3" flow="108.00" occupancy="1.28" speed="11.84" harmonicMeanSpeed="11.73" length="5.00" nVehEntered="3"/>
    <interval begin="4600.00" end="4700.00" id="inductionLoop.N2" nVehContrib="6" flow="216.00" occupancy="2.80" speed="10.94" harmonicMeanSpeed="10.70" length="5.00" nVehEntered="6"/>
    <interval begin="4700.00" end="4800.00" id="inductionLoop.N2" nVehContrib="7" flow="252.00" occupancy="3.42" speed="10.61" harmonicMeanSpeed="10.23" length="5.00" nVehEntered="7"/>
    <interval begin="4800.00" end="4900.00" id="inductionLoop.N2" nVehContrib="3" flow="108.00" occupancy="2.61" speed="9.70" harmonicMeanSpeed="6.38" length="5.00" nVehEntered="4"/>
    <interval begin="4900.00" end="5000.00" id="inductionLoop.N2" nVehContrib="7" flow="252.00" occupancy="2.95" speed="11.91" harmonicMeanSpeed="11.86" length="5.00" nVehEntered="7"/>
    <interval begin="5000.00" end="5100.00" id="inductionLoop.N2" nVehContrib="4" flow="144.00" occupancy="1.66" speed="12.16" harmonicMeanSpeed="12.03" length="5.00" nVehEntered="4"/>
    <interval begin="5100.00" end="5200.00" id="inductionLoop.N2" nVehContrib="4" flow="144.00" occupancy="1.53" speed="13.13" harmonicMeanSpeed="13.11" length="5.00" nVehEntered="4"/>
    <interval begin="5200.00" end="5300.00" id="inductionLoop.N2" nVehContrib="3" flow="108.00" occupancy="1.19" speed="12.69" harmonicMeanSpeed="12.65" length="5.00" nVehEntered="4"/>
    <interval begin="5300.00" end="5400.00" id="inductionLoop.N2" nVehContrib="6" flow="216.00" occupancy="4.41" speed="9.13" harmonicMeanSpeed="8.30" length="5.00" nVehEntered="8"/>
    <interval begin="5400.00" end="5500.00" id="inductionLoop.N2" nVehContrib="6" flow="216.00" occupancy="4.63" speed="9.13" harmonicMeanSpeed="7.20" length="5.00" nVehEntered="8"/>
    <interval begin="5500.00" end="5600.00" id="inductionLoop.N2" nVehContrib="10" flow="360.00" occupancy="9.39" speed="7.77" harmonicMeanSpeed="5.46" length="5.00" nVehEntered="11"/>
    <interval begin="5600.00" end="5700.00" id="inductionLoop.N2" nVehContrib="7" flow="252.00" occupancy="7.40" speed="6.61" harmonicMeanSpeed="4.89" length="5.00" nVehEntered="8"/>
    <interval begin="5700.00" end="5800.00" id="inductionLoop.N2" nVehContrib="6" flow="216.00" occupancy="3.96" speed="9.04" harmonicMeanSpeed="7.76" length="5.00" nVehEntered="7"/>
    <interval begin="5800.00" end="5900.00" id="inductionLoop.N2" nVehContrib="6" flow="216.00" occupancy="2.69" speed="11.29" harmonicMeanSpeed="11.17" length="5.00" nVehEntered="6"/>
    <interval begin="5900.00" end="6000.00" id="inductionLoop.N2" nVehContrib="8" flow="288.00" occupancy="4.10" speed="10.86" harmonicMeanSpeed="10.52" length="5.00" nVehEntered="9"/>
    <interval begin="6000.00" end="6100.00" id="inductionLoop.N2" nVehContrib="4" flow="144.00" occupancy="1.81" speed="11.10" harmonicMeanSpeed="11.02" length="5.00" nVehEntered="4"/>
    <interval begin="6100.00" end="6200.00" id="inductionLoop.N2" nVehContrib="5" flow="180.00" occupancy="1.93" speed="12.98" harmonicMeanSpeed="12.94" length="5.00" nVehEntered="5"/>
    <interval begin="6200.00" end="6300.00" id="inductionLoop.N2" nVehContrib="6" flow="216.00" occupancy="2.60" speed="11.83" harmonicMeanSpeed="11.52" length="5.00" nVehEntered="6"/>
    <interval begin="6300.00" end="6400.00" id="inductionLoop.N2" nVehContrib="1" flow="36.00" occupancy="0.45" speed="11.09" harmonicMeanSpeed="11.09" length="5.00" nVehEntered="1"/>
    <interval begin="6400.00" end="6500.00" id="inductionLoop.N2" nVehContrib="6" flow="216.00" occupancy="2.37" speed="12.73" harmonicMeanSpeed="12.66" length="5.00" nVehEntered="6"/>
    <interval begin="6500.00" end="6600.00" id="inductionLoop.N2" nVehContrib="4" flow="144.00" occupancy="1.65" speed="12.41" harmonicMeanSpeed="12.19" length="5.00" nVehEntered="5"/>
    <interval begin="6600.00" end="6700.00" id="inductionLoop.N2" nVehContrib="2" flow="72.00" occupancy="1.04" speed="12.20" harmonicMeanSpeed="12.00" length="5.00" nVehEntered="3"/>
    <interval begin="6700.00" end="6800.00" id="inductionLoop.N2" nVehContrib="5" flow="180.00" occupancy="2.33" speed="10.95" harmonicMeanSpeed="10.72" length="5.00" nVehEntered="5"/>
    <interval begin="6800.00" end="6900.00" id="inductionLoop.N2" nVehContrib="3" flow="108.00" occupancy="1.33" speed="11.65" harmonicMeanSpeed="11.30" length="5.00" nVehEntered="3"/>
    <interval begin="6900.00" end="7000.00" id="inductionLoop.N2" nVehContrib="6" flow="216.00" occupancy="2.63" speed="11.72" harmonicMeanSpeed="11.42" length="5.00" nVehEntered="6"/>
    <interval begin="7000.00" end="7100.00" id="inductionLoop.N2" nVehContrib="7" flow="252.00" occupancy="3.96" speed="9.80" harmonicMeanSpeed="8.84" length="5.00" nVehEntered="7"/>
    <interval begin="7100.00" end="7200.00" id="inductionLoop.N2" nVehContrib="6" flow="216.00" occupancy="2.54" speed="12.10" harmonicMeanSpeed="11.79" length="5.00" nVehEntered="6"/>
    <interval begin="7200.00" end="7300.00" id="inductionLoop.N2" nVehContrib="6" flow="216.00" occupancy="2.85" speed="10.75" harmonicMeanSpeed="10.52" length="5.00" nVehEntered="6"/>
    <interval begin="7300.00" end="7400.00" id="inductionLoop.N2" nVehContrib="5" flow="180.00" occupancy="2.44" speed="10.56" harmonicMeanSpeed="10.25" length="5.00" nVehEntered="5"/>
    <interval begin="7400.00" end="7500.00" id="inductionLoop.N2" nVehContrib="5" flow="180.00" occupancy="2.52" speed="11.61" harmonicMeanSpeed="11.34" length="5.00" nVehEntered="6"/>
    <interval begin="7500.00" end="7600.00" id="inductionLoop.N2" nVehContrib="5" flow="180.00" occupancy="7.98" speed="11.13" harmonicMeanSpeed="10.64" length="5.00" nVehEntered="6"/>
    <interval begin="7600.00" end="7700.00" id="inductionLoop.N2" nVehContrib="5" flow="180.00" occupancy="1.98" speed="12.68" harmonicMeanSpeed="12.66" length="5.00" nVehEntered="5"/>
    <interval begin="7700.00" end="7800.00" id="inductionLoop.N2" nVehContrib="2" flow="72.00" occupancy="0.98" speed="12.11" harmonicMeanSpeed="11.87" length="5.00" nVehEntered="4"/>
    <interval begin="7800.00" end="7900.00" id="inductionLoop.N2" nVehContrib="4" flow="144.00" occupancy="1.73" speed="11.16" harmonicMeanSpeed="10.74" length="5.00" nVehEntered="3"/>
    <interval begin="7900.00" end="8000.00" id="inductionLoop.N2" nVehContrib="3" flow="108.00" occupancy="1.17" speed="12.98" harmonicMeanSpeed="12.80" length="5.00" nVehEntered="3"/>
    <interval begin="8000.00" end="8100.00" id="inductionLoop.N2" nVehContrib="3" flow="108.00" occupancy="1.27" speed="11.97" harmonicMeanSpeed="11.84" length="5.00" nVehEntered="3"/>
    <interval begin="8100.00" end="8200.00" id="inductionLoop.N2" nVehContrib="3" flow="108.00" occupancy="1.22" speed="12.41" harmonicMeanSpeed="12.28" length="5.00" nVehEntered="3"/>
    <interval begin="8200.00" end="8300.00" id="inductionLoop.N2" nVehContrib="4" flow="144.00" occupancy="2.08" speed="10.13" harmonicMeanSpeed="9.64" length="5.00" nVehEntered="4"/>
    <interval begin="8300.00" end="8400.00" id="inductionLoop.N2" nVehContrib="2" flow="72.00" occupancy="0.75" speed="13.26" harmonicMeanSpeed="13.26" length="5.00" nVehEntered="2"/>
    <interval begin="8400.00" end="8500.00" id="inductionLoop.N2" nVehContrib="4" flow="144.00" occupancy="1.93" speed="12.74" harmonicMeanSpeed="12.72" length="5.00" nVehEntered="5"/>
    <interval begin="8500.00" end="8600.00" id="inductionLoop.N2" nVehContrib="3" flow="108.00" occupancy="1.49" speed="11.78" harmonicMeanSpeed="11.72" length="5.00" nVehEntered="4"/>
    <interval begin="8600.00" end="8700.00" id="inductionLoop.N2" nVehContrib="2" flow="72.00" occupancy="0.93" speed="11.55" harmonicMeanSpeed="10.74" length="5.00" nVehEntered="2"/>
    <interval begin="8700.00" end="8800.00" id="inductionLoop.N2" nVehContrib="5" flow="180.00" occupancy="2.65" speed="10.57" harmonicMeanSpeed="10.30" length="5.00" nVehEntered="6"/>
    <interval begin="8800.00" end="8900.00" id="inductionLoop.N2" nVehContrib="1" flow="36.00" occupancy="0.60" speed="13.62" harmonicMeanSpeed="13.62" length="5.00" nVehEntered="3"/>
    <interval begin="8900.00" end="9000.00" id="inductionLoop.N2" nVehContrib="5" flow="180.00" occupancy="2.14" speed="10.95" harmonicMeanSpeed="10.77" length="5.00" nVehEntered="4"/>
    <interval begin="9000.00" end="9100.00" id="inductionLoop.N2" nVehContrib="4" flow="144.00" occupancy="1.67" speed="12.08" harmonicMeanSpeed="11.95" length="5.00" nVehEntered="4"/>
    <interval begin="9100.00" end="9200.00" id="inductionLoop.N2" nVehContrib="8" flow="288.00" occupancy="3.52" speed="11.55" harmonicMeanSpeed="11.37" length="5.00" nVehEntered="8"/>
    <interval begin="9200.00" end="9300.00" id="inductionLoop.N2" nVehContrib="6" flow="216.00" occupancy="2.67" speed="11.54" harmonicMeanSpeed="11.24" length="5.00" nVehEntered="6"/>
    <interval begin="9300.00" end="9400.00" id="inductionLoop.N2" nVehContrib="5" flow="180.00" occupancy="2.21" speed="13.07" harmonicMeanSpeed="12.94" length="5.00" nVehEntered="6"/>
    <interval begin="9400.00" end="9500.00" id="inductionLoop.N2" nVehContrib="3" flow="108.00" occupancy="1.20" speed="12.72" harmonicMeanSpeed="12.50" length="5.00" nVehEntered="3"/>
    <interval begin="9500.00" end="9600.00" id="inductionLoop.N2" nVehContrib="5" flow="180.00" occupancy="2.28" speed="11.25" harmonicMeanSpeed="10.97" length="5.00" nVehEntered="5"/>
    <interval begin="9600.00" end="9700.00" id="inductionLoop.N2" nVehContrib="4" flow="144.00" occupancy="1.86" speed="11.06" harmonicMeanSpeed="10.73" length="5.00" nVehEntered="4"/>
    <interval begin="9700.00" end="9800.00" id="inductionLoop.N2" nVehContrib="6" flow="216.00" occupancy="2.75" speed="12.44" harmonicMeanSpeed="12.38" length="5.00" nVehEntered="7"/>
    <interval begin="9800.00" end="9900.00" id="inductionLoop.N2" nVehContrib="1" flow="36.00" occupancy="0.49" speed="12.87" harmonicMeanSpeed="12.87" length="5.00" nVehEntered="2"/>
    <interval begin="9900.00" end="10000.00" id="inductionLoop.N2" nVehContrib="3" flow="108.00" occupancy="1.26" speed="12.02" harmonicMeanSpeed="11.99" length="5.00" nVehEntered="4"/>
    <interval begin="10000.00" end="10100.00" id="inductionLoop.N2" nVehContrib="4" flow="144.00" occupancy="1.99" speed="11.57" harmonicMeanSpeed="10.86" length="5.00" nVehEntered="5"/>
    <interval begin="10100.00" end="10200.00" id="inductionLoop.N2" nVehContrib="6" flow="216.00" occupancy="2.33" speed="13.12" harmonicMeanSpeed="12.89" length="5.00" nVehEntered="6"/>
    <interval begin="10200.00" end="10300.00" id="inductionLoop.N2" nVehContrib="4" flow="144.00" occupancy="1.57" speed="12.84" harmonicMeanSpeed="12.77" length="5.00" nVehEntered="4"/>
    <interval begin="10300.00" end="10400.00" id="inductionLoop.N2" nVehContrib="3" flow="108.00" occupancy="1.29" speed="11.66" harmonicMeanSpeed="11.59" length="5.00" nVehEntered="3"/>
    <interval begin="10400.00" end="10500.00" id="inductionLoop.N2" nVehContrib="4" flow="144.00" occupancy="1.86" speed="11.55" harmonicMeanSpeed="11.51" length="5.00" nVehEntered="5"/>
    <interval begin="10500.00" end="10600.00" id="inductionLoop.N2" nVehContrib="6" flow="216.00" occupancy="2.54" speed="12.21" harmonicMeanSpeed="11.83" length="5.00" nVehEntered="6"/>
    <interval begin="10600.00" end="10700.00" id="inductionLoop.N2" nVehContrib="6" flow="216.00" occupancy="2.39" speed="12.62" harmonicMeanSpeed="12.58" length="5.00" nVehEntered="6"/>
    <interval begin="10700.00" end="10800.00" id="inductionLoop.N2" nVehContrib="5" flow="180.00" occupancy="2.01" speed="12.46" harmonicMeanSpeed="12.42" length="5.00" nVehEntered="5"/>
    <interval begin="10800.00" end="10900.00" id="inductionLoop.N2" nVehContrib="7" flow="252.00" occupancy="3.17" speed="13.01" harmonicMeanSpeed="12.84" length="5.00" nVehEntered="8"/>
    <interval begin="10900.00" end="11000.00" id="inductionLoop.N2" nVehContrib="6" flow="216.00" occupancy="2.70" speed="12.09" harmonicMeanSpeed="11.91" length="5.00" nVehEntered="7"/>
    <interval begin="11000.00" end="11100.00" id="inductionLoop.N2" nVehContrib="6" flow="216.00" occupancy="2.63" speed="11.43" harmonicMeanSpeed="11.40" length="5.00" nVehEntered="6"/>
    <interval begin="11100.00" end="11200.00" id="inductionLoop.N2" nVehContrib="4" flow="144.00" occupancy="1.52" speed="13.20" harmonicMeanSpeed="13.14" length="5.00" nVehEntered="4"/>
    <interval begin="11200.00" end="11300.00" id="inductionLoop.N2" nVehContrib="4" flow="144.00" occupancy="1.56" speed="12.87" harmonicMeanSpeed="12.79" length="5.00" nVehEntered="4"/>
    <interval begin="11300.00" end="11400.00" id="inductionLoop.N2" nVehContrib="2" flow="72.00" occupancy="0.91" speed="11.22" harmonicMeanSpeed="10.96" length="5.00" nVehEntered="2"/>
    <interval begin="11400.00" end="11500.00" id="inductionLoop.N2" nVehContrib="6" flow="216.00" occupancy="2.86" speed="10.78" harmonicMeanSpeed="10.48" length="5.00" nVehEntered="6"/>
    <interval begin="11500.00" end="11600.00" id="inductionLoop.N2" nVehContrib="3" flow="108.00" occupancy="1.36" speed="11.48" harmonicMeanSpeed="11.01" length="5.00" nVehEntered="3"/>
    <interval begin="11600.00" end="11700.00" id="inductionLoop.N2" nVehContrib="3" flow="108.00" occupancy="1.21" speed="12.50" harmonicMeanSpeed="12.39" length="5.00" nVehEntered="3"/>
    <interval begin="11700.00" end="11800.00" id="inductionLoop.N2" nVehContrib="3" flow="108.00" occupancy="1.29" speed="11.71" harmonicMeanSpeed="11.64" length="5.00" nVehEntered="3"/>
    <interval begin="11800.00" end="11900.00" id="inductionLoop.N2" nVehContrib="1" flow="36.00" occupancy="0.69" speed="14.13" harmonicMeanSpeed="14.13" length="5.00" nVehEntered="2"/>
    <interval begin="11900.00" end="12000.00" id="inductionLoop.N2" nVehContrib="5" flow="180.00" occupancy="1.64" speed="12.70" harmonicMeanSpeed="12.62" length="5.00" nVehEntered="4"/>
    <interval begin="12000.00" end="12100.00" id="inductionLoop.N2" nVehContrib="6" flow="216.00" occupancy="2.29" speed="13.19" harmonicMeanSpeed="13.10" length="5.00" nVehEntered="6"/>
    <interval begin="12100.00" end="12200.00" id="inductionLoop.N2" nVehContrib="4" flow="144.00" occupancy="1.61" speed="12.55" harmonicMeanSpeed="12.45" length="5.00" nVehEntered="4"/>
    <interval begin="12200.00" end="12300.00" id="inductionLoop.N2" nVehContrib="3" flow="108.00" occupancy="1.46" speed="12.52" harmonicMeanSpeed="12.43" length="5.00" nVehEntered="4"/>
    <interval begin="12300.00" end="12400.00" id="inductionLoop.N2" nVehContrib="7" flow="252.00" occupancy="2.90" speed="12.45" harmonicMeanSpeed="12.07" length="5.00" nVehEntered="7"/>
    <interval begin="12400.00" end="12500.00" id="inductionLoop.N2" nVehContrib="4" flow="144.00" occupancy="1.80" speed="11.22" harmonicMeanSpeed="11.13" length="5.00" nVehEntered="4"/>
    <interval begin="12500.00" end="12600.00" id="inductionLoop.N2" nVehContrib="6" flow="216.00" occupancy="2.63" speed="11.80" harmonicMeanSpeed="11.42" length="5.00" nVehEntered="6"/>
    <interval begin="12600.00" end="12700.00" id="inductionLoop.N2" nVehContrib="7" flow="252.00" occupancy="2.88" speed="12.42" harmonicMeanSpeed="12.14" length="5.00" nVehEntered="7"/>
    <interval begin="12700.00" end="12800.00" id="inductionLoop.N2" nVehContrib="4" flow="144.00" occupancy="1.80" speed="11.33" harmonicMeanSpeed="11.14" length="5.00" nVehEntered="4"/>
    <interval begin="12800.00" end="12900.00" id="inductionLoop.N2" nVehContrib="4" flow="144.00" occupancy="1.75" speed="12.24" harmonicMeanSpeed="12.17" length="5.00" nVehEntered="5"/>
    <interval begin="12900.00" end="13000.00" id="inductionLoop.N2" nVehContrib="3" flow="108.00" occupancy="1.86" speed="10.88" harmonicMeanSpeed="10.87" length="5.00" nVehEntered="4"/>
    <interval begin="13000.00" end="13100.00" id="inductionLoop.N2" nVehContrib="6" flow="216.00" occupancy="2.56" speed="12.04" harmonicMeanSpeed="11.74" length="5.00" nVehEntered="6"/>
    <interval begin="13100.00" end="13200.00" id="inductionLoop.N2" nVehContrib="3" flow="108.00" occupancy="1.23" speed="12.29" harmonicMeanSpeed="12.20" length="5.00" nVehEntered="3"/>
    <interval begin="13200.00" end="13300.00" id="inductionLoop.N2" nVehContrib="5" flow="180.00" occupancy="2.12" speed="12.35" harmonicMeanSpeed="11.80" length="5.00" nVehEntered="5"/>
    <interval begin="13300.00" end="13400.00" id="inductionLoop.N2" nVehContrib="4" flow="144.00" occupancy="1.63" speed="12.37" harmonicMeanSpeed="12.27" length="5.00" nVehEntered="4"/>
    <interval begin="13400.00" end="13500.00" id="inductionLoop.N2" nVehContrib="6" flow="216.00" occupancy="2.76" speed="11.27" harmonicMeanSpeed="10.87" length="5.00" nVehEntered="6"/>
    <interval begin="13500.00" end="13600.00" id="inductionLoop.N2" nVehContrib="4" flow="144.00" occupancy="1.97" speed="12.75" harmonicMeanSpeed="12.71" length="5.00" nVehEntered="5"/>
    <interval begin="13600.00" end="13700.00" id="inductionLoop.N2" nVehContrib="7" flow="252.00" occupancy="3.09" speed="11.83" harmonicMeanSpeed="11.55" length="5.00" nVehEntered="8"/>
    <interval begin="13700.00" end="13800.00" id="inductionLoop.N2" nVehContrib="3" flow="108.00" occupancy="1.27" speed="12.79" harmonicMeanSpeed="11.85" length="5.00" nVehEntered="3"/>
    <interval begin="13800.00" end="13900.00" id="inductionLoop.N2" nVehContrib="4" flow="144.00" occupancy="1.58" speed="12.69" harmonicMeanSpeed="12.65" length="5.00" nVehEntered="4"/>
    <interval begin="13900.00" end="14000.00" id="inductionLoop.N2" nVehContrib="1" flow="36.00" occupancy="0.41" speed="12.33" harmonicMeanSpeed="12.33" length="5.00" nVehEntered="1"/>
    <interval begin="14000.00" end="14100.00" id="inductionLoop.N2" nVehContrib="2" flow="72.00" occupancy="0.82" speed="12.33" harmonicMeanSpeed="12.22" length="5.00" nVehEntered="2"/>
    <interval begin="14100.00" end="14200.00" id="inductionLoop.N2" nVehContrib="3" flow="108.00" occupancy="1.14" speed="13.33" harmonicMeanSpeed="13.19" length="5.00" nVehEntered="3"/>
    <interval begin="14200.00" end="14300.00" id="inductionLoop.N2" nVehContrib="6" flow="216.00" occupancy="2.54" speed="12.26" harmonicMeanSpeed="12.18" length="5.00" nVehEntered="7"/>
    <interval begin="14300.00" end="14400.00" id="inductionLoop.N2" nVehContrib="1" flow="36.00" occupancy="0.48" speed="11.72" harmonicMeanSpeed="11.72" length="5.00" nVehEntered="3"/>
    <interval begin="14400.00" end="14500.00" id="inductionLoop.N2" nVehContrib="5" flow="180.00" occupancy="2.33" speed="10.71" harmonicMeanSpeed="10.57" length="5.00" nVehEntered="4"/>
    <interval begin="14500.00" end="14600.00" id="inductionLoop.N2" nVehContrib="6" flow="216.00" occupancy="2.92" speed="10.35" harmonicMeanSpeed="10.26" length="5.00" nVehEntered="6"/>
    <interval begin="14600.00" end="14700.00" id="inductionLoop.N2" nVehContrib="4" flow="144.00" occupancy="1.61" speed="12.46" harmonicMeanSpeed="12.43" length="5.00" nVehEntered="4"/>
    <interval begin="14700.00" end="14800.00" id="inductionLoop.N2" nVehContrib="7" flow="252.00" occupancy="3.30" speed="11.34" harmonicMeanSpeed="11.20" length="5.00" nVehEntered="8"/>
    <interval begin="14800.00" end="14900.00" id="inductionLoop.N2" nVehContrib="4" flow="144.00" occupancy="2.12" speed="11.37" harmonicMeanSpeed="11.27" length="5.00" nVehEntered="5"/>
    <interval begin="14900.00" end="15000.00" id="inductionLoop.N2" nVehContrib="2" flow="72.00" occupancy="1.00" speed="12.97" harmonicMeanSpeed="12.90" length="5.00" nVehEntered="3"/>
    <interval begin="15000.00" end="15100.00" id="inductionLoop.N2" nVehContrib="3" flow="108.00" occupancy="1.27" speed="12.03" harmonicMeanSpeed="11.82" length="5.00" nVehEntered="3"/>
    <interval begin="15100.00" end="15200.00" id="inductionLoop.N2" nVehContrib="3" flow="108.00" occupancy="1.19" speed="12.59" harmonicMeanSpeed="12.57" length="5.00" nVehEntered="3"/>
    <interval begin="15200.00" end="15300.00" id="inductionLoop.N2" nVehContrib="2" flow="72.00" occupancy="0.87" speed="11.49" harmonicMeanSpeed="11.49" length="5.00" nVehEntered="2"/>
    <interval begin="15300.00" end="15400.00" id="inductionLoop.N2" nVehContrib="3" flow="108.00" occupancy="1.22" speed="12.41" harmonicMeanSpeed="12.32" length="5.00" nVehEntered="3"/>
    <interval begin="15400.00" end="15500.00" id="inductionLoop.N2" nVehContrib="5" flow="180.00" occupancy="2.72" speed="10.31" harmonicMeanSpeed="9.87" length="5.00" nVehEntered="6"/>
    <interval begin="15500.00" end="15600.00" id="inductionLoop.N2" nVehContrib="4" flow="144.00" occupancy="1.67" speed="12.03" harmonicMeanSpeed="12.00" length="5.00" nVehEntered="4"/>
    <interval begin="15600.00" end="15700.00" id="inductionLoop.N2" nVehContrib="5" flow="180.00" occupancy="3.77" speed="9.38" harmonicMeanSpeed="6.63" length="5.00" nVehEntered="5"/>
    <interval begin="15700.00" end="15800.00" id="inductionLoop.N2" nVehContrib="3" flow="108.00" occupancy="2.28" speed="8.55" harmonicMeanSpeed="6.57" length="5.00" nVehEntered="3"/>
    <interval begin="15800.00" end="15900.00" id="inductionLoop.N2" nVehContrib="3" flow="108.00" occupancy="1.20" speed="12.70" harmonicMeanSpeed="12.49" length="5.00" nVehEntered="3"/>
    <interval begin="15900.00" end="16000.00" id="inductionLoop.N2" nVehContrib="3" flow="108.00" occupancy="1.20" speed="12.54" harmonicMeanSpeed="12.48" length="5.00" nVehEntered="3"/>
    <interval begin="16000.00" end="16100.00" id="inductionLoop.N2" nVehContrib="4" flow="144.00" occupancy="2.10" speed="10.40" harmonicMeanSpeed="10.22" length="5.00" nVehEntered="5"/>
    <interval begin="16100.00" end="16200.00" id="inductionLoop.N2" nVehContrib="3" flow="108.00" occupancy="1.25" speed="12.10" harmonicMeanSpeed="12.04" length="5.00" nVehEntered="3"/>
    <interval begin="16200.00" end="16300.00" id="inductionLoop.N2" nVehContrib="7" flow="252.00" occupancy="3.26" speed="11.10" harmonicMeanSpeed="10.73" length="5.00" nVehEntered="7"/>
    <interval begin="16300.00" end="16400.00" id="inductionLoop.N2" nVehContrib="4" flow="144.00" occupancy="2.46" speed="9.80" harmonicMeanSpeed="9.78" length="5.00" nVehEntered="6"/>
    <interval begin="16400.00" end="16500.00" id="inductionLoop.N2" nVehContrib="3" flow="108.00" occupancy="1.28" speed="11.61" harmonicMeanSpeed="11.58" length="5.00" nVehEntered="2"/>
    <interval begin="16500.00" end="16600.00" id="inductionLoop.N2" nVehContrib="5" flow="180.00" occupancy="2.23" speed="11.46" harmonicMeanSpeed="11.22" length="5.00" nVehEntered="5"/>
    <interval begin="16600.00" end="16700.00" id="inductionLoop.N2" nVehContrib="3" flow="108.00" occupancy="1.16" speed="12.89" harmonicMeanSpeed="12.88" length="5.00" nVehEntered="3"/>
    <interval begin="16700.00" end="16800.00" id="inductionLoop.N2" nVehContrib="7" flow="252.00" occupancy="2.78" speed="12.63" harmonicMeanSpeed="12.59" length="5.00" nVehEntered="7"/>
    <interval begin="16800.00" end="16900.00" id="inductionLoop.N2" nVehContrib="3" flow="108.00" occupancy="1.76" speed="11.12" harmonicMeanSpeed="10.74" length="5.00" nVehEntered="4"/>
    <interval begin="16900.00" end="17000.00" id="inductionLoop.N2" nVehContrib="9" flow="324.00" occupancy="4.08" speed="11.46" harmonicMeanSpeed="11.04" length="5.00" nVehEntered="9"/>
    <interval begin="17000.00" end="17100.00" id="inductionLoop.N2" nVehContrib="4" flow="144.00" occupancy="1.83" speed="12.94" harmonicMeanSpeed="12.71" length="5.00" nVehEntered="5"/>
    <interval begin="17100.00" end="17200.00" id="inductionLoop.N2" nVehContrib="4" flow="144.00" occupancy="1.94" speed="10.71" harmonicMeanSpeed="10.31" length="5.00" nVehEntered="4"/>
    <interval begin="17200.00" end="17300.00" id="inductionLoop.N2" nVehContrib="6" flow="216.00" occupancy="3.57" speed="9.75" harmonicMeanSpeed="9.61" length="5.00" nVehEntered="7"/>
    <interval begin="17300.00" end="17400.00" id="inductionLoop.N2" nVehContrib="4" flow="144.00" occupancy="1.93" speed="10.52" harmonicMeanSpeed="10.34" length="5.00" nVehEntered="4"/>
    <interval begin="17400.00" end="17500.00" id="inductionLoop.N2" nVehContrib="3" flow="108.00" occupancy="1.50" speed="12.73" harmonicMeanSpeed="12.68" length="5.00" nVehEntered="5"/>
    <interval begin="17500.00" end="17600.00" id="inductionLoop.N2" nVehContrib="6" flow="216.00" occupancy="2.31" speed="13.03" harmonicMeanSpeed="13.00" length="5.00" nVehEntered="6"/>
    <interval begin="17600.00" end="17700.00" id="inductionLoop.N2" nVehContrib="8" flow="288.00" occupancy="4.00" speed="10.34" harmonicMeanSpeed="10.05" length="5.00" nVehEntered="9"/>
    <interval begin="17700.00" end="17800.00" id="inductionLoop.N2" nVehContrib="4" flow="144.00" occupancy="2.51" speed="8.80" harmonicMeanSpeed="7.96" length="5.00" nVehEntered="4"/>
    <interval begin="17800.00" end="17900.00" id="inductionLoop.N2" nVehContrib="5" flow="180.00" occupancy="3.29" speed="11.29" harmonicMeanSpeed="10.99" length="5.00" nVehEntered="7"/>
    <interval begin="17900.00" end="18000.00" id="inductionLoop.N2" nVehContrib="7" flow="252.00" occupancy="3.07" speed="11.66" harmonicMeanSpeed="11.41" length="5.00" nVehEntered="7"/>
    <interval begin="18000.00" end="18100.00" id="inductionLoop.N2" nVehContrib="3" flow="108.00" occupancy="1.31" speed="11.51" harmonicMeanSpeed="11.41" length="5.00" nVehEntered="3"/>
    <interval begin="18100.00" end="18200.00" id="inductionLoop.N2" nVehContrib="11" flow="396.00" occupancy="5.26" speed="10.75" harmonicMeanSpeed="10.45" length="5.00" nVehEntered="11"/>
    <interval begin="18200.00" end="18300.00" id="inductionLoop.N2" nVehContrib="4" flow="144.00" occupancy="2.35" speed="8.80" harmonicMeanSpeed="8.52" length="5.00" nVehEntered="4"/>
    <interval begin="18300.00" end="18400.00" id="inductionLoop.N2" nVehContrib="7" flow="252.00" occupancy="3.21" speed="11.18" harmonicMeanSpeed="11.00" length="5.00" nVehEntered="8"/>
    <interval begin="18400.00" end="18500.00" id="inductionLoop.N2" nVehContrib="9" flow="324.00" occupancy="15.89" speed="7.20" harmonicMeanSpeed="2.83" length="5.00" nVehEntered="9"/>
    <interval begin="18500.00" end="18600.00" id="inductionLoop.N2" nVehContrib="7" flow="252.00" occupancy="12.90" speed="5.71" harmonicMeanSpeed="2.77" length="5.00" nVehEntered="8"/>
    <interval begin="18600.00" end="18700.00" id="inductionLoop.N2" nVehContrib="5" flow="180.00" occupancy="2.36" speed="10.74" harmonicMeanSpeed="10.61" length="5.00" nVehEntered="5"/>
    <interval begin="18700.00" end="18800.00" id="inductionLoop.N2" nVehContrib="6" flow="216.00" occupancy="11.13" speed="4.23" harmonicMeanSpeed="2.69" length="5.00" nVehEntered="6"/>
    <interval begin="18800.00" end="18900.00" id="inductionLoop.N2" nVehContrib="9" flow="324.00" occupancy="9.51" speed="9.07" harmonicMeanSpeed="4.79" length="5.00" nVehEntered="10"/>
    <interval begin="18900.00" end="19000.00" id="inductionLoop.N2" nVehContrib="7" flow="252.00" occupancy="6.95" speed="6.83" harmonicMeanSpeed="5.43" length="5.00" nVehEntered="9"/>
    <interval begin="19000.00" end="19100.00" id="inductionLoop.N2" nVehContrib="5" flow="180.00" occupancy="2.49" speed="11.55" harmonicMeanSpeed="11.50" length="5.00" nVehEntered="6"/>
    <interval begin="19100.00" end="19200.00" id="inductionLoop.N2" nVehContrib="6" flow="216.00" occupancy="4.68" speed="8.40" harmonicMeanSpeed="6.07" length="5.00" nVehEntered="6"/>
    <interval begin="19200.00" end="19300.00" id="inductionLoop.N2" nVehContrib="7" flow="252.00" occupancy="18.32" speed="9.40" harmonicMeanSpeed="1.91" length="5.00" nVehEntered="7"/>
    <interval begin="19300.00" end="19400.00" id="inductionLoop.N2" nVehContrib="6" flow="216.00" occupancy="3.00" speed="10.25" harmonicMeanSpeed="9.99" length="5.00" nVehEntered="6"/>
    <interval begin="19400.00" end="19500.00" id="inductionLoop.N2" nVehContrib="6" flow="216.00" occupancy="2.72" speed="11.71" harmonicMeanSpeed="11.01" length="5.00" nVehEntered="6"/>
    <interval begin="19500.00" end="19600.00" id="inductionLoop.N2" nVehContrib="4" flow="144.00" occupancy="16.96" speed="8.18" harmonicMeanSpeed="5.66" length="5.00" nVehEntered="6"/>
    <interval begin="19600.00" end="19700.00" id="inductionLoop.N2" nVehContrib="9" flow="324.00" occupancy="30.28" speed="6.82" harmonicMeanSpeed="1.07" length="5.00" nVehEntered="9"/>
    <interval begin="19700.00" end="19800.00" id="inductionLoop.N2" nVehContrib="6" flow="216.00" occupancy="5.87" speed="8.45" harmonicMeanSpeed="6.18" length="5.00" nVehEntered="7"/>
    <interval begin="19800.00" end="19900.00" id="inductionLoop.N2" nVehContrib="9" flow="324.00" occupancy="12.05" speed="7.02" harmonicMeanSpeed="3.97" length="5.00" nVehEntered="10"/>
    <interval begin="19900.00" end="20000.00" id="inductionLoop.N2" nVehContrib="7" flow="252.00" occupancy="10.51" speed="6.54" harmonicMeanSpeed="3.66" length="5.00" nVehEntered="8"/>
    <interval begin="20000.00" end="20100.00" id="inductionLoop.N2" nVehContrib="7" flow="252.00" occupancy="13.83" speed="10.70" harmonicMeanSpeed="10.40" length="5.00" nVehEntered="10"/>
    <interval begin="20100.00" end="20200.00" id="inductionLoop.N2" nVehContrib="14" flow="504.00" occupancy="26.89" speed="7.17" harmonicMeanSpeed="1.93" length="5.00" nVehEntered="14"/>
    <interval begin="20200.00" end="20300.00" id="inductionLoop.N2" nVehContrib="11" flow="396.00" occupancy="30.69" speed="6.05" harmonicMeanSpeed="1.86" length="5.00" nVehEntered="12"/>
    <interval begin="20300.00" end="20400.00" id="inductionLoop.N2" nVehContrib="9" flow="324.00" occupancy="17.85" speed="8.97" harmonicMeanSpeed="2.52" length="5.00" nVehEntered="9"/>
    <interval begin="20400.00" end="20500.00" id="inductionLoop.N2" nVehContrib="13" flow="468.00" occupancy="8.53" speed="9.97" harmonicMeanSpeed="7.83" length="5.00" nVehEntered="14"/>
    <interval begin="20500.00" end="20600.00" id="inductionLoop.N2" nVehContrib="5" flow="180.00" occupancy="27.17" speed="3.81" harmonicMeanSpeed="0.97" length="5.00" nVehEntered="7"/>
    <interval begin="20600.00" end="20700.00" id="inductionLoop.N2" nVehContrib="7" flow="252.00" occupancy="10.30" speed="4.46" harmonicMeanSpeed="3.77" length="5.00" nVehEntered="8"/>
    <interval begin="20700.00" end="20800.00" id="inductionLoop.N2" nVehContrib="7" flow="252.00" occupancy="8.12" speed="5.42" harmonicMeanSpeed="4.59" length="5.00" nVehEntered="8"/>
    <interval begin="20800.00" end="20900.00" id="inductionLoop.N2" nVehContrib="7" flow="252.00" occupancy="32.27" speed="4.58" harmonicMeanSpeed="3.26" length="5.00" nVehEntered="7"/>
    <interval begin="20900.00" end="21000.00" id="inductionLoop.N2" nVehContrib="9" flow="324.00" occupancy="34.33" speed="5.19" harmonicMeanSpeed="0.81" length="5.00" nVehEntered="9"/>
    <interval begin="21000.00" end="21100.00" id="inductionLoop.N2" nVehContrib="7" flow="252.00" occupancy="21.59" speed="8.38" harmonicMeanSpeed="1.63" length="5.00" nVehEntered="8"/>
    <interval begin="21100.00" end="21200.00" id="inductionLoop.N2" nVehContrib="6" flow="216.00" occupancy="24.90" speed="7.80" harmonicMeanSpeed="1.21" length="5.00" nVehEntered="6"/>
    <interval begin="21200.00" end="21300.00" id="inductionLoop.N2" nVehContrib="8" flow="288.00" occupancy="8.29" speed="6.80" harmonicMeanSpeed="4.82" length="5.00" nVehEntered="8"/>
    <interval begin="21300.00" end="21400.00" id="inductionLoop.N2" nVehContrib="6" flow="216.00" occupancy="23.16" speed="4.44" harmonicMeanSpeed="3.32" length="5.00" nVehEntered="7"/>
    <interval begin="21400.00" end="21500.00" id="inductionLoop.N2" nVehContrib="11" flow="396.00" occupancy="30.44" speed="4.46" harmonicMeanSpeed="1.23" length="5.00" nVehEntered="10"/>
    <interval begin="21500.00" end="21600.00" id="inductionLoop.N2" nVehContrib="7" flow="252.00" occupancy="44.57" speed="4.90" harmonicMeanSpeed="4.24" length="5.00" nVehEntered="8"/>
    <interval begin="21600.00" end="21700.00" id="inductionLoop.N2" nVehContrib="12" flow="432.00" occupancy="24.86" speed="5.07" harmonicMeanSpeed="0.98" length="5.00" nVehEntered="11"/>
    <interval begin="21700.00" end="21800.00" id="inductionLoop.N2" nVehContrib="9" flow="324.00" occupancy="14.93" speed="4.64" harmonicMeanSpeed="3.01" length="5.00" nVehEntered="9"/>
    <interval begin="21800.00" end="21900.00" id="inductionLoop.N2" nVehContrib="3" flow="108.00" occupancy="6.17" speed="3.11" harmonicMeanSpeed="2.43" length="5.00" nVehEntered="3"/>
    <interval begin="21900.00" end="22000.00" id="inductionLoop.N2" nVehContrib="16" flow="576.00" occupancy="51.60" speed="6.72" harmonicMeanSpeed="1.55" length="5.00" nVehEntered="16"/>
    <interval begin="22000.00" end="22100.00" id="inductionLoop.N2" nVehContrib="6" flow="216.00" occupancy="9.24" speed="4.57" harmonicMeanSpeed="3.25" length="5.00" nVehEntered="6"/>
    <interval begin="22100.00" end="22200.00" id="inductionLoop.N2" nVehContrib="9" flow="324.00" occupancy="13.52" speed="5.72" harmonicMeanSpeed="3.45" length="5.00" nVehEntered="10"/>
    <interval begin="22200.00" end="22300.00" id="inductionLoop.N2" nVehContrib="8" flow="288.00" occupancy="50.44" speed="5.70" harmonicMeanSpeed="0.79" length="5.00" nVehEntered="8"/>
    <interval begin="22300.00" end="22400.00" id="inductionLoop.N2" nVehContrib="7" flow="252.00" occupancy="12.94" speed="4.70" harmonicMeanSpeed="2.70" length="5.00" nVehEntered="7"/>
    <interval begin="22400.00" end="22500.00" id="inductionLoop.N2" nVehContrib="14" flow="504.00" occupancy="20.08" speed="5.28" harmonicMeanSpeed="3.49" length="5.00" nVehEntered="14"/>
    <interval begin="22500.00" end="22600.00" id="inductionLoop.N2" nVehContrib="13" flow="468.00" occupancy="14.92" speed="6.73" harmonicMeanSpeed="4.36" length="5.00" nVehEntered="13"/>
    <interval begin="22600.00" end="22700.00" id="inductionLoop.N2" nVehContrib="8" flow="288.00" occupancy="7.25" speed="6.80" harmonicMeanSpeed="5.52" length="5.00" nVehEntered="8"/>
    <interval begin="22700.00" end="22800.00" id="inductionLoop.N2" nVehContrib="9" flow="324.00" occupancy="60.42" speed="5.99" harmonicMeanSpeed="0.74" length="5.00" nVehEntered="9"/>
    <interval begin="22800.00" end="22900.00" id="inductionLoop.N2" nVehContrib="18" flow="648.00" occupancy="61.69" speed="7.66" harmonicMeanSpeed="1.46" length="5.00" nVehEntered="18"/>
    <interval begin="22900.00" end="23000.00" id="inductionLoop.N2" nVehContrib="7" flow="252.00" occupancy="49.21" speed="4.64" harmonicMeanSpeed="0.71" length="5.00" nVehEntered="7"/>
    <interval begin="23000.00" end="23100.00" id="inductionLoop.N2" nVehContrib="7" flow="252.00" occupancy="11.82" speed="4.86" harmonicMeanSpeed="2.96" length="5.00" nVehEntered="7"/>
    <interval begin="23100.00" end="23200.00" id="inductionLoop.N2" nVehContrib="9" flow="324.00" occupancy="14.77" speed="4.71" harmonicMeanSpeed="3.05" length="5.00" nVehEntered="9"/>
    <interval begin="23200.00" end="23300.00" id="inductionLoop.N2" nVehContrib="11" flow="396.00" occupancy="12.24" speed="6.88" harmonicMeanSpeed="4.61" length="5.00" nVehEntered="12"/>
    <interval begin="23300.00" end="23400.00" id="inductionLoop.N2" nVehContrib="16" flow="576.00" occupancy="61.15" speed="7.15" harmonicMeanSpeed="1.30" length="5.00" nVehEntered="15"/>
    <interval begin="23400.00" end="23500.00" id="inductionLoop.N2" nVehContrib="11" flow="396.00" occupancy="20.58" speed="5.86" harmonicMeanSpeed="4.31" length="5.00" nVehEntered="12"/>
    <interval begin="23500.00" end="23600.00" id="inductionLoop.N2" nVehContrib="11" flow="396.00" occupancy="66.33" speed="5.59" harmonicMeanSpeed="0.92" length="5.00" nVehEntered="11"/>
    <interval begin="23600.00" end="23700.00" id="inductionLoop.N2" nVehContrib="15" flow="540.00" occupancy="73.47" speed="8.32" harmonicMeanSpeed="1.28" length="5.00" nVehEntered="15"/>
    <interval begin="23700.00" end="23800.00" id="inductionLoop.N2" nVehContrib="12" flow="432.00" occupancy="29.85" speed="5.76" harmonicMeanSpeed="1.01" length="5.00" nVehEntered="12"/>
    <interval begin="23800.00" end="23900.00" id="inductionLoop.N2" nVehContrib="8" flow="288.00" occupancy="38.03" speed="6.34" harmonicMeanSpeed="4.74" length="5.00" nVehEntered="8"/>
    <interval begin="23900.00" end="24000.00" id="inductionLoop.N2" nVehContrib="11" flow="396.00" occupancy="32.56" speed="4.47" harmonicMeanSpeed="0.88" length="5.00" nVehEntered="10"/>
    <interval begin="24000.00" end="24100.00" id="inductionLoop.N2" nVehContrib="8" flow="288.00" occupancy="11.37" speed="5.30" harmonicMeanSpeed="3.52" length="5.00" nVehEntered="8"/>
    <interval begin="24100.00" end="24200.00" id="inductionLoop.N2" nVehContrib="13" flow="468.00" occupancy="43.76" speed="4.48" harmonicMeanSpeed="1.49" length="5.00" nVehEntered="14"/>
    <interval begin="24200.00" end="24300.00" id="inductionLoop.N2" nVehContrib="14" flow="504.00" occupancy="51.95" speed="5.64" harmonicMeanSpeed="1.35" length="5.00" nVehEntered="14"/>
    <interval begin="24300.00" end="24400.00" id="inductionLoop.N2" nVehContrib="7" flow="252.00" occupancy="7.04" speed="6.06" harmonicMeanSpeed="4.97" length="5.00" nVehEntered="7"/>
    <interval begin="24400.00" end="24500.00" id="inductionLoop.N2" nVehContrib="9" flow="324.00" occupancy="48.38" speed="5.34" harmonicMeanSpeed="3.32" length="5.00" nVehEntered="10"/>
    <interval begin="24500.00" end="24600.00" id="inductionLoop.N2" nVehContrib="23" flow="828.00" occupancy="61.47" speed="6.25" harmonicMeanSpeed="1.22" length="5.00" nVehEntered="23"/>
    <interval begin="24600.00" end="24700.00" id="inductionLoop.N2" nVehContrib="15" flow="540.00" occupancy="66.06" speed="4.03" harmonicMeanSpeed="1.25" length="5.00" nVehEntered="15"/>
    <interval begin="24700.00" end="24800.00" id="inductionLoop.N2" nVehContrib="9" flow="324.00" occupancy="38.60" speed="5.85" harmonicMeanSpeed="0.95" length="5.00" nVehEntered="8"/>
    <interval begin="24800.00" end="24900.00" id="inductionLoop.N2" nVehContrib="15" flow="540.00" occupancy="62.76" speed="5.94" harmonicMeanSpeed="1.20" length="5.00" nVehEntered="15"/>
    <interval begin="24900.00" end="25000.00" id="inductionLoop.N2" nVehContrib="17" flow="612.00" occupancy="19.09" speed="6.29" harmonicMeanSpeed="4.45" length="5.00" nVehEntered="17"/>
    <interval begin="25000.00" end="25100.00" id="inductionLoop.N2" nVehContrib="13" flow="468.00" occupancy="16.28" speed="6.26" harmonicMeanSpeed="3.99" length="5.00" nVehEntered="13"/>
    <interval begin="25100.00" end="25200.00" id="inductionLoop.N2" nVehContrib="14" flow="504.00" occupancy="33.43" speed="6.67" harmonicMeanSpeed="5.07" length="5.00" nVehEntered="15"/>
    <interval begin="25200.00" end="25300.00" id="inductionLoop.N2" nVehContrib="12" flow="432.00" occupancy="74.34" speed="5.72" harmonicMeanSpeed="1.09" length="5.00" nVehEntered="12"/>
    <interval begin="25300.00" end="25400.00" id="inductionLoop.N2" nVehContrib="15" flow="540.00" occupancy="64.30" speed="5.59" harmonicMeanSpeed="1.28" length="5.00" nVehEntered="15"/>
    <interval begin="25400.00" end="25500.00" id="inductionLoop.N2" nVehContrib="14" flow="504.00" occupancy="10.30" speed="7.60" harmonicMeanSpeed="1.27" length="5.00" nVehEntered="13"/>
    <interval begin="25500.00" end="25600.00" id="inductionLoop.N2" nVehContrib="8" flow="288.00" occupancy="9.27" speed="6.58" harmonicMeanSpeed="4.32" length="5.00" nVehEntered="8"/>
    <interval begin="25600.00" end="25700.00" id="inductionLoop.N2" nVehContrib="13" flow="468.00" occupancy="13.76" speed="5.97" harmonicMeanSpeed="4.72" length="5.00" nVehEntered="13"/>
    <interval begin="25700.00" end="25800.00" id="inductionLoop.N2" nVehContrib="13" flow="468.00" occupancy="15.67" speed="5.88" harmonicMeanSpeed="4.15" length="5.00" nVehEntered="13"/>
    <interval begin="25800.00" end="25900.00" id="inductionLoop.N2" nVehContrib="14" flow="504.00" occupancy="14.13" speed="6.72" harmonicMeanSpeed="4.95" length="5.00" nVehEntered="14"/>
    <interval begin="25900.00" end="26000.00" id="inductionLoop.N2" nVehContrib="9" flow="324.00" occupancy="63.59" speed="6.75" harmonicMeanSpeed="0.71" length="5.00" nVehEntered="9"/>
    <interval begin="26000.00" end="26100.00" id="inductionLoop.N2" nVehContrib="12" flow="432.00" occupancy="17.96" speed="5.09" harmonicMeanSpeed="3.34" length="5.00" nVehEntered="12"/>
    <interval begin="26100.00" end="26200.00" id="inductionLoop.N2" nVehContrib="16" flow="576.00" occupancy="17.03" speed="5.75" harmonicMeanSpeed="4.70" length="5.00" nVehEntered="16"/>
    <interval begin="26200.00" end="26300.00" id="inductionLoop.N2" nVehContrib="18" flow="648.00" occupancy="15.58" speed="7.93" harmonicMeanSpeed="5.78" length="5.00" nVehEntered="18"/>
    <interval begin="26300.00" end="26400.00" id="inductionLoop.N2" nVehContrib="5" flow="180.00" occupancy="11.85" speed="2.87" harmonicMeanSpeed="2.11" length="5.00" nVehEntered="5"/>
    <interval begin="26400.00" end="26500.00" id="inductionLoop.N2" nVehContrib="6" flow="216.00" occupancy="11.90" speed="3.65" harmonicMeanSpeed="2.52" length="5.00" nVehEntered="6"/>
    <interval begin="26500.00" end="26600.00" id="inductionLoop.N2" nVehContrib="12" flow="432.00" occupancy="20.14" speed="5.65" harmonicMeanSpeed="2.98" length="5.00" nVehEntered="12"/>
    <interval begin="26600.00" end="26700.00" id="inductionLoop.N2" nVehContrib="3" flow="108.00" occupancy="7.82" speed="3.09" harmonicMeanSpeed="1.92" length="5.00" nVehEntered="3"/>
    <interval begin="26700.00" end="26800.00" id="inductionLoop.N2" nVehContrib="10" flow="360.00" occupancy="13.11" speed="5.24" harmonicMeanSpeed="3.81" length="5.00" nVehEntered="10"/>
    <interval begin="26800.00" end="26900.00" id="inductionLoop.N2" nVehContrib="12" flow="432.00" occupancy="73.20" speed="4.32" harmonicMeanSpeed="1.04" length="5.00" nVehEntered="13"/>
    <interval begin="26900.00" end="27000.00" id="inductionLoop.N2" nVehContrib="11" flow="396.00" occupancy="69.64" speed="4.34" harmonicMeanSpeed="0.64" length="5.00" nVehEntered="10"/>
    <interval begin="27000.00" end="27100.00" id="inductionLoop.N2" nVehContrib="9" flow="324.00" occupancy="68.98" speed="4.22" harmonicMeanSpeed="0.68" length="5.00" nVehEntered="10"/>
    <interval begin="27100.00" end="27200.00" id="inductionLoop.N2" nVehContrib="7" flow="252.00" occupancy="60.10" speed="3.69" harmonicMeanSpeed="0.58" length="5.00" nVehEntered="7"/>
    <interval begin="27200.00" end="27300.00" id="inductionLoop.N2" nVehContrib="8" flow="288.00" occupancy="37.61" speed="5.14" harmonicMeanSpeed="1.74" length="5.00" nVehEntered="10"/>
    <interval begin="27300.00" end="27400.00" id="inductionLoop.N2" nVehContrib="10" flow="360.00" occupancy="28.37" speed="5.72" harmonicMeanSpeed="1.20" length="5.00" nVehEntered="11"/>
    <interval begin="27400.00" end="27500.00" id="inductionLoop.N2" nVehContrib="8" flow="288.00" occupancy="11.74" speed="4.23" harmonicMeanSpeed="3.16" length="5.00" nVehEntered="7"/>
    <interval begin="27500.00" end="27600.00" id="inductionLoop.N2" nVehContrib="7" flow="252.00" occupancy="47.30" speed="4.90" harmonicMeanSpeed="3.68" length="5.00" nVehEntered="8"/>
    <interval begin="27600.00" end="27700.00" id="inductionLoop.N2" nVehContrib="13" flow="468.00" occupancy="21.46" speed="6.23" harmonicMeanSpeed="1.10" length="5.00" nVehEntered="12"/>
    <interval begin="27700.00" end="27800.00" id="inductionLoop.N2" nVehContrib="17" flow="612.00" occupancy="44.57" speed="6.73" harmonicMeanSpeed="5.68" length="5.00" nVehEntered="18"/>
    <interval begin="27800.00" end="27900.00" id="inductionLoop.N2" nVehContrib="15" flow="540.00" occupancy="48.17" speed="6.27" harmonicMeanSpeed="1.10" length="5.00" nVehEntered="15"/>
    <interval begin="27900.00" end="28000.00" id="inductionLoop.N2" nVehContrib="13" flow="468.00" occupancy="64.15" speed="8.27" harmonicMeanSpeed="0.98" length="5.00" nVehEntered="13"/>
    <interval begin="28000.00" end="28100.00" id="inductionLoop.N2" nVehContrib="4" flow="144.00" occupancy="23.56" speed="2.18" harmonicMeanSpeed="0.64" length="5.00" nVehEntered="3"/>
    <interval begin="28100.00" end="28200.00" id="inductionLoop.N2" nVehContrib="12" flow="432.00" occupancy="55.35" speed="5.83" harmonicMeanSpeed="3.35" length="5.00" nVehEntered="13"/>
    <interval begin="28200.00" end="28300.00" id="inductionLoop.N2" nVehContrib="11" flow="396.00" occupancy="47.95" speed="5.09" harmonicMeanSpeed="0.97" length="5.00" nVehEntered="11"/>
    <interval begin="28300.00" end="28400.00" id="inductionLoop.N2" nVehContrib="9" flow="324.00" occupancy="43.81" speed="5.10" harmonicMeanSpeed="0.73" length="5.00" nVehEntered="10"/>
    <interval begin="28400.00" end="28500.00" id="inductionLoop.N2" nVehContrib="5" flow="180.00" occupancy="19.26" speed="5.60" harmonicMeanSpeed="0.83" length="5.00" nVehEntered="4"/>
    <interval begin="28500.00" end="28600.00" id="inductionLoop.N2" nVehContrib="6" flow="216.00" occupancy="4.79" speed="10.14" harmonicMeanSpeed="7.34" length="5.00" nVehEntered="8"/>
    <interval begin="28600.00" end="28700.00" id="inductionLoop.N2" nVehContrib="5" flow="180.00" occupancy="48.96" speed="3.96" harmonicMeanSpeed="0.95" length="5.00" nVehEntered="8"/>
    <interval begin="28700.00" end="28800.00" id="inductionLoop.N2" nVehContrib="7" flow="252.00" occupancy="26.49" speed="5.28" harmonicMeanSpeed="0.81" length="5.00" nVehEntered="7"/>
    <interval begin="28800.00" end="28900.00" id="inductionLoop.N2" nVehContrib="8" flow="288.00" occupancy="4.74" speed="10.30" harmonicMeanSpeed="8.45" length="5.00" nVehEntered="8"/>
    <interval begin="28900.00" end="29000.00" id="inductionLoop.N2" nVehContrib="9" flow="324.00" occupancy="19.05" speed="8.35" harmonicMeanSpeed="2.36" length="5.00" nVehEntered="9"/>
    <interval begin="29000.00" end="29100.00" id="inductionLoop.N2" nVehContrib="8" flow="288.00" occupancy="6.80" speed="7.24" harmonicMeanSpeed="5.88" length="5.00" nVehEntered="8"/>
    <interval begin="29100.00" end="29200.00" id="inductionLoop.N2" nVehContrib="10" flow="360.00" occupancy="13.23" speed="8.08" harmonicMeanSpeed="3.78" length="5.00" nVehEntered="10"/>
    <interval begin="29200.00" end="29300.00" id="inductionLoop.N2" nVehContrib="10" flow="360.00" occupancy="13.27" speed="9.14" harmonicMeanSpeed="3.84" length="5.00" nVehEntered="11"/>
    <interval begin="29300.00" end="29400.00" id="inductionLoop.N2" nVehContrib="11" flow="396.00" occupancy="20.38" speed="8.65" harmonicMeanSpeed="7.03" length="5.00" nVehEntered="13"/>
    <interval begin="29400.00" end="29500.00" id="inductionLoop.N2" nVehContrib="8" flow="288.00" occupancy="58.98" speed="4.08" harmonicMeanSpeed="0.93" length="5.00" nVehEntered="8"/>
    <interval begin="29500.00" end="29600.00" id="inductionLoop.N2" nVehContrib="5" flow="180.00" occupancy="8.47" speed="6.68" harmonicMeanSpeed="0.68" length="5.00" nVehEntered="4"/>
    <interval begin="29600.00" end="29700.00" id="inductionLoop.N2" nVehContrib="4" flow="144.00" occupancy="1.66" speed="12.15" harmonicMeanSpeed="12.07" length="5.00" nVehEntered="4"/>
    <interval begin="29700.00" end="29800.00" id="inductionLoop.N2" nVehContrib="8" flow="288.00" occupancy="5.40" speed="10.16" harmonicMeanSpeed="8.89" length="5.00" nVehEntered="9"/>
    <interval begin="29800.00" end="29900.00" id="inductionLoop.N2" nVehContrib="7" flow="252.00" occupancy="3.49" speed="10.32" harmonicMeanSpeed="10.03" length="5.00" nVehEntered="7"/>
    <interval begin="29900.00" end="30000.00" id="inductionLoop.N2" nVehContrib="7" flow="252.00" occupancy="5.59" speed="11.07" harmonicMeanSpeed="10.81" length="5.00" nVehEntered="12"/>
    <interval begin="30000.00" end="30100.00" id="inductionLoop.N2" nVehContrib="4" flow="144.00" occupancy="2.63" speed="8.87" harmonicMeanSpeed="6.26" length="5.00" nVehEntered="4"/>
    <interval begin="30100.00" end="30200.00" id="inductionLoop.N2" nVehContrib="6" flow="216.00" occupancy="2.55" speed="12.04" harmonicMeanSpeed="11.76" length="5.00" nVehEntered="6"/>
    <interval begin="30200.00" end="30300.00" id="inductionLoop.N2" nVehContrib="7" flow="252.00" occupancy="3.13" speed="11.49" harmonicMeanSpeed="11.18" length="5.00" nVehEntered="7"/>
    <interval begin="30300.00" end="30400.00" id="inductionLoop.N2" nVehContrib="3" flow="108.00" occupancy="1.30" speed="11.63" harmonicMeanSpeed="11.57" length="5.00" nVehEntered="3"/>
    <interval begin="30400.00" end="30500.00" id="inductionLoop.N2" nVehContrib="6" flow="216.00" occupancy="3.17" speed="10.88" harmonicMeanSpeed="10.54" length="5.00" nVehEntered="7"/>
    <interval begin="30500.00" end="30600.00" id="inductionLoop.N2" nVehContrib="8" flow="288.00" occupancy="7.43" speed="9.00" harmonicMeanSpeed="5.39" length="5.00" nVehEntered="8"/>
    <interval begin="30600.00" end="30700.00" id="inductionLoop.N2" nVehContrib="5" flow="180.00" occupancy="5.29" speed="7.38" harmonicMeanSpeed="4.72" length="5.00" nVehEntered="5"/>
    <interval begin="30700.00" end="30800.00" id="inductionLoop.N2" nVehContrib="0" flow="0.00" occupancy="0.00" speed="-1.00" harmonicMeanSpeed="-1.00" length="-1.00" nVehEntered="0"/>
    <interval begin="30800.00" end="30900.00" id="inductionLoop.N2" nVehContrib="0" flow="0.00" occupancy="0.00" speed="-1.00" harmonicMeanSpeed="-1.00" length="-1.00" nVehEntered="0"/>
    <interval begin="30900.00" end="31000.00" id="inductionLoop.N2" nVehContrib="0" flow="0.00" occupancy="0.00" speed="-1.00" harmonicMeanSpeed="-1.00" length="-1.00" nVehEntered="0"/>
    <interval begin="31000.00" end="31100.00" id="inductionLoop.N2" nVehContrib="0" flow="0.00" occupancy="0.00" speed="-1.00" harmonicMeanSpeed="-1.00" length="-1.00" nVehEntered="0"/>
    <interval begin="31100.00" end="31200.00" id="inductionLoop.N2" nVehContrib="0" flow="0.00" occupancy="0.00" speed="-1.00" harmonicMeanSpeed="-1.00" length="-1.00" nVehEntered="0"/>
    <interval begin="31200.00" end="31300.00" id="inductionLoop.N2" nVehContrib="0" flow="0.00" occupancy="0.00" speed="-1.00" harmonicMeanSpeed="-1.00" length="-1.00" nVehEntered="0"/>
    <interval begin="31300.00" end="31400.00" id="inductionLoop.N2" nVehContrib="0" flow="0.00" occupancy="0.00" speed="-1.00" harmonicMeanSpeed="-1.00" length="-1.00" nVehEntered="0"/>
    <interval begin="31400.00" end="31500.00" id="inductionLoop.N2" nVehContrib="0" flow="0.00" occupancy="0.00" speed="-1.00" harmonicMeanSpeed="-1.00" length="-1.00" nVehEntered="0"/>
    <interval begin="31500.00" end="31600.00" id="inductionLoop.N2" nVehContrib="0" flow="0.00" occupancy="0.00" speed="-1.00" harmonicMeanSpeed="-1.00" length="-1.00" nVehEntered="0"/>
    <interval begin="31600.00" end="31700.00" id="inductionLoop.N2" nVehContrib="2" flow="72.00" occupancy="0.77" speed="12.94" harmonicMeanSpeed="12.93" length="5.00" nVehEntered="2"/>
    <interval begin="31700.00" end="31800.00" id="inductionLoop.N2" nVehContrib="1" flow="36.00" occupancy="0.44" speed="11.41" harmonicMeanSpeed="11.41" length="5.00" nVehEntered="1"/>
    <interval begin="31800.00" end="31900.00" id="inductionLoop.N2" nVehContrib="1" flow="36.00" occupancy="0.38" speed="13.19" harmonicMeanSpeed="13.19" length="5.00" nVehEntered="1"/>
    <interval begin="31900.00" end="32000.00" id="inductionLoop.N2" nVehContrib="6" flow="216.00" occupancy="2.55" speed="12.17" harmonicMeanSpeed="11.76" length="5.00" nVehEntered="6"/>
    <interval begin="32000.00" end="32100.00" id="inductionLoop.N2" nVehContrib="3" flow="108.00" occupancy="1.20" speed="12.63" harmonicMeanSpeed="12.53" length="5.00" nVehEntered="3"/>
    <interval begin="32100.00" end="32200.00" id="inductionLoop.N2" nVehContrib="3" flow="108.00" occupancy="1.36" speed="11.22" harmonicMeanSpeed="11.07" length="5.00" nVehEntered="3"/>
    <interval begin="32200.00" end="32300.00" id="inductionLoop.N2" nVehContrib="5" flow="180.00" occupancy="2.09" speed="12.27" harmonicMeanSpeed="11.95" length="5.00" nVehEntered="5"/>
    <interval begin="32300.00" end="32400.00" id="inductionLoop.N2" nVehContrib="5" flow="180.00" occupancy="1.99" speed="12.56" harmonicMeanSpeed="12.54" length="5.00" nVehEntered="5"/>
    <interval begin="32400.00" end="32500.00" id="inductionLoop.N2" nVehContrib="6" flow="216.00" occupancy="2.55" speed="11.93" harmonicMeanSpeed="11.77" length="5.00" nVehEntered="6"/>
    <interval begin="32500.00" end="32600.00" id="inductionLoop.N2" nVehContrib="4" flow="144.00" occupancy="2.27" speed="11.66" harmonicMeanSpeed="11.21" length="5.00" nVehEntered="5"/>
    <interval begin="32600.00" end="32700.00" id="inductionLoop.N2" nVehContrib="2" flow="72.00" occupancy="0.88" speed="11.63" harmonicMeanSpeed="11.33" length="5.00" nVehEntered="2"/>
    <interval begin="32700.00" end="32800.00" id="inductionLoop.N2" nVehContrib="5" flow="180.00" occupancy="2.19" speed="11.61" harmonicMeanSpeed="11.39" length="5.00" nVehEntered="5"/>
    <interval begin="32800.00" end="32900.00" id="inductionLoop.N2" nVehContrib="11" flow="396.00" occupancy="14.21" speed="8.70" harmonicMeanSpeed="4.20" length="5.00" nVehEntered="13"/>
    <interval begin="32900.00" end="33000.00" id="inductionLoop.N2" nVehContrib="8" flow="288.00" occupancy="11.27" speed="8.29" harmonicMeanSpeed="3.85" length="5.00" nVehEntered="11"/>
    <interval begin="33000.00" end="33100.00" id="inductionLoop.N2" nVehContrib="11" flow="396.00" occupancy="23.23" speed="7.95" harmonicMeanSpeed="2.47" length="5.00" nVehEntered="12"/>
    <interval begin="33100.00" end="33200.00" id="inductionLoop.N2" nVehContrib="13" flow="468.00" occupancy="33.82" speed="6.91" harmonicMeanSpeed="1.92" length="5.00" nVehEntered="13"/>
    <interval begin="33200.00" end="33300.00" id="inductionLoop.N2" nVehContrib="7" flow="252.00" occupancy="24.65" speed="7.69" harmonicMeanSpeed="1.91" length="5.00" nVehEntered="8"/>
    <interval begin="33300.00" end="33400.00" id="inductionLoop.N2" nVehContrib="8" flow="288.00" occupancy="21.46" speed="3.94" harmonicMeanSpeed="1.44" length="5.00" nVehEntered="7"/>
    <interval begin="33400.00" end="33500.00" id="inductionLoop.N2" nVehContrib="5" flow="180.00" occupancy="3.50" speed="8.35" harmonicMeanSpeed="7.69" length="5.00" nVehEntered="6"/>
    <interval begin="33500.00" end="33600.00" id="inductionLoop.N2" nVehContrib="3" flow="108.00" occupancy="39.14" speed="1.66" harmonicMeanSpeed="0.38" length="5.00" nVehEntered="3"/>
    <interval begin="33600.00" end="33700.00" id="inductionLoop.N2" nVehContrib="8" flow="288.00" occupancy="13.86" speed="4.18" harmonicMeanSpeed="3.00" length="5.00" nVehEntered="9"/>
    <interval begin="33700.00" end="33800.00" id="inductionLoop.N2" nVehContrib="2" flow="72.00" occupancy="2.01" speed="4.26" harmonicMeanSpeed="3.98" length="5.00" nVehEntered="1"/>
    <interval begin="33800.00" end="33900.00" id="inductionLoop.N2" nVehContrib="0" flow="0.00" occupancy="0.00" speed="-1.00" harmonicMeanSpeed="-1.00" length="-1.00" nVehEntered="0"/>
    <interval begin="33900.00" end="34000.00" id="inductionLoop.N2" nVehContrib="0" flow="0.00" occupancy="0.00" speed="-1.00" harmonicMeanSpeed="-1.00" length="-1.00" nVehEntered="0"/>
    <interval begin="34000.00" end="34100.00" id="inductionLoop.N2" nVehContrib="0" flow="0.00" occupancy="0.00" speed="-1.00" harmonicMeanSpeed="-1.00" length="-1.00" nVehEntered="0"/>
    <interval begin="34100.00" end="34200.00" id="inductionLoop.N2" nVehContrib="0" flow="0.00" occupancy="0.00" speed="-1.00" harmonicMeanSpeed="-1.00" length="-1.00" nVehEntered="0"/>
    <interval begin="34200.00" end="34300.00" id="inductionLoop.N2" nVehContrib="2" flow="72.00" occupancy="0.83" speed="12.06" harmonicMeanSpeed="12.06" length="5.00" nVehEntered="2"/>
    <interval begin="34300.00" end="34400.00" id="inductionLoop.N2" nVehContrib="8" flow="288.00" occupancy="4.05" speed="11.38" harmonicMeanSpeed="11.10" length="5.00" nVehEntered="9"/>
    <interval begin="34400.00" end="34500.00" id="inductionLoop.N2" nVehContrib="5" flow="180.00" occupancy="4.45" speed="9.37" harmonicMeanSpeed="6.82" length="5.00" nVehEntered="5"/>
    <interval begin="34500.00" end="34600.00" id="inductionLoop.N2" nVehContrib="11" flow="396.00" occupancy="5.38" speed="10.57" harmonicMeanSpeed="10.23" length="5.00" nVehEntered="11"/>
    <interval begin="34600.00" end="34700.00" id="inductionLoop.N2" nVehContrib="11" flow="396.00" occupancy="52.22" speed="5.95" harmonicMeanSpeed="1.06" length="5.00" nVehEntered="12"/>
    <interval begin="34700.00" end="34800.00" id="inductionLoop.N2" nVehContrib="9" flow="324.00" occupancy="33.12" speed="4.60" harmonicMeanSpeed="2.57" length="5.00" nVehEntered="10"/>
    <interval begin="34800.00" end="34900.00" id="inductionLoop.N2" nVehContrib="11" flow="396.00" occupancy="50.91" speed="4.53" harmonicMeanSpeed="0.83" length="5.00" nVehEntered="10"/>
    <interval begin="34900.00" end="35000.00" id="inductionLoop.N2" nVehContrib="9" flow="324.00" occupancy="9.11" speed="7.20" harmonicMeanSpeed="4.94" length="5.00" nVehEntered="9"/>
    <interval begin="35000.00" end="35100.00" id="inductionLoop.N2" nVehContrib="20" flow="720.00" occupancy="53.01" speed="7.40" harmonicMeanSpeed="1.89" length="5.00" nVehEntered="20"/>
    <interval begin="35100.00" end="35200.00" id="inductionLoop.N2" nVehContrib="7" flow="252.00" occupancy="23.35" speed="6.43" harmonicMeanSpeed="5.61" length="5.00" nVehEntered="8"/>
    <interval begin="35200.00" end="35300.00" id="inductionLoop.N2" nVehContrib="9" flow="324.00" occupancy="74.78" speed="6.35" harmonicMeanSpeed="0.81" length="5.00" nVehEntered="9"/>
    <interval begin="35300.00" end="35400.00" id="inductionLoop.N2" nVehContrib="15" flow="540.00" occupancy="17.43" speed="8.30" harmonicMeanSpeed="1.39" length="5.00" nVehEntered="14"/>
    <interval begin="35400.00" end="35500.00" id="inductionLoop.N2" nVehContrib="10" flow="360.00" occupancy="9.11" speed="7.68" harmonicMeanSpeed="6.02" length="5.00" nVehEntered="11"/>
    <interval begin="35500.00" end="35600.00" id="inductionLoop.N2" nVehContrib="15" flow="540.00" occupancy="13.12" speed="6.55" harmonicMeanSpeed="5.39" length="5.00" nVehEntered="14"/>
    <interval begin="35600.00" end="35700.00" id="inductionLoop.N2" nVehContrib="13" flow="468.00" occupancy="16.98" speed="5.76" harmonicMeanSpeed="3.83" length="5.00" nVehEntered="13"/>
    <interval begin="35700.00" end="35800.00" id="inductionLoop.N2" nVehContrib="10" flow="360.00" occupancy="46.40" speed="5.65" harmonicMeanSpeed="1.08" length="5.00" nVehEntered="10"/>
    <interval begin="35800.00" end="35900.00" id="inductionLoop.N2" nVehContrib="12" flow="432.00" occupancy="7.13" speed="9.76" harmonicMeanSpeed="8.76" length="5.00" nVehEntered="13"/>
    <interval begin="35900.00" end="36000.00" id="inductionLoop.N2" nVehContrib="8" flow="288.00" occupancy="6.78" speed="8.56" harmonicMeanSpeed="6.89" length="5.00" nVehEntered="9"/>
    <interval begin="36000.00" end="36100.00" id="inductionLoop.N2" nVehContrib="7" flow="252.00" occupancy="16.23" speed="7.42" harmonicMeanSpeed="2.20" length="5.00" nVehEntered="8"/>
    <interval begin="36100.00" end="36200.00" id="inductionLoop.N2" nVehContrib="18" flow="648.00" occupancy="18.58" speed="6.88" harmonicMeanSpeed="5.68" length="5.00" nVehEntered="19"/>
    <interval begin="36200.00" end="36300.00" id="inductionLoop.N2" nVehContrib="10" flow="360.00" occupancy="81.87" speed="5.26" harmonicMeanSpeed="0.95" length="5.00" nVehEntered="10"/>
    <interval begin="36300.00" end="36400.00" id="inductionLoop.N2" nVehContrib="18" flow="648.00" occupancy="62.51" speed="5.77" harmonicMeanSpeed="0.95" length="5.00" nVehEntered="17"/>
    <interval begin="36400.00" end="36500.00" id="inductionLoop.N2" nVehContrib="10" flow="360.00" occupancy="71.41" speed="7.17" harmonicMeanSpeed="1.16" length="5.00" nVehEntered="11"/>
    <interval begin="36500.00" end="36600.00" id="inductionLoop.N2" nVehContrib="11" flow="396.00" occupancy="16.32" speed="5.57" harmonicMeanSpeed="1.24" length="5.00" nVehEntered="11"/>
    <interval begin="36600.00" end="36700.00" id="inductionLoop.N2" nVehContrib="5" flow="180.00" occupancy="6.61" speed="4.93" harmonicMeanSpeed="3.78" length="5.00" nVehEntered="5"/>
    <interval begin="36700.00" end="36800.00" id="inductionLoop.N2" nVehContrib="13" flow="468.00" occupancy="13.32" speed="6.59" harmonicMeanSpeed="4.88" length="5.00" nVehEntered="13"/>
    <interval begin="36800.00" end="36900.00" id="inductionLoop.N2" nVehContrib="8" flow="288.00" occupancy="9.78" speed="5.93" harmonicMeanSpeed="4.09" length="5.00" nVehEntered="8"/>
    <interval begin="36900.00" end="37000.00" id="inductionLoop.N2" nVehContrib="11" flow="396.00" occupancy="8.66" speed="8.01" harmonicMeanSpeed="6.35" length="5.00" nVehEntered="11"/>
    <interval begin="37000.00" end="37100.00" id="inductionLoop.N2" nVehContrib="10" flow="360.00" occupancy="9.39" speed="7.71" harmonicMeanSpeed="5.33" length="5.00" nVehEntered="10"/>
    <interval begin="37100.00" end="37200.00" id="inductionLoop.N2" nVehContrib="8" flow="288.00" occupancy="9.49" speed="6.78" harmonicMeanSpeed="4.21" length="5.00" nVehEntered="8"/>
    <interval begin="37200.00" end="37300.00" id="inductionLoop.N2" nVehContrib="11" flow="396.00" occupancy="13.42" speed="5.47" harmonicMeanSpeed="4.10" length="5.00" nVehEntered="11"/>
    <interval begin="37300.00" end="37400.00" id="inductionLoop.N2" nVehContrib="10" flow="360.00" occupancy="46.23" speed="5.42" harmonicMeanSpeed="4.00" length="5.00" nVehEntered="11"/>
    <interval begin="37400.00" end="37500.00" id="inductionLoop.N2" nVehContrib="12" flow="432.00" occupancy="22.89" speed="5.42" harmonicMeanSpeed="1.06" length="5.00" nVehEntered="11"/>
    <interval begin="37500.00" end="37600.00" id="inductionLoop.N2" nVehContrib="12" flow="432.00" occupancy="25.13" speed="7.34" harmonicMeanSpeed="5.96" length="5.00" nVehEntered="13"/>
    <interval begin="37600.00" end="37700.00" id="inductionLoop.N2" nVehContrib="14" flow="504.00" occupancy="68.92" speed="6.74" harmonicMeanSpeed="0.83" length="5.00" nVehEntered="13"/>
    <interval begin="37700.00" end="37800.00" id="inductionLoop.N2" nVehContrib="15" flow="540.00" occupancy="15.53" speed="6.90" harmonicMeanSpeed="4.83" length="5.00" nVehEntered="15"/>
    <interval begin="37800.00" end="37900.00" id="inductionLoop.N2" nVehContrib="7" flow="252.00" occupancy="32.45" speed="7.27" harmonicMeanSpeed="6.45" length="5.00" nVehEntered="8"/>
    <interval begin="37900.00" end="38000.00" id="inductionLoop.N2" nVehContrib="11" flow="396.00" occupancy="74.41" speed="5.70" harmonicMeanSpeed="0.54" length="5.00" nVehEntered="10"/>
    <interval begin="38000.00" end="38100.00" id="inductionLoop.N2" nVehContrib="5" flow="180.00" occupancy="90.59" speed="8.62" harmonicMeanSpeed="8.41" length="5.00" nVehEntered="6"/>
    <interval begin="38100.00" end="38200.00" id="inductionLoop.N2" nVehContrib="16" flow="576.00" occupancy="70.98" speed="6.52" harmonicMeanSpeed="0.50" length="5.00" nVehEntered="15"/>
    <interval begin="38200.00" end="38300.00" id="inductionLoop.N2" nVehContrib="8" flow="288.00" occupancy="8.34" speed="6.65" harmonicMeanSpeed="5.01" length="5.00" nVehEntered="9"/>
    <interval begin="38300.00" end="38400.00" id="inductionLoop.N2" nVehContrib="14" flow="504.00" occupancy="11.69" speed="8.35" harmonicMeanSpeed="6.08" length="5.00" nVehEntered="14"/>
    <interval begin="38400.00" end="38500.00" id="inductionLoop.N2" nVehContrib="15" flow="540.00" occupancy="28.85" speed="6.23" harmonicMeanSpeed="4.27" length="5.00" nVehEntered="15"/>
    <interval begin="38500.00" end="38600.00" id="inductionLoop.N2" nVehContrib="18" flow="648.00" occupancy="42.96" speed="8.66" harmonicMeanSpeed="1.64" length="5.00" nVehEntered="17"/>
    <interval begin="38600.00" end="38700.00" id="inductionLoop.N2" nVehContrib="7" flow="252.00" occupancy="7.26" speed="6.50" harmonicMeanSpeed="4.82" length="5.00" nVehEntered="7"/>
    <interval begin="38700.00" end="38800.00" id="inductionLoop.N2" nVehContrib="9" flow="324.00" occupancy="9.20" speed="6.98" harmonicMeanSpeed="4.89" length="5.00" nVehEntered="9"/>
    <interval begin="38800.00" end="38900.00" id="inductionLoop.N2" nVehContrib="15" flow="540.00" occupancy="45.55" speed="6.92" harmonicMeanSpeed="5.72" length="5.00" nVehEntered="16"/>
    <interval begin="38900.00" end="39000.00" id="inductionLoop.N2" nVehContrib="14" flow="504.00" occupancy="63.30" speed="8.29" harmonicMeanSpeed="1.34" length="5.00" nVehEntered="14"/>
    <interval begin="39000.00" end="39100.00" id="inductionLoop.N2" nVehContrib="20" flow="720.00" occupancy="26.08" speed="8.68" harmonicMeanSpeed="1.44" length="5.00" nVehEntered="19"/>
    <interval begin="39100.00" end="39200.00" id="inductionLoop.N2" nVehContrib="14" flow="504.00" occupancy="10.28" speed="8.57" harmonicMeanSpeed="6.81" length="5.00" nVehEntered="14"/>
    <interval begin="39200.00" end="39300.00" id="inductionLoop.N2" nVehContrib="16" flow="576.00" occupancy="13.38" speed="8.65" harmonicMeanSpeed="5.98" length="5.00" nVehEntered="16"/>
    <interval begin="39300.00" end="39400.00" id="inductionLoop.N2" nVehContrib="16" flow="576.00" occupancy="16.19" speed="7.60" harmonicMeanSpeed="5.52" length="5.00" nVehEntered="17"/>
    <interval begin="39400.00" end="39500.00" id="inductionLoop.N2" nVehContrib="11" flow="396.00" occupancy="55.94" speed="6.37" harmonicMeanSpeed="0.95" length="5.00" nVehEntered="10"/>
    <interval begin="39500.00" end="39600.00" id="inductionLoop.N2" nVehContrib="15" flow="540.00" occupancy="57.29" speed="8.11" harmonicMeanSpeed="1.31" length="5.00" nVehEntered="15"/>
    <interval begin="39600.00" end="39700.00" id="inductionLoop.N2" nVehContrib="13" flow="468.00" occupancy="60.86" speed="7.56" harmonicMeanSpeed="1.07" length="5.00" nVehEntered="13"/>
    <interval begin="39700.00" end="39800.00" id="inductionLoop.N2" nVehContrib="10" flow="360.00" occupancy="11.65" speed="6.13" harmonicMeanSpeed="4.94" length="5.00" nVehEntered="11"/>
    <interval begin="39800.00" end="39900.00" id="inductionLoop.N2" nVehContrib="13" flow="468.00" occupancy="19.17" speed="8.00" harmonicMeanSpeed="5.83" length="5.00" nVehEntered="13"/>
    <interval begin="39900.00" end="40000.00" id="inductionLoop.N2" nVehContrib="10" flow="360.00" occupancy="50.06" speed="6.56" harmonicMeanSpeed="0.84" length="5.00" nVehEntered="9"/>
    <interval begin="40000.00" end="40100.00" id="inductionLoop.N2" nVehContrib="10" flow="360.00" occupancy="11.10" speed="7.15" harmonicMeanSpeed="4.51" length="5.00" nVehEntered="10"/>
    <interval begin="40100.00" end="40200.00" id="inductionLoop.N2" nVehContrib="10" flow="360.00" occupancy="9.05" speed="7.62" harmonicMeanSpeed="5.52" length="5.00" nVehEntered="10"/>
    <interval begin="40200.00" end="40300.00" id="inductionLoop.N2" nVehContrib="18" flow="648.00" occupancy="18.53" speed="7.39" harmonicMeanSpeed="6.17" length="5.00" nVehEntered="19"/>
    <interval begin="40300.00" end="40400.00" id="inductionLoop.N2" nVehContrib="14" flow="504.00" occupancy="54.94" speed="6.33" harmonicMeanSpeed="1.19" length="5.00" nVehEntered="13"/>
    <interval begin="40400.00" end="40500.00" id="inductionLoop.N2" nVehContrib="10" flow="360.00" occupancy="52.75" speed="6.86" harmonicMeanSpeed="1.00" length="5.00" nVehEntered="11"/>
    <interval begin="40500.00" end="40600.00" id="inductionLoop.N2" nVehContrib="9" flow="324.00" occupancy="11.33" speed="6.00" harmonicMeanSpeed="3.25" length="5.00" nVehEntered="8"/>
    <interval begin="40600.00" end="40700.00" id="inductionLoop.N2" nVehContrib="7" flow="252.00" occupancy="59.89" speed="6.90" harmonicMeanSpeed="6.04" length="5.00" nVehEntered="8"/>
    <interval begin="40700.00" end="40800.00" id="inductionLoop.N2" nVehContrib="16" flow="576.00" occupancy="66.90" speed="7.45" harmonicMeanSpeed="0.66" length="5.00" nVehEntered="16"/>
    <interval begin="40800.00" end="40900.00" id="inductionLoop.N2" nVehContrib="12" flow="432.00" occupancy="81.77" speed="7.98" harmonicMeanSpeed="0.73" length="5.00" nVehEntered="11"/>
    <interval begin="40900.00" end="41000.00" id="inductionLoop.N2" nVehContrib="15" flow="540.00" occupancy="71.48" speed="7.12" harmonicMeanSpeed="1.07" length="5.00" nVehEntered="16"/>
    <interval begin="41000.00" end="41100.00" id="inductionLoop.N2" nVehContrib="13" flow="468.00" occupancy="11.87" speed="7.05" harmonicMeanSpeed="4.94" length="5.00" nVehEntered="12"/>
    <interval begin="41100.00" end="41200.00" id="inductionLoop.N2" nVehContrib="12" flow="432.00" occupancy="13.90" speed="5.64" harmonicMeanSpeed="4.42" length="5.00" nVehEntered="13"/>
    <interval begin="41200.00" end="41300.00" id="inductionLoop.N2" nVehContrib="16" flow="576.00" occupancy="14.84" speed="7.20" harmonicMeanSpeed="5.39" length="5.00" nVehEntered="16"/>
    <interval begin="41300.00" end="41400.00" id="inductionLoop.N2" nVehContrib="4" flow="144.00" occupancy="3.78" speed="5.91" harmonicMeanSpeed="5.30" length="5.00" nVehEntered="4"/>
    <interval begin="41400.00" end="41500.00" id="inductionLoop.N2" nVehContrib="16" flow="576.00" occupancy="10.12" speed="9.76" harmonicMeanSpeed="7.91" length="5.00" nVehEntered="16"/>
    <interval begin="41500.00" end="41600.00" id="inductionLoop.N2" nVehContrib="13" flow="468.00" occupancy="8.63" speed="8.32" harmonicMeanSpeed="7.53" length="5.00" nVehEntered="13"/>
    <interval begin="41600.00" end="41700.00" id="inductionLoop.N2" nVehContrib="25" flow="900.00" occupancy="38.07" speed="9.76" harmonicMeanSpeed="7.29" length="5.00" nVehEntered="26"/>
    <interval begin="41700.00" end="41800.00" id="inductionLoop.N2" nVehContrib="13" flow="468.00" occupancy="78.73" speed="8.91" harmonicMeanSpeed="0.65" length="5.00" nVehEntered="12"/>
    <interval begin="41800.00" end="41900.00" id="inductionLoop.N2" nVehContrib="4" flow="144.00" occupancy="8.97" speed="4.24" harmonicMeanSpeed="2.23" length="5.00" nVehEntered="4"/>
    <interval begin="41900.00" end="42000.00" id="inductionLoop.N2" nVehContrib="19" flow="684.00" occupancy="28.69" speed="8.72" harmonicMeanSpeed="3.31" length="5.00" nVehEntered="19"/>
    <interval begin="42000.00" end="42100.00" id="inductionLoop.N2" nVehContrib="6" flow="216.00" occupancy="9.72" speed="6.13" harmonicMeanSpeed="3.09" length="5.00" nVehEntered="6"/>
    <interval begin="42100.00" end="42200.00" id="inductionLoop.N2" nVehContrib="33" flow="1188.00" occupancy="25.05" speed="9.56" harmonicMeanSpeed="6.59" length="5.00" nVehEntered="33"/>
    <interval begin="42200.00" end="42300.00" id="inductionLoop.N2" nVehContrib="0" flow="0.00" occupancy="0.00" speed="-1.00" harmonicMeanSpeed="-1.00" length="-1.00" nVehEntered="0"/>
    <interval begin="42300.00" end="42400.00" id="inductionLoop.N2" nVehContrib="26" flow="936.00" occupancy="39.46" speed="9.83" harmonicMeanSpeed="3.29" length="5.00" nVehEntered="26"/>
    <interval begin="42400.00" end="42500.00" id="inductionLoop.N2" nVehContrib="4" flow="144.00" occupancy="10.27" speed="3.34" harmonicMeanSpeed="1.95" length="5.00" nVehEntered="4"/>
    <interval begin="42500.00" end="42600.00" id="inductionLoop.N2" nVehContrib="26" flow="936.00" occupancy="16.59" speed="9.50" harmonicMeanSpeed="7.84" length="5.00" nVehEntered="26"/>
    <interval begin="42600.00" end="42700.00" id="inductionLoop.N2" nVehContrib="14" flow="504.00" occupancy="52.11" speed="7.77" harmonicMeanSpeed="1.34" length="5.00" nVehEntered="14"/>
    <interval begin="42700.00" end="42800.00" id="inductionLoop.N2" nVehContrib="27" flow="972.00" occupancy="15.09" speed="10.77" harmonicMeanSpeed="8.95" length="5.00" nVehEntered="27"/>
    <interval begin="42800.00" end="42900.00" id="inductionLoop.N2" nVehContrib="9" flow="324.00" occupancy="6.54" speed="7.79" harmonicMeanSpeed="6.88" length="5.00" nVehEntered="9"/>
    <interval begin="42900.00" end="43000.00" id="inductionLoop.N2" nVehContrib="8" flow="288.00" occupancy="18.26" speed="3.20" harmonicMeanSpeed="2.61" length="5.00" nVehEntered="9"/>
    <interval begin="43000.00" end="43100.00" id="inductionLoop.N2" nVehContrib="4" flow="144.00" occupancy="6.75" speed="3.42" harmonicMeanSpeed="3.32" length="5.00" nVehEntered="5"/>
    <interval begin="43100.00" end="43200.00" id="inductionLoop.N2" nVehContrib="22" flow="792.00" occupancy="24.80" speed="7.25" harmonicMeanSpeed="4.31" length="5.00" nVehEntered="21"/>
    <interval begin="43200.00" end="43300.00" id="inductionLoop.N2" nVehContrib="5" flow="180.00" occupancy="70.14" speed="5.08" harmonicMeanSpeed="4.51" length="5.00" nVehEntered="6"/>
    <interval begin="43300.00" end="43400.00" id="inductionLoop.N2" nVehContrib="20" flow="720.00" occupancy="36.95" speed="8.29" harmonicMeanSpeed="0.98" length="5.00" nVehEntered="19"/>
    <interval begin="43400.00" end="43500.00" id="inductionLoop.N2" nVehContrib="4" flow="144.00" occupancy="12.38" speed="3.09" harmonicMeanSpeed="1.62" length="5.00" nVehEntered="4"/>
    <interval begin="43500.00" end="43600.00" id="inductionLoop.N2" nVehContrib="13" flow="468.00" occupancy="11.74" speed="8.11" harmonicMeanSpeed="5.54" length="5.00" nVehEntered="13"/>
    <interval begin="43600.00" end="43700.00" id="inductionLoop.N2" nVehContrib="8" flow="288.00" occupancy="29.78" speed="3.17" harmonicMeanSpeed="1.42" length="5.00" nVehEntered="9"/>
    <interval begin="43700.00" end="43800.00" id="inductionLoop.N2" nVehContrib="10" flow="360.00" occupancy="8.00" speed="9.25" harmonicMeanSpeed="6.25" length="5.00" nVehEntered="10"/>
    <interval begin="43800.00" end="43900.00" id="inductionLoop.N2" nVehContrib="16" flow="576.00" occupancy="25.08" speed="7.29" harmonicMeanSpeed="3.19" length="5.00" nVehEntered="16"/>
    <interval begin="43900.00" end="44000.00" id="inductionLoop.N2" nVehContrib="0" flow="0.00" occupancy="0.00" speed="-1.00" harmonicMeanSpeed="-1.00" length="-1.00" nVehEntered="0"/>
    <interval begin="44000.00" end="44100.00" id="inductionLoop.N2" nVehContrib="20" flow="720.00" occupancy="17.97" speed="8.39" harmonicMeanSpeed="5.56" length="5.00" nVehEntered="20"/>
    <interval begin="44100.00" end="44200.00" id="inductionLoop.N2" nVehContrib="2" flow="72.00" occupancy="5.15" speed="2.28" harmonicMeanSpeed="2.20" length="5.00" nVehEntered="3"/>
    <interval begin="44200.00" end="44300.00" id="inductionLoop.N2" nVehContrib="22" flow="792.00" occupancy="41.11" speed="7.97" harmonicMeanSpeed="6.52" length="5.00" nVehEntered="22"/>
    <interval begin="44300.00" end="44400.00" id="inductionLoop.N2" nVehContrib="13" flow="468.00" occupancy="43.99" speed="6.98" harmonicMeanSpeed="0.94" length="5.00" nVehEntered="12"/>
    <interval begin="44400.00" end="44500.00" id="inductionLoop.N2" nVehContrib="1" flow="36.00" occupancy="6.69" speed="1.07" harmonicMeanSpeed="1.07" length="5.00" nVehEntered="2"/>
    <interval begin="44500.00" end="44600.00" id="inductionLoop.N2" nVehContrib="19" flow="684.00" occupancy="30.35" speed="7.45" harmonicMeanSpeed="5.45" length="5.00" nVehEntered="19"/>
    <interval begin="44600.00" end="44700.00" id="inductionLoop.N2" nVehContrib="15" flow="540.00" occupancy="71.42" speed="7.64" harmonicMeanSpeed="0.87" length="5.00" nVehEntered="15"/>
    <interval begin="44700.00" end="44800.00" id="inductionLoop.N2" nVehContrib="12" flow="432.00" occupancy="9.71" speed="8.29" harmonicMeanSpeed="6.02" length="5.00" nVehEntered="11"/>
    <interval begin="44800.00" end="44900.00" id="inductionLoop.N2" nVehContrib="2" flow="72.00" occupancy="91.40" speed="7.23" harmonicMeanSpeed="7.09" length="5.00" nVehEntered="3"/>
    <interval begin="44900.00" end="45000.00" id="inductionLoop.N2" nVehContrib="33" flow="1188.00" occupancy="34.08" speed="8.74" harmonicMeanSpeed="1.37" length="5.00" nVehEntered="33"/>
    <interval begin="45000.00" end="45100.00" id="inductionLoop.N2" nVehContrib="6" flow="216.00" occupancy="72.49" speed="4.21" harmonicMeanSpeed="0.41" length="5.00" nVehEntered="6"/>
    <interval begin="45100.00" end="45200.00" id="inductionLoop.N2" nVehContrib="11" flow="396.00" occupancy="9.06" speed="8.74" harmonicMeanSpeed="6.07" length="5.00" nVehEntered="11"/>
    <interval begin="45200.00" end="45300.00" id="inductionLoop.N2" nVehContrib="20" flow="720.00" occupancy="15.65" speed="8.00" harmonicMeanSpeed="6.39" length="5.00" nVehEntered="20"/>
    <interval begin="45300.00" end="45400.00" id="inductionLoop.N2" nVehContrib="4" flow="144.00" occupancy="76.93" speed="4.26" harmonicMeanSpeed="2.47" length="5.00" nVehEntered="6"/>
    <interval begin="45400.00" end="45500.00" id="inductionLoop.N2" nVehContrib="24" flow="864.00" occupancy="48.22" speed="7.43" harmonicMeanSpeed="3.61" length="5.00" nVehEntered="24"/>
    <interval begin="45500.00" end="45600.00" id="inductionLoop.N2" nVehContrib="0" flow="0.00" occupancy="22.19" speed="-1.00" harmonicMeanSpeed="-1.00" length="-1.00" nVehEntered="1"/>
    <interval begin="45600.00" end="45700.00" id="inductionLoop.N2" nVehContrib="10" flow="360.00" occupancy="77.30" speed="3.22" harmonicMeanSpeed="0.50" length="5.00" nVehEntered="9"/>
    <interval begin="45700.00" end="45800.00" id="inductionLoop.N2" nVehContrib="12" flow="432.00" occupancy="11.27" speed="7.42" harmonicMeanSpeed="5.33" length="5.00" nVehEntered="12"/>
    <interval begin="45800.00" end="45900.00" id="inductionLoop.N2" nVehContrib="12" flow="432.00" occupancy="17.90" speed="8.01" harmonicMeanSpeed="3.65" length="5.00" nVehEntered="13"/>
    <interval begin="45900.00" end="46000.00" id="inductionLoop.N2" nVehContrib="1" flow="36.00" occupancy="1.54" speed="1.66" harmonicMeanSpeed="1.66" length="5.00" nVehEntered="0"/>
    <interval begin="46000.00" end="46100.00" id="inductionLoop.N2" nVehContrib="14" flow="504.00" occupancy="11.52" speed="7.87" harmonicMeanSpeed="6.51" length="5.00" nVehEntered="15"/>
    <interval begin="46100.00" end="46200.00" id="inductionLoop.N2" nVehContrib="19" flow="684.00" occupancy="17.67" speed="8.25" harmonicMeanSpeed="5.38" length="5.00" nVehEntered="19"/>
    <interval begin="46200.00" end="46300.00" id="inductionLoop.N2" nVehContrib="8" flow="288.00" occupancy="84.19" speed="5.01" harmonicMeanSpeed="0.48" length="5.00" nVehEntered="8"/>
    <interval begin="46300.00" end="46400.00" id="inductionLoop.N2" nVehContrib="21" flow="756.00" occupancy="16.40" speed="9.00" harmonicMeanSpeed="6.40" length="5.00" nVehEntered="21"/>
    <interval begin="46400.00" end="46500.00" id="inductionLoop.N2" nVehContrib="13" flow="468.00" occupancy="9.24" speed="7.66" harmonicMeanSpeed="7.04" length="5.00" nVehEntered="13"/>
    <interval begin="46500.00" end="46600.00" id="inductionLoop.N2" nVehContrib="1" flow="36.00" occupancy="2.16" speed="2.31" harmonicMeanSpeed="2.31" length="5.00" nVehEntered="1"/>
    <interval begin="46600.00" end="46700.00" id="inductionLoop.N2" nVehContrib="23" flow="828.00" occupancy="16.03" speed="8.53" harmonicMeanSpeed="7.18" length="5.00" nVehEntered="23"/>
    <interval begin="46700.00" end="46800.00" id="inductionLoop.N2" nVehContrib="3" flow="108.00" occupancy="3.36" speed="4.83" harmonicMeanSpeed="4.46" length="5.00" nVehEntered="3"/>
    <interval begin="46800.00" end="46900.00" id="inductionLoop.N2" nVehContrib="32" flow="1152.00" occupancy="25.14" speed="7.86" harmonicMeanSpeed="6.36" length="5.00" nVehEntered="32"/>
    <interval begin="46900.00" end="47000.00" id="inductionLoop.N2" nVehContrib="16" flow="576.00" occupancy="13.50" speed="8.83" harmonicMeanSpeed="5.93" length="5.00" nVehEntered="16"/>
    <interval begin="47000.00" end="47100.00" id="inductionLoop.N2" nVehContrib="13" flow="468.00" occupancy="8.02" speed="9.20" harmonicMeanSpeed="8.10" length="5.00" nVehEntered="13"/>
    <interval begin="47100.00" end="47200.00" id="inductionLoop.N2" nVehContrib="10" flow="360.00" occupancy="63.24" speed="7.18" harmonicMeanSpeed="5.76" length="5.00" nVehEntered="11"/>
    <interval begin="47200.00" end="47300.00" id="inductionLoop.N2" nVehContrib="13" flow="468.00" occupancy="13.70" speed="7.01" harmonicMeanSpeed="0.95" length="5.00" nVehEntered="12"/>
    <interval begin="47300.00" end="47400.00" id="inductionLoop.N2" nVehContrib="16" flow="576.00" occupancy="14.37" speed="7.03" harmonicMeanSpeed="5.57" length="5.00" nVehEntered="16"/>
    <interval begin="47400.00" end="47500.00" id="inductionLoop.N2" nVehContrib="14" flow="504.00" occupancy="69.17" speed="7.83" harmonicMeanSpeed="1.02" length="5.00" nVehEntered="15"/>
    <interval begin="47500.00" end="47600.00" id="inductionLoop.N2" nVehContrib="7" flow="252.00" occupancy="88.59" speed="8.12" harmonicMeanSpeed="0.40" length="5.00" nVehEntered="7"/>
    <interval begin="47600.00" end="47700.00" id="inductionLoop.N2" nVehContrib="27" flow="972.00" occupancy="29.51" speed="9.09" harmonicMeanSpeed="7.13" length="5.00" nVehEntered="27"/>
    <interval begin="47700.00" end="47800.00" id="inductionLoop.N2" nVehContrib="9" flow="324.00" occupancy="74.98" speed="6.95" harmonicMeanSpeed="0.52" length="5.00" nVehEntered="8"/>
    <interval begin="47800.00" end="47900.00" id="inductionLoop.N2" nVehContrib="20" flow="720.00" occupancy="67.17" speed="8.96" harmonicMeanSpeed="2.61" length="5.00" nVehEntered="21"/>
    <interval begin="47900.00" end="48000.00" id="inductionLoop.N2" nVehContrib="13" flow="468.00" occupancy="40.34" speed="7.22" harmonicMeanSpeed="0.94" length="5.00" nVehEntered="12"/>
    <interval begin="48000.00" end="48100.00" id="inductionLoop.N2" nVehContrib="0" flow="0.00" occupancy="0.00" speed="-1.00" harmonicMeanSpeed="-1.00" length="-1.00" nVehEntered="0"/>
    <interval begin="48100.00" end="48200.00" id="inductionLoop.N2" nVehContrib="14" flow="504.00" occupancy="9.26" speed="9.40" harmonicMeanSpeed="8.12" length="5.00" nVehEntered="15"/>
    <interval begin="48200.00" end="48300.00" id="inductionLoop.N2" nVehContrib="15" flow="540.00" occupancy="72.95" speed="8.21" harmonicMeanSpeed="1.89" length="5.00" nVehEntered="15"/>
    <interval begin="48300.00" end="48400.00" id="inductionLoop.N2" nVehContrib="2" flow="72.00" occupancy="93.64" speed="1.68" harmonicMeanSpeed="0.08" length="5.00" nVehEntered="2"/>
    <interval begin="48400.00" end="48500.00" id="inductionLoop.N2" nVehContrib="26" flow="936.00" occupancy="27.73" speed="8.35" harmonicMeanSpeed="6.82" length="5.00" nVehEntered="26"/>
    <interval begin="48500.00" end="48600.00" id="inductionLoop.N2" nVehContrib="1" flow="36.00" occupancy="98.71" speed="0.05" harmonicMeanSpeed="0.05" length="5.00" nVehEntered="0"/>
    <interval begin="48600.00" end="48700.00" id="inductionLoop.N2" nVehContrib="24" flow="864.00" occupancy="15.74" speed="8.55" harmonicMeanSpeed="7.62" length="5.00" nVehEntered="24"/>
    <interval begin="48700.00" end="48800.00" id="inductionLoop.N2" nVehContrib="4" flow="144.00" occupancy="4.38" speed="4.89" harmonicMeanSpeed="4.57" length="5.00" nVehEntered="4"/>
    <interval begin="48800.00" end="48900.00" id="inductionLoop.N2" nVehContrib="25" flow="900.00" occupancy="35.59" speed="8.69" harmonicMeanSpeed="7.48" length="5.00" nVehEntered="26"/>
    <interval begin="48900.00" end="49000.00" id="inductionLoop.N2" nVehContrib="2" flow="72.00" occupancy="15.90" speed="1.77" harmonicMeanSpeed="0.29" length="5.00" nVehEntered="2"/>
    <interval begin="49000.00" end="49100.00" id="inductionLoop.N2" nVehContrib="24" flow="864.00" occupancy="43.25" speed="8.08" harmonicMeanSpeed="6.88" length="5.00" nVehEntered="24"/>
    <interval begin="49100.00" end="49200.00" id="inductionLoop.N2" nVehContrib="10" flow="360.00" occupancy="82.23" speed="6.46" harmonicMeanSpeed="0.46" length="5.00" nVehEntered="9"/>
    <interval begin="49200.00" end="49300.00" id="inductionLoop.N2" nVehContrib="21" flow="756.00" occupancy="17.84" speed="8.40" harmonicMeanSpeed="6.44" length="5.00" nVehEntered="22"/>
    <interval begin="49300.00" end="49400.00" id="inductionLoop.N2" nVehContrib="1" flow="36.00" occupancy="3.16" speed="1.07" harmonicMeanSpeed="1.07" length="5.00" nVehEntered="0"/>
    <interval begin="49400.00" end="49500.00" id="inductionLoop.N2" nVehContrib="17" flow="612.00" occupancy="11.41" speed="9.68" harmonicMeanSpeed="7.60" length="5.00" nVehEntered="18"/>
    <interval begin="49500.00" end="49600.00" id="inductionLoop.N2" nVehContrib="15" flow="540.00" occupancy="44.06" speed="7.59" harmonicMeanSpeed="1.69" length="5.00" nVehEntered="14"/>
    <interval begin="49600.00" end="49700.00" id="inductionLoop.N2" nVehContrib="9" flow="324.00" occupancy="6.04" speed="8.86" harmonicMeanSpeed="7.45" length="5.00" nVehEntered="9"/>
    <interval begin="49700.00" end="49800.00" id="inductionLoop.N2" nVehContrib="27" flow="972.00" occupancy="42.28" speed="10.18" harmonicMeanSpeed="4.34" length="5.00" nVehEntered="28"/>
    <interval begin="49800.00" end="49900.00" id="inductionLoop.N2" nVehContrib="0" flow="0.00" occupancy="100.00" speed="-1.00" harmonicMeanSpeed="-1.00" length="-1.00" nVehEntered="0"/>
    <interval begin="49900.00" end="50000.00" id="inductionLoop.N2" nVehContrib="29" flow="1044.00" occupancy="22.88" speed="7.96" harmonicMeanSpeed="1.08" length="5.00" nVehEntered="28"/>
    <interval begin="50000.00" end="50004.00" id="inductionLoop.N2" nVehContrib="0" flow="0.00" occupancy="0.00" speed="-1.00" harmonicMeanSpeed="-1.00" length="-1.00" nVehEntered="0"/>
</detector>
