<?xml version="1.0" encoding="UTF-8"?>

<!-- generated on 2023-07-31 18:43:26 by Eclipse SUMO sumo Version 1.12.0
<configuration xmlns:xsi="http://www.w3.org/2001/XMLSchema-instance" xsi:noNamespaceSchemaLocation="http://sumo.dlr.de/xsd/sumoConfiguration.xsd">

    <input>
        <net-file value="Data0-35/intersection.net.xml"/>
        <route-files value="Data0-35/intersection.rou.xml"/>
        <additional-files value="Data0-35/intersection.det.xml"/>
    </input>

    <output>
        <tripinfo-output value="Data0-35/tripinfo.xml"/>
    </output>

    <time>
        <begin value="0"/>
    </time>

    <processing>
        <time-to-teleport value="-1"/>
        <waiting-time-memory value="60000"/>
    </processing>

    <report>
        <verbose value="true"/>
        <no-step-log value="true"/>
    </report>

    <emissions>
        <device.emissions.probability value="1"/>
    </emissions>

    <traci_server>
        <remote-port value="56167"/>
    </traci_server>

    <gui_only>
        <gui-settings-file value="Data0-35/intersection.settings.xml"/>
    </gui_only>

</configuration>
-->

<detector xmlns:xsi="http://www.w3.org/2001/XMLSchema-instance" xsi:noNamespaceSchemaLocation="http://sumo.dlr.de/xsd/det_e1_file.xsd">
    <interval begin="0.00" end="100.00" id="inductionLoop.N0" nVehContrib="1" flow="36.00" occupancy="0.34" speed="14.66" harmonicMeanSpeed="14.66" length="5.00" nVehEntered="1"/>
    <interval begin="100.00" end="200.00" id="inductionLoop.N0" nVehContrib="14" flow="504.00" occupancy="5.61" speed="12.70" harmonicMeanSpeed="12.47" length="5.00" nVehEntered="14"/>
    <interval begin="200.00" end="300.00" id="inductionLoop.N0" nVehContrib="11" flow="396.00" occupancy="5.18" speed="11.07" harmonicMeanSpeed="10.61" length="5.00" nVehEntered="11"/>
    <interval begin="300.00" end="400.00" id="inductionLoop.N0" nVehContrib="8" flow="288.00" occupancy="3.41" speed="11.97" harmonicMeanSpeed="11.72" length="5.00" nVehEntered="8"/>
    <interval begin="400.00" end="500.00" id="inductionLoop.N0" nVehContrib="8" flow="288.00" occupancy="3.39" speed="12.03" harmonicMeanSpeed="11.81" length="5.00" nVehEntered="8"/>
    <interval begin="500.00" end="600.00" id="inductionLoop.N0" nVehContrib="10" flow="360.00" occupancy="3.87" speed="13.05" harmonicMeanSpeed="12.92" length="5.00" nVehEntered="10"/>
    <interval begin="600.00" end="700.00" id="inductionLoop.N0" nVehContrib="13" flow="468.00" occupancy="10.45" speed="9.66" harmonicMeanSpeed="6.22" length="5.00" nVehEntered="13"/>
    <interval begin="700.00" end="800.00" id="inductionLoop.N0" nVehContrib="6" flow="216.00" occupancy="2.63" speed="11.55" harmonicMeanSpeed="11.40" length="5.00" nVehEntered="6"/>
    <interval begin="800.00" end="900.00" id="inductionLoop.N0" nVehContrib="7" flow="252.00" occupancy="2.72" speed="12.89" harmonicMeanSpeed="12.86" length="5.00" nVehEntered="7"/>
    <interval begin="900.00" end="1000.00" id="inductionLoop.N0" nVehContrib="7" flow="252.00" occupancy="2.85" speed="12.43" harmonicMeanSpeed="12.29" length="5.00" nVehEntered="7"/>
    <interval begin="1000.00" end="1100.00" id="inductionLoop.N0" nVehContrib="4" flow="144.00" occupancy="1.63" speed="13.80" harmonicMeanSpeed="13.74" length="5.00" nVehEntered="5"/>
    <interval begin="1100.00" end="1200.00" id="inductionLoop.N0" nVehContrib="9" flow="324.00" occupancy="3.40" speed="13.30" harmonicMeanSpeed="13.25" length="5.00" nVehEntered="9"/>
    <interval begin="1200.00" end="1300.00" id="inductionLoop.N0" nVehContrib="8" flow="288.00" occupancy="3.11" speed="12.98" harmonicMeanSpeed="12.88" length="5.00" nVehEntered="8"/>
    <interval begin="1300.00" end="1400.00" id="inductionLoop.N0" nVehContrib="7" flow="252.00" occupancy="2.71" speed="12.91" harmonicMeanSpeed="12.91" length="5.00" nVehEntered="7"/>
    <interval begin="1400.00" end="1500.00" id="inductionLoop.N0" nVehContrib="9" flow="324.00" occupancy="3.87" speed="11.71" harmonicMeanSpeed="11.61" length="5.00" nVehEntered="9"/>
    <interval begin="1500.00" end="1600.00" id="inductionLoop.N0" nVehContrib="8" flow="288.00" occupancy="3.24" speed="12.38" harmonicMeanSpeed="12.34" length="5.00" nVehEntered="8"/>
    <interval begin="1600.00" end="1700.00" id="inductionLoop.N0" nVehContrib="6" flow="216.00" occupancy="2.38" speed="12.75" harmonicMeanSpeed="12.58" length="5.00" nVehEntered="6"/>
    <interval begin="1700.00" end="1800.00" id="inductionLoop.N0" nVehContrib="6" flow="216.00" occupancy="2.70" speed="12.77" harmonicMeanSpeed="12.75" length="5.00" nVehEntered="7"/>
    <interval begin="1800.00" end="1900.00" id="inductionLoop.N0" nVehContrib="6" flow="216.00" occupancy="2.51" speed="12.02" harmonicMeanSpeed="11.93" length="5.00" nVehEntered="6"/>
    <interval begin="1900.00" end="2000.00" id="inductionLoop.N0" nVehContrib="7" flow="252.00" occupancy="2.60" speed="13.51" harmonicMeanSpeed="13.46" length="5.00" nVehEntered="7"/>
    <interval begin="2000.00" end="2100.00" id="inductionLoop.N0" nVehContrib="8" flow="288.00" occupancy="3.17" speed="13.25" harmonicMeanSpeed="13.18" length="5.00" nVehEntered="9"/>
    <interval begin="2100.00" end="2200.00" id="inductionLoop.N0" nVehContrib="6" flow="216.00" occupancy="2.51" speed="12.15" harmonicMeanSpeed="11.94" length="5.00" nVehEntered="6"/>
    <interval begin="2200.00" end="2300.00" id="inductionLoop.N0" nVehContrib="7" flow="252.00" occupancy="2.74" speed="12.89" harmonicMeanSpeed="12.77" length="5.00" nVehEntered="7"/>
    <interval begin="2300.00" end="2400.00" id="inductionLoop.N0" nVehContrib="4" flow="144.00" occupancy="1.93" speed="12.26" harmonicMeanSpeed="12.07" length="5.00" nVehEntered="5"/>
    <interval begin="2400.00" end="2500.00" id="inductionLoop.N0" nVehContrib="9" flow="324.00" occupancy="4.00" speed="11.56" harmonicMeanSpeed="11.24" length="5.00" nVehEntered="9"/>
    <interval begin="2500.00" end="2600.00" id="inductionLoop.N0" nVehContrib="5" flow="180.00" occupancy="2.10" speed="12.05" harmonicMeanSpeed="11.90" length="5.00" nVehEntered="5"/>
    <interval begin="2600.00" end="2700.00" id="inductionLoop.N0" nVehContrib="7" flow="252.00" occupancy="2.79" speed="12.66" harmonicMeanSpeed="12.56" length="5.00" nVehEntered="7"/>
    <interval begin="2700.00" end="2800.00" id="inductionLoop.N0" nVehContrib="7" flow="252.00" occupancy="2.92" speed="12.19" harmonicMeanSpeed="12.00" length="5.00" nVehEntered="7"/>
    <interval begin="2800.00" end="2900.00" id="inductionLoop.N0" nVehContrib="3" flow="108.00" occupancy="1.19" speed="12.60" harmonicMeanSpeed="12.59" length="5.00" nVehEntered="3"/>
    <interval begin="2900.00" end="3000.00" id="inductionLoop.N0" nVehContrib="3" flow="108.00" occupancy="1.09" speed="13.74" harmonicMeanSpeed="13.72" length="5.00" nVehEntered="3"/>
    <interval begin="3000.00" end="3100.00" id="inductionLoop.N0" nVehContrib="7" flow="252.00" occupancy="2.69" speed="13.10" harmonicMeanSpeed="13.02" length="5.00" nVehEntered="7"/>
    <interval begin="3100.00" end="3200.00" id="inductionLoop.N0" nVehContrib="8" flow="288.00" occupancy="3.29" speed="12.23" harmonicMeanSpeed="12.16" length="5.00" nVehEntered="8"/>
    <interval begin="3200.00" end="3300.00" id="inductionLoop.N0" nVehContrib="5" flow="180.00" occupancy="1.96" speed="12.91" harmonicMeanSpeed="12.78" length="5.00" nVehEntered="5"/>
    <interval begin="3300.00" end="3400.00" id="inductionLoop.N0" nVehContrib="6" flow="216.00" occupancy="2.41" speed="12.70" harmonicMeanSpeed="12.47" length="5.00" nVehEntered="6"/>
    <interval begin="3400.00" end="3500.00" id="inductionLoop.N0" nVehContrib="4" flow="144.00" occupancy="1.59" speed="12.63" harmonicMeanSpeed="12.54" length="5.00" nVehEntered="4"/>
    <interval begin="3500.00" end="3600.00" id="inductionLoop.N0" nVehContrib="9" flow="324.00" occupancy="3.76" speed="12.22" harmonicMeanSpeed="11.97" length="5.00" nVehEntered="9"/>
    <interval begin="3600.00" end="3700.00" id="inductionLoop.N0" nVehContrib="10" flow="360.00" occupancy="5.22" speed="10.35" harmonicMeanSpeed="9.59" length="5.00" nVehEntered="10"/>
    <interval begin="3700.00" end="3800.00" id="inductionLoop.N0" nVehContrib="6" flow="216.00" occupancy="2.60" speed="11.85" harmonicMeanSpeed="11.83" length="5.00" nVehEntered="7"/>
    <interval begin="3800.00" end="3900.00" id="inductionLoop.N0" nVehContrib="8" flow="288.00" occupancy="3.36" speed="12.04" harmonicMeanSpeed="11.89" length="5.00" nVehEntered="8"/>
    <interval begin="3900.00" end="4000.00" id="inductionLoop.N0" nVehContrib="11" flow="396.00" occupancy="4.66" speed="12.11" harmonicMeanSpeed="11.81" length="5.00" nVehEntered="11"/>
    <interval begin="4000.00" end="4100.00" id="inductionLoop.N0" nVehContrib="10" flow="360.00" occupancy="4.59" speed="12.51" harmonicMeanSpeed="12.13" length="5.00" nVehEntered="11"/>
    <interval begin="4100.00" end="4200.00" id="inductionLoop.N0" nVehContrib="7" flow="252.00" occupancy="2.77" speed="12.79" harmonicMeanSpeed="12.64" length="5.00" nVehEntered="7"/>
    <interval begin="4200.00" end="4300.00" id="inductionLoop.N0" nVehContrib="6" flow="216.00" occupancy="2.39" speed="13.17" harmonicMeanSpeed="12.99" length="5.00" nVehEntered="7"/>
    <interval begin="4300.00" end="4400.00" id="inductionLoop.N0" nVehContrib="5" flow="180.00" occupancy="2.03" speed="11.91" harmonicMeanSpeed="11.85" length="5.00" nVehEntered="4"/>
    <interval begin="4400.00" end="4500.00" id="inductionLoop.N0" nVehContrib="6" flow="216.00" occupancy="2.62" speed="11.49" harmonicMeanSpeed="11.43" length="5.00" nVehEntered="6"/>
    <interval begin="4500.00" end="4600.00" id="inductionLoop.N0" nVehContrib="6" flow="216.00" occupancy="2.38" speed="12.84" harmonicMeanSpeed="12.61" length="5.00" nVehEntered="6"/>
    <interval begin="4600.00" end="4700.00" id="inductionLoop.N0" nVehContrib="4" flow="144.00" occupancy="1.74" speed="11.90" harmonicMeanSpeed="11.49" length="5.00" nVehEntered="4"/>
    <interval begin="4700.00" end="4800.00" id="inductionLoop.N0" nVehContrib="8" flow="288.00" occupancy="3.08" speed="13.08" harmonicMeanSpeed="12.98" length="5.00" nVehEntered="8"/>
    <interval begin="4800.00" end="4900.00" id="inductionLoop.N0" nVehContrib="8" flow="288.00" occupancy="3.42" speed="12.06" harmonicMeanSpeed="11.71" length="5.00" nVehEntered="8"/>
    <interval begin="4900.00" end="5000.00" id="inductionLoop.N0" nVehContrib="4" flow="144.00" occupancy="2.51" speed="10.99" harmonicMeanSpeed="8.85" length="5.00" nVehEntered="5"/>
    <interval begin="5000.00" end="5100.00" id="inductionLoop.N0" nVehContrib="4" flow="144.00" occupancy="1.52" speed="13.16" harmonicMeanSpeed="13.14" length="5.00" nVehEntered="4"/>
    <interval begin="5100.00" end="5200.00" id="inductionLoop.N0" nVehContrib="6" flow="216.00" occupancy="2.26" speed="13.39" harmonicMeanSpeed="13.29" length="5.00" nVehEntered="6"/>
    <interval begin="5200.00" end="5300.00" id="inductionLoop.N0" nVehContrib="5" flow="180.00" occupancy="1.86" speed="13.47" harmonicMeanSpeed="13.43" length="5.00" nVehEntered="5"/>
    <interval begin="5300.00" end="5400.00" id="inductionLoop.N0" nVehContrib="9" flow="324.00" occupancy="3.70" speed="12.23" harmonicMeanSpeed="12.16" length="5.00" nVehEntered="9"/>
    <interval begin="5400.00" end="5500.00" id="inductionLoop.N0" nVehContrib="10" flow="360.00" occupancy="4.44" speed="11.51" harmonicMeanSpeed="11.25" length="5.00" nVehEntered="10"/>
    <interval begin="5500.00" end="5600.00" id="inductionLoop.N0" nVehContrib="7" flow="252.00" occupancy="2.99" speed="11.86" harmonicMeanSpeed="11.72" length="5.00" nVehEntered="7"/>
    <interval begin="5600.00" end="5700.00" id="inductionLoop.N0" nVehContrib="7" flow="252.00" occupancy="3.00" speed="13.06" harmonicMeanSpeed="12.82" length="5.00" nVehEntered="8"/>
    <interval begin="5700.00" end="5800.00" id="inductionLoop.N0" nVehContrib="7" flow="252.00" occupancy="3.34" speed="10.74" harmonicMeanSpeed="10.48" length="5.00" nVehEntered="7"/>
    <interval begin="5800.00" end="5900.00" id="inductionLoop.N0" nVehContrib="8" flow="288.00" occupancy="3.13" speed="12.91" harmonicMeanSpeed="12.77" length="5.00" nVehEntered="8"/>
    <interval begin="5900.00" end="6000.00" id="inductionLoop.N0" nVehContrib="6" flow="216.00" occupancy="2.67" speed="12.82" harmonicMeanSpeed="12.76" length="5.00" nVehEntered="7"/>
    <interval begin="6000.00" end="6100.00" id="inductionLoop.N0" nVehContrib="4" flow="144.00" occupancy="1.66" speed="12.08" harmonicMeanSpeed="12.03" length="5.00" nVehEntered="4"/>
    <interval begin="6100.00" end="6200.00" id="inductionLoop.N0" nVehContrib="3" flow="108.00" occupancy="1.24" speed="12.07" harmonicMeanSpeed="12.06" length="5.00" nVehEntered="3"/>
    <interval begin="6200.00" end="6300.00" id="inductionLoop.N0" nVehContrib="2" flow="72.00" occupancy="0.84" speed="12.15" harmonicMeanSpeed="11.98" length="5.00" nVehEntered="2"/>
    <interval begin="6300.00" end="6400.00" id="inductionLoop.N0" nVehContrib="4" flow="144.00" occupancy="1.50" speed="13.52" harmonicMeanSpeed="13.34" length="5.00" nVehEntered="4"/>
    <interval begin="6400.00" end="6500.00" id="inductionLoop.N0" nVehContrib="8" flow="288.00" occupancy="3.57" speed="12.26" harmonicMeanSpeed="12.06" length="5.00" nVehEntered="9"/>
    <interval begin="6500.00" end="6600.00" id="inductionLoop.N0" nVehContrib="9" flow="324.00" occupancy="4.59" speed="11.33" harmonicMeanSpeed="11.13" length="5.00" nVehEntered="11"/>
    <interval begin="6600.00" end="6700.00" id="inductionLoop.N0" nVehContrib="8" flow="288.00" occupancy="3.02" speed="13.31" harmonicMeanSpeed="13.23" length="5.00" nVehEntered="8"/>
    <interval begin="6700.00" end="6800.00" id="inductionLoop.N0" nVehContrib="7" flow="252.00" occupancy="2.80" speed="12.53" harmonicMeanSpeed="12.48" length="5.00" nVehEntered="7"/>
    <interval begin="6800.00" end="6900.00" id="inductionLoop.N0" nVehContrib="3" flow="108.00" occupancy="1.11" speed="13.75" harmonicMeanSpeed="13.74" length="5.00" nVehEntered="4"/>
    <interval begin="6900.00" end="7000.00" id="inductionLoop.N0" nVehContrib="5" flow="180.00" occupancy="2.08" speed="12.05" harmonicMeanSpeed="12.01" length="5.00" nVehEntered="5"/>
    <interval begin="7000.00" end="7100.00" id="inductionLoop.N0" nVehContrib="6" flow="216.00" occupancy="2.40" speed="12.66" harmonicMeanSpeed="12.50" length="5.00" nVehEntered="6"/>
    <interval begin="7100.00" end="7200.00" id="inductionLoop.N0" nVehContrib="6" flow="216.00" occupancy="2.76" speed="11.19" harmonicMeanSpeed="10.87" length="5.00" nVehEntered="6"/>
    <interval begin="7200.00" end="7300.00" id="inductionLoop.N0" nVehContrib="7" flow="252.00" occupancy="2.98" speed="11.92" harmonicMeanSpeed="11.76" length="5.00" nVehEntered="7"/>
    <interval begin="7300.00" end="7400.00" id="inductionLoop.N0" nVehContrib="7" flow="252.00" occupancy="2.61" speed="13.42" harmonicMeanSpeed="13.39" length="5.00" nVehEntered="7"/>
    <interval begin="7400.00" end="7500.00" id="inductionLoop.N0" nVehContrib="5" flow="180.00" occupancy="1.83" speed="13.77" harmonicMeanSpeed="13.64" length="5.00" nVehEntered="5"/>
    <interval begin="7500.00" end="7600.00" id="inductionLoop.N0" nVehContrib="1" flow="36.00" occupancy="0.44" speed="13.18" harmonicMeanSpeed="13.18" length="5.00" nVehEntered="2"/>
    <interval begin="7600.00" end="7700.00" id="inductionLoop.N0" nVehContrib="4" flow="144.00" occupancy="1.68" speed="11.56" harmonicMeanSpeed="11.49" length="5.00" nVehEntered="3"/>
    <interval begin="7700.00" end="7800.00" id="inductionLoop.N0" nVehContrib="3" flow="108.00" occupancy="1.14" speed="13.21" harmonicMeanSpeed="13.18" length="5.00" nVehEntered="3"/>
    <interval begin="7800.00" end="7900.00" id="inductionLoop.N0" nVehContrib="3" flow="108.00" occupancy="1.17" speed="13.75" harmonicMeanSpeed="13.75" length="5.00" nVehEntered="4"/>
    <interval begin="7900.00" end="8000.00" id="inductionLoop.N0" nVehContrib="6" flow="216.00" occupancy="2.74" speed="12.41" harmonicMeanSpeed="12.30" length="5.00" nVehEntered="7"/>
    <interval begin="8000.00" end="8100.00" id="inductionLoop.N0" nVehContrib="2" flow="72.00" occupancy="0.75" speed="13.41" harmonicMeanSpeed="13.25" length="5.00" nVehEntered="2"/>
    <interval begin="8100.00" end="8200.00" id="inductionLoop.N0" nVehContrib="3" flow="108.00" occupancy="1.13" speed="13.40" harmonicMeanSpeed="13.33" length="5.00" nVehEntered="3"/>
    <interval begin="8200.00" end="8300.00" id="inductionLoop.N0" nVehContrib="5" flow="180.00" occupancy="2.08" speed="12.18" harmonicMeanSpeed="12.00" length="5.00" nVehEntered="5"/>
    <interval begin="8300.00" end="8400.00" id="inductionLoop.N0" nVehContrib="3" flow="108.00" occupancy="1.13" speed="13.30" harmonicMeanSpeed="13.29" length="5.00" nVehEntered="3"/>
    <interval begin="8400.00" end="8500.00" id="inductionLoop.N0" nVehContrib="4" flow="144.00" occupancy="1.68" speed="12.54" harmonicMeanSpeed="11.90" length="5.00" nVehEntered="4"/>
    <interval begin="8500.00" end="8600.00" id="inductionLoop.N0" nVehContrib="5" flow="180.00" occupancy="2.05" speed="12.21" harmonicMeanSpeed="12.17" length="5.00" nVehEntered="5"/>
    <interval begin="8600.00" end="8700.00" id="inductionLoop.N0" nVehContrib="2" flow="72.00" occupancy="0.90" speed="11.17" harmonicMeanSpeed="11.15" length="5.00" nVehEntered="2"/>
    <interval begin="8700.00" end="8800.00" id="inductionLoop.N0" nVehContrib="4" flow="144.00" occupancy="1.78" speed="11.33" harmonicMeanSpeed="11.25" length="5.00" nVehEntered="4"/>
    <interval begin="8800.00" end="8900.00" id="inductionLoop.N0" nVehContrib="6" flow="216.00" occupancy="2.28" speed="13.25" harmonicMeanSpeed="13.16" length="5.00" nVehEntered="6"/>
    <interval begin="8900.00" end="9000.00" id="inductionLoop.N0" nVehContrib="3" flow="108.00" occupancy="1.15" speed="13.06" harmonicMeanSpeed="13.01" length="5.00" nVehEntered="3"/>
    <interval begin="9000.00" end="9100.00" id="inductionLoop.N0" nVehContrib="6" flow="216.00" occupancy="2.33" speed="13.09" harmonicMeanSpeed="12.86" length="5.00" nVehEntered="6"/>
    <interval begin="9100.00" end="9200.00" id="inductionLoop.N0" nVehContrib="4" flow="144.00" occupancy="1.48" speed="13.52" harmonicMeanSpeed="13.48" length="5.00" nVehEntered="4"/>
    <interval begin="9200.00" end="9300.00" id="inductionLoop.N0" nVehContrib="4" flow="144.00" occupancy="1.70" speed="11.94" harmonicMeanSpeed="11.74" length="5.00" nVehEntered="4"/>
    <interval begin="9300.00" end="9400.00" id="inductionLoop.N0" nVehContrib="6" flow="216.00" occupancy="2.45" speed="12.32" harmonicMeanSpeed="12.25" length="5.00" nVehEntered="6"/>
    <interval begin="9400.00" end="9500.00" id="inductionLoop.N0" nVehContrib="7" flow="252.00" occupancy="2.83" speed="12.41" harmonicMeanSpeed="12.39" length="5.00" nVehEntered="7"/>
    <interval begin="9500.00" end="9600.00" id="inductionLoop.N0" nVehContrib="5" flow="180.00" occupancy="1.97" speed="12.79" harmonicMeanSpeed="12.72" length="5.00" nVehEntered="5"/>
    <interval begin="9600.00" end="9700.00" id="inductionLoop.N0" nVehContrib="10" flow="360.00" occupancy="4.06" speed="12.38" harmonicMeanSpeed="12.31" length="5.00" nVehEntered="10"/>
    <interval begin="9700.00" end="9800.00" id="inductionLoop.N0" nVehContrib="3" flow="108.00" occupancy="1.22" speed="12.43" harmonicMeanSpeed="12.28" length="5.00" nVehEntered="3"/>
    <interval begin="9800.00" end="9900.00" id="inductionLoop.N0" nVehContrib="9" flow="324.00" occupancy="3.70" speed="12.32" harmonicMeanSpeed="12.17" length="5.00" nVehEntered="9"/>
    <interval begin="9900.00" end="10000.00" id="inductionLoop.N0" nVehContrib="6" flow="216.00" occupancy="2.37" speed="12.67" harmonicMeanSpeed="12.64" length="5.00" nVehEntered="6"/>
    <interval begin="10000.00" end="10100.00" id="inductionLoop.N0" nVehContrib="7" flow="252.00" occupancy="2.67" speed="13.20" harmonicMeanSpeed="13.12" length="5.00" nVehEntered="7"/>
    <interval begin="10100.00" end="10200.00" id="inductionLoop.N0" nVehContrib="9" flow="324.00" occupancy="3.77" speed="12.09" harmonicMeanSpeed="11.95" length="5.00" nVehEntered="9"/>
    <interval begin="10200.00" end="10300.00" id="inductionLoop.N0" nVehContrib="4" flow="144.00" occupancy="1.58" speed="12.71" harmonicMeanSpeed="12.66" length="5.00" nVehEntered="4"/>
    <interval begin="10300.00" end="10400.00" id="inductionLoop.N0" nVehContrib="0" flow="0.00" occupancy="0.00" speed="-1.00" harmonicMeanSpeed="-1.00" length="-1.00" nVehEntered="0"/>
    <interval begin="10400.00" end="10500.00" id="inductionLoop.N0" nVehContrib="3" flow="108.00" occupancy="1.20" speed="12.64" harmonicMeanSpeed="12.55" length="5.00" nVehEntered="3"/>
    <interval begin="10500.00" end="10600.00" id="inductionLoop.N0" nVehContrib="6" flow="216.00" occupancy="2.60" speed="11.61" harmonicMeanSpeed="11.53" length="5.00" nVehEntered="6"/>
    <interval begin="10600.00" end="10700.00" id="inductionLoop.N0" nVehContrib="7" flow="252.00" occupancy="2.96" speed="11.92" harmonicMeanSpeed="11.82" length="5.00" nVehEntered="7"/>
    <interval begin="10700.00" end="10800.00" id="inductionLoop.N0" nVehContrib="3" flow="108.00" occupancy="1.22" speed="12.33" harmonicMeanSpeed="12.30" length="5.00" nVehEntered="3"/>
    <interval begin="10800.00" end="10900.00" id="inductionLoop.N0" nVehContrib="2" flow="72.00" occupancy="0.96" speed="13.32" harmonicMeanSpeed="13.32" length="5.00" nVehEntered="3"/>
    <interval begin="10900.00" end="11000.00" id="inductionLoop.N0" nVehContrib="2" flow="72.00" occupancy="0.83" speed="12.12" harmonicMeanSpeed="12.01" length="5.00" nVehEntered="2"/>
    <interval begin="11000.00" end="11100.00" id="inductionLoop.N0" nVehContrib="5" flow="180.00" occupancy="1.99" speed="12.70" harmonicMeanSpeed="12.58" length="5.00" nVehEntered="5"/>
    <interval begin="11100.00" end="11200.00" id="inductionLoop.N0" nVehContrib="5" flow="180.00" occupancy="1.98" speed="12.81" harmonicMeanSpeed="12.65" length="5.00" nVehEntered="5"/>
    <interval begin="11200.00" end="11300.00" id="inductionLoop.N0" nVehContrib="2" flow="72.00" occupancy="0.81" speed="12.28" harmonicMeanSpeed="12.28" length="5.00" nVehEntered="2"/>
    <interval begin="11300.00" end="11400.00" id="inductionLoop.N0" nVehContrib="2" flow="72.00" occupancy="0.74" speed="13.46" harmonicMeanSpeed="13.46" length="5.00" nVehEntered="2"/>
    <interval begin="11400.00" end="11500.00" id="inductionLoop.N0" nVehContrib="3" flow="108.00" occupancy="1.14" speed="13.30" harmonicMeanSpeed="13.14" length="5.00" nVehEntered="3"/>
    <interval begin="11500.00" end="11600.00" id="inductionLoop.N0" nVehContrib="3" flow="108.00" occupancy="1.09" speed="13.84" harmonicMeanSpeed="13.80" length="5.00" nVehEntered="3"/>
    <interval begin="11600.00" end="11700.00" id="inductionLoop.N0" nVehContrib="2" flow="72.00" occupancy="0.74" speed="13.45" harmonicMeanSpeed="13.45" length="5.00" nVehEntered="2"/>
    <interval begin="11700.00" end="11800.00" id="inductionLoop.N0" nVehContrib="3" flow="108.00" occupancy="1.17" speed="12.87" harmonicMeanSpeed="12.87" length="5.00" nVehEntered="3"/>
    <interval begin="11800.00" end="11900.00" id="inductionLoop.N0" nVehContrib="4" flow="144.00" occupancy="1.61" speed="12.44" harmonicMeanSpeed="12.41" length="5.00" nVehEntered="4"/>
    <interval begin="11900.00" end="12000.00" id="inductionLoop.N0" nVehContrib="6" flow="216.00" occupancy="2.20" speed="13.72" harmonicMeanSpeed="13.63" length="5.00" nVehEntered="6"/>
    <interval begin="12000.00" end="12100.00" id="inductionLoop.N0" nVehContrib="6" flow="216.00" occupancy="2.25" speed="13.38" harmonicMeanSpeed="13.33" length="5.00" nVehEntered="6"/>
    <interval begin="12100.00" end="12200.00" id="inductionLoop.N0" nVehContrib="2" flow="72.00" occupancy="0.83" speed="12.16" harmonicMeanSpeed="11.98" length="5.00" nVehEntered="2"/>
    <interval begin="12200.00" end="12300.00" id="inductionLoop.N0" nVehContrib="3" flow="108.00" occupancy="1.17" speed="12.86" harmonicMeanSpeed="12.86" length="5.00" nVehEntered="3"/>
    <interval begin="12300.00" end="12400.00" id="inductionLoop.N0" nVehContrib="2" flow="72.00" occupancy="0.86" speed="11.65" harmonicMeanSpeed="11.64" length="5.00" nVehEntered="2"/>
    <interval begin="12400.00" end="12500.00" id="inductionLoop.N0" nVehContrib="2" flow="72.00" occupancy="0.82" speed="12.31" harmonicMeanSpeed="12.25" length="5.00" nVehEntered="2"/>
    <interval begin="12500.00" end="12600.00" id="inductionLoop.N0" nVehContrib="4" flow="144.00" occupancy="1.62" speed="12.35" harmonicMeanSpeed="12.32" length="5.00" nVehEntered="4"/>
    <interval begin="12600.00" end="12700.00" id="inductionLoop.N0" nVehContrib="6" flow="216.00" occupancy="2.44" speed="12.99" harmonicMeanSpeed="12.92" length="5.00" nVehEntered="7"/>
    <interval begin="12700.00" end="12800.00" id="inductionLoop.N0" nVehContrib="1" flow="36.00" occupancy="0.37" speed="13.57" harmonicMeanSpeed="13.57" length="5.00" nVehEntered="1"/>
    <interval begin="12800.00" end="12900.00" id="inductionLoop.N0" nVehContrib="2" flow="72.00" occupancy="0.67" speed="14.91" harmonicMeanSpeed="14.91" length="5.00" nVehEntered="2"/>
    <interval begin="12900.00" end="13000.00" id="inductionLoop.N0" nVehContrib="3" flow="108.00" occupancy="1.28" speed="11.71" harmonicMeanSpeed="11.71" length="5.00" nVehEntered="3"/>
    <interval begin="13000.00" end="13100.00" id="inductionLoop.N0" nVehContrib="5" flow="180.00" occupancy="2.06" speed="13.90" harmonicMeanSpeed="13.83" length="5.00" nVehEntered="6"/>
    <interval begin="13100.00" end="13200.00" id="inductionLoop.N0" nVehContrib="6" flow="216.00" occupancy="2.37" speed="12.69" harmonicMeanSpeed="12.63" length="5.00" nVehEntered="6"/>
    <interval begin="13200.00" end="13300.00" id="inductionLoop.N0" nVehContrib="3" flow="108.00" occupancy="1.10" speed="13.85" harmonicMeanSpeed="13.70" length="5.00" nVehEntered="3"/>
    <interval begin="13300.00" end="13400.00" id="inductionLoop.N0" nVehContrib="5" flow="180.00" occupancy="2.11" speed="12.06" harmonicMeanSpeed="11.87" length="5.00" nVehEntered="5"/>
    <interval begin="13400.00" end="13500.00" id="inductionLoop.N0" nVehContrib="5" flow="180.00" occupancy="1.81" speed="13.89" harmonicMeanSpeed="13.84" length="5.00" nVehEntered="5"/>
    <interval begin="13500.00" end="13600.00" id="inductionLoop.N0" nVehContrib="4" flow="144.00" occupancy="1.58" speed="12.70" harmonicMeanSpeed="12.67" length="5.00" nVehEntered="4"/>
    <interval begin="13600.00" end="13700.00" id="inductionLoop.N0" nVehContrib="6" flow="216.00" occupancy="2.39" speed="12.62" harmonicMeanSpeed="12.55" length="5.00" nVehEntered="6"/>
    <interval begin="13700.00" end="13800.00" id="inductionLoop.N0" nVehContrib="6" flow="216.00" occupancy="2.53" speed="11.96" harmonicMeanSpeed="11.84" length="5.00" nVehEntered="6"/>
    <interval begin="13800.00" end="13900.00" id="inductionLoop.N0" nVehContrib="3" flow="108.00" occupancy="1.12" speed="13.39" harmonicMeanSpeed="13.39" length="5.00" nVehEntered="3"/>
    <interval begin="13900.00" end="14000.00" id="inductionLoop.N0" nVehContrib="2" flow="72.00" occupancy="0.80" speed="12.58" harmonicMeanSpeed="12.49" length="5.00" nVehEntered="2"/>
    <interval begin="14000.00" end="14100.00" id="inductionLoop.N0" nVehContrib="2" flow="72.00" occupancy="0.70" speed="14.45" harmonicMeanSpeed="14.32" length="5.00" nVehEntered="2"/>
    <interval begin="14100.00" end="14200.00" id="inductionLoop.N0" nVehContrib="3" flow="108.00" occupancy="1.14" speed="13.17" harmonicMeanSpeed="13.15" length="5.00" nVehEntered="3"/>
    <interval begin="14200.00" end="14300.00" id="inductionLoop.N0" nVehContrib="5" flow="180.00" occupancy="1.92" speed="13.04" harmonicMeanSpeed="13.00" length="5.00" nVehEntered="5"/>
    <interval begin="14300.00" end="14400.00" id="inductionLoop.N0" nVehContrib="4" flow="144.00" occupancy="1.59" speed="12.79" harmonicMeanSpeed="12.57" length="5.00" nVehEntered="4"/>
    <interval begin="14400.00" end="14500.00" id="inductionLoop.N0" nVehContrib="0" flow="0.00" occupancy="0.00" speed="-1.00" harmonicMeanSpeed="-1.00" length="-1.00" nVehEntered="0"/>
    <interval begin="14500.00" end="14600.00" id="inductionLoop.N0" nVehContrib="3" flow="108.00" occupancy="1.16" speed="13.04" harmonicMeanSpeed="12.98" length="5.00" nVehEntered="3"/>
    <interval begin="14600.00" end="14700.00" id="inductionLoop.N0" nVehContrib="7" flow="252.00" occupancy="2.77" speed="12.73" harmonicMeanSpeed="12.64" length="5.00" nVehEntered="7"/>
    <interval begin="14700.00" end="14800.00" id="inductionLoop.N0" nVehContrib="5" flow="180.00" occupancy="1.93" speed="13.06" harmonicMeanSpeed="12.98" length="5.00" nVehEntered="5"/>
    <interval begin="14800.00" end="14900.00" id="inductionLoop.N0" nVehContrib="2" flow="72.00" occupancy="0.75" speed="13.27" harmonicMeanSpeed="13.27" length="5.00" nVehEntered="2"/>
    <interval begin="14900.00" end="15000.00" id="inductionLoop.N0" nVehContrib="4" flow="144.00" occupancy="1.67" speed="12.04" harmonicMeanSpeed="11.99" length="5.00" nVehEntered="4"/>
    <interval begin="15000.00" end="15100.00" id="inductionLoop.N0" nVehContrib="4" flow="144.00" occupancy="1.50" speed="13.38" harmonicMeanSpeed="13.35" length="5.00" nVehEntered="4"/>
    <interval begin="15100.00" end="15200.00" id="inductionLoop.N0" nVehContrib="4" flow="144.00" occupancy="1.62" speed="12.46" harmonicMeanSpeed="12.37" length="5.00" nVehEntered="4"/>
    <interval begin="15200.00" end="15300.00" id="inductionLoop.N0" nVehContrib="6" flow="216.00" occupancy="2.35" speed="12.78" harmonicMeanSpeed="12.76" length="5.00" nVehEntered="6"/>
    <interval begin="15300.00" end="15400.00" id="inductionLoop.N0" nVehContrib="5" flow="180.00" occupancy="2.07" speed="12.23" harmonicMeanSpeed="12.06" length="5.00" nVehEntered="5"/>
    <interval begin="15400.00" end="15500.00" id="inductionLoop.N0" nVehContrib="5" flow="180.00" occupancy="1.94" speed="12.95" harmonicMeanSpeed="12.88" length="5.00" nVehEntered="5"/>
    <interval begin="15500.00" end="15600.00" id="inductionLoop.N0" nVehContrib="2" flow="72.00" occupancy="0.83" speed="14.16" harmonicMeanSpeed="14.15" length="5.00" nVehEntered="3"/>
    <interval begin="15600.00" end="15700.00" id="inductionLoop.N0" nVehContrib="4" flow="144.00" occupancy="1.61" speed="13.01" harmonicMeanSpeed="12.46" length="5.00" nVehEntered="4"/>
    <interval begin="15700.00" end="15800.00" id="inductionLoop.N0" nVehContrib="10" flow="360.00" occupancy="4.61" speed="11.44" harmonicMeanSpeed="11.06" length="5.00" nVehEntered="11"/>
    <interval begin="15800.00" end="15900.00" id="inductionLoop.N0" nVehContrib="3" flow="108.00" occupancy="1.27" speed="11.88" harmonicMeanSpeed="11.83" length="5.00" nVehEntered="3"/>
    <interval begin="15900.00" end="16000.00" id="inductionLoop.N0" nVehContrib="6" flow="216.00" occupancy="2.34" speed="12.93" harmonicMeanSpeed="12.83" length="5.00" nVehEntered="6"/>
    <interval begin="16000.00" end="16100.00" id="inductionLoop.N0" nVehContrib="5" flow="180.00" occupancy="1.95" speed="12.88" harmonicMeanSpeed="12.85" length="5.00" nVehEntered="5"/>
    <interval begin="16100.00" end="16200.00" id="inductionLoop.N0" nVehContrib="4" flow="144.00" occupancy="1.57" speed="12.80" harmonicMeanSpeed="12.72" length="5.00" nVehEntered="4"/>
    <interval begin="16200.00" end="16300.00" id="inductionLoop.N0" nVehContrib="3" flow="108.00" occupancy="1.09" speed="13.82" harmonicMeanSpeed="13.81" length="5.00" nVehEntered="3"/>
    <interval begin="16300.00" end="16400.00" id="inductionLoop.N0" nVehContrib="8" flow="288.00" occupancy="3.15" speed="12.85" harmonicMeanSpeed="12.69" length="5.00" nVehEntered="8"/>
    <interval begin="16400.00" end="16500.00" id="inductionLoop.N0" nVehContrib="7" flow="252.00" occupancy="2.81" speed="12.48" harmonicMeanSpeed="12.45" length="5.00" nVehEntered="7"/>
    <interval begin="16500.00" end="16600.00" id="inductionLoop.N0" nVehContrib="9" flow="324.00" occupancy="3.99" speed="11.53" harmonicMeanSpeed="11.28" length="5.00" nVehEntered="9"/>
    <interval begin="16600.00" end="16700.00" id="inductionLoop.N0" nVehContrib="7" flow="252.00" occupancy="2.78" speed="12.66" harmonicMeanSpeed="12.61" length="5.00" nVehEntered="7"/>
    <interval begin="16700.00" end="16800.00" id="inductionLoop.N0" nVehContrib="1" flow="36.00" occupancy="0.41" speed="12.22" harmonicMeanSpeed="12.22" length="5.00" nVehEntered="1"/>
    <interval begin="16800.00" end="16900.00" id="inductionLoop.N0" nVehContrib="2" flow="72.00" occupancy="0.71" speed="14.16" harmonicMeanSpeed="14.16" length="5.00" nVehEntered="2"/>
    <interval begin="16900.00" end="17000.00" id="inductionLoop.N0" nVehContrib="4" flow="144.00" occupancy="1.65" speed="12.34" harmonicMeanSpeed="12.12" length="5.00" nVehEntered="4"/>
    <interval begin="17000.00" end="17100.00" id="inductionLoop.N0" nVehContrib="3" flow="108.00" occupancy="1.25" speed="12.11" harmonicMeanSpeed="12.03" length="5.00" nVehEntered="3"/>
    <interval begin="17100.00" end="17200.00" id="inductionLoop.N0" nVehContrib="6" flow="216.00" occupancy="2.49" speed="12.49" harmonicMeanSpeed="12.03" length="5.00" nVehEntered="6"/>
    <interval begin="17200.00" end="17300.00" id="inductionLoop.N0" nVehContrib="5" flow="180.00" occupancy="2.03" speed="12.41" harmonicMeanSpeed="12.34" length="5.00" nVehEntered="5"/>
    <interval begin="17300.00" end="17400.00" id="inductionLoop.N0" nVehContrib="5" flow="180.00" occupancy="2.10" speed="12.65" harmonicMeanSpeed="12.60" length="5.00" nVehEntered="6"/>
    <interval begin="17400.00" end="17500.00" id="inductionLoop.N0" nVehContrib="8" flow="288.00" occupancy="3.18" speed="12.67" harmonicMeanSpeed="12.57" length="5.00" nVehEntered="8"/>
    <interval begin="17500.00" end="17600.00" id="inductionLoop.N0" nVehContrib="11" flow="396.00" occupancy="4.36" speed="12.82" harmonicMeanSpeed="12.62" length="5.00" nVehEntered="11"/>
    <interval begin="17600.00" end="17700.00" id="inductionLoop.N0" nVehContrib="8" flow="288.00" occupancy="3.10" speed="12.99" harmonicMeanSpeed="12.89" length="5.00" nVehEntered="8"/>
    <interval begin="17700.00" end="17800.00" id="inductionLoop.N0" nVehContrib="11" flow="396.00" occupancy="4.50" speed="12.38" harmonicMeanSpeed="12.22" length="5.00" nVehEntered="11"/>
    <interval begin="17800.00" end="17900.00" id="inductionLoop.N0" nVehContrib="9" flow="324.00" occupancy="3.80" speed="12.00" harmonicMeanSpeed="11.83" length="5.00" nVehEntered="9"/>
    <interval begin="17900.00" end="18000.00" id="inductionLoop.N0" nVehContrib="7" flow="252.00" occupancy="2.82" speed="12.46" harmonicMeanSpeed="12.43" length="5.00" nVehEntered="7"/>
    <interval begin="18000.00" end="18100.00" id="inductionLoop.N0" nVehContrib="7" flow="252.00" occupancy="2.85" speed="12.44" harmonicMeanSpeed="12.29" length="5.00" nVehEntered="7"/>
    <interval begin="18100.00" end="18200.00" id="inductionLoop.N0" nVehContrib="4" flow="144.00" occupancy="1.76" speed="11.57" harmonicMeanSpeed="11.36" length="5.00" nVehEntered="4"/>
    <interval begin="18200.00" end="18300.00" id="inductionLoop.N0" nVehContrib="6" flow="216.00" occupancy="2.57" speed="12.01" harmonicMeanSpeed="11.66" length="5.00" nVehEntered="6"/>
    <interval begin="18300.00" end="18400.00" id="inductionLoop.N0" nVehContrib="5" flow="180.00" occupancy="2.13" speed="11.89" harmonicMeanSpeed="11.73" length="5.00" nVehEntered="5"/>
    <interval begin="18400.00" end="18500.00" id="inductionLoop.N0" nVehContrib="4" flow="144.00" occupancy="1.59" speed="12.65" harmonicMeanSpeed="12.59" length="5.00" nVehEntered="4"/>
    <interval begin="18500.00" end="18600.00" id="inductionLoop.N0" nVehContrib="10" flow="360.00" occupancy="4.17" speed="12.12" harmonicMeanSpeed="12.00" length="5.00" nVehEntered="10"/>
    <interval begin="18600.00" end="18700.00" id="inductionLoop.N0" nVehContrib="9" flow="324.00" occupancy="3.91" speed="11.85" harmonicMeanSpeed="11.52" length="5.00" nVehEntered="9"/>
    <interval begin="18700.00" end="18800.00" id="inductionLoop.N0" nVehContrib="8" flow="288.00" occupancy="4.40" speed="11.79" harmonicMeanSpeed="11.34" length="5.00" nVehEntered="10"/>
    <interval begin="18800.00" end="18900.00" id="inductionLoop.N0" nVehContrib="4" flow="144.00" occupancy="1.53" speed="13.13" harmonicMeanSpeed="13.11" length="5.00" nVehEntered="4"/>
    <interval begin="18900.00" end="19000.00" id="inductionLoop.N0" nVehContrib="13" flow="468.00" occupancy="5.46" speed="12.14" harmonicMeanSpeed="11.90" length="5.00" nVehEntered="13"/>
    <interval begin="19000.00" end="19100.00" id="inductionLoop.N0" nVehContrib="10" flow="360.00" occupancy="4.50" speed="11.34" harmonicMeanSpeed="11.12" length="5.00" nVehEntered="10"/>
    <interval begin="19100.00" end="19200.00" id="inductionLoop.N0" nVehContrib="8" flow="288.00" occupancy="3.39" speed="11.92" harmonicMeanSpeed="11.80" length="5.00" nVehEntered="8"/>
    <interval begin="19200.00" end="19300.00" id="inductionLoop.N0" nVehContrib="8" flow="288.00" occupancy="3.32" speed="12.09" harmonicMeanSpeed="12.05" length="5.00" nVehEntered="8"/>
    <interval begin="19300.00" end="19400.00" id="inductionLoop.N0" nVehContrib="6" flow="216.00" occupancy="2.74" speed="12.35" harmonicMeanSpeed="12.09" length="5.00" nVehEntered="7"/>
    <interval begin="19400.00" end="19500.00" id="inductionLoop.N0" nVehContrib="7" flow="252.00" occupancy="2.66" speed="12.35" harmonicMeanSpeed="12.03" length="5.00" nVehEntered="6"/>
    <interval begin="19500.00" end="19600.00" id="inductionLoop.N0" nVehContrib="7" flow="252.00" occupancy="2.97" speed="12.72" harmonicMeanSpeed="12.61" length="5.00" nVehEntered="8"/>
    <interval begin="19600.00" end="19700.00" id="inductionLoop.N0" nVehContrib="11" flow="396.00" occupancy="4.53" speed="12.24" harmonicMeanSpeed="12.14" length="5.00" nVehEntered="11"/>
    <interval begin="19700.00" end="19800.00" id="inductionLoop.N0" nVehContrib="8" flow="288.00" occupancy="3.33" speed="12.21" harmonicMeanSpeed="12.02" length="5.00" nVehEntered="8"/>
    <interval begin="19800.00" end="19900.00" id="inductionLoop.N0" nVehContrib="8" flow="288.00" occupancy="3.60" speed="11.26" harmonicMeanSpeed="11.11" length="5.00" nVehEntered="8"/>
    <interval begin="19900.00" end="20000.00" id="inductionLoop.N0" nVehContrib="7" flow="252.00" occupancy="3.52" speed="12.60" harmonicMeanSpeed="12.46" length="5.00" nVehEntered="10"/>
    <interval begin="20000.00" end="20100.00" id="inductionLoop.N0" nVehContrib="9" flow="324.00" occupancy="3.88" speed="11.16" harmonicMeanSpeed="11.01" length="5.00" nVehEntered="8"/>
    <interval begin="20100.00" end="20200.00" id="inductionLoop.N0" nVehContrib="8" flow="288.00" occupancy="3.54" speed="11.37" harmonicMeanSpeed="11.30" length="5.00" nVehEntered="8"/>
    <interval begin="20200.00" end="20300.00" id="inductionLoop.N0" nVehContrib="13" flow="468.00" occupancy="13.02" speed="8.26" harmonicMeanSpeed="4.99" length="5.00" nVehEntered="13"/>
    <interval begin="20300.00" end="20400.00" id="inductionLoop.N0" nVehContrib="13" flow="468.00" occupancy="14.53" speed="7.32" harmonicMeanSpeed="4.47" length="5.00" nVehEntered="13"/>
    <interval begin="20400.00" end="20500.00" id="inductionLoop.N0" nVehContrib="12" flow="432.00" occupancy="5.58" speed="11.06" harmonicMeanSpeed="10.75" length="5.00" nVehEntered="12"/>
    <interval begin="20500.00" end="20600.00" id="inductionLoop.N0" nVehContrib="15" flow="540.00" occupancy="10.04" speed="9.21" harmonicMeanSpeed="8.34" length="5.00" nVehEntered="16"/>
    <interval begin="20600.00" end="20700.00" id="inductionLoop.N0" nVehContrib="11" flow="396.00" occupancy="7.26" speed="9.70" harmonicMeanSpeed="8.99" length="5.00" nVehEntered="12"/>
    <interval begin="20700.00" end="20800.00" id="inductionLoop.N0" nVehContrib="7" flow="252.00" occupancy="2.78" speed="12.62" harmonicMeanSpeed="12.58" length="5.00" nVehEntered="7"/>
    <interval begin="20800.00" end="20900.00" id="inductionLoop.N0" nVehContrib="10" flow="360.00" occupancy="5.10" speed="10.59" harmonicMeanSpeed="9.80" length="5.00" nVehEntered="10"/>
    <interval begin="20900.00" end="21000.00" id="inductionLoop.N0" nVehContrib="12" flow="432.00" occupancy="8.48" speed="9.51" harmonicMeanSpeed="7.07" length="5.00" nVehEntered="12"/>
    <interval begin="21000.00" end="21100.00" id="inductionLoop.N0" nVehContrib="9" flow="324.00" occupancy="3.77" speed="12.27" harmonicMeanSpeed="11.94" length="5.00" nVehEntered="9"/>
    <interval begin="21100.00" end="21200.00" id="inductionLoop.N0" nVehContrib="9" flow="324.00" occupancy="3.80" speed="12.19" harmonicMeanSpeed="11.83" length="5.00" nVehEntered="9"/>
    <interval begin="21200.00" end="21300.00" id="inductionLoop.N0" nVehContrib="12" flow="432.00" occupancy="5.00" speed="12.21" harmonicMeanSpeed="12.01" length="5.00" nVehEntered="12"/>
    <interval begin="21300.00" end="21400.00" id="inductionLoop.N0" nVehContrib="8" flow="288.00" occupancy="4.59" speed="12.29" harmonicMeanSpeed="12.10" length="5.00" nVehEntered="11"/>
    <interval begin="21400.00" end="21500.00" id="inductionLoop.N0" nVehContrib="14" flow="504.00" occupancy="16.79" speed="7.87" harmonicMeanSpeed="4.17" length="5.00" nVehEntered="13"/>
    <interval begin="21500.00" end="21600.00" id="inductionLoop.N0" nVehContrib="14" flow="504.00" occupancy="13.64" speed="9.29" harmonicMeanSpeed="5.13" length="5.00" nVehEntered="14"/>
    <interval begin="21600.00" end="21700.00" id="inductionLoop.N0" nVehContrib="14" flow="504.00" occupancy="29.37" speed="4.33" harmonicMeanSpeed="2.38" length="5.00" nVehEntered="14"/>
    <interval begin="21700.00" end="21800.00" id="inductionLoop.N0" nVehContrib="12" flow="432.00" occupancy="4.93" speed="12.32" harmonicMeanSpeed="12.16" length="5.00" nVehEntered="12"/>
    <interval begin="21800.00" end="21900.00" id="inductionLoop.N0" nVehContrib="17" flow="612.00" occupancy="13.55" speed="8.58" harmonicMeanSpeed="6.27" length="5.00" nVehEntered="17"/>
    <interval begin="21900.00" end="22000.00" id="inductionLoop.N0" nVehContrib="12" flow="432.00" occupancy="12.48" speed="7.17" harmonicMeanSpeed="4.81" length="5.00" nVehEntered="12"/>
    <interval begin="22000.00" end="22100.00" id="inductionLoop.N0" nVehContrib="10" flow="360.00" occupancy="7.70" speed="10.17" harmonicMeanSpeed="7.01" length="5.00" nVehEntered="11"/>
    <interval begin="22100.00" end="22200.00" id="inductionLoop.N0" nVehContrib="11" flow="396.00" occupancy="8.17" speed="8.88" harmonicMeanSpeed="6.73" length="5.00" nVehEntered="11"/>
    <interval begin="22200.00" end="22300.00" id="inductionLoop.N0" nVehContrib="12" flow="432.00" occupancy="10.62" speed="7.45" harmonicMeanSpeed="5.65" length="5.00" nVehEntered="12"/>
    <interval begin="22300.00" end="22400.00" id="inductionLoop.N0" nVehContrib="14" flow="504.00" occupancy="25.90" speed="4.64" harmonicMeanSpeed="2.84" length="5.00" nVehEntered="15"/>
    <interval begin="22400.00" end="22500.00" id="inductionLoop.N0" nVehContrib="12" flow="432.00" occupancy="14.78" speed="7.91" harmonicMeanSpeed="3.74" length="5.00" nVehEntered="11"/>
    <interval begin="22500.00" end="22600.00" id="inductionLoop.N0" nVehContrib="13" flow="468.00" occupancy="6.73" speed="10.52" harmonicMeanSpeed="10.30" length="5.00" nVehEntered="14"/>
    <interval begin="22600.00" end="22700.00" id="inductionLoop.N0" nVehContrib="14" flow="504.00" occupancy="13.32" speed="8.64" harmonicMeanSpeed="5.26" length="5.00" nVehEntered="14"/>
    <interval begin="22700.00" end="22800.00" id="inductionLoop.N0" nVehContrib="16" flow="576.00" occupancy="10.88" speed="9.35" harmonicMeanSpeed="7.36" length="5.00" nVehEntered="16"/>
    <interval begin="22800.00" end="22900.00" id="inductionLoop.N0" nVehContrib="17" flow="612.00" occupancy="21.90" speed="6.94" harmonicMeanSpeed="3.88" length="5.00" nVehEntered="17"/>
    <interval begin="22900.00" end="23000.00" id="inductionLoop.N0" nVehContrib="14" flow="504.00" occupancy="16.04" speed="6.38" harmonicMeanSpeed="4.37" length="5.00" nVehEntered="14"/>
    <interval begin="23000.00" end="23100.00" id="inductionLoop.N0" nVehContrib="16" flow="576.00" occupancy="17.46" speed="7.30" harmonicMeanSpeed="4.58" length="5.00" nVehEntered="16"/>
    <interval begin="23100.00" end="23200.00" id="inductionLoop.N0" nVehContrib="8" flow="288.00" occupancy="4.56" speed="10.97" harmonicMeanSpeed="9.37" length="5.00" nVehEntered="9"/>
    <interval begin="23200.00" end="23300.00" id="inductionLoop.N0" nVehContrib="6" flow="216.00" occupancy="2.74" speed="12.47" harmonicMeanSpeed="12.16" length="5.00" nVehEntered="7"/>
    <interval begin="23300.00" end="23400.00" id="inductionLoop.N0" nVehContrib="14" flow="504.00" occupancy="15.97" speed="7.94" harmonicMeanSpeed="4.38" length="5.00" nVehEntered="14"/>
    <interval begin="23400.00" end="23500.00" id="inductionLoop.N0" nVehContrib="15" flow="540.00" occupancy="28.32" speed="5.54" harmonicMeanSpeed="2.65" length="5.00" nVehEntered="15"/>
    <interval begin="23500.00" end="23600.00" id="inductionLoop.N0" nVehContrib="14" flow="504.00" occupancy="20.08" speed="8.21" harmonicMeanSpeed="3.49" length="5.00" nVehEntered="14"/>
    <interval begin="23600.00" end="23700.00" id="inductionLoop.N0" nVehContrib="11" flow="396.00" occupancy="5.58" speed="11.00" harmonicMeanSpeed="9.85" length="5.00" nVehEntered="11"/>
    <interval begin="23700.00" end="23800.00" id="inductionLoop.N0" nVehContrib="13" flow="468.00" occupancy="15.78" speed="7.50" harmonicMeanSpeed="4.77" length="5.00" nVehEntered="14"/>
    <interval begin="23800.00" end="23900.00" id="inductionLoop.N0" nVehContrib="16" flow="576.00" occupancy="43.18" speed="3.08" harmonicMeanSpeed="1.86" length="5.00" nVehEntered="16"/>
    <interval begin="23900.00" end="24000.00" id="inductionLoop.N0" nVehContrib="13" flow="468.00" occupancy="15.11" speed="5.82" harmonicMeanSpeed="3.73" length="5.00" nVehEntered="12"/>
    <interval begin="24000.00" end="24100.00" id="inductionLoop.N0" nVehContrib="13" flow="468.00" occupancy="12.37" speed="8.41" harmonicMeanSpeed="5.42" length="5.00" nVehEntered="14"/>
    <interval begin="24100.00" end="24200.00" id="inductionLoop.N0" nVehContrib="14" flow="504.00" occupancy="12.09" speed="8.30" harmonicMeanSpeed="5.79" length="5.00" nVehEntered="14"/>
    <interval begin="24200.00" end="24300.00" id="inductionLoop.N0" nVehContrib="10" flow="360.00" occupancy="5.78" speed="10.04" harmonicMeanSpeed="8.66" length="5.00" nVehEntered="10"/>
    <interval begin="24300.00" end="24400.00" id="inductionLoop.N0" nVehContrib="13" flow="468.00" occupancy="42.19" speed="2.08" harmonicMeanSpeed="1.54" length="5.00" nVehEntered="13"/>
    <interval begin="24400.00" end="24500.00" id="inductionLoop.N0" nVehContrib="18" flow="648.00" occupancy="25.25" speed="5.37" harmonicMeanSpeed="3.58" length="5.00" nVehEntered="19"/>
    <interval begin="24500.00" end="24600.00" id="inductionLoop.N0" nVehContrib="15" flow="540.00" occupancy="14.92" speed="8.15" harmonicMeanSpeed="5.03" length="5.00" nVehEntered="15"/>
    <interval begin="24600.00" end="24700.00" id="inductionLoop.N0" nVehContrib="17" flow="612.00" occupancy="32.37" speed="5.27" harmonicMeanSpeed="2.63" length="5.00" nVehEntered="17"/>
    <interval begin="24700.00" end="24800.00" id="inductionLoop.N0" nVehContrib="17" flow="612.00" occupancy="31.21" speed="4.21" harmonicMeanSpeed="2.72" length="5.00" nVehEntered="17"/>
    <interval begin="24800.00" end="24900.00" id="inductionLoop.N0" nVehContrib="18" flow="648.00" occupancy="34.58" speed="4.14" harmonicMeanSpeed="2.63" length="5.00" nVehEntered="19"/>
    <interval begin="24900.00" end="25000.00" id="inductionLoop.N0" nVehContrib="20" flow="720.00" occupancy="35.65" speed="4.82" harmonicMeanSpeed="2.78" length="5.00" nVehEntered="19"/>
    <interval begin="25000.00" end="25100.00" id="inductionLoop.N0" nVehContrib="16" flow="576.00" occupancy="35.50" speed="3.79" harmonicMeanSpeed="2.25" length="5.00" nVehEntered="16"/>
    <interval begin="25100.00" end="25200.00" id="inductionLoop.N0" nVehContrib="18" flow="648.00" occupancy="36.47" speed="3.90" harmonicMeanSpeed="2.47" length="5.00" nVehEntered="18"/>
    <interval begin="25200.00" end="25300.00" id="inductionLoop.N0" nVehContrib="13" flow="468.00" occupancy="19.42" speed="5.91" harmonicMeanSpeed="3.75" length="5.00" nVehEntered="15"/>
    <interval begin="25300.00" end="25400.00" id="inductionLoop.N0" nVehContrib="15" flow="540.00" occupancy="14.32" speed="8.96" harmonicMeanSpeed="4.87" length="5.00" nVehEntered="15"/>
    <interval begin="25400.00" end="25500.00" id="inductionLoop.N0" nVehContrib="14" flow="504.00" occupancy="35.00" speed="3.00" harmonicMeanSpeed="2.02" length="5.00" nVehEntered="14"/>
    <interval begin="25500.00" end="25600.00" id="inductionLoop.N0" nVehContrib="17" flow="612.00" occupancy="29.21" speed="4.42" harmonicMeanSpeed="2.87" length="5.00" nVehEntered="17"/>
    <interval begin="25600.00" end="25700.00" id="inductionLoop.N0" nVehContrib="19" flow="684.00" occupancy="27.21" speed="5.65" harmonicMeanSpeed="3.50" length="5.00" nVehEntered="19"/>
    <interval begin="25700.00" end="25800.00" id="inductionLoop.N0" nVehContrib="16" flow="576.00" occupancy="18.22" speed="6.76" harmonicMeanSpeed="4.39" length="5.00" nVehEntered="16"/>
    <interval begin="25800.00" end="25900.00" id="inductionLoop.N0" nVehContrib="20" flow="720.00" occupancy="29.67" speed="5.30" harmonicMeanSpeed="3.37" length="5.00" nVehEntered="20"/>
    <interval begin="25900.00" end="26000.00" id="inductionLoop.N0" nVehContrib="9" flow="324.00" occupancy="20.53" speed="4.18" harmonicMeanSpeed="2.19" length="5.00" nVehEntered="9"/>
    <interval begin="26000.00" end="26100.00" id="inductionLoop.N0" nVehContrib="17" flow="612.00" occupancy="17.99" speed="7.79" harmonicMeanSpeed="4.75" length="5.00" nVehEntered="18"/>
    <interval begin="26100.00" end="26200.00" id="inductionLoop.N0" nVehContrib="17" flow="612.00" occupancy="18.59" speed="7.81" harmonicMeanSpeed="4.57" length="5.00" nVehEntered="17"/>
    <interval begin="26200.00" end="26300.00" id="inductionLoop.N0" nVehContrib="9" flow="324.00" occupancy="3.60" speed="12.66" harmonicMeanSpeed="12.51" length="5.00" nVehEntered="9"/>
    <interval begin="26300.00" end="26400.00" id="inductionLoop.N0" nVehContrib="13" flow="468.00" occupancy="5.68" speed="12.20" harmonicMeanSpeed="12.04" length="5.00" nVehEntered="15"/>
    <interval begin="26400.00" end="26500.00" id="inductionLoop.N0" nVehContrib="9" flow="324.00" occupancy="7.05" speed="10.26" harmonicMeanSpeed="7.76" length="5.00" nVehEntered="11"/>
    <interval begin="26500.00" end="26600.00" id="inductionLoop.N0" nVehContrib="8" flow="288.00" occupancy="6.86" speed="8.78" harmonicMeanSpeed="5.83" length="5.00" nVehEntered="8"/>
    <interval begin="26600.00" end="26700.00" id="inductionLoop.N0" nVehContrib="11" flow="396.00" occupancy="6.05" speed="11.32" harmonicMeanSpeed="11.04" length="5.00" nVehEntered="13"/>
    <interval begin="26700.00" end="26800.00" id="inductionLoop.N0" nVehContrib="12" flow="432.00" occupancy="18.09" speed="6.21" harmonicMeanSpeed="3.43" length="5.00" nVehEntered="13"/>
    <interval begin="26800.00" end="26900.00" id="inductionLoop.N0" nVehContrib="15" flow="540.00" occupancy="13.18" speed="8.43" harmonicMeanSpeed="5.69" length="5.00" nVehEntered="15"/>
    <interval begin="26900.00" end="27000.00" id="inductionLoop.N0" nVehContrib="13" flow="468.00" occupancy="23.64" speed="3.96" harmonicMeanSpeed="2.75" length="5.00" nVehEntered="13"/>
    <interval begin="27000.00" end="27100.00" id="inductionLoop.N0" nVehContrib="11" flow="396.00" occupancy="12.64" speed="7.51" harmonicMeanSpeed="4.67" length="5.00" nVehEntered="12"/>
    <interval begin="27100.00" end="27200.00" id="inductionLoop.N0" nVehContrib="8" flow="288.00" occupancy="8.07" speed="8.94" harmonicMeanSpeed="4.96" length="5.00" nVehEntered="8"/>
    <interval begin="27200.00" end="27300.00" id="inductionLoop.N0" nVehContrib="10" flow="360.00" occupancy="5.53" speed="11.72" harmonicMeanSpeed="11.39" length="5.00" nVehEntered="11"/>
    <interval begin="27300.00" end="27400.00" id="inductionLoop.N0" nVehContrib="10" flow="360.00" occupancy="6.38" speed="10.06" harmonicMeanSpeed="6.65" length="5.00" nVehEntered="9"/>
    <interval begin="27400.00" end="27500.00" id="inductionLoop.N0" nVehContrib="16" flow="576.00" occupancy="7.58" speed="11.56" harmonicMeanSpeed="11.16" length="5.00" nVehEntered="17"/>
    <interval begin="27500.00" end="27600.00" id="inductionLoop.N0" nVehContrib="13" flow="468.00" occupancy="16.98" speed="7.59" harmonicMeanSpeed="4.49" length="5.00" nVehEntered="14"/>
    <interval begin="27600.00" end="27700.00" id="inductionLoop.N0" nVehContrib="11" flow="396.00" occupancy="12.73" speed="8.49" harmonicMeanSpeed="5.09" length="5.00" nVehEntered="14"/>
    <interval begin="27700.00" end="27800.00" id="inductionLoop.N0" nVehContrib="16" flow="576.00" occupancy="19.52" speed="7.26" harmonicMeanSpeed="3.99" length="5.00" nVehEntered="16"/>
    <interval begin="27800.00" end="27900.00" id="inductionLoop.N0" nVehContrib="17" flow="612.00" occupancy="20.79" speed="5.74" harmonicMeanSpeed="4.09" length="5.00" nVehEntered="17"/>
    <interval begin="27900.00" end="28000.00" id="inductionLoop.N0" nVehContrib="13" flow="468.00" occupancy="30.41" speed="3.29" harmonicMeanSpeed="2.14" length="5.00" nVehEntered="13"/>
    <interval begin="28000.00" end="28100.00" id="inductionLoop.N0" nVehContrib="14" flow="504.00" occupancy="17.49" speed="7.73" harmonicMeanSpeed="4.00" length="5.00" nVehEntered="14"/>
    <interval begin="28100.00" end="28200.00" id="inductionLoop.N0" nVehContrib="12" flow="432.00" occupancy="15.48" speed="7.07" harmonicMeanSpeed="3.89" length="5.00" nVehEntered="13"/>
    <interval begin="28200.00" end="28300.00" id="inductionLoop.N0" nVehContrib="15" flow="540.00" occupancy="16.84" speed="7.60" harmonicMeanSpeed="4.44" length="5.00" nVehEntered="14"/>
    <interval begin="28300.00" end="28400.00" id="inductionLoop.N0" nVehContrib="8" flow="288.00" occupancy="4.90" speed="9.78" harmonicMeanSpeed="8.46" length="5.00" nVehEntered="9"/>
    <interval begin="28400.00" end="28500.00" id="inductionLoop.N0" nVehContrib="8" flow="288.00" occupancy="3.61" speed="12.32" harmonicMeanSpeed="12.00" length="5.00" nVehEntered="9"/>
    <interval begin="28500.00" end="28600.00" id="inductionLoop.N0" nVehContrib="8" flow="288.00" occupancy="3.25" speed="11.70" harmonicMeanSpeed="11.37" length="5.00" nVehEntered="7"/>
    <interval begin="28600.00" end="28700.00" id="inductionLoop.N0" nVehContrib="8" flow="288.00" occupancy="3.21" speed="12.63" harmonicMeanSpeed="12.46" length="5.00" nVehEntered="8"/>
    <interval begin="28700.00" end="28800.00" id="inductionLoop.N0" nVehContrib="11" flow="396.00" occupancy="4.97" speed="11.26" harmonicMeanSpeed="11.08" length="5.00" nVehEntered="11"/>
    <interval begin="28800.00" end="28900.00" id="inductionLoop.N0" nVehContrib="11" flow="396.00" occupancy="5.39" speed="11.04" harmonicMeanSpeed="10.68" length="5.00" nVehEntered="12"/>
    <interval begin="28900.00" end="29000.00" id="inductionLoop.N0" nVehContrib="12" flow="432.00" occupancy="7.67" speed="9.84" harmonicMeanSpeed="8.15" length="5.00" nVehEntered="13"/>
    <interval begin="29000.00" end="29100.00" id="inductionLoop.N0" nVehContrib="8" flow="288.00" occupancy="3.42" speed="11.97" harmonicMeanSpeed="11.71" length="5.00" nVehEntered="8"/>
    <interval begin="29100.00" end="29200.00" id="inductionLoop.N0" nVehContrib="15" flow="540.00" occupancy="14.07" speed="9.75" harmonicMeanSpeed="5.74" length="5.00" nVehEntered="17"/>
    <interval begin="29200.00" end="29300.00" id="inductionLoop.N0" nVehContrib="14" flow="504.00" occupancy="8.94" speed="9.52" harmonicMeanSpeed="7.83" length="5.00" nVehEntered="14"/>
    <interval begin="29300.00" end="29400.00" id="inductionLoop.N0" nVehContrib="13" flow="468.00" occupancy="7.65" speed="10.04" harmonicMeanSpeed="8.49" length="5.00" nVehEntered="13"/>
    <interval begin="29400.00" end="29500.00" id="inductionLoop.N0" nVehContrib="13" flow="468.00" occupancy="13.67" speed="8.12" harmonicMeanSpeed="5.42" length="5.00" nVehEntered="14"/>
    <interval begin="29500.00" end="29600.00" id="inductionLoop.N0" nVehContrib="10" flow="360.00" occupancy="8.04" speed="8.76" harmonicMeanSpeed="5.32" length="5.00" nVehEntered="10"/>
    <interval begin="29600.00" end="29700.00" id="inductionLoop.N0" nVehContrib="12" flow="432.00" occupancy="5.92" speed="11.76" harmonicMeanSpeed="11.45" length="5.00" nVehEntered="12"/>
    <interval begin="29700.00" end="29800.00" id="inductionLoop.N0" nVehContrib="7" flow="252.00" occupancy="8.67" speed="7.85" harmonicMeanSpeed="4.27" length="5.00" nVehEntered="8"/>
    <interval begin="29800.00" end="29900.00" id="inductionLoop.N0" nVehContrib="9" flow="324.00" occupancy="4.33" speed="11.40" harmonicMeanSpeed="10.40" length="5.00" nVehEntered="9"/>
    <interval begin="29900.00" end="30000.00" id="inductionLoop.N0" nVehContrib="10" flow="360.00" occupancy="6.28" speed="10.71" harmonicMeanSpeed="10.28" length="5.00" nVehEntered="11"/>
    <interval begin="30000.00" end="30100.00" id="inductionLoop.N0" nVehContrib="5" flow="180.00" occupancy="3.28" speed="9.31" harmonicMeanSpeed="7.61" length="5.00" nVehEntered="5"/>
    <interval begin="30100.00" end="30200.00" id="inductionLoop.N0" nVehContrib="9" flow="324.00" occupancy="3.62" speed="12.54" harmonicMeanSpeed="12.43" length="5.00" nVehEntered="9"/>
    <interval begin="30200.00" end="30300.00" id="inductionLoop.N0" nVehContrib="8" flow="288.00" occupancy="3.47" speed="11.79" harmonicMeanSpeed="11.57" length="5.00" nVehEntered="9"/>
    <interval begin="30300.00" end="30400.00" id="inductionLoop.N0" nVehContrib="12" flow="432.00" occupancy="5.34" speed="11.46" harmonicMeanSpeed="11.20" length="5.00" nVehEntered="11"/>
    <interval begin="30400.00" end="30500.00" id="inductionLoop.N0" nVehContrib="13" flow="468.00" occupancy="7.00" speed="10.14" harmonicMeanSpeed="9.28" length="5.00" nVehEntered="13"/>
    <interval begin="30500.00" end="30600.00" id="inductionLoop.N0" nVehContrib="11" flow="396.00" occupancy="5.48" speed="11.37" harmonicMeanSpeed="10.03" length="5.00" nVehEntered="11"/>
    <interval begin="30600.00" end="30700.00" id="inductionLoop.N0" nVehContrib="6" flow="216.00" occupancy="2.78" speed="11.20" harmonicMeanSpeed="10.78" length="5.00" nVehEntered="6"/>
    <interval begin="30700.00" end="30800.00" id="inductionLoop.N0" nVehContrib="0" flow="0.00" occupancy="0.00" speed="-1.00" harmonicMeanSpeed="-1.00" length="-1.00" nVehEntered="0"/>
    <interval begin="30800.00" end="30900.00" id="inductionLoop.N0" nVehContrib="0" flow="0.00" occupancy="0.00" speed="-1.00" harmonicMeanSpeed="-1.00" length="-1.00" nVehEntered="0"/>
    <interval begin="30900.00" end="31000.00" id="inductionLoop.N0" nVehContrib="0" flow="0.00" occupancy="0.00" speed="-1.00" harmonicMeanSpeed="-1.00" length="-1.00" nVehEntered="0"/>
    <interval begin="31000.00" end="31100.00" id="inductionLoop.N0" nVehContrib="0" flow="0.00" occupancy="0.00" speed="-1.00" harmonicMeanSpeed="-1.00" length="-1.00" nVehEntered="0"/>
    <interval begin="31100.00" end="31200.00" id="inductionLoop.N0" nVehContrib="0" flow="0.00" occupancy="0.00" speed="-1.00" harmonicMeanSpeed="-1.00" length="-1.00" nVehEntered="0"/>
    <interval begin="31200.00" end="31300.00" id="inductionLoop.N0" nVehContrib="0" flow="0.00" occupancy="0.00" speed="-1.00" harmonicMeanSpeed="-1.00" length="-1.00" nVehEntered="0"/>
    <interval begin="31300.00" end="31400.00" id="inductionLoop.N0" nVehContrib="0" flow="0.00" occupancy="0.00" speed="-1.00" harmonicMeanSpeed="-1.00" length="-1.00" nVehEntered="0"/>
    <interval begin="31400.00" end="31500.00" id="inductionLoop.N0" nVehContrib="0" flow="0.00" occupancy="0.00" speed="-1.00" harmonicMeanSpeed="-1.00" length="-1.00" nVehEntered="0"/>
    <interval begin="31500.00" end="31600.00" id="inductionLoop.N0" nVehContrib="0" flow="0.00" occupancy="0.00" speed="-1.00" harmonicMeanSpeed="-1.00" length="-1.00" nVehEntered="0"/>
    <interval begin="31600.00" end="31700.00" id="inductionLoop.N0" nVehContrib="0" flow="0.00" occupancy="0.00" speed="-1.00" harmonicMeanSpeed="-1.00" length="-1.00" nVehEntered="0"/>
    <interval begin="31700.00" end="31800.00" id="inductionLoop.N0" nVehContrib="0" flow="0.00" occupancy="0.00" speed="-1.00" harmonicMeanSpeed="-1.00" length="-1.00" nVehEntered="0"/>
    <interval begin="31800.00" end="31900.00" id="inductionLoop.N0" nVehContrib="1" flow="36.00" occupancy="0.52" speed="14.17" harmonicMeanSpeed="14.17" length="5.00" nVehEntered="2"/>
    <interval begin="31900.00" end="32000.00" id="inductionLoop.N0" nVehContrib="2" flow="72.00" occupancy="0.63" speed="12.64" harmonicMeanSpeed="12.59" length="5.00" nVehEntered="1"/>
    <interval begin="32000.00" end="32100.00" id="inductionLoop.N0" nVehContrib="1" flow="36.00" occupancy="0.41" speed="12.10" harmonicMeanSpeed="12.10" length="5.00" nVehEntered="1"/>
    <interval begin="32100.00" end="32200.00" id="inductionLoop.N0" nVehContrib="4" flow="144.00" occupancy="1.56" speed="12.92" harmonicMeanSpeed="12.83" length="5.00" nVehEntered="4"/>
    <interval begin="32200.00" end="32300.00" id="inductionLoop.N0" nVehContrib="5" flow="180.00" occupancy="2.03" speed="12.43" harmonicMeanSpeed="12.29" length="5.00" nVehEntered="5"/>
    <interval begin="32300.00" end="32400.00" id="inductionLoop.N0" nVehContrib="7" flow="252.00" occupancy="2.66" speed="13.23" harmonicMeanSpeed="13.14" length="5.00" nVehEntered="7"/>
    <interval begin="32400.00" end="32500.00" id="inductionLoop.N0" nVehContrib="2" flow="72.00" occupancy="0.83" speed="12.11" harmonicMeanSpeed="12.11" length="5.00" nVehEntered="2"/>
    <interval begin="32500.00" end="32600.00" id="inductionLoop.N0" nVehContrib="1" flow="36.00" occupancy="0.37" speed="13.44" harmonicMeanSpeed="13.44" length="5.00" nVehEntered="1"/>
    <interval begin="32600.00" end="32700.00" id="inductionLoop.N0" nVehContrib="2" flow="72.00" occupancy="1.05" speed="11.41" harmonicMeanSpeed="11.26" length="5.00" nVehEntered="3"/>
    <interval begin="32700.00" end="32800.00" id="inductionLoop.N0" nVehContrib="11" flow="396.00" occupancy="4.72" speed="11.41" harmonicMeanSpeed="11.26" length="5.00" nVehEntered="10"/>
    <interval begin="32800.00" end="32900.00" id="inductionLoop.N0" nVehContrib="13" flow="468.00" occupancy="25.05" speed="4.52" harmonicMeanSpeed="2.63" length="5.00" nVehEntered="14"/>
    <interval begin="32900.00" end="33000.00" id="inductionLoop.N0" nVehContrib="14" flow="504.00" occupancy="6.96" speed="10.82" harmonicMeanSpeed="10.06" length="5.00" nVehEntered="14"/>
    <interval begin="33000.00" end="33100.00" id="inductionLoop.N0" nVehContrib="7" flow="252.00" occupancy="2.87" speed="12.43" harmonicMeanSpeed="12.18" length="5.00" nVehEntered="7"/>
    <interval begin="33100.00" end="33200.00" id="inductionLoop.N0" nVehContrib="7" flow="252.00" occupancy="3.35" speed="11.05" harmonicMeanSpeed="10.69" length="5.00" nVehEntered="8"/>
    <interval begin="33200.00" end="33300.00" id="inductionLoop.N0" nVehContrib="13" flow="468.00" occupancy="17.67" speed="7.27" harmonicMeanSpeed="3.68" length="5.00" nVehEntered="13"/>
    <interval begin="33300.00" end="33400.00" id="inductionLoop.N0" nVehContrib="8" flow="288.00" occupancy="4.40" speed="10.10" harmonicMeanSpeed="9.71" length="5.00" nVehEntered="9"/>
    <interval begin="33400.00" end="33500.00" id="inductionLoop.N0" nVehContrib="8" flow="288.00" occupancy="7.12" speed="8.82" harmonicMeanSpeed="5.41" length="5.00" nVehEntered="7"/>
    <interval begin="33500.00" end="33600.00" id="inductionLoop.N0" nVehContrib="7" flow="252.00" occupancy="2.90" speed="12.14" harmonicMeanSpeed="12.09" length="5.00" nVehEntered="7"/>
    <interval begin="33600.00" end="33700.00" id="inductionLoop.N0" nVehContrib="5" flow="180.00" occupancy="2.15" speed="11.84" harmonicMeanSpeed="11.62" length="5.00" nVehEntered="5"/>
    <interval begin="33700.00" end="33800.00" id="inductionLoop.N0" nVehContrib="0" flow="0.00" occupancy="0.00" speed="-1.00" harmonicMeanSpeed="-1.00" length="-1.00" nVehEntered="0"/>
    <interval begin="33800.00" end="33900.00" id="inductionLoop.N0" nVehContrib="0" flow="0.00" occupancy="0.00" speed="-1.00" harmonicMeanSpeed="-1.00" length="-1.00" nVehEntered="0"/>
    <interval begin="33900.00" end="34000.00" id="inductionLoop.N0" nVehContrib="0" flow="0.00" occupancy="0.00" speed="-1.00" harmonicMeanSpeed="-1.00" length="-1.00" nVehEntered="0"/>
    <interval begin="34000.00" end="34100.00" id="inductionLoop.N0" nVehContrib="0" flow="0.00" occupancy="0.00" speed="-1.00" harmonicMeanSpeed="-1.00" length="-1.00" nVehEntered="0"/>
    <interval begin="34100.00" end="34200.00" id="inductionLoop.N0" nVehContrib="0" flow="0.00" occupancy="0.00" speed="-1.00" harmonicMeanSpeed="-1.00" length="-1.00" nVehEntered="0"/>
    <interval begin="34200.00" end="34300.00" id="inductionLoop.N0" nVehContrib="2" flow="72.00" occupancy="0.68" speed="14.77" harmonicMeanSpeed="14.70" length="5.00" nVehEntered="2"/>
    <interval begin="34300.00" end="34400.00" id="inductionLoop.N0" nVehContrib="4" flow="144.00" occupancy="1.63" speed="12.28" harmonicMeanSpeed="12.25" length="5.00" nVehEntered="4"/>
    <interval begin="34400.00" end="34500.00" id="inductionLoop.N0" nVehContrib="6" flow="216.00" occupancy="2.88" speed="11.98" harmonicMeanSpeed="11.55" length="5.00" nVehEntered="7"/>
    <interval begin="34500.00" end="34600.00" id="inductionLoop.N0" nVehContrib="8" flow="288.00" occupancy="3.37" speed="12.70" harmonicMeanSpeed="12.64" length="5.00" nVehEntered="9"/>
    <interval begin="34600.00" end="34700.00" id="inductionLoop.N0" nVehContrib="12" flow="432.00" occupancy="14.08" speed="7.29" harmonicMeanSpeed="4.20" length="5.00" nVehEntered="11"/>
    <interval begin="34700.00" end="34800.00" id="inductionLoop.N0" nVehContrib="14" flow="504.00" occupancy="8.95" speed="10.07" harmonicMeanSpeed="7.82" length="5.00" nVehEntered="14"/>
    <interval begin="34800.00" end="34900.00" id="inductionLoop.N0" nVehContrib="9" flow="324.00" occupancy="9.53" speed="7.10" harmonicMeanSpeed="4.72" length="5.00" nVehEntered="9"/>
    <interval begin="34900.00" end="35000.00" id="inductionLoop.N0" nVehContrib="14" flow="504.00" occupancy="20.87" speed="4.72" harmonicMeanSpeed="3.35" length="5.00" nVehEntered="14"/>
    <interval begin="35000.00" end="35100.00" id="inductionLoop.N0" nVehContrib="14" flow="504.00" occupancy="15.01" speed="6.31" harmonicMeanSpeed="4.66" length="5.00" nVehEntered="14"/>
    <interval begin="35100.00" end="35200.00" id="inductionLoop.N0" nVehContrib="15" flow="540.00" occupancy="25.48" speed="5.50" harmonicMeanSpeed="2.94" length="5.00" nVehEntered="15"/>
    <interval begin="35200.00" end="35300.00" id="inductionLoop.N0" nVehContrib="11" flow="396.00" occupancy="23.26" speed="3.73" harmonicMeanSpeed="2.37" length="5.00" nVehEntered="11"/>
    <interval begin="35300.00" end="35400.00" id="inductionLoop.N0" nVehContrib="15" flow="540.00" occupancy="36.03" speed="3.43" harmonicMeanSpeed="2.08" length="5.00" nVehEntered="15"/>
    <interval begin="35400.00" end="35500.00" id="inductionLoop.N0" nVehContrib="14" flow="504.00" occupancy="20.64" speed="5.37" harmonicMeanSpeed="3.51" length="5.00" nVehEntered="15"/>
    <interval begin="35500.00" end="35600.00" id="inductionLoop.N0" nVehContrib="15" flow="540.00" occupancy="12.77" speed="8.31" harmonicMeanSpeed="5.56" length="5.00" nVehEntered="14"/>
    <interval begin="35600.00" end="35700.00" id="inductionLoop.N0" nVehContrib="10" flow="360.00" occupancy="6.17" speed="9.95" harmonicMeanSpeed="8.10" length="5.00" nVehEntered="10"/>
    <interval begin="35700.00" end="35800.00" id="inductionLoop.N0" nVehContrib="10" flow="360.00" occupancy="18.48" speed="5.29" harmonicMeanSpeed="2.71" length="5.00" nVehEntered="10"/>
    <interval begin="35800.00" end="35900.00" id="inductionLoop.N0" nVehContrib="13" flow="468.00" occupancy="27.31" speed="5.05" harmonicMeanSpeed="2.38" length="5.00" nVehEntered="13"/>
    <interval begin="35900.00" end="36000.00" id="inductionLoop.N0" nVehContrib="8" flow="288.00" occupancy="3.50" speed="11.50" harmonicMeanSpeed="11.44" length="5.00" nVehEntered="8"/>
    <interval begin="36000.00" end="36100.00" id="inductionLoop.N0" nVehContrib="4" flow="144.00" occupancy="1.62" speed="12.37" harmonicMeanSpeed="12.32" length="5.00" nVehEntered="4"/>
    <interval begin="36100.00" end="36200.00" id="inductionLoop.N0" nVehContrib="15" flow="540.00" occupancy="14.89" speed="7.50" harmonicMeanSpeed="5.04" length="5.00" nVehEntered="15"/>
    <interval begin="36200.00" end="36300.00" id="inductionLoop.N0" nVehContrib="16" flow="576.00" occupancy="20.40" speed="5.94" harmonicMeanSpeed="3.92" length="5.00" nVehEntered="16"/>
    <interval begin="36300.00" end="36400.00" id="inductionLoop.N0" nVehContrib="14" flow="504.00" occupancy="36.28" speed="2.92" harmonicMeanSpeed="1.96" length="5.00" nVehEntered="15"/>
    <interval begin="36400.00" end="36500.00" id="inductionLoop.N0" nVehContrib="12" flow="432.00" occupancy="20.06" speed="5.81" harmonicMeanSpeed="2.91" length="5.00" nVehEntered="11"/>
    <interval begin="36500.00" end="36600.00" id="inductionLoop.N0" nVehContrib="7" flow="252.00" occupancy="5.82" speed="10.67" harmonicMeanSpeed="6.53" length="5.00" nVehEntered="8"/>
    <interval begin="36600.00" end="36700.00" id="inductionLoop.N0" nVehContrib="14" flow="504.00" occupancy="12.72" speed="8.59" harmonicMeanSpeed="5.81" length="5.00" nVehEntered="15"/>
    <interval begin="36700.00" end="36800.00" id="inductionLoop.N0" nVehContrib="18" flow="648.00" occupancy="26.80" speed="6.16" harmonicMeanSpeed="3.33" length="5.00" nVehEntered="18"/>
    <interval begin="36800.00" end="36900.00" id="inductionLoop.N0" nVehContrib="16" flow="576.00" occupancy="33.12" speed="3.85" harmonicMeanSpeed="2.42" length="5.00" nVehEntered="16"/>
    <interval begin="36900.00" end="37000.00" id="inductionLoop.N0" nVehContrib="14" flow="504.00" occupancy="29.03" speed="3.41" harmonicMeanSpeed="2.41" length="5.00" nVehEntered="14"/>
    <interval begin="37000.00" end="37100.00" id="inductionLoop.N0" nVehContrib="12" flow="432.00" occupancy="27.67" speed="3.25" harmonicMeanSpeed="2.24" length="5.00" nVehEntered="13"/>
    <interval begin="37100.00" end="37200.00" id="inductionLoop.N0" nVehContrib="19" flow="684.00" occupancy="33.50" speed="4.19" harmonicMeanSpeed="2.95" length="5.00" nVehEntered="19"/>
    <interval begin="37200.00" end="37300.00" id="inductionLoop.N0" nVehContrib="13" flow="468.00" occupancy="15.64" speed="7.40" harmonicMeanSpeed="3.65" length="5.00" nVehEntered="12"/>
    <interval begin="37300.00" end="37400.00" id="inductionLoop.N0" nVehContrib="13" flow="468.00" occupancy="14.30" speed="7.57" harmonicMeanSpeed="5.84" length="5.00" nVehEntered="15"/>
    <interval begin="37400.00" end="37500.00" id="inductionLoop.N0" nVehContrib="17" flow="612.00" occupancy="32.04" speed="3.81" harmonicMeanSpeed="2.55" length="5.00" nVehEntered="17"/>
    <interval begin="37500.00" end="37600.00" id="inductionLoop.N0" nVehContrib="17" flow="612.00" occupancy="40.40" speed="3.22" harmonicMeanSpeed="2.02" length="5.00" nVehEntered="16"/>
    <interval begin="37600.00" end="37700.00" id="inductionLoop.N0" nVehContrib="13" flow="468.00" occupancy="29.91" speed="3.29" harmonicMeanSpeed="2.17" length="5.00" nVehEntered="13"/>
    <interval begin="37700.00" end="37800.00" id="inductionLoop.N0" nVehContrib="16" flow="576.00" occupancy="25.08" speed="4.44" harmonicMeanSpeed="3.37" length="5.00" nVehEntered="17"/>
    <interval begin="37800.00" end="37900.00" id="inductionLoop.N0" nVehContrib="15" flow="540.00" occupancy="20.47" speed="5.72" harmonicMeanSpeed="3.49" length="5.00" nVehEntered="15"/>
    <interval begin="37900.00" end="38000.00" id="inductionLoop.N0" nVehContrib="17" flow="612.00" occupancy="18.28" speed="6.88" harmonicMeanSpeed="4.73" length="5.00" nVehEntered="18"/>
    <interval begin="38000.00" end="38100.00" id="inductionLoop.N0" nVehContrib="12" flow="432.00" occupancy="11.35" speed="7.87" harmonicMeanSpeed="5.29" length="5.00" nVehEntered="12"/>
    <interval begin="38100.00" end="38200.00" id="inductionLoop.N0" nVehContrib="13" flow="468.00" occupancy="13.42" speed="7.80" harmonicMeanSpeed="4.84" length="5.00" nVehEntered="13"/>
    <interval begin="38200.00" end="38300.00" id="inductionLoop.N0" nVehContrib="16" flow="576.00" occupancy="26.16" speed="4.36" harmonicMeanSpeed="3.06" length="5.00" nVehEntered="16"/>
    <interval begin="38300.00" end="38400.00" id="inductionLoop.N0" nVehContrib="17" flow="612.00" occupancy="27.94" speed="4.50" harmonicMeanSpeed="3.14" length="5.00" nVehEntered="18"/>
    <interval begin="38400.00" end="38500.00" id="inductionLoop.N0" nVehContrib="15" flow="540.00" occupancy="21.64" speed="5.20" harmonicMeanSpeed="3.33" length="5.00" nVehEntered="14"/>
    <interval begin="38500.00" end="38600.00" id="inductionLoop.N0" nVehContrib="11" flow="396.00" occupancy="11.18" speed="8.37" harmonicMeanSpeed="4.92" length="5.00" nVehEntered="11"/>
    <interval begin="38600.00" end="38700.00" id="inductionLoop.N0" nVehContrib="11" flow="396.00" occupancy="11.28" speed="8.39" harmonicMeanSpeed="4.88" length="5.00" nVehEntered="11"/>
    <interval begin="38700.00" end="38800.00" id="inductionLoop.N0" nVehContrib="16" flow="576.00" occupancy="23.29" speed="6.41" harmonicMeanSpeed="3.44" length="5.00" nVehEntered="16"/>
    <interval begin="38800.00" end="38900.00" id="inductionLoop.N0" nVehContrib="9" flow="324.00" occupancy="7.44" speed="9.19" harmonicMeanSpeed="6.05" length="5.00" nVehEntered="9"/>
    <interval begin="38900.00" end="39000.00" id="inductionLoop.N0" nVehContrib="13" flow="468.00" occupancy="11.04" speed="9.17" harmonicMeanSpeed="5.89" length="5.00" nVehEntered="13"/>
    <interval begin="39000.00" end="39100.00" id="inductionLoop.N0" nVehContrib="14" flow="504.00" occupancy="19.85" speed="6.58" harmonicMeanSpeed="3.53" length="5.00" nVehEntered="14"/>
    <interval begin="39100.00" end="39200.00" id="inductionLoop.N0" nVehContrib="21" flow="756.00" occupancy="38.37" speed="4.15" harmonicMeanSpeed="2.74" length="5.00" nVehEntered="21"/>
    <interval begin="39200.00" end="39300.00" id="inductionLoop.N0" nVehContrib="16" flow="576.00" occupancy="14.45" speed="8.41" harmonicMeanSpeed="5.66" length="5.00" nVehEntered="17"/>
    <interval begin="39300.00" end="39400.00" id="inductionLoop.N0" nVehContrib="14" flow="504.00" occupancy="11.71" speed="8.20" harmonicMeanSpeed="5.98" length="5.00" nVehEntered="14"/>
    <interval begin="39400.00" end="39500.00" id="inductionLoop.N0" nVehContrib="17" flow="612.00" occupancy="19.10" speed="7.30" harmonicMeanSpeed="4.45" length="5.00" nVehEntered="17"/>
    <interval begin="39500.00" end="39600.00" id="inductionLoop.N0" nVehContrib="16" flow="576.00" occupancy="16.22" speed="6.98" harmonicMeanSpeed="4.93" length="5.00" nVehEntered="16"/>
    <interval begin="39600.00" end="39700.00" id="inductionLoop.N0" nVehContrib="15" flow="540.00" occupancy="28.06" speed="4.29" harmonicMeanSpeed="2.67" length="5.00" nVehEntered="15"/>
    <interval begin="39700.00" end="39800.00" id="inductionLoop.N0" nVehContrib="17" flow="612.00" occupancy="39.47" speed="3.91" harmonicMeanSpeed="2.30" length="5.00" nVehEntered="18"/>
    <interval begin="39800.00" end="39900.00" id="inductionLoop.N0" nVehContrib="16" flow="576.00" occupancy="36.57" speed="3.93" harmonicMeanSpeed="2.19" length="5.00" nVehEntered="16"/>
    <interval begin="39900.00" end="40000.00" id="inductionLoop.N0" nVehContrib="15" flow="540.00" occupancy="30.63" speed="3.65" harmonicMeanSpeed="2.27" length="5.00" nVehEntered="14"/>
    <interval begin="40000.00" end="40100.00" id="inductionLoop.N0" nVehContrib="20" flow="720.00" occupancy="36.16" speed="4.42" harmonicMeanSpeed="2.77" length="5.00" nVehEntered="20"/>
    <interval begin="40100.00" end="40200.00" id="inductionLoop.N0" nVehContrib="20" flow="720.00" occupancy="30.88" speed="4.71" harmonicMeanSpeed="3.24" length="5.00" nVehEntered="20"/>
    <interval begin="40200.00" end="40300.00" id="inductionLoop.N0" nVehContrib="21" flow="756.00" occupancy="36.89" speed="4.32" harmonicMeanSpeed="2.99" length="5.00" nVehEntered="22"/>
    <interval begin="40300.00" end="40400.00" id="inductionLoop.N0" nVehContrib="16" flow="576.00" occupancy="32.80" speed="4.28" harmonicMeanSpeed="2.35" length="5.00" nVehEntered="16"/>
    <interval begin="40400.00" end="40500.00" id="inductionLoop.N0" nVehContrib="19" flow="684.00" occupancy="38.83" speed="3.86" harmonicMeanSpeed="2.41" length="5.00" nVehEntered="18"/>
    <interval begin="40500.00" end="40600.00" id="inductionLoop.N0" nVehContrib="16" flow="576.00" occupancy="37.66" speed="4.50" harmonicMeanSpeed="2.14" length="5.00" nVehEntered="17"/>
    <interval begin="40600.00" end="40700.00" id="inductionLoop.N0" nVehContrib="20" flow="720.00" occupancy="24.30" speed="6.42" harmonicMeanSpeed="4.12" length="5.00" nVehEntered="20"/>
    <interval begin="40700.00" end="40800.00" id="inductionLoop.N0" nVehContrib="15" flow="540.00" occupancy="31.97" speed="3.94" harmonicMeanSpeed="2.36" length="5.00" nVehEntered="16"/>
    <interval begin="40800.00" end="40900.00" id="inductionLoop.N0" nVehContrib="18" flow="648.00" occupancy="22.20" speed="7.19" harmonicMeanSpeed="4.01" length="5.00" nVehEntered="17"/>
    <interval begin="40900.00" end="41000.00" id="inductionLoop.N0" nVehContrib="19" flow="684.00" occupancy="26.71" speed="5.71" harmonicMeanSpeed="3.56" length="5.00" nVehEntered="19"/>
    <interval begin="41000.00" end="41100.00" id="inductionLoop.N0" nVehContrib="23" flow="828.00" occupancy="33.22" speed="5.12" harmonicMeanSpeed="3.46" length="5.00" nVehEntered="23"/>
    <interval begin="41100.00" end="41200.00" id="inductionLoop.N0" nVehContrib="25" flow="900.00" occupancy="35.96" speed="5.73" harmonicMeanSpeed="3.98" length="5.00" nVehEntered="27"/>
    <interval begin="41200.00" end="41300.00" id="inductionLoop.N0" nVehContrib="17" flow="612.00" occupancy="29.27" speed="4.65" harmonicMeanSpeed="2.77" length="5.00" nVehEntered="16"/>
    <interval begin="41300.00" end="41400.00" id="inductionLoop.N0" nVehContrib="15" flow="540.00" occupancy="28.49" speed="4.61" harmonicMeanSpeed="2.79" length="5.00" nVehEntered="16"/>
    <interval begin="41400.00" end="41500.00" id="inductionLoop.N0" nVehContrib="25" flow="900.00" occupancy="38.07" speed="6.02" harmonicMeanSpeed="3.42" length="5.00" nVehEntered="25"/>
    <interval begin="41500.00" end="41600.00" id="inductionLoop.N0" nVehContrib="8" flow="288.00" occupancy="24.47" speed="1.50" harmonicMeanSpeed="1.48" length="5.00" nVehEntered="8"/>
    <interval begin="41600.00" end="41700.00" id="inductionLoop.N0" nVehContrib="17" flow="612.00" occupancy="47.32" speed="2.91" harmonicMeanSpeed="1.77" length="5.00" nVehEntered="16"/>
    <interval begin="41700.00" end="41800.00" id="inductionLoop.N0" nVehContrib="19" flow="684.00" occupancy="26.65" speed="5.28" harmonicMeanSpeed="3.56" length="5.00" nVehEntered="19"/>
    <interval begin="41800.00" end="41900.00" id="inductionLoop.N0" nVehContrib="17" flow="612.00" occupancy="18.63" speed="6.24" harmonicMeanSpeed="4.56" length="5.00" nVehEntered="17"/>
    <interval begin="41900.00" end="42000.00" id="inductionLoop.N0" nVehContrib="27" flow="972.00" occupancy="37.92" speed="5.07" harmonicMeanSpeed="3.56" length="5.00" nVehEntered="27"/>
    <interval begin="42000.00" end="42100.00" id="inductionLoop.N0" nVehContrib="14" flow="504.00" occupancy="19.87" speed="6.14" harmonicMeanSpeed="4.25" length="5.00" nVehEntered="15"/>
    <interval begin="42100.00" end="42200.00" id="inductionLoop.N0" nVehContrib="20" flow="720.00" occupancy="28.12" speed="6.09" harmonicMeanSpeed="3.17" length="5.00" nVehEntered="19"/>
    <interval begin="42200.00" end="42300.00" id="inductionLoop.N0" nVehContrib="15" flow="540.00" occupancy="14.58" speed="7.55" harmonicMeanSpeed="5.14" length="5.00" nVehEntered="15"/>
    <interval begin="42300.00" end="42400.00" id="inductionLoop.N0" nVehContrib="32" flow="1152.00" occupancy="39.18" speed="6.53" harmonicMeanSpeed="4.12" length="5.00" nVehEntered="33"/>
    <interval begin="42400.00" end="42500.00" id="inductionLoop.N0" nVehContrib="16" flow="576.00" occupancy="21.09" speed="7.16" harmonicMeanSpeed="4.64" length="5.00" nVehEntered="17"/>
    <interval begin="42500.00" end="42600.00" id="inductionLoop.N0" nVehContrib="24" flow="864.00" occupancy="46.87" speed="4.19" harmonicMeanSpeed="2.43" length="5.00" nVehEntered="23"/>
    <interval begin="42600.00" end="42700.00" id="inductionLoop.N0" nVehContrib="16" flow="576.00" occupancy="35.19" speed="3.49" harmonicMeanSpeed="2.27" length="5.00" nVehEntered="16"/>
    <interval begin="42700.00" end="42800.00" id="inductionLoop.N0" nVehContrib="21" flow="756.00" occupancy="49.42" speed="3.60" harmonicMeanSpeed="2.21" length="5.00" nVehEntered="22"/>
    <interval begin="42800.00" end="42900.00" id="inductionLoop.N0" nVehContrib="19" flow="684.00" occupancy="43.08" speed="3.29" harmonicMeanSpeed="2.14" length="5.00" nVehEntered="20"/>
    <interval begin="42900.00" end="43000.00" id="inductionLoop.N0" nVehContrib="28" flow="1008.00" occupancy="38.34" speed="5.84" harmonicMeanSpeed="3.66" length="5.00" nVehEntered="28"/>
    <interval begin="43000.00" end="43100.00" id="inductionLoop.N0" nVehContrib="16" flow="576.00" occupancy="27.54" speed="6.29" harmonicMeanSpeed="3.85" length="5.00" nVehEntered="18"/>
    <interval begin="43100.00" end="43200.00" id="inductionLoop.N0" nVehContrib="16" flow="576.00" occupancy="17.42" speed="7.26" harmonicMeanSpeed="4.60" length="5.00" nVehEntered="17"/>
    <interval begin="43200.00" end="43300.00" id="inductionLoop.N0" nVehContrib="16" flow="576.00" occupancy="21.49" speed="8.33" harmonicMeanSpeed="3.72" length="5.00" nVehEntered="16"/>
    <interval begin="43300.00" end="43400.00" id="inductionLoop.N0" nVehContrib="21" flow="756.00" occupancy="33.17" speed="5.05" harmonicMeanSpeed="3.19" length="5.00" nVehEntered="22"/>
    <interval begin="43400.00" end="43500.00" id="inductionLoop.N0" nVehContrib="20" flow="720.00" occupancy="18.46" speed="9.00" harmonicMeanSpeed="5.51" length="5.00" nVehEntered="21"/>
    <interval begin="43500.00" end="43600.00" id="inductionLoop.N0" nVehContrib="21" flow="756.00" occupancy="17.80" speed="7.96" harmonicMeanSpeed="5.90" length="5.00" nVehEntered="21"/>
    <interval begin="43600.00" end="43700.00" id="inductionLoop.N0" nVehContrib="16" flow="576.00" occupancy="27.37" speed="4.79" harmonicMeanSpeed="2.96" length="5.00" nVehEntered="17"/>
    <interval begin="43700.00" end="43800.00" id="inductionLoop.N0" nVehContrib="9" flow="324.00" occupancy="7.79" speed="8.15" harmonicMeanSpeed="5.78" length="5.00" nVehEntered="9"/>
    <interval begin="43800.00" end="43900.00" id="inductionLoop.N0" nVehContrib="24" flow="864.00" occupancy="25.73" speed="7.81" harmonicMeanSpeed="4.66" length="5.00" nVehEntered="24"/>
    <interval begin="43900.00" end="44000.00" id="inductionLoop.N0" nVehContrib="18" flow="648.00" occupancy="9.28" speed="11.47" harmonicMeanSpeed="9.70" length="5.00" nVehEntered="18"/>
    <interval begin="44000.00" end="44100.00" id="inductionLoop.N0" nVehContrib="21" flow="756.00" occupancy="40.55" speed="4.04" harmonicMeanSpeed="2.72" length="5.00" nVehEntered="22"/>
    <interval begin="44100.00" end="44200.00" id="inductionLoop.N0" nVehContrib="16" flow="576.00" occupancy="19.41" speed="6.17" harmonicMeanSpeed="4.24" length="5.00" nVehEntered="17"/>
    <interval begin="44200.00" end="44300.00" id="inductionLoop.N0" nVehContrib="20" flow="720.00" occupancy="40.61" speed="4.10" harmonicMeanSpeed="2.46" length="5.00" nVehEntered="20"/>
    <interval begin="44300.00" end="44400.00" id="inductionLoop.N0" nVehContrib="19" flow="684.00" occupancy="29.24" speed="4.98" harmonicMeanSpeed="3.25" length="5.00" nVehEntered="19"/>
    <interval begin="44400.00" end="44500.00" id="inductionLoop.N0" nVehContrib="14" flow="504.00" occupancy="15.12" speed="9.05" harmonicMeanSpeed="4.78" length="5.00" nVehEntered="15"/>
    <interval begin="44500.00" end="44600.00" id="inductionLoop.N0" nVehContrib="23" flow="828.00" occupancy="22.81" speed="7.44" harmonicMeanSpeed="5.21" length="5.00" nVehEntered="24"/>
    <interval begin="44600.00" end="44700.00" id="inductionLoop.N0" nVehContrib="11" flow="396.00" occupancy="21.26" speed="4.63" harmonicMeanSpeed="3.04" length="5.00" nVehEntered="13"/>
    <interval begin="44700.00" end="44800.00" id="inductionLoop.N0" nVehContrib="18" flow="648.00" occupancy="25.79" speed="6.58" harmonicMeanSpeed="3.41" length="5.00" nVehEntered="19"/>
    <interval begin="44800.00" end="44900.00" id="inductionLoop.N0" nVehContrib="11" flow="396.00" occupancy="8.90" speed="8.59" harmonicMeanSpeed="5.71" length="5.00" nVehEntered="10"/>
    <interval begin="44900.00" end="45000.00" id="inductionLoop.N0" nVehContrib="18" flow="648.00" occupancy="49.27" speed="2.79" harmonicMeanSpeed="1.83" length="5.00" nVehEntered="18"/>
    <interval begin="45000.00" end="45100.00" id="inductionLoop.N0" nVehContrib="12" flow="432.00" occupancy="17.43" speed="5.44" harmonicMeanSpeed="3.44" length="5.00" nVehEntered="12"/>
    <interval begin="45100.00" end="45200.00" id="inductionLoop.N0" nVehContrib="20" flow="720.00" occupancy="21.52" speed="8.35" harmonicMeanSpeed="4.66" length="5.00" nVehEntered="21"/>
    <interval begin="45200.00" end="45300.00" id="inductionLoop.N0" nVehContrib="17" flow="612.00" occupancy="21.40" speed="7.29" harmonicMeanSpeed="3.97" length="5.00" nVehEntered="17"/>
    <interval begin="45300.00" end="45400.00" id="inductionLoop.N0" nVehContrib="10" flow="360.00" occupancy="5.97" speed="11.39" harmonicMeanSpeed="8.38" length="5.00" nVehEntered="10"/>
    <interval begin="45400.00" end="45500.00" id="inductionLoop.N0" nVehContrib="24" flow="864.00" occupancy="42.64" speed="4.36" harmonicMeanSpeed="2.81" length="5.00" nVehEntered="24"/>
    <interval begin="45500.00" end="45600.00" id="inductionLoop.N0" nVehContrib="27" flow="972.00" occupancy="14.96" speed="10.22" harmonicMeanSpeed="9.02" length="5.00" nVehEntered="27"/>
    <interval begin="45600.00" end="45700.00" id="inductionLoop.N0" nVehContrib="9" flow="324.00" occupancy="21.47" speed="3.15" harmonicMeanSpeed="2.12" length="5.00" nVehEntered="10"/>
    <interval begin="45700.00" end="45800.00" id="inductionLoop.N0" nVehContrib="26" flow="936.00" occupancy="22.62" speed="8.31" harmonicMeanSpeed="5.75" length="5.00" nVehEntered="26"/>
    <interval begin="45800.00" end="45900.00" id="inductionLoop.N0" nVehContrib="9" flow="324.00" occupancy="25.00" speed="3.05" harmonicMeanSpeed="1.93" length="5.00" nVehEntered="10"/>
    <interval begin="45900.00" end="46000.00" id="inductionLoop.N0" nVehContrib="25" flow="900.00" occupancy="23.17" speed="7.36" harmonicMeanSpeed="5.39" length="5.00" nVehEntered="25"/>
    <interval begin="46000.00" end="46100.00" id="inductionLoop.N0" nVehContrib="10" flow="360.00" occupancy="26.58" speed="2.71" harmonicMeanSpeed="2.02" length="5.00" nVehEntered="11"/>
    <interval begin="46100.00" end="46200.00" id="inductionLoop.N0" nVehContrib="22" flow="792.00" occupancy="48.65" speed="3.34" harmonicMeanSpeed="2.19" length="5.00" nVehEntered="22"/>
    <interval begin="46200.00" end="46300.00" id="inductionLoop.N0" nVehContrib="9" flow="324.00" occupancy="23.15" speed="3.10" harmonicMeanSpeed="1.93" length="5.00" nVehEntered="8"/>
    <interval begin="46300.00" end="46400.00" id="inductionLoop.N0" nVehContrib="20" flow="720.00" occupancy="51.78" speed="2.78" harmonicMeanSpeed="1.93" length="5.00" nVehEntered="21"/>
    <interval begin="46400.00" end="46500.00" id="inductionLoop.N0" nVehContrib="12" flow="432.00" occupancy="27.41" speed="3.67" harmonicMeanSpeed="2.18" length="5.00" nVehEntered="11"/>
    <interval begin="46500.00" end="46600.00" id="inductionLoop.N0" nVehContrib="27" flow="972.00" occupancy="29.47" speed="5.77" harmonicMeanSpeed="4.58" length="5.00" nVehEntered="27"/>
    <interval begin="46600.00" end="46700.00" id="inductionLoop.N0" nVehContrib="20" flow="720.00" occupancy="34.07" speed="5.14" harmonicMeanSpeed="2.94" length="5.00" nVehEntered="20"/>
    <interval begin="46700.00" end="46800.00" id="inductionLoop.N0" nVehContrib="19" flow="684.00" occupancy="24.08" speed="5.28" harmonicMeanSpeed="3.95" length="5.00" nVehEntered="19"/>
    <interval begin="46800.00" end="46900.00" id="inductionLoop.N0" nVehContrib="14" flow="504.00" occupancy="12.28" speed="9.47" harmonicMeanSpeed="5.87" length="5.00" nVehEntered="15"/>
    <interval begin="46900.00" end="47000.00" id="inductionLoop.N0" nVehContrib="18" flow="648.00" occupancy="31.99" speed="4.70" harmonicMeanSpeed="2.81" length="5.00" nVehEntered="18"/>
    <interval begin="47000.00" end="47100.00" id="inductionLoop.N0" nVehContrib="10" flow="360.00" occupancy="27.26" speed="3.06" harmonicMeanSpeed="2.05" length="5.00" nVehEntered="11"/>
    <interval begin="47100.00" end="47200.00" id="inductionLoop.N0" nVehContrib="15" flow="540.00" occupancy="24.29" speed="4.13" harmonicMeanSpeed="2.81" length="5.00" nVehEntered="15"/>
    <interval begin="47200.00" end="47300.00" id="inductionLoop.N0" nVehContrib="24" flow="864.00" occupancy="40.39" speed="4.40" harmonicMeanSpeed="2.94" length="5.00" nVehEntered="23"/>
    <interval begin="47300.00" end="47400.00" id="inductionLoop.N0" nVehContrib="21" flow="756.00" occupancy="34.38" speed="4.39" harmonicMeanSpeed="3.05" length="5.00" nVehEntered="21"/>
    <interval begin="47400.00" end="47500.00" id="inductionLoop.N0" nVehContrib="12" flow="432.00" occupancy="29.32" speed="3.61" harmonicMeanSpeed="2.05" length="5.00" nVehEntered="12"/>
    <interval begin="47500.00" end="47600.00" id="inductionLoop.N0" nVehContrib="19" flow="684.00" occupancy="30.09" speed="4.99" harmonicMeanSpeed="3.30" length="5.00" nVehEntered="20"/>
    <interval begin="47600.00" end="47700.00" id="inductionLoop.N0" nVehContrib="22" flow="792.00" occupancy="48.06" speed="3.53" harmonicMeanSpeed="2.27" length="5.00" nVehEntered="22"/>
    <interval begin="47700.00" end="47800.00" id="inductionLoop.N0" nVehContrib="11" flow="396.00" occupancy="28.39" speed="3.10" harmonicMeanSpeed="1.88" length="5.00" nVehEntered="10"/>
    <interval begin="47800.00" end="47900.00" id="inductionLoop.N0" nVehContrib="21" flow="756.00" occupancy="39.72" speed="4.27" harmonicMeanSpeed="2.64" length="5.00" nVehEntered="21"/>
    <interval begin="47900.00" end="48000.00" id="inductionLoop.N0" nVehContrib="21" flow="756.00" occupancy="34.75" speed="4.33" harmonicMeanSpeed="3.02" length="5.00" nVehEntered="21"/>
    <interval begin="48000.00" end="48100.00" id="inductionLoop.N0" nVehContrib="24" flow="864.00" occupancy="26.45" speed="6.07" harmonicMeanSpeed="4.54" length="5.00" nVehEntered="24"/>
    <interval begin="48100.00" end="48200.00" id="inductionLoop.N0" nVehContrib="17" flow="612.00" occupancy="34.64" speed="3.42" harmonicMeanSpeed="2.45" length="5.00" nVehEntered="17"/>
    <interval begin="48200.00" end="48300.00" id="inductionLoop.N0" nVehContrib="25" flow="900.00" occupancy="47.78" speed="4.55" harmonicMeanSpeed="2.72" length="5.00" nVehEntered="26"/>
    <interval begin="48300.00" end="48400.00" id="inductionLoop.N0" nVehContrib="6" flow="216.00" occupancy="11.83" speed="3.17" harmonicMeanSpeed="2.19" length="5.00" nVehEntered="5"/>
    <interval begin="48400.00" end="48500.00" id="inductionLoop.N0" nVehContrib="24" flow="864.00" occupancy="49.68" speed="4.14" harmonicMeanSpeed="2.43" length="5.00" nVehEntered="25"/>
    <interval begin="48500.00" end="48600.00" id="inductionLoop.N0" nVehContrib="17" flow="612.00" occupancy="22.55" speed="5.77" harmonicMeanSpeed="3.72" length="5.00" nVehEntered="16"/>
    <interval begin="48600.00" end="48700.00" id="inductionLoop.N0" nVehContrib="25" flow="900.00" occupancy="47.88" speed="3.78" harmonicMeanSpeed="2.61" length="5.00" nVehEntered="25"/>
    <interval begin="48700.00" end="48800.00" id="inductionLoop.N0" nVehContrib="11" flow="396.00" occupancy="20.07" speed="4.74" harmonicMeanSpeed="3.15" length="5.00" nVehEntered="12"/>
    <interval begin="48800.00" end="48900.00" id="inductionLoop.N0" nVehContrib="28" flow="1008.00" occupancy="43.81" speed="4.86" harmonicMeanSpeed="3.01" length="5.00" nVehEntered="27"/>
    <interval begin="48900.00" end="49000.00" id="inductionLoop.N0" nVehContrib="12" flow="432.00" occupancy="19.92" speed="4.49" harmonicMeanSpeed="3.01" length="5.00" nVehEntered="12"/>
    <interval begin="49000.00" end="49100.00" id="inductionLoop.N0" nVehContrib="28" flow="1008.00" occupancy="43.90" speed="5.06" harmonicMeanSpeed="3.19" length="5.00" nVehEntered="28"/>
    <interval begin="49100.00" end="49200.00" id="inductionLoop.N0" nVehContrib="11" flow="396.00" occupancy="22.52" speed="4.11" harmonicMeanSpeed="2.61" length="5.00" nVehEntered="12"/>
    <interval begin="49200.00" end="49300.00" id="inductionLoop.N0" nVehContrib="29" flow="1044.00" occupancy="43.54" speed="4.82" harmonicMeanSpeed="3.29" length="5.00" nVehEntered="29"/>
    <interval begin="49300.00" end="49400.00" id="inductionLoop.N0" nVehContrib="18" flow="648.00" occupancy="19.42" speed="5.43" harmonicMeanSpeed="4.43" length="5.00" nVehEntered="17"/>
    <interval begin="49400.00" end="49500.00" id="inductionLoop.N0" nVehContrib="23" flow="828.00" occupancy="38.96" speed="4.79" harmonicMeanSpeed="2.95" length="5.00" nVehEntered="23"/>
    <interval begin="49500.00" end="49600.00" id="inductionLoop.N0" nVehContrib="26" flow="936.00" occupancy="37.57" speed="5.27" harmonicMeanSpeed="3.46" length="5.00" nVehEntered="26"/>
    <interval begin="49600.00" end="49700.00" id="inductionLoop.N0" nVehContrib="5" flow="180.00" occupancy="15.44" speed="1.86" harmonicMeanSpeed="1.62" length="5.00" nVehEntered="5"/>
    <interval begin="49700.00" end="49800.00" id="inductionLoop.N0" nVehContrib="24" flow="864.00" occupancy="47.65" speed="4.07" harmonicMeanSpeed="2.52" length="5.00" nVehEntered="24"/>
    <interval begin="49800.00" end="49900.00" id="inductionLoop.N0" nVehContrib="12" flow="432.00" occupancy="19.05" speed="5.10" harmonicMeanSpeed="3.90" length="5.00" nVehEntered="13"/>
    <interval begin="49900.00" end="50000.00" id="inductionLoop.N0" nVehContrib="26" flow="936.00" occupancy="44.58" speed="4.21" harmonicMeanSpeed="2.69" length="5.00" nVehEntered="25"/>
    <interval begin="50000.00" end="50004.00" id="inductionLoop.N0" nVehContrib="2" flow="1800.00" occupancy="36.91" speed="6.79" harmonicMeanSpeed="6.77" length="5.00" nVehEntered="2"/>
</detector>
