<?xml version="1.0" encoding="UTF-8"?>

<!-- generated on 2023-07-31 18:43:26 by Eclipse SUMO sumo Version 1.12.0
<configuration xmlns:xsi="http://www.w3.org/2001/XMLSchema-instance" xsi:noNamespaceSchemaLocation="http://sumo.dlr.de/xsd/sumoConfiguration.xsd">

    <input>
        <net-file value="Data0-35/intersection.net.xml"/>
        <route-files value="Data0-35/intersection.rou.xml"/>
        <additional-files value="Data0-35/intersection.det.xml"/>
    </input>

    <output>
        <tripinfo-output value="Data0-35/tripinfo.xml"/>
    </output>

    <time>
        <begin value="0"/>
    </time>

    <processing>
        <time-to-teleport value="-1"/>
        <waiting-time-memory value="60000"/>
    </processing>

    <report>
        <verbose value="true"/>
        <no-step-log value="true"/>
    </report>

    <emissions>
        <device.emissions.probability value="1"/>
    </emissions>

    <traci_server>
        <remote-port value="56167"/>
    </traci_server>

    <gui_only>
        <gui-settings-file value="Data0-35/intersection.settings.xml"/>
    </gui_only>

</configuration>
-->

<detector xmlns:xsi="http://www.w3.org/2001/XMLSchema-instance" xsi:noNamespaceSchemaLocation="http://sumo.dlr.de/xsd/det_e1_file.xsd">
    <interval begin="0.00" end="100.00" id="inductionLoop.S0" nVehContrib="7" flow="252.00" occupancy="3.93" speed="11.06" harmonicMeanSpeed="8.90" length="5.00" nVehEntered="7"/>
    <interval begin="100.00" end="200.00" id="inductionLoop.S0" nVehContrib="10" flow="360.00" occupancy="19.65" speed="6.98" harmonicMeanSpeed="3.37" length="5.00" nVehEntered="11"/>
    <interval begin="200.00" end="300.00" id="inductionLoop.S0" nVehContrib="13" flow="468.00" occupancy="58.29" speed="5.30" harmonicMeanSpeed="1.03" length="5.00" nVehEntered="12"/>
    <interval begin="300.00" end="400.00" id="inductionLoop.S0" nVehContrib="9" flow="324.00" occupancy="80.17" speed="4.01" harmonicMeanSpeed="0.76" length="5.00" nVehEntered="10"/>
    <interval begin="400.00" end="500.00" id="inductionLoop.S0" nVehContrib="14" flow="504.00" occupancy="47.64" speed="3.48" harmonicMeanSpeed="1.02" length="5.00" nVehEntered="13"/>
    <interval begin="500.00" end="600.00" id="inductionLoop.S0" nVehContrib="14" flow="504.00" occupancy="30.32" speed="3.61" harmonicMeanSpeed="2.31" length="5.00" nVehEntered="14"/>
    <interval begin="600.00" end="700.00" id="inductionLoop.S0" nVehContrib="15" flow="540.00" occupancy="51.77" speed="3.86" harmonicMeanSpeed="1.45" length="5.00" nVehEntered="15"/>
    <interval begin="700.00" end="800.00" id="inductionLoop.S0" nVehContrib="10" flow="360.00" occupancy="61.25" speed="7.35" harmonicMeanSpeed="1.04" length="5.00" nVehEntered="11"/>
    <interval begin="800.00" end="900.00" id="inductionLoop.S0" nVehContrib="15" flow="540.00" occupancy="43.87" speed="6.34" harmonicMeanSpeed="1.33" length="5.00" nVehEntered="15"/>
    <interval begin="900.00" end="1000.00" id="inductionLoop.S0" nVehContrib="13" flow="468.00" occupancy="35.09" speed="5.33" harmonicMeanSpeed="1.81" length="5.00" nVehEntered="12"/>
    <interval begin="1000.00" end="1100.00" id="inductionLoop.S0" nVehContrib="9" flow="324.00" occupancy="65.86" speed="5.74" harmonicMeanSpeed="0.69" length="5.00" nVehEntered="10"/>
    <interval begin="1100.00" end="1200.00" id="inductionLoop.S0" nVehContrib="17" flow="612.00" occupancy="41.90" speed="6.26" harmonicMeanSpeed="1.99" length="5.00" nVehEntered="16"/>
    <interval begin="1200.00" end="1300.00" id="inductionLoop.S0" nVehContrib="10" flow="360.00" occupancy="36.65" speed="4.76" harmonicMeanSpeed="1.36" length="5.00" nVehEntered="10"/>
    <interval begin="1300.00" end="1400.00" id="inductionLoop.S0" nVehContrib="9" flow="324.00" occupancy="34.28" speed="6.47" harmonicMeanSpeed="1.35" length="5.00" nVehEntered="10"/>
    <interval begin="1400.00" end="1500.00" id="inductionLoop.S0" nVehContrib="10" flow="360.00" occupancy="31.99" speed="7.44" harmonicMeanSpeed="1.68" length="5.00" nVehEntered="12"/>
    <interval begin="1500.00" end="1600.00" id="inductionLoop.S0" nVehContrib="8" flow="288.00" occupancy="45.82" speed="5.67" harmonicMeanSpeed="1.06" length="5.00" nVehEntered="8"/>
    <interval begin="1600.00" end="1700.00" id="inductionLoop.S0" nVehContrib="14" flow="504.00" occupancy="43.41" speed="6.39" harmonicMeanSpeed="1.38" length="5.00" nVehEntered="14"/>
    <interval begin="1700.00" end="1800.00" id="inductionLoop.S0" nVehContrib="10" flow="360.00" occupancy="17.13" speed="7.34" harmonicMeanSpeed="2.58" length="5.00" nVehEntered="9"/>
    <interval begin="1800.00" end="1900.00" id="inductionLoop.S0" nVehContrib="8" flow="288.00" occupancy="20.82" speed="10.28" harmonicMeanSpeed="9.94" length="5.00" nVehEntered="13"/>
    <interval begin="1900.00" end="2000.00" id="inductionLoop.S0" nVehContrib="10" flow="360.00" occupancy="65.11" speed="4.84" harmonicMeanSpeed="0.92" length="5.00" nVehEntered="11"/>
    <interval begin="2000.00" end="2100.00" id="inductionLoop.S0" nVehContrib="12" flow="432.00" occupancy="46.02" speed="7.27" harmonicMeanSpeed="1.21" length="5.00" nVehEntered="13"/>
    <interval begin="2100.00" end="2200.00" id="inductionLoop.S0" nVehContrib="11" flow="396.00" occupancy="37.84" speed="7.05" harmonicMeanSpeed="1.16" length="5.00" nVehEntered="10"/>
    <interval begin="2200.00" end="2300.00" id="inductionLoop.S0" nVehContrib="9" flow="324.00" occupancy="17.48" speed="7.59" harmonicMeanSpeed="2.65" length="5.00" nVehEntered="10"/>
    <interval begin="2300.00" end="2400.00" id="inductionLoop.S0" nVehContrib="8" flow="288.00" occupancy="31.13" speed="8.44" harmonicMeanSpeed="2.47" length="5.00" nVehEntered="9"/>
    <interval begin="2400.00" end="2500.00" id="inductionLoop.S0" nVehContrib="16" flow="576.00" occupancy="66.65" speed="4.41" harmonicMeanSpeed="0.98" length="5.00" nVehEntered="15"/>
    <interval begin="2500.00" end="2600.00" id="inductionLoop.S0" nVehContrib="8" flow="288.00" occupancy="29.92" speed="8.36" harmonicMeanSpeed="1.95" length="5.00" nVehEntered="11"/>
    <interval begin="2600.00" end="2700.00" id="inductionLoop.S0" nVehContrib="9" flow="324.00" occupancy="44.53" speed="5.41" harmonicMeanSpeed="1.09" length="5.00" nVehEntered="9"/>
    <interval begin="2700.00" end="2800.00" id="inductionLoop.S0" nVehContrib="14" flow="504.00" occupancy="17.92" speed="8.95" harmonicMeanSpeed="2.91" length="5.00" nVehEntered="13"/>
    <interval begin="2800.00" end="2900.00" id="inductionLoop.S0" nVehContrib="13" flow="468.00" occupancy="14.71" speed="8.76" harmonicMeanSpeed="6.43" length="5.00" nVehEntered="14"/>
    <interval begin="2900.00" end="3000.00" id="inductionLoop.S0" nVehContrib="10" flow="360.00" occupancy="29.17" speed="6.00" harmonicMeanSpeed="1.71" length="5.00" nVehEntered="10"/>
    <interval begin="3000.00" end="3100.00" id="inductionLoop.S0" nVehContrib="12" flow="432.00" occupancy="45.22" speed="5.60" harmonicMeanSpeed="1.90" length="5.00" nVehEntered="14"/>
    <interval begin="3100.00" end="3200.00" id="inductionLoop.S0" nVehContrib="13" flow="468.00" occupancy="52.86" speed="6.82" harmonicMeanSpeed="1.02" length="5.00" nVehEntered="14"/>
    <interval begin="3200.00" end="3300.00" id="inductionLoop.S0" nVehContrib="12" flow="432.00" occupancy="65.59" speed="5.55" harmonicMeanSpeed="0.91" length="5.00" nVehEntered="11"/>
    <interval begin="3300.00" end="3400.00" id="inductionLoop.S0" nVehContrib="9" flow="324.00" occupancy="39.45" speed="5.06" harmonicMeanSpeed="1.36" length="5.00" nVehEntered="10"/>
    <interval begin="3400.00" end="3500.00" id="inductionLoop.S0" nVehContrib="8" flow="288.00" occupancy="11.83" speed="7.31" harmonicMeanSpeed="2.24" length="5.00" nVehEntered="8"/>
    <interval begin="3500.00" end="3600.00" id="inductionLoop.S0" nVehContrib="9" flow="324.00" occupancy="22.11" speed="7.82" harmonicMeanSpeed="2.21" length="5.00" nVehEntered="9"/>
    <interval begin="3600.00" end="3700.00" id="inductionLoop.S0" nVehContrib="11" flow="396.00" occupancy="43.61" speed="4.48" harmonicMeanSpeed="1.68" length="5.00" nVehEntered="11"/>
    <interval begin="3700.00" end="3800.00" id="inductionLoop.S0" nVehContrib="10" flow="360.00" occupancy="32.83" speed="3.80" harmonicMeanSpeed="1.10" length="5.00" nVehEntered="9"/>
    <interval begin="3800.00" end="3900.00" id="inductionLoop.S0" nVehContrib="13" flow="468.00" occupancy="16.26" speed="7.25" harmonicMeanSpeed="4.00" length="5.00" nVehEntered="13"/>
    <interval begin="3900.00" end="4000.00" id="inductionLoop.S0" nVehContrib="12" flow="432.00" occupancy="55.77" speed="4.48" harmonicMeanSpeed="1.21" length="5.00" nVehEntered="14"/>
    <interval begin="4000.00" end="4100.00" id="inductionLoop.S0" nVehContrib="13" flow="468.00" occupancy="47.55" speed="5.39" harmonicMeanSpeed="1.26" length="5.00" nVehEntered="12"/>
    <interval begin="4100.00" end="4200.00" id="inductionLoop.S0" nVehContrib="12" flow="432.00" occupancy="24.02" speed="7.68" harmonicMeanSpeed="2.50" length="5.00" nVehEntered="12"/>
    <interval begin="4200.00" end="4300.00" id="inductionLoop.S0" nVehContrib="12" flow="432.00" occupancy="61.12" speed="5.21" harmonicMeanSpeed="0.98" length="5.00" nVehEntered="12"/>
    <interval begin="4300.00" end="4400.00" id="inductionLoop.S0" nVehContrib="6" flow="216.00" occupancy="35.24" speed="5.41" harmonicMeanSpeed="1.44" length="5.00" nVehEntered="7"/>
    <interval begin="4400.00" end="4500.00" id="inductionLoop.S0" nVehContrib="13" flow="468.00" occupancy="28.37" speed="7.02" harmonicMeanSpeed="2.21" length="5.00" nVehEntered="13"/>
    <interval begin="4500.00" end="4600.00" id="inductionLoop.S0" nVehContrib="13" flow="468.00" occupancy="39.40" speed="3.88" harmonicMeanSpeed="1.23" length="5.00" nVehEntered="12"/>
    <interval begin="4600.00" end="4700.00" id="inductionLoop.S0" nVehContrib="12" flow="432.00" occupancy="29.67" speed="7.18" harmonicMeanSpeed="2.02" length="5.00" nVehEntered="12"/>
    <interval begin="4700.00" end="4800.00" id="inductionLoop.S0" nVehContrib="12" flow="432.00" occupancy="14.81" speed="9.11" harmonicMeanSpeed="4.69" length="5.00" nVehEntered="13"/>
    <interval begin="4800.00" end="4900.00" id="inductionLoop.S0" nVehContrib="11" flow="396.00" occupancy="29.83" speed="6.24" harmonicMeanSpeed="3.24" length="5.00" nVehEntered="12"/>
    <interval begin="4900.00" end="5000.00" id="inductionLoop.S0" nVehContrib="9" flow="324.00" occupancy="4.56" speed="10.59" harmonicMeanSpeed="10.27" length="5.00" nVehEntered="10"/>
    <interval begin="5000.00" end="5100.00" id="inductionLoop.S0" nVehContrib="9" flow="324.00" occupancy="14.48" speed="9.77" harmonicMeanSpeed="3.11" length="5.00" nVehEntered="9"/>
    <interval begin="5100.00" end="5200.00" id="inductionLoop.S0" nVehContrib="10" flow="360.00" occupancy="47.27" speed="5.86" harmonicMeanSpeed="1.10" length="5.00" nVehEntered="12"/>
    <interval begin="5200.00" end="5300.00" id="inductionLoop.S0" nVehContrib="14" flow="504.00" occupancy="14.41" speed="7.88" harmonicMeanSpeed="4.76" length="5.00" nVehEntered="14"/>
    <interval begin="5300.00" end="5400.00" id="inductionLoop.S0" nVehContrib="11" flow="396.00" occupancy="42.41" speed="5.60" harmonicMeanSpeed="1.30" length="5.00" nVehEntered="11"/>
    <interval begin="5400.00" end="5500.00" id="inductionLoop.S0" nVehContrib="13" flow="468.00" occupancy="18.53" speed="7.00" harmonicMeanSpeed="3.51" length="5.00" nVehEntered="13"/>
    <interval begin="5500.00" end="5600.00" id="inductionLoop.S0" nVehContrib="11" flow="396.00" occupancy="22.81" speed="8.20" harmonicMeanSpeed="2.46" length="5.00" nVehEntered="12"/>
    <interval begin="5600.00" end="5700.00" id="inductionLoop.S0" nVehContrib="12" flow="432.00" occupancy="15.41" speed="9.23" harmonicMeanSpeed="3.97" length="5.00" nVehEntered="13"/>
    <interval begin="5700.00" end="5800.00" id="inductionLoop.S0" nVehContrib="6" flow="216.00" occupancy="6.85" speed="11.18" harmonicMeanSpeed="10.79" length="5.00" nVehEntered="7"/>
    <interval begin="5800.00" end="5900.00" id="inductionLoop.S0" nVehContrib="9" flow="324.00" occupancy="18.43" speed="7.99" harmonicMeanSpeed="2.46" length="5.00" nVehEntered="10"/>
    <interval begin="5900.00" end="6000.00" id="inductionLoop.S0" nVehContrib="6" flow="216.00" occupancy="19.97" speed="10.90" harmonicMeanSpeed="10.33" length="5.00" nVehEntered="7"/>
    <interval begin="6000.00" end="6100.00" id="inductionLoop.S0" nVehContrib="13" flow="468.00" occupancy="11.58" speed="9.68" harmonicMeanSpeed="2.27" length="5.00" nVehEntered="12"/>
    <interval begin="6100.00" end="6200.00" id="inductionLoop.S0" nVehContrib="15" flow="540.00" occupancy="29.38" speed="7.10" harmonicMeanSpeed="2.61" length="5.00" nVehEntered="17"/>
    <interval begin="6200.00" end="6300.00" id="inductionLoop.S0" nVehContrib="12" flow="432.00" occupancy="9.53" speed="9.36" harmonicMeanSpeed="6.48" length="5.00" nVehEntered="13"/>
    <interval begin="6300.00" end="6400.00" id="inductionLoop.S0" nVehContrib="10" flow="360.00" occupancy="11.68" speed="9.43" harmonicMeanSpeed="4.65" length="5.00" nVehEntered="11"/>
    <interval begin="6400.00" end="6500.00" id="inductionLoop.S0" nVehContrib="13" flow="468.00" occupancy="7.40" speed="10.54" harmonicMeanSpeed="10.13" length="5.00" nVehEntered="14"/>
    <interval begin="6500.00" end="6600.00" id="inductionLoop.S0" nVehContrib="13" flow="468.00" occupancy="21.45" speed="6.82" harmonicMeanSpeed="3.03" length="5.00" nVehEntered="13"/>
    <interval begin="6600.00" end="6700.00" id="inductionLoop.S0" nVehContrib="10" flow="360.00" occupancy="19.16" speed="9.45" harmonicMeanSpeed="2.61" length="5.00" nVehEntered="10"/>
    <interval begin="6700.00" end="6800.00" id="inductionLoop.S0" nVehContrib="10" flow="360.00" occupancy="25.89" speed="8.03" harmonicMeanSpeed="2.05" length="5.00" nVehEntered="11"/>
    <interval begin="6800.00" end="6900.00" id="inductionLoop.S0" nVehContrib="7" flow="252.00" occupancy="21.67" speed="6.20" harmonicMeanSpeed="1.77" length="5.00" nVehEntered="8"/>
    <interval begin="6900.00" end="7000.00" id="inductionLoop.S0" nVehContrib="13" flow="468.00" occupancy="11.48" speed="10.05" harmonicMeanSpeed="5.66" length="5.00" nVehEntered="13"/>
    <interval begin="7000.00" end="7100.00" id="inductionLoop.S0" nVehContrib="10" flow="360.00" occupancy="28.77" speed="9.66" harmonicMeanSpeed="1.74" length="5.00" nVehEntered="10"/>
    <interval begin="7100.00" end="7200.00" id="inductionLoop.S0" nVehContrib="9" flow="324.00" occupancy="4.24" speed="11.46" harmonicMeanSpeed="11.01" length="5.00" nVehEntered="10"/>
    <interval begin="7200.00" end="7300.00" id="inductionLoop.S0" nVehContrib="13" flow="468.00" occupancy="9.03" speed="9.06" harmonicMeanSpeed="7.80" length="5.00" nVehEntered="14"/>
    <interval begin="7300.00" end="7400.00" id="inductionLoop.S0" nVehContrib="4" flow="144.00" occupancy="2.68" speed="9.58" harmonicMeanSpeed="8.24" length="5.00" nVehEntered="5"/>
    <interval begin="7400.00" end="7500.00" id="inductionLoop.S0" nVehContrib="6" flow="216.00" occupancy="2.09" speed="12.90" harmonicMeanSpeed="12.80" length="5.00" nVehEntered="5"/>
    <interval begin="7500.00" end="7600.00" id="inductionLoop.S0" nVehContrib="5" flow="180.00" occupancy="2.54" speed="10.02" harmonicMeanSpeed="9.84" length="5.00" nVehEntered="5"/>
    <interval begin="7600.00" end="7700.00" id="inductionLoop.S0" nVehContrib="8" flow="288.00" occupancy="3.36" speed="11.97" harmonicMeanSpeed="11.90" length="5.00" nVehEntered="8"/>
    <interval begin="7700.00" end="7800.00" id="inductionLoop.S0" nVehContrib="8" flow="288.00" occupancy="20.59" speed="9.21" harmonicMeanSpeed="1.94" length="5.00" nVehEntered="8"/>
    <interval begin="7800.00" end="7900.00" id="inductionLoop.S0" nVehContrib="7" flow="252.00" occupancy="2.73" speed="13.08" harmonicMeanSpeed="12.81" length="5.00" nVehEntered="7"/>
    <interval begin="7900.00" end="8000.00" id="inductionLoop.S0" nVehContrib="12" flow="432.00" occupancy="31.12" speed="9.76" harmonicMeanSpeed="1.93" length="5.00" nVehEntered="12"/>
    <interval begin="8000.00" end="8100.00" id="inductionLoop.S0" nVehContrib="12" flow="432.00" occupancy="6.54" speed="10.17" harmonicMeanSpeed="9.17" length="5.00" nVehEntered="12"/>
    <interval begin="8100.00" end="8200.00" id="inductionLoop.S0" nVehContrib="13" flow="468.00" occupancy="12.01" speed="9.55" harmonicMeanSpeed="5.41" length="5.00" nVehEntered="13"/>
    <interval begin="8200.00" end="8300.00" id="inductionLoop.S0" nVehContrib="10" flow="360.00" occupancy="6.01" speed="10.16" harmonicMeanSpeed="9.63" length="5.00" nVehEntered="11"/>
    <interval begin="8300.00" end="8400.00" id="inductionLoop.S0" nVehContrib="11" flow="396.00" occupancy="42.03" speed="6.91" harmonicMeanSpeed="1.30" length="5.00" nVehEntered="11"/>
    <interval begin="8400.00" end="8500.00" id="inductionLoop.S0" nVehContrib="11" flow="396.00" occupancy="9.77" speed="9.41" harmonicMeanSpeed="5.63" length="5.00" nVehEntered="11"/>
    <interval begin="8500.00" end="8600.00" id="inductionLoop.S0" nVehContrib="13" flow="468.00" occupancy="14.27" speed="8.65" harmonicMeanSpeed="4.56" length="5.00" nVehEntered="13"/>
    <interval begin="8600.00" end="8700.00" id="inductionLoop.S0" nVehContrib="13" flow="468.00" occupancy="15.33" speed="8.93" harmonicMeanSpeed="4.24" length="5.00" nVehEntered="13"/>
    <interval begin="8700.00" end="8800.00" id="inductionLoop.S0" nVehContrib="8" flow="288.00" occupancy="3.63" speed="11.30" harmonicMeanSpeed="11.02" length="5.00" nVehEntered="8"/>
    <interval begin="8800.00" end="8900.00" id="inductionLoop.S0" nVehContrib="12" flow="432.00" occupancy="24.11" speed="6.57" harmonicMeanSpeed="2.49" length="5.00" nVehEntered="12"/>
    <interval begin="8900.00" end="9000.00" id="inductionLoop.S0" nVehContrib="11" flow="396.00" occupancy="7.06" speed="10.05" harmonicMeanSpeed="7.79" length="5.00" nVehEntered="11"/>
    <interval begin="9000.00" end="9100.00" id="inductionLoop.S0" nVehContrib="9" flow="324.00" occupancy="8.35" speed="9.07" harmonicMeanSpeed="5.39" length="5.00" nVehEntered="9"/>
    <interval begin="9100.00" end="9200.00" id="inductionLoop.S0" nVehContrib="11" flow="396.00" occupancy="9.80" speed="11.76" harmonicMeanSpeed="11.39" length="5.00" nVehEntered="12"/>
    <interval begin="9200.00" end="9300.00" id="inductionLoop.S0" nVehContrib="16" flow="576.00" occupancy="9.75" speed="10.21" harmonicMeanSpeed="9.19" length="5.00" nVehEntered="17"/>
    <interval begin="9300.00" end="9400.00" id="inductionLoop.S0" nVehContrib="7" flow="252.00" occupancy="17.33" speed="7.89" harmonicMeanSpeed="2.02" length="5.00" nVehEntered="7"/>
    <interval begin="9400.00" end="9500.00" id="inductionLoop.S0" nVehContrib="7" flow="252.00" occupancy="20.59" speed="7.93" harmonicMeanSpeed="1.78" length="5.00" nVehEntered="9"/>
    <interval begin="9500.00" end="9600.00" id="inductionLoop.S0" nVehContrib="11" flow="396.00" occupancy="12.50" speed="9.14" harmonicMeanSpeed="5.42" length="5.00" nVehEntered="12"/>
    <interval begin="9600.00" end="9700.00" id="inductionLoop.S0" nVehContrib="10" flow="360.00" occupancy="8.33" speed="9.09" harmonicMeanSpeed="6.07" length="5.00" nVehEntered="11"/>
    <interval begin="9700.00" end="9800.00" id="inductionLoop.S0" nVehContrib="12" flow="432.00" occupancy="11.87" speed="10.58" harmonicMeanSpeed="5.02" length="5.00" nVehEntered="11"/>
    <interval begin="9800.00" end="9900.00" id="inductionLoop.S0" nVehContrib="11" flow="396.00" occupancy="9.98" speed="10.18" harmonicMeanSpeed="5.51" length="5.00" nVehEntered="11"/>
    <interval begin="9900.00" end="10000.00" id="inductionLoop.S0" nVehContrib="10" flow="360.00" occupancy="4.88" speed="11.06" harmonicMeanSpeed="10.91" length="5.00" nVehEntered="12"/>
    <interval begin="10000.00" end="10100.00" id="inductionLoop.S0" nVehContrib="15" flow="540.00" occupancy="14.68" speed="7.62" harmonicMeanSpeed="5.11" length="5.00" nVehEntered="15"/>
    <interval begin="10100.00" end="10200.00" id="inductionLoop.S0" nVehContrib="10" flow="360.00" occupancy="8.37" speed="10.63" harmonicMeanSpeed="5.98" length="5.00" nVehEntered="10"/>
    <interval begin="10200.00" end="10300.00" id="inductionLoop.S0" nVehContrib="8" flow="288.00" occupancy="6.35" speed="8.31" harmonicMeanSpeed="6.30" length="5.00" nVehEntered="8"/>
    <interval begin="10300.00" end="10400.00" id="inductionLoop.S0" nVehContrib="6" flow="216.00" occupancy="2.33" speed="13.17" harmonicMeanSpeed="12.86" length="5.00" nVehEntered="6"/>
    <interval begin="10400.00" end="10500.00" id="inductionLoop.S0" nVehContrib="7" flow="252.00" occupancy="21.61" speed="8.42" harmonicMeanSpeed="1.62" length="5.00" nVehEntered="7"/>
    <interval begin="10500.00" end="10600.00" id="inductionLoop.S0" nVehContrib="10" flow="360.00" occupancy="15.94" speed="9.62" harmonicMeanSpeed="3.14" length="5.00" nVehEntered="10"/>
    <interval begin="10600.00" end="10700.00" id="inductionLoop.S0" nVehContrib="9" flow="324.00" occupancy="5.51" speed="10.91" harmonicMeanSpeed="8.16" length="5.00" nVehEntered="9"/>
    <interval begin="10700.00" end="10800.00" id="inductionLoop.S0" nVehContrib="14" flow="504.00" occupancy="12.98" speed="8.28" harmonicMeanSpeed="5.54" length="5.00" nVehEntered="15"/>
    <interval begin="10800.00" end="10900.00" id="inductionLoop.S0" nVehContrib="4" flow="144.00" occupancy="16.93" speed="11.74" harmonicMeanSpeed="11.65" length="5.00" nVehEntered="5"/>
    <interval begin="10900.00" end="11000.00" id="inductionLoop.S0" nVehContrib="6" flow="216.00" occupancy="14.98" speed="8.44" harmonicMeanSpeed="2.33" length="5.00" nVehEntered="7"/>
    <interval begin="11000.00" end="11100.00" id="inductionLoop.S0" nVehContrib="6" flow="216.00" occupancy="19.92" speed="10.90" harmonicMeanSpeed="1.38" length="5.00" nVehEntered="6"/>
    <interval begin="11100.00" end="11200.00" id="inductionLoop.S0" nVehContrib="8" flow="288.00" occupancy="3.37" speed="12.21" harmonicMeanSpeed="11.86" length="5.00" nVehEntered="8"/>
    <interval begin="11200.00" end="11300.00" id="inductionLoop.S0" nVehContrib="11" flow="396.00" occupancy="5.31" speed="11.12" harmonicMeanSpeed="10.35" length="5.00" nVehEntered="11"/>
    <interval begin="11300.00" end="11400.00" id="inductionLoop.S0" nVehContrib="6" flow="216.00" occupancy="2.86" speed="11.04" harmonicMeanSpeed="10.48" length="5.00" nVehEntered="6"/>
    <interval begin="11400.00" end="11500.00" id="inductionLoop.S0" nVehContrib="9" flow="324.00" occupancy="3.77" speed="12.16" harmonicMeanSpeed="11.92" length="5.00" nVehEntered="9"/>
    <interval begin="11500.00" end="11600.00" id="inductionLoop.S0" nVehContrib="8" flow="288.00" occupancy="4.87" speed="10.53" harmonicMeanSpeed="8.21" length="5.00" nVehEntered="8"/>
    <interval begin="11600.00" end="11700.00" id="inductionLoop.S0" nVehContrib="6" flow="216.00" occupancy="2.63" speed="11.46" harmonicMeanSpeed="11.43" length="5.00" nVehEntered="6"/>
    <interval begin="11700.00" end="11800.00" id="inductionLoop.S0" nVehContrib="8" flow="288.00" occupancy="10.52" speed="9.22" harmonicMeanSpeed="3.91" length="5.00" nVehEntered="9"/>
    <interval begin="11800.00" end="11900.00" id="inductionLoop.S0" nVehContrib="7" flow="252.00" occupancy="3.04" speed="11.67" harmonicMeanSpeed="11.50" length="5.00" nVehEntered="7"/>
    <interval begin="11900.00" end="12000.00" id="inductionLoop.S0" nVehContrib="10" flow="360.00" occupancy="4.41" speed="11.64" harmonicMeanSpeed="11.34" length="5.00" nVehEntered="10"/>
    <interval begin="12000.00" end="12100.00" id="inductionLoop.S0" nVehContrib="10" flow="360.00" occupancy="4.65" speed="11.18" harmonicMeanSpeed="10.76" length="5.00" nVehEntered="10"/>
    <interval begin="12100.00" end="12200.00" id="inductionLoop.S0" nVehContrib="6" flow="216.00" occupancy="2.40" speed="12.63" harmonicMeanSpeed="12.52" length="5.00" nVehEntered="6"/>
    <interval begin="12200.00" end="12300.00" id="inductionLoop.S0" nVehContrib="3" flow="108.00" occupancy="1.27" speed="12.80" harmonicMeanSpeed="12.79" length="5.00" nVehEntered="4"/>
    <interval begin="12300.00" end="12400.00" id="inductionLoop.S0" nVehContrib="8" flow="288.00" occupancy="3.69" speed="11.07" harmonicMeanSpeed="10.55" length="5.00" nVehEntered="7"/>
    <interval begin="12400.00" end="12500.00" id="inductionLoop.S0" nVehContrib="10" flow="360.00" occupancy="5.43" speed="9.77" harmonicMeanSpeed="9.21" length="5.00" nVehEntered="10"/>
    <interval begin="12500.00" end="12600.00" id="inductionLoop.S0" nVehContrib="6" flow="216.00" occupancy="3.09" speed="11.53" harmonicMeanSpeed="11.27" length="5.00" nVehEntered="7"/>
    <interval begin="12600.00" end="12700.00" id="inductionLoop.S0" nVehContrib="8" flow="288.00" occupancy="4.28" speed="10.00" harmonicMeanSpeed="9.54" length="5.00" nVehEntered="9"/>
    <interval begin="12700.00" end="12800.00" id="inductionLoop.S0" nVehContrib="11" flow="396.00" occupancy="9.14" speed="10.10" harmonicMeanSpeed="6.02" length="5.00" nVehEntered="11"/>
    <interval begin="12800.00" end="12900.00" id="inductionLoop.S0" nVehContrib="7" flow="252.00" occupancy="3.33" speed="11.25" harmonicMeanSpeed="10.71" length="5.00" nVehEntered="8"/>
    <interval begin="12900.00" end="13000.00" id="inductionLoop.S0" nVehContrib="6" flow="216.00" occupancy="2.46" speed="12.68" harmonicMeanSpeed="12.19" length="5.00" nVehEntered="6"/>
    <interval begin="13000.00" end="13100.00" id="inductionLoop.S0" nVehContrib="9" flow="324.00" occupancy="3.69" speed="12.34" harmonicMeanSpeed="12.20" length="5.00" nVehEntered="9"/>
    <interval begin="13100.00" end="13200.00" id="inductionLoop.S0" nVehContrib="5" flow="180.00" occupancy="2.03" speed="12.52" harmonicMeanSpeed="12.34" length="5.00" nVehEntered="5"/>
    <interval begin="13200.00" end="13300.00" id="inductionLoop.S0" nVehContrib="8" flow="288.00" occupancy="3.13" speed="12.90" harmonicMeanSpeed="12.77" length="5.00" nVehEntered="8"/>
    <interval begin="13300.00" end="13400.00" id="inductionLoop.S0" nVehContrib="7" flow="252.00" occupancy="3.52" speed="10.28" harmonicMeanSpeed="9.95" length="5.00" nVehEntered="7"/>
    <interval begin="13400.00" end="13500.00" id="inductionLoop.S0" nVehContrib="6" flow="216.00" occupancy="2.56" speed="11.77" harmonicMeanSpeed="11.73" length="5.00" nVehEntered="6"/>
    <interval begin="13500.00" end="13600.00" id="inductionLoop.S0" nVehContrib="3" flow="108.00" occupancy="1.48" speed="10.86" harmonicMeanSpeed="10.59" length="5.00" nVehEntered="4"/>
    <interval begin="13600.00" end="13700.00" id="inductionLoop.S0" nVehContrib="7" flow="252.00" occupancy="2.84" speed="12.41" harmonicMeanSpeed="12.32" length="5.00" nVehEntered="7"/>
    <interval begin="13700.00" end="13800.00" id="inductionLoop.S0" nVehContrib="10" flow="360.00" occupancy="5.28" speed="10.01" harmonicMeanSpeed="9.47" length="5.00" nVehEntered="10"/>
    <interval begin="13800.00" end="13900.00" id="inductionLoop.S0" nVehContrib="6" flow="216.00" occupancy="2.28" speed="13.25" harmonicMeanSpeed="13.17" length="5.00" nVehEntered="6"/>
    <interval begin="13900.00" end="14000.00" id="inductionLoop.S0" nVehContrib="6" flow="216.00" occupancy="2.84" speed="12.18" harmonicMeanSpeed="12.08" length="5.00" nVehEntered="7"/>
    <interval begin="14000.00" end="14100.00" id="inductionLoop.S0" nVehContrib="10" flow="360.00" occupancy="4.44" speed="11.97" harmonicMeanSpeed="11.26" length="5.00" nVehEntered="10"/>
    <interval begin="14100.00" end="14200.00" id="inductionLoop.S0" nVehContrib="9" flow="324.00" occupancy="3.89" speed="12.11" harmonicMeanSpeed="11.56" length="5.00" nVehEntered="9"/>
    <interval begin="14200.00" end="14300.00" id="inductionLoop.S0" nVehContrib="11" flow="396.00" occupancy="6.00" speed="10.97" harmonicMeanSpeed="9.17" length="5.00" nVehEntered="11"/>
    <interval begin="14300.00" end="14400.00" id="inductionLoop.S0" nVehContrib="5" flow="180.00" occupancy="1.88" speed="13.30" harmonicMeanSpeed="13.28" length="5.00" nVehEntered="5"/>
    <interval begin="14400.00" end="14500.00" id="inductionLoop.S0" nVehContrib="5" flow="180.00" occupancy="2.26" speed="11.38" harmonicMeanSpeed="11.08" length="5.00" nVehEntered="5"/>
    <interval begin="14500.00" end="14600.00" id="inductionLoop.S0" nVehContrib="11" flow="396.00" occupancy="21.13" speed="9.14" harmonicMeanSpeed="2.60" length="5.00" nVehEntered="11"/>
    <interval begin="14600.00" end="14700.00" id="inductionLoop.S0" nVehContrib="5" flow="180.00" occupancy="5.77" speed="9.43" harmonicMeanSpeed="4.54" length="5.00" nVehEntered="6"/>
    <interval begin="14700.00" end="14800.00" id="inductionLoop.S0" nVehContrib="8" flow="288.00" occupancy="3.37" speed="12.57" harmonicMeanSpeed="12.42" length="5.00" nVehEntered="9"/>
    <interval begin="14800.00" end="14900.00" id="inductionLoop.S0" nVehContrib="9" flow="324.00" occupancy="4.58" speed="10.56" harmonicMeanSpeed="9.82" length="5.00" nVehEntered="9"/>
    <interval begin="14900.00" end="15000.00" id="inductionLoop.S0" nVehContrib="9" flow="324.00" occupancy="3.82" speed="11.97" harmonicMeanSpeed="11.78" length="5.00" nVehEntered="9"/>
    <interval begin="15000.00" end="15100.00" id="inductionLoop.S0" nVehContrib="8" flow="288.00" occupancy="8.10" speed="12.00" harmonicMeanSpeed="11.57" length="5.00" nVehEntered="9"/>
    <interval begin="15100.00" end="15200.00" id="inductionLoop.S0" nVehContrib="11" flow="396.00" occupancy="16.01" speed="8.59" harmonicMeanSpeed="2.66" length="5.00" nVehEntered="10"/>
    <interval begin="15200.00" end="15300.00" id="inductionLoop.S0" nVehContrib="10" flow="360.00" occupancy="12.04" speed="9.43" harmonicMeanSpeed="4.20" length="5.00" nVehEntered="11"/>
    <interval begin="15300.00" end="15400.00" id="inductionLoop.S0" nVehContrib="8" flow="288.00" occupancy="14.48" speed="10.70" harmonicMeanSpeed="2.76" length="5.00" nVehEntered="8"/>
    <interval begin="15400.00" end="15500.00" id="inductionLoop.S0" nVehContrib="8" flow="288.00" occupancy="3.49" speed="11.61" harmonicMeanSpeed="11.45" length="5.00" nVehEntered="8"/>
    <interval begin="15500.00" end="15600.00" id="inductionLoop.S0" nVehContrib="6" flow="216.00" occupancy="2.48" speed="12.20" harmonicMeanSpeed="12.11" length="5.00" nVehEntered="6"/>
    <interval begin="15600.00" end="15700.00" id="inductionLoop.S0" nVehContrib="9" flow="324.00" occupancy="3.96" speed="11.68" harmonicMeanSpeed="11.44" length="5.00" nVehEntered="10"/>
    <interval begin="15700.00" end="15800.00" id="inductionLoop.S0" nVehContrib="3" flow="108.00" occupancy="1.13" speed="13.30" harmonicMeanSpeed="13.27" length="5.00" nVehEntered="3"/>
    <interval begin="15800.00" end="15900.00" id="inductionLoop.S0" nVehContrib="8" flow="288.00" occupancy="6.24" speed="9.73" harmonicMeanSpeed="6.41" length="5.00" nVehEntered="8"/>
    <interval begin="15900.00" end="16000.00" id="inductionLoop.S0" nVehContrib="7" flow="252.00" occupancy="2.74" speed="12.85" harmonicMeanSpeed="12.76" length="5.00" nVehEntered="7"/>
    <interval begin="16000.00" end="16100.00" id="inductionLoop.S0" nVehContrib="6" flow="216.00" occupancy="11.43" speed="12.12" harmonicMeanSpeed="11.82" length="5.00" nVehEntered="8"/>
    <interval begin="16100.00" end="16200.00" id="inductionLoop.S0" nVehContrib="9" flow="324.00" occupancy="28.33" speed="5.72" harmonicMeanSpeed="1.22" length="5.00" nVehEntered="9"/>
    <interval begin="16200.00" end="16300.00" id="inductionLoop.S0" nVehContrib="10" flow="360.00" occupancy="18.33" speed="8.01" harmonicMeanSpeed="2.72" length="5.00" nVehEntered="9"/>
    <interval begin="16300.00" end="16400.00" id="inductionLoop.S0" nVehContrib="4" flow="144.00" occupancy="1.64" speed="12.35" harmonicMeanSpeed="12.22" length="5.00" nVehEntered="4"/>
    <interval begin="16400.00" end="16500.00" id="inductionLoop.S0" nVehContrib="6" flow="216.00" occupancy="6.55" speed="9.40" harmonicMeanSpeed="4.73" length="5.00" nVehEntered="7"/>
    <interval begin="16500.00" end="16600.00" id="inductionLoop.S0" nVehContrib="8" flow="288.00" occupancy="4.16" speed="10.18" harmonicMeanSpeed="9.61" length="5.00" nVehEntered="8"/>
    <interval begin="16600.00" end="16700.00" id="inductionLoop.S0" nVehContrib="10" flow="360.00" occupancy="5.32" speed="10.84" harmonicMeanSpeed="9.40" length="5.00" nVehEntered="10"/>
    <interval begin="16700.00" end="16800.00" id="inductionLoop.S0" nVehContrib="10" flow="360.00" occupancy="26.78" speed="6.03" harmonicMeanSpeed="1.92" length="5.00" nVehEntered="11"/>
    <interval begin="16800.00" end="16900.00" id="inductionLoop.S0" nVehContrib="12" flow="432.00" occupancy="25.57" speed="7.30" harmonicMeanSpeed="2.48" length="5.00" nVehEntered="14"/>
    <interval begin="16900.00" end="17000.00" id="inductionLoop.S0" nVehContrib="9" flow="324.00" occupancy="5.09" speed="9.68" harmonicMeanSpeed="8.49" length="5.00" nVehEntered="8"/>
    <interval begin="17000.00" end="17100.00" id="inductionLoop.S0" nVehContrib="5" flow="180.00" occupancy="2.47" speed="10.40" harmonicMeanSpeed="10.11" length="5.00" nVehEntered="5"/>
    <interval begin="17100.00" end="17200.00" id="inductionLoop.S0" nVehContrib="11" flow="396.00" occupancy="9.82" speed="8.19" harmonicMeanSpeed="5.60" length="5.00" nVehEntered="11"/>
    <interval begin="17200.00" end="17300.00" id="inductionLoop.S0" nVehContrib="7" flow="252.00" occupancy="4.70" speed="9.92" harmonicMeanSpeed="7.45" length="5.00" nVehEntered="7"/>
    <interval begin="17300.00" end="17400.00" id="inductionLoop.S0" nVehContrib="7" flow="252.00" occupancy="8.07" speed="9.84" harmonicMeanSpeed="9.14" length="5.00" nVehEntered="10"/>
    <interval begin="17400.00" end="17500.00" id="inductionLoop.S0" nVehContrib="7" flow="252.00" occupancy="7.32" speed="8.41" harmonicMeanSpeed="4.78" length="5.00" nVehEntered="7"/>
    <interval begin="17500.00" end="17600.00" id="inductionLoop.S0" nVehContrib="9" flow="324.00" occupancy="34.72" speed="7.48" harmonicMeanSpeed="1.30" length="5.00" nVehEntered="10"/>
    <interval begin="17600.00" end="17700.00" id="inductionLoop.S0" nVehContrib="11" flow="396.00" occupancy="12.18" speed="8.24" harmonicMeanSpeed="4.43" length="5.00" nVehEntered="10"/>
    <interval begin="17700.00" end="17800.00" id="inductionLoop.S0" nVehContrib="8" flow="288.00" occupancy="3.76" speed="10.92" harmonicMeanSpeed="10.64" length="5.00" nVehEntered="8"/>
    <interval begin="17800.00" end="17900.00" id="inductionLoop.S0" nVehContrib="7" flow="252.00" occupancy="3.00" speed="11.71" harmonicMeanSpeed="11.66" length="5.00" nVehEntered="7"/>
    <interval begin="17900.00" end="18000.00" id="inductionLoop.S0" nVehContrib="9" flow="324.00" occupancy="9.15" speed="9.28" harmonicMeanSpeed="4.92" length="5.00" nVehEntered="9"/>
    <interval begin="18000.00" end="18100.00" id="inductionLoop.S0" nVehContrib="6" flow="216.00" occupancy="2.98" speed="10.60" harmonicMeanSpeed="10.06" length="5.00" nVehEntered="6"/>
    <interval begin="18100.00" end="18200.00" id="inductionLoop.S0" nVehContrib="11" flow="396.00" occupancy="8.24" speed="9.34" harmonicMeanSpeed="6.68" length="5.00" nVehEntered="11"/>
    <interval begin="18200.00" end="18300.00" id="inductionLoop.S0" nVehContrib="11" flow="396.00" occupancy="14.14" speed="7.90" harmonicMeanSpeed="3.89" length="5.00" nVehEntered="11"/>
    <interval begin="18300.00" end="18400.00" id="inductionLoop.S0" nVehContrib="6" flow="216.00" occupancy="2.79" speed="11.18" harmonicMeanSpeed="10.76" length="5.00" nVehEntered="6"/>
    <interval begin="18400.00" end="18500.00" id="inductionLoop.S0" nVehContrib="3" flow="108.00" occupancy="1.28" speed="11.80" harmonicMeanSpeed="11.68" length="5.00" nVehEntered="3"/>
    <interval begin="18500.00" end="18600.00" id="inductionLoop.S0" nVehContrib="6" flow="216.00" occupancy="3.06" speed="10.24" harmonicMeanSpeed="9.80" length="5.00" nVehEntered="6"/>
    <interval begin="18600.00" end="18700.00" id="inductionLoop.S0" nVehContrib="8" flow="288.00" occupancy="15.58" speed="7.04" harmonicMeanSpeed="2.57" length="5.00" nVehEntered="8"/>
    <interval begin="18700.00" end="18800.00" id="inductionLoop.S0" nVehContrib="8" flow="288.00" occupancy="21.98" speed="7.78" harmonicMeanSpeed="1.87" length="5.00" nVehEntered="9"/>
    <interval begin="18800.00" end="18900.00" id="inductionLoop.S0" nVehContrib="5" flow="180.00" occupancy="21.19" speed="9.08" harmonicMeanSpeed="1.18" length="5.00" nVehEntered="5"/>
    <interval begin="18900.00" end="19000.00" id="inductionLoop.S0" nVehContrib="8" flow="288.00" occupancy="6.53" speed="8.91" harmonicMeanSpeed="6.13" length="5.00" nVehEntered="8"/>
    <interval begin="19000.00" end="19100.00" id="inductionLoop.S0" nVehContrib="9" flow="324.00" occupancy="42.31" speed="4.59" harmonicMeanSpeed="1.10" length="5.00" nVehEntered="11"/>
    <interval begin="19100.00" end="19200.00" id="inductionLoop.S0" nVehContrib="5" flow="180.00" occupancy="2.34" speed="10.50" harmonicMeanSpeed="9.82" length="5.00" nVehEntered="4"/>
    <interval begin="19200.00" end="19300.00" id="inductionLoop.S0" nVehContrib="6" flow="216.00" occupancy="2.68" speed="11.44" harmonicMeanSpeed="11.20" length="5.00" nVehEntered="6"/>
    <interval begin="19300.00" end="19400.00" id="inductionLoop.S0" nVehContrib="9" flow="324.00" occupancy="34.09" speed="6.25" harmonicMeanSpeed="1.32" length="5.00" nVehEntered="9"/>
    <interval begin="19400.00" end="19500.00" id="inductionLoop.S0" nVehContrib="6" flow="216.00" occupancy="36.68" speed="5.15" harmonicMeanSpeed="0.88" length="5.00" nVehEntered="7"/>
    <interval begin="19500.00" end="19600.00" id="inductionLoop.S0" nVehContrib="7" flow="252.00" occupancy="24.84" speed="4.62" harmonicMeanSpeed="1.41" length="5.00" nVehEntered="7"/>
    <interval begin="19600.00" end="19700.00" id="inductionLoop.S0" nVehContrib="8" flow="288.00" occupancy="55.31" speed="4.82" harmonicMeanSpeed="1.00" length="5.00" nVehEntered="9"/>
    <interval begin="19700.00" end="19800.00" id="inductionLoop.S0" nVehContrib="9" flow="324.00" occupancy="80.37" speed="2.01" harmonicMeanSpeed="0.47" length="5.00" nVehEntered="8"/>
    <interval begin="19800.00" end="19900.00" id="inductionLoop.S0" nVehContrib="7" flow="252.00" occupancy="24.54" speed="5.46" harmonicMeanSpeed="3.20" length="5.00" nVehEntered="8"/>
    <interval begin="19900.00" end="20000.00" id="inductionLoop.S0" nVehContrib="7" flow="252.00" occupancy="41.05" speed="3.38" harmonicMeanSpeed="0.64" length="5.00" nVehEntered="6"/>
    <interval begin="20000.00" end="20100.00" id="inductionLoop.S0" nVehContrib="6" flow="216.00" occupancy="61.21" speed="4.12" harmonicMeanSpeed="0.49" length="5.00" nVehEntered="6"/>
    <interval begin="20100.00" end="20200.00" id="inductionLoop.S0" nVehContrib="10" flow="360.00" occupancy="43.84" speed="5.53" harmonicMeanSpeed="1.39" length="5.00" nVehEntered="11"/>
    <interval begin="20200.00" end="20300.00" id="inductionLoop.S0" nVehContrib="8" flow="288.00" occupancy="37.17" speed="3.87" harmonicMeanSpeed="0.89" length="5.00" nVehEntered="8"/>
    <interval begin="20300.00" end="20400.00" id="inductionLoop.S0" nVehContrib="7" flow="252.00" occupancy="47.62" speed="4.23" harmonicMeanSpeed="0.83" length="5.00" nVehEntered="8"/>
    <interval begin="20400.00" end="20500.00" id="inductionLoop.S0" nVehContrib="10" flow="360.00" occupancy="63.57" speed="3.09" harmonicMeanSpeed="0.90" length="5.00" nVehEntered="10"/>
    <interval begin="20500.00" end="20600.00" id="inductionLoop.S0" nVehContrib="9" flow="324.00" occupancy="82.56" speed="3.84" harmonicMeanSpeed="0.48" length="5.00" nVehEntered="9"/>
    <interval begin="20600.00" end="20700.00" id="inductionLoop.S0" nVehContrib="10" flow="360.00" occupancy="62.87" speed="2.86" harmonicMeanSpeed="0.77" length="5.00" nVehEntered="9"/>
    <interval begin="20700.00" end="20800.00" id="inductionLoop.S0" nVehContrib="12" flow="432.00" occupancy="64.61" speed="2.84" harmonicMeanSpeed="0.93" length="5.00" nVehEntered="12"/>
    <interval begin="20800.00" end="20900.00" id="inductionLoop.S0" nVehContrib="9" flow="324.00" occupancy="62.45" speed="2.29" harmonicMeanSpeed="0.72" length="5.00" nVehEntered="9"/>
    <interval begin="20900.00" end="21000.00" id="inductionLoop.S0" nVehContrib="10" flow="360.00" occupancy="64.61" speed="4.45" harmonicMeanSpeed="0.87" length="5.00" nVehEntered="11"/>
    <interval begin="21000.00" end="21100.00" id="inductionLoop.S0" nVehContrib="12" flow="432.00" occupancy="47.19" speed="4.39" harmonicMeanSpeed="1.66" length="5.00" nVehEntered="12"/>
    <interval begin="21100.00" end="21200.00" id="inductionLoop.S0" nVehContrib="11" flow="396.00" occupancy="24.92" speed="6.67" harmonicMeanSpeed="1.27" length="5.00" nVehEntered="10"/>
    <interval begin="21200.00" end="21300.00" id="inductionLoop.S0" nVehContrib="9" flow="324.00" occupancy="38.22" speed="5.68" harmonicMeanSpeed="1.18" length="5.00" nVehEntered="9"/>
    <interval begin="21300.00" end="21400.00" id="inductionLoop.S0" nVehContrib="11" flow="396.00" occupancy="38.54" speed="5.81" harmonicMeanSpeed="4.20" length="5.00" nVehEntered="12"/>
    <interval begin="21400.00" end="21500.00" id="inductionLoop.S0" nVehContrib="11" flow="396.00" occupancy="56.16" speed="3.95" harmonicMeanSpeed="1.00" length="5.00" nVehEntered="12"/>
    <interval begin="21500.00" end="21600.00" id="inductionLoop.S0" nVehContrib="4" flow="144.00" occupancy="90.10" speed="2.09" harmonicMeanSpeed="0.36" length="5.00" nVehEntered="4"/>
    <interval begin="21600.00" end="21700.00" id="inductionLoop.S0" nVehContrib="10" flow="360.00" occupancy="58.97" speed="3.27" harmonicMeanSpeed="0.56" length="5.00" nVehEntered="10"/>
    <interval begin="21700.00" end="21800.00" id="inductionLoop.S0" nVehContrib="7" flow="252.00" occupancy="84.30" speed="2.15" harmonicMeanSpeed="0.51" length="5.00" nVehEntered="7"/>
    <interval begin="21800.00" end="21900.00" id="inductionLoop.S0" nVehContrib="14" flow="504.00" occupancy="72.17" speed="4.01" harmonicMeanSpeed="0.75" length="5.00" nVehEntered="14"/>
    <interval begin="21900.00" end="22000.00" id="inductionLoop.S0" nVehContrib="14" flow="504.00" occupancy="30.72" speed="3.95" harmonicMeanSpeed="2.27" length="5.00" nVehEntered="13"/>
    <interval begin="22000.00" end="22100.00" id="inductionLoop.S0" nVehContrib="6" flow="216.00" occupancy="71.00" speed="3.05" harmonicMeanSpeed="0.64" length="5.00" nVehEntered="7"/>
    <interval begin="22100.00" end="22200.00" id="inductionLoop.S0" nVehContrib="12" flow="432.00" occupancy="58.14" speed="3.34" harmonicMeanSpeed="0.73" length="5.00" nVehEntered="12"/>
    <interval begin="22200.00" end="22300.00" id="inductionLoop.S0" nVehContrib="8" flow="288.00" occupancy="35.15" speed="3.96" harmonicMeanSpeed="2.23" length="5.00" nVehEntered="8"/>
    <interval begin="22300.00" end="22400.00" id="inductionLoop.S0" nVehContrib="6" flow="216.00" occupancy="80.02" speed="2.06" harmonicMeanSpeed="0.31" length="5.00" nVehEntered="6"/>
    <interval begin="22400.00" end="22500.00" id="inductionLoop.S0" nVehContrib="7" flow="252.00" occupancy="81.84" speed="1.97" harmonicMeanSpeed="0.49" length="5.00" nVehEntered="7"/>
    <interval begin="22500.00" end="22600.00" id="inductionLoop.S0" nVehContrib="9" flow="324.00" occupancy="51.52" speed="1.80" harmonicMeanSpeed="0.71" length="5.00" nVehEntered="8"/>
    <interval begin="22600.00" end="22700.00" id="inductionLoop.S0" nVehContrib="8" flow="288.00" occupancy="81.99" speed="3.45" harmonicMeanSpeed="0.91" length="5.00" nVehEntered="9"/>
    <interval begin="22700.00" end="22800.00" id="inductionLoop.S0" nVehContrib="13" flow="468.00" occupancy="42.18" speed="2.96" harmonicMeanSpeed="0.86" length="5.00" nVehEntered="13"/>
    <interval begin="22800.00" end="22900.00" id="inductionLoop.S0" nVehContrib="10" flow="360.00" occupancy="52.55" speed="2.29" harmonicMeanSpeed="0.89" length="5.00" nVehEntered="10"/>
    <interval begin="22900.00" end="23000.00" id="inductionLoop.S0" nVehContrib="7" flow="252.00" occupancy="86.19" speed="3.90" harmonicMeanSpeed="0.60" length="5.00" nVehEntered="7"/>
    <interval begin="23000.00" end="23100.00" id="inductionLoop.S0" nVehContrib="10" flow="360.00" occupancy="79.34" speed="2.48" harmonicMeanSpeed="0.46" length="5.00" nVehEntered="9"/>
    <interval begin="23100.00" end="23200.00" id="inductionLoop.S0" nVehContrib="12" flow="432.00" occupancy="75.21" speed="4.15" harmonicMeanSpeed="0.80" length="5.00" nVehEntered="13"/>
    <interval begin="23200.00" end="23300.00" id="inductionLoop.S0" nVehContrib="11" flow="396.00" occupancy="39.46" speed="3.12" harmonicMeanSpeed="1.39" length="5.00" nVehEntered="10"/>
    <interval begin="23300.00" end="23400.00" id="inductionLoop.S0" nVehContrib="13" flow="468.00" occupancy="38.35" speed="2.90" harmonicMeanSpeed="1.70" length="5.00" nVehEntered="13"/>
    <interval begin="23400.00" end="23500.00" id="inductionLoop.S0" nVehContrib="8" flow="288.00" occupancy="84.26" speed="3.25" harmonicMeanSpeed="0.47" length="5.00" nVehEntered="8"/>
    <interval begin="23500.00" end="23600.00" id="inductionLoop.S0" nVehContrib="9" flow="324.00" occupancy="80.07" speed="2.01" harmonicMeanSpeed="0.56" length="5.00" nVehEntered="9"/>
    <interval begin="23600.00" end="23700.00" id="inductionLoop.S0" nVehContrib="10" flow="360.00" occupancy="43.17" speed="3.13" harmonicMeanSpeed="1.16" length="5.00" nVehEntered="11"/>
    <interval begin="23700.00" end="23800.00" id="inductionLoop.S0" nVehContrib="16" flow="576.00" occupancy="43.33" speed="3.89" harmonicMeanSpeed="1.90" length="5.00" nVehEntered="16"/>
    <interval begin="23800.00" end="23900.00" id="inductionLoop.S0" nVehContrib="15" flow="540.00" occupancy="57.85" speed="4.83" harmonicMeanSpeed="1.27" length="5.00" nVehEntered="14"/>
    <interval begin="23900.00" end="24000.00" id="inductionLoop.S0" nVehContrib="6" flow="216.00" occupancy="60.19" speed="3.30" harmonicMeanSpeed="0.55" length="5.00" nVehEntered="7"/>
    <interval begin="24000.00" end="24100.00" id="inductionLoop.S0" nVehContrib="10" flow="360.00" occupancy="60.67" speed="3.25" harmonicMeanSpeed="0.77" length="5.00" nVehEntered="10"/>
    <interval begin="24100.00" end="24200.00" id="inductionLoop.S0" nVehContrib="16" flow="576.00" occupancy="45.29" speed="4.08" harmonicMeanSpeed="1.73" length="5.00" nVehEntered="15"/>
    <interval begin="24200.00" end="24300.00" id="inductionLoop.S0" nVehContrib="7" flow="252.00" occupancy="84.56" speed="2.68" harmonicMeanSpeed="0.46" length="5.00" nVehEntered="8"/>
    <interval begin="24300.00" end="24400.00" id="inductionLoop.S0" nVehContrib="14" flow="504.00" occupancy="73.77" speed="4.72" harmonicMeanSpeed="1.19" length="5.00" nVehEntered="14"/>
    <interval begin="24400.00" end="24500.00" id="inductionLoop.S0" nVehContrib="15" flow="540.00" occupancy="36.97" speed="6.28" harmonicMeanSpeed="1.25" length="5.00" nVehEntered="14"/>
    <interval begin="24500.00" end="24600.00" id="inductionLoop.S0" nVehContrib="5" flow="180.00" occupancy="29.25" speed="6.60" harmonicMeanSpeed="0.89" length="5.00" nVehEntered="6"/>
    <interval begin="24600.00" end="24700.00" id="inductionLoop.S0" nVehContrib="5" flow="180.00" occupancy="77.10" speed="4.32" harmonicMeanSpeed="0.45" length="5.00" nVehEntered="7"/>
    <interval begin="24700.00" end="24800.00" id="inductionLoop.S0" nVehContrib="15" flow="540.00" occupancy="47.13" speed="5.03" harmonicMeanSpeed="1.10" length="5.00" nVehEntered="14"/>
    <interval begin="24800.00" end="24900.00" id="inductionLoop.S0" nVehContrib="8" flow="288.00" occupancy="67.75" speed="3.47" harmonicMeanSpeed="0.59" length="5.00" nVehEntered="8"/>
    <interval begin="24900.00" end="25000.00" id="inductionLoop.S0" nVehContrib="11" flow="396.00" occupancy="55.46" speed="2.71" harmonicMeanSpeed="0.99" length="5.00" nVehEntered="11"/>
    <interval begin="25000.00" end="25100.00" id="inductionLoop.S0" nVehContrib="14" flow="504.00" occupancy="54.79" speed="4.09" harmonicMeanSpeed="1.28" length="5.00" nVehEntered="14"/>
    <interval begin="25100.00" end="25200.00" id="inductionLoop.S0" nVehContrib="11" flow="396.00" occupancy="59.59" speed="4.38" harmonicMeanSpeed="1.68" length="5.00" nVehEntered="12"/>
    <interval begin="25200.00" end="25300.00" id="inductionLoop.S0" nVehContrib="6" flow="216.00" occupancy="85.87" speed="2.27" harmonicMeanSpeed="0.37" length="5.00" nVehEntered="6"/>
    <interval begin="25300.00" end="25400.00" id="inductionLoop.S0" nVehContrib="9" flow="324.00" occupancy="77.71" speed="2.33" harmonicMeanSpeed="0.42" length="5.00" nVehEntered="9"/>
    <interval begin="25400.00" end="25500.00" id="inductionLoop.S0" nVehContrib="17" flow="612.00" occupancy="39.45" speed="3.43" harmonicMeanSpeed="2.09" length="5.00" nVehEntered="16"/>
    <interval begin="25500.00" end="25600.00" id="inductionLoop.S0" nVehContrib="12" flow="432.00" occupancy="77.31" speed="4.99" harmonicMeanSpeed="0.78" length="5.00" nVehEntered="13"/>
    <interval begin="25600.00" end="25700.00" id="inductionLoop.S0" nVehContrib="9" flow="324.00" occupancy="68.46" speed="3.70" harmonicMeanSpeed="1.03" length="5.00" nVehEntered="9"/>
    <interval begin="25700.00" end="25800.00" id="inductionLoop.S0" nVehContrib="13" flow="468.00" occupancy="55.26" speed="2.88" harmonicMeanSpeed="0.83" length="5.00" nVehEntered="13"/>
    <interval begin="25800.00" end="25900.00" id="inductionLoop.S0" nVehContrib="14" flow="504.00" occupancy="57.51" speed="4.78" harmonicMeanSpeed="1.16" length="5.00" nVehEntered="13"/>
    <interval begin="25900.00" end="26000.00" id="inductionLoop.S0" nVehContrib="11" flow="396.00" occupancy="65.24" speed="3.17" harmonicMeanSpeed="2.27" length="5.00" nVehEntered="12"/>
    <interval begin="26000.00" end="26100.00" id="inductionLoop.S0" nVehContrib="10" flow="360.00" occupancy="80.90" speed="4.74" harmonicMeanSpeed="0.65" length="5.00" nVehEntered="10"/>
    <interval begin="26100.00" end="26200.00" id="inductionLoop.S0" nVehContrib="9" flow="324.00" occupancy="84.28" speed="6.48" harmonicMeanSpeed="0.59" length="5.00" nVehEntered="9"/>
    <interval begin="26200.00" end="26300.00" id="inductionLoop.S0" nVehContrib="15" flow="540.00" occupancy="45.33" speed="3.10" harmonicMeanSpeed="0.76" length="5.00" nVehEntered="14"/>
    <interval begin="26300.00" end="26400.00" id="inductionLoop.S0" nVehContrib="10" flow="360.00" occupancy="53.26" speed="2.94" harmonicMeanSpeed="1.27" length="5.00" nVehEntered="11"/>
    <interval begin="26400.00" end="26500.00" id="inductionLoop.S0" nVehContrib="10" flow="360.00" occupancy="56.62" speed="3.08" harmonicMeanSpeed="0.71" length="5.00" nVehEntered="9"/>
    <interval begin="26500.00" end="26600.00" id="inductionLoop.S0" nVehContrib="8" flow="288.00" occupancy="81.17" speed="3.12" harmonicMeanSpeed="0.49" length="5.00" nVehEntered="8"/>
    <interval begin="26600.00" end="26700.00" id="inductionLoop.S0" nVehContrib="16" flow="576.00" occupancy="28.89" speed="4.50" harmonicMeanSpeed="2.77" length="5.00" nVehEntered="16"/>
    <interval begin="26700.00" end="26800.00" id="inductionLoop.S0" nVehContrib="9" flow="324.00" occupancy="55.35" speed="4.06" harmonicMeanSpeed="0.81" length="5.00" nVehEntered="9"/>
    <interval begin="26800.00" end="26900.00" id="inductionLoop.S0" nVehContrib="7" flow="252.00" occupancy="18.60" speed="2.91" harmonicMeanSpeed="1.88" length="5.00" nVehEntered="7"/>
    <interval begin="26900.00" end="27000.00" id="inductionLoop.S0" nVehContrib="8" flow="288.00" occupancy="3.50" speed="11.59" harmonicMeanSpeed="11.43" length="5.00" nVehEntered="8"/>
    <interval begin="27000.00" end="27100.00" id="inductionLoop.S0" nVehContrib="10" flow="360.00" occupancy="5.82" speed="9.58" harmonicMeanSpeed="8.59" length="5.00" nVehEntered="10"/>
    <interval begin="27100.00" end="27200.00" id="inductionLoop.S0" nVehContrib="7" flow="252.00" occupancy="19.18" speed="7.20" harmonicMeanSpeed="1.86" length="5.00" nVehEntered="8"/>
    <interval begin="27200.00" end="27300.00" id="inductionLoop.S0" nVehContrib="7" flow="252.00" occupancy="28.02" speed="7.20" harmonicMeanSpeed="1.25" length="5.00" nVehEntered="7"/>
    <interval begin="27300.00" end="27400.00" id="inductionLoop.S0" nVehContrib="11" flow="396.00" occupancy="55.51" speed="3.89" harmonicMeanSpeed="1.05" length="5.00" nVehEntered="12"/>
    <interval begin="27400.00" end="27500.00" id="inductionLoop.S0" nVehContrib="15" flow="540.00" occupancy="63.02" speed="4.04" harmonicMeanSpeed="1.33" length="5.00" nVehEntered="15"/>
    <interval begin="27500.00" end="27600.00" id="inductionLoop.S0" nVehContrib="7" flow="252.00" occupancy="87.85" speed="4.81" harmonicMeanSpeed="0.69" length="5.00" nVehEntered="7"/>
    <interval begin="27600.00" end="27700.00" id="inductionLoop.S0" nVehContrib="14" flow="504.00" occupancy="58.28" speed="2.54" harmonicMeanSpeed="0.66" length="5.00" nVehEntered="13"/>
    <interval begin="27700.00" end="27800.00" id="inductionLoop.S0" nVehContrib="17" flow="612.00" occupancy="64.65" speed="4.70" harmonicMeanSpeed="2.36" length="5.00" nVehEntered="18"/>
    <interval begin="27800.00" end="27900.00" id="inductionLoop.S0" nVehContrib="14" flow="504.00" occupancy="75.02" speed="4.51" harmonicMeanSpeed="0.74" length="5.00" nVehEntered="14"/>
    <interval begin="27900.00" end="28000.00" id="inductionLoop.S0" nVehContrib="9" flow="324.00" occupancy="80.29" speed="3.63" harmonicMeanSpeed="0.51" length="5.00" nVehEntered="9"/>
    <interval begin="28000.00" end="28100.00" id="inductionLoop.S0" nVehContrib="17" flow="612.00" occupancy="69.73" speed="5.50" harmonicMeanSpeed="1.20" length="5.00" nVehEntered="16"/>
    <interval begin="28100.00" end="28200.00" id="inductionLoop.S0" nVehContrib="14" flow="504.00" occupancy="71.87" speed="5.01" harmonicMeanSpeed="3.82" length="5.00" nVehEntered="15"/>
    <interval begin="28200.00" end="28300.00" id="inductionLoop.S0" nVehContrib="23" flow="828.00" occupancy="51.92" speed="4.14" harmonicMeanSpeed="1.09" length="5.00" nVehEntered="22"/>
    <interval begin="28300.00" end="28400.00" id="inductionLoop.S0" nVehContrib="19" flow="684.00" occupancy="50.91" speed="2.98" harmonicMeanSpeed="1.95" length="5.00" nVehEntered="20"/>
    <interval begin="28400.00" end="28500.00" id="inductionLoop.S0" nVehContrib="27" flow="972.00" occupancy="42.43" speed="5.97" harmonicMeanSpeed="3.39" length="5.00" nVehEntered="27"/>
    <interval begin="28500.00" end="28600.00" id="inductionLoop.S0" nVehContrib="21" flow="756.00" occupancy="61.04" speed="4.65" harmonicMeanSpeed="1.79" length="5.00" nVehEntered="21"/>
    <interval begin="28600.00" end="28700.00" id="inductionLoop.S0" nVehContrib="23" flow="828.00" occupancy="57.60" speed="5.57" harmonicMeanSpeed="1.78" length="5.00" nVehEntered="22"/>
    <interval begin="28700.00" end="28800.00" id="inductionLoop.S0" nVehContrib="11" flow="396.00" occupancy="79.94" speed="4.34" harmonicMeanSpeed="0.69" length="5.00" nVehEntered="11"/>
    <interval begin="28800.00" end="28900.00" id="inductionLoop.S0" nVehContrib="18" flow="648.00" occupancy="60.09" speed="4.12" harmonicMeanSpeed="1.57" length="5.00" nVehEntered="19"/>
    <interval begin="28900.00" end="29000.00" id="inductionLoop.S0" nVehContrib="15" flow="540.00" occupancy="68.12" speed="3.46" harmonicMeanSpeed="1.06" length="5.00" nVehEntered="14"/>
    <interval begin="29000.00" end="29100.00" id="inductionLoop.S0" nVehContrib="19" flow="684.00" occupancy="64.18" speed="5.27" harmonicMeanSpeed="1.48" length="5.00" nVehEntered="19"/>
    <interval begin="29100.00" end="29200.00" id="inductionLoop.S0" nVehContrib="14" flow="504.00" occupancy="69.48" speed="4.00" harmonicMeanSpeed="1.01" length="5.00" nVehEntered="15"/>
    <interval begin="29200.00" end="29300.00" id="inductionLoop.S0" nVehContrib="11" flow="396.00" occupancy="70.47" speed="2.78" harmonicMeanSpeed="0.78" length="5.00" nVehEntered="10"/>
    <interval begin="29300.00" end="29400.00" id="inductionLoop.S0" nVehContrib="8" flow="288.00" occupancy="63.54" speed="4.55" harmonicMeanSpeed="1.24" length="5.00" nVehEntered="9"/>
    <interval begin="29400.00" end="29500.00" id="inductionLoop.S0" nVehContrib="5" flow="180.00" occupancy="87.99" speed="2.77" harmonicMeanSpeed="0.42" length="5.00" nVehEntered="5"/>
    <interval begin="29500.00" end="29600.00" id="inductionLoop.S0" nVehContrib="15" flow="540.00" occupancy="60.42" speed="3.42" harmonicMeanSpeed="0.63" length="5.00" nVehEntered="14"/>
    <interval begin="29600.00" end="29700.00" id="inductionLoop.S0" nVehContrib="9" flow="324.00" occupancy="64.98" speed="4.58" harmonicMeanSpeed="1.26" length="5.00" nVehEntered="10"/>
    <interval begin="29700.00" end="29800.00" id="inductionLoop.S0" nVehContrib="12" flow="432.00" occupancy="8.20" speed="8.02" harmonicMeanSpeed="1.60" length="5.00" nVehEntered="11"/>
    <interval begin="29800.00" end="29900.00" id="inductionLoop.S0" nVehContrib="3" flow="108.00" occupancy="1.30" speed="11.64" harmonicMeanSpeed="11.57" length="5.00" nVehEntered="3"/>
    <interval begin="29900.00" end="30000.00" id="inductionLoop.S0" nVehContrib="3" flow="108.00" occupancy="1.20" speed="12.47" harmonicMeanSpeed="12.46" length="5.00" nVehEntered="3"/>
    <interval begin="30000.00" end="30100.00" id="inductionLoop.S0" nVehContrib="9" flow="324.00" occupancy="11.56" speed="8.22" harmonicMeanSpeed="3.89" length="5.00" nVehEntered="9"/>
    <interval begin="30100.00" end="30200.00" id="inductionLoop.S0" nVehContrib="10" flow="360.00" occupancy="5.02" speed="10.43" harmonicMeanSpeed="9.97" length="5.00" nVehEntered="10"/>
    <interval begin="30200.00" end="30300.00" id="inductionLoop.S0" nVehContrib="12" flow="432.00" occupancy="18.10" speed="8.71" harmonicMeanSpeed="3.32" length="5.00" nVehEntered="12"/>
    <interval begin="30300.00" end="30400.00" id="inductionLoop.S0" nVehContrib="7" flow="252.00" occupancy="5.83" speed="9.77" harmonicMeanSpeed="6.00" length="5.00" nVehEntered="7"/>
    <interval begin="30400.00" end="30500.00" id="inductionLoop.S0" nVehContrib="5" flow="180.00" occupancy="32.09" speed="7.60" harmonicMeanSpeed="0.78" length="5.00" nVehEntered="5"/>
    <interval begin="30500.00" end="30600.00" id="inductionLoop.S0" nVehContrib="9" flow="324.00" occupancy="18.77" speed="9.88" harmonicMeanSpeed="2.40" length="5.00" nVehEntered="9"/>
    <interval begin="30600.00" end="30700.00" id="inductionLoop.S0" nVehContrib="3" flow="108.00" occupancy="1.29" speed="11.66" harmonicMeanSpeed="11.59" length="5.00" nVehEntered="3"/>
    <interval begin="30700.00" end="30800.00" id="inductionLoop.S0" nVehContrib="0" flow="0.00" occupancy="0.00" speed="-1.00" harmonicMeanSpeed="-1.00" length="-1.00" nVehEntered="0"/>
    <interval begin="30800.00" end="30900.00" id="inductionLoop.S0" nVehContrib="1" flow="36.00" occupancy="0.39" speed="12.72" harmonicMeanSpeed="12.72" length="5.00" nVehEntered="1"/>
    <interval begin="30900.00" end="31000.00" id="inductionLoop.S0" nVehContrib="3" flow="108.00" occupancy="1.07" speed="14.16" harmonicMeanSpeed="14.08" length="5.00" nVehEntered="3"/>
    <interval begin="31000.00" end="31100.00" id="inductionLoop.S0" nVehContrib="8" flow="288.00" occupancy="63.02" speed="4.57" harmonicMeanSpeed="0.63" length="5.00" nVehEntered="8"/>
    <interval begin="31100.00" end="31200.00" id="inductionLoop.S0" nVehContrib="6" flow="216.00" occupancy="27.11" speed="6.21" harmonicMeanSpeed="1.13" length="5.00" nVehEntered="8"/>
    <interval begin="31200.00" end="31300.00" id="inductionLoop.S0" nVehContrib="11" flow="396.00" occupancy="31.58" speed="7.40" harmonicMeanSpeed="1.86" length="5.00" nVehEntered="12"/>
    <interval begin="31300.00" end="31400.00" id="inductionLoop.S0" nVehContrib="9" flow="324.00" occupancy="25.94" speed="6.82" harmonicMeanSpeed="1.76" length="5.00" nVehEntered="10"/>
    <interval begin="31400.00" end="31500.00" id="inductionLoop.S0" nVehContrib="19" flow="684.00" occupancy="39.87" speed="5.89" harmonicMeanSpeed="2.38" length="5.00" nVehEntered="19"/>
    <interval begin="31500.00" end="31600.00" id="inductionLoop.S0" nVehContrib="11" flow="396.00" occupancy="31.88" speed="6.86" harmonicMeanSpeed="1.73" length="5.00" nVehEntered="11"/>
    <interval begin="31600.00" end="31700.00" id="inductionLoop.S0" nVehContrib="9" flow="324.00" occupancy="3.98" speed="11.63" harmonicMeanSpeed="11.32" length="5.00" nVehEntered="9"/>
    <interval begin="31700.00" end="31800.00" id="inductionLoop.S0" nVehContrib="7" flow="252.00" occupancy="18.16" speed="8.56" harmonicMeanSpeed="1.93" length="5.00" nVehEntered="7"/>
    <interval begin="31800.00" end="31900.00" id="inductionLoop.S0" nVehContrib="7" flow="252.00" occupancy="6.21" speed="10.47" harmonicMeanSpeed="8.94" length="5.00" nVehEntered="9"/>
    <interval begin="31900.00" end="32000.00" id="inductionLoop.S0" nVehContrib="8" flow="288.00" occupancy="51.13" speed="7.57" harmonicMeanSpeed="0.75" length="5.00" nVehEntered="7"/>
    <interval begin="32000.00" end="32100.00" id="inductionLoop.S0" nVehContrib="6" flow="216.00" occupancy="2.56" speed="11.94" harmonicMeanSpeed="11.70" length="5.00" nVehEntered="6"/>
    <interval begin="32100.00" end="32200.00" id="inductionLoop.S0" nVehContrib="8" flow="288.00" occupancy="49.30" speed="5.80" harmonicMeanSpeed="0.81" length="5.00" nVehEntered="8"/>
    <interval begin="32200.00" end="32300.00" id="inductionLoop.S0" nVehContrib="4" flow="144.00" occupancy="1.79" speed="11.61" harmonicMeanSpeed="11.18" length="5.00" nVehEntered="4"/>
    <interval begin="32300.00" end="32400.00" id="inductionLoop.S0" nVehContrib="5" flow="180.00" occupancy="2.05" speed="12.36" harmonicMeanSpeed="12.22" length="5.00" nVehEntered="5"/>
    <interval begin="32400.00" end="32500.00" id="inductionLoop.S0" nVehContrib="12" flow="432.00" occupancy="5.94" speed="10.36" harmonicMeanSpeed="10.09" length="5.00" nVehEntered="12"/>
    <interval begin="32500.00" end="32600.00" id="inductionLoop.S0" nVehContrib="16" flow="576.00" occupancy="39.29" speed="5.91" harmonicMeanSpeed="2.93" length="5.00" nVehEntered="17"/>
    <interval begin="32600.00" end="32700.00" id="inductionLoop.S0" nVehContrib="15" flow="540.00" occupancy="72.72" speed="4.58" harmonicMeanSpeed="0.89" length="5.00" nVehEntered="14"/>
    <interval begin="32700.00" end="32800.00" id="inductionLoop.S0" nVehContrib="16" flow="576.00" occupancy="22.02" speed="6.64" harmonicMeanSpeed="3.78" length="5.00" nVehEntered="17"/>
    <interval begin="32800.00" end="32900.00" id="inductionLoop.S0" nVehContrib="1" flow="36.00" occupancy="0.91" speed="13.61" harmonicMeanSpeed="13.61" length="5.00" nVehEntered="2"/>
    <interval begin="32900.00" end="33000.00" id="inductionLoop.S0" nVehContrib="4" flow="144.00" occupancy="1.59" speed="12.57" harmonicMeanSpeed="12.54" length="5.00" nVehEntered="4"/>
    <interval begin="33000.00" end="33100.00" id="inductionLoop.S0" nVehContrib="4" flow="144.00" occupancy="1.71" speed="11.88" harmonicMeanSpeed="11.73" length="5.00" nVehEntered="4"/>
    <interval begin="33100.00" end="33200.00" id="inductionLoop.S0" nVehContrib="12" flow="432.00" occupancy="47.28" speed="6.00" harmonicMeanSpeed="1.66" length="5.00" nVehEntered="14"/>
    <interval begin="33200.00" end="33300.00" id="inductionLoop.S0" nVehContrib="16" flow="576.00" occupancy="48.99" speed="5.56" harmonicMeanSpeed="1.39" length="5.00" nVehEntered="16"/>
    <interval begin="33300.00" end="33400.00" id="inductionLoop.S0" nVehContrib="11" flow="396.00" occupancy="63.07" speed="4.90" harmonicMeanSpeed="0.86" length="5.00" nVehEntered="10"/>
    <interval begin="33400.00" end="33500.00" id="inductionLoop.S0" nVehContrib="18" flow="648.00" occupancy="51.32" speed="6.13" harmonicMeanSpeed="1.78" length="5.00" nVehEntered="19"/>
    <interval begin="33500.00" end="33600.00" id="inductionLoop.S0" nVehContrib="8" flow="288.00" occupancy="84.93" speed="6.02" harmonicMeanSpeed="0.64" length="5.00" nVehEntered="8"/>
    <interval begin="33600.00" end="33700.00" id="inductionLoop.S0" nVehContrib="8" flow="288.00" occupancy="57.55" speed="1.62" harmonicMeanSpeed="0.56" length="5.00" nVehEntered="8"/>
    <interval begin="33700.00" end="33800.00" id="inductionLoop.S0" nVehContrib="15" flow="540.00" occupancy="49.23" speed="6.00" harmonicMeanSpeed="1.29" length="5.00" nVehEntered="14"/>
    <interval begin="33800.00" end="33900.00" id="inductionLoop.S0" nVehContrib="8" flow="288.00" occupancy="18.65" speed="9.57" harmonicMeanSpeed="2.15" length="5.00" nVehEntered="8"/>
    <interval begin="33900.00" end="34000.00" id="inductionLoop.S0" nVehContrib="8" flow="288.00" occupancy="21.01" speed="7.06" harmonicMeanSpeed="1.90" length="5.00" nVehEntered="8"/>
    <interval begin="34000.00" end="34100.00" id="inductionLoop.S0" nVehContrib="11" flow="396.00" occupancy="19.31" speed="9.16" harmonicMeanSpeed="3.31" length="5.00" nVehEntered="13"/>
    <interval begin="34100.00" end="34200.00" id="inductionLoop.S0" nVehContrib="9" flow="324.00" occupancy="27.75" speed="7.62" harmonicMeanSpeed="1.49" length="5.00" nVehEntered="8"/>
    <interval begin="34200.00" end="34300.00" id="inductionLoop.S0" nVehContrib="3" flow="108.00" occupancy="1.27" speed="11.85" harmonicMeanSpeed="11.77" length="5.00" nVehEntered="3"/>
    <interval begin="34300.00" end="34400.00" id="inductionLoop.S0" nVehContrib="6" flow="216.00" occupancy="2.64" speed="11.73" harmonicMeanSpeed="11.38" length="5.00" nVehEntered="6"/>
    <interval begin="34400.00" end="34500.00" id="inductionLoop.S0" nVehContrib="10" flow="360.00" occupancy="16.97" speed="7.70" harmonicMeanSpeed="2.95" length="5.00" nVehEntered="10"/>
    <interval begin="34500.00" end="34600.00" id="inductionLoop.S0" nVehContrib="8" flow="288.00" occupancy="71.88" speed="4.90" harmonicMeanSpeed="0.69" length="5.00" nVehEntered="9"/>
    <interval begin="34600.00" end="34700.00" id="inductionLoop.S0" nVehContrib="15" flow="540.00" occupancy="59.40" speed="2.92" harmonicMeanSpeed="1.09" length="5.00" nVehEntered="15"/>
    <interval begin="34700.00" end="34800.00" id="inductionLoop.S0" nVehContrib="14" flow="504.00" occupancy="29.00" speed="6.76" harmonicMeanSpeed="2.52" length="5.00" nVehEntered="14"/>
    <interval begin="34800.00" end="34900.00" id="inductionLoop.S0" nVehContrib="7" flow="252.00" occupancy="82.99" speed="1.79" harmonicMeanSpeed="0.61" length="5.00" nVehEntered="7"/>
    <interval begin="34900.00" end="35000.00" id="inductionLoop.S0" nVehContrib="12" flow="432.00" occupancy="76.78" speed="4.03" harmonicMeanSpeed="0.56" length="5.00" nVehEntered="11"/>
    <interval begin="35000.00" end="35100.00" id="inductionLoop.S0" nVehContrib="17" flow="612.00" occupancy="44.15" speed="3.41" harmonicMeanSpeed="1.93" length="5.00" nVehEntered="17"/>
    <interval begin="35100.00" end="35200.00" id="inductionLoop.S0" nVehContrib="13" flow="468.00" occupancy="75.88" speed="5.85" harmonicMeanSpeed="1.46" length="5.00" nVehEntered="14"/>
    <interval begin="35200.00" end="35300.00" id="inductionLoop.S0" nVehContrib="11" flow="396.00" occupancy="55.14" speed="2.89" harmonicMeanSpeed="0.64" length="5.00" nVehEntered="11"/>
    <interval begin="35300.00" end="35400.00" id="inductionLoop.S0" nVehContrib="12" flow="432.00" occupancy="53.95" speed="3.47" harmonicMeanSpeed="1.27" length="5.00" nVehEntered="12"/>
    <interval begin="35400.00" end="35500.00" id="inductionLoop.S0" nVehContrib="12" flow="432.00" occupancy="56.86" speed="3.35" harmonicMeanSpeed="1.10" length="5.00" nVehEntered="12"/>
    <interval begin="35500.00" end="35600.00" id="inductionLoop.S0" nVehContrib="13" flow="468.00" occupancy="45.99" speed="3.81" harmonicMeanSpeed="1.47" length="5.00" nVehEntered="13"/>
    <interval begin="35600.00" end="35700.00" id="inductionLoop.S0" nVehContrib="5" flow="180.00" occupancy="62.96" speed="4.75" harmonicMeanSpeed="0.44" length="5.00" nVehEntered="6"/>
    <interval begin="35700.00" end="35800.00" id="inductionLoop.S0" nVehContrib="3" flow="108.00" occupancy="26.21" speed="8.57" harmonicMeanSpeed="0.35" length="5.00" nVehEntered="2"/>
    <interval begin="35800.00" end="35900.00" id="inductionLoop.S0" nVehContrib="14" flow="504.00" occupancy="40.70" speed="6.30" harmonicMeanSpeed="1.72" length="5.00" nVehEntered="14"/>
    <interval begin="35900.00" end="36000.00" id="inductionLoop.S0" nVehContrib="11" flow="396.00" occupancy="65.38" speed="3.06" harmonicMeanSpeed="0.84" length="5.00" nVehEntered="11"/>
    <interval begin="36000.00" end="36100.00" id="inductionLoop.S0" nVehContrib="15" flow="540.00" occupancy="72.91" speed="4.98" harmonicMeanSpeed="1.17" length="5.00" nVehEntered="16"/>
    <interval begin="36100.00" end="36200.00" id="inductionLoop.S0" nVehContrib="2" flow="72.00" occupancy="14.88" speed="0.66" harmonicMeanSpeed="0.44" length="5.00" nVehEntered="2"/>
    <interval begin="36200.00" end="36300.00" id="inductionLoop.S0" nVehContrib="0" flow="0.00" occupancy="0.00" speed="-1.00" harmonicMeanSpeed="-1.00" length="-1.00" nVehEntered="0"/>
    <interval begin="36300.00" end="36400.00" id="inductionLoop.S0" nVehContrib="9" flow="324.00" occupancy="22.93" speed="6.44" harmonicMeanSpeed="2.02" length="5.00" nVehEntered="10"/>
    <interval begin="36400.00" end="36500.00" id="inductionLoop.S0" nVehContrib="8" flow="288.00" occupancy="68.97" speed="3.37" harmonicMeanSpeed="1.79" length="5.00" nVehEntered="8"/>
    <interval begin="36500.00" end="36600.00" id="inductionLoop.S0" nVehContrib="13" flow="468.00" occupancy="55.88" speed="2.72" harmonicMeanSpeed="0.64" length="5.00" nVehEntered="13"/>
    <interval begin="36600.00" end="36700.00" id="inductionLoop.S0" nVehContrib="14" flow="504.00" occupancy="48.38" speed="4.21" harmonicMeanSpeed="2.57" length="5.00" nVehEntered="14"/>
    <interval begin="36700.00" end="36800.00" id="inductionLoop.S0" nVehContrib="12" flow="432.00" occupancy="75.67" speed="3.56" harmonicMeanSpeed="0.71" length="5.00" nVehEntered="12"/>
    <interval begin="36800.00" end="36900.00" id="inductionLoop.S0" nVehContrib="13" flow="468.00" occupancy="74.04" speed="3.56" harmonicMeanSpeed="0.92" length="5.00" nVehEntered="13"/>
    <interval begin="36900.00" end="37000.00" id="inductionLoop.S0" nVehContrib="14" flow="504.00" occupancy="52.50" speed="3.51" harmonicMeanSpeed="1.00" length="5.00" nVehEntered="13"/>
    <interval begin="37000.00" end="37100.00" id="inductionLoop.S0" nVehContrib="10" flow="360.00" occupancy="66.58" speed="2.53" harmonicMeanSpeed="1.74" length="5.00" nVehEntered="11"/>
    <interval begin="37100.00" end="37200.00" id="inductionLoop.S0" nVehContrib="15" flow="540.00" occupancy="71.76" speed="3.61" harmonicMeanSpeed="0.70" length="5.00" nVehEntered="15"/>
    <interval begin="37200.00" end="37300.00" id="inductionLoop.S0" nVehContrib="9" flow="324.00" occupancy="81.09" speed="2.40" harmonicMeanSpeed="0.57" length="5.00" nVehEntered="9"/>
    <interval begin="37300.00" end="37400.00" id="inductionLoop.S0" nVehContrib="5" flow="180.00" occupancy="87.00" speed="1.48" harmonicMeanSpeed="0.40" length="5.00" nVehEntered="5"/>
    <interval begin="37400.00" end="37500.00" id="inductionLoop.S0" nVehContrib="12" flow="432.00" occupancy="75.70" speed="3.51" harmonicMeanSpeed="0.66" length="5.00" nVehEntered="12"/>
    <interval begin="37500.00" end="37600.00" id="inductionLoop.S0" nVehContrib="9" flow="324.00" occupancy="53.90" speed="3.69" harmonicMeanSpeed="0.67" length="5.00" nVehEntered="8"/>
    <interval begin="37600.00" end="37700.00" id="inductionLoop.S0" nVehContrib="7" flow="252.00" occupancy="52.85" speed="3.52" harmonicMeanSpeed="0.66" length="5.00" nVehEntered="7"/>
    <interval begin="37700.00" end="37800.00" id="inductionLoop.S0" nVehContrib="12" flow="432.00" occupancy="72.97" speed="3.28" harmonicMeanSpeed="0.98" length="5.00" nVehEntered="13"/>
    <interval begin="37800.00" end="37900.00" id="inductionLoop.S0" nVehContrib="13" flow="468.00" occupancy="50.29" speed="3.72" harmonicMeanSpeed="1.05" length="5.00" nVehEntered="12"/>
    <interval begin="37900.00" end="38000.00" id="inductionLoop.S0" nVehContrib="14" flow="504.00" occupancy="76.53" speed="7.10" harmonicMeanSpeed="1.02" length="5.00" nVehEntered="15"/>
    <interval begin="38000.00" end="38100.00" id="inductionLoop.S0" nVehContrib="16" flow="576.00" occupancy="48.08" speed="4.69" harmonicMeanSpeed="1.57" length="5.00" nVehEntered="16"/>
    <interval begin="38100.00" end="38200.00" id="inductionLoop.S0" nVehContrib="11" flow="396.00" occupancy="74.88" speed="3.44" harmonicMeanSpeed="0.69" length="5.00" nVehEntered="10"/>
    <interval begin="38200.00" end="38300.00" id="inductionLoop.S0" nVehContrib="16" flow="576.00" occupancy="67.96" speed="4.82" harmonicMeanSpeed="1.35" length="5.00" nVehEntered="17"/>
    <interval begin="38300.00" end="38400.00" id="inductionLoop.S0" nVehContrib="15" flow="540.00" occupancy="48.00" speed="5.00" harmonicMeanSpeed="1.70" length="5.00" nVehEntered="15"/>
    <interval begin="38400.00" end="38500.00" id="inductionLoop.S0" nVehContrib="10" flow="360.00" occupancy="75.35" speed="2.56" harmonicMeanSpeed="0.59" length="5.00" nVehEntered="10"/>
    <interval begin="38500.00" end="38600.00" id="inductionLoop.S0" nVehContrib="12" flow="432.00" occupancy="46.96" speed="2.41" harmonicMeanSpeed="1.61" length="5.00" nVehEntered="12"/>
    <interval begin="38600.00" end="38700.00" id="inductionLoop.S0" nVehContrib="11" flow="396.00" occupancy="78.75" speed="4.35" harmonicMeanSpeed="0.98" length="5.00" nVehEntered="11"/>
    <interval begin="38700.00" end="38800.00" id="inductionLoop.S0" nVehContrib="12" flow="432.00" occupancy="76.54" speed="4.29" harmonicMeanSpeed="0.76" length="5.00" nVehEntered="12"/>
    <interval begin="38800.00" end="38900.00" id="inductionLoop.S0" nVehContrib="13" flow="468.00" occupancy="49.83" speed="3.35" harmonicMeanSpeed="0.78" length="5.00" nVehEntered="12"/>
    <interval begin="38900.00" end="39000.00" id="inductionLoop.S0" nVehContrib="16" flow="576.00" occupancy="39.22" speed="3.03" harmonicMeanSpeed="2.04" length="5.00" nVehEntered="16"/>
    <interval begin="39000.00" end="39100.00" id="inductionLoop.S0" nVehContrib="16" flow="576.00" occupancy="38.03" speed="3.03" harmonicMeanSpeed="2.10" length="5.00" nVehEntered="16"/>
    <interval begin="39100.00" end="39200.00" id="inductionLoop.S0" nVehContrib="20" flow="720.00" occupancy="50.59" speed="4.71" harmonicMeanSpeed="3.04" length="5.00" nVehEntered="21"/>
    <interval begin="39200.00" end="39300.00" id="inductionLoop.S0" nVehContrib="15" flow="540.00" occupancy="73.55" speed="5.10" harmonicMeanSpeed="0.91" length="5.00" nVehEntered="15"/>
    <interval begin="39300.00" end="39400.00" id="inductionLoop.S0" nVehContrib="11" flow="396.00" occupancy="81.04" speed="3.96" harmonicMeanSpeed="0.67" length="5.00" nVehEntered="11"/>
    <interval begin="39400.00" end="39500.00" id="inductionLoop.S0" nVehContrib="15" flow="540.00" occupancy="71.29" speed="4.51" harmonicMeanSpeed="0.95" length="5.00" nVehEntered="14"/>
    <interval begin="39500.00" end="39600.00" id="inductionLoop.S0" nVehContrib="9" flow="324.00" occupancy="81.18" speed="4.24" harmonicMeanSpeed="0.55" length="5.00" nVehEntered="9"/>
    <interval begin="39600.00" end="39700.00" id="inductionLoop.S0" nVehContrib="15" flow="540.00" occupancy="68.40" speed="4.64" harmonicMeanSpeed="1.10" length="5.00" nVehEntered="15"/>
    <interval begin="39700.00" end="39800.00" id="inductionLoop.S0" nVehContrib="14" flow="504.00" occupancy="70.05" speed="4.36" harmonicMeanSpeed="1.16" length="5.00" nVehEntered="15"/>
    <interval begin="39800.00" end="39900.00" id="inductionLoop.S0" nVehContrib="9" flow="324.00" occupancy="80.42" speed="3.90" harmonicMeanSpeed="0.68" length="5.00" nVehEntered="9"/>
    <interval begin="39900.00" end="40000.00" id="inductionLoop.S0" nVehContrib="11" flow="396.00" occupancy="74.66" speed="4.21" harmonicMeanSpeed="0.74" length="5.00" nVehEntered="11"/>
    <interval begin="40000.00" end="40100.00" id="inductionLoop.S0" nVehContrib="16" flow="576.00" occupancy="54.54" speed="4.90" harmonicMeanSpeed="1.02" length="5.00" nVehEntered="15"/>
    <interval begin="40100.00" end="40200.00" id="inductionLoop.S0" nVehContrib="18" flow="648.00" occupancy="54.41" speed="5.45" harmonicMeanSpeed="2.78" length="5.00" nVehEntered="19"/>
    <interval begin="40200.00" end="40300.00" id="inductionLoop.S0" nVehContrib="11" flow="396.00" occupancy="77.37" speed="6.70" harmonicMeanSpeed="0.75" length="5.00" nVehEntered="11"/>
    <interval begin="40300.00" end="40400.00" id="inductionLoop.S0" nVehContrib="12" flow="432.00" occupancy="77.42" speed="4.60" harmonicMeanSpeed="0.58" length="5.00" nVehEntered="11"/>
    <interval begin="40400.00" end="40500.00" id="inductionLoop.S0" nVehContrib="13" flow="468.00" occupancy="73.33" speed="5.70" harmonicMeanSpeed="0.89" length="5.00" nVehEntered="13"/>
    <interval begin="40500.00" end="40600.00" id="inductionLoop.S0" nVehContrib="13" flow="468.00" occupancy="72.83" speed="6.96" harmonicMeanSpeed="1.00" length="5.00" nVehEntered="14"/>
    <interval begin="40600.00" end="40700.00" id="inductionLoop.S0" nVehContrib="18" flow="648.00" occupancy="70.69" speed="7.08" harmonicMeanSpeed="1.38" length="5.00" nVehEntered="18"/>
    <interval begin="40700.00" end="40800.00" id="inductionLoop.S0" nVehContrib="8" flow="288.00" occupancy="82.43" speed="6.09" harmonicMeanSpeed="0.42" length="5.00" nVehEntered="7"/>
    <interval begin="40800.00" end="40900.00" id="inductionLoop.S0" nVehContrib="9" flow="324.00" occupancy="81.48" speed="6.73" harmonicMeanSpeed="0.55" length="5.00" nVehEntered="9"/>
    <interval begin="40900.00" end="41000.00" id="inductionLoop.S0" nVehContrib="7" flow="252.00" occupancy="85.39" speed="4.47" harmonicMeanSpeed="0.43" length="5.00" nVehEntered="8"/>
    <interval begin="41000.00" end="41100.00" id="inductionLoop.S0" nVehContrib="19" flow="684.00" occupancy="45.91" speed="6.06" harmonicMeanSpeed="1.94" length="5.00" nVehEntered="18"/>
    <interval begin="41100.00" end="41200.00" id="inductionLoop.S0" nVehContrib="18" flow="648.00" occupancy="46.36" speed="5.27" harmonicMeanSpeed="2.15" length="5.00" nVehEntered="19"/>
    <interval begin="41200.00" end="41300.00" id="inductionLoop.S0" nVehContrib="7" flow="252.00" occupancy="86.97" speed="3.57" harmonicMeanSpeed="0.38" length="5.00" nVehEntered="6"/>
    <interval begin="41300.00" end="41400.00" id="inductionLoop.S0" nVehContrib="11" flow="396.00" occupancy="82.07" speed="6.49" harmonicMeanSpeed="6.41" length="5.00" nVehEntered="12"/>
    <interval begin="41400.00" end="41500.00" id="inductionLoop.S0" nVehContrib="21" flow="756.00" occupancy="62.94" speed="5.83" harmonicMeanSpeed="0.79" length="5.00" nVehEntered="21"/>
    <interval begin="41500.00" end="41600.00" id="inductionLoop.S0" nVehContrib="3" flow="108.00" occupancy="38.72" speed="1.19" harmonicMeanSpeed="1.12" length="5.00" nVehEntered="3"/>
    <interval begin="41600.00" end="41700.00" id="inductionLoop.S0" nVehContrib="10" flow="360.00" occupancy="72.26" speed="1.97" harmonicMeanSpeed="0.63" length="5.00" nVehEntered="10"/>
    <interval begin="41700.00" end="41800.00" id="inductionLoop.S0" nVehContrib="15" flow="540.00" occupancy="69.29" speed="6.97" harmonicMeanSpeed="0.94" length="5.00" nVehEntered="15"/>
    <interval begin="41800.00" end="41900.00" id="inductionLoop.S0" nVehContrib="14" flow="504.00" occupancy="76.14" speed="5.64" harmonicMeanSpeed="2.66" length="5.00" nVehEntered="14"/>
    <interval begin="41900.00" end="42000.00" id="inductionLoop.S0" nVehContrib="18" flow="648.00" occupancy="65.17" speed="4.47" harmonicMeanSpeed="0.71" length="5.00" nVehEntered="17"/>
    <interval begin="42000.00" end="42100.00" id="inductionLoop.S0" nVehContrib="8" flow="288.00" occupancy="41.74" speed="4.86" harmonicMeanSpeed="2.87" length="5.00" nVehEntered="9"/>
    <interval begin="42100.00" end="42200.00" id="inductionLoop.S0" nVehContrib="17" flow="612.00" occupancy="66.74" speed="4.25" harmonicMeanSpeed="0.90" length="5.00" nVehEntered="16"/>
    <interval begin="42200.00" end="42300.00" id="inductionLoop.S0" nVehContrib="17" flow="612.00" occupancy="21.93" speed="6.31" harmonicMeanSpeed="4.20" length="5.00" nVehEntered="18"/>
    <interval begin="42300.00" end="42400.00" id="inductionLoop.S0" nVehContrib="18" flow="648.00" occupancy="65.65" speed="5.97" harmonicMeanSpeed="1.34" length="5.00" nVehEntered="17"/>
    <interval begin="42400.00" end="42500.00" id="inductionLoop.S0" nVehContrib="9" flow="324.00" occupancy="84.30" speed="5.92" harmonicMeanSpeed="0.69" length="5.00" nVehEntered="10"/>
    <interval begin="42500.00" end="42600.00" id="inductionLoop.S0" nVehContrib="17" flow="612.00" occupancy="65.78" speed="4.41" harmonicMeanSpeed="1.05" length="5.00" nVehEntered="17"/>
    <interval begin="42600.00" end="42700.00" id="inductionLoop.S0" nVehContrib="9" flow="324.00" occupancy="82.94" speed="5.94" harmonicMeanSpeed="0.64" length="5.00" nVehEntered="9"/>
    <interval begin="42700.00" end="42800.00" id="inductionLoop.S0" nVehContrib="18" flow="648.00" occupancy="63.38" speed="7.88" harmonicMeanSpeed="1.14" length="5.00" nVehEntered="18"/>
    <interval begin="42800.00" end="42900.00" id="inductionLoop.S0" nVehContrib="9" flow="324.00" occupancy="75.25" speed="5.11" harmonicMeanSpeed="0.59" length="5.00" nVehEntered="8"/>
    <interval begin="42900.00" end="43000.00" id="inductionLoop.S0" nVehContrib="27" flow="972.00" occupancy="46.07" speed="5.31" harmonicMeanSpeed="3.68" length="5.00" nVehEntered="28"/>
    <interval begin="43000.00" end="43100.00" id="inductionLoop.S0" nVehContrib="5" flow="180.00" occupancy="90.87" speed="4.45" harmonicMeanSpeed="0.29" length="5.00" nVehEntered="5"/>
    <interval begin="43100.00" end="43200.00" id="inductionLoop.S0" nVehContrib="21" flow="756.00" occupancy="58.40" speed="6.55" harmonicMeanSpeed="1.44" length="5.00" nVehEntered="21"/>
    <interval begin="43200.00" end="43300.00" id="inductionLoop.S0" nVehContrib="8" flow="288.00" occupancy="85.76" speed="6.25" harmonicMeanSpeed="3.86" length="5.00" nVehEntered="8"/>
    <interval begin="43300.00" end="43400.00" id="inductionLoop.S0" nVehContrib="12" flow="432.00" occupancy="75.76" speed="3.70" harmonicMeanSpeed="0.40" length="5.00" nVehEntered="11"/>
    <interval begin="43400.00" end="43500.00" id="inductionLoop.S0" nVehContrib="14" flow="504.00" occupancy="75.76" speed="6.32" harmonicMeanSpeed="0.92" length="5.00" nVehEntered="14"/>
    <interval begin="43500.00" end="43600.00" id="inductionLoop.S0" nVehContrib="14" flow="504.00" occupancy="73.15" speed="5.55" harmonicMeanSpeed="1.76" length="5.00" nVehEntered="15"/>
    <interval begin="43600.00" end="43700.00" id="inductionLoop.S0" nVehContrib="17" flow="612.00" occupancy="65.76" speed="4.02" harmonicMeanSpeed="0.86" length="5.00" nVehEntered="17"/>
    <interval begin="43700.00" end="43800.00" id="inductionLoop.S0" nVehContrib="8" flow="288.00" occupancy="85.55" speed="4.70" harmonicMeanSpeed="1.69" length="5.00" nVehEntered="8"/>
    <interval begin="43800.00" end="43900.00" id="inductionLoop.S0" nVehContrib="20" flow="720.00" occupancy="59.30" speed="6.52" harmonicMeanSpeed="0.82" length="5.00" nVehEntered="19"/>
    <interval begin="43900.00" end="44000.00" id="inductionLoop.S0" nVehContrib="20" flow="720.00" occupancy="23.46" speed="5.45" harmonicMeanSpeed="4.26" length="5.00" nVehEntered="20"/>
    <interval begin="44000.00" end="44100.00" id="inductionLoop.S0" nVehContrib="11" flow="396.00" occupancy="59.62" speed="4.24" harmonicMeanSpeed="0.92" length="5.00" nVehEntered="11"/>
    <interval begin="44100.00" end="44200.00" id="inductionLoop.S0" nVehContrib="11" flow="396.00" occupancy="81.58" speed="5.65" harmonicMeanSpeed="5.56" length="5.00" nVehEntered="12"/>
    <interval begin="44200.00" end="44300.00" id="inductionLoop.S0" nVehContrib="14" flow="504.00" occupancy="73.66" speed="4.64" harmonicMeanSpeed="0.57" length="5.00" nVehEntered="14"/>
    <interval begin="44300.00" end="44400.00" id="inductionLoop.S0" nVehContrib="15" flow="540.00" occupancy="71.81" speed="7.51" harmonicMeanSpeed="0.80" length="5.00" nVehEntered="14"/>
    <interval begin="44400.00" end="44500.00" id="inductionLoop.S0" nVehContrib="18" flow="648.00" occupancy="29.47" speed="8.89" harmonicMeanSpeed="6.13" length="5.00" nVehEntered="19"/>
    <interval begin="44500.00" end="44600.00" id="inductionLoop.S0" nVehContrib="16" flow="576.00" occupancy="70.83" speed="5.35" harmonicMeanSpeed="1.51" length="5.00" nVehEntered="16"/>
    <interval begin="44600.00" end="44700.00" id="inductionLoop.S0" nVehContrib="3" flow="108.00" occupancy="91.49" speed="0.96" harmonicMeanSpeed="0.15" length="5.00" nVehEntered="3"/>
    <interval begin="44700.00" end="44800.00" id="inductionLoop.S0" nVehContrib="15" flow="540.00" occupancy="48.96" speed="6.20" harmonicMeanSpeed="1.75" length="5.00" nVehEntered="15"/>
    <interval begin="44800.00" end="44900.00" id="inductionLoop.S0" nVehContrib="18" flow="648.00" occupancy="23.20" speed="6.13" harmonicMeanSpeed="1.64" length="5.00" nVehEntered="17"/>
    <interval begin="44900.00" end="45000.00" id="inductionLoop.S0" nVehContrib="5" flow="180.00" occupancy="81.83" speed="1.29" harmonicMeanSpeed="0.43" length="5.00" nVehEntered="6"/>
    <interval begin="45000.00" end="45100.00" id="inductionLoop.S0" nVehContrib="6" flow="216.00" occupancy="88.25" speed="4.92" harmonicMeanSpeed="0.30" length="5.00" nVehEntered="6"/>
    <interval begin="45100.00" end="45200.00" id="inductionLoop.S0" nVehContrib="17" flow="612.00" occupancy="73.27" speed="7.15" harmonicMeanSpeed="1.97" length="5.00" nVehEntered="17"/>
    <interval begin="45200.00" end="45300.00" id="inductionLoop.S0" nVehContrib="14" flow="504.00" occupancy="76.30" speed="6.54" harmonicMeanSpeed="0.76" length="5.00" nVehEntered="14"/>
    <interval begin="45300.00" end="45400.00" id="inductionLoop.S0" nVehContrib="13" flow="468.00" occupancy="22.99" speed="4.67" harmonicMeanSpeed="1.35" length="5.00" nVehEntered="12"/>
    <interval begin="45400.00" end="45500.00" id="inductionLoop.S0" nVehContrib="13" flow="468.00" occupancy="68.85" speed="4.74" harmonicMeanSpeed="0.95" length="5.00" nVehEntered="14"/>
    <interval begin="45500.00" end="45600.00" id="inductionLoop.S0" nVehContrib="39" flow="1404.00" occupancy="30.44" speed="7.49" harmonicMeanSpeed="6.25" length="5.00" nVehEntered="38"/>
    <interval begin="45600.00" end="45700.00" id="inductionLoop.S0" nVehContrib="3" flow="108.00" occupancy="35.79" speed="1.86" harmonicMeanSpeed="0.42" length="5.00" nVehEntered="4"/>
    <interval begin="45700.00" end="45800.00" id="inductionLoop.S0" nVehContrib="26" flow="936.00" occupancy="47.52" speed="5.78" harmonicMeanSpeed="2.71" length="5.00" nVehEntered="25"/>
    <interval begin="45800.00" end="45900.00" id="inductionLoop.S0" nVehContrib="4" flow="144.00" occupancy="50.23" speed="1.61" harmonicMeanSpeed="0.40" length="5.00" nVehEntered="4"/>
    <interval begin="45900.00" end="46000.00" id="inductionLoop.S0" nVehContrib="39" flow="1404.00" occupancy="36.19" speed="7.06" harmonicMeanSpeed="5.39" length="5.00" nVehEntered="39"/>
    <interval begin="46000.00" end="46100.00" id="inductionLoop.S0" nVehContrib="0" flow="0.00" occupancy="46.20" speed="-1.00" harmonicMeanSpeed="-1.00" length="-1.00" nVehEntered="1"/>
    <interval begin="46100.00" end="46200.00" id="inductionLoop.S0" nVehContrib="27" flow="972.00" occupancy="51.67" speed="5.27" harmonicMeanSpeed="1.39" length="5.00" nVehEntered="27"/>
    <interval begin="46200.00" end="46300.00" id="inductionLoop.S0" nVehContrib="8" flow="288.00" occupancy="21.98" speed="2.95" harmonicMeanSpeed="1.98" length="5.00" nVehEntered="8"/>
    <interval begin="46300.00" end="46400.00" id="inductionLoop.S0" nVehContrib="25" flow="900.00" occupancy="53.85" speed="5.79" harmonicMeanSpeed="2.22" length="5.00" nVehEntered="24"/>
    <interval begin="46400.00" end="46500.00" id="inductionLoop.S0" nVehContrib="5" flow="180.00" occupancy="39.60" speed="3.32" harmonicMeanSpeed="2.18" length="5.00" nVehEntered="6"/>
    <interval begin="46500.00" end="46600.00" id="inductionLoop.S0" nVehContrib="23" flow="828.00" occupancy="58.39" speed="4.84" harmonicMeanSpeed="2.06" length="5.00" nVehEntered="23"/>
    <interval begin="46600.00" end="46700.00" id="inductionLoop.S0" nVehContrib="8" flow="288.00" occupancy="86.84" speed="5.33" harmonicMeanSpeed="0.34" length="5.00" nVehEntered="7"/>
    <interval begin="46700.00" end="46800.00" id="inductionLoop.S0" nVehContrib="18" flow="648.00" occupancy="29.00" speed="4.63" harmonicMeanSpeed="3.10" length="5.00" nVehEntered="18"/>
    <interval begin="46800.00" end="46900.00" id="inductionLoop.S0" nVehContrib="15" flow="540.00" occupancy="49.68" speed="1.81" harmonicMeanSpeed="1.51" length="5.00" nVehEntered="15"/>
    <interval begin="46900.00" end="47000.00" id="inductionLoop.S0" nVehContrib="19" flow="684.00" occupancy="35.92" speed="4.27" harmonicMeanSpeed="2.64" length="5.00" nVehEntered="19"/>
    <interval begin="47000.00" end="47100.00" id="inductionLoop.S0" nVehContrib="10" flow="360.00" occupancy="29.16" speed="2.70" harmonicMeanSpeed="1.71" length="5.00" nVehEntered="10"/>
    <interval begin="47100.00" end="47200.00" id="inductionLoop.S0" nVehContrib="14" flow="504.00" occupancy="28.96" speed="4.38" harmonicMeanSpeed="2.77" length="5.00" nVehEntered="15"/>
    <interval begin="47200.00" end="47300.00" id="inductionLoop.S0" nVehContrib="20" flow="720.00" occupancy="46.50" speed="6.32" harmonicMeanSpeed="1.99" length="5.00" nVehEntered="19"/>
    <interval begin="47300.00" end="47400.00" id="inductionLoop.S0" nVehContrib="15" flow="540.00" occupancy="43.95" speed="4.10" harmonicMeanSpeed="1.77" length="5.00" nVehEntered="16"/>
    <interval begin="47400.00" end="47500.00" id="inductionLoop.S0" nVehContrib="8" flow="288.00" occupancy="81.26" speed="2.56" harmonicMeanSpeed="0.54" length="5.00" nVehEntered="8"/>
    <interval begin="47500.00" end="47600.00" id="inductionLoop.S0" nVehContrib="17" flow="612.00" occupancy="38.21" speed="6.36" harmonicMeanSpeed="2.29" length="5.00" nVehEntered="17"/>
    <interval begin="47600.00" end="47700.00" id="inductionLoop.S0" nVehContrib="17" flow="612.00" occupancy="68.60" speed="6.00" harmonicMeanSpeed="1.09" length="5.00" nVehEntered="17"/>
    <interval begin="47700.00" end="47800.00" id="inductionLoop.S0" nVehContrib="7" flow="252.00" occupancy="86.84" speed="4.25" harmonicMeanSpeed="0.53" length="5.00" nVehEntered="7"/>
    <interval begin="47800.00" end="47900.00" id="inductionLoop.S0" nVehContrib="13" flow="468.00" occupancy="74.66" speed="7.87" harmonicMeanSpeed="1.48" length="5.00" nVehEntered="13"/>
    <interval begin="47900.00" end="48000.00" id="inductionLoop.S0" nVehContrib="15" flow="540.00" occupancy="67.17" speed="4.74" harmonicMeanSpeed="0.63" length="5.00" nVehEntered="15"/>
    <interval begin="48000.00" end="48100.00" id="inductionLoop.S0" nVehContrib="23" flow="828.00" occupancy="63.25" speed="7.40" harmonicMeanSpeed="7.07" length="5.00" nVehEntered="23"/>
    <interval begin="48100.00" end="48200.00" id="inductionLoop.S0" nVehContrib="12" flow="432.00" occupancy="79.83" speed="4.86" harmonicMeanSpeed="0.47" length="5.00" nVehEntered="11"/>
    <interval begin="48200.00" end="48300.00" id="inductionLoop.S0" nVehContrib="25" flow="900.00" occupancy="49.95" speed="6.62" harmonicMeanSpeed="2.51" length="5.00" nVehEntered="26"/>
    <interval begin="48300.00" end="48400.00" id="inductionLoop.S0" nVehContrib="2" flow="72.00" occupancy="94.54" speed="1.13" harmonicMeanSpeed="0.11" length="5.00" nVehEntered="2"/>
    <interval begin="48400.00" end="48500.00" id="inductionLoop.S0" nVehContrib="21" flow="756.00" occupancy="64.60" speed="5.64" harmonicMeanSpeed="1.48" length="5.00" nVehEntered="20"/>
    <interval begin="48500.00" end="48600.00" id="inductionLoop.S0" nVehContrib="15" flow="540.00" occupancy="75.68" speed="6.20" harmonicMeanSpeed="0.99" length="5.00" nVehEntered="15"/>
    <interval begin="48600.00" end="48700.00" id="inductionLoop.S0" nVehContrib="20" flow="720.00" occupancy="62.24" speed="6.28" harmonicMeanSpeed="1.63" length="5.00" nVehEntered="21"/>
    <interval begin="48700.00" end="48800.00" id="inductionLoop.S0" nVehContrib="5" flow="180.00" occupancy="90.80" speed="5.21" harmonicMeanSpeed="0.32" length="5.00" nVehEntered="5"/>
    <interval begin="48800.00" end="48900.00" id="inductionLoop.S0" nVehContrib="22" flow="792.00" occupancy="59.36" speed="4.99" harmonicMeanSpeed="1.51" length="5.00" nVehEntered="22"/>
    <interval begin="48900.00" end="49000.00" id="inductionLoop.S0" nVehContrib="11" flow="396.00" occupancy="21.77" speed="5.44" harmonicMeanSpeed="2.62" length="5.00" nVehEntered="11"/>
    <interval begin="49000.00" end="49100.00" id="inductionLoop.S0" nVehContrib="16" flow="576.00" occupancy="43.89" speed="5.45" harmonicMeanSpeed="1.80" length="5.00" nVehEntered="16"/>
    <interval begin="49100.00" end="49200.00" id="inductionLoop.S0" nVehContrib="7" flow="252.00" occupancy="52.71" speed="4.89" harmonicMeanSpeed="0.92" length="5.00" nVehEntered="7"/>
    <interval begin="49200.00" end="49300.00" id="inductionLoop.S0" nVehContrib="23" flow="828.00" occupancy="55.82" speed="7.35" harmonicMeanSpeed="1.63" length="5.00" nVehEntered="23"/>
    <interval begin="49300.00" end="49400.00" id="inductionLoop.S0" nVehContrib="15" flow="540.00" occupancy="69.37" speed="6.83" harmonicMeanSpeed="4.70" length="5.00" nVehEntered="15"/>
    <interval begin="49400.00" end="49500.00" id="inductionLoop.S0" nVehContrib="17" flow="612.00" occupancy="71.60" speed="6.24" harmonicMeanSpeed="0.68" length="5.00" nVehEntered="16"/>
    <interval begin="49500.00" end="49600.00" id="inductionLoop.S0" nVehContrib="23" flow="828.00" occupancy="43.29" speed="4.76" harmonicMeanSpeed="2.66" length="5.00" nVehEntered="23"/>
    <interval begin="49600.00" end="49700.00" id="inductionLoop.S0" nVehContrib="3" flow="108.00" occupancy="70.82" speed="0.82" harmonicMeanSpeed="0.26" length="5.00" nVehEntered="4"/>
    <interval begin="49700.00" end="49800.00" id="inductionLoop.S0" nVehContrib="12" flow="432.00" occupancy="72.37" speed="3.67" harmonicMeanSpeed="0.73" length="5.00" nVehEntered="12"/>
    <interval begin="49800.00" end="49900.00" id="inductionLoop.S0" nVehContrib="14" flow="504.00" occupancy="23.04" speed="6.08" harmonicMeanSpeed="2.94" length="5.00" nVehEntered="14"/>
    <interval begin="49900.00" end="50000.00" id="inductionLoop.S0" nVehContrib="16" flow="576.00" occupancy="71.87" speed="5.90" harmonicMeanSpeed="1.08" length="5.00" nVehEntered="16"/>
    <interval begin="50000.00" end="50004.00" id="inductionLoop.S0" nVehContrib="2" flow="1800.00" occupancy="25.04" speed="9.92" harmonicMeanSpeed="9.84" length="5.00" nVehEntered="2"/>
</detector>
