<?xml version="1.0" encoding="UTF-8"?>

<!-- generated on 2023-07-31 18:43:26 by Eclipse SUMO sumo Version 1.12.0
<configuration xmlns:xsi="http://www.w3.org/2001/XMLSchema-instance" xsi:noNamespaceSchemaLocation="http://sumo.dlr.de/xsd/sumoConfiguration.xsd">

    <input>
        <net-file value="Data0-35/intersection.net.xml"/>
        <route-files value="Data0-35/intersection.rou.xml"/>
        <additional-files value="Data0-35/intersection.det.xml"/>
    </input>

    <output>
        <tripinfo-output value="Data0-35/tripinfo.xml"/>
    </output>

    <time>
        <begin value="0"/>
    </time>

    <processing>
        <time-to-teleport value="-1"/>
        <waiting-time-memory value="60000"/>
    </processing>

    <report>
        <verbose value="true"/>
        <no-step-log value="true"/>
    </report>

    <emissions>
        <device.emissions.probability value="1"/>
    </emissions>

    <traci_server>
        <remote-port value="56167"/>
    </traci_server>

    <gui_only>
        <gui-settings-file value="Data0-35/intersection.settings.xml"/>
    </gui_only>

</configuration>
-->

<detector xmlns:xsi="http://www.w3.org/2001/XMLSchema-instance" xsi:noNamespaceSchemaLocation="http://sumo.dlr.de/xsd/det_e1_file.xsd">
    <interval begin="0.00" end="100.00" id="inductionLoop.N3" nVehContrib="0" flow="0.00" occupancy="0.00" speed="-1.00" harmonicMeanSpeed="-1.00" length="-1.00" nVehEntered="0"/>
    <interval begin="100.00" end="200.00" id="inductionLoop.N3" nVehContrib="4" flow="144.00" occupancy="2.48" speed="9.61" harmonicMeanSpeed="8.08" length="5.00" nVehEntered="4"/>
    <interval begin="200.00" end="300.00" id="inductionLoop.N3" nVehContrib="3" flow="108.00" occupancy="2.19" speed="9.03" harmonicMeanSpeed="6.85" length="5.00" nVehEntered="3"/>
    <interval begin="300.00" end="400.00" id="inductionLoop.N3" nVehContrib="3" flow="108.00" occupancy="1.21" speed="12.47" harmonicMeanSpeed="12.42" length="5.00" nVehEntered="3"/>
    <interval begin="400.00" end="500.00" id="inductionLoop.N3" nVehContrib="8" flow="288.00" occupancy="15.40" speed="5.58" harmonicMeanSpeed="2.81" length="5.00" nVehEntered="9"/>
    <interval begin="500.00" end="600.00" id="inductionLoop.N3" nVehContrib="3" flow="108.00" occupancy="2.44" speed="8.23" harmonicMeanSpeed="4.17" length="5.00" nVehEntered="2"/>
    <interval begin="600.00" end="700.00" id="inductionLoop.N3" nVehContrib="0" flow="0.00" occupancy="0.00" speed="-1.00" harmonicMeanSpeed="-1.00" length="-1.00" nVehEntered="0"/>
    <interval begin="700.00" end="800.00" id="inductionLoop.N3" nVehContrib="3" flow="108.00" occupancy="1.06" speed="14.20" harmonicMeanSpeed="14.11" length="5.00" nVehEntered="3"/>
    <interval begin="800.00" end="900.00" id="inductionLoop.N3" nVehContrib="5" flow="180.00" occupancy="5.88" speed="5.59" harmonicMeanSpeed="4.25" length="5.00" nVehEntered="5"/>
    <interval begin="900.00" end="1000.00" id="inductionLoop.N3" nVehContrib="3" flow="108.00" occupancy="1.22" speed="12.37" harmonicMeanSpeed="12.34" length="5.00" nVehEntered="3"/>
    <interval begin="1000.00" end="1100.00" id="inductionLoop.N3" nVehContrib="2" flow="72.00" occupancy="1.43" speed="8.34" harmonicMeanSpeed="6.99" length="5.00" nVehEntered="2"/>
    <interval begin="1100.00" end="1200.00" id="inductionLoop.N3" nVehContrib="3" flow="108.00" occupancy="3.22" speed="8.81" harmonicMeanSpeed="6.76" length="5.00" nVehEntered="4"/>
    <interval begin="1200.00" end="1300.00" id="inductionLoop.N3" nVehContrib="4" flow="144.00" occupancy="2.03" speed="9.09" harmonicMeanSpeed="6.60" length="5.00" nVehEntered="3"/>
    <interval begin="1300.00" end="1400.00" id="inductionLoop.N3" nVehContrib="9" flow="324.00" occupancy="7.94" speed="8.44" harmonicMeanSpeed="5.67" length="5.00" nVehEntered="9"/>
    <interval begin="1400.00" end="1500.00" id="inductionLoop.N3" nVehContrib="4" flow="144.00" occupancy="3.02" speed="8.65" harmonicMeanSpeed="6.63" length="5.00" nVehEntered="4"/>
    <interval begin="1500.00" end="1600.00" id="inductionLoop.N3" nVehContrib="0" flow="0.00" occupancy="0.00" speed="-1.00" harmonicMeanSpeed="-1.00" length="-1.00" nVehEntered="0"/>
    <interval begin="1600.00" end="1700.00" id="inductionLoop.N3" nVehContrib="2" flow="72.00" occupancy="3.41" speed="5.63" harmonicMeanSpeed="2.94" length="5.00" nVehEntered="2"/>
    <interval begin="1700.00" end="1800.00" id="inductionLoop.N3" nVehContrib="1" flow="36.00" occupancy="1.18" speed="4.25" harmonicMeanSpeed="4.25" length="5.00" nVehEntered="1"/>
    <interval begin="1800.00" end="1900.00" id="inductionLoop.N3" nVehContrib="3" flow="108.00" occupancy="1.80" speed="10.58" harmonicMeanSpeed="8.31" length="5.00" nVehEntered="3"/>
    <interval begin="1900.00" end="2000.00" id="inductionLoop.N3" nVehContrib="3" flow="108.00" occupancy="1.34" speed="11.60" harmonicMeanSpeed="11.18" length="5.00" nVehEntered="3"/>
    <interval begin="2000.00" end="2100.00" id="inductionLoop.N3" nVehContrib="2" flow="72.00" occupancy="0.68" speed="14.63" harmonicMeanSpeed="14.63" length="5.00" nVehEntered="2"/>
    <interval begin="2100.00" end="2200.00" id="inductionLoop.N3" nVehContrib="2" flow="72.00" occupancy="11.25" speed="6.33" harmonicMeanSpeed="5.32" length="5.00" nVehEntered="3"/>
    <interval begin="2200.00" end="2300.00" id="inductionLoop.N3" nVehContrib="2" flow="72.00" occupancy="6.30" speed="7.11" harmonicMeanSpeed="0.64" length="5.00" nVehEntered="1"/>
    <interval begin="2300.00" end="2400.00" id="inductionLoop.N3" nVehContrib="5" flow="180.00" occupancy="4.46" speed="8.62" harmonicMeanSpeed="5.61" length="5.00" nVehEntered="5"/>
    <interval begin="2400.00" end="2500.00" id="inductionLoop.N3" nVehContrib="2" flow="72.00" occupancy="1.71" speed="8.48" harmonicMeanSpeed="5.84" length="5.00" nVehEntered="2"/>
    <interval begin="2500.00" end="2600.00" id="inductionLoop.N3" nVehContrib="1" flow="36.00" occupancy="0.52" speed="9.60" harmonicMeanSpeed="9.60" length="5.00" nVehEntered="1"/>
    <interval begin="2600.00" end="2700.00" id="inductionLoop.N3" nVehContrib="2" flow="72.00" occupancy="3.29" speed="3.16" harmonicMeanSpeed="3.04" length="5.00" nVehEntered="2"/>
    <interval begin="2700.00" end="2800.00" id="inductionLoop.N3" nVehContrib="1" flow="36.00" occupancy="0.39" speed="12.82" harmonicMeanSpeed="12.82" length="5.00" nVehEntered="1"/>
    <interval begin="2800.00" end="2900.00" id="inductionLoop.N3" nVehContrib="3" flow="108.00" occupancy="2.09" speed="9.30" harmonicMeanSpeed="7.18" length="5.00" nVehEntered="3"/>
    <interval begin="2900.00" end="3000.00" id="inductionLoop.N3" nVehContrib="3" flow="108.00" occupancy="2.90" speed="7.37" harmonicMeanSpeed="5.18" length="5.00" nVehEntered="3"/>
    <interval begin="3000.00" end="3100.00" id="inductionLoop.N3" nVehContrib="1" flow="36.00" occupancy="1.17" speed="4.28" harmonicMeanSpeed="4.28" length="5.00" nVehEntered="1"/>
    <interval begin="3100.00" end="3200.00" id="inductionLoop.N3" nVehContrib="2" flow="72.00" occupancy="0.84" speed="12.03" harmonicMeanSpeed="11.96" length="5.00" nVehEntered="2"/>
    <interval begin="3200.00" end="3300.00" id="inductionLoop.N3" nVehContrib="1" flow="36.00" occupancy="1.27" speed="3.94" harmonicMeanSpeed="3.94" length="5.00" nVehEntered="1"/>
    <interval begin="3300.00" end="3400.00" id="inductionLoop.N3" nVehContrib="1" flow="36.00" occupancy="0.39" speed="12.87" harmonicMeanSpeed="12.87" length="5.00" nVehEntered="1"/>
    <interval begin="3400.00" end="3500.00" id="inductionLoop.N3" nVehContrib="0" flow="0.00" occupancy="0.00" speed="-1.00" harmonicMeanSpeed="-1.00" length="-1.00" nVehEntered="0"/>
    <interval begin="3500.00" end="3600.00" id="inductionLoop.N3" nVehContrib="0" flow="0.00" occupancy="0.00" speed="-1.00" harmonicMeanSpeed="-1.00" length="-1.00" nVehEntered="0"/>
    <interval begin="3600.00" end="3700.00" id="inductionLoop.N3" nVehContrib="2" flow="72.00" occupancy="1.67" speed="8.84" harmonicMeanSpeed="5.99" length="5.00" nVehEntered="2"/>
    <interval begin="3700.00" end="3800.00" id="inductionLoop.N3" nVehContrib="3" flow="108.00" occupancy="1.89" speed="10.21" harmonicMeanSpeed="7.94" length="5.00" nVehEntered="3"/>
    <interval begin="3800.00" end="3900.00" id="inductionLoop.N3" nVehContrib="2" flow="72.00" occupancy="0.92" speed="11.07" harmonicMeanSpeed="10.84" length="5.00" nVehEntered="2"/>
    <interval begin="3900.00" end="4000.00" id="inductionLoop.N3" nVehContrib="1" flow="36.00" occupancy="3.77" speed="1.33" harmonicMeanSpeed="1.33" length="5.00" nVehEntered="1"/>
    <interval begin="4000.00" end="4100.00" id="inductionLoop.N3" nVehContrib="1" flow="36.00" occupancy="0.39" speed="12.73" harmonicMeanSpeed="12.73" length="5.00" nVehEntered="1"/>
    <interval begin="4100.00" end="4200.00" id="inductionLoop.N3" nVehContrib="1" flow="36.00" occupancy="0.37" speed="13.36" harmonicMeanSpeed="13.36" length="5.00" nVehEntered="1"/>
    <interval begin="4200.00" end="4300.00" id="inductionLoop.N3" nVehContrib="0" flow="0.00" occupancy="0.00" speed="-1.00" harmonicMeanSpeed="-1.00" length="-1.00" nVehEntered="0"/>
    <interval begin="4300.00" end="4400.00" id="inductionLoop.N3" nVehContrib="2" flow="72.00" occupancy="0.80" speed="12.49" harmonicMeanSpeed="12.47" length="5.00" nVehEntered="2"/>
    <interval begin="4400.00" end="4500.00" id="inductionLoop.N3" nVehContrib="4" flow="144.00" occupancy="3.73" speed="8.22" harmonicMeanSpeed="5.36" length="5.00" nVehEntered="4"/>
    <interval begin="4500.00" end="4600.00" id="inductionLoop.N3" nVehContrib="1" flow="36.00" occupancy="0.39" speed="12.89" harmonicMeanSpeed="12.89" length="5.00" nVehEntered="1"/>
    <interval begin="4600.00" end="4700.00" id="inductionLoop.N3" nVehContrib="0" flow="0.00" occupancy="0.00" speed="-1.00" harmonicMeanSpeed="-1.00" length="-1.00" nVehEntered="0"/>
    <interval begin="4700.00" end="4800.00" id="inductionLoop.N3" nVehContrib="0" flow="0.00" occupancy="0.00" speed="-1.00" harmonicMeanSpeed="-1.00" length="-1.00" nVehEntered="0"/>
    <interval begin="4800.00" end="4900.00" id="inductionLoop.N3" nVehContrib="2" flow="72.00" occupancy="1.96" speed="6.70" harmonicMeanSpeed="5.11" length="5.00" nVehEntered="2"/>
    <interval begin="4900.00" end="5000.00" id="inductionLoop.N3" nVehContrib="0" flow="0.00" occupancy="0.00" speed="-1.00" harmonicMeanSpeed="-1.00" length="-1.00" nVehEntered="0"/>
    <interval begin="5000.00" end="5100.00" id="inductionLoop.N3" nVehContrib="0" flow="0.00" occupancy="0.00" speed="-1.00" harmonicMeanSpeed="-1.00" length="-1.00" nVehEntered="0"/>
    <interval begin="5100.00" end="5200.00" id="inductionLoop.N3" nVehContrib="0" flow="0.00" occupancy="0.00" speed="-1.00" harmonicMeanSpeed="-1.00" length="-1.00" nVehEntered="0"/>
    <interval begin="5200.00" end="5300.00" id="inductionLoop.N3" nVehContrib="2" flow="72.00" occupancy="1.73" speed="9.06" harmonicMeanSpeed="5.79" length="5.00" nVehEntered="2"/>
    <interval begin="5300.00" end="5400.00" id="inductionLoop.N3" nVehContrib="4" flow="144.00" occupancy="4.39" speed="5.67" harmonicMeanSpeed="4.56" length="5.00" nVehEntered="4"/>
    <interval begin="5400.00" end="5500.00" id="inductionLoop.N3" nVehContrib="3" flow="108.00" occupancy="3.43" speed="4.71" harmonicMeanSpeed="4.38" length="5.00" nVehEntered="3"/>
    <interval begin="5500.00" end="5600.00" id="inductionLoop.N3" nVehContrib="6" flow="216.00" occupancy="7.46" speed="6.65" harmonicMeanSpeed="4.02" length="5.00" nVehEntered="6"/>
    <interval begin="5600.00" end="5700.00" id="inductionLoop.N3" nVehContrib="4" flow="144.00" occupancy="5.17" speed="5.44" harmonicMeanSpeed="3.87" length="5.00" nVehEntered="4"/>
    <interval begin="5700.00" end="5800.00" id="inductionLoop.N3" nVehContrib="2" flow="72.00" occupancy="1.72" speed="8.69" harmonicMeanSpeed="5.80" length="5.00" nVehEntered="2"/>
    <interval begin="5800.00" end="5900.00" id="inductionLoop.N3" nVehContrib="3" flow="108.00" occupancy="1.31" speed="12.07" harmonicMeanSpeed="11.46" length="5.00" nVehEntered="3"/>
    <interval begin="5900.00" end="6000.00" id="inductionLoop.N3" nVehContrib="2" flow="72.00" occupancy="1.57" speed="9.09" harmonicMeanSpeed="6.36" length="5.00" nVehEntered="2"/>
    <interval begin="6000.00" end="6100.00" id="inductionLoop.N3" nVehContrib="2" flow="72.00" occupancy="0.84" speed="12.10" harmonicMeanSpeed="11.92" length="5.00" nVehEntered="2"/>
    <interval begin="6100.00" end="6200.00" id="inductionLoop.N3" nVehContrib="0" flow="0.00" occupancy="0.00" speed="-1.00" harmonicMeanSpeed="-1.00" length="-1.00" nVehEntered="0"/>
    <interval begin="6200.00" end="6300.00" id="inductionLoop.N3" nVehContrib="0" flow="0.00" occupancy="0.00" speed="-1.00" harmonicMeanSpeed="-1.00" length="-1.00" nVehEntered="0"/>
    <interval begin="6300.00" end="6400.00" id="inductionLoop.N3" nVehContrib="1" flow="36.00" occupancy="0.35" speed="14.24" harmonicMeanSpeed="14.24" length="5.00" nVehEntered="1"/>
    <interval begin="6400.00" end="6500.00" id="inductionLoop.N3" nVehContrib="1" flow="36.00" occupancy="0.39" speed="12.86" harmonicMeanSpeed="12.86" length="5.00" nVehEntered="1"/>
    <interval begin="6500.00" end="6600.00" id="inductionLoop.N3" nVehContrib="1" flow="36.00" occupancy="1.47" speed="3.41" harmonicMeanSpeed="3.41" length="5.00" nVehEntered="1"/>
    <interval begin="6600.00" end="6700.00" id="inductionLoop.N3" nVehContrib="2" flow="72.00" occupancy="1.60" speed="8.24" harmonicMeanSpeed="6.27" length="5.00" nVehEntered="2"/>
    <interval begin="6700.00" end="6800.00" id="inductionLoop.N3" nVehContrib="1" flow="36.00" occupancy="0.33" speed="15.14" harmonicMeanSpeed="15.14" length="5.00" nVehEntered="1"/>
    <interval begin="6800.00" end="6900.00" id="inductionLoop.N3" nVehContrib="0" flow="0.00" occupancy="0.00" speed="-1.00" harmonicMeanSpeed="-1.00" length="-1.00" nVehEntered="0"/>
    <interval begin="6900.00" end="7000.00" id="inductionLoop.N3" nVehContrib="0" flow="0.00" occupancy="0.00" speed="-1.00" harmonicMeanSpeed="-1.00" length="-1.00" nVehEntered="0"/>
    <interval begin="7000.00" end="7100.00" id="inductionLoop.N3" nVehContrib="0" flow="0.00" occupancy="0.00" speed="-1.00" harmonicMeanSpeed="-1.00" length="-1.00" nVehEntered="0"/>
    <interval begin="7100.00" end="7200.00" id="inductionLoop.N3" nVehContrib="1" flow="36.00" occupancy="0.36" speed="13.97" harmonicMeanSpeed="13.97" length="5.00" nVehEntered="1"/>
    <interval begin="7200.00" end="7300.00" id="inductionLoop.N3" nVehContrib="1" flow="36.00" occupancy="0.39" speed="12.84" harmonicMeanSpeed="12.84" length="5.00" nVehEntered="1"/>
    <interval begin="7300.00" end="7400.00" id="inductionLoop.N3" nVehContrib="0" flow="0.00" occupancy="0.00" speed="-1.00" harmonicMeanSpeed="-1.00" length="-1.00" nVehEntered="0"/>
    <interval begin="7400.00" end="7500.00" id="inductionLoop.N3" nVehContrib="2" flow="72.00" occupancy="1.46" speed="8.72" harmonicMeanSpeed="6.87" length="5.00" nVehEntered="2"/>
    <interval begin="7500.00" end="7600.00" id="inductionLoop.N3" nVehContrib="3" flow="108.00" occupancy="2.03" speed="8.63" harmonicMeanSpeed="7.40" length="5.00" nVehEntered="3"/>
    <interval begin="7600.00" end="7700.00" id="inductionLoop.N3" nVehContrib="1" flow="36.00" occupancy="0.35" speed="14.14" harmonicMeanSpeed="14.14" length="5.00" nVehEntered="1"/>
    <interval begin="7700.00" end="7800.00" id="inductionLoop.N3" nVehContrib="1" flow="36.00" occupancy="1.39" speed="3.59" harmonicMeanSpeed="3.59" length="5.00" nVehEntered="1"/>
    <interval begin="7800.00" end="7900.00" id="inductionLoop.N3" nVehContrib="1" flow="36.00" occupancy="0.33" speed="15.27" harmonicMeanSpeed="15.27" length="5.00" nVehEntered="1"/>
    <interval begin="7900.00" end="8000.00" id="inductionLoop.N3" nVehContrib="0" flow="0.00" occupancy="0.00" speed="-1.00" harmonicMeanSpeed="-1.00" length="-1.00" nVehEntered="0"/>
    <interval begin="8000.00" end="8100.00" id="inductionLoop.N3" nVehContrib="0" flow="0.00" occupancy="0.00" speed="-1.00" harmonicMeanSpeed="-1.00" length="-1.00" nVehEntered="0"/>
    <interval begin="8100.00" end="8200.00" id="inductionLoop.N3" nVehContrib="0" flow="0.00" occupancy="0.00" speed="-1.00" harmonicMeanSpeed="-1.00" length="-1.00" nVehEntered="0"/>
    <interval begin="8200.00" end="8300.00" id="inductionLoop.N3" nVehContrib="2" flow="72.00" occupancy="0.89" speed="12.01" harmonicMeanSpeed="11.21" length="5.00" nVehEntered="2"/>
    <interval begin="8300.00" end="8400.00" id="inductionLoop.N3" nVehContrib="0" flow="0.00" occupancy="0.00" speed="-1.00" harmonicMeanSpeed="-1.00" length="-1.00" nVehEntered="0"/>
    <interval begin="8400.00" end="8500.00" id="inductionLoop.N3" nVehContrib="1" flow="36.00" occupancy="1.03" speed="4.86" harmonicMeanSpeed="4.86" length="5.00" nVehEntered="1"/>
    <interval begin="8500.00" end="8600.00" id="inductionLoop.N3" nVehContrib="2" flow="72.00" occupancy="1.57" speed="8.26" harmonicMeanSpeed="6.36" length="5.00" nVehEntered="2"/>
    <interval begin="8600.00" end="8700.00" id="inductionLoop.N3" nVehContrib="0" flow="0.00" occupancy="0.00" speed="-1.00" harmonicMeanSpeed="-1.00" length="-1.00" nVehEntered="0"/>
    <interval begin="8700.00" end="8800.00" id="inductionLoop.N3" nVehContrib="1" flow="36.00" occupancy="1.17" speed="4.26" harmonicMeanSpeed="4.26" length="5.00" nVehEntered="1"/>
    <interval begin="8800.00" end="8900.00" id="inductionLoop.N3" nVehContrib="1" flow="36.00" occupancy="1.48" speed="3.37" harmonicMeanSpeed="3.37" length="5.00" nVehEntered="1"/>
    <interval begin="8900.00" end="9000.00" id="inductionLoop.N3" nVehContrib="3" flow="108.00" occupancy="1.19" speed="12.74" harmonicMeanSpeed="12.63" length="5.00" nVehEntered="3"/>
    <interval begin="9000.00" end="9100.00" id="inductionLoop.N3" nVehContrib="2" flow="72.00" occupancy="0.83" speed="12.18" harmonicMeanSpeed="12.11" length="5.00" nVehEntered="2"/>
    <interval begin="9100.00" end="9200.00" id="inductionLoop.N3" nVehContrib="0" flow="0.00" occupancy="0.00" speed="-1.00" harmonicMeanSpeed="-1.00" length="-1.00" nVehEntered="0"/>
    <interval begin="9200.00" end="9300.00" id="inductionLoop.N3" nVehContrib="0" flow="0.00" occupancy="0.00" speed="-1.00" harmonicMeanSpeed="-1.00" length="-1.00" nVehEntered="0"/>
    <interval begin="9300.00" end="9400.00" id="inductionLoop.N3" nVehContrib="1" flow="36.00" occupancy="1.12" speed="4.45" harmonicMeanSpeed="4.45" length="5.00" nVehEntered="1"/>
    <interval begin="9400.00" end="9500.00" id="inductionLoop.N3" nVehContrib="0" flow="0.00" occupancy="0.00" speed="-1.00" harmonicMeanSpeed="-1.00" length="-1.00" nVehEntered="0"/>
    <interval begin="9500.00" end="9600.00" id="inductionLoop.N3" nVehContrib="1" flow="36.00" occupancy="0.47" speed="10.59" harmonicMeanSpeed="10.59" length="5.00" nVehEntered="1"/>
    <interval begin="9600.00" end="9700.00" id="inductionLoop.N3" nVehContrib="0" flow="0.00" occupancy="0.00" speed="-1.00" harmonicMeanSpeed="-1.00" length="-1.00" nVehEntered="0"/>
    <interval begin="9700.00" end="9800.00" id="inductionLoop.N3" nVehContrib="1" flow="36.00" occupancy="1.05" speed="4.75" harmonicMeanSpeed="4.75" length="5.00" nVehEntered="1"/>
    <interval begin="9800.00" end="9900.00" id="inductionLoop.N3" nVehContrib="1" flow="36.00" occupancy="1.29" speed="3.89" harmonicMeanSpeed="3.89" length="5.00" nVehEntered="1"/>
    <interval begin="9900.00" end="10000.00" id="inductionLoop.N3" nVehContrib="3" flow="108.00" occupancy="2.20" speed="9.44" harmonicMeanSpeed="6.82" length="5.00" nVehEntered="3"/>
    <interval begin="10000.00" end="10100.00" id="inductionLoop.N3" nVehContrib="1" flow="36.00" occupancy="1.24" speed="4.03" harmonicMeanSpeed="4.03" length="5.00" nVehEntered="1"/>
    <interval begin="10100.00" end="10200.00" id="inductionLoop.N3" nVehContrib="1" flow="36.00" occupancy="0.33" speed="15.11" harmonicMeanSpeed="15.11" length="5.00" nVehEntered="1"/>
    <interval begin="10200.00" end="10300.00" id="inductionLoop.N3" nVehContrib="1" flow="36.00" occupancy="0.35" speed="14.43" harmonicMeanSpeed="14.43" length="5.00" nVehEntered="1"/>
    <interval begin="10300.00" end="10400.00" id="inductionLoop.N3" nVehContrib="1" flow="36.00" occupancy="0.37" speed="13.48" harmonicMeanSpeed="13.48" length="5.00" nVehEntered="1"/>
    <interval begin="10400.00" end="10500.00" id="inductionLoop.N3" nVehContrib="1" flow="36.00" occupancy="1.27" speed="3.95" harmonicMeanSpeed="3.95" length="5.00" nVehEntered="1"/>
    <interval begin="10500.00" end="10600.00" id="inductionLoop.N3" nVehContrib="0" flow="0.00" occupancy="0.00" speed="-1.00" harmonicMeanSpeed="-1.00" length="-1.00" nVehEntered="0"/>
    <interval begin="10600.00" end="10700.00" id="inductionLoop.N3" nVehContrib="0" flow="0.00" occupancy="0.00" speed="-1.00" harmonicMeanSpeed="-1.00" length="-1.00" nVehEntered="0"/>
    <interval begin="10700.00" end="10800.00" id="inductionLoop.N3" nVehContrib="0" flow="0.00" occupancy="0.00" speed="-1.00" harmonicMeanSpeed="-1.00" length="-1.00" nVehEntered="0"/>
    <interval begin="10800.00" end="10900.00" id="inductionLoop.N3" nVehContrib="3" flow="108.00" occupancy="1.83" speed="10.09" harmonicMeanSpeed="8.20" length="5.00" nVehEntered="3"/>
    <interval begin="10900.00" end="11000.00" id="inductionLoop.N3" nVehContrib="1" flow="36.00" occupancy="1.25" speed="4.01" harmonicMeanSpeed="4.01" length="5.00" nVehEntered="1"/>
    <interval begin="11000.00" end="11100.00" id="inductionLoop.N3" nVehContrib="0" flow="0.00" occupancy="0.00" speed="-1.00" harmonicMeanSpeed="-1.00" length="-1.00" nVehEntered="0"/>
    <interval begin="11100.00" end="11200.00" id="inductionLoop.N3" nVehContrib="0" flow="0.00" occupancy="0.00" speed="-1.00" harmonicMeanSpeed="-1.00" length="-1.00" nVehEntered="0"/>
    <interval begin="11200.00" end="11300.00" id="inductionLoop.N3" nVehContrib="1" flow="36.00" occupancy="0.39" speed="12.97" harmonicMeanSpeed="12.97" length="5.00" nVehEntered="1"/>
    <interval begin="11300.00" end="11400.00" id="inductionLoop.N3" nVehContrib="0" flow="0.00" occupancy="0.00" speed="-1.00" harmonicMeanSpeed="-1.00" length="-1.00" nVehEntered="0"/>
    <interval begin="11400.00" end="11500.00" id="inductionLoop.N3" nVehContrib="0" flow="0.00" occupancy="0.00" speed="-1.00" harmonicMeanSpeed="-1.00" length="-1.00" nVehEntered="0"/>
    <interval begin="11500.00" end="11600.00" id="inductionLoop.N3" nVehContrib="0" flow="0.00" occupancy="0.00" speed="-1.00" harmonicMeanSpeed="-1.00" length="-1.00" nVehEntered="0"/>
    <interval begin="11600.00" end="11700.00" id="inductionLoop.N3" nVehContrib="0" flow="0.00" occupancy="0.00" speed="-1.00" harmonicMeanSpeed="-1.00" length="-1.00" nVehEntered="0"/>
    <interval begin="11700.00" end="11800.00" id="inductionLoop.N3" nVehContrib="1" flow="36.00" occupancy="0.37" speed="13.69" harmonicMeanSpeed="13.69" length="5.00" nVehEntered="1"/>
    <interval begin="11800.00" end="11900.00" id="inductionLoop.N3" nVehContrib="0" flow="0.00" occupancy="0.00" speed="-1.00" harmonicMeanSpeed="-1.00" length="-1.00" nVehEntered="0"/>
    <interval begin="11900.00" end="12000.00" id="inductionLoop.N3" nVehContrib="0" flow="0.00" occupancy="0.00" speed="-1.00" harmonicMeanSpeed="-1.00" length="-1.00" nVehEntered="0"/>
    <interval begin="12000.00" end="12100.00" id="inductionLoop.N3" nVehContrib="2" flow="72.00" occupancy="0.69" speed="14.52" harmonicMeanSpeed="14.41" length="5.00" nVehEntered="2"/>
    <interval begin="12100.00" end="12200.00" id="inductionLoop.N3" nVehContrib="0" flow="0.00" occupancy="0.00" speed="-1.00" harmonicMeanSpeed="-1.00" length="-1.00" nVehEntered="0"/>
    <interval begin="12200.00" end="12300.00" id="inductionLoop.N3" nVehContrib="1" flow="36.00" occupancy="1.14" speed="4.39" harmonicMeanSpeed="4.39" length="5.00" nVehEntered="1"/>
    <interval begin="12300.00" end="12400.00" id="inductionLoop.N3" nVehContrib="0" flow="0.00" occupancy="0.00" speed="-1.00" harmonicMeanSpeed="-1.00" length="-1.00" nVehEntered="0"/>
    <interval begin="12400.00" end="12500.00" id="inductionLoop.N3" nVehContrib="0" flow="0.00" occupancy="0.00" speed="-1.00" harmonicMeanSpeed="-1.00" length="-1.00" nVehEntered="0"/>
    <interval begin="12500.00" end="12600.00" id="inductionLoop.N3" nVehContrib="0" flow="0.00" occupancy="0.00" speed="-1.00" harmonicMeanSpeed="-1.00" length="-1.00" nVehEntered="0"/>
    <interval begin="12600.00" end="12700.00" id="inductionLoop.N3" nVehContrib="1" flow="36.00" occupancy="0.42" speed="11.88" harmonicMeanSpeed="11.88" length="5.00" nVehEntered="1"/>
    <interval begin="12700.00" end="12800.00" id="inductionLoop.N3" nVehContrib="2" flow="72.00" occupancy="0.92" speed="11.00" harmonicMeanSpeed="10.89" length="5.00" nVehEntered="2"/>
    <interval begin="12800.00" end="12900.00" id="inductionLoop.N3" nVehContrib="2" flow="72.00" occupancy="1.62" speed="9.35" harmonicMeanSpeed="6.15" length="5.00" nVehEntered="2"/>
    <interval begin="12900.00" end="13000.00" id="inductionLoop.N3" nVehContrib="1" flow="36.00" occupancy="1.06" speed="4.72" harmonicMeanSpeed="4.72" length="5.00" nVehEntered="1"/>
    <interval begin="13000.00" end="13100.00" id="inductionLoop.N3" nVehContrib="0" flow="0.00" occupancy="0.00" speed="-1.00" harmonicMeanSpeed="-1.00" length="-1.00" nVehEntered="0"/>
    <interval begin="13100.00" end="13200.00" id="inductionLoop.N3" nVehContrib="1" flow="36.00" occupancy="0.39" speed="12.67" harmonicMeanSpeed="12.67" length="5.00" nVehEntered="1"/>
    <interval begin="13200.00" end="13300.00" id="inductionLoop.N3" nVehContrib="0" flow="0.00" occupancy="0.00" speed="-1.00" harmonicMeanSpeed="-1.00" length="-1.00" nVehEntered="0"/>
    <interval begin="13300.00" end="13400.00" id="inductionLoop.N3" nVehContrib="1" flow="36.00" occupancy="0.34" speed="14.86" harmonicMeanSpeed="14.86" length="5.00" nVehEntered="1"/>
    <interval begin="13400.00" end="13500.00" id="inductionLoop.N3" nVehContrib="1" flow="36.00" occupancy="0.44" speed="11.39" harmonicMeanSpeed="11.39" length="5.00" nVehEntered="1"/>
    <interval begin="13500.00" end="13600.00" id="inductionLoop.N3" nVehContrib="1" flow="36.00" occupancy="1.02" speed="4.89" harmonicMeanSpeed="4.89" length="5.00" nVehEntered="1"/>
    <interval begin="13600.00" end="13700.00" id="inductionLoop.N3" nVehContrib="0" flow="0.00" occupancy="1.00" speed="-1.00" harmonicMeanSpeed="-1.00" length="-1.00" nVehEntered="1"/>
    <interval begin="13700.00" end="13800.00" id="inductionLoop.N3" nVehContrib="1" flow="36.00" occupancy="0.32" speed="3.78" harmonicMeanSpeed="3.78" length="5.00" nVehEntered="0"/>
    <interval begin="13800.00" end="13900.00" id="inductionLoop.N3" nVehContrib="1" flow="36.00" occupancy="0.37" speed="13.44" harmonicMeanSpeed="13.44" length="5.00" nVehEntered="1"/>
    <interval begin="13900.00" end="14000.00" id="inductionLoop.N3" nVehContrib="0" flow="0.00" occupancy="0.00" speed="-1.00" harmonicMeanSpeed="-1.00" length="-1.00" nVehEntered="0"/>
    <interval begin="14000.00" end="14100.00" id="inductionLoop.N3" nVehContrib="0" flow="0.00" occupancy="0.00" speed="-1.00" harmonicMeanSpeed="-1.00" length="-1.00" nVehEntered="0"/>
    <interval begin="14100.00" end="14200.00" id="inductionLoop.N3" nVehContrib="0" flow="0.00" occupancy="0.00" speed="-1.00" harmonicMeanSpeed="-1.00" length="-1.00" nVehEntered="0"/>
    <interval begin="14200.00" end="14300.00" id="inductionLoop.N3" nVehContrib="2" flow="72.00" occupancy="1.73" speed="8.50" harmonicMeanSpeed="5.78" length="5.00" nVehEntered="2"/>
    <interval begin="14300.00" end="14400.00" id="inductionLoop.N3" nVehContrib="1" flow="36.00" occupancy="1.37" speed="3.66" harmonicMeanSpeed="3.66" length="5.00" nVehEntered="1"/>
    <interval begin="14400.00" end="14500.00" id="inductionLoop.N3" nVehContrib="0" flow="0.00" occupancy="0.00" speed="-1.00" harmonicMeanSpeed="-1.00" length="-1.00" nVehEntered="0"/>
    <interval begin="14500.00" end="14600.00" id="inductionLoop.N3" nVehContrib="2" flow="72.00" occupancy="0.76" speed="13.18" harmonicMeanSpeed="13.12" length="5.00" nVehEntered="2"/>
    <interval begin="14600.00" end="14700.00" id="inductionLoop.N3" nVehContrib="0" flow="0.00" occupancy="0.00" speed="-1.00" harmonicMeanSpeed="-1.00" length="-1.00" nVehEntered="0"/>
    <interval begin="14700.00" end="14800.00" id="inductionLoop.N3" nVehContrib="2" flow="72.00" occupancy="1.59" speed="8.61" harmonicMeanSpeed="6.28" length="5.00" nVehEntered="2"/>
    <interval begin="14800.00" end="14900.00" id="inductionLoop.N3" nVehContrib="1" flow="36.00" occupancy="1.13" speed="4.43" harmonicMeanSpeed="4.43" length="5.00" nVehEntered="1"/>
    <interval begin="14900.00" end="15000.00" id="inductionLoop.N3" nVehContrib="1" flow="36.00" occupancy="1.17" speed="4.27" harmonicMeanSpeed="4.27" length="5.00" nVehEntered="1"/>
    <interval begin="15000.00" end="15100.00" id="inductionLoop.N3" nVehContrib="2" flow="72.00" occupancy="0.76" speed="13.24" harmonicMeanSpeed="13.11" length="5.00" nVehEntered="2"/>
    <interval begin="15100.00" end="15200.00" id="inductionLoop.N3" nVehContrib="0" flow="0.00" occupancy="0.00" speed="-1.00" harmonicMeanSpeed="-1.00" length="-1.00" nVehEntered="0"/>
    <interval begin="15200.00" end="15300.00" id="inductionLoop.N3" nVehContrib="0" flow="0.00" occupancy="0.00" speed="-1.00" harmonicMeanSpeed="-1.00" length="-1.00" nVehEntered="0"/>
    <interval begin="15300.00" end="15400.00" id="inductionLoop.N3" nVehContrib="2" flow="72.00" occupancy="0.80" speed="12.70" harmonicMeanSpeed="12.53" length="5.00" nVehEntered="2"/>
    <interval begin="15400.00" end="15500.00" id="inductionLoop.N3" nVehContrib="2" flow="72.00" occupancy="1.62" speed="8.07" harmonicMeanSpeed="6.17" length="5.00" nVehEntered="2"/>
    <interval begin="15500.00" end="15600.00" id="inductionLoop.N3" nVehContrib="0" flow="0.00" occupancy="0.00" speed="-1.00" harmonicMeanSpeed="-1.00" length="-1.00" nVehEntered="0"/>
    <interval begin="15600.00" end="15700.00" id="inductionLoop.N3" nVehContrib="3" flow="108.00" occupancy="2.35" speed="10.96" harmonicMeanSpeed="10.55" length="5.00" nVehEntered="4"/>
    <interval begin="15700.00" end="15800.00" id="inductionLoop.N3" nVehContrib="2" flow="72.00" occupancy="3.38" speed="2.61" harmonicMeanSpeed="2.32" length="5.00" nVehEntered="1"/>
    <interval begin="15800.00" end="15900.00" id="inductionLoop.N3" nVehContrib="0" flow="0.00" occupancy="0.00" speed="-1.00" harmonicMeanSpeed="-1.00" length="-1.00" nVehEntered="0"/>
    <interval begin="15900.00" end="16000.00" id="inductionLoop.N3" nVehContrib="1" flow="36.00" occupancy="0.41" speed="12.15" harmonicMeanSpeed="12.15" length="5.00" nVehEntered="1"/>
    <interval begin="16000.00" end="16100.00" id="inductionLoop.N3" nVehContrib="1" flow="36.00" occupancy="1.25" speed="4.01" harmonicMeanSpeed="4.01" length="5.00" nVehEntered="1"/>
    <interval begin="16100.00" end="16200.00" id="inductionLoop.N3" nVehContrib="0" flow="0.00" occupancy="0.00" speed="-1.00" harmonicMeanSpeed="-1.00" length="-1.00" nVehEntered="0"/>
    <interval begin="16200.00" end="16300.00" id="inductionLoop.N3" nVehContrib="0" flow="0.00" occupancy="0.00" speed="-1.00" harmonicMeanSpeed="-1.00" length="-1.00" nVehEntered="0"/>
    <interval begin="16300.00" end="16400.00" id="inductionLoop.N3" nVehContrib="3" flow="108.00" occupancy="1.88" speed="10.36" harmonicMeanSpeed="7.99" length="5.00" nVehEntered="3"/>
    <interval begin="16400.00" end="16500.00" id="inductionLoop.N3" nVehContrib="1" flow="36.00" occupancy="0.35" speed="14.47" harmonicMeanSpeed="14.47" length="5.00" nVehEntered="1"/>
    <interval begin="16500.00" end="16600.00" id="inductionLoop.N3" nVehContrib="3" flow="108.00" occupancy="1.19" speed="12.97" harmonicMeanSpeed="12.63" length="5.00" nVehEntered="3"/>
    <interval begin="16600.00" end="16700.00" id="inductionLoop.N3" nVehContrib="0" flow="0.00" occupancy="0.00" speed="-1.00" harmonicMeanSpeed="-1.00" length="-1.00" nVehEntered="0"/>
    <interval begin="16700.00" end="16800.00" id="inductionLoop.N3" nVehContrib="1" flow="36.00" occupancy="0.42" speed="11.86" harmonicMeanSpeed="11.86" length="5.00" nVehEntered="1"/>
    <interval begin="16800.00" end="16900.00" id="inductionLoop.N3" nVehContrib="1" flow="36.00" occupancy="1.02" speed="4.90" harmonicMeanSpeed="4.90" length="5.00" nVehEntered="1"/>
    <interval begin="16900.00" end="17000.00" id="inductionLoop.N3" nVehContrib="0" flow="0.00" occupancy="0.00" speed="-1.00" harmonicMeanSpeed="-1.00" length="-1.00" nVehEntered="0"/>
    <interval begin="17000.00" end="17100.00" id="inductionLoop.N3" nVehContrib="1" flow="36.00" occupancy="1.13" speed="4.43" harmonicMeanSpeed="4.43" length="5.00" nVehEntered="1"/>
    <interval begin="17100.00" end="17200.00" id="inductionLoop.N3" nVehContrib="3" flow="108.00" occupancy="1.23" speed="12.29" harmonicMeanSpeed="12.16" length="5.00" nVehEntered="3"/>
    <interval begin="17200.00" end="17300.00" id="inductionLoop.N3" nVehContrib="3" flow="108.00" occupancy="2.31" speed="8.45" harmonicMeanSpeed="6.51" length="5.00" nVehEntered="3"/>
    <interval begin="17300.00" end="17400.00" id="inductionLoop.N3" nVehContrib="1" flow="36.00" occupancy="0.41" speed="12.26" harmonicMeanSpeed="12.26" length="5.00" nVehEntered="1"/>
    <interval begin="17400.00" end="17500.00" id="inductionLoop.N3" nVehContrib="3" flow="108.00" occupancy="2.90" speed="6.78" harmonicMeanSpeed="5.17" length="5.00" nVehEntered="3"/>
    <interval begin="17500.00" end="17600.00" id="inductionLoop.N3" nVehContrib="1" flow="36.00" occupancy="0.39" speed="12.75" harmonicMeanSpeed="12.75" length="5.00" nVehEntered="1"/>
    <interval begin="17600.00" end="17700.00" id="inductionLoop.N3" nVehContrib="2" flow="72.00" occupancy="1.83" speed="7.25" harmonicMeanSpeed="5.46" length="5.00" nVehEntered="2"/>
    <interval begin="17700.00" end="17800.00" id="inductionLoop.N3" nVehContrib="2" flow="72.00" occupancy="1.07" speed="9.73" harmonicMeanSpeed="9.37" length="5.00" nVehEntered="2"/>
    <interval begin="17800.00" end="17900.00" id="inductionLoop.N3" nVehContrib="3" flow="108.00" occupancy="2.76" speed="7.10" harmonicMeanSpeed="5.43" length="5.00" nVehEntered="3"/>
    <interval begin="17900.00" end="18000.00" id="inductionLoop.N3" nVehContrib="1" flow="36.00" occupancy="0.38" speed="13.11" harmonicMeanSpeed="13.11" length="5.00" nVehEntered="1"/>
    <interval begin="18000.00" end="18100.00" id="inductionLoop.N3" nVehContrib="0" flow="0.00" occupancy="0.00" speed="-1.00" harmonicMeanSpeed="-1.00" length="-1.00" nVehEntered="0"/>
    <interval begin="18100.00" end="18200.00" id="inductionLoop.N3" nVehContrib="4" flow="144.00" occupancy="1.44" speed="13.88" harmonicMeanSpeed="13.86" length="5.00" nVehEntered="4"/>
    <interval begin="18200.00" end="18300.00" id="inductionLoop.N3" nVehContrib="1" flow="36.00" occupancy="0.41" speed="12.20" harmonicMeanSpeed="12.20" length="5.00" nVehEntered="1"/>
    <interval begin="18300.00" end="18400.00" id="inductionLoop.N3" nVehContrib="5" flow="180.00" occupancy="2.98" speed="11.25" harmonicMeanSpeed="8.39" length="5.00" nVehEntered="5"/>
    <interval begin="18400.00" end="18500.00" id="inductionLoop.N3" nVehContrib="7" flow="252.00" occupancy="4.36" speed="8.89" harmonicMeanSpeed="8.03" length="5.00" nVehEntered="7"/>
    <interval begin="18500.00" end="18600.00" id="inductionLoop.N3" nVehContrib="7" flow="252.00" occupancy="24.23" speed="6.99" harmonicMeanSpeed="1.44" length="5.00" nVehEntered="7"/>
    <interval begin="18600.00" end="18700.00" id="inductionLoop.N3" nVehContrib="1" flow="36.00" occupancy="0.41" speed="12.19" harmonicMeanSpeed="12.19" length="5.00" nVehEntered="1"/>
    <interval begin="18700.00" end="18800.00" id="inductionLoop.N3" nVehContrib="3" flow="108.00" occupancy="3.62" speed="5.01" harmonicMeanSpeed="4.14" length="5.00" nVehEntered="3"/>
    <interval begin="18800.00" end="18900.00" id="inductionLoop.N3" nVehContrib="4" flow="144.00" occupancy="3.92" speed="5.63" harmonicMeanSpeed="5.10" length="5.00" nVehEntered="4"/>
    <interval begin="18900.00" end="19000.00" id="inductionLoop.N3" nVehContrib="8" flow="288.00" occupancy="8.03" speed="6.35" harmonicMeanSpeed="4.98" length="5.00" nVehEntered="8"/>
    <interval begin="19000.00" end="19100.00" id="inductionLoop.N3" nVehContrib="1" flow="36.00" occupancy="0.38" speed="13.32" harmonicMeanSpeed="13.32" length="5.00" nVehEntered="1"/>
    <interval begin="19100.00" end="19200.00" id="inductionLoop.N3" nVehContrib="3" flow="108.00" occupancy="2.22" speed="8.84" harmonicMeanSpeed="6.76" length="5.00" nVehEntered="3"/>
    <interval begin="19200.00" end="19300.00" id="inductionLoop.N3" nVehContrib="2" flow="72.00" occupancy="1.00" speed="10.69" harmonicMeanSpeed="10.02" length="5.00" nVehEntered="2"/>
    <interval begin="19300.00" end="19400.00" id="inductionLoop.N3" nVehContrib="4" flow="144.00" occupancy="1.63" speed="12.54" harmonicMeanSpeed="12.30" length="5.00" nVehEntered="4"/>
    <interval begin="19400.00" end="19500.00" id="inductionLoop.N3" nVehContrib="1" flow="36.00" occupancy="0.66" speed="7.63" harmonicMeanSpeed="7.63" length="5.00" nVehEntered="1"/>
    <interval begin="19500.00" end="19600.00" id="inductionLoop.N3" nVehContrib="5" flow="180.00" occupancy="4.38" speed="7.52" harmonicMeanSpeed="5.70" length="5.00" nVehEntered="5"/>
    <interval begin="19600.00" end="19700.00" id="inductionLoop.N3" nVehContrib="10" flow="360.00" occupancy="24.58" speed="6.90" harmonicMeanSpeed="2.03" length="5.00" nVehEntered="10"/>
    <interval begin="19700.00" end="19800.00" id="inductionLoop.N3" nVehContrib="2" flow="72.00" occupancy="1.36" speed="9.72" harmonicMeanSpeed="7.33" length="5.00" nVehEntered="2"/>
    <interval begin="19800.00" end="19900.00" id="inductionLoop.N3" nVehContrib="5" flow="180.00" occupancy="9.77" speed="5.19" harmonicMeanSpeed="2.56" length="5.00" nVehEntered="5"/>
    <interval begin="19900.00" end="20000.00" id="inductionLoop.N3" nVehContrib="6" flow="216.00" occupancy="8.50" speed="5.82" harmonicMeanSpeed="3.53" length="5.00" nVehEntered="6"/>
    <interval begin="20000.00" end="20100.00" id="inductionLoop.N3" nVehContrib="3" flow="108.00" occupancy="10.03" speed="6.17" harmonicMeanSpeed="4.06" length="5.00" nVehEntered="4"/>
    <interval begin="20100.00" end="20200.00" id="inductionLoop.N3" nVehContrib="10" flow="360.00" occupancy="27.31" speed="6.64" harmonicMeanSpeed="1.49" length="5.00" nVehEntered="9"/>
    <interval begin="20200.00" end="20300.00" id="inductionLoop.N3" nVehContrib="6" flow="216.00" occupancy="31.29" speed="2.97" harmonicMeanSpeed="0.96" length="5.00" nVehEntered="6"/>
    <interval begin="20300.00" end="20400.00" id="inductionLoop.N3" nVehContrib="4" flow="144.00" occupancy="2.97" speed="8.23" harmonicMeanSpeed="6.73" length="5.00" nVehEntered="4"/>
    <interval begin="20400.00" end="20500.00" id="inductionLoop.N3" nVehContrib="3" flow="108.00" occupancy="2.64" speed="7.17" harmonicMeanSpeed="5.69" length="5.00" nVehEntered="3"/>
    <interval begin="20500.00" end="20600.00" id="inductionLoop.N3" nVehContrib="6" flow="216.00" occupancy="8.57" speed="5.30" harmonicMeanSpeed="3.50" length="5.00" nVehEntered="6"/>
    <interval begin="20600.00" end="20700.00" id="inductionLoop.N3" nVehContrib="7" flow="252.00" occupancy="21.42" speed="3.97" harmonicMeanSpeed="1.85" length="5.00" nVehEntered="8"/>
    <interval begin="20700.00" end="20800.00" id="inductionLoop.N3" nVehContrib="9" flow="324.00" occupancy="27.08" speed="4.70" harmonicMeanSpeed="1.52" length="5.00" nVehEntered="8"/>
    <interval begin="20800.00" end="20900.00" id="inductionLoop.N3" nVehContrib="6" flow="216.00" occupancy="50.60" speed="3.42" harmonicMeanSpeed="0.87" length="5.00" nVehEntered="7"/>
    <interval begin="20900.00" end="21000.00" id="inductionLoop.N3" nVehContrib="10" flow="360.00" occupancy="22.56" speed="5.69" harmonicMeanSpeed="1.29" length="5.00" nVehEntered="9"/>
    <interval begin="21000.00" end="21100.00" id="inductionLoop.N3" nVehContrib="6" flow="216.00" occupancy="15.97" speed="6.06" harmonicMeanSpeed="1.88" length="5.00" nVehEntered="6"/>
    <interval begin="21100.00" end="21200.00" id="inductionLoop.N3" nVehContrib="4" flow="144.00" occupancy="7.43" speed="6.81" harmonicMeanSpeed="2.69" length="5.00" nVehEntered="4"/>
    <interval begin="21200.00" end="21300.00" id="inductionLoop.N3" nVehContrib="3" flow="108.00" occupancy="3.57" speed="5.66" harmonicMeanSpeed="4.20" length="5.00" nVehEntered="3"/>
    <interval begin="21300.00" end="21400.00" id="inductionLoop.N3" nVehContrib="8" flow="288.00" occupancy="29.55" speed="4.51" harmonicMeanSpeed="3.31" length="5.00" nVehEntered="9"/>
    <interval begin="21400.00" end="21500.00" id="inductionLoop.N3" nVehContrib="9" flow="324.00" occupancy="80.48" speed="4.07" harmonicMeanSpeed="0.56" length="5.00" nVehEntered="9"/>
    <interval begin="21500.00" end="21600.00" id="inductionLoop.N3" nVehContrib="8" flow="288.00" occupancy="77.31" speed="4.06" harmonicMeanSpeed="0.68" length="5.00" nVehEntered="8"/>
    <interval begin="21600.00" end="21700.00" id="inductionLoop.N3" nVehContrib="11" flow="396.00" occupancy="21.36" speed="4.81" harmonicMeanSpeed="0.95" length="5.00" nVehEntered="10"/>
    <interval begin="21700.00" end="21800.00" id="inductionLoop.N3" nVehContrib="9" flow="324.00" occupancy="56.04" speed="4.20" harmonicMeanSpeed="0.80" length="5.00" nVehEntered="9"/>
    <interval begin="21800.00" end="21900.00" id="inductionLoop.N3" nVehContrib="3" flow="108.00" occupancy="5.33" speed="3.49" harmonicMeanSpeed="2.82" length="5.00" nVehEntered="3"/>
    <interval begin="21900.00" end="22000.00" id="inductionLoop.N3" nVehContrib="16" flow="576.00" occupancy="45.74" speed="7.37" harmonicMeanSpeed="1.75" length="5.00" nVehEntered="16"/>
    <interval begin="22000.00" end="22100.00" id="inductionLoop.N3" nVehContrib="7" flow="252.00" occupancy="50.65" speed="3.83" harmonicMeanSpeed="0.69" length="5.00" nVehEntered="7"/>
    <interval begin="22100.00" end="22200.00" id="inductionLoop.N3" nVehContrib="10" flow="360.00" occupancy="14.69" speed="5.59" harmonicMeanSpeed="3.62" length="5.00" nVehEntered="11"/>
    <interval begin="22200.00" end="22300.00" id="inductionLoop.N3" nVehContrib="7" flow="252.00" occupancy="10.06" speed="4.87" harmonicMeanSpeed="3.21" length="5.00" nVehEntered="6"/>
    <interval begin="22300.00" end="22400.00" id="inductionLoop.N3" nVehContrib="7" flow="252.00" occupancy="11.98" speed="4.87" harmonicMeanSpeed="2.92" length="5.00" nVehEntered="7"/>
    <interval begin="22400.00" end="22500.00" id="inductionLoop.N3" nVehContrib="15" flow="540.00" occupancy="19.37" speed="5.68" harmonicMeanSpeed="3.87" length="5.00" nVehEntered="15"/>
    <interval begin="22500.00" end="22600.00" id="inductionLoop.N3" nVehContrib="13" flow="468.00" occupancy="15.44" speed="6.66" harmonicMeanSpeed="4.21" length="5.00" nVehEntered="13"/>
    <interval begin="22600.00" end="22700.00" id="inductionLoop.N3" nVehContrib="7" flow="252.00" occupancy="44.57" speed="7.45" harmonicMeanSpeed="6.66" length="5.00" nVehEntered="8"/>
    <interval begin="22700.00" end="22800.00" id="inductionLoop.N3" nVehContrib="9" flow="324.00" occupancy="19.67" speed="4.70" harmonicMeanSpeed="0.76" length="5.00" nVehEntered="8"/>
    <interval begin="22800.00" end="22900.00" id="inductionLoop.N3" nVehContrib="17" flow="612.00" occupancy="63.73" speed="7.57" harmonicMeanSpeed="1.36" length="5.00" nVehEntered="18"/>
    <interval begin="22900.00" end="23000.00" id="inductionLoop.N3" nVehContrib="7" flow="252.00" occupancy="47.95" speed="5.04" harmonicMeanSpeed="0.71" length="5.00" nVehEntered="6"/>
    <interval begin="23000.00" end="23100.00" id="inductionLoop.N3" nVehContrib="7" flow="252.00" occupancy="9.59" speed="5.64" harmonicMeanSpeed="3.65" length="5.00" nVehEntered="7"/>
    <interval begin="23100.00" end="23200.00" id="inductionLoop.N3" nVehContrib="8" flow="288.00" occupancy="13.44" speed="4.08" harmonicMeanSpeed="2.98" length="5.00" nVehEntered="8"/>
    <interval begin="23200.00" end="23300.00" id="inductionLoop.N3" nVehContrib="11" flow="396.00" occupancy="11.45" speed="6.94" harmonicMeanSpeed="4.98" length="5.00" nVehEntered="12"/>
    <interval begin="23300.00" end="23400.00" id="inductionLoop.N3" nVehContrib="15" flow="540.00" occupancy="61.37" speed="6.98" harmonicMeanSpeed="1.21" length="5.00" nVehEntered="14"/>
    <interval begin="23400.00" end="23500.00" id="inductionLoop.N3" nVehContrib="10" flow="360.00" occupancy="24.36" speed="5.35" harmonicMeanSpeed="4.09" length="5.00" nVehEntered="11"/>
    <interval begin="23500.00" end="23600.00" id="inductionLoop.N3" nVehContrib="12" flow="432.00" occupancy="56.11" speed="4.61" harmonicMeanSpeed="0.88" length="5.00" nVehEntered="11"/>
    <interval begin="23600.00" end="23700.00" id="inductionLoop.N3" nVehContrib="14" flow="504.00" occupancy="37.46" speed="9.14" harmonicMeanSpeed="8.20" length="5.00" nVehEntered="15"/>
    <interval begin="23700.00" end="23800.00" id="inductionLoop.N3" nVehContrib="12" flow="432.00" occupancy="29.65" speed="5.61" harmonicMeanSpeed="1.03" length="5.00" nVehEntered="12"/>
    <interval begin="23800.00" end="23900.00" id="inductionLoop.N3" nVehContrib="10" flow="360.00" occupancy="12.88" speed="6.25" harmonicMeanSpeed="3.78" length="5.00" nVehEntered="9"/>
    <interval begin="23900.00" end="24000.00" id="inductionLoop.N3" nVehContrib="11" flow="396.00" occupancy="16.47" speed="4.73" harmonicMeanSpeed="3.34" length="5.00" nVehEntered="11"/>
    <interval begin="24000.00" end="24100.00" id="inductionLoop.N3" nVehContrib="8" flow="288.00" occupancy="39.70" speed="5.16" harmonicMeanSpeed="1.01" length="5.00" nVehEntered="8"/>
    <interval begin="24100.00" end="24200.00" id="inductionLoop.N3" nVehContrib="13" flow="468.00" occupancy="40.33" speed="3.64" harmonicMeanSpeed="1.61" length="5.00" nVehEntered="13"/>
    <interval begin="24200.00" end="24300.00" id="inductionLoop.N3" nVehContrib="12" flow="432.00" occupancy="56.67" speed="4.64" harmonicMeanSpeed="1.06" length="5.00" nVehEntered="12"/>
    <interval begin="24300.00" end="24400.00" id="inductionLoop.N3" nVehContrib="6" flow="216.00" occupancy="39.29" speed="7.04" harmonicMeanSpeed="6.15" length="5.00" nVehEntered="7"/>
    <interval begin="24400.00" end="24500.00" id="inductionLoop.N3" nVehContrib="9" flow="324.00" occupancy="62.18" speed="4.15" harmonicMeanSpeed="0.72" length="5.00" nVehEntered="9"/>
    <interval begin="24500.00" end="24600.00" id="inductionLoop.N3" nVehContrib="23" flow="828.00" occupancy="61.51" speed="6.27" harmonicMeanSpeed="1.23" length="5.00" nVehEntered="23"/>
    <interval begin="24600.00" end="24700.00" id="inductionLoop.N3" nVehContrib="14" flow="504.00" occupancy="66.85" speed="3.80" harmonicMeanSpeed="1.15" length="5.00" nVehEntered="14"/>
    <interval begin="24700.00" end="24800.00" id="inductionLoop.N3" nVehContrib="8" flow="288.00" occupancy="34.34" speed="5.78" harmonicMeanSpeed="0.93" length="5.00" nVehEntered="7"/>
    <interval begin="24800.00" end="24900.00" id="inductionLoop.N3" nVehContrib="15" flow="540.00" occupancy="61.60" speed="6.07" harmonicMeanSpeed="1.22" length="5.00" nVehEntered="15"/>
    <interval begin="24900.00" end="25000.00" id="inductionLoop.N3" nVehContrib="17" flow="612.00" occupancy="17.59" speed="6.58" harmonicMeanSpeed="4.83" length="5.00" nVehEntered="17"/>
    <interval begin="25000.00" end="25100.00" id="inductionLoop.N3" nVehContrib="14" flow="504.00" occupancy="21.49" speed="6.48" harmonicMeanSpeed="3.26" length="5.00" nVehEntered="14"/>
    <interval begin="25100.00" end="25200.00" id="inductionLoop.N3" nVehContrib="13" flow="468.00" occupancy="33.29" speed="6.90" harmonicMeanSpeed="4.86" length="5.00" nVehEntered="14"/>
    <interval begin="25200.00" end="25300.00" id="inductionLoop.N3" nVehContrib="12" flow="432.00" occupancy="70.81" speed="6.24" harmonicMeanSpeed="1.16" length="5.00" nVehEntered="12"/>
    <interval begin="25300.00" end="25400.00" id="inductionLoop.N3" nVehContrib="13" flow="468.00" occupancy="65.44" speed="5.56" harmonicMeanSpeed="1.10" length="5.00" nVehEntered="13"/>
    <interval begin="25400.00" end="25500.00" id="inductionLoop.N3" nVehContrib="15" flow="540.00" occupancy="11.76" speed="8.41" harmonicMeanSpeed="1.31" length="5.00" nVehEntered="14"/>
    <interval begin="25500.00" end="25600.00" id="inductionLoop.N3" nVehContrib="8" flow="288.00" occupancy="7.26" speed="6.90" harmonicMeanSpeed="5.51" length="5.00" nVehEntered="8"/>
    <interval begin="25600.00" end="25700.00" id="inductionLoop.N3" nVehContrib="14" flow="504.00" occupancy="13.01" speed="7.00" harmonicMeanSpeed="5.38" length="5.00" nVehEntered="14"/>
    <interval begin="25700.00" end="25800.00" id="inductionLoop.N3" nVehContrib="13" flow="468.00" occupancy="58.50" speed="6.19" harmonicMeanSpeed="4.41" length="5.00" nVehEntered="14"/>
    <interval begin="25800.00" end="25900.00" id="inductionLoop.N3" nVehContrib="15" flow="540.00" occupancy="35.22" speed="6.38" harmonicMeanSpeed="0.95" length="5.00" nVehEntered="14"/>
    <interval begin="25900.00" end="26000.00" id="inductionLoop.N3" nVehContrib="9" flow="324.00" occupancy="62.82" speed="6.43" harmonicMeanSpeed="0.72" length="5.00" nVehEntered="9"/>
    <interval begin="26000.00" end="26100.00" id="inductionLoop.N3" nVehContrib="12" flow="432.00" occupancy="15.91" speed="5.53" harmonicMeanSpeed="3.77" length="5.00" nVehEntered="12"/>
    <interval begin="26100.00" end="26200.00" id="inductionLoop.N3" nVehContrib="16" flow="576.00" occupancy="14.18" speed="6.10" harmonicMeanSpeed="5.64" length="5.00" nVehEntered="16"/>
    <interval begin="26200.00" end="26300.00" id="inductionLoop.N3" nVehContrib="18" flow="648.00" occupancy="17.48" speed="7.47" harmonicMeanSpeed="5.15" length="5.00" nVehEntered="18"/>
    <interval begin="26300.00" end="26400.00" id="inductionLoop.N3" nVehContrib="5" flow="180.00" occupancy="12.25" speed="2.84" harmonicMeanSpeed="2.04" length="5.00" nVehEntered="5"/>
    <interval begin="26400.00" end="26500.00" id="inductionLoop.N3" nVehContrib="6" flow="216.00" occupancy="10.98" speed="3.63" harmonicMeanSpeed="2.73" length="5.00" nVehEntered="6"/>
    <interval begin="26500.00" end="26600.00" id="inductionLoop.N3" nVehContrib="12" flow="432.00" occupancy="18.72" speed="5.09" harmonicMeanSpeed="3.21" length="5.00" nVehEntered="12"/>
    <interval begin="26600.00" end="26700.00" id="inductionLoop.N3" nVehContrib="4" flow="144.00" occupancy="6.87" speed="4.19" harmonicMeanSpeed="2.91" length="5.00" nVehEntered="4"/>
    <interval begin="26700.00" end="26800.00" id="inductionLoop.N3" nVehContrib="10" flow="360.00" occupancy="11.79" speed="5.11" harmonicMeanSpeed="4.24" length="5.00" nVehEntered="10"/>
    <interval begin="26800.00" end="26900.00" id="inductionLoop.N3" nVehContrib="10" flow="360.00" occupancy="30.74" speed="3.81" harmonicMeanSpeed="3.11" length="5.00" nVehEntered="11"/>
    <interval begin="26900.00" end="27000.00" id="inductionLoop.N3" nVehContrib="10" flow="360.00" occupancy="79.31" speed="4.23" harmonicMeanSpeed="0.58" length="5.00" nVehEntered="10"/>
    <interval begin="27000.00" end="27100.00" id="inductionLoop.N3" nVehContrib="8" flow="288.00" occupancy="68.82" speed="4.05" harmonicMeanSpeed="0.52" length="5.00" nVehEntered="7"/>
    <interval begin="27100.00" end="27200.00" id="inductionLoop.N3" nVehContrib="6" flow="216.00" occupancy="42.80" speed="3.84" harmonicMeanSpeed="0.70" length="5.00" nVehEntered="6"/>
    <interval begin="27200.00" end="27300.00" id="inductionLoop.N3" nVehContrib="7" flow="252.00" occupancy="34.42" speed="3.88" harmonicMeanSpeed="1.60" length="5.00" nVehEntered="8"/>
    <interval begin="27300.00" end="27400.00" id="inductionLoop.N3" nVehContrib="8" flow="288.00" occupancy="29.37" speed="3.04" harmonicMeanSpeed="0.97" length="5.00" nVehEntered="8"/>
    <interval begin="27400.00" end="27500.00" id="inductionLoop.N3" nVehContrib="8" flow="288.00" occupancy="10.84" speed="4.40" harmonicMeanSpeed="3.42" length="5.00" nVehEntered="7"/>
    <interval begin="27500.00" end="27600.00" id="inductionLoop.N3" nVehContrib="7" flow="252.00" occupancy="47.07" speed="4.60" harmonicMeanSpeed="3.71" length="5.00" nVehEntered="8"/>
    <interval begin="27600.00" end="27700.00" id="inductionLoop.N3" nVehContrib="12" flow="432.00" occupancy="20.17" speed="6.20" harmonicMeanSpeed="1.05" length="5.00" nVehEntered="12"/>
    <interval begin="27700.00" end="27800.00" id="inductionLoop.N3" nVehContrib="20" flow="720.00" occupancy="19.56" speed="6.99" harmonicMeanSpeed="4.98" length="5.00" nVehEntered="19"/>
    <interval begin="27800.00" end="27900.00" id="inductionLoop.N3" nVehContrib="14" flow="504.00" occupancy="15.41" speed="6.40" harmonicMeanSpeed="4.54" length="5.00" nVehEntered="14"/>
    <interval begin="27900.00" end="28000.00" id="inductionLoop.N3" nVehContrib="12" flow="432.00" occupancy="13.93" speed="9.32" harmonicMeanSpeed="8.01" length="5.00" nVehEntered="13"/>
    <interval begin="28000.00" end="28100.00" id="inductionLoop.N3" nVehContrib="4" flow="144.00" occupancy="22.27" speed="2.65" harmonicMeanSpeed="0.70" length="5.00" nVehEntered="3"/>
    <interval begin="28100.00" end="28200.00" id="inductionLoop.N3" nVehContrib="12" flow="432.00" occupancy="48.88" speed="6.30" harmonicMeanSpeed="4.55" length="5.00" nVehEntered="13"/>
    <interval begin="28200.00" end="28300.00" id="inductionLoop.N3" nVehContrib="12" flow="432.00" occupancy="66.14" speed="5.15" harmonicMeanSpeed="0.82" length="5.00" nVehEntered="12"/>
    <interval begin="28300.00" end="28400.00" id="inductionLoop.N3" nVehContrib="6" flow="216.00" occupancy="27.65" speed="3.83" harmonicMeanSpeed="0.53" length="5.00" nVehEntered="5"/>
    <interval begin="28400.00" end="28500.00" id="inductionLoop.N3" nVehContrib="3" flow="108.00" occupancy="9.78" speed="4.04" harmonicMeanSpeed="1.53" length="5.00" nVehEntered="3"/>
    <interval begin="28500.00" end="28600.00" id="inductionLoop.N3" nVehContrib="3" flow="108.00" occupancy="4.08" speed="3.75" harmonicMeanSpeed="3.68" length="5.00" nVehEntered="3"/>
    <interval begin="28600.00" end="28700.00" id="inductionLoop.N3" nVehContrib="5" flow="180.00" occupancy="9.23" speed="4.10" harmonicMeanSpeed="3.79" length="5.00" nVehEntered="6"/>
    <interval begin="28700.00" end="28800.00" id="inductionLoop.N3" nVehContrib="5" flow="180.00" occupancy="45.18" speed="2.58" harmonicMeanSpeed="0.52" length="5.00" nVehEntered="4"/>
    <interval begin="28800.00" end="28900.00" id="inductionLoop.N3" nVehContrib="2" flow="72.00" occupancy="1.84" speed="7.56" harmonicMeanSpeed="5.45" length="5.00" nVehEntered="2"/>
    <interval begin="28900.00" end="29000.00" id="inductionLoop.N3" nVehContrib="4" flow="144.00" occupancy="4.75" speed="6.11" harmonicMeanSpeed="4.21" length="5.00" nVehEntered="4"/>
    <interval begin="29000.00" end="29100.00" id="inductionLoop.N3" nVehContrib="6" flow="216.00" occupancy="32.74" speed="5.76" harmonicMeanSpeed="0.92" length="5.00" nVehEntered="6"/>
    <interval begin="29100.00" end="29200.00" id="inductionLoop.N3" nVehContrib="6" flow="216.00" occupancy="8.35" speed="6.32" harmonicMeanSpeed="3.59" length="5.00" nVehEntered="6"/>
    <interval begin="29200.00" end="29300.00" id="inductionLoop.N3" nVehContrib="6" flow="216.00" occupancy="6.72" speed="6.71" harmonicMeanSpeed="4.46" length="5.00" nVehEntered="6"/>
    <interval begin="29300.00" end="29400.00" id="inductionLoop.N3" nVehContrib="10" flow="360.00" occupancy="15.44" speed="10.04" harmonicMeanSpeed="8.36" length="5.00" nVehEntered="11"/>
    <interval begin="29400.00" end="29500.00" id="inductionLoop.N3" nVehContrib="8" flow="288.00" occupancy="37.63" speed="5.00" harmonicMeanSpeed="1.20" length="5.00" nVehEntered="8"/>
    <interval begin="29500.00" end="29600.00" id="inductionLoop.N3" nVehContrib="2" flow="72.00" occupancy="6.38" speed="1.71" harmonicMeanSpeed="0.49" length="5.00" nVehEntered="1"/>
    <interval begin="29600.00" end="29700.00" id="inductionLoop.N3" nVehContrib="2" flow="72.00" occupancy="0.78" speed="12.86" harmonicMeanSpeed="12.84" length="5.00" nVehEntered="2"/>
    <interval begin="29700.00" end="29800.00" id="inductionLoop.N3" nVehContrib="4" flow="144.00" occupancy="4.40" speed="8.81" harmonicMeanSpeed="4.55" length="5.00" nVehEntered="4"/>
    <interval begin="29800.00" end="29900.00" id="inductionLoop.N3" nVehContrib="3" flow="108.00" occupancy="1.33" speed="11.35" harmonicMeanSpeed="11.28" length="5.00" nVehEntered="3"/>
    <interval begin="29900.00" end="30000.00" id="inductionLoop.N3" nVehContrib="6" flow="216.00" occupancy="6.19" speed="6.59" harmonicMeanSpeed="4.85" length="5.00" nVehEntered="6"/>
    <interval begin="30000.00" end="30100.00" id="inductionLoop.N3" nVehContrib="3" flow="108.00" occupancy="2.07" speed="10.57" harmonicMeanSpeed="7.23" length="5.00" nVehEntered="3"/>
    <interval begin="30100.00" end="30200.00" id="inductionLoop.N3" nVehContrib="0" flow="0.00" occupancy="0.00" speed="-1.00" harmonicMeanSpeed="-1.00" length="-1.00" nVehEntered="0"/>
    <interval begin="30200.00" end="30300.00" id="inductionLoop.N3" nVehContrib="1" flow="36.00" occupancy="0.43" speed="11.64" harmonicMeanSpeed="11.64" length="5.00" nVehEntered="1"/>
    <interval begin="30300.00" end="30400.00" id="inductionLoop.N3" nVehContrib="0" flow="0.00" occupancy="0.00" speed="-1.00" harmonicMeanSpeed="-1.00" length="-1.00" nVehEntered="0"/>
    <interval begin="30400.00" end="30500.00" id="inductionLoop.N3" nVehContrib="2" flow="72.00" occupancy="1.46" speed="8.41" harmonicMeanSpeed="6.83" length="5.00" nVehEntered="2"/>
    <interval begin="30500.00" end="30600.00" id="inductionLoop.N3" nVehContrib="3" flow="108.00" occupancy="1.87" speed="9.48" harmonicMeanSpeed="8.03" length="5.00" nVehEntered="3"/>
    <interval begin="30600.00" end="30700.00" id="inductionLoop.N3" nVehContrib="1" flow="36.00" occupancy="1.97" speed="2.54" harmonicMeanSpeed="2.54" length="5.00" nVehEntered="1"/>
    <interval begin="30700.00" end="30800.00" id="inductionLoop.N3" nVehContrib="0" flow="0.00" occupancy="0.00" speed="-1.00" harmonicMeanSpeed="-1.00" length="-1.00" nVehEntered="0"/>
    <interval begin="30800.00" end="30900.00" id="inductionLoop.N3" nVehContrib="0" flow="0.00" occupancy="0.00" speed="-1.00" harmonicMeanSpeed="-1.00" length="-1.00" nVehEntered="0"/>
    <interval begin="30900.00" end="31000.00" id="inductionLoop.N3" nVehContrib="0" flow="0.00" occupancy="0.00" speed="-1.00" harmonicMeanSpeed="-1.00" length="-1.00" nVehEntered="0"/>
    <interval begin="31000.00" end="31100.00" id="inductionLoop.N3" nVehContrib="0" flow="0.00" occupancy="0.00" speed="-1.00" harmonicMeanSpeed="-1.00" length="-1.00" nVehEntered="0"/>
    <interval begin="31100.00" end="31200.00" id="inductionLoop.N3" nVehContrib="0" flow="0.00" occupancy="0.00" speed="-1.00" harmonicMeanSpeed="-1.00" length="-1.00" nVehEntered="0"/>
    <interval begin="31200.00" end="31300.00" id="inductionLoop.N3" nVehContrib="0" flow="0.00" occupancy="0.00" speed="-1.00" harmonicMeanSpeed="-1.00" length="-1.00" nVehEntered="0"/>
    <interval begin="31300.00" end="31400.00" id="inductionLoop.N3" nVehContrib="0" flow="0.00" occupancy="0.00" speed="-1.00" harmonicMeanSpeed="-1.00" length="-1.00" nVehEntered="0"/>
    <interval begin="31400.00" end="31500.00" id="inductionLoop.N3" nVehContrib="0" flow="0.00" occupancy="0.00" speed="-1.00" harmonicMeanSpeed="-1.00" length="-1.00" nVehEntered="0"/>
    <interval begin="31500.00" end="31600.00" id="inductionLoop.N3" nVehContrib="0" flow="0.00" occupancy="0.00" speed="-1.00" harmonicMeanSpeed="-1.00" length="-1.00" nVehEntered="0"/>
    <interval begin="31600.00" end="31700.00" id="inductionLoop.N3" nVehContrib="0" flow="0.00" occupancy="0.00" speed="-1.00" harmonicMeanSpeed="-1.00" length="-1.00" nVehEntered="0"/>
    <interval begin="31700.00" end="31800.00" id="inductionLoop.N3" nVehContrib="0" flow="0.00" occupancy="0.00" speed="-1.00" harmonicMeanSpeed="-1.00" length="-1.00" nVehEntered="0"/>
    <interval begin="31800.00" end="31900.00" id="inductionLoop.N3" nVehContrib="0" flow="0.00" occupancy="0.00" speed="-1.00" harmonicMeanSpeed="-1.00" length="-1.00" nVehEntered="0"/>
    <interval begin="31900.00" end="32000.00" id="inductionLoop.N3" nVehContrib="1" flow="36.00" occupancy="0.37" speed="13.47" harmonicMeanSpeed="13.47" length="5.00" nVehEntered="1"/>
    <interval begin="32000.00" end="32100.00" id="inductionLoop.N3" nVehContrib="1" flow="36.00" occupancy="0.38" speed="13.30" harmonicMeanSpeed="13.30" length="5.00" nVehEntered="1"/>
    <interval begin="32100.00" end="32200.00" id="inductionLoop.N3" nVehContrib="1" flow="36.00" occupancy="0.37" speed="13.39" harmonicMeanSpeed="13.39" length="5.00" nVehEntered="1"/>
    <interval begin="32200.00" end="32300.00" id="inductionLoop.N3" nVehContrib="0" flow="0.00" occupancy="0.00" speed="-1.00" harmonicMeanSpeed="-1.00" length="-1.00" nVehEntered="0"/>
    <interval begin="32300.00" end="32400.00" id="inductionLoop.N3" nVehContrib="0" flow="0.00" occupancy="0.00" speed="-1.00" harmonicMeanSpeed="-1.00" length="-1.00" nVehEntered="0"/>
    <interval begin="32400.00" end="32500.00" id="inductionLoop.N3" nVehContrib="1" flow="36.00" occupancy="0.35" speed="14.09" harmonicMeanSpeed="14.09" length="5.00" nVehEntered="1"/>
    <interval begin="32500.00" end="32600.00" id="inductionLoop.N3" nVehContrib="1" flow="36.00" occupancy="1.04" speed="4.81" harmonicMeanSpeed="4.81" length="5.00" nVehEntered="1"/>
    <interval begin="32600.00" end="32700.00" id="inductionLoop.N3" nVehContrib="0" flow="0.00" occupancy="0.00" speed="-1.00" harmonicMeanSpeed="-1.00" length="-1.00" nVehEntered="0"/>
    <interval begin="32700.00" end="32800.00" id="inductionLoop.N3" nVehContrib="1" flow="36.00" occupancy="0.54" speed="9.33" harmonicMeanSpeed="9.33" length="5.00" nVehEntered="1"/>
    <interval begin="32800.00" end="32900.00" id="inductionLoop.N3" nVehContrib="7" flow="252.00" occupancy="9.90" speed="5.60" harmonicMeanSpeed="3.53" length="5.00" nVehEntered="7"/>
    <interval begin="32900.00" end="33000.00" id="inductionLoop.N3" nVehContrib="5" flow="180.00" occupancy="4.89" speed="7.58" harmonicMeanSpeed="5.12" length="5.00" nVehEntered="5"/>
    <interval begin="33000.00" end="33100.00" id="inductionLoop.N3" nVehContrib="8" flow="288.00" occupancy="19.11" speed="8.24" harmonicMeanSpeed="2.09" length="5.00" nVehEntered="8"/>
    <interval begin="33100.00" end="33200.00" id="inductionLoop.N3" nVehContrib="7" flow="252.00" occupancy="24.02" speed="5.39" harmonicMeanSpeed="1.46" length="5.00" nVehEntered="7"/>
    <interval begin="33200.00" end="33300.00" id="inductionLoop.N3" nVehContrib="6" flow="216.00" occupancy="16.39" speed="9.16" harmonicMeanSpeed="2.15" length="5.00" nVehEntered="7"/>
    <interval begin="33300.00" end="33400.00" id="inductionLoop.N3" nVehContrib="8" flow="288.00" occupancy="23.59" speed="4.34" harmonicMeanSpeed="1.54" length="5.00" nVehEntered="7"/>
    <interval begin="33400.00" end="33500.00" id="inductionLoop.N3" nVehContrib="3" flow="108.00" occupancy="2.75" speed="7.19" harmonicMeanSpeed="5.44" length="5.00" nVehEntered="3"/>
    <interval begin="33500.00" end="33600.00" id="inductionLoop.N3" nVehContrib="3" flow="108.00" occupancy="26.29" speed="1.74" harmonicMeanSpeed="0.57" length="5.00" nVehEntered="3"/>
    <interval begin="33600.00" end="33700.00" id="inductionLoop.N3" nVehContrib="9" flow="324.00" occupancy="60.75" speed="4.82" harmonicMeanSpeed="0.74" length="5.00" nVehEntered="10"/>
    <interval begin="33700.00" end="33800.00" id="inductionLoop.N3" nVehContrib="1" flow="36.00" occupancy="1.14" speed="3.51" harmonicMeanSpeed="3.51" length="5.00" nVehEntered="0"/>
    <interval begin="33800.00" end="33900.00" id="inductionLoop.N3" nVehContrib="0" flow="0.00" occupancy="0.00" speed="-1.00" harmonicMeanSpeed="-1.00" length="-1.00" nVehEntered="0"/>
    <interval begin="33900.00" end="34000.00" id="inductionLoop.N3" nVehContrib="0" flow="0.00" occupancy="0.00" speed="-1.00" harmonicMeanSpeed="-1.00" length="-1.00" nVehEntered="0"/>
    <interval begin="34000.00" end="34100.00" id="inductionLoop.N3" nVehContrib="0" flow="0.00" occupancy="0.00" speed="-1.00" harmonicMeanSpeed="-1.00" length="-1.00" nVehEntered="0"/>
    <interval begin="34100.00" end="34200.00" id="inductionLoop.N3" nVehContrib="0" flow="0.00" occupancy="0.00" speed="-1.00" harmonicMeanSpeed="-1.00" length="-1.00" nVehEntered="0"/>
    <interval begin="34200.00" end="34300.00" id="inductionLoop.N3" nVehContrib="1" flow="36.00" occupancy="0.39" speed="12.81" harmonicMeanSpeed="12.81" length="5.00" nVehEntered="1"/>
    <interval begin="34300.00" end="34400.00" id="inductionLoop.N3" nVehContrib="1" flow="36.00" occupancy="0.38" speed="13.33" harmonicMeanSpeed="13.33" length="5.00" nVehEntered="1"/>
    <interval begin="34400.00" end="34500.00" id="inductionLoop.N3" nVehContrib="3" flow="108.00" occupancy="3.93" speed="6.64" harmonicMeanSpeed="3.81" length="5.00" nVehEntered="3"/>
    <interval begin="34500.00" end="34600.00" id="inductionLoop.N3" nVehContrib="4" flow="144.00" occupancy="1.51" speed="13.40" harmonicMeanSpeed="13.25" length="5.00" nVehEntered="4"/>
    <interval begin="34600.00" end="34700.00" id="inductionLoop.N3" nVehContrib="8" flow="288.00" occupancy="12.30" speed="5.49" harmonicMeanSpeed="3.25" length="5.00" nVehEntered="8"/>
    <interval begin="34700.00" end="34800.00" id="inductionLoop.N3" nVehContrib="8" flow="288.00" occupancy="16.11" speed="3.76" harmonicMeanSpeed="2.48" length="5.00" nVehEntered="8"/>
    <interval begin="34800.00" end="34900.00" id="inductionLoop.N3" nVehContrib="10" flow="360.00" occupancy="16.34" speed="4.93" harmonicMeanSpeed="3.06" length="5.00" nVehEntered="10"/>
    <interval begin="34900.00" end="35000.00" id="inductionLoop.N3" nVehContrib="9" flow="324.00" occupancy="11.42" speed="7.28" harmonicMeanSpeed="3.94" length="5.00" nVehEntered="9"/>
    <interval begin="35000.00" end="35100.00" id="inductionLoop.N3" nVehContrib="18" flow="648.00" occupancy="52.18" speed="7.53" harmonicMeanSpeed="1.73" length="5.00" nVehEntered="19"/>
    <interval begin="35100.00" end="35200.00" id="inductionLoop.N3" nVehContrib="9" flow="324.00" occupancy="82.82" speed="6.70" harmonicMeanSpeed="0.67" length="5.00" nVehEntered="9"/>
    <interval begin="35200.00" end="35300.00" id="inductionLoop.N3" nVehContrib="8" flow="288.00" occupancy="39.41" speed="5.60" harmonicMeanSpeed="0.73" length="5.00" nVehEntered="7"/>
    <interval begin="35300.00" end="35400.00" id="inductionLoop.N3" nVehContrib="14" flow="504.00" occupancy="11.58" speed="8.55" harmonicMeanSpeed="6.04" length="5.00" nVehEntered="14"/>
    <interval begin="35400.00" end="35500.00" id="inductionLoop.N3" nVehContrib="11" flow="396.00" occupancy="52.86" speed="7.73" harmonicMeanSpeed="1.05" length="5.00" nVehEntered="12"/>
    <interval begin="35500.00" end="35600.00" id="inductionLoop.N3" nVehContrib="13" flow="468.00" occupancy="13.81" speed="5.54" harmonicMeanSpeed="4.59" length="5.00" nVehEntered="12"/>
    <interval begin="35600.00" end="35700.00" id="inductionLoop.N3" nVehContrib="12" flow="432.00" occupancy="30.55" speed="6.24" harmonicMeanSpeed="5.24" length="5.00" nVehEntered="13"/>
    <interval begin="35700.00" end="35800.00" id="inductionLoop.N3" nVehContrib="12" flow="432.00" occupancy="71.47" speed="5.74" harmonicMeanSpeed="0.66" length="5.00" nVehEntered="11"/>
    <interval begin="35800.00" end="35900.00" id="inductionLoop.N3" nVehContrib="6" flow="216.00" occupancy="3.72" speed="9.06" harmonicMeanSpeed="8.07" length="5.00" nVehEntered="6"/>
    <interval begin="35900.00" end="36000.00" id="inductionLoop.N3" nVehContrib="5" flow="180.00" occupancy="4.30" speed="7.72" harmonicMeanSpeed="5.81" length="5.00" nVehEntered="5"/>
    <interval begin="36000.00" end="36100.00" id="inductionLoop.N3" nVehContrib="6" flow="216.00" occupancy="22.20" speed="5.29" harmonicMeanSpeed="1.35" length="5.00" nVehEntered="6"/>
    <interval begin="36100.00" end="36200.00" id="inductionLoop.N3" nVehContrib="17" flow="612.00" occupancy="16.96" speed="7.52" harmonicMeanSpeed="6.25" length="5.00" nVehEntered="18"/>
    <interval begin="36200.00" end="36300.00" id="inductionLoop.N3" nVehContrib="10" flow="360.00" occupancy="81.55" speed="5.38" harmonicMeanSpeed="0.93" length="5.00" nVehEntered="10"/>
    <interval begin="36300.00" end="36400.00" id="inductionLoop.N3" nVehContrib="17" flow="612.00" occupancy="62.87" speed="5.73" harmonicMeanSpeed="0.91" length="5.00" nVehEntered="17"/>
    <interval begin="36400.00" end="36500.00" id="inductionLoop.N3" nVehContrib="10" flow="360.00" occupancy="43.09" speed="7.00" harmonicMeanSpeed="1.15" length="5.00" nVehEntered="9"/>
    <interval begin="36500.00" end="36600.00" id="inductionLoop.N3" nVehContrib="10" flow="360.00" occupancy="11.93" speed="5.71" harmonicMeanSpeed="4.19" length="5.00" nVehEntered="10"/>
    <interval begin="36600.00" end="36700.00" id="inductionLoop.N3" nVehContrib="5" flow="180.00" occupancy="44.35" speed="6.62" harmonicMeanSpeed="5.86" length="5.00" nVehEntered="6"/>
    <interval begin="36700.00" end="36800.00" id="inductionLoop.N3" nVehContrib="14" flow="504.00" occupancy="17.20" speed="6.23" harmonicMeanSpeed="1.22" length="5.00" nVehEntered="14"/>
    <interval begin="36800.00" end="36900.00" id="inductionLoop.N3" nVehContrib="9" flow="324.00" occupancy="12.87" speed="5.63" harmonicMeanSpeed="3.49" length="5.00" nVehEntered="8"/>
    <interval begin="36900.00" end="37000.00" id="inductionLoop.N3" nVehContrib="10" flow="360.00" occupancy="45.39" speed="8.12" harmonicMeanSpeed="6.99" length="5.00" nVehEntered="11"/>
    <interval begin="37000.00" end="37100.00" id="inductionLoop.N3" nVehContrib="10" flow="360.00" occupancy="29.38" speed="6.07" harmonicMeanSpeed="0.74" length="5.00" nVehEntered="9"/>
    <interval begin="37100.00" end="37200.00" id="inductionLoop.N3" nVehContrib="8" flow="288.00" occupancy="8.30" speed="6.85" harmonicMeanSpeed="4.82" length="5.00" nVehEntered="8"/>
    <interval begin="37200.00" end="37300.00" id="inductionLoop.N3" nVehContrib="11" flow="396.00" occupancy="15.55" speed="5.40" harmonicMeanSpeed="3.54" length="5.00" nVehEntered="11"/>
    <interval begin="37300.00" end="37400.00" id="inductionLoop.N3" nVehContrib="11" flow="396.00" occupancy="43.04" speed="6.02" harmonicMeanSpeed="4.76" length="5.00" nVehEntered="12"/>
    <interval begin="37400.00" end="37500.00" id="inductionLoop.N3" nVehContrib="12" flow="432.00" occupancy="21.49" speed="5.69" harmonicMeanSpeed="1.13" length="5.00" nVehEntered="11"/>
    <interval begin="37500.00" end="37600.00" id="inductionLoop.N3" nVehContrib="11" flow="396.00" occupancy="26.72" speed="7.24" harmonicMeanSpeed="5.65" length="5.00" nVehEntered="12"/>
    <interval begin="37600.00" end="37700.00" id="inductionLoop.N3" nVehContrib="13" flow="468.00" occupancy="55.99" speed="6.37" harmonicMeanSpeed="0.89" length="5.00" nVehEntered="12"/>
    <interval begin="37700.00" end="37800.00" id="inductionLoop.N3" nVehContrib="12" flow="432.00" occupancy="36.01" speed="6.73" harmonicMeanSpeed="1.99" length="5.00" nVehEntered="13"/>
    <interval begin="37800.00" end="37900.00" id="inductionLoop.N3" nVehContrib="8" flow="288.00" occupancy="56.31" speed="6.57" harmonicMeanSpeed="1.13" length="5.00" nVehEntered="8"/>
    <interval begin="37900.00" end="38000.00" id="inductionLoop.N3" nVehContrib="11" flow="396.00" occupancy="20.18" speed="5.82" harmonicMeanSpeed="1.17" length="5.00" nVehEntered="10"/>
    <interval begin="38000.00" end="38100.00" id="inductionLoop.N3" nVehContrib="5" flow="180.00" occupancy="91.15" speed="8.14" harmonicMeanSpeed="8.02" length="5.00" nVehEntered="6"/>
    <interval begin="38100.00" end="38200.00" id="inductionLoop.N3" nVehContrib="17" flow="612.00" occupancy="69.52" speed="7.18" harmonicMeanSpeed="0.54" length="5.00" nVehEntered="16"/>
    <interval begin="38200.00" end="38300.00" id="inductionLoop.N3" nVehContrib="9" flow="324.00" occupancy="14.22" speed="8.06" harmonicMeanSpeed="3.22" length="5.00" nVehEntered="10"/>
    <interval begin="38300.00" end="38400.00" id="inductionLoop.N3" nVehContrib="14" flow="504.00" occupancy="12.06" speed="7.93" harmonicMeanSpeed="5.93" length="5.00" nVehEntered="14"/>
    <interval begin="38400.00" end="38500.00" id="inductionLoop.N3" nVehContrib="14" flow="504.00" occupancy="19.05" speed="5.74" harmonicMeanSpeed="3.58" length="5.00" nVehEntered="13"/>
    <interval begin="38500.00" end="38600.00" id="inductionLoop.N3" nVehContrib="17" flow="612.00" occupancy="11.17" speed="8.91" harmonicMeanSpeed="7.61" length="5.00" nVehEntered="17"/>
    <interval begin="38600.00" end="38700.00" id="inductionLoop.N3" nVehContrib="8" flow="288.00" occupancy="8.73" speed="6.60" harmonicMeanSpeed="4.58" length="5.00" nVehEntered="8"/>
    <interval begin="38700.00" end="38800.00" id="inductionLoop.N3" nVehContrib="10" flow="360.00" occupancy="22.69" speed="7.42" harmonicMeanSpeed="2.20" length="5.00" nVehEntered="10"/>
    <interval begin="38800.00" end="38900.00" id="inductionLoop.N3" nVehContrib="13" flow="468.00" occupancy="47.90" speed="5.96" harmonicMeanSpeed="4.56" length="5.00" nVehEntered="14"/>
    <interval begin="38900.00" end="39000.00" id="inductionLoop.N3" nVehContrib="14" flow="504.00" occupancy="22.75" speed="8.00" harmonicMeanSpeed="1.24" length="5.00" nVehEntered="13"/>
    <interval begin="39000.00" end="39100.00" id="inductionLoop.N3" nVehContrib="19" flow="684.00" occupancy="13.09" speed="9.14" harmonicMeanSpeed="7.26" length="5.00" nVehEntered="19"/>
    <interval begin="39100.00" end="39200.00" id="inductionLoop.N3" nVehContrib="14" flow="504.00" occupancy="46.54" speed="9.10" harmonicMeanSpeed="7.93" length="5.00" nVehEntered="15"/>
    <interval begin="39200.00" end="39300.00" id="inductionLoop.N3" nVehContrib="17" flow="612.00" occupancy="40.41" speed="8.29" harmonicMeanSpeed="1.09" length="5.00" nVehEntered="16"/>
    <interval begin="39300.00" end="39400.00" id="inductionLoop.N3" nVehContrib="14" flow="504.00" occupancy="16.27" speed="7.78" harmonicMeanSpeed="5.21" length="5.00" nVehEntered="15"/>
    <interval begin="39400.00" end="39500.00" id="inductionLoop.N3" nVehContrib="10" flow="360.00" occupancy="58.54" speed="6.28" harmonicMeanSpeed="0.84" length="5.00" nVehEntered="10"/>
    <interval begin="39500.00" end="39600.00" id="inductionLoop.N3" nVehContrib="16" flow="576.00" occupancy="57.51" speed="7.90" harmonicMeanSpeed="1.36" length="5.00" nVehEntered="16"/>
    <interval begin="39600.00" end="39700.00" id="inductionLoop.N3" nVehContrib="13" flow="468.00" occupancy="59.53" speed="7.78" harmonicMeanSpeed="1.09" length="5.00" nVehEntered="12"/>
    <interval begin="39700.00" end="39800.00" id="inductionLoop.N3" nVehContrib="11" flow="396.00" occupancy="12.18" speed="6.09" harmonicMeanSpeed="4.52" length="5.00" nVehEntered="11"/>
    <interval begin="39800.00" end="39900.00" id="inductionLoop.N3" nVehContrib="13" flow="468.00" occupancy="69.49" speed="7.79" harmonicMeanSpeed="1.09" length="5.00" nVehEntered="14"/>
    <interval begin="39900.00" end="40000.00" id="inductionLoop.N3" nVehContrib="10" flow="360.00" occupancy="50.01" speed="6.89" harmonicMeanSpeed="0.84" length="5.00" nVehEntered="9"/>
    <interval begin="40000.00" end="40100.00" id="inductionLoop.N3" nVehContrib="10" flow="360.00" occupancy="9.02" speed="7.72" harmonicMeanSpeed="5.55" length="5.00" nVehEntered="10"/>
    <interval begin="40100.00" end="40200.00" id="inductionLoop.N3" nVehContrib="9" flow="324.00" occupancy="8.86" speed="7.51" harmonicMeanSpeed="5.08" length="5.00" nVehEntered="9"/>
    <interval begin="40200.00" end="40300.00" id="inductionLoop.N3" nVehContrib="18" flow="648.00" occupancy="21.22" speed="7.37" harmonicMeanSpeed="5.47" length="5.00" nVehEntered="19"/>
    <interval begin="40300.00" end="40400.00" id="inductionLoop.N3" nVehContrib="14" flow="504.00" occupancy="55.50" speed="6.74" harmonicMeanSpeed="1.17" length="5.00" nVehEntered="14"/>
    <interval begin="40400.00" end="40500.00" id="inductionLoop.N3" nVehContrib="11" flow="396.00" occupancy="14.50" speed="7.69" harmonicMeanSpeed="5.54" length="5.00" nVehEntered="11"/>
    <interval begin="40500.00" end="40600.00" id="inductionLoop.N3" nVehContrib="9" flow="324.00" occupancy="80.27" speed="6.71" harmonicMeanSpeed="0.85" length="5.00" nVehEntered="9"/>
    <interval begin="40600.00" end="40700.00" id="inductionLoop.N3" nVehContrib="9" flow="324.00" occupancy="35.48" speed="6.12" harmonicMeanSpeed="0.67" length="5.00" nVehEntered="8"/>
    <interval begin="40700.00" end="40800.00" id="inductionLoop.N3" nVehContrib="16" flow="576.00" occupancy="12.35" speed="8.50" harmonicMeanSpeed="6.48" length="5.00" nVehEntered="16"/>
    <interval begin="40800.00" end="40900.00" id="inductionLoop.N3" nVehContrib="11" flow="396.00" occupancy="82.39" speed="7.54" harmonicMeanSpeed="0.67" length="5.00" nVehEntered="11"/>
    <interval begin="40900.00" end="41000.00" id="inductionLoop.N3" nVehContrib="14" flow="504.00" occupancy="67.72" speed="7.73" harmonicMeanSpeed="1.03" length="5.00" nVehEntered="14"/>
    <interval begin="41000.00" end="41100.00" id="inductionLoop.N3" nVehContrib="13" flow="468.00" occupancy="11.67" speed="8.11" harmonicMeanSpeed="5.57" length="5.00" nVehEntered="13"/>
    <interval begin="41100.00" end="41200.00" id="inductionLoop.N3" nVehContrib="14" flow="504.00" occupancy="10.95" speed="8.37" harmonicMeanSpeed="6.39" length="5.00" nVehEntered="14"/>
    <interval begin="41200.00" end="41300.00" id="inductionLoop.N3" nVehContrib="16" flow="576.00" occupancy="20.72" speed="7.92" harmonicMeanSpeed="6.90" length="5.00" nVehEntered="17"/>
    <interval begin="41300.00" end="41400.00" id="inductionLoop.N3" nVehContrib="6" flow="216.00" occupancy="86.42" speed="5.59" harmonicMeanSpeed="0.31" length="5.00" nVehEntered="5"/>
    <interval begin="41400.00" end="41500.00" id="inductionLoop.N3" nVehContrib="16" flow="576.00" occupancy="11.00" speed="10.49" harmonicMeanSpeed="7.27" length="5.00" nVehEntered="16"/>
    <interval begin="41500.00" end="41600.00" id="inductionLoop.N3" nVehContrib="12" flow="432.00" occupancy="7.44" speed="9.45" harmonicMeanSpeed="8.07" length="5.00" nVehEntered="12"/>
    <interval begin="41600.00" end="41700.00" id="inductionLoop.N3" nVehContrib="28" flow="1008.00" occupancy="40.84" speed="10.10" harmonicMeanSpeed="8.22" length="5.00" nVehEntered="29"/>
    <interval begin="41700.00" end="41800.00" id="inductionLoop.N3" nVehContrib="13" flow="468.00" occupancy="79.99" speed="7.47" harmonicMeanSpeed="0.63" length="5.00" nVehEntered="12"/>
    <interval begin="41800.00" end="41900.00" id="inductionLoop.N3" nVehContrib="3" flow="108.00" occupancy="5.04" speed="5.78" harmonicMeanSpeed="2.98" length="5.00" nVehEntered="3"/>
    <interval begin="41900.00" end="42000.00" id="inductionLoop.N3" nVehContrib="19" flow="684.00" occupancy="27.39" speed="8.57" harmonicMeanSpeed="3.47" length="5.00" nVehEntered="19"/>
    <interval begin="42000.00" end="42100.00" id="inductionLoop.N3" nVehContrib="9" flow="324.00" occupancy="7.35" speed="7.12" harmonicMeanSpeed="6.12" length="5.00" nVehEntered="9"/>
    <interval begin="42100.00" end="42200.00" id="inductionLoop.N3" nVehContrib="32" flow="1152.00" occupancy="21.07" speed="9.79" harmonicMeanSpeed="7.60" length="5.00" nVehEntered="32"/>
    <interval begin="42200.00" end="42300.00" id="inductionLoop.N3" nVehContrib="0" flow="0.00" occupancy="0.00" speed="-1.00" harmonicMeanSpeed="-1.00" length="-1.00" nVehEntered="0"/>
    <interval begin="42300.00" end="42400.00" id="inductionLoop.N3" nVehContrib="26" flow="936.00" occupancy="19.72" speed="8.91" harmonicMeanSpeed="6.59" length="5.00" nVehEntered="26"/>
    <interval begin="42400.00" end="42500.00" id="inductionLoop.N3" nVehContrib="5" flow="180.00" occupancy="4.91" speed="5.46" harmonicMeanSpeed="5.09" length="5.00" nVehEntered="5"/>
    <interval begin="42500.00" end="42600.00" id="inductionLoop.N3" nVehContrib="27" flow="972.00" occupancy="17.15" speed="9.72" harmonicMeanSpeed="7.87" length="5.00" nVehEntered="27"/>
    <interval begin="42600.00" end="42700.00" id="inductionLoop.N3" nVehContrib="15" flow="540.00" occupancy="55.51" speed="8.67" harmonicMeanSpeed="1.35" length="5.00" nVehEntered="15"/>
    <interval begin="42700.00" end="42800.00" id="inductionLoop.N3" nVehContrib="26" flow="936.00" occupancy="13.98" speed="10.76" harmonicMeanSpeed="9.30" length="5.00" nVehEntered="26"/>
    <interval begin="42800.00" end="42900.00" id="inductionLoop.N3" nVehContrib="9" flow="324.00" occupancy="6.34" speed="8.44" harmonicMeanSpeed="7.09" length="5.00" nVehEntered="9"/>
    <interval begin="42900.00" end="43000.00" id="inductionLoop.N3" nVehContrib="15" flow="540.00" occupancy="30.37" speed="7.54" harmonicMeanSpeed="2.47" length="5.00" nVehEntered="15"/>
    <interval begin="43000.00" end="43100.00" id="inductionLoop.N3" nVehContrib="4" flow="144.00" occupancy="5.03" speed="5.31" harmonicMeanSpeed="4.47" length="5.00" nVehEntered="5"/>
    <interval begin="43100.00" end="43200.00" id="inductionLoop.N3" nVehContrib="25" flow="900.00" occupancy="20.08" speed="8.42" harmonicMeanSpeed="6.06" length="5.00" nVehEntered="24"/>
    <interval begin="43200.00" end="43300.00" id="inductionLoop.N3" nVehContrib="7" flow="252.00" occupancy="68.17" speed="6.44" harmonicMeanSpeed="5.56" length="5.00" nVehEntered="8"/>
    <interval begin="43300.00" end="43400.00" id="inductionLoop.N3" nVehContrib="21" flow="756.00" occupancy="33.57" speed="7.88" harmonicMeanSpeed="1.10" length="5.00" nVehEntered="20"/>
    <interval begin="43400.00" end="43500.00" id="inductionLoop.N3" nVehContrib="5" flow="180.00" occupancy="7.42" speed="4.60" harmonicMeanSpeed="3.37" length="5.00" nVehEntered="5"/>
    <interval begin="43500.00" end="43600.00" id="inductionLoop.N3" nVehContrib="13" flow="468.00" occupancy="13.29" speed="8.30" harmonicMeanSpeed="4.89" length="5.00" nVehEntered="13"/>
    <interval begin="43600.00" end="43700.00" id="inductionLoop.N3" nVehContrib="14" flow="504.00" occupancy="18.46" speed="5.36" harmonicMeanSpeed="3.79" length="5.00" nVehEntered="14"/>
    <interval begin="43700.00" end="43800.00" id="inductionLoop.N3" nVehContrib="11" flow="396.00" occupancy="6.70" speed="9.58" harmonicMeanSpeed="8.21" length="5.00" nVehEntered="11"/>
    <interval begin="43800.00" end="43900.00" id="inductionLoop.N3" nVehContrib="19" flow="684.00" occupancy="22.97" speed="7.44" harmonicMeanSpeed="4.14" length="5.00" nVehEntered="19"/>
    <interval begin="43900.00" end="44000.00" id="inductionLoop.N3" nVehContrib="0" flow="0.00" occupancy="0.00" speed="-1.00" harmonicMeanSpeed="-1.00" length="-1.00" nVehEntered="0"/>
    <interval begin="44000.00" end="44100.00" id="inductionLoop.N3" nVehContrib="21" flow="756.00" occupancy="18.38" speed="9.01" harmonicMeanSpeed="5.71" length="5.00" nVehEntered="21"/>
    <interval begin="44100.00" end="44200.00" id="inductionLoop.N3" nVehContrib="4" flow="144.00" occupancy="4.38" speed="5.64" harmonicMeanSpeed="4.57" length="5.00" nVehEntered="4"/>
    <interval begin="44200.00" end="44300.00" id="inductionLoop.N3" nVehContrib="22" flow="792.00" occupancy="40.93" speed="8.71" harmonicMeanSpeed="7.27" length="5.00" nVehEntered="24"/>
    <interval begin="44300.00" end="44400.00" id="inductionLoop.N3" nVehContrib="15" flow="540.00" occupancy="43.02" speed="8.25" harmonicMeanSpeed="1.10" length="5.00" nVehEntered="14"/>
    <interval begin="44400.00" end="44500.00" id="inductionLoop.N3" nVehContrib="2" flow="72.00" occupancy="2.66" speed="4.17" harmonicMeanSpeed="3.76" length="5.00" nVehEntered="2"/>
    <interval begin="44500.00" end="44600.00" id="inductionLoop.N3" nVehContrib="20" flow="720.00" occupancy="31.23" speed="7.84" harmonicMeanSpeed="6.18" length="5.00" nVehEntered="21"/>
    <interval begin="44600.00" end="44700.00" id="inductionLoop.N3" nVehContrib="13" flow="468.00" occupancy="68.35" speed="7.72" harmonicMeanSpeed="0.78" length="5.00" nVehEntered="13"/>
    <interval begin="44700.00" end="44800.00" id="inductionLoop.N3" nVehContrib="14" flow="504.00" occupancy="11.13" speed="8.29" harmonicMeanSpeed="6.47" length="5.00" nVehEntered="14"/>
    <interval begin="44800.00" end="44900.00" id="inductionLoop.N3" nVehContrib="4" flow="144.00" occupancy="5.30" speed="6.81" harmonicMeanSpeed="3.49" length="5.00" nVehEntered="3"/>
    <interval begin="44900.00" end="45000.00" id="inductionLoop.N3" nVehContrib="32" flow="1152.00" occupancy="26.97" speed="7.52" harmonicMeanSpeed="6.00" length="5.00" nVehEntered="33"/>
    <interval begin="45000.00" end="45100.00" id="inductionLoop.N3" nVehContrib="6" flow="216.00" occupancy="76.53" speed="4.27" harmonicMeanSpeed="0.40" length="5.00" nVehEntered="6"/>
    <interval begin="45100.00" end="45200.00" id="inductionLoop.N3" nVehContrib="11" flow="396.00" occupancy="12.45" speed="9.81" harmonicMeanSpeed="4.42" length="5.00" nVehEntered="11"/>
    <interval begin="45200.00" end="45300.00" id="inductionLoop.N3" nVehContrib="20" flow="720.00" occupancy="17.70" speed="7.70" harmonicMeanSpeed="5.65" length="5.00" nVehEntered="20"/>
    <interval begin="45300.00" end="45400.00" id="inductionLoop.N3" nVehContrib="4" flow="144.00" occupancy="75.37" speed="3.79" harmonicMeanSpeed="2.34" length="5.00" nVehEntered="5"/>
    <interval begin="45400.00" end="45500.00" id="inductionLoop.N3" nVehContrib="26" flow="936.00" occupancy="48.02" speed="7.35" harmonicMeanSpeed="1.13" length="5.00" nVehEntered="25"/>
    <interval begin="45500.00" end="45600.00" id="inductionLoop.N3" nVehContrib="0" flow="0.00" occupancy="21.68" speed="-1.00" harmonicMeanSpeed="-1.00" length="-1.00" nVehEntered="1"/>
    <interval begin="45600.00" end="45700.00" id="inductionLoop.N3" nVehContrib="13" flow="468.00" occupancy="73.92" speed="7.45" harmonicMeanSpeed="0.72" length="5.00" nVehEntered="13"/>
    <interval begin="45700.00" end="45800.00" id="inductionLoop.N3" nVehContrib="13" flow="468.00" occupancy="28.27" speed="6.83" harmonicMeanSpeed="1.96" length="5.00" nVehEntered="12"/>
    <interval begin="45800.00" end="45900.00" id="inductionLoop.N3" nVehContrib="13" flow="468.00" occupancy="16.78" speed="7.48" harmonicMeanSpeed="3.87" length="5.00" nVehEntered="13"/>
    <interval begin="45900.00" end="46000.00" id="inductionLoop.N3" nVehContrib="0" flow="0.00" occupancy="0.00" speed="-1.00" harmonicMeanSpeed="-1.00" length="-1.00" nVehEntered="0"/>
    <interval begin="46000.00" end="46100.00" id="inductionLoop.N3" nVehContrib="16" flow="576.00" occupancy="11.07" speed="9.08" harmonicMeanSpeed="7.23" length="5.00" nVehEntered="16"/>
    <interval begin="46100.00" end="46200.00" id="inductionLoop.N3" nVehContrib="19" flow="684.00" occupancy="16.68" speed="8.76" harmonicMeanSpeed="5.70" length="5.00" nVehEntered="19"/>
    <interval begin="46200.00" end="46300.00" id="inductionLoop.N3" nVehContrib="7" flow="252.00" occupancy="83.13" speed="4.82" harmonicMeanSpeed="0.42" length="5.00" nVehEntered="7"/>
    <interval begin="46300.00" end="46400.00" id="inductionLoop.N3" nVehContrib="21" flow="756.00" occupancy="18.59" speed="8.05" harmonicMeanSpeed="5.65" length="5.00" nVehEntered="21"/>
    <interval begin="46400.00" end="46500.00" id="inductionLoop.N3" nVehContrib="14" flow="504.00" occupancy="8.92" speed="8.59" harmonicMeanSpeed="7.85" length="5.00" nVehEntered="14"/>
    <interval begin="46500.00" end="46600.00" id="inductionLoop.N3" nVehContrib="1" flow="36.00" occupancy="97.15" speed="6.49" harmonicMeanSpeed="6.49" length="5.00" nVehEntered="2"/>
    <interval begin="46600.00" end="46700.00" id="inductionLoop.N3" nVehContrib="25" flow="900.00" occupancy="44.84" speed="8.65" harmonicMeanSpeed="0.89" length="5.00" nVehEntered="24"/>
    <interval begin="46700.00" end="46800.00" id="inductionLoop.N3" nVehContrib="4" flow="144.00" occupancy="3.90" speed="5.55" harmonicMeanSpeed="5.13" length="5.00" nVehEntered="4"/>
    <interval begin="46800.00" end="46900.00" id="inductionLoop.N3" nVehContrib="38" flow="1368.00" occupancy="22.28" speed="9.69" harmonicMeanSpeed="8.53" length="5.00" nVehEntered="38"/>
    <interval begin="46900.00" end="47000.00" id="inductionLoop.N3" nVehContrib="15" flow="540.00" occupancy="13.16" speed="7.90" harmonicMeanSpeed="5.70" length="5.00" nVehEntered="15"/>
    <interval begin="47000.00" end="47100.00" id="inductionLoop.N3" nVehContrib="13" flow="468.00" occupancy="8.18" speed="9.22" harmonicMeanSpeed="7.95" length="5.00" nVehEntered="13"/>
    <interval begin="47100.00" end="47200.00" id="inductionLoop.N3" nVehContrib="9" flow="324.00" occupancy="66.48" speed="5.71" harmonicMeanSpeed="4.19" length="5.00" nVehEntered="10"/>
    <interval begin="47200.00" end="47300.00" id="inductionLoop.N3" nVehContrib="13" flow="468.00" occupancy="15.79" speed="6.82" harmonicMeanSpeed="0.91" length="5.00" nVehEntered="12"/>
    <interval begin="47300.00" end="47400.00" id="inductionLoop.N3" nVehContrib="15" flow="540.00" occupancy="12.80" speed="7.24" harmonicMeanSpeed="5.93" length="5.00" nVehEntered="16"/>
    <interval begin="47400.00" end="47500.00" id="inductionLoop.N3" nVehContrib="15" flow="540.00" occupancy="69.73" speed="7.27" harmonicMeanSpeed="1.07" length="5.00" nVehEntered="14"/>
    <interval begin="47500.00" end="47600.00" id="inductionLoop.N3" nVehContrib="6" flow="216.00" occupancy="89.43" speed="7.69" harmonicMeanSpeed="0.34" length="5.00" nVehEntered="7"/>
    <interval begin="47600.00" end="47700.00" id="inductionLoop.N3" nVehContrib="27" flow="972.00" occupancy="29.05" speed="8.33" harmonicMeanSpeed="7.15" length="5.00" nVehEntered="27"/>
    <interval begin="47700.00" end="47800.00" id="inductionLoop.N3" nVehContrib="9" flow="324.00" occupancy="74.78" speed="6.32" harmonicMeanSpeed="0.52" length="5.00" nVehEntered="8"/>
    <interval begin="47800.00" end="47900.00" id="inductionLoop.N3" nVehContrib="19" flow="684.00" occupancy="42.62" speed="8.76" harmonicMeanSpeed="6.74" length="5.00" nVehEntered="20"/>
    <interval begin="47900.00" end="48000.00" id="inductionLoop.N3" nVehContrib="13" flow="468.00" occupancy="47.98" speed="8.17" harmonicMeanSpeed="1.00" length="5.00" nVehEntered="13"/>
    <interval begin="48000.00" end="48100.00" id="inductionLoop.N3" nVehContrib="1" flow="36.00" occupancy="50.83" speed="0.08" harmonicMeanSpeed="0.08" length="5.00" nVehEntered="0"/>
    <interval begin="48100.00" end="48200.00" id="inductionLoop.N3" nVehContrib="17" flow="612.00" occupancy="12.13" speed="10.47" harmonicMeanSpeed="9.19" length="5.00" nVehEntered="18"/>
    <interval begin="48200.00" end="48300.00" id="inductionLoop.N3" nVehContrib="16" flow="576.00" occupancy="42.26" speed="7.67" harmonicMeanSpeed="1.77" length="5.00" nVehEntered="15"/>
    <interval begin="48300.00" end="48400.00" id="inductionLoop.N3" nVehContrib="1" flow="36.00" occupancy="2.08" speed="3.69" harmonicMeanSpeed="3.69" length="5.00" nVehEntered="2"/>
    <interval begin="48400.00" end="48500.00" id="inductionLoop.N3" nVehContrib="27" flow="972.00" occupancy="25.15" speed="8.43" harmonicMeanSpeed="7.31" length="5.00" nVehEntered="27"/>
    <interval begin="48500.00" end="48600.00" id="inductionLoop.N3" nVehContrib="1" flow="36.00" occupancy="99.45" speed="0.05" harmonicMeanSpeed="0.05" length="5.00" nVehEntered="0"/>
    <interval begin="48600.00" end="48700.00" id="inductionLoop.N3" nVehContrib="26" flow="936.00" occupancy="34.46" speed="8.93" harmonicMeanSpeed="3.77" length="5.00" nVehEntered="26"/>
    <interval begin="48700.00" end="48800.00" id="inductionLoop.N3" nVehContrib="4" flow="144.00" occupancy="3.87" speed="5.75" harmonicMeanSpeed="5.16" length="5.00" nVehEntered="4"/>
    <interval begin="48800.00" end="48900.00" id="inductionLoop.N3" nVehContrib="26" flow="936.00" occupancy="36.54" speed="9.51" harmonicMeanSpeed="7.50" length="5.00" nVehEntered="27"/>
    <interval begin="48900.00" end="49000.00" id="inductionLoop.N3" nVehContrib="2" flow="72.00" occupancy="14.33" speed="1.68" harmonicMeanSpeed="0.30" length="5.00" nVehEntered="1"/>
    <interval begin="49000.00" end="49100.00" id="inductionLoop.N3" nVehContrib="26" flow="936.00" occupancy="22.03" speed="8.03" harmonicMeanSpeed="5.90" length="5.00" nVehEntered="26"/>
    <interval begin="49100.00" end="49200.00" id="inductionLoop.N3" nVehContrib="8" flow="288.00" occupancy="7.14" speed="6.43" harmonicMeanSpeed="6.00" length="5.00" nVehEntered="9"/>
    <interval begin="49200.00" end="49300.00" id="inductionLoop.N3" nVehContrib="22" flow="792.00" occupancy="15.75" speed="8.56" harmonicMeanSpeed="6.81" length="5.00" nVehEntered="22"/>
    <interval begin="49300.00" end="49400.00" id="inductionLoop.N3" nVehContrib="1" flow="36.00" occupancy="2.91" speed="1.68" harmonicMeanSpeed="1.68" length="5.00" nVehEntered="0"/>
    <interval begin="49400.00" end="49500.00" id="inductionLoop.N3" nVehContrib="18" flow="648.00" occupancy="14.00" speed="8.65" harmonicMeanSpeed="6.43" length="5.00" nVehEntered="18"/>
    <interval begin="49500.00" end="49600.00" id="inductionLoop.N3" nVehContrib="13" flow="468.00" occupancy="13.50" speed="7.62" harmonicMeanSpeed="4.81" length="5.00" nVehEntered="13"/>
    <interval begin="49600.00" end="49700.00" id="inductionLoop.N3" nVehContrib="8" flow="288.00" occupancy="6.17" speed="7.80" harmonicMeanSpeed="6.71" length="5.00" nVehEntered="9"/>
    <interval begin="49700.00" end="49800.00" id="inductionLoop.N3" nVehContrib="31" flow="1116.00" occupancy="48.90" speed="9.36" harmonicMeanSpeed="4.28" length="5.00" nVehEntered="31"/>
    <interval begin="49800.00" end="49900.00" id="inductionLoop.N3" nVehContrib="0" flow="0.00" occupancy="100.00" speed="-1.00" harmonicMeanSpeed="-1.00" length="-1.00" nVehEntered="0"/>
    <interval begin="49900.00" end="50000.00" id="inductionLoop.N3" nVehContrib="29" flow="1044.00" occupancy="36.42" speed="7.72" harmonicMeanSpeed="0.97" length="5.00" nVehEntered="28"/>
    <interval begin="50000.00" end="50004.00" id="inductionLoop.N3" nVehContrib="0" flow="0.00" occupancy="0.00" speed="-1.00" harmonicMeanSpeed="-1.00" length="-1.00" nVehEntered="0"/>
</detector>
