<?xml version="1.0" encoding="UTF-8"?>

<!-- generated on 2023-07-31 18:43:26 by Eclipse SUMO sumo Version 1.12.0
<configuration xmlns:xsi="http://www.w3.org/2001/XMLSchema-instance" xsi:noNamespaceSchemaLocation="http://sumo.dlr.de/xsd/sumoConfiguration.xsd">

    <input>
        <net-file value="Data0-35/intersection.net.xml"/>
        <route-files value="Data0-35/intersection.rou.xml"/>
        <additional-files value="Data0-35/intersection.det.xml"/>
    </input>

    <output>
        <tripinfo-output value="Data0-35/tripinfo.xml"/>
    </output>

    <time>
        <begin value="0"/>
    </time>

    <processing>
        <time-to-teleport value="-1"/>
        <waiting-time-memory value="60000"/>
    </processing>

    <report>
        <verbose value="true"/>
        <no-step-log value="true"/>
    </report>

    <emissions>
        <device.emissions.probability value="1"/>
    </emissions>

    <traci_server>
        <remote-port value="56167"/>
    </traci_server>

    <gui_only>
        <gui-settings-file value="Data0-35/intersection.settings.xml"/>
    </gui_only>

</configuration>
-->

<detector xmlns:xsi="http://www.w3.org/2001/XMLSchema-instance" xsi:noNamespaceSchemaLocation="http://sumo.dlr.de/xsd/det_e1_file.xsd">
    <interval begin="0.00" end="100.00" id="inductionLoop.S1" nVehContrib="6" flow="216.00" occupancy="2.56" speed="12.12" harmonicMeanSpeed="11.74" length="5.00" nVehEntered="6"/>
    <interval begin="100.00" end="200.00" id="inductionLoop.S1" nVehContrib="12" flow="432.00" occupancy="21.11" speed="6.80" harmonicMeanSpeed="3.09" length="5.00" nVehEntered="14"/>
    <interval begin="200.00" end="300.00" id="inductionLoop.S1" nVehContrib="6" flow="216.00" occupancy="79.62" speed="2.11" harmonicMeanSpeed="0.38" length="5.00" nVehEntered="6"/>
    <interval begin="300.00" end="400.00" id="inductionLoop.S1" nVehContrib="9" flow="324.00" occupancy="50.79" speed="5.74" harmonicMeanSpeed="1.53" length="5.00" nVehEntered="11"/>
    <interval begin="400.00" end="500.00" id="inductionLoop.S1" nVehContrib="10" flow="360.00" occupancy="42.84" speed="4.74" harmonicMeanSpeed="0.84" length="5.00" nVehEntered="11"/>
    <interval begin="500.00" end="600.00" id="inductionLoop.S1" nVehContrib="8" flow="288.00" occupancy="74.31" speed="3.05" harmonicMeanSpeed="0.51" length="5.00" nVehEntered="7"/>
    <interval begin="600.00" end="700.00" id="inductionLoop.S1" nVehContrib="12" flow="432.00" occupancy="75.46" speed="4.80" harmonicMeanSpeed="0.80" length="5.00" nVehEntered="12"/>
    <interval begin="700.00" end="800.00" id="inductionLoop.S1" nVehContrib="9" flow="324.00" occupancy="32.15" speed="7.83" harmonicMeanSpeed="1.99" length="5.00" nVehEntered="12"/>
    <interval begin="800.00" end="900.00" id="inductionLoop.S1" nVehContrib="10" flow="360.00" occupancy="34.08" speed="7.76" harmonicMeanSpeed="1.18" length="5.00" nVehEntered="10"/>
    <interval begin="900.00" end="1000.00" id="inductionLoop.S1" nVehContrib="11" flow="396.00" occupancy="32.69" speed="6.47" harmonicMeanSpeed="3.69" length="5.00" nVehEntered="12"/>
    <interval begin="1000.00" end="1100.00" id="inductionLoop.S1" nVehContrib="10" flow="360.00" occupancy="67.84" speed="5.70" harmonicMeanSpeed="0.74" length="5.00" nVehEntered="11"/>
    <interval begin="1100.00" end="1200.00" id="inductionLoop.S1" nVehContrib="13" flow="468.00" occupancy="14.93" speed="9.25" harmonicMeanSpeed="4.62" length="5.00" nVehEntered="14"/>
    <interval begin="1200.00" end="1300.00" id="inductionLoop.S1" nVehContrib="11" flow="396.00" occupancy="20.90" speed="7.14" harmonicMeanSpeed="2.73" length="5.00" nVehEntered="14"/>
    <interval begin="1300.00" end="1400.00" id="inductionLoop.S1" nVehContrib="11" flow="396.00" occupancy="14.98" speed="7.72" harmonicMeanSpeed="3.85" length="5.00" nVehEntered="13"/>
    <interval begin="1400.00" end="1500.00" id="inductionLoop.S1" nVehContrib="8" flow="288.00" occupancy="21.48" speed="9.80" harmonicMeanSpeed="8.68" length="5.00" nVehEntered="11"/>
    <interval begin="1500.00" end="1600.00" id="inductionLoop.S1" nVehContrib="11" flow="396.00" occupancy="35.18" speed="7.37" harmonicMeanSpeed="1.44" length="5.00" nVehEntered="11"/>
    <interval begin="1600.00" end="1700.00" id="inductionLoop.S1" nVehContrib="11" flow="396.00" occupancy="28.51" speed="4.65" harmonicMeanSpeed="1.96" length="5.00" nVehEntered="13"/>
    <interval begin="1700.00" end="1800.00" id="inductionLoop.S1" nVehContrib="10" flow="360.00" occupancy="25.14" speed="7.77" harmonicMeanSpeed="2.01" length="5.00" nVehEntered="11"/>
    <interval begin="1800.00" end="1900.00" id="inductionLoop.S1" nVehContrib="10" flow="360.00" occupancy="9.61" speed="7.26" harmonicMeanSpeed="5.86" length="5.00" nVehEntered="14"/>
    <interval begin="1900.00" end="2000.00" id="inductionLoop.S1" nVehContrib="11" flow="396.00" occupancy="40.98" speed="7.56" harmonicMeanSpeed="1.65" length="5.00" nVehEntered="14"/>
    <interval begin="2000.00" end="2100.00" id="inductionLoop.S1" nVehContrib="11" flow="396.00" occupancy="26.37" speed="8.96" harmonicMeanSpeed="1.64" length="5.00" nVehEntered="11"/>
    <interval begin="2100.00" end="2200.00" id="inductionLoop.S1" nVehContrib="11" flow="396.00" occupancy="19.38" speed="8.06" harmonicMeanSpeed="2.84" length="5.00" nVehEntered="11"/>
    <interval begin="2200.00" end="2300.00" id="inductionLoop.S1" nVehContrib="11" flow="396.00" occupancy="14.64" speed="9.29" harmonicMeanSpeed="3.88" length="5.00" nVehEntered="13"/>
    <interval begin="2300.00" end="2400.00" id="inductionLoop.S1" nVehContrib="11" flow="396.00" occupancy="23.50" speed="7.73" harmonicMeanSpeed="3.58" length="5.00" nVehEntered="12"/>
    <interval begin="2400.00" end="2500.00" id="inductionLoop.S1" nVehContrib="9" flow="324.00" occupancy="64.61" speed="2.77" harmonicMeanSpeed="0.62" length="5.00" nVehEntered="8"/>
    <interval begin="2500.00" end="2600.00" id="inductionLoop.S1" nVehContrib="10" flow="360.00" occupancy="7.36" speed="9.84" harmonicMeanSpeed="7.66" length="5.00" nVehEntered="13"/>
    <interval begin="2600.00" end="2700.00" id="inductionLoop.S1" nVehContrib="11" flow="396.00" occupancy="29.10" speed="6.73" harmonicMeanSpeed="1.89" length="5.00" nVehEntered="11"/>
    <interval begin="2700.00" end="2800.00" id="inductionLoop.S1" nVehContrib="8" flow="288.00" occupancy="14.15" speed="7.29" harmonicMeanSpeed="3.07" length="5.00" nVehEntered="9"/>
    <interval begin="2800.00" end="2900.00" id="inductionLoop.S1" nVehContrib="8" flow="288.00" occupancy="5.60" speed="9.18" harmonicMeanSpeed="7.91" length="5.00" nVehEntered="10"/>
    <interval begin="2900.00" end="3000.00" id="inductionLoop.S1" nVehContrib="9" flow="324.00" occupancy="21.23" speed="7.35" harmonicMeanSpeed="2.12" length="5.00" nVehEntered="9"/>
    <interval begin="3000.00" end="3100.00" id="inductionLoop.S1" nVehContrib="9" flow="324.00" occupancy="27.51" speed="6.78" harmonicMeanSpeed="2.23" length="5.00" nVehEntered="11"/>
    <interval begin="3100.00" end="3200.00" id="inductionLoop.S1" nVehContrib="14" flow="504.00" occupancy="31.83" speed="5.33" harmonicMeanSpeed="2.72" length="5.00" nVehEntered="15"/>
    <interval begin="3200.00" end="3300.00" id="inductionLoop.S1" nVehContrib="12" flow="432.00" occupancy="72.57" speed="6.39" harmonicMeanSpeed="0.83" length="5.00" nVehEntered="12"/>
    <interval begin="3300.00" end="3400.00" id="inductionLoop.S1" nVehContrib="9" flow="324.00" occupancy="52.90" speed="6.68" harmonicMeanSpeed="1.20" length="5.00" nVehEntered="11"/>
    <interval begin="3400.00" end="3500.00" id="inductionLoop.S1" nVehContrib="7" flow="252.00" occupancy="11.95" speed="7.17" harmonicMeanSpeed="1.39" length="5.00" nVehEntered="9"/>
    <interval begin="3500.00" end="3600.00" id="inductionLoop.S1" nVehContrib="10" flow="360.00" occupancy="20.38" speed="8.82" harmonicMeanSpeed="4.98" length="5.00" nVehEntered="11"/>
    <interval begin="3600.00" end="3700.00" id="inductionLoop.S1" nVehContrib="9" flow="324.00" occupancy="27.19" speed="7.59" harmonicMeanSpeed="2.12" length="5.00" nVehEntered="9"/>
    <interval begin="3700.00" end="3800.00" id="inductionLoop.S1" nVehContrib="7" flow="252.00" occupancy="22.34" speed="7.55" harmonicMeanSpeed="7.07" length="5.00" nVehEntered="12"/>
    <interval begin="3800.00" end="3900.00" id="inductionLoop.S1" nVehContrib="12" flow="432.00" occupancy="29.38" speed="6.77" harmonicMeanSpeed="2.68" length="5.00" nVehEntered="14"/>
    <interval begin="3900.00" end="4000.00" id="inductionLoop.S1" nVehContrib="12" flow="432.00" occupancy="22.72" speed="6.13" harmonicMeanSpeed="2.63" length="5.00" nVehEntered="11"/>
    <interval begin="4000.00" end="4100.00" id="inductionLoop.S1" nVehContrib="8" flow="288.00" occupancy="51.82" speed="4.76" harmonicMeanSpeed="0.78" length="5.00" nVehEntered="9"/>
    <interval begin="4100.00" end="4200.00" id="inductionLoop.S1" nVehContrib="11" flow="396.00" occupancy="32.70" speed="7.09" harmonicMeanSpeed="1.68" length="5.00" nVehEntered="11"/>
    <interval begin="4200.00" end="4300.00" id="inductionLoop.S1" nVehContrib="11" flow="396.00" occupancy="47.71" speed="5.22" harmonicMeanSpeed="1.17" length="5.00" nVehEntered="13"/>
    <interval begin="4300.00" end="4400.00" id="inductionLoop.S1" nVehContrib="7" flow="252.00" occupancy="17.12" speed="9.42" harmonicMeanSpeed="5.57" length="5.00" nVehEntered="7"/>
    <interval begin="4400.00" end="4500.00" id="inductionLoop.S1" nVehContrib="8" flow="288.00" occupancy="6.48" speed="8.77" harmonicMeanSpeed="2.30" length="5.00" nVehEntered="8"/>
    <interval begin="4500.00" end="4600.00" id="inductionLoop.S1" nVehContrib="12" flow="432.00" occupancy="45.15" speed="7.50" harmonicMeanSpeed="1.40" length="5.00" nVehEntered="13"/>
    <interval begin="4600.00" end="4700.00" id="inductionLoop.S1" nVehContrib="11" flow="396.00" occupancy="49.28" speed="6.95" harmonicMeanSpeed="1.36" length="5.00" nVehEntered="12"/>
    <interval begin="4700.00" end="4800.00" id="inductionLoop.S1" nVehContrib="8" flow="288.00" occupancy="29.97" speed="6.19" harmonicMeanSpeed="1.06" length="5.00" nVehEntered="10"/>
    <interval begin="4800.00" end="4900.00" id="inductionLoop.S1" nVehContrib="5" flow="180.00" occupancy="8.25" speed="4.12" harmonicMeanSpeed="3.18" length="5.00" nVehEntered="6"/>
    <interval begin="4900.00" end="5000.00" id="inductionLoop.S1" nVehContrib="11" flow="396.00" occupancy="6.26" speed="9.71" harmonicMeanSpeed="8.78" length="5.00" nVehEntered="11"/>
    <interval begin="5000.00" end="5100.00" id="inductionLoop.S1" nVehContrib="9" flow="324.00" occupancy="4.69" speed="11.16" harmonicMeanSpeed="10.82" length="5.00" nVehEntered="11"/>
    <interval begin="5100.00" end="5200.00" id="inductionLoop.S1" nVehContrib="8" flow="288.00" occupancy="26.19" speed="7.39" harmonicMeanSpeed="1.53" length="5.00" nVehEntered="8"/>
    <interval begin="5200.00" end="5300.00" id="inductionLoop.S1" nVehContrib="14" flow="504.00" occupancy="16.98" speed="9.74" harmonicMeanSpeed="4.12" length="5.00" nVehEntered="14"/>
    <interval begin="5300.00" end="5400.00" id="inductionLoop.S1" nVehContrib="10" flow="360.00" occupancy="27.16" speed="7.07" harmonicMeanSpeed="1.84" length="5.00" nVehEntered="10"/>
    <interval begin="5400.00" end="5500.00" id="inductionLoop.S1" nVehContrib="10" flow="360.00" occupancy="30.97" speed="7.29" harmonicMeanSpeed="1.62" length="5.00" nVehEntered="11"/>
    <interval begin="5500.00" end="5600.00" id="inductionLoop.S1" nVehContrib="10" flow="360.00" occupancy="21.88" speed="6.26" harmonicMeanSpeed="2.30" length="5.00" nVehEntered="11"/>
    <interval begin="5600.00" end="5700.00" id="inductionLoop.S1" nVehContrib="10" flow="360.00" occupancy="6.15" speed="10.48" harmonicMeanSpeed="8.63" length="5.00" nVehEntered="11"/>
    <interval begin="5700.00" end="5800.00" id="inductionLoop.S1" nVehContrib="10" flow="360.00" occupancy="6.40" speed="9.47" harmonicMeanSpeed="8.40" length="5.00" nVehEntered="11"/>
    <interval begin="5800.00" end="5900.00" id="inductionLoop.S1" nVehContrib="8" flow="288.00" occupancy="4.37" speed="10.54" harmonicMeanSpeed="9.16" length="5.00" nVehEntered="8"/>
    <interval begin="5900.00" end="6000.00" id="inductionLoop.S1" nVehContrib="8" flow="288.00" occupancy="15.12" speed="10.92" harmonicMeanSpeed="10.60" length="5.00" nVehEntered="9"/>
    <interval begin="6000.00" end="6100.00" id="inductionLoop.S1" nVehContrib="10" flow="360.00" occupancy="8.78" speed="8.54" harmonicMeanSpeed="2.51" length="5.00" nVehEntered="10"/>
    <interval begin="6100.00" end="6200.00" id="inductionLoop.S1" nVehContrib="10" flow="360.00" occupancy="18.73" speed="6.41" harmonicMeanSpeed="2.82" length="5.00" nVehEntered="11"/>
    <interval begin="6200.00" end="6300.00" id="inductionLoop.S1" nVehContrib="9" flow="324.00" occupancy="4.58" speed="10.42" harmonicMeanSpeed="8.06" length="5.00" nVehEntered="8"/>
    <interval begin="6300.00" end="6400.00" id="inductionLoop.S1" nVehContrib="7" flow="252.00" occupancy="4.07" speed="10.48" harmonicMeanSpeed="9.04" length="5.00" nVehEntered="9"/>
    <interval begin="6400.00" end="6500.00" id="inductionLoop.S1" nVehContrib="7" flow="252.00" occupancy="3.66" speed="11.11" harmonicMeanSpeed="9.56" length="5.00" nVehEntered="7"/>
    <interval begin="6500.00" end="6600.00" id="inductionLoop.S1" nVehContrib="14" flow="504.00" occupancy="11.09" speed="9.13" harmonicMeanSpeed="7.03" length="5.00" nVehEntered="15"/>
    <interval begin="6600.00" end="6700.00" id="inductionLoop.S1" nVehContrib="10" flow="360.00" occupancy="11.72" speed="8.52" harmonicMeanSpeed="4.79" length="5.00" nVehEntered="12"/>
    <interval begin="6700.00" end="6800.00" id="inductionLoop.S1" nVehContrib="8" flow="288.00" occupancy="32.52" speed="6.31" harmonicMeanSpeed="1.23" length="5.00" nVehEntered="8"/>
    <interval begin="6800.00" end="6900.00" id="inductionLoop.S1" nVehContrib="10" flow="360.00" occupancy="13.02" speed="7.67" harmonicMeanSpeed="4.09" length="5.00" nVehEntered="11"/>
    <interval begin="6900.00" end="7000.00" id="inductionLoop.S1" nVehContrib="8" flow="288.00" occupancy="4.14" speed="10.43" harmonicMeanSpeed="9.66" length="5.00" nVehEntered="8"/>
    <interval begin="7000.00" end="7100.00" id="inductionLoop.S1" nVehContrib="8" flow="288.00" occupancy="4.30" speed="10.24" harmonicMeanSpeed="9.86" length="5.00" nVehEntered="9"/>
    <interval begin="7100.00" end="7200.00" id="inductionLoop.S1" nVehContrib="6" flow="216.00" occupancy="3.57" speed="9.83" harmonicMeanSpeed="8.41" length="5.00" nVehEntered="6"/>
    <interval begin="7200.00" end="7300.00" id="inductionLoop.S1" nVehContrib="5" flow="180.00" occupancy="3.78" speed="11.51" harmonicMeanSpeed="9.12" length="5.00" nVehEntered="7"/>
    <interval begin="7300.00" end="7400.00" id="inductionLoop.S1" nVehContrib="6" flow="216.00" occupancy="3.01" speed="10.14" harmonicMeanSpeed="9.97" length="5.00" nVehEntered="6"/>
    <interval begin="7400.00" end="7500.00" id="inductionLoop.S1" nVehContrib="6" flow="216.00" occupancy="2.46" speed="12.25" harmonicMeanSpeed="12.18" length="5.00" nVehEntered="6"/>
    <interval begin="7500.00" end="7600.00" id="inductionLoop.S1" nVehContrib="7" flow="252.00" occupancy="2.84" speed="12.68" harmonicMeanSpeed="12.31" length="5.00" nVehEntered="7"/>
    <interval begin="7600.00" end="7700.00" id="inductionLoop.S1" nVehContrib="9" flow="324.00" occupancy="4.04" speed="12.24" harmonicMeanSpeed="12.17" length="5.00" nVehEntered="10"/>
    <interval begin="7700.00" end="7800.00" id="inductionLoop.S1" nVehContrib="11" flow="396.00" occupancy="4.77" speed="12.01" harmonicMeanSpeed="11.54" length="5.00" nVehEntered="11"/>
    <interval begin="7800.00" end="7900.00" id="inductionLoop.S1" nVehContrib="5" flow="180.00" occupancy="2.61" speed="11.30" harmonicMeanSpeed="11.21" length="5.00" nVehEntered="8"/>
    <interval begin="7900.00" end="8000.00" id="inductionLoop.S1" nVehContrib="9" flow="324.00" occupancy="25.46" speed="10.54" harmonicMeanSpeed="1.77" length="5.00" nVehEntered="9"/>
    <interval begin="8000.00" end="8100.00" id="inductionLoop.S1" nVehContrib="8" flow="288.00" occupancy="3.77" speed="10.95" harmonicMeanSpeed="10.61" length="5.00" nVehEntered="8"/>
    <interval begin="8100.00" end="8200.00" id="inductionLoop.S1" nVehContrib="7" flow="252.00" occupancy="7.03" speed="9.66" harmonicMeanSpeed="5.16" length="5.00" nVehEntered="9"/>
    <interval begin="8200.00" end="8300.00" id="inductionLoop.S1" nVehContrib="7" flow="252.00" occupancy="3.07" speed="11.63" harmonicMeanSpeed="11.41" length="5.00" nVehEntered="7"/>
    <interval begin="8300.00" end="8400.00" id="inductionLoop.S1" nVehContrib="13" flow="468.00" occupancy="16.08" speed="8.34" harmonicMeanSpeed="4.04" length="5.00" nVehEntered="13"/>
    <interval begin="8400.00" end="8500.00" id="inductionLoop.S1" nVehContrib="12" flow="432.00" occupancy="7.25" speed="10.50" harmonicMeanSpeed="8.86" length="5.00" nVehEntered="14"/>
    <interval begin="8500.00" end="8600.00" id="inductionLoop.S1" nVehContrib="9" flow="324.00" occupancy="4.37" speed="10.54" harmonicMeanSpeed="10.29" length="5.00" nVehEntered="9"/>
    <interval begin="8600.00" end="8700.00" id="inductionLoop.S1" nVehContrib="12" flow="432.00" occupancy="19.26" speed="9.75" harmonicMeanSpeed="3.12" length="5.00" nVehEntered="12"/>
    <interval begin="8700.00" end="8800.00" id="inductionLoop.S1" nVehContrib="13" flow="468.00" occupancy="7.83" speed="9.91" harmonicMeanSpeed="9.02" length="5.00" nVehEntered="14"/>
    <interval begin="8800.00" end="8900.00" id="inductionLoop.S1" nVehContrib="10" flow="360.00" occupancy="24.26" speed="7.84" harmonicMeanSpeed="2.33" length="5.00" nVehEntered="13"/>
    <interval begin="8900.00" end="9000.00" id="inductionLoop.S1" nVehContrib="7" flow="252.00" occupancy="3.10" speed="11.65" harmonicMeanSpeed="11.28" length="5.00" nVehEntered="7"/>
    <interval begin="9000.00" end="9100.00" id="inductionLoop.S1" nVehContrib="8" flow="288.00" occupancy="5.43" speed="9.38" harmonicMeanSpeed="7.37" length="5.00" nVehEntered="8"/>
    <interval begin="9100.00" end="9200.00" id="inductionLoop.S1" nVehContrib="7" flow="252.00" occupancy="4.07" speed="11.00" harmonicMeanSpeed="8.59" length="5.00" nVehEntered="7"/>
    <interval begin="9200.00" end="9300.00" id="inductionLoop.S1" nVehContrib="8" flow="288.00" occupancy="4.38" speed="10.65" harmonicMeanSpeed="9.13" length="5.00" nVehEntered="8"/>
    <interval begin="9300.00" end="9400.00" id="inductionLoop.S1" nVehContrib="9" flow="324.00" occupancy="4.14" speed="11.37" harmonicMeanSpeed="10.87" length="5.00" nVehEntered="9"/>
    <interval begin="9400.00" end="9500.00" id="inductionLoop.S1" nVehContrib="7" flow="252.00" occupancy="15.98" speed="6.82" harmonicMeanSpeed="2.19" length="5.00" nVehEntered="7"/>
    <interval begin="9500.00" end="9600.00" id="inductionLoop.S1" nVehContrib="9" flow="324.00" occupancy="5.50" speed="10.15" harmonicMeanSpeed="8.58" length="5.00" nVehEntered="10"/>
    <interval begin="9600.00" end="9700.00" id="inductionLoop.S1" nVehContrib="11" flow="396.00" occupancy="6.32" speed="11.20" harmonicMeanSpeed="10.99" length="5.00" nVehEntered="15"/>
    <interval begin="9700.00" end="9800.00" id="inductionLoop.S1" nVehContrib="11" flow="396.00" occupancy="5.33" speed="11.36" harmonicMeanSpeed="11.08" length="5.00" nVehEntered="12"/>
    <interval begin="9800.00" end="9900.00" id="inductionLoop.S1" nVehContrib="6" flow="216.00" occupancy="3.50" speed="10.88" harmonicMeanSpeed="10.46" length="5.00" nVehEntered="8"/>
    <interval begin="9900.00" end="10000.00" id="inductionLoop.S1" nVehContrib="9" flow="324.00" occupancy="6.11" speed="10.04" harmonicMeanSpeed="7.36" length="5.00" nVehEntered="9"/>
    <interval begin="10000.00" end="10100.00" id="inductionLoop.S1" nVehContrib="8" flow="288.00" occupancy="19.47" speed="8.12" harmonicMeanSpeed="2.05" length="5.00" nVehEntered="8"/>
    <interval begin="10100.00" end="10200.00" id="inductionLoop.S1" nVehContrib="8" flow="288.00" occupancy="4.63" speed="10.65" harmonicMeanSpeed="10.24" length="5.00" nVehEntered="10"/>
    <interval begin="10200.00" end="10300.00" id="inductionLoop.S1" nVehContrib="7" flow="252.00" occupancy="5.55" speed="8.81" harmonicMeanSpeed="6.31" length="5.00" nVehEntered="7"/>
    <interval begin="10300.00" end="10400.00" id="inductionLoop.S1" nVehContrib="7" flow="252.00" occupancy="3.33" speed="11.81" harmonicMeanSpeed="11.51" length="5.00" nVehEntered="8"/>
    <interval begin="10400.00" end="10500.00" id="inductionLoop.S1" nVehContrib="6" flow="216.00" occupancy="2.21" speed="12.30" harmonicMeanSpeed="12.02" length="5.00" nVehEntered="5"/>
    <interval begin="10500.00" end="10600.00" id="inductionLoop.S1" nVehContrib="7" flow="252.00" occupancy="8.83" speed="9.46" harmonicMeanSpeed="3.97" length="5.00" nVehEntered="7"/>
    <interval begin="10600.00" end="10700.00" id="inductionLoop.S1" nVehContrib="9" flow="324.00" occupancy="5.87" speed="10.19" harmonicMeanSpeed="9.75" length="5.00" nVehEntered="11"/>
    <interval begin="10700.00" end="10800.00" id="inductionLoop.S1" nVehContrib="9" flow="324.00" occupancy="5.32" speed="10.65" harmonicMeanSpeed="10.41" length="5.00" nVehEntered="10"/>
    <interval begin="10800.00" end="10900.00" id="inductionLoop.S1" nVehContrib="11" flow="396.00" occupancy="6.73" speed="10.65" harmonicMeanSpeed="8.37" length="5.00" nVehEntered="11"/>
    <interval begin="10900.00" end="11000.00" id="inductionLoop.S1" nVehContrib="9" flow="324.00" occupancy="10.33" speed="8.91" harmonicMeanSpeed="7.70" length="5.00" nVehEntered="11"/>
    <interval begin="11000.00" end="11100.00" id="inductionLoop.S1" nVehContrib="7" flow="252.00" occupancy="18.40" speed="7.76" harmonicMeanSpeed="1.57" length="5.00" nVehEntered="6"/>
    <interval begin="11100.00" end="11200.00" id="inductionLoop.S1" nVehContrib="8" flow="288.00" occupancy="3.77" speed="10.96" harmonicMeanSpeed="10.61" length="5.00" nVehEntered="8"/>
    <interval begin="11200.00" end="11300.00" id="inductionLoop.S1" nVehContrib="7" flow="252.00" occupancy="2.90" speed="12.59" harmonicMeanSpeed="12.43" length="5.00" nVehEntered="8"/>
    <interval begin="11300.00" end="11400.00" id="inductionLoop.S1" nVehContrib="6" flow="216.00" occupancy="2.55" speed="12.22" harmonicMeanSpeed="11.95" length="5.00" nVehEntered="7"/>
    <interval begin="11400.00" end="11500.00" id="inductionLoop.S1" nVehContrib="3" flow="108.00" occupancy="1.18" speed="12.79" harmonicMeanSpeed="12.67" length="5.00" nVehEntered="3"/>
    <interval begin="11500.00" end="11600.00" id="inductionLoop.S1" nVehContrib="10" flow="360.00" occupancy="4.21" speed="12.16" harmonicMeanSpeed="11.89" length="5.00" nVehEntered="10"/>
    <interval begin="11600.00" end="11700.00" id="inductionLoop.S1" nVehContrib="8" flow="288.00" occupancy="3.59" speed="11.48" harmonicMeanSpeed="11.15" length="5.00" nVehEntered="8"/>
    <interval begin="11700.00" end="11800.00" id="inductionLoop.S1" nVehContrib="6" flow="216.00" occupancy="3.32" speed="10.97" harmonicMeanSpeed="9.43" length="5.00" nVehEntered="7"/>
    <interval begin="11800.00" end="11900.00" id="inductionLoop.S1" nVehContrib="6" flow="216.00" occupancy="2.79" speed="12.09" harmonicMeanSpeed="11.80" length="5.00" nVehEntered="7"/>
    <interval begin="11900.00" end="12000.00" id="inductionLoop.S1" nVehContrib="5" flow="180.00" occupancy="2.16" speed="12.32" harmonicMeanSpeed="12.20" length="5.00" nVehEntered="6"/>
    <interval begin="12000.00" end="12100.00" id="inductionLoop.S1" nVehContrib="3" flow="108.00" occupancy="1.49" speed="12.60" harmonicMeanSpeed="12.58" length="5.00" nVehEntered="4"/>
    <interval begin="12100.00" end="12200.00" id="inductionLoop.S1" nVehContrib="5" flow="180.00" occupancy="2.12" speed="11.89" harmonicMeanSpeed="11.77" length="5.00" nVehEntered="5"/>
    <interval begin="12200.00" end="12300.00" id="inductionLoop.S1" nVehContrib="4" flow="144.00" occupancy="1.57" speed="12.83" harmonicMeanSpeed="12.74" length="5.00" nVehEntered="4"/>
    <interval begin="12300.00" end="12400.00" id="inductionLoop.S1" nVehContrib="2" flow="72.00" occupancy="0.73" speed="13.76" harmonicMeanSpeed="13.67" length="5.00" nVehEntered="2"/>
    <interval begin="12400.00" end="12500.00" id="inductionLoop.S1" nVehContrib="5" flow="180.00" occupancy="2.42" speed="12.53" harmonicMeanSpeed="12.38" length="5.00" nVehEntered="6"/>
    <interval begin="12500.00" end="12600.00" id="inductionLoop.S1" nVehContrib="7" flow="252.00" occupancy="4.15" speed="10.60" harmonicMeanSpeed="8.56" length="5.00" nVehEntered="8"/>
    <interval begin="12600.00" end="12700.00" id="inductionLoop.S1" nVehContrib="3" flow="108.00" occupancy="2.59" speed="9.57" harmonicMeanSpeed="7.08" length="5.00" nVehEntered="5"/>
    <interval begin="12700.00" end="12800.00" id="inductionLoop.S1" nVehContrib="7" flow="252.00" occupancy="2.96" speed="12.13" harmonicMeanSpeed="11.81" length="5.00" nVehEntered="7"/>
    <interval begin="12800.00" end="12900.00" id="inductionLoop.S1" nVehContrib="5" flow="180.00" occupancy="3.31" speed="10.32" harmonicMeanSpeed="7.56" length="5.00" nVehEntered="5"/>
    <interval begin="12900.00" end="13000.00" id="inductionLoop.S1" nVehContrib="5" flow="180.00" occupancy="1.93" speed="13.04" harmonicMeanSpeed="12.95" length="5.00" nVehEntered="5"/>
    <interval begin="13000.00" end="13100.00" id="inductionLoop.S1" nVehContrib="3" flow="108.00" occupancy="1.54" speed="13.37" harmonicMeanSpeed="13.17" length="5.00" nVehEntered="5"/>
    <interval begin="13100.00" end="13200.00" id="inductionLoop.S1" nVehContrib="6" flow="216.00" occupancy="2.34" speed="11.35" harmonicMeanSpeed="11.20" length="5.00" nVehEntered="6"/>
    <interval begin="13200.00" end="13300.00" id="inductionLoop.S1" nVehContrib="9" flow="324.00" occupancy="3.90" speed="11.72" harmonicMeanSpeed="11.55" length="5.00" nVehEntered="9"/>
    <interval begin="13300.00" end="13400.00" id="inductionLoop.S1" nVehContrib="6" flow="216.00" occupancy="2.82" speed="11.51" harmonicMeanSpeed="11.21" length="5.00" nVehEntered="7"/>
    <interval begin="13400.00" end="13500.00" id="inductionLoop.S1" nVehContrib="6" flow="216.00" occupancy="2.97" speed="11.96" harmonicMeanSpeed="11.70" length="5.00" nVehEntered="8"/>
    <interval begin="13500.00" end="13600.00" id="inductionLoop.S1" nVehContrib="7" flow="252.00" occupancy="4.19" speed="10.57" harmonicMeanSpeed="8.35" length="5.00" nVehEntered="7"/>
    <interval begin="13600.00" end="13700.00" id="inductionLoop.S1" nVehContrib="4" flow="144.00" occupancy="1.68" speed="12.00" harmonicMeanSpeed="11.89" length="5.00" nVehEntered="4"/>
    <interval begin="13700.00" end="13800.00" id="inductionLoop.S1" nVehContrib="6" flow="216.00" occupancy="2.73" speed="11.23" harmonicMeanSpeed="10.97" length="5.00" nVehEntered="6"/>
    <interval begin="13800.00" end="13900.00" id="inductionLoop.S1" nVehContrib="7" flow="252.00" occupancy="2.68" speed="13.13" harmonicMeanSpeed="13.08" length="5.00" nVehEntered="7"/>
    <interval begin="13900.00" end="14000.00" id="inductionLoop.S1" nVehContrib="6" flow="216.00" occupancy="3.23" speed="10.50" harmonicMeanSpeed="9.30" length="5.00" nVehEntered="7"/>
    <interval begin="14000.00" end="14100.00" id="inductionLoop.S1" nVehContrib="5" flow="180.00" occupancy="2.51" speed="11.82" harmonicMeanSpeed="11.21" length="5.00" nVehEntered="6"/>
    <interval begin="14100.00" end="14200.00" id="inductionLoop.S1" nVehContrib="5" flow="180.00" occupancy="2.13" speed="12.05" harmonicMeanSpeed="11.71" length="5.00" nVehEntered="5"/>
    <interval begin="14200.00" end="14300.00" id="inductionLoop.S1" nVehContrib="6" flow="216.00" occupancy="2.51" speed="12.05" harmonicMeanSpeed="11.95" length="5.00" nVehEntered="6"/>
    <interval begin="14300.00" end="14400.00" id="inductionLoop.S1" nVehContrib="6" flow="216.00" occupancy="2.35" speed="12.96" harmonicMeanSpeed="12.79" length="5.00" nVehEntered="6"/>
    <interval begin="14400.00" end="14500.00" id="inductionLoop.S1" nVehContrib="3" flow="108.00" occupancy="1.21" speed="12.46" harmonicMeanSpeed="12.41" length="5.00" nVehEntered="3"/>
    <interval begin="14500.00" end="14600.00" id="inductionLoop.S1" nVehContrib="3" flow="108.00" occupancy="1.38" speed="12.55" harmonicMeanSpeed="12.45" length="5.00" nVehEntered="4"/>
    <interval begin="14600.00" end="14700.00" id="inductionLoop.S1" nVehContrib="6" flow="216.00" occupancy="3.83" speed="11.30" harmonicMeanSpeed="8.64" length="5.00" nVehEntered="7"/>
    <interval begin="14700.00" end="14800.00" id="inductionLoop.S1" nVehContrib="9" flow="324.00" occupancy="4.42" speed="11.72" harmonicMeanSpeed="10.17" length="5.00" nVehEntered="9"/>
    <interval begin="14800.00" end="14900.00" id="inductionLoop.S1" nVehContrib="3" flow="108.00" occupancy="1.71" speed="12.95" harmonicMeanSpeed="12.77" length="5.00" nVehEntered="5"/>
    <interval begin="14900.00" end="15000.00" id="inductionLoop.S1" nVehContrib="5" flow="180.00" occupancy="2.05" speed="12.37" harmonicMeanSpeed="12.17" length="5.00" nVehEntered="5"/>
    <interval begin="15000.00" end="15100.00" id="inductionLoop.S1" nVehContrib="5" flow="180.00" occupancy="2.33" speed="12.65" harmonicMeanSpeed="12.51" length="5.00" nVehEntered="7"/>
    <interval begin="15100.00" end="15200.00" id="inductionLoop.S1" nVehContrib="5" flow="180.00" occupancy="2.15" speed="12.66" harmonicMeanSpeed="12.20" length="5.00" nVehEntered="5"/>
    <interval begin="15200.00" end="15300.00" id="inductionLoop.S1" nVehContrib="6" flow="216.00" occupancy="5.12" speed="8.49" harmonicMeanSpeed="6.44" length="5.00" nVehEntered="7"/>
    <interval begin="15300.00" end="15400.00" id="inductionLoop.S1" nVehContrib="9" flow="324.00" occupancy="3.69" speed="11.08" harmonicMeanSpeed="10.83" length="5.00" nVehEntered="8"/>
    <interval begin="15400.00" end="15500.00" id="inductionLoop.S1" nVehContrib="7" flow="252.00" occupancy="3.21" speed="12.43" harmonicMeanSpeed="12.27" length="5.00" nVehEntered="8"/>
    <interval begin="15500.00" end="15600.00" id="inductionLoop.S1" nVehContrib="8" flow="288.00" occupancy="3.60" speed="11.31" harmonicMeanSpeed="11.12" length="5.00" nVehEntered="8"/>
    <interval begin="15600.00" end="15700.00" id="inductionLoop.S1" nVehContrib="6" flow="216.00" occupancy="4.03" speed="9.71" harmonicMeanSpeed="8.04" length="5.00" nVehEntered="7"/>
    <interval begin="15700.00" end="15800.00" id="inductionLoop.S1" nVehContrib="6" flow="216.00" occupancy="2.72" speed="12.70" harmonicMeanSpeed="12.62" length="5.00" nVehEntered="7"/>
    <interval begin="15800.00" end="15900.00" id="inductionLoop.S1" nVehContrib="6" flow="216.00" occupancy="2.52" speed="12.18" harmonicMeanSpeed="11.89" length="5.00" nVehEntered="6"/>
    <interval begin="15900.00" end="16000.00" id="inductionLoop.S1" nVehContrib="4" flow="144.00" occupancy="1.63" speed="13.22" harmonicMeanSpeed="12.92" length="5.00" nVehEntered="6"/>
    <interval begin="16000.00" end="16100.00" id="inductionLoop.S1" nVehContrib="11" flow="396.00" occupancy="6.87" speed="9.82" harmonicMeanSpeed="8.60" length="5.00" nVehEntered="12"/>
    <interval begin="16100.00" end="16200.00" id="inductionLoop.S1" nVehContrib="8" flow="288.00" occupancy="13.40" speed="7.03" harmonicMeanSpeed="3.02" length="5.00" nVehEntered="9"/>
    <interval begin="16200.00" end="16300.00" id="inductionLoop.S1" nVehContrib="9" flow="324.00" occupancy="6.34" speed="9.33" harmonicMeanSpeed="7.09" length="5.00" nVehEntered="9"/>
    <interval begin="16300.00" end="16400.00" id="inductionLoop.S1" nVehContrib="4" flow="144.00" occupancy="1.67" speed="12.00" harmonicMeanSpeed="11.95" length="5.00" nVehEntered="4"/>
    <interval begin="16400.00" end="16500.00" id="inductionLoop.S1" nVehContrib="7" flow="252.00" occupancy="3.86" speed="10.42" harmonicMeanSpeed="9.07" length="5.00" nVehEntered="7"/>
    <interval begin="16500.00" end="16600.00" id="inductionLoop.S1" nVehContrib="11" flow="396.00" occupancy="5.40" speed="10.41" harmonicMeanSpeed="10.18" length="5.00" nVehEntered="11"/>
    <interval begin="16600.00" end="16700.00" id="inductionLoop.S1" nVehContrib="11" flow="396.00" occupancy="7.00" speed="9.51" harmonicMeanSpeed="7.86" length="5.00" nVehEntered="11"/>
    <interval begin="16700.00" end="16800.00" id="inductionLoop.S1" nVehContrib="11" flow="396.00" occupancy="12.98" speed="9.36" harmonicMeanSpeed="4.47" length="5.00" nVehEntered="12"/>
    <interval begin="16800.00" end="16900.00" id="inductionLoop.S1" nVehContrib="8" flow="288.00" occupancy="8.47" speed="9.32" harmonicMeanSpeed="4.72" length="5.00" nVehEntered="8"/>
    <interval begin="16900.00" end="17000.00" id="inductionLoop.S1" nVehContrib="11" flow="396.00" occupancy="6.19" speed="10.46" harmonicMeanSpeed="8.88" length="5.00" nVehEntered="11"/>
    <interval begin="17000.00" end="17100.00" id="inductionLoop.S1" nVehContrib="3" flow="108.00" occupancy="1.42" speed="11.06" harmonicMeanSpeed="10.59" length="5.00" nVehEntered="3"/>
    <interval begin="17100.00" end="17200.00" id="inductionLoop.S1" nVehContrib="6" flow="216.00" occupancy="8.22" speed="8.71" harmonicMeanSpeed="3.84" length="5.00" nVehEntered="7"/>
    <interval begin="17200.00" end="17300.00" id="inductionLoop.S1" nVehContrib="7" flow="252.00" occupancy="3.16" speed="11.54" harmonicMeanSpeed="11.08" length="5.00" nVehEntered="7"/>
    <interval begin="17300.00" end="17400.00" id="inductionLoop.S1" nVehContrib="10" flow="360.00" occupancy="7.83" speed="8.62" harmonicMeanSpeed="6.39" length="5.00" nVehEntered="10"/>
    <interval begin="17400.00" end="17500.00" id="inductionLoop.S1" nVehContrib="7" flow="252.00" occupancy="11.84" speed="9.17" harmonicMeanSpeed="3.00" length="5.00" nVehEntered="8"/>
    <interval begin="17500.00" end="17600.00" id="inductionLoop.S1" nVehContrib="8" flow="288.00" occupancy="10.62" speed="9.89" harmonicMeanSpeed="9.52" length="5.00" nVehEntered="11"/>
    <interval begin="17600.00" end="17700.00" id="inductionLoop.S1" nVehContrib="7" flow="252.00" occupancy="7.23" speed="8.62" harmonicMeanSpeed="3.39" length="5.00" nVehEntered="8"/>
    <interval begin="17700.00" end="17800.00" id="inductionLoop.S1" nVehContrib="8" flow="288.00" occupancy="3.74" speed="11.08" harmonicMeanSpeed="10.71" length="5.00" nVehEntered="8"/>
    <interval begin="17800.00" end="17900.00" id="inductionLoop.S1" nVehContrib="5" flow="180.00" occupancy="2.01" speed="12.51" harmonicMeanSpeed="12.45" length="5.00" nVehEntered="5"/>
    <interval begin="17900.00" end="18000.00" id="inductionLoop.S1" nVehContrib="5" flow="180.00" occupancy="2.29" speed="11.86" harmonicMeanSpeed="11.58" length="5.00" nVehEntered="6"/>
    <interval begin="18000.00" end="18100.00" id="inductionLoop.S1" nVehContrib="8" flow="288.00" occupancy="4.07" speed="10.92" harmonicMeanSpeed="10.73" length="5.00" nVehEntered="9"/>
    <interval begin="18100.00" end="18200.00" id="inductionLoop.S1" nVehContrib="5" flow="180.00" occupancy="1.98" speed="11.16" harmonicMeanSpeed="10.77" length="5.00" nVehEntered="4"/>
    <interval begin="18200.00" end="18300.00" id="inductionLoop.S1" nVehContrib="8" flow="288.00" occupancy="14.31" speed="9.01" harmonicMeanSpeed="3.10" length="5.00" nVehEntered="10"/>
    <interval begin="18300.00" end="18400.00" id="inductionLoop.S1" nVehContrib="4" flow="144.00" occupancy="2.44" speed="10.00" harmonicMeanSpeed="9.89" length="5.00" nVehEntered="5"/>
    <interval begin="18400.00" end="18500.00" id="inductionLoop.S1" nVehContrib="4" flow="144.00" occupancy="1.72" speed="13.69" harmonicMeanSpeed="13.52" length="5.00" nVehEntered="5"/>
    <interval begin="18500.00" end="18600.00" id="inductionLoop.S1" nVehContrib="6" flow="216.00" occupancy="2.73" speed="12.50" harmonicMeanSpeed="12.44" length="5.00" nVehEntered="7"/>
    <interval begin="18600.00" end="18700.00" id="inductionLoop.S1" nVehContrib="6" flow="216.00" occupancy="11.22" speed="7.60" harmonicMeanSpeed="2.80" length="5.00" nVehEntered="8"/>
    <interval begin="18700.00" end="18800.00" id="inductionLoop.S1" nVehContrib="9" flow="324.00" occupancy="5.05" speed="10.65" harmonicMeanSpeed="8.33" length="5.00" nVehEntered="8"/>
    <interval begin="18800.00" end="18900.00" id="inductionLoop.S1" nVehContrib="8" flow="288.00" occupancy="12.62" speed="8.65" harmonicMeanSpeed="3.68" length="5.00" nVehEntered="9"/>
    <interval begin="18900.00" end="19000.00" id="inductionLoop.S1" nVehContrib="6" flow="216.00" occupancy="4.59" speed="7.55" harmonicMeanSpeed="6.83" length="5.00" nVehEntered="7"/>
    <interval begin="19000.00" end="19100.00" id="inductionLoop.S1" nVehContrib="6" flow="216.00" occupancy="3.55" speed="9.39" harmonicMeanSpeed="8.44" length="5.00" nVehEntered="6"/>
    <interval begin="19100.00" end="19200.00" id="inductionLoop.S1" nVehContrib="5" flow="180.00" occupancy="2.47" speed="10.29" harmonicMeanSpeed="10.11" length="5.00" nVehEntered="5"/>
    <interval begin="19200.00" end="19300.00" id="inductionLoop.S1" nVehContrib="4" flow="144.00" occupancy="1.51" speed="13.41" harmonicMeanSpeed="13.24" length="5.00" nVehEntered="4"/>
    <interval begin="19300.00" end="19400.00" id="inductionLoop.S1" nVehContrib="6" flow="216.00" occupancy="15.79" speed="10.15" harmonicMeanSpeed="1.90" length="5.00" nVehEntered="6"/>
    <interval begin="19400.00" end="19500.00" id="inductionLoop.S1" nVehContrib="9" flow="324.00" occupancy="20.90" speed="8.32" harmonicMeanSpeed="2.38" length="5.00" nVehEntered="12"/>
    <interval begin="19500.00" end="19600.00" id="inductionLoop.S1" nVehContrib="8" flow="288.00" occupancy="7.64" speed="9.91" harmonicMeanSpeed="5.24" length="5.00" nVehEntered="8"/>
    <interval begin="19600.00" end="19700.00" id="inductionLoop.S1" nVehContrib="4" flow="144.00" occupancy="45.65" speed="4.92" harmonicMeanSpeed="0.69" length="5.00" nVehEntered="6"/>
    <interval begin="19700.00" end="19800.00" id="inductionLoop.S1" nVehContrib="8" flow="288.00" occupancy="82.72" speed="2.52" harmonicMeanSpeed="0.43" length="5.00" nVehEntered="8"/>
    <interval begin="19800.00" end="19900.00" id="inductionLoop.S1" nVehContrib="4" flow="144.00" occupancy="55.83" speed="3.04" harmonicMeanSpeed="0.33" length="5.00" nVehEntered="4"/>
    <interval begin="19900.00" end="20000.00" id="inductionLoop.S1" nVehContrib="7" flow="252.00" occupancy="5.07" speed="7.91" harmonicMeanSpeed="7.01" length="5.00" nVehEntered="8"/>
    <interval begin="20000.00" end="20100.00" id="inductionLoop.S1" nVehContrib="11" flow="396.00" occupancy="29.31" speed="7.42" harmonicMeanSpeed="1.88" length="5.00" nVehEntered="11"/>
    <interval begin="20100.00" end="20200.00" id="inductionLoop.S1" nVehContrib="7" flow="252.00" occupancy="49.17" speed="6.62" harmonicMeanSpeed="0.71" length="5.00" nVehEntered="7"/>
    <interval begin="20200.00" end="20300.00" id="inductionLoop.S1" nVehContrib="10" flow="360.00" occupancy="57.11" speed="4.35" harmonicMeanSpeed="0.90" length="5.00" nVehEntered="12"/>
    <interval begin="20300.00" end="20400.00" id="inductionLoop.S1" nVehContrib="5" flow="180.00" occupancy="20.34" speed="1.51" harmonicMeanSpeed="1.28" length="5.00" nVehEntered="6"/>
    <interval begin="20400.00" end="20500.00" id="inductionLoop.S1" nVehContrib="9" flow="324.00" occupancy="44.95" speed="4.11" harmonicMeanSpeed="1.43" length="5.00" nVehEntered="11"/>
    <interval begin="20500.00" end="20600.00" id="inductionLoop.S1" nVehContrib="8" flow="288.00" occupancy="83.08" speed="2.75" harmonicMeanSpeed="0.43" length="5.00" nVehEntered="8"/>
    <interval begin="20600.00" end="20700.00" id="inductionLoop.S1" nVehContrib="7" flow="252.00" occupancy="86.57" speed="3.48" harmonicMeanSpeed="0.56" length="5.00" nVehEntered="7"/>
    <interval begin="20700.00" end="20800.00" id="inductionLoop.S1" nVehContrib="10" flow="360.00" occupancy="80.08" speed="3.69" harmonicMeanSpeed="0.52" length="5.00" nVehEntered="10"/>
    <interval begin="20800.00" end="20900.00" id="inductionLoop.S1" nVehContrib="6" flow="216.00" occupancy="76.78" speed="3.52" harmonicMeanSpeed="0.62" length="5.00" nVehEntered="8"/>
    <interval begin="20900.00" end="21000.00" id="inductionLoop.S1" nVehContrib="10" flow="360.00" occupancy="76.58" speed="3.64" harmonicMeanSpeed="0.49" length="5.00" nVehEntered="11"/>
    <interval begin="21000.00" end="21100.00" id="inductionLoop.S1" nVehContrib="6" flow="216.00" occupancy="39.27" speed="2.45" harmonicMeanSpeed="1.29" length="5.00" nVehEntered="6"/>
    <interval begin="21100.00" end="21200.00" id="inductionLoop.S1" nVehContrib="11" flow="396.00" occupancy="24.70" speed="7.68" harmonicMeanSpeed="1.30" length="5.00" nVehEntered="10"/>
    <interval begin="21200.00" end="21300.00" id="inductionLoop.S1" nVehContrib="8" flow="288.00" occupancy="5.44" speed="8.75" harmonicMeanSpeed="8.37" length="5.00" nVehEntered="10"/>
    <interval begin="21300.00" end="21400.00" id="inductionLoop.S1" nVehContrib="7" flow="252.00" occupancy="26.71" speed="9.48" harmonicMeanSpeed="7.81" length="5.00" nVehEntered="10"/>
    <interval begin="21400.00" end="21500.00" id="inductionLoop.S1" nVehContrib="9" flow="324.00" occupancy="33.04" speed="4.41" harmonicMeanSpeed="0.94" length="5.00" nVehEntered="8"/>
    <interval begin="21500.00" end="21600.00" id="inductionLoop.S1" nVehContrib="4" flow="144.00" occupancy="84.51" speed="2.60" harmonicMeanSpeed="0.41" length="5.00" nVehEntered="5"/>
    <interval begin="21600.00" end="21700.00" id="inductionLoop.S1" nVehContrib="8" flow="288.00" occupancy="64.41" speed="2.23" harmonicMeanSpeed="0.43" length="5.00" nVehEntered="9"/>
    <interval begin="21700.00" end="21800.00" id="inductionLoop.S1" nVehContrib="5" flow="180.00" occupancy="88.63" speed="1.75" harmonicMeanSpeed="0.37" length="5.00" nVehEntered="6"/>
    <interval begin="21800.00" end="21900.00" id="inductionLoop.S1" nVehContrib="14" flow="504.00" occupancy="75.39" speed="4.58" harmonicMeanSpeed="0.72" length="5.00" nVehEntered="13"/>
    <interval begin="21900.00" end="22000.00" id="inductionLoop.S1" nVehContrib="5" flow="180.00" occupancy="86.02" speed="3.37" harmonicMeanSpeed="0.29" length="5.00" nVehEntered="5"/>
    <interval begin="22000.00" end="22100.00" id="inductionLoop.S1" nVehContrib="4" flow="144.00" occupancy="73.40" speed="2.41" harmonicMeanSpeed="0.50" length="5.00" nVehEntered="6"/>
    <interval begin="22100.00" end="22200.00" id="inductionLoop.S1" nVehContrib="11" flow="396.00" occupancy="75.07" speed="3.37" harmonicMeanSpeed="0.78" length="5.00" nVehEntered="12"/>
    <interval begin="22200.00" end="22300.00" id="inductionLoop.S1" nVehContrib="4" flow="144.00" occupancy="69.67" speed="1.40" harmonicMeanSpeed="0.36" length="5.00" nVehEntered="6"/>
    <interval begin="22300.00" end="22400.00" id="inductionLoop.S1" nVehContrib="6" flow="216.00" occupancy="85.98" speed="1.57" harmonicMeanSpeed="0.31" length="5.00" nVehEntered="6"/>
    <interval begin="22400.00" end="22500.00" id="inductionLoop.S1" nVehContrib="6" flow="216.00" occupancy="86.57" speed="3.31" harmonicMeanSpeed="0.38" length="5.00" nVehEntered="6"/>
    <interval begin="22500.00" end="22600.00" id="inductionLoop.S1" nVehContrib="7" flow="252.00" occupancy="86.06" speed="2.76" harmonicMeanSpeed="0.41" length="5.00" nVehEntered="7"/>
    <interval begin="22600.00" end="22700.00" id="inductionLoop.S1" nVehContrib="6" flow="216.00" occupancy="88.46" speed="3.80" harmonicMeanSpeed="0.50" length="5.00" nVehEntered="6"/>
    <interval begin="22700.00" end="22800.00" id="inductionLoop.S1" nVehContrib="12" flow="432.00" occupancy="77.10" speed="3.92" harmonicMeanSpeed="0.54" length="5.00" nVehEntered="12"/>
    <interval begin="22800.00" end="22900.00" id="inductionLoop.S1" nVehContrib="8" flow="288.00" occupancy="84.12" speed="3.13" harmonicMeanSpeed="0.46" length="5.00" nVehEntered="8"/>
    <interval begin="22900.00" end="23000.00" id="inductionLoop.S1" nVehContrib="7" flow="252.00" occupancy="86.14" speed="3.58" harmonicMeanSpeed="0.59" length="5.00" nVehEntered="7"/>
    <interval begin="23000.00" end="23100.00" id="inductionLoop.S1" nVehContrib="9" flow="324.00" occupancy="83.11" speed="3.08" harmonicMeanSpeed="0.41" length="5.00" nVehEntered="8"/>
    <interval begin="23100.00" end="23200.00" id="inductionLoop.S1" nVehContrib="11" flow="396.00" occupancy="78.51" speed="5.07" harmonicMeanSpeed="0.70" length="5.00" nVehEntered="11"/>
    <interval begin="23200.00" end="23300.00" id="inductionLoop.S1" nVehContrib="8" flow="288.00" occupancy="83.72" speed="5.70" harmonicMeanSpeed="0.51" length="5.00" nVehEntered="9"/>
    <interval begin="23300.00" end="23400.00" id="inductionLoop.S1" nVehContrib="8" flow="288.00" occupancy="85.76" speed="4.20" harmonicMeanSpeed="0.44" length="5.00" nVehEntered="8"/>
    <interval begin="23400.00" end="23500.00" id="inductionLoop.S1" nVehContrib="7" flow="252.00" occupancy="85.80" speed="2.82" harmonicMeanSpeed="0.41" length="5.00" nVehEntered="6"/>
    <interval begin="23500.00" end="23600.00" id="inductionLoop.S1" nVehContrib="5" flow="180.00" occupancy="89.21" speed="2.76" harmonicMeanSpeed="0.33" length="5.00" nVehEntered="6"/>
    <interval begin="23600.00" end="23700.00" id="inductionLoop.S1" nVehContrib="7" flow="252.00" occupancy="86.03" speed="4.47" harmonicMeanSpeed="0.50" length="5.00" nVehEntered="7"/>
    <interval begin="23700.00" end="23800.00" id="inductionLoop.S1" nVehContrib="11" flow="396.00" occupancy="79.27" speed="4.79" harmonicMeanSpeed="0.59" length="5.00" nVehEntered="11"/>
    <interval begin="23800.00" end="23900.00" id="inductionLoop.S1" nVehContrib="14" flow="504.00" occupancy="61.97" speed="6.08" harmonicMeanSpeed="0.90" length="5.00" nVehEntered="13"/>
    <interval begin="23900.00" end="24000.00" id="inductionLoop.S1" nVehContrib="8" flow="288.00" occupancy="58.06" speed="4.40" harmonicMeanSpeed="1.13" length="5.00" nVehEntered="9"/>
    <interval begin="24000.00" end="24100.00" id="inductionLoop.S1" nVehContrib="6" flow="216.00" occupancy="41.48" speed="6.10" harmonicMeanSpeed="0.73" length="5.00" nVehEntered="7"/>
    <interval begin="24100.00" end="24200.00" id="inductionLoop.S1" nVehContrib="8" flow="288.00" occupancy="76.61" speed="2.13" harmonicMeanSpeed="0.53" length="5.00" nVehEntered="9"/>
    <interval begin="24200.00" end="24300.00" id="inductionLoop.S1" nVehContrib="9" flow="324.00" occupancy="75.43" speed="3.37" harmonicMeanSpeed="0.73" length="5.00" nVehEntered="11"/>
    <interval begin="24300.00" end="24400.00" id="inductionLoop.S1" nVehContrib="7" flow="252.00" occupancy="71.71" speed="3.53" harmonicMeanSpeed="0.61" length="5.00" nVehEntered="7"/>
    <interval begin="24400.00" end="24500.00" id="inductionLoop.S1" nVehContrib="10" flow="360.00" occupancy="30.58" speed="6.29" harmonicMeanSpeed="0.93" length="5.00" nVehEntered="9"/>
    <interval begin="24500.00" end="24600.00" id="inductionLoop.S1" nVehContrib="6" flow="216.00" occupancy="8.29" speed="8.29" harmonicMeanSpeed="4.18" length="5.00" nVehEntered="9"/>
    <interval begin="24600.00" end="24700.00" id="inductionLoop.S1" nVehContrib="5" flow="180.00" occupancy="75.42" speed="2.74" harmonicMeanSpeed="0.45" length="5.00" nVehEntered="6"/>
    <interval begin="24700.00" end="24800.00" id="inductionLoop.S1" nVehContrib="11" flow="396.00" occupancy="69.48" speed="5.89" harmonicMeanSpeed="0.77" length="5.00" nVehEntered="11"/>
    <interval begin="24800.00" end="24900.00" id="inductionLoop.S1" nVehContrib="6" flow="216.00" occupancy="76.10" speed="3.28" harmonicMeanSpeed="0.48" length="5.00" nVehEntered="6"/>
    <interval begin="24900.00" end="25000.00" id="inductionLoop.S1" nVehContrib="7" flow="252.00" occupancy="86.78" speed="5.11" harmonicMeanSpeed="0.47" length="5.00" nVehEntered="8"/>
    <interval begin="25000.00" end="25100.00" id="inductionLoop.S1" nVehContrib="10" flow="360.00" occupancy="79.80" speed="3.86" harmonicMeanSpeed="0.59" length="5.00" nVehEntered="10"/>
    <interval begin="25100.00" end="25200.00" id="inductionLoop.S1" nVehContrib="7" flow="252.00" occupancy="85.47" speed="6.30" harmonicMeanSpeed="0.51" length="5.00" nVehEntered="7"/>
    <interval begin="25200.00" end="25300.00" id="inductionLoop.S1" nVehContrib="4" flow="144.00" occupancy="91.87" speed="4.11" harmonicMeanSpeed="0.28" length="5.00" nVehEntered="4"/>
    <interval begin="25300.00" end="25400.00" id="inductionLoop.S1" nVehContrib="8" flow="288.00" occupancy="85.04" speed="3.41" harmonicMeanSpeed="0.31" length="5.00" nVehEntered="7"/>
    <interval begin="25400.00" end="25500.00" id="inductionLoop.S1" nVehContrib="8" flow="288.00" occupancy="83.25" speed="4.81" harmonicMeanSpeed="0.48" length="5.00" nVehEntered="8"/>
    <interval begin="25500.00" end="25600.00" id="inductionLoop.S1" nVehContrib="13" flow="468.00" occupancy="76.55" speed="5.38" harmonicMeanSpeed="0.85" length="5.00" nVehEntered="13"/>
    <interval begin="25600.00" end="25700.00" id="inductionLoop.S1" nVehContrib="7" flow="252.00" occupancy="87.72" speed="5.20" harmonicMeanSpeed="0.94" length="5.00" nVehEntered="8"/>
    <interval begin="25700.00" end="25800.00" id="inductionLoop.S1" nVehContrib="13" flow="468.00" occupancy="73.52" speed="3.82" harmonicMeanSpeed="0.69" length="5.00" nVehEntered="13"/>
    <interval begin="25800.00" end="25900.00" id="inductionLoop.S1" nVehContrib="12" flow="432.00" occupancy="80.11" speed="8.54" harmonicMeanSpeed="0.66" length="5.00" nVehEntered="12"/>
    <interval begin="25900.00" end="26000.00" id="inductionLoop.S1" nVehContrib="6" flow="216.00" occupancy="87.23" speed="3.01" harmonicMeanSpeed="0.46" length="5.00" nVehEntered="6"/>
    <interval begin="26000.00" end="26100.00" id="inductionLoop.S1" nVehContrib="10" flow="360.00" occupancy="80.67" speed="4.88" harmonicMeanSpeed="0.67" length="5.00" nVehEntered="10"/>
    <interval begin="26100.00" end="26200.00" id="inductionLoop.S1" nVehContrib="9" flow="324.00" occupancy="84.34" speed="6.89" harmonicMeanSpeed="0.59" length="5.00" nVehEntered="9"/>
    <interval begin="26200.00" end="26300.00" id="inductionLoop.S1" nVehContrib="10" flow="360.00" occupancy="82.44" speed="5.04" harmonicMeanSpeed="0.37" length="5.00" nVehEntered="9"/>
    <interval begin="26300.00" end="26400.00" id="inductionLoop.S1" nVehContrib="6" flow="216.00" occupancy="86.85" speed="3.48" harmonicMeanSpeed="0.41" length="5.00" nVehEntered="7"/>
    <interval begin="26400.00" end="26500.00" id="inductionLoop.S1" nVehContrib="7" flow="252.00" occupancy="86.21" speed="3.48" harmonicMeanSpeed="0.54" length="5.00" nVehEntered="7"/>
    <interval begin="26500.00" end="26600.00" id="inductionLoop.S1" nVehContrib="10" flow="360.00" occupancy="81.36" speed="4.15" harmonicMeanSpeed="0.43" length="5.00" nVehEntered="10"/>
    <interval begin="26600.00" end="26700.00" id="inductionLoop.S1" nVehContrib="12" flow="432.00" occupancy="70.81" speed="7.51" harmonicMeanSpeed="1.07" length="5.00" nVehEntered="12"/>
    <interval begin="26700.00" end="26800.00" id="inductionLoop.S1" nVehContrib="8" flow="288.00" occupancy="69.66" speed="4.49" harmonicMeanSpeed="0.47" length="5.00" nVehEntered="7"/>
    <interval begin="26800.00" end="26900.00" id="inductionLoop.S1" nVehContrib="3" flow="108.00" occupancy="3.11" speed="9.04" harmonicMeanSpeed="4.82" length="5.00" nVehEntered="3"/>
    <interval begin="26900.00" end="27000.00" id="inductionLoop.S1" nVehContrib="2" flow="72.00" occupancy="1.28" speed="10.95" harmonicMeanSpeed="10.85" length="5.00" nVehEntered="3"/>
    <interval begin="27000.00" end="27100.00" id="inductionLoop.S1" nVehContrib="4" flow="144.00" occupancy="2.00" speed="10.15" harmonicMeanSpeed="10.02" length="5.00" nVehEntered="4"/>
    <interval begin="27100.00" end="27200.00" id="inductionLoop.S1" nVehContrib="6" flow="216.00" occupancy="5.01" speed="7.41" harmonicMeanSpeed="6.31" length="5.00" nVehEntered="7"/>
    <interval begin="27200.00" end="27300.00" id="inductionLoop.S1" nVehContrib="8" flow="288.00" occupancy="3.98" speed="10.48" harmonicMeanSpeed="10.06" length="5.00" nVehEntered="8"/>
    <interval begin="27300.00" end="27400.00" id="inductionLoop.S1" nVehContrib="7" flow="252.00" occupancy="63.18" speed="2.14" harmonicMeanSpeed="0.61" length="5.00" nVehEntered="9"/>
    <interval begin="27400.00" end="27500.00" id="inductionLoop.S1" nVehContrib="14" flow="504.00" occupancy="73.65" speed="5.06" harmonicMeanSpeed="1.02" length="5.00" nVehEntered="14"/>
    <interval begin="27500.00" end="27600.00" id="inductionLoop.S1" nVehContrib="9" flow="324.00" occupancy="84.17" speed="7.47" harmonicMeanSpeed="0.95" length="5.00" nVehEntered="9"/>
    <interval begin="27600.00" end="27700.00" id="inductionLoop.S1" nVehContrib="8" flow="288.00" occupancy="84.68" speed="3.91" harmonicMeanSpeed="0.52" length="5.00" nVehEntered="8"/>
    <interval begin="27700.00" end="27800.00" id="inductionLoop.S1" nVehContrib="14" flow="504.00" occupancy="75.28" speed="7.93" harmonicMeanSpeed="0.71" length="5.00" nVehEntered="14"/>
    <interval begin="27800.00" end="27900.00" id="inductionLoop.S1" nVehContrib="16" flow="576.00" occupancy="70.67" speed="6.14" harmonicMeanSpeed="0.88" length="5.00" nVehEntered="16"/>
    <interval begin="27900.00" end="28000.00" id="inductionLoop.S1" nVehContrib="9" flow="324.00" occupancy="82.49" speed="4.72" harmonicMeanSpeed="0.50" length="5.00" nVehEntered="9"/>
    <interval begin="28000.00" end="28100.00" id="inductionLoop.S1" nVehContrib="17" flow="612.00" occupancy="71.72" speed="7.81" harmonicMeanSpeed="1.18" length="5.00" nVehEntered="16"/>
    <interval begin="28100.00" end="28200.00" id="inductionLoop.S1" nVehContrib="14" flow="504.00" occupancy="75.66" speed="7.07" harmonicMeanSpeed="2.92" length="5.00" nVehEntered="15"/>
    <interval begin="28200.00" end="28300.00" id="inductionLoop.S1" nVehContrib="14" flow="504.00" occupancy="73.35" speed="4.47" harmonicMeanSpeed="0.83" length="5.00" nVehEntered="14"/>
    <interval begin="28300.00" end="28400.00" id="inductionLoop.S1" nVehContrib="12" flow="432.00" occupancy="79.38" speed="8.21" harmonicMeanSpeed="0.74" length="5.00" nVehEntered="12"/>
    <interval begin="28400.00" end="28500.00" id="inductionLoop.S1" nVehContrib="22" flow="792.00" occupancy="61.95" speed="7.99" harmonicMeanSpeed="1.38" length="5.00" nVehEntered="22"/>
    <interval begin="28500.00" end="28600.00" id="inductionLoop.S1" nVehContrib="22" flow="792.00" occupancy="64.27" speed="8.62" harmonicMeanSpeed="1.75" length="5.00" nVehEntered="22"/>
    <interval begin="28600.00" end="28700.00" id="inductionLoop.S1" nVehContrib="22" flow="792.00" occupancy="58.85" speed="9.28" harmonicMeanSpeed="1.78" length="5.00" nVehEntered="22"/>
    <interval begin="28700.00" end="28800.00" id="inductionLoop.S1" nVehContrib="7" flow="252.00" occupancy="76.44" speed="3.09" harmonicMeanSpeed="0.36" length="5.00" nVehEntered="6"/>
    <interval begin="28800.00" end="28900.00" id="inductionLoop.S1" nVehContrib="17" flow="612.00" occupancy="67.12" speed="6.80" harmonicMeanSpeed="1.28" length="5.00" nVehEntered="18"/>
    <interval begin="28900.00" end="29000.00" id="inductionLoop.S1" nVehContrib="8" flow="288.00" occupancy="34.41" speed="2.66" harmonicMeanSpeed="1.19" length="5.00" nVehEntered="8"/>
    <interval begin="29000.00" end="29100.00" id="inductionLoop.S1" nVehContrib="12" flow="432.00" occupancy="68.66" speed="3.40" harmonicMeanSpeed="0.86" length="5.00" nVehEntered="11"/>
    <interval begin="29100.00" end="29200.00" id="inductionLoop.S1" nVehContrib="11" flow="396.00" occupancy="78.17" speed="4.98" harmonicMeanSpeed="0.71" length="5.00" nVehEntered="12"/>
    <interval begin="29200.00" end="29300.00" id="inductionLoop.S1" nVehContrib="10" flow="360.00" occupancy="31.40" speed="2.25" harmonicMeanSpeed="1.58" length="5.00" nVehEntered="9"/>
    <interval begin="29300.00" end="29400.00" id="inductionLoop.S1" nVehContrib="4" flow="144.00" occupancy="46.56" speed="1.37" harmonicMeanSpeed="1.19" length="5.00" nVehEntered="5"/>
    <interval begin="29400.00" end="29500.00" id="inductionLoop.S1" nVehContrib="4" flow="144.00" occupancy="81.38" speed="2.25" harmonicMeanSpeed="0.36" length="5.00" nVehEntered="5"/>
    <interval begin="29500.00" end="29600.00" id="inductionLoop.S1" nVehContrib="10" flow="360.00" occupancy="71.10" speed="3.69" harmonicMeanSpeed="0.43" length="5.00" nVehEntered="9"/>
    <interval begin="29600.00" end="29700.00" id="inductionLoop.S1" nVehContrib="7" flow="252.00" occupancy="72.40" speed="5.92" harmonicMeanSpeed="0.97" length="5.00" nVehEntered="8"/>
    <interval begin="29700.00" end="29800.00" id="inductionLoop.S1" nVehContrib="11" flow="396.00" occupancy="7.58" speed="7.92" harmonicMeanSpeed="1.26" length="5.00" nVehEntered="10"/>
    <interval begin="29800.00" end="29900.00" id="inductionLoop.S1" nVehContrib="3" flow="108.00" occupancy="1.79" speed="12.57" harmonicMeanSpeed="12.49" length="5.00" nVehEntered="5"/>
    <interval begin="29900.00" end="30000.00" id="inductionLoop.S1" nVehContrib="2" flow="72.00" occupancy="1.34" speed="12.61" harmonicMeanSpeed="12.39" length="5.00" nVehEntered="4"/>
    <interval begin="30000.00" end="30100.00" id="inductionLoop.S1" nVehContrib="5" flow="180.00" occupancy="3.87" speed="8.56" harmonicMeanSpeed="6.47" length="5.00" nVehEntered="5"/>
    <interval begin="30100.00" end="30200.00" id="inductionLoop.S1" nVehContrib="6" flow="216.00" occupancy="4.58" speed="8.76" harmonicMeanSpeed="6.96" length="5.00" nVehEntered="7"/>
    <interval begin="30200.00" end="30300.00" id="inductionLoop.S1" nVehContrib="3" flow="108.00" occupancy="4.64" speed="10.69" harmonicMeanSpeed="10.48" length="5.00" nVehEntered="4"/>
    <interval begin="30300.00" end="30400.00" id="inductionLoop.S1" nVehContrib="5" flow="180.00" occupancy="3.44" speed="9.63" harmonicMeanSpeed="9.34" length="5.00" nVehEntered="7"/>
    <interval begin="30400.00" end="30500.00" id="inductionLoop.S1" nVehContrib="2" flow="72.00" occupancy="0.82" speed="12.19" harmonicMeanSpeed="12.19" length="5.00" nVehEntered="2"/>
    <interval begin="30500.00" end="30600.00" id="inductionLoop.S1" nVehContrib="4" flow="144.00" occupancy="1.93" speed="11.05" harmonicMeanSpeed="10.66" length="5.00" nVehEntered="5"/>
    <interval begin="30600.00" end="30700.00" id="inductionLoop.S1" nVehContrib="5" flow="180.00" occupancy="2.00" speed="12.52" harmonicMeanSpeed="12.48" length="5.00" nVehEntered="5"/>
    <interval begin="30700.00" end="30800.00" id="inductionLoop.S1" nVehContrib="0" flow="0.00" occupancy="0.00" speed="-1.00" harmonicMeanSpeed="-1.00" length="-1.00" nVehEntered="0"/>
    <interval begin="30800.00" end="30900.00" id="inductionLoop.S1" nVehContrib="2" flow="72.00" occupancy="0.75" speed="13.42" harmonicMeanSpeed="13.42" length="5.00" nVehEntered="2"/>
    <interval begin="30900.00" end="31000.00" id="inductionLoop.S1" nVehContrib="2" flow="72.00" occupancy="0.94" speed="12.12" harmonicMeanSpeed="12.00" length="5.00" nVehEntered="3"/>
    <interval begin="31000.00" end="31100.00" id="inductionLoop.S1" nVehContrib="9" flow="324.00" occupancy="27.56" speed="6.73" harmonicMeanSpeed="1.69" length="5.00" nVehEntered="10"/>
    <interval begin="31100.00" end="31200.00" id="inductionLoop.S1" nVehContrib="11" flow="396.00" occupancy="19.74" speed="8.14" harmonicMeanSpeed="2.98" length="5.00" nVehEntered="13"/>
    <interval begin="31200.00" end="31300.00" id="inductionLoop.S1" nVehContrib="7" flow="252.00" occupancy="14.21" speed="7.26" harmonicMeanSpeed="2.50" length="5.00" nVehEntered="9"/>
    <interval begin="31300.00" end="31400.00" id="inductionLoop.S1" nVehContrib="15" flow="540.00" occupancy="31.62" speed="8.06" harmonicMeanSpeed="2.40" length="5.00" nVehEntered="16"/>
    <interval begin="31400.00" end="31500.00" id="inductionLoop.S1" nVehContrib="13" flow="468.00" occupancy="33.81" speed="8.24" harmonicMeanSpeed="1.98" length="5.00" nVehEntered="14"/>
    <interval begin="31500.00" end="31600.00" id="inductionLoop.S1" nVehContrib="9" flow="324.00" occupancy="23.63" speed="7.39" harmonicMeanSpeed="1.90" length="5.00" nVehEntered="9"/>
    <interval begin="31600.00" end="31700.00" id="inductionLoop.S1" nVehContrib="7" flow="252.00" occupancy="3.17" speed="11.25" harmonicMeanSpeed="11.03" length="5.00" nVehEntered="7"/>
    <interval begin="31700.00" end="31800.00" id="inductionLoop.S1" nVehContrib="7" flow="252.00" occupancy="24.57" speed="9.11" harmonicMeanSpeed="1.42" length="5.00" nVehEntered="7"/>
    <interval begin="31800.00" end="31900.00" id="inductionLoop.S1" nVehContrib="9" flow="324.00" occupancy="14.97" speed="8.61" harmonicMeanSpeed="4.17" length="5.00" nVehEntered="11"/>
    <interval begin="31900.00" end="32000.00" id="inductionLoop.S1" nVehContrib="9" flow="324.00" occupancy="4.84" speed="10.48" harmonicMeanSpeed="9.75" length="5.00" nVehEntered="10"/>
    <interval begin="32000.00" end="32100.00" id="inductionLoop.S1" nVehContrib="6" flow="216.00" occupancy="4.38" speed="11.51" harmonicMeanSpeed="11.25" length="5.00" nVehEntered="8"/>
    <interval begin="32100.00" end="32200.00" id="inductionLoop.S1" nVehContrib="8" flow="288.00" occupancy="14.11" speed="7.12" harmonicMeanSpeed="2.87" length="5.00" nVehEntered="9"/>
    <interval begin="32200.00" end="32300.00" id="inductionLoop.S1" nVehContrib="4" flow="144.00" occupancy="2.08" speed="9.74" harmonicMeanSpeed="9.60" length="5.00" nVehEntered="4"/>
    <interval begin="32300.00" end="32400.00" id="inductionLoop.S1" nVehContrib="0" flow="0.00" occupancy="0.04" speed="-1.00" harmonicMeanSpeed="-1.00" length="-1.00" nVehEntered="1"/>
    <interval begin="32400.00" end="32500.00" id="inductionLoop.S1" nVehContrib="8" flow="288.00" occupancy="3.88" speed="10.71" harmonicMeanSpeed="10.31" length="5.00" nVehEntered="8"/>
    <interval begin="32500.00" end="32600.00" id="inductionLoop.S1" nVehContrib="12" flow="432.00" occupancy="45.98" speed="7.07" harmonicMeanSpeed="1.87" length="5.00" nVehEntered="15"/>
    <interval begin="32600.00" end="32700.00" id="inductionLoop.S1" nVehContrib="16" flow="576.00" occupancy="57.50" speed="6.36" harmonicMeanSpeed="1.14" length="5.00" nVehEntered="18"/>
    <interval begin="32700.00" end="32800.00" id="inductionLoop.S1" nVehContrib="12" flow="432.00" occupancy="30.50" speed="10.62" harmonicMeanSpeed="2.52" length="5.00" nVehEntered="14"/>
    <interval begin="32800.00" end="32900.00" id="inductionLoop.S1" nVehContrib="3" flow="108.00" occupancy="2.01" speed="8.84" harmonicMeanSpeed="7.48" length="5.00" nVehEntered="3"/>
    <interval begin="32900.00" end="33000.00" id="inductionLoop.S1" nVehContrib="1" flow="36.00" occupancy="0.39" speed="12.71" harmonicMeanSpeed="12.71" length="5.00" nVehEntered="1"/>
    <interval begin="33000.00" end="33100.00" id="inductionLoop.S1" nVehContrib="10" flow="360.00" occupancy="4.28" speed="11.90" harmonicMeanSpeed="11.68" length="5.00" nVehEntered="10"/>
    <interval begin="33100.00" end="33200.00" id="inductionLoop.S1" nVehContrib="16" flow="576.00" occupancy="27.25" speed="7.49" harmonicMeanSpeed="3.65" length="5.00" nVehEntered="17"/>
    <interval begin="33200.00" end="33300.00" id="inductionLoop.S1" nVehContrib="8" flow="288.00" occupancy="64.65" speed="5.30" harmonicMeanSpeed="0.87" length="5.00" nVehEntered="8"/>
    <interval begin="33300.00" end="33400.00" id="inductionLoop.S1" nVehContrib="10" flow="360.00" occupancy="42.24" speed="5.96" harmonicMeanSpeed="0.78" length="5.00" nVehEntered="10"/>
    <interval begin="33400.00" end="33500.00" id="inductionLoop.S1" nVehContrib="13" flow="468.00" occupancy="35.01" speed="7.25" harmonicMeanSpeed="1.86" length="5.00" nVehEntered="14"/>
    <interval begin="33500.00" end="33600.00" id="inductionLoop.S1" nVehContrib="11" flow="396.00" occupancy="70.87" speed="5.83" harmonicMeanSpeed="1.06" length="5.00" nVehEntered="11"/>
    <interval begin="33600.00" end="33700.00" id="inductionLoop.S1" nVehContrib="5" flow="180.00" occupancy="90.06" speed="2.33" harmonicMeanSpeed="0.41" length="5.00" nVehEntered="5"/>
    <interval begin="33700.00" end="33800.00" id="inductionLoop.S1" nVehContrib="11" flow="396.00" occupancy="42.91" speed="6.08" harmonicMeanSpeed="0.60" length="5.00" nVehEntered="10"/>
    <interval begin="33800.00" end="33900.00" id="inductionLoop.S1" nVehContrib="6" flow="216.00" occupancy="2.71" speed="11.52" harmonicMeanSpeed="11.06" length="5.00" nVehEntered="6"/>
    <interval begin="33900.00" end="34000.00" id="inductionLoop.S1" nVehContrib="9" flow="324.00" occupancy="25.69" speed="9.64" harmonicMeanSpeed="1.81" length="5.00" nVehEntered="11"/>
    <interval begin="34000.00" end="34100.00" id="inductionLoop.S1" nVehContrib="5" flow="180.00" occupancy="3.31" speed="9.72" harmonicMeanSpeed="7.55" length="5.00" nVehEntered="5"/>
    <interval begin="34100.00" end="34200.00" id="inductionLoop.S1" nVehContrib="11" flow="396.00" occupancy="17.16" speed="9.13" harmonicMeanSpeed="3.21" length="5.00" nVehEntered="11"/>
    <interval begin="34200.00" end="34300.00" id="inductionLoop.S1" nVehContrib="7" flow="252.00" occupancy="3.82" speed="11.36" harmonicMeanSpeed="10.95" length="5.00" nVehEntered="9"/>
    <interval begin="34300.00" end="34400.00" id="inductionLoop.S1" nVehContrib="10" flow="360.00" occupancy="6.59" speed="10.50" harmonicMeanSpeed="10.04" length="5.00" nVehEntered="12"/>
    <interval begin="34400.00" end="34500.00" id="inductionLoop.S1" nVehContrib="10" flow="360.00" occupancy="11.03" speed="9.00" harmonicMeanSpeed="5.17" length="5.00" nVehEntered="11"/>
    <interval begin="34500.00" end="34600.00" id="inductionLoop.S1" nVehContrib="6" flow="216.00" occupancy="37.67" speed="6.50" harmonicMeanSpeed="4.38" length="5.00" nVehEntered="7"/>
    <interval begin="34600.00" end="34700.00" id="inductionLoop.S1" nVehContrib="8" flow="288.00" occupancy="76.92" speed="3.31" harmonicMeanSpeed="0.42" length="5.00" nVehEntered="8"/>
    <interval begin="34700.00" end="34800.00" id="inductionLoop.S1" nVehContrib="8" flow="288.00" occupancy="42.29" speed="5.83" harmonicMeanSpeed="0.82" length="5.00" nVehEntered="9"/>
    <interval begin="34800.00" end="34900.00" id="inductionLoop.S1" nVehContrib="5" flow="180.00" occupancy="88.44" speed="1.68" harmonicMeanSpeed="0.41" length="5.00" nVehEntered="5"/>
    <interval begin="34900.00" end="35000.00" id="inductionLoop.S1" nVehContrib="12" flow="432.00" occupancy="78.09" speed="5.07" harmonicMeanSpeed="0.55" length="5.00" nVehEntered="11"/>
    <interval begin="35000.00" end="35100.00" id="inductionLoop.S1" nVehContrib="8" flow="288.00" occupancy="87.07" speed="6.46" harmonicMeanSpeed="0.61" length="5.00" nVehEntered="9"/>
    <interval begin="35100.00" end="35200.00" id="inductionLoop.S1" nVehContrib="13" flow="468.00" occupancy="78.68" speed="8.85" harmonicMeanSpeed="0.94" length="5.00" nVehEntered="13"/>
    <interval begin="35200.00" end="35300.00" id="inductionLoop.S1" nVehContrib="7" flow="252.00" occupancy="86.93" speed="3.97" harmonicMeanSpeed="0.42" length="5.00" nVehEntered="7"/>
    <interval begin="35300.00" end="35400.00" id="inductionLoop.S1" nVehContrib="9" flow="324.00" occupancy="82.15" speed="4.61" harmonicMeanSpeed="0.58" length="5.00" nVehEntered="9"/>
    <interval begin="35400.00" end="35500.00" id="inductionLoop.S1" nVehContrib="11" flow="396.00" occupancy="80.27" speed="7.30" harmonicMeanSpeed="0.78" length="5.00" nVehEntered="11"/>
    <interval begin="35500.00" end="35600.00" id="inductionLoop.S1" nVehContrib="10" flow="360.00" occupancy="81.28" speed="5.51" harmonicMeanSpeed="0.75" length="5.00" nVehEntered="10"/>
    <interval begin="35600.00" end="35700.00" id="inductionLoop.S1" nVehContrib="5" flow="180.00" occupancy="35.63" speed="3.71" harmonicMeanSpeed="0.31" length="5.00" nVehEntered="5"/>
    <interval begin="35700.00" end="35800.00" id="inductionLoop.S1" nVehContrib="8" flow="288.00" occupancy="33.45" speed="9.14" harmonicMeanSpeed="0.78" length="5.00" nVehEntered="7"/>
    <interval begin="35800.00" end="35900.00" id="inductionLoop.S1" nVehContrib="11" flow="396.00" occupancy="44.43" speed="7.37" harmonicMeanSpeed="2.11" length="5.00" nVehEntered="14"/>
    <interval begin="35900.00" end="36000.00" id="inductionLoop.S1" nVehContrib="11" flow="396.00" occupancy="78.91" speed="3.76" harmonicMeanSpeed="0.58" length="5.00" nVehEntered="10"/>
    <interval begin="36000.00" end="36100.00" id="inductionLoop.S1" nVehContrib="17" flow="612.00" occupancy="67.95" speed="6.95" harmonicMeanSpeed="1.35" length="5.00" nVehEntered="18"/>
    <interval begin="36100.00" end="36200.00" id="inductionLoop.S1" nVehContrib="2" flow="72.00" occupancy="8.15" speed="2.61" harmonicMeanSpeed="1.63" length="5.00" nVehEntered="2"/>
    <interval begin="36200.00" end="36300.00" id="inductionLoop.S1" nVehContrib="3" flow="108.00" occupancy="1.60" speed="12.20" harmonicMeanSpeed="12.18" length="5.00" nVehEntered="4"/>
    <interval begin="36300.00" end="36400.00" id="inductionLoop.S1" nVehContrib="9" flow="324.00" occupancy="13.12" speed="8.95" harmonicMeanSpeed="7.08" length="5.00" nVehEntered="10"/>
    <interval begin="36400.00" end="36500.00" id="inductionLoop.S1" nVehContrib="5" flow="180.00" occupancy="90.47" speed="4.86" harmonicMeanSpeed="0.51" length="5.00" nVehEntered="5"/>
    <interval begin="36500.00" end="36600.00" id="inductionLoop.S1" nVehContrib="10" flow="360.00" occupancy="80.15" speed="3.25" harmonicMeanSpeed="0.42" length="5.00" nVehEntered="10"/>
    <interval begin="36600.00" end="36700.00" id="inductionLoop.S1" nVehContrib="11" flow="396.00" occupancy="79.98" speed="5.12" harmonicMeanSpeed="0.97" length="5.00" nVehEntered="11"/>
    <interval begin="36700.00" end="36800.00" id="inductionLoop.S1" nVehContrib="12" flow="432.00" occupancy="67.14" speed="4.35" harmonicMeanSpeed="0.61" length="5.00" nVehEntered="11"/>
    <interval begin="36800.00" end="36900.00" id="inductionLoop.S1" nVehContrib="10" flow="360.00" occupancy="77.85" speed="4.86" harmonicMeanSpeed="0.83" length="5.00" nVehEntered="11"/>
    <interval begin="36900.00" end="37000.00" id="inductionLoop.S1" nVehContrib="9" flow="324.00" occupancy="59.23" speed="3.58" harmonicMeanSpeed="0.59" length="5.00" nVehEntered="8"/>
    <interval begin="37000.00" end="37100.00" id="inductionLoop.S1" nVehContrib="5" flow="180.00" occupancy="69.89" speed="4.09" harmonicMeanSpeed="1.06" length="5.00" nVehEntered="6"/>
    <interval begin="37100.00" end="37200.00" id="inductionLoop.S1" nVehContrib="15" flow="540.00" occupancy="73.38" speed="5.25" harmonicMeanSpeed="0.63" length="5.00" nVehEntered="15"/>
    <interval begin="37200.00" end="37300.00" id="inductionLoop.S1" nVehContrib="9" flow="324.00" occupancy="81.09" speed="2.52" harmonicMeanSpeed="0.58" length="5.00" nVehEntered="9"/>
    <interval begin="37300.00" end="37400.00" id="inductionLoop.S1" nVehContrib="2" flow="72.00" occupancy="95.72" speed="1.89" harmonicMeanSpeed="0.20" length="5.00" nVehEntered="2"/>
    <interval begin="37400.00" end="37500.00" id="inductionLoop.S1" nVehContrib="13" flow="468.00" occupancy="76.26" speed="4.80" harmonicMeanSpeed="0.57" length="5.00" nVehEntered="13"/>
    <interval begin="37500.00" end="37600.00" id="inductionLoop.S1" nVehContrib="9" flow="324.00" occupancy="47.07" speed="5.55" harmonicMeanSpeed="0.77" length="5.00" nVehEntered="9"/>
    <interval begin="37600.00" end="37700.00" id="inductionLoop.S1" nVehContrib="4" flow="144.00" occupancy="63.55" speed="1.45" harmonicMeanSpeed="0.35" length="5.00" nVehEntered="7"/>
    <interval begin="37700.00" end="37800.00" id="inductionLoop.S1" nVehContrib="9" flow="324.00" occupancy="75.46" speed="4.60" harmonicMeanSpeed="0.70" length="5.00" nVehEntered="10"/>
    <interval begin="37800.00" end="37900.00" id="inductionLoop.S1" nVehContrib="8" flow="288.00" occupancy="84.53" speed="4.06" harmonicMeanSpeed="0.42" length="5.00" nVehEntered="8"/>
    <interval begin="37900.00" end="38000.00" id="inductionLoop.S1" nVehContrib="17" flow="612.00" occupancy="72.47" speed="7.89" harmonicMeanSpeed="1.25" length="5.00" nVehEntered="17"/>
    <interval begin="38000.00" end="38100.00" id="inductionLoop.S1" nVehContrib="17" flow="612.00" occupancy="70.26" speed="7.74" harmonicMeanSpeed="1.17" length="5.00" nVehEntered="17"/>
    <interval begin="38100.00" end="38200.00" id="inductionLoop.S1" nVehContrib="9" flow="324.00" occupancy="83.43" speed="7.15" harmonicMeanSpeed="0.62" length="5.00" nVehEntered="9"/>
    <interval begin="38200.00" end="38300.00" id="inductionLoop.S1" nVehContrib="15" flow="540.00" occupancy="74.57" speed="6.80" harmonicMeanSpeed="0.94" length="5.00" nVehEntered="15"/>
    <interval begin="38300.00" end="38400.00" id="inductionLoop.S1" nVehContrib="12" flow="432.00" occupancy="77.85" speed="6.70" harmonicMeanSpeed="0.87" length="5.00" nVehEntered="12"/>
    <interval begin="38400.00" end="38500.00" id="inductionLoop.S1" nVehContrib="7" flow="252.00" occupancy="85.46" speed="2.79" harmonicMeanSpeed="0.39" length="5.00" nVehEntered="7"/>
    <interval begin="38500.00" end="38600.00" id="inductionLoop.S1" nVehContrib="4" flow="144.00" occupancy="91.02" speed="2.20" harmonicMeanSpeed="0.25" length="5.00" nVehEntered="4"/>
    <interval begin="38600.00" end="38700.00" id="inductionLoop.S1" nVehContrib="10" flow="360.00" occupancy="82.86" speed="4.97" harmonicMeanSpeed="0.76" length="5.00" nVehEntered="10"/>
    <interval begin="38700.00" end="38800.00" id="inductionLoop.S1" nVehContrib="14" flow="504.00" occupancy="76.33" speed="6.36" harmonicMeanSpeed="0.90" length="5.00" nVehEntered="14"/>
    <interval begin="38800.00" end="38900.00" id="inductionLoop.S1" nVehContrib="9" flow="324.00" occupancy="82.27" speed="4.60" harmonicMeanSpeed="0.65" length="5.00" nVehEntered="9"/>
    <interval begin="38900.00" end="39000.00" id="inductionLoop.S1" nVehContrib="11" flow="396.00" occupancy="50.10" speed="4.61" harmonicMeanSpeed="0.55" length="5.00" nVehEntered="10"/>
    <interval begin="39000.00" end="39100.00" id="inductionLoop.S1" nVehContrib="8" flow="288.00" occupancy="71.23" speed="6.04" harmonicMeanSpeed="0.91" length="5.00" nVehEntered="9"/>
    <interval begin="39100.00" end="39200.00" id="inductionLoop.S1" nVehContrib="12" flow="432.00" occupancy="76.25" speed="4.19" harmonicMeanSpeed="0.71" length="5.00" nVehEntered="12"/>
    <interval begin="39200.00" end="39300.00" id="inductionLoop.S1" nVehContrib="16" flow="576.00" occupancy="72.37" speed="7.34" harmonicMeanSpeed="0.95" length="5.00" nVehEntered="16"/>
    <interval begin="39300.00" end="39400.00" id="inductionLoop.S1" nVehContrib="10" flow="360.00" occupancy="78.16" speed="5.07" harmonicMeanSpeed="0.65" length="5.00" nVehEntered="11"/>
    <interval begin="39400.00" end="39500.00" id="inductionLoop.S1" nVehContrib="12" flow="432.00" occupancy="77.85" speed="5.47" harmonicMeanSpeed="0.74" length="5.00" nVehEntered="12"/>
    <interval begin="39500.00" end="39600.00" id="inductionLoop.S1" nVehContrib="9" flow="324.00" occupancy="84.28" speed="5.50" harmonicMeanSpeed="0.51" length="5.00" nVehEntered="8"/>
    <interval begin="39600.00" end="39700.00" id="inductionLoop.S1" nVehContrib="9" flow="324.00" occupancy="78.75" speed="3.80" harmonicMeanSpeed="0.57" length="5.00" nVehEntered="10"/>
    <interval begin="39700.00" end="39800.00" id="inductionLoop.S1" nVehContrib="10" flow="360.00" occupancy="75.69" speed="4.52" harmonicMeanSpeed="0.74" length="5.00" nVehEntered="10"/>
    <interval begin="39800.00" end="39900.00" id="inductionLoop.S1" nVehContrib="8" flow="288.00" occupancy="78.36" speed="4.87" harmonicMeanSpeed="0.67" length="5.00" nVehEntered="8"/>
    <interval begin="39900.00" end="40000.00" id="inductionLoop.S1" nVehContrib="9" flow="324.00" occupancy="79.95" speed="4.18" harmonicMeanSpeed="0.54" length="5.00" nVehEntered="9"/>
    <interval begin="40000.00" end="40100.00" id="inductionLoop.S1" nVehContrib="14" flow="504.00" occupancy="69.90" speed="5.16" harmonicMeanSpeed="0.98" length="5.00" nVehEntered="14"/>
    <interval begin="40100.00" end="40200.00" id="inductionLoop.S1" nVehContrib="19" flow="684.00" occupancy="68.26" speed="8.16" harmonicMeanSpeed="1.37" length="5.00" nVehEntered="19"/>
    <interval begin="40200.00" end="40300.00" id="inductionLoop.S1" nVehContrib="10" flow="360.00" occupancy="77.59" speed="5.97" harmonicMeanSpeed="0.70" length="5.00" nVehEntered="10"/>
    <interval begin="40300.00" end="40400.00" id="inductionLoop.S1" nVehContrib="10" flow="360.00" occupancy="80.54" speed="5.32" harmonicMeanSpeed="0.46" length="5.00" nVehEntered="9"/>
    <interval begin="40400.00" end="40500.00" id="inductionLoop.S1" nVehContrib="11" flow="396.00" occupancy="74.82" speed="4.09" harmonicMeanSpeed="0.74" length="5.00" nVehEntered="11"/>
    <interval begin="40500.00" end="40600.00" id="inductionLoop.S1" nVehContrib="8" flow="288.00" occupancy="83.77" speed="5.26" harmonicMeanSpeed="0.61" length="5.00" nVehEntered="9"/>
    <interval begin="40600.00" end="40700.00" id="inductionLoop.S1" nVehContrib="21" flow="756.00" occupancy="66.73" speed="8.27" harmonicMeanSpeed="1.43" length="5.00" nVehEntered="21"/>
    <interval begin="40700.00" end="40800.00" id="inductionLoop.S1" nVehContrib="8" flow="288.00" occupancy="85.49" speed="4.71" harmonicMeanSpeed="0.42" length="5.00" nVehEntered="8"/>
    <interval begin="40800.00" end="40900.00" id="inductionLoop.S1" nVehContrib="8" flow="288.00" occupancy="82.52" speed="6.24" harmonicMeanSpeed="0.48" length="5.00" nVehEntered="8"/>
    <interval begin="40900.00" end="41000.00" id="inductionLoop.S1" nVehContrib="7" flow="252.00" occupancy="82.32" speed="3.09" harmonicMeanSpeed="0.44" length="5.00" nVehEntered="7"/>
    <interval begin="41000.00" end="41100.00" id="inductionLoop.S1" nVehContrib="12" flow="432.00" occupancy="77.71" speed="6.46" harmonicMeanSpeed="1.75" length="5.00" nVehEntered="12"/>
    <interval begin="41100.00" end="41200.00" id="inductionLoop.S1" nVehContrib="11" flow="396.00" occupancy="65.54" speed="5.57" harmonicMeanSpeed="0.59" length="5.00" nVehEntered="11"/>
    <interval begin="41200.00" end="41300.00" id="inductionLoop.S1" nVehContrib="5" flow="180.00" occupancy="65.10" speed="3.56" harmonicMeanSpeed="0.30" length="5.00" nVehEntered="4"/>
    <interval begin="41300.00" end="41400.00" id="inductionLoop.S1" nVehContrib="11" flow="396.00" occupancy="81.08" speed="9.24" harmonicMeanSpeed="0.82" length="5.00" nVehEntered="12"/>
    <interval begin="41400.00" end="41500.00" id="inductionLoop.S1" nVehContrib="21" flow="756.00" occupancy="63.53" speed="8.45" harmonicMeanSpeed="1.54" length="5.00" nVehEntered="21"/>
    <interval begin="41500.00" end="41600.00" id="inductionLoop.S1" nVehContrib="1" flow="36.00" occupancy="97.43" speed="0.07" harmonicMeanSpeed="0.07" length="5.00" nVehEntered="1"/>
    <interval begin="41600.00" end="41700.00" id="inductionLoop.S1" nVehContrib="4" flow="144.00" occupancy="85.40" speed="3.15" harmonicMeanSpeed="0.29" length="5.00" nVehEntered="5"/>
    <interval begin="41700.00" end="41800.00" id="inductionLoop.S1" nVehContrib="11" flow="396.00" occupancy="76.98" speed="5.26" harmonicMeanSpeed="0.45" length="5.00" nVehEntered="11"/>
    <interval begin="41800.00" end="41900.00" id="inductionLoop.S1" nVehContrib="9" flow="324.00" occupancy="19.90" speed="2.80" harmonicMeanSpeed="1.54" length="5.00" nVehEntered="8"/>
    <interval begin="41900.00" end="42000.00" id="inductionLoop.S1" nVehContrib="13" flow="468.00" occupancy="47.44" speed="5.42" harmonicMeanSpeed="1.37" length="5.00" nVehEntered="13"/>
    <interval begin="42000.00" end="42100.00" id="inductionLoop.S1" nVehContrib="8" flow="288.00" occupancy="87.13" speed="9.66" harmonicMeanSpeed="0.67" length="5.00" nVehEntered="9"/>
    <interval begin="42100.00" end="42200.00" id="inductionLoop.S1" nVehContrib="9" flow="324.00" occupancy="72.51" speed="3.32" harmonicMeanSpeed="0.45" length="5.00" nVehEntered="8"/>
    <interval begin="42200.00" end="42300.00" id="inductionLoop.S1" nVehContrib="10" flow="360.00" occupancy="73.32" speed="4.76" harmonicMeanSpeed="0.70" length="5.00" nVehEntered="11"/>
    <interval begin="42300.00" end="42400.00" id="inductionLoop.S1" nVehContrib="17" flow="612.00" occupancy="73.34" speed="9.11" harmonicMeanSpeed="1.14" length="5.00" nVehEntered="16"/>
    <interval begin="42400.00" end="42500.00" id="inductionLoop.S1" nVehContrib="10" flow="360.00" occupancy="81.62" speed="7.38" harmonicMeanSpeed="0.79" length="5.00" nVehEntered="11"/>
    <interval begin="42500.00" end="42600.00" id="inductionLoop.S1" nVehContrib="8" flow="288.00" occupancy="82.57" speed="4.52" harmonicMeanSpeed="0.52" length="5.00" nVehEntered="9"/>
    <interval begin="42600.00" end="42700.00" id="inductionLoop.S1" nVehContrib="7" flow="252.00" occupancy="85.29" speed="4.42" harmonicMeanSpeed="0.40" length="5.00" nVehEntered="7"/>
    <interval begin="42700.00" end="42800.00" id="inductionLoop.S1" nVehContrib="20" flow="720.00" occupancy="63.39" speed="8.83" harmonicMeanSpeed="1.19" length="5.00" nVehEntered="20"/>
    <interval begin="42800.00" end="42900.00" id="inductionLoop.S1" nVehContrib="7" flow="252.00" occupancy="82.81" speed="4.02" harmonicMeanSpeed="0.42" length="5.00" nVehEntered="6"/>
    <interval begin="42900.00" end="43000.00" id="inductionLoop.S1" nVehContrib="17" flow="612.00" occupancy="68.63" speed="7.17" harmonicMeanSpeed="1.55" length="5.00" nVehEntered="18"/>
    <interval begin="43000.00" end="43100.00" id="inductionLoop.S1" nVehContrib="5" flow="180.00" occupancy="90.29" speed="4.72" harmonicMeanSpeed="0.28" length="5.00" nVehEntered="5"/>
    <interval begin="43100.00" end="43200.00" id="inductionLoop.S1" nVehContrib="18" flow="648.00" occupancy="64.00" speed="6.41" harmonicMeanSpeed="1.15" length="5.00" nVehEntered="18"/>
    <interval begin="43200.00" end="43300.00" id="inductionLoop.S1" nVehContrib="4" flow="144.00" occupancy="90.57" speed="4.81" harmonicMeanSpeed="1.30" length="5.00" nVehEntered="4"/>
    <interval begin="43300.00" end="43400.00" id="inductionLoop.S1" nVehContrib="12" flow="432.00" occupancy="75.68" speed="4.07" harmonicMeanSpeed="0.40" length="5.00" nVehEntered="11"/>
    <interval begin="43400.00" end="43500.00" id="inductionLoop.S1" nVehContrib="16" flow="576.00" occupancy="73.52" speed="8.17" harmonicMeanSpeed="1.09" length="5.00" nVehEntered="17"/>
    <interval begin="43500.00" end="43600.00" id="inductionLoop.S1" nVehContrib="17" flow="612.00" occupancy="69.17" speed="6.53" harmonicMeanSpeed="2.17" length="5.00" nVehEntered="17"/>
    <interval begin="43600.00" end="43700.00" id="inductionLoop.S1" nVehContrib="16" flow="576.00" occupancy="68.37" speed="7.20" harmonicMeanSpeed="0.94" length="5.00" nVehEntered="16"/>
    <interval begin="43700.00" end="43800.00" id="inductionLoop.S1" nVehContrib="8" flow="288.00" occupancy="85.89" speed="5.96" harmonicMeanSpeed="1.03" length="5.00" nVehEntered="8"/>
    <interval begin="43800.00" end="43900.00" id="inductionLoop.S1" nVehContrib="21" flow="756.00" occupancy="63.11" speed="7.22" harmonicMeanSpeed="0.85" length="5.00" nVehEntered="21"/>
    <interval begin="43900.00" end="44000.00" id="inductionLoop.S1" nVehContrib="24" flow="864.00" occupancy="64.59" speed="11.24" harmonicMeanSpeed="11.13" length="5.00" nVehEntered="24"/>
    <interval begin="44000.00" end="44100.00" id="inductionLoop.S1" nVehContrib="10" flow="360.00" occupancy="84.36" speed="7.12" harmonicMeanSpeed="0.36" length="5.00" nVehEntered="10"/>
    <interval begin="44100.00" end="44200.00" id="inductionLoop.S1" nVehContrib="15" flow="540.00" occupancy="76.22" speed="11.44" harmonicMeanSpeed="11.35" length="5.00" nVehEntered="15"/>
    <interval begin="44200.00" end="44300.00" id="inductionLoop.S1" nVehContrib="7" flow="252.00" occupancy="85.93" speed="3.48" harmonicMeanSpeed="0.28" length="5.00" nVehEntered="7"/>
    <interval begin="44300.00" end="44400.00" id="inductionLoop.S1" nVehContrib="18" flow="648.00" occupancy="71.17" speed="9.73" harmonicMeanSpeed="0.87" length="5.00" nVehEntered="17"/>
    <interval begin="44400.00" end="44500.00" id="inductionLoop.S1" nVehContrib="16" flow="576.00" occupancy="74.45" speed="10.67" harmonicMeanSpeed="8.64" length="5.00" nVehEntered="17"/>
    <interval begin="44500.00" end="44600.00" id="inductionLoop.S1" nVehContrib="22" flow="792.00" occupancy="62.16" speed="8.65" harmonicMeanSpeed="5.94" length="5.00" nVehEntered="23"/>
    <interval begin="44600.00" end="44700.00" id="inductionLoop.S1" nVehContrib="1" flow="36.00" occupancy="97.18" speed="0.05" harmonicMeanSpeed="0.05" length="5.00" nVehEntered="1"/>
    <interval begin="44700.00" end="44800.00" id="inductionLoop.S1" nVehContrib="14" flow="504.00" occupancy="72.57" speed="7.32" harmonicMeanSpeed="0.81" length="5.00" nVehEntered="14"/>
    <interval begin="44800.00" end="44900.00" id="inductionLoop.S1" nVehContrib="16" flow="576.00" occupancy="15.12" speed="8.69" harmonicMeanSpeed="2.01" length="5.00" nVehEntered="15"/>
    <interval begin="44900.00" end="45000.00" id="inductionLoop.S1" nVehContrib="5" flow="180.00" occupancy="78.65" speed="2.73" harmonicMeanSpeed="0.49" length="5.00" nVehEntered="6"/>
    <interval begin="45000.00" end="45100.00" id="inductionLoop.S1" nVehContrib="6" flow="216.00" occupancy="88.65" speed="4.07" harmonicMeanSpeed="0.28" length="5.00" nVehEntered="6"/>
    <interval begin="45100.00" end="45200.00" id="inductionLoop.S1" nVehContrib="19" flow="684.00" occupancy="68.78" speed="8.82" harmonicMeanSpeed="2.28" length="5.00" nVehEntered="19"/>
    <interval begin="45200.00" end="45300.00" id="inductionLoop.S1" nVehContrib="16" flow="576.00" occupancy="73.15" speed="9.12" harmonicMeanSpeed="0.91" length="5.00" nVehEntered="16"/>
    <interval begin="45300.00" end="45400.00" id="inductionLoop.S1" nVehContrib="3" flow="108.00" occupancy="79.36" speed="1.66" harmonicMeanSpeed="0.48" length="5.00" nVehEntered="3"/>
    <interval begin="45400.00" end="45500.00" id="inductionLoop.S1" nVehContrib="12" flow="432.00" occupancy="73.67" speed="3.75" harmonicMeanSpeed="0.41" length="5.00" nVehEntered="11"/>
    <interval begin="45500.00" end="45600.00" id="inductionLoop.S1" nVehContrib="36" flow="1296.00" occupancy="21.24" speed="10.75" harmonicMeanSpeed="8.47" length="5.00" nVehEntered="36"/>
    <interval begin="45600.00" end="45700.00" id="inductionLoop.S1" nVehContrib="2" flow="72.00" occupancy="31.81" speed="1.81" harmonicMeanSpeed="0.31" length="5.00" nVehEntered="2"/>
    <interval begin="45700.00" end="45800.00" id="inductionLoop.S1" nVehContrib="18" flow="648.00" occupancy="40.39" speed="7.12" harmonicMeanSpeed="2.23" length="5.00" nVehEntered="18"/>
    <interval begin="45800.00" end="45900.00" id="inductionLoop.S1" nVehContrib="3" flow="108.00" occupancy="38.27" speed="2.38" harmonicMeanSpeed="0.39" length="5.00" nVehEntered="3"/>
    <interval begin="45900.00" end="46000.00" id="inductionLoop.S1" nVehContrib="31" flow="1116.00" occupancy="19.23" speed="9.97" harmonicMeanSpeed="8.06" length="5.00" nVehEntered="31"/>
    <interval begin="46000.00" end="46100.00" id="inductionLoop.S1" nVehContrib="0" flow="0.00" occupancy="41.31" speed="-1.00" harmonicMeanSpeed="-1.00" length="-1.00" nVehEntered="1"/>
    <interval begin="46100.00" end="46200.00" id="inductionLoop.S1" nVehContrib="26" flow="936.00" occupancy="53.83" speed="7.65" harmonicMeanSpeed="1.39" length="5.00" nVehEntered="26"/>
    <interval begin="46200.00" end="46300.00" id="inductionLoop.S1" nVehContrib="1" flow="36.00" occupancy="93.40" speed="0.06" harmonicMeanSpeed="0.06" length="5.00" nVehEntered="1"/>
    <interval begin="46300.00" end="46400.00" id="inductionLoop.S1" nVehContrib="23" flow="828.00" occupancy="61.23" speed="7.74" harmonicMeanSpeed="1.67" length="5.00" nVehEntered="23"/>
    <interval begin="46400.00" end="46500.00" id="inductionLoop.S1" nVehContrib="4" flow="144.00" occupancy="92.54" speed="3.69" harmonicMeanSpeed="0.30" length="5.00" nVehEntered="4"/>
    <interval begin="46500.00" end="46600.00" id="inductionLoop.S1" nVehContrib="27" flow="972.00" occupancy="57.87" speed="8.32" harmonicMeanSpeed="2.68" length="5.00" nVehEntered="27"/>
    <interval begin="46600.00" end="46700.00" id="inductionLoop.S1" nVehContrib="9" flow="324.00" occupancy="86.56" speed="7.43" harmonicMeanSpeed="0.36" length="5.00" nVehEntered="8"/>
    <interval begin="46700.00" end="46800.00" id="inductionLoop.S1" nVehContrib="16" flow="576.00" occupancy="74.06" speed="11.55" harmonicMeanSpeed="11.36" length="5.00" nVehEntered="17"/>
    <interval begin="46800.00" end="46900.00" id="inductionLoop.S1" nVehContrib="1" flow="36.00" occupancy="97.10" speed="0.03" harmonicMeanSpeed="0.03" length="5.00" nVehEntered="1"/>
    <interval begin="46900.00" end="47000.00" id="inductionLoop.S1" nVehContrib="15" flow="540.00" occupancy="76.75" speed="9.90" harmonicMeanSpeed="0.77" length="5.00" nVehEntered="14"/>
    <interval begin="47000.00" end="47100.00" id="inductionLoop.S1" nVehContrib="5" flow="180.00" occupancy="91.94" speed="11.14" harmonicMeanSpeed="10.68" length="5.00" nVehEntered="6"/>
    <interval begin="47100.00" end="47200.00" id="inductionLoop.S1" nVehContrib="8" flow="288.00" occupancy="84.02" speed="4.10" harmonicMeanSpeed="0.40" length="5.00" nVehEntered="8"/>
    <interval begin="47200.00" end="47300.00" id="inductionLoop.S1" nVehContrib="19" flow="684.00" occupancy="67.01" speed="7.30" harmonicMeanSpeed="0.83" length="5.00" nVehEntered="19"/>
    <interval begin="47300.00" end="47400.00" id="inductionLoop.S1" nVehContrib="15" flow="540.00" occupancy="75.03" speed="8.15" harmonicMeanSpeed="0.86" length="5.00" nVehEntered="15"/>
    <interval begin="47400.00" end="47500.00" id="inductionLoop.S1" nVehContrib="4" flow="144.00" occupancy="91.45" speed="2.30" harmonicMeanSpeed="0.20" length="5.00" nVehEntered="4"/>
    <interval begin="47500.00" end="47600.00" id="inductionLoop.S1" nVehContrib="15" flow="540.00" occupancy="74.20" speed="7.12" harmonicMeanSpeed="2.69" length="5.00" nVehEntered="15"/>
    <interval begin="47600.00" end="47700.00" id="inductionLoop.S1" nVehContrib="14" flow="504.00" occupancy="67.80" speed="5.11" harmonicMeanSpeed="0.58" length="5.00" nVehEntered="13"/>
    <interval begin="47700.00" end="47800.00" id="inductionLoop.S1" nVehContrib="6" flow="216.00" occupancy="87.54" speed="4.12" harmonicMeanSpeed="0.44" length="5.00" nVehEntered="7"/>
    <interval begin="47800.00" end="47900.00" id="inductionLoop.S1" nVehContrib="9" flow="324.00" occupancy="78.19" speed="4.07" harmonicMeanSpeed="0.99" length="5.00" nVehEntered="9"/>
    <interval begin="47900.00" end="48000.00" id="inductionLoop.S1" nVehContrib="13" flow="468.00" occupancy="72.88" speed="3.32" harmonicMeanSpeed="0.52" length="5.00" nVehEntered="13"/>
    <interval begin="48000.00" end="48100.00" id="inductionLoop.S1" nVehContrib="26" flow="936.00" occupancy="57.59" speed="10.85" harmonicMeanSpeed="10.55" length="5.00" nVehEntered="26"/>
    <interval begin="48100.00" end="48200.00" id="inductionLoop.S1" nVehContrib="13" flow="468.00" occupancy="79.36" speed="6.05" harmonicMeanSpeed="0.52" length="5.00" nVehEntered="12"/>
    <interval begin="48200.00" end="48300.00" id="inductionLoop.S1" nVehContrib="33" flow="1188.00" occupancy="39.62" speed="7.69" harmonicMeanSpeed="4.38" length="5.00" nVehEntered="34"/>
    <interval begin="48300.00" end="48400.00" id="inductionLoop.S1" nVehContrib="1" flow="36.00" occupancy="0.75" speed="1.87" harmonicMeanSpeed="1.87" length="5.00" nVehEntered="0"/>
    <interval begin="48400.00" end="48500.00" id="inductionLoop.S1" nVehContrib="22" flow="792.00" occupancy="55.27" speed="8.26" harmonicMeanSpeed="1.99" length="5.00" nVehEntered="22"/>
    <interval begin="48500.00" end="48600.00" id="inductionLoop.S1" nVehContrib="14" flow="504.00" occupancy="76.85" speed="7.61" harmonicMeanSpeed="0.91" length="5.00" nVehEntered="14"/>
    <interval begin="48600.00" end="48700.00" id="inductionLoop.S1" nVehContrib="19" flow="684.00" occupancy="67.49" speed="7.07" harmonicMeanSpeed="1.41" length="5.00" nVehEntered="19"/>
    <interval begin="48700.00" end="48800.00" id="inductionLoop.S1" nVehContrib="6" flow="216.00" occupancy="89.93" speed="8.48" harmonicMeanSpeed="0.40" length="5.00" nVehEntered="7"/>
    <interval begin="48800.00" end="48900.00" id="inductionLoop.S1" nVehContrib="22" flow="792.00" occupancy="63.48" speed="8.16" harmonicMeanSpeed="1.42" length="5.00" nVehEntered="21"/>
    <interval begin="48900.00" end="49000.00" id="inductionLoop.S1" nVehContrib="9" flow="324.00" occupancy="83.97" speed="9.79" harmonicMeanSpeed="0.58" length="5.00" nVehEntered="10"/>
    <interval begin="49000.00" end="49100.00" id="inductionLoop.S1" nVehContrib="17" flow="612.00" occupancy="67.26" speed="6.32" harmonicMeanSpeed="1.16" length="5.00" nVehEntered="16"/>
    <interval begin="49100.00" end="49200.00" id="inductionLoop.S1" nVehContrib="4" flow="144.00" occupancy="91.71" speed="7.49" harmonicMeanSpeed="0.29" length="5.00" nVehEntered="5"/>
    <interval begin="49200.00" end="49300.00" id="inductionLoop.S1" nVehContrib="25" flow="900.00" occupancy="53.98" speed="8.97" harmonicMeanSpeed="1.63" length="5.00" nVehEntered="25"/>
    <interval begin="49300.00" end="49400.00" id="inductionLoop.S1" nVehContrib="12" flow="432.00" occupancy="75.13" speed="6.26" harmonicMeanSpeed="4.46" length="5.00" nVehEntered="12"/>
    <interval begin="49400.00" end="49500.00" id="inductionLoop.S1" nVehContrib="19" flow="684.00" occupancy="68.41" speed="7.46" harmonicMeanSpeed="0.74" length="5.00" nVehEntered="19"/>
    <interval begin="49500.00" end="49600.00" id="inductionLoop.S1" nVehContrib="22" flow="792.00" occupancy="39.50" speed="6.41" harmonicMeanSpeed="2.65" length="5.00" nVehEntered="21"/>
    <interval begin="49600.00" end="49700.00" id="inductionLoop.S1" nVehContrib="0" flow="0.00" occupancy="22.79" speed="-1.00" harmonicMeanSpeed="-1.00" length="-1.00" nVehEntered="1"/>
    <interval begin="49700.00" end="49800.00" id="inductionLoop.S1" nVehContrib="10" flow="360.00" occupancy="76.79" speed="2.93" harmonicMeanSpeed="0.50" length="5.00" nVehEntered="9"/>
    <interval begin="49800.00" end="49900.00" id="inductionLoop.S1" nVehContrib="11" flow="396.00" occupancy="79.95" speed="8.34" harmonicMeanSpeed="7.13" length="5.00" nVehEntered="12"/>
    <interval begin="49900.00" end="50000.00" id="inductionLoop.S1" nVehContrib="13" flow="468.00" occupancy="63.19" speed="5.82" harmonicMeanSpeed="0.49" length="5.00" nVehEntered="13"/>
    <interval begin="50000.00" end="50004.00" id="inductionLoop.S1" nVehContrib="1" flow="900.00" occupancy="24.57" speed="5.09" harmonicMeanSpeed="5.09" length="5.00" nVehEntered="1"/>
</detector>
