<?xml version="1.0" encoding="UTF-8"?>

<!-- generated on 2023-07-21 19:29:31 by Eclipse SUMO sumo Version 1.12.0
<configuration xmlns:xsi="http://www.w3.org/2001/XMLSchema-instance" xsi:noNamespaceSchemaLocation="http://sumo.dlr.de/xsd/sumoConfiguration.xsd">

    <input>
        <net-file value="Data0-6/intersection.net.xml"/>
        <route-files value="Data0-6/intersection.rou.xml"/>
        <additional-files value="Data0-6/intersection.det.xml"/>
    </input>

    <output>
        <tripinfo-output value="Data0-6/tripinfo.xml"/>
    </output>

    <time>
        <begin value="0"/>
    </time>

    <processing>
        <time-to-teleport value="-1"/>
        <waiting-time-memory value="60000"/>
    </processing>

    <report>
        <verbose value="true"/>
        <no-step-log value="true"/>
    </report>

    <emissions>
        <device.emissions.probability value="1"/>
    </emissions>

    <traci_server>
        <remote-port value="47533"/>
    </traci_server>

    <gui_only>
        <gui-settings-file value="Data0-6/intersection.settings.xml"/>
    </gui_only>

</configuration>
-->

<detector xmlns:xsi="http://www.w3.org/2001/XMLSchema-instance" xsi:noNamespaceSchemaLocation="http://sumo.dlr.de/xsd/det_e1_file.xsd">
    <interval begin="0.00" end="100.00" id="inductionLoop.S2" nVehContrib="1" flow="36.00" occupancy="0.34" speed="14.83" harmonicMeanSpeed="14.83" length="5.00" nVehEntered="1"/>
    <interval begin="100.00" end="200.00" id="inductionLoop.S2" nVehContrib="4" flow="144.00" occupancy="2.61" speed="8.73" harmonicMeanSpeed="7.66" length="5.00" nVehEntered="4"/>
    <interval begin="200.00" end="300.00" id="inductionLoop.S2" nVehContrib="8" flow="288.00" occupancy="13.97" speed="6.61" harmonicMeanSpeed="2.97" length="5.00" nVehEntered="9"/>
    <interval begin="300.00" end="400.00" id="inductionLoop.S2" nVehContrib="8" flow="288.00" occupancy="7.67" speed="6.91" harmonicMeanSpeed="5.40" length="5.00" nVehEntered="9"/>
    <interval begin="400.00" end="500.00" id="inductionLoop.S2" nVehContrib="8" flow="288.00" occupancy="15.98" speed="3.80" harmonicMeanSpeed="2.50" length="5.00" nVehEntered="8"/>
    <interval begin="500.00" end="600.00" id="inductionLoop.S2" nVehContrib="5" flow="180.00" occupancy="8.63" speed="5.75" harmonicMeanSpeed="3.00" length="5.00" nVehEntered="7"/>
    <interval begin="600.00" end="700.00" id="inductionLoop.S2" nVehContrib="8" flow="288.00" occupancy="23.64" speed="10.36" harmonicMeanSpeed="10.14" length="5.00" nVehEntered="10"/>
    <interval begin="700.00" end="800.00" id="inductionLoop.S2" nVehContrib="11" flow="396.00" occupancy="12.87" speed="8.36" harmonicMeanSpeed="1.71" length="5.00" nVehEntered="10"/>
    <interval begin="800.00" end="900.00" id="inductionLoop.S2" nVehContrib="8" flow="288.00" occupancy="4.70" speed="10.22" harmonicMeanSpeed="9.72" length="5.00" nVehEntered="10"/>
    <interval begin="900.00" end="1000.00" id="inductionLoop.S2" nVehContrib="10" flow="360.00" occupancy="6.68" speed="9.36" harmonicMeanSpeed="7.48" length="5.00" nVehEntered="10"/>
    <interval begin="1000.00" end="1100.00" id="inductionLoop.S2" nVehContrib="9" flow="324.00" occupancy="7.35" speed="8.87" harmonicMeanSpeed="7.60" length="5.00" nVehEntered="11"/>
    <interval begin="1100.00" end="1200.00" id="inductionLoop.S2" nVehContrib="2" flow="72.00" occupancy="0.97" speed="10.75" harmonicMeanSpeed="10.30" length="5.00" nVehEntered="2"/>
    <interval begin="1200.00" end="1300.00" id="inductionLoop.S2" nVehContrib="4" flow="144.00" occupancy="2.02" speed="10.18" harmonicMeanSpeed="9.90" length="5.00" nVehEntered="4"/>
    <interval begin="1300.00" end="1400.00" id="inductionLoop.S2" nVehContrib="8" flow="288.00" occupancy="3.59" speed="11.79" harmonicMeanSpeed="11.15" length="5.00" nVehEntered="8"/>
    <interval begin="1400.00" end="1500.00" id="inductionLoop.S2" nVehContrib="7" flow="252.00" occupancy="5.15" speed="9.89" harmonicMeanSpeed="8.05" length="5.00" nVehEntered="10"/>
    <interval begin="1500.00" end="1600.00" id="inductionLoop.S2" nVehContrib="5" flow="180.00" occupancy="2.14" speed="12.67" harmonicMeanSpeed="12.67" length="5.00" nVehEntered="7"/>
    <interval begin="1600.00" end="1700.00" id="inductionLoop.S2" nVehContrib="9" flow="324.00" occupancy="6.20" speed="9.66" harmonicMeanSpeed="7.58" length="5.00" nVehEntered="10"/>
    <interval begin="1700.00" end="1800.00" id="inductionLoop.S2" nVehContrib="5" flow="180.00" occupancy="3.98" speed="9.03" harmonicMeanSpeed="6.28" length="5.00" nVehEntered="5"/>
    <interval begin="1800.00" end="1900.00" id="inductionLoop.S2" nVehContrib="5" flow="180.00" occupancy="4.37" speed="7.25" harmonicMeanSpeed="5.72" length="5.00" nVehEntered="5"/>
    <interval begin="1900.00" end="2000.00" id="inductionLoop.S2" nVehContrib="8" flow="288.00" occupancy="4.89" speed="9.10" harmonicMeanSpeed="8.65" length="5.00" nVehEntered="9"/>
    <interval begin="2000.00" end="2100.00" id="inductionLoop.S2" nVehContrib="9" flow="324.00" occupancy="10.34" speed="7.30" harmonicMeanSpeed="4.25" length="5.00" nVehEntered="8"/>
    <interval begin="2100.00" end="2200.00" id="inductionLoop.S2" nVehContrib="3" flow="108.00" occupancy="2.84" speed="9.51" harmonicMeanSpeed="7.52" length="5.00" nVehEntered="6"/>
    <interval begin="2200.00" end="2300.00" id="inductionLoop.S2" nVehContrib="11" flow="396.00" occupancy="9.46" speed="9.15" harmonicMeanSpeed="6.00" length="5.00" nVehEntered="12"/>
    <interval begin="2300.00" end="2400.00" id="inductionLoop.S2" nVehContrib="3" flow="108.00" occupancy="1.80" speed="10.29" harmonicMeanSpeed="8.32" length="5.00" nVehEntered="3"/>
    <interval begin="2400.00" end="2500.00" id="inductionLoop.S2" nVehContrib="0" flow="0.00" occupancy="0.00" speed="-1.00" harmonicMeanSpeed="-1.00" length="-1.00" nVehEntered="0"/>
    <interval begin="2500.00" end="2600.00" id="inductionLoop.S2" nVehContrib="7" flow="252.00" occupancy="3.89" speed="11.49" harmonicMeanSpeed="8.99" length="5.00" nVehEntered="7"/>
    <interval begin="2600.00" end="2700.00" id="inductionLoop.S2" nVehContrib="6" flow="216.00" occupancy="4.71" speed="8.51" harmonicMeanSpeed="7.06" length="5.00" nVehEntered="7"/>
    <interval begin="2700.00" end="2800.00" id="inductionLoop.S2" nVehContrib="5" flow="180.00" occupancy="2.57" speed="10.34" harmonicMeanSpeed="10.03" length="5.00" nVehEntered="6"/>
    <interval begin="2800.00" end="2900.00" id="inductionLoop.S2" nVehContrib="7" flow="252.00" occupancy="5.13" speed="9.35" harmonicMeanSpeed="6.82" length="5.00" nVehEntered="7"/>
    <interval begin="2900.00" end="3000.00" id="inductionLoop.S2" nVehContrib="3" flow="108.00" occupancy="2.29" speed="9.75" harmonicMeanSpeed="7.75" length="5.00" nVehEntered="5"/>
    <interval begin="3000.00" end="3100.00" id="inductionLoop.S2" nVehContrib="6" flow="216.00" occupancy="3.50" speed="11.30" harmonicMeanSpeed="8.57" length="5.00" nVehEntered="6"/>
    <interval begin="3100.00" end="3200.00" id="inductionLoop.S2" nVehContrib="8" flow="288.00" occupancy="6.85" speed="9.61" harmonicMeanSpeed="8.24" length="5.00" nVehEntered="9"/>
    <interval begin="3200.00" end="3300.00" id="inductionLoop.S2" nVehContrib="4" flow="144.00" occupancy="2.51" speed="9.51" harmonicMeanSpeed="8.51" length="5.00" nVehEntered="5"/>
    <interval begin="3300.00" end="3400.00" id="inductionLoop.S2" nVehContrib="4" flow="144.00" occupancy="3.12" speed="8.24" harmonicMeanSpeed="6.42" length="5.00" nVehEntered="4"/>
    <interval begin="3400.00" end="3500.00" id="inductionLoop.S2" nVehContrib="4" flow="144.00" occupancy="2.49" speed="10.64" harmonicMeanSpeed="8.45" length="5.00" nVehEntered="5"/>
    <interval begin="3500.00" end="3600.00" id="inductionLoop.S2" nVehContrib="2" flow="72.00" occupancy="1.78" speed="7.64" harmonicMeanSpeed="5.60" length="5.00" nVehEntered="2"/>
    <interval begin="3600.00" end="3700.00" id="inductionLoop.S2" nVehContrib="8" flow="288.00" occupancy="9.38" speed="5.83" harmonicMeanSpeed="4.56" length="5.00" nVehEntered="10"/>
    <interval begin="3700.00" end="3800.00" id="inductionLoop.S2" nVehContrib="7" flow="252.00" occupancy="3.12" speed="12.69" harmonicMeanSpeed="12.42" length="5.00" nVehEntered="9"/>
    <interval begin="3800.00" end="3900.00" id="inductionLoop.S2" nVehContrib="8" flow="288.00" occupancy="3.64" speed="10.50" harmonicMeanSpeed="10.17" length="5.00" nVehEntered="7"/>
    <interval begin="3900.00" end="4000.00" id="inductionLoop.S2" nVehContrib="10" flow="360.00" occupancy="6.90" speed="8.73" harmonicMeanSpeed="7.25" length="5.00" nVehEntered="10"/>
    <interval begin="4000.00" end="4100.00" id="inductionLoop.S2" nVehContrib="3" flow="108.00" occupancy="2.38" speed="9.22" harmonicMeanSpeed="7.35" length="5.00" nVehEntered="4"/>
    <interval begin="4100.00" end="4200.00" id="inductionLoop.S2" nVehContrib="8" flow="288.00" occupancy="3.89" speed="11.83" harmonicMeanSpeed="11.29" length="5.00" nVehEntered="9"/>
    <interval begin="4200.00" end="4300.00" id="inductionLoop.S2" nVehContrib="9" flow="324.00" occupancy="22.02" speed="6.85" harmonicMeanSpeed="2.12" length="5.00" nVehEntered="10"/>
    <interval begin="4300.00" end="4400.00" id="inductionLoop.S2" nVehContrib="4" flow="144.00" occupancy="2.62" speed="11.04" harmonicMeanSpeed="8.46" length="5.00" nVehEntered="5"/>
    <interval begin="4400.00" end="4500.00" id="inductionLoop.S2" nVehContrib="5" flow="180.00" occupancy="2.40" speed="13.09" harmonicMeanSpeed="12.99" length="5.00" nVehEntered="6"/>
    <interval begin="4500.00" end="4600.00" id="inductionLoop.S2" nVehContrib="7" flow="252.00" occupancy="4.00" speed="10.16" harmonicMeanSpeed="8.76" length="5.00" nVehEntered="7"/>
    <interval begin="4600.00" end="4700.00" id="inductionLoop.S2" nVehContrib="8" flow="288.00" occupancy="6.03" speed="9.10" harmonicMeanSpeed="7.64" length="5.00" nVehEntered="10"/>
    <interval begin="4700.00" end="4800.00" id="inductionLoop.S2" nVehContrib="6" flow="216.00" occupancy="3.44" speed="10.41" harmonicMeanSpeed="8.72" length="5.00" nVehEntered="6"/>
    <interval begin="4800.00" end="4900.00" id="inductionLoop.S2" nVehContrib="6" flow="216.00" occupancy="2.52" speed="12.02" harmonicMeanSpeed="11.91" length="5.00" nVehEntered="6"/>
    <interval begin="4900.00" end="5000.00" id="inductionLoop.S2" nVehContrib="3" flow="108.00" occupancy="2.79" speed="8.92" harmonicMeanSpeed="6.16" length="5.00" nVehEntered="4"/>
    <interval begin="5000.00" end="5100.00" id="inductionLoop.S2" nVehContrib="6" flow="216.00" occupancy="2.91" speed="11.53" harmonicMeanSpeed="9.21" length="5.00" nVehEntered="5"/>
    <interval begin="5100.00" end="5200.00" id="inductionLoop.S2" nVehContrib="1" flow="36.00" occupancy="1.07" speed="4.69" harmonicMeanSpeed="4.69" length="5.00" nVehEntered="1"/>
    <interval begin="5200.00" end="5300.00" id="inductionLoop.S2" nVehContrib="4" flow="144.00" occupancy="1.70" speed="11.86" harmonicMeanSpeed="11.78" length="5.00" nVehEntered="4"/>
    <interval begin="5300.00" end="5400.00" id="inductionLoop.S2" nVehContrib="9" flow="324.00" occupancy="10.00" speed="7.25" harmonicMeanSpeed="5.63" length="5.00" nVehEntered="10"/>
    <interval begin="5400.00" end="5500.00" id="inductionLoop.S2" nVehContrib="4" flow="144.00" occupancy="4.36" speed="5.96" harmonicMeanSpeed="4.90" length="5.00" nVehEntered="5"/>
    <interval begin="5500.00" end="5600.00" id="inductionLoop.S2" nVehContrib="4" flow="144.00" occupancy="2.50" speed="10.02" harmonicMeanSpeed="8.24" length="5.00" nVehEntered="5"/>
    <interval begin="5600.00" end="5700.00" id="inductionLoop.S2" nVehContrib="3" flow="108.00" occupancy="1.25" speed="12.21" harmonicMeanSpeed="12.01" length="5.00" nVehEntered="3"/>
    <interval begin="5700.00" end="5800.00" id="inductionLoop.S2" nVehContrib="1" flow="36.00" occupancy="0.42" speed="11.79" harmonicMeanSpeed="11.79" length="5.00" nVehEntered="1"/>
    <interval begin="5800.00" end="5900.00" id="inductionLoop.S2" nVehContrib="4" flow="144.00" occupancy="2.74" speed="9.76" harmonicMeanSpeed="7.78" length="5.00" nVehEntered="5"/>
    <interval begin="5900.00" end="6000.00" id="inductionLoop.S2" nVehContrib="0" flow="0.00" occupancy="0.00" speed="-1.00" harmonicMeanSpeed="-1.00" length="-1.00" nVehEntered="0"/>
    <interval begin="6000.00" end="6100.00" id="inductionLoop.S2" nVehContrib="4" flow="144.00" occupancy="2.15" speed="11.24" harmonicMeanSpeed="9.30" length="5.00" nVehEntered="4"/>
    <interval begin="6100.00" end="6200.00" id="inductionLoop.S2" nVehContrib="5" flow="180.00" occupancy="3.45" speed="10.09" harmonicMeanSpeed="7.60" length="5.00" nVehEntered="6"/>
    <interval begin="6200.00" end="6300.00" id="inductionLoop.S2" nVehContrib="1" flow="36.00" occupancy="0.36" speed="13.94" harmonicMeanSpeed="13.94" length="5.00" nVehEntered="1"/>
    <interval begin="6300.00" end="6400.00" id="inductionLoop.S2" nVehContrib="1" flow="36.00" occupancy="0.37" speed="13.50" harmonicMeanSpeed="13.50" length="5.00" nVehEntered="1"/>
    <interval begin="6400.00" end="6500.00" id="inductionLoop.S2" nVehContrib="6" flow="216.00" occupancy="3.54" speed="11.15" harmonicMeanSpeed="8.47" length="5.00" nVehEntered="6"/>
    <interval begin="6500.00" end="6600.00" id="inductionLoop.S2" nVehContrib="3" flow="108.00" occupancy="2.97" speed="11.64" harmonicMeanSpeed="11.33" length="5.00" nVehEntered="4"/>
    <interval begin="6600.00" end="6700.00" id="inductionLoop.S2" nVehContrib="3" flow="108.00" occupancy="1.37" speed="10.92" harmonicMeanSpeed="10.92" length="5.00" nVehEntered="3"/>
    <interval begin="6700.00" end="6800.00" id="inductionLoop.S2" nVehContrib="2" flow="72.00" occupancy="2.22" speed="5.79" harmonicMeanSpeed="4.51" length="5.00" nVehEntered="2"/>
    <interval begin="6800.00" end="6900.00" id="inductionLoop.S2" nVehContrib="5" flow="180.00" occupancy="3.60" speed="9.38" harmonicMeanSpeed="6.95" length="5.00" nVehEntered="5"/>
    <interval begin="6900.00" end="7000.00" id="inductionLoop.S2" nVehContrib="7" flow="252.00" occupancy="6.13" speed="8.11" harmonicMeanSpeed="6.06" length="5.00" nVehEntered="9"/>
    <interval begin="7000.00" end="7100.00" id="inductionLoop.S2" nVehContrib="0" flow="0.00" occupancy="0.00" speed="-1.00" harmonicMeanSpeed="-1.00" length="-1.00" nVehEntered="0"/>
    <interval begin="7100.00" end="7200.00" id="inductionLoop.S2" nVehContrib="1" flow="36.00" occupancy="0.42" speed="11.95" harmonicMeanSpeed="11.95" length="5.00" nVehEntered="1"/>
    <interval begin="7200.00" end="7300.00" id="inductionLoop.S2" nVehContrib="1" flow="36.00" occupancy="0.35" speed="14.31" harmonicMeanSpeed="14.31" length="5.00" nVehEntered="1"/>
    <interval begin="7300.00" end="7400.00" id="inductionLoop.S2" nVehContrib="0" flow="0.00" occupancy="0.00" speed="-1.00" harmonicMeanSpeed="-1.00" length="-1.00" nVehEntered="0"/>
    <interval begin="7400.00" end="7500.00" id="inductionLoop.S2" nVehContrib="3" flow="108.00" occupancy="2.18" speed="8.70" harmonicMeanSpeed="6.87" length="5.00" nVehEntered="3"/>
    <interval begin="7500.00" end="7600.00" id="inductionLoop.S2" nVehContrib="6" flow="216.00" occupancy="3.51" speed="10.75" harmonicMeanSpeed="8.54" length="5.00" nVehEntered="6"/>
    <interval begin="7600.00" end="7700.00" id="inductionLoop.S2" nVehContrib="5" flow="180.00" occupancy="4.53" speed="6.42" harmonicMeanSpeed="5.52" length="5.00" nVehEntered="5"/>
    <interval begin="7700.00" end="7800.00" id="inductionLoop.S2" nVehContrib="3" flow="108.00" occupancy="1.22" speed="12.40" harmonicMeanSpeed="12.32" length="5.00" nVehEntered="3"/>
    <interval begin="7800.00" end="7900.00" id="inductionLoop.S2" nVehContrib="2" flow="72.00" occupancy="0.78" speed="12.90" harmonicMeanSpeed="12.90" length="5.00" nVehEntered="2"/>
    <interval begin="7900.00" end="8000.00" id="inductionLoop.S2" nVehContrib="2" flow="72.00" occupancy="1.61" speed="8.80" harmonicMeanSpeed="6.53" length="5.00" nVehEntered="3"/>
    <interval begin="8000.00" end="8100.00" id="inductionLoop.S2" nVehContrib="2" flow="72.00" occupancy="0.75" speed="13.28" harmonicMeanSpeed="13.28" length="5.00" nVehEntered="2"/>
    <interval begin="8100.00" end="8200.00" id="inductionLoop.S2" nVehContrib="1" flow="36.00" occupancy="1.44" speed="3.46" harmonicMeanSpeed="3.46" length="5.00" nVehEntered="1"/>
    <interval begin="8200.00" end="8300.00" id="inductionLoop.S2" nVehContrib="2" flow="72.00" occupancy="1.14" speed="12.11" harmonicMeanSpeed="12.05" length="5.00" nVehEntered="3"/>
    <interval begin="8300.00" end="8400.00" id="inductionLoop.S2" nVehContrib="4" flow="144.00" occupancy="2.77" speed="10.68" harmonicMeanSpeed="7.70" length="5.00" nVehEntered="5"/>
    <interval begin="8400.00" end="8500.00" id="inductionLoop.S2" nVehContrib="6" flow="216.00" occupancy="4.73" speed="9.92" harmonicMeanSpeed="6.49" length="5.00" nVehEntered="7"/>
    <interval begin="8500.00" end="8600.00" id="inductionLoop.S2" nVehContrib="5" flow="180.00" occupancy="4.44" speed="8.77" harmonicMeanSpeed="6.00" length="5.00" nVehEntered="6"/>
    <interval begin="8600.00" end="8700.00" id="inductionLoop.S2" nVehContrib="6" flow="216.00" occupancy="4.31" speed="9.26" harmonicMeanSpeed="6.96" length="5.00" nVehEntered="6"/>
    <interval begin="8700.00" end="8800.00" id="inductionLoop.S2" nVehContrib="5" flow="180.00" occupancy="2.33" speed="11.08" harmonicMeanSpeed="10.72" length="5.00" nVehEntered="5"/>
    <interval begin="8800.00" end="8900.00" id="inductionLoop.S2" nVehContrib="6" flow="216.00" occupancy="3.99" speed="9.26" harmonicMeanSpeed="8.07" length="5.00" nVehEntered="7"/>
    <interval begin="8900.00" end="9000.00" id="inductionLoop.S2" nVehContrib="3" flow="108.00" occupancy="1.43" speed="11.84" harmonicMeanSpeed="11.34" length="5.00" nVehEntered="5"/>
    <interval begin="9000.00" end="9100.00" id="inductionLoop.S2" nVehContrib="3" flow="108.00" occupancy="1.75" speed="11.17" harmonicMeanSpeed="8.58" length="5.00" nVehEntered="3"/>
    <interval begin="9100.00" end="9200.00" id="inductionLoop.S2" nVehContrib="3" flow="108.00" occupancy="1.98" speed="10.12" harmonicMeanSpeed="7.56" length="5.00" nVehEntered="3"/>
    <interval begin="9200.00" end="9300.00" id="inductionLoop.S2" nVehContrib="5" flow="180.00" occupancy="2.67" speed="10.96" harmonicMeanSpeed="9.51" length="5.00" nVehEntered="6"/>
    <interval begin="9300.00" end="9400.00" id="inductionLoop.S2" nVehContrib="5" flow="180.00" occupancy="3.75" speed="8.99" harmonicMeanSpeed="6.66" length="5.00" nVehEntered="5"/>
    <interval begin="9400.00" end="9500.00" id="inductionLoop.S2" nVehContrib="3" flow="108.00" occupancy="1.55" speed="13.30" harmonicMeanSpeed="13.29" length="5.00" nVehEntered="5"/>
    <interval begin="9500.00" end="9600.00" id="inductionLoop.S2" nVehContrib="4" flow="144.00" occupancy="2.86" speed="8.41" harmonicMeanSpeed="6.99" length="5.00" nVehEntered="4"/>
    <interval begin="9600.00" end="9700.00" id="inductionLoop.S2" nVehContrib="2" flow="72.00" occupancy="1.73" speed="8.40" harmonicMeanSpeed="6.50" length="5.00" nVehEntered="3"/>
    <interval begin="9700.00" end="9800.00" id="inductionLoop.S2" nVehContrib="3" flow="108.00" occupancy="2.36" speed="8.39" harmonicMeanSpeed="6.34" length="5.00" nVehEntered="3"/>
    <interval begin="9800.00" end="9900.00" id="inductionLoop.S2" nVehContrib="2" flow="72.00" occupancy="0.76" speed="13.28" harmonicMeanSpeed="13.23" length="5.00" nVehEntered="2"/>
    <interval begin="9900.00" end="10000.00" id="inductionLoop.S2" nVehContrib="2" flow="72.00" occupancy="1.84" speed="6.09" harmonicMeanSpeed="5.43" length="5.00" nVehEntered="2"/>
    <interval begin="10000.00" end="10100.00" id="inductionLoop.S2" nVehContrib="4" flow="144.00" occupancy="1.68" speed="12.52" harmonicMeanSpeed="12.49" length="5.00" nVehEntered="5"/>
    <interval begin="10100.00" end="10200.00" id="inductionLoop.S2" nVehContrib="3" flow="108.00" occupancy="1.79" speed="10.48" harmonicMeanSpeed="8.36" length="5.00" nVehEntered="3"/>
    <interval begin="10200.00" end="10300.00" id="inductionLoop.S2" nVehContrib="2" flow="72.00" occupancy="1.78" speed="7.52" harmonicMeanSpeed="5.62" length="5.00" nVehEntered="2"/>
    <interval begin="10300.00" end="10400.00" id="inductionLoop.S2" nVehContrib="1" flow="36.00" occupancy="0.32" speed="15.60" harmonicMeanSpeed="15.60" length="5.00" nVehEntered="1"/>
    <interval begin="10400.00" end="10500.00" id="inductionLoop.S2" nVehContrib="0" flow="0.00" occupancy="0.00" speed="-1.00" harmonicMeanSpeed="-1.00" length="-1.00" nVehEntered="0"/>
    <interval begin="10500.00" end="10600.00" id="inductionLoop.S2" nVehContrib="2" flow="72.00" occupancy="1.47" speed="8.86" harmonicMeanSpeed="6.78" length="5.00" nVehEntered="2"/>
    <interval begin="10600.00" end="10700.00" id="inductionLoop.S2" nVehContrib="5" flow="180.00" occupancy="3.38" speed="9.21" harmonicMeanSpeed="7.39" length="5.00" nVehEntered="5"/>
    <interval begin="10700.00" end="10800.00" id="inductionLoop.S2" nVehContrib="2" flow="72.00" occupancy="2.45" speed="4.13" harmonicMeanSpeed="4.08" length="5.00" nVehEntered="2"/>
    <interval begin="10800.00" end="10900.00" id="inductionLoop.S2" nVehContrib="3" flow="108.00" occupancy="1.40" speed="12.54" harmonicMeanSpeed="12.44" length="5.00" nVehEntered="4"/>
    <interval begin="10900.00" end="11000.00" id="inductionLoop.S2" nVehContrib="0" flow="0.00" occupancy="0.00" speed="-1.00" harmonicMeanSpeed="-1.00" length="-1.00" nVehEntered="0"/>
    <interval begin="11000.00" end="11100.00" id="inductionLoop.S2" nVehContrib="0" flow="0.00" occupancy="0.00" speed="-1.00" harmonicMeanSpeed="-1.00" length="-1.00" nVehEntered="0"/>
    <interval begin="11100.00" end="11200.00" id="inductionLoop.S2" nVehContrib="5" flow="180.00" occupancy="2.82" speed="11.47" harmonicMeanSpeed="8.86" length="5.00" nVehEntered="5"/>
    <interval begin="11200.00" end="11300.00" id="inductionLoop.S2" nVehContrib="1" flow="36.00" occupancy="1.19" speed="4.21" harmonicMeanSpeed="4.21" length="5.00" nVehEntered="1"/>
    <interval begin="11300.00" end="11400.00" id="inductionLoop.S2" nVehContrib="2" flow="72.00" occupancy="0.74" speed="13.52" harmonicMeanSpeed="13.51" length="5.00" nVehEntered="2"/>
    <interval begin="11400.00" end="11500.00" id="inductionLoop.S2" nVehContrib="0" flow="0.00" occupancy="0.00" speed="-1.00" harmonicMeanSpeed="-1.00" length="-1.00" nVehEntered="0"/>
    <interval begin="11500.00" end="11600.00" id="inductionLoop.S2" nVehContrib="3" flow="108.00" occupancy="2.65" speed="7.95" harmonicMeanSpeed="5.66" length="5.00" nVehEntered="3"/>
    <interval begin="11600.00" end="11700.00" id="inductionLoop.S2" nVehContrib="2" flow="72.00" occupancy="0.69" speed="14.49" harmonicMeanSpeed="14.42" length="5.00" nVehEntered="2"/>
    <interval begin="11700.00" end="11800.00" id="inductionLoop.S2" nVehContrib="1" flow="36.00" occupancy="0.67" speed="13.57" harmonicMeanSpeed="13.57" length="5.00" nVehEntered="2"/>
    <interval begin="11800.00" end="11900.00" id="inductionLoop.S2" nVehContrib="2" flow="72.00" occupancy="0.97" speed="13.49" harmonicMeanSpeed="13.49" length="5.00" nVehEntered="3"/>
    <interval begin="11900.00" end="12000.00" id="inductionLoop.S2" nVehContrib="2" flow="72.00" occupancy="0.70" speed="14.29" harmonicMeanSpeed="14.22" length="5.00" nVehEntered="2"/>
    <interval begin="12000.00" end="12100.00" id="inductionLoop.S2" nVehContrib="0" flow="0.00" occupancy="0.00" speed="-1.00" harmonicMeanSpeed="-1.00" length="-1.00" nVehEntered="0"/>
    <interval begin="12100.00" end="12200.00" id="inductionLoop.S2" nVehContrib="2" flow="72.00" occupancy="0.74" speed="13.64" harmonicMeanSpeed="13.57" length="5.00" nVehEntered="2"/>
    <interval begin="12200.00" end="12300.00" id="inductionLoop.S2" nVehContrib="1" flow="36.00" occupancy="1.14" speed="4.38" harmonicMeanSpeed="4.38" length="5.00" nVehEntered="1"/>
    <interval begin="12300.00" end="12400.00" id="inductionLoop.S2" nVehContrib="1" flow="36.00" occupancy="0.38" speed="13.08" harmonicMeanSpeed="13.08" length="5.00" nVehEntered="1"/>
    <interval begin="12400.00" end="12500.00" id="inductionLoop.S2" nVehContrib="1" flow="36.00" occupancy="0.41" speed="12.29" harmonicMeanSpeed="12.29" length="5.00" nVehEntered="1"/>
    <interval begin="12500.00" end="12600.00" id="inductionLoop.S2" nVehContrib="2" flow="72.00" occupancy="1.62" speed="9.26" harmonicMeanSpeed="6.19" length="5.00" nVehEntered="2"/>
    <interval begin="12600.00" end="12700.00" id="inductionLoop.S2" nVehContrib="3" flow="108.00" occupancy="2.48" speed="9.54" harmonicMeanSpeed="6.83" length="5.00" nVehEntered="4"/>
    <interval begin="12700.00" end="12800.00" id="inductionLoop.S2" nVehContrib="0" flow="0.00" occupancy="0.00" speed="-1.00" harmonicMeanSpeed="-1.00" length="-1.00" nVehEntered="0"/>
    <interval begin="12800.00" end="12900.00" id="inductionLoop.S2" nVehContrib="2" flow="72.00" occupancy="2.67" speed="3.75" harmonicMeanSpeed="3.75" length="5.00" nVehEntered="2"/>
    <interval begin="12900.00" end="13000.00" id="inductionLoop.S2" nVehContrib="0" flow="0.00" occupancy="0.00" speed="-1.00" harmonicMeanSpeed="-1.00" length="-1.00" nVehEntered="0"/>
    <interval begin="13000.00" end="13100.00" id="inductionLoop.S2" nVehContrib="3" flow="108.00" occupancy="1.45" speed="10.88" harmonicMeanSpeed="10.31" length="5.00" nVehEntered="3"/>
    <interval begin="13100.00" end="13200.00" id="inductionLoop.S2" nVehContrib="0" flow="0.00" occupancy="0.00" speed="-1.00" harmonicMeanSpeed="-1.00" length="-1.00" nVehEntered="0"/>
    <interval begin="13200.00" end="13300.00" id="inductionLoop.S2" nVehContrib="3" flow="108.00" occupancy="1.13" speed="13.51" harmonicMeanSpeed="13.24" length="5.00" nVehEntered="3"/>
    <interval begin="13300.00" end="13400.00" id="inductionLoop.S2" nVehContrib="0" flow="0.00" occupancy="0.00" speed="-1.00" harmonicMeanSpeed="-1.00" length="-1.00" nVehEntered="0"/>
    <interval begin="13400.00" end="13500.00" id="inductionLoop.S2" nVehContrib="2" flow="72.00" occupancy="0.73" speed="13.72" harmonicMeanSpeed="13.65" length="5.00" nVehEntered="2"/>
    <interval begin="13500.00" end="13600.00" id="inductionLoop.S2" nVehContrib="2" flow="72.00" occupancy="1.41" speed="9.91" harmonicMeanSpeed="7.11" length="5.00" nVehEntered="2"/>
    <interval begin="13600.00" end="13700.00" id="inductionLoop.S2" nVehContrib="1" flow="36.00" occupancy="0.35" speed="14.32" harmonicMeanSpeed="14.32" length="5.00" nVehEntered="1"/>
    <interval begin="13700.00" end="13800.00" id="inductionLoop.S2" nVehContrib="1" flow="36.00" occupancy="0.37" speed="13.61" harmonicMeanSpeed="13.61" length="5.00" nVehEntered="1"/>
    <interval begin="13800.00" end="13900.00" id="inductionLoop.S2" nVehContrib="2" flow="72.00" occupancy="0.72" speed="13.85" harmonicMeanSpeed="13.85" length="5.00" nVehEntered="2"/>
    <interval begin="13900.00" end="14000.00" id="inductionLoop.S2" nVehContrib="0" flow="0.00" occupancy="0.00" speed="-1.00" harmonicMeanSpeed="-1.00" length="-1.00" nVehEntered="0"/>
    <interval begin="14000.00" end="14100.00" id="inductionLoop.S2" nVehContrib="3" flow="108.00" occupancy="1.95" speed="10.36" harmonicMeanSpeed="7.70" length="5.00" nVehEntered="3"/>
    <interval begin="14100.00" end="14200.00" id="inductionLoop.S2" nVehContrib="0" flow="0.00" occupancy="0.00" speed="-1.00" harmonicMeanSpeed="-1.00" length="-1.00" nVehEntered="0"/>
    <interval begin="14200.00" end="14300.00" id="inductionLoop.S2" nVehContrib="3" flow="108.00" occupancy="1.53" speed="12.82" harmonicMeanSpeed="12.55" length="5.00" nVehEntered="4"/>
    <interval begin="14300.00" end="14400.00" id="inductionLoop.S2" nVehContrib="1" flow="36.00" occupancy="0.35" speed="14.34" harmonicMeanSpeed="14.34" length="5.00" nVehEntered="1"/>
    <interval begin="14400.00" end="14500.00" id="inductionLoop.S2" nVehContrib="4" flow="144.00" occupancy="1.55" speed="13.04" harmonicMeanSpeed="12.86" length="5.00" nVehEntered="4"/>
    <interval begin="14500.00" end="14600.00" id="inductionLoop.S2" nVehContrib="0" flow="0.00" occupancy="0.00" speed="-1.00" harmonicMeanSpeed="-1.00" length="-1.00" nVehEntered="0"/>
    <interval begin="14600.00" end="14700.00" id="inductionLoop.S2" nVehContrib="0" flow="0.00" occupancy="0.00" speed="-1.00" harmonicMeanSpeed="-1.00" length="-1.00" nVehEntered="0"/>
    <interval begin="14700.00" end="14800.00" id="inductionLoop.S2" nVehContrib="2" flow="72.00" occupancy="0.70" speed="14.29" harmonicMeanSpeed="14.26" length="5.00" nVehEntered="2"/>
    <interval begin="14800.00" end="14900.00" id="inductionLoop.S2" nVehContrib="1" flow="36.00" occupancy="1.09" speed="4.60" harmonicMeanSpeed="4.60" length="5.00" nVehEntered="1"/>
    <interval begin="14900.00" end="15000.00" id="inductionLoop.S2" nVehContrib="1" flow="36.00" occupancy="0.37" speed="13.55" harmonicMeanSpeed="13.55" length="5.00" nVehEntered="1"/>
    <interval begin="15000.00" end="15100.00" id="inductionLoop.S2" nVehContrib="2" flow="72.00" occupancy="1.38" speed="9.15" harmonicMeanSpeed="7.23" length="5.00" nVehEntered="2"/>
    <interval begin="15100.00" end="15200.00" id="inductionLoop.S2" nVehContrib="3" flow="108.00" occupancy="1.12" speed="13.41" harmonicMeanSpeed="13.40" length="5.00" nVehEntered="3"/>
    <interval begin="15200.00" end="15300.00" id="inductionLoop.S2" nVehContrib="4" flow="144.00" occupancy="2.05" speed="11.71" harmonicMeanSpeed="11.38" length="5.00" nVehEntered="5"/>
    <interval begin="15300.00" end="15400.00" id="inductionLoop.S2" nVehContrib="1" flow="36.00" occupancy="0.37" speed="13.35" harmonicMeanSpeed="13.35" length="5.00" nVehEntered="1"/>
    <interval begin="15400.00" end="15500.00" id="inductionLoop.S2" nVehContrib="2" flow="72.00" occupancy="0.81" speed="12.69" harmonicMeanSpeed="12.38" length="5.00" nVehEntered="2"/>
    <interval begin="15500.00" end="15600.00" id="inductionLoop.S2" nVehContrib="0" flow="0.00" occupancy="0.00" speed="-1.00" harmonicMeanSpeed="-1.00" length="-1.00" nVehEntered="0"/>
    <interval begin="15600.00" end="15700.00" id="inductionLoop.S2" nVehContrib="0" flow="0.00" occupancy="0.00" speed="-1.00" harmonicMeanSpeed="-1.00" length="-1.00" nVehEntered="0"/>
    <interval begin="15700.00" end="15800.00" id="inductionLoop.S2" nVehContrib="2" flow="72.00" occupancy="3.04" speed="3.30" harmonicMeanSpeed="3.29" length="5.00" nVehEntered="2"/>
    <interval begin="15800.00" end="15900.00" id="inductionLoop.S2" nVehContrib="3" flow="108.00" occupancy="1.15" speed="13.06" harmonicMeanSpeed="13.05" length="5.00" nVehEntered="3"/>
    <interval begin="15900.00" end="16000.00" id="inductionLoop.S2" nVehContrib="2" flow="72.00" occupancy="1.72" speed="7.79" harmonicMeanSpeed="5.83" length="5.00" nVehEntered="2"/>
    <interval begin="16000.00" end="16100.00" id="inductionLoop.S2" nVehContrib="4" flow="144.00" occupancy="3.58" speed="7.96" harmonicMeanSpeed="6.60" length="5.00" nVehEntered="5"/>
    <interval begin="16100.00" end="16200.00" id="inductionLoop.S2" nVehContrib="3" flow="108.00" occupancy="1.28" speed="11.96" harmonicMeanSpeed="11.76" length="5.00" nVehEntered="3"/>
    <interval begin="16200.00" end="16300.00" id="inductionLoop.S2" nVehContrib="2" flow="72.00" occupancy="0.82" speed="12.35" harmonicMeanSpeed="12.17" length="5.00" nVehEntered="2"/>
    <interval begin="16300.00" end="16400.00" id="inductionLoop.S2" nVehContrib="3" flow="108.00" occupancy="3.02" speed="6.59" harmonicMeanSpeed="4.97" length="5.00" nVehEntered="3"/>
    <interval begin="16400.00" end="16500.00" id="inductionLoop.S2" nVehContrib="1" flow="36.00" occupancy="0.36" speed="13.83" harmonicMeanSpeed="13.83" length="5.00" nVehEntered="1"/>
    <interval begin="16500.00" end="16600.00" id="inductionLoop.S2" nVehContrib="2" flow="72.00" occupancy="1.59" speed="8.53" harmonicMeanSpeed="6.28" length="5.00" nVehEntered="2"/>
    <interval begin="16600.00" end="16700.00" id="inductionLoop.S2" nVehContrib="2" flow="72.00" occupancy="0.74" speed="13.55" harmonicMeanSpeed="13.48" length="5.00" nVehEntered="2"/>
    <interval begin="16700.00" end="16800.00" id="inductionLoop.S2" nVehContrib="5" flow="180.00" occupancy="2.83" speed="11.19" harmonicMeanSpeed="8.82" length="5.00" nVehEntered="5"/>
    <interval begin="16800.00" end="16900.00" id="inductionLoop.S2" nVehContrib="2" flow="72.00" occupancy="1.12" speed="13.19" harmonicMeanSpeed="13.11" length="5.00" nVehEntered="3"/>
    <interval begin="16900.00" end="17000.00" id="inductionLoop.S2" nVehContrib="3" flow="108.00" occupancy="1.87" speed="9.42" harmonicMeanSpeed="8.01" length="5.00" nVehEntered="3"/>
    <interval begin="17000.00" end="17100.00" id="inductionLoop.S2" nVehContrib="2" flow="72.00" occupancy="1.56" speed="8.47" harmonicMeanSpeed="6.39" length="5.00" nVehEntered="2"/>
    <interval begin="17100.00" end="17200.00" id="inductionLoop.S2" nVehContrib="4" flow="144.00" occupancy="3.09" speed="8.44" harmonicMeanSpeed="6.47" length="5.00" nVehEntered="4"/>
    <interval begin="17200.00" end="17300.00" id="inductionLoop.S2" nVehContrib="3" flow="108.00" occupancy="1.68" speed="10.41" harmonicMeanSpeed="10.20" length="5.00" nVehEntered="4"/>
    <interval begin="17300.00" end="17400.00" id="inductionLoop.S2" nVehContrib="5" flow="180.00" occupancy="2.15" speed="12.06" harmonicMeanSpeed="11.62" length="5.00" nVehEntered="5"/>
    <interval begin="17400.00" end="17500.00" id="inductionLoop.S2" nVehContrib="4" flow="144.00" occupancy="2.94" speed="9.25" harmonicMeanSpeed="7.37" length="5.00" nVehEntered="5"/>
    <interval begin="17500.00" end="17600.00" id="inductionLoop.S2" nVehContrib="1" flow="36.00" occupancy="0.96" speed="6.89" harmonicMeanSpeed="6.89" length="5.00" nVehEntered="2"/>
    <interval begin="17600.00" end="17700.00" id="inductionLoop.S2" nVehContrib="1" flow="36.00" occupancy="1.28" speed="3.92" harmonicMeanSpeed="3.92" length="5.00" nVehEntered="1"/>
    <interval begin="17700.00" end="17800.00" id="inductionLoop.S2" nVehContrib="1" flow="36.00" occupancy="0.36" speed="13.71" harmonicMeanSpeed="13.71" length="5.00" nVehEntered="1"/>
    <interval begin="17800.00" end="17900.00" id="inductionLoop.S2" nVehContrib="5" flow="180.00" occupancy="3.59" speed="9.37" harmonicMeanSpeed="7.04" length="5.00" nVehEntered="6"/>
    <interval begin="17900.00" end="18000.00" id="inductionLoop.S2" nVehContrib="2" flow="72.00" occupancy="1.40" speed="9.02" harmonicMeanSpeed="7.14" length="5.00" nVehEntered="2"/>
    <interval begin="18000.00" end="18100.00" id="inductionLoop.S2" nVehContrib="5" flow="180.00" occupancy="2.30" speed="11.45" harmonicMeanSpeed="10.86" length="5.00" nVehEntered="5"/>
    <interval begin="18100.00" end="18200.00" id="inductionLoop.S2" nVehContrib="6" flow="216.00" occupancy="2.73" speed="11.17" harmonicMeanSpeed="10.98" length="5.00" nVehEntered="6"/>
    <interval begin="18200.00" end="18300.00" id="inductionLoop.S2" nVehContrib="1" flow="36.00" occupancy="0.40" speed="12.64" harmonicMeanSpeed="12.64" length="5.00" nVehEntered="1"/>
    <interval begin="18300.00" end="18400.00" id="inductionLoop.S2" nVehContrib="2" flow="72.00" occupancy="0.79" speed="12.72" harmonicMeanSpeed="12.65" length="5.00" nVehEntered="2"/>
    <interval begin="18400.00" end="18500.00" id="inductionLoop.S2" nVehContrib="1" flow="36.00" occupancy="0.43" speed="11.49" harmonicMeanSpeed="11.49" length="5.00" nVehEntered="1"/>
    <interval begin="18500.00" end="18600.00" id="inductionLoop.S2" nVehContrib="2" flow="72.00" occupancy="0.87" speed="11.45" harmonicMeanSpeed="11.45" length="5.00" nVehEntered="2"/>
    <interval begin="18600.00" end="18700.00" id="inductionLoop.S2" nVehContrib="4" flow="144.00" occupancy="1.61" speed="12.47" harmonicMeanSpeed="12.46" length="5.00" nVehEntered="4"/>
    <interval begin="18700.00" end="18800.00" id="inductionLoop.S2" nVehContrib="6" flow="216.00" occupancy="4.55" speed="9.20" harmonicMeanSpeed="6.60" length="5.00" nVehEntered="6"/>
    <interval begin="18800.00" end="18900.00" id="inductionLoop.S2" nVehContrib="5" flow="180.00" occupancy="5.12" speed="6.61" harmonicMeanSpeed="5.07" length="5.00" nVehEntered="6"/>
    <interval begin="18900.00" end="19000.00" id="inductionLoop.S2" nVehContrib="1" flow="36.00" occupancy="1.17" speed="7.98" harmonicMeanSpeed="7.98" length="5.00" nVehEntered="2"/>
    <interval begin="19000.00" end="19100.00" id="inductionLoop.S2" nVehContrib="6" flow="216.00" occupancy="5.72" speed="7.12" harmonicMeanSpeed="5.41" length="5.00" nVehEntered="7"/>
    <interval begin="19100.00" end="19200.00" id="inductionLoop.S2" nVehContrib="1" flow="36.00" occupancy="0.46" speed="10.96" harmonicMeanSpeed="10.96" length="5.00" nVehEntered="1"/>
    <interval begin="19200.00" end="19300.00" id="inductionLoop.S2" nVehContrib="2" flow="72.00" occupancy="1.61" speed="7.68" harmonicMeanSpeed="6.23" length="5.00" nVehEntered="2"/>
    <interval begin="19300.00" end="19400.00" id="inductionLoop.S2" nVehContrib="5" flow="180.00" occupancy="1.97" speed="12.74" harmonicMeanSpeed="12.69" length="5.00" nVehEntered="5"/>
    <interval begin="19400.00" end="19500.00" id="inductionLoop.S2" nVehContrib="4" flow="144.00" occupancy="2.07" speed="11.09" harmonicMeanSpeed="10.27" length="5.00" nVehEntered="5"/>
    <interval begin="19500.00" end="19600.00" id="inductionLoop.S2" nVehContrib="3" flow="108.00" occupancy="1.31" speed="11.81" harmonicMeanSpeed="11.44" length="5.00" nVehEntered="3"/>
    <interval begin="19600.00" end="19700.00" id="inductionLoop.S2" nVehContrib="6" flow="216.00" occupancy="2.41" speed="12.54" harmonicMeanSpeed="12.44" length="5.00" nVehEntered="6"/>
    <interval begin="19700.00" end="19800.00" id="inductionLoop.S2" nVehContrib="7" flow="252.00" occupancy="4.43" speed="10.02" harmonicMeanSpeed="7.91" length="5.00" nVehEntered="7"/>
    <interval begin="19800.00" end="19900.00" id="inductionLoop.S2" nVehContrib="6" flow="216.00" occupancy="2.69" speed="11.62" harmonicMeanSpeed="11.17" length="5.00" nVehEntered="6"/>
    <interval begin="19900.00" end="20000.00" id="inductionLoop.S2" nVehContrib="3" flow="108.00" occupancy="3.06" speed="7.20" harmonicMeanSpeed="4.90" length="5.00" nVehEntered="3"/>
    <interval begin="20000.00" end="20100.00" id="inductionLoop.S2" nVehContrib="5" flow="180.00" occupancy="3.97" speed="9.07" harmonicMeanSpeed="6.29" length="5.00" nVehEntered="5"/>
    <interval begin="20100.00" end="20200.00" id="inductionLoop.S2" nVehContrib="3" flow="108.00" occupancy="1.19" speed="12.70" harmonicMeanSpeed="12.66" length="5.00" nVehEntered="3"/>
    <interval begin="20200.00" end="20300.00" id="inductionLoop.S2" nVehContrib="6" flow="216.00" occupancy="3.63" speed="9.43" harmonicMeanSpeed="8.27" length="5.00" nVehEntered="6"/>
    <interval begin="20300.00" end="20400.00" id="inductionLoop.S2" nVehContrib="4" flow="144.00" occupancy="4.32" speed="6.29" harmonicMeanSpeed="5.31" length="5.00" nVehEntered="6"/>
    <interval begin="20400.00" end="20500.00" id="inductionLoop.S2" nVehContrib="5" flow="180.00" occupancy="2.05" speed="12.28" harmonicMeanSpeed="12.21" length="5.00" nVehEntered="5"/>
    <interval begin="20500.00" end="20600.00" id="inductionLoop.S2" nVehContrib="7" flow="252.00" occupancy="16.39" speed="11.06" harmonicMeanSpeed="10.56" length="5.00" nVehEntered="10"/>
    <interval begin="20600.00" end="20700.00" id="inductionLoop.S2" nVehContrib="8" flow="288.00" occupancy="39.69" speed="2.93" harmonicMeanSpeed="0.76" length="5.00" nVehEntered="7"/>
    <interval begin="20700.00" end="20800.00" id="inductionLoop.S2" nVehContrib="7" flow="252.00" occupancy="31.14" speed="6.80" harmonicMeanSpeed="1.14" length="5.00" nVehEntered="8"/>
    <interval begin="20800.00" end="20900.00" id="inductionLoop.S2" nVehContrib="14" flow="504.00" occupancy="11.42" speed="9.49" harmonicMeanSpeed="6.23" length="5.00" nVehEntered="15"/>
    <interval begin="20900.00" end="21000.00" id="inductionLoop.S2" nVehContrib="6" flow="216.00" occupancy="41.95" speed="7.23" harmonicMeanSpeed="0.75" length="5.00" nVehEntered="7"/>
    <interval begin="21000.00" end="21100.00" id="inductionLoop.S2" nVehContrib="6" flow="216.00" occupancy="4.08" speed="10.14" harmonicMeanSpeed="8.06" length="5.00" nVehEntered="9"/>
    <interval begin="21100.00" end="21200.00" id="inductionLoop.S2" nVehContrib="4" flow="144.00" occupancy="36.42" speed="5.81" harmonicMeanSpeed="0.57" length="5.00" nVehEntered="5"/>
    <interval begin="21200.00" end="21300.00" id="inductionLoop.S2" nVehContrib="10" flow="360.00" occupancy="6.20" speed="9.22" harmonicMeanSpeed="8.06" length="5.00" nVehEntered="10"/>
    <interval begin="21300.00" end="21400.00" id="inductionLoop.S2" nVehContrib="6" flow="216.00" occupancy="2.92" speed="11.33" harmonicMeanSpeed="10.75" length="5.00" nVehEntered="7"/>
    <interval begin="21400.00" end="21500.00" id="inductionLoop.S2" nVehContrib="14" flow="504.00" occupancy="6.98" speed="10.72" harmonicMeanSpeed="10.39" length="5.00" nVehEntered="16"/>
    <interval begin="21500.00" end="21600.00" id="inductionLoop.S2" nVehContrib="5" flow="180.00" occupancy="11.75" speed="6.71" harmonicMeanSpeed="2.15" length="5.00" nVehEntered="6"/>
    <interval begin="21600.00" end="21700.00" id="inductionLoop.S2" nVehContrib="7" flow="252.00" occupancy="43.65" speed="6.63" harmonicMeanSpeed="0.81" length="5.00" nVehEntered="9"/>
    <interval begin="21700.00" end="21800.00" id="inductionLoop.S2" nVehContrib="7" flow="252.00" occupancy="3.89" speed="11.26" harmonicMeanSpeed="10.84" length="5.00" nVehEntered="8"/>
    <interval begin="21800.00" end="21900.00" id="inductionLoop.S2" nVehContrib="10" flow="360.00" occupancy="12.46" speed="7.65" harmonicMeanSpeed="4.07" length="5.00" nVehEntered="11"/>
    <interval begin="21900.00" end="22000.00" id="inductionLoop.S2" nVehContrib="7" flow="252.00" occupancy="5.98" speed="9.22" harmonicMeanSpeed="7.38" length="5.00" nVehEntered="9"/>
    <interval begin="22000.00" end="22100.00" id="inductionLoop.S2" nVehContrib="9" flow="324.00" occupancy="4.50" speed="11.75" harmonicMeanSpeed="11.52" length="5.00" nVehEntered="11"/>
    <interval begin="22100.00" end="22200.00" id="inductionLoop.S2" nVehContrib="9" flow="324.00" occupancy="27.63" speed="6.88" harmonicMeanSpeed="1.68" length="5.00" nVehEntered="10"/>
    <interval begin="22200.00" end="22300.00" id="inductionLoop.S2" nVehContrib="7" flow="252.00" occupancy="30.40" speed="5.23" harmonicMeanSpeed="2.79" length="5.00" nVehEntered="9"/>
    <interval begin="22300.00" end="22400.00" id="inductionLoop.S2" nVehContrib="9" flow="324.00" occupancy="18.78" speed="5.13" harmonicMeanSpeed="1.25" length="5.00" nVehEntered="9"/>
    <interval begin="22400.00" end="22500.00" id="inductionLoop.S2" nVehContrib="7" flow="252.00" occupancy="8.82" speed="5.68" harmonicMeanSpeed="3.97" length="5.00" nVehEntered="7"/>
    <interval begin="22500.00" end="22600.00" id="inductionLoop.S2" nVehContrib="5" flow="180.00" occupancy="4.30" speed="8.43" harmonicMeanSpeed="6.57" length="5.00" nVehEntered="7"/>
    <interval begin="22600.00" end="22700.00" id="inductionLoop.S2" nVehContrib="9" flow="324.00" occupancy="6.38" speed="9.29" harmonicMeanSpeed="8.38" length="5.00" nVehEntered="10"/>
    <interval begin="22700.00" end="22800.00" id="inductionLoop.S2" nVehContrib="12" flow="432.00" occupancy="10.97" speed="6.91" harmonicMeanSpeed="5.47" length="5.00" nVehEntered="12"/>
    <interval begin="22800.00" end="22900.00" id="inductionLoop.S2" nVehContrib="8" flow="288.00" occupancy="3.47" speed="11.87" harmonicMeanSpeed="11.53" length="5.00" nVehEntered="8"/>
    <interval begin="22900.00" end="23000.00" id="inductionLoop.S2" nVehContrib="5" flow="180.00" occupancy="5.18" speed="8.45" harmonicMeanSpeed="5.84" length="5.00" nVehEntered="6"/>
    <interval begin="23000.00" end="23100.00" id="inductionLoop.S2" nVehContrib="10" flow="360.00" occupancy="8.96" speed="9.53" harmonicMeanSpeed="5.70" length="5.00" nVehEntered="11"/>
    <interval begin="23100.00" end="23200.00" id="inductionLoop.S2" nVehContrib="8" flow="288.00" occupancy="6.21" speed="9.36" harmonicMeanSpeed="7.38" length="5.00" nVehEntered="9"/>
    <interval begin="23200.00" end="23300.00" id="inductionLoop.S2" nVehContrib="7" flow="252.00" occupancy="34.00" speed="7.69" harmonicMeanSpeed="1.05" length="5.00" nVehEntered="10"/>
    <interval begin="23300.00" end="23400.00" id="inductionLoop.S2" nVehContrib="8" flow="288.00" occupancy="5.51" speed="9.57" harmonicMeanSpeed="7.20" length="5.00" nVehEntered="7"/>
    <interval begin="23400.00" end="23500.00" id="inductionLoop.S2" nVehContrib="6" flow="216.00" occupancy="6.56" speed="8.45" harmonicMeanSpeed="6.28" length="5.00" nVehEntered="8"/>
    <interval begin="23500.00" end="23600.00" id="inductionLoop.S2" nVehContrib="13" flow="468.00" occupancy="21.08" speed="8.63" harmonicMeanSpeed="3.08" length="5.00" nVehEntered="13"/>
    <interval begin="23600.00" end="23700.00" id="inductionLoop.S2" nVehContrib="6" flow="216.00" occupancy="27.81" speed="6.61" harmonicMeanSpeed="4.01" length="5.00" nVehEntered="7"/>
    <interval begin="23700.00" end="23800.00" id="inductionLoop.S2" nVehContrib="7" flow="252.00" occupancy="17.77" speed="2.17" harmonicMeanSpeed="0.92" length="5.00" nVehEntered="6"/>
    <interval begin="23800.00" end="23900.00" id="inductionLoop.S2" nVehContrib="6" flow="216.00" occupancy="2.72" speed="11.53" harmonicMeanSpeed="11.04" length="5.00" nVehEntered="6"/>
    <interval begin="23900.00" end="24000.00" id="inductionLoop.S2" nVehContrib="6" flow="216.00" occupancy="2.68" speed="11.44" harmonicMeanSpeed="11.21" length="5.00" nVehEntered="6"/>
    <interval begin="24000.00" end="24100.00" id="inductionLoop.S2" nVehContrib="10" flow="360.00" occupancy="5.30" speed="11.17" harmonicMeanSpeed="10.88" length="5.00" nVehEntered="11"/>
    <interval begin="24100.00" end="24200.00" id="inductionLoop.S2" nVehContrib="11" flow="396.00" occupancy="8.67" speed="8.36" harmonicMeanSpeed="6.54" length="5.00" nVehEntered="12"/>
    <interval begin="24200.00" end="24300.00" id="inductionLoop.S2" nVehContrib="8" flow="288.00" occupancy="9.29" speed="8.98" harmonicMeanSpeed="4.52" length="5.00" nVehEntered="9"/>
    <interval begin="24300.00" end="24400.00" id="inductionLoop.S2" nVehContrib="6" flow="216.00" occupancy="2.95" speed="12.87" harmonicMeanSpeed="12.53" length="5.00" nVehEntered="7"/>
    <interval begin="24400.00" end="24500.00" id="inductionLoop.S2" nVehContrib="5" flow="180.00" occupancy="2.25" speed="11.44" harmonicMeanSpeed="11.12" length="5.00" nVehEntered="5"/>
    <interval begin="24500.00" end="24600.00" id="inductionLoop.S2" nVehContrib="6" flow="216.00" occupancy="2.79" speed="11.94" harmonicMeanSpeed="11.75" length="5.00" nVehEntered="7"/>
    <interval begin="24600.00" end="24700.00" id="inductionLoop.S2" nVehContrib="4" flow="144.00" occupancy="3.78" speed="7.16" harmonicMeanSpeed="5.45" length="5.00" nVehEntered="5"/>
    <interval begin="24700.00" end="24800.00" id="inductionLoop.S2" nVehContrib="7" flow="252.00" occupancy="8.62" speed="6.21" harmonicMeanSpeed="4.18" length="5.00" nVehEntered="8"/>
    <interval begin="24800.00" end="24900.00" id="inductionLoop.S2" nVehContrib="7" flow="252.00" occupancy="7.44" speed="6.29" harmonicMeanSpeed="4.75" length="5.00" nVehEntered="8"/>
    <interval begin="24900.00" end="25000.00" id="inductionLoop.S2" nVehContrib="8" flow="288.00" occupancy="50.32" speed="2.45" harmonicMeanSpeed="0.80" length="5.00" nVehEntered="9"/>
    <interval begin="25000.00" end="25100.00" id="inductionLoop.S2" nVehContrib="5" flow="180.00" occupancy="70.12" speed="1.50" harmonicMeanSpeed="0.36" length="5.00" nVehEntered="5"/>
    <interval begin="25100.00" end="25200.00" id="inductionLoop.S2" nVehContrib="6" flow="216.00" occupancy="21.19" speed="6.07" harmonicMeanSpeed="1.48" length="5.00" nVehEntered="9"/>
    <interval begin="25200.00" end="25300.00" id="inductionLoop.S2" nVehContrib="11" flow="396.00" occupancy="6.24" speed="9.80" harmonicMeanSpeed="9.04" length="5.00" nVehEntered="11"/>
    <interval begin="25300.00" end="25400.00" id="inductionLoop.S2" nVehContrib="5" flow="180.00" occupancy="6.63" speed="8.55" harmonicMeanSpeed="4.05" length="5.00" nVehEntered="7"/>
    <interval begin="25400.00" end="25500.00" id="inductionLoop.S2" nVehContrib="9" flow="324.00" occupancy="4.50" speed="11.78" harmonicMeanSpeed="11.26" length="5.00" nVehEntered="12"/>
    <interval begin="25500.00" end="25600.00" id="inductionLoop.S2" nVehContrib="9" flow="324.00" occupancy="38.37" speed="8.21" harmonicMeanSpeed="1.20" length="5.00" nVehEntered="11"/>
    <interval begin="25600.00" end="25700.00" id="inductionLoop.S2" nVehContrib="7" flow="252.00" occupancy="20.56" speed="5.80" harmonicMeanSpeed="1.70" length="5.00" nVehEntered="7"/>
    <interval begin="25700.00" end="25800.00" id="inductionLoop.S2" nVehContrib="10" flow="360.00" occupancy="34.04" speed="6.04" harmonicMeanSpeed="1.47" length="5.00" nVehEntered="10"/>
    <interval begin="25800.00" end="25900.00" id="inductionLoop.S2" nVehContrib="13" flow="468.00" occupancy="13.87" speed="7.59" harmonicMeanSpeed="4.69" length="5.00" nVehEntered="13"/>
    <interval begin="25900.00" end="26000.00" id="inductionLoop.S2" nVehContrib="5" flow="180.00" occupancy="14.63" speed="7.95" harmonicMeanSpeed="1.85" length="5.00" nVehEntered="8"/>
    <interval begin="26000.00" end="26100.00" id="inductionLoop.S2" nVehContrib="8" flow="288.00" occupancy="30.27" speed="8.41" harmonicMeanSpeed="1.33" length="5.00" nVehEntered="9"/>
    <interval begin="26100.00" end="26200.00" id="inductionLoop.S2" nVehContrib="8" flow="288.00" occupancy="3.39" speed="11.99" harmonicMeanSpeed="11.80" length="5.00" nVehEntered="8"/>
    <interval begin="26200.00" end="26300.00" id="inductionLoop.S2" nVehContrib="8" flow="288.00" occupancy="13.40" speed="8.85" harmonicMeanSpeed="3.06" length="5.00" nVehEntered="9"/>
    <interval begin="26300.00" end="26400.00" id="inductionLoop.S2" nVehContrib="6" flow="216.00" occupancy="4.14" speed="9.47" harmonicMeanSpeed="7.26" length="5.00" nVehEntered="6"/>
    <interval begin="26400.00" end="26500.00" id="inductionLoop.S2" nVehContrib="10" flow="360.00" occupancy="6.89" speed="9.23" harmonicMeanSpeed="7.63" length="5.00" nVehEntered="11"/>
    <interval begin="26500.00" end="26600.00" id="inductionLoop.S2" nVehContrib="7" flow="252.00" occupancy="29.38" speed="7.07" harmonicMeanSpeed="1.23" length="5.00" nVehEntered="8"/>
    <interval begin="26600.00" end="26700.00" id="inductionLoop.S2" nVehContrib="9" flow="324.00" occupancy="29.68" speed="8.15" harmonicMeanSpeed="1.54" length="5.00" nVehEntered="10"/>
    <interval begin="26700.00" end="26800.00" id="inductionLoop.S2" nVehContrib="6" flow="216.00" occupancy="3.82" speed="9.62" harmonicMeanSpeed="7.85" length="5.00" nVehEntered="6"/>
    <interval begin="26800.00" end="26900.00" id="inductionLoop.S2" nVehContrib="5" flow="180.00" occupancy="6.14" speed="6.62" harmonicMeanSpeed="4.07" length="5.00" nVehEntered="5"/>
    <interval begin="26900.00" end="27000.00" id="inductionLoop.S2" nVehContrib="4" flow="144.00" occupancy="1.64" speed="12.39" harmonicMeanSpeed="12.18" length="5.00" nVehEntered="4"/>
    <interval begin="27000.00" end="27100.00" id="inductionLoop.S2" nVehContrib="5" flow="180.00" occupancy="2.96" speed="10.50" harmonicMeanSpeed="10.08" length="5.00" nVehEntered="7"/>
    <interval begin="27100.00" end="27200.00" id="inductionLoop.S2" nVehContrib="6" flow="216.00" occupancy="24.42" speed="9.71" harmonicMeanSpeed="8.40" length="5.00" nVehEntered="8"/>
    <interval begin="27200.00" end="27300.00" id="inductionLoop.S2" nVehContrib="6" flow="216.00" occupancy="8.19" speed="8.18" harmonicMeanSpeed="1.04" length="5.00" nVehEntered="5"/>
    <interval begin="27300.00" end="27400.00" id="inductionLoop.S2" nVehContrib="10" flow="360.00" occupancy="28.93" speed="11.45" harmonicMeanSpeed="10.83" length="5.00" nVehEntered="13"/>
    <interval begin="27400.00" end="27500.00" id="inductionLoop.S2" nVehContrib="9" flow="324.00" occupancy="72.61" speed="3.47" harmonicMeanSpeed="0.80" length="5.00" nVehEntered="9"/>
    <interval begin="27500.00" end="27600.00" id="inductionLoop.S2" nVehContrib="9" flow="324.00" occupancy="28.44" speed="3.52" harmonicMeanSpeed="0.66" length="5.00" nVehEntered="8"/>
    <interval begin="27600.00" end="27700.00" id="inductionLoop.S2" nVehContrib="8" flow="288.00" occupancy="37.49" speed="1.63" harmonicMeanSpeed="1.07" length="5.00" nVehEntered="8"/>
    <interval begin="27700.00" end="27800.00" id="inductionLoop.S2" nVehContrib="8" flow="288.00" occupancy="30.07" speed="4.32" harmonicMeanSpeed="1.33" length="5.00" nVehEntered="8"/>
    <interval begin="27800.00" end="27900.00" id="inductionLoop.S2" nVehContrib="11" flow="396.00" occupancy="46.06" speed="5.05" harmonicMeanSpeed="1.19" length="5.00" nVehEntered="11"/>
    <interval begin="27900.00" end="28000.00" id="inductionLoop.S2" nVehContrib="9" flow="324.00" occupancy="13.77" speed="5.56" harmonicMeanSpeed="3.27" length="5.00" nVehEntered="9"/>
    <interval begin="28000.00" end="28100.00" id="inductionLoop.S2" nVehContrib="5" flow="180.00" occupancy="50.59" speed="1.71" harmonicMeanSpeed="0.49" length="5.00" nVehEntered="5"/>
    <interval begin="28100.00" end="28200.00" id="inductionLoop.S2" nVehContrib="12" flow="432.00" occupancy="28.71" speed="5.25" harmonicMeanSpeed="3.27" length="5.00" nVehEntered="13"/>
    <interval begin="28200.00" end="28300.00" id="inductionLoop.S2" nVehContrib="12" flow="432.00" occupancy="55.40" speed="7.61" harmonicMeanSpeed="0.91" length="5.00" nVehEntered="11"/>
    <interval begin="28300.00" end="28400.00" id="inductionLoop.S2" nVehContrib="10" flow="360.00" occupancy="68.18" speed="5.81" harmonicMeanSpeed="0.73" length="5.00" nVehEntered="10"/>
    <interval begin="28400.00" end="28500.00" id="inductionLoop.S2" nVehContrib="14" flow="504.00" occupancy="41.85" speed="4.97" harmonicMeanSpeed="3.74" length="5.00" nVehEntered="15"/>
    <interval begin="28500.00" end="28600.00" id="inductionLoop.S2" nVehContrib="12" flow="432.00" occupancy="46.35" speed="2.13" harmonicMeanSpeed="0.88" length="5.00" nVehEntered="12"/>
    <interval begin="28600.00" end="28700.00" id="inductionLoop.S2" nVehContrib="9" flow="324.00" occupancy="60.47" speed="3.68" harmonicMeanSpeed="0.73" length="5.00" nVehEntered="8"/>
    <interval begin="28700.00" end="28800.00" id="inductionLoop.S2" nVehContrib="7" flow="252.00" occupancy="72.77" speed="2.68" harmonicMeanSpeed="0.48" length="5.00" nVehEntered="7"/>
    <interval begin="28800.00" end="28900.00" id="inductionLoop.S2" nVehContrib="10" flow="360.00" occupancy="53.77" speed="3.12" harmonicMeanSpeed="0.93" length="5.00" nVehEntered="10"/>
    <interval begin="28900.00" end="29000.00" id="inductionLoop.S2" nVehContrib="14" flow="504.00" occupancy="22.63" speed="6.54" harmonicMeanSpeed="4.99" length="5.00" nVehEntered="15"/>
    <interval begin="29000.00" end="29100.00" id="inductionLoop.S2" nVehContrib="6" flow="216.00" occupancy="42.45" speed="2.87" harmonicMeanSpeed="0.59" length="5.00" nVehEntered="5"/>
    <interval begin="29100.00" end="29200.00" id="inductionLoop.S2" nVehContrib="12" flow="432.00" occupancy="36.89" speed="5.97" harmonicMeanSpeed="3.42" length="5.00" nVehEntered="13"/>
    <interval begin="29200.00" end="29300.00" id="inductionLoop.S2" nVehContrib="9" flow="324.00" occupancy="47.97" speed="3.48" harmonicMeanSpeed="0.67" length="5.00" nVehEntered="8"/>
    <interval begin="29300.00" end="29400.00" id="inductionLoop.S2" nVehContrib="7" flow="252.00" occupancy="11.99" speed="4.88" harmonicMeanSpeed="3.24" length="5.00" nVehEntered="8"/>
    <interval begin="29400.00" end="29500.00" id="inductionLoop.S2" nVehContrib="5" flow="180.00" occupancy="5.28" speed="7.95" harmonicMeanSpeed="4.63" length="5.00" nVehEntered="5"/>
    <interval begin="29500.00" end="29600.00" id="inductionLoop.S2" nVehContrib="12" flow="432.00" occupancy="55.91" speed="4.83" harmonicMeanSpeed="1.06" length="5.00" nVehEntered="12"/>
    <interval begin="29600.00" end="29700.00" id="inductionLoop.S2" nVehContrib="7" flow="252.00" occupancy="9.56" speed="6.62" harmonicMeanSpeed="3.77" length="5.00" nVehEntered="9"/>
    <interval begin="29700.00" end="29800.00" id="inductionLoop.S2" nVehContrib="3" flow="108.00" occupancy="3.43" speed="7.81" harmonicMeanSpeed="5.05" length="5.00" nVehEntered="4"/>
    <interval begin="29800.00" end="29900.00" id="inductionLoop.S2" nVehContrib="3" flow="108.00" occupancy="1.23" speed="12.22" harmonicMeanSpeed="12.17" length="5.00" nVehEntered="3"/>
    <interval begin="29900.00" end="30000.00" id="inductionLoop.S2" nVehContrib="1" flow="36.00" occupancy="1.11" speed="4.52" harmonicMeanSpeed="4.52" length="5.00" nVehEntered="1"/>
    <interval begin="30000.00" end="30100.00" id="inductionLoop.S2" nVehContrib="1" flow="36.00" occupancy="0.40" speed="12.45" harmonicMeanSpeed="12.45" length="5.00" nVehEntered="1"/>
    <interval begin="30100.00" end="30200.00" id="inductionLoop.S2" nVehContrib="3" flow="108.00" occupancy="2.16" speed="8.90" harmonicMeanSpeed="6.96" length="5.00" nVehEntered="3"/>
    <interval begin="30200.00" end="30300.00" id="inductionLoop.S2" nVehContrib="3" flow="108.00" occupancy="1.28" speed="12.09" harmonicMeanSpeed="11.71" length="5.00" nVehEntered="3"/>
    <interval begin="30300.00" end="30400.00" id="inductionLoop.S2" nVehContrib="1" flow="36.00" occupancy="0.45" speed="10.99" harmonicMeanSpeed="10.99" length="5.00" nVehEntered="1"/>
    <interval begin="30400.00" end="30500.00" id="inductionLoop.S2" nVehContrib="1" flow="36.00" occupancy="0.37" speed="13.41" harmonicMeanSpeed="13.41" length="5.00" nVehEntered="1"/>
    <interval begin="30500.00" end="30600.00" id="inductionLoop.S2" nVehContrib="0" flow="0.00" occupancy="0.00" speed="-1.00" harmonicMeanSpeed="-1.00" length="-1.00" nVehEntered="0"/>
    <interval begin="30600.00" end="30700.00" id="inductionLoop.S2" nVehContrib="0" flow="0.00" occupancy="0.00" speed="-1.00" harmonicMeanSpeed="-1.00" length="-1.00" nVehEntered="0"/>
    <interval begin="30700.00" end="30800.00" id="inductionLoop.S2" nVehContrib="0" flow="0.00" occupancy="0.00" speed="-1.00" harmonicMeanSpeed="-1.00" length="-1.00" nVehEntered="0"/>
    <interval begin="30800.00" end="30900.00" id="inductionLoop.S2" nVehContrib="0" flow="0.00" occupancy="0.00" speed="-1.00" harmonicMeanSpeed="-1.00" length="-1.00" nVehEntered="0"/>
    <interval begin="30900.00" end="31000.00" id="inductionLoop.S2" nVehContrib="0" flow="0.00" occupancy="0.00" speed="-1.00" harmonicMeanSpeed="-1.00" length="-1.00" nVehEntered="0"/>
    <interval begin="31000.00" end="31100.00" id="inductionLoop.S2" nVehContrib="5" flow="180.00" occupancy="4.46" speed="8.63" harmonicMeanSpeed="6.09" length="5.00" nVehEntered="7"/>
    <interval begin="31100.00" end="31200.00" id="inductionLoop.S2" nVehContrib="2" flow="72.00" occupancy="2.21" speed="5.43" harmonicMeanSpeed="4.40" length="5.00" nVehEntered="1"/>
    <interval begin="31200.00" end="31300.00" id="inductionLoop.S2" nVehContrib="1" flow="36.00" occupancy="0.40" speed="12.47" harmonicMeanSpeed="12.47" length="5.00" nVehEntered="1"/>
    <interval begin="31300.00" end="31400.00" id="inductionLoop.S2" nVehContrib="2" flow="72.00" occupancy="1.23" speed="10.53" harmonicMeanSpeed="9.76" length="5.00" nVehEntered="3"/>
    <interval begin="31400.00" end="31500.00" id="inductionLoop.S2" nVehContrib="5" flow="180.00" occupancy="3.01" speed="10.53" harmonicMeanSpeed="8.77" length="5.00" nVehEntered="6"/>
    <interval begin="31500.00" end="31600.00" id="inductionLoop.S2" nVehContrib="6" flow="216.00" occupancy="37.91" speed="6.92" harmonicMeanSpeed="0.79" length="5.00" nVehEntered="6"/>
    <interval begin="31600.00" end="31700.00" id="inductionLoop.S2" nVehContrib="6" flow="216.00" occupancy="10.80" speed="7.81" harmonicMeanSpeed="2.85" length="5.00" nVehEntered="7"/>
    <interval begin="31700.00" end="31800.00" id="inductionLoop.S2" nVehContrib="2" flow="72.00" occupancy="0.74" speed="13.50" harmonicMeanSpeed="13.50" length="5.00" nVehEntered="2"/>
    <interval begin="31800.00" end="31900.00" id="inductionLoop.S2" nVehContrib="4" flow="144.00" occupancy="1.74" speed="12.55" harmonicMeanSpeed="12.51" length="5.00" nVehEntered="5"/>
    <interval begin="31900.00" end="32000.00" id="inductionLoop.S2" nVehContrib="1" flow="36.00" occupancy="1.27" speed="3.94" harmonicMeanSpeed="3.94" length="5.00" nVehEntered="1"/>
    <interval begin="32000.00" end="32100.00" id="inductionLoop.S2" nVehContrib="1" flow="36.00" occupancy="0.38" speed="13.17" harmonicMeanSpeed="13.17" length="5.00" nVehEntered="1"/>
    <interval begin="32100.00" end="32200.00" id="inductionLoop.S2" nVehContrib="2" flow="72.00" occupancy="1.41" speed="8.80" harmonicMeanSpeed="7.07" length="5.00" nVehEntered="2"/>
    <interval begin="32200.00" end="32300.00" id="inductionLoop.S2" nVehContrib="0" flow="0.00" occupancy="0.00" speed="-1.00" harmonicMeanSpeed="-1.00" length="-1.00" nVehEntered="0"/>
    <interval begin="32300.00" end="32400.00" id="inductionLoop.S2" nVehContrib="0" flow="0.00" occupancy="0.00" speed="-1.00" harmonicMeanSpeed="-1.00" length="-1.00" nVehEntered="0"/>
    <interval begin="32400.00" end="32500.00" id="inductionLoop.S2" nVehContrib="3" flow="108.00" occupancy="2.02" speed="9.55" harmonicMeanSpeed="7.42" length="5.00" nVehEntered="3"/>
    <interval begin="32500.00" end="32600.00" id="inductionLoop.S2" nVehContrib="7" flow="252.00" occupancy="9.18" speed="11.53" harmonicMeanSpeed="11.11" length="5.00" nVehEntered="9"/>
    <interval begin="32600.00" end="32700.00" id="inductionLoop.S2" nVehContrib="6" flow="216.00" occupancy="12.24" speed="6.80" harmonicMeanSpeed="1.68" length="5.00" nVehEntered="6"/>
    <interval begin="32700.00" end="32800.00" id="inductionLoop.S2" nVehContrib="4" flow="144.00" occupancy="11.42" speed="7.32" harmonicMeanSpeed="1.77" length="5.00" nVehEntered="5"/>
    <interval begin="32800.00" end="32900.00" id="inductionLoop.S2" nVehContrib="0" flow="0.00" occupancy="0.00" speed="-1.00" harmonicMeanSpeed="-1.00" length="-1.00" nVehEntered="0"/>
    <interval begin="32900.00" end="33000.00" id="inductionLoop.S2" nVehContrib="0" flow="0.00" occupancy="0.00" speed="-1.00" harmonicMeanSpeed="-1.00" length="-1.00" nVehEntered="0"/>
    <interval begin="33000.00" end="33100.00" id="inductionLoop.S2" nVehContrib="2" flow="72.00" occupancy="0.75" speed="13.36" harmonicMeanSpeed="13.31" length="5.00" nVehEntered="2"/>
    <interval begin="33100.00" end="33200.00" id="inductionLoop.S2" nVehContrib="10" flow="360.00" occupancy="17.64" speed="9.05" harmonicMeanSpeed="7.57" length="5.00" nVehEntered="14"/>
    <interval begin="33200.00" end="33300.00" id="inductionLoop.S2" nVehContrib="9" flow="324.00" occupancy="19.57" speed="8.54" harmonicMeanSpeed="1.63" length="5.00" nVehEntered="9"/>
    <interval begin="33300.00" end="33400.00" id="inductionLoop.S2" nVehContrib="6" flow="216.00" occupancy="4.05" speed="9.65" harmonicMeanSpeed="8.32" length="5.00" nVehEntered="7"/>
    <interval begin="33400.00" end="33500.00" id="inductionLoop.S2" nVehContrib="3" flow="108.00" occupancy="3.53" speed="6.22" harmonicMeanSpeed="4.70" length="5.00" nVehEntered="5"/>
    <interval begin="33500.00" end="33600.00" id="inductionLoop.S2" nVehContrib="8" flow="288.00" occupancy="9.94" speed="11.86" harmonicMeanSpeed="11.66" length="5.00" nVehEntered="11"/>
    <interval begin="33600.00" end="33700.00" id="inductionLoop.S2" nVehContrib="7" flow="252.00" occupancy="10.00" speed="9.21" harmonicMeanSpeed="2.34" length="5.00" nVehEntered="6"/>
    <interval begin="33700.00" end="33800.00" id="inductionLoop.S2" nVehContrib="5" flow="180.00" occupancy="2.38" speed="10.95" harmonicMeanSpeed="10.51" length="5.00" nVehEntered="5"/>
    <interval begin="33800.00" end="33900.00" id="inductionLoop.S2" nVehContrib="6" flow="216.00" occupancy="4.10" speed="9.32" harmonicMeanSpeed="7.31" length="5.00" nVehEntered="6"/>
    <interval begin="33900.00" end="34000.00" id="inductionLoop.S2" nVehContrib="3" flow="108.00" occupancy="2.20" speed="9.14" harmonicMeanSpeed="6.81" length="5.00" nVehEntered="3"/>
    <interval begin="34000.00" end="34100.00" id="inductionLoop.S2" nVehContrib="0" flow="0.00" occupancy="0.00" speed="-1.00" harmonicMeanSpeed="-1.00" length="-1.00" nVehEntered="0"/>
    <interval begin="34100.00" end="34200.00" id="inductionLoop.S2" nVehContrib="4" flow="144.00" occupancy="2.35" speed="10.34" harmonicMeanSpeed="8.50" length="5.00" nVehEntered="4"/>
    <interval begin="34200.00" end="34300.00" id="inductionLoop.S2" nVehContrib="3" flow="108.00" occupancy="1.36" speed="11.13" harmonicMeanSpeed="11.08" length="5.00" nVehEntered="4"/>
    <interval begin="34300.00" end="34400.00" id="inductionLoop.S2" nVehContrib="6" flow="216.00" occupancy="8.01" speed="7.93" harmonicMeanSpeed="4.99" length="5.00" nVehEntered="7"/>
    <interval begin="34400.00" end="34500.00" id="inductionLoop.S2" nVehContrib="7" flow="252.00" occupancy="4.15" speed="9.93" harmonicMeanSpeed="9.07" length="5.00" nVehEntered="8"/>
    <interval begin="34500.00" end="34600.00" id="inductionLoop.S2" nVehContrib="5" flow="180.00" occupancy="4.23" speed="8.49" harmonicMeanSpeed="5.92" length="5.00" nVehEntered="5"/>
    <interval begin="34600.00" end="34700.00" id="inductionLoop.S2" nVehContrib="3" flow="108.00" occupancy="1.43" speed="10.96" harmonicMeanSpeed="10.50" length="5.00" nVehEntered="3"/>
    <interval begin="34700.00" end="34800.00" id="inductionLoop.S2" nVehContrib="7" flow="252.00" occupancy="3.07" speed="11.56" harmonicMeanSpeed="11.40" length="5.00" nVehEntered="7"/>
    <interval begin="34800.00" end="34900.00" id="inductionLoop.S2" nVehContrib="9" flow="324.00" occupancy="21.78" speed="10.34" harmonicMeanSpeed="10.01" length="5.00" nVehEntered="12"/>
    <interval begin="34900.00" end="35000.00" id="inductionLoop.S2" nVehContrib="9" flow="324.00" occupancy="31.24" speed="6.50" harmonicMeanSpeed="0.94" length="5.00" nVehEntered="8"/>
    <interval begin="35000.00" end="35100.00" id="inductionLoop.S2" nVehContrib="11" flow="396.00" occupancy="50.14" speed="4.57" harmonicMeanSpeed="1.18" length="5.00" nVehEntered="13"/>
    <interval begin="35100.00" end="35200.00" id="inductionLoop.S2" nVehContrib="7" flow="252.00" occupancy="26.23" speed="2.23" harmonicMeanSpeed="1.46" length="5.00" nVehEntered="8"/>
    <interval begin="35200.00" end="35300.00" id="inductionLoop.S2" nVehContrib="9" flow="324.00" occupancy="8.59" speed="7.82" harmonicMeanSpeed="5.98" length="5.00" nVehEntered="10"/>
    <interval begin="35300.00" end="35400.00" id="inductionLoop.S2" nVehContrib="9" flow="324.00" occupancy="35.11" speed="3.25" harmonicMeanSpeed="1.28" length="5.00" nVehEntered="9"/>
    <interval begin="35400.00" end="35500.00" id="inductionLoop.S2" nVehContrib="8" flow="288.00" occupancy="9.99" speed="5.06" harmonicMeanSpeed="4.01" length="5.00" nVehEntered="8"/>
    <interval begin="35500.00" end="35600.00" id="inductionLoop.S2" nVehContrib="1" flow="36.00" occupancy="1.28" speed="3.90" harmonicMeanSpeed="3.90" length="5.00" nVehEntered="1"/>
    <interval begin="35600.00" end="35700.00" id="inductionLoop.S2" nVehContrib="0" flow="0.00" occupancy="0.00" speed="-1.00" harmonicMeanSpeed="-1.00" length="-1.00" nVehEntered="0"/>
    <interval begin="35700.00" end="35800.00" id="inductionLoop.S2" nVehContrib="3" flow="108.00" occupancy="1.15" speed="13.20" harmonicMeanSpeed="13.10" length="5.00" nVehEntered="3"/>
    <interval begin="35800.00" end="35900.00" id="inductionLoop.S2" nVehContrib="10" flow="360.00" occupancy="15.48" speed="10.42" harmonicMeanSpeed="10.10" length="5.00" nVehEntered="13"/>
    <interval begin="35900.00" end="36000.00" id="inductionLoop.S2" nVehContrib="14" flow="504.00" occupancy="41.53" speed="5.23" harmonicMeanSpeed="1.40" length="5.00" nVehEntered="15"/>
    <interval begin="36000.00" end="36100.00" id="inductionLoop.S2" nVehContrib="8" flow="288.00" occupancy="26.92" speed="5.64" harmonicMeanSpeed="1.49" length="5.00" nVehEntered="8"/>
    <interval begin="36100.00" end="36200.00" id="inductionLoop.S2" nVehContrib="1" flow="36.00" occupancy="0.44" speed="11.36" harmonicMeanSpeed="11.36" length="5.00" nVehEntered="1"/>
    <interval begin="36200.00" end="36300.00" id="inductionLoop.S2" nVehContrib="1" flow="36.00" occupancy="0.37" speed="13.56" harmonicMeanSpeed="13.56" length="5.00" nVehEntered="1"/>
    <interval begin="36300.00" end="36400.00" id="inductionLoop.S2" nVehContrib="2" flow="72.00" occupancy="1.18" speed="10.00" harmonicMeanSpeed="9.99" length="5.00" nVehEntered="3"/>
    <interval begin="36400.00" end="36500.00" id="inductionLoop.S2" nVehContrib="12" flow="432.00" occupancy="31.04" speed="8.98" harmonicMeanSpeed="1.98" length="5.00" nVehEntered="15"/>
    <interval begin="36500.00" end="36600.00" id="inductionLoop.S2" nVehContrib="10" flow="360.00" occupancy="34.22" speed="7.53" harmonicMeanSpeed="1.50" length="5.00" nVehEntered="11"/>
    <interval begin="36600.00" end="36700.00" id="inductionLoop.S2" nVehContrib="13" flow="468.00" occupancy="37.26" speed="3.97" harmonicMeanSpeed="1.71" length="5.00" nVehEntered="13"/>
    <interval begin="36700.00" end="36800.00" id="inductionLoop.S2" nVehContrib="8" flow="288.00" occupancy="9.77" speed="6.75" harmonicMeanSpeed="4.09" length="5.00" nVehEntered="8"/>
    <interval begin="36800.00" end="36900.00" id="inductionLoop.S2" nVehContrib="9" flow="324.00" occupancy="7.72" speed="8.11" harmonicMeanSpeed="5.83" length="5.00" nVehEntered="9"/>
    <interval begin="36900.00" end="37000.00" id="inductionLoop.S2" nVehContrib="4" flow="144.00" occupancy="36.47" speed="5.30" harmonicMeanSpeed="1.36" length="5.00" nVehEntered="9"/>
    <interval begin="37000.00" end="37100.00" id="inductionLoop.S2" nVehContrib="8" flow="288.00" occupancy="14.45" speed="6.09" harmonicMeanSpeed="1.15" length="5.00" nVehEntered="7"/>
    <interval begin="37100.00" end="37200.00" id="inductionLoop.S2" nVehContrib="11" flow="396.00" occupancy="11.70" speed="9.36" harmonicMeanSpeed="4.73" length="5.00" nVehEntered="12"/>
    <interval begin="37200.00" end="37300.00" id="inductionLoop.S2" nVehContrib="8" flow="288.00" occupancy="17.54" speed="11.15" harmonicMeanSpeed="10.84" length="5.00" nVehEntered="9"/>
    <interval begin="37300.00" end="37400.00" id="inductionLoop.S2" nVehContrib="8" flow="288.00" occupancy="12.44" speed="7.31" harmonicMeanSpeed="1.52" length="5.00" nVehEntered="7"/>
    <interval begin="37400.00" end="37500.00" id="inductionLoop.S2" nVehContrib="8" flow="288.00" occupancy="7.88" speed="7.75" harmonicMeanSpeed="5.35" length="5.00" nVehEntered="9"/>
    <interval begin="37500.00" end="37600.00" id="inductionLoop.S2" nVehContrib="9" flow="324.00" occupancy="7.47" speed="8.71" harmonicMeanSpeed="6.43" length="5.00" nVehEntered="11"/>
    <interval begin="37600.00" end="37700.00" id="inductionLoop.S2" nVehContrib="9" flow="324.00" occupancy="6.20" speed="9.63" harmonicMeanSpeed="7.54" length="5.00" nVehEntered="10"/>
    <interval begin="37700.00" end="37800.00" id="inductionLoop.S2" nVehContrib="7" flow="252.00" occupancy="5.37" speed="9.41" harmonicMeanSpeed="6.52" length="5.00" nVehEntered="7"/>
    <interval begin="37800.00" end="37900.00" id="inductionLoop.S2" nVehContrib="10" flow="360.00" occupancy="7.70" speed="8.72" harmonicMeanSpeed="6.76" length="5.00" nVehEntered="11"/>
    <interval begin="37900.00" end="38000.00" id="inductionLoop.S2" nVehContrib="9" flow="324.00" occupancy="22.14" speed="5.19" harmonicMeanSpeed="2.07" length="5.00" nVehEntered="10"/>
    <interval begin="38000.00" end="38100.00" id="inductionLoop.S2" nVehContrib="13" flow="468.00" occupancy="23.42" speed="5.07" harmonicMeanSpeed="2.78" length="5.00" nVehEntered="13"/>
    <interval begin="38100.00" end="38200.00" id="inductionLoop.S2" nVehContrib="9" flow="324.00" occupancy="11.93" speed="6.27" harmonicMeanSpeed="3.77" length="5.00" nVehEntered="9"/>
    <interval begin="38200.00" end="38300.00" id="inductionLoop.S2" nVehContrib="3" flow="108.00" occupancy="6.30" speed="3.13" harmonicMeanSpeed="2.67" length="5.00" nVehEntered="4"/>
    <interval begin="38300.00" end="38400.00" id="inductionLoop.S2" nVehContrib="8" flow="288.00" occupancy="15.41" speed="4.04" harmonicMeanSpeed="2.49" length="5.00" nVehEntered="7"/>
    <interval begin="38400.00" end="38500.00" id="inductionLoop.S2" nVehContrib="12" flow="432.00" occupancy="64.92" speed="5.94" harmonicMeanSpeed="3.96" length="5.00" nVehEntered="13"/>
    <interval begin="38500.00" end="38600.00" id="inductionLoop.S2" nVehContrib="10" flow="360.00" occupancy="67.61" speed="4.11" harmonicMeanSpeed="0.60" length="5.00" nVehEntered="10"/>
    <interval begin="38600.00" end="38700.00" id="inductionLoop.S2" nVehContrib="12" flow="432.00" occupancy="55.41" speed="4.43" harmonicMeanSpeed="0.67" length="5.00" nVehEntered="11"/>
    <interval begin="38700.00" end="38800.00" id="inductionLoop.S2" nVehContrib="4" flow="144.00" occupancy="12.04" speed="1.94" harmonicMeanSpeed="1.66" length="5.00" nVehEntered="4"/>
    <interval begin="38800.00" end="38900.00" id="inductionLoop.S2" nVehContrib="12" flow="432.00" occupancy="21.47" speed="4.17" harmonicMeanSpeed="2.79" length="5.00" nVehEntered="12"/>
    <interval begin="38900.00" end="39000.00" id="inductionLoop.S2" nVehContrib="9" flow="324.00" occupancy="15.03" speed="5.31" harmonicMeanSpeed="2.99" length="5.00" nVehEntered="9"/>
    <interval begin="39000.00" end="39100.00" id="inductionLoop.S2" nVehContrib="11" flow="396.00" occupancy="18.90" speed="4.29" harmonicMeanSpeed="2.91" length="5.00" nVehEntered="11"/>
    <interval begin="39100.00" end="39200.00" id="inductionLoop.S2" nVehContrib="6" flow="216.00" occupancy="16.82" speed="3.09" harmonicMeanSpeed="1.78" length="5.00" nVehEntered="6"/>
    <interval begin="39200.00" end="39300.00" id="inductionLoop.S2" nVehContrib="20" flow="720.00" occupancy="20.30" speed="7.50" harmonicMeanSpeed="4.93" length="5.00" nVehEntered="20"/>
    <interval begin="39300.00" end="39400.00" id="inductionLoop.S2" nVehContrib="9" flow="324.00" occupancy="16.86" speed="3.79" harmonicMeanSpeed="2.67" length="5.00" nVehEntered="9"/>
    <interval begin="39400.00" end="39500.00" id="inductionLoop.S2" nVehContrib="9" flow="324.00" occupancy="9.37" speed="6.42" harmonicMeanSpeed="4.80" length="5.00" nVehEntered="9"/>
    <interval begin="39500.00" end="39600.00" id="inductionLoop.S2" nVehContrib="5" flow="180.00" occupancy="54.02" speed="3.39" harmonicMeanSpeed="2.10" length="5.00" nVehEntered="6"/>
    <interval begin="39600.00" end="39700.00" id="inductionLoop.S2" nVehContrib="15" flow="540.00" occupancy="46.98" speed="4.80" harmonicMeanSpeed="0.85" length="5.00" nVehEntered="15"/>
    <interval begin="39700.00" end="39800.00" id="inductionLoop.S2" nVehContrib="9" flow="324.00" occupancy="17.67" speed="3.96" harmonicMeanSpeed="2.39" length="5.00" nVehEntered="8"/>
    <interval begin="39800.00" end="39900.00" id="inductionLoop.S2" nVehContrib="2" flow="72.00" occupancy="10.77" speed="1.17" harmonicMeanSpeed="1.17" length="5.00" nVehEntered="3"/>
    <interval begin="39900.00" end="40000.00" id="inductionLoop.S2" nVehContrib="7" flow="252.00" occupancy="35.25" speed="3.38" harmonicMeanSpeed="2.14" length="5.00" nVehEntered="7"/>
    <interval begin="40000.00" end="40100.00" id="inductionLoop.S2" nVehContrib="15" flow="540.00" occupancy="73.38" speed="7.52" harmonicMeanSpeed="0.79" length="5.00" nVehEntered="14"/>
    <interval begin="40100.00" end="40200.00" id="inductionLoop.S2" nVehContrib="14" flow="504.00" occupancy="75.62" speed="7.49" harmonicMeanSpeed="2.85" length="5.00" nVehEntered="15"/>
    <interval begin="40200.00" end="40300.00" id="inductionLoop.S2" nVehContrib="13" flow="468.00" occupancy="36.40" speed="6.63" harmonicMeanSpeed="0.94" length="5.00" nVehEntered="14"/>
    <interval begin="40300.00" end="40400.00" id="inductionLoop.S2" nVehContrib="7" flow="252.00" occupancy="41.00" speed="3.46" harmonicMeanSpeed="0.63" length="5.00" nVehEntered="6"/>
    <interval begin="40400.00" end="40500.00" id="inductionLoop.S2" nVehContrib="6" flow="216.00" occupancy="59.18" speed="4.26" harmonicMeanSpeed="2.97" length="5.00" nVehEntered="7"/>
    <interval begin="40500.00" end="40600.00" id="inductionLoop.S2" nVehContrib="13" flow="468.00" occupancy="27.42" speed="6.19" harmonicMeanSpeed="0.85" length="5.00" nVehEntered="12"/>
    <interval begin="40600.00" end="40700.00" id="inductionLoop.S2" nVehContrib="6" flow="216.00" occupancy="25.73" speed="4.66" harmonicMeanSpeed="2.87" length="5.00" nVehEntered="7"/>
    <interval begin="40700.00" end="40800.00" id="inductionLoop.S2" nVehContrib="3" flow="108.00" occupancy="72.92" speed="0.54" harmonicMeanSpeed="0.17" length="5.00" nVehEntered="2"/>
    <interval begin="40800.00" end="40900.00" id="inductionLoop.S2" nVehContrib="15" flow="540.00" occupancy="59.42" speed="7.02" harmonicMeanSpeed="3.91" length="5.00" nVehEntered="16"/>
    <interval begin="40900.00" end="41000.00" id="inductionLoop.S2" nVehContrib="14" flow="504.00" occupancy="43.64" speed="7.59" harmonicMeanSpeed="3.89" length="5.00" nVehEntered="15"/>
    <interval begin="41000.00" end="41100.00" id="inductionLoop.S2" nVehContrib="1" flow="36.00" occupancy="61.46" speed="0.08" harmonicMeanSpeed="0.08" length="5.00" nVehEntered="1"/>
    <interval begin="41100.00" end="41200.00" id="inductionLoop.S2" nVehContrib="6" flow="216.00" occupancy="58.14" speed="7.22" harmonicMeanSpeed="4.85" length="5.00" nVehEntered="7"/>
    <interval begin="41200.00" end="41300.00" id="inductionLoop.S2" nVehContrib="14" flow="504.00" occupancy="56.98" speed="7.17" harmonicMeanSpeed="0.64" length="5.00" nVehEntered="14"/>
    <interval begin="41300.00" end="41400.00" id="inductionLoop.S2" nVehContrib="0" flow="0.00" occupancy="98.45" speed="-1.00" harmonicMeanSpeed="-1.00" length="-1.00" nVehEntered="1"/>
    <interval begin="41400.00" end="41500.00" id="inductionLoop.S2" nVehContrib="10" flow="360.00" occupancy="62.50" speed="3.75" harmonicMeanSpeed="0.38" length="5.00" nVehEntered="9"/>
    <interval begin="41500.00" end="41600.00" id="inductionLoop.S2" nVehContrib="2" flow="72.00" occupancy="4.95" speed="3.03" harmonicMeanSpeed="2.02" length="5.00" nVehEntered="2"/>
    <interval begin="41600.00" end="41700.00" id="inductionLoop.S2" nVehContrib="10" flow="360.00" occupancy="29.82" speed="7.79" harmonicMeanSpeed="1.68" length="5.00" nVehEntered="10"/>
    <interval begin="41700.00" end="41800.00" id="inductionLoop.S2" nVehContrib="12" flow="432.00" occupancy="42.77" speed="6.89" harmonicMeanSpeed="4.83" length="5.00" nVehEntered="13"/>
    <interval begin="41800.00" end="41900.00" id="inductionLoop.S2" nVehContrib="1" flow="36.00" occupancy="47.47" speed="0.06" harmonicMeanSpeed="0.06" length="5.00" nVehEntered="0"/>
    <interval begin="41900.00" end="42000.00" id="inductionLoop.S2" nVehContrib="9" flow="324.00" occupancy="9.69" speed="6.98" harmonicMeanSpeed="4.64" length="5.00" nVehEntered="9"/>
    <interval begin="42000.00" end="42100.00" id="inductionLoop.S2" nVehContrib="2" flow="72.00" occupancy="75.17" speed="8.40" harmonicMeanSpeed="6.54" length="5.00" nVehEntered="4"/>
    <interval begin="42100.00" end="42200.00" id="inductionLoop.S2" nVehContrib="6" flow="216.00" occupancy="56.01" speed="2.78" harmonicMeanSpeed="0.34" length="5.00" nVehEntered="7"/>
    <interval begin="42200.00" end="42300.00" id="inductionLoop.S2" nVehContrib="10" flow="360.00" occupancy="20.20" speed="4.78" harmonicMeanSpeed="0.84" length="5.00" nVehEntered="10"/>
    <interval begin="42300.00" end="42400.00" id="inductionLoop.S2" nVehContrib="13" flow="468.00" occupancy="50.23" speed="7.27" harmonicMeanSpeed="1.29" length="5.00" nVehEntered="12"/>
    <interval begin="42400.00" end="42500.00" id="inductionLoop.S2" nVehContrib="0" flow="0.00" occupancy="0.00" speed="-1.00" harmonicMeanSpeed="-1.00" length="-1.00" nVehEntered="0"/>
    <interval begin="42500.00" end="42600.00" id="inductionLoop.S2" nVehContrib="13" flow="468.00" occupancy="14.78" speed="6.88" harmonicMeanSpeed="4.40" length="5.00" nVehEntered="13"/>
    <interval begin="42600.00" end="42700.00" id="inductionLoop.S2" nVehContrib="10" flow="360.00" occupancy="8.21" speed="9.27" harmonicMeanSpeed="8.72" length="5.00" nVehEntered="11"/>
    <interval begin="42700.00" end="42800.00" id="inductionLoop.S2" nVehContrib="3" flow="108.00" occupancy="32.25" speed="7.05" harmonicMeanSpeed="0.47" length="5.00" nVehEntered="3"/>
    <interval begin="42800.00" end="42900.00" id="inductionLoop.S2" nVehContrib="13" flow="468.00" occupancy="19.55" speed="9.49" harmonicMeanSpeed="8.14" length="5.00" nVehEntered="14"/>
    <interval begin="42900.00" end="43000.00" id="inductionLoop.S2" nVehContrib="3" flow="108.00" occupancy="85.97" speed="2.69" harmonicMeanSpeed="2.47" length="5.00" nVehEntered="4"/>
    <interval begin="43000.00" end="43100.00" id="inductionLoop.S2" nVehContrib="5" flow="180.00" occupancy="90.61" speed="3.29" harmonicMeanSpeed="0.25" length="5.00" nVehEntered="4"/>
    <interval begin="43100.00" end="43200.00" id="inductionLoop.S2" nVehContrib="5" flow="180.00" occupancy="3.61" speed="8.39" harmonicMeanSpeed="6.92" length="5.00" nVehEntered="5"/>
    <interval begin="43200.00" end="43300.00" id="inductionLoop.S2" nVehContrib="0" flow="0.00" occupancy="84.82" speed="-1.00" harmonicMeanSpeed="-1.00" length="-1.00" nVehEntered="1"/>
    <interval begin="43300.00" end="43400.00" id="inductionLoop.S2" nVehContrib="15" flow="540.00" occupancy="38.74" speed="6.99" harmonicMeanSpeed="4.64" length="5.00" nVehEntered="17"/>
    <interval begin="43400.00" end="43500.00" id="inductionLoop.S2" nVehContrib="4" flow="144.00" occupancy="62.39" speed="2.74" harmonicMeanSpeed="0.30" length="5.00" nVehEntered="3"/>
    <interval begin="43500.00" end="43600.00" id="inductionLoop.S2" nVehContrib="6" flow="216.00" occupancy="10.41" speed="4.44" harmonicMeanSpeed="2.88" length="5.00" nVehEntered="6"/>
    <interval begin="43600.00" end="43700.00" id="inductionLoop.S2" nVehContrib="16" flow="576.00" occupancy="35.87" speed="8.13" harmonicMeanSpeed="2.23" length="5.00" nVehEntered="16"/>
    <interval begin="43700.00" end="43800.00" id="inductionLoop.S2" nVehContrib="1" flow="36.00" occupancy="2.08" speed="3.22" harmonicMeanSpeed="3.22" length="5.00" nVehEntered="2"/>
    <interval begin="43800.00" end="43900.00" id="inductionLoop.S2" nVehContrib="9" flow="324.00" occupancy="27.80" speed="7.10" harmonicMeanSpeed="1.62" length="5.00" nVehEntered="9"/>
    <interval begin="43900.00" end="44000.00" id="inductionLoop.S2" nVehContrib="4" flow="144.00" occupancy="74.37" speed="6.57" harmonicMeanSpeed="4.08" length="5.00" nVehEntered="6"/>
    <interval begin="44000.00" end="44100.00" id="inductionLoop.S2" nVehContrib="3" flow="108.00" occupancy="13.62" speed="0.79" harmonicMeanSpeed="0.27" length="5.00" nVehEntered="3"/>
    <interval begin="44100.00" end="44200.00" id="inductionLoop.S2" nVehContrib="4" flow="144.00" occupancy="59.80" speed="1.43" harmonicMeanSpeed="1.37" length="5.00" nVehEntered="4"/>
    <interval begin="44200.00" end="44300.00" id="inductionLoop.S2" nVehContrib="16" flow="576.00" occupancy="56.85" speed="8.23" harmonicMeanSpeed="0.82" length="5.00" nVehEntered="17"/>
    <interval begin="44300.00" end="44400.00" id="inductionLoop.S2" nVehContrib="9" flow="324.00" occupancy="64.06" speed="5.72" harmonicMeanSpeed="0.65" length="5.00" nVehEntered="8"/>
    <interval begin="44400.00" end="44500.00" id="inductionLoop.S2" nVehContrib="8" flow="288.00" occupancy="14.70" speed="4.17" harmonicMeanSpeed="2.72" length="5.00" nVehEntered="8"/>
    <interval begin="44500.00" end="44600.00" id="inductionLoop.S2" nVehContrib="1" flow="36.00" occupancy="5.72" speed="1.30" harmonicMeanSpeed="1.30" length="5.00" nVehEntered="2"/>
    <interval begin="44600.00" end="44700.00" id="inductionLoop.S2" nVehContrib="22" flow="792.00" occupancy="60.03" speed="6.17" harmonicMeanSpeed="2.49" length="5.00" nVehEntered="22"/>
    <interval begin="44700.00" end="44800.00" id="inductionLoop.S2" nVehContrib="11" flow="396.00" occupancy="58.41" speed="5.86" harmonicMeanSpeed="0.72" length="5.00" nVehEntered="10"/>
    <interval begin="44800.00" end="44900.00" id="inductionLoop.S2" nVehContrib="5" flow="180.00" occupancy="51.51" speed="5.10" harmonicMeanSpeed="4.41" length="5.00" nVehEntered="6"/>
    <interval begin="44900.00" end="45000.00" id="inductionLoop.S2" nVehContrib="3" flow="108.00" occupancy="9.13" speed="0.94" harmonicMeanSpeed="0.27" length="5.00" nVehEntered="2"/>
    <interval begin="45000.00" end="45100.00" id="inductionLoop.S2" nVehContrib="14" flow="504.00" occupancy="15.13" speed="7.05" harmonicMeanSpeed="4.63" length="5.00" nVehEntered="14"/>
    <interval begin="45100.00" end="45200.00" id="inductionLoop.S2" nVehContrib="19" flow="684.00" occupancy="39.22" speed="5.97" harmonicMeanSpeed="3.48" length="5.00" nVehEntered="20"/>
    <interval begin="45200.00" end="45300.00" id="inductionLoop.S2" nVehContrib="9" flow="324.00" occupancy="51.73" speed="4.73" harmonicMeanSpeed="0.71" length="5.00" nVehEntered="8"/>
    <interval begin="45300.00" end="45400.00" id="inductionLoop.S2" nVehContrib="1" flow="36.00" occupancy="3.58" speed="1.78" harmonicMeanSpeed="1.78" length="5.00" nVehEntered="2"/>
    <interval begin="45400.00" end="45500.00" id="inductionLoop.S2" nVehContrib="21" flow="756.00" occupancy="35.13" speed="5.94" harmonicMeanSpeed="3.26" length="5.00" nVehEntered="21"/>
    <interval begin="45500.00" end="45600.00" id="inductionLoop.S2" nVehContrib="5" flow="180.00" occupancy="70.12" speed="2.33" harmonicMeanSpeed="0.34" length="5.00" nVehEntered="4"/>
    <interval begin="45600.00" end="45700.00" id="inductionLoop.S2" nVehContrib="4" flow="144.00" occupancy="9.82" speed="3.30" harmonicMeanSpeed="2.21" length="5.00" nVehEntered="5"/>
    <interval begin="45700.00" end="45800.00" id="inductionLoop.S2" nVehContrib="15" flow="540.00" occupancy="19.26" speed="7.01" harmonicMeanSpeed="3.74" length="5.00" nVehEntered="14"/>
    <interval begin="45800.00" end="45900.00" id="inductionLoop.S2" nVehContrib="10" flow="360.00" occupancy="22.55" speed="3.49" harmonicMeanSpeed="2.31" length="5.00" nVehEntered="11"/>
    <interval begin="45900.00" end="46000.00" id="inductionLoop.S2" nVehContrib="1" flow="36.00" occupancy="2.93" speed="1.31" harmonicMeanSpeed="1.31" length="5.00" nVehEntered="0"/>
    <interval begin="46000.00" end="46100.00" id="inductionLoop.S2" nVehContrib="17" flow="612.00" occupancy="16.46" speed="7.67" harmonicMeanSpeed="5.17" length="5.00" nVehEntered="17"/>
    <interval begin="46100.00" end="46200.00" id="inductionLoop.S2" nVehContrib="10" flow="360.00" occupancy="14.69" speed="5.49" harmonicMeanSpeed="3.40" length="5.00" nVehEntered="10"/>
    <interval begin="46200.00" end="46300.00" id="inductionLoop.S2" nVehContrib="7" flow="252.00" occupancy="17.52" speed="3.16" harmonicMeanSpeed="2.00" length="5.00" nVehEntered="7"/>
    <interval begin="46300.00" end="46400.00" id="inductionLoop.S2" nVehContrib="0" flow="0.00" occupancy="0.00" speed="-1.00" harmonicMeanSpeed="-1.00" length="-1.00" nVehEntered="0"/>
    <interval begin="46400.00" end="46500.00" id="inductionLoop.S2" nVehContrib="0" flow="0.00" occupancy="6.43" speed="-1.00" harmonicMeanSpeed="-1.00" length="-1.00" nVehEntered="2"/>
    <interval begin="46500.00" end="46600.00" id="inductionLoop.S2" nVehContrib="1" flow="36.00" occupancy="90.29" speed="0.05" harmonicMeanSpeed="0.05" length="5.00" nVehEntered="0"/>
    <interval begin="46600.00" end="46700.00" id="inductionLoop.S2" nVehContrib="1" flow="36.00" occupancy="1.62" speed="4.93" harmonicMeanSpeed="4.93" length="5.00" nVehEntered="2"/>
    <interval begin="46700.00" end="46800.00" id="inductionLoop.S2" nVehContrib="16" flow="576.00" occupancy="26.11" speed="5.94" harmonicMeanSpeed="3.06" length="5.00" nVehEntered="16"/>
    <interval begin="46800.00" end="46900.00" id="inductionLoop.S2" nVehContrib="1" flow="36.00" occupancy="1.45" speed="3.45" harmonicMeanSpeed="3.45" length="5.00" nVehEntered="1"/>
    <interval begin="46900.00" end="47000.00" id="inductionLoop.S2" nVehContrib="19" flow="684.00" occupancy="17.17" speed="7.60" harmonicMeanSpeed="5.53" length="5.00" nVehEntered="19"/>
    <interval begin="47000.00" end="47100.00" id="inductionLoop.S2" nVehContrib="12" flow="432.00" occupancy="13.02" speed="7.02" harmonicMeanSpeed="4.61" length="5.00" nVehEntered="12"/>
    <interval begin="47100.00" end="47200.00" id="inductionLoop.S2" nVehContrib="7" flow="252.00" occupancy="8.17" speed="6.03" harmonicMeanSpeed="4.28" length="5.00" nVehEntered="7"/>
    <interval begin="47200.00" end="47300.00" id="inductionLoop.S2" nVehContrib="10" flow="360.00" occupancy="75.57" speed="8.05" harmonicMeanSpeed="0.66" length="5.00" nVehEntered="10"/>
    <interval begin="47300.00" end="47400.00" id="inductionLoop.S2" nVehContrib="14" flow="504.00" occupancy="18.14" speed="8.12" harmonicMeanSpeed="3.86" length="5.00" nVehEntered="14"/>
    <interval begin="47400.00" end="47500.00" id="inductionLoop.S2" nVehContrib="1" flow="36.00" occupancy="97.63" speed="4.61" harmonicMeanSpeed="4.61" length="5.00" nVehEntered="2"/>
    <interval begin="47500.00" end="47600.00" id="inductionLoop.S2" nVehContrib="10" flow="360.00" occupancy="80.68" speed="6.12" harmonicMeanSpeed="0.31" length="5.00" nVehEntered="10"/>
    <interval begin="47600.00" end="47700.00" id="inductionLoop.S2" nVehContrib="21" flow="756.00" occupancy="25.70" speed="6.62" harmonicMeanSpeed="2.51" length="5.00" nVehEntered="20"/>
    <interval begin="47700.00" end="47800.00" id="inductionLoop.S2" nVehContrib="13" flow="468.00" occupancy="23.44" speed="6.47" harmonicMeanSpeed="4.93" length="5.00" nVehEntered="14"/>
    <interval begin="47800.00" end="47900.00" id="inductionLoop.S2" nVehContrib="6" flow="216.00" occupancy="10.23" speed="4.43" harmonicMeanSpeed="2.93" length="5.00" nVehEntered="6"/>
    <interval begin="47900.00" end="48000.00" id="inductionLoop.S2" nVehContrib="0" flow="0.00" occupancy="0.00" speed="-1.00" harmonicMeanSpeed="-1.00" length="-1.00" nVehEntered="0"/>
    <interval begin="48000.00" end="48100.00" id="inductionLoop.S2" nVehContrib="15" flow="540.00" occupancy="22.32" speed="6.48" harmonicMeanSpeed="3.36" length="5.00" nVehEntered="15"/>
    <interval begin="48100.00" end="48200.00" id="inductionLoop.S2" nVehContrib="11" flow="396.00" occupancy="54.29" speed="7.37" harmonicMeanSpeed="5.49" length="5.00" nVehEntered="12"/>
    <interval begin="48200.00" end="48300.00" id="inductionLoop.S2" nVehContrib="14" flow="504.00" occupancy="40.05" speed="6.60" harmonicMeanSpeed="0.83" length="5.00" nVehEntered="13"/>
    <interval begin="48300.00" end="48400.00" id="inductionLoop.S2" nVehContrib="12" flow="432.00" occupancy="22.34" speed="6.79" harmonicMeanSpeed="2.69" length="5.00" nVehEntered="12"/>
    <interval begin="48400.00" end="48500.00" id="inductionLoop.S2" nVehContrib="11" flow="396.00" occupancy="18.16" speed="4.55" harmonicMeanSpeed="3.03" length="5.00" nVehEntered="11"/>
    <interval begin="48500.00" end="48600.00" id="inductionLoop.S2" nVehContrib="13" flow="468.00" occupancy="21.26" speed="7.11" harmonicMeanSpeed="3.06" length="5.00" nVehEntered="13"/>
    <interval begin="48600.00" end="48700.00" id="inductionLoop.S2" nVehContrib="0" flow="0.00" occupancy="0.00" speed="-1.00" harmonicMeanSpeed="-1.00" length="-1.00" nVehEntered="0"/>
    <interval begin="48700.00" end="48800.00" id="inductionLoop.S2" nVehContrib="0" flow="0.00" occupancy="93.78" speed="-1.00" harmonicMeanSpeed="-1.00" length="-1.00" nVehEntered="1"/>
    <interval begin="48800.00" end="48900.00" id="inductionLoop.S2" nVehContrib="16" flow="576.00" occupancy="75.02" speed="8.33" harmonicMeanSpeed="0.56" length="5.00" nVehEntered="16"/>
    <interval begin="48900.00" end="49000.00" id="inductionLoop.S2" nVehContrib="1" flow="36.00" occupancy="11.67" speed="0.14" harmonicMeanSpeed="0.14" length="5.00" nVehEntered="0"/>
    <interval begin="49000.00" end="49100.00" id="inductionLoop.S2" nVehContrib="17" flow="612.00" occupancy="28.09" speed="8.05" harmonicMeanSpeed="3.03" length="5.00" nVehEntered="17"/>
    <interval begin="49100.00" end="49200.00" id="inductionLoop.S2" nVehContrib="10" flow="360.00" occupancy="53.28" speed="8.23" harmonicMeanSpeed="7.22" length="5.00" nVehEntered="11"/>
    <interval begin="49200.00" end="49300.00" id="inductionLoop.S2" nVehContrib="12" flow="432.00" occupancy="76.78" speed="4.77" harmonicMeanSpeed="0.49" length="5.00" nVehEntered="12"/>
    <interval begin="49300.00" end="49400.00" id="inductionLoop.S2" nVehContrib="13" flow="468.00" occupancy="19.63" speed="5.89" harmonicMeanSpeed="3.48" length="5.00" nVehEntered="13"/>
    <interval begin="49400.00" end="49500.00" id="inductionLoop.S2" nVehContrib="17" flow="612.00" occupancy="32.65" speed="7.60" harmonicMeanSpeed="5.89" length="5.00" nVehEntered="17"/>
    <interval begin="49500.00" end="49600.00" id="inductionLoop.S2" nVehContrib="1" flow="36.00" occupancy="12.65" speed="0.17" harmonicMeanSpeed="0.17" length="5.00" nVehEntered="1"/>
    <interval begin="49600.00" end="49700.00" id="inductionLoop.S2" nVehContrib="11" flow="396.00" occupancy="15.04" speed="6.71" harmonicMeanSpeed="3.06" length="5.00" nVehEntered="10"/>
    <interval begin="49700.00" end="49800.00" id="inductionLoop.S2" nVehContrib="18" flow="648.00" occupancy="63.46" speed="7.64" harmonicMeanSpeed="5.24" length="5.00" nVehEntered="19"/>
    <interval begin="49800.00" end="49900.00" id="inductionLoop.S2" nVehContrib="14" flow="504.00" occupancy="58.86" speed="7.95" harmonicMeanSpeed="0.67" length="5.00" nVehEntered="13"/>
    <interval begin="49900.00" end="50000.00" id="inductionLoop.S2" nVehContrib="10" flow="360.00" occupancy="7.00" speed="8.92" harmonicMeanSpeed="7.14" length="5.00" nVehEntered="10"/>
    <interval begin="50000.00" end="50004.00" id="inductionLoop.S2" nVehContrib="0" flow="0.00" occupancy="0.00" speed="-1.00" harmonicMeanSpeed="-1.00" length="-1.00" nVehEntered="0"/>
</detector>
