<?xml version="1.0" encoding="UTF-8"?>

<!-- generated on 2023-07-21 19:29:31 by Eclipse SUMO sumo Version 1.12.0
<configuration xmlns:xsi="http://www.w3.org/2001/XMLSchema-instance" xsi:noNamespaceSchemaLocation="http://sumo.dlr.de/xsd/sumoConfiguration.xsd">

    <input>
        <net-file value="Data0-6/intersection.net.xml"/>
        <route-files value="Data0-6/intersection.rou.xml"/>
        <additional-files value="Data0-6/intersection.det.xml"/>
    </input>

    <output>
        <tripinfo-output value="Data0-6/tripinfo.xml"/>
    </output>

    <time>
        <begin value="0"/>
    </time>

    <processing>
        <time-to-teleport value="-1"/>
        <waiting-time-memory value="60000"/>
    </processing>

    <report>
        <verbose value="true"/>
        <no-step-log value="true"/>
    </report>

    <emissions>
        <device.emissions.probability value="1"/>
    </emissions>

    <traci_server>
        <remote-port value="47533"/>
    </traci_server>

    <gui_only>
        <gui-settings-file value="Data0-6/intersection.settings.xml"/>
    </gui_only>

</configuration>
-->

<detector xmlns:xsi="http://www.w3.org/2001/XMLSchema-instance" xsi:noNamespaceSchemaLocation="http://sumo.dlr.de/xsd/det_e1_file.xsd">
    <interval begin="0.00" end="100.00" id="inductionLoop.W2" nVehContrib="3" flow="108.00" occupancy="2.54" speed="7.00" harmonicMeanSpeed="5.90" length="5.00" nVehEntered="3"/>
    <interval begin="100.00" end="200.00" id="inductionLoop.W2" nVehContrib="8" flow="288.00" occupancy="7.57" speed="8.43" harmonicMeanSpeed="5.63" length="5.00" nVehEntered="11"/>
    <interval begin="200.00" end="300.00" id="inductionLoop.W2" nVehContrib="9" flow="324.00" occupancy="6.21" speed="9.54" harmonicMeanSpeed="7.69" length="5.00" nVehEntered="11"/>
    <interval begin="300.00" end="400.00" id="inductionLoop.W2" nVehContrib="12" flow="432.00" occupancy="19.19" speed="9.00" harmonicMeanSpeed="3.51" length="5.00" nVehEntered="15"/>
    <interval begin="400.00" end="500.00" id="inductionLoop.W2" nVehContrib="12" flow="432.00" occupancy="16.40" speed="7.38" harmonicMeanSpeed="4.03" length="5.00" nVehEntered="16"/>
    <interval begin="500.00" end="600.00" id="inductionLoop.W2" nVehContrib="16" flow="576.00" occupancy="18.15" speed="9.89" harmonicMeanSpeed="4.49" length="5.00" nVehEntered="17"/>
    <interval begin="600.00" end="700.00" id="inductionLoop.W2" nVehContrib="9" flow="324.00" occupancy="48.75" speed="5.90" harmonicMeanSpeed="0.94" length="5.00" nVehEntered="12"/>
    <interval begin="700.00" end="800.00" id="inductionLoop.W2" nVehContrib="9" flow="324.00" occupancy="7.64" speed="8.97" harmonicMeanSpeed="7.03" length="5.00" nVehEntered="12"/>
    <interval begin="800.00" end="900.00" id="inductionLoop.W2" nVehContrib="10" flow="360.00" occupancy="20.73" speed="8.77" harmonicMeanSpeed="2.62" length="5.00" nVehEntered="14"/>
    <interval begin="900.00" end="1000.00" id="inductionLoop.W2" nVehContrib="11" flow="396.00" occupancy="40.97" speed="6.11" harmonicMeanSpeed="1.42" length="5.00" nVehEntered="12"/>
    <interval begin="1000.00" end="1100.00" id="inductionLoop.W2" nVehContrib="10" flow="360.00" occupancy="22.24" speed="9.10" harmonicMeanSpeed="2.44" length="5.00" nVehEntered="12"/>
    <interval begin="1100.00" end="1200.00" id="inductionLoop.W2" nVehContrib="8" flow="288.00" occupancy="16.08" speed="9.37" harmonicMeanSpeed="2.59" length="5.00" nVehEntered="10"/>
    <interval begin="1200.00" end="1300.00" id="inductionLoop.W2" nVehContrib="11" flow="396.00" occupancy="11.74" speed="7.70" harmonicMeanSpeed="4.69" length="5.00" nVehEntered="12"/>
    <interval begin="1300.00" end="1400.00" id="inductionLoop.W2" nVehContrib="11" flow="396.00" occupancy="16.27" speed="9.10" harmonicMeanSpeed="7.01" length="5.00" nVehEntered="15"/>
    <interval begin="1400.00" end="1500.00" id="inductionLoop.W2" nVehContrib="8" flow="288.00" occupancy="20.23" speed="4.96" harmonicMeanSpeed="1.49" length="5.00" nVehEntered="9"/>
    <interval begin="1500.00" end="1600.00" id="inductionLoop.W2" nVehContrib="11" flow="396.00" occupancy="9.48" speed="7.95" harmonicMeanSpeed="6.26" length="5.00" nVehEntered="13"/>
    <interval begin="1600.00" end="1700.00" id="inductionLoop.W2" nVehContrib="14" flow="504.00" occupancy="37.39" speed="6.41" harmonicMeanSpeed="1.95" length="5.00" nVehEntered="17"/>
    <interval begin="1700.00" end="1800.00" id="inductionLoop.W2" nVehContrib="14" flow="504.00" occupancy="21.59" speed="8.28" harmonicMeanSpeed="3.40" length="5.00" nVehEntered="16"/>
    <interval begin="1800.00" end="1900.00" id="inductionLoop.W2" nVehContrib="11" flow="396.00" occupancy="16.93" speed="7.00" harmonicMeanSpeed="3.52" length="5.00" nVehEntered="15"/>
    <interval begin="1900.00" end="2000.00" id="inductionLoop.W2" nVehContrib="9" flow="324.00" occupancy="6.55" speed="11.11" harmonicMeanSpeed="9.19" length="5.00" nVehEntered="11"/>
    <interval begin="2000.00" end="2100.00" id="inductionLoop.W2" nVehContrib="12" flow="432.00" occupancy="8.13" speed="8.22" harmonicMeanSpeed="7.02" length="5.00" nVehEntered="14"/>
    <interval begin="2100.00" end="2200.00" id="inductionLoop.W2" nVehContrib="9" flow="324.00" occupancy="7.44" speed="9.17" harmonicMeanSpeed="6.22" length="5.00" nVehEntered="11"/>
    <interval begin="2200.00" end="2300.00" id="inductionLoop.W2" nVehContrib="9" flow="324.00" occupancy="7.23" speed="8.51" harmonicMeanSpeed="6.23" length="5.00" nVehEntered="9"/>
    <interval begin="2300.00" end="2400.00" id="inductionLoop.W2" nVehContrib="11" flow="396.00" occupancy="6.48" speed="10.45" harmonicMeanSpeed="8.48" length="5.00" nVehEntered="11"/>
    <interval begin="2400.00" end="2500.00" id="inductionLoop.W2" nVehContrib="10" flow="360.00" occupancy="5.74" speed="10.13" harmonicMeanSpeed="9.02" length="5.00" nVehEntered="12"/>
    <interval begin="2500.00" end="2600.00" id="inductionLoop.W2" nVehContrib="10" flow="360.00" occupancy="9.21" speed="7.33" harmonicMeanSpeed="5.51" length="5.00" nVehEntered="12"/>
    <interval begin="2600.00" end="2700.00" id="inductionLoop.W2" nVehContrib="11" flow="396.00" occupancy="10.69" speed="8.91" harmonicMeanSpeed="5.32" length="5.00" nVehEntered="13"/>
    <interval begin="2700.00" end="2800.00" id="inductionLoop.W2" nVehContrib="10" flow="360.00" occupancy="9.72" speed="6.90" harmonicMeanSpeed="5.15" length="5.00" nVehEntered="10"/>
    <interval begin="2800.00" end="2900.00" id="inductionLoop.W2" nVehContrib="9" flow="324.00" occupancy="6.23" speed="8.75" harmonicMeanSpeed="7.22" length="5.00" nVehEntered="9"/>
    <interval begin="2900.00" end="3000.00" id="inductionLoop.W2" nVehContrib="7" flow="252.00" occupancy="3.61" speed="11.53" harmonicMeanSpeed="9.89" length="5.00" nVehEntered="8"/>
    <interval begin="3000.00" end="3100.00" id="inductionLoop.W2" nVehContrib="6" flow="216.00" occupancy="13.35" speed="10.84" harmonicMeanSpeed="8.17" length="5.00" nVehEntered="7"/>
    <interval begin="3100.00" end="3200.00" id="inductionLoop.W2" nVehContrib="7" flow="252.00" occupancy="13.67" speed="7.78" harmonicMeanSpeed="1.52" length="5.00" nVehEntered="7"/>
    <interval begin="3200.00" end="3300.00" id="inductionLoop.W2" nVehContrib="9" flow="324.00" occupancy="8.22" speed="7.67" harmonicMeanSpeed="5.70" length="5.00" nVehEntered="11"/>
    <interval begin="3300.00" end="3400.00" id="inductionLoop.W2" nVehContrib="15" flow="540.00" occupancy="12.92" speed="8.42" harmonicMeanSpeed="6.15" length="5.00" nVehEntered="16"/>
    <interval begin="3400.00" end="3500.00" id="inductionLoop.W2" nVehContrib="12" flow="432.00" occupancy="11.30" speed="8.16" harmonicMeanSpeed="6.04" length="5.00" nVehEntered="13"/>
    <interval begin="3500.00" end="3600.00" id="inductionLoop.W2" nVehContrib="9" flow="324.00" occupancy="7.11" speed="8.89" harmonicMeanSpeed="6.33" length="5.00" nVehEntered="9"/>
    <interval begin="3600.00" end="3700.00" id="inductionLoop.W2" nVehContrib="8" flow="288.00" occupancy="7.18" speed="7.99" harmonicMeanSpeed="5.57" length="5.00" nVehEntered="8"/>
    <interval begin="3700.00" end="3800.00" id="inductionLoop.W2" nVehContrib="7" flow="252.00" occupancy="4.76" speed="10.03" harmonicMeanSpeed="7.69" length="5.00" nVehEntered="8"/>
    <interval begin="3800.00" end="3900.00" id="inductionLoop.W2" nVehContrib="11" flow="396.00" occupancy="7.21" speed="10.35" harmonicMeanSpeed="8.19" length="5.00" nVehEntered="12"/>
    <interval begin="3900.00" end="4000.00" id="inductionLoop.W2" nVehContrib="6" flow="216.00" occupancy="4.87" speed="9.15" harmonicMeanSpeed="6.16" length="5.00" nVehEntered="6"/>
    <interval begin="4000.00" end="4100.00" id="inductionLoop.W2" nVehContrib="8" flow="288.00" occupancy="4.81" speed="10.95" harmonicMeanSpeed="8.99" length="5.00" nVehEntered="10"/>
    <interval begin="4100.00" end="4200.00" id="inductionLoop.W2" nVehContrib="8" flow="288.00" occupancy="4.81" speed="11.69" harmonicMeanSpeed="9.68" length="5.00" nVehEntered="10"/>
    <interval begin="4200.00" end="4300.00" id="inductionLoop.W2" nVehContrib="9" flow="324.00" occupancy="7.86" speed="7.95" harmonicMeanSpeed="6.05" length="5.00" nVehEntered="10"/>
    <interval begin="4300.00" end="4400.00" id="inductionLoop.W2" nVehContrib="7" flow="252.00" occupancy="6.07" speed="8.35" harmonicMeanSpeed="6.36" length="5.00" nVehEntered="9"/>
    <interval begin="4400.00" end="4500.00" id="inductionLoop.W2" nVehContrib="8" flow="288.00" occupancy="3.70" speed="12.98" harmonicMeanSpeed="12.23" length="5.00" nVehEntered="9"/>
    <interval begin="4500.00" end="4600.00" id="inductionLoop.W2" nVehContrib="7" flow="252.00" occupancy="21.40" speed="10.62" harmonicMeanSpeed="1.67" length="5.00" nVehEntered="9"/>
    <interval begin="4600.00" end="4700.00" id="inductionLoop.W2" nVehContrib="10" flow="360.00" occupancy="7.29" speed="9.18" harmonicMeanSpeed="6.86" length="5.00" nVehEntered="10"/>
    <interval begin="4700.00" end="4800.00" id="inductionLoop.W2" nVehContrib="13" flow="468.00" occupancy="10.00" speed="8.80" harmonicMeanSpeed="6.77" length="5.00" nVehEntered="16"/>
    <interval begin="4800.00" end="4900.00" id="inductionLoop.W2" nVehContrib="11" flow="396.00" occupancy="12.69" speed="9.05" harmonicMeanSpeed="5.67" length="5.00" nVehEntered="14"/>
    <interval begin="4900.00" end="5000.00" id="inductionLoop.W2" nVehContrib="10" flow="360.00" occupancy="6.32" speed="10.35" harmonicMeanSpeed="8.27" length="5.00" nVehEntered="11"/>
    <interval begin="5000.00" end="5100.00" id="inductionLoop.W2" nVehContrib="9" flow="324.00" occupancy="6.70" speed="9.03" harmonicMeanSpeed="7.13" length="5.00" nVehEntered="11"/>
    <interval begin="5100.00" end="5200.00" id="inductionLoop.W2" nVehContrib="5" flow="180.00" occupancy="3.00" speed="11.03" harmonicMeanSpeed="8.79" length="5.00" nVehEntered="6"/>
    <interval begin="5200.00" end="5300.00" id="inductionLoop.W2" nVehContrib="10" flow="360.00" occupancy="7.45" speed="8.96" harmonicMeanSpeed="6.91" length="5.00" nVehEntered="11"/>
    <interval begin="5300.00" end="5400.00" id="inductionLoop.W2" nVehContrib="3" flow="108.00" occupancy="3.16" speed="6.68" harmonicMeanSpeed="4.75" length="5.00" nVehEntered="3"/>
    <interval begin="5400.00" end="5500.00" id="inductionLoop.W2" nVehContrib="2" flow="72.00" occupancy="0.94" speed="14.84" harmonicMeanSpeed="14.84" length="5.00" nVehEntered="3"/>
    <interval begin="5500.00" end="5600.00" id="inductionLoop.W2" nVehContrib="6" flow="216.00" occupancy="6.58" speed="8.24" harmonicMeanSpeed="5.58" length="5.00" nVehEntered="8"/>
    <interval begin="5600.00" end="5700.00" id="inductionLoop.W2" nVehContrib="5" flow="180.00" occupancy="4.73" speed="7.76" harmonicMeanSpeed="5.48" length="5.00" nVehEntered="6"/>
    <interval begin="5700.00" end="5800.00" id="inductionLoop.W2" nVehContrib="9" flow="324.00" occupancy="5.78" speed="10.11" harmonicMeanSpeed="7.78" length="5.00" nVehEntered="9"/>
    <interval begin="5800.00" end="5900.00" id="inductionLoop.W2" nVehContrib="7" flow="252.00" occupancy="4.64" speed="10.09" harmonicMeanSpeed="7.54" length="5.00" nVehEntered="7"/>
    <interval begin="5900.00" end="6000.00" id="inductionLoop.W2" nVehContrib="9" flow="324.00" occupancy="10.65" speed="7.64" harmonicMeanSpeed="5.52" length="5.00" nVehEntered="10"/>
    <interval begin="6000.00" end="6100.00" id="inductionLoop.W2" nVehContrib="7" flow="252.00" occupancy="5.09" speed="8.92" harmonicMeanSpeed="6.88" length="5.00" nVehEntered="7"/>
    <interval begin="6100.00" end="6200.00" id="inductionLoop.W2" nVehContrib="4" flow="144.00" occupancy="2.55" speed="10.82" harmonicMeanSpeed="7.83" length="5.00" nVehEntered="4"/>
    <interval begin="6200.00" end="6300.00" id="inductionLoop.W2" nVehContrib="9" flow="324.00" occupancy="5.78" speed="9.72" harmonicMeanSpeed="7.78" length="5.00" nVehEntered="9"/>
    <interval begin="6300.00" end="6400.00" id="inductionLoop.W2" nVehContrib="9" flow="324.00" occupancy="7.44" speed="7.77" harmonicMeanSpeed="6.14" length="5.00" nVehEntered="10"/>
    <interval begin="6400.00" end="6500.00" id="inductionLoop.W2" nVehContrib="6" flow="216.00" occupancy="5.17" speed="10.60" harmonicMeanSpeed="7.90" length="5.00" nVehEntered="9"/>
    <interval begin="6500.00" end="6600.00" id="inductionLoop.W2" nVehContrib="8" flow="288.00" occupancy="4.57" speed="10.22" harmonicMeanSpeed="8.75" length="5.00" nVehEntered="8"/>
    <interval begin="6600.00" end="6700.00" id="inductionLoop.W2" nVehContrib="7" flow="252.00" occupancy="7.11" speed="9.03" harmonicMeanSpeed="7.06" length="5.00" nVehEntered="11"/>
    <interval begin="6700.00" end="6800.00" id="inductionLoop.W2" nVehContrib="12" flow="432.00" occupancy="10.54" speed="7.00" harmonicMeanSpeed="5.44" length="5.00" nVehEntered="11"/>
    <interval begin="6800.00" end="6900.00" id="inductionLoop.W2" nVehContrib="4" flow="144.00" occupancy="1.91" speed="13.34" harmonicMeanSpeed="13.30" length="5.00" nVehEntered="5"/>
    <interval begin="6900.00" end="7000.00" id="inductionLoop.W2" nVehContrib="11" flow="396.00" occupancy="6.85" speed="10.42" harmonicMeanSpeed="9.00" length="5.00" nVehEntered="14"/>
    <interval begin="7000.00" end="7100.00" id="inductionLoop.W2" nVehContrib="5" flow="180.00" occupancy="3.19" speed="11.31" harmonicMeanSpeed="8.30" length="5.00" nVehEntered="6"/>
    <interval begin="7100.00" end="7200.00" id="inductionLoop.W2" nVehContrib="7" flow="252.00" occupancy="8.15" speed="5.71" harmonicMeanSpeed="4.51" length="5.00" nVehEntered="9"/>
    <interval begin="7200.00" end="7300.00" id="inductionLoop.W2" nVehContrib="9" flow="324.00" occupancy="8.06" speed="7.50" harmonicMeanSpeed="5.58" length="5.00" nVehEntered="9"/>
    <interval begin="7300.00" end="7400.00" id="inductionLoop.W2" nVehContrib="2" flow="72.00" occupancy="0.81" speed="12.34" harmonicMeanSpeed="12.31" length="5.00" nVehEntered="2"/>
    <interval begin="7400.00" end="7500.00" id="inductionLoop.W2" nVehContrib="5" flow="180.00" occupancy="2.27" speed="12.69" harmonicMeanSpeed="12.35" length="5.00" nVehEntered="6"/>
    <interval begin="7500.00" end="7600.00" id="inductionLoop.W2" nVehContrib="7" flow="252.00" occupancy="5.86" speed="7.17" harmonicMeanSpeed="5.98" length="5.00" nVehEntered="7"/>
    <interval begin="7600.00" end="7700.00" id="inductionLoop.W2" nVehContrib="7" flow="252.00" occupancy="6.29" speed="9.00" harmonicMeanSpeed="6.96" length="5.00" nVehEntered="9"/>
    <interval begin="7700.00" end="7800.00" id="inductionLoop.W2" nVehContrib="4" flow="144.00" occupancy="1.68" speed="13.16" harmonicMeanSpeed="12.84" length="5.00" nVehEntered="5"/>
    <interval begin="7800.00" end="7900.00" id="inductionLoop.W2" nVehContrib="9" flow="324.00" occupancy="4.74" speed="11.21" harmonicMeanSpeed="9.87" length="5.00" nVehEntered="10"/>
    <interval begin="7900.00" end="8000.00" id="inductionLoop.W2" nVehContrib="4" flow="144.00" occupancy="4.80" speed="4.83" harmonicMeanSpeed="4.20" length="5.00" nVehEntered="5"/>
    <interval begin="8000.00" end="8100.00" id="inductionLoop.W2" nVehContrib="2" flow="72.00" occupancy="1.11" speed="10.92" harmonicMeanSpeed="10.16" length="5.00" nVehEntered="3"/>
    <interval begin="8100.00" end="8200.00" id="inductionLoop.W2" nVehContrib="4" flow="144.00" occupancy="4.74" speed="5.86" harmonicMeanSpeed="4.22" length="5.00" nVehEntered="4"/>
    <interval begin="8200.00" end="8300.00" id="inductionLoop.W2" nVehContrib="5" flow="180.00" occupancy="2.37" speed="11.39" harmonicMeanSpeed="10.54" length="5.00" nVehEntered="5"/>
    <interval begin="8300.00" end="8400.00" id="inductionLoop.W2" nVehContrib="4" flow="144.00" occupancy="3.87" speed="6.86" harmonicMeanSpeed="5.16" length="5.00" nVehEntered="4"/>
    <interval begin="8400.00" end="8500.00" id="inductionLoop.W2" nVehContrib="9" flow="324.00" occupancy="5.78" speed="9.73" harmonicMeanSpeed="7.78" length="5.00" nVehEntered="9"/>
    <interval begin="8500.00" end="8600.00" id="inductionLoop.W2" nVehContrib="6" flow="216.00" occupancy="5.62" speed="7.76" harmonicMeanSpeed="5.76" length="5.00" nVehEntered="7"/>
    <interval begin="8600.00" end="8700.00" id="inductionLoop.W2" nVehContrib="9" flow="324.00" occupancy="3.97" speed="11.82" harmonicMeanSpeed="11.34" length="5.00" nVehEntered="9"/>
    <interval begin="8700.00" end="8800.00" id="inductionLoop.W2" nVehContrib="4" flow="144.00" occupancy="3.06" speed="8.52" harmonicMeanSpeed="6.53" length="5.00" nVehEntered="4"/>
    <interval begin="8800.00" end="8900.00" id="inductionLoop.W2" nVehContrib="9" flow="324.00" occupancy="8.37" speed="7.94" harmonicMeanSpeed="5.38" length="5.00" nVehEntered="9"/>
    <interval begin="8900.00" end="9000.00" id="inductionLoop.W2" nVehContrib="7" flow="252.00" occupancy="4.70" speed="9.43" harmonicMeanSpeed="7.45" length="5.00" nVehEntered="7"/>
    <interval begin="9000.00" end="9100.00" id="inductionLoop.W2" nVehContrib="5" flow="180.00" occupancy="3.32" speed="9.49" harmonicMeanSpeed="7.52" length="5.00" nVehEntered="5"/>
    <interval begin="9100.00" end="9200.00" id="inductionLoop.W2" nVehContrib="9" flow="324.00" occupancy="9.51" speed="7.16" harmonicMeanSpeed="4.97" length="5.00" nVehEntered="10"/>
    <interval begin="9200.00" end="9300.00" id="inductionLoop.W2" nVehContrib="3" flow="108.00" occupancy="2.99" speed="7.02" harmonicMeanSpeed="5.02" length="5.00" nVehEntered="3"/>
    <interval begin="9300.00" end="9400.00" id="inductionLoop.W2" nVehContrib="2" flow="72.00" occupancy="2.15" speed="4.67" harmonicMeanSpeed="4.65" length="5.00" nVehEntered="2"/>
    <interval begin="9400.00" end="9500.00" id="inductionLoop.W2" nVehContrib="6" flow="216.00" occupancy="5.43" speed="8.03" harmonicMeanSpeed="6.69" length="5.00" nVehEntered="7"/>
    <interval begin="9500.00" end="9600.00" id="inductionLoop.W2" nVehContrib="2" flow="72.00" occupancy="0.67" speed="14.94" harmonicMeanSpeed="14.91" length="5.00" nVehEntered="2"/>
    <interval begin="9600.00" end="9700.00" id="inductionLoop.W2" nVehContrib="4" flow="144.00" occupancy="1.80" speed="11.33" harmonicMeanSpeed="11.09" length="5.00" nVehEntered="4"/>
    <interval begin="9700.00" end="9800.00" id="inductionLoop.W2" nVehContrib="7" flow="252.00" occupancy="5.39" speed="8.84" harmonicMeanSpeed="6.49" length="5.00" nVehEntered="7"/>
    <interval begin="9800.00" end="9900.00" id="inductionLoop.W2" nVehContrib="0" flow="0.00" occupancy="0.00" speed="-1.00" harmonicMeanSpeed="-1.00" length="-1.00" nVehEntered="0"/>
    <interval begin="9900.00" end="10000.00" id="inductionLoop.W2" nVehContrib="3" flow="108.00" occupancy="2.16" speed="8.90" harmonicMeanSpeed="6.94" length="5.00" nVehEntered="3"/>
    <interval begin="10000.00" end="10100.00" id="inductionLoop.W2" nVehContrib="5" flow="180.00" occupancy="4.39" speed="8.16" harmonicMeanSpeed="5.69" length="5.00" nVehEntered="5"/>
    <interval begin="10100.00" end="10200.00" id="inductionLoop.W2" nVehContrib="2" flow="72.00" occupancy="1.09" speed="12.75" harmonicMeanSpeed="12.75" length="5.00" nVehEntered="3"/>
    <interval begin="10200.00" end="10300.00" id="inductionLoop.W2" nVehContrib="6" flow="216.00" occupancy="4.90" speed="8.91" harmonicMeanSpeed="6.73" length="5.00" nVehEntered="8"/>
    <interval begin="10300.00" end="10400.00" id="inductionLoop.W2" nVehContrib="4" flow="144.00" occupancy="1.65" speed="12.13" harmonicMeanSpeed="12.12" length="5.00" nVehEntered="4"/>
    <interval begin="10400.00" end="10500.00" id="inductionLoop.W2" nVehContrib="3" flow="108.00" occupancy="1.12" speed="13.47" harmonicMeanSpeed="13.43" length="5.00" nVehEntered="3"/>
    <interval begin="10500.00" end="10600.00" id="inductionLoop.W2" nVehContrib="3" flow="108.00" occupancy="1.12" speed="13.50" harmonicMeanSpeed="13.39" length="5.00" nVehEntered="3"/>
    <interval begin="10600.00" end="10700.00" id="inductionLoop.W2" nVehContrib="5" flow="180.00" occupancy="3.41" speed="10.95" harmonicMeanSpeed="8.12" length="5.00" nVehEntered="6"/>
    <interval begin="10700.00" end="10800.00" id="inductionLoop.W2" nVehContrib="3" flow="108.00" occupancy="2.07" speed="10.16" harmonicMeanSpeed="7.26" length="5.00" nVehEntered="3"/>
    <interval begin="10800.00" end="10900.00" id="inductionLoop.W2" nVehContrib="8" flow="288.00" occupancy="5.81" speed="9.58" harmonicMeanSpeed="6.88" length="5.00" nVehEntered="8"/>
    <interval begin="10900.00" end="11000.00" id="inductionLoop.W2" nVehContrib="3" flow="108.00" occupancy="4.06" speed="3.70" harmonicMeanSpeed="3.70" length="5.00" nVehEntered="3"/>
    <interval begin="11000.00" end="11100.00" id="inductionLoop.W2" nVehContrib="3" flow="108.00" occupancy="2.88" speed="6.74" harmonicMeanSpeed="5.21" length="5.00" nVehEntered="3"/>
    <interval begin="11100.00" end="11200.00" id="inductionLoop.W2" nVehContrib="3" flow="108.00" occupancy="1.26" speed="11.87" harmonicMeanSpeed="11.87" length="5.00" nVehEntered="3"/>
    <interval begin="11200.00" end="11300.00" id="inductionLoop.W2" nVehContrib="4" flow="144.00" occupancy="2.92" speed="8.74" harmonicMeanSpeed="6.86" length="5.00" nVehEntered="4"/>
    <interval begin="11300.00" end="11400.00" id="inductionLoop.W2" nVehContrib="1" flow="36.00" occupancy="0.36" speed="14.01" harmonicMeanSpeed="14.01" length="5.00" nVehEntered="1"/>
    <interval begin="11400.00" end="11500.00" id="inductionLoop.W2" nVehContrib="1" flow="36.00" occupancy="0.36" speed="13.82" harmonicMeanSpeed="13.82" length="5.00" nVehEntered="1"/>
    <interval begin="11500.00" end="11600.00" id="inductionLoop.W2" nVehContrib="1" flow="36.00" occupancy="0.39" speed="12.67" harmonicMeanSpeed="12.67" length="5.00" nVehEntered="1"/>
    <interval begin="11600.00" end="11700.00" id="inductionLoop.W2" nVehContrib="3" flow="108.00" occupancy="1.78" speed="10.84" harmonicMeanSpeed="8.58" length="5.00" nVehEntered="4"/>
    <interval begin="11700.00" end="11800.00" id="inductionLoop.W2" nVehContrib="5" flow="180.00" occupancy="1.82" speed="13.89" harmonicMeanSpeed="13.73" length="5.00" nVehEntered="5"/>
    <interval begin="11800.00" end="11900.00" id="inductionLoop.W2" nVehContrib="6" flow="216.00" occupancy="4.62" speed="8.15" harmonicMeanSpeed="6.58" length="5.00" nVehEntered="7"/>
    <interval begin="11900.00" end="12000.00" id="inductionLoop.W2" nVehContrib="5" flow="180.00" occupancy="3.16" speed="10.69" harmonicMeanSpeed="7.92" length="5.00" nVehEntered="5"/>
    <interval begin="12000.00" end="12100.00" id="inductionLoop.W2" nVehContrib="0" flow="0.00" occupancy="0.00" speed="-1.00" harmonicMeanSpeed="-1.00" length="-1.00" nVehEntered="0"/>
    <interval begin="12100.00" end="12200.00" id="inductionLoop.W2" nVehContrib="6" flow="216.00" occupancy="3.91" speed="9.68" harmonicMeanSpeed="7.70" length="5.00" nVehEntered="7"/>
    <interval begin="12200.00" end="12300.00" id="inductionLoop.W2" nVehContrib="3" flow="108.00" occupancy="2.23" speed="9.96" harmonicMeanSpeed="7.38" length="5.00" nVehEntered="4"/>
    <interval begin="12300.00" end="12400.00" id="inductionLoop.W2" nVehContrib="2" flow="72.00" occupancy="0.71" speed="14.20" harmonicMeanSpeed="14.17" length="5.00" nVehEntered="2"/>
    <interval begin="12400.00" end="12500.00" id="inductionLoop.W2" nVehContrib="5" flow="180.00" occupancy="2.74" speed="12.18" harmonicMeanSpeed="9.11" length="5.00" nVehEntered="5"/>
    <interval begin="12500.00" end="12600.00" id="inductionLoop.W2" nVehContrib="5" flow="180.00" occupancy="3.78" speed="8.59" harmonicMeanSpeed="6.86" length="5.00" nVehEntered="6"/>
    <interval begin="12600.00" end="12700.00" id="inductionLoop.W2" nVehContrib="1" flow="36.00" occupancy="0.37" speed="13.49" harmonicMeanSpeed="13.49" length="5.00" nVehEntered="1"/>
    <interval begin="12700.00" end="12800.00" id="inductionLoop.W2" nVehContrib="3" flow="108.00" occupancy="1.14" speed="13.21" harmonicMeanSpeed="13.15" length="5.00" nVehEntered="3"/>
    <interval begin="12800.00" end="12900.00" id="inductionLoop.W2" nVehContrib="3" flow="108.00" occupancy="1.11" speed="13.53" harmonicMeanSpeed="13.52" length="5.00" nVehEntered="3"/>
    <interval begin="12900.00" end="13000.00" id="inductionLoop.W2" nVehContrib="1" flow="36.00" occupancy="0.56" speed="8.87" harmonicMeanSpeed="8.87" length="5.00" nVehEntered="1"/>
    <interval begin="13000.00" end="13100.00" id="inductionLoop.W2" nVehContrib="3" flow="108.00" occupancy="2.88" speed="7.28" harmonicMeanSpeed="5.20" length="5.00" nVehEntered="3"/>
    <interval begin="13100.00" end="13200.00" id="inductionLoop.W2" nVehContrib="1" flow="36.00" occupancy="1.13" speed="4.43" harmonicMeanSpeed="4.43" length="5.00" nVehEntered="1"/>
    <interval begin="13200.00" end="13300.00" id="inductionLoop.W2" nVehContrib="1" flow="36.00" occupancy="0.39" speed="12.90" harmonicMeanSpeed="12.90" length="5.00" nVehEntered="1"/>
    <interval begin="13300.00" end="13400.00" id="inductionLoop.W2" nVehContrib="4" flow="144.00" occupancy="2.03" speed="11.60" harmonicMeanSpeed="11.38" length="5.00" nVehEntered="5"/>
    <interval begin="13400.00" end="13500.00" id="inductionLoop.W2" nVehContrib="4" flow="144.00" occupancy="2.25" speed="10.80" harmonicMeanSpeed="8.88" length="5.00" nVehEntered="4"/>
    <interval begin="13500.00" end="13600.00" id="inductionLoop.W2" nVehContrib="3" flow="108.00" occupancy="1.30" speed="11.83" harmonicMeanSpeed="11.51" length="5.00" nVehEntered="3"/>
    <interval begin="13600.00" end="13700.00" id="inductionLoop.W2" nVehContrib="2" flow="72.00" occupancy="0.73" speed="13.70" harmonicMeanSpeed="13.63" length="5.00" nVehEntered="2"/>
    <interval begin="13700.00" end="13800.00" id="inductionLoop.W2" nVehContrib="1" flow="36.00" occupancy="0.37" speed="13.67" harmonicMeanSpeed="13.67" length="5.00" nVehEntered="1"/>
    <interval begin="13800.00" end="13900.00" id="inductionLoop.W2" nVehContrib="6" flow="216.00" occupancy="4.94" speed="8.53" harmonicMeanSpeed="6.08" length="5.00" nVehEntered="6"/>
    <interval begin="13900.00" end="14000.00" id="inductionLoop.W2" nVehContrib="2" flow="72.00" occupancy="2.08" speed="6.01" harmonicMeanSpeed="5.37" length="5.00" nVehEntered="3"/>
    <interval begin="14000.00" end="14100.00" id="inductionLoop.W2" nVehContrib="3" flow="108.00" occupancy="1.81" speed="10.72" harmonicMeanSpeed="8.27" length="5.00" nVehEntered="3"/>
    <interval begin="14100.00" end="14200.00" id="inductionLoop.W2" nVehContrib="1" flow="36.00" occupancy="1.02" speed="4.91" harmonicMeanSpeed="4.91" length="5.00" nVehEntered="1"/>
    <interval begin="14200.00" end="14300.00" id="inductionLoop.W2" nVehContrib="3" flow="108.00" occupancy="2.20" speed="9.28" harmonicMeanSpeed="6.83" length="5.00" nVehEntered="3"/>
    <interval begin="14300.00" end="14400.00" id="inductionLoop.W2" nVehContrib="6" flow="216.00" occupancy="3.62" speed="11.26" harmonicMeanSpeed="10.83" length="5.00" nVehEntered="7"/>
    <interval begin="14400.00" end="14500.00" id="inductionLoop.W2" nVehContrib="7" flow="252.00" occupancy="7.08" speed="7.03" harmonicMeanSpeed="5.34" length="5.00" nVehEntered="9"/>
    <interval begin="14500.00" end="14600.00" id="inductionLoop.W2" nVehContrib="0" flow="0.00" occupancy="0.00" speed="-1.00" harmonicMeanSpeed="-1.00" length="-1.00" nVehEntered="0"/>
    <interval begin="14600.00" end="14700.00" id="inductionLoop.W2" nVehContrib="4" flow="144.00" occupancy="1.59" speed="12.67" harmonicMeanSpeed="12.63" length="5.00" nVehEntered="5"/>
    <interval begin="14700.00" end="14800.00" id="inductionLoop.W2" nVehContrib="1" flow="36.00" occupancy="0.38" speed="13.25" harmonicMeanSpeed="13.25" length="5.00" nVehEntered="1"/>
    <interval begin="14800.00" end="14900.00" id="inductionLoop.W2" nVehContrib="1" flow="36.00" occupancy="0.39" speed="12.80" harmonicMeanSpeed="12.80" length="5.00" nVehEntered="1"/>
    <interval begin="14900.00" end="15000.00" id="inductionLoop.W2" nVehContrib="3" flow="108.00" occupancy="1.21" speed="13.25" harmonicMeanSpeed="13.15" length="5.00" nVehEntered="4"/>
    <interval begin="15000.00" end="15100.00" id="inductionLoop.W2" nVehContrib="1" flow="36.00" occupancy="0.38" speed="13.33" harmonicMeanSpeed="13.33" length="5.00" nVehEntered="1"/>
    <interval begin="15100.00" end="15200.00" id="inductionLoop.W2" nVehContrib="3" flow="108.00" occupancy="2.10" speed="9.65" harmonicMeanSpeed="7.13" length="5.00" nVehEntered="3"/>
    <interval begin="15200.00" end="15300.00" id="inductionLoop.W2" nVehContrib="3" flow="108.00" occupancy="1.22" speed="12.62" harmonicMeanSpeed="12.28" length="5.00" nVehEntered="3"/>
    <interval begin="15300.00" end="15400.00" id="inductionLoop.W2" nVehContrib="6" flow="216.00" occupancy="4.91" speed="8.81" harmonicMeanSpeed="6.47" length="5.00" nVehEntered="7"/>
    <interval begin="15400.00" end="15500.00" id="inductionLoop.W2" nVehContrib="5" flow="180.00" occupancy="2.80" speed="10.95" harmonicMeanSpeed="8.93" length="5.00" nVehEntered="5"/>
    <interval begin="15500.00" end="15600.00" id="inductionLoop.W2" nVehContrib="4" flow="144.00" occupancy="1.57" speed="12.79" harmonicMeanSpeed="12.78" length="5.00" nVehEntered="4"/>
    <interval begin="15600.00" end="15700.00" id="inductionLoop.W2" nVehContrib="2" flow="72.00" occupancy="1.66" speed="7.60" harmonicMeanSpeed="6.01" length="5.00" nVehEntered="2"/>
    <interval begin="15700.00" end="15800.00" id="inductionLoop.W2" nVehContrib="5" flow="180.00" occupancy="2.57" speed="11.69" harmonicMeanSpeed="9.72" length="5.00" nVehEntered="5"/>
    <interval begin="15800.00" end="15900.00" id="inductionLoop.W2" nVehContrib="5" flow="180.00" occupancy="3.35" speed="9.75" harmonicMeanSpeed="7.45" length="5.00" nVehEntered="5"/>
    <interval begin="15900.00" end="16000.00" id="inductionLoop.W2" nVehContrib="2" flow="72.00" occupancy="0.74" speed="13.64" harmonicMeanSpeed="13.54" length="5.00" nVehEntered="2"/>
    <interval begin="16000.00" end="16100.00" id="inductionLoop.W2" nVehContrib="1" flow="36.00" occupancy="0.47" speed="10.73" harmonicMeanSpeed="10.73" length="5.00" nVehEntered="1"/>
    <interval begin="16100.00" end="16200.00" id="inductionLoop.W2" nVehContrib="4" flow="144.00" occupancy="3.19" speed="8.13" harmonicMeanSpeed="6.27" length="5.00" nVehEntered="4"/>
    <interval begin="16200.00" end="16300.00" id="inductionLoop.W2" nVehContrib="1" flow="36.00" occupancy="0.34" speed="14.82" harmonicMeanSpeed="14.82" length="5.00" nVehEntered="1"/>
    <interval begin="16300.00" end="16400.00" id="inductionLoop.W2" nVehContrib="2" flow="72.00" occupancy="0.74" speed="13.44" harmonicMeanSpeed="13.43" length="5.00" nVehEntered="2"/>
    <interval begin="16400.00" end="16500.00" id="inductionLoop.W2" nVehContrib="1" flow="36.00" occupancy="0.83" speed="12.27" harmonicMeanSpeed="12.27" length="5.00" nVehEntered="2"/>
    <interval begin="16500.00" end="16600.00" id="inductionLoop.W2" nVehContrib="1" flow="36.00" occupancy="0.35" speed="14.32" harmonicMeanSpeed="14.32" length="5.00" nVehEntered="1"/>
    <interval begin="16600.00" end="16700.00" id="inductionLoop.W2" nVehContrib="2" flow="72.00" occupancy="1.60" speed="8.10" harmonicMeanSpeed="6.24" length="5.00" nVehEntered="2"/>
    <interval begin="16700.00" end="16800.00" id="inductionLoop.W2" nVehContrib="1" flow="36.00" occupancy="0.33" speed="14.99" harmonicMeanSpeed="14.99" length="5.00" nVehEntered="1"/>
    <interval begin="16800.00" end="16900.00" id="inductionLoop.W2" nVehContrib="5" flow="180.00" occupancy="2.95" speed="9.87" harmonicMeanSpeed="8.49" length="5.00" nVehEntered="5"/>
    <interval begin="16900.00" end="17000.00" id="inductionLoop.W2" nVehContrib="6" flow="216.00" occupancy="2.50" speed="12.21" harmonicMeanSpeed="11.98" length="5.00" nVehEntered="6"/>
    <interval begin="17000.00" end="17100.00" id="inductionLoop.W2" nVehContrib="5" flow="180.00" occupancy="4.16" speed="8.39" harmonicMeanSpeed="6.13" length="5.00" nVehEntered="6"/>
    <interval begin="17100.00" end="17200.00" id="inductionLoop.W2" nVehContrib="5" flow="180.00" occupancy="2.28" speed="11.63" harmonicMeanSpeed="10.95" length="5.00" nVehEntered="5"/>
    <interval begin="17200.00" end="17300.00" id="inductionLoop.W2" nVehContrib="3" flow="108.00" occupancy="1.14" speed="13.25" harmonicMeanSpeed="13.19" length="5.00" nVehEntered="3"/>
    <interval begin="17300.00" end="17400.00" id="inductionLoop.W2" nVehContrib="7" flow="252.00" occupancy="5.53" speed="9.07" harmonicMeanSpeed="6.33" length="5.00" nVehEntered="7"/>
    <interval begin="17400.00" end="17500.00" id="inductionLoop.W2" nVehContrib="7" flow="252.00" occupancy="5.99" speed="7.59" harmonicMeanSpeed="5.84" length="5.00" nVehEntered="7"/>
    <interval begin="17500.00" end="17600.00" id="inductionLoop.W2" nVehContrib="10" flow="360.00" occupancy="6.45" speed="10.05" harmonicMeanSpeed="8.04" length="5.00" nVehEntered="11"/>
    <interval begin="17600.00" end="17700.00" id="inductionLoop.W2" nVehContrib="7" flow="252.00" occupancy="4.28" speed="9.45" harmonicMeanSpeed="8.37" length="5.00" nVehEntered="8"/>
    <interval begin="17700.00" end="17800.00" id="inductionLoop.W2" nVehContrib="4" flow="144.00" occupancy="2.51" speed="10.54" harmonicMeanSpeed="8.19" length="5.00" nVehEntered="5"/>
    <interval begin="17800.00" end="17900.00" id="inductionLoop.W2" nVehContrib="9" flow="324.00" occupancy="8.70" speed="7.54" harmonicMeanSpeed="5.41" length="5.00" nVehEntered="10"/>
    <interval begin="17900.00" end="18000.00" id="inductionLoop.W2" nVehContrib="11" flow="396.00" occupancy="7.04" speed="9.74" harmonicMeanSpeed="7.81" length="5.00" nVehEntered="11"/>
    <interval begin="18000.00" end="18100.00" id="inductionLoop.W2" nVehContrib="5" flow="180.00" occupancy="2.10" speed="12.09" harmonicMeanSpeed="11.92" length="5.00" nVehEntered="5"/>
    <interval begin="18100.00" end="18200.00" id="inductionLoop.W2" nVehContrib="6" flow="216.00" occupancy="3.55" speed="11.25" harmonicMeanSpeed="9.19" length="5.00" nVehEntered="7"/>
    <interval begin="18200.00" end="18300.00" id="inductionLoop.W2" nVehContrib="4" flow="144.00" occupancy="2.52" speed="9.45" harmonicMeanSpeed="7.93" length="5.00" nVehEntered="4"/>
    <interval begin="18300.00" end="18400.00" id="inductionLoop.W2" nVehContrib="7" flow="252.00" occupancy="4.28" speed="10.91" harmonicMeanSpeed="8.59" length="5.00" nVehEntered="8"/>
    <interval begin="18400.00" end="18500.00" id="inductionLoop.W2" nVehContrib="11" flow="396.00" occupancy="7.18" speed="9.70" harmonicMeanSpeed="7.66" length="5.00" nVehEntered="11"/>
    <interval begin="18500.00" end="18600.00" id="inductionLoop.W2" nVehContrib="6" flow="216.00" occupancy="2.38" speed="12.89" harmonicMeanSpeed="12.63" length="5.00" nVehEntered="6"/>
    <interval begin="18600.00" end="18700.00" id="inductionLoop.W2" nVehContrib="10" flow="360.00" occupancy="6.41" speed="10.41" harmonicMeanSpeed="8.39" length="5.00" nVehEntered="12"/>
    <interval begin="18700.00" end="18800.00" id="inductionLoop.W2" nVehContrib="8" flow="288.00" occupancy="3.88" speed="11.21" harmonicMeanSpeed="10.66" length="5.00" nVehEntered="9"/>
    <interval begin="18800.00" end="18900.00" id="inductionLoop.W2" nVehContrib="12" flow="432.00" occupancy="10.17" speed="8.39" harmonicMeanSpeed="6.04" length="5.00" nVehEntered="13"/>
    <interval begin="18900.00" end="19000.00" id="inductionLoop.W2" nVehContrib="7" flow="252.00" occupancy="6.91" speed="9.29" harmonicMeanSpeed="5.57" length="5.00" nVehEntered="9"/>
    <interval begin="19000.00" end="19100.00" id="inductionLoop.W2" nVehContrib="9" flow="324.00" occupancy="5.93" speed="10.35" harmonicMeanSpeed="7.59" length="5.00" nVehEntered="9"/>
    <interval begin="19100.00" end="19200.00" id="inductionLoop.W2" nVehContrib="2" flow="72.00" occupancy="0.68" speed="14.74" harmonicMeanSpeed="14.74" length="5.00" nVehEntered="2"/>
    <interval begin="19200.00" end="19300.00" id="inductionLoop.W2" nVehContrib="8" flow="288.00" occupancy="3.06" speed="13.74" harmonicMeanSpeed="13.56" length="5.00" nVehEntered="9"/>
    <interval begin="19300.00" end="19400.00" id="inductionLoop.W2" nVehContrib="7" flow="252.00" occupancy="4.17" speed="10.41" harmonicMeanSpeed="8.39" length="5.00" nVehEntered="7"/>
    <interval begin="19400.00" end="19500.00" id="inductionLoop.W2" nVehContrib="7" flow="252.00" occupancy="4.87" speed="9.84" harmonicMeanSpeed="7.80" length="5.00" nVehEntered="8"/>
    <interval begin="19500.00" end="19600.00" id="inductionLoop.W2" nVehContrib="8" flow="288.00" occupancy="6.34" speed="9.47" harmonicMeanSpeed="8.04" length="5.00" nVehEntered="9"/>
    <interval begin="19600.00" end="19700.00" id="inductionLoop.W2" nVehContrib="7" flow="252.00" occupancy="4.61" speed="11.32" harmonicMeanSpeed="9.20" length="5.00" nVehEntered="8"/>
    <interval begin="19700.00" end="19800.00" id="inductionLoop.W2" nVehContrib="10" flow="360.00" occupancy="7.15" speed="9.72" harmonicMeanSpeed="8.28" length="5.00" nVehEntered="12"/>
    <interval begin="19800.00" end="19900.00" id="inductionLoop.W2" nVehContrib="14" flow="504.00" occupancy="11.22" speed="8.92" harmonicMeanSpeed="6.10" length="5.00" nVehEntered="14"/>
    <interval begin="19900.00" end="20000.00" id="inductionLoop.W2" nVehContrib="10" flow="360.00" occupancy="7.13" speed="9.15" harmonicMeanSpeed="7.01" length="5.00" nVehEntered="10"/>
    <interval begin="20000.00" end="20100.00" id="inductionLoop.W2" nVehContrib="7" flow="252.00" occupancy="4.80" speed="10.26" harmonicMeanSpeed="7.29" length="5.00" nVehEntered="7"/>
    <interval begin="20100.00" end="20200.00" id="inductionLoop.W2" nVehContrib="13" flow="468.00" occupancy="14.90" speed="9.03" harmonicMeanSpeed="4.53" length="5.00" nVehEntered="15"/>
    <interval begin="20200.00" end="20300.00" id="inductionLoop.W2" nVehContrib="8" flow="288.00" occupancy="5.53" speed="9.60" harmonicMeanSpeed="7.53" length="5.00" nVehEntered="10"/>
    <interval begin="20300.00" end="20400.00" id="inductionLoop.W2" nVehContrib="8" flow="288.00" occupancy="7.86" speed="7.00" harmonicMeanSpeed="5.09" length="5.00" nVehEntered="8"/>
    <interval begin="20400.00" end="20500.00" id="inductionLoop.W2" nVehContrib="10" flow="360.00" occupancy="7.87" speed="10.13" harmonicMeanSpeed="7.54" length="5.00" nVehEntered="14"/>
    <interval begin="20500.00" end="20600.00" id="inductionLoop.W2" nVehContrib="8" flow="288.00" occupancy="18.84" speed="8.60" harmonicMeanSpeed="2.12" length="5.00" nVehEntered="8"/>
    <interval begin="20600.00" end="20700.00" id="inductionLoop.W2" nVehContrib="7" flow="252.00" occupancy="10.92" speed="6.61" harmonicMeanSpeed="4.22" length="5.00" nVehEntered="8"/>
    <interval begin="20700.00" end="20800.00" id="inductionLoop.W2" nVehContrib="9" flow="324.00" occupancy="18.29" speed="8.92" harmonicMeanSpeed="2.76" length="5.00" nVehEntered="13"/>
    <interval begin="20800.00" end="20900.00" id="inductionLoop.W2" nVehContrib="8" flow="288.00" occupancy="17.66" speed="7.01" harmonicMeanSpeed="2.31" length="5.00" nVehEntered="9"/>
    <interval begin="20900.00" end="21000.00" id="inductionLoop.W2" nVehContrib="10" flow="360.00" occupancy="27.57" speed="8.25" harmonicMeanSpeed="1.88" length="5.00" nVehEntered="12"/>
    <interval begin="21000.00" end="21100.00" id="inductionLoop.W2" nVehContrib="10" flow="360.00" occupancy="24.70" speed="7.85" harmonicMeanSpeed="2.10" length="5.00" nVehEntered="12"/>
    <interval begin="21100.00" end="21200.00" id="inductionLoop.W2" nVehContrib="8" flow="288.00" occupancy="9.64" speed="8.97" harmonicMeanSpeed="5.67" length="5.00" nVehEntered="11"/>
    <interval begin="21200.00" end="21300.00" id="inductionLoop.W2" nVehContrib="10" flow="360.00" occupancy="17.70" speed="8.24" harmonicMeanSpeed="2.59" length="5.00" nVehEntered="11"/>
    <interval begin="21300.00" end="21400.00" id="inductionLoop.W2" nVehContrib="11" flow="396.00" occupancy="19.71" speed="9.36" harmonicMeanSpeed="2.93" length="5.00" nVehEntered="13"/>
    <interval begin="21400.00" end="21500.00" id="inductionLoop.W2" nVehContrib="12" flow="432.00" occupancy="31.47" speed="7.71" harmonicMeanSpeed="2.02" length="5.00" nVehEntered="14"/>
    <interval begin="21500.00" end="21600.00" id="inductionLoop.W2" nVehContrib="12" flow="432.00" occupancy="9.69" speed="8.96" harmonicMeanSpeed="6.21" length="5.00" nVehEntered="13"/>
    <interval begin="21600.00" end="21700.00" id="inductionLoop.W2" nVehContrib="11" flow="396.00" occupancy="18.79" speed="7.44" harmonicMeanSpeed="3.05" length="5.00" nVehEntered="14"/>
    <interval begin="21700.00" end="21800.00" id="inductionLoop.W2" nVehContrib="11" flow="396.00" occupancy="43.40" speed="5.46" harmonicMeanSpeed="1.37" length="5.00" nVehEntered="13"/>
    <interval begin="21800.00" end="21900.00" id="inductionLoop.W2" nVehContrib="13" flow="468.00" occupancy="32.36" speed="7.90" harmonicMeanSpeed="2.02" length="5.00" nVehEntered="14"/>
    <interval begin="21900.00" end="22000.00" id="inductionLoop.W2" nVehContrib="11" flow="396.00" occupancy="29.88" speed="7.86" harmonicMeanSpeed="1.92" length="5.00" nVehEntered="13"/>
    <interval begin="22000.00" end="22100.00" id="inductionLoop.W2" nVehContrib="11" flow="396.00" occupancy="21.53" speed="8.23" harmonicMeanSpeed="2.56" length="5.00" nVehEntered="13"/>
    <interval begin="22100.00" end="22200.00" id="inductionLoop.W2" nVehContrib="10" flow="360.00" occupancy="26.96" speed="7.52" harmonicMeanSpeed="1.89" length="5.00" nVehEntered="12"/>
    <interval begin="22200.00" end="22300.00" id="inductionLoop.W2" nVehContrib="10" flow="360.00" occupancy="33.59" speed="7.92" harmonicMeanSpeed="1.52" length="5.00" nVehEntered="11"/>
    <interval begin="22300.00" end="22400.00" id="inductionLoop.W2" nVehContrib="5" flow="180.00" occupancy="30.87" speed="9.58" harmonicMeanSpeed="1.82" length="5.00" nVehEntered="7"/>
    <interval begin="22400.00" end="22500.00" id="inductionLoop.W2" nVehContrib="8" flow="288.00" occupancy="35.71" speed="4.91" harmonicMeanSpeed="0.81" length="5.00" nVehEntered="7"/>
    <interval begin="22500.00" end="22600.00" id="inductionLoop.W2" nVehContrib="10" flow="360.00" occupancy="36.64" speed="9.80" harmonicMeanSpeed="1.37" length="5.00" nVehEntered="11"/>
    <interval begin="22600.00" end="22700.00" id="inductionLoop.W2" nVehContrib="12" flow="432.00" occupancy="60.30" speed="7.91" harmonicMeanSpeed="1.04" length="5.00" nVehEntered="15"/>
    <interval begin="22700.00" end="22800.00" id="inductionLoop.W2" nVehContrib="9" flow="324.00" occupancy="46.98" speed="8.14" harmonicMeanSpeed="1.03" length="5.00" nVehEntered="12"/>
    <interval begin="22800.00" end="22900.00" id="inductionLoop.W2" nVehContrib="8" flow="288.00" occupancy="44.71" speed="8.86" harmonicMeanSpeed="1.62" length="5.00" nVehEntered="11"/>
    <interval begin="22900.00" end="23000.00" id="inductionLoop.W2" nVehContrib="11" flow="396.00" occupancy="46.41" speed="7.14" harmonicMeanSpeed="0.87" length="5.00" nVehEntered="12"/>
    <interval begin="23000.00" end="23100.00" id="inductionLoop.W2" nVehContrib="15" flow="540.00" occupancy="28.94" speed="8.92" harmonicMeanSpeed="2.49" length="5.00" nVehEntered="16"/>
    <interval begin="23100.00" end="23200.00" id="inductionLoop.W2" nVehContrib="16" flow="576.00" occupancy="32.29" speed="7.71" harmonicMeanSpeed="2.50" length="5.00" nVehEntered="18"/>
    <interval begin="23200.00" end="23300.00" id="inductionLoop.W2" nVehContrib="8" flow="288.00" occupancy="42.80" speed="6.72" harmonicMeanSpeed="0.96" length="5.00" nVehEntered="10"/>
    <interval begin="23300.00" end="23400.00" id="inductionLoop.W2" nVehContrib="10" flow="360.00" occupancy="48.71" speed="7.59" harmonicMeanSpeed="1.02" length="5.00" nVehEntered="9"/>
    <interval begin="23400.00" end="23500.00" id="inductionLoop.W2" nVehContrib="9" flow="324.00" occupancy="18.09" speed="8.40" harmonicMeanSpeed="2.53" length="5.00" nVehEntered="12"/>
    <interval begin="23500.00" end="23600.00" id="inductionLoop.W2" nVehContrib="6" flow="216.00" occupancy="62.99" speed="6.03" harmonicMeanSpeed="0.61" length="5.00" nVehEntered="9"/>
    <interval begin="23600.00" end="23700.00" id="inductionLoop.W2" nVehContrib="15" flow="540.00" occupancy="53.66" speed="8.29" harmonicMeanSpeed="1.55" length="5.00" nVehEntered="16"/>
    <interval begin="23700.00" end="23800.00" id="inductionLoop.W2" nVehContrib="10" flow="360.00" occupancy="42.81" speed="8.47" harmonicMeanSpeed="0.85" length="5.00" nVehEntered="9"/>
    <interval begin="23800.00" end="23900.00" id="inductionLoop.W2" nVehContrib="9" flow="324.00" occupancy="61.72" speed="6.80" harmonicMeanSpeed="1.03" length="5.00" nVehEntered="11"/>
    <interval begin="23900.00" end="24000.00" id="inductionLoop.W2" nVehContrib="13" flow="468.00" occupancy="56.60" speed="6.08" harmonicMeanSpeed="0.88" length="5.00" nVehEntered="13"/>
    <interval begin="24000.00" end="24100.00" id="inductionLoop.W2" nVehContrib="12" flow="432.00" occupancy="36.91" speed="7.64" harmonicMeanSpeed="1.74" length="5.00" nVehEntered="17"/>
    <interval begin="24100.00" end="24200.00" id="inductionLoop.W2" nVehContrib="8" flow="288.00" occupancy="38.49" speed="6.24" harmonicMeanSpeed="1.56" length="5.00" nVehEntered="8"/>
    <interval begin="24200.00" end="24300.00" id="inductionLoop.W2" nVehContrib="14" flow="504.00" occupancy="50.77" speed="7.63" harmonicMeanSpeed="1.09" length="5.00" nVehEntered="15"/>
    <interval begin="24300.00" end="24400.00" id="inductionLoop.W2" nVehContrib="14" flow="504.00" occupancy="35.95" speed="7.98" harmonicMeanSpeed="1.96" length="5.00" nVehEntered="15"/>
    <interval begin="24400.00" end="24500.00" id="inductionLoop.W2" nVehContrib="9" flow="324.00" occupancy="34.61" speed="7.58" harmonicMeanSpeed="1.76" length="5.00" nVehEntered="11"/>
    <interval begin="24500.00" end="24600.00" id="inductionLoop.W2" nVehContrib="11" flow="396.00" occupancy="23.12" speed="6.34" harmonicMeanSpeed="1.93" length="5.00" nVehEntered="16"/>
    <interval begin="24600.00" end="24700.00" id="inductionLoop.W2" nVehContrib="11" flow="396.00" occupancy="47.09" speed="7.37" harmonicMeanSpeed="1.58" length="5.00" nVehEntered="13"/>
    <interval begin="24700.00" end="24800.00" id="inductionLoop.W2" nVehContrib="13" flow="468.00" occupancy="76.19" speed="6.45" harmonicMeanSpeed="0.75" length="5.00" nVehEntered="13"/>
    <interval begin="24800.00" end="24900.00" id="inductionLoop.W2" nVehContrib="9" flow="324.00" occupancy="71.75" speed="7.27" harmonicMeanSpeed="0.75" length="5.00" nVehEntered="11"/>
    <interval begin="24900.00" end="25000.00" id="inductionLoop.W2" nVehContrib="3" flow="108.00" occupancy="93.45" speed="2.82" harmonicMeanSpeed="0.17" length="5.00" nVehEntered="3"/>
    <interval begin="25000.00" end="25100.00" id="inductionLoop.W2" nVehContrib="13" flow="468.00" occupancy="78.94" speed="8.78" harmonicMeanSpeed="1.41" length="5.00" nVehEntered="13"/>
    <interval begin="25100.00" end="25200.00" id="inductionLoop.W2" nVehContrib="11" flow="396.00" occupancy="81.66" speed="8.08" harmonicMeanSpeed="0.73" length="5.00" nVehEntered="11"/>
    <interval begin="25200.00" end="25300.00" id="inductionLoop.W2" nVehContrib="15" flow="540.00" occupancy="72.92" speed="7.72" harmonicMeanSpeed="0.60" length="5.00" nVehEntered="14"/>
    <interval begin="25300.00" end="25400.00" id="inductionLoop.W2" nVehContrib="10" flow="360.00" occupancy="82.70" speed="7.26" harmonicMeanSpeed="0.61" length="5.00" nVehEntered="11"/>
    <interval begin="25400.00" end="25500.00" id="inductionLoop.W2" nVehContrib="16" flow="576.00" occupancy="76.12" speed="9.58" harmonicMeanSpeed="1.03" length="5.00" nVehEntered="15"/>
    <interval begin="25500.00" end="25600.00" id="inductionLoop.W2" nVehContrib="11" flow="396.00" occupancy="80.53" speed="7.75" harmonicMeanSpeed="0.68" length="5.00" nVehEntered="12"/>
    <interval begin="25600.00" end="25700.00" id="inductionLoop.W2" nVehContrib="14" flow="504.00" occupancy="78.98" speed="8.40" harmonicMeanSpeed="0.88" length="5.00" nVehEntered="13"/>
    <interval begin="25700.00" end="25800.00" id="inductionLoop.W2" nVehContrib="10" flow="360.00" occupancy="82.60" speed="10.09" harmonicMeanSpeed="0.61" length="5.00" nVehEntered="10"/>
    <interval begin="25800.00" end="25900.00" id="inductionLoop.W2" nVehContrib="15" flow="540.00" occupancy="76.27" speed="8.09" harmonicMeanSpeed="0.98" length="5.00" nVehEntered="15"/>
    <interval begin="25900.00" end="26000.00" id="inductionLoop.W2" nVehContrib="6" flow="216.00" occupancy="88.13" speed="5.44" harmonicMeanSpeed="0.59" length="5.00" nVehEntered="7"/>
    <interval begin="26000.00" end="26100.00" id="inductionLoop.W2" nVehContrib="16" flow="576.00" occupancy="74.61" speed="8.40" harmonicMeanSpeed="1.39" length="5.00" nVehEntered="16"/>
    <interval begin="26100.00" end="26200.00" id="inductionLoop.W2" nVehContrib="16" flow="576.00" occupancy="74.52" speed="9.07" harmonicMeanSpeed="1.05" length="5.00" nVehEntered="16"/>
    <interval begin="26200.00" end="26300.00" id="inductionLoop.W2" nVehContrib="17" flow="612.00" occupancy="74.03" speed="8.99" harmonicMeanSpeed="0.92" length="5.00" nVehEntered="17"/>
    <interval begin="26300.00" end="26400.00" id="inductionLoop.W2" nVehContrib="16" flow="576.00" occupancy="73.59" speed="8.08" harmonicMeanSpeed="0.74" length="5.00" nVehEntered="15"/>
    <interval begin="26400.00" end="26500.00" id="inductionLoop.W2" nVehContrib="11" flow="396.00" occupancy="82.30" speed="8.67" harmonicMeanSpeed="0.75" length="5.00" nVehEntered="12"/>
    <interval begin="26500.00" end="26600.00" id="inductionLoop.W2" nVehContrib="21" flow="756.00" occupancy="67.54" speed="9.61" harmonicMeanSpeed="2.11" length="5.00" nVehEntered="21"/>
    <interval begin="26600.00" end="26700.00" id="inductionLoop.W2" nVehContrib="18" flow="648.00" occupancy="72.00" speed="10.12" harmonicMeanSpeed="1.09" length="5.00" nVehEntered="18"/>
    <interval begin="26700.00" end="26800.00" id="inductionLoop.W2" nVehContrib="16" flow="576.00" occupancy="73.67" speed="8.34" harmonicMeanSpeed="0.90" length="5.00" nVehEntered="16"/>
    <interval begin="26800.00" end="26900.00" id="inductionLoop.W2" nVehContrib="16" flow="576.00" occupancy="73.65" speed="9.26" harmonicMeanSpeed="1.20" length="5.00" nVehEntered="16"/>
    <interval begin="26900.00" end="27000.00" id="inductionLoop.W2" nVehContrib="11" flow="396.00" occupancy="80.88" speed="6.95" harmonicMeanSpeed="0.62" length="5.00" nVehEntered="10"/>
    <interval begin="27000.00" end="27100.00" id="inductionLoop.W2" nVehContrib="16" flow="576.00" occupancy="73.75" speed="9.26" harmonicMeanSpeed="1.32" length="5.00" nVehEntered="17"/>
    <interval begin="27100.00" end="27200.00" id="inductionLoop.W2" nVehContrib="19" flow="684.00" occupancy="69.25" speed="10.00" harmonicMeanSpeed="1.41" length="5.00" nVehEntered="19"/>
    <interval begin="27200.00" end="27300.00" id="inductionLoop.W2" nVehContrib="10" flow="360.00" occupancy="82.27" speed="5.55" harmonicMeanSpeed="0.52" length="5.00" nVehEntered="9"/>
    <interval begin="27300.00" end="27400.00" id="inductionLoop.W2" nVehContrib="23" flow="828.00" occupancy="64.39" speed="9.38" harmonicMeanSpeed="1.79" length="5.00" nVehEntered="23"/>
    <interval begin="27400.00" end="27500.00" id="inductionLoop.W2" nVehContrib="15" flow="540.00" occupancy="74.01" speed="8.18" harmonicMeanSpeed="1.07" length="5.00" nVehEntered="16"/>
    <interval begin="27500.00" end="27600.00" id="inductionLoop.W2" nVehContrib="15" flow="540.00" occupancy="76.15" speed="9.60" harmonicMeanSpeed="0.94" length="5.00" nVehEntered="15"/>
    <interval begin="27600.00" end="27700.00" id="inductionLoop.W2" nVehContrib="5" flow="180.00" occupancy="90.87" speed="4.60" harmonicMeanSpeed="0.32" length="5.00" nVehEntered="5"/>
    <interval begin="27700.00" end="27800.00" id="inductionLoop.W2" nVehContrib="22" flow="792.00" occupancy="64.90" speed="10.21" harmonicMeanSpeed="1.40" length="5.00" nVehEntered="22"/>
    <interval begin="27800.00" end="27900.00" id="inductionLoop.W2" nVehContrib="3" flow="108.00" occupancy="92.83" speed="6.50" harmonicMeanSpeed="0.70" length="5.00" nVehEntered="3"/>
    <interval begin="27900.00" end="28000.00" id="inductionLoop.W2" nVehContrib="23" flow="828.00" occupancy="62.83" speed="10.59" harmonicMeanSpeed="0.86" length="5.00" nVehEntered="22"/>
    <interval begin="28000.00" end="28100.00" id="inductionLoop.W2" nVehContrib="15" flow="540.00" occupancy="75.38" speed="8.63" harmonicMeanSpeed="1.30" length="5.00" nVehEntered="16"/>
    <interval begin="28100.00" end="28200.00" id="inductionLoop.W2" nVehContrib="1" flow="36.00" occupancy="98.21" speed="0.04" harmonicMeanSpeed="0.04" length="5.00" nVehEntered="0"/>
    <interval begin="28200.00" end="28300.00" id="inductionLoop.W2" nVehContrib="19" flow="684.00" occupancy="70.70" speed="10.41" harmonicMeanSpeed="9.16" length="5.00" nVehEntered="20"/>
    <interval begin="28300.00" end="28400.00" id="inductionLoop.W2" nVehContrib="23" flow="828.00" occupancy="43.25" speed="9.90" harmonicMeanSpeed="1.11" length="5.00" nVehEntered="22"/>
    <interval begin="28400.00" end="28500.00" id="inductionLoop.W2" nVehContrib="11" flow="396.00" occupancy="6.46" speed="10.10" harmonicMeanSpeed="8.52" length="5.00" nVehEntered="11"/>
    <interval begin="28500.00" end="28600.00" id="inductionLoop.W2" nVehContrib="3" flow="108.00" occupancy="94.69" speed="11.93" harmonicMeanSpeed="11.51" length="5.00" nVehEntered="4"/>
    <interval begin="28600.00" end="28700.00" id="inductionLoop.W2" nVehContrib="15" flow="540.00" occupancy="76.38" speed="9.25" harmonicMeanSpeed="0.66" length="5.00" nVehEntered="15"/>
    <interval begin="28700.00" end="28800.00" id="inductionLoop.W2" nVehContrib="19" flow="684.00" occupancy="69.73" speed="8.74" harmonicMeanSpeed="1.06" length="5.00" nVehEntered="19"/>
    <interval begin="28800.00" end="28900.00" id="inductionLoop.W2" nVehContrib="7" flow="252.00" occupancy="86.65" speed="4.03" harmonicMeanSpeed="0.29" length="5.00" nVehEntered="6"/>
    <interval begin="28900.00" end="29000.00" id="inductionLoop.W2" nVehContrib="18" flow="648.00" occupancy="72.75" speed="10.92" harmonicMeanSpeed="10.40" length="5.00" nVehEntered="19"/>
    <interval begin="29000.00" end="29100.00" id="inductionLoop.W2" nVehContrib="20" flow="720.00" occupancy="68.05" speed="7.90" harmonicMeanSpeed="0.76" length="5.00" nVehEntered="19"/>
    <interval begin="29100.00" end="29200.00" id="inductionLoop.W2" nVehContrib="11" flow="396.00" occupancy="83.06" speed="8.67" harmonicMeanSpeed="0.66" length="5.00" nVehEntered="11"/>
    <interval begin="29200.00" end="29300.00" id="inductionLoop.W2" nVehContrib="17" flow="612.00" occupancy="71.98" speed="9.49" harmonicMeanSpeed="1.18" length="5.00" nVehEntered="18"/>
    <interval begin="29300.00" end="29400.00" id="inductionLoop.W2" nVehContrib="16" flow="576.00" occupancy="73.51" speed="8.99" harmonicMeanSpeed="1.31" length="5.00" nVehEntered="16"/>
    <interval begin="29400.00" end="29500.00" id="inductionLoop.W2" nVehContrib="15" flow="540.00" occupancy="75.12" speed="7.74" harmonicMeanSpeed="0.98" length="5.00" nVehEntered="15"/>
    <interval begin="29500.00" end="29600.00" id="inductionLoop.W2" nVehContrib="17" flow="612.00" occupancy="73.18" speed="9.50" harmonicMeanSpeed="1.20" length="5.00" nVehEntered="17"/>
    <interval begin="29600.00" end="29700.00" id="inductionLoop.W2" nVehContrib="11" flow="396.00" occupancy="81.29" speed="5.79" harmonicMeanSpeed="0.58" length="5.00" nVehEntered="10"/>
    <interval begin="29700.00" end="29800.00" id="inductionLoop.W2" nVehContrib="23" flow="828.00" occupancy="62.75" speed="9.07" harmonicMeanSpeed="2.20" length="5.00" nVehEntered="24"/>
    <interval begin="29800.00" end="29900.00" id="inductionLoop.W2" nVehContrib="17" flow="612.00" occupancy="70.20" speed="7.22" harmonicMeanSpeed="1.05" length="5.00" nVehEntered="16"/>
    <interval begin="29900.00" end="30000.00" id="inductionLoop.W2" nVehContrib="18" flow="648.00" occupancy="37.42" speed="8.76" harmonicMeanSpeed="2.86" length="5.00" nVehEntered="20"/>
    <interval begin="30000.00" end="30100.00" id="inductionLoop.W2" nVehContrib="20" flow="720.00" occupancy="55.69" speed="7.22" harmonicMeanSpeed="1.87" length="5.00" nVehEntered="20"/>
    <interval begin="30100.00" end="30200.00" id="inductionLoop.W2" nVehContrib="19" flow="684.00" occupancy="61.86" speed="6.97" harmonicMeanSpeed="1.36" length="5.00" nVehEntered="18"/>
    <interval begin="30200.00" end="30300.00" id="inductionLoop.W2" nVehContrib="17" flow="612.00" occupancy="54.83" speed="7.97" harmonicMeanSpeed="1.55" length="5.00" nVehEntered="17"/>
    <interval begin="30300.00" end="30400.00" id="inductionLoop.W2" nVehContrib="10" flow="360.00" occupancy="57.19" speed="8.21" harmonicMeanSpeed="2.07" length="5.00" nVehEntered="11"/>
    <interval begin="30400.00" end="30500.00" id="inductionLoop.W2" nVehContrib="19" flow="684.00" occupancy="59.80" speed="7.36" harmonicMeanSpeed="1.22" length="5.00" nVehEntered="19"/>
    <interval begin="30500.00" end="30600.00" id="inductionLoop.W2" nVehContrib="20" flow="720.00" occupancy="58.66" speed="8.20" harmonicMeanSpeed="1.36" length="5.00" nVehEntered="19"/>
    <interval begin="30600.00" end="30700.00" id="inductionLoop.W2" nVehContrib="19" flow="684.00" occupancy="45.09" speed="8.44" harmonicMeanSpeed="2.18" length="5.00" nVehEntered="21"/>
    <interval begin="30700.00" end="30800.00" id="inductionLoop.W2" nVehContrib="30" flow="1080.00" occupancy="20.35" speed="10.36" harmonicMeanSpeed="7.25" length="5.00" nVehEntered="31"/>
    <interval begin="30800.00" end="30900.00" id="inductionLoop.W2" nVehContrib="21" flow="756.00" occupancy="30.89" speed="10.19" harmonicMeanSpeed="3.92" length="5.00" nVehEntered="21"/>
    <interval begin="30900.00" end="31000.00" id="inductionLoop.W2" nVehContrib="19" flow="684.00" occupancy="48.15" speed="8.09" harmonicMeanSpeed="1.87" length="5.00" nVehEntered="19"/>
    <interval begin="31000.00" end="31100.00" id="inductionLoop.W2" nVehContrib="19" flow="684.00" occupancy="60.12" speed="7.45" harmonicMeanSpeed="1.57" length="5.00" nVehEntered="19"/>
    <interval begin="31100.00" end="31200.00" id="inductionLoop.W2" nVehContrib="18" flow="648.00" occupancy="51.15" speed="8.79" harmonicMeanSpeed="1.73" length="5.00" nVehEntered="17"/>
    <interval begin="31200.00" end="31300.00" id="inductionLoop.W2" nVehContrib="13" flow="468.00" occupancy="49.74" speed="7.06" harmonicMeanSpeed="2.74" length="5.00" nVehEntered="17"/>
    <interval begin="31300.00" end="31400.00" id="inductionLoop.W2" nVehContrib="18" flow="648.00" occupancy="36.77" speed="6.66" harmonicMeanSpeed="1.52" length="5.00" nVehEntered="20"/>
    <interval begin="31400.00" end="31500.00" id="inductionLoop.W2" nVehContrib="14" flow="504.00" occupancy="49.56" speed="6.17" harmonicMeanSpeed="1.47" length="5.00" nVehEntered="18"/>
    <interval begin="31500.00" end="31600.00" id="inductionLoop.W2" nVehContrib="21" flow="756.00" occupancy="55.74" speed="7.79" harmonicMeanSpeed="1.88" length="5.00" nVehEntered="21"/>
    <interval begin="31600.00" end="31700.00" id="inductionLoop.W2" nVehContrib="18" flow="648.00" occupancy="41.19" speed="7.39" harmonicMeanSpeed="2.23" length="5.00" nVehEntered="19"/>
    <interval begin="31700.00" end="31800.00" id="inductionLoop.W2" nVehContrib="14" flow="504.00" occupancy="33.79" speed="9.40" harmonicMeanSpeed="3.10" length="5.00" nVehEntered="16"/>
    <interval begin="31800.00" end="31900.00" id="inductionLoop.W2" nVehContrib="18" flow="648.00" occupancy="53.08" speed="7.04" harmonicMeanSpeed="1.84" length="5.00" nVehEntered="20"/>
    <interval begin="31900.00" end="32000.00" id="inductionLoop.W2" nVehContrib="19" flow="684.00" occupancy="51.68" speed="6.75" harmonicMeanSpeed="1.45" length="5.00" nVehEntered="19"/>
    <interval begin="32000.00" end="32100.00" id="inductionLoop.W2" nVehContrib="18" flow="648.00" occupancy="41.58" speed="9.00" harmonicMeanSpeed="2.27" length="5.00" nVehEntered="20"/>
    <interval begin="32100.00" end="32200.00" id="inductionLoop.W2" nVehContrib="16" flow="576.00" occupancy="41.83" speed="8.73" harmonicMeanSpeed="2.12" length="5.00" nVehEntered="18"/>
    <interval begin="32200.00" end="32300.00" id="inductionLoop.W2" nVehContrib="16" flow="576.00" occupancy="45.42" speed="7.04" harmonicMeanSpeed="2.11" length="5.00" nVehEntered="19"/>
    <interval begin="32300.00" end="32400.00" id="inductionLoop.W2" nVehContrib="16" flow="576.00" occupancy="19.65" speed="8.43" harmonicMeanSpeed="2.61" length="5.00" nVehEntered="16"/>
    <interval begin="32400.00" end="32500.00" id="inductionLoop.W2" nVehContrib="17" flow="612.00" occupancy="35.57" speed="7.11" harmonicMeanSpeed="2.54" length="5.00" nVehEntered="19"/>
    <interval begin="32500.00" end="32600.00" id="inductionLoop.W2" nVehContrib="17" flow="612.00" occupancy="70.85" speed="8.37" harmonicMeanSpeed="1.20" length="5.00" nVehEntered="17"/>
    <interval begin="32600.00" end="32700.00" id="inductionLoop.W2" nVehContrib="12" flow="432.00" occupancy="78.38" speed="8.76" harmonicMeanSpeed="1.15" length="5.00" nVehEntered="13"/>
    <interval begin="32700.00" end="32800.00" id="inductionLoop.W2" nVehContrib="22" flow="792.00" occupancy="64.06" speed="8.27" harmonicMeanSpeed="1.22" length="5.00" nVehEntered="21"/>
    <interval begin="32800.00" end="32900.00" id="inductionLoop.W2" nVehContrib="18" flow="648.00" occupancy="60.41" speed="7.34" harmonicMeanSpeed="1.49" length="5.00" nVehEntered="18"/>
    <interval begin="32900.00" end="33000.00" id="inductionLoop.W2" nVehContrib="13" flow="468.00" occupancy="57.16" speed="6.30" harmonicMeanSpeed="1.41" length="5.00" nVehEntered="15"/>
    <interval begin="33000.00" end="33100.00" id="inductionLoop.W2" nVehContrib="17" flow="612.00" occupancy="62.33" speed="6.68" harmonicMeanSpeed="1.49" length="5.00" nVehEntered="18"/>
    <interval begin="33100.00" end="33200.00" id="inductionLoop.W2" nVehContrib="14" flow="504.00" occupancy="77.01" speed="6.61" harmonicMeanSpeed="0.78" length="5.00" nVehEntered="13"/>
    <interval begin="33200.00" end="33300.00" id="inductionLoop.W2" nVehContrib="13" flow="468.00" occupancy="71.88" speed="7.90" harmonicMeanSpeed="1.37" length="5.00" nVehEntered="14"/>
    <interval begin="33300.00" end="33400.00" id="inductionLoop.W2" nVehContrib="17" flow="612.00" occupancy="54.81" speed="6.66" harmonicMeanSpeed="1.12" length="5.00" nVehEntered="19"/>
    <interval begin="33400.00" end="33500.00" id="inductionLoop.W2" nVehContrib="14" flow="504.00" occupancy="76.54" speed="7.01" harmonicMeanSpeed="0.91" length="5.00" nVehEntered="13"/>
    <interval begin="33500.00" end="33600.00" id="inductionLoop.W2" nVehContrib="15" flow="540.00" occupancy="72.61" speed="8.24" harmonicMeanSpeed="1.05" length="5.00" nVehEntered="16"/>
    <interval begin="33600.00" end="33700.00" id="inductionLoop.W2" nVehContrib="18" flow="648.00" occupancy="71.34" speed="9.55" harmonicMeanSpeed="1.31" length="5.00" nVehEntered="18"/>
    <interval begin="33700.00" end="33800.00" id="inductionLoop.W2" nVehContrib="13" flow="468.00" occupancy="57.16" speed="5.76" harmonicMeanSpeed="1.07" length="5.00" nVehEntered="13"/>
    <interval begin="33800.00" end="33900.00" id="inductionLoop.W2" nVehContrib="10" flow="360.00" occupancy="71.57" speed="4.41" harmonicMeanSpeed="0.70" length="5.00" nVehEntered="11"/>
    <interval begin="33900.00" end="34000.00" id="inductionLoop.W2" nVehContrib="16" flow="576.00" occupancy="59.29" speed="8.92" harmonicMeanSpeed="2.08" length="5.00" nVehEntered="17"/>
    <interval begin="34000.00" end="34100.00" id="inductionLoop.W2" nVehContrib="19" flow="684.00" occupancy="44.66" speed="6.61" harmonicMeanSpeed="1.50" length="5.00" nVehEntered="20"/>
    <interval begin="34100.00" end="34200.00" id="inductionLoop.W2" nVehContrib="20" flow="720.00" occupancy="45.10" speed="7.74" harmonicMeanSpeed="2.22" length="5.00" nVehEntered="20"/>
    <interval begin="34200.00" end="34300.00" id="inductionLoop.W2" nVehContrib="13" flow="468.00" occupancy="41.21" speed="8.45" harmonicMeanSpeed="1.62" length="5.00" nVehEntered="15"/>
    <interval begin="34300.00" end="34400.00" id="inductionLoop.W2" nVehContrib="16" flow="576.00" occupancy="74.38" speed="7.41" harmonicMeanSpeed="1.06" length="5.00" nVehEntered="15"/>
    <interval begin="34400.00" end="34500.00" id="inductionLoop.W2" nVehContrib="24" flow="864.00" occupancy="56.72" speed="8.20" harmonicMeanSpeed="2.37" length="5.00" nVehEntered="25"/>
    <interval begin="34500.00" end="34600.00" id="inductionLoop.W2" nVehContrib="14" flow="504.00" occupancy="64.83" speed="8.68" harmonicMeanSpeed="1.65" length="5.00" nVehEntered="14"/>
    <interval begin="34600.00" end="34700.00" id="inductionLoop.W2" nVehContrib="21" flow="756.00" occupancy="60.76" speed="7.60" harmonicMeanSpeed="1.18" length="5.00" nVehEntered="20"/>
    <interval begin="34700.00" end="34800.00" id="inductionLoop.W2" nVehContrib="13" flow="468.00" occupancy="79.16" speed="8.88" harmonicMeanSpeed="0.98" length="5.00" nVehEntered="14"/>
    <interval begin="34800.00" end="34900.00" id="inductionLoop.W2" nVehContrib="16" flow="576.00" occupancy="73.55" speed="9.02" harmonicMeanSpeed="1.04" length="5.00" nVehEntered="16"/>
    <interval begin="34900.00" end="35000.00" id="inductionLoop.W2" nVehContrib="6" flow="216.00" occupancy="88.71" speed="5.52" harmonicMeanSpeed="0.42" length="5.00" nVehEntered="6"/>
    <interval begin="35000.00" end="35100.00" id="inductionLoop.W2" nVehContrib="8" flow="288.00" occupancy="85.57" speed="4.64" harmonicMeanSpeed="0.35" length="5.00" nVehEntered="7"/>
    <interval begin="35100.00" end="35200.00" id="inductionLoop.W2" nVehContrib="15" flow="540.00" occupancy="77.64" speed="7.80" harmonicMeanSpeed="0.97" length="5.00" nVehEntered="15"/>
    <interval begin="35200.00" end="35300.00" id="inductionLoop.W2" nVehContrib="20" flow="720.00" occupancy="67.32" speed="8.92" harmonicMeanSpeed="1.49" length="5.00" nVehEntered="20"/>
    <interval begin="35300.00" end="35400.00" id="inductionLoop.W2" nVehContrib="11" flow="396.00" occupancy="82.21" speed="8.29" harmonicMeanSpeed="0.67" length="5.00" nVehEntered="11"/>
    <interval begin="35400.00" end="35500.00" id="inductionLoop.W2" nVehContrib="13" flow="468.00" occupancy="78.96" speed="8.78" harmonicMeanSpeed="0.99" length="5.00" nVehEntered="14"/>
    <interval begin="35500.00" end="35600.00" id="inductionLoop.W2" nVehContrib="20" flow="720.00" occupancy="68.70" speed="10.42" harmonicMeanSpeed="1.88" length="5.00" nVehEntered="20"/>
    <interval begin="35600.00" end="35700.00" id="inductionLoop.W2" nVehContrib="21" flow="756.00" occupancy="63.85" speed="7.97" harmonicMeanSpeed="1.13" length="5.00" nVehEntered="20"/>
    <interval begin="35700.00" end="35800.00" id="inductionLoop.W2" nVehContrib="9" flow="324.00" occupancy="34.00" speed="6.73" harmonicMeanSpeed="4.61" length="5.00" nVehEntered="11"/>
    <interval begin="35800.00" end="35900.00" id="inductionLoop.W2" nVehContrib="18" flow="648.00" occupancy="65.58" speed="7.21" harmonicMeanSpeed="1.01" length="5.00" nVehEntered="17"/>
    <interval begin="35900.00" end="36000.00" id="inductionLoop.W2" nVehContrib="3" flow="108.00" occupancy="92.00" speed="1.12" harmonicMeanSpeed="0.16" length="5.00" nVehEntered="3"/>
    <interval begin="36000.00" end="36100.00" id="inductionLoop.W2" nVehContrib="13" flow="468.00" occupancy="77.69" speed="6.92" harmonicMeanSpeed="1.02" length="5.00" nVehEntered="14"/>
    <interval begin="36100.00" end="36200.00" id="inductionLoop.W2" nVehContrib="23" flow="828.00" occupancy="62.75" speed="9.42" harmonicMeanSpeed="1.85" length="5.00" nVehEntered="23"/>
    <interval begin="36200.00" end="36300.00" id="inductionLoop.W2" nVehContrib="15" flow="540.00" occupancy="75.74" speed="8.75" harmonicMeanSpeed="1.18" length="5.00" nVehEntered="15"/>
    <interval begin="36300.00" end="36400.00" id="inductionLoop.W2" nVehContrib="18" flow="648.00" occupancy="70.79" speed="9.81" harmonicMeanSpeed="1.29" length="5.00" nVehEntered="18"/>
    <interval begin="36400.00" end="36500.00" id="inductionLoop.W2" nVehContrib="5" flow="180.00" occupancy="90.26" speed="3.26" harmonicMeanSpeed="0.22" length="5.00" nVehEntered="5"/>
    <interval begin="36500.00" end="36600.00" id="inductionLoop.W2" nVehContrib="17" flow="612.00" occupancy="68.81" speed="9.68" harmonicMeanSpeed="2.00" length="5.00" nVehEntered="17"/>
    <interval begin="36600.00" end="36700.00" id="inductionLoop.W2" nVehContrib="8" flow="288.00" occupancy="85.90" speed="4.25" harmonicMeanSpeed="0.35" length="5.00" nVehEntered="7"/>
    <interval begin="36700.00" end="36800.00" id="inductionLoop.W2" nVehContrib="17" flow="612.00" occupancy="69.98" speed="8.93" harmonicMeanSpeed="1.22" length="5.00" nVehEntered="18"/>
    <interval begin="36800.00" end="36900.00" id="inductionLoop.W2" nVehContrib="16" flow="576.00" occupancy="73.73" speed="8.74" harmonicMeanSpeed="1.13" length="5.00" nVehEntered="16"/>
    <interval begin="36900.00" end="37000.00" id="inductionLoop.W2" nVehContrib="10" flow="360.00" occupancy="83.21" speed="7.60" harmonicMeanSpeed="0.63" length="5.00" nVehEntered="10"/>
    <interval begin="37000.00" end="37100.00" id="inductionLoop.W2" nVehContrib="17" flow="612.00" occupancy="73.36" speed="9.81" harmonicMeanSpeed="1.39" length="5.00" nVehEntered="17"/>
    <interval begin="37100.00" end="37200.00" id="inductionLoop.W2" nVehContrib="5" flow="180.00" occupancy="90.57" speed="4.55" harmonicMeanSpeed="0.39" length="5.00" nVehEntered="5"/>
    <interval begin="37200.00" end="37300.00" id="inductionLoop.W2" nVehContrib="26" flow="936.00" occupancy="57.67" speed="9.10" harmonicMeanSpeed="1.31" length="5.00" nVehEntered="26"/>
    <interval begin="37300.00" end="37400.00" id="inductionLoop.W2" nVehContrib="15" flow="540.00" occupancy="75.57" speed="9.06" harmonicMeanSpeed="1.03" length="5.00" nVehEntered="15"/>
    <interval begin="37400.00" end="37500.00" id="inductionLoop.W2" nVehContrib="13" flow="468.00" occupancy="78.86" speed="8.37" harmonicMeanSpeed="0.95" length="5.00" nVehEntered="13"/>
    <interval begin="37500.00" end="37600.00" id="inductionLoop.W2" nVehContrib="11" flow="396.00" occupancy="82.17" speed="7.57" harmonicMeanSpeed="0.78" length="5.00" nVehEntered="11"/>
    <interval begin="37600.00" end="37700.00" id="inductionLoop.W2" nVehContrib="9" flow="324.00" occupancy="84.35" speed="5.98" harmonicMeanSpeed="0.40" length="5.00" nVehEntered="8"/>
    <interval begin="37700.00" end="37800.00" id="inductionLoop.W2" nVehContrib="10" flow="360.00" occupancy="82.19" speed="7.48" harmonicMeanSpeed="1.81" length="5.00" nVehEntered="11"/>
    <interval begin="37800.00" end="37900.00" id="inductionLoop.W2" nVehContrib="15" flow="540.00" occupancy="72.72" speed="6.68" harmonicMeanSpeed="0.59" length="5.00" nVehEntered="14"/>
    <interval begin="37900.00" end="38000.00" id="inductionLoop.W2" nVehContrib="15" flow="540.00" occupancy="63.73" speed="8.50" harmonicMeanSpeed="1.18" length="5.00" nVehEntered="16"/>
    <interval begin="38000.00" end="38100.00" id="inductionLoop.W2" nVehContrib="5" flow="180.00" occupancy="86.26" speed="10.70" harmonicMeanSpeed="10.41" length="5.00" nVehEntered="5"/>
    <interval begin="38100.00" end="38200.00" id="inductionLoop.W2" nVehContrib="14" flow="504.00" occupancy="76.64" speed="8.98" harmonicMeanSpeed="0.69" length="5.00" nVehEntered="14"/>
    <interval begin="38200.00" end="38300.00" id="inductionLoop.W2" nVehContrib="14" flow="504.00" occupancy="75.74" speed="8.33" harmonicMeanSpeed="0.57" length="5.00" nVehEntered="14"/>
    <interval begin="38300.00" end="38400.00" id="inductionLoop.W2" nVehContrib="17" flow="612.00" occupancy="73.28" speed="9.77" harmonicMeanSpeed="1.07" length="5.00" nVehEntered="17"/>
    <interval begin="38400.00" end="38500.00" id="inductionLoop.W2" nVehContrib="19" flow="684.00" occupancy="71.32" speed="9.41" harmonicMeanSpeed="1.24" length="5.00" nVehEntered="18"/>
    <interval begin="38500.00" end="38600.00" id="inductionLoop.W2" nVehContrib="3" flow="108.00" occupancy="94.66" speed="3.20" harmonicMeanSpeed="0.16" length="5.00" nVehEntered="3"/>
    <interval begin="38600.00" end="38700.00" id="inductionLoop.W2" nVehContrib="15" flow="540.00" occupancy="77.71" speed="9.41" harmonicMeanSpeed="9.18" length="5.00" nVehEntered="16"/>
    <interval begin="38700.00" end="38800.00" id="inductionLoop.W2" nVehContrib="22" flow="792.00" occupancy="63.51" speed="8.59" harmonicMeanSpeed="0.83" length="5.00" nVehEntered="21"/>
    <interval begin="38800.00" end="38900.00" id="inductionLoop.W2" nVehContrib="2" flow="72.00" occupancy="96.13" speed="8.81" harmonicMeanSpeed="8.43" length="5.00" nVehEntered="3"/>
    <interval begin="38900.00" end="39000.00" id="inductionLoop.W2" nVehContrib="20" flow="720.00" occupancy="69.17" speed="9.54" harmonicMeanSpeed="0.88" length="5.00" nVehEntered="20"/>
    <interval begin="39000.00" end="39100.00" id="inductionLoop.W2" nVehContrib="8" flow="288.00" occupancy="86.60" speed="6.56" harmonicMeanSpeed="0.39" length="5.00" nVehEntered="8"/>
    <interval begin="39100.00" end="39200.00" id="inductionLoop.W2" nVehContrib="19" flow="684.00" occupancy="72.74" speed="9.85" harmonicMeanSpeed="0.88" length="5.00" nVehEntered="18"/>
    <interval begin="39200.00" end="39300.00" id="inductionLoop.W2" nVehContrib="6" flow="216.00" occupancy="90.13" speed="11.58" harmonicMeanSpeed="11.42" length="5.00" nVehEntered="7"/>
    <interval begin="39300.00" end="39400.00" id="inductionLoop.W2" nVehContrib="5" flow="180.00" occupancy="89.65" speed="3.11" harmonicMeanSpeed="0.14" length="5.00" nVehEntered="5"/>
    <interval begin="39400.00" end="39500.00" id="inductionLoop.W2" nVehContrib="27" flow="972.00" occupancy="58.39" speed="10.19" harmonicMeanSpeed="9.47" length="5.00" nVehEntered="27"/>
    <interval begin="39500.00" end="39600.00" id="inductionLoop.W2" nVehContrib="16" flow="576.00" occupancy="74.68" speed="8.46" harmonicMeanSpeed="0.67" length="5.00" nVehEntered="16"/>
    <interval begin="39600.00" end="39700.00" id="inductionLoop.W2" nVehContrib="6" flow="216.00" occupancy="91.04" speed="9.43" harmonicMeanSpeed="9.31" length="5.00" nVehEntered="6"/>
    <interval begin="39700.00" end="39800.00" id="inductionLoop.W2" nVehContrib="2" flow="72.00" occupancy="95.16" speed="0.14" harmonicMeanSpeed="0.08" length="5.00" nVehEntered="2"/>
    <interval begin="39800.00" end="39900.00" id="inductionLoop.W2" nVehContrib="13" flow="468.00" occupancy="78.72" speed="8.43" harmonicMeanSpeed="0.75" length="5.00" nVehEntered="13"/>
    <interval begin="39900.00" end="40000.00" id="inductionLoop.W2" nVehContrib="14" flow="504.00" occupancy="76.29" speed="6.45" harmonicMeanSpeed="0.58" length="5.00" nVehEntered="13"/>
    <interval begin="40000.00" end="40100.00" id="inductionLoop.W2" nVehContrib="28" flow="1008.00" occupancy="57.92" speed="11.23" harmonicMeanSpeed="11.04" length="5.00" nVehEntered="29"/>
    <interval begin="40100.00" end="40200.00" id="inductionLoop.W2" nVehContrib="19" flow="684.00" occupancy="69.46" speed="9.62" harmonicMeanSpeed="0.85" length="5.00" nVehEntered="19"/>
    <interval begin="40200.00" end="40300.00" id="inductionLoop.W2" nVehContrib="4" flow="144.00" occupancy="94.21" speed="4.11" harmonicMeanSpeed="0.20" length="5.00" nVehEntered="3"/>
    <interval begin="40300.00" end="40400.00" id="inductionLoop.W2" nVehContrib="11" flow="396.00" occupancy="82.07" speed="10.58" harmonicMeanSpeed="10.22" length="5.00" nVehEntered="12"/>
    <interval begin="40400.00" end="40500.00" id="inductionLoop.W2" nVehContrib="21" flow="756.00" occupancy="70.00" speed="9.52" harmonicMeanSpeed="0.72" length="5.00" nVehEntered="20"/>
    <interval begin="40500.00" end="40600.00" id="inductionLoop.W2" nVehContrib="1" flow="36.00" occupancy="97.73" speed="8.04" harmonicMeanSpeed="8.04" length="5.00" nVehEntered="2"/>
    <interval begin="40600.00" end="40700.00" id="inductionLoop.W2" nVehContrib="19" flow="684.00" occupancy="70.28" speed="9.35" harmonicMeanSpeed="0.84" length="5.00" nVehEntered="19"/>
    <interval begin="40700.00" end="40800.00" id="inductionLoop.W2" nVehContrib="17" flow="612.00" occupancy="73.27" speed="9.37" harmonicMeanSpeed="0.84" length="5.00" nVehEntered="17"/>
    <interval begin="40800.00" end="40900.00" id="inductionLoop.W2" nVehContrib="18" flow="648.00" occupancy="73.22" speed="9.88" harmonicMeanSpeed="0.90" length="5.00" nVehEntered="17"/>
    <interval begin="40900.00" end="41000.00" id="inductionLoop.W2" nVehContrib="2" flow="72.00" occupancy="95.72" speed="8.69" harmonicMeanSpeed="8.34" length="5.00" nVehEntered="3"/>
    <interval begin="41000.00" end="41100.00" id="inductionLoop.W2" nVehContrib="20" flow="720.00" occupancy="69.29" speed="9.65" harmonicMeanSpeed="0.86" length="5.00" nVehEntered="20"/>
    <interval begin="41100.00" end="41200.00" id="inductionLoop.W2" nVehContrib="13" flow="468.00" occupancy="79.96" speed="9.04" harmonicMeanSpeed="0.51" length="5.00" nVehEntered="12"/>
    <interval begin="41200.00" end="41300.00" id="inductionLoop.W2" nVehContrib="8" flow="288.00" occupancy="87.30" speed="10.53" harmonicMeanSpeed="10.32" length="5.00" nVehEntered="9"/>
    <interval begin="41300.00" end="41400.00" id="inductionLoop.W2" nVehContrib="26" flow="936.00" occupancy="60.95" speed="9.41" harmonicMeanSpeed="0.90" length="5.00" nVehEntered="26"/>
    <interval begin="41400.00" end="41500.00" id="inductionLoop.W2" nVehContrib="1" flow="36.00" occupancy="98.34" speed="7.24" harmonicMeanSpeed="7.24" length="5.00" nVehEntered="1"/>
    <interval begin="41500.00" end="41600.00" id="inductionLoop.W2" nVehContrib="31" flow="1116.00" occupancy="54.55" speed="10.19" harmonicMeanSpeed="1.02" length="5.00" nVehEntered="30"/>
    <interval begin="41600.00" end="41700.00" id="inductionLoop.W2" nVehContrib="0" flow="0.00" occupancy="98.55" speed="-1.00" harmonicMeanSpeed="-1.00" length="-1.00" nVehEntered="1"/>
    <interval begin="41700.00" end="41800.00" id="inductionLoop.W2" nVehContrib="6" flow="216.00" occupancy="89.25" speed="5.93" harmonicMeanSpeed="0.16" length="5.00" nVehEntered="6"/>
    <interval begin="41800.00" end="41900.00" id="inductionLoop.W2" nVehContrib="29" flow="1044.00" occupancy="53.07" speed="8.78" harmonicMeanSpeed="2.72" length="5.00" nVehEntered="28"/>
    <interval begin="41900.00" end="42000.00" id="inductionLoop.W2" nVehContrib="5" flow="180.00" occupancy="90.50" speed="9.29" harmonicMeanSpeed="9.15" length="5.00" nVehEntered="6"/>
    <interval begin="42000.00" end="42100.00" id="inductionLoop.W2" nVehContrib="26" flow="936.00" occupancy="59.73" speed="9.92" harmonicMeanSpeed="0.93" length="5.00" nVehEntered="26"/>
    <interval begin="42100.00" end="42200.00" id="inductionLoop.W2" nVehContrib="14" flow="504.00" occupancy="76.70" speed="8.91" harmonicMeanSpeed="0.94" length="5.00" nVehEntered="14"/>
    <interval begin="42200.00" end="42300.00" id="inductionLoop.W2" nVehContrib="4" flow="144.00" occupancy="92.64" speed="3.99" harmonicMeanSpeed="0.36" length="5.00" nVehEntered="4"/>
    <interval begin="42300.00" end="42400.00" id="inductionLoop.W2" nVehContrib="0" flow="0.00" occupancy="100.00" speed="-1.00" harmonicMeanSpeed="-1.00" length="-1.00" nVehEntered="0"/>
    <interval begin="42400.00" end="42500.00" id="inductionLoop.W2" nVehContrib="16" flow="576.00" occupancy="74.78" speed="9.42" harmonicMeanSpeed="0.45" length="5.00" nVehEntered="16"/>
    <interval begin="42500.00" end="42600.00" id="inductionLoop.W2" nVehContrib="22" flow="792.00" occupancy="65.69" speed="10.33" harmonicMeanSpeed="1.14" length="5.00" nVehEntered="22"/>
    <interval begin="42600.00" end="42700.00" id="inductionLoop.W2" nVehContrib="0" flow="0.00" occupancy="100.00" speed="-1.00" harmonicMeanSpeed="-1.00" length="-1.00" nVehEntered="0"/>
    <interval begin="42700.00" end="42800.00" id="inductionLoop.W2" nVehContrib="6" flow="216.00" occupancy="90.98" speed="5.81" harmonicMeanSpeed="0.15" length="5.00" nVehEntered="5"/>
    <interval begin="42800.00" end="42900.00" id="inductionLoop.W2" nVehContrib="1" flow="36.00" occupancy="0.48" speed="10.39" harmonicMeanSpeed="10.39" length="5.00" nVehEntered="1"/>
    <interval begin="42900.00" end="43000.00" id="inductionLoop.W2" nVehContrib="0" flow="0.00" occupancy="0.00" speed="-1.00" harmonicMeanSpeed="-1.00" length="-1.00" nVehEntered="0"/>
    <interval begin="43000.00" end="43100.00" id="inductionLoop.W2" nVehContrib="0" flow="0.00" occupancy="0.00" speed="-1.00" harmonicMeanSpeed="-1.00" length="-1.00" nVehEntered="0"/>
    <interval begin="43100.00" end="43200.00" id="inductionLoop.W2" nVehContrib="0" flow="0.00" occupancy="0.00" speed="-1.00" harmonicMeanSpeed="-1.00" length="-1.00" nVehEntered="0"/>
    <interval begin="43200.00" end="43300.00" id="inductionLoop.W2" nVehContrib="3" flow="108.00" occupancy="1.02" speed="14.77" harmonicMeanSpeed="14.72" length="5.00" nVehEntered="3"/>
    <interval begin="43300.00" end="43400.00" id="inductionLoop.W2" nVehContrib="4" flow="144.00" occupancy="70.08" speed="9.25" harmonicMeanSpeed="7.17" length="5.00" nVehEntered="6"/>
    <interval begin="43400.00" end="43500.00" id="inductionLoop.W2" nVehContrib="0" flow="0.00" occupancy="100.00" speed="-1.00" harmonicMeanSpeed="-1.00" length="-1.00" nVehEntered="0"/>
    <interval begin="43500.00" end="43600.00" id="inductionLoop.W2" nVehContrib="25" flow="900.00" occupancy="52.35" speed="9.77" harmonicMeanSpeed="0.68" length="5.00" nVehEntered="25"/>
    <interval begin="43600.00" end="43700.00" id="inductionLoop.W2" nVehContrib="8" flow="288.00" occupancy="85.85" speed="6.97" harmonicMeanSpeed="0.33" length="5.00" nVehEntered="7"/>
    <interval begin="43700.00" end="43800.00" id="inductionLoop.W2" nVehContrib="9" flow="324.00" occupancy="86.27" speed="10.48" harmonicMeanSpeed="10.23" length="5.00" nVehEntered="10"/>
    <interval begin="43800.00" end="43900.00" id="inductionLoop.W2" nVehContrib="23" flow="828.00" occupancy="64.93" speed="9.90" harmonicMeanSpeed="0.92" length="5.00" nVehEntered="23"/>
    <interval begin="43900.00" end="44000.00" id="inductionLoop.W2" nVehContrib="0" flow="0.00" occupancy="100.00" speed="-1.00" harmonicMeanSpeed="-1.00" length="-1.00" nVehEntered="0"/>
    <interval begin="44000.00" end="44100.00" id="inductionLoop.W2" nVehContrib="15" flow="540.00" occupancy="76.13" speed="8.92" harmonicMeanSpeed="0.49" length="5.00" nVehEntered="15"/>
    <interval begin="44100.00" end="44200.00" id="inductionLoop.W2" nVehContrib="17" flow="612.00" occupancy="72.49" speed="9.97" harmonicMeanSpeed="0.72" length="5.00" nVehEntered="16"/>
    <interval begin="44200.00" end="44300.00" id="inductionLoop.W2" nVehContrib="17" flow="612.00" occupancy="73.79" speed="11.11" harmonicMeanSpeed="11.00" length="5.00" nVehEntered="18"/>
    <interval begin="44300.00" end="44400.00" id="inductionLoop.W2" nVehContrib="0" flow="0.00" occupancy="100.00" speed="-1.00" harmonicMeanSpeed="-1.00" length="-1.00" nVehEntered="0"/>
    <interval begin="44400.00" end="44500.00" id="inductionLoop.W2" nVehContrib="6" flow="216.00" occupancy="89.83" speed="5.52" harmonicMeanSpeed="0.12" length="5.00" nVehEntered="6"/>
    <interval begin="44500.00" end="44600.00" id="inductionLoop.W2" nVehContrib="41" flow="1476.00" occupancy="39.00" speed="11.35" harmonicMeanSpeed="11.25" length="5.00" nVehEntered="41"/>
    <interval begin="44600.00" end="44700.00" id="inductionLoop.W2" nVehContrib="4" flow="144.00" occupancy="92.30" speed="4.20" harmonicMeanSpeed="0.18" length="5.00" nVehEntered="3"/>
    <interval begin="44700.00" end="44800.00" id="inductionLoop.W2" nVehContrib="19" flow="684.00" occupancy="71.75" speed="9.81" harmonicMeanSpeed="9.66" length="5.00" nVehEntered="20"/>
    <interval begin="44800.00" end="44900.00" id="inductionLoop.W2" nVehContrib="10" flow="360.00" occupancy="83.53" speed="7.65" harmonicMeanSpeed="0.38" length="5.00" nVehEntered="10"/>
    <interval begin="44900.00" end="45000.00" id="inductionLoop.W2" nVehContrib="17" flow="612.00" occupancy="73.44" speed="9.96" harmonicMeanSpeed="0.97" length="5.00" nVehEntered="16"/>
    <interval begin="45000.00" end="45100.00" id="inductionLoop.W2" nVehContrib="19" flow="684.00" occupancy="71.86" speed="11.41" harmonicMeanSpeed="11.28" length="5.00" nVehEntered="20"/>
    <interval begin="45100.00" end="45200.00" id="inductionLoop.W2" nVehContrib="1" flow="36.00" occupancy="96.89" speed="0.03" harmonicMeanSpeed="0.03" length="5.00" nVehEntered="1"/>
    <interval begin="45200.00" end="45300.00" id="inductionLoop.W2" nVehContrib="15" flow="540.00" occupancy="76.74" speed="9.32" harmonicMeanSpeed="8.54" length="5.00" nVehEntered="15"/>
    <interval begin="45300.00" end="45400.00" id="inductionLoop.W2" nVehContrib="37" flow="1332.00" occupancy="44.71" speed="10.53" harmonicMeanSpeed="1.90" length="5.00" nVehEntered="37"/>
    <interval begin="45400.00" end="45500.00" id="inductionLoop.W2" nVehContrib="0" flow="0.00" occupancy="100.00" speed="-1.00" harmonicMeanSpeed="-1.00" length="-1.00" nVehEntered="0"/>
    <interval begin="45500.00" end="45600.00" id="inductionLoop.W2" nVehContrib="23" flow="828.00" occupancy="63.07" speed="9.82" harmonicMeanSpeed="0.86" length="5.00" nVehEntered="23"/>
    <interval begin="45600.00" end="45700.00" id="inductionLoop.W2" nVehContrib="21" flow="756.00" occupancy="66.62" speed="10.49" harmonicMeanSpeed="1.02" length="5.00" nVehEntered="21"/>
    <interval begin="45700.00" end="45800.00" id="inductionLoop.W2" nVehContrib="0" flow="0.00" occupancy="100.00" speed="-1.00" harmonicMeanSpeed="-1.00" length="-1.00" nVehEntered="0"/>
    <interval begin="45800.00" end="45900.00" id="inductionLoop.W2" nVehContrib="0" flow="0.00" occupancy="100.00" speed="-1.00" harmonicMeanSpeed="-1.00" length="-1.00" nVehEntered="0"/>
    <interval begin="45900.00" end="46000.00" id="inductionLoop.W2" nVehContrib="43" flow="1548.00" occupancy="34.32" speed="10.70" harmonicMeanSpeed="0.88" length="5.00" nVehEntered="43"/>
    <interval begin="46000.00" end="46100.00" id="inductionLoop.W2" nVehContrib="0" flow="0.00" occupancy="100.00" speed="-1.00" harmonicMeanSpeed="-1.00" length="-1.00" nVehEntered="0"/>
    <interval begin="46100.00" end="46200.00" id="inductionLoop.W2" nVehContrib="5" flow="180.00" occupancy="90.85" speed="5.02" harmonicMeanSpeed="0.13" length="5.00" nVehEntered="5"/>
    <interval begin="46200.00" end="46300.00" id="inductionLoop.W2" nVehContrib="15" flow="540.00" occupancy="75.57" speed="9.09" harmonicMeanSpeed="2.63" length="5.00" nVehEntered="15"/>
    <interval begin="46300.00" end="46400.00" id="inductionLoop.W2" nVehContrib="25" flow="900.00" occupancy="59.87" speed="8.64" harmonicMeanSpeed="1.16" length="5.00" nVehEntered="24"/>
    <interval begin="46400.00" end="46500.00" id="inductionLoop.W2" nVehContrib="13" flow="468.00" occupancy="80.57" speed="9.54" harmonicMeanSpeed="0.81" length="5.00" nVehEntered="13"/>
    <interval begin="46500.00" end="46600.00" id="inductionLoop.W2" nVehContrib="21" flow="756.00" occupancy="68.12" speed="10.57" harmonicMeanSpeed="10.07" length="5.00" nVehEntered="22"/>
    <interval begin="46600.00" end="46700.00" id="inductionLoop.W2" nVehContrib="0" flow="0.00" occupancy="100.00" speed="-1.00" harmonicMeanSpeed="-1.00" length="-1.00" nVehEntered="0"/>
    <interval begin="46700.00" end="46800.00" id="inductionLoop.W2" nVehContrib="0" flow="0.00" occupancy="100.00" speed="-1.00" harmonicMeanSpeed="-1.00" length="-1.00" nVehEntered="0"/>
    <interval begin="46800.00" end="46900.00" id="inductionLoop.W2" nVehContrib="48" flow="1728.00" occupancy="29.61" speed="10.74" harmonicMeanSpeed="0.84" length="5.00" nVehEntered="47"/>
    <interval begin="46900.00" end="47000.00" id="inductionLoop.W2" nVehContrib="0" flow="0.00" occupancy="98.53" speed="-1.00" harmonicMeanSpeed="-1.00" length="-1.00" nVehEntered="1"/>
    <interval begin="47000.00" end="47100.00" id="inductionLoop.W2" nVehContrib="9" flow="324.00" occupancy="85.10" speed="4.60" harmonicMeanSpeed="0.25" length="5.00" nVehEntered="8"/>
    <interval begin="47100.00" end="47200.00" id="inductionLoop.W2" nVehContrib="36" flow="1296.00" occupancy="45.19" speed="11.61" harmonicMeanSpeed="11.28" length="5.00" nVehEntered="37"/>
    <interval begin="47200.00" end="47300.00" id="inductionLoop.W2" nVehContrib="16" flow="576.00" occupancy="74.17" speed="8.97" harmonicMeanSpeed="1.42" length="5.00" nVehEntered="16"/>
    <interval begin="47300.00" end="47400.00" id="inductionLoop.W2" nVehContrib="0" flow="0.00" occupancy="100.00" speed="-1.00" harmonicMeanSpeed="-1.00" length="-1.00" nVehEntered="0"/>
    <interval begin="47400.00" end="47500.00" id="inductionLoop.W2" nVehContrib="22" flow="792.00" occupancy="66.79" speed="8.79" harmonicMeanSpeed="0.51" length="5.00" nVehEntered="21"/>
    <interval begin="47500.00" end="47600.00" id="inductionLoop.W2" nVehContrib="26" flow="936.00" occupancy="62.26" speed="10.46" harmonicMeanSpeed="2.25" length="5.00" nVehEntered="27"/>
    <interval begin="47600.00" end="47700.00" id="inductionLoop.W2" nVehContrib="1" flow="36.00" occupancy="97.98" speed="0.05" harmonicMeanSpeed="0.05" length="5.00" nVehEntered="0"/>
    <interval begin="47700.00" end="47800.00" id="inductionLoop.W2" nVehContrib="12" flow="432.00" occupancy="81.14" speed="9.31" harmonicMeanSpeed="8.36" length="5.00" nVehEntered="13"/>
    <interval begin="47800.00" end="47900.00" id="inductionLoop.W2" nVehContrib="2" flow="72.00" occupancy="95.65" speed="2.06" harmonicMeanSpeed="0.10" length="5.00" nVehEntered="2"/>
    <interval begin="47900.00" end="48000.00" id="inductionLoop.W2" nVehContrib="30" flow="1080.00" occupancy="55.49" speed="10.07" harmonicMeanSpeed="1.24" length="5.00" nVehEntered="30"/>
    <interval begin="48000.00" end="48100.00" id="inductionLoop.W2" nVehContrib="0" flow="0.00" occupancy="100.00" speed="-1.00" harmonicMeanSpeed="-1.00" length="-1.00" nVehEntered="0"/>
    <interval begin="48100.00" end="48200.00" id="inductionLoop.W2" nVehContrib="18" flow="648.00" occupancy="72.67" speed="9.58" harmonicMeanSpeed="0.51" length="5.00" nVehEntered="17"/>
    <interval begin="48200.00" end="48300.00" id="inductionLoop.W2" nVehContrib="6" flow="216.00" occupancy="90.22" speed="11.32" harmonicMeanSpeed="11.16" length="5.00" nVehEntered="7"/>
    <interval begin="48300.00" end="48400.00" id="inductionLoop.W2" nVehContrib="6" flow="216.00" occupancy="88.20" speed="3.67" harmonicMeanSpeed="0.17" length="5.00" nVehEntered="5"/>
    <interval begin="48400.00" end="48500.00" id="inductionLoop.W2" nVehContrib="24" flow="864.00" occupancy="64.75" speed="10.85" harmonicMeanSpeed="9.87" length="5.00" nVehEntered="25"/>
    <interval begin="48500.00" end="48600.00" id="inductionLoop.W2" nVehContrib="0" flow="0.00" occupancy="100.00" speed="-1.00" harmonicMeanSpeed="-1.00" length="-1.00" nVehEntered="0"/>
    <interval begin="48600.00" end="48700.00" id="inductionLoop.W2" nVehContrib="1" flow="36.00" occupancy="97.57" speed="0.02" harmonicMeanSpeed="0.02" length="5.00" nVehEntered="1"/>
    <interval begin="48700.00" end="48800.00" id="inductionLoop.W2" nVehContrib="42" flow="1512.00" occupancy="36.31" speed="10.24" harmonicMeanSpeed="4.90" length="5.00" nVehEntered="42"/>
    <interval begin="48800.00" end="48900.00" id="inductionLoop.W2" nVehContrib="17" flow="612.00" occupancy="73.92" speed="11.06" harmonicMeanSpeed="10.88" length="5.00" nVehEntered="18"/>
    <interval begin="48900.00" end="49000.00" id="inductionLoop.W2" nVehContrib="7" flow="252.00" occupancy="88.85" speed="4.56" harmonicMeanSpeed="0.23" length="5.00" nVehEntered="6"/>
    <interval begin="49000.00" end="49100.00" id="inductionLoop.W2" nVehContrib="1" flow="36.00" occupancy="96.32" speed="7.44" harmonicMeanSpeed="7.44" length="5.00" nVehEntered="2"/>
    <interval begin="49100.00" end="49200.00" id="inductionLoop.W2" nVehContrib="19" flow="684.00" occupancy="72.21" speed="9.48" harmonicMeanSpeed="0.57" length="5.00" nVehEntered="18"/>
    <interval begin="49200.00" end="49300.00" id="inductionLoop.W2" nVehContrib="24" flow="864.00" occupancy="61.79" speed="10.55" harmonicMeanSpeed="10.45" length="5.00" nVehEntered="25"/>
    <interval begin="49300.00" end="49400.00" id="inductionLoop.W2" nVehContrib="0" flow="0.00" occupancy="100.00" speed="-1.00" harmonicMeanSpeed="-1.00" length="-1.00" nVehEntered="0"/>
    <interval begin="49400.00" end="49500.00" id="inductionLoop.W2" nVehContrib="9" flow="324.00" occupancy="82.51" speed="4.17" harmonicMeanSpeed="0.19" length="5.00" nVehEntered="8"/>
    <interval begin="49500.00" end="49600.00" id="inductionLoop.W2" nVehContrib="32" flow="1152.00" occupancy="49.90" speed="10.60" harmonicMeanSpeed="4.46" length="5.00" nVehEntered="33"/>
    <interval begin="49600.00" end="49700.00" id="inductionLoop.W2" nVehContrib="0" flow="0.00" occupancy="100.00" speed="-1.00" harmonicMeanSpeed="-1.00" length="-1.00" nVehEntered="0"/>
    <interval begin="49700.00" end="49800.00" id="inductionLoop.W2" nVehContrib="19" flow="684.00" occupancy="72.36" speed="9.29" harmonicMeanSpeed="0.51" length="5.00" nVehEntered="18"/>
    <interval begin="49800.00" end="49900.00" id="inductionLoop.W2" nVehContrib="22" flow="792.00" occupancy="68.02" speed="11.56" harmonicMeanSpeed="11.47" length="5.00" nVehEntered="23"/>
    <interval begin="49900.00" end="50000.00" id="inductionLoop.W2" nVehContrib="12" flow="432.00" occupancy="78.38" speed="5.06" harmonicMeanSpeed="0.44" length="5.00" nVehEntered="11"/>
    <interval begin="50000.00" end="50004.00" id="inductionLoop.W2" nVehContrib="2" flow="1800.00" occupancy="29.05" speed="8.64" harmonicMeanSpeed="8.61" length="5.00" nVehEntered="2"/>
</detector>
