<?xml version="1.0" encoding="UTF-8"?>

<!-- generated on 2023-07-21 19:29:31 by Eclipse SUMO sumo Version 1.12.0
<configuration xmlns:xsi="http://www.w3.org/2001/XMLSchema-instance" xsi:noNamespaceSchemaLocation="http://sumo.dlr.de/xsd/sumoConfiguration.xsd">

    <input>
        <net-file value="Data0-6/intersection.net.xml"/>
        <route-files value="Data0-6/intersection.rou.xml"/>
        <additional-files value="Data0-6/intersection.det.xml"/>
    </input>

    <output>
        <tripinfo-output value="Data0-6/tripinfo.xml"/>
    </output>

    <time>
        <begin value="0"/>
    </time>

    <processing>
        <time-to-teleport value="-1"/>
        <waiting-time-memory value="60000"/>
    </processing>

    <report>
        <verbose value="true"/>
        <no-step-log value="true"/>
    </report>

    <emissions>
        <device.emissions.probability value="1"/>
    </emissions>

    <traci_server>
        <remote-port value="47533"/>
    </traci_server>

    <gui_only>
        <gui-settings-file value="Data0-6/intersection.settings.xml"/>
    </gui_only>

</configuration>
-->

<detector xmlns:xsi="http://www.w3.org/2001/XMLSchema-instance" xsi:noNamespaceSchemaLocation="http://sumo.dlr.de/xsd/det_e1_file.xsd">
    <interval begin="0.00" end="100.00" id="inductionLoop.N2" nVehContrib="1" flow="36.00" occupancy="0.36" speed="13.81" harmonicMeanSpeed="13.81" length="5.00" nVehEntered="1"/>
    <interval begin="100.00" end="200.00" id="inductionLoop.N2" nVehContrib="8" flow="288.00" occupancy="4.38" speed="10.54" harmonicMeanSpeed="9.48" length="5.00" nVehEntered="10"/>
    <interval begin="200.00" end="300.00" id="inductionLoop.N2" nVehContrib="4" flow="144.00" occupancy="1.60" speed="12.57" harmonicMeanSpeed="12.51" length="5.00" nVehEntered="4"/>
    <interval begin="300.00" end="400.00" id="inductionLoop.N2" nVehContrib="6" flow="216.00" occupancy="2.39" speed="12.57" harmonicMeanSpeed="12.54" length="5.00" nVehEntered="6"/>
    <interval begin="400.00" end="500.00" id="inductionLoop.N2" nVehContrib="7" flow="252.00" occupancy="3.31" speed="11.72" harmonicMeanSpeed="11.50" length="5.00" nVehEntered="8"/>
    <interval begin="500.00" end="600.00" id="inductionLoop.N2" nVehContrib="8" flow="288.00" occupancy="17.32" speed="4.27" harmonicMeanSpeed="2.31" length="5.00" nVehEntered="8"/>
    <interval begin="600.00" end="700.00" id="inductionLoop.N2" nVehContrib="6" flow="216.00" occupancy="31.36" speed="3.22" harmonicMeanSpeed="0.96" length="5.00" nVehEntered="7"/>
    <interval begin="700.00" end="800.00" id="inductionLoop.N2" nVehContrib="7" flow="252.00" occupancy="17.67" speed="3.10" harmonicMeanSpeed="2.16" length="5.00" nVehEntered="8"/>
    <interval begin="800.00" end="900.00" id="inductionLoop.N2" nVehContrib="5" flow="180.00" occupancy="8.00" speed="5.26" harmonicMeanSpeed="2.63" length="5.00" nVehEntered="4"/>
    <interval begin="900.00" end="1000.00" id="inductionLoop.N2" nVehContrib="6" flow="216.00" occupancy="9.28" speed="8.56" harmonicMeanSpeed="3.42" length="5.00" nVehEntered="7"/>
    <interval begin="1000.00" end="1100.00" id="inductionLoop.N2" nVehContrib="5" flow="180.00" occupancy="2.53" speed="10.00" harmonicMeanSpeed="9.89" length="5.00" nVehEntered="5"/>
    <interval begin="1100.00" end="1200.00" id="inductionLoop.N2" nVehContrib="9" flow="324.00" occupancy="5.96" speed="9.24" harmonicMeanSpeed="7.90" length="5.00" nVehEntered="10"/>
    <interval begin="1200.00" end="1300.00" id="inductionLoop.N2" nVehContrib="6" flow="216.00" occupancy="7.18" speed="8.63" harmonicMeanSpeed="4.74" length="5.00" nVehEntered="7"/>
    <interval begin="1300.00" end="1400.00" id="inductionLoop.N2" nVehContrib="5" flow="180.00" occupancy="6.61" speed="5.27" harmonicMeanSpeed="4.34" length="5.00" nVehEntered="6"/>
    <interval begin="1400.00" end="1500.00" id="inductionLoop.N2" nVehContrib="6" flow="216.00" occupancy="19.08" speed="4.33" harmonicMeanSpeed="1.66" length="5.00" nVehEntered="7"/>
    <interval begin="1500.00" end="1600.00" id="inductionLoop.N2" nVehContrib="4" flow="144.00" occupancy="2.15" speed="10.32" harmonicMeanSpeed="9.73" length="5.00" nVehEntered="5"/>
    <interval begin="1600.00" end="1700.00" id="inductionLoop.N2" nVehContrib="7" flow="252.00" occupancy="9.24" speed="8.35" harmonicMeanSpeed="3.79" length="5.00" nVehEntered="7"/>
    <interval begin="1700.00" end="1800.00" id="inductionLoop.N2" nVehContrib="7" flow="252.00" occupancy="22.73" speed="4.72" harmonicMeanSpeed="1.54" length="5.00" nVehEntered="7"/>
    <interval begin="1800.00" end="1900.00" id="inductionLoop.N2" nVehContrib="3" flow="108.00" occupancy="1.75" speed="10.94" harmonicMeanSpeed="10.89" length="5.00" nVehEntered="4"/>
    <interval begin="1900.00" end="2000.00" id="inductionLoop.N2" nVehContrib="7" flow="252.00" occupancy="3.04" speed="11.66" harmonicMeanSpeed="11.53" length="5.00" nVehEntered="7"/>
    <interval begin="2000.00" end="2100.00" id="inductionLoop.N2" nVehContrib="6" flow="216.00" occupancy="8.45" speed="6.83" harmonicMeanSpeed="3.55" length="5.00" nVehEntered="6"/>
    <interval begin="2100.00" end="2200.00" id="inductionLoop.N2" nVehContrib="9" flow="324.00" occupancy="5.60" speed="9.29" harmonicMeanSpeed="8.03" length="5.00" nVehEntered="9"/>
    <interval begin="2200.00" end="2300.00" id="inductionLoop.N2" nVehContrib="11" flow="396.00" occupancy="8.75" speed="9.34" harmonicMeanSpeed="6.28" length="5.00" nVehEntered="11"/>
    <interval begin="2300.00" end="2400.00" id="inductionLoop.N2" nVehContrib="5" flow="180.00" occupancy="7.10" speed="6.30" harmonicMeanSpeed="3.78" length="5.00" nVehEntered="6"/>
    <interval begin="2400.00" end="2500.00" id="inductionLoop.N2" nVehContrib="5" flow="180.00" occupancy="3.32" speed="9.58" harmonicMeanSpeed="9.32" length="5.00" nVehEntered="6"/>
    <interval begin="2500.00" end="2600.00" id="inductionLoop.N2" nVehContrib="9" flow="324.00" occupancy="4.97" speed="10.12" harmonicMeanSpeed="9.05" length="5.00" nVehEntered="9"/>
    <interval begin="2600.00" end="2700.00" id="inductionLoop.N2" nVehContrib="7" flow="252.00" occupancy="3.32" speed="10.75" harmonicMeanSpeed="10.53" length="5.00" nVehEntered="7"/>
    <interval begin="2700.00" end="2800.00" id="inductionLoop.N2" nVehContrib="6" flow="216.00" occupancy="7.29" speed="8.11" harmonicMeanSpeed="4.60" length="5.00" nVehEntered="8"/>
    <interval begin="2800.00" end="2900.00" id="inductionLoop.N2" nVehContrib="5" flow="180.00" occupancy="7.40" speed="5.65" harmonicMeanSpeed="3.63" length="5.00" nVehEntered="5"/>
    <interval begin="2900.00" end="3000.00" id="inductionLoop.N2" nVehContrib="3" flow="108.00" occupancy="3.43" speed="7.89" harmonicMeanSpeed="4.37" length="5.00" nVehEntered="3"/>
    <interval begin="3000.00" end="3100.00" id="inductionLoop.N2" nVehContrib="5" flow="180.00" occupancy="2.33" speed="10.87" harmonicMeanSpeed="10.74" length="5.00" nVehEntered="5"/>
    <interval begin="3100.00" end="3200.00" id="inductionLoop.N2" nVehContrib="4" flow="144.00" occupancy="4.17" speed="8.84" harmonicMeanSpeed="4.79" length="5.00" nVehEntered="4"/>
    <interval begin="3200.00" end="3300.00" id="inductionLoop.N2" nVehContrib="6" flow="216.00" occupancy="4.92" speed="8.60" harmonicMeanSpeed="6.79" length="5.00" nVehEntered="7"/>
    <interval begin="3300.00" end="3400.00" id="inductionLoop.N2" nVehContrib="8" flow="288.00" occupancy="4.46" speed="10.14" harmonicMeanSpeed="9.41" length="5.00" nVehEntered="9"/>
    <interval begin="3400.00" end="3500.00" id="inductionLoop.N2" nVehContrib="6" flow="216.00" occupancy="6.81" speed="7.76" harmonicMeanSpeed="5.33" length="5.00" nVehEntered="8"/>
    <interval begin="3500.00" end="3600.00" id="inductionLoop.N2" nVehContrib="7" flow="252.00" occupancy="6.85" speed="7.68" harmonicMeanSpeed="5.11" length="5.00" nVehEntered="7"/>
    <interval begin="3600.00" end="3700.00" id="inductionLoop.N2" nVehContrib="6" flow="216.00" occupancy="3.28" speed="10.93" harmonicMeanSpeed="10.65" length="5.00" nVehEntered="7"/>
    <interval begin="3700.00" end="3800.00" id="inductionLoop.N2" nVehContrib="10" flow="360.00" occupancy="4.72" speed="11.05" harmonicMeanSpeed="10.60" length="5.00" nVehEntered="10"/>
    <interval begin="3800.00" end="3900.00" id="inductionLoop.N2" nVehContrib="5" flow="180.00" occupancy="5.27" speed="8.05" harmonicMeanSpeed="5.57" length="5.00" nVehEntered="6"/>
    <interval begin="3900.00" end="4000.00" id="inductionLoop.N2" nVehContrib="5" flow="180.00" occupancy="5.08" speed="7.38" harmonicMeanSpeed="4.92" length="5.00" nVehEntered="5"/>
    <interval begin="4000.00" end="4100.00" id="inductionLoop.N2" nVehContrib="8" flow="288.00" occupancy="4.39" speed="10.96" harmonicMeanSpeed="10.66" length="5.00" nVehEntered="9"/>
    <interval begin="4100.00" end="4200.00" id="inductionLoop.N2" nVehContrib="7" flow="252.00" occupancy="6.66" speed="7.33" harmonicMeanSpeed="5.25" length="5.00" nVehEntered="7"/>
    <interval begin="4200.00" end="4300.00" id="inductionLoop.N2" nVehContrib="7" flow="252.00" occupancy="3.37" speed="11.11" harmonicMeanSpeed="10.82" length="5.00" nVehEntered="8"/>
    <interval begin="4300.00" end="4400.00" id="inductionLoop.N2" nVehContrib="2" flow="72.00" occupancy="0.79" speed="12.78" harmonicMeanSpeed="12.69" length="5.00" nVehEntered="2"/>
    <interval begin="4400.00" end="4500.00" id="inductionLoop.N2" nVehContrib="10" flow="360.00" occupancy="23.53" speed="10.45" harmonicMeanSpeed="2.13" length="5.00" nVehEntered="10"/>
    <interval begin="4500.00" end="4600.00" id="inductionLoop.N2" nVehContrib="2" flow="72.00" occupancy="0.86" speed="11.60" harmonicMeanSpeed="11.59" length="5.00" nVehEntered="2"/>
    <interval begin="4600.00" end="4700.00" id="inductionLoop.N2" nVehContrib="5" flow="180.00" occupancy="2.10" speed="11.93" harmonicMeanSpeed="11.88" length="5.00" nVehEntered="5"/>
    <interval begin="4700.00" end="4800.00" id="inductionLoop.N2" nVehContrib="7" flow="252.00" occupancy="7.27" speed="6.89" harmonicMeanSpeed="5.20" length="5.00" nVehEntered="8"/>
    <interval begin="4800.00" end="4900.00" id="inductionLoop.N2" nVehContrib="7" flow="252.00" occupancy="6.84" speed="9.34" harmonicMeanSpeed="8.77" length="5.00" nVehEntered="8"/>
    <interval begin="4900.00" end="5000.00" id="inductionLoop.N2" nVehContrib="3" flow="108.00" occupancy="1.87" speed="12.05" harmonicMeanSpeed="12.00" length="5.00" nVehEntered="5"/>
    <interval begin="5000.00" end="5100.00" id="inductionLoop.N2" nVehContrib="3" flow="108.00" occupancy="1.32" speed="12.92" harmonicMeanSpeed="12.91" length="5.00" nVehEntered="4"/>
    <interval begin="5100.00" end="5200.00" id="inductionLoop.N2" nVehContrib="7" flow="252.00" occupancy="3.24" speed="11.02" harmonicMeanSpeed="10.80" length="5.00" nVehEntered="7"/>
    <interval begin="5200.00" end="5300.00" id="inductionLoop.N2" nVehContrib="5" flow="180.00" occupancy="2.53" speed="10.57" harmonicMeanSpeed="10.25" length="5.00" nVehEntered="6"/>
    <interval begin="5300.00" end="5400.00" id="inductionLoop.N2" nVehContrib="5" flow="180.00" occupancy="2.15" speed="11.67" harmonicMeanSpeed="11.64" length="5.00" nVehEntered="5"/>
    <interval begin="5400.00" end="5500.00" id="inductionLoop.N2" nVehContrib="10" flow="360.00" occupancy="6.07" speed="9.68" harmonicMeanSpeed="8.23" length="5.00" nVehEntered="10"/>
    <interval begin="5500.00" end="5600.00" id="inductionLoop.N2" nVehContrib="3" flow="108.00" occupancy="1.34" speed="11.47" harmonicMeanSpeed="11.19" length="5.00" nVehEntered="3"/>
    <interval begin="5600.00" end="5700.00" id="inductionLoop.N2" nVehContrib="8" flow="288.00" occupancy="5.75" speed="9.85" harmonicMeanSpeed="8.73" length="5.00" nVehEntered="10"/>
    <interval begin="5700.00" end="5800.00" id="inductionLoop.N2" nVehContrib="6" flow="216.00" occupancy="2.81" speed="10.84" harmonicMeanSpeed="10.67" length="5.00" nVehEntered="6"/>
    <interval begin="5800.00" end="5900.00" id="inductionLoop.N2" nVehContrib="5" flow="180.00" occupancy="2.12" speed="12.16" harmonicMeanSpeed="11.77" length="5.00" nVehEntered="5"/>
    <interval begin="5900.00" end="6000.00" id="inductionLoop.N2" nVehContrib="7" flow="252.00" occupancy="5.33" speed="9.49" harmonicMeanSpeed="6.83" length="5.00" nVehEntered="8"/>
    <interval begin="6000.00" end="6100.00" id="inductionLoop.N2" nVehContrib="7" flow="252.00" occupancy="3.15" speed="11.23" harmonicMeanSpeed="11.10" length="5.00" nVehEntered="7"/>
    <interval begin="6100.00" end="6200.00" id="inductionLoop.N2" nVehContrib="5" flow="180.00" occupancy="3.25" speed="11.73" harmonicMeanSpeed="11.28" length="5.00" nVehEntered="6"/>
    <interval begin="6200.00" end="6300.00" id="inductionLoop.N2" nVehContrib="6" flow="216.00" occupancy="2.83" speed="10.85" harmonicMeanSpeed="10.59" length="5.00" nVehEntered="6"/>
    <interval begin="6300.00" end="6400.00" id="inductionLoop.N2" nVehContrib="1" flow="36.00" occupancy="0.36" speed="13.84" harmonicMeanSpeed="13.84" length="5.00" nVehEntered="2"/>
    <interval begin="6400.00" end="6500.00" id="inductionLoop.N2" nVehContrib="4" flow="144.00" occupancy="1.66" speed="12.17" harmonicMeanSpeed="12.04" length="5.00" nVehEntered="4"/>
    <interval begin="6500.00" end="6600.00" id="inductionLoop.N2" nVehContrib="4" flow="144.00" occupancy="1.79" speed="11.43" harmonicMeanSpeed="11.17" length="5.00" nVehEntered="4"/>
    <interval begin="6600.00" end="6700.00" id="inductionLoop.N2" nVehContrib="2" flow="72.00" occupancy="1.06" speed="12.17" harmonicMeanSpeed="12.05" length="5.00" nVehEntered="3"/>
    <interval begin="6700.00" end="6800.00" id="inductionLoop.N2" nVehContrib="4" flow="144.00" occupancy="1.76" speed="11.55" harmonicMeanSpeed="11.35" length="5.00" nVehEntered="4"/>
    <interval begin="6800.00" end="6900.00" id="inductionLoop.N2" nVehContrib="5" flow="180.00" occupancy="2.07" speed="12.13" harmonicMeanSpeed="12.08" length="5.00" nVehEntered="5"/>
    <interval begin="6900.00" end="7000.00" id="inductionLoop.N2" nVehContrib="8" flow="288.00" occupancy="15.03" speed="9.92" harmonicMeanSpeed="2.76" length="5.00" nVehEntered="9"/>
    <interval begin="7000.00" end="7100.00" id="inductionLoop.N2" nVehContrib="3" flow="108.00" occupancy="1.28" speed="11.91" harmonicMeanSpeed="11.76" length="5.00" nVehEntered="3"/>
    <interval begin="7100.00" end="7200.00" id="inductionLoop.N2" nVehContrib="7" flow="252.00" occupancy="5.88" speed="9.79" harmonicMeanSpeed="7.44" length="5.00" nVehEntered="9"/>
    <interval begin="7200.00" end="7300.00" id="inductionLoop.N2" nVehContrib="7" flow="252.00" occupancy="3.10" speed="11.42" harmonicMeanSpeed="11.30" length="5.00" nVehEntered="7"/>
    <interval begin="7300.00" end="7400.00" id="inductionLoop.N2" nVehContrib="5" flow="180.00" occupancy="17.35" speed="10.00" harmonicMeanSpeed="9.61" length="5.00" nVehEntered="6"/>
    <interval begin="7400.00" end="7500.00" id="inductionLoop.N2" nVehContrib="7" flow="252.00" occupancy="6.25" speed="10.33" harmonicMeanSpeed="1.67" length="5.00" nVehEntered="6"/>
    <interval begin="7500.00" end="7600.00" id="inductionLoop.N2" nVehContrib="5" flow="180.00" occupancy="2.40" speed="11.50" harmonicMeanSpeed="11.05" length="5.00" nVehEntered="6"/>
    <interval begin="7600.00" end="7700.00" id="inductionLoop.N2" nVehContrib="2" flow="72.00" occupancy="17.86" speed="7.56" harmonicMeanSpeed="0.56" length="5.00" nVehEntered="2"/>
    <interval begin="7700.00" end="7800.00" id="inductionLoop.N2" nVehContrib="2" flow="72.00" occupancy="0.79" speed="12.58" harmonicMeanSpeed="12.58" length="5.00" nVehEntered="2"/>
    <interval begin="7800.00" end="7900.00" id="inductionLoop.N2" nVehContrib="1" flow="36.00" occupancy="0.42" speed="12.50" harmonicMeanSpeed="12.50" length="5.00" nVehEntered="2"/>
    <interval begin="7900.00" end="8000.00" id="inductionLoop.N2" nVehContrib="2" flow="72.00" occupancy="0.80" speed="12.68" harmonicMeanSpeed="12.57" length="5.00" nVehEntered="2"/>
    <interval begin="8000.00" end="8100.00" id="inductionLoop.N2" nVehContrib="3" flow="108.00" occupancy="1.26" speed="11.90" harmonicMeanSpeed="11.90" length="5.00" nVehEntered="3"/>
    <interval begin="8100.00" end="8200.00" id="inductionLoop.N2" nVehContrib="4" flow="144.00" occupancy="1.94" speed="12.58" harmonicMeanSpeed="12.48" length="5.00" nVehEntered="5"/>
    <interval begin="8200.00" end="8300.00" id="inductionLoop.N2" nVehContrib="3" flow="108.00" occupancy="1.18" speed="12.70" harmonicMeanSpeed="12.70" length="5.00" nVehEntered="3"/>
    <interval begin="8300.00" end="8400.00" id="inductionLoop.N2" nVehContrib="2" flow="72.00" occupancy="0.78" speed="12.76" harmonicMeanSpeed="12.76" length="5.00" nVehEntered="2"/>
    <interval begin="8400.00" end="8500.00" id="inductionLoop.N2" nVehContrib="5" flow="180.00" occupancy="2.14" speed="11.94" harmonicMeanSpeed="11.70" length="5.00" nVehEntered="5"/>
    <interval begin="8500.00" end="8600.00" id="inductionLoop.N2" nVehContrib="3" flow="108.00" occupancy="1.22" speed="12.48" harmonicMeanSpeed="12.29" length="5.00" nVehEntered="3"/>
    <interval begin="8600.00" end="8700.00" id="inductionLoop.N2" nVehContrib="2" flow="72.00" occupancy="1.16" speed="12.93" harmonicMeanSpeed="12.92" length="5.00" nVehEntered="3"/>
    <interval begin="8700.00" end="8800.00" id="inductionLoop.N2" nVehContrib="3" flow="108.00" occupancy="1.60" speed="11.57" harmonicMeanSpeed="10.89" length="5.00" nVehEntered="4"/>
    <interval begin="8800.00" end="8900.00" id="inductionLoop.N2" nVehContrib="5" flow="180.00" occupancy="2.25" speed="11.27" harmonicMeanSpeed="11.13" length="5.00" nVehEntered="5"/>
    <interval begin="8900.00" end="9000.00" id="inductionLoop.N2" nVehContrib="5" flow="180.00" occupancy="1.93" speed="12.99" harmonicMeanSpeed="12.98" length="5.00" nVehEntered="5"/>
    <interval begin="9000.00" end="9100.00" id="inductionLoop.N2" nVehContrib="6" flow="216.00" occupancy="2.53" speed="11.98" harmonicMeanSpeed="11.85" length="5.00" nVehEntered="6"/>
    <interval begin="9100.00" end="9200.00" id="inductionLoop.N2" nVehContrib="5" flow="180.00" occupancy="2.09" speed="12.21" harmonicMeanSpeed="11.93" length="5.00" nVehEntered="5"/>
    <interval begin="9200.00" end="9300.00" id="inductionLoop.N2" nVehContrib="2" flow="72.00" occupancy="0.86" speed="11.71" harmonicMeanSpeed="11.58" length="5.00" nVehEntered="2"/>
    <interval begin="9300.00" end="9400.00" id="inductionLoop.N2" nVehContrib="7" flow="252.00" occupancy="3.36" speed="11.86" harmonicMeanSpeed="11.45" length="5.00" nVehEntered="9"/>
    <interval begin="9400.00" end="9500.00" id="inductionLoop.N2" nVehContrib="4" flow="144.00" occupancy="1.67" speed="12.02" harmonicMeanSpeed="11.94" length="5.00" nVehEntered="4"/>
    <interval begin="9500.00" end="9600.00" id="inductionLoop.N2" nVehContrib="5" flow="180.00" occupancy="2.15" speed="12.27" harmonicMeanSpeed="11.65" length="5.00" nVehEntered="6"/>
    <interval begin="9600.00" end="9700.00" id="inductionLoop.N2" nVehContrib="2" flow="72.00" occupancy="0.93" speed="11.26" harmonicMeanSpeed="10.78" length="5.00" nVehEntered="2"/>
    <interval begin="9700.00" end="9800.00" id="inductionLoop.N2" nVehContrib="7" flow="252.00" occupancy="4.12" speed="9.64" harmonicMeanSpeed="8.78" length="5.00" nVehEntered="8"/>
    <interval begin="9800.00" end="9900.00" id="inductionLoop.N2" nVehContrib="5" flow="180.00" occupancy="4.04" speed="10.09" harmonicMeanSpeed="6.66" length="5.00" nVehEntered="6"/>
    <interval begin="9900.00" end="10000.00" id="inductionLoop.N2" nVehContrib="5" flow="180.00" occupancy="2.06" speed="12.17" harmonicMeanSpeed="12.12" length="5.00" nVehEntered="5"/>
    <interval begin="10000.00" end="10100.00" id="inductionLoop.N2" nVehContrib="6" flow="216.00" occupancy="9.44" speed="7.34" harmonicMeanSpeed="3.69" length="5.00" nVehEntered="8"/>
    <interval begin="10100.00" end="10200.00" id="inductionLoop.N2" nVehContrib="7" flow="252.00" occupancy="3.27" speed="11.10" harmonicMeanSpeed="10.71" length="5.00" nVehEntered="7"/>
    <interval begin="10200.00" end="10300.00" id="inductionLoop.N2" nVehContrib="7" flow="252.00" occupancy="3.94" speed="10.29" harmonicMeanSpeed="8.88" length="5.00" nVehEntered="7"/>
    <interval begin="10300.00" end="10400.00" id="inductionLoop.N2" nVehContrib="2" flow="72.00" occupancy="1.00" speed="12.95" harmonicMeanSpeed="12.80" length="5.00" nVehEntered="3"/>
    <interval begin="10400.00" end="10500.00" id="inductionLoop.N2" nVehContrib="3" flow="108.00" occupancy="1.17" speed="12.82" harmonicMeanSpeed="12.80" length="5.00" nVehEntered="3"/>
    <interval begin="10500.00" end="10600.00" id="inductionLoop.N2" nVehContrib="7" flow="252.00" occupancy="4.35" speed="9.23" harmonicMeanSpeed="8.05" length="5.00" nVehEntered="7"/>
    <interval begin="10600.00" end="10700.00" id="inductionLoop.N2" nVehContrib="5" flow="180.00" occupancy="2.29" speed="11.25" harmonicMeanSpeed="10.93" length="5.00" nVehEntered="5"/>
    <interval begin="10700.00" end="10800.00" id="inductionLoop.N2" nVehContrib="4" flow="144.00" occupancy="1.62" speed="12.44" harmonicMeanSpeed="12.34" length="5.00" nVehEntered="4"/>
    <interval begin="10800.00" end="10900.00" id="inductionLoop.N2" nVehContrib="3" flow="108.00" occupancy="1.54" speed="9.80" harmonicMeanSpeed="9.72" length="5.00" nVehEntered="3"/>
    <interval begin="10900.00" end="11000.00" id="inductionLoop.N2" nVehContrib="2" flow="72.00" occupancy="0.83" speed="12.13" harmonicMeanSpeed="12.12" length="5.00" nVehEntered="2"/>
    <interval begin="11000.00" end="11100.00" id="inductionLoop.N2" nVehContrib="7" flow="252.00" occupancy="2.79" speed="12.66" harmonicMeanSpeed="12.53" length="5.00" nVehEntered="7"/>
    <interval begin="11100.00" end="11200.00" id="inductionLoop.N2" nVehContrib="4" flow="144.00" occupancy="1.67" speed="12.02" harmonicMeanSpeed="11.95" length="5.00" nVehEntered="4"/>
    <interval begin="11200.00" end="11300.00" id="inductionLoop.N2" nVehContrib="2" flow="72.00" occupancy="0.82" speed="12.23" harmonicMeanSpeed="12.20" length="5.00" nVehEntered="2"/>
    <interval begin="11300.00" end="11400.00" id="inductionLoop.N2" nVehContrib="2" flow="72.00" occupancy="0.80" speed="12.46" harmonicMeanSpeed="12.44" length="5.00" nVehEntered="2"/>
    <interval begin="11400.00" end="11500.00" id="inductionLoop.N2" nVehContrib="3" flow="108.00" occupancy="1.29" speed="11.85" harmonicMeanSpeed="11.61" length="5.00" nVehEntered="3"/>
    <interval begin="11500.00" end="11600.00" id="inductionLoop.N2" nVehContrib="5" flow="180.00" occupancy="2.10" speed="11.94" harmonicMeanSpeed="11.88" length="5.00" nVehEntered="5"/>
    <interval begin="11600.00" end="11700.00" id="inductionLoop.N2" nVehContrib="1" flow="36.00" occupancy="0.37" speed="13.60" harmonicMeanSpeed="13.60" length="5.00" nVehEntered="1"/>
    <interval begin="11700.00" end="11800.00" id="inductionLoop.N2" nVehContrib="2" flow="72.00" occupancy="0.73" speed="13.76" harmonicMeanSpeed="13.72" length="5.00" nVehEntered="2"/>
    <interval begin="11800.00" end="11900.00" id="inductionLoop.N2" nVehContrib="4" flow="144.00" occupancy="1.52" speed="13.49" harmonicMeanSpeed="13.13" length="5.00" nVehEntered="4"/>
    <interval begin="11900.00" end="12000.00" id="inductionLoop.N2" nVehContrib="6" flow="216.00" occupancy="2.67" speed="11.45" harmonicMeanSpeed="11.25" length="5.00" nVehEntered="6"/>
    <interval begin="12000.00" end="12100.00" id="inductionLoop.N2" nVehContrib="3" flow="108.00" occupancy="1.56" speed="12.40" harmonicMeanSpeed="12.33" length="5.00" nVehEntered="4"/>
    <interval begin="12100.00" end="12200.00" id="inductionLoop.N2" nVehContrib="5" flow="180.00" occupancy="2.03" speed="12.41" harmonicMeanSpeed="12.29" length="5.00" nVehEntered="5"/>
    <interval begin="12200.00" end="12300.00" id="inductionLoop.N2" nVehContrib="4" flow="144.00" occupancy="2.33" speed="10.80" harmonicMeanSpeed="10.52" length="5.00" nVehEntered="5"/>
    <interval begin="12300.00" end="12400.00" id="inductionLoop.N2" nVehContrib="4" flow="144.00" occupancy="1.56" speed="12.97" harmonicMeanSpeed="12.80" length="5.00" nVehEntered="4"/>
    <interval begin="12400.00" end="12500.00" id="inductionLoop.N2" nVehContrib="4" flow="144.00" occupancy="1.55" speed="13.15" harmonicMeanSpeed="12.90" length="5.00" nVehEntered="4"/>
    <interval begin="12500.00" end="12600.00" id="inductionLoop.N2" nVehContrib="3" flow="108.00" occupancy="1.49" speed="10.79" harmonicMeanSpeed="10.48" length="5.00" nVehEntered="4"/>
    <interval begin="12600.00" end="12700.00" id="inductionLoop.N2" nVehContrib="2" flow="72.00" occupancy="0.66" speed="15.12" harmonicMeanSpeed="15.10" length="5.00" nVehEntered="2"/>
    <interval begin="12700.00" end="12800.00" id="inductionLoop.N2" nVehContrib="2" flow="72.00" occupancy="0.74" speed="13.51" harmonicMeanSpeed="13.48" length="5.00" nVehEntered="3"/>
    <interval begin="12800.00" end="12900.00" id="inductionLoop.N2" nVehContrib="3" flow="108.00" occupancy="1.15" speed="13.32" harmonicMeanSpeed="13.22" length="5.00" nVehEntered="4"/>
    <interval begin="12900.00" end="13000.00" id="inductionLoop.N2" nVehContrib="1" flow="36.00" occupancy="0.40" speed="12.63" harmonicMeanSpeed="12.63" length="5.00" nVehEntered="1"/>
    <interval begin="13000.00" end="13100.00" id="inductionLoop.N2" nVehContrib="4" flow="144.00" occupancy="1.50" speed="13.35" harmonicMeanSpeed="13.34" length="5.00" nVehEntered="4"/>
    <interval begin="13100.00" end="13200.00" id="inductionLoop.N2" nVehContrib="3" flow="108.00" occupancy="1.21" speed="12.46" harmonicMeanSpeed="12.42" length="5.00" nVehEntered="3"/>
    <interval begin="13200.00" end="13300.00" id="inductionLoop.N2" nVehContrib="4" flow="144.00" occupancy="1.75" speed="11.64" harmonicMeanSpeed="11.43" length="5.00" nVehEntered="4"/>
    <interval begin="13300.00" end="13400.00" id="inductionLoop.N2" nVehContrib="4" flow="144.00" occupancy="1.75" speed="11.54" harmonicMeanSpeed="11.45" length="5.00" nVehEntered="4"/>
    <interval begin="13400.00" end="13500.00" id="inductionLoop.N2" nVehContrib="3" flow="108.00" occupancy="1.20" speed="12.53" harmonicMeanSpeed="12.50" length="5.00" nVehEntered="3"/>
    <interval begin="13500.00" end="13600.00" id="inductionLoop.N2" nVehContrib="4" flow="144.00" occupancy="1.73" speed="13.10" harmonicMeanSpeed="13.05" length="5.00" nVehEntered="5"/>
    <interval begin="13600.00" end="13700.00" id="inductionLoop.N2" nVehContrib="3" flow="108.00" occupancy="1.33" speed="11.31" harmonicMeanSpeed="11.25" length="5.00" nVehEntered="3"/>
    <interval begin="13700.00" end="13800.00" id="inductionLoop.N2" nVehContrib="5" flow="180.00" occupancy="2.21" speed="11.76" harmonicMeanSpeed="11.30" length="5.00" nVehEntered="5"/>
    <interval begin="13800.00" end="13900.00" id="inductionLoop.N2" nVehContrib="2" flow="72.00" occupancy="0.99" speed="10.53" harmonicMeanSpeed="10.12" length="5.00" nVehEntered="2"/>
    <interval begin="13900.00" end="14000.00" id="inductionLoop.N2" nVehContrib="4" flow="144.00" occupancy="1.74" speed="11.58" harmonicMeanSpeed="11.51" length="5.00" nVehEntered="4"/>
    <interval begin="14000.00" end="14100.00" id="inductionLoop.N2" nVehContrib="4" flow="144.00" occupancy="1.70" speed="12.61" harmonicMeanSpeed="12.60" length="5.00" nVehEntered="5"/>
    <interval begin="14100.00" end="14200.00" id="inductionLoop.N2" nVehContrib="3" flow="108.00" occupancy="1.17" speed="12.89" harmonicMeanSpeed="12.80" length="5.00" nVehEntered="3"/>
    <interval begin="14200.00" end="14300.00" id="inductionLoop.N2" nVehContrib="5" flow="180.00" occupancy="1.99" speed="12.55" harmonicMeanSpeed="12.54" length="5.00" nVehEntered="5"/>
    <interval begin="14300.00" end="14400.00" id="inductionLoop.N2" nVehContrib="1" flow="36.00" occupancy="0.67" speed="14.18" harmonicMeanSpeed="14.18" length="5.00" nVehEntered="2"/>
    <interval begin="14400.00" end="14500.00" id="inductionLoop.N2" nVehContrib="5" flow="180.00" occupancy="2.12" speed="12.29" harmonicMeanSpeed="11.81" length="5.00" nVehEntered="5"/>
    <interval begin="14500.00" end="14600.00" id="inductionLoop.N2" nVehContrib="7" flow="252.00" occupancy="3.24" speed="11.23" harmonicMeanSpeed="10.80" length="5.00" nVehEntered="7"/>
    <interval begin="14600.00" end="14700.00" id="inductionLoop.N2" nVehContrib="6" flow="216.00" occupancy="3.52" speed="9.58" harmonicMeanSpeed="9.22" length="5.00" nVehEntered="7"/>
    <interval begin="14700.00" end="14800.00" id="inductionLoop.N2" nVehContrib="5" flow="180.00" occupancy="2.71" speed="10.38" harmonicMeanSpeed="9.22" length="5.00" nVehEntered="5"/>
    <interval begin="14800.00" end="14900.00" id="inductionLoop.N2" nVehContrib="4" flow="144.00" occupancy="1.90" speed="12.04" harmonicMeanSpeed="11.92" length="5.00" nVehEntered="5"/>
    <interval begin="14900.00" end="15000.00" id="inductionLoop.N2" nVehContrib="2" flow="72.00" occupancy="0.96" speed="10.47" harmonicMeanSpeed="10.44" length="5.00" nVehEntered="2"/>
    <interval begin="15000.00" end="15100.00" id="inductionLoop.N2" nVehContrib="6" flow="216.00" occupancy="2.90" speed="11.61" harmonicMeanSpeed="11.23" length="5.00" nVehEntered="7"/>
    <interval begin="15100.00" end="15200.00" id="inductionLoop.N2" nVehContrib="3" flow="108.00" occupancy="1.48" speed="10.40" harmonicMeanSpeed="10.28" length="5.00" nVehEntered="4"/>
    <interval begin="15200.00" end="15300.00" id="inductionLoop.N2" nVehContrib="5" flow="180.00" occupancy="2.37" speed="12.62" harmonicMeanSpeed="12.56" length="5.00" nVehEntered="7"/>
    <interval begin="15300.00" end="15400.00" id="inductionLoop.N2" nVehContrib="3" flow="108.00" occupancy="1.33" speed="11.75" harmonicMeanSpeed="11.30" length="5.00" nVehEntered="3"/>
    <interval begin="15400.00" end="15500.00" id="inductionLoop.N2" nVehContrib="1" flow="36.00" occupancy="0.39" speed="12.82" harmonicMeanSpeed="12.82" length="5.00" nVehEntered="1"/>
    <interval begin="15500.00" end="15600.00" id="inductionLoop.N2" nVehContrib="1" flow="36.00" occupancy="0.47" speed="10.63" harmonicMeanSpeed="10.63" length="5.00" nVehEntered="1"/>
    <interval begin="15600.00" end="15700.00" id="inductionLoop.N2" nVehContrib="6" flow="216.00" occupancy="2.56" speed="12.08" harmonicMeanSpeed="11.73" length="5.00" nVehEntered="6"/>
    <interval begin="15700.00" end="15800.00" id="inductionLoop.N2" nVehContrib="7" flow="252.00" occupancy="4.41" speed="9.18" harmonicMeanSpeed="7.94" length="5.00" nVehEntered="7"/>
    <interval begin="15800.00" end="15900.00" id="inductionLoop.N2" nVehContrib="2" flow="72.00" occupancy="1.92" speed="7.61" harmonicMeanSpeed="7.14" length="5.00" nVehEntered="4"/>
    <interval begin="15900.00" end="16000.00" id="inductionLoop.N2" nVehContrib="6" flow="216.00" occupancy="7.16" speed="9.50" harmonicMeanSpeed="4.08" length="5.00" nVehEntered="6"/>
    <interval begin="16000.00" end="16100.00" id="inductionLoop.N2" nVehContrib="2" flow="72.00" occupancy="1.06" speed="11.72" harmonicMeanSpeed="11.70" length="5.00" nVehEntered="3"/>
    <interval begin="16100.00" end="16200.00" id="inductionLoop.N2" nVehContrib="5" flow="180.00" occupancy="4.49" speed="9.45" harmonicMeanSpeed="5.93" length="5.00" nVehEntered="6"/>
    <interval begin="16200.00" end="16300.00" id="inductionLoop.N2" nVehContrib="3" flow="108.00" occupancy="1.22" speed="12.42" harmonicMeanSpeed="12.26" length="5.00" nVehEntered="3"/>
    <interval begin="16300.00" end="16400.00" id="inductionLoop.N2" nVehContrib="5" flow="180.00" occupancy="2.37" speed="11.71" harmonicMeanSpeed="11.56" length="5.00" nVehEntered="6"/>
    <interval begin="16400.00" end="16500.00" id="inductionLoop.N2" nVehContrib="4" flow="144.00" occupancy="1.66" speed="12.07" harmonicMeanSpeed="12.02" length="5.00" nVehEntered="4"/>
    <interval begin="16500.00" end="16600.00" id="inductionLoop.N2" nVehContrib="4" flow="144.00" occupancy="1.91" speed="12.47" harmonicMeanSpeed="12.45" length="5.00" nVehEntered="5"/>
    <interval begin="16600.00" end="16700.00" id="inductionLoop.N2" nVehContrib="3" flow="108.00" occupancy="1.33" speed="11.33" harmonicMeanSpeed="11.31" length="5.00" nVehEntered="3"/>
    <interval begin="16700.00" end="16800.00" id="inductionLoop.N2" nVehContrib="6" flow="216.00" occupancy="2.17" speed="13.84" harmonicMeanSpeed="13.81" length="5.00" nVehEntered="6"/>
    <interval begin="16800.00" end="16900.00" id="inductionLoop.N2" nVehContrib="5" flow="180.00" occupancy="2.44" speed="10.53" harmonicMeanSpeed="10.26" length="5.00" nVehEntered="5"/>
    <interval begin="16900.00" end="17000.00" id="inductionLoop.N2" nVehContrib="1" flow="36.00" occupancy="0.48" speed="10.35" harmonicMeanSpeed="10.35" length="5.00" nVehEntered="1"/>
    <interval begin="17000.00" end="17100.00" id="inductionLoop.N2" nVehContrib="6" flow="216.00" occupancy="2.84" speed="10.84" harmonicMeanSpeed="10.55" length="5.00" nVehEntered="6"/>
    <interval begin="17100.00" end="17200.00" id="inductionLoop.N2" nVehContrib="3" flow="108.00" occupancy="2.45" speed="9.73" harmonicMeanSpeed="9.58" length="5.00" nVehEntered="5"/>
    <interval begin="17200.00" end="17300.00" id="inductionLoop.N2" nVehContrib="6" flow="216.00" occupancy="2.82" speed="10.98" harmonicMeanSpeed="10.65" length="5.00" nVehEntered="6"/>
    <interval begin="17300.00" end="17400.00" id="inductionLoop.N2" nVehContrib="6" flow="216.00" occupancy="2.93" speed="10.37" harmonicMeanSpeed="10.24" length="5.00" nVehEntered="6"/>
    <interval begin="17400.00" end="17500.00" id="inductionLoop.N2" nVehContrib="5" flow="180.00" occupancy="2.20" speed="11.51" harmonicMeanSpeed="11.47" length="5.00" nVehEntered="6"/>
    <interval begin="17500.00" end="17600.00" id="inductionLoop.N2" nVehContrib="8" flow="288.00" occupancy="19.89" speed="7.89" harmonicMeanSpeed="3.25" length="5.00" nVehEntered="10"/>
    <interval begin="17600.00" end="17700.00" id="inductionLoop.N2" nVehContrib="6" flow="216.00" occupancy="8.25" speed="4.87" harmonicMeanSpeed="4.22" length="5.00" nVehEntered="8"/>
    <interval begin="17700.00" end="17800.00" id="inductionLoop.N2" nVehContrib="6" flow="216.00" occupancy="21.03" speed="7.48" harmonicMeanSpeed="1.43" length="5.00" nVehEntered="7"/>
    <interval begin="17800.00" end="17900.00" id="inductionLoop.N2" nVehContrib="7" flow="252.00" occupancy="3.68" speed="9.74" harmonicMeanSpeed="9.50" length="5.00" nVehEntered="7"/>
    <interval begin="17900.00" end="18000.00" id="inductionLoop.N2" nVehContrib="7" flow="252.00" occupancy="5.46" speed="10.08" harmonicMeanSpeed="9.29" length="5.00" nVehEntered="9"/>
    <interval begin="18000.00" end="18100.00" id="inductionLoop.N2" nVehContrib="6" flow="216.00" occupancy="5.21" speed="9.94" harmonicMeanSpeed="6.77" length="5.00" nVehEntered="7"/>
    <interval begin="18100.00" end="18200.00" id="inductionLoop.N2" nVehContrib="3" flow="108.00" occupancy="3.12" speed="9.02" harmonicMeanSpeed="8.06" length="5.00" nVehEntered="5"/>
    <interval begin="18200.00" end="18300.00" id="inductionLoop.N2" nVehContrib="5" flow="180.00" occupancy="7.99" speed="4.73" harmonicMeanSpeed="3.13" length="5.00" nVehEntered="5"/>
    <interval begin="18300.00" end="18400.00" id="inductionLoop.N2" nVehContrib="7" flow="252.00" occupancy="4.32" speed="9.87" harmonicMeanSpeed="8.11" length="5.00" nVehEntered="7"/>
    <interval begin="18400.00" end="18500.00" id="inductionLoop.N2" nVehContrib="7" flow="252.00" occupancy="3.42" speed="10.34" harmonicMeanSpeed="10.25" length="5.00" nVehEntered="7"/>
    <interval begin="18500.00" end="18600.00" id="inductionLoop.N2" nVehContrib="5" flow="180.00" occupancy="3.47" speed="9.75" harmonicMeanSpeed="9.03" length="5.00" nVehEntered="6"/>
    <interval begin="18600.00" end="18700.00" id="inductionLoop.N2" nVehContrib="6" flow="216.00" occupancy="3.33" speed="9.51" harmonicMeanSpeed="9.00" length="5.00" nVehEntered="6"/>
    <interval begin="18700.00" end="18800.00" id="inductionLoop.N2" nVehContrib="5" flow="180.00" occupancy="4.57" speed="8.76" harmonicMeanSpeed="7.01" length="5.00" nVehEntered="6"/>
    <interval begin="18800.00" end="18900.00" id="inductionLoop.N2" nVehContrib="7" flow="252.00" occupancy="4.56" speed="10.44" harmonicMeanSpeed="7.67" length="5.00" nVehEntered="7"/>
    <interval begin="18900.00" end="19000.00" id="inductionLoop.N2" nVehContrib="3" flow="108.00" occupancy="3.87" speed="7.54" harmonicMeanSpeed="4.90" length="5.00" nVehEntered="5"/>
    <interval begin="19000.00" end="19100.00" id="inductionLoop.N2" nVehContrib="6" flow="216.00" occupancy="5.25" speed="7.90" harmonicMeanSpeed="5.72" length="5.00" nVehEntered="6"/>
    <interval begin="19100.00" end="19200.00" id="inductionLoop.N2" nVehContrib="6" flow="216.00" occupancy="3.03" speed="11.43" harmonicMeanSpeed="9.90" length="5.00" nVehEntered="6"/>
    <interval begin="19200.00" end="19300.00" id="inductionLoop.N2" nVehContrib="4" flow="144.00" occupancy="3.83" speed="6.40" harmonicMeanSpeed="5.22" length="5.00" nVehEntered="4"/>
    <interval begin="19300.00" end="19400.00" id="inductionLoop.N2" nVehContrib="1" flow="36.00" occupancy="77.01" speed="2.16" harmonicMeanSpeed="2.16" length="5.00" nVehEntered="3"/>
    <interval begin="19400.00" end="19500.00" id="inductionLoop.N2" nVehContrib="8" flow="288.00" occupancy="50.97" speed="2.36" harmonicMeanSpeed="0.32" length="5.00" nVehEntered="7"/>
    <interval begin="19500.00" end="19600.00" id="inductionLoop.N2" nVehContrib="6" flow="216.00" occupancy="9.26" speed="4.72" harmonicMeanSpeed="3.24" length="5.00" nVehEntered="6"/>
    <interval begin="19600.00" end="19700.00" id="inductionLoop.N2" nVehContrib="6" flow="216.00" occupancy="25.01" speed="9.11" harmonicMeanSpeed="6.34" length="5.00" nVehEntered="7"/>
    <interval begin="19700.00" end="19800.00" id="inductionLoop.N2" nVehContrib="7" flow="252.00" occupancy="40.35" speed="4.88" harmonicMeanSpeed="0.59" length="5.00" nVehEntered="8"/>
    <interval begin="19800.00" end="19900.00" id="inductionLoop.N2" nVehContrib="4" flow="144.00" occupancy="8.33" speed="3.31" harmonicMeanSpeed="2.62" length="5.00" nVehEntered="5"/>
    <interval begin="19900.00" end="20000.00" id="inductionLoop.N2" nVehContrib="10" flow="360.00" occupancy="14.83" speed="4.73" harmonicMeanSpeed="3.37" length="5.00" nVehEntered="10"/>
    <interval begin="20000.00" end="20100.00" id="inductionLoop.N2" nVehContrib="3" flow="108.00" occupancy="40.32" speed="4.32" harmonicMeanSpeed="3.17" length="5.00" nVehEntered="6"/>
    <interval begin="20100.00" end="20200.00" id="inductionLoop.N2" nVehContrib="9" flow="324.00" occupancy="31.09" speed="3.78" harmonicMeanSpeed="0.72" length="5.00" nVehEntered="9"/>
    <interval begin="20200.00" end="20300.00" id="inductionLoop.N2" nVehContrib="11" flow="396.00" occupancy="75.58" speed="5.39" harmonicMeanSpeed="0.70" length="5.00" nVehEntered="10"/>
    <interval begin="20300.00" end="20400.00" id="inductionLoop.N2" nVehContrib="6" flow="216.00" occupancy="6.82" speed="6.04" harmonicMeanSpeed="4.48" length="5.00" nVehEntered="7"/>
    <interval begin="20400.00" end="20500.00" id="inductionLoop.N2" nVehContrib="7" flow="252.00" occupancy="12.84" speed="3.40" harmonicMeanSpeed="2.79" length="5.00" nVehEntered="8"/>
    <interval begin="20500.00" end="20600.00" id="inductionLoop.N2" nVehContrib="7" flow="252.00" occupancy="11.38" speed="4.48" harmonicMeanSpeed="3.00" length="5.00" nVehEntered="6"/>
    <interval begin="20600.00" end="20700.00" id="inductionLoop.N2" nVehContrib="10" flow="360.00" occupancy="16.23" speed="4.55" harmonicMeanSpeed="3.08" length="5.00" nVehEntered="10"/>
    <interval begin="20700.00" end="20800.00" id="inductionLoop.N2" nVehContrib="7" flow="252.00" occupancy="61.39" speed="5.80" harmonicMeanSpeed="0.98" length="5.00" nVehEntered="8"/>
    <interval begin="20800.00" end="20900.00" id="inductionLoop.N2" nVehContrib="11" flow="396.00" occupancy="26.02" speed="5.03" harmonicMeanSpeed="1.15" length="5.00" nVehEntered="11"/>
    <interval begin="20900.00" end="21000.00" id="inductionLoop.N2" nVehContrib="7" flow="252.00" occupancy="38.14" speed="3.08" harmonicMeanSpeed="0.83" length="5.00" nVehEntered="6"/>
    <interval begin="21000.00" end="21100.00" id="inductionLoop.N2" nVehContrib="12" flow="432.00" occupancy="18.32" speed="4.72" harmonicMeanSpeed="3.28" length="5.00" nVehEntered="12"/>
    <interval begin="21100.00" end="21200.00" id="inductionLoop.N2" nVehContrib="6" flow="216.00" occupancy="54.00" speed="5.37" harmonicMeanSpeed="0.56" length="5.00" nVehEntered="6"/>
    <interval begin="21200.00" end="21300.00" id="inductionLoop.N2" nVehContrib="6" flow="216.00" occupancy="24.90" speed="4.52" harmonicMeanSpeed="1.20" length="5.00" nVehEntered="6"/>
    <interval begin="21300.00" end="21400.00" id="inductionLoop.N2" nVehContrib="8" flow="288.00" occupancy="50.21" speed="3.91" harmonicMeanSpeed="0.81" length="5.00" nVehEntered="9"/>
    <interval begin="21400.00" end="21500.00" id="inductionLoop.N2" nVehContrib="11" flow="396.00" occupancy="16.49" speed="5.29" harmonicMeanSpeed="3.21" length="5.00" nVehEntered="10"/>
    <interval begin="21500.00" end="21600.00" id="inductionLoop.N2" nVehContrib="12" flow="432.00" occupancy="47.26" speed="5.24" harmonicMeanSpeed="1.27" length="5.00" nVehEntered="12"/>
    <interval begin="21600.00" end="21700.00" id="inductionLoop.N2" nVehContrib="3" flow="108.00" occupancy="33.19" speed="1.49" harmonicMeanSpeed="0.45" length="5.00" nVehEntered="3"/>
    <interval begin="21700.00" end="21800.00" id="inductionLoop.N2" nVehContrib="13" flow="468.00" occupancy="37.86" speed="6.13" harmonicMeanSpeed="4.61" length="5.00" nVehEntered="14"/>
    <interval begin="21800.00" end="21900.00" id="inductionLoop.N2" nVehContrib="6" flow="216.00" occupancy="37.81" speed="3.22" harmonicMeanSpeed="0.49" length="5.00" nVehEntered="5"/>
    <interval begin="21900.00" end="22000.00" id="inductionLoop.N2" nVehContrib="14" flow="504.00" occupancy="13.75" speed="6.91" harmonicMeanSpeed="5.16" length="5.00" nVehEntered="15"/>
    <interval begin="22000.00" end="22100.00" id="inductionLoop.N2" nVehContrib="10" flow="360.00" occupancy="62.04" speed="5.42" harmonicMeanSpeed="0.80" length="5.00" nVehEntered="9"/>
    <interval begin="22100.00" end="22200.00" id="inductionLoop.N2" nVehContrib="7" flow="252.00" occupancy="11.27" speed="4.39" harmonicMeanSpeed="3.11" length="5.00" nVehEntered="7"/>
    <interval begin="22200.00" end="22300.00" id="inductionLoop.N2" nVehContrib="8" flow="288.00" occupancy="58.81" speed="4.12" harmonicMeanSpeed="3.14" length="5.00" nVehEntered="9"/>
    <interval begin="22300.00" end="22400.00" id="inductionLoop.N2" nVehContrib="10" flow="360.00" occupancy="41.91" speed="5.28" harmonicMeanSpeed="0.81" length="5.00" nVehEntered="10"/>
    <interval begin="22400.00" end="22500.00" id="inductionLoop.N2" nVehContrib="7" flow="252.00" occupancy="26.26" speed="5.07" harmonicMeanSpeed="0.66" length="5.00" nVehEntered="6"/>
    <interval begin="22500.00" end="22600.00" id="inductionLoop.N2" nVehContrib="10" flow="360.00" occupancy="79.54" speed="4.07" harmonicMeanSpeed="0.64" length="5.00" nVehEntered="11"/>
    <interval begin="22600.00" end="22700.00" id="inductionLoop.N2" nVehContrib="9" flow="324.00" occupancy="35.61" speed="4.05" harmonicMeanSpeed="1.21" length="5.00" nVehEntered="8"/>
    <interval begin="22700.00" end="22800.00" id="inductionLoop.N2" nVehContrib="14" flow="504.00" occupancy="18.32" speed="5.05" harmonicMeanSpeed="3.82" length="5.00" nVehEntered="14"/>
    <interval begin="22800.00" end="22900.00" id="inductionLoop.N2" nVehContrib="15" flow="540.00" occupancy="64.54" speed="5.42" harmonicMeanSpeed="1.16" length="5.00" nVehEntered="15"/>
    <interval begin="22900.00" end="23000.00" id="inductionLoop.N2" nVehContrib="11" flow="396.00" occupancy="21.46" speed="7.74" harmonicMeanSpeed="5.12" length="5.00" nVehEntered="12"/>
    <interval begin="23000.00" end="23100.00" id="inductionLoop.N2" nVehContrib="8" flow="288.00" occupancy="82.13" speed="6.24" harmonicMeanSpeed="0.65" length="5.00" nVehEntered="8"/>
    <interval begin="23100.00" end="23200.00" id="inductionLoop.N2" nVehContrib="11" flow="396.00" occupancy="20.43" speed="4.06" harmonicMeanSpeed="1.07" length="5.00" nVehEntered="10"/>
    <interval begin="23200.00" end="23300.00" id="inductionLoop.N2" nVehContrib="8" flow="288.00" occupancy="9.68" speed="6.27" harmonicMeanSpeed="4.13" length="5.00" nVehEntered="8"/>
    <interval begin="23300.00" end="23400.00" id="inductionLoop.N2" nVehContrib="8" flow="288.00" occupancy="31.63" speed="5.26" harmonicMeanSpeed="1.26" length="5.00" nVehEntered="8"/>
    <interval begin="23400.00" end="23500.00" id="inductionLoop.N2" nVehContrib="8" flow="288.00" occupancy="12.58" speed="4.22" harmonicMeanSpeed="3.18" length="5.00" nVehEntered="8"/>
    <interval begin="23500.00" end="23600.00" id="inductionLoop.N2" nVehContrib="18" flow="648.00" occupancy="58.52" speed="5.52" harmonicMeanSpeed="1.54" length="5.00" nVehEntered="18"/>
    <interval begin="23600.00" end="23700.00" id="inductionLoop.N2" nVehContrib="14" flow="504.00" occupancy="68.74" speed="5.28" harmonicMeanSpeed="1.17" length="5.00" nVehEntered="15"/>
    <interval begin="23700.00" end="23800.00" id="inductionLoop.N2" nVehContrib="10" flow="360.00" occupancy="21.32" speed="4.16" harmonicMeanSpeed="1.66" length="5.00" nVehEntered="9"/>
    <interval begin="23800.00" end="23900.00" id="inductionLoop.N2" nVehContrib="14" flow="504.00" occupancy="63.50" speed="6.16" harmonicMeanSpeed="1.10" length="5.00" nVehEntered="14"/>
    <interval begin="23900.00" end="24000.00" id="inductionLoop.N2" nVehContrib="9" flow="324.00" occupancy="13.08" speed="5.43" harmonicMeanSpeed="3.44" length="5.00" nVehEntered="9"/>
    <interval begin="24000.00" end="24100.00" id="inductionLoop.N2" nVehContrib="10" flow="360.00" occupancy="14.68" speed="5.34" harmonicMeanSpeed="3.42" length="5.00" nVehEntered="11"/>
    <interval begin="24100.00" end="24200.00" id="inductionLoop.N2" nVehContrib="13" flow="468.00" occupancy="29.40" speed="5.55" harmonicMeanSpeed="2.89" length="5.00" nVehEntered="13"/>
    <interval begin="24200.00" end="24300.00" id="inductionLoop.N2" nVehContrib="13" flow="468.00" occupancy="52.55" speed="5.37" harmonicMeanSpeed="1.09" length="5.00" nVehEntered="12"/>
    <interval begin="24300.00" end="24400.00" id="inductionLoop.N2" nVehContrib="7" flow="252.00" occupancy="45.33" speed="5.91" harmonicMeanSpeed="0.77" length="5.00" nVehEntered="7"/>
    <interval begin="24400.00" end="24500.00" id="inductionLoop.N2" nVehContrib="17" flow="612.00" occupancy="21.60" speed="6.05" harmonicMeanSpeed="3.93" length="5.00" nVehEntered="17"/>
    <interval begin="24500.00" end="24600.00" id="inductionLoop.N2" nVehContrib="15" flow="540.00" occupancy="40.58" speed="6.10" harmonicMeanSpeed="1.85" length="5.00" nVehEntered="15"/>
    <interval begin="24600.00" end="24700.00" id="inductionLoop.N2" nVehContrib="9" flow="324.00" occupancy="11.87" speed="4.89" harmonicMeanSpeed="3.97" length="5.00" nVehEntered="10"/>
    <interval begin="24700.00" end="24800.00" id="inductionLoop.N2" nVehContrib="10" flow="360.00" occupancy="13.08" speed="5.50" harmonicMeanSpeed="3.68" length="5.00" nVehEntered="9"/>
    <interval begin="24800.00" end="24900.00" id="inductionLoop.N2" nVehContrib="11" flow="396.00" occupancy="14.59" speed="5.14" harmonicMeanSpeed="3.77" length="5.00" nVehEntered="11"/>
    <interval begin="24900.00" end="25000.00" id="inductionLoop.N2" nVehContrib="20" flow="720.00" occupancy="45.88" speed="5.87" harmonicMeanSpeed="2.18" length="5.00" nVehEntered="20"/>
    <interval begin="25000.00" end="25100.00" id="inductionLoop.N2" nVehContrib="15" flow="540.00" occupancy="60.44" speed="5.25" harmonicMeanSpeed="1.24" length="5.00" nVehEntered="15"/>
    <interval begin="25100.00" end="25200.00" id="inductionLoop.N2" nVehContrib="15" flow="540.00" occupancy="17.54" speed="6.06" harmonicMeanSpeed="4.28" length="5.00" nVehEntered="15"/>
    <interval begin="25200.00" end="25300.00" id="inductionLoop.N2" nVehContrib="11" flow="396.00" occupancy="47.46" speed="6.32" harmonicMeanSpeed="4.48" length="5.00" nVehEntered="12"/>
    <interval begin="25300.00" end="25400.00" id="inductionLoop.N2" nVehContrib="19" flow="684.00" occupancy="61.81" speed="7.43" harmonicMeanSpeed="1.42" length="5.00" nVehEntered="19"/>
    <interval begin="25400.00" end="25500.00" id="inductionLoop.N2" nVehContrib="14" flow="504.00" occupancy="62.11" speed="5.42" harmonicMeanSpeed="1.36" length="5.00" nVehEntered="14"/>
    <interval begin="25500.00" end="25600.00" id="inductionLoop.N2" nVehContrib="13" flow="468.00" occupancy="37.37" speed="7.32" harmonicMeanSpeed="0.84" length="5.00" nVehEntered="12"/>
    <interval begin="25600.00" end="25700.00" id="inductionLoop.N2" nVehContrib="18" flow="648.00" occupancy="36.67" speed="10.07" harmonicMeanSpeed="8.65" length="5.00" nVehEntered="19"/>
    <interval begin="25700.00" end="25800.00" id="inductionLoop.N2" nVehContrib="12" flow="432.00" occupancy="35.37" speed="7.35" harmonicMeanSpeed="0.97" length="5.00" nVehEntered="11"/>
    <interval begin="25800.00" end="25900.00" id="inductionLoop.N2" nVehContrib="14" flow="504.00" occupancy="38.87" speed="6.91" harmonicMeanSpeed="3.53" length="5.00" nVehEntered="15"/>
    <interval begin="25900.00" end="26000.00" id="inductionLoop.N2" nVehContrib="9" flow="324.00" occupancy="29.43" speed="3.09" harmonicMeanSpeed="0.93" length="5.00" nVehEntered="8"/>
    <interval begin="26000.00" end="26100.00" id="inductionLoop.N2" nVehContrib="9" flow="324.00" occupancy="72.98" speed="4.39" harmonicMeanSpeed="0.64" length="5.00" nVehEntered="10"/>
    <interval begin="26100.00" end="26200.00" id="inductionLoop.N2" nVehContrib="16" flow="576.00" occupancy="68.97" speed="5.60" harmonicMeanSpeed="1.12" length="5.00" nVehEntered="15"/>
    <interval begin="26200.00" end="26300.00" id="inductionLoop.N2" nVehContrib="15" flow="540.00" occupancy="64.25" speed="6.39" harmonicMeanSpeed="1.17" length="5.00" nVehEntered="15"/>
    <interval begin="26300.00" end="26400.00" id="inductionLoop.N2" nVehContrib="2" flow="72.00" occupancy="5.28" speed="4.19" harmonicMeanSpeed="1.89" length="5.00" nVehEntered="2"/>
    <interval begin="26400.00" end="26500.00" id="inductionLoop.N2" nVehContrib="11" flow="396.00" occupancy="49.75" speed="6.15" harmonicMeanSpeed="4.44" length="5.00" nVehEntered="12"/>
    <interval begin="26500.00" end="26600.00" id="inductionLoop.N2" nVehContrib="12" flow="432.00" occupancy="79.44" speed="4.59" harmonicMeanSpeed="0.51" length="5.00" nVehEntered="11"/>
    <interval begin="26600.00" end="26700.00" id="inductionLoop.N2" nVehContrib="7" flow="252.00" occupancy="10.25" speed="4.53" harmonicMeanSpeed="3.42" length="5.00" nVehEntered="8"/>
    <interval begin="26700.00" end="26800.00" id="inductionLoop.N2" nVehContrib="8" flow="288.00" occupancy="70.93" speed="5.00" harmonicMeanSpeed="1.39" length="5.00" nVehEntered="8"/>
    <interval begin="26800.00" end="26900.00" id="inductionLoop.N2" nVehContrib="7" flow="252.00" occupancy="25.66" speed="4.83" harmonicMeanSpeed="0.52" length="5.00" nVehEntered="6"/>
    <interval begin="26900.00" end="27000.00" id="inductionLoop.N2" nVehContrib="12" flow="432.00" occupancy="13.88" speed="5.73" harmonicMeanSpeed="4.32" length="5.00" nVehEntered="12"/>
    <interval begin="27000.00" end="27100.00" id="inductionLoop.N2" nVehContrib="14" flow="504.00" occupancy="64.17" speed="7.80" harmonicMeanSpeed="1.09" length="5.00" nVehEntered="14"/>
    <interval begin="27100.00" end="27200.00" id="inductionLoop.N2" nVehContrib="11" flow="396.00" occupancy="70.37" speed="5.81" harmonicMeanSpeed="0.78" length="5.00" nVehEntered="11"/>
    <interval begin="27200.00" end="27300.00" id="inductionLoop.N2" nVehContrib="15" flow="540.00" occupancy="30.02" speed="6.90" harmonicMeanSpeed="5.08" length="5.00" nVehEntered="16"/>
    <interval begin="27300.00" end="27400.00" id="inductionLoop.N2" nVehContrib="12" flow="432.00" occupancy="48.58" speed="7.17" harmonicMeanSpeed="0.94" length="5.00" nVehEntered="11"/>
    <interval begin="27400.00" end="27500.00" id="inductionLoop.N2" nVehContrib="10" flow="360.00" occupancy="42.26" speed="6.12" harmonicMeanSpeed="4.29" length="5.00" nVehEntered="11"/>
    <interval begin="27500.00" end="27600.00" id="inductionLoop.N2" nVehContrib="12" flow="432.00" occupancy="24.67" speed="5.07" harmonicMeanSpeed="1.09" length="5.00" nVehEntered="11"/>
    <interval begin="27600.00" end="27700.00" id="inductionLoop.N2" nVehContrib="10" flow="360.00" occupancy="57.15" speed="4.58" harmonicMeanSpeed="0.87" length="5.00" nVehEntered="10"/>
    <interval begin="27700.00" end="27800.00" id="inductionLoop.N2" nVehContrib="8" flow="288.00" occupancy="17.43" speed="6.38" harmonicMeanSpeed="2.29" length="5.00" nVehEntered="8"/>
    <interval begin="27800.00" end="27900.00" id="inductionLoop.N2" nVehContrib="14" flow="504.00" occupancy="14.94" speed="7.17" harmonicMeanSpeed="4.68" length="5.00" nVehEntered="14"/>
    <interval begin="27900.00" end="28000.00" id="inductionLoop.N2" nVehContrib="9" flow="324.00" occupancy="65.22" speed="8.47" harmonicMeanSpeed="7.16" length="5.00" nVehEntered="10"/>
    <interval begin="28000.00" end="28100.00" id="inductionLoop.N2" nVehContrib="5" flow="180.00" occupancy="66.93" speed="2.83" harmonicMeanSpeed="0.20" length="5.00" nVehEntered="4"/>
    <interval begin="28100.00" end="28200.00" id="inductionLoop.N2" nVehContrib="13" flow="468.00" occupancy="39.18" speed="5.86" harmonicMeanSpeed="1.66" length="5.00" nVehEntered="13"/>
    <interval begin="28200.00" end="28300.00" id="inductionLoop.N2" nVehContrib="7" flow="252.00" occupancy="13.86" speed="5.76" harmonicMeanSpeed="2.52" length="5.00" nVehEntered="7"/>
    <interval begin="28300.00" end="28400.00" id="inductionLoop.N2" nVehContrib="8" flow="288.00" occupancy="74.04" speed="4.73" harmonicMeanSpeed="0.54" length="5.00" nVehEntered="8"/>
    <interval begin="28400.00" end="28500.00" id="inductionLoop.N2" nVehContrib="8" flow="288.00" occupancy="65.29" speed="5.93" harmonicMeanSpeed="4.17" length="5.00" nVehEntered="9"/>
    <interval begin="28500.00" end="28600.00" id="inductionLoop.N2" nVehContrib="11" flow="396.00" occupancy="35.64" speed="4.26" harmonicMeanSpeed="0.60" length="5.00" nVehEntered="10"/>
    <interval begin="28600.00" end="28700.00" id="inductionLoop.N2" nVehContrib="6" flow="216.00" occupancy="6.98" speed="7.01" harmonicMeanSpeed="4.71" length="5.00" nVehEntered="7"/>
    <interval begin="28700.00" end="28800.00" id="inductionLoop.N2" nVehContrib="5" flow="180.00" occupancy="23.23" speed="7.41" harmonicMeanSpeed="1.11" length="5.00" nVehEntered="7"/>
    <interval begin="28800.00" end="28900.00" id="inductionLoop.N2" nVehContrib="9" flow="324.00" occupancy="11.92" speed="7.76" harmonicMeanSpeed="3.78" length="5.00" nVehEntered="9"/>
    <interval begin="28900.00" end="29000.00" id="inductionLoop.N2" nVehContrib="10" flow="360.00" occupancy="6.69" speed="8.67" harmonicMeanSpeed="7.47" length="5.00" nVehEntered="10"/>
    <interval begin="29000.00" end="29100.00" id="inductionLoop.N2" nVehContrib="7" flow="252.00" occupancy="7.50" speed="5.38" harmonicMeanSpeed="4.67" length="5.00" nVehEntered="7"/>
    <interval begin="29100.00" end="29200.00" id="inductionLoop.N2" nVehContrib="13" flow="468.00" occupancy="7.58" speed="10.06" harmonicMeanSpeed="8.58" length="5.00" nVehEntered="13"/>
    <interval begin="29200.00" end="29300.00" id="inductionLoop.N2" nVehContrib="9" flow="324.00" occupancy="34.17" speed="5.36" harmonicMeanSpeed="1.32" length="5.00" nVehEntered="9"/>
    <interval begin="29300.00" end="29400.00" id="inductionLoop.N2" nVehContrib="6" flow="216.00" occupancy="11.84" speed="3.23" harmonicMeanSpeed="2.53" length="5.00" nVehEntered="6"/>
    <interval begin="29400.00" end="29500.00" id="inductionLoop.N2" nVehContrib="7" flow="252.00" occupancy="30.44" speed="5.41" harmonicMeanSpeed="1.19" length="5.00" nVehEntered="8"/>
    <interval begin="29500.00" end="29600.00" id="inductionLoop.N2" nVehContrib="12" flow="432.00" occupancy="53.83" speed="4.88" harmonicMeanSpeed="1.11" length="5.00" nVehEntered="12"/>
    <interval begin="29600.00" end="29700.00" id="inductionLoop.N2" nVehContrib="9" flow="324.00" occupancy="36.52" speed="5.09" harmonicMeanSpeed="1.31" length="5.00" nVehEntered="10"/>
    <interval begin="29700.00" end="29800.00" id="inductionLoop.N2" nVehContrib="3" flow="108.00" occupancy="7.68" speed="3.12" harmonicMeanSpeed="2.25" length="5.00" nVehEntered="4"/>
    <interval begin="29800.00" end="29900.00" id="inductionLoop.N2" nVehContrib="10" flow="360.00" occupancy="5.48" speed="8.60" harmonicMeanSpeed="7.69" length="5.00" nVehEntered="9"/>
    <interval begin="29900.00" end="30000.00" id="inductionLoop.N2" nVehContrib="9" flow="324.00" occupancy="16.94" speed="8.41" harmonicMeanSpeed="2.66" length="5.00" nVehEntered="9"/>
    <interval begin="30000.00" end="30100.00" id="inductionLoop.N2" nVehContrib="7" flow="252.00" occupancy="17.31" speed="7.53" harmonicMeanSpeed="2.17" length="5.00" nVehEntered="9"/>
    <interval begin="30100.00" end="30200.00" id="inductionLoop.N2" nVehContrib="7" flow="252.00" occupancy="4.68" speed="9.61" harmonicMeanSpeed="6.41" length="5.00" nVehEntered="6"/>
    <interval begin="30200.00" end="30300.00" id="inductionLoop.N2" nVehContrib="3" flow="108.00" occupancy="1.19" speed="12.62" harmonicMeanSpeed="12.62" length="5.00" nVehEntered="3"/>
    <interval begin="30300.00" end="30400.00" id="inductionLoop.N2" nVehContrib="7" flow="252.00" occupancy="4.12" speed="10.10" harmonicMeanSpeed="8.75" length="5.00" nVehEntered="8"/>
    <interval begin="30400.00" end="30500.00" id="inductionLoop.N2" nVehContrib="6" flow="216.00" occupancy="15.10" speed="9.38" harmonicMeanSpeed="2.05" length="5.00" nVehEntered="7"/>
    <interval begin="30500.00" end="30600.00" id="inductionLoop.N2" nVehContrib="8" flow="288.00" occupancy="37.97" speed="7.89" harmonicMeanSpeed="1.25" length="5.00" nVehEntered="10"/>
    <interval begin="30600.00" end="30700.00" id="inductionLoop.N2" nVehContrib="2" flow="72.00" occupancy="29.48" speed="1.86" harmonicMeanSpeed="0.29" length="5.00" nVehEntered="1"/>
    <interval begin="30700.00" end="30800.00" id="inductionLoop.N2" nVehContrib="0" flow="0.00" occupancy="0.00" speed="-1.00" harmonicMeanSpeed="-1.00" length="-1.00" nVehEntered="0"/>
    <interval begin="30800.00" end="30900.00" id="inductionLoop.N2" nVehContrib="0" flow="0.00" occupancy="0.00" speed="-1.00" harmonicMeanSpeed="-1.00" length="-1.00" nVehEntered="0"/>
    <interval begin="30900.00" end="31000.00" id="inductionLoop.N2" nVehContrib="0" flow="0.00" occupancy="0.00" speed="-1.00" harmonicMeanSpeed="-1.00" length="-1.00" nVehEntered="0"/>
    <interval begin="31000.00" end="31100.00" id="inductionLoop.N2" nVehContrib="0" flow="0.00" occupancy="0.00" speed="-1.00" harmonicMeanSpeed="-1.00" length="-1.00" nVehEntered="0"/>
    <interval begin="31100.00" end="31200.00" id="inductionLoop.N2" nVehContrib="0" flow="0.00" occupancy="0.00" speed="-1.00" harmonicMeanSpeed="-1.00" length="-1.00" nVehEntered="0"/>
    <interval begin="31200.00" end="31300.00" id="inductionLoop.N2" nVehContrib="0" flow="0.00" occupancy="0.00" speed="-1.00" harmonicMeanSpeed="-1.00" length="-1.00" nVehEntered="0"/>
    <interval begin="31300.00" end="31400.00" id="inductionLoop.N2" nVehContrib="0" flow="0.00" occupancy="0.00" speed="-1.00" harmonicMeanSpeed="-1.00" length="-1.00" nVehEntered="0"/>
    <interval begin="31400.00" end="31500.00" id="inductionLoop.N2" nVehContrib="0" flow="0.00" occupancy="0.00" speed="-1.00" harmonicMeanSpeed="-1.00" length="-1.00" nVehEntered="0"/>
    <interval begin="31500.00" end="31600.00" id="inductionLoop.N2" nVehContrib="0" flow="0.00" occupancy="0.00" speed="-1.00" harmonicMeanSpeed="-1.00" length="-1.00" nVehEntered="0"/>
    <interval begin="31600.00" end="31700.00" id="inductionLoop.N2" nVehContrib="0" flow="0.00" occupancy="0.00" speed="-1.00" harmonicMeanSpeed="-1.00" length="-1.00" nVehEntered="0"/>
    <interval begin="31700.00" end="31800.00" id="inductionLoop.N2" nVehContrib="0" flow="0.00" occupancy="0.00" speed="-1.00" harmonicMeanSpeed="-1.00" length="-1.00" nVehEntered="0"/>
    <interval begin="31800.00" end="31900.00" id="inductionLoop.N2" nVehContrib="1" flow="36.00" occupancy="0.46" speed="10.89" harmonicMeanSpeed="10.89" length="5.00" nVehEntered="1"/>
    <interval begin="31900.00" end="32000.00" id="inductionLoop.N2" nVehContrib="6" flow="216.00" occupancy="2.85" speed="10.82" harmonicMeanSpeed="10.52" length="5.00" nVehEntered="6"/>
    <interval begin="32000.00" end="32100.00" id="inductionLoop.N2" nVehContrib="1" flow="36.00" occupancy="0.41" speed="12.17" harmonicMeanSpeed="12.17" length="5.00" nVehEntered="1"/>
    <interval begin="32100.00" end="32200.00" id="inductionLoop.N2" nVehContrib="4" flow="144.00" occupancy="1.58" speed="12.72" harmonicMeanSpeed="12.69" length="5.00" nVehEntered="4"/>
    <interval begin="32200.00" end="32300.00" id="inductionLoop.N2" nVehContrib="7" flow="252.00" occupancy="3.10" speed="11.37" harmonicMeanSpeed="11.28" length="5.00" nVehEntered="7"/>
    <interval begin="32300.00" end="32400.00" id="inductionLoop.N2" nVehContrib="6" flow="216.00" occupancy="2.60" speed="11.85" harmonicMeanSpeed="11.52" length="5.00" nVehEntered="6"/>
    <interval begin="32400.00" end="32500.00" id="inductionLoop.N2" nVehContrib="4" flow="144.00" occupancy="1.79" speed="11.49" harmonicMeanSpeed="11.20" length="5.00" nVehEntered="4"/>
    <interval begin="32500.00" end="32600.00" id="inductionLoop.N2" nVehContrib="2" flow="72.00" occupancy="0.71" speed="14.15" harmonicMeanSpeed="14.12" length="5.00" nVehEntered="2"/>
    <interval begin="32600.00" end="32700.00" id="inductionLoop.N2" nVehContrib="6" flow="216.00" occupancy="4.87" speed="9.11" harmonicMeanSpeed="6.71" length="5.00" nVehEntered="7"/>
    <interval begin="32700.00" end="32800.00" id="inductionLoop.N2" nVehContrib="6" flow="216.00" occupancy="3.11" speed="10.74" harmonicMeanSpeed="10.61" length="5.00" nVehEntered="7"/>
    <interval begin="32800.00" end="32900.00" id="inductionLoop.N2" nVehContrib="6" flow="216.00" occupancy="17.83" speed="8.88" harmonicMeanSpeed="8.56" length="5.00" nVehEntered="9"/>
    <interval begin="32900.00" end="33000.00" id="inductionLoop.N2" nVehContrib="9" flow="324.00" occupancy="37.95" speed="6.31" harmonicMeanSpeed="0.90" length="5.00" nVehEntered="9"/>
    <interval begin="33000.00" end="33100.00" id="inductionLoop.N2" nVehContrib="11" flow="396.00" occupancy="55.16" speed="5.06" harmonicMeanSpeed="1.01" length="5.00" nVehEntered="12"/>
    <interval begin="33100.00" end="33200.00" id="inductionLoop.N2" nVehContrib="8" flow="288.00" occupancy="15.23" speed="3.66" harmonicMeanSpeed="2.63" length="5.00" nVehEntered="8"/>
    <interval begin="33200.00" end="33300.00" id="inductionLoop.N2" nVehContrib="6" flow="216.00" occupancy="5.71" speed="7.66" harmonicMeanSpeed="5.74" length="5.00" nVehEntered="7"/>
    <interval begin="33300.00" end="33400.00" id="inductionLoop.N2" nVehContrib="7" flow="252.00" occupancy="10.59" speed="7.00" harmonicMeanSpeed="3.30" length="5.00" nVehEntered="7"/>
    <interval begin="33400.00" end="33500.00" id="inductionLoop.N2" nVehContrib="4" flow="144.00" occupancy="7.96" speed="3.38" harmonicMeanSpeed="2.51" length="5.00" nVehEntered="4"/>
    <interval begin="33500.00" end="33600.00" id="inductionLoop.N2" nVehContrib="5" flow="180.00" occupancy="9.45" speed="4.20" harmonicMeanSpeed="2.65" length="5.00" nVehEntered="5"/>
    <interval begin="33600.00" end="33700.00" id="inductionLoop.N2" nVehContrib="7" flow="252.00" occupancy="8.91" speed="5.11" harmonicMeanSpeed="3.93" length="5.00" nVehEntered="7"/>
    <interval begin="33700.00" end="33800.00" id="inductionLoop.N2" nVehContrib="0" flow="0.00" occupancy="0.00" speed="-1.00" harmonicMeanSpeed="-1.00" length="-1.00" nVehEntered="0"/>
    <interval begin="33800.00" end="33900.00" id="inductionLoop.N2" nVehContrib="0" flow="0.00" occupancy="0.00" speed="-1.00" harmonicMeanSpeed="-1.00" length="-1.00" nVehEntered="0"/>
    <interval begin="33900.00" end="34000.00" id="inductionLoop.N2" nVehContrib="0" flow="0.00" occupancy="0.00" speed="-1.00" harmonicMeanSpeed="-1.00" length="-1.00" nVehEntered="0"/>
    <interval begin="34000.00" end="34100.00" id="inductionLoop.N2" nVehContrib="0" flow="0.00" occupancy="0.00" speed="-1.00" harmonicMeanSpeed="-1.00" length="-1.00" nVehEntered="0"/>
    <interval begin="34100.00" end="34200.00" id="inductionLoop.N2" nVehContrib="0" flow="0.00" occupancy="0.00" speed="-1.00" harmonicMeanSpeed="-1.00" length="-1.00" nVehEntered="0"/>
    <interval begin="34200.00" end="34300.00" id="inductionLoop.N2" nVehContrib="2" flow="72.00" occupancy="0.76" speed="13.12" harmonicMeanSpeed="13.12" length="5.00" nVehEntered="2"/>
    <interval begin="34300.00" end="34400.00" id="inductionLoop.N2" nVehContrib="4" flow="144.00" occupancy="1.96" speed="10.48" harmonicMeanSpeed="10.20" length="5.00" nVehEntered="4"/>
    <interval begin="34400.00" end="34500.00" id="inductionLoop.N2" nVehContrib="3" flow="108.00" occupancy="1.49" speed="10.28" harmonicMeanSpeed="10.07" length="5.00" nVehEntered="3"/>
    <interval begin="34500.00" end="34600.00" id="inductionLoop.N2" nVehContrib="6" flow="216.00" occupancy="3.39" speed="11.85" harmonicMeanSpeed="11.49" length="5.00" nVehEntered="8"/>
    <interval begin="34600.00" end="34700.00" id="inductionLoop.N2" nVehContrib="7" flow="252.00" occupancy="46.35" speed="5.19" harmonicMeanSpeed="3.09" length="5.00" nVehEntered="9"/>
    <interval begin="34700.00" end="34800.00" id="inductionLoop.N2" nVehContrib="9" flow="324.00" occupancy="60.30" speed="3.32" harmonicMeanSpeed="0.48" length="5.00" nVehEntered="8"/>
    <interval begin="34800.00" end="34900.00" id="inductionLoop.N2" nVehContrib="11" flow="396.00" occupancy="73.49" speed="3.99" harmonicMeanSpeed="0.75" length="5.00" nVehEntered="11"/>
    <interval begin="34900.00" end="35000.00" id="inductionLoop.N2" nVehContrib="12" flow="432.00" occupancy="55.67" speed="5.48" harmonicMeanSpeed="1.08" length="5.00" nVehEntered="12"/>
    <interval begin="35000.00" end="35100.00" id="inductionLoop.N2" nVehContrib="14" flow="504.00" occupancy="59.53" speed="6.66" harmonicMeanSpeed="1.18" length="5.00" nVehEntered="14"/>
    <interval begin="35100.00" end="35200.00" id="inductionLoop.N2" nVehContrib="8" flow="288.00" occupancy="14.21" speed="5.95" harmonicMeanSpeed="2.82" length="5.00" nVehEntered="8"/>
    <interval begin="35200.00" end="35300.00" id="inductionLoop.N2" nVehContrib="9" flow="324.00" occupancy="19.10" speed="6.55" harmonicMeanSpeed="2.36" length="5.00" nVehEntered="9"/>
    <interval begin="35300.00" end="35400.00" id="inductionLoop.N2" nVehContrib="13" flow="468.00" occupancy="26.11" speed="5.42" harmonicMeanSpeed="2.49" length="5.00" nVehEntered="13"/>
    <interval begin="35400.00" end="35500.00" id="inductionLoop.N2" nVehContrib="10" flow="360.00" occupancy="15.64" speed="4.81" harmonicMeanSpeed="3.20" length="5.00" nVehEntered="10"/>
    <interval begin="35500.00" end="35600.00" id="inductionLoop.N2" nVehContrib="12" flow="432.00" occupancy="69.60" speed="4.88" harmonicMeanSpeed="0.86" length="5.00" nVehEntered="12"/>
    <interval begin="35600.00" end="35700.00" id="inductionLoop.N2" nVehContrib="12" flow="432.00" occupancy="79.27" speed="6.28" harmonicMeanSpeed="1.20" length="5.00" nVehEntered="13"/>
    <interval begin="35700.00" end="35800.00" id="inductionLoop.N2" nVehContrib="14" flow="504.00" occupancy="44.52" speed="4.84" harmonicMeanSpeed="0.95" length="5.00" nVehEntered="14"/>
    <interval begin="35800.00" end="35900.00" id="inductionLoop.N2" nVehContrib="5" flow="180.00" occupancy="8.34" speed="4.87" harmonicMeanSpeed="3.00" length="5.00" nVehEntered="5"/>
    <interval begin="35900.00" end="36000.00" id="inductionLoop.N2" nVehContrib="11" flow="396.00" occupancy="34.98" speed="4.32" harmonicMeanSpeed="2.44" length="5.00" nVehEntered="12"/>
    <interval begin="36000.00" end="36100.00" id="inductionLoop.N2" nVehContrib="6" flow="216.00" occupancy="65.56" speed="3.66" harmonicMeanSpeed="0.38" length="5.00" nVehEntered="5"/>
    <interval begin="36100.00" end="36200.00" id="inductionLoop.N2" nVehContrib="2" flow="72.00" occupancy="2.66" speed="3.94" harmonicMeanSpeed="3.77" length="5.00" nVehEntered="2"/>
    <interval begin="36200.00" end="36300.00" id="inductionLoop.N2" nVehContrib="22" flow="792.00" occupancy="62.96" speed="6.56" harmonicMeanSpeed="1.76" length="5.00" nVehEntered="23"/>
    <interval begin="36300.00" end="36400.00" id="inductionLoop.N2" nVehContrib="13" flow="468.00" occupancy="67.70" speed="6.28" harmonicMeanSpeed="0.99" length="5.00" nVehEntered="13"/>
    <interval begin="36400.00" end="36500.00" id="inductionLoop.N2" nVehContrib="20" flow="720.00" occupancy="43.57" speed="6.57" harmonicMeanSpeed="2.17" length="5.00" nVehEntered="19"/>
    <interval begin="36500.00" end="36600.00" id="inductionLoop.N2" nVehContrib="7" flow="252.00" occupancy="10.28" speed="5.06" harmonicMeanSpeed="3.41" length="5.00" nVehEntered="7"/>
    <interval begin="36600.00" end="36700.00" id="inductionLoop.N2" nVehContrib="11" flow="396.00" occupancy="40.70" speed="5.96" harmonicMeanSpeed="4.86" length="5.00" nVehEntered="12"/>
    <interval begin="36700.00" end="36800.00" id="inductionLoop.N2" nVehContrib="10" flow="360.00" occupancy="38.69" speed="4.55" harmonicMeanSpeed="0.73" length="5.00" nVehEntered="9"/>
    <interval begin="36800.00" end="36900.00" id="inductionLoop.N2" nVehContrib="13" flow="468.00" occupancy="54.61" speed="6.02" harmonicMeanSpeed="5.04" length="5.00" nVehEntered="14"/>
    <interval begin="36900.00" end="37000.00" id="inductionLoop.N2" nVehContrib="15" flow="540.00" occupancy="70.87" speed="4.57" harmonicMeanSpeed="1.18" length="5.00" nVehEntered="15"/>
    <interval begin="37000.00" end="37100.00" id="inductionLoop.N2" nVehContrib="12" flow="432.00" occupancy="16.61" speed="5.39" harmonicMeanSpeed="0.92" length="5.00" nVehEntered="12"/>
    <interval begin="37100.00" end="37200.00" id="inductionLoop.N2" nVehContrib="14" flow="504.00" occupancy="22.09" speed="6.84" harmonicMeanSpeed="5.53" length="5.00" nVehEntered="14"/>
    <interval begin="37200.00" end="37300.00" id="inductionLoop.N2" nVehContrib="6" flow="216.00" occupancy="83.48" speed="3.31" harmonicMeanSpeed="0.74" length="5.00" nVehEntered="6"/>
    <interval begin="37300.00" end="37400.00" id="inductionLoop.N2" nVehContrib="7" flow="252.00" occupancy="25.18" speed="4.69" harmonicMeanSpeed="0.45" length="5.00" nVehEntered="6"/>
    <interval begin="37400.00" end="37500.00" id="inductionLoop.N2" nVehContrib="14" flow="504.00" occupancy="21.18" speed="4.37" harmonicMeanSpeed="3.30" length="5.00" nVehEntered="14"/>
    <interval begin="37500.00" end="37600.00" id="inductionLoop.N2" nVehContrib="14" flow="504.00" occupancy="60.33" speed="5.26" harmonicMeanSpeed="1.17" length="5.00" nVehEntered="15"/>
    <interval begin="37600.00" end="37700.00" id="inductionLoop.N2" nVehContrib="13" flow="468.00" occupancy="25.26" speed="4.78" harmonicMeanSpeed="2.53" length="5.00" nVehEntered="12"/>
    <interval begin="37700.00" end="37800.00" id="inductionLoop.N2" nVehContrib="9" flow="324.00" occupancy="28.14" speed="4.99" harmonicMeanSpeed="2.56" length="5.00" nVehEntered="10"/>
    <interval begin="37800.00" end="37900.00" id="inductionLoop.N2" nVehContrib="14" flow="504.00" occupancy="61.28" speed="8.15" harmonicMeanSpeed="1.38" length="5.00" nVehEntered="14"/>
    <interval begin="37900.00" end="38000.00" id="inductionLoop.N2" nVehContrib="9" flow="324.00" occupancy="40.80" speed="5.75" harmonicMeanSpeed="0.73" length="5.00" nVehEntered="8"/>
    <interval begin="38000.00" end="38100.00" id="inductionLoop.N2" nVehContrib="15" flow="540.00" occupancy="29.66" speed="7.35" harmonicMeanSpeed="2.53" length="5.00" nVehEntered="15"/>
    <interval begin="38100.00" end="38200.00" id="inductionLoop.N2" nVehContrib="10" flow="360.00" occupancy="47.94" speed="6.39" harmonicMeanSpeed="1.06" length="5.00" nVehEntered="11"/>
    <interval begin="38200.00" end="38300.00" id="inductionLoop.N2" nVehContrib="7" flow="252.00" occupancy="55.31" speed="4.89" harmonicMeanSpeed="0.62" length="5.00" nVehEntered="6"/>
    <interval begin="38300.00" end="38400.00" id="inductionLoop.N2" nVehContrib="7" flow="252.00" occupancy="87.57" speed="6.46" harmonicMeanSpeed="5.48" length="5.00" nVehEntered="8"/>
    <interval begin="38400.00" end="38500.00" id="inductionLoop.N2" nVehContrib="16" flow="576.00" occupancy="23.19" speed="6.09" harmonicMeanSpeed="0.77" length="5.00" nVehEntered="15"/>
    <interval begin="38500.00" end="38600.00" id="inductionLoop.N2" nVehContrib="15" flow="540.00" occupancy="50.10" speed="7.17" harmonicMeanSpeed="5.40" length="5.00" nVehEntered="16"/>
    <interval begin="38600.00" end="38700.00" id="inductionLoop.N2" nVehContrib="14" flow="504.00" occupancy="51.98" speed="5.81" harmonicMeanSpeed="0.79" length="5.00" nVehEntered="13"/>
    <interval begin="38700.00" end="38800.00" id="inductionLoop.N2" nVehContrib="4" flow="144.00" occupancy="52.45" speed="4.93" harmonicMeanSpeed="4.41" length="5.00" nVehEntered="5"/>
    <interval begin="38800.00" end="38900.00" id="inductionLoop.N2" nVehContrib="17" flow="612.00" occupancy="36.90" speed="6.11" harmonicMeanSpeed="1.00" length="5.00" nVehEntered="16"/>
    <interval begin="38900.00" end="39000.00" id="inductionLoop.N2" nVehContrib="10" flow="360.00" occupancy="10.41" speed="7.41" harmonicMeanSpeed="4.80" length="5.00" nVehEntered="10"/>
    <interval begin="39000.00" end="39100.00" id="inductionLoop.N2" nVehContrib="13" flow="468.00" occupancy="19.55" speed="5.81" harmonicMeanSpeed="3.32" length="5.00" nVehEntered="13"/>
    <interval begin="39100.00" end="39200.00" id="inductionLoop.N2" nVehContrib="9" flow="324.00" occupancy="14.99" speed="4.46" harmonicMeanSpeed="3.00" length="5.00" nVehEntered="9"/>
    <interval begin="39200.00" end="39300.00" id="inductionLoop.N2" nVehContrib="19" flow="684.00" occupancy="22.99" speed="8.49" harmonicMeanSpeed="6.44" length="5.00" nVehEntered="20"/>
    <interval begin="39300.00" end="39400.00" id="inductionLoop.N2" nVehContrib="12" flow="432.00" occupancy="15.49" speed="5.24" harmonicMeanSpeed="2.53" length="5.00" nVehEntered="11"/>
    <interval begin="39400.00" end="39500.00" id="inductionLoop.N2" nVehContrib="15" flow="540.00" occupancy="9.35" speed="9.15" harmonicMeanSpeed="8.02" length="5.00" nVehEntered="15"/>
    <interval begin="39500.00" end="39600.00" id="inductionLoop.N2" nVehContrib="2" flow="72.00" occupancy="20.94" speed="0.74" harmonicMeanSpeed="0.48" length="5.00" nVehEntered="2"/>
    <interval begin="39600.00" end="39700.00" id="inductionLoop.N2" nVehContrib="18" flow="648.00" occupancy="41.81" speed="7.61" harmonicMeanSpeed="6.65" length="5.00" nVehEntered="19"/>
    <interval begin="39700.00" end="39800.00" id="inductionLoop.N2" nVehContrib="11" flow="396.00" occupancy="65.05" speed="5.71" harmonicMeanSpeed="0.59" length="5.00" nVehEntered="10"/>
    <interval begin="39800.00" end="39900.00" id="inductionLoop.N2" nVehContrib="2" flow="72.00" occupancy="7.43" speed="1.42" harmonicMeanSpeed="1.35" length="5.00" nVehEntered="2"/>
    <interval begin="39900.00" end="40000.00" id="inductionLoop.N2" nVehContrib="5" flow="180.00" occupancy="6.66" speed="5.63" harmonicMeanSpeed="3.76" length="5.00" nVehEntered="5"/>
    <interval begin="40000.00" end="40100.00" id="inductionLoop.N2" nVehContrib="15" flow="540.00" occupancy="12.26" speed="8.94" harmonicMeanSpeed="8.05" length="5.00" nVehEntered="16"/>
    <interval begin="40100.00" end="40200.00" id="inductionLoop.N2" nVehContrib="16" flow="576.00" occupancy="61.53" speed="8.90" harmonicMeanSpeed="6.17" length="5.00" nVehEntered="16"/>
    <interval begin="40200.00" end="40300.00" id="inductionLoop.N2" nVehContrib="17" flow="612.00" occupancy="19.15" speed="8.36" harmonicMeanSpeed="1.20" length="5.00" nVehEntered="16"/>
    <interval begin="40300.00" end="40400.00" id="inductionLoop.N2" nVehContrib="16" flow="576.00" occupancy="19.22" speed="5.46" harmonicMeanSpeed="4.16" length="5.00" nVehEntered="16"/>
    <interval begin="40400.00" end="40500.00" id="inductionLoop.N2" nVehContrib="8" flow="288.00" occupancy="56.79" speed="6.07" harmonicMeanSpeed="4.42" length="5.00" nVehEntered="9"/>
    <interval begin="40500.00" end="40600.00" id="inductionLoop.N2" nVehContrib="19" flow="684.00" occupancy="29.48" speed="6.95" harmonicMeanSpeed="1.23" length="5.00" nVehEntered="18"/>
    <interval begin="40600.00" end="40700.00" id="inductionLoop.N2" nVehContrib="11" flow="396.00" occupancy="14.49" speed="5.98" harmonicMeanSpeed="3.79" length="5.00" nVehEntered="11"/>
    <interval begin="40700.00" end="40800.00" id="inductionLoop.N2" nVehContrib="10" flow="360.00" occupancy="16.51" speed="4.40" harmonicMeanSpeed="3.03" length="5.00" nVehEntered="10"/>
    <interval begin="40800.00" end="40900.00" id="inductionLoop.N2" nVehContrib="18" flow="648.00" occupancy="56.20" speed="8.14" harmonicMeanSpeed="5.96" length="5.00" nVehEntered="19"/>
    <interval begin="40900.00" end="41000.00" id="inductionLoop.N2" nVehContrib="17" flow="612.00" occupancy="25.77" speed="8.26" harmonicMeanSpeed="1.27" length="5.00" nVehEntered="16"/>
    <interval begin="41000.00" end="41100.00" id="inductionLoop.N2" nVehContrib="2" flow="72.00" occupancy="5.70" speed="2.33" harmonicMeanSpeed="1.75" length="5.00" nVehEntered="2"/>
    <interval begin="41100.00" end="41200.00" id="inductionLoop.N2" nVehContrib="15" flow="540.00" occupancy="48.08" speed="7.92" harmonicMeanSpeed="5.91" length="5.00" nVehEntered="16"/>
    <interval begin="41200.00" end="41300.00" id="inductionLoop.N2" nVehContrib="28" flow="1008.00" occupancy="47.63" speed="7.78" harmonicMeanSpeed="1.76" length="5.00" nVehEntered="28"/>
    <interval begin="41300.00" end="41400.00" id="inductionLoop.N2" nVehContrib="1" flow="36.00" occupancy="5.94" speed="0.52" harmonicMeanSpeed="0.52" length="5.00" nVehEntered="0"/>
    <interval begin="41400.00" end="41500.00" id="inductionLoop.N2" nVehContrib="6" flow="216.00" occupancy="55.23" speed="4.41" harmonicMeanSpeed="0.88" length="5.00" nVehEntered="8"/>
    <interval begin="41500.00" end="41600.00" id="inductionLoop.N2" nVehContrib="0" flow="0.00" occupancy="100.00" speed="-1.00" harmonicMeanSpeed="-1.00" length="-1.00" nVehEntered="0"/>
    <interval begin="41600.00" end="41700.00" id="inductionLoop.N2" nVehContrib="20" flow="720.00" occupancy="33.56" speed="7.02" harmonicMeanSpeed="0.67" length="5.00" nVehEntered="20"/>
    <interval begin="41700.00" end="41800.00" id="inductionLoop.N2" nVehContrib="15" flow="540.00" occupancy="18.17" speed="4.98" harmonicMeanSpeed="3.99" length="5.00" nVehEntered="14"/>
    <interval begin="41800.00" end="41900.00" id="inductionLoop.N2" nVehContrib="0" flow="0.00" occupancy="0.00" speed="-1.00" harmonicMeanSpeed="-1.00" length="-1.00" nVehEntered="0"/>
    <interval begin="41900.00" end="42000.00" id="inductionLoop.N2" nVehContrib="20" flow="720.00" occupancy="34.85" speed="7.16" harmonicMeanSpeed="2.90" length="5.00" nVehEntered="21"/>
    <interval begin="42000.00" end="42100.00" id="inductionLoop.N2" nVehContrib="9" flow="324.00" occupancy="6.88" speed="9.81" harmonicMeanSpeed="6.18" length="5.00" nVehEntered="8"/>
    <interval begin="42100.00" end="42200.00" id="inductionLoop.N2" nVehContrib="17" flow="612.00" occupancy="61.82" speed="6.42" harmonicMeanSpeed="1.37" length="5.00" nVehEntered="17"/>
    <interval begin="42200.00" end="42300.00" id="inductionLoop.N2" nVehContrib="9" flow="324.00" occupancy="14.03" speed="5.08" harmonicMeanSpeed="3.21" length="5.00" nVehEntered="9"/>
    <interval begin="42300.00" end="42400.00" id="inductionLoop.N2" nVehContrib="20" flow="720.00" occupancy="19.24" speed="7.66" harmonicMeanSpeed="5.20" length="5.00" nVehEntered="20"/>
    <interval begin="42400.00" end="42500.00" id="inductionLoop.N2" nVehContrib="2" flow="72.00" occupancy="2.52" speed="4.13" harmonicMeanSpeed="3.96" length="5.00" nVehEntered="2"/>
    <interval begin="42500.00" end="42600.00" id="inductionLoop.N2" nVehContrib="9" flow="324.00" occupancy="77.41" speed="6.52" harmonicMeanSpeed="0.60" length="5.00" nVehEntered="10"/>
    <interval begin="42600.00" end="42700.00" id="inductionLoop.N2" nVehContrib="34" flow="1224.00" occupancy="35.59" speed="7.69" harmonicMeanSpeed="4.46" length="5.00" nVehEntered="33"/>
    <interval begin="42700.00" end="42800.00" id="inductionLoop.N2" nVehContrib="0" flow="0.00" occupancy="0.00" speed="-1.00" harmonicMeanSpeed="-1.00" length="-1.00" nVehEntered="0"/>
    <interval begin="42800.00" end="42900.00" id="inductionLoop.N2" nVehContrib="22" flow="792.00" occupancy="16.91" speed="9.39" harmonicMeanSpeed="6.51" length="5.00" nVehEntered="22"/>
    <interval begin="42900.00" end="43000.00" id="inductionLoop.N2" nVehContrib="29" flow="1044.00" occupancy="14.84" speed="10.77" harmonicMeanSpeed="9.77" length="5.00" nVehEntered="29"/>
    <interval begin="43000.00" end="43100.00" id="inductionLoop.N2" nVehContrib="3" flow="108.00" occupancy="4.12" speed="4.29" harmonicMeanSpeed="3.64" length="5.00" nVehEntered="3"/>
    <interval begin="43100.00" end="43200.00" id="inductionLoop.N2" nVehContrib="37" flow="1332.00" occupancy="43.10" speed="10.18" harmonicMeanSpeed="9.88" length="5.00" nVehEntered="38"/>
    <interval begin="43200.00" end="43300.00" id="inductionLoop.N2" nVehContrib="0" flow="0.00" occupancy="100.00" speed="-1.00" harmonicMeanSpeed="-1.00" length="-1.00" nVehEntered="0"/>
    <interval begin="43300.00" end="43400.00" id="inductionLoop.N2" nVehContrib="18" flow="648.00" occupancy="39.95" speed="6.70" harmonicMeanSpeed="0.55" length="5.00" nVehEntered="17"/>
    <interval begin="43400.00" end="43500.00" id="inductionLoop.N2" nVehContrib="6" flow="216.00" occupancy="63.03" speed="3.46" harmonicMeanSpeed="2.92" length="5.00" nVehEntered="7"/>
    <interval begin="43500.00" end="43600.00" id="inductionLoop.N2" nVehContrib="10" flow="360.00" occupancy="79.50" speed="5.96" harmonicMeanSpeed="0.38" length="5.00" nVehEntered="9"/>
    <interval begin="43600.00" end="43700.00" id="inductionLoop.N2" nVehContrib="32" flow="1152.00" occupancy="40.29" speed="8.96" harmonicMeanSpeed="8.07" length="5.00" nVehEntered="33"/>
    <interval begin="43700.00" end="43800.00" id="inductionLoop.N2" nVehContrib="7" flow="252.00" occupancy="37.77" speed="4.06" harmonicMeanSpeed="0.60" length="5.00" nVehEntered="6"/>
    <interval begin="43800.00" end="43900.00" id="inductionLoop.N2" nVehContrib="3" flow="108.00" occupancy="4.01" speed="4.42" harmonicMeanSpeed="3.74" length="5.00" nVehEntered="3"/>
    <interval begin="43900.00" end="44000.00" id="inductionLoop.N2" nVehContrib="24" flow="864.00" occupancy="29.10" speed="6.22" harmonicMeanSpeed="5.35" length="5.00" nVehEntered="25"/>
    <interval begin="44000.00" end="44100.00" id="inductionLoop.N2" nVehContrib="1" flow="36.00" occupancy="94.09" speed="0.07" harmonicMeanSpeed="0.07" length="5.00" nVehEntered="1"/>
    <interval begin="44100.00" end="44200.00" id="inductionLoop.N2" nVehContrib="0" flow="0.00" occupancy="100.00" speed="-1.00" harmonicMeanSpeed="-1.00" length="-1.00" nVehEntered="0"/>
    <interval begin="44200.00" end="44300.00" id="inductionLoop.N2" nVehContrib="19" flow="684.00" occupancy="60.74" speed="8.59" harmonicMeanSpeed="0.49" length="5.00" nVehEntered="18"/>
    <interval begin="44300.00" end="44400.00" id="inductionLoop.N2" nVehContrib="20" flow="720.00" occupancy="15.89" speed="8.11" harmonicMeanSpeed="6.29" length="5.00" nVehEntered="20"/>
    <interval begin="44400.00" end="44500.00" id="inductionLoop.N2" nVehContrib="11" flow="396.00" occupancy="13.08" speed="5.95" harmonicMeanSpeed="4.20" length="5.00" nVehEntered="11"/>
    <interval begin="44500.00" end="44600.00" id="inductionLoop.N2" nVehContrib="0" flow="0.00" occupancy="0.95" speed="-1.00" harmonicMeanSpeed="-1.00" length="-1.00" nVehEntered="1"/>
    <interval begin="44600.00" end="44700.00" id="inductionLoop.N2" nVehContrib="30" flow="1080.00" occupancy="49.72" speed="7.88" harmonicMeanSpeed="4.83" length="5.00" nVehEntered="30"/>
    <interval begin="44700.00" end="44800.00" id="inductionLoop.N2" nVehContrib="13" flow="468.00" occupancy="64.78" speed="7.42" harmonicMeanSpeed="0.80" length="5.00" nVehEntered="13"/>
    <interval begin="44800.00" end="44900.00" id="inductionLoop.N2" nVehContrib="8" flow="288.00" occupancy="46.72" speed="4.89" harmonicMeanSpeed="0.79" length="5.00" nVehEntered="7"/>
    <interval begin="44900.00" end="45000.00" id="inductionLoop.N2" nVehContrib="0" flow="0.00" occupancy="0.00" speed="-1.00" harmonicMeanSpeed="-1.00" length="-1.00" nVehEntered="0"/>
    <interval begin="45000.00" end="45100.00" id="inductionLoop.N2" nVehContrib="17" flow="612.00" occupancy="15.36" speed="7.95" harmonicMeanSpeed="5.53" length="5.00" nVehEntered="17"/>
    <interval begin="45100.00" end="45200.00" id="inductionLoop.N2" nVehContrib="24" flow="864.00" occupancy="24.93" speed="8.43" harmonicMeanSpeed="6.40" length="5.00" nVehEntered="25"/>
    <interval begin="45200.00" end="45300.00" id="inductionLoop.N2" nVehContrib="11" flow="396.00" occupancy="69.17" speed="5.98" harmonicMeanSpeed="0.73" length="5.00" nVehEntered="10"/>
    <interval begin="45300.00" end="45400.00" id="inductionLoop.N2" nVehContrib="0" flow="0.00" occupancy="0.00" speed="-1.00" harmonicMeanSpeed="-1.00" length="-1.00" nVehEntered="0"/>
    <interval begin="45400.00" end="45500.00" id="inductionLoop.N2" nVehContrib="28" flow="1008.00" occupancy="25.29" speed="8.22" harmonicMeanSpeed="5.85" length="5.00" nVehEntered="29"/>
    <interval begin="45500.00" end="45600.00" id="inductionLoop.N2" nVehContrib="6" flow="216.00" occupancy="70.30" speed="5.27" harmonicMeanSpeed="0.42" length="5.00" nVehEntered="5"/>
    <interval begin="45600.00" end="45700.00" id="inductionLoop.N2" nVehContrib="1" flow="36.00" occupancy="3.07" speed="1.63" harmonicMeanSpeed="1.63" length="5.00" nVehEntered="1"/>
    <interval begin="45700.00" end="45800.00" id="inductionLoop.N2" nVehContrib="18" flow="648.00" occupancy="18.47" speed="7.37" harmonicMeanSpeed="4.87" length="5.00" nVehEntered="18"/>
    <interval begin="45800.00" end="45900.00" id="inductionLoop.N2" nVehContrib="7" flow="252.00" occupancy="13.68" speed="3.96" harmonicMeanSpeed="2.56" length="5.00" nVehEntered="7"/>
    <interval begin="45900.00" end="46000.00" id="inductionLoop.N2" nVehContrib="0" flow="0.00" occupancy="0.00" speed="-1.00" harmonicMeanSpeed="-1.00" length="-1.00" nVehEntered="0"/>
    <interval begin="46000.00" end="46100.00" id="inductionLoop.N2" nVehContrib="18" flow="648.00" occupancy="17.27" speed="7.95" harmonicMeanSpeed="5.21" length="5.00" nVehEntered="18"/>
    <interval begin="46100.00" end="46200.00" id="inductionLoop.N2" nVehContrib="8" flow="288.00" occupancy="35.17" speed="5.82" harmonicMeanSpeed="3.01" length="5.00" nVehEntered="10"/>
    <interval begin="46200.00" end="46300.00" id="inductionLoop.N2" nVehContrib="8" flow="288.00" occupancy="64.77" speed="6.70" harmonicMeanSpeed="0.46" length="5.00" nVehEntered="8"/>
    <interval begin="46300.00" end="46400.00" id="inductionLoop.N2" nVehContrib="11" flow="396.00" occupancy="79.52" speed="10.40" harmonicMeanSpeed="1.31" length="5.00" nVehEntered="11"/>
    <interval begin="46400.00" end="46500.00" id="inductionLoop.N2" nVehContrib="12" flow="432.00" occupancy="66.03" speed="6.99" harmonicMeanSpeed="0.67" length="5.00" nVehEntered="12"/>
    <interval begin="46500.00" end="46600.00" id="inductionLoop.N2" nVehContrib="21" flow="756.00" occupancy="63.42" speed="8.99" harmonicMeanSpeed="1.36" length="5.00" nVehEntered="20"/>
    <interval begin="46600.00" end="46700.00" id="inductionLoop.N2" nVehContrib="17" flow="612.00" occupancy="13.38" speed="8.39" harmonicMeanSpeed="6.35" length="5.00" nVehEntered="17"/>
    <interval begin="46700.00" end="46800.00" id="inductionLoop.N2" nVehContrib="17" flow="612.00" occupancy="11.04" speed="9.11" harmonicMeanSpeed="7.70" length="5.00" nVehEntered="17"/>
    <interval begin="46800.00" end="46900.00" id="inductionLoop.N2" nVehContrib="0" flow="0.00" occupancy="99.94" speed="-1.00" harmonicMeanSpeed="-1.00" length="-1.00" nVehEntered="1"/>
    <interval begin="46900.00" end="47000.00" id="inductionLoop.N2" nVehContrib="19" flow="684.00" occupancy="22.52" speed="9.13" harmonicMeanSpeed="0.78" length="5.00" nVehEntered="18"/>
    <interval begin="47000.00" end="47100.00" id="inductionLoop.N2" nVehContrib="16" flow="576.00" occupancy="33.35" speed="8.16" harmonicMeanSpeed="5.04" length="5.00" nVehEntered="17"/>
    <interval begin="47100.00" end="47200.00" id="inductionLoop.N2" nVehContrib="5" flow="180.00" occupancy="90.53" speed="4.74" harmonicMeanSpeed="0.25" length="5.00" nVehEntered="5"/>
    <interval begin="47200.00" end="47300.00" id="inductionLoop.N2" nVehContrib="14" flow="504.00" occupancy="66.67" speed="8.13" harmonicMeanSpeed="0.94" length="5.00" nVehEntered="14"/>
    <interval begin="47300.00" end="47400.00" id="inductionLoop.N2" nVehContrib="22" flow="792.00" occupancy="15.77" speed="9.22" harmonicMeanSpeed="6.89" length="5.00" nVehEntered="21"/>
    <interval begin="47400.00" end="47500.00" id="inductionLoop.N2" nVehContrib="2" flow="72.00" occupancy="3.35" speed="4.80" harmonicMeanSpeed="2.99" length="5.00" nVehEntered="2"/>
    <interval begin="47500.00" end="47600.00" id="inductionLoop.N2" nVehContrib="12" flow="432.00" occupancy="22.05" speed="8.87" harmonicMeanSpeed="7.94" length="5.00" nVehEntered="13"/>
    <interval begin="47600.00" end="47700.00" id="inductionLoop.N2" nVehContrib="24" flow="864.00" occupancy="23.09" speed="8.44" harmonicMeanSpeed="3.19" length="5.00" nVehEntered="23"/>
    <interval begin="47700.00" end="47800.00" id="inductionLoop.N2" nVehContrib="22" flow="792.00" occupancy="17.61" speed="8.89" harmonicMeanSpeed="6.25" length="5.00" nVehEntered="22"/>
    <interval begin="47800.00" end="47900.00" id="inductionLoop.N2" nVehContrib="11" flow="396.00" occupancy="14.90" speed="5.69" harmonicMeanSpeed="3.69" length="5.00" nVehEntered="11"/>
    <interval begin="47900.00" end="48000.00" id="inductionLoop.N2" nVehContrib="0" flow="0.00" occupancy="0.00" speed="-1.00" harmonicMeanSpeed="-1.00" length="-1.00" nVehEntered="0"/>
    <interval begin="48000.00" end="48100.00" id="inductionLoop.N2" nVehContrib="16" flow="576.00" occupancy="28.26" speed="6.97" harmonicMeanSpeed="2.83" length="5.00" nVehEntered="16"/>
    <interval begin="48100.00" end="48200.00" id="inductionLoop.N2" nVehContrib="13" flow="468.00" occupancy="56.24" speed="8.23" harmonicMeanSpeed="5.25" length="5.00" nVehEntered="14"/>
    <interval begin="48200.00" end="48300.00" id="inductionLoop.N2" nVehContrib="20" flow="720.00" occupancy="40.66" speed="7.07" harmonicMeanSpeed="1.18" length="5.00" nVehEntered="19"/>
    <interval begin="48300.00" end="48400.00" id="inductionLoop.N2" nVehContrib="19" flow="684.00" occupancy="56.58" speed="8.63" harmonicMeanSpeed="7.22" length="5.00" nVehEntered="20"/>
    <interval begin="48400.00" end="48500.00" id="inductionLoop.N2" nVehContrib="17" flow="612.00" occupancy="71.14" speed="6.03" harmonicMeanSpeed="0.74" length="5.00" nVehEntered="17"/>
    <interval begin="48500.00" end="48600.00" id="inductionLoop.N2" nVehContrib="22" flow="792.00" occupancy="23.16" speed="7.35" harmonicMeanSpeed="4.73" length="5.00" nVehEntered="21"/>
    <interval begin="48600.00" end="48700.00" id="inductionLoop.N2" nVehContrib="8" flow="288.00" occupancy="42.75" speed="5.48" harmonicMeanSpeed="3.94" length="5.00" nVehEntered="9"/>
    <interval begin="48700.00" end="48800.00" id="inductionLoop.N2" nVehContrib="0" flow="0.00" occupancy="100.00" speed="-1.00" harmonicMeanSpeed="-1.00" length="-1.00" nVehEntered="0"/>
    <interval begin="48800.00" end="48900.00" id="inductionLoop.N2" nVehContrib="20" flow="720.00" occupancy="59.08" speed="8.01" harmonicMeanSpeed="0.52" length="5.00" nVehEntered="19"/>
    <interval begin="48900.00" end="49000.00" id="inductionLoop.N2" nVehContrib="14" flow="504.00" occupancy="18.57" speed="5.27" harmonicMeanSpeed="3.77" length="5.00" nVehEntered="14"/>
    <interval begin="49000.00" end="49100.00" id="inductionLoop.N2" nVehContrib="15" flow="540.00" occupancy="39.00" speed="7.61" harmonicMeanSpeed="1.92" length="5.00" nVehEntered="15"/>
    <interval begin="49100.00" end="49200.00" id="inductionLoop.N2" nVehContrib="13" flow="468.00" occupancy="53.98" speed="9.48" harmonicMeanSpeed="8.29" length="5.00" nVehEntered="14"/>
    <interval begin="49200.00" end="49300.00" id="inductionLoop.N2" nVehContrib="16" flow="576.00" occupancy="75.07" speed="7.08" harmonicMeanSpeed="0.66" length="5.00" nVehEntered="15"/>
    <interval begin="49300.00" end="49400.00" id="inductionLoop.N2" nVehContrib="16" flow="576.00" occupancy="18.52" speed="7.27" harmonicMeanSpeed="4.32" length="5.00" nVehEntered="16"/>
    <interval begin="49400.00" end="49500.00" id="inductionLoop.N2" nVehContrib="18" flow="648.00" occupancy="15.46" speed="8.41" harmonicMeanSpeed="5.82" length="5.00" nVehEntered="18"/>
    <interval begin="49500.00" end="49600.00" id="inductionLoop.N2" nVehContrib="0" flow="0.00" occupancy="0.00" speed="-1.00" harmonicMeanSpeed="-1.00" length="-1.00" nVehEntered="0"/>
    <interval begin="49600.00" end="49700.00" id="inductionLoop.N2" nVehContrib="13" flow="468.00" occupancy="10.41" speed="8.80" harmonicMeanSpeed="6.24" length="5.00" nVehEntered="13"/>
    <interval begin="49700.00" end="49800.00" id="inductionLoop.N2" nVehContrib="19" flow="684.00" occupancy="58.07" speed="8.25" harmonicMeanSpeed="7.71" length="5.00" nVehEntered="20"/>
    <interval begin="49800.00" end="49900.00" id="inductionLoop.N2" nVehContrib="20" flow="720.00" occupancy="66.12" speed="7.82" harmonicMeanSpeed="0.89" length="5.00" nVehEntered="19"/>
    <interval begin="49900.00" end="50000.00" id="inductionLoop.N2" nVehContrib="14" flow="504.00" occupancy="72.35" speed="7.84" harmonicMeanSpeed="5.29" length="5.00" nVehEntered="15"/>
    <interval begin="50000.00" end="50004.00" id="inductionLoop.N2" nVehContrib="0" flow="0.00" occupancy="100.00" speed="-1.00" harmonicMeanSpeed="-1.00" length="-1.00" nVehEntered="0"/>
</detector>
