<?xml version="1.0" encoding="UTF-8"?>

<!-- generated on 2023-07-21 19:29:31 by Eclipse SUMO sumo Version 1.12.0
<configuration xmlns:xsi="http://www.w3.org/2001/XMLSchema-instance" xsi:noNamespaceSchemaLocation="http://sumo.dlr.de/xsd/sumoConfiguration.xsd">

    <input>
        <net-file value="Data0-6/intersection.net.xml"/>
        <route-files value="Data0-6/intersection.rou.xml"/>
        <additional-files value="Data0-6/intersection.det.xml"/>
    </input>

    <output>
        <tripinfo-output value="Data0-6/tripinfo.xml"/>
    </output>

    <time>
        <begin value="0"/>
    </time>

    <processing>
        <time-to-teleport value="-1"/>
        <waiting-time-memory value="60000"/>
    </processing>

    <report>
        <verbose value="true"/>
        <no-step-log value="true"/>
    </report>

    <emissions>
        <device.emissions.probability value="1"/>
    </emissions>

    <traci_server>
        <remote-port value="47533"/>
    </traci_server>

    <gui_only>
        <gui-settings-file value="Data0-6/intersection.settings.xml"/>
    </gui_only>

</configuration>
-->

<detector xmlns:xsi="http://www.w3.org/2001/XMLSchema-instance" xsi:noNamespaceSchemaLocation="http://sumo.dlr.de/xsd/det_e1_file.xsd">
    <interval begin="0.00" end="100.00" id="inductionLoop.S1" nVehContrib="5" flow="180.00" occupancy="2.29" speed="11.27" harmonicMeanSpeed="10.94" length="5.00" nVehEntered="5"/>
    <interval begin="100.00" end="200.00" id="inductionLoop.S1" nVehContrib="7" flow="252.00" occupancy="10.03" speed="7.26" harmonicMeanSpeed="5.74" length="5.00" nVehEntered="9"/>
    <interval begin="200.00" end="300.00" id="inductionLoop.S1" nVehContrib="7" flow="252.00" occupancy="52.09" speed="4.15" harmonicMeanSpeed="0.69" length="5.00" nVehEntered="9"/>
    <interval begin="300.00" end="400.00" id="inductionLoop.S1" nVehContrib="8" flow="288.00" occupancy="57.01" speed="4.06" harmonicMeanSpeed="1.37" length="5.00" nVehEntered="12"/>
    <interval begin="400.00" end="500.00" id="inductionLoop.S1" nVehContrib="10" flow="360.00" occupancy="74.04" speed="3.44" harmonicMeanSpeed="0.69" length="5.00" nVehEntered="11"/>
    <interval begin="500.00" end="600.00" id="inductionLoop.S1" nVehContrib="12" flow="432.00" occupancy="53.80" speed="5.30" harmonicMeanSpeed="0.86" length="5.00" nVehEntered="11"/>
    <interval begin="600.00" end="700.00" id="inductionLoop.S1" nVehContrib="9" flow="324.00" occupancy="82.22" speed="5.22" harmonicMeanSpeed="0.87" length="5.00" nVehEntered="10"/>
    <interval begin="700.00" end="800.00" id="inductionLoop.S1" nVehContrib="17" flow="612.00" occupancy="67.20" speed="4.97" harmonicMeanSpeed="0.87" length="5.00" nVehEntered="16"/>
    <interval begin="800.00" end="900.00" id="inductionLoop.S1" nVehContrib="10" flow="360.00" occupancy="80.15" speed="4.92" harmonicMeanSpeed="0.62" length="5.00" nVehEntered="10"/>
    <interval begin="900.00" end="1000.00" id="inductionLoop.S1" nVehContrib="17" flow="612.00" occupancy="68.89" speed="6.38" harmonicMeanSpeed="1.43" length="5.00" nVehEntered="18"/>
    <interval begin="1000.00" end="1100.00" id="inductionLoop.S1" nVehContrib="13" flow="468.00" occupancy="46.99" speed="5.54" harmonicMeanSpeed="1.16" length="5.00" nVehEntered="13"/>
    <interval begin="1100.00" end="1200.00" id="inductionLoop.S1" nVehContrib="13" flow="468.00" occupancy="12.13" speed="7.89" harmonicMeanSpeed="5.36" length="5.00" nVehEntered="13"/>
    <interval begin="1200.00" end="1300.00" id="inductionLoop.S1" nVehContrib="7" flow="252.00" occupancy="35.38" speed="8.81" harmonicMeanSpeed="0.99" length="5.00" nVehEntered="7"/>
    <interval begin="1300.00" end="1400.00" id="inductionLoop.S1" nVehContrib="10" flow="360.00" occupancy="19.36" speed="8.93" harmonicMeanSpeed="2.58" length="5.00" nVehEntered="10"/>
    <interval begin="1400.00" end="1500.00" id="inductionLoop.S1" nVehContrib="10" flow="360.00" occupancy="34.79" speed="6.07" harmonicMeanSpeed="3.49" length="5.00" nVehEntered="12"/>
    <interval begin="1500.00" end="1600.00" id="inductionLoop.S1" nVehContrib="14" flow="504.00" occupancy="28.84" speed="7.03" harmonicMeanSpeed="1.48" length="5.00" nVehEntered="13"/>
    <interval begin="1600.00" end="1700.00" id="inductionLoop.S1" nVehContrib="9" flow="324.00" occupancy="24.93" speed="7.30" harmonicMeanSpeed="1.86" length="5.00" nVehEntered="11"/>
    <interval begin="1700.00" end="1800.00" id="inductionLoop.S1" nVehContrib="11" flow="396.00" occupancy="5.66" speed="10.27" harmonicMeanSpeed="9.76" length="5.00" nVehEntered="13"/>
    <interval begin="1800.00" end="1900.00" id="inductionLoop.S1" nVehContrib="12" flow="432.00" occupancy="10.13" speed="9.29" harmonicMeanSpeed="7.98" length="5.00" nVehEntered="14"/>
    <interval begin="1900.00" end="2000.00" id="inductionLoop.S1" nVehContrib="8" flow="288.00" occupancy="42.57" speed="5.48" harmonicMeanSpeed="0.94" length="5.00" nVehEntered="8"/>
    <interval begin="2000.00" end="2100.00" id="inductionLoop.S1" nVehContrib="10" flow="360.00" occupancy="34.22" speed="6.28" harmonicMeanSpeed="1.62" length="5.00" nVehEntered="13"/>
    <interval begin="2100.00" end="2200.00" id="inductionLoop.S1" nVehContrib="14" flow="504.00" occupancy="12.57" speed="9.40" harmonicMeanSpeed="5.71" length="5.00" nVehEntered="15"/>
    <interval begin="2200.00" end="2300.00" id="inductionLoop.S1" nVehContrib="9" flow="324.00" occupancy="22.76" speed="8.26" harmonicMeanSpeed="2.04" length="5.00" nVehEntered="10"/>
    <interval begin="2300.00" end="2400.00" id="inductionLoop.S1" nVehContrib="10" flow="360.00" occupancy="9.75" speed="10.48" harmonicMeanSpeed="5.33" length="5.00" nVehEntered="11"/>
    <interval begin="2400.00" end="2500.00" id="inductionLoop.S1" nVehContrib="9" flow="324.00" occupancy="8.90" speed="10.61" harmonicMeanSpeed="8.51" length="5.00" nVehEntered="10"/>
    <interval begin="2500.00" end="2600.00" id="inductionLoop.S1" nVehContrib="14" flow="504.00" occupancy="13.83" speed="9.01" harmonicMeanSpeed="4.06" length="5.00" nVehEntered="14"/>
    <interval begin="2600.00" end="2700.00" id="inductionLoop.S1" nVehContrib="11" flow="396.00" occupancy="28.86" speed="7.52" harmonicMeanSpeed="1.94" length="5.00" nVehEntered="13"/>
    <interval begin="2700.00" end="2800.00" id="inductionLoop.S1" nVehContrib="6" flow="216.00" occupancy="42.46" speed="4.55" harmonicMeanSpeed="0.75" length="5.00" nVehEntered="7"/>
    <interval begin="2800.00" end="2900.00" id="inductionLoop.S1" nVehContrib="15" flow="540.00" occupancy="66.34" speed="6.52" harmonicMeanSpeed="1.54" length="5.00" nVehEntered="17"/>
    <interval begin="2900.00" end="3000.00" id="inductionLoop.S1" nVehContrib="13" flow="468.00" occupancy="23.90" speed="7.29" harmonicMeanSpeed="1.82" length="5.00" nVehEntered="14"/>
    <interval begin="3000.00" end="3100.00" id="inductionLoop.S1" nVehContrib="8" flow="288.00" occupancy="29.28" speed="8.37" harmonicMeanSpeed="1.13" length="5.00" nVehEntered="9"/>
    <interval begin="3100.00" end="3200.00" id="inductionLoop.S1" nVehContrib="14" flow="504.00" occupancy="32.31" speed="6.94" harmonicMeanSpeed="2.29" length="5.00" nVehEntered="15"/>
    <interval begin="3200.00" end="3300.00" id="inductionLoop.S1" nVehContrib="14" flow="504.00" occupancy="40.39" speed="6.57" harmonicMeanSpeed="1.73" length="5.00" nVehEntered="14"/>
    <interval begin="3300.00" end="3400.00" id="inductionLoop.S1" nVehContrib="7" flow="252.00" occupancy="4.50" speed="10.24" harmonicMeanSpeed="9.90" length="5.00" nVehEntered="8"/>
    <interval begin="3400.00" end="3500.00" id="inductionLoop.S1" nVehContrib="6" flow="216.00" occupancy="3.96" speed="10.28" harmonicMeanSpeed="10.07" length="5.00" nVehEntered="7"/>
    <interval begin="3500.00" end="3600.00" id="inductionLoop.S1" nVehContrib="11" flow="396.00" occupancy="8.99" speed="8.90" harmonicMeanSpeed="6.18" length="5.00" nVehEntered="12"/>
    <interval begin="3600.00" end="3700.00" id="inductionLoop.S1" nVehContrib="6" flow="216.00" occupancy="49.74" speed="3.55" harmonicMeanSpeed="0.68" length="5.00" nVehEntered="11"/>
    <interval begin="3700.00" end="3800.00" id="inductionLoop.S1" nVehContrib="12" flow="432.00" occupancy="15.57" speed="9.37" harmonicMeanSpeed="5.68" length="5.00" nVehEntered="13"/>
    <interval begin="3800.00" end="3900.00" id="inductionLoop.S1" nVehContrib="11" flow="396.00" occupancy="68.07" speed="5.15" harmonicMeanSpeed="0.75" length="5.00" nVehEntered="10"/>
    <interval begin="3900.00" end="4000.00" id="inductionLoop.S1" nVehContrib="13" flow="468.00" occupancy="44.87" speed="7.08" harmonicMeanSpeed="1.48" length="5.00" nVehEntered="16"/>
    <interval begin="4000.00" end="4100.00" id="inductionLoop.S1" nVehContrib="7" flow="252.00" occupancy="19.74" speed="8.56" harmonicMeanSpeed="1.76" length="5.00" nVehEntered="7"/>
    <interval begin="4100.00" end="4200.00" id="inductionLoop.S1" nVehContrib="10" flow="360.00" occupancy="30.85" speed="7.79" harmonicMeanSpeed="1.62" length="5.00" nVehEntered="10"/>
    <interval begin="4200.00" end="4300.00" id="inductionLoop.S1" nVehContrib="8" flow="288.00" occupancy="51.06" speed="6.94" harmonicMeanSpeed="1.54" length="5.00" nVehEntered="11"/>
    <interval begin="4300.00" end="4400.00" id="inductionLoop.S1" nVehContrib="11" flow="396.00" occupancy="23.60" speed="6.66" harmonicMeanSpeed="1.21" length="5.00" nVehEntered="11"/>
    <interval begin="4400.00" end="4500.00" id="inductionLoop.S1" nVehContrib="7" flow="252.00" occupancy="48.60" speed="5.65" harmonicMeanSpeed="0.72" length="5.00" nVehEntered="7"/>
    <interval begin="4500.00" end="4600.00" id="inductionLoop.S1" nVehContrib="9" flow="324.00" occupancy="6.08" speed="8.79" harmonicMeanSpeed="7.59" length="5.00" nVehEntered="10"/>
    <interval begin="4600.00" end="4700.00" id="inductionLoop.S1" nVehContrib="6" flow="216.00" occupancy="37.74" speed="5.81" harmonicMeanSpeed="1.03" length="5.00" nVehEntered="8"/>
    <interval begin="4700.00" end="4800.00" id="inductionLoop.S1" nVehContrib="11" flow="396.00" occupancy="39.93" speed="6.04" harmonicMeanSpeed="1.39" length="5.00" nVehEntered="12"/>
    <interval begin="4800.00" end="4900.00" id="inductionLoop.S1" nVehContrib="8" flow="288.00" occupancy="20.64" speed="7.43" harmonicMeanSpeed="1.94" length="5.00" nVehEntered="8"/>
    <interval begin="4900.00" end="5000.00" id="inductionLoop.S1" nVehContrib="9" flow="324.00" occupancy="5.18" speed="9.46" harmonicMeanSpeed="8.77" length="5.00" nVehEntered="10"/>
    <interval begin="5000.00" end="5100.00" id="inductionLoop.S1" nVehContrib="7" flow="252.00" occupancy="5.23" speed="8.53" harmonicMeanSpeed="6.90" length="5.00" nVehEntered="8"/>
    <interval begin="5100.00" end="5200.00" id="inductionLoop.S1" nVehContrib="6" flow="216.00" occupancy="3.77" speed="10.21" harmonicMeanSpeed="8.69" length="5.00" nVehEntered="7"/>
    <interval begin="5200.00" end="5300.00" id="inductionLoop.S1" nVehContrib="11" flow="396.00" occupancy="6.50" speed="9.25" harmonicMeanSpeed="8.46" length="5.00" nVehEntered="11"/>
    <interval begin="5300.00" end="5400.00" id="inductionLoop.S1" nVehContrib="8" flow="288.00" occupancy="18.93" speed="6.85" harmonicMeanSpeed="5.32" length="5.00" nVehEntered="13"/>
    <interval begin="5400.00" end="5500.00" id="inductionLoop.S1" nVehContrib="9" flow="324.00" occupancy="11.99" speed="9.67" harmonicMeanSpeed="3.92" length="5.00" nVehEntered="12"/>
    <interval begin="5500.00" end="5600.00" id="inductionLoop.S1" nVehContrib="4" flow="144.00" occupancy="22.32" speed="4.41" harmonicMeanSpeed="0.94" length="5.00" nVehEntered="5"/>
    <interval begin="5600.00" end="5700.00" id="inductionLoop.S1" nVehContrib="5" flow="180.00" occupancy="14.91" speed="9.64" harmonicMeanSpeed="7.52" length="5.00" nVehEntered="6"/>
    <interval begin="5700.00" end="5800.00" id="inductionLoop.S1" nVehContrib="9" flow="324.00" occupancy="5.73" speed="8.86" harmonicMeanSpeed="2.60" length="5.00" nVehEntered="8"/>
    <interval begin="5800.00" end="5900.00" id="inductionLoop.S1" nVehContrib="8" flow="288.00" occupancy="12.85" speed="6.29" harmonicMeanSpeed="3.14" length="5.00" nVehEntered="9"/>
    <interval begin="5900.00" end="6000.00" id="inductionLoop.S1" nVehContrib="8" flow="288.00" occupancy="5.37" speed="9.61" harmonicMeanSpeed="7.45" length="5.00" nVehEntered="8"/>
    <interval begin="6000.00" end="6100.00" id="inductionLoop.S1" nVehContrib="10" flow="360.00" occupancy="19.32" speed="9.55" harmonicMeanSpeed="2.66" length="5.00" nVehEntered="11"/>
    <interval begin="6100.00" end="6200.00" id="inductionLoop.S1" nVehContrib="8" flow="288.00" occupancy="12.50" speed="7.80" harmonicMeanSpeed="3.22" length="5.00" nVehEntered="9"/>
    <interval begin="6200.00" end="6300.00" id="inductionLoop.S1" nVehContrib="12" flow="432.00" occupancy="8.76" speed="9.42" harmonicMeanSpeed="6.85" length="5.00" nVehEntered="12"/>
    <interval begin="6300.00" end="6400.00" id="inductionLoop.S1" nVehContrib="11" flow="396.00" occupancy="5.08" speed="11.22" harmonicMeanSpeed="10.84" length="5.00" nVehEntered="11"/>
    <interval begin="6400.00" end="6500.00" id="inductionLoop.S1" nVehContrib="11" flow="396.00" occupancy="9.66" speed="9.34" harmonicMeanSpeed="5.74" length="5.00" nVehEntered="12"/>
    <interval begin="6500.00" end="6600.00" id="inductionLoop.S1" nVehContrib="4" flow="144.00" occupancy="19.68" speed="9.91" harmonicMeanSpeed="9.73" length="5.00" nVehEntered="5"/>
    <interval begin="6600.00" end="6700.00" id="inductionLoop.S1" nVehContrib="9" flow="324.00" occupancy="6.73" speed="8.72" harmonicMeanSpeed="6.69" length="5.00" nVehEntered="9"/>
    <interval begin="6700.00" end="6800.00" id="inductionLoop.S1" nVehContrib="8" flow="288.00" occupancy="6.03" speed="10.62" harmonicMeanSpeed="10.29" length="5.00" nVehEntered="9"/>
    <interval begin="6800.00" end="6900.00" id="inductionLoop.S1" nVehContrib="6" flow="216.00" occupancy="4.48" speed="8.96" harmonicMeanSpeed="7.54" length="5.00" nVehEntered="8"/>
    <interval begin="6900.00" end="7000.00" id="inductionLoop.S1" nVehContrib="9" flow="324.00" occupancy="13.66" speed="8.33" harmonicMeanSpeed="3.58" length="5.00" nVehEntered="12"/>
    <interval begin="7000.00" end="7100.00" id="inductionLoop.S1" nVehContrib="5" flow="180.00" occupancy="6.72" speed="7.38" harmonicMeanSpeed="3.72" length="5.00" nVehEntered="5"/>
    <interval begin="7100.00" end="7200.00" id="inductionLoop.S1" nVehContrib="10" flow="360.00" occupancy="5.21" speed="11.28" harmonicMeanSpeed="9.59" length="5.00" nVehEntered="10"/>
    <interval begin="7200.00" end="7300.00" id="inductionLoop.S1" nVehContrib="6" flow="216.00" occupancy="2.34" speed="13.16" harmonicMeanSpeed="13.02" length="5.00" nVehEntered="7"/>
    <interval begin="7300.00" end="7400.00" id="inductionLoop.S1" nVehContrib="9" flow="324.00" occupancy="5.84" speed="9.82" harmonicMeanSpeed="7.67" length="5.00" nVehEntered="8"/>
    <interval begin="7400.00" end="7500.00" id="inductionLoop.S1" nVehContrib="10" flow="360.00" occupancy="5.17" speed="10.54" harmonicMeanSpeed="10.03" length="5.00" nVehEntered="11"/>
    <interval begin="7500.00" end="7600.00" id="inductionLoop.S1" nVehContrib="7" flow="252.00" occupancy="6.39" speed="9.39" harmonicMeanSpeed="5.48" length="5.00" nVehEntered="8"/>
    <interval begin="7600.00" end="7700.00" id="inductionLoop.S1" nVehContrib="7" flow="252.00" occupancy="6.77" speed="11.68" harmonicMeanSpeed="5.24" length="5.00" nVehEntered="9"/>
    <interval begin="7700.00" end="7800.00" id="inductionLoop.S1" nVehContrib="9" flow="324.00" occupancy="5.49" speed="11.02" harmonicMeanSpeed="8.19" length="5.00" nVehEntered="9"/>
    <interval begin="7800.00" end="7900.00" id="inductionLoop.S1" nVehContrib="7" flow="252.00" occupancy="3.69" speed="9.59" harmonicMeanSpeed="9.50" length="5.00" nVehEntered="7"/>
    <interval begin="7900.00" end="8000.00" id="inductionLoop.S1" nVehContrib="7" flow="252.00" occupancy="3.63" speed="10.63" harmonicMeanSpeed="10.42" length="5.00" nVehEntered="8"/>
    <interval begin="8000.00" end="8100.00" id="inductionLoop.S1" nVehContrib="7" flow="252.00" occupancy="2.97" speed="11.94" harmonicMeanSpeed="11.80" length="5.00" nVehEntered="7"/>
    <interval begin="8100.00" end="8200.00" id="inductionLoop.S1" nVehContrib="8" flow="288.00" occupancy="4.54" speed="10.71" harmonicMeanSpeed="9.54" length="5.00" nVehEntered="9"/>
    <interval begin="8200.00" end="8300.00" id="inductionLoop.S1" nVehContrib="8" flow="288.00" occupancy="3.63" speed="11.37" harmonicMeanSpeed="11.02" length="5.00" nVehEntered="8"/>
    <interval begin="8300.00" end="8400.00" id="inductionLoop.S1" nVehContrib="9" flow="324.00" occupancy="31.57" speed="7.73" harmonicMeanSpeed="1.43" length="5.00" nVehEntered="11"/>
    <interval begin="8400.00" end="8500.00" id="inductionLoop.S1" nVehContrib="11" flow="396.00" occupancy="12.00" speed="9.51" harmonicMeanSpeed="4.70" length="5.00" nVehEntered="12"/>
    <interval begin="8500.00" end="8600.00" id="inductionLoop.S1" nVehContrib="11" flow="396.00" occupancy="11.50" speed="9.44" harmonicMeanSpeed="8.17" length="5.00" nVehEntered="13"/>
    <interval begin="8600.00" end="8700.00" id="inductionLoop.S1" nVehContrib="10" flow="360.00" occupancy="10.54" speed="9.75" harmonicMeanSpeed="5.43" length="5.00" nVehEntered="12"/>
    <interval begin="8700.00" end="8800.00" id="inductionLoop.S1" nVehContrib="8" flow="288.00" occupancy="5.75" speed="9.48" harmonicMeanSpeed="6.96" length="5.00" nVehEntered="8"/>
    <interval begin="8800.00" end="8900.00" id="inductionLoop.S1" nVehContrib="6" flow="216.00" occupancy="24.21" speed="6.57" harmonicMeanSpeed="1.25" length="5.00" nVehEntered="7"/>
    <interval begin="8900.00" end="9000.00" id="inductionLoop.S1" nVehContrib="9" flow="324.00" occupancy="7.18" speed="8.81" harmonicMeanSpeed="6.27" length="5.00" nVehEntered="9"/>
    <interval begin="9000.00" end="9100.00" id="inductionLoop.S1" nVehContrib="7" flow="252.00" occupancy="4.86" speed="9.24" harmonicMeanSpeed="7.74" length="5.00" nVehEntered="8"/>
    <interval begin="9100.00" end="9200.00" id="inductionLoop.S1" nVehContrib="6" flow="216.00" occupancy="3.14" speed="10.80" harmonicMeanSpeed="10.09" length="5.00" nVehEntered="7"/>
    <interval begin="9200.00" end="9300.00" id="inductionLoop.S1" nVehContrib="7" flow="252.00" occupancy="4.49" speed="9.85" harmonicMeanSpeed="8.55" length="5.00" nVehEntered="8"/>
    <interval begin="9300.00" end="9400.00" id="inductionLoop.S1" nVehContrib="5" flow="180.00" occupancy="3.11" speed="11.14" harmonicMeanSpeed="10.80" length="5.00" nVehEntered="7"/>
    <interval begin="9400.00" end="9500.00" id="inductionLoop.S1" nVehContrib="6" flow="216.00" occupancy="6.22" speed="9.40" harmonicMeanSpeed="4.83" length="5.00" nVehEntered="6"/>
    <interval begin="9500.00" end="9600.00" id="inductionLoop.S1" nVehContrib="7" flow="252.00" occupancy="4.25" speed="9.00" harmonicMeanSpeed="8.51" length="5.00" nVehEntered="8"/>
    <interval begin="9600.00" end="9700.00" id="inductionLoop.S1" nVehContrib="10" flow="360.00" occupancy="4.99" speed="10.98" harmonicMeanSpeed="10.57" length="5.00" nVehEntered="11"/>
    <interval begin="9700.00" end="9800.00" id="inductionLoop.S1" nVehContrib="9" flow="324.00" occupancy="5.63" speed="10.29" harmonicMeanSpeed="8.73" length="5.00" nVehEntered="10"/>
    <interval begin="9800.00" end="9900.00" id="inductionLoop.S1" nVehContrib="11" flow="396.00" occupancy="5.34" speed="10.59" harmonicMeanSpeed="10.30" length="5.00" nVehEntered="11"/>
    <interval begin="9900.00" end="10000.00" id="inductionLoop.S1" nVehContrib="9" flow="324.00" occupancy="6.21" speed="9.75" harmonicMeanSpeed="8.52" length="5.00" nVehEntered="10"/>
    <interval begin="10000.00" end="10100.00" id="inductionLoop.S1" nVehContrib="7" flow="252.00" occupancy="20.82" speed="7.67" harmonicMeanSpeed="1.68" length="5.00" nVehEntered="7"/>
    <interval begin="10100.00" end="10200.00" id="inductionLoop.S1" nVehContrib="9" flow="324.00" occupancy="6.64" speed="10.77" harmonicMeanSpeed="7.13" length="5.00" nVehEntered="10"/>
    <interval begin="10200.00" end="10300.00" id="inductionLoop.S1" nVehContrib="5" flow="180.00" occupancy="2.37" speed="11.27" harmonicMeanSpeed="10.87" length="5.00" nVehEntered="6"/>
    <interval begin="10300.00" end="10400.00" id="inductionLoop.S1" nVehContrib="8" flow="288.00" occupancy="4.28" speed="10.88" harmonicMeanSpeed="9.35" length="5.00" nVehEntered="8"/>
    <interval begin="10400.00" end="10500.00" id="inductionLoop.S1" nVehContrib="6" flow="216.00" occupancy="2.89" speed="11.18" harmonicMeanSpeed="10.84" length="5.00" nVehEntered="7"/>
    <interval begin="10500.00" end="10600.00" id="inductionLoop.S1" nVehContrib="7" flow="252.00" occupancy="5.25" speed="9.39" harmonicMeanSpeed="6.88" length="5.00" nVehEntered="7"/>
    <interval begin="10600.00" end="10700.00" id="inductionLoop.S1" nVehContrib="5" flow="180.00" occupancy="9.36" speed="9.63" harmonicMeanSpeed="2.87" length="5.00" nVehEntered="7"/>
    <interval begin="10700.00" end="10800.00" id="inductionLoop.S1" nVehContrib="7" flow="252.00" occupancy="4.09" speed="11.18" harmonicMeanSpeed="9.39" length="5.00" nVehEntered="9"/>
    <interval begin="10800.00" end="10900.00" id="inductionLoop.S1" nVehContrib="7" flow="252.00" occupancy="8.02" speed="10.24" harmonicMeanSpeed="4.37" length="5.00" nVehEntered="7"/>
    <interval begin="10900.00" end="11000.00" id="inductionLoop.S1" nVehContrib="3" flow="108.00" occupancy="1.17" speed="12.85" harmonicMeanSpeed="12.81" length="5.00" nVehEntered="3"/>
    <interval begin="11000.00" end="11100.00" id="inductionLoop.S1" nVehContrib="5" flow="180.00" occupancy="2.42" speed="10.84" harmonicMeanSpeed="10.31" length="5.00" nVehEntered="5"/>
    <interval begin="11100.00" end="11200.00" id="inductionLoop.S1" nVehContrib="6" flow="216.00" occupancy="5.74" speed="10.01" harmonicMeanSpeed="5.34" length="5.00" nVehEntered="7"/>
    <interval begin="11200.00" end="11300.00" id="inductionLoop.S1" nVehContrib="4" flow="144.00" occupancy="1.77" speed="12.91" harmonicMeanSpeed="12.88" length="5.00" nVehEntered="5"/>
    <interval begin="11300.00" end="11400.00" id="inductionLoop.S1" nVehContrib="6" flow="216.00" occupancy="2.54" speed="12.01" harmonicMeanSpeed="11.80" length="5.00" nVehEntered="6"/>
    <interval begin="11400.00" end="11500.00" id="inductionLoop.S1" nVehContrib="7" flow="252.00" occupancy="2.83" speed="12.45" harmonicMeanSpeed="12.38" length="5.00" nVehEntered="7"/>
    <interval begin="11500.00" end="11600.00" id="inductionLoop.S1" nVehContrib="2" flow="72.00" occupancy="1.13" speed="13.17" harmonicMeanSpeed="13.17" length="5.00" nVehEntered="4"/>
    <interval begin="11600.00" end="11700.00" id="inductionLoop.S1" nVehContrib="3" flow="108.00" occupancy="1.28" speed="11.73" harmonicMeanSpeed="11.68" length="5.00" nVehEntered="3"/>
    <interval begin="11700.00" end="11800.00" id="inductionLoop.S1" nVehContrib="7" flow="252.00" occupancy="3.09" speed="11.74" harmonicMeanSpeed="11.32" length="5.00" nVehEntered="7"/>
    <interval begin="11800.00" end="11900.00" id="inductionLoop.S1" nVehContrib="6" flow="216.00" occupancy="4.57" speed="8.82" harmonicMeanSpeed="6.57" length="5.00" nVehEntered="6"/>
    <interval begin="11900.00" end="12000.00" id="inductionLoop.S1" nVehContrib="5" flow="180.00" occupancy="2.05" speed="12.50" harmonicMeanSpeed="12.21" length="5.00" nVehEntered="5"/>
    <interval begin="12000.00" end="12100.00" id="inductionLoop.S1" nVehContrib="4" flow="144.00" occupancy="1.61" speed="12.61" harmonicMeanSpeed="12.44" length="5.00" nVehEntered="4"/>
    <interval begin="12100.00" end="12200.00" id="inductionLoop.S1" nVehContrib="9" flow="324.00" occupancy="5.61" speed="10.30" harmonicMeanSpeed="8.03" length="5.00" nVehEntered="9"/>
    <interval begin="12200.00" end="12300.00" id="inductionLoop.S1" nVehContrib="6" flow="216.00" occupancy="3.69" speed="10.63" harmonicMeanSpeed="8.73" length="5.00" nVehEntered="7"/>
    <interval begin="12300.00" end="12400.00" id="inductionLoop.S1" nVehContrib="5" flow="180.00" occupancy="2.07" speed="12.13" harmonicMeanSpeed="12.05" length="5.00" nVehEntered="5"/>
    <interval begin="12400.00" end="12500.00" id="inductionLoop.S1" nVehContrib="8" flow="288.00" occupancy="3.63" speed="11.30" harmonicMeanSpeed="11.02" length="5.00" nVehEntered="8"/>
    <interval begin="12500.00" end="12600.00" id="inductionLoop.S1" nVehContrib="6" flow="216.00" occupancy="2.60" speed="12.40" harmonicMeanSpeed="12.03" length="5.00" nVehEntered="7"/>
    <interval begin="12600.00" end="12700.00" id="inductionLoop.S1" nVehContrib="11" flow="396.00" occupancy="6.30" speed="10.16" harmonicMeanSpeed="8.89" length="5.00" nVehEntered="12"/>
    <interval begin="12700.00" end="12800.00" id="inductionLoop.S1" nVehContrib="4" flow="144.00" occupancy="2.00" speed="10.25" harmonicMeanSpeed="10.02" length="5.00" nVehEntered="4"/>
    <interval begin="12800.00" end="12900.00" id="inductionLoop.S1" nVehContrib="6" flow="216.00" occupancy="6.78" speed="8.56" harmonicMeanSpeed="4.54" length="5.00" nVehEntered="8"/>
    <interval begin="12900.00" end="13000.00" id="inductionLoop.S1" nVehContrib="3" flow="108.00" occupancy="1.86" speed="10.18" harmonicMeanSpeed="8.06" length="5.00" nVehEntered="3"/>
    <interval begin="13000.00" end="13100.00" id="inductionLoop.S1" nVehContrib="9" flow="324.00" occupancy="9.61" speed="8.80" harmonicMeanSpeed="4.68" length="5.00" nVehEntered="9"/>
    <interval begin="13100.00" end="13200.00" id="inductionLoop.S1" nVehContrib="8" flow="288.00" occupancy="3.39" speed="12.08" harmonicMeanSpeed="11.81" length="5.00" nVehEntered="8"/>
    <interval begin="13200.00" end="13300.00" id="inductionLoop.S1" nVehContrib="7" flow="252.00" occupancy="4.18" speed="10.83" harmonicMeanSpeed="8.37" length="5.00" nVehEntered="7"/>
    <interval begin="13300.00" end="13400.00" id="inductionLoop.S1" nVehContrib="8" flow="288.00" occupancy="3.41" speed="11.81" harmonicMeanSpeed="11.74" length="5.00" nVehEntered="8"/>
    <interval begin="13400.00" end="13500.00" id="inductionLoop.S1" nVehContrib="7" flow="252.00" occupancy="3.80" speed="9.35" harmonicMeanSpeed="9.21" length="5.00" nVehEntered="7"/>
    <interval begin="13500.00" end="13600.00" id="inductionLoop.S1" nVehContrib="6" flow="216.00" occupancy="3.24" speed="11.05" harmonicMeanSpeed="10.82" length="5.00" nVehEntered="7"/>
    <interval begin="13600.00" end="13700.00" id="inductionLoop.S1" nVehContrib="5" flow="180.00" occupancy="2.06" speed="12.60" harmonicMeanSpeed="12.11" length="5.00" nVehEntered="5"/>
    <interval begin="13700.00" end="13800.00" id="inductionLoop.S1" nVehContrib="7" flow="252.00" occupancy="2.81" speed="12.59" harmonicMeanSpeed="12.47" length="5.00" nVehEntered="7"/>
    <interval begin="13800.00" end="13900.00" id="inductionLoop.S1" nVehContrib="8" flow="288.00" occupancy="4.56" speed="10.67" harmonicMeanSpeed="8.78" length="5.00" nVehEntered="8"/>
    <interval begin="13900.00" end="14000.00" id="inductionLoop.S1" nVehContrib="3" flow="108.00" occupancy="1.17" speed="12.93" harmonicMeanSpeed="12.78" length="5.00" nVehEntered="3"/>
    <interval begin="14000.00" end="14100.00" id="inductionLoop.S1" nVehContrib="6" flow="216.00" occupancy="3.13" speed="11.00" harmonicMeanSpeed="10.62" length="5.00" nVehEntered="7"/>
    <interval begin="14100.00" end="14200.00" id="inductionLoop.S1" nVehContrib="5" flow="180.00" occupancy="2.12" speed="13.18" harmonicMeanSpeed="13.03" length="5.00" nVehEntered="6"/>
    <interval begin="14200.00" end="14300.00" id="inductionLoop.S1" nVehContrib="5" flow="180.00" occupancy="2.45" speed="10.50" harmonicMeanSpeed="10.21" length="5.00" nVehEntered="5"/>
    <interval begin="14300.00" end="14400.00" id="inductionLoop.S1" nVehContrib="11" flow="396.00" occupancy="5.76" speed="10.92" harmonicMeanSpeed="9.55" length="5.00" nVehEntered="11"/>
    <interval begin="14400.00" end="14500.00" id="inductionLoop.S1" nVehContrib="5" flow="180.00" occupancy="6.95" speed="5.94" harmonicMeanSpeed="3.60" length="5.00" nVehEntered="5"/>
    <interval begin="14500.00" end="14600.00" id="inductionLoop.S1" nVehContrib="5" flow="180.00" occupancy="1.99" speed="12.60" harmonicMeanSpeed="12.58" length="5.00" nVehEntered="5"/>
    <interval begin="14600.00" end="14700.00" id="inductionLoop.S1" nVehContrib="3" flow="108.00" occupancy="1.29" speed="11.67" harmonicMeanSpeed="11.61" length="5.00" nVehEntered="3"/>
    <interval begin="14700.00" end="14800.00" id="inductionLoop.S1" nVehContrib="7" flow="252.00" occupancy="5.08" speed="9.05" harmonicMeanSpeed="6.89" length="5.00" nVehEntered="7"/>
    <interval begin="14800.00" end="14900.00" id="inductionLoop.S1" nVehContrib="5" flow="180.00" occupancy="3.69" speed="9.56" harmonicMeanSpeed="7.35" length="5.00" nVehEntered="6"/>
    <interval begin="14900.00" end="15000.00" id="inductionLoop.S1" nVehContrib="6" flow="216.00" occupancy="3.28" speed="10.48" harmonicMeanSpeed="9.15" length="5.00" nVehEntered="6"/>
    <interval begin="15000.00" end="15100.00" id="inductionLoop.S1" nVehContrib="3" flow="108.00" occupancy="1.83" speed="10.46" harmonicMeanSpeed="10.39" length="5.00" nVehEntered="4"/>
    <interval begin="15100.00" end="15200.00" id="inductionLoop.S1" nVehContrib="7" flow="252.00" occupancy="3.15" speed="11.60" harmonicMeanSpeed="11.40" length="5.00" nVehEntered="8"/>
    <interval begin="15200.00" end="15300.00" id="inductionLoop.S1" nVehContrib="8" flow="288.00" occupancy="4.15" speed="10.41" harmonicMeanSpeed="9.45" length="5.00" nVehEntered="7"/>
    <interval begin="15300.00" end="15400.00" id="inductionLoop.S1" nVehContrib="6" flow="216.00" occupancy="2.50" speed="12.12" harmonicMeanSpeed="12.01" length="5.00" nVehEntered="6"/>
    <interval begin="15400.00" end="15500.00" id="inductionLoop.S1" nVehContrib="8" flow="288.00" occupancy="5.05" speed="9.97" harmonicMeanSpeed="7.91" length="5.00" nVehEntered="8"/>
    <interval begin="15500.00" end="15600.00" id="inductionLoop.S1" nVehContrib="7" flow="252.00" occupancy="3.19" speed="11.09" harmonicMeanSpeed="10.98" length="5.00" nVehEntered="7"/>
    <interval begin="15600.00" end="15700.00" id="inductionLoop.S1" nVehContrib="8" flow="288.00" occupancy="3.42" speed="12.02" harmonicMeanSpeed="11.71" length="5.00" nVehEntered="8"/>
    <interval begin="15700.00" end="15800.00" id="inductionLoop.S1" nVehContrib="5" flow="180.00" occupancy="33.32" speed="4.79" harmonicMeanSpeed="0.76" length="5.00" nVehEntered="7"/>
    <interval begin="15800.00" end="15900.00" id="inductionLoop.S1" nVehContrib="8" flow="288.00" occupancy="3.61" speed="11.12" harmonicMeanSpeed="11.08" length="5.00" nVehEntered="8"/>
    <interval begin="15900.00" end="16000.00" id="inductionLoop.S1" nVehContrib="6" flow="216.00" occupancy="3.18" speed="9.95" harmonicMeanSpeed="9.78" length="5.00" nVehEntered="7"/>
    <interval begin="16000.00" end="16100.00" id="inductionLoop.S1" nVehContrib="8" flow="288.00" occupancy="8.85" speed="5.70" harmonicMeanSpeed="4.52" length="5.00" nVehEntered="8"/>
    <interval begin="16100.00" end="16200.00" id="inductionLoop.S1" nVehContrib="11" flow="396.00" occupancy="13.12" speed="8.62" harmonicMeanSpeed="4.19" length="5.00" nVehEntered="11"/>
    <interval begin="16200.00" end="16300.00" id="inductionLoop.S1" nVehContrib="6" flow="216.00" occupancy="5.01" speed="8.76" harmonicMeanSpeed="5.99" length="5.00" nVehEntered="6"/>
    <interval begin="16300.00" end="16400.00" id="inductionLoop.S1" nVehContrib="5" flow="180.00" occupancy="2.40" speed="11.45" harmonicMeanSpeed="11.28" length="5.00" nVehEntered="7"/>
    <interval begin="16400.00" end="16500.00" id="inductionLoop.S1" nVehContrib="3" flow="108.00" occupancy="1.27" speed="11.91" harmonicMeanSpeed="11.85" length="5.00" nVehEntered="3"/>
    <interval begin="16500.00" end="16600.00" id="inductionLoop.S1" nVehContrib="7" flow="252.00" occupancy="3.58" speed="10.70" harmonicMeanSpeed="10.31" length="5.00" nVehEntered="8"/>
    <interval begin="16600.00" end="16700.00" id="inductionLoop.S1" nVehContrib="8" flow="288.00" occupancy="4.25" speed="9.70" harmonicMeanSpeed="9.42" length="5.00" nVehEntered="8"/>
    <interval begin="16700.00" end="16800.00" id="inductionLoop.S1" nVehContrib="9" flow="324.00" occupancy="5.44" speed="10.30" harmonicMeanSpeed="8.84" length="5.00" nVehEntered="10"/>
    <interval begin="16800.00" end="16900.00" id="inductionLoop.S1" nVehContrib="4" flow="144.00" occupancy="1.73" speed="11.69" harmonicMeanSpeed="11.54" length="5.00" nVehEntered="4"/>
    <interval begin="16900.00" end="17000.00" id="inductionLoop.S1" nVehContrib="4" flow="144.00" occupancy="2.27" speed="11.24" harmonicMeanSpeed="11.14" length="5.00" nVehEntered="5"/>
    <interval begin="17000.00" end="17100.00" id="inductionLoop.S1" nVehContrib="7" flow="252.00" occupancy="3.93" speed="10.10" harmonicMeanSpeed="9.81" length="5.00" nVehEntered="8"/>
    <interval begin="17100.00" end="17200.00" id="inductionLoop.S1" nVehContrib="4" flow="144.00" occupancy="4.03" speed="7.00" harmonicMeanSpeed="5.70" length="5.00" nVehEntered="6"/>
    <interval begin="17200.00" end="17300.00" id="inductionLoop.S1" nVehContrib="10" flow="360.00" occupancy="6.96" speed="8.63" harmonicMeanSpeed="7.18" length="5.00" nVehEntered="10"/>
    <interval begin="17300.00" end="17400.00" id="inductionLoop.S1" nVehContrib="8" flow="288.00" occupancy="12.04" speed="10.13" harmonicMeanSpeed="3.32" length="5.00" nVehEntered="8"/>
    <interval begin="17400.00" end="17500.00" id="inductionLoop.S1" nVehContrib="9" flow="324.00" occupancy="14.55" speed="6.79" harmonicMeanSpeed="3.22" length="5.00" nVehEntered="10"/>
    <interval begin="17500.00" end="17600.00" id="inductionLoop.S1" nVehContrib="4" flow="144.00" occupancy="1.93" speed="11.11" harmonicMeanSpeed="10.39" length="5.00" nVehEntered="4"/>
    <interval begin="17600.00" end="17700.00" id="inductionLoop.S1" nVehContrib="12" flow="432.00" occupancy="6.44" speed="10.68" harmonicMeanSpeed="9.58" length="5.00" nVehEntered="13"/>
    <interval begin="17700.00" end="17800.00" id="inductionLoop.S1" nVehContrib="4" flow="144.00" occupancy="1.56" speed="12.90" harmonicMeanSpeed="12.81" length="5.00" nVehEntered="4"/>
    <interval begin="17800.00" end="17900.00" id="inductionLoop.S1" nVehContrib="5" flow="180.00" occupancy="12.43" speed="8.93" harmonicMeanSpeed="2.01" length="5.00" nVehEntered="6"/>
    <interval begin="17900.00" end="18000.00" id="inductionLoop.S1" nVehContrib="4" flow="144.00" occupancy="1.97" speed="12.73" harmonicMeanSpeed="12.72" length="5.00" nVehEntered="5"/>
    <interval begin="18000.00" end="18100.00" id="inductionLoop.S1" nVehContrib="11" flow="396.00" occupancy="13.43" speed="8.44" harmonicMeanSpeed="4.10" length="5.00" nVehEntered="11"/>
    <interval begin="18100.00" end="18200.00" id="inductionLoop.S1" nVehContrib="9" flow="324.00" occupancy="5.00" speed="9.84" harmonicMeanSpeed="9.00" length="5.00" nVehEntered="9"/>
    <interval begin="18200.00" end="18300.00" id="inductionLoop.S1" nVehContrib="5" flow="180.00" occupancy="2.46" speed="10.34" harmonicMeanSpeed="10.15" length="5.00" nVehEntered="5"/>
    <interval begin="18300.00" end="18400.00" id="inductionLoop.S1" nVehContrib="6" flow="216.00" occupancy="6.20" speed="7.72" harmonicMeanSpeed="4.84" length="5.00" nVehEntered="6"/>
    <interval begin="18400.00" end="18500.00" id="inductionLoop.S1" nVehContrib="7" flow="252.00" occupancy="3.15" speed="11.32" harmonicMeanSpeed="11.10" length="5.00" nVehEntered="7"/>
    <interval begin="18500.00" end="18600.00" id="inductionLoop.S1" nVehContrib="10" flow="360.00" occupancy="4.35" speed="11.60" harmonicMeanSpeed="11.49" length="5.00" nVehEntered="10"/>
    <interval begin="18600.00" end="18700.00" id="inductionLoop.S1" nVehContrib="4" flow="144.00" occupancy="34.44" speed="4.05" harmonicMeanSpeed="1.05" length="5.00" nVehEntered="5"/>
    <interval begin="18700.00" end="18800.00" id="inductionLoop.S1" nVehContrib="9" flow="324.00" occupancy="24.04" speed="7.77" harmonicMeanSpeed="1.16" length="5.00" nVehEntered="10"/>
    <interval begin="18800.00" end="18900.00" id="inductionLoop.S1" nVehContrib="5" flow="180.00" occupancy="13.87" speed="9.24" harmonicMeanSpeed="9.18" length="5.00" nVehEntered="9"/>
    <interval begin="18900.00" end="19000.00" id="inductionLoop.S1" nVehContrib="6" flow="216.00" occupancy="23.27" speed="7.29" harmonicMeanSpeed="0.91" length="5.00" nVehEntered="6"/>
    <interval begin="19000.00" end="19100.00" id="inductionLoop.S1" nVehContrib="4" flow="144.00" occupancy="9.80" speed="5.82" harmonicMeanSpeed="3.80" length="5.00" nVehEntered="6"/>
    <interval begin="19100.00" end="19200.00" id="inductionLoop.S1" nVehContrib="8" flow="288.00" occupancy="49.98" speed="7.44" harmonicMeanSpeed="0.74" length="5.00" nVehEntered="7"/>
    <interval begin="19200.00" end="19300.00" id="inductionLoop.S1" nVehContrib="9" flow="324.00" occupancy="6.01" speed="9.33" harmonicMeanSpeed="9.06" length="5.00" nVehEntered="10"/>
    <interval begin="19300.00" end="19400.00" id="inductionLoop.S1" nVehContrib="6" flow="216.00" occupancy="6.44" speed="7.36" harmonicMeanSpeed="4.66" length="5.00" nVehEntered="6"/>
    <interval begin="19400.00" end="19500.00" id="inductionLoop.S1" nVehContrib="3" flow="108.00" occupancy="19.20" speed="7.65" harmonicMeanSpeed="7.58" length="5.00" nVehEntered="4"/>
    <interval begin="19500.00" end="19600.00" id="inductionLoop.S1" nVehContrib="7" flow="252.00" occupancy="27.00" speed="7.25" harmonicMeanSpeed="0.79" length="5.00" nVehEntered="6"/>
    <interval begin="19600.00" end="19700.00" id="inductionLoop.S1" nVehContrib="6" flow="216.00" occupancy="28.15" speed="5.29" harmonicMeanSpeed="1.07" length="5.00" nVehEntered="6"/>
    <interval begin="19700.00" end="19800.00" id="inductionLoop.S1" nVehContrib="7" flow="252.00" occupancy="51.20" speed="7.19" harmonicMeanSpeed="0.72" length="5.00" nVehEntered="8"/>
    <interval begin="19800.00" end="19900.00" id="inductionLoop.S1" nVehContrib="4" flow="144.00" occupancy="81.53" speed="2.83" harmonicMeanSpeed="0.43" length="5.00" nVehEntered="5"/>
    <interval begin="19900.00" end="20000.00" id="inductionLoop.S1" nVehContrib="7" flow="252.00" occupancy="10.40" speed="7.54" harmonicMeanSpeed="0.78" length="5.00" nVehEntered="9"/>
    <interval begin="20000.00" end="20100.00" id="inductionLoop.S1" nVehContrib="7" flow="252.00" occupancy="33.09" speed="8.45" harmonicMeanSpeed="7.07" length="5.00" nVehEntered="9"/>
    <interval begin="20100.00" end="20200.00" id="inductionLoop.S1" nVehContrib="7" flow="252.00" occupancy="64.84" speed="2.66" harmonicMeanSpeed="0.38" length="5.00" nVehEntered="6"/>
    <interval begin="20200.00" end="20300.00" id="inductionLoop.S1" nVehContrib="8" flow="288.00" occupancy="22.29" speed="7.75" harmonicMeanSpeed="1.81" length="5.00" nVehEntered="9"/>
    <interval begin="20300.00" end="20400.00" id="inductionLoop.S1" nVehContrib="6" flow="216.00" occupancy="62.15" speed="2.83" harmonicMeanSpeed="0.50" length="5.00" nVehEntered="8"/>
    <interval begin="20400.00" end="20500.00" id="inductionLoop.S1" nVehContrib="7" flow="252.00" occupancy="85.57" speed="2.85" harmonicMeanSpeed="0.43" length="5.00" nVehEntered="7"/>
    <interval begin="20500.00" end="20600.00" id="inductionLoop.S1" nVehContrib="4" flow="144.00" occupancy="91.11" speed="1.00" harmonicMeanSpeed="0.35" length="5.00" nVehEntered="4"/>
    <interval begin="20600.00" end="20700.00" id="inductionLoop.S1" nVehContrib="12" flow="432.00" occupancy="77.62" speed="4.50" harmonicMeanSpeed="0.53" length="5.00" nVehEntered="12"/>
    <interval begin="20700.00" end="20800.00" id="inductionLoop.S1" nVehContrib="5" flow="180.00" occupancy="90.81" speed="4.43" harmonicMeanSpeed="0.44" length="5.00" nVehEntered="5"/>
    <interval begin="20800.00" end="20900.00" id="inductionLoop.S1" nVehContrib="13" flow="468.00" occupancy="76.82" speed="4.63" harmonicMeanSpeed="0.57" length="5.00" nVehEntered="12"/>
    <interval begin="20900.00" end="21000.00" id="inductionLoop.S1" nVehContrib="9" flow="324.00" occupancy="61.37" speed="5.48" harmonicMeanSpeed="0.84" length="5.00" nVehEntered="12"/>
    <interval begin="21000.00" end="21100.00" id="inductionLoop.S1" nVehContrib="6" flow="216.00" occupancy="86.96" speed="2.18" harmonicMeanSpeed="0.40" length="5.00" nVehEntered="6"/>
    <interval begin="21100.00" end="21200.00" id="inductionLoop.S1" nVehContrib="6" flow="216.00" occupancy="83.72" speed="1.95" harmonicMeanSpeed="0.30" length="5.00" nVehEntered="6"/>
    <interval begin="21200.00" end="21300.00" id="inductionLoop.S1" nVehContrib="11" flow="396.00" occupancy="81.16" speed="7.14" harmonicMeanSpeed="0.98" length="5.00" nVehEntered="11"/>
    <interval begin="21300.00" end="21400.00" id="inductionLoop.S1" nVehContrib="9" flow="324.00" occupancy="83.76" speed="4.31" harmonicMeanSpeed="0.43" length="5.00" nVehEntered="9"/>
    <interval begin="21400.00" end="21500.00" id="inductionLoop.S1" nVehContrib="5" flow="180.00" occupancy="88.81" speed="1.66" harmonicMeanSpeed="0.37" length="5.00" nVehEntered="5"/>
    <interval begin="21500.00" end="21600.00" id="inductionLoop.S1" nVehContrib="9" flow="324.00" occupancy="82.39" speed="3.20" harmonicMeanSpeed="0.42" length="5.00" nVehEntered="8"/>
    <interval begin="21600.00" end="21700.00" id="inductionLoop.S1" nVehContrib="8" flow="288.00" occupancy="81.53" speed="5.52" harmonicMeanSpeed="0.49" length="5.00" nVehEntered="8"/>
    <interval begin="21700.00" end="21800.00" id="inductionLoop.S1" nVehContrib="5" flow="180.00" occupancy="87.81" speed="1.95" harmonicMeanSpeed="0.38" length="5.00" nVehEntered="6"/>
    <interval begin="21800.00" end="21900.00" id="inductionLoop.S1" nVehContrib="9" flow="324.00" occupancy="83.04" speed="4.39" harmonicMeanSpeed="0.63" length="5.00" nVehEntered="9"/>
    <interval begin="21900.00" end="22000.00" id="inductionLoop.S1" nVehContrib="8" flow="288.00" occupancy="83.43" speed="3.36" harmonicMeanSpeed="0.39" length="5.00" nVehEntered="8"/>
    <interval begin="22000.00" end="22100.00" id="inductionLoop.S1" nVehContrib="9" flow="324.00" occupancy="82.61" speed="4.73" harmonicMeanSpeed="0.52" length="5.00" nVehEntered="9"/>
    <interval begin="22100.00" end="22200.00" id="inductionLoop.S1" nVehContrib="8" flow="288.00" occupancy="84.82" speed="3.89" harmonicMeanSpeed="0.60" length="5.00" nVehEntered="8"/>
    <interval begin="22200.00" end="22300.00" id="inductionLoop.S1" nVehContrib="6" flow="216.00" occupancy="88.17" speed="3.40" harmonicMeanSpeed="0.50" length="5.00" nVehEntered="6"/>
    <interval begin="22300.00" end="22400.00" id="inductionLoop.S1" nVehContrib="10" flow="360.00" occupancy="78.81" speed="3.30" harmonicMeanSpeed="0.37" length="5.00" nVehEntered="10"/>
    <interval begin="22400.00" end="22500.00" id="inductionLoop.S1" nVehContrib="10" flow="360.00" occupancy="81.45" speed="4.51" harmonicMeanSpeed="0.60" length="5.00" nVehEntered="9"/>
    <interval begin="22500.00" end="22600.00" id="inductionLoop.S1" nVehContrib="3" flow="108.00" occupancy="92.28" speed="0.44" harmonicMeanSpeed="0.16" length="5.00" nVehEntered="4"/>
    <interval begin="22600.00" end="22700.00" id="inductionLoop.S1" nVehContrib="11" flow="396.00" occupancy="80.93" speed="6.21" harmonicMeanSpeed="1.07" length="5.00" nVehEntered="11"/>
    <interval begin="22700.00" end="22800.00" id="inductionLoop.S1" nVehContrib="6" flow="216.00" occupancy="87.85" speed="4.13" harmonicMeanSpeed="0.44" length="5.00" nVehEntered="6"/>
    <interval begin="22800.00" end="22900.00" id="inductionLoop.S1" nVehContrib="9" flow="324.00" occupancy="82.81" speed="2.77" harmonicMeanSpeed="0.34" length="5.00" nVehEntered="8"/>
    <interval begin="22900.00" end="23000.00" id="inductionLoop.S1" nVehContrib="6" flow="216.00" occupancy="86.77" speed="5.20" harmonicMeanSpeed="0.59" length="5.00" nVehEntered="7"/>
    <interval begin="23000.00" end="23100.00" id="inductionLoop.S1" nVehContrib="8" flow="288.00" occupancy="84.26" speed="5.22" harmonicMeanSpeed="0.44" length="5.00" nVehEntered="8"/>
    <interval begin="23100.00" end="23200.00" id="inductionLoop.S1" nVehContrib="7" flow="252.00" occupancy="85.26" speed="2.35" harmonicMeanSpeed="0.32" length="5.00" nVehEntered="7"/>
    <interval begin="23200.00" end="23300.00" id="inductionLoop.S1" nVehContrib="4" flow="144.00" occupancy="90.93" speed="1.80" harmonicMeanSpeed="0.44" length="5.00" nVehEntered="4"/>
    <interval begin="23300.00" end="23400.00" id="inductionLoop.S1" nVehContrib="3" flow="108.00" occupancy="92.47" speed="0.24" harmonicMeanSpeed="0.17" length="5.00" nVehEntered="3"/>
    <interval begin="23400.00" end="23500.00" id="inductionLoop.S1" nVehContrib="9" flow="324.00" occupancy="84.03" speed="5.15" harmonicMeanSpeed="0.53" length="5.00" nVehEntered="9"/>
    <interval begin="23500.00" end="23600.00" id="inductionLoop.S1" nVehContrib="8" flow="288.00" occupancy="82.76" speed="2.20" harmonicMeanSpeed="0.30" length="5.00" nVehEntered="8"/>
    <interval begin="23600.00" end="23700.00" id="inductionLoop.S1" nVehContrib="4" flow="144.00" occupancy="91.61" speed="1.02" harmonicMeanSpeed="0.21" length="5.00" nVehEntered="3"/>
    <interval begin="23700.00" end="23800.00" id="inductionLoop.S1" nVehContrib="11" flow="396.00" occupancy="79.20" speed="4.33" harmonicMeanSpeed="0.78" length="5.00" nVehEntered="12"/>
    <interval begin="23800.00" end="23900.00" id="inductionLoop.S1" nVehContrib="10" flow="360.00" occupancy="82.22" speed="4.42" harmonicMeanSpeed="0.66" length="5.00" nVehEntered="10"/>
    <interval begin="23900.00" end="24000.00" id="inductionLoop.S1" nVehContrib="7" flow="252.00" occupancy="84.58" speed="2.37" harmonicMeanSpeed="0.47" length="5.00" nVehEntered="7"/>
    <interval begin="24000.00" end="24100.00" id="inductionLoop.S1" nVehContrib="9" flow="324.00" occupancy="82.01" speed="3.26" harmonicMeanSpeed="0.45" length="5.00" nVehEntered="9"/>
    <interval begin="24100.00" end="24200.00" id="inductionLoop.S1" nVehContrib="9" flow="324.00" occupancy="81.62" speed="3.33" harmonicMeanSpeed="0.55" length="5.00" nVehEntered="9"/>
    <interval begin="24200.00" end="24300.00" id="inductionLoop.S1" nVehContrib="7" flow="252.00" occupancy="86.14" speed="3.99" harmonicMeanSpeed="0.52" length="5.00" nVehEntered="7"/>
    <interval begin="24300.00" end="24400.00" id="inductionLoop.S1" nVehContrib="12" flow="432.00" occupancy="79.55" speed="5.61" harmonicMeanSpeed="0.57" length="5.00" nVehEntered="11"/>
    <interval begin="24400.00" end="24500.00" id="inductionLoop.S1" nVehContrib="6" flow="216.00" occupancy="79.59" speed="2.17" harmonicMeanSpeed="0.38" length="5.00" nVehEntered="6"/>
    <interval begin="24500.00" end="24600.00" id="inductionLoop.S1" nVehContrib="8" flow="288.00" occupancy="27.37" speed="7.24" harmonicMeanSpeed="1.46" length="5.00" nVehEntered="8"/>
    <interval begin="24600.00" end="24700.00" id="inductionLoop.S1" nVehContrib="5" flow="180.00" occupancy="5.75" speed="9.70" harmonicMeanSpeed="9.48" length="5.00" nVehEntered="8"/>
    <interval begin="24700.00" end="24800.00" id="inductionLoop.S1" nVehContrib="8" flow="288.00" occupancy="83.94" speed="3.48" harmonicMeanSpeed="0.75" length="5.00" nVehEntered="8"/>
    <interval begin="24800.00" end="24900.00" id="inductionLoop.S1" nVehContrib="13" flow="468.00" occupancy="70.55" speed="6.05" harmonicMeanSpeed="0.89" length="5.00" nVehEntered="13"/>
    <interval begin="24900.00" end="25000.00" id="inductionLoop.S1" nVehContrib="5" flow="180.00" occupancy="83.37" speed="1.18" harmonicMeanSpeed="0.22" length="5.00" nVehEntered="5"/>
    <interval begin="25000.00" end="25100.00" id="inductionLoop.S1" nVehContrib="6" flow="216.00" occupancy="88.20" speed="4.84" harmonicMeanSpeed="0.40" length="5.00" nVehEntered="6"/>
    <interval begin="25100.00" end="25200.00" id="inductionLoop.S1" nVehContrib="8" flow="288.00" occupancy="84.19" speed="3.48" harmonicMeanSpeed="0.42" length="5.00" nVehEntered="8"/>
    <interval begin="25200.00" end="25300.00" id="inductionLoop.S1" nVehContrib="4" flow="144.00" occupancy="91.56" speed="2.00" harmonicMeanSpeed="0.50" length="5.00" nVehEntered="4"/>
    <interval begin="25300.00" end="25400.00" id="inductionLoop.S1" nVehContrib="7" flow="252.00" occupancy="86.61" speed="4.10" harmonicMeanSpeed="0.44" length="5.00" nVehEntered="7"/>
    <interval begin="25400.00" end="25500.00" id="inductionLoop.S1" nVehContrib="9" flow="324.00" occupancy="83.74" speed="5.76" harmonicMeanSpeed="0.49" length="5.00" nVehEntered="9"/>
    <interval begin="25500.00" end="25600.00" id="inductionLoop.S1" nVehContrib="13" flow="468.00" occupancy="77.12" speed="6.54" harmonicMeanSpeed="0.64" length="5.00" nVehEntered="13"/>
    <interval begin="25600.00" end="25700.00" id="inductionLoop.S1" nVehContrib="5" flow="180.00" occupancy="91.08" speed="4.82" harmonicMeanSpeed="0.48" length="5.00" nVehEntered="5"/>
    <interval begin="25700.00" end="25800.00" id="inductionLoop.S1" nVehContrib="17" flow="612.00" occupancy="69.75" speed="5.87" harmonicMeanSpeed="0.67" length="5.00" nVehEntered="17"/>
    <interval begin="25800.00" end="25900.00" id="inductionLoop.S1" nVehContrib="4" flow="144.00" occupancy="91.75" speed="1.80" harmonicMeanSpeed="0.27" length="5.00" nVehEntered="4"/>
    <interval begin="25900.00" end="26000.00" id="inductionLoop.S1" nVehContrib="11" flow="396.00" occupancy="79.85" speed="5.02" harmonicMeanSpeed="0.55" length="5.00" nVehEntered="11"/>
    <interval begin="26000.00" end="26100.00" id="inductionLoop.S1" nVehContrib="10" flow="360.00" occupancy="81.72" speed="5.38" harmonicMeanSpeed="0.60" length="5.00" nVehEntered="10"/>
    <interval begin="26100.00" end="26200.00" id="inductionLoop.S1" nVehContrib="5" flow="180.00" occupancy="85.25" speed="1.04" harmonicMeanSpeed="0.27" length="5.00" nVehEntered="5"/>
    <interval begin="26200.00" end="26300.00" id="inductionLoop.S1" nVehContrib="5" flow="180.00" occupancy="90.27" speed="4.30" harmonicMeanSpeed="0.33" length="5.00" nVehEntered="5"/>
    <interval begin="26300.00" end="26400.00" id="inductionLoop.S1" nVehContrib="6" flow="216.00" occupancy="69.72" speed="2.51" harmonicMeanSpeed="0.66" length="5.00" nVehEntered="6"/>
    <interval begin="26400.00" end="26500.00" id="inductionLoop.S1" nVehContrib="10" flow="360.00" occupancy="81.61" speed="4.78" harmonicMeanSpeed="0.54" length="5.00" nVehEntered="10"/>
    <interval begin="26500.00" end="26600.00" id="inductionLoop.S1" nVehContrib="4" flow="144.00" occupancy="93.24" speed="2.02" harmonicMeanSpeed="0.16" length="5.00" nVehEntered="3"/>
    <interval begin="26600.00" end="26700.00" id="inductionLoop.S1" nVehContrib="9" flow="324.00" occupancy="79.03" speed="4.61" harmonicMeanSpeed="2.59" length="5.00" nVehEntered="10"/>
    <interval begin="26700.00" end="26800.00" id="inductionLoop.S1" nVehContrib="8" flow="288.00" occupancy="86.28" speed="6.32" harmonicMeanSpeed="0.56" length="5.00" nVehEntered="8"/>
    <interval begin="26800.00" end="26900.00" id="inductionLoop.S1" nVehContrib="13" flow="468.00" occupancy="76.93" speed="5.04" harmonicMeanSpeed="0.42" length="5.00" nVehEntered="12"/>
    <interval begin="26900.00" end="27000.00" id="inductionLoop.S1" nVehContrib="6" flow="216.00" occupancy="85.23" speed="2.24" harmonicMeanSpeed="0.57" length="5.00" nVehEntered="7"/>
    <interval begin="27000.00" end="27100.00" id="inductionLoop.S1" nVehContrib="4" flow="144.00" occupancy="91.32" speed="1.79" harmonicMeanSpeed="0.16" length="5.00" nVehEntered="3"/>
    <interval begin="27100.00" end="27200.00" id="inductionLoop.S1" nVehContrib="5" flow="180.00" occupancy="74.74" speed="2.81" harmonicMeanSpeed="0.34" length="5.00" nVehEntered="6"/>
    <interval begin="27200.00" end="27300.00" id="inductionLoop.S1" nVehContrib="6" flow="216.00" occupancy="63.47" speed="2.92" harmonicMeanSpeed="0.59" length="5.00" nVehEntered="6"/>
    <interval begin="27300.00" end="27400.00" id="inductionLoop.S1" nVehContrib="4" flow="144.00" occupancy="90.73" speed="1.73" harmonicMeanSpeed="0.26" length="5.00" nVehEntered="4"/>
    <interval begin="27400.00" end="27500.00" id="inductionLoop.S1" nVehContrib="6" flow="216.00" occupancy="87.66" speed="2.25" harmonicMeanSpeed="0.44" length="5.00" nVehEntered="6"/>
    <interval begin="27500.00" end="27600.00" id="inductionLoop.S1" nVehContrib="12" flow="432.00" occupancy="76.30" speed="4.76" harmonicMeanSpeed="0.71" length="5.00" nVehEntered="12"/>
    <interval begin="27600.00" end="27700.00" id="inductionLoop.S1" nVehContrib="11" flow="396.00" occupancy="75.60" speed="2.64" harmonicMeanSpeed="0.47" length="5.00" nVehEntered="11"/>
    <interval begin="27700.00" end="27800.00" id="inductionLoop.S1" nVehContrib="13" flow="468.00" occupancy="78.70" speed="8.51" harmonicMeanSpeed="2.55" length="5.00" nVehEntered="13"/>
    <interval begin="27800.00" end="27900.00" id="inductionLoop.S1" nVehContrib="14" flow="504.00" occupancy="55.99" speed="5.15" harmonicMeanSpeed="0.64" length="5.00" nVehEntered="13"/>
    <interval begin="27900.00" end="28000.00" id="inductionLoop.S1" nVehContrib="11" flow="396.00" occupancy="80.51" speed="8.36" harmonicMeanSpeed="2.12" length="5.00" nVehEntered="12"/>
    <interval begin="28000.00" end="28100.00" id="inductionLoop.S1" nVehContrib="13" flow="468.00" occupancy="76.62" speed="6.67" harmonicMeanSpeed="0.50" length="5.00" nVehEntered="13"/>
    <interval begin="28100.00" end="28200.00" id="inductionLoop.S1" nVehContrib="13" flow="468.00" occupancy="50.74" speed="5.64" harmonicMeanSpeed="1.24" length="5.00" nVehEntered="12"/>
    <interval begin="28200.00" end="28300.00" id="inductionLoop.S1" nVehContrib="12" flow="432.00" occupancy="24.78" speed="6.05" harmonicMeanSpeed="2.48" length="5.00" nVehEntered="13"/>
    <interval begin="28300.00" end="28400.00" id="inductionLoop.S1" nVehContrib="7" flow="252.00" occupancy="17.89" speed="7.33" harmonicMeanSpeed="4.32" length="5.00" nVehEntered="7"/>
    <interval begin="28400.00" end="28500.00" id="inductionLoop.S1" nVehContrib="21" flow="756.00" occupancy="64.52" speed="6.82" harmonicMeanSpeed="2.57" length="5.00" nVehEntered="21"/>
    <interval begin="28500.00" end="28600.00" id="inductionLoop.S1" nVehContrib="27" flow="972.00" occupancy="43.75" speed="6.36" harmonicMeanSpeed="1.73" length="5.00" nVehEntered="26"/>
    <interval begin="28600.00" end="28700.00" id="inductionLoop.S1" nVehContrib="17" flow="612.00" occupancy="20.67" speed="10.35" harmonicMeanSpeed="9.21" length="5.00" nVehEntered="18"/>
    <interval begin="28700.00" end="28800.00" id="inductionLoop.S1" nVehContrib="12" flow="432.00" occupancy="79.43" speed="5.44" harmonicMeanSpeed="0.74" length="5.00" nVehEntered="12"/>
    <interval begin="28800.00" end="28900.00" id="inductionLoop.S1" nVehContrib="19" flow="684.00" occupancy="66.95" speed="6.30" harmonicMeanSpeed="1.47" length="5.00" nVehEntered="19"/>
    <interval begin="28900.00" end="29000.00" id="inductionLoop.S1" nVehContrib="12" flow="432.00" occupancy="78.21" speed="5.59" harmonicMeanSpeed="0.71" length="5.00" nVehEntered="12"/>
    <interval begin="29000.00" end="29100.00" id="inductionLoop.S1" nVehContrib="10" flow="360.00" occupancy="78.58" speed="4.99" harmonicMeanSpeed="0.92" length="5.00" nVehEntered="10"/>
    <interval begin="29100.00" end="29200.00" id="inductionLoop.S1" nVehContrib="13" flow="468.00" occupancy="78.56" speed="8.73" harmonicMeanSpeed="0.80" length="5.00" nVehEntered="13"/>
    <interval begin="29200.00" end="29300.00" id="inductionLoop.S1" nVehContrib="8" flow="288.00" occupancy="61.56" speed="3.25" harmonicMeanSpeed="0.45" length="5.00" nVehEntered="7"/>
    <interval begin="29300.00" end="29400.00" id="inductionLoop.S1" nVehContrib="8" flow="288.00" occupancy="20.24" speed="3.47" harmonicMeanSpeed="2.24" length="5.00" nVehEntered="9"/>
    <interval begin="29400.00" end="29500.00" id="inductionLoop.S1" nVehContrib="3" flow="108.00" occupancy="93.22" speed="1.30" harmonicMeanSpeed="0.34" length="5.00" nVehEntered="3"/>
    <interval begin="29500.00" end="29600.00" id="inductionLoop.S1" nVehContrib="7" flow="252.00" occupancy="87.65" speed="2.76" harmonicMeanSpeed="0.25" length="5.00" nVehEntered="6"/>
    <interval begin="29600.00" end="29700.00" id="inductionLoop.S1" nVehContrib="12" flow="432.00" occupancy="76.30" speed="5.66" harmonicMeanSpeed="0.94" length="5.00" nVehEntered="13"/>
    <interval begin="29700.00" end="29800.00" id="inductionLoop.S1" nVehContrib="6" flow="216.00" occupancy="43.92" speed="7.13" harmonicMeanSpeed="0.53" length="5.00" nVehEntered="5"/>
    <interval begin="29800.00" end="29900.00" id="inductionLoop.S1" nVehContrib="4" flow="144.00" occupancy="2.54" speed="9.30" harmonicMeanSpeed="7.89" length="5.00" nVehEntered="4"/>
    <interval begin="29900.00" end="30000.00" id="inductionLoop.S1" nVehContrib="7" flow="252.00" occupancy="3.63" speed="10.91" harmonicMeanSpeed="10.58" length="5.00" nVehEntered="8"/>
    <interval begin="30000.00" end="30100.00" id="inductionLoop.S1" nVehContrib="2" flow="72.00" occupancy="0.84" speed="11.94" harmonicMeanSpeed="11.94" length="5.00" nVehEntered="2"/>
    <interval begin="30100.00" end="30200.00" id="inductionLoop.S1" nVehContrib="10" flow="360.00" occupancy="4.51" speed="11.49" harmonicMeanSpeed="11.36" length="5.00" nVehEntered="11"/>
    <interval begin="30200.00" end="30300.00" id="inductionLoop.S1" nVehContrib="7" flow="252.00" occupancy="5.00" speed="9.36" harmonicMeanSpeed="7.00" length="5.00" nVehEntered="7"/>
    <interval begin="30300.00" end="30400.00" id="inductionLoop.S1" nVehContrib="7" flow="252.00" occupancy="3.01" speed="11.87" harmonicMeanSpeed="11.61" length="5.00" nVehEntered="7"/>
    <interval begin="30400.00" end="30500.00" id="inductionLoop.S1" nVehContrib="7" flow="252.00" occupancy="2.59" speed="13.66" harmonicMeanSpeed="13.49" length="5.00" nVehEntered="7"/>
    <interval begin="30500.00" end="30600.00" id="inductionLoop.S1" nVehContrib="2" flow="72.00" occupancy="0.78" speed="12.95" harmonicMeanSpeed="12.84" length="5.00" nVehEntered="2"/>
    <interval begin="30600.00" end="30700.00" id="inductionLoop.S1" nVehContrib="2" flow="72.00" occupancy="0.85" speed="11.85" harmonicMeanSpeed="11.73" length="5.00" nVehEntered="2"/>
    <interval begin="30700.00" end="30800.00" id="inductionLoop.S1" nVehContrib="0" flow="0.00" occupancy="0.00" speed="-1.00" harmonicMeanSpeed="-1.00" length="-1.00" nVehEntered="0"/>
    <interval begin="30800.00" end="30900.00" id="inductionLoop.S1" nVehContrib="1" flow="36.00" occupancy="0.36" speed="13.91" harmonicMeanSpeed="13.91" length="5.00" nVehEntered="1"/>
    <interval begin="30900.00" end="31000.00" id="inductionLoop.S1" nVehContrib="3" flow="108.00" occupancy="1.25" speed="12.18" harmonicMeanSpeed="11.97" length="5.00" nVehEntered="3"/>
    <interval begin="31000.00" end="31100.00" id="inductionLoop.S1" nVehContrib="9" flow="324.00" occupancy="8.49" speed="9.99" harmonicMeanSpeed="9.76" length="5.00" nVehEntered="12"/>
    <interval begin="31100.00" end="31200.00" id="inductionLoop.S1" nVehContrib="6" flow="216.00" occupancy="3.72" speed="11.28" harmonicMeanSpeed="11.02" length="5.00" nVehEntered="6"/>
    <interval begin="31200.00" end="31300.00" id="inductionLoop.S1" nVehContrib="9" flow="324.00" occupancy="5.72" speed="9.87" harmonicMeanSpeed="7.87" length="5.00" nVehEntered="9"/>
    <interval begin="31300.00" end="31400.00" id="inductionLoop.S1" nVehContrib="12" flow="432.00" occupancy="7.42" speed="9.72" harmonicMeanSpeed="8.09" length="5.00" nVehEntered="12"/>
    <interval begin="31400.00" end="31500.00" id="inductionLoop.S1" nVehContrib="11" flow="396.00" occupancy="6.04" speed="10.74" harmonicMeanSpeed="10.51" length="5.00" nVehEntered="12"/>
    <interval begin="31500.00" end="31600.00" id="inductionLoop.S1" nVehContrib="8" flow="288.00" occupancy="62.28" speed="5.42" harmonicMeanSpeed="0.74" length="5.00" nVehEntered="9"/>
    <interval begin="31600.00" end="31700.00" id="inductionLoop.S1" nVehContrib="7" flow="252.00" occupancy="29.92" speed="6.63" harmonicMeanSpeed="0.93" length="5.00" nVehEntered="7"/>
    <interval begin="31700.00" end="31800.00" id="inductionLoop.S1" nVehContrib="10" flow="360.00" occupancy="13.12" speed="7.09" harmonicMeanSpeed="3.81" length="5.00" nVehEntered="10"/>
    <interval begin="31800.00" end="31900.00" id="inductionLoop.S1" nVehContrib="8" flow="288.00" occupancy="9.55" speed="10.00" harmonicMeanSpeed="4.19" length="5.00" nVehEntered="8"/>
    <interval begin="31900.00" end="32000.00" id="inductionLoop.S1" nVehContrib="7" flow="252.00" occupancy="3.15" speed="12.02" harmonicMeanSpeed="11.88" length="5.00" nVehEntered="8"/>
    <interval begin="32000.00" end="32100.00" id="inductionLoop.S1" nVehContrib="9" flow="324.00" occupancy="4.01" speed="11.36" harmonicMeanSpeed="11.22" length="5.00" nVehEntered="9"/>
    <interval begin="32100.00" end="32200.00" id="inductionLoop.S1" nVehContrib="7" flow="252.00" occupancy="5.80" speed="9.27" harmonicMeanSpeed="6.46" length="5.00" nVehEntered="8"/>
    <interval begin="32200.00" end="32300.00" id="inductionLoop.S1" nVehContrib="4" flow="144.00" occupancy="2.53" speed="9.84" harmonicMeanSpeed="7.91" length="5.00" nVehEntered="4"/>
    <interval begin="32300.00" end="32400.00" id="inductionLoop.S1" nVehContrib="4" flow="144.00" occupancy="1.57" speed="12.91" harmonicMeanSpeed="12.77" length="5.00" nVehEntered="4"/>
    <interval begin="32400.00" end="32500.00" id="inductionLoop.S1" nVehContrib="8" flow="288.00" occupancy="14.48" speed="10.15" harmonicMeanSpeed="9.59" length="5.00" nVehEntered="10"/>
    <interval begin="32500.00" end="32600.00" id="inductionLoop.S1" nVehContrib="9" flow="324.00" occupancy="68.65" speed="6.84" harmonicMeanSpeed="1.53" length="5.00" nVehEntered="9"/>
    <interval begin="32600.00" end="32700.00" id="inductionLoop.S1" nVehContrib="17" flow="612.00" occupancy="35.84" speed="7.60" harmonicMeanSpeed="1.03" length="5.00" nVehEntered="18"/>
    <interval begin="32700.00" end="32800.00" id="inductionLoop.S1" nVehContrib="4" flow="144.00" occupancy="81.38" speed="2.51" harmonicMeanSpeed="0.33" length="5.00" nVehEntered="4"/>
    <interval begin="32800.00" end="32900.00" id="inductionLoop.S1" nVehContrib="1" flow="36.00" occupancy="0.41" speed="12.15" harmonicMeanSpeed="12.15" length="5.00" nVehEntered="1"/>
    <interval begin="32900.00" end="33000.00" id="inductionLoop.S1" nVehContrib="0" flow="0.00" occupancy="0.00" speed="-1.00" harmonicMeanSpeed="-1.00" length="-1.00" nVehEntered="0"/>
    <interval begin="33000.00" end="33100.00" id="inductionLoop.S1" nVehContrib="8" flow="288.00" occupancy="6.01" speed="9.13" harmonicMeanSpeed="6.66" length="5.00" nVehEntered="8"/>
    <interval begin="33100.00" end="33200.00" id="inductionLoop.S1" nVehContrib="10" flow="360.00" occupancy="51.23" speed="7.34" harmonicMeanSpeed="2.29" length="5.00" nVehEntered="13"/>
    <interval begin="33200.00" end="33300.00" id="inductionLoop.S1" nVehContrib="10" flow="360.00" occupancy="50.24" speed="5.76" harmonicMeanSpeed="0.64" length="5.00" nVehEntered="10"/>
    <interval begin="33300.00" end="33400.00" id="inductionLoop.S1" nVehContrib="8" flow="288.00" occupancy="47.26" speed="6.07" harmonicMeanSpeed="0.92" length="5.00" nVehEntered="9"/>
    <interval begin="33400.00" end="33500.00" id="inductionLoop.S1" nVehContrib="9" flow="324.00" occupancy="75.87" speed="5.03" harmonicMeanSpeed="0.65" length="5.00" nVehEntered="9"/>
    <interval begin="33500.00" end="33600.00" id="inductionLoop.S1" nVehContrib="11" flow="396.00" occupancy="78.93" speed="3.97" harmonicMeanSpeed="1.07" length="5.00" nVehEntered="11"/>
    <interval begin="33600.00" end="33700.00" id="inductionLoop.S1" nVehContrib="11" flow="396.00" occupancy="36.41" speed="7.08" harmonicMeanSpeed="0.84" length="5.00" nVehEntered="11"/>
    <interval begin="33700.00" end="33800.00" id="inductionLoop.S1" nVehContrib="13" flow="468.00" occupancy="35.10" speed="8.01" harmonicMeanSpeed="1.49" length="5.00" nVehEntered="12"/>
    <interval begin="33800.00" end="33900.00" id="inductionLoop.S1" nVehContrib="7" flow="252.00" occupancy="4.28" speed="9.42" harmonicMeanSpeed="9.22" length="5.00" nVehEntered="9"/>
    <interval begin="33900.00" end="34000.00" id="inductionLoop.S1" nVehContrib="9" flow="324.00" occupancy="11.97" speed="8.11" harmonicMeanSpeed="3.91" length="5.00" nVehEntered="10"/>
    <interval begin="34000.00" end="34100.00" id="inductionLoop.S1" nVehContrib="12" flow="432.00" occupancy="5.32" speed="11.58" harmonicMeanSpeed="11.29" length="5.00" nVehEntered="12"/>
    <interval begin="34100.00" end="34200.00" id="inductionLoop.S1" nVehContrib="7" flow="252.00" occupancy="6.56" speed="11.68" harmonicMeanSpeed="11.32" length="5.00" nVehEntered="9"/>
    <interval begin="34200.00" end="34300.00" id="inductionLoop.S1" nVehContrib="8" flow="288.00" occupancy="15.96" speed="8.35" harmonicMeanSpeed="2.22" length="5.00" nVehEntered="8"/>
    <interval begin="34300.00" end="34400.00" id="inductionLoop.S1" nVehContrib="8" flow="288.00" occupancy="40.95" speed="4.53" harmonicMeanSpeed="0.99" length="5.00" nVehEntered="8"/>
    <interval begin="34400.00" end="34500.00" id="inductionLoop.S1" nVehContrib="9" flow="324.00" occupancy="66.64" speed="4.83" harmonicMeanSpeed="0.68" length="5.00" nVehEntered="9"/>
    <interval begin="34500.00" end="34600.00" id="inductionLoop.S1" nVehContrib="12" flow="432.00" occupancy="10.26" speed="8.13" harmonicMeanSpeed="6.20" length="5.00" nVehEntered="14"/>
    <interval begin="34600.00" end="34700.00" id="inductionLoop.S1" nVehContrib="12" flow="432.00" occupancy="32.61" speed="7.88" harmonicMeanSpeed="2.91" length="5.00" nVehEntered="13"/>
    <interval begin="34700.00" end="34800.00" id="inductionLoop.S1" nVehContrib="9" flow="324.00" occupancy="55.47" speed="5.63" harmonicMeanSpeed="1.42" length="5.00" nVehEntered="9"/>
    <interval begin="34800.00" end="34900.00" id="inductionLoop.S1" nVehContrib="6" flow="216.00" occupancy="86.78" speed="2.25" harmonicMeanSpeed="0.25" length="5.00" nVehEntered="6"/>
    <interval begin="34900.00" end="35000.00" id="inductionLoop.S1" nVehContrib="16" flow="576.00" occupancy="72.25" speed="6.33" harmonicMeanSpeed="1.26" length="5.00" nVehEntered="16"/>
    <interval begin="35000.00" end="35100.00" id="inductionLoop.S1" nVehContrib="8" flow="288.00" occupancy="82.09" speed="3.01" harmonicMeanSpeed="0.51" length="5.00" nVehEntered="8"/>
    <interval begin="35100.00" end="35200.00" id="inductionLoop.S1" nVehContrib="15" flow="540.00" occupancy="73.19" speed="6.95" harmonicMeanSpeed="1.05" length="5.00" nVehEntered="15"/>
    <interval begin="35200.00" end="35300.00" id="inductionLoop.S1" nVehContrib="7" flow="252.00" occupancy="86.62" speed="3.65" harmonicMeanSpeed="0.52" length="5.00" nVehEntered="7"/>
    <interval begin="35300.00" end="35400.00" id="inductionLoop.S1" nVehContrib="8" flow="288.00" occupancy="84.15" speed="3.43" harmonicMeanSpeed="0.45" length="5.00" nVehEntered="8"/>
    <interval begin="35400.00" end="35500.00" id="inductionLoop.S1" nVehContrib="9" flow="324.00" occupancy="82.62" speed="3.97" harmonicMeanSpeed="0.40" length="5.00" nVehEntered="9"/>
    <interval begin="35500.00" end="35600.00" id="inductionLoop.S1" nVehContrib="5" flow="180.00" occupancy="3.14" speed="8.39" harmonicMeanSpeed="7.44" length="5.00" nVehEntered="5"/>
    <interval begin="35600.00" end="35700.00" id="inductionLoop.S1" nVehContrib="2" flow="72.00" occupancy="0.82" speed="12.25" harmonicMeanSpeed="12.18" length="5.00" nVehEntered="2"/>
    <interval begin="35700.00" end="35800.00" id="inductionLoop.S1" nVehContrib="9" flow="324.00" occupancy="3.75" speed="12.19" harmonicMeanSpeed="11.98" length="5.00" nVehEntered="9"/>
    <interval begin="35800.00" end="35900.00" id="inductionLoop.S1" nVehContrib="11" flow="396.00" occupancy="48.49" speed="6.30" harmonicMeanSpeed="1.13" length="5.00" nVehEntered="11"/>
    <interval begin="35900.00" end="36000.00" id="inductionLoop.S1" nVehContrib="7" flow="252.00" occupancy="61.13" speed="4.03" harmonicMeanSpeed="1.00" length="5.00" nVehEntered="8"/>
    <interval begin="36000.00" end="36100.00" id="inductionLoop.S1" nVehContrib="14" flow="504.00" occupancy="75.45" speed="6.26" harmonicMeanSpeed="0.69" length="5.00" nVehEntered="13"/>
    <interval begin="36100.00" end="36200.00" id="inductionLoop.S1" nVehContrib="2" flow="72.00" occupancy="0.96" speed="10.76" harmonicMeanSpeed="10.37" length="5.00" nVehEntered="2"/>
    <interval begin="36200.00" end="36300.00" id="inductionLoop.S1" nVehContrib="1" flow="36.00" occupancy="19.71" speed="3.39" harmonicMeanSpeed="3.39" length="5.00" nVehEntered="2"/>
    <interval begin="36300.00" end="36400.00" id="inductionLoop.S1" nVehContrib="4" flow="144.00" occupancy="22.84" speed="8.64" harmonicMeanSpeed="0.69" length="5.00" nVehEntered="4"/>
    <interval begin="36400.00" end="36500.00" id="inductionLoop.S1" nVehContrib="7" flow="252.00" occupancy="76.37" speed="1.99" harmonicMeanSpeed="0.46" length="5.00" nVehEntered="7"/>
    <interval begin="36500.00" end="36600.00" id="inductionLoop.S1" nVehContrib="9" flow="324.00" occupancy="82.66" speed="7.69" harmonicMeanSpeed="0.48" length="5.00" nVehEntered="8"/>
    <interval begin="36600.00" end="36700.00" id="inductionLoop.S1" nVehContrib="8" flow="288.00" occupancy="83.44" speed="3.30" harmonicMeanSpeed="0.64" length="5.00" nVehEntered="9"/>
    <interval begin="36700.00" end="36800.00" id="inductionLoop.S1" nVehContrib="9" flow="324.00" occupancy="82.20" speed="4.39" harmonicMeanSpeed="0.59" length="5.00" nVehEntered="9"/>
    <interval begin="36800.00" end="36900.00" id="inductionLoop.S1" nVehContrib="5" flow="180.00" occupancy="63.19" speed="3.10" harmonicMeanSpeed="0.33" length="5.00" nVehEntered="6"/>
    <interval begin="36900.00" end="37000.00" id="inductionLoop.S1" nVehContrib="5" flow="180.00" occupancy="90.84" speed="0.97" harmonicMeanSpeed="0.25" length="5.00" nVehEntered="4"/>
    <interval begin="37000.00" end="37100.00" id="inductionLoop.S1" nVehContrib="7" flow="252.00" occupancy="82.56" speed="3.10" harmonicMeanSpeed="0.43" length="5.00" nVehEntered="8"/>
    <interval begin="37100.00" end="37200.00" id="inductionLoop.S1" nVehContrib="11" flow="396.00" occupancy="79.68" speed="6.04" harmonicMeanSpeed="0.75" length="5.00" nVehEntered="11"/>
    <interval begin="37200.00" end="37300.00" id="inductionLoop.S1" nVehContrib="2" flow="72.00" occupancy="95.83" speed="1.94" harmonicMeanSpeed="0.26" length="5.00" nVehEntered="2"/>
    <interval begin="37300.00" end="37400.00" id="inductionLoop.S1" nVehContrib="12" flow="432.00" occupancy="78.88" speed="5.25" harmonicMeanSpeed="0.62" length="5.00" nVehEntered="12"/>
    <interval begin="37400.00" end="37500.00" id="inductionLoop.S1" nVehContrib="6" flow="216.00" occupancy="86.31" speed="1.47" harmonicMeanSpeed="0.24" length="5.00" nVehEntered="6"/>
    <interval begin="37500.00" end="37600.00" id="inductionLoop.S1" nVehContrib="10" flow="360.00" occupancy="26.95" speed="4.74" harmonicMeanSpeed="1.46" length="5.00" nVehEntered="12"/>
    <interval begin="37600.00" end="37700.00" id="inductionLoop.S1" nVehContrib="7" flow="252.00" occupancy="61.28" speed="4.12" harmonicMeanSpeed="0.65" length="5.00" nVehEntered="10"/>
    <interval begin="37700.00" end="37800.00" id="inductionLoop.S1" nVehContrib="4" flow="144.00" occupancy="90.65" speed="1.08" harmonicMeanSpeed="0.23" length="5.00" nVehEntered="4"/>
    <interval begin="37800.00" end="37900.00" id="inductionLoop.S1" nVehContrib="6" flow="216.00" occupancy="63.28" speed="6.71" harmonicMeanSpeed="0.70" length="5.00" nVehEntered="8"/>
    <interval begin="37900.00" end="38000.00" id="inductionLoop.S1" nVehContrib="14" flow="504.00" occupancy="76.17" speed="5.81" harmonicMeanSpeed="0.92" length="5.00" nVehEntered="14"/>
    <interval begin="38000.00" end="38100.00" id="inductionLoop.S1" nVehContrib="15" flow="540.00" occupancy="70.29" speed="4.44" harmonicMeanSpeed="0.76" length="5.00" nVehEntered="14"/>
    <interval begin="38100.00" end="38200.00" id="inductionLoop.S1" nVehContrib="12" flow="432.00" occupancy="79.44" speed="7.95" harmonicMeanSpeed="0.84" length="5.00" nVehEntered="13"/>
    <interval begin="38200.00" end="38300.00" id="inductionLoop.S1" nVehContrib="8" flow="288.00" occupancy="84.63" speed="5.36" harmonicMeanSpeed="0.43" length="5.00" nVehEntered="7"/>
    <interval begin="38300.00" end="38400.00" id="inductionLoop.S1" nVehContrib="11" flow="396.00" occupancy="75.48" speed="4.25" harmonicMeanSpeed="2.10" length="5.00" nVehEntered="12"/>
    <interval begin="38400.00" end="38500.00" id="inductionLoop.S1" nVehContrib="3" flow="108.00" occupancy="92.64" speed="1.42" harmonicMeanSpeed="0.16" length="5.00" nVehEntered="3"/>
    <interval begin="38500.00" end="38600.00" id="inductionLoop.S1" nVehContrib="18" flow="648.00" occupancy="68.61" speed="6.06" harmonicMeanSpeed="0.88" length="5.00" nVehEntered="18"/>
    <interval begin="38600.00" end="38700.00" id="inductionLoop.S1" nVehContrib="15" flow="540.00" occupancy="76.49" speed="6.61" harmonicMeanSpeed="0.83" length="5.00" nVehEntered="14"/>
    <interval begin="38700.00" end="38800.00" id="inductionLoop.S1" nVehContrib="4" flow="144.00" occupancy="89.55" speed="1.42" harmonicMeanSpeed="0.45" length="5.00" nVehEntered="5"/>
    <interval begin="38800.00" end="38900.00" id="inductionLoop.S1" nVehContrib="18" flow="648.00" occupancy="66.30" speed="3.99" harmonicMeanSpeed="0.82" length="5.00" nVehEntered="18"/>
    <interval begin="38900.00" end="39000.00" id="inductionLoop.S1" nVehContrib="9" flow="324.00" occupancy="82.45" speed="4.18" harmonicMeanSpeed="0.53" length="5.00" nVehEntered="8"/>
    <interval begin="39000.00" end="39100.00" id="inductionLoop.S1" nVehContrib="16" flow="576.00" occupancy="71.95" speed="6.26" harmonicMeanSpeed="1.11" length="5.00" nVehEntered="16"/>
    <interval begin="39100.00" end="39200.00" id="inductionLoop.S1" nVehContrib="13" flow="468.00" occupancy="76.27" speed="5.02" harmonicMeanSpeed="2.00" length="5.00" nVehEntered="14"/>
    <interval begin="39200.00" end="39300.00" id="inductionLoop.S1" nVehContrib="14" flow="504.00" occupancy="76.22" speed="6.83" harmonicMeanSpeed="0.58" length="5.00" nVehEntered="13"/>
    <interval begin="39300.00" end="39400.00" id="inductionLoop.S1" nVehContrib="14" flow="504.00" occupancy="68.51" speed="4.03" harmonicMeanSpeed="1.25" length="5.00" nVehEntered="15"/>
    <interval begin="39400.00" end="39500.00" id="inductionLoop.S1" nVehContrib="3" flow="108.00" occupancy="94.65" speed="0.35" harmonicMeanSpeed="0.14" length="5.00" nVehEntered="2"/>
    <interval begin="39500.00" end="39600.00" id="inductionLoop.S1" nVehContrib="22" flow="792.00" occupancy="63.83" speed="8.25" harmonicMeanSpeed="4.93" length="5.00" nVehEntered="23"/>
    <interval begin="39600.00" end="39700.00" id="inductionLoop.S1" nVehContrib="18" flow="648.00" occupancy="64.61" speed="4.95" harmonicMeanSpeed="0.85" length="5.00" nVehEntered="17"/>
    <interval begin="39700.00" end="39800.00" id="inductionLoop.S1" nVehContrib="16" flow="576.00" occupancy="70.89" speed="6.18" harmonicMeanSpeed="1.13" length="5.00" nVehEntered="16"/>
    <interval begin="39800.00" end="39900.00" id="inductionLoop.S1" nVehContrib="7" flow="252.00" occupancy="54.63" speed="5.81" harmonicMeanSpeed="0.68" length="5.00" nVehEntered="8"/>
    <interval begin="39900.00" end="40000.00" id="inductionLoop.S1" nVehContrib="17" flow="612.00" occupancy="71.53" speed="7.94" harmonicMeanSpeed="1.61" length="5.00" nVehEntered="17"/>
    <interval begin="40000.00" end="40100.00" id="inductionLoop.S1" nVehContrib="2" flow="72.00" occupancy="95.42" speed="2.69" harmonicMeanSpeed="1.85" length="5.00" nVehEntered="2"/>
    <interval begin="40100.00" end="40200.00" id="inductionLoop.S1" nVehContrib="4" flow="144.00" occupancy="89.96" speed="3.54" harmonicMeanSpeed="1.53" length="5.00" nVehEntered="5"/>
    <interval begin="40200.00" end="40300.00" id="inductionLoop.S1" nVehContrib="16" flow="576.00" occupancy="67.39" speed="5.91" harmonicMeanSpeed="0.64" length="5.00" nVehEntered="16"/>
    <interval begin="40300.00" end="40400.00" id="inductionLoop.S1" nVehContrib="9" flow="324.00" occupancy="56.73" speed="5.60" harmonicMeanSpeed="0.75" length="5.00" nVehEntered="9"/>
    <interval begin="40400.00" end="40500.00" id="inductionLoop.S1" nVehContrib="13" flow="468.00" occupancy="76.18" speed="7.10" harmonicMeanSpeed="2.20" length="5.00" nVehEntered="13"/>
    <interval begin="40500.00" end="40600.00" id="inductionLoop.S1" nVehContrib="15" flow="540.00" occupancy="51.80" speed="4.46" harmonicMeanSpeed="0.66" length="5.00" nVehEntered="14"/>
    <interval begin="40600.00" end="40700.00" id="inductionLoop.S1" nVehContrib="5" flow="180.00" occupancy="21.65" speed="5.15" harmonicMeanSpeed="1.27" length="5.00" nVehEntered="6"/>
    <interval begin="40700.00" end="40800.00" id="inductionLoop.S1" nVehContrib="8" flow="288.00" occupancy="83.34" speed="3.35" harmonicMeanSpeed="0.51" length="5.00" nVehEntered="8"/>
    <interval begin="40800.00" end="40900.00" id="inductionLoop.S1" nVehContrib="5" flow="180.00" occupancy="90.04" speed="4.97" harmonicMeanSpeed="1.22" length="5.00" nVehEntered="5"/>
    <interval begin="40900.00" end="41000.00" id="inductionLoop.S1" nVehContrib="11" flow="396.00" occupancy="63.24" speed="3.65" harmonicMeanSpeed="0.41" length="5.00" nVehEntered="11"/>
    <interval begin="41000.00" end="41100.00" id="inductionLoop.S1" nVehContrib="3" flow="108.00" occupancy="66.75" speed="1.43" harmonicMeanSpeed="0.21" length="5.00" nVehEntered="3"/>
    <interval begin="41100.00" end="41200.00" id="inductionLoop.S1" nVehContrib="14" flow="504.00" occupancy="77.92" speed="8.06" harmonicMeanSpeed="1.92" length="5.00" nVehEntered="14"/>
    <interval begin="41200.00" end="41300.00" id="inductionLoop.S1" nVehContrib="4" flow="144.00" occupancy="92.70" speed="4.06" harmonicMeanSpeed="0.21" length="5.00" nVehEntered="4"/>
    <interval begin="41300.00" end="41400.00" id="inductionLoop.S1" nVehContrib="17" flow="612.00" occupancy="74.80" speed="8.11" harmonicMeanSpeed="1.62" length="5.00" nVehEntered="17"/>
    <interval begin="41400.00" end="41500.00" id="inductionLoop.S1" nVehContrib="9" flow="324.00" occupancy="74.08" speed="4.42" harmonicMeanSpeed="0.33" length="5.00" nVehEntered="9"/>
    <interval begin="41500.00" end="41600.00" id="inductionLoop.S1" nVehContrib="7" flow="252.00" occupancy="8.20" speed="7.78" harmonicMeanSpeed="4.04" length="5.00" nVehEntered="6"/>
    <interval begin="41600.00" end="41700.00" id="inductionLoop.S1" nVehContrib="21" flow="756.00" occupancy="54.03" speed="9.49" harmonicMeanSpeed="3.14" length="5.00" nVehEntered="22"/>
    <interval begin="41700.00" end="41800.00" id="inductionLoop.S1" nVehContrib="16" flow="576.00" occupancy="74.77" speed="8.20" harmonicMeanSpeed="1.09" length="5.00" nVehEntered="16"/>
    <interval begin="41800.00" end="41900.00" id="inductionLoop.S1" nVehContrib="2" flow="72.00" occupancy="94.96" speed="0.15" harmonicMeanSpeed="0.15" length="5.00" nVehEntered="2"/>
    <interval begin="41900.00" end="42000.00" id="inductionLoop.S1" nVehContrib="7" flow="252.00" occupancy="87.12" speed="5.93" harmonicMeanSpeed="0.30" length="5.00" nVehEntered="7"/>
    <interval begin="42000.00" end="42100.00" id="inductionLoop.S1" nVehContrib="6" flow="216.00" occupancy="87.57" speed="4.29" harmonicMeanSpeed="0.67" length="5.00" nVehEntered="6"/>
    <interval begin="42100.00" end="42200.00" id="inductionLoop.S1" nVehContrib="5" flow="180.00" occupancy="89.24" speed="3.81" harmonicMeanSpeed="0.28" length="5.00" nVehEntered="5"/>
    <interval begin="42200.00" end="42300.00" id="inductionLoop.S1" nVehContrib="9" flow="324.00" occupancy="32.73" speed="4.99" harmonicMeanSpeed="0.57" length="5.00" nVehEntered="9"/>
    <interval begin="42300.00" end="42400.00" id="inductionLoop.S1" nVehContrib="28" flow="1008.00" occupancy="56.02" speed="9.19" harmonicMeanSpeed="1.81" length="5.00" nVehEntered="27"/>
    <interval begin="42400.00" end="42500.00" id="inductionLoop.S1" nVehContrib="21" flow="756.00" occupancy="62.75" speed="9.59" harmonicMeanSpeed="1.80" length="5.00" nVehEntered="22"/>
    <interval begin="42500.00" end="42600.00" id="inductionLoop.S1" nVehContrib="4" flow="144.00" occupancy="92.55" speed="3.63" harmonicMeanSpeed="0.60" length="5.00" nVehEntered="4"/>
    <interval begin="42600.00" end="42700.00" id="inductionLoop.S1" nVehContrib="7" flow="252.00" occupancy="89.52" speed="5.06" harmonicMeanSpeed="0.23" length="5.00" nVehEntered="6"/>
    <interval begin="42700.00" end="42800.00" id="inductionLoop.S1" nVehContrib="34" flow="1224.00" occupancy="20.13" speed="10.93" harmonicMeanSpeed="8.44" length="5.00" nVehEntered="34"/>
    <interval begin="42800.00" end="42900.00" id="inductionLoop.S1" nVehContrib="3" flow="108.00" occupancy="45.95" speed="5.12" harmonicMeanSpeed="4.28" length="5.00" nVehEntered="4"/>
    <interval begin="42900.00" end="43000.00" id="inductionLoop.S1" nVehContrib="9" flow="324.00" occupancy="82.18" speed="5.70" harmonicMeanSpeed="0.40" length="5.00" nVehEntered="10"/>
    <interval begin="43000.00" end="43100.00" id="inductionLoop.S1" nVehContrib="15" flow="540.00" occupancy="73.01" speed="8.87" harmonicMeanSpeed="1.12" length="5.00" nVehEntered="15"/>
    <interval begin="43100.00" end="43200.00" id="inductionLoop.S1" nVehContrib="1" flow="36.00" occupancy="96.44" speed="1.68" harmonicMeanSpeed="1.68" length="5.00" nVehEntered="2"/>
    <interval begin="43200.00" end="43300.00" id="inductionLoop.S1" nVehContrib="1" flow="36.00" occupancy="96.50" speed="0.05" harmonicMeanSpeed="0.05" length="5.00" nVehEntered="1"/>
    <interval begin="43300.00" end="43400.00" id="inductionLoop.S1" nVehContrib="5" flow="180.00" occupancy="60.56" speed="1.17" harmonicMeanSpeed="0.17" length="5.00" nVehEntered="4"/>
    <interval begin="43400.00" end="43500.00" id="inductionLoop.S1" nVehContrib="27" flow="972.00" occupancy="44.27" speed="8.39" harmonicMeanSpeed="3.05" length="5.00" nVehEntered="27"/>
    <interval begin="43500.00" end="43600.00" id="inductionLoop.S1" nVehContrib="6" flow="216.00" occupancy="9.17" speed="4.77" harmonicMeanSpeed="3.27" length="5.00" nVehEntered="6"/>
    <interval begin="43600.00" end="43700.00" id="inductionLoop.S1" nVehContrib="1" flow="36.00" occupancy="98.20" speed="6.41" harmonicMeanSpeed="6.41" length="5.00" nVehEntered="2"/>
    <interval begin="43700.00" end="43800.00" id="inductionLoop.S1" nVehContrib="24" flow="864.00" occupancy="58.20" speed="8.01" harmonicMeanSpeed="0.77" length="5.00" nVehEntered="23"/>
    <interval begin="43800.00" end="43900.00" id="inductionLoop.S1" nVehContrib="11" flow="396.00" occupancy="81.21" speed="10.67" harmonicMeanSpeed="10.30" length="5.00" nVehEntered="12"/>
    <interval begin="43900.00" end="44000.00" id="inductionLoop.S1" nVehContrib="10" flow="360.00" occupancy="83.67" speed="6.15" harmonicMeanSpeed="0.42" length="5.00" nVehEntered="10"/>
    <interval begin="44000.00" end="44100.00" id="inductionLoop.S1" nVehContrib="8" flow="288.00" occupancy="13.60" speed="5.18" harmonicMeanSpeed="0.73" length="5.00" nVehEntered="8"/>
    <interval begin="44100.00" end="44200.00" id="inductionLoop.S1" nVehContrib="16" flow="576.00" occupancy="58.40" speed="9.66" harmonicMeanSpeed="6.47" length="5.00" nVehEntered="16"/>
    <interval begin="44200.00" end="44300.00" id="inductionLoop.S1" nVehContrib="7" flow="252.00" occupancy="85.95" speed="3.04" harmonicMeanSpeed="0.27" length="5.00" nVehEntered="7"/>
    <interval begin="44300.00" end="44400.00" id="inductionLoop.S1" nVehContrib="22" flow="792.00" occupancy="60.59" speed="8.72" harmonicMeanSpeed="1.78" length="5.00" nVehEntered="21"/>
    <interval begin="44400.00" end="44500.00" id="inductionLoop.S1" nVehContrib="27" flow="972.00" occupancy="51.30" speed="8.10" harmonicMeanSpeed="4.57" length="5.00" nVehEntered="28"/>
    <interval begin="44500.00" end="44600.00" id="inductionLoop.S1" nVehContrib="5" flow="180.00" occupancy="90.80" speed="4.69" harmonicMeanSpeed="0.22" length="5.00" nVehEntered="5"/>
    <interval begin="44600.00" end="44700.00" id="inductionLoop.S1" nVehContrib="6" flow="216.00" occupancy="86.43" speed="2.79" harmonicMeanSpeed="0.82" length="5.00" nVehEntered="6"/>
    <interval begin="44700.00" end="44800.00" id="inductionLoop.S1" nVehContrib="12" flow="432.00" occupancy="79.86" speed="6.25" harmonicMeanSpeed="0.46" length="5.00" nVehEntered="11"/>
    <interval begin="44800.00" end="44900.00" id="inductionLoop.S1" nVehContrib="8" flow="288.00" occupancy="67.49" speed="4.29" harmonicMeanSpeed="0.59" length="5.00" nVehEntered="8"/>
    <interval begin="44900.00" end="45000.00" id="inductionLoop.S1" nVehContrib="22" flow="792.00" occupancy="15.04" speed="10.43" harmonicMeanSpeed="7.31" length="5.00" nVehEntered="22"/>
    <interval begin="45000.00" end="45100.00" id="inductionLoop.S1" nVehContrib="7" flow="252.00" occupancy="35.15" speed="3.88" harmonicMeanSpeed="1.00" length="5.00" nVehEntered="7"/>
    <interval begin="45100.00" end="45200.00" id="inductionLoop.S1" nVehContrib="16" flow="576.00" occupancy="72.03" speed="9.03" harmonicMeanSpeed="2.38" length="5.00" nVehEntered="17"/>
    <interval begin="45200.00" end="45300.00" id="inductionLoop.S1" nVehContrib="9" flow="324.00" occupancy="59.56" speed="2.92" harmonicMeanSpeed="0.46" length="5.00" nVehEntered="9"/>
    <interval begin="45300.00" end="45400.00" id="inductionLoop.S1" nVehContrib="4" flow="144.00" occupancy="93.85" speed="4.33" harmonicMeanSpeed="0.21" length="5.00" nVehEntered="3"/>
    <interval begin="45400.00" end="45500.00" id="inductionLoop.S1" nVehContrib="14" flow="504.00" occupancy="75.42" speed="8.62" harmonicMeanSpeed="1.40" length="5.00" nVehEntered="15"/>
    <interval begin="45500.00" end="45600.00" id="inductionLoop.S1" nVehContrib="6" flow="216.00" occupancy="73.42" speed="2.29" harmonicMeanSpeed="0.31" length="5.00" nVehEntered="6"/>
    <interval begin="45600.00" end="45700.00" id="inductionLoop.S1" nVehContrib="16" flow="576.00" occupancy="72.55" speed="8.30" harmonicMeanSpeed="1.08" length="5.00" nVehEntered="16"/>
    <interval begin="45700.00" end="45800.00" id="inductionLoop.S1" nVehContrib="21" flow="756.00" occupancy="49.24" speed="6.03" harmonicMeanSpeed="2.37" length="5.00" nVehEntered="21"/>
    <interval begin="45800.00" end="45900.00" id="inductionLoop.S1" nVehContrib="38" flow="1368.00" occupancy="32.71" speed="7.97" harmonicMeanSpeed="5.04" length="5.00" nVehEntered="38"/>
    <interval begin="45900.00" end="46000.00" id="inductionLoop.S1" nVehContrib="3" flow="108.00" occupancy="94.66" speed="8.91" harmonicMeanSpeed="8.39" length="5.00" nVehEntered="3"/>
    <interval begin="46000.00" end="46100.00" id="inductionLoop.S1" nVehContrib="23" flow="828.00" occupancy="57.20" speed="8.05" harmonicMeanSpeed="0.77" length="5.00" nVehEntered="23"/>
    <interval begin="46100.00" end="46200.00" id="inductionLoop.S1" nVehContrib="15" flow="540.00" occupancy="61.41" speed="11.33" harmonicMeanSpeed="9.82" length="5.00" nVehEntered="15"/>
    <interval begin="46200.00" end="46300.00" id="inductionLoop.S1" nVehContrib="11" flow="396.00" occupancy="79.70" speed="6.78" harmonicMeanSpeed="0.48" length="5.00" nVehEntered="11"/>
    <interval begin="46300.00" end="46400.00" id="inductionLoop.S1" nVehContrib="0" flow="0.00" occupancy="100.00" speed="-1.00" harmonicMeanSpeed="-1.00" length="-1.00" nVehEntered="0"/>
    <interval begin="46400.00" end="46500.00" id="inductionLoop.S1" nVehContrib="7" flow="252.00" occupancy="81.49" speed="3.57" harmonicMeanSpeed="0.20" length="5.00" nVehEntered="8"/>
    <interval begin="46500.00" end="46600.00" id="inductionLoop.S1" nVehContrib="2" flow="72.00" occupancy="93.10" speed="1.18" harmonicMeanSpeed="0.09" length="5.00" nVehEntered="1"/>
    <interval begin="46600.00" end="46700.00" id="inductionLoop.S1" nVehContrib="27" flow="972.00" occupancy="53.39" speed="8.79" harmonicMeanSpeed="2.53" length="5.00" nVehEntered="27"/>
    <interval begin="46700.00" end="46800.00" id="inductionLoop.S1" nVehContrib="32" flow="1152.00" occupancy="51.46" speed="10.21" harmonicMeanSpeed="8.54" length="5.00" nVehEntered="33"/>
    <interval begin="46800.00" end="46900.00" id="inductionLoop.S1" nVehContrib="0" flow="0.00" occupancy="100.00" speed="-1.00" harmonicMeanSpeed="-1.00" length="-1.00" nVehEntered="0"/>
    <interval begin="46900.00" end="47000.00" id="inductionLoop.S1" nVehContrib="23" flow="828.00" occupancy="60.95" speed="7.39" harmonicMeanSpeed="0.59" length="5.00" nVehEntered="22"/>
    <interval begin="47000.00" end="47100.00" id="inductionLoop.S1" nVehContrib="6" flow="216.00" occupancy="30.13" speed="2.05" harmonicMeanSpeed="1.00" length="5.00" nVehEntered="6"/>
    <interval begin="47100.00" end="47200.00" id="inductionLoop.S1" nVehContrib="1" flow="36.00" occupancy="16.50" speed="0.31" harmonicMeanSpeed="0.31" length="5.00" nVehEntered="2"/>
    <interval begin="47200.00" end="47300.00" id="inductionLoop.S1" nVehContrib="5" flow="180.00" occupancy="91.36" speed="4.50" harmonicMeanSpeed="0.39" length="5.00" nVehEntered="5"/>
    <interval begin="47300.00" end="47400.00" id="inductionLoop.S1" nVehContrib="26" flow="936.00" occupancy="57.83" speed="8.80" harmonicMeanSpeed="1.84" length="5.00" nVehEntered="26"/>
    <interval begin="47400.00" end="47500.00" id="inductionLoop.S1" nVehContrib="20" flow="720.00" occupancy="66.18" speed="8.38" harmonicMeanSpeed="3.31" length="5.00" nVehEntered="20"/>
    <interval begin="47500.00" end="47600.00" id="inductionLoop.S1" nVehContrib="1" flow="36.00" occupancy="97.54" speed="0.05" harmonicMeanSpeed="0.05" length="5.00" nVehEntered="1"/>
    <interval begin="47600.00" end="47700.00" id="inductionLoop.S1" nVehContrib="2" flow="72.00" occupancy="95.10" speed="0.10" harmonicMeanSpeed="0.10" length="5.00" nVehEntered="2"/>
    <interval begin="47700.00" end="47800.00" id="inductionLoop.S1" nVehContrib="8" flow="288.00" occupancy="79.03" speed="2.41" harmonicMeanSpeed="0.35" length="5.00" nVehEntered="8"/>
    <interval begin="47800.00" end="47900.00" id="inductionLoop.S1" nVehContrib="17" flow="612.00" occupancy="70.81" speed="6.96" harmonicMeanSpeed="1.12" length="5.00" nVehEntered="16"/>
    <interval begin="47900.00" end="48000.00" id="inductionLoop.S1" nVehContrib="11" flow="396.00" occupancy="83.24" speed="9.95" harmonicMeanSpeed="9.68" length="5.00" nVehEntered="12"/>
    <interval begin="48000.00" end="48100.00" id="inductionLoop.S1" nVehContrib="18" flow="648.00" occupancy="58.35" speed="7.75" harmonicMeanSpeed="0.66" length="5.00" nVehEntered="17"/>
    <interval begin="48100.00" end="48200.00" id="inductionLoop.S1" nVehContrib="10" flow="360.00" occupancy="79.95" speed="8.94" harmonicMeanSpeed="5.41" length="5.00" nVehEntered="11"/>
    <interval begin="48200.00" end="48300.00" id="inductionLoop.S1" nVehContrib="9" flow="324.00" occupancy="63.63" speed="3.91" harmonicMeanSpeed="0.33" length="5.00" nVehEntered="8"/>
    <interval begin="48300.00" end="48400.00" id="inductionLoop.S1" nVehContrib="4" flow="144.00" occupancy="41.33" speed="2.74" harmonicMeanSpeed="0.48" length="5.00" nVehEntered="4"/>
    <interval begin="48400.00" end="48500.00" id="inductionLoop.S1" nVehContrib="4" flow="144.00" occupancy="24.85" speed="2.10" harmonicMeanSpeed="1.85" length="5.00" nVehEntered="5"/>
    <interval begin="48500.00" end="48600.00" id="inductionLoop.S1" nVehContrib="6" flow="216.00" occupancy="87.28" speed="2.67" harmonicMeanSpeed="0.53" length="5.00" nVehEntered="6"/>
    <interval begin="48600.00" end="48700.00" id="inductionLoop.S1" nVehContrib="0" flow="0.00" occupancy="100.00" speed="-1.00" harmonicMeanSpeed="-1.00" length="-1.00" nVehEntered="0"/>
    <interval begin="48700.00" end="48800.00" id="inductionLoop.S1" nVehContrib="1" flow="36.00" occupancy="3.34" speed="0.03" harmonicMeanSpeed="0.03" length="5.00" nVehEntered="0"/>
    <interval begin="48800.00" end="48900.00" id="inductionLoop.S1" nVehContrib="4" flow="144.00" occupancy="50.08" speed="3.86" harmonicMeanSpeed="0.59" length="5.00" nVehEntered="5"/>
    <interval begin="48900.00" end="49000.00" id="inductionLoop.S1" nVehContrib="1" flow="36.00" occupancy="11.40" speed="0.18" harmonicMeanSpeed="0.18" length="5.00" nVehEntered="0"/>
    <interval begin="49000.00" end="49100.00" id="inductionLoop.S1" nVehContrib="14" flow="504.00" occupancy="57.53" speed="7.47" harmonicMeanSpeed="1.22" length="5.00" nVehEntered="14"/>
    <interval begin="49100.00" end="49200.00" id="inductionLoop.S1" nVehContrib="12" flow="432.00" occupancy="82.94" speed="9.83" harmonicMeanSpeed="9.62" length="5.00" nVehEntered="13"/>
    <interval begin="49200.00" end="49300.00" id="inductionLoop.S1" nVehContrib="3" flow="108.00" occupancy="93.22" speed="1.21" harmonicMeanSpeed="0.10" length="5.00" nVehEntered="3"/>
    <interval begin="49300.00" end="49400.00" id="inductionLoop.S1" nVehContrib="28" flow="1008.00" occupancy="47.46" speed="8.90" harmonicMeanSpeed="1.95" length="5.00" nVehEntered="28"/>
    <interval begin="49400.00" end="49500.00" id="inductionLoop.S1" nVehContrib="11" flow="396.00" occupancy="77.45" speed="5.96" harmonicMeanSpeed="0.96" length="5.00" nVehEntered="11"/>
    <interval begin="49500.00" end="49600.00" id="inductionLoop.S1" nVehContrib="3" flow="108.00" occupancy="93.43" speed="1.24" harmonicMeanSpeed="0.13" length="5.00" nVehEntered="3"/>
    <interval begin="49600.00" end="49700.00" id="inductionLoop.S1" nVehContrib="37" flow="1332.00" occupancy="44.81" speed="10.39" harmonicMeanSpeed="4.10" length="5.00" nVehEntered="36"/>
    <interval begin="49700.00" end="49800.00" id="inductionLoop.S1" nVehContrib="6" flow="216.00" occupancy="90.11" speed="10.67" harmonicMeanSpeed="10.31" length="5.00" nVehEntered="7"/>
    <interval begin="49800.00" end="49900.00" id="inductionLoop.S1" nVehContrib="3" flow="108.00" occupancy="94.12" speed="3.06" harmonicMeanSpeed="0.11" length="5.00" nVehEntered="3"/>
    <interval begin="49900.00" end="50000.00" id="inductionLoop.S1" nVehContrib="4" flow="144.00" occupancy="24.35" speed="2.57" harmonicMeanSpeed="0.30" length="5.00" nVehEntered="3"/>
    <interval begin="50000.00" end="50004.00" id="inductionLoop.S1" nVehContrib="0" flow="0.00" occupancy="0.00" speed="-1.00" harmonicMeanSpeed="-1.00" length="-1.00" nVehEntered="0"/>
</detector>
