<?xml version="1.0" encoding="UTF-8"?>

<!-- generated on 2023-07-21 19:29:31 by Eclipse SUMO sumo Version 1.12.0
<configuration xmlns:xsi="http://www.w3.org/2001/XMLSchema-instance" xsi:noNamespaceSchemaLocation="http://sumo.dlr.de/xsd/sumoConfiguration.xsd">

    <input>
        <net-file value="Data0-6/intersection.net.xml"/>
        <route-files value="Data0-6/intersection.rou.xml"/>
        <additional-files value="Data0-6/intersection.det.xml"/>
    </input>

    <output>
        <tripinfo-output value="Data0-6/tripinfo.xml"/>
    </output>

    <time>
        <begin value="0"/>
    </time>

    <processing>
        <time-to-teleport value="-1"/>
        <waiting-time-memory value="60000"/>
    </processing>

    <report>
        <verbose value="true"/>
        <no-step-log value="true"/>
    </report>

    <emissions>
        <device.emissions.probability value="1"/>
    </emissions>

    <traci_server>
        <remote-port value="47533"/>
    </traci_server>

    <gui_only>
        <gui-settings-file value="Data0-6/intersection.settings.xml"/>
    </gui_only>

</configuration>
-->

<detector xmlns:xsi="http://www.w3.org/2001/XMLSchema-instance" xsi:noNamespaceSchemaLocation="http://sumo.dlr.de/xsd/det_e1_file.xsd">
    <interval begin="0.00" end="100.00" id="inductionLoop.S0" nVehContrib="2" flow="72.00" occupancy="0.76" speed="13.15" harmonicMeanSpeed="13.07" length="5.00" nVehEntered="2"/>
    <interval begin="100.00" end="200.00" id="inductionLoop.S0" nVehContrib="13" flow="468.00" occupancy="15.09" speed="8.48" harmonicMeanSpeed="4.31" length="5.00" nVehEntered="13"/>
    <interval begin="200.00" end="300.00" id="inductionLoop.S0" nVehContrib="10" flow="360.00" occupancy="63.26" speed="5.03" harmonicMeanSpeed="0.79" length="5.00" nVehEntered="10"/>
    <interval begin="300.00" end="400.00" id="inductionLoop.S0" nVehContrib="9" flow="324.00" occupancy="71.14" speed="3.64" harmonicMeanSpeed="0.83" length="5.00" nVehEntered="10"/>
    <interval begin="400.00" end="500.00" id="inductionLoop.S0" nVehContrib="13" flow="468.00" occupancy="61.25" speed="3.20" harmonicMeanSpeed="0.96" length="5.00" nVehEntered="13"/>
    <interval begin="500.00" end="600.00" id="inductionLoop.S0" nVehContrib="13" flow="468.00" occupancy="63.78" speed="4.10" harmonicMeanSpeed="0.88" length="5.00" nVehEntered="13"/>
    <interval begin="600.00" end="700.00" id="inductionLoop.S0" nVehContrib="11" flow="396.00" occupancy="75.21" speed="3.42" harmonicMeanSpeed="1.05" length="5.00" nVehEntered="11"/>
    <interval begin="700.00" end="800.00" id="inductionLoop.S0" nVehContrib="15" flow="540.00" occupancy="70.26" speed="3.63" harmonicMeanSpeed="0.81" length="5.00" nVehEntered="14"/>
    <interval begin="800.00" end="900.00" id="inductionLoop.S0" nVehContrib="17" flow="612.00" occupancy="37.96" speed="3.73" harmonicMeanSpeed="2.24" length="5.00" nVehEntered="17"/>
    <interval begin="900.00" end="1000.00" id="inductionLoop.S0" nVehContrib="17" flow="612.00" occupancy="50.90" speed="4.43" harmonicMeanSpeed="2.11" length="5.00" nVehEntered="18"/>
    <interval begin="1000.00" end="1100.00" id="inductionLoop.S0" nVehContrib="13" flow="468.00" occupancy="63.49" speed="4.71" harmonicMeanSpeed="0.88" length="5.00" nVehEntered="12"/>
    <interval begin="1100.00" end="1200.00" id="inductionLoop.S0" nVehContrib="12" flow="432.00" occupancy="35.87" speed="5.88" harmonicMeanSpeed="2.67" length="5.00" nVehEntered="16"/>
    <interval begin="1200.00" end="1300.00" id="inductionLoop.S0" nVehContrib="13" flow="468.00" occupancy="16.94" speed="7.84" harmonicMeanSpeed="3.84" length="5.00" nVehEntered="13"/>
    <interval begin="1300.00" end="1400.00" id="inductionLoop.S0" nVehContrib="12" flow="432.00" occupancy="47.87" speed="5.66" harmonicMeanSpeed="1.25" length="5.00" nVehEntered="12"/>
    <interval begin="1400.00" end="1500.00" id="inductionLoop.S0" nVehContrib="11" flow="396.00" occupancy="63.78" speed="5.96" harmonicMeanSpeed="1.63" length="5.00" nVehEntered="12"/>
    <interval begin="1500.00" end="1600.00" id="inductionLoop.S0" nVehContrib="16" flow="576.00" occupancy="33.79" speed="7.66" harmonicMeanSpeed="1.25" length="5.00" nVehEntered="15"/>
    <interval begin="1600.00" end="1700.00" id="inductionLoop.S0" nVehContrib="9" flow="324.00" occupancy="44.82" speed="5.55" harmonicMeanSpeed="1.03" length="5.00" nVehEntered="11"/>
    <interval begin="1700.00" end="1800.00" id="inductionLoop.S0" nVehContrib="8" flow="288.00" occupancy="26.20" speed="7.11" harmonicMeanSpeed="1.74" length="5.00" nVehEntered="9"/>
    <interval begin="1800.00" end="1900.00" id="inductionLoop.S0" nVehContrib="16" flow="576.00" occupancy="49.75" speed="4.18" harmonicMeanSpeed="1.51" length="5.00" nVehEntered="15"/>
    <interval begin="1900.00" end="2000.00" id="inductionLoop.S0" nVehContrib="9" flow="324.00" occupancy="68.42" speed="3.67" harmonicMeanSpeed="0.68" length="5.00" nVehEntered="10"/>
    <interval begin="2000.00" end="2100.00" id="inductionLoop.S0" nVehContrib="7" flow="252.00" occupancy="20.32" speed="7.43" harmonicMeanSpeed="1.72" length="5.00" nVehEntered="7"/>
    <interval begin="2100.00" end="2200.00" id="inductionLoop.S0" nVehContrib="13" flow="468.00" occupancy="37.03" speed="7.50" harmonicMeanSpeed="1.76" length="5.00" nVehEntered="13"/>
    <interval begin="2200.00" end="2300.00" id="inductionLoop.S0" nVehContrib="11" flow="396.00" occupancy="24.71" speed="8.29" harmonicMeanSpeed="2.23" length="5.00" nVehEntered="11"/>
    <interval begin="2300.00" end="2400.00" id="inductionLoop.S0" nVehContrib="8" flow="288.00" occupancy="21.17" speed="8.25" harmonicMeanSpeed="1.89" length="5.00" nVehEntered="8"/>
    <interval begin="2400.00" end="2500.00" id="inductionLoop.S0" nVehContrib="9" flow="324.00" occupancy="32.37" speed="7.31" harmonicMeanSpeed="2.04" length="5.00" nVehEntered="11"/>
    <interval begin="2500.00" end="2600.00" id="inductionLoop.S0" nVehContrib="13" flow="468.00" occupancy="25.84" speed="6.18" harmonicMeanSpeed="1.80" length="5.00" nVehEntered="12"/>
    <interval begin="2600.00" end="2700.00" id="inductionLoop.S0" nVehContrib="11" flow="396.00" occupancy="32.85" speed="6.46" harmonicMeanSpeed="1.80" length="5.00" nVehEntered="13"/>
    <interval begin="2700.00" end="2800.00" id="inductionLoop.S0" nVehContrib="7" flow="252.00" occupancy="76.59" speed="2.82" harmonicMeanSpeed="0.47" length="5.00" nVehEntered="8"/>
    <interval begin="2800.00" end="2900.00" id="inductionLoop.S0" nVehContrib="16" flow="576.00" occupancy="52.64" speed="5.29" harmonicMeanSpeed="1.51" length="5.00" nVehEntered="16"/>
    <interval begin="2900.00" end="3000.00" id="inductionLoop.S0" nVehContrib="13" flow="468.00" occupancy="42.26" speed="5.25" harmonicMeanSpeed="1.98" length="5.00" nVehEntered="13"/>
    <interval begin="3000.00" end="3100.00" id="inductionLoop.S0" nVehContrib="15" flow="540.00" occupancy="22.07" speed="7.37" harmonicMeanSpeed="3.40" length="5.00" nVehEntered="15"/>
    <interval begin="3100.00" end="3200.00" id="inductionLoop.S0" nVehContrib="14" flow="504.00" occupancy="48.19" speed="6.22" harmonicMeanSpeed="1.45" length="5.00" nVehEntered="14"/>
    <interval begin="3200.00" end="3300.00" id="inductionLoop.S0" nVehContrib="14" flow="504.00" occupancy="44.46" speed="5.50" harmonicMeanSpeed="1.66" length="5.00" nVehEntered="16"/>
    <interval begin="3300.00" end="3400.00" id="inductionLoop.S0" nVehContrib="6" flow="216.00" occupancy="3.13" speed="9.84" harmonicMeanSpeed="9.57" length="5.00" nVehEntered="6"/>
    <interval begin="3400.00" end="3500.00" id="inductionLoop.S0" nVehContrib="9" flow="324.00" occupancy="28.22" speed="7.87" harmonicMeanSpeed="1.59" length="5.00" nVehEntered="9"/>
    <interval begin="3500.00" end="3600.00" id="inductionLoop.S0" nVehContrib="8" flow="288.00" occupancy="61.40" speed="6.64" harmonicMeanSpeed="0.65" length="5.00" nVehEntered="8"/>
    <interval begin="3600.00" end="3700.00" id="inductionLoop.S0" nVehContrib="9" flow="324.00" occupancy="36.66" speed="3.81" harmonicMeanSpeed="1.25" length="5.00" nVehEntered="10"/>
    <interval begin="3700.00" end="3800.00" id="inductionLoop.S0" nVehContrib="15" flow="540.00" occupancy="33.42" speed="7.86" harmonicMeanSpeed="5.12" length="5.00" nVehEntered="15"/>
    <interval begin="3800.00" end="3900.00" id="inductionLoop.S0" nVehContrib="9" flow="324.00" occupancy="77.53" speed="3.02" harmonicMeanSpeed="0.48" length="5.00" nVehEntered="9"/>
    <interval begin="3900.00" end="4000.00" id="inductionLoop.S0" nVehContrib="13" flow="468.00" occupancy="54.58" speed="5.03" harmonicMeanSpeed="1.16" length="5.00" nVehEntered="13"/>
    <interval begin="4000.00" end="4100.00" id="inductionLoop.S0" nVehContrib="13" flow="468.00" occupancy="13.29" speed="8.94" harmonicMeanSpeed="4.62" length="5.00" nVehEntered="13"/>
    <interval begin="4100.00" end="4200.00" id="inductionLoop.S0" nVehContrib="11" flow="396.00" occupancy="51.04" speed="6.71" harmonicMeanSpeed="1.08" length="5.00" nVehEntered="10"/>
    <interval begin="4200.00" end="4300.00" id="inductionLoop.S0" nVehContrib="8" flow="288.00" occupancy="50.42" speed="4.64" harmonicMeanSpeed="2.04" length="5.00" nVehEntered="9"/>
    <interval begin="4300.00" end="4400.00" id="inductionLoop.S0" nVehContrib="11" flow="396.00" occupancy="25.78" speed="6.62" harmonicMeanSpeed="0.97" length="5.00" nVehEntered="10"/>
    <interval begin="4400.00" end="4500.00" id="inductionLoop.S0" nVehContrib="11" flow="396.00" occupancy="56.29" speed="7.21" harmonicMeanSpeed="0.99" length="5.00" nVehEntered="12"/>
    <interval begin="4500.00" end="4600.00" id="inductionLoop.S0" nVehContrib="10" flow="360.00" occupancy="23.32" speed="7.25" harmonicMeanSpeed="2.17" length="5.00" nVehEntered="10"/>
    <interval begin="4600.00" end="4700.00" id="inductionLoop.S0" nVehContrib="11" flow="396.00" occupancy="25.49" speed="6.36" harmonicMeanSpeed="3.26" length="5.00" nVehEntered="12"/>
    <interval begin="4700.00" end="4800.00" id="inductionLoop.S0" nVehContrib="14" flow="504.00" occupancy="60.87" speed="5.80" harmonicMeanSpeed="1.01" length="5.00" nVehEntered="13"/>
    <interval begin="4800.00" end="4900.00" id="inductionLoop.S0" nVehContrib="11" flow="396.00" occupancy="32.62" speed="6.76" harmonicMeanSpeed="1.69" length="5.00" nVehEntered="11"/>
    <interval begin="4900.00" end="5000.00" id="inductionLoop.S0" nVehContrib="8" flow="288.00" occupancy="19.69" speed="8.34" harmonicMeanSpeed="2.82" length="5.00" nVehEntered="10"/>
    <interval begin="5000.00" end="5100.00" id="inductionLoop.S0" nVehContrib="8" flow="288.00" occupancy="27.60" speed="4.33" harmonicMeanSpeed="1.23" length="5.00" nVehEntered="8"/>
    <interval begin="5100.00" end="5200.00" id="inductionLoop.S0" nVehContrib="10" flow="360.00" occupancy="6.23" speed="9.76" harmonicMeanSpeed="9.35" length="5.00" nVehEntered="11"/>
    <interval begin="5200.00" end="5300.00" id="inductionLoop.S0" nVehContrib="11" flow="396.00" occupancy="24.20" speed="6.42" harmonicMeanSpeed="2.29" length="5.00" nVehEntered="12"/>
    <interval begin="5300.00" end="5400.00" id="inductionLoop.S0" nVehContrib="10" flow="360.00" occupancy="35.90" speed="6.31" harmonicMeanSpeed="2.09" length="5.00" nVehEntered="12"/>
    <interval begin="5400.00" end="5500.00" id="inductionLoop.S0" nVehContrib="14" flow="504.00" occupancy="30.11" speed="7.70" harmonicMeanSpeed="1.75" length="5.00" nVehEntered="14"/>
    <interval begin="5500.00" end="5600.00" id="inductionLoop.S0" nVehContrib="9" flow="324.00" occupancy="34.60" speed="6.99" harmonicMeanSpeed="1.30" length="5.00" nVehEntered="10"/>
    <interval begin="5600.00" end="5700.00" id="inductionLoop.S0" nVehContrib="8" flow="288.00" occupancy="18.15" speed="8.48" harmonicMeanSpeed="5.04" length="5.00" nVehEntered="10"/>
    <interval begin="5700.00" end="5800.00" id="inductionLoop.S0" nVehContrib="8" flow="288.00" occupancy="8.18" speed="9.58" harmonicMeanSpeed="2.20" length="5.00" nVehEntered="7"/>
    <interval begin="5800.00" end="5900.00" id="inductionLoop.S0" nVehContrib="9" flow="324.00" occupancy="36.84" speed="8.41" harmonicMeanSpeed="2.05" length="5.00" nVehEntered="11"/>
    <interval begin="5900.00" end="6000.00" id="inductionLoop.S0" nVehContrib="14" flow="504.00" occupancy="12.70" speed="9.33" harmonicMeanSpeed="2.61" length="5.00" nVehEntered="14"/>
    <interval begin="6000.00" end="6100.00" id="inductionLoop.S0" nVehContrib="10" flow="360.00" occupancy="31.89" speed="7.47" harmonicMeanSpeed="3.63" length="5.00" nVehEntered="11"/>
    <interval begin="6100.00" end="6200.00" id="inductionLoop.S0" nVehContrib="11" flow="396.00" occupancy="59.37" speed="5.37" harmonicMeanSpeed="0.95" length="5.00" nVehEntered="11"/>
    <interval begin="6200.00" end="6300.00" id="inductionLoop.S0" nVehContrib="9" flow="324.00" occupancy="45.26" speed="7.69" harmonicMeanSpeed="0.70" length="5.00" nVehEntered="9"/>
    <interval begin="6300.00" end="6400.00" id="inductionLoop.S0" nVehContrib="12" flow="432.00" occupancy="6.29" speed="9.95" harmonicMeanSpeed="9.30" length="5.00" nVehEntered="11"/>
    <interval begin="6400.00" end="6500.00" id="inductionLoop.S0" nVehContrib="10" flow="360.00" occupancy="16.41" speed="8.69" harmonicMeanSpeed="4.82" length="5.00" nVehEntered="11"/>
    <interval begin="6500.00" end="6600.00" id="inductionLoop.S0" nVehContrib="12" flow="432.00" occupancy="12.94" speed="8.23" harmonicMeanSpeed="3.16" length="5.00" nVehEntered="11"/>
    <interval begin="6600.00" end="6700.00" id="inductionLoop.S0" nVehContrib="13" flow="468.00" occupancy="16.17" speed="7.64" harmonicMeanSpeed="4.02" length="5.00" nVehEntered="13"/>
    <interval begin="6700.00" end="6800.00" id="inductionLoop.S0" nVehContrib="10" flow="360.00" occupancy="5.72" speed="10.26" harmonicMeanSpeed="8.75" length="5.00" nVehEntered="10"/>
    <interval begin="6800.00" end="6900.00" id="inductionLoop.S0" nVehContrib="9" flow="324.00" occupancy="13.61" speed="8.92" harmonicMeanSpeed="3.31" length="5.00" nVehEntered="9"/>
    <interval begin="6900.00" end="7000.00" id="inductionLoop.S0" nVehContrib="13" flow="468.00" occupancy="33.05" speed="7.98" harmonicMeanSpeed="1.97" length="5.00" nVehEntered="13"/>
    <interval begin="7000.00" end="7100.00" id="inductionLoop.S0" nVehContrib="7" flow="252.00" occupancy="14.63" speed="9.11" harmonicMeanSpeed="2.47" length="5.00" nVehEntered="8"/>
    <interval begin="7100.00" end="7200.00" id="inductionLoop.S0" nVehContrib="9" flow="324.00" occupancy="4.35" speed="11.73" harmonicMeanSpeed="11.47" length="5.00" nVehEntered="10"/>
    <interval begin="7200.00" end="7300.00" id="inductionLoop.S0" nVehContrib="7" flow="252.00" occupancy="2.96" speed="12.19" harmonicMeanSpeed="11.82" length="5.00" nVehEntered="7"/>
    <interval begin="7300.00" end="7400.00" id="inductionLoop.S0" nVehContrib="11" flow="396.00" occupancy="8.26" speed="10.84" harmonicMeanSpeed="10.01" length="5.00" nVehEntered="12"/>
    <interval begin="7400.00" end="7500.00" id="inductionLoop.S0" nVehContrib="1" flow="36.00" occupancy="0.68" speed="12.88" harmonicMeanSpeed="12.88" length="5.00" nVehEntered="2"/>
    <interval begin="7500.00" end="7600.00" id="inductionLoop.S0" nVehContrib="13" flow="468.00" occupancy="8.02" speed="11.07" harmonicMeanSpeed="9.87" length="5.00" nVehEntered="13"/>
    <interval begin="7600.00" end="7700.00" id="inductionLoop.S0" nVehContrib="9" flow="324.00" occupancy="33.53" speed="5.89" harmonicMeanSpeed="1.34" length="5.00" nVehEntered="9"/>
    <interval begin="7700.00" end="7800.00" id="inductionLoop.S0" nVehContrib="10" flow="360.00" occupancy="6.52" speed="9.87" harmonicMeanSpeed="7.67" length="5.00" nVehEntered="10"/>
    <interval begin="7800.00" end="7900.00" id="inductionLoop.S0" nVehContrib="9" flow="324.00" occupancy="14.04" speed="8.08" harmonicMeanSpeed="3.47" length="5.00" nVehEntered="10"/>
    <interval begin="7900.00" end="8000.00" id="inductionLoop.S0" nVehContrib="10" flow="360.00" occupancy="17.65" speed="8.99" harmonicMeanSpeed="2.67" length="5.00" nVehEntered="9"/>
    <interval begin="8000.00" end="8100.00" id="inductionLoop.S0" nVehContrib="10" flow="360.00" occupancy="5.98" speed="9.53" harmonicMeanSpeed="8.36" length="5.00" nVehEntered="10"/>
    <interval begin="8100.00" end="8200.00" id="inductionLoop.S0" nVehContrib="8" flow="288.00" occupancy="3.73" speed="11.98" harmonicMeanSpeed="11.75" length="5.00" nVehEntered="9"/>
    <interval begin="8200.00" end="8300.00" id="inductionLoop.S0" nVehContrib="11" flow="396.00" occupancy="5.42" speed="10.36" harmonicMeanSpeed="10.15" length="5.00" nVehEntered="11"/>
    <interval begin="8300.00" end="8400.00" id="inductionLoop.S0" nVehContrib="13" flow="468.00" occupancy="35.53" speed="6.81" harmonicMeanSpeed="1.83" length="5.00" nVehEntered="13"/>
    <interval begin="8400.00" end="8500.00" id="inductionLoop.S0" nVehContrib="9" flow="324.00" occupancy="40.51" speed="7.56" harmonicMeanSpeed="1.11" length="5.00" nVehEntered="9"/>
    <interval begin="8500.00" end="8600.00" id="inductionLoop.S0" nVehContrib="12" flow="432.00" occupancy="8.08" speed="8.87" harmonicMeanSpeed="7.96" length="5.00" nVehEntered="13"/>
    <interval begin="8600.00" end="8700.00" id="inductionLoop.S0" nVehContrib="13" flow="468.00" occupancy="19.94" speed="7.83" harmonicMeanSpeed="3.26" length="5.00" nVehEntered="13"/>
    <interval begin="8700.00" end="8800.00" id="inductionLoop.S0" nVehContrib="14" flow="504.00" occupancy="20.46" speed="7.34" harmonicMeanSpeed="3.48" length="5.00" nVehEntered="15"/>
    <interval begin="8800.00" end="8900.00" id="inductionLoop.S0" nVehContrib="9" flow="324.00" occupancy="24.18" speed="4.15" harmonicMeanSpeed="1.85" length="5.00" nVehEntered="9"/>
    <interval begin="8900.00" end="9000.00" id="inductionLoop.S0" nVehContrib="10" flow="360.00" occupancy="5.69" speed="9.47" harmonicMeanSpeed="8.78" length="5.00" nVehEntered="10"/>
    <interval begin="9000.00" end="9100.00" id="inductionLoop.S0" nVehContrib="10" flow="360.00" occupancy="5.54" speed="9.66" harmonicMeanSpeed="9.13" length="5.00" nVehEntered="11"/>
    <interval begin="9100.00" end="9200.00" id="inductionLoop.S0" nVehContrib="7" flow="252.00" occupancy="3.46" speed="10.50" harmonicMeanSpeed="10.12" length="5.00" nVehEntered="7"/>
    <interval begin="9200.00" end="9300.00" id="inductionLoop.S0" nVehContrib="11" flow="396.00" occupancy="5.94" speed="11.56" harmonicMeanSpeed="11.18" length="5.00" nVehEntered="12"/>
    <interval begin="9300.00" end="9400.00" id="inductionLoop.S0" nVehContrib="8" flow="288.00" occupancy="3.88" speed="10.80" harmonicMeanSpeed="10.32" length="5.00" nVehEntered="8"/>
    <interval begin="9400.00" end="9500.00" id="inductionLoop.S0" nVehContrib="12" flow="432.00" occupancy="20.58" speed="9.09" harmonicMeanSpeed="2.92" length="5.00" nVehEntered="12"/>
    <interval begin="9500.00" end="9600.00" id="inductionLoop.S0" nVehContrib="7" flow="252.00" occupancy="7.41" speed="9.18" harmonicMeanSpeed="4.72" length="5.00" nVehEntered="7"/>
    <interval begin="9600.00" end="9700.00" id="inductionLoop.S0" nVehContrib="12" flow="432.00" occupancy="13.12" speed="8.45" harmonicMeanSpeed="4.57" length="5.00" nVehEntered="12"/>
    <interval begin="9700.00" end="9800.00" id="inductionLoop.S0" nVehContrib="10" flow="360.00" occupancy="6.57" speed="8.88" harmonicMeanSpeed="8.09" length="5.00" nVehEntered="11"/>
    <interval begin="9800.00" end="9900.00" id="inductionLoop.S0" nVehContrib="7" flow="252.00" occupancy="4.76" speed="9.81" harmonicMeanSpeed="7.35" length="5.00" nVehEntered="7"/>
    <interval begin="9900.00" end="10000.00" id="inductionLoop.S0" nVehContrib="11" flow="396.00" occupancy="4.87" speed="11.54" harmonicMeanSpeed="11.30" length="5.00" nVehEntered="11"/>
    <interval begin="10000.00" end="10100.00" id="inductionLoop.S0" nVehContrib="10" flow="360.00" occupancy="11.00" speed="9.48" harmonicMeanSpeed="4.54" length="5.00" nVehEntered="10"/>
    <interval begin="10100.00" end="10200.00" id="inductionLoop.S0" nVehContrib="9" flow="324.00" occupancy="9.45" speed="9.87" harmonicMeanSpeed="4.76" length="5.00" nVehEntered="9"/>
    <interval begin="10200.00" end="10300.00" id="inductionLoop.S0" nVehContrib="4" flow="144.00" occupancy="1.68" speed="11.94" harmonicMeanSpeed="11.91" length="5.00" nVehEntered="4"/>
    <interval begin="10300.00" end="10400.00" id="inductionLoop.S0" nVehContrib="6" flow="216.00" occupancy="11.23" speed="10.24" harmonicMeanSpeed="2.82" length="5.00" nVehEntered="7"/>
    <interval begin="10400.00" end="10500.00" id="inductionLoop.S0" nVehContrib="10" flow="360.00" occupancy="4.61" speed="11.15" harmonicMeanSpeed="10.86" length="5.00" nVehEntered="10"/>
    <interval begin="10500.00" end="10600.00" id="inductionLoop.S0" nVehContrib="6" flow="216.00" occupancy="8.69" speed="10.46" harmonicMeanSpeed="10.12" length="5.00" nVehEntered="8"/>
    <interval begin="10600.00" end="10700.00" id="inductionLoop.S0" nVehContrib="9" flow="324.00" occupancy="9.95" speed="8.93" harmonicMeanSpeed="4.52" length="5.00" nVehEntered="9"/>
    <interval begin="10700.00" end="10800.00" id="inductionLoop.S0" nVehContrib="10" flow="360.00" occupancy="21.47" speed="9.03" harmonicMeanSpeed="2.38" length="5.00" nVehEntered="12"/>
    <interval begin="10800.00" end="10900.00" id="inductionLoop.S0" nVehContrib="11" flow="396.00" occupancy="19.84" speed="8.68" harmonicMeanSpeed="2.82" length="5.00" nVehEntered="11"/>
    <interval begin="10900.00" end="11000.00" id="inductionLoop.S0" nVehContrib="7" flow="252.00" occupancy="6.01" speed="9.46" harmonicMeanSpeed="5.36" length="5.00" nVehEntered="6"/>
    <interval begin="11000.00" end="11100.00" id="inductionLoop.S0" nVehContrib="5" flow="180.00" occupancy="27.83" speed="8.95" harmonicMeanSpeed="0.90" length="5.00" nVehEntered="5"/>
    <interval begin="11100.00" end="11200.00" id="inductionLoop.S0" nVehContrib="5" flow="180.00" occupancy="19.49" speed="7.12" harmonicMeanSpeed="1.28" length="5.00" nVehEntered="5"/>
    <interval begin="11200.00" end="11300.00" id="inductionLoop.S0" nVehContrib="8" flow="288.00" occupancy="3.49" speed="12.07" harmonicMeanSpeed="11.45" length="5.00" nVehEntered="8"/>
    <interval begin="11300.00" end="11400.00" id="inductionLoop.S0" nVehContrib="2" flow="72.00" occupancy="0.78" speed="12.81" harmonicMeanSpeed="12.78" length="5.00" nVehEntered="2"/>
    <interval begin="11400.00" end="11500.00" id="inductionLoop.S0" nVehContrib="8" flow="288.00" occupancy="3.83" speed="10.86" harmonicMeanSpeed="10.44" length="5.00" nVehEntered="8"/>
    <interval begin="11500.00" end="11600.00" id="inductionLoop.S0" nVehContrib="6" flow="216.00" occupancy="2.78" speed="11.13" harmonicMeanSpeed="10.77" length="5.00" nVehEntered="6"/>
    <interval begin="11600.00" end="11700.00" id="inductionLoop.S0" nVehContrib="5" flow="180.00" occupancy="2.08" speed="12.15" harmonicMeanSpeed="12.03" length="5.00" nVehEntered="5"/>
    <interval begin="11700.00" end="11800.00" id="inductionLoop.S0" nVehContrib="5" flow="180.00" occupancy="2.19" speed="11.64" harmonicMeanSpeed="11.43" length="5.00" nVehEntered="5"/>
    <interval begin="11800.00" end="11900.00" id="inductionLoop.S0" nVehContrib="9" flow="324.00" occupancy="12.42" speed="8.22" harmonicMeanSpeed="4.43" length="5.00" nVehEntered="11"/>
    <interval begin="11900.00" end="12000.00" id="inductionLoop.S0" nVehContrib="8" flow="288.00" occupancy="3.66" speed="11.43" harmonicMeanSpeed="10.94" length="5.00" nVehEntered="8"/>
    <interval begin="12000.00" end="12100.00" id="inductionLoop.S0" nVehContrib="6" flow="216.00" occupancy="2.60" speed="11.75" harmonicMeanSpeed="11.53" length="5.00" nVehEntered="6"/>
    <interval begin="12100.00" end="12200.00" id="inductionLoop.S0" nVehContrib="8" flow="288.00" occupancy="10.09" speed="11.21" harmonicMeanSpeed="10.98" length="5.00" nVehEntered="11"/>
    <interval begin="12200.00" end="12300.00" id="inductionLoop.S0" nVehContrib="5" flow="180.00" occupancy="9.78" speed="9.69" harmonicMeanSpeed="1.82" length="5.00" nVehEntered="5"/>
    <interval begin="12300.00" end="12400.00" id="inductionLoop.S0" nVehContrib="8" flow="288.00" occupancy="16.85" speed="9.05" harmonicMeanSpeed="2.37" length="5.00" nVehEntered="8"/>
    <interval begin="12400.00" end="12500.00" id="inductionLoop.S0" nVehContrib="10" flow="360.00" occupancy="7.81" speed="9.22" harmonicMeanSpeed="6.59" length="5.00" nVehEntered="11"/>
    <interval begin="12500.00" end="12600.00" id="inductionLoop.S0" nVehContrib="9" flow="324.00" occupancy="20.26" speed="8.00" harmonicMeanSpeed="2.20" length="5.00" nVehEntered="8"/>
    <interval begin="12600.00" end="12700.00" id="inductionLoop.S0" nVehContrib="9" flow="324.00" occupancy="9.39" speed="10.36" harmonicMeanSpeed="4.93" length="5.00" nVehEntered="10"/>
    <interval begin="12700.00" end="12800.00" id="inductionLoop.S0" nVehContrib="6" flow="216.00" occupancy="3.30" speed="9.97" harmonicMeanSpeed="9.09" length="5.00" nVehEntered="6"/>
    <interval begin="12800.00" end="12900.00" id="inductionLoop.S0" nVehContrib="11" flow="396.00" occupancy="10.22" speed="9.04" harmonicMeanSpeed="5.40" length="5.00" nVehEntered="12"/>
    <interval begin="12900.00" end="13000.00" id="inductionLoop.S0" nVehContrib="7" flow="252.00" occupancy="3.82" speed="10.45" harmonicMeanSpeed="10.24" length="5.00" nVehEntered="8"/>
    <interval begin="13000.00" end="13100.00" id="inductionLoop.S0" nVehContrib="9" flow="324.00" occupancy="21.89" speed="10.67" harmonicMeanSpeed="2.13" length="5.00" nVehEntered="11"/>
    <interval begin="13100.00" end="13200.00" id="inductionLoop.S0" nVehContrib="6" flow="216.00" occupancy="3.28" speed="9.05" harmonicMeanSpeed="7.41" length="5.00" nVehEntered="5"/>
    <interval begin="13200.00" end="13300.00" id="inductionLoop.S0" nVehContrib="6" flow="216.00" occupancy="4.50" speed="10.17" harmonicMeanSpeed="10.04" length="5.00" nVehEntered="7"/>
    <interval begin="13300.00" end="13400.00" id="inductionLoop.S0" nVehContrib="4" flow="144.00" occupancy="1.62" speed="12.44" harmonicMeanSpeed="12.37" length="5.00" nVehEntered="4"/>
    <interval begin="13400.00" end="13500.00" id="inductionLoop.S0" nVehContrib="9" flow="324.00" occupancy="12.44" speed="9.46" harmonicMeanSpeed="3.62" length="5.00" nVehEntered="9"/>
    <interval begin="13500.00" end="13600.00" id="inductionLoop.S0" nVehContrib="10" flow="360.00" occupancy="4.94" speed="10.54" harmonicMeanSpeed="10.13" length="5.00" nVehEntered="10"/>
    <interval begin="13600.00" end="13700.00" id="inductionLoop.S0" nVehContrib="9" flow="324.00" occupancy="10.72" speed="9.23" harmonicMeanSpeed="4.20" length="5.00" nVehEntered="9"/>
    <interval begin="13700.00" end="13800.00" id="inductionLoop.S0" nVehContrib="12" flow="432.00" occupancy="5.36" speed="11.55" harmonicMeanSpeed="11.19" length="5.00" nVehEntered="12"/>
    <interval begin="13800.00" end="13900.00" id="inductionLoop.S0" nVehContrib="9" flow="324.00" occupancy="6.39" speed="10.05" harmonicMeanSpeed="7.23" length="5.00" nVehEntered="10"/>
    <interval begin="13900.00" end="14000.00" id="inductionLoop.S0" nVehContrib="7" flow="252.00" occupancy="3.10" speed="11.59" harmonicMeanSpeed="11.28" length="5.00" nVehEntered="7"/>
    <interval begin="14000.00" end="14100.00" id="inductionLoop.S0" nVehContrib="9" flow="324.00" occupancy="4.88" speed="9.86" harmonicMeanSpeed="9.22" length="5.00" nVehEntered="9"/>
    <interval begin="14100.00" end="14200.00" id="inductionLoop.S0" nVehContrib="7" flow="252.00" occupancy="3.73" speed="10.74" harmonicMeanSpeed="9.38" length="5.00" nVehEntered="7"/>
    <interval begin="14200.00" end="14300.00" id="inductionLoop.S0" nVehContrib="5" flow="180.00" occupancy="2.21" speed="11.85" harmonicMeanSpeed="11.33" length="5.00" nVehEntered="5"/>
    <interval begin="14300.00" end="14400.00" id="inductionLoop.S0" nVehContrib="7" flow="252.00" occupancy="3.58" speed="10.76" harmonicMeanSpeed="10.33" length="5.00" nVehEntered="8"/>
    <interval begin="14400.00" end="14500.00" id="inductionLoop.S0" nVehContrib="8" flow="288.00" occupancy="41.53" speed="5.51" harmonicMeanSpeed="0.96" length="5.00" nVehEntered="8"/>
    <interval begin="14500.00" end="14600.00" id="inductionLoop.S0" nVehContrib="7" flow="252.00" occupancy="3.25" speed="10.93" harmonicMeanSpeed="10.76" length="5.00" nVehEntered="7"/>
    <interval begin="14600.00" end="14700.00" id="inductionLoop.S0" nVehContrib="8" flow="288.00" occupancy="3.73" speed="11.02" harmonicMeanSpeed="10.74" length="5.00" nVehEntered="8"/>
    <interval begin="14700.00" end="14800.00" id="inductionLoop.S0" nVehContrib="6" flow="216.00" occupancy="8.93" speed="9.28" harmonicMeanSpeed="3.83" length="5.00" nVehEntered="8"/>
    <interval begin="14800.00" end="14900.00" id="inductionLoop.S0" nVehContrib="7" flow="252.00" occupancy="3.43" speed="12.34" harmonicMeanSpeed="12.21" length="5.00" nVehEntered="9"/>
    <interval begin="14900.00" end="15000.00" id="inductionLoop.S0" nVehContrib="9" flow="324.00" occupancy="4.52" speed="11.31" harmonicMeanSpeed="11.07" length="5.00" nVehEntered="10"/>
    <interval begin="15000.00" end="15100.00" id="inductionLoop.S0" nVehContrib="7" flow="252.00" occupancy="3.07" speed="11.66" harmonicMeanSpeed="11.39" length="5.00" nVehEntered="7"/>
    <interval begin="15100.00" end="15200.00" id="inductionLoop.S0" nVehContrib="7" flow="252.00" occupancy="19.71" speed="8.91" harmonicMeanSpeed="1.78" length="5.00" nVehEntered="7"/>
    <interval begin="15200.00" end="15300.00" id="inductionLoop.S0" nVehContrib="12" flow="432.00" occupancy="11.65" speed="10.28" harmonicMeanSpeed="5.15" length="5.00" nVehEntered="12"/>
    <interval begin="15300.00" end="15400.00" id="inductionLoop.S0" nVehContrib="8" flow="288.00" occupancy="20.39" speed="8.48" harmonicMeanSpeed="1.96" length="5.00" nVehEntered="8"/>
    <interval begin="15400.00" end="15500.00" id="inductionLoop.S0" nVehContrib="8" flow="288.00" occupancy="5.38" speed="10.38" harmonicMeanSpeed="10.13" length="5.00" nVehEntered="10"/>
    <interval begin="15500.00" end="15600.00" id="inductionLoop.S0" nVehContrib="6" flow="216.00" occupancy="2.97" speed="10.31" harmonicMeanSpeed="10.10" length="5.00" nVehEntered="6"/>
    <interval begin="15600.00" end="15700.00" id="inductionLoop.S0" nVehContrib="6" flow="216.00" occupancy="2.53" speed="12.19" harmonicMeanSpeed="11.87" length="5.00" nVehEntered="6"/>
    <interval begin="15700.00" end="15800.00" id="inductionLoop.S0" nVehContrib="7" flow="252.00" occupancy="23.35" speed="7.41" harmonicMeanSpeed="1.66" length="5.00" nVehEntered="8"/>
    <interval begin="15800.00" end="15900.00" id="inductionLoop.S0" nVehContrib="7" flow="252.00" occupancy="2.74" speed="12.88" harmonicMeanSpeed="12.79" length="5.00" nVehEntered="7"/>
    <interval begin="15900.00" end="16000.00" id="inductionLoop.S0" nVehContrib="5" flow="180.00" occupancy="2.28" speed="11.31" harmonicMeanSpeed="10.95" length="5.00" nVehEntered="5"/>
    <interval begin="16000.00" end="16100.00" id="inductionLoop.S0" nVehContrib="10" flow="360.00" occupancy="37.74" speed="6.58" harmonicMeanSpeed="1.32" length="5.00" nVehEntered="10"/>
    <interval begin="16100.00" end="16200.00" id="inductionLoop.S0" nVehContrib="10" flow="360.00" occupancy="26.17" speed="9.10" harmonicMeanSpeed="1.91" length="5.00" nVehEntered="10"/>
    <interval begin="16200.00" end="16300.00" id="inductionLoop.S0" nVehContrib="7" flow="252.00" occupancy="22.98" speed="7.45" harmonicMeanSpeed="1.52" length="5.00" nVehEntered="7"/>
    <interval begin="16300.00" end="16400.00" id="inductionLoop.S0" nVehContrib="3" flow="108.00" occupancy="1.30" speed="11.58" harmonicMeanSpeed="11.53" length="5.00" nVehEntered="3"/>
    <interval begin="16400.00" end="16500.00" id="inductionLoop.S0" nVehContrib="5" flow="180.00" occupancy="2.32" speed="11.09" harmonicMeanSpeed="10.79" length="5.00" nVehEntered="5"/>
    <interval begin="16500.00" end="16600.00" id="inductionLoop.S0" nVehContrib="10" flow="360.00" occupancy="4.64" speed="11.15" harmonicMeanSpeed="10.77" length="5.00" nVehEntered="10"/>
    <interval begin="16600.00" end="16700.00" id="inductionLoop.S0" nVehContrib="8" flow="288.00" occupancy="14.02" speed="9.16" harmonicMeanSpeed="2.85" length="5.00" nVehEntered="8"/>
    <interval begin="16700.00" end="16800.00" id="inductionLoop.S0" nVehContrib="9" flow="324.00" occupancy="7.51" speed="9.15" harmonicMeanSpeed="6.30" length="5.00" nVehEntered="10"/>
    <interval begin="16800.00" end="16900.00" id="inductionLoop.S0" nVehContrib="7" flow="252.00" occupancy="2.94" speed="12.29" harmonicMeanSpeed="11.90" length="5.00" nVehEntered="7"/>
    <interval begin="16900.00" end="17000.00" id="inductionLoop.S0" nVehContrib="6" flow="216.00" occupancy="2.66" speed="11.71" harmonicMeanSpeed="11.27" length="5.00" nVehEntered="6"/>
    <interval begin="17000.00" end="17100.00" id="inductionLoop.S0" nVehContrib="10" flow="360.00" occupancy="4.95" speed="11.15" harmonicMeanSpeed="10.61" length="5.00" nVehEntered="11"/>
    <interval begin="17100.00" end="17200.00" id="inductionLoop.S0" nVehContrib="4" flow="144.00" occupancy="2.83" speed="11.26" harmonicMeanSpeed="11.07" length="5.00" nVehEntered="5"/>
    <interval begin="17200.00" end="17300.00" id="inductionLoop.S0" nVehContrib="8" flow="288.00" occupancy="3.61" speed="11.43" harmonicMeanSpeed="11.08" length="5.00" nVehEntered="8"/>
    <interval begin="17300.00" end="17400.00" id="inductionLoop.S0" nVehContrib="6" flow="216.00" occupancy="30.45" speed="8.60" harmonicMeanSpeed="0.99" length="5.00" nVehEntered="6"/>
    <interval begin="17400.00" end="17500.00" id="inductionLoop.S0" nVehContrib="9" flow="324.00" occupancy="7.05" speed="7.25" harmonicMeanSpeed="6.38" length="5.00" nVehEntered="9"/>
    <interval begin="17500.00" end="17600.00" id="inductionLoop.S0" nVehContrib="8" flow="288.00" occupancy="4.10" speed="10.26" harmonicMeanSpeed="9.75" length="5.00" nVehEntered="8"/>
    <interval begin="17600.00" end="17700.00" id="inductionLoop.S0" nVehContrib="8" flow="288.00" occupancy="6.41" speed="9.16" harmonicMeanSpeed="6.60" length="5.00" nVehEntered="9"/>
    <interval begin="17700.00" end="17800.00" id="inductionLoop.S0" nVehContrib="7" flow="252.00" occupancy="7.90" speed="8.71" harmonicMeanSpeed="4.53" length="5.00" nVehEntered="8"/>
    <interval begin="17800.00" end="17900.00" id="inductionLoop.S0" nVehContrib="6" flow="216.00" occupancy="18.07" speed="8.50" harmonicMeanSpeed="1.64" length="5.00" nVehEntered="5"/>
    <interval begin="17900.00" end="18000.00" id="inductionLoop.S0" nVehContrib="8" flow="288.00" occupancy="3.46" speed="11.71" harmonicMeanSpeed="11.56" length="5.00" nVehEntered="8"/>
    <interval begin="18000.00" end="18100.00" id="inductionLoop.S0" nVehContrib="6" flow="216.00" occupancy="22.78" speed="7.27" harmonicMeanSpeed="1.76" length="5.00" nVehEntered="8"/>
    <interval begin="18100.00" end="18200.00" id="inductionLoop.S0" nVehContrib="8" flow="288.00" occupancy="28.23" speed="7.72" harmonicMeanSpeed="1.19" length="5.00" nVehEntered="7"/>
    <interval begin="18200.00" end="18300.00" id="inductionLoop.S0" nVehContrib="12" flow="432.00" occupancy="6.31" speed="9.77" harmonicMeanSpeed="9.52" length="5.00" nVehEntered="12"/>
    <interval begin="18300.00" end="18400.00" id="inductionLoop.S0" nVehContrib="8" flow="288.00" occupancy="14.46" speed="9.15" harmonicMeanSpeed="2.88" length="5.00" nVehEntered="9"/>
    <interval begin="18400.00" end="18500.00" id="inductionLoop.S0" nVehContrib="3" flow="108.00" occupancy="1.21" speed="12.58" harmonicMeanSpeed="12.42" length="5.00" nVehEntered="3"/>
    <interval begin="18500.00" end="18600.00" id="inductionLoop.S0" nVehContrib="8" flow="288.00" occupancy="3.88" speed="10.67" harmonicMeanSpeed="10.30" length="5.00" nVehEntered="8"/>
    <interval begin="18600.00" end="18700.00" id="inductionLoop.S0" nVehContrib="6" flow="216.00" occupancy="58.56" speed="3.95" harmonicMeanSpeed="0.68" length="5.00" nVehEntered="7"/>
    <interval begin="18700.00" end="18800.00" id="inductionLoop.S0" nVehContrib="10" flow="360.00" occupancy="27.58" speed="5.71" harmonicMeanSpeed="1.18" length="5.00" nVehEntered="9"/>
    <interval begin="18800.00" end="18900.00" id="inductionLoop.S0" nVehContrib="7" flow="252.00" occupancy="54.01" speed="7.22" harmonicMeanSpeed="0.88" length="5.00" nVehEntered="8"/>
    <interval begin="18900.00" end="19000.00" id="inductionLoop.S0" nVehContrib="12" flow="432.00" occupancy="39.57" speed="6.71" harmonicMeanSpeed="1.11" length="5.00" nVehEntered="11"/>
    <interval begin="19000.00" end="19100.00" id="inductionLoop.S0" nVehContrib="3" flow="108.00" occupancy="63.60" speed="5.43" harmonicMeanSpeed="0.39" length="5.00" nVehEntered="5"/>
    <interval begin="19100.00" end="19200.00" id="inductionLoop.S0" nVehContrib="10" flow="360.00" occupancy="36.20" speed="3.20" harmonicMeanSpeed="0.85" length="5.00" nVehEntered="9"/>
    <interval begin="19200.00" end="19300.00" id="inductionLoop.S0" nVehContrib="5" flow="180.00" occupancy="4.11" speed="8.28" harmonicMeanSpeed="6.09" length="5.00" nVehEntered="5"/>
    <interval begin="19300.00" end="19400.00" id="inductionLoop.S0" nVehContrib="4" flow="144.00" occupancy="30.35" speed="6.19" harmonicMeanSpeed="3.29" length="5.00" nVehEntered="7"/>
    <interval begin="19400.00" end="19500.00" id="inductionLoop.S0" nVehContrib="5" flow="180.00" occupancy="51.20" speed="3.27" harmonicMeanSpeed="0.51" length="5.00" nVehEntered="5"/>
    <interval begin="19500.00" end="19600.00" id="inductionLoop.S0" nVehContrib="11" flow="396.00" occupancy="47.48" speed="2.77" harmonicMeanSpeed="0.79" length="5.00" nVehEntered="11"/>
    <interval begin="19600.00" end="19700.00" id="inductionLoop.S0" nVehContrib="8" flow="288.00" occupancy="57.72" speed="3.05" harmonicMeanSpeed="0.69" length="5.00" nVehEntered="8"/>
    <interval begin="19700.00" end="19800.00" id="inductionLoop.S0" nVehContrib="10" flow="360.00" occupancy="47.95" speed="3.52" harmonicMeanSpeed="1.04" length="5.00" nVehEntered="10"/>
    <interval begin="19800.00" end="19900.00" id="inductionLoop.S0" nVehContrib="6" flow="216.00" occupancy="76.24" speed="2.57" harmonicMeanSpeed="0.63" length="5.00" nVehEntered="7"/>
    <interval begin="19900.00" end="20000.00" id="inductionLoop.S0" nVehContrib="8" flow="288.00" occupancy="15.68" speed="6.40" harmonicMeanSpeed="0.99" length="5.00" nVehEntered="8"/>
    <interval begin="20000.00" end="20100.00" id="inductionLoop.S0" nVehContrib="9" flow="324.00" occupancy="51.07" speed="4.12" harmonicMeanSpeed="1.26" length="5.00" nVehEntered="10"/>
    <interval begin="20100.00" end="20200.00" id="inductionLoop.S0" nVehContrib="9" flow="324.00" occupancy="67.92" speed="2.22" harmonicMeanSpeed="0.52" length="5.00" nVehEntered="8"/>
    <interval begin="20200.00" end="20300.00" id="inductionLoop.S0" nVehContrib="9" flow="324.00" occupancy="34.34" speed="7.31" harmonicMeanSpeed="1.37" length="5.00" nVehEntered="11"/>
    <interval begin="20300.00" end="20400.00" id="inductionLoop.S0" nVehContrib="11" flow="396.00" occupancy="33.96" speed="3.25" harmonicMeanSpeed="1.58" length="5.00" nVehEntered="11"/>
    <interval begin="20400.00" end="20500.00" id="inductionLoop.S0" nVehContrib="9" flow="324.00" occupancy="58.86" speed="2.42" harmonicMeanSpeed="0.85" length="5.00" nVehEntered="9"/>
    <interval begin="20500.00" end="20600.00" id="inductionLoop.S0" nVehContrib="6" flow="216.00" occupancy="68.89" speed="1.54" harmonicMeanSpeed="0.86" length="5.00" nVehEntered="6"/>
    <interval begin="20600.00" end="20700.00" id="inductionLoop.S0" nVehContrib="11" flow="396.00" occupancy="77.05" speed="3.91" harmonicMeanSpeed="0.49" length="5.00" nVehEntered="11"/>
    <interval begin="20700.00" end="20800.00" id="inductionLoop.S0" nVehContrib="5" flow="180.00" occupancy="88.83" speed="3.53" harmonicMeanSpeed="0.40" length="5.00" nVehEntered="5"/>
    <interval begin="20800.00" end="20900.00" id="inductionLoop.S0" nVehContrib="16" flow="576.00" occupancy="48.22" speed="3.42" harmonicMeanSpeed="1.01" length="5.00" nVehEntered="16"/>
    <interval begin="20900.00" end="21000.00" id="inductionLoop.S0" nVehContrib="10" flow="360.00" occupancy="71.94" speed="4.03" harmonicMeanSpeed="0.74" length="5.00" nVehEntered="10"/>
    <interval begin="21000.00" end="21100.00" id="inductionLoop.S0" nVehContrib="10" flow="360.00" occupancy="70.70" speed="2.30" harmonicMeanSpeed="0.66" length="5.00" nVehEntered="9"/>
    <interval begin="21100.00" end="21200.00" id="inductionLoop.S0" nVehContrib="9" flow="324.00" occupancy="42.50" speed="1.62" harmonicMeanSpeed="1.16" length="5.00" nVehEntered="10"/>
    <interval begin="21200.00" end="21300.00" id="inductionLoop.S0" nVehContrib="14" flow="504.00" occupancy="40.60" speed="4.48" harmonicMeanSpeed="2.43" length="5.00" nVehEntered="14"/>
    <interval begin="21300.00" end="21400.00" id="inductionLoop.S0" nVehContrib="9" flow="324.00" occupancy="83.60" speed="4.08" harmonicMeanSpeed="0.45" length="5.00" nVehEntered="8"/>
    <interval begin="21400.00" end="21500.00" id="inductionLoop.S0" nVehContrib="9" flow="324.00" occupancy="55.36" speed="1.97" harmonicMeanSpeed="1.51" length="5.00" nVehEntered="10"/>
    <interval begin="21500.00" end="21600.00" id="inductionLoop.S0" nVehContrib="9" flow="324.00" occupancy="83.03" speed="3.10" harmonicMeanSpeed="0.41" length="5.00" nVehEntered="8"/>
    <interval begin="21600.00" end="21700.00" id="inductionLoop.S0" nVehContrib="7" flow="252.00" occupancy="86.34" speed="5.02" harmonicMeanSpeed="0.41" length="5.00" nVehEntered="7"/>
    <interval begin="21700.00" end="21800.00" id="inductionLoop.S0" nVehContrib="13" flow="468.00" occupancy="45.54" speed="2.11" harmonicMeanSpeed="1.43" length="5.00" nVehEntered="13"/>
    <interval begin="21800.00" end="21900.00" id="inductionLoop.S0" nVehContrib="11" flow="396.00" occupancy="51.84" speed="4.48" harmonicMeanSpeed="3.08" length="5.00" nVehEntered="12"/>
    <interval begin="21900.00" end="22000.00" id="inductionLoop.S0" nVehContrib="11" flow="396.00" occupancy="77.64" speed="2.67" harmonicMeanSpeed="0.51" length="5.00" nVehEntered="11"/>
    <interval begin="22000.00" end="22100.00" id="inductionLoop.S0" nVehContrib="14" flow="504.00" occupancy="70.40" speed="3.14" harmonicMeanSpeed="0.94" length="5.00" nVehEntered="13"/>
    <interval begin="22100.00" end="22200.00" id="inductionLoop.S0" nVehContrib="10" flow="360.00" occupancy="48.39" speed="3.41" harmonicMeanSpeed="2.34" length="5.00" nVehEntered="11"/>
    <interval begin="22200.00" end="22300.00" id="inductionLoop.S0" nVehContrib="8" flow="288.00" occupancy="81.45" speed="2.30" harmonicMeanSpeed="0.65" length="5.00" nVehEntered="8"/>
    <interval begin="22300.00" end="22400.00" id="inductionLoop.S0" nVehContrib="15" flow="540.00" occupancy="63.42" speed="3.25" harmonicMeanSpeed="0.69" length="5.00" nVehEntered="15"/>
    <interval begin="22400.00" end="22500.00" id="inductionLoop.S0" nVehContrib="13" flow="468.00" occupancy="50.63" speed="3.00" harmonicMeanSpeed="1.26" length="5.00" nVehEntered="13"/>
    <interval begin="22500.00" end="22600.00" id="inductionLoop.S0" nVehContrib="5" flow="180.00" occupancy="87.16" speed="1.86" harmonicMeanSpeed="0.28" length="5.00" nVehEntered="4"/>
    <interval begin="22600.00" end="22700.00" id="inductionLoop.S0" nVehContrib="9" flow="324.00" occupancy="83.80" speed="4.79" harmonicMeanSpeed="0.85" length="5.00" nVehEntered="10"/>
    <interval begin="22700.00" end="22800.00" id="inductionLoop.S0" nVehContrib="10" flow="360.00" occupancy="58.82" speed="2.85" harmonicMeanSpeed="0.57" length="5.00" nVehEntered="10"/>
    <interval begin="22800.00" end="22900.00" id="inductionLoop.S0" nVehContrib="14" flow="504.00" occupancy="40.62" speed="2.74" harmonicMeanSpeed="1.64" length="5.00" nVehEntered="13"/>
    <interval begin="22900.00" end="23000.00" id="inductionLoop.S0" nVehContrib="7" flow="252.00" occupancy="83.98" speed="3.62" harmonicMeanSpeed="0.59" length="5.00" nVehEntered="8"/>
    <interval begin="23000.00" end="23100.00" id="inductionLoop.S0" nVehContrib="11" flow="396.00" occupancy="59.37" speed="3.03" harmonicMeanSpeed="0.66" length="5.00" nVehEntered="10"/>
    <interval begin="23100.00" end="23200.00" id="inductionLoop.S0" nVehContrib="11" flow="396.00" occupancy="72.73" speed="2.73" harmonicMeanSpeed="0.76" length="5.00" nVehEntered="11"/>
    <interval begin="23200.00" end="23300.00" id="inductionLoop.S0" nVehContrib="9" flow="324.00" occupancy="50.55" speed="1.60" harmonicMeanSpeed="0.90" length="5.00" nVehEntered="10"/>
    <interval begin="23300.00" end="23400.00" id="inductionLoop.S0" nVehContrib="9" flow="324.00" occupancy="35.16" speed="1.85" harmonicMeanSpeed="1.27" length="5.00" nVehEntered="9"/>
    <interval begin="23400.00" end="23500.00" id="inductionLoop.S0" nVehContrib="9" flow="324.00" occupancy="82.90" speed="4.39" harmonicMeanSpeed="1.53" length="5.00" nVehEntered="9"/>
    <interval begin="23500.00" end="23600.00" id="inductionLoop.S0" nVehContrib="11" flow="396.00" occupancy="68.47" speed="2.09" harmonicMeanSpeed="0.45" length="5.00" nVehEntered="10"/>
    <interval begin="23600.00" end="23700.00" id="inductionLoop.S0" nVehContrib="9" flow="324.00" occupancy="44.41" speed="1.27" harmonicMeanSpeed="1.01" length="5.00" nVehEntered="9"/>
    <interval begin="23700.00" end="23800.00" id="inductionLoop.S0" nVehContrib="13" flow="468.00" occupancy="72.60" speed="3.88" harmonicMeanSpeed="1.00" length="5.00" nVehEntered="14"/>
    <interval begin="23800.00" end="23900.00" id="inductionLoop.S0" nVehContrib="11" flow="396.00" occupancy="78.41" speed="4.44" harmonicMeanSpeed="0.78" length="5.00" nVehEntered="11"/>
    <interval begin="23900.00" end="24000.00" id="inductionLoop.S0" nVehContrib="13" flow="468.00" occupancy="56.49" speed="2.79" harmonicMeanSpeed="0.90" length="5.00" nVehEntered="12"/>
    <interval begin="24000.00" end="24100.00" id="inductionLoop.S0" nVehContrib="9" flow="324.00" occupancy="70.12" speed="3.07" harmonicMeanSpeed="0.73" length="5.00" nVehEntered="10"/>
    <interval begin="24100.00" end="24200.00" id="inductionLoop.S0" nVehContrib="12" flow="432.00" occupancy="74.53" speed="2.84" harmonicMeanSpeed="0.73" length="5.00" nVehEntered="12"/>
    <interval begin="24200.00" end="24300.00" id="inductionLoop.S0" nVehContrib="11" flow="396.00" occupancy="76.29" speed="2.93" harmonicMeanSpeed="1.04" length="5.00" nVehEntered="11"/>
    <interval begin="24300.00" end="24400.00" id="inductionLoop.S0" nVehContrib="11" flow="396.00" occupancy="81.18" speed="4.48" harmonicMeanSpeed="0.52" length="5.00" nVehEntered="10"/>
    <interval begin="24400.00" end="24500.00" id="inductionLoop.S0" nVehContrib="8" flow="288.00" occupancy="78.08" speed="3.05" harmonicMeanSpeed="0.51" length="5.00" nVehEntered="8"/>
    <interval begin="24500.00" end="24600.00" id="inductionLoop.S0" nVehContrib="8" flow="288.00" occupancy="20.55" speed="5.23" harmonicMeanSpeed="1.95" length="5.00" nVehEntered="8"/>
    <interval begin="24600.00" end="24700.00" id="inductionLoop.S0" nVehContrib="5" flow="180.00" occupancy="28.27" speed="7.09" harmonicMeanSpeed="1.69" length="5.00" nVehEntered="6"/>
    <interval begin="24700.00" end="24800.00" id="inductionLoop.S0" nVehContrib="7" flow="252.00" occupancy="84.11" speed="4.67" harmonicMeanSpeed="0.56" length="5.00" nVehEntered="7"/>
    <interval begin="24800.00" end="24900.00" id="inductionLoop.S0" nVehContrib="12" flow="432.00" occupancy="75.63" speed="5.47" harmonicMeanSpeed="0.79" length="5.00" nVehEntered="12"/>
    <interval begin="24900.00" end="25000.00" id="inductionLoop.S0" nVehContrib="10" flow="360.00" occupancy="82.17" speed="4.61" harmonicMeanSpeed="0.43" length="5.00" nVehEntered="10"/>
    <interval begin="25000.00" end="25100.00" id="inductionLoop.S0" nVehContrib="9" flow="324.00" occupancy="80.87" speed="3.24" harmonicMeanSpeed="0.58" length="5.00" nVehEntered="9"/>
    <interval begin="25100.00" end="25200.00" id="inductionLoop.S0" nVehContrib="8" flow="288.00" occupancy="83.46" speed="3.55" harmonicMeanSpeed="0.46" length="5.00" nVehEntered="8"/>
    <interval begin="25200.00" end="25300.00" id="inductionLoop.S0" nVehContrib="8" flow="288.00" occupancy="72.83" speed="1.87" harmonicMeanSpeed="1.27" length="5.00" nVehEntered="8"/>
    <interval begin="25300.00" end="25400.00" id="inductionLoop.S0" nVehContrib="6" flow="216.00" occupancy="87.97" speed="2.87" harmonicMeanSpeed="0.43" length="5.00" nVehEntered="6"/>
    <interval begin="25400.00" end="25500.00" id="inductionLoop.S0" nVehContrib="9" flow="324.00" occupancy="82.46" speed="3.55" harmonicMeanSpeed="0.46" length="5.00" nVehEntered="9"/>
    <interval begin="25500.00" end="25600.00" id="inductionLoop.S0" nVehContrib="14" flow="504.00" occupancy="54.97" speed="4.94" harmonicMeanSpeed="0.69" length="5.00" nVehEntered="13"/>
    <interval begin="25600.00" end="25700.00" id="inductionLoop.S0" nVehContrib="14" flow="504.00" occupancy="52.94" speed="2.50" harmonicMeanSpeed="1.32" length="5.00" nVehEntered="14"/>
    <interval begin="25700.00" end="25800.00" id="inductionLoop.S0" nVehContrib="20" flow="720.00" occupancy="55.77" speed="4.37" harmonicMeanSpeed="1.79" length="5.00" nVehEntered="20"/>
    <interval begin="25800.00" end="25900.00" id="inductionLoop.S0" nVehContrib="10" flow="360.00" occupancy="61.93" speed="2.72" harmonicMeanSpeed="1.56" length="5.00" nVehEntered="11"/>
    <interval begin="25900.00" end="26000.00" id="inductionLoop.S0" nVehContrib="11" flow="396.00" occupancy="77.79" speed="4.04" harmonicMeanSpeed="0.56" length="5.00" nVehEntered="11"/>
    <interval begin="26000.00" end="26100.00" id="inductionLoop.S0" nVehContrib="10" flow="360.00" occupancy="80.68" speed="4.64" harmonicMeanSpeed="0.61" length="5.00" nVehEntered="10"/>
    <interval begin="26100.00" end="26200.00" id="inductionLoop.S0" nVehContrib="9" flow="324.00" occupancy="40.73" speed="1.66" harmonicMeanSpeed="0.93" length="5.00" nVehEntered="9"/>
    <interval begin="26200.00" end="26300.00" id="inductionLoop.S0" nVehContrib="8" flow="288.00" occupancy="80.85" speed="2.38" harmonicMeanSpeed="0.61" length="5.00" nVehEntered="8"/>
    <interval begin="26300.00" end="26400.00" id="inductionLoop.S0" nVehContrib="6" flow="216.00" occupancy="87.12" speed="2.27" harmonicMeanSpeed="0.47" length="5.00" nVehEntered="6"/>
    <interval begin="26400.00" end="26500.00" id="inductionLoop.S0" nVehContrib="13" flow="468.00" occupancy="62.47" speed="4.27" harmonicMeanSpeed="0.67" length="5.00" nVehEntered="13"/>
    <interval begin="26500.00" end="26600.00" id="inductionLoop.S0" nVehContrib="4" flow="144.00" occupancy="93.40" speed="2.24" harmonicMeanSpeed="0.20" length="5.00" nVehEntered="3"/>
    <interval begin="26600.00" end="26700.00" id="inductionLoop.S0" nVehContrib="16" flow="576.00" occupancy="36.73" speed="4.11" harmonicMeanSpeed="2.18" length="5.00" nVehEntered="16"/>
    <interval begin="26700.00" end="26800.00" id="inductionLoop.S0" nVehContrib="7" flow="252.00" occupancy="87.50" speed="4.92" harmonicMeanSpeed="3.64" length="5.00" nVehEntered="8"/>
    <interval begin="26800.00" end="26900.00" id="inductionLoop.S0" nVehContrib="14" flow="504.00" occupancy="30.92" speed="4.52" harmonicMeanSpeed="0.64" length="5.00" nVehEntered="13"/>
    <interval begin="26900.00" end="27000.00" id="inductionLoop.S0" nVehContrib="10" flow="360.00" occupancy="55.20" speed="2.01" harmonicMeanSpeed="0.91" length="5.00" nVehEntered="10"/>
    <interval begin="27000.00" end="27100.00" id="inductionLoop.S0" nVehContrib="4" flow="144.00" occupancy="87.13" speed="2.23" harmonicMeanSpeed="0.23" length="5.00" nVehEntered="4"/>
    <interval begin="27100.00" end="27200.00" id="inductionLoop.S0" nVehContrib="7" flow="252.00" occupancy="84.37" speed="2.96" harmonicMeanSpeed="0.42" length="5.00" nVehEntered="8"/>
    <interval begin="27200.00" end="27300.00" id="inductionLoop.S0" nVehContrib="8" flow="288.00" occupancy="81.02" speed="2.53" harmonicMeanSpeed="0.59" length="5.00" nVehEntered="8"/>
    <interval begin="27300.00" end="27400.00" id="inductionLoop.S0" nVehContrib="6" flow="216.00" occupancy="85.59" speed="1.62" harmonicMeanSpeed="0.38" length="5.00" nVehEntered="6"/>
    <interval begin="27400.00" end="27500.00" id="inductionLoop.S0" nVehContrib="9" flow="324.00" occupancy="80.36" speed="3.33" harmonicMeanSpeed="0.88" length="5.00" nVehEntered="9"/>
    <interval begin="27500.00" end="27600.00" id="inductionLoop.S0" nVehContrib="16" flow="576.00" occupancy="47.86" speed="3.88" harmonicMeanSpeed="0.89" length="5.00" nVehEntered="16"/>
    <interval begin="27600.00" end="27700.00" id="inductionLoop.S0" nVehContrib="16" flow="576.00" occupancy="67.62" speed="3.90" harmonicMeanSpeed="1.05" length="5.00" nVehEntered="16"/>
    <interval begin="27700.00" end="27800.00" id="inductionLoop.S0" nVehContrib="11" flow="396.00" occupancy="81.13" speed="6.19" harmonicMeanSpeed="2.09" length="5.00" nVehEntered="11"/>
    <interval begin="27800.00" end="27900.00" id="inductionLoop.S0" nVehContrib="16" flow="576.00" occupancy="66.34" speed="3.55" harmonicMeanSpeed="0.66" length="5.00" nVehEntered="16"/>
    <interval begin="27900.00" end="28000.00" id="inductionLoop.S0" nVehContrib="14" flow="504.00" occupancy="73.69" speed="4.98" harmonicMeanSpeed="3.07" length="5.00" nVehEntered="14"/>
    <interval begin="28000.00" end="28100.00" id="inductionLoop.S0" nVehContrib="11" flow="396.00" occupancy="79.58" speed="4.68" harmonicMeanSpeed="0.43" length="5.00" nVehEntered="11"/>
    <interval begin="28100.00" end="28200.00" id="inductionLoop.S0" nVehContrib="29" flow="1044.00" occupancy="48.82" speed="6.35" harmonicMeanSpeed="3.49" length="5.00" nVehEntered="29"/>
    <interval begin="28200.00" end="28300.00" id="inductionLoop.S0" nVehContrib="15" flow="540.00" occupancy="72.34" speed="4.90" harmonicMeanSpeed="0.92" length="5.00" nVehEntered="14"/>
    <interval begin="28300.00" end="28400.00" id="inductionLoop.S0" nVehContrib="16" flow="576.00" occupancy="51.27" speed="2.89" harmonicMeanSpeed="1.88" length="5.00" nVehEntered="17"/>
    <interval begin="28400.00" end="28500.00" id="inductionLoop.S0" nVehContrib="20" flow="720.00" occupancy="58.55" speed="4.80" harmonicMeanSpeed="2.40" length="5.00" nVehEntered="20"/>
    <interval begin="28500.00" end="28600.00" id="inductionLoop.S0" nVehContrib="25" flow="900.00" occupancy="53.99" speed="5.48" harmonicMeanSpeed="1.74" length="5.00" nVehEntered="25"/>
    <interval begin="28600.00" end="28700.00" id="inductionLoop.S0" nVehContrib="17" flow="612.00" occupancy="69.59" speed="5.60" harmonicMeanSpeed="1.13" length="5.00" nVehEntered="17"/>
    <interval begin="28700.00" end="28800.00" id="inductionLoop.S0" nVehContrib="15" flow="540.00" occupancy="71.97" speed="4.73" harmonicMeanSpeed="1.05" length="5.00" nVehEntered="15"/>
    <interval begin="28800.00" end="28900.00" id="inductionLoop.S0" nVehContrib="18" flow="648.00" occupancy="64.31" speed="4.66" harmonicMeanSpeed="1.36" length="5.00" nVehEntered="18"/>
    <interval begin="28900.00" end="29000.00" id="inductionLoop.S0" nVehContrib="16" flow="576.00" occupancy="69.49" speed="4.62" harmonicMeanSpeed="1.28" length="5.00" nVehEntered="16"/>
    <interval begin="29000.00" end="29100.00" id="inductionLoop.S0" nVehContrib="18" flow="648.00" occupancy="62.95" speed="3.87" harmonicMeanSpeed="1.28" length="5.00" nVehEntered="17"/>
    <interval begin="29100.00" end="29200.00" id="inductionLoop.S0" nVehContrib="17" flow="612.00" occupancy="62.55" speed="4.67" harmonicMeanSpeed="2.63" length="5.00" nVehEntered="18"/>
    <interval begin="29200.00" end="29300.00" id="inductionLoop.S0" nVehContrib="10" flow="360.00" occupancy="78.74" speed="4.34" harmonicMeanSpeed="0.53" length="5.00" nVehEntered="10"/>
    <interval begin="29300.00" end="29400.00" id="inductionLoop.S0" nVehContrib="13" flow="468.00" occupancy="69.82" speed="3.16" harmonicMeanSpeed="0.78" length="5.00" nVehEntered="13"/>
    <interval begin="29400.00" end="29500.00" id="inductionLoop.S0" nVehContrib="4" flow="144.00" occupancy="89.74" speed="1.36" harmonicMeanSpeed="0.41" length="5.00" nVehEntered="4"/>
    <interval begin="29500.00" end="29600.00" id="inductionLoop.S0" nVehContrib="9" flow="324.00" occupancy="77.30" speed="1.75" harmonicMeanSpeed="0.38" length="5.00" nVehEntered="9"/>
    <interval begin="29600.00" end="29700.00" id="inductionLoop.S0" nVehContrib="14" flow="504.00" occupancy="71.25" speed="3.76" harmonicMeanSpeed="0.97" length="5.00" nVehEntered="13"/>
    <interval begin="29700.00" end="29800.00" id="inductionLoop.S0" nVehContrib="8" flow="288.00" occupancy="41.75" speed="7.25" harmonicMeanSpeed="1.19" length="5.00" nVehEntered="9"/>
    <interval begin="29800.00" end="29900.00" id="inductionLoop.S0" nVehContrib="9" flow="324.00" occupancy="17.67" speed="6.40" harmonicMeanSpeed="1.74" length="5.00" nVehEntered="8"/>
    <interval begin="29900.00" end="30000.00" id="inductionLoop.S0" nVehContrib="6" flow="216.00" occupancy="2.57" speed="11.97" harmonicMeanSpeed="11.65" length="5.00" nVehEntered="6"/>
    <interval begin="30000.00" end="30100.00" id="inductionLoop.S0" nVehContrib="8" flow="288.00" occupancy="8.59" speed="9.51" harmonicMeanSpeed="4.65" length="5.00" nVehEntered="8"/>
    <interval begin="30100.00" end="30200.00" id="inductionLoop.S0" nVehContrib="6" flow="216.00" occupancy="4.38" speed="9.78" harmonicMeanSpeed="6.85" length="5.00" nVehEntered="6"/>
    <interval begin="30200.00" end="30300.00" id="inductionLoop.S0" nVehContrib="5" flow="180.00" occupancy="2.98" speed="10.16" harmonicMeanSpeed="9.74" length="5.00" nVehEntered="7"/>
    <interval begin="30300.00" end="30400.00" id="inductionLoop.S0" nVehContrib="7" flow="252.00" occupancy="2.98" speed="12.41" harmonicMeanSpeed="11.75" length="5.00" nVehEntered="7"/>
    <interval begin="30400.00" end="30500.00" id="inductionLoop.S0" nVehContrib="8" flow="288.00" occupancy="3.17" speed="12.70" harmonicMeanSpeed="12.62" length="5.00" nVehEntered="8"/>
    <interval begin="30500.00" end="30600.00" id="inductionLoop.S0" nVehContrib="7" flow="252.00" occupancy="2.87" speed="12.33" harmonicMeanSpeed="12.19" length="5.00" nVehEntered="7"/>
    <interval begin="30600.00" end="30700.00" id="inductionLoop.S0" nVehContrib="3" flow="108.00" occupancy="1.43" speed="10.97" harmonicMeanSpeed="10.47" length="5.00" nVehEntered="3"/>
    <interval begin="30700.00" end="30800.00" id="inductionLoop.S0" nVehContrib="0" flow="0.00" occupancy="0.00" speed="-1.00" harmonicMeanSpeed="-1.00" length="-1.00" nVehEntered="0"/>
    <interval begin="30800.00" end="30900.00" id="inductionLoop.S0" nVehContrib="1" flow="36.00" occupancy="0.43" speed="11.65" harmonicMeanSpeed="11.65" length="5.00" nVehEntered="1"/>
    <interval begin="30900.00" end="31000.00" id="inductionLoop.S0" nVehContrib="4" flow="144.00" occupancy="1.63" speed="12.34" harmonicMeanSpeed="12.28" length="5.00" nVehEntered="4"/>
    <interval begin="31000.00" end="31100.00" id="inductionLoop.S0" nVehContrib="5" flow="180.00" occupancy="9.58" speed="10.67" harmonicMeanSpeed="10.36" length="5.00" nVehEntered="6"/>
    <interval begin="31100.00" end="31200.00" id="inductionLoop.S0" nVehContrib="9" flow="324.00" occupancy="5.23" speed="11.75" harmonicMeanSpeed="3.63" length="5.00" nVehEntered="8"/>
    <interval begin="31200.00" end="31300.00" id="inductionLoop.S0" nVehContrib="12" flow="432.00" occupancy="21.30" speed="8.33" harmonicMeanSpeed="2.82" length="5.00" nVehEntered="12"/>
    <interval begin="31300.00" end="31400.00" id="inductionLoop.S0" nVehContrib="10" flow="360.00" occupancy="26.10" speed="8.36" harmonicMeanSpeed="2.92" length="5.00" nVehEntered="13"/>
    <interval begin="31400.00" end="31500.00" id="inductionLoop.S0" nVehContrib="14" flow="504.00" occupancy="24.15" speed="6.12" harmonicMeanSpeed="2.18" length="5.00" nVehEntered="13"/>
    <interval begin="31500.00" end="31600.00" id="inductionLoop.S0" nVehContrib="9" flow="324.00" occupancy="72.75" speed="3.95" harmonicMeanSpeed="0.93" length="5.00" nVehEntered="10"/>
    <interval begin="31600.00" end="31700.00" id="inductionLoop.S0" nVehContrib="7" flow="252.00" occupancy="37.61" speed="8.49" harmonicMeanSpeed="0.57" length="5.00" nVehEntered="6"/>
    <interval begin="31700.00" end="31800.00" id="inductionLoop.S0" nVehContrib="12" flow="432.00" occupancy="37.69" speed="6.87" harmonicMeanSpeed="1.60" length="5.00" nVehEntered="13"/>
    <interval begin="31800.00" end="31900.00" id="inductionLoop.S0" nVehContrib="6" flow="216.00" occupancy="29.64" speed="7.94" harmonicMeanSpeed="1.01" length="5.00" nVehEntered="6"/>
    <interval begin="31900.00" end="32000.00" id="inductionLoop.S0" nVehContrib="6" flow="216.00" occupancy="2.53" speed="12.27" harmonicMeanSpeed="11.86" length="5.00" nVehEntered="6"/>
    <interval begin="32000.00" end="32100.00" id="inductionLoop.S0" nVehContrib="8" flow="288.00" occupancy="26.47" speed="8.36" harmonicMeanSpeed="1.51" length="5.00" nVehEntered="8"/>
    <interval begin="32100.00" end="32200.00" id="inductionLoop.S0" nVehContrib="10" flow="360.00" occupancy="15.14" speed="9.02" harmonicMeanSpeed="3.42" length="5.00" nVehEntered="11"/>
    <interval begin="32200.00" end="32300.00" id="inductionLoop.S0" nVehContrib="8" flow="288.00" occupancy="6.31" speed="10.19" harmonicMeanSpeed="6.49" length="5.00" nVehEntered="9"/>
    <interval begin="32300.00" end="32400.00" id="inductionLoop.S0" nVehContrib="4" flow="144.00" occupancy="1.75" speed="11.92" harmonicMeanSpeed="11.40" length="5.00" nVehEntered="4"/>
    <interval begin="32400.00" end="32500.00" id="inductionLoop.S0" nVehContrib="8" flow="288.00" occupancy="15.41" speed="10.75" harmonicMeanSpeed="10.27" length="5.00" nVehEntered="9"/>
    <interval begin="32500.00" end="32600.00" id="inductionLoop.S0" nVehContrib="13" flow="468.00" occupancy="69.61" speed="3.21" harmonicMeanSpeed="1.00" length="5.00" nVehEntered="13"/>
    <interval begin="32600.00" end="32700.00" id="inductionLoop.S0" nVehContrib="18" flow="648.00" occupancy="55.18" speed="4.66" harmonicMeanSpeed="1.36" length="5.00" nVehEntered="18"/>
    <interval begin="32700.00" end="32800.00" id="inductionLoop.S0" nVehContrib="13" flow="468.00" occupancy="57.20" speed="4.95" harmonicMeanSpeed="1.04" length="5.00" nVehEntered="12"/>
    <interval begin="32800.00" end="32900.00" id="inductionLoop.S0" nVehContrib="2" flow="72.00" occupancy="0.77" speed="13.06" harmonicMeanSpeed="13.06" length="5.00" nVehEntered="2"/>
    <interval begin="32900.00" end="33000.00" id="inductionLoop.S0" nVehContrib="3" flow="108.00" occupancy="1.41" speed="10.89" harmonicMeanSpeed="10.64" length="5.00" nVehEntered="3"/>
    <interval begin="33000.00" end="33100.00" id="inductionLoop.S0" nVehContrib="6" flow="216.00" occupancy="4.21" speed="9.80" harmonicMeanSpeed="7.18" length="5.00" nVehEntered="7"/>
    <interval begin="33100.00" end="33200.00" id="inductionLoop.S0" nVehContrib="14" flow="504.00" occupancy="52.46" speed="5.32" harmonicMeanSpeed="1.33" length="5.00" nVehEntered="13"/>
    <interval begin="33200.00" end="33300.00" id="inductionLoop.S0" nVehContrib="10" flow="360.00" occupancy="50.91" speed="3.85" harmonicMeanSpeed="0.98" length="5.00" nVehEntered="10"/>
    <interval begin="33300.00" end="33400.00" id="inductionLoop.S0" nVehContrib="9" flow="324.00" occupancy="67.13" speed="6.03" harmonicMeanSpeed="0.70" length="5.00" nVehEntered="10"/>
    <interval begin="33400.00" end="33500.00" id="inductionLoop.S0" nVehContrib="11" flow="396.00" occupancy="73.39" speed="2.10" harmonicMeanSpeed="0.77" length="5.00" nVehEntered="11"/>
    <interval begin="33500.00" end="33600.00" id="inductionLoop.S0" nVehContrib="12" flow="432.00" occupancy="74.91" speed="3.09" harmonicMeanSpeed="1.10" length="5.00" nVehEntered="12"/>
    <interval begin="33600.00" end="33700.00" id="inductionLoop.S0" nVehContrib="14" flow="504.00" occupancy="36.17" speed="5.57" harmonicMeanSpeed="1.29" length="5.00" nVehEntered="14"/>
    <interval begin="33700.00" end="33800.00" id="inductionLoop.S0" nVehContrib="11" flow="396.00" occupancy="43.26" speed="6.89" harmonicMeanSpeed="1.09" length="5.00" nVehEntered="10"/>
    <interval begin="33800.00" end="33900.00" id="inductionLoop.S0" nVehContrib="5" flow="180.00" occupancy="2.53" speed="10.38" harmonicMeanSpeed="9.88" length="5.00" nVehEntered="5"/>
    <interval begin="33900.00" end="34000.00" id="inductionLoop.S0" nVehContrib="9" flow="324.00" occupancy="20.72" speed="8.05" harmonicMeanSpeed="2.26" length="5.00" nVehEntered="10"/>
    <interval begin="34000.00" end="34100.00" id="inductionLoop.S0" nVehContrib="8" flow="288.00" occupancy="4.42" speed="10.70" harmonicMeanSpeed="9.05" length="5.00" nVehEntered="8"/>
    <interval begin="34100.00" end="34200.00" id="inductionLoop.S0" nVehContrib="7" flow="252.00" occupancy="16.28" speed="11.66" harmonicMeanSpeed="11.34" length="5.00" nVehEntered="8"/>
    <interval begin="34200.00" end="34300.00" id="inductionLoop.S0" nVehContrib="11" flow="396.00" occupancy="23.22" speed="6.91" harmonicMeanSpeed="1.56" length="5.00" nVehEntered="11"/>
    <interval begin="34300.00" end="34400.00" id="inductionLoop.S0" nVehContrib="7" flow="252.00" occupancy="30.60" speed="5.63" harmonicMeanSpeed="1.14" length="5.00" nVehEntered="7"/>
    <interval begin="34400.00" end="34500.00" id="inductionLoop.S0" nVehContrib="11" flow="396.00" occupancy="78.83" speed="4.28" harmonicMeanSpeed="0.70" length="5.00" nVehEntered="11"/>
    <interval begin="34500.00" end="34600.00" id="inductionLoop.S0" nVehContrib="15" flow="540.00" occupancy="34.50" speed="7.08" harmonicMeanSpeed="2.17" length="5.00" nVehEntered="15"/>
    <interval begin="34600.00" end="34700.00" id="inductionLoop.S0" nVehContrib="13" flow="468.00" occupancy="55.23" speed="3.32" harmonicMeanSpeed="1.18" length="5.00" nVehEntered="13"/>
    <interval begin="34700.00" end="34800.00" id="inductionLoop.S0" nVehContrib="12" flow="432.00" occupancy="52.87" speed="3.00" harmonicMeanSpeed="1.69" length="5.00" nVehEntered="13"/>
    <interval begin="34800.00" end="34900.00" id="inductionLoop.S0" nVehContrib="7" flow="252.00" occupancy="85.34" speed="2.14" harmonicMeanSpeed="0.34" length="5.00" nVehEntered="7"/>
    <interval begin="34900.00" end="35000.00" id="inductionLoop.S0" nVehContrib="17" flow="612.00" occupancy="68.64" speed="5.34" harmonicMeanSpeed="1.26" length="5.00" nVehEntered="17"/>
    <interval begin="35000.00" end="35100.00" id="inductionLoop.S0" nVehContrib="15" flow="540.00" occupancy="52.09" speed="2.76" harmonicMeanSpeed="1.67" length="5.00" nVehEntered="15"/>
    <interval begin="35100.00" end="35200.00" id="inductionLoop.S0" nVehContrib="15" flow="540.00" occupancy="64.78" speed="4.78" harmonicMeanSpeed="1.02" length="5.00" nVehEntered="14"/>
    <interval begin="35200.00" end="35300.00" id="inductionLoop.S0" nVehContrib="9" flow="324.00" occupancy="63.57" speed="2.96" harmonicMeanSpeed="1.30" length="5.00" nVehEntered="10"/>
    <interval begin="35300.00" end="35400.00" id="inductionLoop.S0" nVehContrib="10" flow="360.00" occupancy="79.30" speed="2.95" harmonicMeanSpeed="0.59" length="5.00" nVehEntered="10"/>
    <interval begin="35400.00" end="35500.00" id="inductionLoop.S0" nVehContrib="9" flow="324.00" occupancy="82.92" speed="3.44" harmonicMeanSpeed="0.42" length="5.00" nVehEntered="9"/>
    <interval begin="35500.00" end="35600.00" id="inductionLoop.S0" nVehContrib="6" flow="216.00" occupancy="15.92" speed="5.49" harmonicMeanSpeed="2.04" length="5.00" nVehEntered="6"/>
    <interval begin="35600.00" end="35700.00" id="inductionLoop.S0" nVehContrib="3" flow="108.00" occupancy="1.23" speed="12.24" harmonicMeanSpeed="12.23" length="5.00" nVehEntered="3"/>
    <interval begin="35700.00" end="35800.00" id="inductionLoop.S0" nVehContrib="10" flow="360.00" occupancy="9.93" speed="9.51" harmonicMeanSpeed="5.03" length="5.00" nVehEntered="10"/>
    <interval begin="35800.00" end="35900.00" id="inductionLoop.S0" nVehContrib="12" flow="432.00" occupancy="73.52" speed="4.86" harmonicMeanSpeed="1.37" length="5.00" nVehEntered="13"/>
    <interval begin="35900.00" end="36000.00" id="inductionLoop.S0" nVehContrib="13" flow="468.00" occupancy="65.98" speed="2.72" harmonicMeanSpeed="0.77" length="5.00" nVehEntered="13"/>
    <interval begin="36000.00" end="36100.00" id="inductionLoop.S0" nVehContrib="14" flow="504.00" occupancy="73.46" speed="3.99" harmonicMeanSpeed="0.83" length="5.00" nVehEntered="14"/>
    <interval begin="36100.00" end="36200.00" id="inductionLoop.S0" nVehContrib="7" flow="252.00" occupancy="8.08" speed="7.30" harmonicMeanSpeed="4.23" length="5.00" nVehEntered="6"/>
    <interval begin="36200.00" end="36300.00" id="inductionLoop.S0" nVehContrib="0" flow="0.00" occupancy="49.14" speed="-1.00" harmonicMeanSpeed="-1.00" length="-1.00" nVehEntered="2"/>
    <interval begin="36300.00" end="36400.00" id="inductionLoop.S0" nVehContrib="7" flow="252.00" occupancy="38.91" speed="8.59" harmonicMeanSpeed="0.63" length="5.00" nVehEntered="7"/>
    <interval begin="36400.00" end="36500.00" id="inductionLoop.S0" nVehContrib="11" flow="396.00" occupancy="75.36" speed="3.30" harmonicMeanSpeed="0.56" length="5.00" nVehEntered="11"/>
    <interval begin="36500.00" end="36600.00" id="inductionLoop.S0" nVehContrib="16" flow="576.00" occupancy="31.96" speed="3.65" harmonicMeanSpeed="2.30" length="5.00" nVehEntered="15"/>
    <interval begin="36600.00" end="36700.00" id="inductionLoop.S0" nVehContrib="15" flow="540.00" occupancy="56.41" speed="3.12" harmonicMeanSpeed="1.68" length="5.00" nVehEntered="16"/>
    <interval begin="36700.00" end="36800.00" id="inductionLoop.S0" nVehContrib="12" flow="432.00" occupancy="58.47" speed="3.70" harmonicMeanSpeed="0.85" length="5.00" nVehEntered="11"/>
    <interval begin="36800.00" end="36900.00" id="inductionLoop.S0" nVehContrib="10" flow="360.00" occupancy="37.42" speed="4.21" harmonicMeanSpeed="2.20" length="5.00" nVehEntered="11"/>
    <interval begin="36900.00" end="37000.00" id="inductionLoop.S0" nVehContrib="5" flow="180.00" occupancy="90.13" speed="0.97" harmonicMeanSpeed="0.24" length="5.00" nVehEntered="4"/>
    <interval begin="37000.00" end="37100.00" id="inductionLoop.S0" nVehContrib="7" flow="252.00" occupancy="82.95" speed="2.17" harmonicMeanSpeed="0.42" length="5.00" nVehEntered="7"/>
    <interval begin="37100.00" end="37200.00" id="inductionLoop.S0" nVehContrib="13" flow="468.00" occupancy="68.83" speed="3.49" harmonicMeanSpeed="1.08" length="5.00" nVehEntered="14"/>
    <interval begin="37200.00" end="37300.00" id="inductionLoop.S0" nVehContrib="3" flow="108.00" occupancy="93.51" speed="1.83" harmonicMeanSpeed="0.37" length="5.00" nVehEntered="3"/>
    <interval begin="37300.00" end="37400.00" id="inductionLoop.S0" nVehContrib="12" flow="432.00" occupancy="76.77" speed="4.14" harmonicMeanSpeed="0.62" length="5.00" nVehEntered="12"/>
    <interval begin="37400.00" end="37500.00" id="inductionLoop.S0" nVehContrib="12" flow="432.00" occupancy="47.69" speed="2.54" harmonicMeanSpeed="0.74" length="5.00" nVehEntered="12"/>
    <interval begin="37500.00" end="37600.00" id="inductionLoop.S0" nVehContrib="11" flow="396.00" occupancy="43.61" speed="4.20" harmonicMeanSpeed="1.13" length="5.00" nVehEntered="11"/>
    <interval begin="37600.00" end="37700.00" id="inductionLoop.S0" nVehContrib="15" flow="540.00" occupancy="37.32" speed="2.91" harmonicMeanSpeed="1.89" length="5.00" nVehEntered="15"/>
    <interval begin="37700.00" end="37800.00" id="inductionLoop.S0" nVehContrib="4" flow="144.00" occupancy="90.66" speed="1.20" harmonicMeanSpeed="0.24" length="5.00" nVehEntered="4"/>
    <interval begin="37800.00" end="37900.00" id="inductionLoop.S0" nVehContrib="10" flow="360.00" occupancy="68.07" speed="7.05" harmonicMeanSpeed="1.09" length="5.00" nVehEntered="10"/>
    <interval begin="37900.00" end="38000.00" id="inductionLoop.S0" nVehContrib="16" flow="576.00" occupancy="54.40" speed="4.27" harmonicMeanSpeed="0.94" length="5.00" nVehEntered="15"/>
    <interval begin="38000.00" end="38100.00" id="inductionLoop.S0" nVehContrib="19" flow="684.00" occupancy="47.86" speed="3.88" harmonicMeanSpeed="1.98" length="5.00" nVehEntered="19"/>
    <interval begin="38100.00" end="38200.00" id="inductionLoop.S0" nVehContrib="10" flow="360.00" occupancy="82.54" speed="5.14" harmonicMeanSpeed="0.67" length="5.00" nVehEntered="11"/>
    <interval begin="38200.00" end="38300.00" id="inductionLoop.S0" nVehContrib="12" flow="432.00" occupancy="42.30" speed="3.22" harmonicMeanSpeed="1.24" length="5.00" nVehEntered="12"/>
    <interval begin="38300.00" end="38400.00" id="inductionLoop.S0" nVehContrib="12" flow="432.00" occupancy="76.35" speed="4.93" harmonicMeanSpeed="2.13" length="5.00" nVehEntered="12"/>
    <interval begin="38400.00" end="38500.00" id="inductionLoop.S0" nVehContrib="5" flow="180.00" occupancy="88.69" speed="1.32" harmonicMeanSpeed="0.26" length="5.00" nVehEntered="5"/>
    <interval begin="38500.00" end="38600.00" id="inductionLoop.S0" nVehContrib="19" flow="684.00" occupancy="60.32" speed="3.55" harmonicMeanSpeed="0.92" length="5.00" nVehEntered="18"/>
    <interval begin="38600.00" end="38700.00" id="inductionLoop.S0" nVehContrib="17" flow="612.00" occupancy="35.00" speed="4.32" harmonicMeanSpeed="2.43" length="5.00" nVehEntered="17"/>
    <interval begin="38700.00" end="38800.00" id="inductionLoop.S0" nVehContrib="8" flow="288.00" occupancy="66.44" speed="2.67" harmonicMeanSpeed="1.95" length="5.00" nVehEntered="9"/>
    <interval begin="38800.00" end="38900.00" id="inductionLoop.S0" nVehContrib="23" flow="828.00" occupancy="58.66" speed="4.78" harmonicMeanSpeed="1.11" length="5.00" nVehEntered="23"/>
    <interval begin="38900.00" end="39000.00" id="inductionLoop.S0" nVehContrib="7" flow="252.00" occupancy="84.80" speed="3.15" harmonicMeanSpeed="0.41" length="5.00" nVehEntered="6"/>
    <interval begin="39000.00" end="39100.00" id="inductionLoop.S0" nVehContrib="15" flow="540.00" occupancy="71.39" speed="4.86" harmonicMeanSpeed="1.05" length="5.00" nVehEntered="16"/>
    <interval begin="39100.00" end="39200.00" id="inductionLoop.S0" nVehContrib="16" flow="576.00" occupancy="48.41" speed="4.34" harmonicMeanSpeed="2.19" length="5.00" nVehEntered="16"/>
    <interval begin="39200.00" end="39300.00" id="inductionLoop.S0" nVehContrib="17" flow="612.00" occupancy="63.85" speed="4.12" harmonicMeanSpeed="1.12" length="5.00" nVehEntered="16"/>
    <interval begin="39300.00" end="39400.00" id="inductionLoop.S0" nVehContrib="18" flow="648.00" occupancy="50.85" speed="3.88" harmonicMeanSpeed="1.87" length="5.00" nVehEntered="19"/>
    <interval begin="39400.00" end="39500.00" id="inductionLoop.S0" nVehContrib="6" flow="216.00" occupancy="39.22" speed="1.05" harmonicMeanSpeed="0.71" length="5.00" nVehEntered="5"/>
    <interval begin="39500.00" end="39600.00" id="inductionLoop.S0" nVehContrib="19" flow="684.00" occupancy="65.63" speed="5.32" harmonicMeanSpeed="4.49" length="5.00" nVehEntered="20"/>
    <interval begin="39600.00" end="39700.00" id="inductionLoop.S0" nVehContrib="17" flow="612.00" occupancy="66.98" speed="4.53" harmonicMeanSpeed="0.76" length="5.00" nVehEntered="16"/>
    <interval begin="39700.00" end="39800.00" id="inductionLoop.S0" nVehContrib="15" flow="540.00" occupancy="75.07" speed="5.62" harmonicMeanSpeed="1.00" length="5.00" nVehEntered="15"/>
    <interval begin="39800.00" end="39900.00" id="inductionLoop.S0" nVehContrib="21" flow="756.00" occupancy="61.74" speed="5.95" harmonicMeanSpeed="1.83" length="5.00" nVehEntered="22"/>
    <interval begin="39900.00" end="40000.00" id="inductionLoop.S0" nVehContrib="16" flow="576.00" occupancy="65.94" speed="5.10" harmonicMeanSpeed="1.14" length="5.00" nVehEntered="15"/>
    <interval begin="40000.00" end="40100.00" id="inductionLoop.S0" nVehContrib="2" flow="72.00" occupancy="38.46" speed="2.02" harmonicMeanSpeed="0.26" length="5.00" nVehEntered="2"/>
    <interval begin="40100.00" end="40200.00" id="inductionLoop.S0" nVehContrib="6" flow="216.00" occupancy="87.14" speed="4.40" harmonicMeanSpeed="3.30" length="5.00" nVehEntered="7"/>
    <interval begin="40200.00" end="40300.00" id="inductionLoop.S0" nVehContrib="19" flow="684.00" occupancy="67.56" speed="5.86" harmonicMeanSpeed="0.74" length="5.00" nVehEntered="19"/>
    <interval begin="40300.00" end="40400.00" id="inductionLoop.S0" nVehContrib="13" flow="468.00" occupancy="76.81" speed="5.49" harmonicMeanSpeed="0.81" length="5.00" nVehEntered="13"/>
    <interval begin="40400.00" end="40500.00" id="inductionLoop.S0" nVehContrib="14" flow="504.00" occupancy="73.62" speed="5.48" harmonicMeanSpeed="2.25" length="5.00" nVehEntered="14"/>
    <interval begin="40500.00" end="40600.00" id="inductionLoop.S0" nVehContrib="21" flow="756.00" occupancy="59.21" speed="4.94" harmonicMeanSpeed="0.93" length="5.00" nVehEntered="21"/>
    <interval begin="40600.00" end="40700.00" id="inductionLoop.S0" nVehContrib="10" flow="360.00" occupancy="81.31" speed="4.70" harmonicMeanSpeed="0.61" length="5.00" nVehEntered="10"/>
    <interval begin="40700.00" end="40800.00" id="inductionLoop.S0" nVehContrib="10" flow="360.00" occupancy="44.80" speed="2.92" harmonicMeanSpeed="1.21" length="5.00" nVehEntered="10"/>
    <interval begin="40800.00" end="40900.00" id="inductionLoop.S0" nVehContrib="5" flow="180.00" occupancy="91.05" speed="4.41" harmonicMeanSpeed="1.21" length="5.00" nVehEntered="5"/>
    <interval begin="40900.00" end="41000.00" id="inductionLoop.S0" nVehContrib="25" flow="900.00" occupancy="56.70" speed="6.56" harmonicMeanSpeed="0.93" length="5.00" nVehEntered="24"/>
    <interval begin="41000.00" end="41100.00" id="inductionLoop.S0" nVehContrib="12" flow="432.00" occupancy="73.74" speed="4.83" harmonicMeanSpeed="0.87" length="5.00" nVehEntered="13"/>
    <interval begin="41100.00" end="41200.00" id="inductionLoop.S0" nVehContrib="13" flow="468.00" occupancy="77.09" speed="5.62" harmonicMeanSpeed="1.44" length="5.00" nVehEntered="13"/>
    <interval begin="41200.00" end="41300.00" id="inductionLoop.S0" nVehContrib="5" flow="180.00" occupancy="89.86" speed="3.21" harmonicMeanSpeed="0.27" length="5.00" nVehEntered="5"/>
    <interval begin="41300.00" end="41400.00" id="inductionLoop.S0" nVehContrib="16" flow="576.00" occupancy="73.88" speed="6.48" harmonicMeanSpeed="1.73" length="5.00" nVehEntered="16"/>
    <interval begin="41400.00" end="41500.00" id="inductionLoop.S0" nVehContrib="17" flow="612.00" occupancy="71.54" speed="5.20" harmonicMeanSpeed="0.64" length="5.00" nVehEntered="16"/>
    <interval begin="41500.00" end="41600.00" id="inductionLoop.S0" nVehContrib="13" flow="468.00" occupancy="78.80" speed="6.81" harmonicMeanSpeed="6.62" length="5.00" nVehEntered="14"/>
    <interval begin="41600.00" end="41700.00" id="inductionLoop.S0" nVehContrib="17" flow="612.00" occupancy="70.59" speed="6.37" harmonicMeanSpeed="0.70" length="5.00" nVehEntered="17"/>
    <interval begin="41700.00" end="41800.00" id="inductionLoop.S0" nVehContrib="13" flow="468.00" occupancy="76.20" speed="5.96" harmonicMeanSpeed="0.92" length="5.00" nVehEntered="13"/>
    <interval begin="41800.00" end="41900.00" id="inductionLoop.S0" nVehContrib="2" flow="72.00" occupancy="95.18" speed="0.15" harmonicMeanSpeed="0.15" length="5.00" nVehEntered="2"/>
    <interval begin="41900.00" end="42000.00" id="inductionLoop.S0" nVehContrib="6" flow="216.00" occupancy="88.07" speed="5.32" harmonicMeanSpeed="0.26" length="5.00" nVehEntered="6"/>
    <interval begin="42000.00" end="42100.00" id="inductionLoop.S0" nVehContrib="7" flow="252.00" occupancy="83.27" speed="4.87" harmonicMeanSpeed="0.73" length="5.00" nVehEntered="7"/>
    <interval begin="42100.00" end="42200.00" id="inductionLoop.S0" nVehContrib="5" flow="180.00" occupancy="86.95" speed="4.48" harmonicMeanSpeed="0.30" length="5.00" nVehEntered="5"/>
    <interval begin="42200.00" end="42300.00" id="inductionLoop.S0" nVehContrib="21" flow="756.00" occupancy="62.08" speed="6.86" harmonicMeanSpeed="0.98" length="5.00" nVehEntered="21"/>
    <interval begin="42300.00" end="42400.00" id="inductionLoop.S0" nVehContrib="23" flow="828.00" occupancy="60.67" speed="5.70" harmonicMeanSpeed="1.43" length="5.00" nVehEntered="23"/>
    <interval begin="42400.00" end="42500.00" id="inductionLoop.S0" nVehContrib="20" flow="720.00" occupancy="61.81" speed="6.54" harmonicMeanSpeed="1.65" length="5.00" nVehEntered="20"/>
    <interval begin="42500.00" end="42600.00" id="inductionLoop.S0" nVehContrib="6" flow="216.00" occupancy="86.35" speed="3.32" harmonicMeanSpeed="0.97" length="5.00" nVehEntered="6"/>
    <interval begin="42600.00" end="42700.00" id="inductionLoop.S0" nVehContrib="7" flow="252.00" occupancy="86.50" speed="6.10" harmonicMeanSpeed="0.24" length="5.00" nVehEntered="6"/>
    <interval begin="42700.00" end="42800.00" id="inductionLoop.S0" nVehContrib="36" flow="1296.00" occupancy="30.92" speed="7.14" harmonicMeanSpeed="5.82" length="5.00" nVehEntered="36"/>
    <interval begin="42800.00" end="42900.00" id="inductionLoop.S0" nVehContrib="8" flow="288.00" occupancy="39.08" speed="1.45" harmonicMeanSpeed="1.42" length="5.00" nVehEntered="9"/>
    <interval begin="42900.00" end="43000.00" id="inductionLoop.S0" nVehContrib="14" flow="504.00" occupancy="76.08" speed="5.86" harmonicMeanSpeed="0.81" length="5.00" nVehEntered="14"/>
    <interval begin="43000.00" end="43100.00" id="inductionLoop.S0" nVehContrib="18" flow="648.00" occupancy="66.25" speed="5.83" harmonicMeanSpeed="1.69" length="5.00" nVehEntered="18"/>
    <interval begin="43100.00" end="43200.00" id="inductionLoop.S0" nVehContrib="0" flow="0.00" occupancy="100.00" speed="-1.00" harmonicMeanSpeed="-1.00" length="-1.00" nVehEntered="0"/>
    <interval begin="43200.00" end="43300.00" id="inductionLoop.S0" nVehContrib="1" flow="36.00" occupancy="97.35" speed="0.04" harmonicMeanSpeed="0.04" length="5.00" nVehEntered="1"/>
    <interval begin="43300.00" end="43400.00" id="inductionLoop.S0" nVehContrib="20" flow="720.00" occupancy="67.01" speed="6.40" harmonicMeanSpeed="0.66" length="5.00" nVehEntered="19"/>
    <interval begin="43400.00" end="43500.00" id="inductionLoop.S0" nVehContrib="29" flow="1044.00" occupancy="47.79" speed="5.79" harmonicMeanSpeed="3.35" length="5.00" nVehEntered="30"/>
    <interval begin="43500.00" end="43600.00" id="inductionLoop.S0" nVehContrib="11" flow="396.00" occupancy="78.05" speed="3.69" harmonicMeanSpeed="0.67" length="5.00" nVehEntered="11"/>
    <interval begin="43600.00" end="43700.00" id="inductionLoop.S0" nVehContrib="0" flow="0.00" occupancy="100.00" speed="-1.00" harmonicMeanSpeed="-1.00" length="-1.00" nVehEntered="0"/>
    <interval begin="43700.00" end="43800.00" id="inductionLoop.S0" nVehContrib="21" flow="756.00" occupancy="59.61" speed="6.92" harmonicMeanSpeed="0.66" length="5.00" nVehEntered="21"/>
    <interval begin="43800.00" end="43900.00" id="inductionLoop.S0" nVehContrib="10" flow="360.00" occupancy="83.47" speed="8.24" harmonicMeanSpeed="7.88" length="5.00" nVehEntered="10"/>
    <interval begin="43900.00" end="44000.00" id="inductionLoop.S0" nVehContrib="16" flow="576.00" occupancy="71.29" speed="5.07" harmonicMeanSpeed="0.54" length="5.00" nVehEntered="15"/>
    <interval begin="44000.00" end="44100.00" id="inductionLoop.S0" nVehContrib="17" flow="612.00" occupancy="71.31" speed="6.12" harmonicMeanSpeed="1.20" length="5.00" nVehEntered="18"/>
    <interval begin="44100.00" end="44200.00" id="inductionLoop.S0" nVehContrib="24" flow="864.00" occupancy="59.75" speed="6.58" harmonicMeanSpeed="5.80" length="5.00" nVehEntered="24"/>
    <interval begin="44200.00" end="44300.00" id="inductionLoop.S0" nVehContrib="5" flow="180.00" occupancy="91.45" speed="4.59" harmonicMeanSpeed="0.19" length="5.00" nVehEntered="4"/>
    <interval begin="44300.00" end="44400.00" id="inductionLoop.S0" nVehContrib="30" flow="1080.00" occupancy="38.06" speed="6.25" harmonicMeanSpeed="3.94" length="5.00" nVehEntered="30"/>
    <interval begin="44400.00" end="44500.00" id="inductionLoop.S0" nVehContrib="22" flow="792.00" occupancy="55.16" speed="5.64" harmonicMeanSpeed="2.98" length="5.00" nVehEntered="23"/>
    <interval begin="44500.00" end="44600.00" id="inductionLoop.S0" nVehContrib="4" flow="144.00" occupancy="92.39" speed="4.03" harmonicMeanSpeed="0.18" length="5.00" nVehEntered="4"/>
    <interval begin="44600.00" end="44700.00" id="inductionLoop.S0" nVehContrib="13" flow="468.00" occupancy="56.43" speed="1.86" harmonicMeanSpeed="1.11" length="5.00" nVehEntered="12"/>
    <interval begin="44700.00" end="44800.00" id="inductionLoop.S0" nVehContrib="10" flow="360.00" occupancy="38.44" speed="6.28" harmonicMeanSpeed="1.41" length="5.00" nVehEntered="11"/>
    <interval begin="44800.00" end="44900.00" id="inductionLoop.S0" nVehContrib="16" flow="576.00" occupancy="70.34" speed="5.26" harmonicMeanSpeed="1.10" length="5.00" nVehEntered="16"/>
    <interval begin="44900.00" end="45000.00" id="inductionLoop.S0" nVehContrib="28" flow="1008.00" occupancy="26.27" speed="6.91" harmonicMeanSpeed="5.24" length="5.00" nVehEntered="27"/>
    <interval begin="45000.00" end="45100.00" id="inductionLoop.S0" nVehContrib="9" flow="324.00" occupancy="43.90" speed="4.82" harmonicMeanSpeed="1.03" length="5.00" nVehEntered="10"/>
    <interval begin="45100.00" end="45200.00" id="inductionLoop.S0" nVehContrib="14" flow="504.00" occupancy="76.25" speed="7.96" harmonicMeanSpeed="1.94" length="5.00" nVehEntered="14"/>
    <interval begin="45200.00" end="45300.00" id="inductionLoop.S0" nVehContrib="14" flow="504.00" occupancy="73.70" speed="4.04" harmonicMeanSpeed="0.61" length="5.00" nVehEntered="13"/>
    <interval begin="45300.00" end="45400.00" id="inductionLoop.S0" nVehContrib="4" flow="144.00" occupancy="93.59" speed="4.20" harmonicMeanSpeed="0.21" length="5.00" nVehEntered="4"/>
    <interval begin="45400.00" end="45500.00" id="inductionLoop.S0" nVehContrib="15" flow="540.00" occupancy="69.60" speed="5.35" harmonicMeanSpeed="1.42" length="5.00" nVehEntered="16"/>
    <interval begin="45500.00" end="45600.00" id="inductionLoop.S0" nVehContrib="9" flow="324.00" occupancy="80.73" speed="6.12" harmonicMeanSpeed="0.53" length="5.00" nVehEntered="9"/>
    <interval begin="45600.00" end="45700.00" id="inductionLoop.S0" nVehContrib="17" flow="612.00" occupancy="71.93" speed="6.02" harmonicMeanSpeed="1.02" length="5.00" nVehEntered="17"/>
    <interval begin="45700.00" end="45800.00" id="inductionLoop.S0" nVehContrib="24" flow="864.00" occupancy="56.44" speed="6.14" harmonicMeanSpeed="2.34" length="5.00" nVehEntered="24"/>
    <interval begin="45800.00" end="45900.00" id="inductionLoop.S0" nVehContrib="35" flow="1260.00" occupancy="43.71" speed="7.07" harmonicMeanSpeed="3.54" length="5.00" nVehEntered="34"/>
    <interval begin="45900.00" end="46000.00" id="inductionLoop.S0" nVehContrib="1" flow="36.00" occupancy="97.18" speed="6.38" harmonicMeanSpeed="6.38" length="5.00" nVehEntered="2"/>
    <interval begin="46000.00" end="46100.00" id="inductionLoop.S0" nVehContrib="26" flow="936.00" occupancy="48.25" speed="4.39" harmonicMeanSpeed="0.90" length="5.00" nVehEntered="25"/>
    <interval begin="46100.00" end="46200.00" id="inductionLoop.S0" nVehContrib="21" flow="756.00" occupancy="65.18" speed="6.34" harmonicMeanSpeed="5.14" length="5.00" nVehEntered="22"/>
    <interval begin="46200.00" end="46300.00" id="inductionLoop.S0" nVehContrib="12" flow="432.00" occupancy="45.75" speed="4.60" harmonicMeanSpeed="0.86" length="5.00" nVehEntered="12"/>
    <interval begin="46300.00" end="46400.00" id="inductionLoop.S0" nVehContrib="0" flow="0.00" occupancy="100.00" speed="-1.00" harmonicMeanSpeed="-1.00" length="-1.00" nVehEntered="0"/>
    <interval begin="46400.00" end="46500.00" id="inductionLoop.S0" nVehContrib="8" flow="288.00" occupancy="82.91" speed="3.21" harmonicMeanSpeed="0.22" length="5.00" nVehEntered="8"/>
    <interval begin="46500.00" end="46600.00" id="inductionLoop.S0" nVehContrib="2" flow="72.00" occupancy="95.36" speed="0.60" harmonicMeanSpeed="0.09" length="5.00" nVehEntered="1"/>
    <interval begin="46600.00" end="46700.00" id="inductionLoop.S0" nVehContrib="25" flow="900.00" occupancy="56.75" speed="5.26" harmonicMeanSpeed="2.20" length="5.00" nVehEntered="25"/>
    <interval begin="46700.00" end="46800.00" id="inductionLoop.S0" nVehContrib="30" flow="1080.00" occupancy="42.61" speed="5.52" harmonicMeanSpeed="3.52" length="5.00" nVehEntered="30"/>
    <interval begin="46800.00" end="46900.00" id="inductionLoop.S0" nVehContrib="2" flow="72.00" occupancy="12.70" speed="1.35" harmonicMeanSpeed="1.30" length="5.00" nVehEntered="3"/>
    <interval begin="46900.00" end="47000.00" id="inductionLoop.S0" nVehContrib="25" flow="900.00" occupancy="51.15" speed="4.99" harmonicMeanSpeed="2.24" length="5.00" nVehEntered="25"/>
    <interval begin="47000.00" end="47100.00" id="inductionLoop.S0" nVehContrib="13" flow="468.00" occupancy="55.88" speed="3.44" harmonicMeanSpeed="1.16" length="5.00" nVehEntered="12"/>
    <interval begin="47100.00" end="47200.00" id="inductionLoop.S0" nVehContrib="2" flow="72.00" occupancy="26.82" speed="0.69" harmonicMeanSpeed="0.38" length="5.00" nVehEntered="3"/>
    <interval begin="47200.00" end="47300.00" id="inductionLoop.S0" nVehContrib="10" flow="360.00" occupancy="77.09" speed="3.28" harmonicMeanSpeed="0.71" length="5.00" nVehEntered="10"/>
    <interval begin="47300.00" end="47400.00" id="inductionLoop.S0" nVehContrib="20" flow="720.00" occupancy="67.79" speed="6.11" harmonicMeanSpeed="2.50" length="5.00" nVehEntered="20"/>
    <interval begin="47400.00" end="47500.00" id="inductionLoop.S0" nVehContrib="17" flow="612.00" occupancy="69.85" speed="5.62" harmonicMeanSpeed="1.64" length="5.00" nVehEntered="17"/>
    <interval begin="47500.00" end="47600.00" id="inductionLoop.S0" nVehContrib="1" flow="36.00" occupancy="97.59" speed="0.05" harmonicMeanSpeed="0.05" length="5.00" nVehEntered="1"/>
    <interval begin="47600.00" end="47700.00" id="inductionLoop.S0" nVehContrib="21" flow="756.00" occupancy="56.98" speed="4.48" harmonicMeanSpeed="1.17" length="5.00" nVehEntered="21"/>
    <interval begin="47700.00" end="47800.00" id="inductionLoop.S0" nVehContrib="9" flow="324.00" occupancy="83.52" speed="4.33" harmonicMeanSpeed="0.48" length="5.00" nVehEntered="9"/>
    <interval begin="47800.00" end="47900.00" id="inductionLoop.S0" nVehContrib="21" flow="756.00" occupancy="63.52" speed="5.18" harmonicMeanSpeed="1.64" length="5.00" nVehEntered="20"/>
    <interval begin="47900.00" end="48000.00" id="inductionLoop.S0" nVehContrib="11" flow="396.00" occupancy="81.25" speed="6.63" harmonicMeanSpeed="6.41" length="5.00" nVehEntered="12"/>
    <interval begin="48000.00" end="48100.00" id="inductionLoop.S0" nVehContrib="23" flow="828.00" occupancy="57.69" speed="5.25" harmonicMeanSpeed="0.88" length="5.00" nVehEntered="22"/>
    <interval begin="48100.00" end="48200.00" id="inductionLoop.S0" nVehContrib="14" flow="504.00" occupancy="74.72" speed="6.47" harmonicMeanSpeed="3.97" length="5.00" nVehEntered="15"/>
    <interval begin="48200.00" end="48300.00" id="inductionLoop.S0" nVehContrib="20" flow="720.00" occupancy="64.46" speed="5.47" harmonicMeanSpeed="0.83" length="5.00" nVehEntered="20"/>
    <interval begin="48300.00" end="48400.00" id="inductionLoop.S0" nVehContrib="13" flow="468.00" occupancy="56.40" speed="3.67" harmonicMeanSpeed="1.12" length="5.00" nVehEntered="12"/>
    <interval begin="48400.00" end="48500.00" id="inductionLoop.S0" nVehContrib="7" flow="252.00" occupancy="41.53" speed="1.85" harmonicMeanSpeed="1.41" length="5.00" nVehEntered="8"/>
    <interval begin="48500.00" end="48600.00" id="inductionLoop.S0" nVehContrib="24" flow="864.00" occupancy="58.42" speed="5.11" harmonicMeanSpeed="1.60" length="5.00" nVehEntered="23"/>
    <interval begin="48600.00" end="48700.00" id="inductionLoop.S0" nVehContrib="35" flow="1260.00" occupancy="45.09" speed="6.66" harmonicMeanSpeed="6.44" length="5.00" nVehEntered="36"/>
    <interval begin="48700.00" end="48800.00" id="inductionLoop.S0" nVehContrib="3" flow="108.00" occupancy="8.54" speed="1.40" harmonicMeanSpeed="0.57" length="5.00" nVehEntered="2"/>
    <interval begin="48800.00" end="48900.00" id="inductionLoop.S0" nVehContrib="10" flow="360.00" occupancy="78.32" speed="4.93" harmonicMeanSpeed="0.64" length="5.00" nVehEntered="10"/>
    <interval begin="48900.00" end="49000.00" id="inductionLoop.S0" nVehContrib="33" flow="1188.00" occupancy="33.12" speed="6.26" harmonicMeanSpeed="4.98" length="5.00" nVehEntered="33"/>
    <interval begin="49000.00" end="49100.00" id="inductionLoop.S0" nVehContrib="14" flow="504.00" occupancy="63.97" speed="3.93" harmonicMeanSpeed="1.09" length="5.00" nVehEntered="14"/>
    <interval begin="49100.00" end="49200.00" id="inductionLoop.S0" nVehContrib="16" flow="576.00" occupancy="34.13" speed="4.00" harmonicMeanSpeed="2.34" length="5.00" nVehEntered="16"/>
    <interval begin="49200.00" end="49300.00" id="inductionLoop.S0" nVehContrib="6" flow="216.00" occupancy="78.34" speed="2.35" harmonicMeanSpeed="0.47" length="5.00" nVehEntered="7"/>
    <interval begin="49300.00" end="49400.00" id="inductionLoop.S0" nVehContrib="27" flow="972.00" occupancy="51.73" speed="5.08" harmonicMeanSpeed="2.04" length="5.00" nVehEntered="27"/>
    <interval begin="49400.00" end="49500.00" id="inductionLoop.S0" nVehContrib="7" flow="252.00" occupancy="87.13" speed="4.70" harmonicMeanSpeed="0.53" length="5.00" nVehEntered="7"/>
    <interval begin="49500.00" end="49600.00" id="inductionLoop.S0" nVehContrib="3" flow="108.00" occupancy="92.67" speed="1.26" harmonicMeanSpeed="0.13" length="5.00" nVehEntered="3"/>
    <interval begin="49600.00" end="49700.00" id="inductionLoop.S0" nVehContrib="32" flow="1152.00" occupancy="46.66" speed="6.18" harmonicMeanSpeed="3.41" length="5.00" nVehEntered="31"/>
    <interval begin="49700.00" end="49800.00" id="inductionLoop.S0" nVehContrib="9" flow="324.00" occupancy="78.36" speed="3.81" harmonicMeanSpeed="2.27" length="5.00" nVehEntered="10"/>
    <interval begin="49800.00" end="49900.00" id="inductionLoop.S0" nVehContrib="8" flow="288.00" occupancy="81.40" speed="2.09" harmonicMeanSpeed="0.32" length="5.00" nVehEntered="8"/>
    <interval begin="49900.00" end="50000.00" id="inductionLoop.S0" nVehContrib="14" flow="504.00" occupancy="43.10" speed="3.77" harmonicMeanSpeed="1.23" length="5.00" nVehEntered="13"/>
    <interval begin="50000.00" end="50004.00" id="inductionLoop.S0" nVehContrib="0" flow="0.00" occupancy="0.00" speed="-1.00" harmonicMeanSpeed="-1.00" length="-1.00" nVehEntered="0"/>
</detector>
