<?xml version="1.0" encoding="UTF-8"?>

<!-- generated on 2023-07-22 00:08:04 by Eclipse SUMO sumo Version 1.12.0
<configuration xmlns:xsi="http://www.w3.org/2001/XMLSchema-instance" xsi:noNamespaceSchemaLocation="http://sumo.dlr.de/xsd/sumoConfiguration.xsd">

    <input>
        <net-file value="Data0-9/intersection.net.xml"/>
        <route-files value="Data0-9/intersection.rou.xml"/>
        <additional-files value="Data0-9/intersection.det.xml"/>
    </input>

    <output>
        <tripinfo-output value="Data0-9/tripinfo.xml"/>
    </output>

    <time>
        <begin value="0"/>
    </time>

    <processing>
        <time-to-teleport value="-1"/>
        <waiting-time-memory value="60000"/>
    </processing>

    <report>
        <verbose value="true"/>
        <no-step-log value="true"/>
    </report>

    <emissions>
        <device.emissions.probability value="1"/>
    </emissions>

    <traci_server>
        <remote-port value="47633"/>
    </traci_server>

    <gui_only>
        <gui-settings-file value="Data0-9/intersection.settings.xml"/>
    </gui_only>

</configuration>
-->

<detector xmlns:xsi="http://www.w3.org/2001/XMLSchema-instance" xsi:noNamespaceSchemaLocation="http://sumo.dlr.de/xsd/det_e1_file.xsd">
    <interval begin="0.00" end="100.00" id="inductionLoop.W1" nVehContrib="4" flow="144.00" occupancy="1.71" speed="12.10" harmonicMeanSpeed="11.67" length="5.00" nVehEntered="4"/>
    <interval begin="100.00" end="200.00" id="inductionLoop.W1" nVehContrib="11" flow="396.00" occupancy="30.02" speed="9.70" harmonicMeanSpeed="3.83" length="5.00" nVehEntered="16"/>
    <interval begin="200.00" end="300.00" id="inductionLoop.W1" nVehContrib="13" flow="468.00" occupancy="41.70" speed="7.69" harmonicMeanSpeed="1.25" length="5.00" nVehEntered="12"/>
    <interval begin="300.00" end="400.00" id="inductionLoop.W1" nVehContrib="8" flow="288.00" occupancy="59.95" speed="6.61" harmonicMeanSpeed="0.68" length="5.00" nVehEntered="9"/>
    <interval begin="400.00" end="500.00" id="inductionLoop.W1" nVehContrib="11" flow="396.00" occupancy="34.56" speed="8.27" harmonicMeanSpeed="1.73" length="5.00" nVehEntered="14"/>
    <interval begin="500.00" end="600.00" id="inductionLoop.W1" nVehContrib="10" flow="360.00" occupancy="39.96" speed="6.27" harmonicMeanSpeed="1.42" length="5.00" nVehEntered="12"/>
    <interval begin="600.00" end="700.00" id="inductionLoop.W1" nVehContrib="10" flow="360.00" occupancy="15.75" speed="10.81" harmonicMeanSpeed="4.00" length="5.00" nVehEntered="16"/>
    <interval begin="700.00" end="800.00" id="inductionLoop.W1" nVehContrib="8" flow="288.00" occupancy="59.91" speed="6.92" harmonicMeanSpeed="1.00" length="5.00" nVehEntered="9"/>
    <interval begin="800.00" end="900.00" id="inductionLoop.W1" nVehContrib="11" flow="396.00" occupancy="50.07" speed="6.37" harmonicMeanSpeed="0.79" length="5.00" nVehEntered="11"/>
    <interval begin="900.00" end="1000.00" id="inductionLoop.W1" nVehContrib="12" flow="432.00" occupancy="35.84" speed="9.51" harmonicMeanSpeed="2.11" length="5.00" nVehEntered="14"/>
    <interval begin="1000.00" end="1100.00" id="inductionLoop.W1" nVehContrib="12" flow="432.00" occupancy="35.75" speed="7.44" harmonicMeanSpeed="1.50" length="5.00" nVehEntered="13"/>
    <interval begin="1100.00" end="1200.00" id="inductionLoop.W1" nVehContrib="9" flow="324.00" occupancy="50.90" speed="7.34" harmonicMeanSpeed="0.87" length="5.00" nVehEntered="8"/>
    <interval begin="1200.00" end="1300.00" id="inductionLoop.W1" nVehContrib="9" flow="324.00" occupancy="36.68" speed="8.91" harmonicMeanSpeed="5.19" length="5.00" nVehEntered="13"/>
    <interval begin="1300.00" end="1400.00" id="inductionLoop.W1" nVehContrib="10" flow="360.00" occupancy="29.51" speed="7.51" harmonicMeanSpeed="1.29" length="5.00" nVehEntered="12"/>
    <interval begin="1400.00" end="1500.00" id="inductionLoop.W1" nVehContrib="11" flow="396.00" occupancy="46.78" speed="6.79" harmonicMeanSpeed="1.02" length="5.00" nVehEntered="11"/>
    <interval begin="1500.00" end="1600.00" id="inductionLoop.W1" nVehContrib="9" flow="324.00" occupancy="23.19" speed="9.91" harmonicMeanSpeed="2.27" length="5.00" nVehEntered="12"/>
    <interval begin="1600.00" end="1700.00" id="inductionLoop.W1" nVehContrib="12" flow="432.00" occupancy="42.50" speed="6.85" harmonicMeanSpeed="1.41" length="5.00" nVehEntered="12"/>
    <interval begin="1700.00" end="1800.00" id="inductionLoop.W1" nVehContrib="9" flow="324.00" occupancy="46.98" speed="5.91" harmonicMeanSpeed="0.96" length="5.00" nVehEntered="10"/>
    <interval begin="1800.00" end="1900.00" id="inductionLoop.W1" nVehContrib="11" flow="396.00" occupancy="36.19" speed="8.16" harmonicMeanSpeed="1.71" length="5.00" nVehEntered="14"/>
    <interval begin="1900.00" end="2000.00" id="inductionLoop.W1" nVehContrib="8" flow="288.00" occupancy="28.77" speed="7.90" harmonicMeanSpeed="1.44" length="5.00" nVehEntered="9"/>
    <interval begin="2000.00" end="2100.00" id="inductionLoop.W1" nVehContrib="14" flow="504.00" occupancy="8.73" speed="10.56" harmonicMeanSpeed="9.09" length="5.00" nVehEntered="16"/>
    <interval begin="2100.00" end="2200.00" id="inductionLoop.W1" nVehContrib="5" flow="180.00" occupancy="21.86" speed="7.53" harmonicMeanSpeed="1.54" length="5.00" nVehEntered="10"/>
    <interval begin="2200.00" end="2300.00" id="inductionLoop.W1" nVehContrib="14" flow="504.00" occupancy="30.91" speed="7.02" harmonicMeanSpeed="2.22" length="5.00" nVehEntered="14"/>
    <interval begin="2300.00" end="2400.00" id="inductionLoop.W1" nVehContrib="10" flow="360.00" occupancy="9.11" speed="9.27" harmonicMeanSpeed="8.86" length="5.00" nVehEntered="12"/>
    <interval begin="2400.00" end="2500.00" id="inductionLoop.W1" nVehContrib="11" flow="396.00" occupancy="34.32" speed="9.08" harmonicMeanSpeed="1.48" length="5.00" nVehEntered="11"/>
    <interval begin="2500.00" end="2600.00" id="inductionLoop.W1" nVehContrib="9" flow="324.00" occupancy="50.31" speed="8.34" harmonicMeanSpeed="1.62" length="5.00" nVehEntered="11"/>
    <interval begin="2600.00" end="2700.00" id="inductionLoop.W1" nVehContrib="8" flow="288.00" occupancy="60.22" speed="5.05" harmonicMeanSpeed="0.49" length="5.00" nVehEntered="7"/>
    <interval begin="2700.00" end="2800.00" id="inductionLoop.W1" nVehContrib="6" flow="216.00" occupancy="65.31" speed="5.06" harmonicMeanSpeed="0.61" length="5.00" nVehEntered="9"/>
    <interval begin="2800.00" end="2900.00" id="inductionLoop.W1" nVehContrib="9" flow="324.00" occupancy="53.82" speed="7.50" harmonicMeanSpeed="0.65" length="5.00" nVehEntered="8"/>
    <interval begin="2900.00" end="3000.00" id="inductionLoop.W1" nVehContrib="13" flow="468.00" occupancy="6.33" speed="10.81" harmonicMeanSpeed="10.44" length="5.00" nVehEntered="14"/>
    <interval begin="3000.00" end="3100.00" id="inductionLoop.W1" nVehContrib="8" flow="288.00" occupancy="18.84" speed="8.35" harmonicMeanSpeed="2.36" length="5.00" nVehEntered="12"/>
    <interval begin="3100.00" end="3200.00" id="inductionLoop.W1" nVehContrib="14" flow="504.00" occupancy="6.68" speed="10.82" harmonicMeanSpeed="10.05" length="5.00" nVehEntered="13"/>
    <interval begin="3200.00" end="3300.00" id="inductionLoop.W1" nVehContrib="9" flow="324.00" occupancy="14.76" speed="8.25" harmonicMeanSpeed="3.19" length="5.00" nVehEntered="12"/>
    <interval begin="3300.00" end="3400.00" id="inductionLoop.W1" nVehContrib="8" flow="288.00" occupancy="11.76" speed="9.54" harmonicMeanSpeed="4.81" length="5.00" nVehEntered="12"/>
    <interval begin="3400.00" end="3500.00" id="inductionLoop.W1" nVehContrib="11" flow="396.00" occupancy="5.15" speed="11.46" harmonicMeanSpeed="11.14" length="5.00" nVehEntered="12"/>
    <interval begin="3500.00" end="3600.00" id="inductionLoop.W1" nVehContrib="11" flow="396.00" occupancy="6.56" speed="10.86" harmonicMeanSpeed="10.49" length="5.00" nVehEntered="15"/>
    <interval begin="3600.00" end="3700.00" id="inductionLoop.W1" nVehContrib="10" flow="360.00" occupancy="19.15" speed="8.96" harmonicMeanSpeed="2.95" length="5.00" nVehEntered="14"/>
    <interval begin="3700.00" end="3800.00" id="inductionLoop.W1" nVehContrib="7" flow="252.00" occupancy="15.05" speed="9.32" harmonicMeanSpeed="2.57" length="5.00" nVehEntered="9"/>
    <interval begin="3800.00" end="3900.00" id="inductionLoop.W1" nVehContrib="7" flow="252.00" occupancy="6.78" speed="9.96" harmonicMeanSpeed="9.65" length="5.00" nVehEntered="11"/>
    <interval begin="3900.00" end="4000.00" id="inductionLoop.W1" nVehContrib="13" flow="468.00" occupancy="8.48" speed="11.44" harmonicMeanSpeed="11.08" length="5.00" nVehEntered="15"/>
    <interval begin="4000.00" end="4100.00" id="inductionLoop.W1" nVehContrib="8" flow="288.00" occupancy="24.14" speed="8.66" harmonicMeanSpeed="1.67" length="5.00" nVehEntered="9"/>
    <interval begin="4100.00" end="4200.00" id="inductionLoop.W1" nVehContrib="11" flow="396.00" occupancy="15.95" speed="10.40" harmonicMeanSpeed="9.93" length="5.00" nVehEntered="15"/>
    <interval begin="4200.00" end="4300.00" id="inductionLoop.W1" nVehContrib="10" flow="360.00" occupancy="17.37" speed="8.48" harmonicMeanSpeed="2.12" length="5.00" nVehEntered="10"/>
    <interval begin="4300.00" end="4400.00" id="inductionLoop.W1" nVehContrib="9" flow="324.00" occupancy="22.56" speed="6.61" harmonicMeanSpeed="1.89" length="5.00" nVehEntered="9"/>
    <interval begin="4400.00" end="4500.00" id="inductionLoop.W1" nVehContrib="10" flow="360.00" occupancy="7.11" speed="10.70" harmonicMeanSpeed="9.62" length="5.00" nVehEntered="12"/>
    <interval begin="4500.00" end="4600.00" id="inductionLoop.W1" nVehContrib="11" flow="396.00" occupancy="17.67" speed="8.84" harmonicMeanSpeed="5.87" length="5.00" nVehEntered="15"/>
    <interval begin="4600.00" end="4700.00" id="inductionLoop.W1" nVehContrib="8" flow="288.00" occupancy="30.42" speed="7.58" harmonicMeanSpeed="1.90" length="5.00" nVehEntered="10"/>
    <interval begin="4700.00" end="4800.00" id="inductionLoop.W1" nVehContrib="12" flow="432.00" occupancy="35.60" speed="5.42" harmonicMeanSpeed="1.25" length="5.00" nVehEntered="13"/>
    <interval begin="4800.00" end="4900.00" id="inductionLoop.W1" nVehContrib="7" flow="252.00" occupancy="46.37" speed="5.33" harmonicMeanSpeed="0.76" length="5.00" nVehEntered="8"/>
    <interval begin="4900.00" end="5000.00" id="inductionLoop.W1" nVehContrib="8" flow="288.00" occupancy="40.60" speed="6.69" harmonicMeanSpeed="1.04" length="5.00" nVehEntered="12"/>
    <interval begin="5000.00" end="5100.00" id="inductionLoop.W1" nVehContrib="9" flow="324.00" occupancy="5.82" speed="10.66" harmonicMeanSpeed="10.24" length="5.00" nVehEntered="11"/>
    <interval begin="5100.00" end="5200.00" id="inductionLoop.W1" nVehContrib="10" flow="360.00" occupancy="4.94" speed="10.55" harmonicMeanSpeed="10.11" length="5.00" nVehEntered="10"/>
    <interval begin="5200.00" end="5300.00" id="inductionLoop.W1" nVehContrib="11" flow="396.00" occupancy="13.86" speed="10.16" harmonicMeanSpeed="4.41" length="5.00" nVehEntered="15"/>
    <interval begin="5300.00" end="5400.00" id="inductionLoop.W1" nVehContrib="8" flow="288.00" occupancy="5.78" speed="9.25" harmonicMeanSpeed="7.76" length="5.00" nVehEntered="9"/>
    <interval begin="5400.00" end="5500.00" id="inductionLoop.W1" nVehContrib="10" flow="360.00" occupancy="4.92" speed="10.63" harmonicMeanSpeed="10.17" length="5.00" nVehEntered="10"/>
    <interval begin="5500.00" end="5600.00" id="inductionLoop.W1" nVehContrib="9" flow="324.00" occupancy="22.47" speed="10.89" harmonicMeanSpeed="2.00" length="5.00" nVehEntered="9"/>
    <interval begin="5600.00" end="5700.00" id="inductionLoop.W1" nVehContrib="7" flow="252.00" occupancy="4.75" speed="10.51" harmonicMeanSpeed="10.08" length="5.00" nVehEntered="10"/>
    <interval begin="5700.00" end="5800.00" id="inductionLoop.W1" nVehContrib="11" flow="396.00" occupancy="5.04" speed="11.57" harmonicMeanSpeed="11.28" length="5.00" nVehEntered="12"/>
    <interval begin="5800.00" end="5900.00" id="inductionLoop.W1" nVehContrib="12" flow="432.00" occupancy="5.71" speed="10.84" harmonicMeanSpeed="10.51" length="5.00" nVehEntered="12"/>
    <interval begin="5900.00" end="6000.00" id="inductionLoop.W1" nVehContrib="8" flow="288.00" occupancy="13.80" speed="8.71" harmonicMeanSpeed="2.96" length="5.00" nVehEntered="10"/>
    <interval begin="6000.00" end="6100.00" id="inductionLoop.W1" nVehContrib="10" flow="360.00" occupancy="7.17" speed="10.99" harmonicMeanSpeed="10.64" length="5.00" nVehEntered="12"/>
    <interval begin="6100.00" end="6200.00" id="inductionLoop.W1" nVehContrib="9" flow="324.00" occupancy="16.68" speed="9.14" harmonicMeanSpeed="3.69" length="5.00" nVehEntered="13"/>
    <interval begin="6200.00" end="6300.00" id="inductionLoop.W1" nVehContrib="9" flow="324.00" occupancy="3.93" speed="11.87" harmonicMeanSpeed="11.45" length="5.00" nVehEntered="9"/>
    <interval begin="6300.00" end="6400.00" id="inductionLoop.W1" nVehContrib="10" flow="360.00" occupancy="7.12" speed="9.93" harmonicMeanSpeed="8.83" length="5.00" nVehEntered="11"/>
    <interval begin="6400.00" end="6500.00" id="inductionLoop.W1" nVehContrib="11" flow="396.00" occupancy="9.13" speed="10.71" harmonicMeanSpeed="7.19" length="5.00" nVehEntered="12"/>
    <interval begin="6500.00" end="6600.00" id="inductionLoop.W1" nVehContrib="12" flow="432.00" occupancy="17.74" speed="9.15" harmonicMeanSpeed="7.17" length="5.00" nVehEntered="14"/>
    <interval begin="6600.00" end="6700.00" id="inductionLoop.W1" nVehContrib="5" flow="180.00" occupancy="35.63" speed="5.37" harmonicMeanSpeed="0.57" length="5.00" nVehEntered="7"/>
    <interval begin="6700.00" end="6800.00" id="inductionLoop.W1" nVehContrib="12" flow="432.00" occupancy="7.18" speed="10.69" harmonicMeanSpeed="10.41" length="5.00" nVehEntered="13"/>
    <interval begin="6800.00" end="6900.00" id="inductionLoop.W1" nVehContrib="7" flow="252.00" occupancy="19.29" speed="9.65" harmonicMeanSpeed="2.02" length="5.00" nVehEntered="9"/>
    <interval begin="6900.00" end="7000.00" id="inductionLoop.W1" nVehContrib="11" flow="396.00" occupancy="23.30" speed="9.60" harmonicMeanSpeed="2.53" length="5.00" nVehEntered="13"/>
    <interval begin="7000.00" end="7100.00" id="inductionLoop.W1" nVehContrib="9" flow="324.00" occupancy="13.26" speed="9.77" harmonicMeanSpeed="3.67" length="5.00" nVehEntered="11"/>
    <interval begin="7100.00" end="7200.00" id="inductionLoop.W1" nVehContrib="8" flow="288.00" occupancy="20.43" speed="8.68" harmonicMeanSpeed="1.96" length="5.00" nVehEntered="8"/>
    <interval begin="7200.00" end="7300.00" id="inductionLoop.W1" nVehContrib="11" flow="396.00" occupancy="22.12" speed="9.61" harmonicMeanSpeed="3.10" length="5.00" nVehEntered="13"/>
    <interval begin="7300.00" end="7400.00" id="inductionLoop.W1" nVehContrib="8" flow="288.00" occupancy="5.76" speed="11.26" harmonicMeanSpeed="10.75" length="5.00" nVehEntered="10"/>
    <interval begin="7400.00" end="7500.00" id="inductionLoop.W1" nVehContrib="5" flow="180.00" occupancy="2.08" speed="12.43" harmonicMeanSpeed="12.23" length="5.00" nVehEntered="6"/>
    <interval begin="7500.00" end="7600.00" id="inductionLoop.W1" nVehContrib="8" flow="288.00" occupancy="5.03" speed="10.99" harmonicMeanSpeed="10.63" length="5.00" nVehEntered="10"/>
    <interval begin="7600.00" end="7700.00" id="inductionLoop.W1" nVehContrib="9" flow="324.00" occupancy="8.50" speed="9.16" harmonicMeanSpeed="8.34" length="5.00" nVehEntered="14"/>
    <interval begin="7700.00" end="7800.00" id="inductionLoop.W1" nVehContrib="9" flow="324.00" occupancy="5.09" speed="10.37" harmonicMeanSpeed="9.98" length="5.00" nVehEntered="10"/>
    <interval begin="7800.00" end="7900.00" id="inductionLoop.W1" nVehContrib="13" flow="468.00" occupancy="6.39" speed="10.66" harmonicMeanSpeed="10.17" length="5.00" nVehEntered="13"/>
    <interval begin="7900.00" end="8000.00" id="inductionLoop.W1" nVehContrib="8" flow="288.00" occupancy="3.97" speed="10.56" harmonicMeanSpeed="10.07" length="5.00" nVehEntered="8"/>
    <interval begin="8000.00" end="8100.00" id="inductionLoop.W1" nVehContrib="9" flow="324.00" occupancy="13.27" speed="10.38" harmonicMeanSpeed="10.14" length="5.00" nVehEntered="12"/>
    <interval begin="8100.00" end="8200.00" id="inductionLoop.W1" nVehContrib="7" flow="252.00" occupancy="9.95" speed="9.87" harmonicMeanSpeed="1.94" length="5.00" nVehEntered="6"/>
    <interval begin="8200.00" end="8300.00" id="inductionLoop.W1" nVehContrib="11" flow="396.00" occupancy="5.12" speed="11.48" harmonicMeanSpeed="11.21" length="5.00" nVehEntered="12"/>
    <interval begin="8300.00" end="8400.00" id="inductionLoop.W1" nVehContrib="9" flow="324.00" occupancy="4.09" speed="11.34" harmonicMeanSpeed="11.01" length="5.00" nVehEntered="9"/>
    <interval begin="8400.00" end="8500.00" id="inductionLoop.W1" nVehContrib="12" flow="432.00" occupancy="5.67" speed="11.02" harmonicMeanSpeed="10.58" length="5.00" nVehEntered="12"/>
    <interval begin="8500.00" end="8600.00" id="inductionLoop.W1" nVehContrib="9" flow="324.00" occupancy="4.09" speed="11.96" harmonicMeanSpeed="11.59" length="5.00" nVehEntered="10"/>
    <interval begin="8600.00" end="8700.00" id="inductionLoop.W1" nVehContrib="7" flow="252.00" occupancy="3.42" speed="10.50" harmonicMeanSpeed="10.23" length="5.00" nVehEntered="7"/>
    <interval begin="8700.00" end="8800.00" id="inductionLoop.W1" nVehContrib="10" flow="360.00" occupancy="6.33" speed="11.23" harmonicMeanSpeed="10.83" length="5.00" nVehEntered="14"/>
    <interval begin="8800.00" end="8900.00" id="inductionLoop.W1" nVehContrib="11" flow="396.00" occupancy="9.28" speed="10.19" harmonicMeanSpeed="9.87" length="5.00" nVehEntered="13"/>
    <interval begin="8900.00" end="9000.00" id="inductionLoop.W1" nVehContrib="9" flow="324.00" occupancy="6.76" speed="10.41" harmonicMeanSpeed="10.13" length="5.00" nVehEntered="13"/>
    <interval begin="9000.00" end="9100.00" id="inductionLoop.W1" nVehContrib="5" flow="180.00" occupancy="5.14" speed="9.14" harmonicMeanSpeed="5.39" length="5.00" nVehEntered="7"/>
    <interval begin="9100.00" end="9200.00" id="inductionLoop.W1" nVehContrib="15" flow="540.00" occupancy="7.30" speed="10.99" harmonicMeanSpeed="10.48" length="5.00" nVehEntered="16"/>
    <interval begin="9200.00" end="9300.00" id="inductionLoop.W1" nVehContrib="10" flow="360.00" occupancy="4.03" speed="12.61" harmonicMeanSpeed="12.42" length="5.00" nVehEntered="10"/>
    <interval begin="9300.00" end="9400.00" id="inductionLoop.W1" nVehContrib="10" flow="360.00" occupancy="7.58" speed="10.42" harmonicMeanSpeed="6.94" length="5.00" nVehEntered="11"/>
    <interval begin="9400.00" end="9500.00" id="inductionLoop.W1" nVehContrib="9" flow="324.00" occupancy="6.03" speed="10.51" harmonicMeanSpeed="10.15" length="5.00" nVehEntered="12"/>
    <interval begin="9500.00" end="9600.00" id="inductionLoop.W1" nVehContrib="8" flow="288.00" occupancy="3.27" speed="12.35" harmonicMeanSpeed="12.22" length="5.00" nVehEntered="8"/>
    <interval begin="9600.00" end="9700.00" id="inductionLoop.W1" nVehContrib="8" flow="288.00" occupancy="8.82" speed="11.70" harmonicMeanSpeed="11.37" length="5.00" nVehEntered="10"/>
    <interval begin="9700.00" end="9800.00" id="inductionLoop.W1" nVehContrib="6" flow="216.00" occupancy="2.59" speed="11.88" harmonicMeanSpeed="11.58" length="5.00" nVehEntered="6"/>
    <interval begin="9800.00" end="9900.00" id="inductionLoop.W1" nVehContrib="5" flow="180.00" occupancy="3.45" speed="9.65" harmonicMeanSpeed="9.40" length="5.00" nVehEntered="8"/>
    <interval begin="9900.00" end="10000.00" id="inductionLoop.W1" nVehContrib="9" flow="324.00" occupancy="4.53" speed="10.88" harmonicMeanSpeed="10.65" length="5.00" nVehEntered="10"/>
    <interval begin="10000.00" end="10100.00" id="inductionLoop.W1" nVehContrib="12" flow="432.00" occupancy="7.46" speed="10.30" harmonicMeanSpeed="9.92" length="5.00" nVehEntered="15"/>
    <interval begin="10100.00" end="10200.00" id="inductionLoop.W1" nVehContrib="8" flow="288.00" occupancy="4.19" speed="10.61" harmonicMeanSpeed="10.15" length="5.00" nVehEntered="11"/>
    <interval begin="10200.00" end="10300.00" id="inductionLoop.W1" nVehContrib="11" flow="396.00" occupancy="6.28" speed="10.31" harmonicMeanSpeed="10.01" length="5.00" nVehEntered="12"/>
    <interval begin="10300.00" end="10400.00" id="inductionLoop.W1" nVehContrib="11" flow="396.00" occupancy="5.19" speed="10.96" harmonicMeanSpeed="10.61" length="5.00" nVehEntered="11"/>
    <interval begin="10400.00" end="10500.00" id="inductionLoop.W1" nVehContrib="5" flow="180.00" occupancy="2.05" speed="12.77" harmonicMeanSpeed="12.22" length="5.00" nVehEntered="5"/>
    <interval begin="10500.00" end="10600.00" id="inductionLoop.W1" nVehContrib="11" flow="396.00" occupancy="14.49" speed="8.93" harmonicMeanSpeed="5.04" length="5.00" nVehEntered="12"/>
    <interval begin="10600.00" end="10700.00" id="inductionLoop.W1" nVehContrib="11" flow="396.00" occupancy="11.89" speed="9.53" harmonicMeanSpeed="4.63" length="5.00" nVehEntered="11"/>
    <interval begin="10700.00" end="10800.00" id="inductionLoop.W1" nVehContrib="7" flow="252.00" occupancy="3.48" speed="11.17" harmonicMeanSpeed="10.68" length="5.00" nVehEntered="9"/>
    <interval begin="10800.00" end="10900.00" id="inductionLoop.W1" nVehContrib="9" flow="324.00" occupancy="4.64" speed="12.20" harmonicMeanSpeed="11.77" length="5.00" nVehEntered="11"/>
    <interval begin="10900.00" end="11000.00" id="inductionLoop.W1" nVehContrib="11" flow="396.00" occupancy="7.80" speed="10.11" harmonicMeanSpeed="9.63" length="5.00" nVehEntered="14"/>
    <interval begin="11000.00" end="11100.00" id="inductionLoop.W1" nVehContrib="7" flow="252.00" occupancy="3.41" speed="10.68" harmonicMeanSpeed="10.25" length="5.00" nVehEntered="7"/>
    <interval begin="11100.00" end="11200.00" id="inductionLoop.W1" nVehContrib="7" flow="252.00" occupancy="3.60" speed="11.28" harmonicMeanSpeed="11.10" length="5.00" nVehEntered="9"/>
    <interval begin="11200.00" end="11300.00" id="inductionLoop.W1" nVehContrib="4" flow="144.00" occupancy="1.80" speed="11.29" harmonicMeanSpeed="11.12" length="5.00" nVehEntered="4"/>
    <interval begin="11300.00" end="11400.00" id="inductionLoop.W1" nVehContrib="8" flow="288.00" occupancy="4.00" speed="11.03" harmonicMeanSpeed="10.71" length="5.00" nVehEntered="9"/>
    <interval begin="11400.00" end="11500.00" id="inductionLoop.W1" nVehContrib="9" flow="324.00" occupancy="4.30" speed="11.78" harmonicMeanSpeed="11.56" length="5.00" nVehEntered="11"/>
    <interval begin="11500.00" end="11600.00" id="inductionLoop.W1" nVehContrib="12" flow="432.00" occupancy="7.89" speed="11.74" harmonicMeanSpeed="11.45" length="5.00" nVehEntered="13"/>
    <interval begin="11600.00" end="11700.00" id="inductionLoop.W1" nVehContrib="8" flow="288.00" occupancy="7.02" speed="9.46" harmonicMeanSpeed="7.22" length="5.00" nVehEntered="11"/>
    <interval begin="11700.00" end="11800.00" id="inductionLoop.W1" nVehContrib="13" flow="468.00" occupancy="6.07" speed="11.09" harmonicMeanSpeed="10.71" length="5.00" nVehEntered="13"/>
    <interval begin="11800.00" end="11900.00" id="inductionLoop.W1" nVehContrib="9" flow="324.00" occupancy="5.60" speed="11.14" harmonicMeanSpeed="10.77" length="5.00" nVehEntered="12"/>
    <interval begin="11900.00" end="12000.00" id="inductionLoop.W1" nVehContrib="10" flow="360.00" occupancy="5.33" speed="10.74" harmonicMeanSpeed="10.40" length="5.00" nVehEntered="11"/>
    <interval begin="12000.00" end="12100.00" id="inductionLoop.W1" nVehContrib="9" flow="324.00" occupancy="4.18" speed="10.92" harmonicMeanSpeed="10.76" length="5.00" nVehEntered="9"/>
    <interval begin="12100.00" end="12200.00" id="inductionLoop.W1" nVehContrib="7" flow="252.00" occupancy="2.75" speed="12.78" harmonicMeanSpeed="12.72" length="5.00" nVehEntered="7"/>
    <interval begin="12200.00" end="12300.00" id="inductionLoop.W1" nVehContrib="9" flow="324.00" occupancy="3.92" speed="11.73" harmonicMeanSpeed="11.47" length="5.00" nVehEntered="9"/>
    <interval begin="12300.00" end="12400.00" id="inductionLoop.W1" nVehContrib="6" flow="216.00" occupancy="2.73" speed="11.36" harmonicMeanSpeed="10.98" length="5.00" nVehEntered="6"/>
    <interval begin="12400.00" end="12500.00" id="inductionLoop.W1" nVehContrib="10" flow="360.00" occupancy="4.00" speed="12.62" harmonicMeanSpeed="12.50" length="5.00" nVehEntered="10"/>
    <interval begin="12500.00" end="12600.00" id="inductionLoop.W1" nVehContrib="10" flow="360.00" occupancy="4.73" speed="11.95" harmonicMeanSpeed="11.49" length="5.00" nVehEntered="12"/>
    <interval begin="12600.00" end="12700.00" id="inductionLoop.W1" nVehContrib="10" flow="360.00" occupancy="5.96" speed="10.64" harmonicMeanSpeed="10.18" length="5.00" nVehEntered="11"/>
    <interval begin="12700.00" end="12800.00" id="inductionLoop.W1" nVehContrib="8" flow="288.00" occupancy="3.51" speed="11.55" harmonicMeanSpeed="11.40" length="5.00" nVehEntered="8"/>
    <interval begin="12800.00" end="12900.00" id="inductionLoop.W1" nVehContrib="8" flow="288.00" occupancy="4.78" speed="9.52" harmonicMeanSpeed="9.30" length="5.00" nVehEntered="10"/>
    <interval begin="12900.00" end="13000.00" id="inductionLoop.W1" nVehContrib="8" flow="288.00" occupancy="3.36" speed="13.23" harmonicMeanSpeed="12.99" length="5.00" nVehEntered="9"/>
    <interval begin="13000.00" end="13100.00" id="inductionLoop.W1" nVehContrib="6" flow="216.00" occupancy="2.35" speed="12.81" harmonicMeanSpeed="12.75" length="5.00" nVehEntered="6"/>
    <interval begin="13100.00" end="13200.00" id="inductionLoop.W1" nVehContrib="6" flow="216.00" occupancy="2.51" speed="12.11" harmonicMeanSpeed="11.98" length="5.00" nVehEntered="6"/>
    <interval begin="13200.00" end="13300.00" id="inductionLoop.W1" nVehContrib="8" flow="288.00" occupancy="3.65" speed="11.60" harmonicMeanSpeed="11.32" length="5.00" nVehEntered="9"/>
    <interval begin="13300.00" end="13400.00" id="inductionLoop.W1" nVehContrib="11" flow="396.00" occupancy="6.09" speed="10.10" harmonicMeanSpeed="9.67" length="5.00" nVehEntered="12"/>
    <interval begin="13400.00" end="13500.00" id="inductionLoop.W1" nVehContrib="12" flow="432.00" occupancy="6.98" speed="10.29" harmonicMeanSpeed="9.92" length="5.00" nVehEntered="13"/>
    <interval begin="13500.00" end="13600.00" id="inductionLoop.W1" nVehContrib="6" flow="216.00" occupancy="2.55" speed="12.17" harmonicMeanSpeed="11.77" length="5.00" nVehEntered="6"/>
    <interval begin="13600.00" end="13700.00" id="inductionLoop.W1" nVehContrib="7" flow="252.00" occupancy="3.73" speed="10.48" harmonicMeanSpeed="10.07" length="5.00" nVehEntered="8"/>
    <interval begin="13700.00" end="13800.00" id="inductionLoop.W1" nVehContrib="12" flow="432.00" occupancy="5.25" speed="11.84" harmonicMeanSpeed="11.42" length="5.00" nVehEntered="12"/>
    <interval begin="13800.00" end="13900.00" id="inductionLoop.W1" nVehContrib="9" flow="324.00" occupancy="3.95" speed="11.73" harmonicMeanSpeed="11.38" length="5.00" nVehEntered="9"/>
    <interval begin="13900.00" end="14000.00" id="inductionLoop.W1" nVehContrib="7" flow="252.00" occupancy="3.89" speed="10.98" harmonicMeanSpeed="10.72" length="5.00" nVehEntered="8"/>
    <interval begin="14000.00" end="14100.00" id="inductionLoop.W1" nVehContrib="9" flow="324.00" occupancy="3.56" speed="12.79" harmonicMeanSpeed="12.63" length="5.00" nVehEntered="9"/>
    <interval begin="14100.00" end="14200.00" id="inductionLoop.W1" nVehContrib="9" flow="324.00" occupancy="7.21" speed="10.57" harmonicMeanSpeed="10.22" length="5.00" nVehEntered="11"/>
    <interval begin="14200.00" end="14300.00" id="inductionLoop.W1" nVehContrib="10" flow="360.00" occupancy="5.09" speed="11.32" harmonicMeanSpeed="10.98" length="5.00" nVehEntered="11"/>
    <interval begin="14300.00" end="14400.00" id="inductionLoop.W1" nVehContrib="10" flow="360.00" occupancy="4.34" speed="12.12" harmonicMeanSpeed="11.74" length="5.00" nVehEntered="11"/>
    <interval begin="14400.00" end="14500.00" id="inductionLoop.W1" nVehContrib="10" flow="360.00" occupancy="5.51" speed="11.38" harmonicMeanSpeed="11.03" length="5.00" nVehEntered="11"/>
    <interval begin="14500.00" end="14600.00" id="inductionLoop.W1" nVehContrib="9" flow="324.00" occupancy="4.05" speed="11.28" harmonicMeanSpeed="11.10" length="5.00" nVehEntered="9"/>
    <interval begin="14600.00" end="14700.00" id="inductionLoop.W1" nVehContrib="7" flow="252.00" occupancy="3.38" speed="10.70" harmonicMeanSpeed="10.37" length="5.00" nVehEntered="7"/>
    <interval begin="14700.00" end="14800.00" id="inductionLoop.W1" nVehContrib="10" flow="360.00" occupancy="7.09" speed="10.82" harmonicMeanSpeed="9.35" length="5.00" nVehEntered="11"/>
    <interval begin="14800.00" end="14900.00" id="inductionLoop.W1" nVehContrib="11" flow="396.00" occupancy="5.27" speed="10.73" harmonicMeanSpeed="10.43" length="5.00" nVehEntered="11"/>
    <interval begin="14900.00" end="15000.00" id="inductionLoop.W1" nVehContrib="5" flow="180.00" occupancy="5.00" speed="10.17" harmonicMeanSpeed="9.80" length="5.00" nVehEntered="8"/>
    <interval begin="15000.00" end="15100.00" id="inductionLoop.W1" nVehContrib="5" flow="180.00" occupancy="2.30" speed="11.24" harmonicMeanSpeed="10.89" length="5.00" nVehEntered="5"/>
    <interval begin="15100.00" end="15200.00" id="inductionLoop.W1" nVehContrib="9" flow="324.00" occupancy="4.31" speed="10.74" harmonicMeanSpeed="10.44" length="5.00" nVehEntered="9"/>
    <interval begin="15200.00" end="15300.00" id="inductionLoop.W1" nVehContrib="7" flow="252.00" occupancy="2.73" speed="12.94" harmonicMeanSpeed="12.81" length="5.00" nVehEntered="7"/>
    <interval begin="15300.00" end="15400.00" id="inductionLoop.W1" nVehContrib="6" flow="216.00" occupancy="2.56" speed="11.83" harmonicMeanSpeed="11.72" length="5.00" nVehEntered="6"/>
    <interval begin="15400.00" end="15500.00" id="inductionLoop.W1" nVehContrib="10" flow="360.00" occupancy="4.38" speed="11.68" harmonicMeanSpeed="11.41" length="5.00" nVehEntered="10"/>
    <interval begin="15500.00" end="15600.00" id="inductionLoop.W1" nVehContrib="9" flow="324.00" occupancy="4.35" speed="10.82" harmonicMeanSpeed="10.41" length="5.00" nVehEntered="10"/>
    <interval begin="15600.00" end="15700.00" id="inductionLoop.W1" nVehContrib="8" flow="288.00" occupancy="3.86" speed="11.24" harmonicMeanSpeed="11.11" length="5.00" nVehEntered="9"/>
    <interval begin="15700.00" end="15800.00" id="inductionLoop.W1" nVehContrib="9" flow="324.00" occupancy="4.66" speed="10.89" harmonicMeanSpeed="10.55" length="5.00" nVehEntered="10"/>
    <interval begin="15800.00" end="15900.00" id="inductionLoop.W1" nVehContrib="8" flow="288.00" occupancy="3.78" speed="10.91" harmonicMeanSpeed="10.58" length="5.00" nVehEntered="8"/>
    <interval begin="15900.00" end="16000.00" id="inductionLoop.W1" nVehContrib="7" flow="252.00" occupancy="3.55" speed="12.46" harmonicMeanSpeed="12.34" length="5.00" nVehEntered="9"/>
    <interval begin="16000.00" end="16100.00" id="inductionLoop.W1" nVehContrib="11" flow="396.00" occupancy="4.59" speed="12.45" harmonicMeanSpeed="12.03" length="5.00" nVehEntered="12"/>
    <interval begin="16100.00" end="16200.00" id="inductionLoop.W1" nVehContrib="10" flow="360.00" occupancy="4.60" speed="11.08" harmonicMeanSpeed="10.88" length="5.00" nVehEntered="10"/>
    <interval begin="16200.00" end="16300.00" id="inductionLoop.W1" nVehContrib="10" flow="360.00" occupancy="4.62" speed="11.26" harmonicMeanSpeed="10.83" length="5.00" nVehEntered="10"/>
    <interval begin="16300.00" end="16400.00" id="inductionLoop.W1" nVehContrib="8" flow="288.00" occupancy="3.91" speed="11.13" harmonicMeanSpeed="10.80" length="5.00" nVehEntered="9"/>
    <interval begin="16400.00" end="16500.00" id="inductionLoop.W1" nVehContrib="7" flow="252.00" occupancy="3.24" speed="11.00" harmonicMeanSpeed="10.82" length="5.00" nVehEntered="7"/>
    <interval begin="16500.00" end="16600.00" id="inductionLoop.W1" nVehContrib="7" flow="252.00" occupancy="2.96" speed="12.03" harmonicMeanSpeed="11.83" length="5.00" nVehEntered="7"/>
    <interval begin="16600.00" end="16700.00" id="inductionLoop.W1" nVehContrib="9" flow="324.00" occupancy="5.90" speed="11.46" harmonicMeanSpeed="11.20" length="5.00" nVehEntered="13"/>
    <interval begin="16700.00" end="16800.00" id="inductionLoop.W1" nVehContrib="5" flow="180.00" occupancy="4.20" speed="10.85" harmonicMeanSpeed="10.37" length="5.00" nVehEntered="7"/>
    <interval begin="16800.00" end="16900.00" id="inductionLoop.W1" nVehContrib="10" flow="360.00" occupancy="4.52" speed="11.39" harmonicMeanSpeed="11.05" length="5.00" nVehEntered="10"/>
    <interval begin="16900.00" end="17000.00" id="inductionLoop.W1" nVehContrib="9" flow="324.00" occupancy="5.47" speed="11.20" harmonicMeanSpeed="10.82" length="5.00" nVehEntered="12"/>
    <interval begin="17000.00" end="17100.00" id="inductionLoop.W1" nVehContrib="11" flow="396.00" occupancy="5.61" speed="10.98" harmonicMeanSpeed="10.62" length="5.00" nVehEntered="12"/>
    <interval begin="17100.00" end="17200.00" id="inductionLoop.W1" nVehContrib="9" flow="324.00" occupancy="7.09" speed="11.05" harmonicMeanSpeed="10.60" length="5.00" nVehEntered="12"/>
    <interval begin="17200.00" end="17300.00" id="inductionLoop.W1" nVehContrib="9" flow="324.00" occupancy="12.95" speed="10.61" harmonicMeanSpeed="3.52" length="5.00" nVehEntered="10"/>
    <interval begin="17300.00" end="17400.00" id="inductionLoop.W1" nVehContrib="8" flow="288.00" occupancy="4.24" speed="11.74" harmonicMeanSpeed="11.30" length="5.00" nVehEntered="11"/>
    <interval begin="17400.00" end="17500.00" id="inductionLoop.W1" nVehContrib="10" flow="360.00" occupancy="4.81" speed="11.93" harmonicMeanSpeed="11.55" length="5.00" nVehEntered="11"/>
    <interval begin="17500.00" end="17600.00" id="inductionLoop.W1" nVehContrib="13" flow="468.00" occupancy="9.23" speed="11.19" harmonicMeanSpeed="10.90" length="5.00" nVehEntered="14"/>
    <interval begin="17600.00" end="17700.00" id="inductionLoop.W1" nVehContrib="10" flow="360.00" occupancy="5.24" speed="10.89" harmonicMeanSpeed="10.73" length="5.00" nVehEntered="11"/>
    <interval begin="17700.00" end="17800.00" id="inductionLoop.W1" nVehContrib="10" flow="360.00" occupancy="6.08" speed="11.26" harmonicMeanSpeed="10.89" length="5.00" nVehEntered="13"/>
    <interval begin="17800.00" end="17900.00" id="inductionLoop.W1" nVehContrib="10" flow="360.00" occupancy="4.77" speed="10.86" harmonicMeanSpeed="10.49" length="5.00" nVehEntered="10"/>
    <interval begin="17900.00" end="18000.00" id="inductionLoop.W1" nVehContrib="9" flow="324.00" occupancy="6.38" speed="9.88" harmonicMeanSpeed="8.13" length="5.00" nVehEntered="12"/>
    <interval begin="18000.00" end="18100.00" id="inductionLoop.W1" nVehContrib="10" flow="360.00" occupancy="4.89" speed="10.57" harmonicMeanSpeed="10.23" length="5.00" nVehEntered="10"/>
    <interval begin="18100.00" end="18200.00" id="inductionLoop.W1" nVehContrib="6" flow="216.00" occupancy="2.89" speed="12.06" harmonicMeanSpeed="11.73" length="5.00" nVehEntered="7"/>
    <interval begin="18200.00" end="18300.00" id="inductionLoop.W1" nVehContrib="8" flow="288.00" occupancy="3.70" speed="11.45" harmonicMeanSpeed="11.11" length="5.00" nVehEntered="9"/>
    <interval begin="18300.00" end="18400.00" id="inductionLoop.W1" nVehContrib="11" flow="396.00" occupancy="5.52" speed="11.91" harmonicMeanSpeed="11.45" length="5.00" nVehEntered="13"/>
    <interval begin="18400.00" end="18500.00" id="inductionLoop.W1" nVehContrib="9" flow="324.00" occupancy="7.20" speed="11.54" harmonicMeanSpeed="11.31" length="5.00" nVehEntered="13"/>
    <interval begin="18500.00" end="18600.00" id="inductionLoop.W1" nVehContrib="11" flow="396.00" occupancy="7.96" speed="10.79" harmonicMeanSpeed="10.61" length="5.00" nVehEntered="14"/>
    <interval begin="18600.00" end="18700.00" id="inductionLoop.W1" nVehContrib="10" flow="360.00" occupancy="6.68" speed="11.99" harmonicMeanSpeed="11.44" length="5.00" nVehEntered="14"/>
    <interval begin="18700.00" end="18800.00" id="inductionLoop.W1" nVehContrib="8" flow="288.00" occupancy="24.87" speed="7.83" harmonicMeanSpeed="2.36" length="5.00" nVehEntered="12"/>
    <interval begin="18800.00" end="18900.00" id="inductionLoop.W1" nVehContrib="11" flow="396.00" occupancy="27.32" speed="10.45" harmonicMeanSpeed="2.03" length="5.00" nVehEntered="12"/>
    <interval begin="18900.00" end="19000.00" id="inductionLoop.W1" nVehContrib="13" flow="468.00" occupancy="5.95" speed="10.81" harmonicMeanSpeed="10.44" length="5.00" nVehEntered="12"/>
    <interval begin="19000.00" end="19100.00" id="inductionLoop.W1" nVehContrib="13" flow="468.00" occupancy="6.39" speed="11.41" harmonicMeanSpeed="11.03" length="5.00" nVehEntered="15"/>
    <interval begin="19100.00" end="19200.00" id="inductionLoop.W1" nVehContrib="9" flow="324.00" occupancy="6.04" speed="10.69" harmonicMeanSpeed="10.39" length="5.00" nVehEntered="13"/>
    <interval begin="19200.00" end="19300.00" id="inductionLoop.W1" nVehContrib="10" flow="360.00" occupancy="6.08" speed="10.63" harmonicMeanSpeed="10.29" length="5.00" nVehEntered="12"/>
    <interval begin="19300.00" end="19400.00" id="inductionLoop.W1" nVehContrib="11" flow="396.00" occupancy="5.89" speed="11.76" harmonicMeanSpeed="11.41" length="5.00" nVehEntered="13"/>
    <interval begin="19400.00" end="19500.00" id="inductionLoop.W1" nVehContrib="12" flow="432.00" occupancy="8.56" speed="9.94" harmonicMeanSpeed="8.59" length="5.00" nVehEntered="15"/>
    <interval begin="19500.00" end="19600.00" id="inductionLoop.W1" nVehContrib="14" flow="504.00" occupancy="14.85" speed="10.82" harmonicMeanSpeed="10.47" length="5.00" nVehEntered="15"/>
    <interval begin="19600.00" end="19700.00" id="inductionLoop.W1" nVehContrib="10" flow="360.00" occupancy="23.07" speed="8.43" harmonicMeanSpeed="1.82" length="5.00" nVehEntered="11"/>
    <interval begin="19700.00" end="19800.00" id="inductionLoop.W1" nVehContrib="15" flow="540.00" occupancy="35.65" speed="9.40" harmonicMeanSpeed="2.39" length="5.00" nVehEntered="17"/>
    <interval begin="19800.00" end="19900.00" id="inductionLoop.W1" nVehContrib="16" flow="576.00" occupancy="48.67" speed="8.20" harmonicMeanSpeed="1.64" length="5.00" nVehEntered="16"/>
    <interval begin="19900.00" end="20000.00" id="inductionLoop.W1" nVehContrib="9" flow="324.00" occupancy="14.52" speed="9.67" harmonicMeanSpeed="8.70" length="5.00" nVehEntered="12"/>
    <interval begin="20000.00" end="20100.00" id="inductionLoop.W1" nVehContrib="10" flow="360.00" occupancy="13.51" speed="8.79" harmonicMeanSpeed="2.34" length="5.00" nVehEntered="9"/>
    <interval begin="20100.00" end="20200.00" id="inductionLoop.W1" nVehContrib="15" flow="540.00" occupancy="8.38" speed="10.53" harmonicMeanSpeed="10.18" length="5.00" nVehEntered="16"/>
    <interval begin="20200.00" end="20300.00" id="inductionLoop.W1" nVehContrib="10" flow="360.00" occupancy="5.40" speed="10.83" harmonicMeanSpeed="10.33" length="5.00" nVehEntered="13"/>
    <interval begin="20300.00" end="20400.00" id="inductionLoop.W1" nVehContrib="11" flow="396.00" occupancy="9.58" speed="10.09" harmonicMeanSpeed="6.79" length="5.00" nVehEntered="13"/>
    <interval begin="20400.00" end="20500.00" id="inductionLoop.W1" nVehContrib="9" flow="324.00" occupancy="50.35" speed="6.45" harmonicMeanSpeed="1.31" length="5.00" nVehEntered="11"/>
    <interval begin="20500.00" end="20600.00" id="inductionLoop.W1" nVehContrib="15" flow="540.00" occupancy="52.33" speed="7.75" harmonicMeanSpeed="1.11" length="5.00" nVehEntered="14"/>
    <interval begin="20600.00" end="20700.00" id="inductionLoop.W1" nVehContrib="10" flow="360.00" occupancy="29.92" speed="8.38" harmonicMeanSpeed="1.86" length="5.00" nVehEntered="15"/>
    <interval begin="20700.00" end="20800.00" id="inductionLoop.W1" nVehContrib="14" flow="504.00" occupancy="21.10" speed="9.83" harmonicMeanSpeed="3.79" length="5.00" nVehEntered="16"/>
    <interval begin="20800.00" end="20900.00" id="inductionLoop.W1" nVehContrib="11" flow="396.00" occupancy="33.13" speed="8.34" harmonicMeanSpeed="1.69" length="5.00" nVehEntered="13"/>
    <interval begin="20900.00" end="21000.00" id="inductionLoop.W1" nVehContrib="12" flow="432.00" occupancy="29.12" speed="10.34" harmonicMeanSpeed="2.06" length="5.00" nVehEntered="12"/>
    <interval begin="21000.00" end="21100.00" id="inductionLoop.W1" nVehContrib="11" flow="396.00" occupancy="25.77" speed="10.40" harmonicMeanSpeed="5.86" length="5.00" nVehEntered="14"/>
    <interval begin="21100.00" end="21200.00" id="inductionLoop.W1" nVehContrib="9" flow="324.00" occupancy="69.22" speed="4.71" harmonicMeanSpeed="0.54" length="5.00" nVehEntered="8"/>
    <interval begin="21200.00" end="21300.00" id="inductionLoop.W1" nVehContrib="11" flow="396.00" occupancy="40.21" speed="8.83" harmonicMeanSpeed="2.12" length="5.00" nVehEntered="12"/>
    <interval begin="21300.00" end="21400.00" id="inductionLoop.W1" nVehContrib="10" flow="360.00" occupancy="40.53" speed="8.10" harmonicMeanSpeed="0.99" length="5.00" nVehEntered="11"/>
    <interval begin="21400.00" end="21500.00" id="inductionLoop.W1" nVehContrib="10" flow="360.00" occupancy="51.91" speed="6.81" harmonicMeanSpeed="0.90" length="5.00" nVehEntered="9"/>
    <interval begin="21500.00" end="21600.00" id="inductionLoop.W1" nVehContrib="11" flow="396.00" occupancy="33.41" speed="7.11" harmonicMeanSpeed="1.92" length="5.00" nVehEntered="13"/>
    <interval begin="21600.00" end="21700.00" id="inductionLoop.W1" nVehContrib="11" flow="396.00" occupancy="24.93" speed="10.21" harmonicMeanSpeed="2.22" length="5.00" nVehEntered="12"/>
    <interval begin="21700.00" end="21800.00" id="inductionLoop.W1" nVehContrib="10" flow="360.00" occupancy="46.95" speed="7.88" harmonicMeanSpeed="1.06" length="5.00" nVehEntered="10"/>
    <interval begin="21800.00" end="21900.00" id="inductionLoop.W1" nVehContrib="13" flow="468.00" occupancy="41.19" speed="9.26" harmonicMeanSpeed="1.59" length="5.00" nVehEntered="15"/>
    <interval begin="21900.00" end="22000.00" id="inductionLoop.W1" nVehContrib="10" flow="360.00" occupancy="36.40" speed="8.66" harmonicMeanSpeed="1.38" length="5.00" nVehEntered="11"/>
    <interval begin="22000.00" end="22100.00" id="inductionLoop.W1" nVehContrib="8" flow="288.00" occupancy="35.48" speed="5.43" harmonicMeanSpeed="1.17" length="5.00" nVehEntered="11"/>
    <interval begin="22100.00" end="22200.00" id="inductionLoop.W1" nVehContrib="9" flow="324.00" occupancy="40.95" speed="9.30" harmonicMeanSpeed="1.20" length="5.00" nVehEntered="11"/>
    <interval begin="22200.00" end="22300.00" id="inductionLoop.W1" nVehContrib="6" flow="216.00" occupancy="46.61" speed="10.11" harmonicMeanSpeed="0.66" length="5.00" nVehEntered="8"/>
    <interval begin="22300.00" end="22400.00" id="inductionLoop.W1" nVehContrib="13" flow="468.00" occupancy="46.45" speed="8.62" harmonicMeanSpeed="1.39" length="5.00" nVehEntered="13"/>
    <interval begin="22400.00" end="22500.00" id="inductionLoop.W1" nVehContrib="10" flow="360.00" occupancy="47.04" speed="9.55" harmonicMeanSpeed="1.06" length="5.00" nVehEntered="10"/>
    <interval begin="22500.00" end="22600.00" id="inductionLoop.W1" nVehContrib="11" flow="396.00" occupancy="47.69" speed="7.82" harmonicMeanSpeed="1.17" length="5.00" nVehEntered="12"/>
    <interval begin="22600.00" end="22700.00" id="inductionLoop.W1" nVehContrib="12" flow="432.00" occupancy="39.86" speed="8.68" harmonicMeanSpeed="1.51" length="5.00" nVehEntered="12"/>
    <interval begin="22700.00" end="22800.00" id="inductionLoop.W1" nVehContrib="12" flow="432.00" occupancy="50.39" speed="8.26" harmonicMeanSpeed="1.23" length="5.00" nVehEntered="13"/>
    <interval begin="22800.00" end="22900.00" id="inductionLoop.W1" nVehContrib="11" flow="396.00" occupancy="56.18" speed="6.38" harmonicMeanSpeed="0.98" length="5.00" nVehEntered="11"/>
    <interval begin="22900.00" end="23000.00" id="inductionLoop.W1" nVehContrib="14" flow="504.00" occupancy="42.48" speed="9.56" harmonicMeanSpeed="1.69" length="5.00" nVehEntered="15"/>
    <interval begin="23000.00" end="23100.00" id="inductionLoop.W1" nVehContrib="14" flow="504.00" occupancy="56.08" speed="8.96" harmonicMeanSpeed="1.25" length="5.00" nVehEntered="15"/>
    <interval begin="23100.00" end="23200.00" id="inductionLoop.W1" nVehContrib="10" flow="360.00" occupancy="78.32" speed="6.97" harmonicMeanSpeed="0.64" length="5.00" nVehEntered="11"/>
    <interval begin="23200.00" end="23300.00" id="inductionLoop.W1" nVehContrib="8" flow="288.00" occupancy="70.01" speed="8.20" harmonicMeanSpeed="0.85" length="5.00" nVehEntered="8"/>
    <interval begin="23300.00" end="23400.00" id="inductionLoop.W1" nVehContrib="11" flow="396.00" occupancy="40.27" speed="9.11" harmonicMeanSpeed="1.49" length="5.00" nVehEntered="12"/>
    <interval begin="23400.00" end="23500.00" id="inductionLoop.W1" nVehContrib="18" flow="648.00" occupancy="50.67" speed="8.25" harmonicMeanSpeed="1.21" length="5.00" nVehEntered="19"/>
    <interval begin="23500.00" end="23600.00" id="inductionLoop.W1" nVehContrib="13" flow="468.00" occupancy="58.49" speed="8.73" harmonicMeanSpeed="1.12" length="5.00" nVehEntered="14"/>
    <interval begin="23600.00" end="23700.00" id="inductionLoop.W1" nVehContrib="12" flow="432.00" occupancy="52.35" speed="8.91" harmonicMeanSpeed="1.15" length="5.00" nVehEntered="13"/>
    <interval begin="23700.00" end="23800.00" id="inductionLoop.W1" nVehContrib="9" flow="324.00" occupancy="53.83" speed="8.12" harmonicMeanSpeed="1.01" length="5.00" nVehEntered="11"/>
    <interval begin="23800.00" end="23900.00" id="inductionLoop.W1" nVehContrib="13" flow="468.00" occupancy="60.24" speed="6.91" harmonicMeanSpeed="1.06" length="5.00" nVehEntered="13"/>
    <interval begin="23900.00" end="24000.00" id="inductionLoop.W1" nVehContrib="11" flow="396.00" occupancy="57.32" speed="8.03" harmonicMeanSpeed="1.21" length="5.00" nVehEntered="12"/>
    <interval begin="24000.00" end="24100.00" id="inductionLoop.W1" nVehContrib="11" flow="396.00" occupancy="59.22" speed="7.78" harmonicMeanSpeed="1.05" length="5.00" nVehEntered="11"/>
    <interval begin="24100.00" end="24200.00" id="inductionLoop.W1" nVehContrib="13" flow="468.00" occupancy="41.79" speed="6.73" harmonicMeanSpeed="1.08" length="5.00" nVehEntered="13"/>
    <interval begin="24200.00" end="24300.00" id="inductionLoop.W1" nVehContrib="7" flow="252.00" occupancy="46.57" speed="8.13" harmonicMeanSpeed="1.34" length="5.00" nVehEntered="12"/>
    <interval begin="24300.00" end="24400.00" id="inductionLoop.W1" nVehContrib="15" flow="540.00" occupancy="51.58" speed="6.86" harmonicMeanSpeed="1.11" length="5.00" nVehEntered="15"/>
    <interval begin="24400.00" end="24500.00" id="inductionLoop.W1" nVehContrib="13" flow="468.00" occupancy="58.73" speed="8.57" harmonicMeanSpeed="1.15" length="5.00" nVehEntered="15"/>
    <interval begin="24500.00" end="24600.00" id="inductionLoop.W1" nVehContrib="11" flow="396.00" occupancy="74.29" speed="7.81" harmonicMeanSpeed="1.12" length="5.00" nVehEntered="12"/>
    <interval begin="24600.00" end="24700.00" id="inductionLoop.W1" nVehContrib="10" flow="360.00" occupancy="77.55" speed="6.81" harmonicMeanSpeed="0.76" length="5.00" nVehEntered="11"/>
    <interval begin="24700.00" end="24800.00" id="inductionLoop.W1" nVehContrib="12" flow="432.00" occupancy="80.75" speed="7.81" harmonicMeanSpeed="0.79" length="5.00" nVehEntered="12"/>
    <interval begin="24800.00" end="24900.00" id="inductionLoop.W1" nVehContrib="10" flow="360.00" occupancy="83.05" speed="5.04" harmonicMeanSpeed="0.40" length="5.00" nVehEntered="9"/>
    <interval begin="24900.00" end="25000.00" id="inductionLoop.W1" nVehContrib="9" flow="324.00" occupancy="85.33" speed="8.27" harmonicMeanSpeed="7.72" length="5.00" nVehEntered="10"/>
    <interval begin="25000.00" end="25100.00" id="inductionLoop.W1" nVehContrib="7" flow="252.00" occupancy="86.84" speed="2.69" harmonicMeanSpeed="0.21" length="5.00" nVehEntered="6"/>
    <interval begin="25100.00" end="25200.00" id="inductionLoop.W1" nVehContrib="13" flow="468.00" occupancy="79.40" speed="10.01" harmonicMeanSpeed="9.65" length="5.00" nVehEntered="14"/>
    <interval begin="25200.00" end="25300.00" id="inductionLoop.W1" nVehContrib="13" flow="468.00" occupancy="78.59" speed="8.19" harmonicMeanSpeed="0.63" length="5.00" nVehEntered="13"/>
    <interval begin="25300.00" end="25400.00" id="inductionLoop.W1" nVehContrib="16" flow="576.00" occupancy="74.17" speed="8.35" harmonicMeanSpeed="0.72" length="5.00" nVehEntered="16"/>
    <interval begin="25400.00" end="25500.00" id="inductionLoop.W1" nVehContrib="4" flow="144.00" occupancy="92.11" speed="3.98" harmonicMeanSpeed="0.70" length="5.00" nVehEntered="4"/>
    <interval begin="25500.00" end="25600.00" id="inductionLoop.W1" nVehContrib="9" flow="324.00" occupancy="84.86" speed="6.23" harmonicMeanSpeed="0.40" length="5.00" nVehEntered="9"/>
    <interval begin="25600.00" end="25700.00" id="inductionLoop.W1" nVehContrib="21" flow="756.00" occupancy="65.51" speed="9.66" harmonicMeanSpeed="1.57" length="5.00" nVehEntered="21"/>
    <interval begin="25700.00" end="25800.00" id="inductionLoop.W1" nVehContrib="6" flow="216.00" occupancy="88.40" speed="5.33" harmonicMeanSpeed="0.38" length="5.00" nVehEntered="6"/>
    <interval begin="25800.00" end="25900.00" id="inductionLoop.W1" nVehContrib="27" flow="972.00" occupancy="59.05" speed="9.59" harmonicMeanSpeed="1.65" length="5.00" nVehEntered="27"/>
    <interval begin="25900.00" end="26000.00" id="inductionLoop.W1" nVehContrib="19" flow="684.00" occupancy="70.02" speed="9.25" harmonicMeanSpeed="0.96" length="5.00" nVehEntered="19"/>
    <interval begin="26000.00" end="26100.00" id="inductionLoop.W1" nVehContrib="3" flow="108.00" occupancy="94.73" speed="2.75" harmonicMeanSpeed="0.15" length="5.00" nVehEntered="2"/>
    <interval begin="26100.00" end="26200.00" id="inductionLoop.W1" nVehContrib="13" flow="468.00" occupancy="80.99" speed="9.92" harmonicMeanSpeed="9.52" length="5.00" nVehEntered="14"/>
    <interval begin="26200.00" end="26300.00" id="inductionLoop.W1" nVehContrib="13" flow="468.00" occupancy="76.53" speed="6.02" harmonicMeanSpeed="0.51" length="5.00" nVehEntered="13"/>
    <interval begin="26300.00" end="26400.00" id="inductionLoop.W1" nVehContrib="21" flow="756.00" occupancy="67.47" speed="9.53" harmonicMeanSpeed="1.82" length="5.00" nVehEntered="21"/>
    <interval begin="26400.00" end="26500.00" id="inductionLoop.W1" nVehContrib="17" flow="612.00" occupancy="72.68" speed="8.45" harmonicMeanSpeed="1.10" length="5.00" nVehEntered="17"/>
    <interval begin="26500.00" end="26600.00" id="inductionLoop.W1" nVehContrib="16" flow="576.00" occupancy="74.70" speed="8.44" harmonicMeanSpeed="1.08" length="5.00" nVehEntered="16"/>
    <interval begin="26600.00" end="26700.00" id="inductionLoop.W1" nVehContrib="8" flow="288.00" occupancy="86.30" speed="6.23" harmonicMeanSpeed="0.57" length="5.00" nVehEntered="8"/>
    <interval begin="26700.00" end="26800.00" id="inductionLoop.W1" nVehContrib="20" flow="720.00" occupancy="70.02" speed="8.40" harmonicMeanSpeed="1.70" length="5.00" nVehEntered="20"/>
    <interval begin="26800.00" end="26900.00" id="inductionLoop.W1" nVehContrib="16" flow="576.00" occupancy="75.13" speed="8.80" harmonicMeanSpeed="1.17" length="5.00" nVehEntered="16"/>
    <interval begin="26900.00" end="27000.00" id="inductionLoop.W1" nVehContrib="16" flow="576.00" occupancy="71.38" speed="6.95" harmonicMeanSpeed="0.77" length="5.00" nVehEntered="16"/>
    <interval begin="27000.00" end="27100.00" id="inductionLoop.W1" nVehContrib="17" flow="612.00" occupancy="72.37" speed="7.98" harmonicMeanSpeed="0.98" length="5.00" nVehEntered="17"/>
    <interval begin="27100.00" end="27200.00" id="inductionLoop.W1" nVehContrib="19" flow="684.00" occupancy="69.84" speed="9.05" harmonicMeanSpeed="1.46" length="5.00" nVehEntered="19"/>
    <interval begin="27200.00" end="27300.00" id="inductionLoop.W1" nVehContrib="14" flow="504.00" occupancy="76.90" speed="8.62" harmonicMeanSpeed="1.21" length="5.00" nVehEntered="14"/>
    <interval begin="27300.00" end="27400.00" id="inductionLoop.W1" nVehContrib="12" flow="432.00" occupancy="79.67" speed="6.77" harmonicMeanSpeed="0.87" length="5.00" nVehEntered="12"/>
    <interval begin="27400.00" end="27500.00" id="inductionLoop.W1" nVehContrib="17" flow="612.00" occupancy="70.84" speed="7.06" harmonicMeanSpeed="0.70" length="5.00" nVehEntered="16"/>
    <interval begin="27500.00" end="27600.00" id="inductionLoop.W1" nVehContrib="15" flow="540.00" occupancy="75.96" speed="8.29" harmonicMeanSpeed="0.99" length="5.00" nVehEntered="15"/>
    <interval begin="27600.00" end="27700.00" id="inductionLoop.W1" nVehContrib="13" flow="468.00" occupancy="78.84" speed="7.96" harmonicMeanSpeed="0.82" length="5.00" nVehEntered="13"/>
    <interval begin="27700.00" end="27800.00" id="inductionLoop.W1" nVehContrib="4" flow="144.00" occupancy="91.67" speed="3.96" harmonicMeanSpeed="0.31" length="5.00" nVehEntered="5"/>
    <interval begin="27800.00" end="27900.00" id="inductionLoop.W1" nVehContrib="21" flow="756.00" occupancy="67.30" speed="9.00" harmonicMeanSpeed="1.85" length="5.00" nVehEntered="21"/>
    <interval begin="27900.00" end="28000.00" id="inductionLoop.W1" nVehContrib="18" flow="648.00" occupancy="71.10" speed="9.63" harmonicMeanSpeed="0.99" length="5.00" nVehEntered="18"/>
    <interval begin="28000.00" end="28100.00" id="inductionLoop.W1" nVehContrib="10" flow="360.00" occupancy="83.83" speed="7.68" harmonicMeanSpeed="0.49" length="5.00" nVehEntered="9"/>
    <interval begin="28100.00" end="28200.00" id="inductionLoop.W1" nVehContrib="11" flow="396.00" occupancy="83.65" speed="9.98" harmonicMeanSpeed="9.90" length="5.00" nVehEntered="12"/>
    <interval begin="28200.00" end="28300.00" id="inductionLoop.W1" nVehContrib="17" flow="612.00" occupancy="72.32" speed="9.23" harmonicMeanSpeed="0.82" length="5.00" nVehEntered="17"/>
    <interval begin="28300.00" end="28400.00" id="inductionLoop.W1" nVehContrib="16" flow="576.00" occupancy="74.38" speed="8.63" harmonicMeanSpeed="0.77" length="5.00" nVehEntered="16"/>
    <interval begin="28400.00" end="28500.00" id="inductionLoop.W1" nVehContrib="7" flow="252.00" occupancy="88.30" speed="5.81" harmonicMeanSpeed="0.35" length="5.00" nVehEntered="7"/>
    <interval begin="28500.00" end="28600.00" id="inductionLoop.W1" nVehContrib="15" flow="540.00" occupancy="76.41" speed="8.61" harmonicMeanSpeed="1.36" length="5.00" nVehEntered="15"/>
    <interval begin="28600.00" end="28700.00" id="inductionLoop.W1" nVehContrib="15" flow="540.00" occupancy="76.18" speed="8.88" harmonicMeanSpeed="0.84" length="5.00" nVehEntered="15"/>
    <interval begin="28700.00" end="28800.00" id="inductionLoop.W1" nVehContrib="13" flow="468.00" occupancy="78.78" speed="8.77" harmonicMeanSpeed="0.70" length="5.00" nVehEntered="13"/>
    <interval begin="28800.00" end="28900.00" id="inductionLoop.W1" nVehContrib="10" flow="360.00" occupancy="83.87" speed="7.95" harmonicMeanSpeed="0.59" length="5.00" nVehEntered="9"/>
    <interval begin="28900.00" end="29000.00" id="inductionLoop.W1" nVehContrib="18" flow="648.00" occupancy="71.79" speed="8.72" harmonicMeanSpeed="1.25" length="5.00" nVehEntered="18"/>
    <interval begin="29000.00" end="29100.00" id="inductionLoop.W1" nVehContrib="11" flow="396.00" occupancy="82.11" speed="8.61" harmonicMeanSpeed="0.67" length="5.00" nVehEntered="11"/>
    <interval begin="29100.00" end="29200.00" id="inductionLoop.W1" nVehContrib="17" flow="612.00" occupancy="73.26" speed="7.98" harmonicMeanSpeed="1.16" length="5.00" nVehEntered="17"/>
    <interval begin="29200.00" end="29300.00" id="inductionLoop.W1" nVehContrib="19" flow="684.00" occupancy="70.41" speed="9.20" harmonicMeanSpeed="1.35" length="5.00" nVehEntered="19"/>
    <interval begin="29300.00" end="29400.00" id="inductionLoop.W1" nVehContrib="16" flow="576.00" occupancy="73.35" speed="8.93" harmonicMeanSpeed="1.09" length="5.00" nVehEntered="16"/>
    <interval begin="29400.00" end="29500.00" id="inductionLoop.W1" nVehContrib="17" flow="612.00" occupancy="71.82" speed="8.98" harmonicMeanSpeed="1.32" length="5.00" nVehEntered="18"/>
    <interval begin="29500.00" end="29600.00" id="inductionLoop.W1" nVehContrib="11" flow="396.00" occupancy="79.72" speed="5.56" harmonicMeanSpeed="0.73" length="5.00" nVehEntered="11"/>
    <interval begin="29600.00" end="29700.00" id="inductionLoop.W1" nVehContrib="8" flow="288.00" occupancy="85.92" speed="4.47" harmonicMeanSpeed="0.41" length="5.00" nVehEntered="7"/>
    <interval begin="29700.00" end="29800.00" id="inductionLoop.W1" nVehContrib="26" flow="936.00" occupancy="56.67" speed="9.43" harmonicMeanSpeed="2.29" length="5.00" nVehEntered="26"/>
    <interval begin="29800.00" end="29900.00" id="inductionLoop.W1" nVehContrib="16" flow="576.00" occupancy="62.56" speed="6.11" harmonicMeanSpeed="1.28" length="5.00" nVehEntered="17"/>
    <interval begin="29900.00" end="30000.00" id="inductionLoop.W1" nVehContrib="18" flow="648.00" occupancy="63.35" speed="8.87" harmonicMeanSpeed="1.80" length="5.00" nVehEntered="19"/>
    <interval begin="30000.00" end="30100.00" id="inductionLoop.W1" nVehContrib="22" flow="792.00" occupancy="48.31" speed="7.61" harmonicMeanSpeed="1.78" length="5.00" nVehEntered="21"/>
    <interval begin="30100.00" end="30200.00" id="inductionLoop.W1" nVehContrib="11" flow="396.00" occupancy="61.19" speed="7.55" harmonicMeanSpeed="1.31" length="5.00" nVehEntered="12"/>
    <interval begin="30200.00" end="30300.00" id="inductionLoop.W1" nVehContrib="22" flow="792.00" occupancy="48.54" speed="7.75" harmonicMeanSpeed="1.67" length="5.00" nVehEntered="22"/>
    <interval begin="30300.00" end="30400.00" id="inductionLoop.W1" nVehContrib="18" flow="648.00" occupancy="64.55" speed="7.09" harmonicMeanSpeed="1.35" length="5.00" nVehEntered="17"/>
    <interval begin="30400.00" end="30500.00" id="inductionLoop.W1" nVehContrib="10" flow="360.00" occupancy="80.63" speed="5.69" harmonicMeanSpeed="0.62" length="5.00" nVehEntered="10"/>
    <interval begin="30500.00" end="30600.00" id="inductionLoop.W1" nVehContrib="24" flow="864.00" occupancy="43.00" speed="9.12" harmonicMeanSpeed="2.82" length="5.00" nVehEntered="25"/>
    <interval begin="30600.00" end="30700.00" id="inductionLoop.W1" nVehContrib="15" flow="540.00" occupancy="59.88" speed="6.77" harmonicMeanSpeed="1.26" length="5.00" nVehEntered="16"/>
    <interval begin="30700.00" end="30800.00" id="inductionLoop.W1" nVehContrib="24" flow="864.00" occupancy="32.23" speed="10.44" harmonicMeanSpeed="3.72" length="5.00" nVehEntered="24"/>
    <interval begin="30800.00" end="30900.00" id="inductionLoop.W1" nVehContrib="23" flow="828.00" occupancy="39.25" speed="8.24" harmonicMeanSpeed="2.93" length="5.00" nVehEntered="23"/>
    <interval begin="30900.00" end="31000.00" id="inductionLoop.W1" nVehContrib="27" flow="972.00" occupancy="49.87" speed="8.29" harmonicMeanSpeed="2.73" length="5.00" nVehEntered="28"/>
    <interval begin="31000.00" end="31100.00" id="inductionLoop.W1" nVehContrib="21" flow="756.00" occupancy="49.58" speed="9.05" harmonicMeanSpeed="2.63" length="5.00" nVehEntered="21"/>
    <interval begin="31100.00" end="31200.00" id="inductionLoop.W1" nVehContrib="18" flow="648.00" occupancy="55.71" speed="6.20" harmonicMeanSpeed="1.37" length="5.00" nVehEntered="18"/>
    <interval begin="31200.00" end="31300.00" id="inductionLoop.W1" nVehContrib="20" flow="720.00" occupancy="42.82" speed="7.85" harmonicMeanSpeed="2.34" length="5.00" nVehEntered="21"/>
    <interval begin="31300.00" end="31400.00" id="inductionLoop.W1" nVehContrib="17" flow="612.00" occupancy="70.98" speed="6.81" harmonicMeanSpeed="1.20" length="5.00" nVehEntered="16"/>
    <interval begin="31400.00" end="31500.00" id="inductionLoop.W1" nVehContrib="14" flow="504.00" occupancy="60.96" speed="6.89" harmonicMeanSpeed="1.15" length="5.00" nVehEntered="14"/>
    <interval begin="31500.00" end="31600.00" id="inductionLoop.W1" nVehContrib="23" flow="828.00" occupancy="35.25" speed="9.01" harmonicMeanSpeed="3.90" length="5.00" nVehEntered="24"/>
    <interval begin="31600.00" end="31700.00" id="inductionLoop.W1" nVehContrib="19" flow="684.00" occupancy="37.82" speed="7.84" harmonicMeanSpeed="2.29" length="5.00" nVehEntered="20"/>
    <interval begin="31700.00" end="31800.00" id="inductionLoop.W1" nVehContrib="13" flow="468.00" occupancy="77.46" speed="5.94" harmonicMeanSpeed="0.82" length="5.00" nVehEntered="12"/>
    <interval begin="31800.00" end="31900.00" id="inductionLoop.W1" nVehContrib="18" flow="648.00" occupancy="43.52" speed="8.63" harmonicMeanSpeed="3.06" length="5.00" nVehEntered="21"/>
    <interval begin="31900.00" end="32000.00" id="inductionLoop.W1" nVehContrib="17" flow="612.00" occupancy="70.75" speed="6.42" harmonicMeanSpeed="1.01" length="5.00" nVehEntered="16"/>
    <interval begin="32000.00" end="32100.00" id="inductionLoop.W1" nVehContrib="18" flow="648.00" occupancy="52.88" speed="7.56" harmonicMeanSpeed="1.70" length="5.00" nVehEntered="18"/>
    <interval begin="32100.00" end="32200.00" id="inductionLoop.W1" nVehContrib="16" flow="576.00" occupancy="53.35" speed="6.85" harmonicMeanSpeed="1.61" length="5.00" nVehEntered="18"/>
    <interval begin="32200.00" end="32300.00" id="inductionLoop.W1" nVehContrib="19" flow="684.00" occupancy="56.80" speed="6.66" harmonicMeanSpeed="1.67" length="5.00" nVehEntered="19"/>
    <interval begin="32300.00" end="32400.00" id="inductionLoop.W1" nVehContrib="19" flow="684.00" occupancy="47.09" speed="8.53" harmonicMeanSpeed="2.07" length="5.00" nVehEntered="21"/>
    <interval begin="32400.00" end="32500.00" id="inductionLoop.W1" nVehContrib="21" flow="756.00" occupancy="33.72" speed="9.61" harmonicMeanSpeed="4.00" length="5.00" nVehEntered="22"/>
    <interval begin="32500.00" end="32600.00" id="inductionLoop.W1" nVehContrib="11" flow="396.00" occupancy="81.16" speed="6.90" harmonicMeanSpeed="0.81" length="5.00" nVehEntered="11"/>
    <interval begin="32600.00" end="32700.00" id="inductionLoop.W1" nVehContrib="13" flow="468.00" occupancy="78.69" speed="6.93" harmonicMeanSpeed="0.66" length="5.00" nVehEntered="12"/>
    <interval begin="32700.00" end="32800.00" id="inductionLoop.W1" nVehContrib="21" flow="756.00" occupancy="64.99" speed="8.61" harmonicMeanSpeed="2.79" length="5.00" nVehEntered="22"/>
    <interval begin="32800.00" end="32900.00" id="inductionLoop.W1" nVehContrib="19" flow="684.00" occupancy="68.37" speed="7.40" harmonicMeanSpeed="1.03" length="5.00" nVehEntered="19"/>
    <interval begin="32900.00" end="33000.00" id="inductionLoop.W1" nVehContrib="15" flow="540.00" occupancy="72.41" speed="6.69" harmonicMeanSpeed="0.98" length="5.00" nVehEntered="14"/>
    <interval begin="33000.00" end="33100.00" id="inductionLoop.W1" nVehContrib="13" flow="468.00" occupancy="74.64" speed="5.78" harmonicMeanSpeed="0.89" length="5.00" nVehEntered="14"/>
    <interval begin="33100.00" end="33200.00" id="inductionLoop.W1" nVehContrib="12" flow="432.00" occupancy="79.75" speed="7.89" harmonicMeanSpeed="1.25" length="5.00" nVehEntered="12"/>
    <interval begin="33200.00" end="33300.00" id="inductionLoop.W1" nVehContrib="19" flow="684.00" occupancy="59.48" speed="7.97" harmonicMeanSpeed="1.03" length="5.00" nVehEntered="19"/>
    <interval begin="33300.00" end="33400.00" id="inductionLoop.W1" nVehContrib="16" flow="576.00" occupancy="60.90" speed="8.37" harmonicMeanSpeed="1.54" length="5.00" nVehEntered="16"/>
    <interval begin="33400.00" end="33500.00" id="inductionLoop.W1" nVehContrib="15" flow="540.00" occupancy="75.65" speed="9.03" harmonicMeanSpeed="1.32" length="5.00" nVehEntered="15"/>
    <interval begin="33500.00" end="33600.00" id="inductionLoop.W1" nVehContrib="13" flow="468.00" occupancy="70.22" speed="6.56" harmonicMeanSpeed="0.66" length="5.00" nVehEntered="12"/>
    <interval begin="33600.00" end="33700.00" id="inductionLoop.W1" nVehContrib="22" flow="792.00" occupancy="62.99" speed="8.79" harmonicMeanSpeed="1.95" length="5.00" nVehEntered="23"/>
    <interval begin="33700.00" end="33800.00" id="inductionLoop.W1" nVehContrib="13" flow="468.00" occupancy="68.08" speed="6.26" harmonicMeanSpeed="1.22" length="5.00" nVehEntered="13"/>
    <interval begin="33800.00" end="33900.00" id="inductionLoop.W1" nVehContrib="21" flow="756.00" occupancy="23.86" speed="9.18" harmonicMeanSpeed="2.37" length="5.00" nVehEntered="21"/>
    <interval begin="33900.00" end="34000.00" id="inductionLoop.W1" nVehContrib="14" flow="504.00" occupancy="31.91" speed="8.55" harmonicMeanSpeed="2.95" length="5.00" nVehEntered="17"/>
    <interval begin="34000.00" end="34100.00" id="inductionLoop.W1" nVehContrib="18" flow="648.00" occupancy="62.46" speed="6.19" harmonicMeanSpeed="1.31" length="5.00" nVehEntered="17"/>
    <interval begin="34100.00" end="34200.00" id="inductionLoop.W1" nVehContrib="19" flow="684.00" occupancy="38.14" speed="7.30" harmonicMeanSpeed="2.49" length="5.00" nVehEntered="19"/>
    <interval begin="34200.00" end="34300.00" id="inductionLoop.W1" nVehContrib="18" flow="648.00" occupancy="35.38" speed="9.02" harmonicMeanSpeed="2.62" length="5.00" nVehEntered="20"/>
    <interval begin="34300.00" end="34400.00" id="inductionLoop.W1" nVehContrib="17" flow="612.00" occupancy="58.33" speed="7.13" harmonicMeanSpeed="1.50" length="5.00" nVehEntered="17"/>
    <interval begin="34400.00" end="34500.00" id="inductionLoop.W1" nVehContrib="13" flow="468.00" occupancy="76.97" speed="5.80" harmonicMeanSpeed="0.84" length="5.00" nVehEntered="13"/>
    <interval begin="34500.00" end="34600.00" id="inductionLoop.W1" nVehContrib="17" flow="612.00" occupancy="62.83" speed="7.81" harmonicMeanSpeed="1.96" length="5.00" nVehEntered="18"/>
    <interval begin="34600.00" end="34700.00" id="inductionLoop.W1" nVehContrib="9" flow="324.00" occupancy="80.59" speed="5.44" harmonicMeanSpeed="0.52" length="5.00" nVehEntered="9"/>
    <interval begin="34700.00" end="34800.00" id="inductionLoop.W1" nVehContrib="13" flow="468.00" occupancy="78.70" speed="8.46" harmonicMeanSpeed="1.71" length="5.00" nVehEntered="13"/>
    <interval begin="34800.00" end="34900.00" id="inductionLoop.W1" nVehContrib="18" flow="648.00" occupancy="71.28" speed="6.95" harmonicMeanSpeed="0.72" length="5.00" nVehEntered="17"/>
    <interval begin="34900.00" end="35000.00" id="inductionLoop.W1" nVehContrib="17" flow="612.00" occupancy="61.95" speed="8.51" harmonicMeanSpeed="1.45" length="5.00" nVehEntered="18"/>
    <interval begin="35000.00" end="35100.00" id="inductionLoop.W1" nVehContrib="8" flow="288.00" occupancy="85.56" speed="6.52" harmonicMeanSpeed="0.69" length="5.00" nVehEntered="8"/>
    <interval begin="35100.00" end="35200.00" id="inductionLoop.W1" nVehContrib="11" flow="396.00" occupancy="82.53" speed="7.46" harmonicMeanSpeed="0.80" length="5.00" nVehEntered="11"/>
    <interval begin="35200.00" end="35300.00" id="inductionLoop.W1" nVehContrib="14" flow="504.00" occupancy="75.98" speed="7.64" harmonicMeanSpeed="0.59" length="5.00" nVehEntered="14"/>
    <interval begin="35300.00" end="35400.00" id="inductionLoop.W1" nVehContrib="18" flow="648.00" occupancy="69.97" speed="7.49" harmonicMeanSpeed="1.35" length="5.00" nVehEntered="18"/>
    <interval begin="35400.00" end="35500.00" id="inductionLoop.W1" nVehContrib="8" flow="288.00" occupancy="86.09" speed="6.58" harmonicMeanSpeed="0.67" length="5.00" nVehEntered="8"/>
    <interval begin="35500.00" end="35600.00" id="inductionLoop.W1" nVehContrib="22" flow="792.00" occupancy="63.99" speed="7.59" harmonicMeanSpeed="1.15" length="5.00" nVehEntered="21"/>
    <interval begin="35600.00" end="35700.00" id="inductionLoop.W1" nVehContrib="14" flow="504.00" occupancy="53.09" speed="8.69" harmonicMeanSpeed="1.78" length="5.00" nVehEntered="16"/>
    <interval begin="35700.00" end="35800.00" id="inductionLoop.W1" nVehContrib="15" flow="540.00" occupancy="52.50" speed="6.55" harmonicMeanSpeed="1.36" length="5.00" nVehEntered="16"/>
    <interval begin="35800.00" end="35900.00" id="inductionLoop.W1" nVehContrib="12" flow="432.00" occupancy="75.86" speed="5.91" harmonicMeanSpeed="0.69" length="5.00" nVehEntered="11"/>
    <interval begin="35900.00" end="36000.00" id="inductionLoop.W1" nVehContrib="17" flow="612.00" occupancy="58.15" speed="8.01" harmonicMeanSpeed="1.46" length="5.00" nVehEntered="17"/>
    <interval begin="36000.00" end="36100.00" id="inductionLoop.W1" nVehContrib="8" flow="288.00" occupancy="82.21" speed="6.41" harmonicMeanSpeed="0.96" length="5.00" nVehEntered="9"/>
    <interval begin="36100.00" end="36200.00" id="inductionLoop.W1" nVehContrib="18" flow="648.00" occupancy="66.07" speed="7.06" harmonicMeanSpeed="0.89" length="5.00" nVehEntered="18"/>
    <interval begin="36200.00" end="36300.00" id="inductionLoop.W1" nVehContrib="10" flow="360.00" occupancy="82.41" speed="5.15" harmonicMeanSpeed="0.57" length="5.00" nVehEntered="9"/>
    <interval begin="36300.00" end="36400.00" id="inductionLoop.W1" nVehContrib="17" flow="612.00" occupancy="71.40" speed="8.61" harmonicMeanSpeed="1.19" length="5.00" nVehEntered="17"/>
    <interval begin="36400.00" end="36500.00" id="inductionLoop.W1" nVehContrib="18" flow="648.00" occupancy="70.61" speed="8.23" harmonicMeanSpeed="1.50" length="5.00" nVehEntered="19"/>
    <interval begin="36500.00" end="36600.00" id="inductionLoop.W1" nVehContrib="10" flow="360.00" occupancy="79.28" speed="5.13" harmonicMeanSpeed="0.56" length="5.00" nVehEntered="10"/>
    <interval begin="36600.00" end="36700.00" id="inductionLoop.W1" nVehContrib="11" flow="396.00" occupancy="44.68" speed="6.78" harmonicMeanSpeed="1.23" length="5.00" nVehEntered="10"/>
    <interval begin="36700.00" end="36800.00" id="inductionLoop.W1" nVehContrib="14" flow="504.00" occupancy="71.29" speed="7.23" harmonicMeanSpeed="1.11" length="5.00" nVehEntered="15"/>
    <interval begin="36800.00" end="36900.00" id="inductionLoop.W1" nVehContrib="8" flow="288.00" occupancy="62.77" speed="3.05" harmonicMeanSpeed="0.56" length="5.00" nVehEntered="8"/>
    <interval begin="36900.00" end="37000.00" id="inductionLoop.W1" nVehContrib="11" flow="396.00" occupancy="82.96" speed="8.64" harmonicMeanSpeed="0.69" length="5.00" nVehEntered="11"/>
    <interval begin="37000.00" end="37100.00" id="inductionLoop.W1" nVehContrib="14" flow="504.00" occupancy="75.92" speed="5.99" harmonicMeanSpeed="0.88" length="5.00" nVehEntered="13"/>
    <interval begin="37100.00" end="37200.00" id="inductionLoop.W1" nVehContrib="20" flow="720.00" occupancy="70.02" speed="8.88" harmonicMeanSpeed="1.43" length="5.00" nVehEntered="20"/>
    <interval begin="37200.00" end="37300.00" id="inductionLoop.W1" nVehContrib="14" flow="504.00" occupancy="77.67" speed="7.47" harmonicMeanSpeed="0.90" length="5.00" nVehEntered="14"/>
    <interval begin="37300.00" end="37400.00" id="inductionLoop.W1" nVehContrib="14" flow="504.00" occupancy="77.19" speed="8.34" harmonicMeanSpeed="0.91" length="5.00" nVehEntered="14"/>
    <interval begin="37400.00" end="37500.00" id="inductionLoop.W1" nVehContrib="11" flow="396.00" occupancy="81.21" speed="7.19" harmonicMeanSpeed="1.23" length="5.00" nVehEntered="12"/>
    <interval begin="37500.00" end="37600.00" id="inductionLoop.W1" nVehContrib="14" flow="504.00" occupancy="76.03" speed="8.78" harmonicMeanSpeed="1.15" length="5.00" nVehEntered="14"/>
    <interval begin="37600.00" end="37700.00" id="inductionLoop.W1" nVehContrib="13" flow="468.00" occupancy="79.68" speed="7.91" harmonicMeanSpeed="0.87" length="5.00" nVehEntered="13"/>
    <interval begin="37700.00" end="37800.00" id="inductionLoop.W1" nVehContrib="17" flow="612.00" occupancy="71.79" speed="6.83" harmonicMeanSpeed="0.69" length="5.00" nVehEntered="17"/>
    <interval begin="37800.00" end="37900.00" id="inductionLoop.W1" nVehContrib="11" flow="396.00" occupancy="81.63" speed="7.50" harmonicMeanSpeed="0.89" length="5.00" nVehEntered="11"/>
    <interval begin="37900.00" end="38000.00" id="inductionLoop.W1" nVehContrib="13" flow="468.00" occupancy="77.77" speed="8.15" harmonicMeanSpeed="0.91" length="5.00" nVehEntered="13"/>
    <interval begin="38000.00" end="38100.00" id="inductionLoop.W1" nVehContrib="13" flow="468.00" occupancy="78.52" speed="8.51" harmonicMeanSpeed="0.85" length="5.00" nVehEntered="13"/>
    <interval begin="38100.00" end="38200.00" id="inductionLoop.W1" nVehContrib="8" flow="288.00" occupancy="86.07" speed="6.40" harmonicMeanSpeed="0.44" length="5.00" nVehEntered="8"/>
    <interval begin="38200.00" end="38300.00" id="inductionLoop.W1" nVehContrib="16" flow="576.00" occupancy="74.00" speed="9.07" harmonicMeanSpeed="1.36" length="5.00" nVehEntered="16"/>
    <interval begin="38300.00" end="38400.00" id="inductionLoop.W1" nVehContrib="13" flow="468.00" occupancy="78.33" speed="8.26" harmonicMeanSpeed="0.68" length="5.00" nVehEntered="13"/>
    <interval begin="38400.00" end="38500.00" id="inductionLoop.W1" nVehContrib="14" flow="504.00" occupancy="76.05" speed="8.56" harmonicMeanSpeed="0.79" length="5.00" nVehEntered="14"/>
    <interval begin="38500.00" end="38600.00" id="inductionLoop.W1" nVehContrib="8" flow="288.00" occupancy="86.34" speed="6.20" harmonicMeanSpeed="0.41" length="5.00" nVehEntered="8"/>
    <interval begin="38600.00" end="38700.00" id="inductionLoop.W1" nVehContrib="17" flow="612.00" occupancy="73.37" speed="8.46" harmonicMeanSpeed="1.65" length="5.00" nVehEntered="17"/>
    <interval begin="38700.00" end="38800.00" id="inductionLoop.W1" nVehContrib="11" flow="396.00" occupancy="81.24" speed="7.79" harmonicMeanSpeed="0.63" length="5.00" nVehEntered="11"/>
    <interval begin="38800.00" end="38900.00" id="inductionLoop.W1" nVehContrib="18" flow="648.00" occupancy="72.42" speed="9.03" harmonicMeanSpeed="1.12" length="5.00" nVehEntered="18"/>
    <interval begin="38900.00" end="39000.00" id="inductionLoop.W1" nVehContrib="12" flow="432.00" occupancy="81.43" speed="7.74" harmonicMeanSpeed="0.65" length="5.00" nVehEntered="11"/>
    <interval begin="39000.00" end="39100.00" id="inductionLoop.W1" nVehContrib="7" flow="252.00" occupancy="87.42" speed="6.14" harmonicMeanSpeed="0.40" length="5.00" nVehEntered="7"/>
    <interval begin="39100.00" end="39200.00" id="inductionLoop.W1" nVehContrib="9" flow="324.00" occupancy="85.32" speed="10.55" harmonicMeanSpeed="10.30" length="5.00" nVehEntered="10"/>
    <interval begin="39200.00" end="39300.00" id="inductionLoop.W1" nVehContrib="14" flow="504.00" occupancy="77.03" speed="8.73" harmonicMeanSpeed="0.66" length="5.00" nVehEntered="14"/>
    <interval begin="39300.00" end="39400.00" id="inductionLoop.W1" nVehContrib="7" flow="252.00" occupancy="86.19" speed="3.80" harmonicMeanSpeed="0.26" length="5.00" nVehEntered="7"/>
    <interval begin="39400.00" end="39500.00" id="inductionLoop.W1" nVehContrib="12" flow="432.00" occupancy="79.53" speed="7.10" harmonicMeanSpeed="0.71" length="5.00" nVehEntered="12"/>
    <interval begin="39500.00" end="39600.00" id="inductionLoop.W1" nVehContrib="13" flow="468.00" occupancy="81.35" speed="10.67" harmonicMeanSpeed="10.57" length="5.00" nVehEntered="13"/>
    <interval begin="39600.00" end="39700.00" id="inductionLoop.W1" nVehContrib="17" flow="612.00" occupancy="72.80" speed="9.08" harmonicMeanSpeed="0.95" length="5.00" nVehEntered="17"/>
    <interval begin="39700.00" end="39800.00" id="inductionLoop.W1" nVehContrib="24" flow="864.00" occupancy="63.05" speed="9.72" harmonicMeanSpeed="0.98" length="5.00" nVehEntered="23"/>
    <interval begin="39800.00" end="39900.00" id="inductionLoop.W1" nVehContrib="6" flow="216.00" occupancy="91.16" speed="9.66" harmonicMeanSpeed="9.57" length="5.00" nVehEntered="7"/>
    <interval begin="39900.00" end="40000.00" id="inductionLoop.W1" nVehContrib="18" flow="648.00" occupancy="72.44" speed="9.01" harmonicMeanSpeed="0.81" length="5.00" nVehEntered="18"/>
    <interval begin="40000.00" end="40100.00" id="inductionLoop.W1" nVehContrib="16" flow="576.00" occupancy="73.21" speed="9.22" harmonicMeanSpeed="0.68" length="5.00" nVehEntered="16"/>
    <interval begin="40100.00" end="40200.00" id="inductionLoop.W1" nVehContrib="2" flow="72.00" occupancy="95.75" speed="1.93" harmonicMeanSpeed="0.23" length="5.00" nVehEntered="2"/>
    <interval begin="40200.00" end="40300.00" id="inductionLoop.W1" nVehContrib="18" flow="648.00" occupancy="72.36" speed="8.55" harmonicMeanSpeed="0.89" length="5.00" nVehEntered="18"/>
    <interval begin="40300.00" end="40400.00" id="inductionLoop.W1" nVehContrib="7" flow="252.00" occupancy="88.75" speed="6.44" harmonicMeanSpeed="0.30" length="5.00" nVehEntered="6"/>
    <interval begin="40400.00" end="40500.00" id="inductionLoop.W1" nVehContrib="10" flow="360.00" occupancy="83.10" speed="10.83" harmonicMeanSpeed="10.57" length="5.00" nVehEntered="11"/>
    <interval begin="40500.00" end="40600.00" id="inductionLoop.W1" nVehContrib="15" flow="540.00" occupancy="75.02" speed="9.25" harmonicMeanSpeed="0.58" length="5.00" nVehEntered="15"/>
    <interval begin="40600.00" end="40700.00" id="inductionLoop.W1" nVehContrib="16" flow="576.00" occupancy="74.17" speed="8.78" harmonicMeanSpeed="0.89" length="5.00" nVehEntered="16"/>
    <interval begin="40700.00" end="40800.00" id="inductionLoop.W1" nVehContrib="13" flow="468.00" occupancy="79.11" speed="7.84" harmonicMeanSpeed="0.81" length="5.00" nVehEntered="13"/>
    <interval begin="40800.00" end="40900.00" id="inductionLoop.W1" nVehContrib="0" flow="0.00" occupancy="100.00" speed="-1.00" harmonicMeanSpeed="-1.00" length="-1.00" nVehEntered="0"/>
    <interval begin="40900.00" end="41000.00" id="inductionLoop.W1" nVehContrib="11" flow="396.00" occupancy="81.45" speed="7.57" harmonicMeanSpeed="0.39" length="5.00" nVehEntered="11"/>
    <interval begin="41000.00" end="41100.00" id="inductionLoop.W1" nVehContrib="21" flow="756.00" occupancy="64.93" speed="7.72" harmonicMeanSpeed="0.95" length="5.00" nVehEntered="21"/>
    <interval begin="41100.00" end="41200.00" id="inductionLoop.W1" nVehContrib="1" flow="36.00" occupancy="99.55" speed="0.05" harmonicMeanSpeed="0.05" length="5.00" nVehEntered="0"/>
    <interval begin="41200.00" end="41300.00" id="inductionLoop.W1" nVehContrib="36" flow="1296.00" occupancy="42.63" speed="9.73" harmonicMeanSpeed="9.29" length="5.00" nVehEntered="37"/>
    <interval begin="41300.00" end="41400.00" id="inductionLoop.W1" nVehContrib="0" flow="0.00" occupancy="100.00" speed="-1.00" harmonicMeanSpeed="-1.00" length="-1.00" nVehEntered="0"/>
    <interval begin="41400.00" end="41500.00" id="inductionLoop.W1" nVehContrib="20" flow="720.00" occupancy="67.51" speed="7.74" harmonicMeanSpeed="0.52" length="5.00" nVehEntered="20"/>
    <interval begin="41500.00" end="41600.00" id="inductionLoop.W1" nVehContrib="19" flow="684.00" occupancy="71.88" speed="10.25" harmonicMeanSpeed="10.14" length="5.00" nVehEntered="19"/>
    <interval begin="41600.00" end="41700.00" id="inductionLoop.W1" nVehContrib="12" flow="432.00" occupancy="80.50" speed="7.83" harmonicMeanSpeed="0.42" length="5.00" nVehEntered="11"/>
    <interval begin="41700.00" end="41800.00" id="inductionLoop.W1" nVehContrib="24" flow="864.00" occupancy="59.47" speed="9.72" harmonicMeanSpeed="2.02" length="5.00" nVehEntered="25"/>
    <interval begin="41800.00" end="41900.00" id="inductionLoop.W1" nVehContrib="0" flow="0.00" occupancy="100.00" speed="-1.00" harmonicMeanSpeed="-1.00" length="-1.00" nVehEntered="0"/>
    <interval begin="41900.00" end="42000.00" id="inductionLoop.W1" nVehContrib="26" flow="936.00" occupancy="59.47" speed="9.08" harmonicMeanSpeed="0.93" length="5.00" nVehEntered="26"/>
    <interval begin="42000.00" end="42100.00" id="inductionLoop.W1" nVehContrib="0" flow="0.00" occupancy="100.00" speed="-1.00" harmonicMeanSpeed="-1.00" length="-1.00" nVehEntered="0"/>
    <interval begin="42100.00" end="42200.00" id="inductionLoop.W1" nVehContrib="19" flow="684.00" occupancy="69.03" speed="9.07" harmonicMeanSpeed="0.58" length="5.00" nVehEntered="19"/>
    <interval begin="42200.00" end="42300.00" id="inductionLoop.W1" nVehContrib="16" flow="576.00" occupancy="74.08" speed="8.68" harmonicMeanSpeed="0.80" length="5.00" nVehEntered="15"/>
    <interval begin="42300.00" end="42400.00" id="inductionLoop.W1" nVehContrib="4" flow="144.00" occupancy="93.92" speed="8.99" harmonicMeanSpeed="8.82" length="5.00" nVehEntered="5"/>
    <interval begin="42400.00" end="42500.00" id="inductionLoop.W1" nVehContrib="24" flow="864.00" occupancy="62.78" speed="8.96" harmonicMeanSpeed="0.85" length="5.00" nVehEntered="24"/>
    <interval begin="42500.00" end="42600.00" id="inductionLoop.W1" nVehContrib="0" flow="0.00" occupancy="100.00" speed="-1.00" harmonicMeanSpeed="-1.00" length="-1.00" nVehEntered="0"/>
    <interval begin="42600.00" end="42700.00" id="inductionLoop.W1" nVehContrib="9" flow="324.00" occupancy="85.25" speed="6.94" harmonicMeanSpeed="0.23" length="5.00" nVehEntered="9"/>
    <interval begin="42700.00" end="42800.00" id="inductionLoop.W1" nVehContrib="2" flow="72.00" occupancy="1.11" speed="11.05" harmonicMeanSpeed="11.05" length="5.00" nVehEntered="2"/>
    <interval begin="42800.00" end="42900.00" id="inductionLoop.W1" nVehContrib="0" flow="0.00" occupancy="0.00" speed="-1.00" harmonicMeanSpeed="-1.00" length="-1.00" nVehEntered="0"/>
    <interval begin="42900.00" end="43000.00" id="inductionLoop.W1" nVehContrib="0" flow="0.00" occupancy="0.00" speed="-1.00" harmonicMeanSpeed="-1.00" length="-1.00" nVehEntered="0"/>
    <interval begin="43000.00" end="43100.00" id="inductionLoop.W1" nVehContrib="0" flow="0.00" occupancy="0.00" speed="-1.00" harmonicMeanSpeed="-1.00" length="-1.00" nVehEntered="0"/>
    <interval begin="43100.00" end="43200.00" id="inductionLoop.W1" nVehContrib="0" flow="0.00" occupancy="0.00" speed="-1.00" harmonicMeanSpeed="-1.00" length="-1.00" nVehEntered="0"/>
    <interval begin="43200.00" end="43300.00" id="inductionLoop.W1" nVehContrib="8" flow="288.00" occupancy="3.20" speed="12.69" harmonicMeanSpeed="12.49" length="5.00" nVehEntered="8"/>
    <interval begin="43300.00" end="43400.00" id="inductionLoop.W1" nVehContrib="12" flow="432.00" occupancy="41.69" speed="13.08" harmonicMeanSpeed="12.81" length="5.00" nVehEntered="14"/>
    <interval begin="43400.00" end="43500.00" id="inductionLoop.W1" nVehContrib="10" flow="360.00" occupancy="63.07" speed="7.44" harmonicMeanSpeed="0.57" length="5.00" nVehEntered="11"/>
    <interval begin="43500.00" end="43600.00" id="inductionLoop.W1" nVehContrib="0" flow="0.00" occupancy="100.00" speed="-1.00" harmonicMeanSpeed="-1.00" length="-1.00" nVehEntered="0"/>
    <interval begin="43600.00" end="43700.00" id="inductionLoop.W1" nVehContrib="23" flow="828.00" occupancy="63.13" speed="7.74" harmonicMeanSpeed="0.69" length="5.00" nVehEntered="23"/>
    <interval begin="43700.00" end="43800.00" id="inductionLoop.W1" nVehContrib="2" flow="72.00" occupancy="96.60" speed="1.80" harmonicMeanSpeed="0.10" length="5.00" nVehEntered="1"/>
    <interval begin="43800.00" end="43900.00" id="inductionLoop.W1" nVehContrib="10" flow="360.00" occupancy="82.84" speed="6.25" harmonicMeanSpeed="0.60" length="5.00" nVehEntered="10"/>
    <interval begin="43900.00" end="44000.00" id="inductionLoop.W1" nVehContrib="31" flow="1116.00" occupancy="51.70" speed="9.92" harmonicMeanSpeed="3.28" length="5.00" nVehEntered="32"/>
    <interval begin="44000.00" end="44100.00" id="inductionLoop.W1" nVehContrib="3" flow="108.00" occupancy="94.17" speed="2.87" harmonicMeanSpeed="0.15" length="5.00" nVehEntered="2"/>
    <interval begin="44100.00" end="44200.00" id="inductionLoop.W1" nVehContrib="15" flow="540.00" occupancy="77.75" speed="9.79" harmonicMeanSpeed="9.61" length="5.00" nVehEntered="16"/>
    <interval begin="44200.00" end="44300.00" id="inductionLoop.W1" nVehContrib="21" flow="756.00" occupancy="65.14" speed="8.92" harmonicMeanSpeed="0.81" length="5.00" nVehEntered="21"/>
    <interval begin="44300.00" end="44400.00" id="inductionLoop.W1" nVehContrib="0" flow="0.00" occupancy="100.00" speed="-1.00" harmonicMeanSpeed="-1.00" length="-1.00" nVehEntered="0"/>
    <interval begin="44400.00" end="44500.00" id="inductionLoop.W1" nVehContrib="25" flow="900.00" occupancy="58.39" speed="8.06" harmonicMeanSpeed="0.79" length="5.00" nVehEntered="25"/>
    <interval begin="44500.00" end="44600.00" id="inductionLoop.W1" nVehContrib="0" flow="0.00" occupancy="100.00" speed="-1.00" harmonicMeanSpeed="-1.00" length="-1.00" nVehEntered="0"/>
    <interval begin="44600.00" end="44700.00" id="inductionLoop.W1" nVehContrib="26" flow="936.00" occupancy="60.17" speed="9.77" harmonicMeanSpeed="0.79" length="5.00" nVehEntered="25"/>
    <interval begin="44700.00" end="44800.00" id="inductionLoop.W1" nVehContrib="6" flow="216.00" occupancy="90.77" speed="10.02" harmonicMeanSpeed="9.80" length="5.00" nVehEntered="7"/>
    <interval begin="44800.00" end="44900.00" id="inductionLoop.W1" nVehContrib="13" flow="468.00" occupancy="79.48" speed="7.74" harmonicMeanSpeed="0.47" length="5.00" nVehEntered="13"/>
    <interval begin="44900.00" end="45000.00" id="inductionLoop.W1" nVehContrib="1" flow="36.00" occupancy="97.74" speed="0.04" harmonicMeanSpeed="0.04" length="5.00" nVehEntered="1"/>
    <interval begin="45000.00" end="45100.00" id="inductionLoop.W1" nVehContrib="33" flow="1188.00" occupancy="50.66" speed="10.14" harmonicMeanSpeed="3.09" length="5.00" nVehEntered="33"/>
    <interval begin="45100.00" end="45200.00" id="inductionLoop.W1" nVehContrib="0" flow="0.00" occupancy="100.00" speed="-1.00" harmonicMeanSpeed="-1.00" length="-1.00" nVehEntered="0"/>
    <interval begin="45200.00" end="45300.00" id="inductionLoop.W1" nVehContrib="24" flow="864.00" occupancy="62.86" speed="9.62" harmonicMeanSpeed="0.81" length="5.00" nVehEntered="24"/>
    <interval begin="45300.00" end="45400.00" id="inductionLoop.W1" nVehContrib="23" flow="828.00" occupancy="63.23" speed="9.44" harmonicMeanSpeed="1.35" length="5.00" nVehEntered="23"/>
    <interval begin="45400.00" end="45500.00" id="inductionLoop.W1" nVehContrib="0" flow="0.00" occupancy="100.00" speed="-1.00" harmonicMeanSpeed="-1.00" length="-1.00" nVehEntered="0"/>
    <interval begin="45500.00" end="45600.00" id="inductionLoop.W1" nVehContrib="23" flow="828.00" occupancy="65.15" speed="9.24" harmonicMeanSpeed="0.68" length="5.00" nVehEntered="22"/>
    <interval begin="45600.00" end="45700.00" id="inductionLoop.W1" nVehContrib="2" flow="72.00" occupancy="95.35" speed="9.53" harmonicMeanSpeed="9.17" length="5.00" nVehEntered="3"/>
    <interval begin="45700.00" end="45800.00" id="inductionLoop.W1" nVehContrib="24" flow="864.00" occupancy="62.21" speed="9.35" harmonicMeanSpeed="0.94" length="5.00" nVehEntered="24"/>
    <interval begin="45800.00" end="45900.00" id="inductionLoop.W1" nVehContrib="0" flow="0.00" occupancy="100.00" speed="-1.00" harmonicMeanSpeed="-1.00" length="-1.00" nVehEntered="0"/>
    <interval begin="45900.00" end="46000.00" id="inductionLoop.W1" nVehContrib="22" flow="792.00" occupancy="66.61" speed="9.44" harmonicMeanSpeed="0.56" length="5.00" nVehEntered="21"/>
    <interval begin="46000.00" end="46100.00" id="inductionLoop.W1" nVehContrib="19" flow="684.00" occupancy="68.45" speed="10.44" harmonicMeanSpeed="10.39" length="5.00" nVehEntered="20"/>
    <interval begin="46100.00" end="46200.00" id="inductionLoop.W1" nVehContrib="0" flow="0.00" occupancy="100.00" speed="-1.00" harmonicMeanSpeed="-1.00" length="-1.00" nVehEntered="0"/>
    <interval begin="46200.00" end="46300.00" id="inductionLoop.W1" nVehContrib="8" flow="288.00" occupancy="20.04" speed="3.92" harmonicMeanSpeed="0.22" length="5.00" nVehEntered="7"/>
    <interval begin="46300.00" end="46400.00" id="inductionLoop.W1" nVehContrib="37" flow="1332.00" occupancy="46.49" speed="10.61" harmonicMeanSpeed="10.48" length="5.00" nVehEntered="38"/>
    <interval begin="46400.00" end="46500.00" id="inductionLoop.W1" nVehContrib="5" flow="180.00" occupancy="91.45" speed="4.64" harmonicMeanSpeed="0.26" length="5.00" nVehEntered="5"/>
    <interval begin="46500.00" end="46600.00" id="inductionLoop.W1" nVehContrib="5" flow="180.00" occupancy="91.88" speed="5.07" harmonicMeanSpeed="0.21" length="5.00" nVehEntered="4"/>
    <interval begin="46600.00" end="46700.00" id="inductionLoop.W1" nVehContrib="15" flow="540.00" occupancy="76.66" speed="10.75" harmonicMeanSpeed="10.61" length="5.00" nVehEntered="16"/>
    <interval begin="46700.00" end="46800.00" id="inductionLoop.W1" nVehContrib="6" flow="216.00" occupancy="90.05" speed="5.73" harmonicMeanSpeed="0.19" length="5.00" nVehEntered="5"/>
    <interval begin="46800.00" end="46900.00" id="inductionLoop.W1" nVehContrib="20" flow="720.00" occupancy="68.36" speed="8.71" harmonicMeanSpeed="2.02" length="5.00" nVehEntered="21"/>
    <interval begin="46900.00" end="47000.00" id="inductionLoop.W1" nVehContrib="9" flow="324.00" occupancy="86.81" speed="7.04" harmonicMeanSpeed="0.43" length="5.00" nVehEntered="8"/>
    <interval begin="47000.00" end="47100.00" id="inductionLoop.W1" nVehContrib="25" flow="900.00" occupancy="61.32" speed="10.58" harmonicMeanSpeed="10.47" length="5.00" nVehEntered="26"/>
    <interval begin="47100.00" end="47200.00" id="inductionLoop.W1" nVehContrib="0" flow="0.00" occupancy="100.00" speed="-1.00" harmonicMeanSpeed="-1.00" length="-1.00" nVehEntered="0"/>
    <interval begin="47200.00" end="47300.00" id="inductionLoop.W1" nVehContrib="16" flow="576.00" occupancy="74.73" speed="8.54" harmonicMeanSpeed="0.42" length="5.00" nVehEntered="16"/>
    <interval begin="47300.00" end="47400.00" id="inductionLoop.W1" nVehContrib="10" flow="360.00" occupancy="83.82" speed="7.50" harmonicMeanSpeed="0.43" length="5.00" nVehEntered="10"/>
    <interval begin="47400.00" end="47500.00" id="inductionLoop.W1" nVehContrib="29" flow="1044.00" occupancy="56.75" speed="9.64" harmonicMeanSpeed="4.16" length="5.00" nVehEntered="29"/>
    <interval begin="47500.00" end="47600.00" id="inductionLoop.W1" nVehContrib="1" flow="36.00" occupancy="97.73" speed="0.05" harmonicMeanSpeed="0.05" length="5.00" nVehEntered="1"/>
    <interval begin="47600.00" end="47700.00" id="inductionLoop.W1" nVehContrib="13" flow="468.00" occupancy="68.82" speed="7.83" harmonicMeanSpeed="0.69" length="5.00" nVehEntered="13"/>
    <interval begin="47700.00" end="47800.00" id="inductionLoop.W1" nVehContrib="19" flow="684.00" occupancy="71.67" speed="9.82" harmonicMeanSpeed="1.32" length="5.00" nVehEntered="18"/>
    <interval begin="47800.00" end="47900.00" id="inductionLoop.W1" nVehContrib="27" flow="972.00" occupancy="57.90" speed="10.68" harmonicMeanSpeed="3.56" length="5.00" nVehEntered="28"/>
    <interval begin="47900.00" end="48000.00" id="inductionLoop.W1" nVehContrib="0" flow="0.00" occupancy="100.00" speed="-1.00" harmonicMeanSpeed="-1.00" length="-1.00" nVehEntered="0"/>
    <interval begin="48000.00" end="48100.00" id="inductionLoop.W1" nVehContrib="10" flow="360.00" occupancy="79.91" speed="6.96" harmonicMeanSpeed="0.25" length="5.00" nVehEntered="9"/>
    <interval begin="48100.00" end="48200.00" id="inductionLoop.W1" nVehContrib="5" flow="180.00" occupancy="90.00" speed="11.02" harmonicMeanSpeed="10.31" length="5.00" nVehEntered="6"/>
    <interval begin="48200.00" end="48300.00" id="inductionLoop.W1" nVehContrib="30" flow="1080.00" occupancy="53.95" speed="9.94" harmonicMeanSpeed="1.17" length="5.00" nVehEntered="30"/>
    <interval begin="48300.00" end="48400.00" id="inductionLoop.W1" nVehContrib="0" flow="0.00" occupancy="100.00" speed="-1.00" harmonicMeanSpeed="-1.00" length="-1.00" nVehEntered="0"/>
    <interval begin="48400.00" end="48500.00" id="inductionLoop.W1" nVehContrib="24" flow="864.00" occupancy="50.50" speed="10.15" harmonicMeanSpeed="0.73" length="5.00" nVehEntered="24"/>
    <interval begin="48500.00" end="48600.00" id="inductionLoop.W1" nVehContrib="37" flow="1332.00" occupancy="45.86" speed="9.01" harmonicMeanSpeed="4.58" length="5.00" nVehEntered="37"/>
    <interval begin="48600.00" end="48700.00" id="inductionLoop.W1" nVehContrib="0" flow="0.00" occupancy="100.00" speed="-1.00" harmonicMeanSpeed="-1.00" length="-1.00" nVehEntered="0"/>
    <interval begin="48700.00" end="48800.00" id="inductionLoop.W1" nVehContrib="25" flow="900.00" occupancy="61.28" speed="9.95" harmonicMeanSpeed="0.82" length="5.00" nVehEntered="25"/>
    <interval begin="48800.00" end="48900.00" id="inductionLoop.W1" nVehContrib="0" flow="0.00" occupancy="100.00" speed="-1.00" harmonicMeanSpeed="-1.00" length="-1.00" nVehEntered="0"/>
    <interval begin="48900.00" end="49000.00" id="inductionLoop.W1" nVehContrib="7" flow="252.00" occupancy="89.54" speed="6.41" harmonicMeanSpeed="0.17" length="5.00" nVehEntered="6"/>
    <interval begin="49000.00" end="49100.00" id="inductionLoop.W1" nVehContrib="27" flow="972.00" occupancy="59.06" speed="11.52" harmonicMeanSpeed="11.42" length="5.00" nVehEntered="28"/>
    <interval begin="49100.00" end="49200.00" id="inductionLoop.W1" nVehContrib="0" flow="0.00" occupancy="100.00" speed="-1.00" harmonicMeanSpeed="-1.00" length="-1.00" nVehEntered="0"/>
    <interval begin="49200.00" end="49300.00" id="inductionLoop.W1" nVehContrib="15" flow="540.00" occupancy="76.18" speed="7.23" harmonicMeanSpeed="0.34" length="5.00" nVehEntered="14"/>
    <interval begin="49300.00" end="49400.00" id="inductionLoop.W1" nVehContrib="33" flow="1188.00" occupancy="52.50" speed="10.18" harmonicMeanSpeed="10.12" length="5.00" nVehEntered="34"/>
    <interval begin="49400.00" end="49500.00" id="inductionLoop.W1" nVehContrib="0" flow="0.00" occupancy="100.00" speed="-1.00" harmonicMeanSpeed="-1.00" length="-1.00" nVehEntered="0"/>
    <interval begin="49500.00" end="49600.00" id="inductionLoop.W1" nVehContrib="9" flow="324.00" occupancy="83.49" speed="6.05" harmonicMeanSpeed="0.25" length="5.00" nVehEntered="9"/>
    <interval begin="49600.00" end="49700.00" id="inductionLoop.W1" nVehContrib="16" flow="576.00" occupancy="74.10" speed="9.12" harmonicMeanSpeed="0.81" length="5.00" nVehEntered="16"/>
    <interval begin="49700.00" end="49800.00" id="inductionLoop.W1" nVehContrib="12" flow="432.00" occupancy="81.64" speed="8.01" harmonicMeanSpeed="0.65" length="5.00" nVehEntered="12"/>
    <interval begin="49800.00" end="49900.00" id="inductionLoop.W1" nVehContrib="31" flow="1116.00" occupancy="54.08" speed="9.56" harmonicMeanSpeed="2.84" length="5.00" nVehEntered="30"/>
    <interval begin="49900.00" end="50000.00" id="inductionLoop.W1" nVehContrib="6" flow="216.00" occupancy="90.16" speed="9.58" harmonicMeanSpeed="9.46" length="5.00" nVehEntered="7"/>
    <interval begin="50000.00" end="50010.00" id="inductionLoop.W1" nVehContrib="0" flow="0.00" occupancy="100.00" speed="-1.00" harmonicMeanSpeed="-1.00" length="-1.00" nVehEntered="0"/>
</detector>
