<?xml version="1.0" encoding="UTF-8"?>

<!-- generated on 2023-07-22 00:08:04 by Eclipse SUMO sumo Version 1.12.0
<configuration xmlns:xsi="http://www.w3.org/2001/XMLSchema-instance" xsi:noNamespaceSchemaLocation="http://sumo.dlr.de/xsd/sumoConfiguration.xsd">

    <input>
        <net-file value="Data0-9/intersection.net.xml"/>
        <route-files value="Data0-9/intersection.rou.xml"/>
        <additional-files value="Data0-9/intersection.det.xml"/>
    </input>

    <output>
        <tripinfo-output value="Data0-9/tripinfo.xml"/>
    </output>

    <time>
        <begin value="0"/>
    </time>

    <processing>
        <time-to-teleport value="-1"/>
        <waiting-time-memory value="60000"/>
    </processing>

    <report>
        <verbose value="true"/>
        <no-step-log value="true"/>
    </report>

    <emissions>
        <device.emissions.probability value="1"/>
    </emissions>

    <traci_server>
        <remote-port value="47633"/>
    </traci_server>

    <gui_only>
        <gui-settings-file value="Data0-9/intersection.settings.xml"/>
    </gui_only>

</configuration>
-->

<detector xmlns:xsi="http://www.w3.org/2001/XMLSchema-instance" xsi:noNamespaceSchemaLocation="http://sumo.dlr.de/xsd/det_e1_file.xsd">
    <interval begin="0.00" end="100.00" id="inductionLoop.S2" nVehContrib="2" flow="72.00" occupancy="0.82" speed="12.45" harmonicMeanSpeed="12.22" length="5.00" nVehEntered="2"/>
    <interval begin="100.00" end="200.00" id="inductionLoop.S2" nVehContrib="7" flow="252.00" occupancy="3.29" speed="11.16" harmonicMeanSpeed="10.64" length="5.00" nVehEntered="7"/>
    <interval begin="200.00" end="300.00" id="inductionLoop.S2" nVehContrib="9" flow="324.00" occupancy="6.60" speed="9.64" harmonicMeanSpeed="8.14" length="5.00" nVehEntered="10"/>
    <interval begin="300.00" end="400.00" id="inductionLoop.S2" nVehContrib="8" flow="288.00" occupancy="6.11" speed="8.68" harmonicMeanSpeed="7.71" length="5.00" nVehEntered="10"/>
    <interval begin="400.00" end="500.00" id="inductionLoop.S2" nVehContrib="5" flow="180.00" occupancy="4.66" speed="8.26" harmonicMeanSpeed="5.37" length="5.00" nVehEntered="5"/>
    <interval begin="500.00" end="600.00" id="inductionLoop.S2" nVehContrib="6" flow="216.00" occupancy="4.95" speed="10.63" harmonicMeanSpeed="8.37" length="5.00" nVehEntered="9"/>
    <interval begin="600.00" end="700.00" id="inductionLoop.S2" nVehContrib="7" flow="252.00" occupancy="5.55" speed="8.63" harmonicMeanSpeed="5.94" length="5.00" nVehEntered="6"/>
    <interval begin="700.00" end="800.00" id="inductionLoop.S2" nVehContrib="10" flow="360.00" occupancy="7.14" speed="9.49" harmonicMeanSpeed="8.20" length="5.00" nVehEntered="13"/>
    <interval begin="800.00" end="900.00" id="inductionLoop.S2" nVehContrib="6" flow="216.00" occupancy="6.30" speed="7.26" harmonicMeanSpeed="5.60" length="5.00" nVehEntered="9"/>
    <interval begin="900.00" end="1000.00" id="inductionLoop.S2" nVehContrib="8" flow="288.00" occupancy="50.63" speed="5.42" harmonicMeanSpeed="0.80" length="5.00" nVehEntered="9"/>
    <interval begin="1000.00" end="1100.00" id="inductionLoop.S2" nVehContrib="7" flow="252.00" occupancy="2.75" speed="12.75" harmonicMeanSpeed="12.73" length="5.00" nVehEntered="7"/>
    <interval begin="1100.00" end="1200.00" id="inductionLoop.S2" nVehContrib="14" flow="504.00" occupancy="20.57" speed="9.46" harmonicMeanSpeed="3.40" length="5.00" nVehEntered="15"/>
    <interval begin="1200.00" end="1300.00" id="inductionLoop.S2" nVehContrib="4" flow="144.00" occupancy="1.55" speed="13.12" harmonicMeanSpeed="12.88" length="5.00" nVehEntered="4"/>
    <interval begin="1300.00" end="1400.00" id="inductionLoop.S2" nVehContrib="9" flow="324.00" occupancy="5.47" speed="10.28" harmonicMeanSpeed="8.67" length="5.00" nVehEntered="10"/>
    <interval begin="1400.00" end="1500.00" id="inductionLoop.S2" nVehContrib="6" flow="216.00" occupancy="3.84" speed="9.85" harmonicMeanSpeed="7.81" length="5.00" nVehEntered="7"/>
    <interval begin="1500.00" end="1600.00" id="inductionLoop.S2" nVehContrib="5" flow="180.00" occupancy="3.97" speed="8.00" harmonicMeanSpeed="6.30" length="5.00" nVehEntered="5"/>
    <interval begin="1600.00" end="1700.00" id="inductionLoop.S2" nVehContrib="5" flow="180.00" occupancy="3.92" speed="9.18" harmonicMeanSpeed="7.07" length="5.00" nVehEntered="6"/>
    <interval begin="1700.00" end="1800.00" id="inductionLoop.S2" nVehContrib="4" flow="144.00" occupancy="2.31" speed="10.79" harmonicMeanSpeed="8.64" length="5.00" nVehEntered="4"/>
    <interval begin="1800.00" end="1900.00" id="inductionLoop.S2" nVehContrib="6" flow="216.00" occupancy="11.56" speed="5.73" harmonicMeanSpeed="2.67" length="5.00" nVehEntered="8"/>
    <interval begin="1900.00" end="2000.00" id="inductionLoop.S2" nVehContrib="6" flow="216.00" occupancy="22.06" speed="4.19" harmonicMeanSpeed="1.40" length="5.00" nVehEntered="7"/>
    <interval begin="2000.00" end="2100.00" id="inductionLoop.S2" nVehContrib="3" flow="108.00" occupancy="2.30" speed="8.53" harmonicMeanSpeed="6.53" length="5.00" nVehEntered="3"/>
    <interval begin="2100.00" end="2200.00" id="inductionLoop.S2" nVehContrib="3" flow="108.00" occupancy="2.62" speed="6.96" harmonicMeanSpeed="5.81" length="5.00" nVehEntered="4"/>
    <interval begin="2200.00" end="2300.00" id="inductionLoop.S2" nVehContrib="3" flow="108.00" occupancy="1.36" speed="11.22" harmonicMeanSpeed="11.00" length="5.00" nVehEntered="3"/>
    <interval begin="2300.00" end="2400.00" id="inductionLoop.S2" nVehContrib="4" flow="144.00" occupancy="1.82" speed="12.25" harmonicMeanSpeed="12.16" length="5.00" nVehEntered="5"/>
    <interval begin="2400.00" end="2500.00" id="inductionLoop.S2" nVehContrib="3" flow="108.00" occupancy="1.40" speed="12.22" harmonicMeanSpeed="12.05" length="5.00" nVehEntered="4"/>
    <interval begin="2500.00" end="2600.00" id="inductionLoop.S2" nVehContrib="6" flow="216.00" occupancy="2.83" speed="11.11" harmonicMeanSpeed="10.59" length="5.00" nVehEntered="6"/>
    <interval begin="2600.00" end="2700.00" id="inductionLoop.S2" nVehContrib="4" flow="144.00" occupancy="1.99" speed="11.97" harmonicMeanSpeed="11.79" length="5.00" nVehEntered="5"/>
    <interval begin="2700.00" end="2800.00" id="inductionLoop.S2" nVehContrib="8" flow="288.00" occupancy="12.60" speed="6.68" harmonicMeanSpeed="3.22" length="5.00" nVehEntered="9"/>
    <interval begin="2800.00" end="2900.00" id="inductionLoop.S2" nVehContrib="7" flow="252.00" occupancy="2.98" speed="12.21" harmonicMeanSpeed="11.74" length="5.00" nVehEntered="7"/>
    <interval begin="2900.00" end="3000.00" id="inductionLoop.S2" nVehContrib="5" flow="180.00" occupancy="4.93" speed="7.77" harmonicMeanSpeed="5.41" length="5.00" nVehEntered="6"/>
    <interval begin="3000.00" end="3100.00" id="inductionLoop.S2" nVehContrib="7" flow="252.00" occupancy="12.78" speed="10.41" harmonicMeanSpeed="3.03" length="5.00" nVehEntered="9"/>
    <interval begin="3100.00" end="3200.00" id="inductionLoop.S2" nVehContrib="6" flow="216.00" occupancy="3.41" speed="9.90" harmonicMeanSpeed="9.64" length="5.00" nVehEntered="7"/>
    <interval begin="3200.00" end="3300.00" id="inductionLoop.S2" nVehContrib="7" flow="252.00" occupancy="5.00" speed="9.36" harmonicMeanSpeed="7.03" length="5.00" nVehEntered="8"/>
    <interval begin="3300.00" end="3400.00" id="inductionLoop.S2" nVehContrib="6" flow="216.00" occupancy="3.86" speed="9.82" harmonicMeanSpeed="8.62" length="5.00" nVehEntered="7"/>
    <interval begin="3400.00" end="3500.00" id="inductionLoop.S2" nVehContrib="7" flow="252.00" occupancy="2.81" speed="13.21" harmonicMeanSpeed="13.14" length="5.00" nVehEntered="8"/>
    <interval begin="3500.00" end="3600.00" id="inductionLoop.S2" nVehContrib="5" flow="180.00" occupancy="9.69" speed="5.41" harmonicMeanSpeed="2.58" length="5.00" nVehEntered="5"/>
    <interval begin="3600.00" end="3700.00" id="inductionLoop.S2" nVehContrib="7" flow="252.00" occupancy="2.99" speed="12.79" harmonicMeanSpeed="12.50" length="5.00" nVehEntered="8"/>
    <interval begin="3700.00" end="3800.00" id="inductionLoop.S2" nVehContrib="4" flow="144.00" occupancy="2.43" speed="10.44" harmonicMeanSpeed="8.23" length="5.00" nVehEntered="4"/>
    <interval begin="3800.00" end="3900.00" id="inductionLoop.S2" nVehContrib="1" flow="36.00" occupancy="0.85" speed="14.72" harmonicMeanSpeed="14.72" length="5.00" nVehEntered="3"/>
    <interval begin="3900.00" end="4000.00" id="inductionLoop.S2" nVehContrib="10" flow="360.00" occupancy="19.13" speed="8.88" harmonicMeanSpeed="2.78" length="5.00" nVehEntered="13"/>
    <interval begin="4000.00" end="4100.00" id="inductionLoop.S2" nVehContrib="9" flow="324.00" occupancy="10.90" speed="7.38" harmonicMeanSpeed="4.13" length="5.00" nVehEntered="9"/>
    <interval begin="4100.00" end="4200.00" id="inductionLoop.S2" nVehContrib="6" flow="216.00" occupancy="8.06" speed="8.24" harmonicMeanSpeed="5.10" length="5.00" nVehEntered="8"/>
    <interval begin="4200.00" end="4300.00" id="inductionLoop.S2" nVehContrib="8" flow="288.00" occupancy="5.39" speed="9.90" harmonicMeanSpeed="7.47" length="5.00" nVehEntered="9"/>
    <interval begin="4300.00" end="4400.00" id="inductionLoop.S2" nVehContrib="8" flow="288.00" occupancy="5.00" speed="10.10" harmonicMeanSpeed="8.21" length="5.00" nVehEntered="9"/>
    <interval begin="4400.00" end="4500.00" id="inductionLoop.S2" nVehContrib="3" flow="108.00" occupancy="1.56" speed="12.22" harmonicMeanSpeed="11.81" length="5.00" nVehEntered="4"/>
    <interval begin="4500.00" end="4600.00" id="inductionLoop.S2" nVehContrib="3" flow="108.00" occupancy="1.98" speed="9.20" harmonicMeanSpeed="7.59" length="5.00" nVehEntered="3"/>
    <interval begin="4600.00" end="4700.00" id="inductionLoop.S2" nVehContrib="6" flow="216.00" occupancy="4.17" speed="8.42" harmonicMeanSpeed="7.19" length="5.00" nVehEntered="6"/>
    <interval begin="4700.00" end="4800.00" id="inductionLoop.S2" nVehContrib="6" flow="216.00" occupancy="6.95" speed="6.97" harmonicMeanSpeed="4.38" length="5.00" nVehEntered="7"/>
    <interval begin="4800.00" end="4900.00" id="inductionLoop.S2" nVehContrib="10" flow="360.00" occupancy="12.47" speed="9.02" harmonicMeanSpeed="4.01" length="5.00" nVehEntered="10"/>
    <interval begin="4900.00" end="5000.00" id="inductionLoop.S2" nVehContrib="6" flow="216.00" occupancy="3.25" speed="12.23" harmonicMeanSpeed="9.23" length="5.00" nVehEntered="6"/>
    <interval begin="5000.00" end="5100.00" id="inductionLoop.S2" nVehContrib="2" flow="72.00" occupancy="2.23" speed="5.78" harmonicMeanSpeed="5.08" length="5.00" nVehEntered="3"/>
    <interval begin="5100.00" end="5200.00" id="inductionLoop.S2" nVehContrib="1" flow="36.00" occupancy="0.41" speed="12.11" harmonicMeanSpeed="12.11" length="5.00" nVehEntered="1"/>
    <interval begin="5200.00" end="5300.00" id="inductionLoop.S2" nVehContrib="6" flow="216.00" occupancy="3.79" speed="11.65" harmonicMeanSpeed="8.70" length="5.00" nVehEntered="7"/>
    <interval begin="5300.00" end="5400.00" id="inductionLoop.S2" nVehContrib="2" flow="72.00" occupancy="0.73" speed="13.67" harmonicMeanSpeed="13.65" length="5.00" nVehEntered="2"/>
    <interval begin="5400.00" end="5500.00" id="inductionLoop.S2" nVehContrib="5" flow="180.00" occupancy="3.33" speed="11.25" harmonicMeanSpeed="8.45" length="5.00" nVehEntered="6"/>
    <interval begin="5500.00" end="5600.00" id="inductionLoop.S2" nVehContrib="1" flow="36.00" occupancy="0.87" speed="15.04" harmonicMeanSpeed="15.04" length="5.00" nVehEntered="2"/>
    <interval begin="5600.00" end="5700.00" id="inductionLoop.S2" nVehContrib="5" flow="180.00" occupancy="3.61" speed="10.16" harmonicMeanSpeed="7.08" length="5.00" nVehEntered="6"/>
    <interval begin="5700.00" end="5800.00" id="inductionLoop.S2" nVehContrib="0" flow="0.00" occupancy="0.00" speed="-1.00" harmonicMeanSpeed="-1.00" length="-1.00" nVehEntered="0"/>
    <interval begin="5800.00" end="5900.00" id="inductionLoop.S2" nVehContrib="2" flow="72.00" occupancy="1.84" speed="13.51" harmonicMeanSpeed="13.49" length="5.00" nVehEntered="4"/>
    <interval begin="5900.00" end="6000.00" id="inductionLoop.S2" nVehContrib="4" flow="144.00" occupancy="3.04" speed="6.40" harmonicMeanSpeed="4.95" length="5.00" nVehEntered="3"/>
    <interval begin="6000.00" end="6100.00" id="inductionLoop.S2" nVehContrib="0" flow="0.00" occupancy="0.00" speed="-1.00" harmonicMeanSpeed="-1.00" length="-1.00" nVehEntered="0"/>
    <interval begin="6100.00" end="6200.00" id="inductionLoop.S2" nVehContrib="4" flow="144.00" occupancy="1.65" speed="12.23" harmonicMeanSpeed="12.13" length="5.00" nVehEntered="4"/>
    <interval begin="6200.00" end="6300.00" id="inductionLoop.S2" nVehContrib="5" flow="180.00" occupancy="2.96" speed="10.58" harmonicMeanSpeed="10.26" length="5.00" nVehEntered="7"/>
    <interval begin="6300.00" end="6400.00" id="inductionLoop.S2" nVehContrib="4" flow="144.00" occupancy="3.73" speed="6.88" harmonicMeanSpeed="5.36" length="5.00" nVehEntered="4"/>
    <interval begin="6400.00" end="6500.00" id="inductionLoop.S2" nVehContrib="5" flow="180.00" occupancy="2.16" speed="12.14" harmonicMeanSpeed="11.58" length="5.00" nVehEntered="5"/>
    <interval begin="6500.00" end="6600.00" id="inductionLoop.S2" nVehContrib="4" flow="144.00" occupancy="3.20" speed="8.43" harmonicMeanSpeed="7.07" length="5.00" nVehEntered="6"/>
    <interval begin="6600.00" end="6700.00" id="inductionLoop.S2" nVehContrib="8" flow="288.00" occupancy="6.38" speed="9.05" harmonicMeanSpeed="6.63" length="5.00" nVehEntered="9"/>
    <interval begin="6700.00" end="6800.00" id="inductionLoop.S2" nVehContrib="1" flow="36.00" occupancy="0.38" speed="13.12" harmonicMeanSpeed="13.12" length="5.00" nVehEntered="1"/>
    <interval begin="6800.00" end="6900.00" id="inductionLoop.S2" nVehContrib="3" flow="108.00" occupancy="1.33" speed="13.37" harmonicMeanSpeed="13.22" length="5.00" nVehEntered="4"/>
    <interval begin="6900.00" end="7000.00" id="inductionLoop.S2" nVehContrib="3" flow="108.00" occupancy="1.13" speed="13.38" harmonicMeanSpeed="13.33" length="5.00" nVehEntered="3"/>
    <interval begin="7000.00" end="7100.00" id="inductionLoop.S2" nVehContrib="4" flow="144.00" occupancy="1.65" speed="12.22" harmonicMeanSpeed="12.14" length="5.00" nVehEntered="4"/>
    <interval begin="7100.00" end="7200.00" id="inductionLoop.S2" nVehContrib="3" flow="108.00" occupancy="1.88" speed="10.58" harmonicMeanSpeed="7.97" length="5.00" nVehEntered="3"/>
    <interval begin="7200.00" end="7300.00" id="inductionLoop.S2" nVehContrib="2" flow="72.00" occupancy="1.47" speed="9.05" harmonicMeanSpeed="6.80" length="5.00" nVehEntered="2"/>
    <interval begin="7300.00" end="7400.00" id="inductionLoop.S2" nVehContrib="1" flow="36.00" occupancy="0.36" speed="13.93" harmonicMeanSpeed="13.93" length="5.00" nVehEntered="1"/>
    <interval begin="7400.00" end="7500.00" id="inductionLoop.S2" nVehContrib="3" flow="108.00" occupancy="2.03" speed="9.79" harmonicMeanSpeed="7.38" length="5.00" nVehEntered="3"/>
    <interval begin="7500.00" end="7600.00" id="inductionLoop.S2" nVehContrib="5" flow="180.00" occupancy="3.16" speed="11.19" harmonicMeanSpeed="9.04" length="5.00" nVehEntered="6"/>
    <interval begin="7600.00" end="7700.00" id="inductionLoop.S2" nVehContrib="2" flow="72.00" occupancy="0.78" speed="12.80" harmonicMeanSpeed="12.79" length="5.00" nVehEntered="2"/>
    <interval begin="7700.00" end="7800.00" id="inductionLoop.S2" nVehContrib="4" flow="144.00" occupancy="2.83" speed="9.42" harmonicMeanSpeed="7.08" length="5.00" nVehEntered="4"/>
    <interval begin="7800.00" end="7900.00" id="inductionLoop.S2" nVehContrib="4" flow="144.00" occupancy="2.15" speed="11.28" harmonicMeanSpeed="9.30" length="5.00" nVehEntered="4"/>
    <interval begin="7900.00" end="8000.00" id="inductionLoop.S2" nVehContrib="4" flow="144.00" occupancy="2.56" speed="10.12" harmonicMeanSpeed="7.82" length="5.00" nVehEntered="4"/>
    <interval begin="8000.00" end="8100.00" id="inductionLoop.S2" nVehContrib="5" flow="180.00" occupancy="1.84" speed="13.66" harmonicMeanSpeed="13.61" length="5.00" nVehEntered="5"/>
    <interval begin="8100.00" end="8200.00" id="inductionLoop.S2" nVehContrib="2" flow="72.00" occupancy="0.75" speed="13.57" harmonicMeanSpeed="13.42" length="5.00" nVehEntered="2"/>
    <interval begin="8200.00" end="8300.00" id="inductionLoop.S2" nVehContrib="2" flow="72.00" occupancy="1.82" speed="8.96" harmonicMeanSpeed="5.94" length="5.00" nVehEntered="3"/>
    <interval begin="8300.00" end="8400.00" id="inductionLoop.S2" nVehContrib="4" flow="144.00" occupancy="3.37" speed="7.36" harmonicMeanSpeed="5.94" length="5.00" nVehEntered="4"/>
    <interval begin="8400.00" end="8500.00" id="inductionLoop.S2" nVehContrib="3" flow="108.00" occupancy="1.98" speed="9.54" harmonicMeanSpeed="7.57" length="5.00" nVehEntered="3"/>
    <interval begin="8500.00" end="8600.00" id="inductionLoop.S2" nVehContrib="5" flow="180.00" occupancy="3.76" speed="9.05" harmonicMeanSpeed="6.64" length="5.00" nVehEntered="5"/>
    <interval begin="8600.00" end="8700.00" id="inductionLoop.S2" nVehContrib="5" flow="180.00" occupancy="1.92" speed="13.02" harmonicMeanSpeed="13.01" length="5.00" nVehEntered="5"/>
    <interval begin="8700.00" end="8800.00" id="inductionLoop.S2" nVehContrib="2" flow="72.00" occupancy="0.73" speed="13.78" harmonicMeanSpeed="13.78" length="5.00" nVehEntered="2"/>
    <interval begin="8800.00" end="8900.00" id="inductionLoop.S2" nVehContrib="2" flow="72.00" occupancy="0.77" speed="13.23" harmonicMeanSpeed="13.01" length="5.00" nVehEntered="2"/>
    <interval begin="8900.00" end="9000.00" id="inductionLoop.S2" nVehContrib="2" flow="72.00" occupancy="0.70" speed="14.31" harmonicMeanSpeed="14.26" length="5.00" nVehEntered="2"/>
    <interval begin="9000.00" end="9100.00" id="inductionLoop.S2" nVehContrib="6" flow="216.00" occupancy="4.52" speed="9.30" harmonicMeanSpeed="6.79" length="5.00" nVehEntered="7"/>
    <interval begin="9100.00" end="9200.00" id="inductionLoop.S2" nVehContrib="8" flow="288.00" occupancy="5.56" speed="9.72" harmonicMeanSpeed="7.19" length="5.00" nVehEntered="8"/>
    <interval begin="9200.00" end="9300.00" id="inductionLoop.S2" nVehContrib="4" flow="144.00" occupancy="2.56" speed="10.63" harmonicMeanSpeed="7.82" length="5.00" nVehEntered="4"/>
    <interval begin="9300.00" end="9400.00" id="inductionLoop.S2" nVehContrib="2" flow="72.00" occupancy="1.55" speed="8.52" harmonicMeanSpeed="6.44" length="5.00" nVehEntered="2"/>
    <interval begin="9400.00" end="9500.00" id="inductionLoop.S2" nVehContrib="3" flow="108.00" occupancy="1.37" speed="11.79" harmonicMeanSpeed="11.20" length="5.00" nVehEntered="4"/>
    <interval begin="9500.00" end="9600.00" id="inductionLoop.S2" nVehContrib="5" flow="180.00" occupancy="2.48" speed="11.47" harmonicMeanSpeed="11.06" length="5.00" nVehEntered="6"/>
    <interval begin="9600.00" end="9700.00" id="inductionLoop.S2" nVehContrib="3" flow="108.00" occupancy="1.17" speed="12.86" harmonicMeanSpeed="12.83" length="5.00" nVehEntered="3"/>
    <interval begin="9700.00" end="9800.00" id="inductionLoop.S2" nVehContrib="4" flow="144.00" occupancy="1.54" speed="13.09" harmonicMeanSpeed="12.96" length="5.00" nVehEntered="4"/>
    <interval begin="9800.00" end="9900.00" id="inductionLoop.S2" nVehContrib="3" flow="108.00" occupancy="3.20" speed="7.12" harmonicMeanSpeed="5.17" length="5.00" nVehEntered="4"/>
    <interval begin="9900.00" end="10000.00" id="inductionLoop.S2" nVehContrib="1" flow="36.00" occupancy="0.43" speed="14.06" harmonicMeanSpeed="14.06" length="5.00" nVehEntered="2"/>
    <interval begin="10000.00" end="10100.00" id="inductionLoop.S2" nVehContrib="2" flow="72.00" occupancy="0.85" speed="13.46" harmonicMeanSpeed="13.46" length="5.00" nVehEntered="3"/>
    <interval begin="10100.00" end="10200.00" id="inductionLoop.S2" nVehContrib="3" flow="108.00" occupancy="1.24" speed="12.20" harmonicMeanSpeed="12.06" length="5.00" nVehEntered="3"/>
    <interval begin="10200.00" end="10300.00" id="inductionLoop.S2" nVehContrib="0" flow="0.00" occupancy="0.00" speed="-1.00" harmonicMeanSpeed="-1.00" length="-1.00" nVehEntered="0"/>
    <interval begin="10300.00" end="10400.00" id="inductionLoop.S2" nVehContrib="4" flow="144.00" occupancy="2.19" speed="11.43" harmonicMeanSpeed="9.12" length="5.00" nVehEntered="4"/>
    <interval begin="10400.00" end="10500.00" id="inductionLoop.S2" nVehContrib="1" flow="36.00" occupancy="0.57" speed="12.25" harmonicMeanSpeed="12.25" length="5.00" nVehEntered="2"/>
    <interval begin="10500.00" end="10600.00" id="inductionLoop.S2" nVehContrib="1" flow="36.00" occupancy="0.35" speed="14.10" harmonicMeanSpeed="14.10" length="5.00" nVehEntered="1"/>
    <interval begin="10600.00" end="10700.00" id="inductionLoop.S2" nVehContrib="6" flow="216.00" occupancy="2.38" speed="12.74" harmonicMeanSpeed="12.58" length="5.00" nVehEntered="6"/>
    <interval begin="10700.00" end="10800.00" id="inductionLoop.S2" nVehContrib="3" flow="108.00" occupancy="3.84" speed="4.28" harmonicMeanSpeed="4.20" length="5.00" nVehEntered="4"/>
    <interval begin="10800.00" end="10900.00" id="inductionLoop.S2" nVehContrib="3" flow="108.00" occupancy="2.83" speed="7.12" harmonicMeanSpeed="5.31" length="5.00" nVehEntered="3"/>
    <interval begin="10900.00" end="11000.00" id="inductionLoop.S2" nVehContrib="0" flow="0.00" occupancy="0.00" speed="-1.00" harmonicMeanSpeed="-1.00" length="-1.00" nVehEntered="0"/>
    <interval begin="11000.00" end="11100.00" id="inductionLoop.S2" nVehContrib="1" flow="36.00" occupancy="0.39" speed="12.89" harmonicMeanSpeed="12.89" length="5.00" nVehEntered="1"/>
    <interval begin="11100.00" end="11200.00" id="inductionLoop.S2" nVehContrib="2" flow="72.00" occupancy="2.61" speed="3.84" harmonicMeanSpeed="3.83" length="5.00" nVehEntered="2"/>
    <interval begin="11200.00" end="11300.00" id="inductionLoop.S2" nVehContrib="2" flow="72.00" occupancy="1.66" speed="8.42" harmonicMeanSpeed="6.02" length="5.00" nVehEntered="2"/>
    <interval begin="11300.00" end="11400.00" id="inductionLoop.S2" nVehContrib="1" flow="36.00" occupancy="0.37" speed="13.63" harmonicMeanSpeed="13.63" length="5.00" nVehEntered="1"/>
    <interval begin="11400.00" end="11500.00" id="inductionLoop.S2" nVehContrib="2" flow="72.00" occupancy="0.72" speed="13.90" harmonicMeanSpeed="13.87" length="5.00" nVehEntered="2"/>
    <interval begin="11500.00" end="11600.00" id="inductionLoop.S2" nVehContrib="2" flow="72.00" occupancy="1.58" speed="8.89" harmonicMeanSpeed="6.34" length="5.00" nVehEntered="2"/>
    <interval begin="11600.00" end="11700.00" id="inductionLoop.S2" nVehContrib="2" flow="72.00" occupancy="1.61" speed="8.86" harmonicMeanSpeed="6.20" length="5.00" nVehEntered="2"/>
    <interval begin="11700.00" end="11800.00" id="inductionLoop.S2" nVehContrib="2" flow="72.00" occupancy="0.72" speed="13.99" harmonicMeanSpeed="13.96" length="5.00" nVehEntered="2"/>
    <interval begin="11800.00" end="11900.00" id="inductionLoop.S2" nVehContrib="0" flow="0.00" occupancy="0.00" speed="-1.00" harmonicMeanSpeed="-1.00" length="-1.00" nVehEntered="0"/>
    <interval begin="11900.00" end="12000.00" id="inductionLoop.S2" nVehContrib="0" flow="0.00" occupancy="0.00" speed="-1.00" harmonicMeanSpeed="-1.00" length="-1.00" nVehEntered="0"/>
    <interval begin="12000.00" end="12100.00" id="inductionLoop.S2" nVehContrib="2" flow="72.00" occupancy="1.68" speed="8.39" harmonicMeanSpeed="5.97" length="5.00" nVehEntered="2"/>
    <interval begin="12100.00" end="12200.00" id="inductionLoop.S2" nVehContrib="2" flow="72.00" occupancy="0.74" speed="13.47" harmonicMeanSpeed="13.44" length="5.00" nVehEntered="2"/>
    <interval begin="12200.00" end="12300.00" id="inductionLoop.S2" nVehContrib="3" flow="108.00" occupancy="1.84" speed="10.44" harmonicMeanSpeed="8.13" length="5.00" nVehEntered="3"/>
    <interval begin="12300.00" end="12400.00" id="inductionLoop.S2" nVehContrib="2" flow="72.00" occupancy="1.78" speed="6.12" harmonicMeanSpeed="5.61" length="5.00" nVehEntered="2"/>
    <interval begin="12400.00" end="12500.00" id="inductionLoop.S2" nVehContrib="0" flow="0.00" occupancy="0.00" speed="-1.00" harmonicMeanSpeed="-1.00" length="-1.00" nVehEntered="0"/>
    <interval begin="12500.00" end="12600.00" id="inductionLoop.S2" nVehContrib="2" flow="72.00" occupancy="1.87" speed="8.52" harmonicMeanSpeed="6.59" length="5.00" nVehEntered="3"/>
    <interval begin="12600.00" end="12700.00" id="inductionLoop.S2" nVehContrib="2" flow="72.00" occupancy="2.49" speed="4.02" harmonicMeanSpeed="4.02" length="5.00" nVehEntered="2"/>
    <interval begin="12700.00" end="12800.00" id="inductionLoop.S2" nVehContrib="1" flow="36.00" occupancy="0.38" speed="13.33" harmonicMeanSpeed="13.33" length="5.00" nVehEntered="1"/>
    <interval begin="12800.00" end="12900.00" id="inductionLoop.S2" nVehContrib="2" flow="72.00" occupancy="2.49" speed="4.02" harmonicMeanSpeed="4.02" length="5.00" nVehEntered="2"/>
    <interval begin="12900.00" end="13000.00" id="inductionLoop.S2" nVehContrib="5" flow="180.00" occupancy="3.53" speed="10.07" harmonicMeanSpeed="7.09" length="5.00" nVehEntered="5"/>
    <interval begin="13000.00" end="13100.00" id="inductionLoop.S2" nVehContrib="3" flow="108.00" occupancy="1.21" speed="12.51" harmonicMeanSpeed="12.36" length="5.00" nVehEntered="3"/>
    <interval begin="13100.00" end="13200.00" id="inductionLoop.S2" nVehContrib="1" flow="36.00" occupancy="0.34" speed="14.65" harmonicMeanSpeed="14.65" length="5.00" nVehEntered="1"/>
    <interval begin="13200.00" end="13300.00" id="inductionLoop.S2" nVehContrib="1" flow="36.00" occupancy="0.40" speed="14.34" harmonicMeanSpeed="14.34" length="5.00" nVehEntered="2"/>
    <interval begin="13300.00" end="13400.00" id="inductionLoop.S2" nVehContrib="3" flow="108.00" occupancy="1.99" speed="9.96" harmonicMeanSpeed="7.55" length="5.00" nVehEntered="3"/>
    <interval begin="13400.00" end="13500.00" id="inductionLoop.S2" nVehContrib="0" flow="0.00" occupancy="0.00" speed="-1.00" harmonicMeanSpeed="-1.00" length="-1.00" nVehEntered="0"/>
    <interval begin="13500.00" end="13600.00" id="inductionLoop.S2" nVehContrib="1" flow="36.00" occupancy="0.36" speed="13.86" harmonicMeanSpeed="13.86" length="5.00" nVehEntered="1"/>
    <interval begin="13600.00" end="13700.00" id="inductionLoop.S2" nVehContrib="2" flow="72.00" occupancy="0.73" speed="13.63" harmonicMeanSpeed="13.63" length="5.00" nVehEntered="2"/>
    <interval begin="13700.00" end="13800.00" id="inductionLoop.S2" nVehContrib="0" flow="0.00" occupancy="0.00" speed="-1.00" harmonicMeanSpeed="-1.00" length="-1.00" nVehEntered="0"/>
    <interval begin="13800.00" end="13900.00" id="inductionLoop.S2" nVehContrib="4" flow="144.00" occupancy="3.06" speed="8.99" harmonicMeanSpeed="6.54" length="5.00" nVehEntered="4"/>
    <interval begin="13900.00" end="14000.00" id="inductionLoop.S2" nVehContrib="1" flow="36.00" occupancy="1.36" speed="3.67" harmonicMeanSpeed="3.67" length="5.00" nVehEntered="1"/>
    <interval begin="14000.00" end="14100.00" id="inductionLoop.S2" nVehContrib="1" flow="36.00" occupancy="0.34" speed="14.79" harmonicMeanSpeed="14.79" length="5.00" nVehEntered="1"/>
    <interval begin="14100.00" end="14200.00" id="inductionLoop.S2" nVehContrib="1" flow="36.00" occupancy="1.00" speed="5.00" harmonicMeanSpeed="5.00" length="5.00" nVehEntered="1"/>
    <interval begin="14200.00" end="14300.00" id="inductionLoop.S2" nVehContrib="0" flow="0.00" occupancy="0.00" speed="-1.00" harmonicMeanSpeed="-1.00" length="-1.00" nVehEntered="0"/>
    <interval begin="14300.00" end="14400.00" id="inductionLoop.S2" nVehContrib="1" flow="36.00" occupancy="1.14" speed="4.40" harmonicMeanSpeed="4.40" length="5.00" nVehEntered="1"/>
    <interval begin="14400.00" end="14500.00" id="inductionLoop.S2" nVehContrib="1" flow="36.00" occupancy="0.38" speed="13.03" harmonicMeanSpeed="13.03" length="5.00" nVehEntered="1"/>
    <interval begin="14500.00" end="14600.00" id="inductionLoop.S2" nVehContrib="1" flow="36.00" occupancy="1.06" speed="4.71" harmonicMeanSpeed="4.71" length="5.00" nVehEntered="1"/>
    <interval begin="14600.00" end="14700.00" id="inductionLoop.S2" nVehContrib="0" flow="0.00" occupancy="0.00" speed="-1.00" harmonicMeanSpeed="-1.00" length="-1.00" nVehEntered="0"/>
    <interval begin="14700.00" end="14800.00" id="inductionLoop.S2" nVehContrib="1" flow="36.00" occupancy="0.36" speed="13.82" harmonicMeanSpeed="13.82" length="5.00" nVehEntered="1"/>
    <interval begin="14800.00" end="14900.00" id="inductionLoop.S2" nVehContrib="2" flow="72.00" occupancy="1.83" speed="8.88" harmonicMeanSpeed="6.44" length="5.00" nVehEntered="3"/>
    <interval begin="14900.00" end="15000.00" id="inductionLoop.S2" nVehContrib="0" flow="0.00" occupancy="0.00" speed="-1.00" harmonicMeanSpeed="-1.00" length="-1.00" nVehEntered="0"/>
    <interval begin="15000.00" end="15100.00" id="inductionLoop.S2" nVehContrib="2" flow="72.00" occupancy="0.76" speed="13.08" harmonicMeanSpeed="13.08" length="5.00" nVehEntered="2"/>
    <interval begin="15100.00" end="15200.00" id="inductionLoop.S2" nVehContrib="3" flow="108.00" occupancy="2.14" speed="9.26" harmonicMeanSpeed="7.01" length="5.00" nVehEntered="3"/>
    <interval begin="15200.00" end="15300.00" id="inductionLoop.S2" nVehContrib="1" flow="36.00" occupancy="1.22" speed="4.11" harmonicMeanSpeed="4.11" length="5.00" nVehEntered="1"/>
    <interval begin="15300.00" end="15400.00" id="inductionLoop.S2" nVehContrib="2" flow="72.00" occupancy="0.77" speed="13.15" harmonicMeanSpeed="13.04" length="5.00" nVehEntered="2"/>
    <interval begin="15400.00" end="15500.00" id="inductionLoop.S2" nVehContrib="2" flow="72.00" occupancy="0.75" speed="13.35" harmonicMeanSpeed="13.32" length="5.00" nVehEntered="2"/>
    <interval begin="15500.00" end="15600.00" id="inductionLoop.S2" nVehContrib="1" flow="36.00" occupancy="1.39" speed="3.58" harmonicMeanSpeed="3.58" length="5.00" nVehEntered="1"/>
    <interval begin="15600.00" end="15700.00" id="inductionLoop.S2" nVehContrib="0" flow="0.00" occupancy="0.00" speed="-1.00" harmonicMeanSpeed="-1.00" length="-1.00" nVehEntered="0"/>
    <interval begin="15700.00" end="15800.00" id="inductionLoop.S2" nVehContrib="3" flow="108.00" occupancy="1.17" speed="12.92" harmonicMeanSpeed="12.85" length="5.00" nVehEntered="3"/>
    <interval begin="15800.00" end="15900.00" id="inductionLoop.S2" nVehContrib="1" flow="36.00" occupancy="0.35" speed="14.32" harmonicMeanSpeed="14.32" length="5.00" nVehEntered="1"/>
    <interval begin="15900.00" end="16000.00" id="inductionLoop.S2" nVehContrib="3" flow="108.00" occupancy="3.59" speed="6.60" harmonicMeanSpeed="4.54" length="5.00" nVehEntered="4"/>
    <interval begin="16000.00" end="16100.00" id="inductionLoop.S2" nVehContrib="5" flow="180.00" occupancy="2.76" speed="11.90" harmonicMeanSpeed="9.06" length="5.00" nVehEntered="5"/>
    <interval begin="16100.00" end="16200.00" id="inductionLoop.S2" nVehContrib="1" flow="36.00" occupancy="0.38" speed="13.18" harmonicMeanSpeed="13.18" length="5.00" nVehEntered="1"/>
    <interval begin="16200.00" end="16300.00" id="inductionLoop.S2" nVehContrib="7" flow="252.00" occupancy="5.88" speed="9.72" harmonicMeanSpeed="6.72" length="5.00" nVehEntered="9"/>
    <interval begin="16300.00" end="16400.00" id="inductionLoop.S2" nVehContrib="0" flow="0.00" occupancy="0.00" speed="-1.00" harmonicMeanSpeed="-1.00" length="-1.00" nVehEntered="0"/>
    <interval begin="16400.00" end="16500.00" id="inductionLoop.S2" nVehContrib="2" flow="72.00" occupancy="0.81" speed="12.28" harmonicMeanSpeed="12.28" length="5.00" nVehEntered="2"/>
    <interval begin="16500.00" end="16600.00" id="inductionLoop.S2" nVehContrib="1" flow="36.00" occupancy="0.37" speed="13.49" harmonicMeanSpeed="13.49" length="5.00" nVehEntered="1"/>
    <interval begin="16600.00" end="16700.00" id="inductionLoop.S2" nVehContrib="6" flow="216.00" occupancy="2.86" speed="10.94" harmonicMeanSpeed="10.48" length="5.00" nVehEntered="6"/>
    <interval begin="16700.00" end="16800.00" id="inductionLoop.S2" nVehContrib="9" flow="324.00" occupancy="8.02" speed="7.63" harmonicMeanSpeed="5.61" length="5.00" nVehEntered="9"/>
    <interval begin="16800.00" end="16900.00" id="inductionLoop.S2" nVehContrib="1" flow="36.00" occupancy="0.45" speed="12.49" harmonicMeanSpeed="12.49" length="5.00" nVehEntered="2"/>
    <interval begin="16900.00" end="17000.00" id="inductionLoop.S2" nVehContrib="5" flow="180.00" occupancy="2.80" speed="11.05" harmonicMeanSpeed="8.92" length="5.00" nVehEntered="5"/>
    <interval begin="17000.00" end="17100.00" id="inductionLoop.S2" nVehContrib="0" flow="0.00" occupancy="0.00" speed="-1.00" harmonicMeanSpeed="-1.00" length="-1.00" nVehEntered="0"/>
    <interval begin="17100.00" end="17200.00" id="inductionLoop.S2" nVehContrib="1" flow="36.00" occupancy="0.35" speed="14.36" harmonicMeanSpeed="14.36" length="5.00" nVehEntered="1"/>
    <interval begin="17200.00" end="17300.00" id="inductionLoop.S2" nVehContrib="3" flow="108.00" occupancy="1.23" speed="12.29" harmonicMeanSpeed="12.16" length="5.00" nVehEntered="3"/>
    <interval begin="17300.00" end="17400.00" id="inductionLoop.S2" nVehContrib="3" flow="108.00" occupancy="1.74" speed="10.93" harmonicMeanSpeed="8.62" length="5.00" nVehEntered="3"/>
    <interval begin="17400.00" end="17500.00" id="inductionLoop.S2" nVehContrib="5" flow="180.00" occupancy="3.81" speed="9.94" harmonicMeanSpeed="6.56" length="5.00" nVehEntered="5"/>
    <interval begin="17500.00" end="17600.00" id="inductionLoop.S2" nVehContrib="1" flow="36.00" occupancy="1.27" speed="3.95" harmonicMeanSpeed="3.95" length="5.00" nVehEntered="1"/>
    <interval begin="17600.00" end="17700.00" id="inductionLoop.S2" nVehContrib="1" flow="36.00" occupancy="0.40" speed="12.59" harmonicMeanSpeed="12.59" length="5.00" nVehEntered="1"/>
    <interval begin="17700.00" end="17800.00" id="inductionLoop.S2" nVehContrib="2" flow="72.00" occupancy="2.80" speed="3.57" harmonicMeanSpeed="3.57" length="5.00" nVehEntered="2"/>
    <interval begin="17800.00" end="17900.00" id="inductionLoop.S2" nVehContrib="3" flow="108.00" occupancy="1.14" speed="13.22" harmonicMeanSpeed="13.19" length="5.00" nVehEntered="3"/>
    <interval begin="17900.00" end="18000.00" id="inductionLoop.S2" nVehContrib="0" flow="0.00" occupancy="0.00" speed="-1.00" harmonicMeanSpeed="-1.00" length="-1.00" nVehEntered="0"/>
    <interval begin="18000.00" end="18100.00" id="inductionLoop.S2" nVehContrib="2" flow="72.00" occupancy="1.62" speed="7.61" harmonicMeanSpeed="6.17" length="5.00" nVehEntered="2"/>
    <interval begin="18100.00" end="18200.00" id="inductionLoop.S2" nVehContrib="6" flow="216.00" occupancy="2.59" speed="11.63" harmonicMeanSpeed="11.59" length="5.00" nVehEntered="6"/>
    <interval begin="18200.00" end="18300.00" id="inductionLoop.S2" nVehContrib="0" flow="0.00" occupancy="0.00" speed="-1.00" harmonicMeanSpeed="-1.00" length="-1.00" nVehEntered="0"/>
    <interval begin="18300.00" end="18400.00" id="inductionLoop.S2" nVehContrib="4" flow="144.00" occupancy="2.02" speed="10.17" harmonicMeanSpeed="9.88" length="5.00" nVehEntered="4"/>
    <interval begin="18400.00" end="18500.00" id="inductionLoop.S2" nVehContrib="1" flow="36.00" occupancy="0.36" speed="13.82" harmonicMeanSpeed="13.82" length="5.00" nVehEntered="1"/>
    <interval begin="18500.00" end="18600.00" id="inductionLoop.S2" nVehContrib="0" flow="0.00" occupancy="0.00" speed="-1.00" harmonicMeanSpeed="-1.00" length="-1.00" nVehEntered="0"/>
    <interval begin="18600.00" end="18700.00" id="inductionLoop.S2" nVehContrib="4" flow="144.00" occupancy="1.59" speed="12.69" harmonicMeanSpeed="12.58" length="5.00" nVehEntered="4"/>
    <interval begin="18700.00" end="18800.00" id="inductionLoop.S2" nVehContrib="5" flow="180.00" occupancy="2.81" speed="11.01" harmonicMeanSpeed="8.90" length="5.00" nVehEntered="5"/>
    <interval begin="18800.00" end="18900.00" id="inductionLoop.S2" nVehContrib="2" flow="72.00" occupancy="1.02" speed="12.45" harmonicMeanSpeed="12.21" length="5.00" nVehEntered="3"/>
    <interval begin="18900.00" end="19000.00" id="inductionLoop.S2" nVehContrib="7" flow="252.00" occupancy="3.26" speed="12.53" harmonicMeanSpeed="12.48" length="5.00" nVehEntered="8"/>
    <interval begin="19000.00" end="19100.00" id="inductionLoop.S2" nVehContrib="5" flow="180.00" occupancy="7.88" speed="5.78" harmonicMeanSpeed="3.26" length="5.00" nVehEntered="7"/>
    <interval begin="19100.00" end="19200.00" id="inductionLoop.S2" nVehContrib="1" flow="36.00" occupancy="0.66" speed="7.52" harmonicMeanSpeed="7.52" length="5.00" nVehEntered="1"/>
    <interval begin="19200.00" end="19300.00" id="inductionLoop.S2" nVehContrib="3" flow="108.00" occupancy="1.54" speed="12.89" harmonicMeanSpeed="12.70" length="5.00" nVehEntered="4"/>
    <interval begin="19300.00" end="19400.00" id="inductionLoop.S2" nVehContrib="3" flow="108.00" occupancy="1.16" speed="12.98" harmonicMeanSpeed="12.97" length="5.00" nVehEntered="3"/>
    <interval begin="19400.00" end="19500.00" id="inductionLoop.S2" nVehContrib="4" flow="144.00" occupancy="1.89" speed="11.06" harmonicMeanSpeed="10.59" length="5.00" nVehEntered="4"/>
    <interval begin="19500.00" end="19600.00" id="inductionLoop.S2" nVehContrib="3" flow="108.00" occupancy="1.98" speed="8.55" harmonicMeanSpeed="7.57" length="5.00" nVehEntered="3"/>
    <interval begin="19600.00" end="19700.00" id="inductionLoop.S2" nVehContrib="2" flow="72.00" occupancy="0.86" speed="11.59" harmonicMeanSpeed="11.58" length="5.00" nVehEntered="2"/>
    <interval begin="19700.00" end="19800.00" id="inductionLoop.S2" nVehContrib="5" flow="180.00" occupancy="2.86" speed="10.12" harmonicMeanSpeed="8.73" length="5.00" nVehEntered="5"/>
    <interval begin="19800.00" end="19900.00" id="inductionLoop.S2" nVehContrib="10" flow="360.00" occupancy="6.88" speed="9.59" harmonicMeanSpeed="7.54" length="5.00" nVehEntered="11"/>
    <interval begin="19900.00" end="20000.00" id="inductionLoop.S2" nVehContrib="6" flow="216.00" occupancy="6.72" speed="8.33" harmonicMeanSpeed="4.86" length="5.00" nVehEntered="8"/>
    <interval begin="20000.00" end="20100.00" id="inductionLoop.S2" nVehContrib="6" flow="216.00" occupancy="2.80" speed="11.27" harmonicMeanSpeed="10.79" length="5.00" nVehEntered="7"/>
    <interval begin="20100.00" end="20200.00" id="inductionLoop.S2" nVehContrib="3" flow="108.00" occupancy="2.15" speed="9.68" harmonicMeanSpeed="7.60" length="5.00" nVehEntered="4"/>
    <interval begin="20200.00" end="20300.00" id="inductionLoop.S2" nVehContrib="9" flow="324.00" occupancy="16.69" speed="9.09" harmonicMeanSpeed="2.87" length="5.00" nVehEntered="10"/>
    <interval begin="20300.00" end="20400.00" id="inductionLoop.S2" nVehContrib="1" flow="36.00" occupancy="1.34" speed="3.73" harmonicMeanSpeed="3.73" length="5.00" nVehEntered="1"/>
    <interval begin="20400.00" end="20500.00" id="inductionLoop.S2" nVehContrib="4" flow="144.00" occupancy="1.60" speed="12.48" harmonicMeanSpeed="12.46" length="5.00" nVehEntered="4"/>
    <interval begin="20500.00" end="20600.00" id="inductionLoop.S2" nVehContrib="5" flow="180.00" occupancy="2.20" speed="11.82" harmonicMeanSpeed="11.38" length="5.00" nVehEntered="5"/>
    <interval begin="20600.00" end="20700.00" id="inductionLoop.S2" nVehContrib="3" flow="108.00" occupancy="1.15" speed="13.28" harmonicMeanSpeed="13.00" length="5.00" nVehEntered="3"/>
    <interval begin="20700.00" end="20800.00" id="inductionLoop.S2" nVehContrib="6" flow="216.00" occupancy="5.56" speed="9.90" harmonicMeanSpeed="5.39" length="5.00" nVehEntered="6"/>
    <interval begin="20800.00" end="20900.00" id="inductionLoop.S2" nVehContrib="7" flow="252.00" occupancy="16.66" speed="3.86" harmonicMeanSpeed="2.16" length="5.00" nVehEntered="8"/>
    <interval begin="20900.00" end="21000.00" id="inductionLoop.S2" nVehContrib="5" flow="180.00" occupancy="15.58" speed="2.41" harmonicMeanSpeed="1.65" length="5.00" nVehEntered="7"/>
    <interval begin="21000.00" end="21100.00" id="inductionLoop.S2" nVehContrib="9" flow="324.00" occupancy="62.41" speed="2.28" harmonicMeanSpeed="0.72" length="5.00" nVehEntered="8"/>
    <interval begin="21100.00" end="21200.00" id="inductionLoop.S2" nVehContrib="3" flow="108.00" occupancy="9.63" speed="1.57" harmonicMeanSpeed="1.56" length="5.00" nVehEntered="3"/>
    <interval begin="21200.00" end="21300.00" id="inductionLoop.S2" nVehContrib="9" flow="324.00" occupancy="70.39" speed="4.95" harmonicMeanSpeed="0.64" length="5.00" nVehEntered="9"/>
    <interval begin="21300.00" end="21400.00" id="inductionLoop.S2" nVehContrib="9" flow="324.00" occupancy="11.50" speed="5.85" harmonicMeanSpeed="4.13" length="5.00" nVehEntered="10"/>
    <interval begin="21400.00" end="21500.00" id="inductionLoop.S2" nVehContrib="9" flow="324.00" occupancy="10.01" speed="7.32" harmonicMeanSpeed="4.23" length="5.00" nVehEntered="8"/>
    <interval begin="21500.00" end="21600.00" id="inductionLoop.S2" nVehContrib="7" flow="252.00" occupancy="5.48" speed="9.25" harmonicMeanSpeed="6.96" length="5.00" nVehEntered="8"/>
    <interval begin="21600.00" end="21700.00" id="inductionLoop.S2" nVehContrib="7" flow="252.00" occupancy="6.04" speed="7.36" harmonicMeanSpeed="5.79" length="5.00" nVehEntered="7"/>
    <interval begin="21700.00" end="21800.00" id="inductionLoop.S2" nVehContrib="8" flow="288.00" occupancy="4.38" speed="11.28" harmonicMeanSpeed="10.84" length="5.00" nVehEntered="10"/>
    <interval begin="21800.00" end="21900.00" id="inductionLoop.S2" nVehContrib="6" flow="216.00" occupancy="27.15" speed="9.06" harmonicMeanSpeed="5.60" length="5.00" nVehEntered="10"/>
    <interval begin="21900.00" end="22000.00" id="inductionLoop.S2" nVehContrib="9" flow="324.00" occupancy="35.92" speed="6.54" harmonicMeanSpeed="0.80" length="5.00" nVehEntered="10"/>
    <interval begin="22000.00" end="22100.00" id="inductionLoop.S2" nVehContrib="4" flow="144.00" occupancy="39.72" speed="2.17" harmonicMeanSpeed="0.51" length="5.00" nVehEntered="4"/>
    <interval begin="22100.00" end="22200.00" id="inductionLoop.S2" nVehContrib="2" flow="72.00" occupancy="7.61" speed="1.33" harmonicMeanSpeed="1.31" length="5.00" nVehEntered="2"/>
    <interval begin="22200.00" end="22300.00" id="inductionLoop.S2" nVehContrib="6" flow="216.00" occupancy="30.08" speed="3.40" harmonicMeanSpeed="2.27" length="5.00" nVehEntered="7"/>
    <interval begin="22300.00" end="22400.00" id="inductionLoop.S2" nVehContrib="5" flow="180.00" occupancy="69.96" speed="3.07" harmonicMeanSpeed="0.39" length="5.00" nVehEntered="5"/>
    <interval begin="22400.00" end="22500.00" id="inductionLoop.S2" nVehContrib="8" flow="288.00" occupancy="41.34" speed="4.56" harmonicMeanSpeed="0.62" length="5.00" nVehEntered="7"/>
    <interval begin="22500.00" end="22600.00" id="inductionLoop.S2" nVehContrib="9" flow="324.00" occupancy="21.12" speed="4.18" harmonicMeanSpeed="2.63" length="5.00" nVehEntered="10"/>
    <interval begin="22600.00" end="22700.00" id="inductionLoop.S2" nVehContrib="8" flow="288.00" occupancy="21.91" speed="7.61" harmonicMeanSpeed="1.92" length="5.00" nVehEntered="9"/>
    <interval begin="22700.00" end="22800.00" id="inductionLoop.S2" nVehContrib="9" flow="324.00" occupancy="6.36" speed="8.94" harmonicMeanSpeed="7.08" length="5.00" nVehEntered="9"/>
    <interval begin="22800.00" end="22900.00" id="inductionLoop.S2" nVehContrib="9" flow="324.00" occupancy="12.38" speed="7.49" harmonicMeanSpeed="3.95" length="5.00" nVehEntered="11"/>
    <interval begin="22900.00" end="23000.00" id="inductionLoop.S2" nVehContrib="5" flow="180.00" occupancy="4.27" speed="8.14" harmonicMeanSpeed="6.42" length="5.00" nVehEntered="6"/>
    <interval begin="23000.00" end="23100.00" id="inductionLoop.S2" nVehContrib="5" flow="180.00" occupancy="5.26" speed="6.89" harmonicMeanSpeed="4.75" length="5.00" nVehEntered="5"/>
    <interval begin="23100.00" end="23200.00" id="inductionLoop.S2" nVehContrib="7" flow="252.00" occupancy="4.29" speed="9.28" harmonicMeanSpeed="8.15" length="5.00" nVehEntered="7"/>
    <interval begin="23200.00" end="23300.00" id="inductionLoop.S2" nVehContrib="8" flow="288.00" occupancy="9.62" speed="8.10" harmonicMeanSpeed="4.52" length="5.00" nVehEntered="10"/>
    <interval begin="23300.00" end="23400.00" id="inductionLoop.S2" nVehContrib="8" flow="288.00" occupancy="10.76" speed="8.67" harmonicMeanSpeed="7.43" length="5.00" nVehEntered="9"/>
    <interval begin="23400.00" end="23500.00" id="inductionLoop.S2" nVehContrib="5" flow="180.00" occupancy="63.79" speed="7.46" harmonicMeanSpeed="0.75" length="5.00" nVehEntered="7"/>
    <interval begin="23500.00" end="23600.00" id="inductionLoop.S2" nVehContrib="9" flow="324.00" occupancy="25.61" speed="7.26" harmonicMeanSpeed="0.74" length="5.00" nVehEntered="8"/>
    <interval begin="23600.00" end="23700.00" id="inductionLoop.S2" nVehContrib="9" flow="324.00" occupancy="26.10" speed="7.49" harmonicMeanSpeed="3.25" length="5.00" nVehEntered="11"/>
    <interval begin="23700.00" end="23800.00" id="inductionLoop.S2" nVehContrib="11" flow="396.00" occupancy="16.79" speed="6.70" harmonicMeanSpeed="1.90" length="5.00" nVehEntered="10"/>
    <interval begin="23800.00" end="23900.00" id="inductionLoop.S2" nVehContrib="8" flow="288.00" occupancy="4.79" speed="9.42" harmonicMeanSpeed="8.36" length="5.00" nVehEntered="8"/>
    <interval begin="23900.00" end="24000.00" id="inductionLoop.S2" nVehContrib="6" flow="216.00" occupancy="5.59" speed="9.10" harmonicMeanSpeed="7.74" length="5.00" nVehEntered="8"/>
    <interval begin="24000.00" end="24100.00" id="inductionLoop.S2" nVehContrib="6" flow="216.00" occupancy="5.05" speed="8.70" harmonicMeanSpeed="5.94" length="5.00" nVehEntered="6"/>
    <interval begin="24100.00" end="24200.00" id="inductionLoop.S2" nVehContrib="4" flow="144.00" occupancy="2.51" speed="9.82" harmonicMeanSpeed="7.96" length="5.00" nVehEntered="4"/>
    <interval begin="24200.00" end="24300.00" id="inductionLoop.S2" nVehContrib="13" flow="468.00" occupancy="10.33" speed="8.64" harmonicMeanSpeed="6.82" length="5.00" nVehEntered="14"/>
    <interval begin="24300.00" end="24400.00" id="inductionLoop.S2" nVehContrib="4" flow="144.00" occupancy="6.39" speed="5.07" harmonicMeanSpeed="3.13" length="5.00" nVehEntered="4"/>
    <interval begin="24400.00" end="24500.00" id="inductionLoop.S2" nVehContrib="2" flow="72.00" occupancy="1.60" speed="8.98" harmonicMeanSpeed="6.25" length="5.00" nVehEntered="2"/>
    <interval begin="24500.00" end="24600.00" id="inductionLoop.S2" nVehContrib="6" flow="216.00" occupancy="5.90" speed="6.63" harmonicMeanSpeed="5.38" length="5.00" nVehEntered="7"/>
    <interval begin="24600.00" end="24700.00" id="inductionLoop.S2" nVehContrib="5" flow="180.00" occupancy="7.76" speed="7.72" harmonicMeanSpeed="4.46" length="5.00" nVehEntered="7"/>
    <interval begin="24700.00" end="24800.00" id="inductionLoop.S2" nVehContrib="9" flow="324.00" occupancy="23.44" speed="6.88" harmonicMeanSpeed="1.92" length="5.00" nVehEntered="9"/>
    <interval begin="24800.00" end="24900.00" id="inductionLoop.S2" nVehContrib="11" flow="396.00" occupancy="14.89" speed="6.63" harmonicMeanSpeed="3.90" length="5.00" nVehEntered="14"/>
    <interval begin="24900.00" end="25000.00" id="inductionLoop.S2" nVehContrib="7" flow="252.00" occupancy="24.61" speed="5.27" harmonicMeanSpeed="1.41" length="5.00" nVehEntered="6"/>
    <interval begin="25000.00" end="25100.00" id="inductionLoop.S2" nVehContrib="6" flow="216.00" occupancy="6.38" speed="8.22" harmonicMeanSpeed="4.71" length="5.00" nVehEntered="6"/>
    <interval begin="25100.00" end="25200.00" id="inductionLoop.S2" nVehContrib="9" flow="324.00" occupancy="3.80" speed="12.04" harmonicMeanSpeed="11.84" length="5.00" nVehEntered="9"/>
    <interval begin="25200.00" end="25300.00" id="inductionLoop.S2" nVehContrib="6" flow="216.00" occupancy="42.53" speed="9.00" harmonicMeanSpeed="0.92" length="5.00" nVehEntered="8"/>
    <interval begin="25300.00" end="25400.00" id="inductionLoop.S2" nVehContrib="8" flow="288.00" occupancy="7.42" speed="5.61" harmonicMeanSpeed="2.35" length="5.00" nVehEntered="8"/>
    <interval begin="25400.00" end="25500.00" id="inductionLoop.S2" nVehContrib="7" flow="252.00" occupancy="30.66" speed="8.93" harmonicMeanSpeed="1.15" length="5.00" nVehEntered="8"/>
    <interval begin="25500.00" end="25600.00" id="inductionLoop.S2" nVehContrib="6" flow="216.00" occupancy="6.92" speed="7.60" harmonicMeanSpeed="5.15" length="5.00" nVehEntered="8"/>
    <interval begin="25600.00" end="25700.00" id="inductionLoop.S2" nVehContrib="11" flow="396.00" occupancy="42.99" speed="8.10" harmonicMeanSpeed="1.31" length="5.00" nVehEntered="12"/>
    <interval begin="25700.00" end="25800.00" id="inductionLoop.S2" nVehContrib="10" flow="360.00" occupancy="13.37" speed="5.88" harmonicMeanSpeed="3.77" length="5.00" nVehEntered="11"/>
    <interval begin="25800.00" end="25900.00" id="inductionLoop.S2" nVehContrib="6" flow="216.00" occupancy="12.13" speed="3.59" harmonicMeanSpeed="2.47" length="5.00" nVehEntered="6"/>
    <interval begin="25900.00" end="26000.00" id="inductionLoop.S2" nVehContrib="7" flow="252.00" occupancy="44.69" speed="4.22" harmonicMeanSpeed="2.81" length="5.00" nVehEntered="8"/>
    <interval begin="26000.00" end="26100.00" id="inductionLoop.S2" nVehContrib="7" flow="252.00" occupancy="9.74" speed="10.58" harmonicMeanSpeed="0.83" length="5.00" nVehEntered="6"/>
    <interval begin="26100.00" end="26200.00" id="inductionLoop.S2" nVehContrib="7" flow="252.00" occupancy="2.78" speed="12.66" harmonicMeanSpeed="12.57" length="5.00" nVehEntered="7"/>
    <interval begin="26200.00" end="26300.00" id="inductionLoop.S2" nVehContrib="10" flow="360.00" occupancy="62.76" speed="8.01" harmonicMeanSpeed="0.80" length="5.00" nVehEntered="11"/>
    <interval begin="26300.00" end="26400.00" id="inductionLoop.S2" nVehContrib="4" flow="144.00" occupancy="56.13" speed="4.62" harmonicMeanSpeed="0.36" length="5.00" nVehEntered="5"/>
    <interval begin="26400.00" end="26500.00" id="inductionLoop.S2" nVehContrib="8" flow="288.00" occupancy="9.55" speed="6.97" harmonicMeanSpeed="4.48" length="5.00" nVehEntered="9"/>
    <interval begin="26500.00" end="26600.00" id="inductionLoop.S2" nVehContrib="13" flow="468.00" occupancy="24.82" speed="6.25" harmonicMeanSpeed="2.62" length="5.00" nVehEntered="13"/>
    <interval begin="26600.00" end="26700.00" id="inductionLoop.S2" nVehContrib="9" flow="324.00" occupancy="4.60" speed="11.83" harmonicMeanSpeed="10.69" length="5.00" nVehEntered="11"/>
    <interval begin="26700.00" end="26800.00" id="inductionLoop.S2" nVehContrib="7" flow="252.00" occupancy="25.10" speed="6.28" harmonicMeanSpeed="1.40" length="5.00" nVehEntered="8"/>
    <interval begin="26800.00" end="26900.00" id="inductionLoop.S2" nVehContrib="7" flow="252.00" occupancy="5.54" speed="9.70" harmonicMeanSpeed="6.79" length="5.00" nVehEntered="8"/>
    <interval begin="26900.00" end="27000.00" id="inductionLoop.S2" nVehContrib="5" flow="180.00" occupancy="4.70" speed="7.03" harmonicMeanSpeed="5.32" length="5.00" nVehEntered="5"/>
    <interval begin="27000.00" end="27100.00" id="inductionLoop.S2" nVehContrib="6" flow="216.00" occupancy="3.20" speed="10.82" harmonicMeanSpeed="10.48" length="5.00" nVehEntered="7"/>
    <interval begin="27100.00" end="27200.00" id="inductionLoop.S2" nVehContrib="4" flow="144.00" occupancy="1.90" speed="12.39" harmonicMeanSpeed="12.21" length="5.00" nVehEntered="5"/>
    <interval begin="27200.00" end="27300.00" id="inductionLoop.S2" nVehContrib="4" flow="144.00" occupancy="1.53" speed="13.05" harmonicMeanSpeed="13.04" length="5.00" nVehEntered="4"/>
    <interval begin="27300.00" end="27400.00" id="inductionLoop.S2" nVehContrib="11" flow="396.00" occupancy="27.23" speed="7.99" harmonicMeanSpeed="2.10" length="5.00" nVehEntered="14"/>
    <interval begin="27400.00" end="27500.00" id="inductionLoop.S2" nVehContrib="7" flow="252.00" occupancy="31.91" speed="5.46" harmonicMeanSpeed="2.43" length="5.00" nVehEntered="8"/>
    <interval begin="27500.00" end="27600.00" id="inductionLoop.S2" nVehContrib="10" flow="360.00" occupancy="64.99" speed="5.61" harmonicMeanSpeed="1.05" length="5.00" nVehEntered="10"/>
    <interval begin="27600.00" end="27700.00" id="inductionLoop.S2" nVehContrib="10" flow="360.00" occupancy="30.29" speed="3.89" harmonicMeanSpeed="0.77" length="5.00" nVehEntered="9"/>
    <interval begin="27700.00" end="27800.00" id="inductionLoop.S2" nVehContrib="13" flow="468.00" occupancy="21.20" speed="5.33" harmonicMeanSpeed="3.07" length="5.00" nVehEntered="13"/>
    <interval begin="27800.00" end="27900.00" id="inductionLoop.S2" nVehContrib="3" flow="108.00" occupancy="63.34" speed="4.29" harmonicMeanSpeed="0.24" length="5.00" nVehEntered="3"/>
    <interval begin="27900.00" end="28000.00" id="inductionLoop.S2" nVehContrib="10" flow="360.00" occupancy="11.76" speed="6.24" harmonicMeanSpeed="4.25" length="5.00" nVehEntered="10"/>
    <interval begin="28000.00" end="28100.00" id="inductionLoop.S2" nVehContrib="14" flow="504.00" occupancy="29.32" speed="5.36" harmonicMeanSpeed="2.39" length="5.00" nVehEntered="14"/>
    <interval begin="28100.00" end="28200.00" id="inductionLoop.S2" nVehContrib="11" flow="396.00" occupancy="19.97" speed="5.60" harmonicMeanSpeed="2.90" length="5.00" nVehEntered="12"/>
    <interval begin="28200.00" end="28300.00" id="inductionLoop.S2" nVehContrib="10" flow="360.00" occupancy="68.55" speed="3.72" harmonicMeanSpeed="0.72" length="5.00" nVehEntered="10"/>
    <interval begin="28300.00" end="28400.00" id="inductionLoop.S2" nVehContrib="11" flow="396.00" occupancy="19.45" speed="5.81" harmonicMeanSpeed="3.00" length="5.00" nVehEntered="11"/>
    <interval begin="28400.00" end="28500.00" id="inductionLoop.S2" nVehContrib="16" flow="576.00" occupancy="39.78" speed="5.35" harmonicMeanSpeed="3.61" length="5.00" nVehEntered="16"/>
    <interval begin="28500.00" end="28600.00" id="inductionLoop.S2" nVehContrib="7" flow="252.00" occupancy="41.72" speed="3.09" harmonicMeanSpeed="0.57" length="5.00" nVehEntered="6"/>
    <interval begin="28600.00" end="28700.00" id="inductionLoop.S2" nVehContrib="11" flow="396.00" occupancy="19.39" speed="8.39" harmonicMeanSpeed="2.84" length="5.00" nVehEntered="11"/>
    <interval begin="28700.00" end="28800.00" id="inductionLoop.S2" nVehContrib="11" flow="396.00" occupancy="11.63" speed="7.54" harmonicMeanSpeed="5.24" length="5.00" nVehEntered="13"/>
    <interval begin="28800.00" end="28900.00" id="inductionLoop.S2" nVehContrib="9" flow="324.00" occupancy="11.27" speed="5.27" harmonicMeanSpeed="3.77" length="5.00" nVehEntered="9"/>
    <interval begin="28900.00" end="29000.00" id="inductionLoop.S2" nVehContrib="6" flow="216.00" occupancy="9.65" speed="4.90" harmonicMeanSpeed="3.11" length="5.00" nVehEntered="6"/>
    <interval begin="29000.00" end="29100.00" id="inductionLoop.S2" nVehContrib="12" flow="432.00" occupancy="20.78" speed="4.24" harmonicMeanSpeed="2.89" length="5.00" nVehEntered="12"/>
    <interval begin="29100.00" end="29200.00" id="inductionLoop.S2" nVehContrib="8" flow="288.00" occupancy="15.69" speed="3.98" harmonicMeanSpeed="2.55" length="5.00" nVehEntered="8"/>
    <interval begin="29200.00" end="29300.00" id="inductionLoop.S2" nVehContrib="10" flow="360.00" occupancy="5.15" speed="10.00" harmonicMeanSpeed="9.71" length="5.00" nVehEntered="10"/>
    <interval begin="29300.00" end="29400.00" id="inductionLoop.S2" nVehContrib="6" flow="216.00" occupancy="8.91" speed="10.62" harmonicMeanSpeed="3.41" length="5.00" nVehEntered="7"/>
    <interval begin="29400.00" end="29500.00" id="inductionLoop.S2" nVehContrib="9" flow="324.00" occupancy="11.20" speed="8.40" harmonicMeanSpeed="4.12" length="5.00" nVehEntered="10"/>
    <interval begin="29500.00" end="29600.00" id="inductionLoop.S2" nVehContrib="4" flow="144.00" occupancy="3.53" speed="9.37" harmonicMeanSpeed="7.29" length="5.00" nVehEntered="6"/>
    <interval begin="29600.00" end="29700.00" id="inductionLoop.S2" nVehContrib="7" flow="252.00" occupancy="6.59" speed="10.34" harmonicMeanSpeed="5.57" length="5.00" nVehEntered="9"/>
    <interval begin="29700.00" end="29800.00" id="inductionLoop.S2" nVehContrib="7" flow="252.00" occupancy="23.39" speed="7.83" harmonicMeanSpeed="1.50" length="5.00" nVehEntered="7"/>
    <interval begin="29800.00" end="29900.00" id="inductionLoop.S2" nVehContrib="5" flow="180.00" occupancy="2.41" speed="10.60" harmonicMeanSpeed="10.36" length="5.00" nVehEntered="5"/>
    <interval begin="29900.00" end="30000.00" id="inductionLoop.S2" nVehContrib="0" flow="0.00" occupancy="0.00" speed="-1.00" harmonicMeanSpeed="-1.00" length="-1.00" nVehEntered="0"/>
    <interval begin="30000.00" end="30100.00" id="inductionLoop.S2" nVehContrib="1" flow="36.00" occupancy="1.23" speed="4.08" harmonicMeanSpeed="4.08" length="5.00" nVehEntered="1"/>
    <interval begin="30100.00" end="30200.00" id="inductionLoop.S2" nVehContrib="2" flow="72.00" occupancy="0.69" speed="14.55" harmonicMeanSpeed="14.48" length="5.00" nVehEntered="2"/>
    <interval begin="30200.00" end="30300.00" id="inductionLoop.S2" nVehContrib="3" flow="108.00" occupancy="1.77" speed="10.39" harmonicMeanSpeed="9.95" length="5.00" nVehEntered="4"/>
    <interval begin="30300.00" end="30400.00" id="inductionLoop.S2" nVehContrib="3" flow="108.00" occupancy="1.18" speed="12.75" harmonicMeanSpeed="12.73" length="5.00" nVehEntered="3"/>
    <interval begin="30400.00" end="30500.00" id="inductionLoop.S2" nVehContrib="3" flow="108.00" occupancy="1.80" speed="10.23" harmonicMeanSpeed="8.35" length="5.00" nVehEntered="3"/>
    <interval begin="30500.00" end="30600.00" id="inductionLoop.S2" nVehContrib="2" flow="72.00" occupancy="0.69" speed="14.51" harmonicMeanSpeed="14.48" length="5.00" nVehEntered="2"/>
    <interval begin="30600.00" end="30700.00" id="inductionLoop.S2" nVehContrib="1" flow="36.00" occupancy="0.37" speed="13.64" harmonicMeanSpeed="13.64" length="5.00" nVehEntered="1"/>
    <interval begin="30700.00" end="30800.00" id="inductionLoop.S2" nVehContrib="0" flow="0.00" occupancy="0.00" speed="-1.00" harmonicMeanSpeed="-1.00" length="-1.00" nVehEntered="0"/>
    <interval begin="30800.00" end="30900.00" id="inductionLoop.S2" nVehContrib="0" flow="0.00" occupancy="0.00" speed="-1.00" harmonicMeanSpeed="-1.00" length="-1.00" nVehEntered="0"/>
    <interval begin="30900.00" end="31000.00" id="inductionLoop.S2" nVehContrib="1" flow="36.00" occupancy="0.38" speed="13.10" harmonicMeanSpeed="13.10" length="5.00" nVehEntered="1"/>
    <interval begin="31000.00" end="31100.00" id="inductionLoop.S2" nVehContrib="4" flow="144.00" occupancy="3.30" speed="8.37" harmonicMeanSpeed="6.24" length="5.00" nVehEntered="5"/>
    <interval begin="31100.00" end="31200.00" id="inductionLoop.S2" nVehContrib="3" flow="108.00" occupancy="1.49" speed="12.17" harmonicMeanSpeed="12.12" length="5.00" nVehEntered="5"/>
    <interval begin="31200.00" end="31300.00" id="inductionLoop.S2" nVehContrib="6" flow="216.00" occupancy="2.57" speed="11.75" harmonicMeanSpeed="11.66" length="5.00" nVehEntered="6"/>
    <interval begin="31300.00" end="31400.00" id="inductionLoop.S2" nVehContrib="6" flow="216.00" occupancy="3.55" speed="9.44" harmonicMeanSpeed="8.46" length="5.00" nVehEntered="6"/>
    <interval begin="31400.00" end="31500.00" id="inductionLoop.S2" nVehContrib="11" flow="396.00" occupancy="14.79" speed="9.91" harmonicMeanSpeed="3.74" length="5.00" nVehEntered="12"/>
    <interval begin="31500.00" end="31600.00" id="inductionLoop.S2" nVehContrib="7" flow="252.00" occupancy="10.47" speed="6.55" harmonicMeanSpeed="3.43" length="5.00" nVehEntered="8"/>
    <interval begin="31600.00" end="31700.00" id="inductionLoop.S2" nVehContrib="3" flow="108.00" occupancy="3.48" speed="6.59" harmonicMeanSpeed="5.04" length="5.00" nVehEntered="4"/>
    <interval begin="31700.00" end="31800.00" id="inductionLoop.S2" nVehContrib="5" flow="180.00" occupancy="2.50" speed="10.83" harmonicMeanSpeed="10.55" length="5.00" nVehEntered="6"/>
    <interval begin="31800.00" end="31900.00" id="inductionLoop.S2" nVehContrib="5" flow="180.00" occupancy="9.53" speed="8.61" harmonicMeanSpeed="2.78" length="5.00" nVehEntered="7"/>
    <interval begin="31900.00" end="32000.00" id="inductionLoop.S2" nVehContrib="1" flow="36.00" occupancy="0.37" speed="13.43" harmonicMeanSpeed="13.43" length="5.00" nVehEntered="1"/>
    <interval begin="32000.00" end="32100.00" id="inductionLoop.S2" nVehContrib="3" flow="108.00" occupancy="1.26" speed="12.21" harmonicMeanSpeed="12.14" length="5.00" nVehEntered="4"/>
    <interval begin="32100.00" end="32200.00" id="inductionLoop.S2" nVehContrib="1" flow="36.00" occupancy="0.36" speed="13.97" harmonicMeanSpeed="13.97" length="5.00" nVehEntered="1"/>
    <interval begin="32200.00" end="32300.00" id="inductionLoop.S2" nVehContrib="0" flow="0.00" occupancy="0.00" speed="-1.00" harmonicMeanSpeed="-1.00" length="-1.00" nVehEntered="0"/>
    <interval begin="32300.00" end="32400.00" id="inductionLoop.S2" nVehContrib="1" flow="36.00" occupancy="1.20" speed="4.18" harmonicMeanSpeed="4.18" length="5.00" nVehEntered="1"/>
    <interval begin="32400.00" end="32500.00" id="inductionLoop.S2" nVehContrib="6" flow="216.00" occupancy="4.43" speed="8.31" harmonicMeanSpeed="6.77" length="5.00" nVehEntered="6"/>
    <interval begin="32500.00" end="32600.00" id="inductionLoop.S2" nVehContrib="6" flow="216.00" occupancy="50.60" speed="5.11" harmonicMeanSpeed="0.61" length="5.00" nVehEntered="9"/>
    <interval begin="32600.00" end="32700.00" id="inductionLoop.S2" nVehContrib="8" flow="288.00" occupancy="58.10" speed="3.96" harmonicMeanSpeed="0.82" length="5.00" nVehEntered="10"/>
    <interval begin="32700.00" end="32800.00" id="inductionLoop.S2" nVehContrib="5" flow="180.00" occupancy="80.04" speed="2.06" harmonicMeanSpeed="0.29" length="5.00" nVehEntered="4"/>
    <interval begin="32800.00" end="32900.00" id="inductionLoop.S2" nVehContrib="1" flow="36.00" occupancy="0.56" speed="8.95" harmonicMeanSpeed="8.95" length="5.00" nVehEntered="1"/>
    <interval begin="32900.00" end="33000.00" id="inductionLoop.S2" nVehContrib="0" flow="0.00" occupancy="0.00" speed="-1.00" harmonicMeanSpeed="-1.00" length="-1.00" nVehEntered="0"/>
    <interval begin="33000.00" end="33100.00" id="inductionLoop.S2" nVehContrib="1" flow="36.00" occupancy="0.40" speed="12.46" harmonicMeanSpeed="12.46" length="5.00" nVehEntered="1"/>
    <interval begin="33100.00" end="33200.00" id="inductionLoop.S2" nVehContrib="6" flow="216.00" occupancy="3.76" speed="10.12" harmonicMeanSpeed="7.97" length="5.00" nVehEntered="6"/>
    <interval begin="33200.00" end="33300.00" id="inductionLoop.S2" nVehContrib="8" flow="288.00" occupancy="23.77" speed="8.23" harmonicMeanSpeed="1.70" length="5.00" nVehEntered="9"/>
    <interval begin="33300.00" end="33400.00" id="inductionLoop.S2" nVehContrib="8" flow="288.00" occupancy="48.62" speed="4.04" harmonicMeanSpeed="0.85" length="5.00" nVehEntered="11"/>
    <interval begin="33400.00" end="33500.00" id="inductionLoop.S2" nVehContrib="10" flow="360.00" occupancy="10.78" speed="6.42" harmonicMeanSpeed="4.63" length="5.00" nVehEntered="10"/>
    <interval begin="33500.00" end="33600.00" id="inductionLoop.S2" nVehContrib="13" flow="468.00" occupancy="30.49" speed="7.63" harmonicMeanSpeed="2.13" length="5.00" nVehEntered="14"/>
    <interval begin="33600.00" end="33700.00" id="inductionLoop.S2" nVehContrib="7" flow="252.00" occupancy="33.11" speed="8.16" harmonicMeanSpeed="1.07" length="5.00" nVehEntered="8"/>
    <interval begin="33700.00" end="33800.00" id="inductionLoop.S2" nVehContrib="3" flow="108.00" occupancy="2.19" speed="8.98" harmonicMeanSpeed="6.84" length="5.00" nVehEntered="3"/>
    <interval begin="33800.00" end="33900.00" id="inductionLoop.S2" nVehContrib="1" flow="36.00" occupancy="0.43" speed="11.67" harmonicMeanSpeed="11.67" length="5.00" nVehEntered="1"/>
    <interval begin="33900.00" end="34000.00" id="inductionLoop.S2" nVehContrib="5" flow="180.00" occupancy="2.11" speed="12.16" harmonicMeanSpeed="11.85" length="5.00" nVehEntered="5"/>
    <interval begin="34000.00" end="34100.00" id="inductionLoop.S2" nVehContrib="3" flow="108.00" occupancy="1.91" speed="9.41" harmonicMeanSpeed="7.84" length="5.00" nVehEntered="3"/>
    <interval begin="34100.00" end="34200.00" id="inductionLoop.S2" nVehContrib="6" flow="216.00" occupancy="4.14" speed="9.99" harmonicMeanSpeed="7.25" length="5.00" nVehEntered="6"/>
    <interval begin="34200.00" end="34300.00" id="inductionLoop.S2" nVehContrib="1" flow="36.00" occupancy="0.35" speed="14.40" harmonicMeanSpeed="14.40" length="5.00" nVehEntered="1"/>
    <interval begin="34300.00" end="34400.00" id="inductionLoop.S2" nVehContrib="5" flow="180.00" occupancy="3.67" speed="9.22" harmonicMeanSpeed="6.82" length="5.00" nVehEntered="5"/>
    <interval begin="34400.00" end="34500.00" id="inductionLoop.S2" nVehContrib="5" flow="180.00" occupancy="2.03" speed="12.79" harmonicMeanSpeed="12.77" length="5.00" nVehEntered="6"/>
    <interval begin="34500.00" end="34600.00" id="inductionLoop.S2" nVehContrib="10" flow="360.00" occupancy="11.81" speed="9.01" harmonicMeanSpeed="4.38" length="5.00" nVehEntered="11"/>
    <interval begin="34600.00" end="34700.00" id="inductionLoop.S2" nVehContrib="5" flow="180.00" occupancy="2.35" speed="10.83" harmonicMeanSpeed="10.64" length="5.00" nVehEntered="5"/>
    <interval begin="34700.00" end="34800.00" id="inductionLoop.S2" nVehContrib="9" flow="324.00" occupancy="10.69" speed="8.13" harmonicMeanSpeed="4.65" length="5.00" nVehEntered="10"/>
    <interval begin="34800.00" end="34900.00" id="inductionLoop.S2" nVehContrib="6" flow="216.00" occupancy="8.61" speed="8.98" harmonicMeanSpeed="6.38" length="5.00" nVehEntered="9"/>
    <interval begin="34900.00" end="35000.00" id="inductionLoop.S2" nVehContrib="7" flow="252.00" occupancy="14.94" speed="5.04" harmonicMeanSpeed="2.32" length="5.00" nVehEntered="8"/>
    <interval begin="35000.00" end="35100.00" id="inductionLoop.S2" nVehContrib="12" flow="432.00" occupancy="40.17" speed="6.30" harmonicMeanSpeed="1.50" length="5.00" nVehEntered="13"/>
    <interval begin="35100.00" end="35200.00" id="inductionLoop.S2" nVehContrib="10" flow="360.00" occupancy="54.07" speed="5.01" harmonicMeanSpeed="0.92" length="5.00" nVehEntered="10"/>
    <interval begin="35200.00" end="35300.00" id="inductionLoop.S2" nVehContrib="8" flow="288.00" occupancy="30.56" speed="3.18" harmonicMeanSpeed="2.31" length="5.00" nVehEntered="9"/>
    <interval begin="35300.00" end="35400.00" id="inductionLoop.S2" nVehContrib="7" flow="252.00" occupancy="41.59" speed="2.93" harmonicMeanSpeed="0.64" length="5.00" nVehEntered="6"/>
    <interval begin="35400.00" end="35500.00" id="inductionLoop.S2" nVehContrib="10" flow="360.00" occupancy="40.62" speed="3.71" harmonicMeanSpeed="1.23" length="5.00" nVehEntered="10"/>
    <interval begin="35500.00" end="35600.00" id="inductionLoop.S2" nVehContrib="3" flow="108.00" occupancy="2.35" speed="7.86" harmonicMeanSpeed="6.39" length="5.00" nVehEntered="3"/>
    <interval begin="35600.00" end="35700.00" id="inductionLoop.S2" nVehContrib="0" flow="0.00" occupancy="0.00" speed="-1.00" harmonicMeanSpeed="-1.00" length="-1.00" nVehEntered="0"/>
    <interval begin="35700.00" end="35800.00" id="inductionLoop.S2" nVehContrib="4" flow="144.00" occupancy="2.30" speed="10.43" harmonicMeanSpeed="10.01" length="5.00" nVehEntered="5"/>
    <interval begin="35800.00" end="35900.00" id="inductionLoop.S2" nVehContrib="10" flow="360.00" occupancy="22.50" speed="6.50" harmonicMeanSpeed="2.22" length="5.00" nVehEntered="10"/>
    <interval begin="35900.00" end="36000.00" id="inductionLoop.S2" nVehContrib="6" flow="216.00" occupancy="35.20" speed="3.62" harmonicMeanSpeed="1.11" length="5.00" nVehEntered="8"/>
    <interval begin="36000.00" end="36100.00" id="inductionLoop.S2" nVehContrib="6" flow="216.00" occupancy="35.16" speed="3.69" harmonicMeanSpeed="0.87" length="5.00" nVehEntered="7"/>
    <interval begin="36100.00" end="36200.00" id="inductionLoop.S2" nVehContrib="0" flow="0.00" occupancy="0.00" speed="-1.00" harmonicMeanSpeed="-1.00" length="-1.00" nVehEntered="0"/>
    <interval begin="36200.00" end="36300.00" id="inductionLoop.S2" nVehContrib="0" flow="0.00" occupancy="0.00" speed="-1.00" harmonicMeanSpeed="-1.00" length="-1.00" nVehEntered="0"/>
    <interval begin="36300.00" end="36400.00" id="inductionLoop.S2" nVehContrib="3" flow="108.00" occupancy="1.12" speed="13.54" harmonicMeanSpeed="13.39" length="5.00" nVehEntered="3"/>
    <interval begin="36400.00" end="36500.00" id="inductionLoop.S2" nVehContrib="7" flow="252.00" occupancy="19.08" speed="6.62" harmonicMeanSpeed="1.83" length="5.00" nVehEntered="7"/>
    <interval begin="36500.00" end="36600.00" id="inductionLoop.S2" nVehContrib="11" flow="396.00" occupancy="7.96" speed="8.41" harmonicMeanSpeed="7.06" length="5.00" nVehEntered="13"/>
    <interval begin="36600.00" end="36700.00" id="inductionLoop.S2" nVehContrib="5" flow="180.00" occupancy="52.43" speed="1.57" harmonicMeanSpeed="0.48" length="5.00" nVehEntered="5"/>
    <interval begin="36700.00" end="36800.00" id="inductionLoop.S2" nVehContrib="8" flow="288.00" occupancy="21.01" speed="6.00" harmonicMeanSpeed="5.13" length="5.00" nVehEntered="9"/>
    <interval begin="36800.00" end="36900.00" id="inductionLoop.S2" nVehContrib="6" flow="216.00" occupancy="45.95" speed="3.03" harmonicMeanSpeed="0.63" length="5.00" nVehEntered="6"/>
    <interval begin="36900.00" end="37000.00" id="inductionLoop.S2" nVehContrib="10" flow="360.00" occupancy="61.31" speed="3.83" harmonicMeanSpeed="0.87" length="5.00" nVehEntered="10"/>
    <interval begin="37000.00" end="37100.00" id="inductionLoop.S2" nVehContrib="8" flow="288.00" occupancy="68.01" speed="5.52" harmonicMeanSpeed="0.55" length="5.00" nVehEntered="8"/>
    <interval begin="37100.00" end="37200.00" id="inductionLoop.S2" nVehContrib="7" flow="252.00" occupancy="29.88" speed="4.20" harmonicMeanSpeed="0.87" length="5.00" nVehEntered="7"/>
    <interval begin="37200.00" end="37300.00" id="inductionLoop.S2" nVehContrib="7" flow="252.00" occupancy="27.37" speed="4.95" harmonicMeanSpeed="1.28" length="5.00" nVehEntered="7"/>
    <interval begin="37300.00" end="37400.00" id="inductionLoop.S2" nVehContrib="9" flow="324.00" occupancy="15.18" speed="4.79" harmonicMeanSpeed="3.00" length="5.00" nVehEntered="10"/>
    <interval begin="37400.00" end="37500.00" id="inductionLoop.S2" nVehContrib="6" flow="216.00" occupancy="16.18" speed="2.22" harmonicMeanSpeed="1.94" length="5.00" nVehEntered="7"/>
    <interval begin="37500.00" end="37600.00" id="inductionLoop.S2" nVehContrib="9" flow="324.00" occupancy="26.17" speed="8.52" harmonicMeanSpeed="1.74" length="5.00" nVehEntered="10"/>
    <interval begin="37600.00" end="37700.00" id="inductionLoop.S2" nVehContrib="10" flow="360.00" occupancy="39.93" speed="7.81" harmonicMeanSpeed="1.26" length="5.00" nVehEntered="11"/>
    <interval begin="37700.00" end="37800.00" id="inductionLoop.S2" nVehContrib="10" flow="360.00" occupancy="25.65" speed="9.10" harmonicMeanSpeed="8.04" length="5.00" nVehEntered="12"/>
    <interval begin="37800.00" end="37900.00" id="inductionLoop.S2" nVehContrib="11" flow="396.00" occupancy="13.66" speed="6.28" harmonicMeanSpeed="1.67" length="5.00" nVehEntered="11"/>
    <interval begin="37900.00" end="38000.00" id="inductionLoop.S2" nVehContrib="9" flow="324.00" occupancy="13.47" speed="6.61" harmonicMeanSpeed="3.48" length="5.00" nVehEntered="10"/>
    <interval begin="38000.00" end="38100.00" id="inductionLoop.S2" nVehContrib="10" flow="360.00" occupancy="21.47" speed="7.57" harmonicMeanSpeed="4.93" length="5.00" nVehEntered="10"/>
    <interval begin="38100.00" end="38200.00" id="inductionLoop.S2" nVehContrib="7" flow="252.00" occupancy="64.17" speed="1.50" harmonicMeanSpeed="0.55" length="5.00" nVehEntered="8"/>
    <interval begin="38200.00" end="38300.00" id="inductionLoop.S2" nVehContrib="11" flow="396.00" occupancy="15.58" speed="5.48" harmonicMeanSpeed="3.32" length="5.00" nVehEntered="10"/>
    <interval begin="38300.00" end="38400.00" id="inductionLoop.S2" nVehContrib="8" flow="288.00" occupancy="68.24" speed="3.25" harmonicMeanSpeed="0.59" length="5.00" nVehEntered="8"/>
    <interval begin="38400.00" end="38500.00" id="inductionLoop.S2" nVehContrib="7" flow="252.00" occupancy="28.98" speed="10.15" harmonicMeanSpeed="9.93" length="5.00" nVehEntered="9"/>
    <interval begin="38500.00" end="38600.00" id="inductionLoop.S2" nVehContrib="9" flow="324.00" occupancy="7.95" speed="9.05" harmonicMeanSpeed="1.38" length="5.00" nVehEntered="8"/>
    <interval begin="38600.00" end="38700.00" id="inductionLoop.S2" nVehContrib="6" flow="216.00" occupancy="29.20" speed="4.17" harmonicMeanSpeed="1.03" length="5.00" nVehEntered="7"/>
    <interval begin="38700.00" end="38800.00" id="inductionLoop.S2" nVehContrib="7" flow="252.00" occupancy="32.07" speed="7.48" harmonicMeanSpeed="1.10" length="5.00" nVehEntered="7"/>
    <interval begin="38800.00" end="38900.00" id="inductionLoop.S2" nVehContrib="8" flow="288.00" occupancy="8.85" speed="6.74" harmonicMeanSpeed="4.98" length="5.00" nVehEntered="9"/>
    <interval begin="38900.00" end="39000.00" id="inductionLoop.S2" nVehContrib="10" flow="360.00" occupancy="46.69" speed="5.98" harmonicMeanSpeed="2.08" length="5.00" nVehEntered="10"/>
    <interval begin="39000.00" end="39100.00" id="inductionLoop.S2" nVehContrib="15" flow="540.00" occupancy="31.77" speed="7.21" harmonicMeanSpeed="1.36" length="5.00" nVehEntered="15"/>
    <interval begin="39100.00" end="39200.00" id="inductionLoop.S2" nVehContrib="9" flow="324.00" occupancy="24.23" speed="5.15" harmonicMeanSpeed="1.86" length="5.00" nVehEntered="9"/>
    <interval begin="39200.00" end="39300.00" id="inductionLoop.S2" nVehContrib="5" flow="180.00" occupancy="9.14" speed="4.72" harmonicMeanSpeed="2.73" length="5.00" nVehEntered="5"/>
    <interval begin="39300.00" end="39400.00" id="inductionLoop.S2" nVehContrib="7" flow="252.00" occupancy="10.06" speed="4.90" harmonicMeanSpeed="3.59" length="5.00" nVehEntered="8"/>
    <interval begin="39400.00" end="39500.00" id="inductionLoop.S2" nVehContrib="9" flow="324.00" occupancy="27.99" speed="6.47" harmonicMeanSpeed="4.37" length="5.00" nVehEntered="10"/>
    <interval begin="39500.00" end="39600.00" id="inductionLoop.S2" nVehContrib="12" flow="432.00" occupancy="74.63" speed="6.20" harmonicMeanSpeed="0.65" length="5.00" nVehEntered="11"/>
    <interval begin="39600.00" end="39700.00" id="inductionLoop.S2" nVehContrib="13" flow="468.00" occupancy="13.09" speed="7.85" harmonicMeanSpeed="4.96" length="5.00" nVehEntered="13"/>
    <interval begin="39700.00" end="39800.00" id="inductionLoop.S2" nVehContrib="3" flow="108.00" occupancy="12.86" speed="3.65" harmonicMeanSpeed="1.81" length="5.00" nVehEntered="4"/>
    <interval begin="39800.00" end="39900.00" id="inductionLoop.S2" nVehContrib="10" flow="360.00" occupancy="28.38" speed="4.87" harmonicMeanSpeed="3.00" length="5.00" nVehEntered="11"/>
    <interval begin="39900.00" end="40000.00" id="inductionLoop.S2" nVehContrib="13" flow="468.00" occupancy="17.14" speed="6.57" harmonicMeanSpeed="3.79" length="5.00" nVehEntered="13"/>
    <interval begin="40000.00" end="40100.00" id="inductionLoop.S2" nVehContrib="4" flow="144.00" occupancy="57.15" speed="3.73" harmonicMeanSpeed="1.87" length="5.00" nVehEntered="5"/>
    <interval begin="40100.00" end="40200.00" id="inductionLoop.S2" nVehContrib="9" flow="324.00" occupancy="46.62" speed="3.95" harmonicMeanSpeed="0.48" length="5.00" nVehEntered="8"/>
    <interval begin="40200.00" end="40300.00" id="inductionLoop.S2" nVehContrib="5" flow="180.00" occupancy="40.11" speed="7.01" harmonicMeanSpeed="5.03" length="5.00" nVehEntered="7"/>
    <interval begin="40300.00" end="40400.00" id="inductionLoop.S2" nVehContrib="6" flow="216.00" occupancy="9.75" speed="3.93" harmonicMeanSpeed="3.08" length="5.00" nVehEntered="6"/>
    <interval begin="40400.00" end="40500.00" id="inductionLoop.S2" nVehContrib="13" flow="468.00" occupancy="21.13" speed="5.09" harmonicMeanSpeed="3.08" length="5.00" nVehEntered="13"/>
    <interval begin="40500.00" end="40600.00" id="inductionLoop.S2" nVehContrib="2" flow="72.00" occupancy="7.55" speed="1.52" harmonicMeanSpeed="1.50" length="5.00" nVehEntered="3"/>
    <interval begin="40600.00" end="40700.00" id="inductionLoop.S2" nVehContrib="18" flow="648.00" occupancy="70.96" speed="7.52" harmonicMeanSpeed="4.33" length="5.00" nVehEntered="18"/>
    <interval begin="40700.00" end="40800.00" id="inductionLoop.S2" nVehContrib="9" flow="324.00" occupancy="13.26" speed="5.41" harmonicMeanSpeed="0.70" length="5.00" nVehEntered="8"/>
    <interval begin="40800.00" end="40900.00" id="inductionLoop.S2" nVehContrib="4" flow="144.00" occupancy="6.32" speed="5.42" harmonicMeanSpeed="3.44" length="5.00" nVehEntered="5"/>
    <interval begin="40900.00" end="41000.00" id="inductionLoop.S2" nVehContrib="7" flow="252.00" occupancy="10.86" speed="5.08" harmonicMeanSpeed="3.22" length="5.00" nVehEntered="7"/>
    <interval begin="41000.00" end="41100.00" id="inductionLoop.S2" nVehContrib="10" flow="360.00" occupancy="34.06" speed="8.13" harmonicMeanSpeed="1.47" length="5.00" nVehEntered="10"/>
    <interval begin="41100.00" end="41200.00" id="inductionLoop.S2" nVehContrib="15" flow="540.00" occupancy="14.95" speed="7.44" harmonicMeanSpeed="5.02" length="5.00" nVehEntered="15"/>
    <interval begin="41200.00" end="41300.00" id="inductionLoop.S2" nVehContrib="2" flow="72.00" occupancy="1.87" speed="5.38" harmonicMeanSpeed="5.35" length="5.00" nVehEntered="2"/>
    <interval begin="41300.00" end="41400.00" id="inductionLoop.S2" nVehContrib="11" flow="396.00" occupancy="6.82" speed="8.97" harmonicMeanSpeed="8.07" length="5.00" nVehEntered="11"/>
    <interval begin="41400.00" end="41500.00" id="inductionLoop.S2" nVehContrib="3" flow="108.00" occupancy="73.81" speed="1.93" harmonicMeanSpeed="0.33" length="5.00" nVehEntered="4"/>
    <interval begin="41500.00" end="41600.00" id="inductionLoop.S2" nVehContrib="7" flow="252.00" occupancy="54.57" speed="4.88" harmonicMeanSpeed="0.42" length="5.00" nVehEntered="6"/>
    <interval begin="41600.00" end="41700.00" id="inductionLoop.S2" nVehContrib="2" flow="72.00" occupancy="3.07" speed="5.59" harmonicMeanSpeed="3.26" length="5.00" nVehEntered="2"/>
    <interval begin="41700.00" end="41800.00" id="inductionLoop.S2" nVehContrib="11" flow="396.00" occupancy="9.87" speed="7.09" harmonicMeanSpeed="5.57" length="5.00" nVehEntered="11"/>
    <interval begin="41800.00" end="41900.00" id="inductionLoop.S2" nVehContrib="1" flow="36.00" occupancy="0.93" speed="5.38" harmonicMeanSpeed="5.38" length="5.00" nVehEntered="1"/>
    <interval begin="41900.00" end="42000.00" id="inductionLoop.S2" nVehContrib="3" flow="108.00" occupancy="65.49" speed="6.46" harmonicMeanSpeed="0.27" length="5.00" nVehEntered="5"/>
    <interval begin="42000.00" end="42100.00" id="inductionLoop.S2" nVehContrib="18" flow="648.00" occupancy="52.59" speed="6.23" harmonicMeanSpeed="1.85" length="5.00" nVehEntered="18"/>
    <interval begin="42100.00" end="42200.00" id="inductionLoop.S2" nVehContrib="8" flow="288.00" occupancy="64.74" speed="2.71" harmonicMeanSpeed="0.52" length="5.00" nVehEntered="7"/>
    <interval begin="42200.00" end="42300.00" id="inductionLoop.S2" nVehContrib="3" flow="108.00" occupancy="2.39" speed="7.91" harmonicMeanSpeed="6.27" length="5.00" nVehEntered="3"/>
    <interval begin="42300.00" end="42400.00" id="inductionLoop.S2" nVehContrib="5" flow="180.00" occupancy="5.77" speed="4.70" harmonicMeanSpeed="4.33" length="5.00" nVehEntered="5"/>
    <interval begin="42400.00" end="42500.00" id="inductionLoop.S2" nVehContrib="3" flow="108.00" occupancy="20.12" speed="5.61" harmonicMeanSpeed="0.75" length="5.00" nVehEntered="3"/>
    <interval begin="42500.00" end="42600.00" id="inductionLoop.S2" nVehContrib="19" flow="684.00" occupancy="18.16" speed="7.59" harmonicMeanSpeed="5.23" length="5.00" nVehEntered="19"/>
    <interval begin="42600.00" end="42700.00" id="inductionLoop.S2" nVehContrib="12" flow="432.00" occupancy="16.52" speed="7.01" harmonicMeanSpeed="3.63" length="5.00" nVehEntered="12"/>
    <interval begin="42700.00" end="42800.00" id="inductionLoop.S2" nVehContrib="15" flow="540.00" occupancy="17.34" speed="7.07" harmonicMeanSpeed="4.32" length="5.00" nVehEntered="15"/>
    <interval begin="42800.00" end="42900.00" id="inductionLoop.S2" nVehContrib="2" flow="72.00" occupancy="3.48" speed="3.76" harmonicMeanSpeed="2.88" length="5.00" nVehEntered="2"/>
    <interval begin="42900.00" end="43000.00" id="inductionLoop.S2" nVehContrib="3" flow="108.00" occupancy="20.53" speed="1.17" harmonicMeanSpeed="0.78" length="5.00" nVehEntered="4"/>
    <interval begin="43000.00" end="43100.00" id="inductionLoop.S2" nVehContrib="12" flow="432.00" occupancy="64.16" speed="6.98" harmonicMeanSpeed="0.92" length="5.00" nVehEntered="11"/>
    <interval begin="43100.00" end="43200.00" id="inductionLoop.S2" nVehContrib="11" flow="396.00" occupancy="12.30" speed="7.24" harmonicMeanSpeed="4.50" length="5.00" nVehEntered="12"/>
    <interval begin="43200.00" end="43300.00" id="inductionLoop.S2" nVehContrib="8" flow="288.00" occupancy="7.15" speed="8.02" harmonicMeanSpeed="5.59" length="5.00" nVehEntered="8"/>
    <interval begin="43300.00" end="43400.00" id="inductionLoop.S2" nVehContrib="6" flow="216.00" occupancy="11.52" speed="8.29" harmonicMeanSpeed="5.78" length="5.00" nVehEntered="7"/>
    <interval begin="43400.00" end="43500.00" id="inductionLoop.S2" nVehContrib="13" flow="468.00" occupancy="76.37" speed="5.18" harmonicMeanSpeed="0.85" length="5.00" nVehEntered="13"/>
    <interval begin="43500.00" end="43600.00" id="inductionLoop.S2" nVehContrib="11" flow="396.00" occupancy="28.19" speed="7.14" harmonicMeanSpeed="4.09" length="5.00" nVehEntered="12"/>
    <interval begin="43600.00" end="43700.00" id="inductionLoop.S2" nVehContrib="3" flow="108.00" occupancy="5.23" speed="2.93" harmonicMeanSpeed="2.87" length="5.00" nVehEntered="3"/>
    <interval begin="43700.00" end="43800.00" id="inductionLoop.S2" nVehContrib="8" flow="288.00" occupancy="61.30" speed="8.87" harmonicMeanSpeed="7.43" length="5.00" nVehEntered="9"/>
    <interval begin="43800.00" end="43900.00" id="inductionLoop.S2" nVehContrib="7" flow="252.00" occupancy="30.59" speed="5.21" harmonicMeanSpeed="3.65" length="5.00" nVehEntered="7"/>
    <interval begin="43900.00" end="44000.00" id="inductionLoop.S2" nVehContrib="1" flow="36.00" occupancy="18.78" speed="0.27" harmonicMeanSpeed="0.27" length="5.00" nVehEntered="1"/>
    <interval begin="44000.00" end="44100.00" id="inductionLoop.S2" nVehContrib="10" flow="360.00" occupancy="10.46" speed="7.13" harmonicMeanSpeed="4.78" length="5.00" nVehEntered="10"/>
    <interval begin="44100.00" end="44200.00" id="inductionLoop.S2" nVehContrib="3" flow="108.00" occupancy="6.57" speed="3.32" harmonicMeanSpeed="2.49" length="5.00" nVehEntered="4"/>
    <interval begin="44200.00" end="44300.00" id="inductionLoop.S2" nVehContrib="15" flow="540.00" occupancy="75.68" speed="8.00" harmonicMeanSpeed="4.70" length="5.00" nVehEntered="15"/>
    <interval begin="44300.00" end="44400.00" id="inductionLoop.S2" nVehContrib="17" flow="612.00" occupancy="16.51" speed="7.81" harmonicMeanSpeed="1.11" length="5.00" nVehEntered="16"/>
    <interval begin="44400.00" end="44500.00" id="inductionLoop.S2" nVehContrib="1" flow="36.00" occupancy="4.46" speed="1.12" harmonicMeanSpeed="1.12" length="5.00" nVehEntered="1"/>
    <interval begin="44500.00" end="44600.00" id="inductionLoop.S2" nVehContrib="12" flow="432.00" occupancy="37.96" speed="6.72" harmonicMeanSpeed="1.58" length="5.00" nVehEntered="12"/>
    <interval begin="44600.00" end="44700.00" id="inductionLoop.S2" nVehContrib="14" flow="504.00" occupancy="72.83" speed="7.91" harmonicMeanSpeed="5.98" length="5.00" nVehEntered="15"/>
    <interval begin="44700.00" end="44800.00" id="inductionLoop.S2" nVehContrib="10" flow="360.00" occupancy="31.44" speed="5.63" harmonicMeanSpeed="0.54" length="5.00" nVehEntered="10"/>
    <interval begin="44800.00" end="44900.00" id="inductionLoop.S2" nVehContrib="7" flow="252.00" occupancy="3.09" speed="9.71" harmonicMeanSpeed="9.30" length="5.00" nVehEntered="6"/>
    <interval begin="44900.00" end="45000.00" id="inductionLoop.S2" nVehContrib="9" flow="324.00" occupancy="59.82" speed="5.14" harmonicMeanSpeed="0.75" length="5.00" nVehEntered="9"/>
    <interval begin="45000.00" end="45100.00" id="inductionLoop.S2" nVehContrib="7" flow="252.00" occupancy="86.87" speed="6.93" harmonicMeanSpeed="0.40" length="5.00" nVehEntered="7"/>
    <interval begin="45100.00" end="45200.00" id="inductionLoop.S2" nVehContrib="12" flow="432.00" occupancy="7.56" speed="9.80" harmonicMeanSpeed="8.52" length="5.00" nVehEntered="13"/>
    <interval begin="45200.00" end="45300.00" id="inductionLoop.S2" nVehContrib="1" flow="36.00" occupancy="1.45" speed="10.76" harmonicMeanSpeed="10.76" length="5.00" nVehEntered="3"/>
    <interval begin="45300.00" end="45400.00" id="inductionLoop.S2" nVehContrib="2" flow="72.00" occupancy="31.39" speed="7.98" harmonicMeanSpeed="4.65" length="5.00" nVehEntered="3"/>
    <interval begin="45400.00" end="45500.00" id="inductionLoop.S2" nVehContrib="10" flow="360.00" occupancy="14.35" speed="7.18" harmonicMeanSpeed="1.15" length="5.00" nVehEntered="9"/>
    <interval begin="45500.00" end="45600.00" id="inductionLoop.S2" nVehContrib="0" flow="0.00" occupancy="25.07" speed="-1.00" harmonicMeanSpeed="-1.00" length="-1.00" nVehEntered="1"/>
    <interval begin="45600.00" end="45700.00" id="inductionLoop.S2" nVehContrib="5" flow="180.00" occupancy="32.94" speed="2.88" harmonicMeanSpeed="1.93" length="5.00" nVehEntered="5"/>
    <interval begin="45700.00" end="45800.00" id="inductionLoop.S2" nVehContrib="0" flow="0.00" occupancy="1.68" speed="-1.00" harmonicMeanSpeed="-1.00" length="-1.00" nVehEntered="1"/>
    <interval begin="45800.00" end="45900.00" id="inductionLoop.S2" nVehContrib="25" flow="900.00" occupancy="24.31" speed="7.89" harmonicMeanSpeed="4.81" length="5.00" nVehEntered="24"/>
    <interval begin="45900.00" end="46000.00" id="inductionLoop.S2" nVehContrib="6" flow="216.00" occupancy="5.32" speed="8.62" harmonicMeanSpeed="5.64" length="5.00" nVehEntered="6"/>
    <interval begin="46000.00" end="46100.00" id="inductionLoop.S2" nVehContrib="4" flow="144.00" occupancy="8.10" speed="3.85" harmonicMeanSpeed="2.47" length="5.00" nVehEntered="4"/>
    <interval begin="46100.00" end="46200.00" id="inductionLoop.S2" nVehContrib="1" flow="36.00" occupancy="0.44" speed="11.27" harmonicMeanSpeed="11.27" length="5.00" nVehEntered="1"/>
    <interval begin="46200.00" end="46300.00" id="inductionLoop.S2" nVehContrib="6" flow="216.00" occupancy="6.69" speed="4.96" harmonicMeanSpeed="4.48" length="5.00" nVehEntered="6"/>
    <interval begin="46300.00" end="46400.00" id="inductionLoop.S2" nVehContrib="1" flow="36.00" occupancy="78.08" speed="3.54" harmonicMeanSpeed="3.54" length="5.00" nVehEntered="2"/>
    <interval begin="46400.00" end="46500.00" id="inductionLoop.S2" nVehContrib="5" flow="180.00" occupancy="10.18" speed="4.17" harmonicMeanSpeed="0.29" length="5.00" nVehEntered="5"/>
    <interval begin="46500.00" end="46600.00" id="inductionLoop.S2" nVehContrib="1" flow="36.00" occupancy="28.98" speed="0.93" harmonicMeanSpeed="0.93" length="5.00" nVehEntered="2"/>
    <interval begin="46600.00" end="46700.00" id="inductionLoop.S2" nVehContrib="7" flow="252.00" occupancy="16.00" speed="6.74" harmonicMeanSpeed="3.15" length="5.00" nVehEntered="8"/>
    <interval begin="46700.00" end="46800.00" id="inductionLoop.S2" nVehContrib="11" flow="396.00" occupancy="16.22" speed="5.83" harmonicMeanSpeed="3.39" length="5.00" nVehEntered="11"/>
    <interval begin="46800.00" end="46900.00" id="inductionLoop.S2" nVehContrib="3" flow="108.00" occupancy="74.27" speed="0.57" harmonicMeanSpeed="0.20" length="5.00" nVehEntered="3"/>
    <interval begin="46900.00" end="47000.00" id="inductionLoop.S2" nVehContrib="15" flow="540.00" occupancy="18.58" speed="6.33" harmonicMeanSpeed="4.17" length="5.00" nVehEntered="16"/>
    <interval begin="47000.00" end="47100.00" id="inductionLoop.S2" nVehContrib="2" flow="72.00" occupancy="59.92" speed="2.83" harmonicMeanSpeed="0.17" length="5.00" nVehEntered="1"/>
    <interval begin="47100.00" end="47200.00" id="inductionLoop.S2" nVehContrib="4" flow="144.00" occupancy="13.60" speed="11.70" harmonicMeanSpeed="10.23" length="5.00" nVehEntered="5"/>
    <interval begin="47200.00" end="47300.00" id="inductionLoop.S2" nVehContrib="1" flow="36.00" occupancy="74.23" speed="0.06" harmonicMeanSpeed="0.06" length="5.00" nVehEntered="0"/>
    <interval begin="47300.00" end="47400.00" id="inductionLoop.S2" nVehContrib="15" flow="540.00" occupancy="15.55" speed="8.52" harmonicMeanSpeed="4.82" length="5.00" nVehEntered="15"/>
    <interval begin="47400.00" end="47500.00" id="inductionLoop.S2" nVehContrib="1" flow="36.00" occupancy="5.30" speed="1.09" harmonicMeanSpeed="1.09" length="5.00" nVehEntered="2"/>
    <interval begin="47500.00" end="47600.00" id="inductionLoop.S2" nVehContrib="27" flow="972.00" occupancy="35.52" speed="8.21" harmonicMeanSpeed="3.73" length="5.00" nVehEntered="26"/>
    <interval begin="47600.00" end="47700.00" id="inductionLoop.S2" nVehContrib="2" flow="72.00" occupancy="5.10" speed="2.10" harmonicMeanSpeed="1.96" length="5.00" nVehEntered="2"/>
    <interval begin="47700.00" end="47800.00" id="inductionLoop.S2" nVehContrib="4" flow="144.00" occupancy="51.64" speed="3.19" harmonicMeanSpeed="2.33" length="5.00" nVehEntered="5"/>
    <interval begin="47800.00" end="47900.00" id="inductionLoop.S2" nVehContrib="4" flow="144.00" occupancy="66.10" speed="3.80" harmonicMeanSpeed="0.18" length="5.00" nVehEntered="3"/>
    <interval begin="47900.00" end="48000.00" id="inductionLoop.S2" nVehContrib="13" flow="468.00" occupancy="47.12" speed="7.00" harmonicMeanSpeed="1.38" length="5.00" nVehEntered="13"/>
    <interval begin="48000.00" end="48100.00" id="inductionLoop.S2" nVehContrib="10" flow="360.00" occupancy="16.07" speed="6.11" harmonicMeanSpeed="3.11" length="5.00" nVehEntered="10"/>
    <interval begin="48100.00" end="48200.00" id="inductionLoop.S2" nVehContrib="14" flow="504.00" occupancy="33.67" speed="6.27" harmonicMeanSpeed="2.08" length="5.00" nVehEntered="14"/>
    <interval begin="48200.00" end="48300.00" id="inductionLoop.S2" nVehContrib="8" flow="288.00" occupancy="84.87" speed="6.14" harmonicMeanSpeed="0.48" length="5.00" nVehEntered="9"/>
    <interval begin="48300.00" end="48400.00" id="inductionLoop.S2" nVehContrib="14" flow="504.00" occupancy="17.44" speed="7.04" harmonicMeanSpeed="3.76" length="5.00" nVehEntered="14"/>
    <interval begin="48400.00" end="48500.00" id="inductionLoop.S2" nVehContrib="2" flow="72.00" occupancy="95.91" speed="2.01" harmonicMeanSpeed="1.83" length="5.00" nVehEntered="2"/>
    <interval begin="48500.00" end="48600.00" id="inductionLoop.S2" nVehContrib="1" flow="36.00" occupancy="97.62" speed="0.03" harmonicMeanSpeed="0.03" length="5.00" nVehEntered="1"/>
    <interval begin="48600.00" end="48700.00" id="inductionLoop.S2" nVehContrib="25" flow="900.00" occupancy="32.67" speed="7.21" harmonicMeanSpeed="2.65" length="5.00" nVehEntered="25"/>
    <interval begin="48700.00" end="48800.00" id="inductionLoop.S2" nVehContrib="1" flow="36.00" occupancy="94.83" speed="0.05" harmonicMeanSpeed="0.05" length="5.00" nVehEntered="0"/>
    <interval begin="48800.00" end="48900.00" id="inductionLoop.S2" nVehContrib="15" flow="540.00" occupancy="19.63" speed="5.76" harmonicMeanSpeed="3.82" length="5.00" nVehEntered="15"/>
    <interval begin="48900.00" end="49000.00" id="inductionLoop.S2" nVehContrib="12" flow="432.00" occupancy="35.49" speed="5.42" harmonicMeanSpeed="2.99" length="5.00" nVehEntered="13"/>
    <interval begin="49000.00" end="49100.00" id="inductionLoop.S2" nVehContrib="5" flow="180.00" occupancy="68.81" speed="2.65" harmonicMeanSpeed="0.30" length="5.00" nVehEntered="4"/>
    <interval begin="49100.00" end="49200.00" id="inductionLoop.S2" nVehContrib="8" flow="288.00" occupancy="14.33" speed="5.82" harmonicMeanSpeed="2.85" length="5.00" nVehEntered="9"/>
    <interval begin="49200.00" end="49300.00" id="inductionLoop.S2" nVehContrib="15" flow="540.00" occupancy="11.16" speed="8.81" harmonicMeanSpeed="6.54" length="5.00" nVehEntered="14"/>
    <interval begin="49300.00" end="49400.00" id="inductionLoop.S2" nVehContrib="9" flow="324.00" occupancy="6.27" speed="8.77" harmonicMeanSpeed="7.18" length="5.00" nVehEntered="9"/>
    <interval begin="49400.00" end="49500.00" id="inductionLoop.S2" nVehContrib="19" flow="684.00" occupancy="21.69" speed="7.35" harmonicMeanSpeed="4.38" length="5.00" nVehEntered="19"/>
    <interval begin="49500.00" end="49600.00" id="inductionLoop.S2" nVehContrib="10" flow="360.00" occupancy="11.53" speed="6.88" harmonicMeanSpeed="4.34" length="5.00" nVehEntered="10"/>
    <interval begin="49600.00" end="49700.00" id="inductionLoop.S2" nVehContrib="3" flow="108.00" occupancy="27.65" speed="2.09" harmonicMeanSpeed="1.27" length="5.00" nVehEntered="5"/>
    <interval begin="49700.00" end="49800.00" id="inductionLoop.S2" nVehContrib="16" flow="576.00" occupancy="26.56" speed="6.93" harmonicMeanSpeed="2.90" length="5.00" nVehEntered="15"/>
    <interval begin="49800.00" end="49900.00" id="inductionLoop.S2" nVehContrib="1" flow="36.00" occupancy="4.61" speed="1.08" harmonicMeanSpeed="1.08" length="5.00" nVehEntered="1"/>
    <interval begin="49900.00" end="50000.00" id="inductionLoop.S2" nVehContrib="12" flow="432.00" occupancy="9.38" speed="8.37" harmonicMeanSpeed="6.40" length="5.00" nVehEntered="12"/>
    <interval begin="50000.00" end="50010.00" id="inductionLoop.S2" nVehContrib="1" flow="360.00" occupancy="32.61" speed="1.53" harmonicMeanSpeed="1.53" length="5.00" nVehEntered="1"/>
</detector>
