<?xml version="1.0" encoding="UTF-8"?>

<!-- generated on 2023-07-22 00:08:04 by Eclipse SUMO sumo Version 1.12.0
<configuration xmlns:xsi="http://www.w3.org/2001/XMLSchema-instance" xsi:noNamespaceSchemaLocation="http://sumo.dlr.de/xsd/sumoConfiguration.xsd">

    <input>
        <net-file value="Data0-9/intersection.net.xml"/>
        <route-files value="Data0-9/intersection.rou.xml"/>
        <additional-files value="Data0-9/intersection.det.xml"/>
    </input>

    <output>
        <tripinfo-output value="Data0-9/tripinfo.xml"/>
    </output>

    <time>
        <begin value="0"/>
    </time>

    <processing>
        <time-to-teleport value="-1"/>
        <waiting-time-memory value="60000"/>
    </processing>

    <report>
        <verbose value="true"/>
        <no-step-log value="true"/>
    </report>

    <emissions>
        <device.emissions.probability value="1"/>
    </emissions>

    <traci_server>
        <remote-port value="47633"/>
    </traci_server>

    <gui_only>
        <gui-settings-file value="Data0-9/intersection.settings.xml"/>
    </gui_only>

</configuration>
-->

<detector xmlns:xsi="http://www.w3.org/2001/XMLSchema-instance" xsi:noNamespaceSchemaLocation="http://sumo.dlr.de/xsd/det_e1_file.xsd">
    <interval begin="0.00" end="100.00" id="inductionLoop.N0" nVehContrib="3" flow="108.00" occupancy="1.13" speed="13.37" harmonicMeanSpeed="13.24" length="5.00" nVehEntered="3"/>
    <interval begin="100.00" end="200.00" id="inductionLoop.N0" nVehContrib="14" flow="504.00" occupancy="5.39" speed="13.16" harmonicMeanSpeed="13.00" length="5.00" nVehEntered="14"/>
    <interval begin="200.00" end="300.00" id="inductionLoop.N0" nVehContrib="9" flow="324.00" occupancy="3.88" speed="11.84" harmonicMeanSpeed="11.60" length="5.00" nVehEntered="9"/>
    <interval begin="300.00" end="400.00" id="inductionLoop.N0" nVehContrib="10" flow="360.00" occupancy="3.98" speed="12.62" harmonicMeanSpeed="12.55" length="5.00" nVehEntered="10"/>
    <interval begin="400.00" end="500.00" id="inductionLoop.N0" nVehContrib="8" flow="288.00" occupancy="3.15" speed="13.02" harmonicMeanSpeed="12.68" length="5.00" nVehEntered="8"/>
    <interval begin="500.00" end="600.00" id="inductionLoop.N0" nVehContrib="10" flow="360.00" occupancy="4.27" speed="12.66" harmonicMeanSpeed="12.47" length="5.00" nVehEntered="11"/>
    <interval begin="600.00" end="700.00" id="inductionLoop.N0" nVehContrib="11" flow="396.00" occupancy="4.69" speed="12.08" harmonicMeanSpeed="11.74" length="5.00" nVehEntered="12"/>
    <interval begin="700.00" end="800.00" id="inductionLoop.N0" nVehContrib="10" flow="360.00" occupancy="4.51" speed="11.43" harmonicMeanSpeed="11.09" length="5.00" nVehEntered="9"/>
    <interval begin="800.00" end="900.00" id="inductionLoop.N0" nVehContrib="12" flow="432.00" occupancy="5.63" speed="10.94" harmonicMeanSpeed="10.65" length="5.00" nVehEntered="12"/>
    <interval begin="900.00" end="1000.00" id="inductionLoop.N0" nVehContrib="4" flow="144.00" occupancy="1.91" speed="12.73" harmonicMeanSpeed="12.68" length="5.00" nVehEntered="5"/>
    <interval begin="1000.00" end="1100.00" id="inductionLoop.N0" nVehContrib="4" flow="144.00" occupancy="1.17" speed="13.33" harmonicMeanSpeed="13.27" length="5.00" nVehEntered="3"/>
    <interval begin="1100.00" end="1200.00" id="inductionLoop.N0" nVehContrib="5" flow="180.00" occupancy="2.05" speed="12.49" harmonicMeanSpeed="12.20" length="5.00" nVehEntered="5"/>
    <interval begin="1200.00" end="1300.00" id="inductionLoop.N0" nVehContrib="8" flow="288.00" occupancy="3.59" speed="12.62" harmonicMeanSpeed="12.46" length="5.00" nVehEntered="9"/>
    <interval begin="1300.00" end="1400.00" id="inductionLoop.N0" nVehContrib="4" flow="144.00" occupancy="1.49" speed="13.52" harmonicMeanSpeed="13.46" length="5.00" nVehEntered="4"/>
    <interval begin="1400.00" end="1500.00" id="inductionLoop.N0" nVehContrib="12" flow="432.00" occupancy="4.97" speed="12.19" harmonicMeanSpeed="12.08" length="5.00" nVehEntered="12"/>
    <interval begin="1500.00" end="1600.00" id="inductionLoop.N0" nVehContrib="7" flow="252.00" occupancy="3.21" speed="12.68" harmonicMeanSpeed="12.56" length="5.00" nVehEntered="9"/>
    <interval begin="1600.00" end="1700.00" id="inductionLoop.N0" nVehContrib="8" flow="288.00" occupancy="3.71" speed="12.12" harmonicMeanSpeed="11.83" length="5.00" nVehEntered="9"/>
    <interval begin="1700.00" end="1800.00" id="inductionLoop.N0" nVehContrib="5" flow="180.00" occupancy="2.13" speed="11.96" harmonicMeanSpeed="11.71" length="5.00" nVehEntered="5"/>
    <interval begin="1800.00" end="1900.00" id="inductionLoop.N0" nVehContrib="5" flow="180.00" occupancy="1.99" speed="12.60" harmonicMeanSpeed="12.55" length="5.00" nVehEntered="5"/>
    <interval begin="1900.00" end="2000.00" id="inductionLoop.N0" nVehContrib="8" flow="288.00" occupancy="3.26" speed="12.34" harmonicMeanSpeed="12.28" length="5.00" nVehEntered="8"/>
    <interval begin="2000.00" end="2100.00" id="inductionLoop.N0" nVehContrib="5" flow="180.00" occupancy="1.95" speed="12.99" harmonicMeanSpeed="12.80" length="5.00" nVehEntered="5"/>
    <interval begin="2100.00" end="2200.00" id="inductionLoop.N0" nVehContrib="9" flow="324.00" occupancy="3.69" speed="12.32" harmonicMeanSpeed="12.19" length="5.00" nVehEntered="9"/>
    <interval begin="2200.00" end="2300.00" id="inductionLoop.N0" nVehContrib="8" flow="288.00" occupancy="3.05" speed="13.19" harmonicMeanSpeed="13.11" length="5.00" nVehEntered="8"/>
    <interval begin="2300.00" end="2400.00" id="inductionLoop.N0" nVehContrib="3" flow="108.00" occupancy="1.17" speed="12.88" harmonicMeanSpeed="12.84" length="5.00" nVehEntered="3"/>
    <interval begin="2400.00" end="2500.00" id="inductionLoop.N0" nVehContrib="10" flow="360.00" occupancy="4.15" speed="12.14" harmonicMeanSpeed="12.04" length="5.00" nVehEntered="10"/>
    <interval begin="2500.00" end="2600.00" id="inductionLoop.N0" nVehContrib="2" flow="72.00" occupancy="1.52" speed="6.80" harmonicMeanSpeed="6.59" length="5.00" nVehEntered="2"/>
    <interval begin="2600.00" end="2700.00" id="inductionLoop.N0" nVehContrib="11" flow="396.00" occupancy="4.53" speed="12.28" harmonicMeanSpeed="12.13" length="5.00" nVehEntered="11"/>
    <interval begin="2700.00" end="2800.00" id="inductionLoop.N0" nVehContrib="7" flow="252.00" occupancy="2.86" speed="12.37" harmonicMeanSpeed="12.23" length="5.00" nVehEntered="7"/>
    <interval begin="2800.00" end="2900.00" id="inductionLoop.N0" nVehContrib="6" flow="216.00" occupancy="2.47" speed="12.21" harmonicMeanSpeed="12.16" length="5.00" nVehEntered="6"/>
    <interval begin="2900.00" end="3000.00" id="inductionLoop.N0" nVehContrib="8" flow="288.00" occupancy="3.43" speed="11.77" harmonicMeanSpeed="11.66" length="5.00" nVehEntered="8"/>
    <interval begin="3000.00" end="3100.00" id="inductionLoop.N0" nVehContrib="7" flow="252.00" occupancy="2.99" speed="11.99" harmonicMeanSpeed="11.70" length="5.00" nVehEntered="7"/>
    <interval begin="3100.00" end="3200.00" id="inductionLoop.N0" nVehContrib="5" flow="180.00" occupancy="2.10" speed="13.79" harmonicMeanSpeed="13.76" length="5.00" nVehEntered="6"/>
    <interval begin="3200.00" end="3300.00" id="inductionLoop.N0" nVehContrib="6" flow="216.00" occupancy="2.45" speed="12.34" harmonicMeanSpeed="12.24" length="5.00" nVehEntered="6"/>
    <interval begin="3300.00" end="3400.00" id="inductionLoop.N0" nVehContrib="10" flow="360.00" occupancy="4.13" speed="12.29" harmonicMeanSpeed="12.12" length="5.00" nVehEntered="10"/>
    <interval begin="3400.00" end="3500.00" id="inductionLoop.N0" nVehContrib="7" flow="252.00" occupancy="3.09" speed="12.95" harmonicMeanSpeed="12.82" length="5.00" nVehEntered="8"/>
    <interval begin="3500.00" end="3600.00" id="inductionLoop.N0" nVehContrib="5" flow="180.00" occupancy="1.91" speed="13.22" harmonicMeanSpeed="13.06" length="5.00" nVehEntered="5"/>
    <interval begin="3600.00" end="3700.00" id="inductionLoop.N0" nVehContrib="5" flow="180.00" occupancy="2.01" speed="12.50" harmonicMeanSpeed="12.44" length="5.00" nVehEntered="5"/>
    <interval begin="3700.00" end="3800.00" id="inductionLoop.N0" nVehContrib="7" flow="252.00" occupancy="3.09" speed="12.88" harmonicMeanSpeed="12.69" length="5.00" nVehEntered="8"/>
    <interval begin="3800.00" end="3900.00" id="inductionLoop.N0" nVehContrib="12" flow="432.00" occupancy="4.82" speed="12.67" harmonicMeanSpeed="12.46" length="5.00" nVehEntered="12"/>
    <interval begin="3900.00" end="4000.00" id="inductionLoop.N0" nVehContrib="7" flow="252.00" occupancy="2.83" speed="12.85" harmonicMeanSpeed="12.79" length="5.00" nVehEntered="8"/>
    <interval begin="4000.00" end="4100.00" id="inductionLoop.N0" nVehContrib="6" flow="216.00" occupancy="2.35" speed="12.49" harmonicMeanSpeed="12.24" length="5.00" nVehEntered="5"/>
    <interval begin="4100.00" end="4200.00" id="inductionLoop.N0" nVehContrib="5" flow="180.00" occupancy="2.02" speed="12.53" harmonicMeanSpeed="12.38" length="5.00" nVehEntered="5"/>
    <interval begin="4200.00" end="4300.00" id="inductionLoop.N0" nVehContrib="6" flow="216.00" occupancy="2.18" speed="13.80" harmonicMeanSpeed="13.75" length="5.00" nVehEntered="6"/>
    <interval begin="4300.00" end="4400.00" id="inductionLoop.N0" nVehContrib="5" flow="180.00" occupancy="2.11" speed="11.99" harmonicMeanSpeed="11.87" length="5.00" nVehEntered="5"/>
    <interval begin="4400.00" end="4500.00" id="inductionLoop.N0" nVehContrib="7" flow="252.00" occupancy="3.20" speed="12.55" harmonicMeanSpeed="12.42" length="5.00" nVehEntered="8"/>
    <interval begin="4500.00" end="4600.00" id="inductionLoop.N0" nVehContrib="10" flow="360.00" occupancy="4.58" speed="11.01" harmonicMeanSpeed="10.93" length="5.00" nVehEntered="10"/>
    <interval begin="4600.00" end="4700.00" id="inductionLoop.N0" nVehContrib="4" flow="144.00" occupancy="1.60" speed="12.64" harmonicMeanSpeed="12.54" length="5.00" nVehEntered="4"/>
    <interval begin="4700.00" end="4800.00" id="inductionLoop.N0" nVehContrib="7" flow="252.00" occupancy="2.80" speed="12.55" harmonicMeanSpeed="12.49" length="5.00" nVehEntered="7"/>
    <interval begin="4800.00" end="4900.00" id="inductionLoop.N0" nVehContrib="10" flow="360.00" occupancy="4.25" speed="11.91" harmonicMeanSpeed="11.78" length="5.00" nVehEntered="10"/>
    <interval begin="4900.00" end="5000.00" id="inductionLoop.N0" nVehContrib="2" flow="72.00" occupancy="0.75" speed="13.36" harmonicMeanSpeed="13.36" length="5.00" nVehEntered="2"/>
    <interval begin="5000.00" end="5100.00" id="inductionLoop.N0" nVehContrib="3" flow="108.00" occupancy="1.16" speed="13.13" harmonicMeanSpeed="12.98" length="5.00" nVehEntered="3"/>
    <interval begin="5100.00" end="5200.00" id="inductionLoop.N0" nVehContrib="5" flow="180.00" occupancy="2.04" speed="12.52" harmonicMeanSpeed="12.27" length="5.00" nVehEntered="5"/>
    <interval begin="5200.00" end="5300.00" id="inductionLoop.N0" nVehContrib="8" flow="288.00" occupancy="3.18" speed="12.68" harmonicMeanSpeed="12.57" length="5.00" nVehEntered="8"/>
    <interval begin="5300.00" end="5400.00" id="inductionLoop.N0" nVehContrib="7" flow="252.00" occupancy="4.33" speed="10.55" harmonicMeanSpeed="8.08" length="5.00" nVehEntered="7"/>
    <interval begin="5400.00" end="5500.00" id="inductionLoop.N0" nVehContrib="7" flow="252.00" occupancy="3.35" speed="11.59" harmonicMeanSpeed="11.31" length="5.00" nVehEntered="8"/>
    <interval begin="5500.00" end="5600.00" id="inductionLoop.N0" nVehContrib="5" flow="180.00" occupancy="1.99" speed="12.61" harmonicMeanSpeed="12.57" length="5.00" nVehEntered="5"/>
    <interval begin="5600.00" end="5700.00" id="inductionLoop.N0" nVehContrib="2" flow="72.00" occupancy="0.72" speed="13.91" harmonicMeanSpeed="13.85" length="5.00" nVehEntered="2"/>
    <interval begin="5700.00" end="5800.00" id="inductionLoop.N0" nVehContrib="7" flow="252.00" occupancy="2.87" speed="12.39" harmonicMeanSpeed="12.19" length="5.00" nVehEntered="7"/>
    <interval begin="5800.00" end="5900.00" id="inductionLoop.N0" nVehContrib="4" flow="144.00" occupancy="1.61" speed="12.62" harmonicMeanSpeed="12.40" length="5.00" nVehEntered="4"/>
    <interval begin="5900.00" end="6000.00" id="inductionLoop.N0" nVehContrib="5" flow="180.00" occupancy="1.88" speed="13.30" harmonicMeanSpeed="13.26" length="5.00" nVehEntered="5"/>
    <interval begin="6000.00" end="6100.00" id="inductionLoop.N0" nVehContrib="5" flow="180.00" occupancy="1.88" speed="13.31" harmonicMeanSpeed="13.30" length="5.00" nVehEntered="5"/>
    <interval begin="6100.00" end="6200.00" id="inductionLoop.N0" nVehContrib="4" flow="144.00" occupancy="1.57" speed="12.89" harmonicMeanSpeed="12.78" length="5.00" nVehEntered="4"/>
    <interval begin="6200.00" end="6300.00" id="inductionLoop.N0" nVehContrib="6" flow="216.00" occupancy="2.45" speed="12.39" harmonicMeanSpeed="12.24" length="5.00" nVehEntered="6"/>
    <interval begin="6300.00" end="6400.00" id="inductionLoop.N0" nVehContrib="8" flow="288.00" occupancy="4.01" speed="10.64" harmonicMeanSpeed="9.98" length="5.00" nVehEntered="8"/>
    <interval begin="6400.00" end="6500.00" id="inductionLoop.N0" nVehContrib="4" flow="144.00" occupancy="1.55" speed="13.07" harmonicMeanSpeed="12.91" length="5.00" nVehEntered="4"/>
    <interval begin="6500.00" end="6600.00" id="inductionLoop.N0" nVehContrib="4" flow="144.00" occupancy="1.69" speed="11.93" harmonicMeanSpeed="11.85" length="5.00" nVehEntered="4"/>
    <interval begin="6600.00" end="6700.00" id="inductionLoop.N0" nVehContrib="2" flow="72.00" occupancy="0.84" speed="12.13" harmonicMeanSpeed="11.95" length="5.00" nVehEntered="2"/>
    <interval begin="6700.00" end="6800.00" id="inductionLoop.N0" nVehContrib="3" flow="108.00" occupancy="1.22" speed="12.26" harmonicMeanSpeed="12.26" length="5.00" nVehEntered="3"/>
    <interval begin="6800.00" end="6900.00" id="inductionLoop.N0" nVehContrib="8" flow="288.00" occupancy="3.08" speed="13.04" harmonicMeanSpeed="12.99" length="5.00" nVehEntered="8"/>
    <interval begin="6900.00" end="7000.00" id="inductionLoop.N0" nVehContrib="5" flow="180.00" occupancy="2.16" speed="11.64" harmonicMeanSpeed="11.60" length="5.00" nVehEntered="5"/>
    <interval begin="7000.00" end="7100.00" id="inductionLoop.N0" nVehContrib="4" flow="144.00" occupancy="1.49" speed="13.47" harmonicMeanSpeed="13.44" length="5.00" nVehEntered="4"/>
    <interval begin="7100.00" end="7200.00" id="inductionLoop.N0" nVehContrib="2" flow="72.00" occupancy="0.70" speed="14.37" harmonicMeanSpeed="14.36" length="5.00" nVehEntered="2"/>
    <interval begin="7200.00" end="7300.00" id="inductionLoop.N0" nVehContrib="5" flow="180.00" occupancy="1.85" speed="13.53" harmonicMeanSpeed="13.52" length="5.00" nVehEntered="5"/>
    <interval begin="7300.00" end="7400.00" id="inductionLoop.N0" nVehContrib="7" flow="252.00" occupancy="2.47" speed="14.27" harmonicMeanSpeed="14.20" length="5.00" nVehEntered="7"/>
    <interval begin="7400.00" end="7500.00" id="inductionLoop.N0" nVehContrib="5" flow="180.00" occupancy="2.02" speed="12.42" harmonicMeanSpeed="12.36" length="5.00" nVehEntered="5"/>
    <interval begin="7500.00" end="7600.00" id="inductionLoop.N0" nVehContrib="6" flow="216.00" occupancy="2.44" speed="12.48" harmonicMeanSpeed="12.29" length="5.00" nVehEntered="6"/>
    <interval begin="7600.00" end="7700.00" id="inductionLoop.N0" nVehContrib="4" flow="144.00" occupancy="1.69" speed="13.30" harmonicMeanSpeed="13.27" length="5.00" nVehEntered="5"/>
    <interval begin="7700.00" end="7800.00" id="inductionLoop.N0" nVehContrib="3" flow="108.00" occupancy="1.23" speed="12.52" harmonicMeanSpeed="12.21" length="5.00" nVehEntered="3"/>
    <interval begin="7800.00" end="7900.00" id="inductionLoop.N0" nVehContrib="2" flow="72.00" occupancy="0.80" speed="12.63" harmonicMeanSpeed="12.58" length="5.00" nVehEntered="2"/>
    <interval begin="7900.00" end="8000.00" id="inductionLoop.N0" nVehContrib="3" flow="108.00" occupancy="1.25" speed="12.11" harmonicMeanSpeed="12.03" length="5.00" nVehEntered="3"/>
    <interval begin="8000.00" end="8100.00" id="inductionLoop.N0" nVehContrib="2" flow="72.00" occupancy="0.78" speed="12.91" harmonicMeanSpeed="12.86" length="5.00" nVehEntered="2"/>
    <interval begin="8100.00" end="8200.00" id="inductionLoop.N0" nVehContrib="4" flow="144.00" occupancy="1.67" speed="12.06" harmonicMeanSpeed="12.00" length="5.00" nVehEntered="4"/>
    <interval begin="8200.00" end="8300.00" id="inductionLoop.N0" nVehContrib="4" flow="144.00" occupancy="1.57" speed="12.89" harmonicMeanSpeed="12.73" length="5.00" nVehEntered="4"/>
    <interval begin="8300.00" end="8400.00" id="inductionLoop.N0" nVehContrib="3" flow="108.00" occupancy="1.21" speed="12.64" harmonicMeanSpeed="12.40" length="5.00" nVehEntered="3"/>
    <interval begin="8400.00" end="8500.00" id="inductionLoop.N0" nVehContrib="3" flow="108.00" occupancy="1.15" speed="13.01" harmonicMeanSpeed="12.99" length="5.00" nVehEntered="3"/>
    <interval begin="8500.00" end="8600.00" id="inductionLoop.N0" nVehContrib="0" flow="0.00" occupancy="0.00" speed="-1.00" harmonicMeanSpeed="-1.00" length="-1.00" nVehEntered="0"/>
    <interval begin="8600.00" end="8700.00" id="inductionLoop.N0" nVehContrib="4" flow="144.00" occupancy="1.56" speed="12.87" harmonicMeanSpeed="12.81" length="5.00" nVehEntered="4"/>
    <interval begin="8700.00" end="8800.00" id="inductionLoop.N0" nVehContrib="5" flow="180.00" occupancy="2.05" speed="12.41" harmonicMeanSpeed="12.18" length="5.00" nVehEntered="5"/>
    <interval begin="8800.00" end="8900.00" id="inductionLoop.N0" nVehContrib="6" flow="216.00" occupancy="2.44" speed="12.41" harmonicMeanSpeed="12.31" length="5.00" nVehEntered="6"/>
    <interval begin="8900.00" end="9000.00" id="inductionLoop.N0" nVehContrib="3" flow="108.00" occupancy="1.18" speed="12.73" harmonicMeanSpeed="12.67" length="5.00" nVehEntered="3"/>
    <interval begin="9000.00" end="9100.00" id="inductionLoop.N0" nVehContrib="4" flow="144.00" occupancy="1.55" speed="13.02" harmonicMeanSpeed="12.94" length="5.00" nVehEntered="4"/>
    <interval begin="9100.00" end="9200.00" id="inductionLoop.N0" nVehContrib="5" flow="180.00" occupancy="2.00" speed="12.62" harmonicMeanSpeed="12.48" length="5.00" nVehEntered="5"/>
    <interval begin="9200.00" end="9300.00" id="inductionLoop.N0" nVehContrib="3" flow="108.00" occupancy="1.14" speed="13.51" harmonicMeanSpeed="13.46" length="5.00" nVehEntered="4"/>
    <interval begin="9300.00" end="9400.00" id="inductionLoop.N0" nVehContrib="5" flow="180.00" occupancy="2.01" speed="12.53" harmonicMeanSpeed="12.47" length="5.00" nVehEntered="5"/>
    <interval begin="9400.00" end="9500.00" id="inductionLoop.N0" nVehContrib="6" flow="216.00" occupancy="2.33" speed="12.91" harmonicMeanSpeed="12.86" length="5.00" nVehEntered="6"/>
    <interval begin="9500.00" end="9600.00" id="inductionLoop.N0" nVehContrib="4" flow="144.00" occupancy="1.72" speed="11.76" harmonicMeanSpeed="11.64" length="5.00" nVehEntered="4"/>
    <interval begin="9600.00" end="9700.00" id="inductionLoop.N0" nVehContrib="7" flow="252.00" occupancy="2.69" speed="13.15" harmonicMeanSpeed="13.03" length="5.00" nVehEntered="7"/>
    <interval begin="9700.00" end="9800.00" id="inductionLoop.N0" nVehContrib="10" flow="360.00" occupancy="4.52" speed="11.18" harmonicMeanSpeed="11.06" length="5.00" nVehEntered="10"/>
    <interval begin="9800.00" end="9900.00" id="inductionLoop.N0" nVehContrib="5" flow="180.00" occupancy="2.08" speed="13.65" harmonicMeanSpeed="13.54" length="5.00" nVehEntered="6"/>
    <interval begin="9900.00" end="10000.00" id="inductionLoop.N0" nVehContrib="6" flow="216.00" occupancy="2.36" speed="12.87" harmonicMeanSpeed="12.72" length="5.00" nVehEntered="6"/>
    <interval begin="10000.00" end="10100.00" id="inductionLoop.N0" nVehContrib="7" flow="252.00" occupancy="3.04" speed="13.31" harmonicMeanSpeed="13.09" length="5.00" nVehEntered="8"/>
    <interval begin="10100.00" end="10200.00" id="inductionLoop.N0" nVehContrib="4" flow="144.00" occupancy="1.48" speed="13.61" harmonicMeanSpeed="13.53" length="5.00" nVehEntered="4"/>
    <interval begin="10200.00" end="10300.00" id="inductionLoop.N0" nVehContrib="6" flow="216.00" occupancy="2.48" speed="13.12" harmonicMeanSpeed="13.10" length="5.00" nVehEntered="7"/>
    <interval begin="10300.00" end="10400.00" id="inductionLoop.N0" nVehContrib="4" flow="144.00" occupancy="1.63" speed="12.54" harmonicMeanSpeed="12.28" length="5.00" nVehEntered="4"/>
    <interval begin="10400.00" end="10500.00" id="inductionLoop.N0" nVehContrib="4" flow="144.00" occupancy="1.50" speed="13.42" harmonicMeanSpeed="13.33" length="5.00" nVehEntered="4"/>
    <interval begin="10500.00" end="10600.00" id="inductionLoop.N0" nVehContrib="3" flow="108.00" occupancy="1.22" speed="12.68" harmonicMeanSpeed="12.29" length="5.00" nVehEntered="3"/>
    <interval begin="10600.00" end="10700.00" id="inductionLoop.N0" nVehContrib="5" flow="180.00" occupancy="2.19" speed="12.91" harmonicMeanSpeed="12.84" length="5.00" nVehEntered="6"/>
    <interval begin="10700.00" end="10800.00" id="inductionLoop.N0" nVehContrib="7" flow="252.00" occupancy="2.74" speed="12.88" harmonicMeanSpeed="12.76" length="5.00" nVehEntered="7"/>
    <interval begin="10800.00" end="10900.00" id="inductionLoop.N0" nVehContrib="11" flow="396.00" occupancy="4.59" speed="12.06" harmonicMeanSpeed="11.99" length="5.00" nVehEntered="11"/>
    <interval begin="10900.00" end="11000.00" id="inductionLoop.N0" nVehContrib="4" flow="144.00" occupancy="1.50" speed="13.50" harmonicMeanSpeed="13.37" length="5.00" nVehEntered="4"/>
    <interval begin="11000.00" end="11100.00" id="inductionLoop.N0" nVehContrib="3" flow="108.00" occupancy="1.21" speed="12.47" harmonicMeanSpeed="12.43" length="5.00" nVehEntered="3"/>
    <interval begin="11100.00" end="11200.00" id="inductionLoop.N0" nVehContrib="4" flow="144.00" occupancy="2.00" speed="12.31" harmonicMeanSpeed="12.23" length="5.00" nVehEntered="5"/>
    <interval begin="11200.00" end="11300.00" id="inductionLoop.N0" nVehContrib="6" flow="216.00" occupancy="2.46" speed="12.26" harmonicMeanSpeed="12.18" length="5.00" nVehEntered="6"/>
    <interval begin="11300.00" end="11400.00" id="inductionLoop.N0" nVehContrib="2" flow="72.00" occupancy="0.82" speed="12.18" harmonicMeanSpeed="12.16" length="5.00" nVehEntered="2"/>
    <interval begin="11400.00" end="11500.00" id="inductionLoop.N0" nVehContrib="3" flow="108.00" occupancy="1.22" speed="12.34" harmonicMeanSpeed="12.32" length="5.00" nVehEntered="3"/>
    <interval begin="11500.00" end="11600.00" id="inductionLoop.N0" nVehContrib="4" flow="144.00" occupancy="1.69" speed="12.83" harmonicMeanSpeed="12.75" length="5.00" nVehEntered="5"/>
    <interval begin="11600.00" end="11700.00" id="inductionLoop.N0" nVehContrib="2" flow="72.00" occupancy="0.86" speed="11.69" harmonicMeanSpeed="11.64" length="5.00" nVehEntered="2"/>
    <interval begin="11700.00" end="11800.00" id="inductionLoop.N0" nVehContrib="3" flow="108.00" occupancy="1.27" speed="11.90" harmonicMeanSpeed="11.85" length="5.00" nVehEntered="3"/>
    <interval begin="11800.00" end="11900.00" id="inductionLoop.N0" nVehContrib="4" flow="144.00" occupancy="1.65" speed="12.23" harmonicMeanSpeed="12.14" length="5.00" nVehEntered="4"/>
    <interval begin="11900.00" end="12000.00" id="inductionLoop.N0" nVehContrib="6" flow="216.00" occupancy="2.42" speed="12.43" harmonicMeanSpeed="12.42" length="5.00" nVehEntered="6"/>
    <interval begin="12000.00" end="12100.00" id="inductionLoop.N0" nVehContrib="5" flow="180.00" occupancy="1.95" speed="12.88" harmonicMeanSpeed="12.80" length="5.00" nVehEntered="5"/>
    <interval begin="12100.00" end="12200.00" id="inductionLoop.N0" nVehContrib="3" flow="108.00" occupancy="1.05" speed="14.33" harmonicMeanSpeed="14.25" length="5.00" nVehEntered="3"/>
    <interval begin="12200.00" end="12300.00" id="inductionLoop.N0" nVehContrib="1" flow="36.00" occupancy="0.43" speed="11.56" harmonicMeanSpeed="11.56" length="5.00" nVehEntered="1"/>
    <interval begin="12300.00" end="12400.00" id="inductionLoop.N0" nVehContrib="5" flow="180.00" occupancy="1.86" speed="13.53" harmonicMeanSpeed="13.45" length="5.00" nVehEntered="5"/>
    <interval begin="12400.00" end="12500.00" id="inductionLoop.N0" nVehContrib="1" flow="36.00" occupancy="0.40" speed="12.39" harmonicMeanSpeed="12.39" length="5.00" nVehEntered="1"/>
    <interval begin="12500.00" end="12600.00" id="inductionLoop.N0" nVehContrib="7" flow="252.00" occupancy="2.76" speed="12.89" harmonicMeanSpeed="12.69" length="5.00" nVehEntered="7"/>
    <interval begin="12600.00" end="12700.00" id="inductionLoop.N0" nVehContrib="4" flow="144.00" occupancy="1.74" speed="11.62" harmonicMeanSpeed="11.49" length="5.00" nVehEntered="4"/>
    <interval begin="12700.00" end="12800.00" id="inductionLoop.N0" nVehContrib="1" flow="36.00" occupancy="0.39" speed="12.88" harmonicMeanSpeed="12.88" length="5.00" nVehEntered="1"/>
    <interval begin="12800.00" end="12900.00" id="inductionLoop.N0" nVehContrib="5" flow="180.00" occupancy="1.91" speed="13.15" harmonicMeanSpeed="13.11" length="5.00" nVehEntered="5"/>
    <interval begin="12900.00" end="13000.00" id="inductionLoop.N0" nVehContrib="3" flow="108.00" occupancy="1.20" speed="12.58" harmonicMeanSpeed="12.45" length="5.00" nVehEntered="3"/>
    <interval begin="13000.00" end="13100.00" id="inductionLoop.N0" nVehContrib="4" flow="144.00" occupancy="1.61" speed="12.51" harmonicMeanSpeed="12.43" length="5.00" nVehEntered="4"/>
    <interval begin="13100.00" end="13200.00" id="inductionLoop.N0" nVehContrib="7" flow="252.00" occupancy="2.94" speed="11.97" harmonicMeanSpeed="11.92" length="5.00" nVehEntered="7"/>
    <interval begin="13200.00" end="13300.00" id="inductionLoop.N0" nVehContrib="7" flow="252.00" occupancy="2.62" speed="13.50" harmonicMeanSpeed="13.35" length="5.00" nVehEntered="7"/>
    <interval begin="13300.00" end="13400.00" id="inductionLoop.N0" nVehContrib="2" flow="72.00" occupancy="0.82" speed="12.20" harmonicMeanSpeed="12.20" length="5.00" nVehEntered="2"/>
    <interval begin="13400.00" end="13500.00" id="inductionLoop.N0" nVehContrib="6" flow="216.00" occupancy="2.27" speed="13.28" harmonicMeanSpeed="13.22" length="5.00" nVehEntered="6"/>
    <interval begin="13500.00" end="13600.00" id="inductionLoop.N0" nVehContrib="1" flow="36.00" occupancy="0.34" speed="14.68" harmonicMeanSpeed="14.68" length="5.00" nVehEntered="1"/>
    <interval begin="13600.00" end="13700.00" id="inductionLoop.N0" nVehContrib="6" flow="216.00" occupancy="2.50" speed="12.12" harmonicMeanSpeed="11.98" length="5.00" nVehEntered="6"/>
    <interval begin="13700.00" end="13800.00" id="inductionLoop.N0" nVehContrib="1" flow="36.00" occupancy="0.36" speed="13.97" harmonicMeanSpeed="13.97" length="5.00" nVehEntered="1"/>
    <interval begin="13800.00" end="13900.00" id="inductionLoop.N0" nVehContrib="5" flow="180.00" occupancy="1.88" speed="13.42" harmonicMeanSpeed="13.27" length="5.00" nVehEntered="5"/>
    <interval begin="13900.00" end="14000.00" id="inductionLoop.N0" nVehContrib="3" flow="108.00" occupancy="1.16" speed="12.94" harmonicMeanSpeed="12.93" length="5.00" nVehEntered="3"/>
    <interval begin="14000.00" end="14100.00" id="inductionLoop.N0" nVehContrib="2" flow="72.00" occupancy="0.81" speed="12.42" harmonicMeanSpeed="12.40" length="5.00" nVehEntered="2"/>
    <interval begin="14100.00" end="14200.00" id="inductionLoop.N0" nVehContrib="4" flow="144.00" occupancy="1.56" speed="12.85" harmonicMeanSpeed="12.79" length="5.00" nVehEntered="4"/>
    <interval begin="14200.00" end="14300.00" id="inductionLoop.N0" nVehContrib="5" flow="180.00" occupancy="2.17" speed="12.64" harmonicMeanSpeed="12.62" length="5.00" nVehEntered="6"/>
    <interval begin="14300.00" end="14400.00" id="inductionLoop.N0" nVehContrib="3" flow="108.00" occupancy="1.46" speed="13.62" harmonicMeanSpeed="13.61" length="5.00" nVehEntered="4"/>
    <interval begin="14400.00" end="14500.00" id="inductionLoop.N0" nVehContrib="5" flow="180.00" occupancy="1.78" speed="14.15" harmonicMeanSpeed="14.06" length="5.00" nVehEntered="5"/>
    <interval begin="14500.00" end="14600.00" id="inductionLoop.N0" nVehContrib="3" flow="108.00" occupancy="1.09" speed="13.79" harmonicMeanSpeed="13.75" length="5.00" nVehEntered="3"/>
    <interval begin="14600.00" end="14700.00" id="inductionLoop.N0" nVehContrib="5" flow="180.00" occupancy="2.12" speed="11.82" harmonicMeanSpeed="11.79" length="5.00" nVehEntered="5"/>
    <interval begin="14700.00" end="14800.00" id="inductionLoop.N0" nVehContrib="5" flow="180.00" occupancy="1.98" speed="12.72" harmonicMeanSpeed="12.65" length="5.00" nVehEntered="5"/>
    <interval begin="14800.00" end="14900.00" id="inductionLoop.N0" nVehContrib="6" flow="216.00" occupancy="2.37" speed="12.74" harmonicMeanSpeed="12.64" length="5.00" nVehEntered="6"/>
    <interval begin="14900.00" end="15000.00" id="inductionLoop.N0" nVehContrib="3" flow="108.00" occupancy="1.12" speed="13.35" harmonicMeanSpeed="13.35" length="5.00" nVehEntered="3"/>
    <interval begin="15000.00" end="15100.00" id="inductionLoop.N0" nVehContrib="4" flow="144.00" occupancy="1.68" speed="12.08" harmonicMeanSpeed="11.87" length="5.00" nVehEntered="4"/>
    <interval begin="15100.00" end="15200.00" id="inductionLoop.N0" nVehContrib="4" flow="144.00" occupancy="1.58" speed="12.68" harmonicMeanSpeed="12.64" length="5.00" nVehEntered="4"/>
    <interval begin="15200.00" end="15300.00" id="inductionLoop.N0" nVehContrib="4" flow="144.00" occupancy="1.65" speed="12.18" harmonicMeanSpeed="12.17" length="5.00" nVehEntered="5"/>
    <interval begin="15300.00" end="15400.00" id="inductionLoop.N0" nVehContrib="3" flow="108.00" occupancy="1.11" speed="13.49" harmonicMeanSpeed="13.49" length="5.00" nVehEntered="3"/>
    <interval begin="15400.00" end="15500.00" id="inductionLoop.N0" nVehContrib="4" flow="144.00" occupancy="1.53" speed="13.15" harmonicMeanSpeed="13.10" length="5.00" nVehEntered="4"/>
    <interval begin="15500.00" end="15600.00" id="inductionLoop.N0" nVehContrib="3" flow="108.00" occupancy="1.17" speed="13.07" harmonicMeanSpeed="12.80" length="5.00" nVehEntered="3"/>
    <interval begin="15600.00" end="15700.00" id="inductionLoop.N0" nVehContrib="7" flow="252.00" occupancy="2.90" speed="12.17" harmonicMeanSpeed="12.08" length="5.00" nVehEntered="7"/>
    <interval begin="15700.00" end="15800.00" id="inductionLoop.N0" nVehContrib="3" flow="108.00" occupancy="1.20" speed="12.78" harmonicMeanSpeed="12.52" length="5.00" nVehEntered="3"/>
    <interval begin="15800.00" end="15900.00" id="inductionLoop.N0" nVehContrib="4" flow="144.00" occupancy="1.49" speed="13.52" harmonicMeanSpeed="13.46" length="5.00" nVehEntered="4"/>
    <interval begin="15900.00" end="16000.00" id="inductionLoop.N0" nVehContrib="2" flow="72.00" occupancy="0.71" speed="14.07" harmonicMeanSpeed="14.07" length="5.00" nVehEntered="2"/>
    <interval begin="16000.00" end="16100.00" id="inductionLoop.N0" nVehContrib="4" flow="144.00" occupancy="1.64" speed="12.23" harmonicMeanSpeed="12.22" length="5.00" nVehEntered="4"/>
    <interval begin="16100.00" end="16200.00" id="inductionLoop.N0" nVehContrib="5" flow="180.00" occupancy="2.11" speed="12.00" harmonicMeanSpeed="11.83" length="5.00" nVehEntered="5"/>
    <interval begin="16200.00" end="16300.00" id="inductionLoop.N0" nVehContrib="4" flow="144.00" occupancy="1.52" speed="13.19" harmonicMeanSpeed="13.15" length="5.00" nVehEntered="4"/>
    <interval begin="16300.00" end="16400.00" id="inductionLoop.N0" nVehContrib="6" flow="216.00" occupancy="3.33" speed="11.36" harmonicMeanSpeed="11.05" length="5.00" nVehEntered="8"/>
    <interval begin="16400.00" end="16500.00" id="inductionLoop.N0" nVehContrib="3" flow="108.00" occupancy="1.23" speed="12.46" harmonicMeanSpeed="12.20" length="5.00" nVehEntered="3"/>
    <interval begin="16500.00" end="16600.00" id="inductionLoop.N0" nVehContrib="3" flow="108.00" occupancy="1.26" speed="11.92" harmonicMeanSpeed="11.91" length="5.00" nVehEntered="3"/>
    <interval begin="16600.00" end="16700.00" id="inductionLoop.N0" nVehContrib="1" flow="36.00" occupancy="0.39" speed="12.68" harmonicMeanSpeed="12.68" length="5.00" nVehEntered="1"/>
    <interval begin="16700.00" end="16800.00" id="inductionLoop.N0" nVehContrib="2" flow="72.00" occupancy="0.80" speed="12.52" harmonicMeanSpeed="12.47" length="5.00" nVehEntered="2"/>
    <interval begin="16800.00" end="16900.00" id="inductionLoop.N0" nVehContrib="7" flow="252.00" occupancy="3.14" speed="12.14" harmonicMeanSpeed="12.02" length="5.00" nVehEntered="8"/>
    <interval begin="16900.00" end="17000.00" id="inductionLoop.N0" nVehContrib="4" flow="144.00" occupancy="1.50" speed="11.66" harmonicMeanSpeed="11.62" length="5.00" nVehEntered="3"/>
    <interval begin="17000.00" end="17100.00" id="inductionLoop.N0" nVehContrib="1" flow="36.00" occupancy="0.37" speed="13.62" harmonicMeanSpeed="13.62" length="5.00" nVehEntered="1"/>
    <interval begin="17100.00" end="17200.00" id="inductionLoop.N0" nVehContrib="6" flow="216.00" occupancy="2.41" speed="12.62" harmonicMeanSpeed="12.43" length="5.00" nVehEntered="6"/>
    <interval begin="17200.00" end="17300.00" id="inductionLoop.N0" nVehContrib="4" flow="144.00" occupancy="1.53" speed="13.12" harmonicMeanSpeed="13.05" length="5.00" nVehEntered="4"/>
    <interval begin="17300.00" end="17400.00" id="inductionLoop.N0" nVehContrib="1" flow="36.00" occupancy="0.38" speed="13.00" harmonicMeanSpeed="13.00" length="5.00" nVehEntered="1"/>
    <interval begin="17400.00" end="17500.00" id="inductionLoop.N0" nVehContrib="10" flow="360.00" occupancy="4.49" speed="11.37" harmonicMeanSpeed="11.14" length="5.00" nVehEntered="10"/>
    <interval begin="17500.00" end="17600.00" id="inductionLoop.N0" nVehContrib="6" flow="216.00" occupancy="2.99" speed="11.47" harmonicMeanSpeed="10.25" length="5.00" nVehEntered="7"/>
    <interval begin="17600.00" end="17700.00" id="inductionLoop.N0" nVehContrib="8" flow="288.00" occupancy="3.41" speed="11.70" harmonicMeanSpeed="11.49" length="5.00" nVehEntered="7"/>
    <interval begin="17700.00" end="17800.00" id="inductionLoop.N0" nVehContrib="9" flow="324.00" occupancy="3.93" speed="11.77" harmonicMeanSpeed="11.46" length="5.00" nVehEntered="9"/>
    <interval begin="17800.00" end="17900.00" id="inductionLoop.N0" nVehContrib="8" flow="288.00" occupancy="3.61" speed="11.38" harmonicMeanSpeed="11.09" length="5.00" nVehEntered="8"/>
    <interval begin="17900.00" end="18000.00" id="inductionLoop.N0" nVehContrib="3" flow="108.00" occupancy="1.26" speed="11.90" harmonicMeanSpeed="11.87" length="5.00" nVehEntered="3"/>
    <interval begin="18000.00" end="18100.00" id="inductionLoop.N0" nVehContrib="10" flow="360.00" occupancy="3.94" speed="12.88" harmonicMeanSpeed="12.70" length="5.00" nVehEntered="10"/>
    <interval begin="18100.00" end="18200.00" id="inductionLoop.N0" nVehContrib="9" flow="324.00" occupancy="3.65" speed="12.57" harmonicMeanSpeed="12.32" length="5.00" nVehEntered="9"/>
    <interval begin="18200.00" end="18300.00" id="inductionLoop.N0" nVehContrib="12" flow="432.00" occupancy="5.94" speed="10.70" harmonicMeanSpeed="10.10" length="5.00" nVehEntered="12"/>
    <interval begin="18300.00" end="18400.00" id="inductionLoop.N0" nVehContrib="8" flow="288.00" occupancy="3.33" speed="12.16" harmonicMeanSpeed="12.02" length="5.00" nVehEntered="8"/>
    <interval begin="18400.00" end="18500.00" id="inductionLoop.N0" nVehContrib="10" flow="360.00" occupancy="4.37" speed="11.65" harmonicMeanSpeed="11.43" length="5.00" nVehEntered="10"/>
    <interval begin="18500.00" end="18600.00" id="inductionLoop.N0" nVehContrib="6" flow="216.00" occupancy="2.74" speed="13.00" harmonicMeanSpeed="12.88" length="5.00" nVehEntered="8"/>
    <interval begin="18600.00" end="18700.00" id="inductionLoop.N0" nVehContrib="7" flow="252.00" occupancy="2.71" speed="13.07" harmonicMeanSpeed="12.89" length="5.00" nVehEntered="7"/>
    <interval begin="18700.00" end="18800.00" id="inductionLoop.N0" nVehContrib="10" flow="360.00" occupancy="4.18" speed="12.17" harmonicMeanSpeed="11.97" length="5.00" nVehEntered="10"/>
    <interval begin="18800.00" end="18900.00" id="inductionLoop.N0" nVehContrib="4" flow="144.00" occupancy="1.54" speed="13.00" harmonicMeanSpeed="12.97" length="5.00" nVehEntered="4"/>
    <interval begin="18900.00" end="19000.00" id="inductionLoop.N0" nVehContrib="12" flow="432.00" occupancy="5.69" speed="10.91" harmonicMeanSpeed="10.54" length="5.00" nVehEntered="12"/>
    <interval begin="19000.00" end="19100.00" id="inductionLoop.N0" nVehContrib="7" flow="252.00" occupancy="3.06" speed="11.66" harmonicMeanSpeed="11.42" length="5.00" nVehEntered="7"/>
    <interval begin="19100.00" end="19200.00" id="inductionLoop.N0" nVehContrib="5" flow="180.00" occupancy="1.90" speed="13.21" harmonicMeanSpeed="13.19" length="5.00" nVehEntered="5"/>
    <interval begin="19200.00" end="19300.00" id="inductionLoop.N0" nVehContrib="10" flow="360.00" occupancy="4.02" speed="12.79" harmonicMeanSpeed="12.45" length="5.00" nVehEntered="10"/>
    <interval begin="19300.00" end="19400.00" id="inductionLoop.N0" nVehContrib="11" flow="396.00" occupancy="4.85" speed="11.55" harmonicMeanSpeed="11.33" length="5.00" nVehEntered="11"/>
    <interval begin="19400.00" end="19500.00" id="inductionLoop.N0" nVehContrib="8" flow="288.00" occupancy="3.40" speed="11.87" harmonicMeanSpeed="11.76" length="5.00" nVehEntered="8"/>
    <interval begin="19500.00" end="19600.00" id="inductionLoop.N0" nVehContrib="10" flow="360.00" occupancy="4.36" speed="11.58" harmonicMeanSpeed="11.47" length="5.00" nVehEntered="10"/>
    <interval begin="19600.00" end="19700.00" id="inductionLoop.N0" nVehContrib="9" flow="324.00" occupancy="4.01" speed="11.80" harmonicMeanSpeed="11.60" length="5.00" nVehEntered="10"/>
    <interval begin="19700.00" end="19800.00" id="inductionLoop.N0" nVehContrib="10" flow="360.00" occupancy="4.34" speed="11.82" harmonicMeanSpeed="11.51" length="5.00" nVehEntered="10"/>
    <interval begin="19800.00" end="19900.00" id="inductionLoop.N0" nVehContrib="5" flow="180.00" occupancy="2.01" speed="12.45" harmonicMeanSpeed="12.42" length="5.00" nVehEntered="5"/>
    <interval begin="19900.00" end="20000.00" id="inductionLoop.N0" nVehContrib="9" flow="324.00" occupancy="3.82" speed="11.87" harmonicMeanSpeed="11.77" length="5.00" nVehEntered="9"/>
    <interval begin="20000.00" end="20100.00" id="inductionLoop.N0" nVehContrib="6" flow="216.00" occupancy="2.45" speed="12.33" harmonicMeanSpeed="12.27" length="5.00" nVehEntered="6"/>
    <interval begin="20100.00" end="20200.00" id="inductionLoop.N0" nVehContrib="7" flow="252.00" occupancy="2.67" speed="13.25" harmonicMeanSpeed="13.11" length="5.00" nVehEntered="7"/>
    <interval begin="20200.00" end="20300.00" id="inductionLoop.N0" nVehContrib="11" flow="396.00" occupancy="4.93" speed="11.46" harmonicMeanSpeed="11.15" length="5.00" nVehEntered="11"/>
    <interval begin="20300.00" end="20400.00" id="inductionLoop.N0" nVehContrib="12" flow="432.00" occupancy="10.70" speed="8.86" harmonicMeanSpeed="6.39" length="5.00" nVehEntered="14"/>
    <interval begin="20400.00" end="20500.00" id="inductionLoop.N0" nVehContrib="15" flow="540.00" occupancy="6.88" speed="11.29" harmonicMeanSpeed="10.90" length="5.00" nVehEntered="15"/>
    <interval begin="20500.00" end="20600.00" id="inductionLoop.N0" nVehContrib="10" flow="360.00" occupancy="6.72" speed="10.02" harmonicMeanSpeed="8.64" length="5.00" nVehEntered="13"/>
    <interval begin="20600.00" end="20700.00" id="inductionLoop.N0" nVehContrib="12" flow="432.00" occupancy="7.49" speed="9.56" harmonicMeanSpeed="8.01" length="5.00" nVehEntered="12"/>
    <interval begin="20700.00" end="20800.00" id="inductionLoop.N0" nVehContrib="10" flow="360.00" occupancy="14.70" speed="6.54" harmonicMeanSpeed="3.46" length="5.00" nVehEntered="11"/>
    <interval begin="20800.00" end="20900.00" id="inductionLoop.N0" nVehContrib="16" flow="576.00" occupancy="31.49" speed="4.04" harmonicMeanSpeed="2.52" length="5.00" nVehEntered="15"/>
    <interval begin="20900.00" end="21000.00" id="inductionLoop.N0" nVehContrib="12" flow="432.00" occupancy="15.91" speed="7.27" harmonicMeanSpeed="3.77" length="5.00" nVehEntered="12"/>
    <interval begin="21000.00" end="21100.00" id="inductionLoop.N0" nVehContrib="12" flow="432.00" occupancy="5.22" speed="11.71" harmonicMeanSpeed="11.50" length="5.00" nVehEntered="12"/>
    <interval begin="21100.00" end="21200.00" id="inductionLoop.N0" nVehContrib="7" flow="252.00" occupancy="2.89" speed="12.48" harmonicMeanSpeed="12.12" length="5.00" nVehEntered="7"/>
    <interval begin="21200.00" end="21300.00" id="inductionLoop.N0" nVehContrib="10" flow="360.00" occupancy="4.37" speed="11.79" harmonicMeanSpeed="11.45" length="5.00" nVehEntered="10"/>
    <interval begin="21300.00" end="21400.00" id="inductionLoop.N0" nVehContrib="10" flow="360.00" occupancy="4.14" speed="12.33" harmonicMeanSpeed="12.06" length="5.00" nVehEntered="10"/>
    <interval begin="21400.00" end="21500.00" id="inductionLoop.N0" nVehContrib="10" flow="360.00" occupancy="10.41" speed="8.65" harmonicMeanSpeed="5.80" length="5.00" nVehEntered="12"/>
    <interval begin="21500.00" end="21600.00" id="inductionLoop.N0" nVehContrib="14" flow="504.00" occupancy="7.09" speed="11.36" harmonicMeanSpeed="9.73" length="5.00" nVehEntered="15"/>
    <interval begin="21600.00" end="21700.00" id="inductionLoop.N0" nVehContrib="13" flow="468.00" occupancy="10.10" speed="8.67" harmonicMeanSpeed="6.44" length="5.00" nVehEntered="13"/>
    <interval begin="21700.00" end="21800.00" id="inductionLoop.N0" nVehContrib="10" flow="360.00" occupancy="4.68" speed="10.84" harmonicMeanSpeed="10.68" length="5.00" nVehEntered="10"/>
    <interval begin="21800.00" end="21900.00" id="inductionLoop.N0" nVehContrib="12" flow="432.00" occupancy="8.28" speed="9.29" harmonicMeanSpeed="7.24" length="5.00" nVehEntered="12"/>
    <interval begin="21900.00" end="22000.00" id="inductionLoop.N0" nVehContrib="16" flow="576.00" occupancy="24.31" speed="5.77" harmonicMeanSpeed="3.29" length="5.00" nVehEntered="16"/>
    <interval begin="22000.00" end="22100.00" id="inductionLoop.N0" nVehContrib="14" flow="504.00" occupancy="35.26" speed="2.72" harmonicMeanSpeed="1.99" length="5.00" nVehEntered="14"/>
    <interval begin="22100.00" end="22200.00" id="inductionLoop.N0" nVehContrib="14" flow="504.00" occupancy="14.58" speed="8.37" harmonicMeanSpeed="4.83" length="5.00" nVehEntered="15"/>
    <interval begin="22200.00" end="22300.00" id="inductionLoop.N0" nVehContrib="13" flow="468.00" occupancy="7.24" speed="10.17" harmonicMeanSpeed="8.98" length="5.00" nVehEntered="13"/>
    <interval begin="22300.00" end="22400.00" id="inductionLoop.N0" nVehContrib="13" flow="468.00" occupancy="12.51" speed="7.20" harmonicMeanSpeed="5.23" length="5.00" nVehEntered="14"/>
    <interval begin="22400.00" end="22500.00" id="inductionLoop.N0" nVehContrib="13" flow="468.00" occupancy="17.26" speed="7.04" harmonicMeanSpeed="3.77" length="5.00" nVehEntered="13"/>
    <interval begin="22500.00" end="22600.00" id="inductionLoop.N0" nVehContrib="13" flow="468.00" occupancy="6.61" speed="11.28" harmonicMeanSpeed="9.83" length="5.00" nVehEntered="13"/>
    <interval begin="22600.00" end="22700.00" id="inductionLoop.N0" nVehContrib="12" flow="432.00" occupancy="8.49" speed="8.88" harmonicMeanSpeed="7.06" length="5.00" nVehEntered="12"/>
    <interval begin="22700.00" end="22800.00" id="inductionLoop.N0" nVehContrib="13" flow="468.00" occupancy="8.45" speed="10.02" harmonicMeanSpeed="7.69" length="5.00" nVehEntered="13"/>
    <interval begin="22800.00" end="22900.00" id="inductionLoop.N0" nVehContrib="13" flow="468.00" occupancy="10.80" speed="8.46" harmonicMeanSpeed="6.02" length="5.00" nVehEntered="13"/>
    <interval begin="22900.00" end="23000.00" id="inductionLoop.N0" nVehContrib="11" flow="396.00" occupancy="18.62" speed="6.24" harmonicMeanSpeed="2.95" length="5.00" nVehEntered="11"/>
    <interval begin="23000.00" end="23100.00" id="inductionLoop.N0" nVehContrib="14" flow="504.00" occupancy="15.34" speed="6.35" harmonicMeanSpeed="4.91" length="5.00" nVehEntered="15"/>
    <interval begin="23100.00" end="23200.00" id="inductionLoop.N0" nVehContrib="11" flow="396.00" occupancy="6.77" speed="9.97" harmonicMeanSpeed="8.76" length="5.00" nVehEntered="13"/>
    <interval begin="23200.00" end="23300.00" id="inductionLoop.N0" nVehContrib="18" flow="648.00" occupancy="25.27" speed="5.90" harmonicMeanSpeed="3.56" length="5.00" nVehEntered="18"/>
    <interval begin="23300.00" end="23400.00" id="inductionLoop.N0" nVehContrib="11" flow="396.00" occupancy="19.76" speed="4.97" harmonicMeanSpeed="2.78" length="5.00" nVehEntered="12"/>
    <interval begin="23400.00" end="23500.00" id="inductionLoop.N0" nVehContrib="11" flow="396.00" occupancy="14.20" speed="6.86" harmonicMeanSpeed="3.87" length="5.00" nVehEntered="10"/>
    <interval begin="23500.00" end="23600.00" id="inductionLoop.N0" nVehContrib="14" flow="504.00" occupancy="29.19" speed="3.76" harmonicMeanSpeed="2.40" length="5.00" nVehEntered="14"/>
    <interval begin="23600.00" end="23700.00" id="inductionLoop.N0" nVehContrib="13" flow="468.00" occupancy="11.82" speed="8.69" harmonicMeanSpeed="5.50" length="5.00" nVehEntered="13"/>
    <interval begin="23700.00" end="23800.00" id="inductionLoop.N0" nVehContrib="17" flow="612.00" occupancy="16.50" speed="9.39" harmonicMeanSpeed="5.15" length="5.00" nVehEntered="17"/>
    <interval begin="23800.00" end="23900.00" id="inductionLoop.N0" nVehContrib="12" flow="432.00" occupancy="10.95" speed="7.82" harmonicMeanSpeed="5.48" length="5.00" nVehEntered="12"/>
    <interval begin="23900.00" end="24000.00" id="inductionLoop.N0" nVehContrib="14" flow="504.00" occupancy="16.57" speed="7.64" harmonicMeanSpeed="4.35" length="5.00" nVehEntered="15"/>
    <interval begin="24000.00" end="24100.00" id="inductionLoop.N0" nVehContrib="18" flow="648.00" occupancy="21.88" speed="6.35" harmonicMeanSpeed="4.04" length="5.00" nVehEntered="18"/>
    <interval begin="24100.00" end="24200.00" id="inductionLoop.N0" nVehContrib="15" flow="540.00" occupancy="13.40" speed="9.44" harmonicMeanSpeed="5.85" length="5.00" nVehEntered="17"/>
    <interval begin="24200.00" end="24300.00" id="inductionLoop.N0" nVehContrib="17" flow="612.00" occupancy="23.22" speed="6.14" harmonicMeanSpeed="3.66" length="5.00" nVehEntered="17"/>
    <interval begin="24300.00" end="24400.00" id="inductionLoop.N0" nVehContrib="19" flow="684.00" occupancy="32.03" speed="4.63" harmonicMeanSpeed="2.97" length="5.00" nVehEntered="19"/>
    <interval begin="24400.00" end="24500.00" id="inductionLoop.N0" nVehContrib="12" flow="432.00" occupancy="41.08" speed="1.69" harmonicMeanSpeed="1.46" length="5.00" nVehEntered="12"/>
    <interval begin="24500.00" end="24600.00" id="inductionLoop.N0" nVehContrib="22" flow="792.00" occupancy="37.66" speed="4.78" harmonicMeanSpeed="3.12" length="5.00" nVehEntered="23"/>
    <interval begin="24600.00" end="24700.00" id="inductionLoop.N0" nVehContrib="19" flow="684.00" occupancy="33.72" speed="4.44" harmonicMeanSpeed="2.69" length="5.00" nVehEntered="19"/>
    <interval begin="24700.00" end="24800.00" id="inductionLoop.N0" nVehContrib="17" flow="612.00" occupancy="17.63" speed="6.96" harmonicMeanSpeed="4.61" length="5.00" nVehEntered="16"/>
    <interval begin="24800.00" end="24900.00" id="inductionLoop.N0" nVehContrib="18" flow="648.00" occupancy="37.26" speed="4.59" harmonicMeanSpeed="2.42" length="5.00" nVehEntered="18"/>
    <interval begin="24900.00" end="25000.00" id="inductionLoop.N0" nVehContrib="16" flow="576.00" occupancy="41.17" speed="3.29" harmonicMeanSpeed="2.03" length="5.00" nVehEntered="17"/>
    <interval begin="25000.00" end="25100.00" id="inductionLoop.N0" nVehContrib="18" flow="648.00" occupancy="42.43" speed="3.16" harmonicMeanSpeed="2.03" length="5.00" nVehEntered="17"/>
    <interval begin="25100.00" end="25200.00" id="inductionLoop.N0" nVehContrib="20" flow="720.00" occupancy="32.18" speed="4.51" harmonicMeanSpeed="3.11" length="5.00" nVehEntered="20"/>
    <interval begin="25200.00" end="25300.00" id="inductionLoop.N0" nVehContrib="17" flow="612.00" occupancy="34.89" speed="4.21" harmonicMeanSpeed="2.74" length="5.00" nVehEntered="18"/>
    <interval begin="25300.00" end="25400.00" id="inductionLoop.N0" nVehContrib="13" flow="468.00" occupancy="33.96" speed="2.88" harmonicMeanSpeed="1.75" length="5.00" nVehEntered="13"/>
    <interval begin="25400.00" end="25500.00" id="inductionLoop.N0" nVehContrib="21" flow="756.00" occupancy="34.30" speed="4.61" harmonicMeanSpeed="3.00" length="5.00" nVehEntered="20"/>
    <interval begin="25500.00" end="25600.00" id="inductionLoop.N0" nVehContrib="15" flow="540.00" occupancy="26.07" speed="6.36" harmonicMeanSpeed="2.96" length="5.00" nVehEntered="17"/>
    <interval begin="25600.00" end="25700.00" id="inductionLoop.N0" nVehContrib="14" flow="504.00" occupancy="28.51" speed="3.86" harmonicMeanSpeed="2.44" length="5.00" nVehEntered="13"/>
    <interval begin="25700.00" end="25800.00" id="inductionLoop.N0" nVehContrib="20" flow="720.00" occupancy="41.40" speed="3.85" harmonicMeanSpeed="2.42" length="5.00" nVehEntered="20"/>
    <interval begin="25800.00" end="25900.00" id="inductionLoop.N0" nVehContrib="8" flow="288.00" occupancy="26.27" speed="2.23" harmonicMeanSpeed="1.52" length="5.00" nVehEntered="8"/>
    <interval begin="25900.00" end="26000.00" id="inductionLoop.N0" nVehContrib="13" flow="468.00" occupancy="31.06" speed="3.40" harmonicMeanSpeed="2.09" length="5.00" nVehEntered="13"/>
    <interval begin="26000.00" end="26100.00" id="inductionLoop.N0" nVehContrib="23" flow="828.00" occupancy="48.59" speed="4.05" harmonicMeanSpeed="2.37" length="5.00" nVehEntered="23"/>
    <interval begin="26100.00" end="26200.00" id="inductionLoop.N0" nVehContrib="20" flow="720.00" occupancy="34.22" speed="4.84" harmonicMeanSpeed="2.92" length="5.00" nVehEntered="20"/>
    <interval begin="26200.00" end="26300.00" id="inductionLoop.N0" nVehContrib="10" flow="360.00" occupancy="40.83" speed="1.57" harmonicMeanSpeed="1.38" length="5.00" nVehEntered="11"/>
    <interval begin="26300.00" end="26400.00" id="inductionLoop.N0" nVehContrib="14" flow="504.00" occupancy="28.27" speed="3.81" harmonicMeanSpeed="2.36" length="5.00" nVehEntered="14"/>
    <interval begin="26400.00" end="26500.00" id="inductionLoop.N0" nVehContrib="16" flow="576.00" occupancy="27.77" speed="3.94" harmonicMeanSpeed="2.74" length="5.00" nVehEntered="16"/>
    <interval begin="26500.00" end="26600.00" id="inductionLoop.N0" nVehContrib="9" flow="324.00" occupancy="13.80" speed="6.56" harmonicMeanSpeed="3.15" length="5.00" nVehEntered="10"/>
    <interval begin="26600.00" end="26700.00" id="inductionLoop.N0" nVehContrib="7" flow="252.00" occupancy="2.99" speed="12.14" harmonicMeanSpeed="11.99" length="5.00" nVehEntered="8"/>
    <interval begin="26700.00" end="26800.00" id="inductionLoop.N0" nVehContrib="12" flow="432.00" occupancy="7.69" speed="10.83" harmonicMeanSpeed="8.30" length="5.00" nVehEntered="13"/>
    <interval begin="26800.00" end="26900.00" id="inductionLoop.N0" nVehContrib="14" flow="504.00" occupancy="14.75" speed="8.60" harmonicMeanSpeed="4.75" length="5.00" nVehEntered="14"/>
    <interval begin="26900.00" end="27000.00" id="inductionLoop.N0" nVehContrib="13" flow="468.00" occupancy="26.23" speed="4.26" harmonicMeanSpeed="2.53" length="5.00" nVehEntered="14"/>
    <interval begin="27000.00" end="27100.00" id="inductionLoop.N0" nVehContrib="11" flow="396.00" occupancy="34.07" speed="1.89" harmonicMeanSpeed="1.61" length="5.00" nVehEntered="11"/>
    <interval begin="27100.00" end="27200.00" id="inductionLoop.N0" nVehContrib="14" flow="504.00" occupancy="29.32" speed="3.45" harmonicMeanSpeed="2.42" length="5.00" nVehEntered="15"/>
    <interval begin="27200.00" end="27300.00" id="inductionLoop.N0" nVehContrib="8" flow="288.00" occupancy="12.58" speed="6.30" harmonicMeanSpeed="3.24" length="5.00" nVehEntered="8"/>
    <interval begin="27300.00" end="27400.00" id="inductionLoop.N0" nVehContrib="13" flow="468.00" occupancy="12.59" speed="7.70" harmonicMeanSpeed="5.30" length="5.00" nVehEntered="14"/>
    <interval begin="27400.00" end="27500.00" id="inductionLoop.N0" nVehContrib="11" flow="396.00" occupancy="32.45" speed="2.98" harmonicMeanSpeed="1.70" length="5.00" nVehEntered="11"/>
    <interval begin="27500.00" end="27600.00" id="inductionLoop.N0" nVehContrib="15" flow="540.00" occupancy="13.55" speed="7.21" harmonicMeanSpeed="5.54" length="5.00" nVehEntered="15"/>
    <interval begin="27600.00" end="27700.00" id="inductionLoop.N0" nVehContrib="15" flow="540.00" occupancy="17.24" speed="7.07" harmonicMeanSpeed="4.35" length="5.00" nVehEntered="15"/>
    <interval begin="27700.00" end="27800.00" id="inductionLoop.N0" nVehContrib="19" flow="684.00" occupancy="38.17" speed="3.83" harmonicMeanSpeed="2.49" length="5.00" nVehEntered="19"/>
    <interval begin="27800.00" end="27900.00" id="inductionLoop.N0" nVehContrib="16" flow="576.00" occupancy="23.76" speed="5.05" harmonicMeanSpeed="3.37" length="5.00" nVehEntered="16"/>
    <interval begin="27900.00" end="28000.00" id="inductionLoop.N0" nVehContrib="12" flow="432.00" occupancy="13.04" speed="7.08" harmonicMeanSpeed="4.60" length="5.00" nVehEntered="12"/>
    <interval begin="28000.00" end="28100.00" id="inductionLoop.N0" nVehContrib="16" flow="576.00" occupancy="10.39" speed="9.27" harmonicMeanSpeed="7.70" length="5.00" nVehEntered="16"/>
    <interval begin="28100.00" end="28200.00" id="inductionLoop.N0" nVehContrib="17" flow="612.00" occupancy="14.35" speed="7.67" harmonicMeanSpeed="5.92" length="5.00" nVehEntered="17"/>
    <interval begin="28200.00" end="28300.00" id="inductionLoop.N0" nVehContrib="8" flow="288.00" occupancy="10.44" speed="5.96" harmonicMeanSpeed="3.83" length="5.00" nVehEntered="8"/>
    <interval begin="28300.00" end="28400.00" id="inductionLoop.N0" nVehContrib="8" flow="288.00" occupancy="3.53" speed="12.57" harmonicMeanSpeed="12.42" length="5.00" nVehEntered="9"/>
    <interval begin="28400.00" end="28500.00" id="inductionLoop.N0" nVehContrib="6" flow="216.00" occupancy="2.62" speed="11.66" harmonicMeanSpeed="11.47" length="5.00" nVehEntered="6"/>
    <interval begin="28500.00" end="28600.00" id="inductionLoop.N0" nVehContrib="8" flow="288.00" occupancy="3.48" speed="11.90" harmonicMeanSpeed="11.49" length="5.00" nVehEntered="8"/>
    <interval begin="28600.00" end="28700.00" id="inductionLoop.N0" nVehContrib="11" flow="396.00" occupancy="5.54" speed="10.45" harmonicMeanSpeed="9.93" length="5.00" nVehEntered="11"/>
    <interval begin="28700.00" end="28800.00" id="inductionLoop.N0" nVehContrib="8" flow="288.00" occupancy="4.63" speed="11.82" harmonicMeanSpeed="11.39" length="5.00" nVehEntered="9"/>
    <interval begin="28800.00" end="28900.00" id="inductionLoop.N0" nVehContrib="11" flow="396.00" occupancy="5.61" speed="12.65" harmonicMeanSpeed="9.81" length="5.00" nVehEntered="11"/>
    <interval begin="28900.00" end="29000.00" id="inductionLoop.N0" nVehContrib="12" flow="432.00" occupancy="24.09" speed="3.28" harmonicMeanSpeed="2.49" length="5.00" nVehEntered="12"/>
    <interval begin="29000.00" end="29100.00" id="inductionLoop.N0" nVehContrib="12" flow="432.00" occupancy="19.21" speed="7.14" harmonicMeanSpeed="3.12" length="5.00" nVehEntered="12"/>
    <interval begin="29100.00" end="29200.00" id="inductionLoop.N0" nVehContrib="9" flow="324.00" occupancy="4.94" speed="11.70" harmonicMeanSpeed="11.42" length="5.00" nVehEntered="10"/>
    <interval begin="29200.00" end="29300.00" id="inductionLoop.N0" nVehContrib="10" flow="360.00" occupancy="4.27" speed="11.87" harmonicMeanSpeed="11.70" length="5.00" nVehEntered="10"/>
    <interval begin="29300.00" end="29400.00" id="inductionLoop.N0" nVehContrib="16" flow="576.00" occupancy="15.49" speed="9.39" harmonicMeanSpeed="5.17" length="5.00" nVehEntered="16"/>
    <interval begin="29400.00" end="29500.00" id="inductionLoop.N0" nVehContrib="10" flow="360.00" occupancy="5.17" speed="10.23" harmonicMeanSpeed="9.67" length="5.00" nVehEntered="10"/>
    <interval begin="29500.00" end="29600.00" id="inductionLoop.N0" nVehContrib="7" flow="252.00" occupancy="2.73" speed="12.87" harmonicMeanSpeed="12.80" length="5.00" nVehEntered="7"/>
    <interval begin="29600.00" end="29700.00" id="inductionLoop.N0" nVehContrib="11" flow="396.00" occupancy="5.32" speed="11.08" harmonicMeanSpeed="10.71" length="5.00" nVehEntered="12"/>
    <interval begin="29700.00" end="29800.00" id="inductionLoop.N0" nVehContrib="7" flow="252.00" occupancy="4.32" speed="10.88" harmonicMeanSpeed="10.46" length="5.00" nVehEntered="8"/>
    <interval begin="29800.00" end="29900.00" id="inductionLoop.N0" nVehContrib="10" flow="360.00" occupancy="5.71" speed="10.26" harmonicMeanSpeed="8.76" length="5.00" nVehEntered="10"/>
    <interval begin="29900.00" end="30000.00" id="inductionLoop.N0" nVehContrib="13" flow="468.00" occupancy="16.61" speed="6.76" harmonicMeanSpeed="3.91" length="5.00" nVehEntered="13"/>
    <interval begin="30000.00" end="30100.00" id="inductionLoop.N0" nVehContrib="5" flow="180.00" occupancy="3.75" speed="10.99" harmonicMeanSpeed="10.83" length="5.00" nVehEntered="7"/>
    <interval begin="30100.00" end="30200.00" id="inductionLoop.N0" nVehContrib="8" flow="288.00" occupancy="3.29" speed="12.24" harmonicMeanSpeed="12.17" length="5.00" nVehEntered="8"/>
    <interval begin="30200.00" end="30300.00" id="inductionLoop.N0" nVehContrib="7" flow="252.00" occupancy="3.49" speed="11.85" harmonicMeanSpeed="11.61" length="5.00" nVehEntered="8"/>
    <interval begin="30300.00" end="30400.00" id="inductionLoop.N0" nVehContrib="8" flow="288.00" occupancy="4.00" speed="12.05" harmonicMeanSpeed="11.72" length="5.00" nVehEntered="9"/>
    <interval begin="30400.00" end="30500.00" id="inductionLoop.N0" nVehContrib="8" flow="288.00" occupancy="3.15" speed="12.81" harmonicMeanSpeed="12.71" length="5.00" nVehEntered="8"/>
    <interval begin="30500.00" end="30600.00" id="inductionLoop.N0" nVehContrib="13" flow="468.00" occupancy="6.38" speed="10.97" harmonicMeanSpeed="10.20" length="5.00" nVehEntered="13"/>
    <interval begin="30600.00" end="30700.00" id="inductionLoop.N0" nVehContrib="4" flow="144.00" occupancy="2.91" speed="10.36" harmonicMeanSpeed="10.12" length="5.00" nVehEntered="5"/>
    <interval begin="30700.00" end="30800.00" id="inductionLoop.N0" nVehContrib="0" flow="0.00" occupancy="0.00" speed="-1.00" harmonicMeanSpeed="-1.00" length="-1.00" nVehEntered="0"/>
    <interval begin="30800.00" end="30900.00" id="inductionLoop.N0" nVehContrib="0" flow="0.00" occupancy="0.00" speed="-1.00" harmonicMeanSpeed="-1.00" length="-1.00" nVehEntered="0"/>
    <interval begin="30900.00" end="31000.00" id="inductionLoop.N0" nVehContrib="0" flow="0.00" occupancy="0.00" speed="-1.00" harmonicMeanSpeed="-1.00" length="-1.00" nVehEntered="0"/>
    <interval begin="31000.00" end="31100.00" id="inductionLoop.N0" nVehContrib="0" flow="0.00" occupancy="0.00" speed="-1.00" harmonicMeanSpeed="-1.00" length="-1.00" nVehEntered="0"/>
    <interval begin="31100.00" end="31200.00" id="inductionLoop.N0" nVehContrib="0" flow="0.00" occupancy="0.00" speed="-1.00" harmonicMeanSpeed="-1.00" length="-1.00" nVehEntered="0"/>
    <interval begin="31200.00" end="31300.00" id="inductionLoop.N0" nVehContrib="0" flow="0.00" occupancy="0.00" speed="-1.00" harmonicMeanSpeed="-1.00" length="-1.00" nVehEntered="0"/>
    <interval begin="31300.00" end="31400.00" id="inductionLoop.N0" nVehContrib="0" flow="0.00" occupancy="0.00" speed="-1.00" harmonicMeanSpeed="-1.00" length="-1.00" nVehEntered="0"/>
    <interval begin="31400.00" end="31500.00" id="inductionLoop.N0" nVehContrib="0" flow="0.00" occupancy="0.00" speed="-1.00" harmonicMeanSpeed="-1.00" length="-1.00" nVehEntered="0"/>
    <interval begin="31500.00" end="31600.00" id="inductionLoop.N0" nVehContrib="0" flow="0.00" occupancy="0.00" speed="-1.00" harmonicMeanSpeed="-1.00" length="-1.00" nVehEntered="0"/>
    <interval begin="31600.00" end="31700.00" id="inductionLoop.N0" nVehContrib="2" flow="72.00" occupancy="0.78" speed="12.89" harmonicMeanSpeed="12.89" length="5.00" nVehEntered="2"/>
    <interval begin="31700.00" end="31800.00" id="inductionLoop.N0" nVehContrib="1" flow="36.00" occupancy="0.38" speed="13.13" harmonicMeanSpeed="13.13" length="5.00" nVehEntered="1"/>
    <interval begin="31800.00" end="31900.00" id="inductionLoop.N0" nVehContrib="3" flow="108.00" occupancy="1.19" speed="12.81" harmonicMeanSpeed="12.66" length="5.00" nVehEntered="3"/>
    <interval begin="31900.00" end="32000.00" id="inductionLoop.N0" nVehContrib="5" flow="180.00" occupancy="2.05" speed="12.28" harmonicMeanSpeed="12.22" length="5.00" nVehEntered="5"/>
    <interval begin="32000.00" end="32100.00" id="inductionLoop.N0" nVehContrib="4" flow="144.00" occupancy="1.54" speed="13.02" harmonicMeanSpeed="12.99" length="5.00" nVehEntered="4"/>
    <interval begin="32100.00" end="32200.00" id="inductionLoop.N0" nVehContrib="5" flow="180.00" occupancy="2.02" speed="12.47" harmonicMeanSpeed="12.36" length="5.00" nVehEntered="5"/>
    <interval begin="32200.00" end="32300.00" id="inductionLoop.N0" nVehContrib="5" flow="180.00" occupancy="1.91" speed="13.17" harmonicMeanSpeed="13.06" length="5.00" nVehEntered="5"/>
    <interval begin="32300.00" end="32400.00" id="inductionLoop.N0" nVehContrib="4" flow="144.00" occupancy="1.51" speed="13.23" harmonicMeanSpeed="13.22" length="5.00" nVehEntered="4"/>
    <interval begin="32400.00" end="32500.00" id="inductionLoop.N0" nVehContrib="5" flow="180.00" occupancy="2.03" speed="12.35" harmonicMeanSpeed="12.33" length="5.00" nVehEntered="5"/>
    <interval begin="32500.00" end="32600.00" id="inductionLoop.N0" nVehContrib="8" flow="288.00" occupancy="3.30" speed="12.21" harmonicMeanSpeed="12.11" length="5.00" nVehEntered="8"/>
    <interval begin="32600.00" end="32700.00" id="inductionLoop.N0" nVehContrib="3" flow="108.00" occupancy="1.22" speed="12.39" harmonicMeanSpeed="12.25" length="5.00" nVehEntered="3"/>
    <interval begin="32700.00" end="32800.00" id="inductionLoop.N0" nVehContrib="7" flow="252.00" occupancy="2.91" speed="12.12" harmonicMeanSpeed="12.01" length="5.00" nVehEntered="7"/>
    <interval begin="32800.00" end="32900.00" id="inductionLoop.N0" nVehContrib="11" flow="396.00" occupancy="15.98" speed="6.34" harmonicMeanSpeed="3.64" length="5.00" nVehEntered="14"/>
    <interval begin="32900.00" end="33000.00" id="inductionLoop.N0" nVehContrib="11" flow="396.00" occupancy="13.56" speed="6.28" harmonicMeanSpeed="4.05" length="5.00" nVehEntered="11"/>
    <interval begin="33000.00" end="33100.00" id="inductionLoop.N0" nVehContrib="11" flow="396.00" occupancy="7.63" speed="10.83" harmonicMeanSpeed="8.23" length="5.00" nVehEntered="13"/>
    <interval begin="33100.00" end="33200.00" id="inductionLoop.N0" nVehContrib="12" flow="432.00" occupancy="10.80" speed="9.91" harmonicMeanSpeed="5.45" length="5.00" nVehEntered="11"/>
    <interval begin="33200.00" end="33300.00" id="inductionLoop.N0" nVehContrib="10" flow="360.00" occupancy="4.80" speed="11.73" harmonicMeanSpeed="11.26" length="5.00" nVehEntered="11"/>
    <interval begin="33300.00" end="33400.00" id="inductionLoop.N0" nVehContrib="7" flow="252.00" occupancy="2.91" speed="12.19" harmonicMeanSpeed="12.04" length="5.00" nVehEntered="7"/>
    <interval begin="33400.00" end="33500.00" id="inductionLoop.N0" nVehContrib="6" flow="216.00" occupancy="2.33" speed="13.04" harmonicMeanSpeed="12.90" length="5.00" nVehEntered="6"/>
    <interval begin="33500.00" end="33600.00" id="inductionLoop.N0" nVehContrib="10" flow="360.00" occupancy="3.97" speed="12.71" harmonicMeanSpeed="12.60" length="5.00" nVehEntered="10"/>
    <interval begin="33600.00" end="33700.00" id="inductionLoop.N0" nVehContrib="3" flow="108.00" occupancy="1.45" speed="10.81" harmonicMeanSpeed="10.38" length="5.00" nVehEntered="3"/>
    <interval begin="33700.00" end="33800.00" id="inductionLoop.N0" nVehContrib="0" flow="0.00" occupancy="0.00" speed="-1.00" harmonicMeanSpeed="-1.00" length="-1.00" nVehEntered="0"/>
    <interval begin="33800.00" end="33900.00" id="inductionLoop.N0" nVehContrib="0" flow="0.00" occupancy="0.00" speed="-1.00" harmonicMeanSpeed="-1.00" length="-1.00" nVehEntered="0"/>
    <interval begin="33900.00" end="34000.00" id="inductionLoop.N0" nVehContrib="0" flow="0.00" occupancy="0.00" speed="-1.00" harmonicMeanSpeed="-1.00" length="-1.00" nVehEntered="0"/>
    <interval begin="34000.00" end="34100.00" id="inductionLoop.N0" nVehContrib="0" flow="0.00" occupancy="0.00" speed="-1.00" harmonicMeanSpeed="-1.00" length="-1.00" nVehEntered="0"/>
    <interval begin="34100.00" end="34200.00" id="inductionLoop.N0" nVehContrib="0" flow="0.00" occupancy="0.00" speed="-1.00" harmonicMeanSpeed="-1.00" length="-1.00" nVehEntered="0"/>
    <interval begin="34200.00" end="34300.00" id="inductionLoop.N0" nVehContrib="4" flow="144.00" occupancy="1.56" speed="12.94" harmonicMeanSpeed="12.81" length="5.00" nVehEntered="4"/>
    <interval begin="34300.00" end="34400.00" id="inductionLoop.N0" nVehContrib="2" flow="72.00" occupancy="0.91" speed="14.50" harmonicMeanSpeed="14.50" length="5.00" nVehEntered="3"/>
    <interval begin="34400.00" end="34500.00" id="inductionLoop.N0" nVehContrib="4" flow="144.00" occupancy="1.56" speed="13.07" harmonicMeanSpeed="12.92" length="5.00" nVehEntered="5"/>
    <interval begin="34500.00" end="34600.00" id="inductionLoop.N0" nVehContrib="8" flow="288.00" occupancy="6.13" speed="9.31" harmonicMeanSpeed="7.90" length="5.00" nVehEntered="9"/>
    <interval begin="34600.00" end="34700.00" id="inductionLoop.N0" nVehContrib="14" flow="504.00" occupancy="10.99" speed="9.57" harmonicMeanSpeed="6.37" length="5.00" nVehEntered="14"/>
    <interval begin="34700.00" end="34800.00" id="inductionLoop.N0" nVehContrib="14" flow="504.00" occupancy="17.86" speed="6.67" harmonicMeanSpeed="3.92" length="5.00" nVehEntered="14"/>
    <interval begin="34800.00" end="34900.00" id="inductionLoop.N0" nVehContrib="14" flow="504.00" occupancy="21.30" speed="5.28" harmonicMeanSpeed="3.29" length="5.00" nVehEntered="14"/>
    <interval begin="34900.00" end="35000.00" id="inductionLoop.N0" nVehContrib="14" flow="504.00" occupancy="17.54" speed="5.59" harmonicMeanSpeed="3.99" length="5.00" nVehEntered="14"/>
    <interval begin="35000.00" end="35100.00" id="inductionLoop.N0" nVehContrib="16" flow="576.00" occupancy="21.02" speed="6.89" harmonicMeanSpeed="4.13" length="5.00" nVehEntered="17"/>
    <interval begin="35100.00" end="35200.00" id="inductionLoop.N0" nVehContrib="17" flow="612.00" occupancy="25.29" speed="5.68" harmonicMeanSpeed="3.15" length="5.00" nVehEntered="16"/>
    <interval begin="35200.00" end="35300.00" id="inductionLoop.N0" nVehContrib="10" flow="360.00" occupancy="7.23" speed="9.49" harmonicMeanSpeed="6.92" length="5.00" nVehEntered="10"/>
    <interval begin="35300.00" end="35400.00" id="inductionLoop.N0" nVehContrib="14" flow="504.00" occupancy="9.33" speed="10.59" harmonicMeanSpeed="9.07" length="5.00" nVehEntered="15"/>
    <interval begin="35400.00" end="35500.00" id="inductionLoop.N0" nVehContrib="13" flow="468.00" occupancy="17.47" speed="6.39" harmonicMeanSpeed="3.41" length="5.00" nVehEntered="12"/>
    <interval begin="35500.00" end="35600.00" id="inductionLoop.N0" nVehContrib="11" flow="396.00" occupancy="15.81" speed="6.17" harmonicMeanSpeed="3.48" length="5.00" nVehEntered="11"/>
    <interval begin="35600.00" end="35700.00" id="inductionLoop.N0" nVehContrib="14" flow="504.00" occupancy="32.36" speed="2.93" harmonicMeanSpeed="2.16" length="5.00" nVehEntered="14"/>
    <interval begin="35700.00" end="35800.00" id="inductionLoop.N0" nVehContrib="9" flow="324.00" occupancy="20.67" speed="3.50" harmonicMeanSpeed="2.18" length="5.00" nVehEntered="9"/>
    <interval begin="35800.00" end="35900.00" id="inductionLoop.N0" nVehContrib="10" flow="360.00" occupancy="3.88" speed="13.21" harmonicMeanSpeed="12.93" length="5.00" nVehEntered="11"/>
    <interval begin="35900.00" end="36000.00" id="inductionLoop.N0" nVehContrib="10" flow="360.00" occupancy="3.99" speed="12.61" harmonicMeanSpeed="12.54" length="5.00" nVehEntered="10"/>
    <interval begin="36000.00" end="36100.00" id="inductionLoop.N0" nVehContrib="11" flow="396.00" occupancy="8.12" speed="9.57" harmonicMeanSpeed="6.78" length="5.00" nVehEntered="12"/>
    <interval begin="36100.00" end="36200.00" id="inductionLoop.N0" nVehContrib="14" flow="504.00" occupancy="14.13" speed="8.67" harmonicMeanSpeed="5.99" length="5.00" nVehEntered="15"/>
    <interval begin="36200.00" end="36300.00" id="inductionLoop.N0" nVehContrib="20" flow="720.00" occupancy="43.03" speed="4.04" harmonicMeanSpeed="2.24" length="5.00" nVehEntered="19"/>
    <interval begin="36300.00" end="36400.00" id="inductionLoop.N0" nVehContrib="14" flow="504.00" occupancy="32.46" speed="3.91" harmonicMeanSpeed="2.16" length="5.00" nVehEntered="14"/>
    <interval begin="36400.00" end="36500.00" id="inductionLoop.N0" nVehContrib="13" flow="468.00" occupancy="22.46" speed="4.60" harmonicMeanSpeed="2.89" length="5.00" nVehEntered="13"/>
    <interval begin="36500.00" end="36600.00" id="inductionLoop.N0" nVehContrib="13" flow="468.00" occupancy="22.39" speed="5.26" harmonicMeanSpeed="2.90" length="5.00" nVehEntered="13"/>
    <interval begin="36600.00" end="36700.00" id="inductionLoop.N0" nVehContrib="12" flow="432.00" occupancy="21.15" speed="5.97" harmonicMeanSpeed="3.00" length="5.00" nVehEntered="14"/>
    <interval begin="36700.00" end="36800.00" id="inductionLoop.N0" nVehContrib="13" flow="468.00" occupancy="36.40" speed="2.36" harmonicMeanSpeed="1.76" length="5.00" nVehEntered="12"/>
    <interval begin="36800.00" end="36900.00" id="inductionLoop.N0" nVehContrib="17" flow="612.00" occupancy="44.22" speed="2.99" harmonicMeanSpeed="1.92" length="5.00" nVehEntered="17"/>
    <interval begin="36900.00" end="37000.00" id="inductionLoop.N0" nVehContrib="16" flow="576.00" occupancy="35.85" speed="3.50" harmonicMeanSpeed="2.23" length="5.00" nVehEntered="16"/>
    <interval begin="37000.00" end="37100.00" id="inductionLoop.N0" nVehContrib="13" flow="468.00" occupancy="37.86" speed="2.52" harmonicMeanSpeed="1.72" length="5.00" nVehEntered="13"/>
    <interval begin="37100.00" end="37200.00" id="inductionLoop.N0" nVehContrib="14" flow="504.00" occupancy="27.41" speed="4.46" harmonicMeanSpeed="2.55" length="5.00" nVehEntered="14"/>
    <interval begin="37200.00" end="37300.00" id="inductionLoop.N0" nVehContrib="18" flow="648.00" occupancy="31.84" speed="4.53" harmonicMeanSpeed="2.83" length="5.00" nVehEntered="18"/>
    <interval begin="37300.00" end="37400.00" id="inductionLoop.N0" nVehContrib="17" flow="612.00" occupancy="34.90" speed="4.28" harmonicMeanSpeed="2.44" length="5.00" nVehEntered="17"/>
    <interval begin="37400.00" end="37500.00" id="inductionLoop.N0" nVehContrib="15" flow="540.00" occupancy="35.68" speed="3.61" harmonicMeanSpeed="2.10" length="5.00" nVehEntered="15"/>
    <interval begin="37500.00" end="37600.00" id="inductionLoop.N0" nVehContrib="13" flow="468.00" occupancy="21.02" speed="4.71" harmonicMeanSpeed="3.09" length="5.00" nVehEntered="13"/>
    <interval begin="37600.00" end="37700.00" id="inductionLoop.N0" nVehContrib="12" flow="432.00" occupancy="15.49" speed="7.59" harmonicMeanSpeed="3.99" length="5.00" nVehEntered="13"/>
    <interval begin="37700.00" end="37800.00" id="inductionLoop.N0" nVehContrib="10" flow="360.00" occupancy="8.64" speed="8.96" harmonicMeanSpeed="7.25" length="5.00" nVehEntered="11"/>
    <interval begin="37800.00" end="37900.00" id="inductionLoop.N0" nVehContrib="20" flow="720.00" occupancy="30.52" speed="4.53" harmonicMeanSpeed="3.10" length="5.00" nVehEntered="19"/>
    <interval begin="37900.00" end="38000.00" id="inductionLoop.N0" nVehContrib="11" flow="396.00" occupancy="8.86" speed="7.98" harmonicMeanSpeed="6.21" length="5.00" nVehEntered="11"/>
    <interval begin="38000.00" end="38100.00" id="inductionLoop.N0" nVehContrib="13" flow="468.00" occupancy="10.88" speed="10.20" harmonicMeanSpeed="5.97" length="5.00" nVehEntered="13"/>
    <interval begin="38100.00" end="38200.00" id="inductionLoop.N0" nVehContrib="14" flow="504.00" occupancy="11.53" speed="9.45" harmonicMeanSpeed="6.07" length="5.00" nVehEntered="14"/>
    <interval begin="38200.00" end="38300.00" id="inductionLoop.N0" nVehContrib="14" flow="504.00" occupancy="26.17" speed="4.84" harmonicMeanSpeed="2.70" length="5.00" nVehEntered="15"/>
    <interval begin="38300.00" end="38400.00" id="inductionLoop.N0" nVehContrib="13" flow="468.00" occupancy="19.69" speed="6.82" harmonicMeanSpeed="3.43" length="5.00" nVehEntered="14"/>
    <interval begin="38400.00" end="38500.00" id="inductionLoop.N0" nVehContrib="16" flow="576.00" occupancy="13.05" speed="9.62" harmonicMeanSpeed="5.81" length="5.00" nVehEntered="15"/>
    <interval begin="38500.00" end="38600.00" id="inductionLoop.N0" nVehContrib="15" flow="540.00" occupancy="21.16" speed="7.20" harmonicMeanSpeed="3.72" length="5.00" nVehEntered="16"/>
    <interval begin="38600.00" end="38700.00" id="inductionLoop.N0" nVehContrib="12" flow="432.00" occupancy="18.84" speed="5.54" harmonicMeanSpeed="3.02" length="5.00" nVehEntered="11"/>
    <interval begin="38700.00" end="38800.00" id="inductionLoop.N0" nVehContrib="17" flow="612.00" occupancy="32.48" speed="4.49" harmonicMeanSpeed="2.64" length="5.00" nVehEntered="18"/>
    <interval begin="38800.00" end="38900.00" id="inductionLoop.N0" nVehContrib="12" flow="432.00" occupancy="13.13" speed="7.75" harmonicMeanSpeed="4.74" length="5.00" nVehEntered="14"/>
    <interval begin="38900.00" end="39000.00" id="inductionLoop.N0" nVehContrib="19" flow="684.00" occupancy="22.36" speed="6.40" harmonicMeanSpeed="4.25" length="5.00" nVehEntered="19"/>
    <interval begin="39000.00" end="39100.00" id="inductionLoop.N0" nVehContrib="18" flow="648.00" occupancy="38.09" speed="4.31" harmonicMeanSpeed="2.36" length="5.00" nVehEntered="18"/>
    <interval begin="39100.00" end="39200.00" id="inductionLoop.N0" nVehContrib="23" flow="828.00" occupancy="23.26" speed="7.15" harmonicMeanSpeed="4.94" length="5.00" nVehEntered="23"/>
    <interval begin="39200.00" end="39300.00" id="inductionLoop.N0" nVehContrib="18" flow="648.00" occupancy="25.46" speed="6.35" harmonicMeanSpeed="3.53" length="5.00" nVehEntered="18"/>
    <interval begin="39300.00" end="39400.00" id="inductionLoop.N0" nVehContrib="18" flow="648.00" occupancy="36.57" speed="4.76" harmonicMeanSpeed="2.61" length="5.00" nVehEntered="19"/>
    <interval begin="39400.00" end="39500.00" id="inductionLoop.N0" nVehContrib="16" flow="576.00" occupancy="40.11" speed="2.54" harmonicMeanSpeed="1.90" length="5.00" nVehEntered="15"/>
    <interval begin="39500.00" end="39600.00" id="inductionLoop.N0" nVehContrib="18" flow="648.00" occupancy="22.86" speed="7.66" harmonicMeanSpeed="5.05" length="5.00" nVehEntered="20"/>
    <interval begin="39600.00" end="39700.00" id="inductionLoop.N0" nVehContrib="14" flow="504.00" occupancy="31.33" speed="3.35" harmonicMeanSpeed="1.93" length="5.00" nVehEntered="13"/>
    <interval begin="39700.00" end="39800.00" id="inductionLoop.N0" nVehContrib="16" flow="576.00" occupancy="12.32" speed="7.74" harmonicMeanSpeed="6.50" length="5.00" nVehEntered="16"/>
    <interval begin="39800.00" end="39900.00" id="inductionLoop.N0" nVehContrib="24" flow="864.00" occupancy="35.68" speed="4.92" harmonicMeanSpeed="3.36" length="5.00" nVehEntered="24"/>
    <interval begin="39900.00" end="40000.00" id="inductionLoop.N0" nVehContrib="16" flow="576.00" occupancy="24.87" speed="5.78" harmonicMeanSpeed="3.31" length="5.00" nVehEntered="17"/>
    <interval begin="40000.00" end="40100.00" id="inductionLoop.N0" nVehContrib="22" flow="792.00" occupancy="29.12" speed="5.61" harmonicMeanSpeed="3.92" length="5.00" nVehEntered="22"/>
    <interval begin="40100.00" end="40200.00" id="inductionLoop.N0" nVehContrib="21" flow="756.00" occupancy="48.63" speed="3.55" harmonicMeanSpeed="2.09" length="5.00" nVehEntered="20"/>
    <interval begin="40200.00" end="40300.00" id="inductionLoop.N0" nVehContrib="17" flow="612.00" occupancy="29.85" speed="4.38" harmonicMeanSpeed="2.85" length="5.00" nVehEntered="17"/>
    <interval begin="40300.00" end="40400.00" id="inductionLoop.N0" nVehContrib="24" flow="864.00" occupancy="29.56" speed="6.27" harmonicMeanSpeed="4.20" length="5.00" nVehEntered="25"/>
    <interval begin="40400.00" end="40500.00" id="inductionLoop.N0" nVehContrib="19" flow="684.00" occupancy="29.77" speed="5.26" harmonicMeanSpeed="3.09" length="5.00" nVehEntered="18"/>
    <interval begin="40500.00" end="40600.00" id="inductionLoop.N0" nVehContrib="15" flow="540.00" occupancy="20.29" speed="6.44" harmonicMeanSpeed="3.70" length="5.00" nVehEntered="15"/>
    <interval begin="40600.00" end="40700.00" id="inductionLoop.N0" nVehContrib="11" flow="396.00" occupancy="37.10" speed="1.52" harmonicMeanSpeed="1.48" length="5.00" nVehEntered="11"/>
    <interval begin="40700.00" end="40800.00" id="inductionLoop.N0" nVehContrib="15" flow="540.00" occupancy="38.30" speed="3.10" harmonicMeanSpeed="1.96" length="5.00" nVehEntered="15"/>
    <interval begin="40800.00" end="40900.00" id="inductionLoop.N0" nVehContrib="32" flow="1152.00" occupancy="40.93" speed="5.38" harmonicMeanSpeed="3.91" length="5.00" nVehEntered="32"/>
    <interval begin="40900.00" end="41000.00" id="inductionLoop.N0" nVehContrib="25" flow="900.00" occupancy="26.30" speed="8.33" harmonicMeanSpeed="5.38" length="5.00" nVehEntered="29"/>
    <interval begin="41000.00" end="41100.00" id="inductionLoop.N0" nVehContrib="9" flow="324.00" occupancy="28.67" speed="1.69" harmonicMeanSpeed="1.57" length="5.00" nVehEntered="9"/>
    <interval begin="41100.00" end="41200.00" id="inductionLoop.N0" nVehContrib="25" flow="900.00" occupancy="47.82" speed="4.24" harmonicMeanSpeed="2.72" length="5.00" nVehEntered="26"/>
    <interval begin="41200.00" end="41300.00" id="inductionLoop.N0" nVehContrib="7" flow="252.00" occupancy="13.67" speed="4.59" harmonicMeanSpeed="3.02" length="5.00" nVehEntered="7"/>
    <interval begin="41300.00" end="41400.00" id="inductionLoop.N0" nVehContrib="22" flow="792.00" occupancy="48.41" speed="3.36" harmonicMeanSpeed="2.13" length="5.00" nVehEntered="22"/>
    <interval begin="41400.00" end="41500.00" id="inductionLoop.N0" nVehContrib="15" flow="540.00" occupancy="31.93" speed="4.05" harmonicMeanSpeed="2.30" length="5.00" nVehEntered="14"/>
    <interval begin="41500.00" end="41600.00" id="inductionLoop.N0" nVehContrib="16" flow="576.00" occupancy="28.12" speed="4.46" harmonicMeanSpeed="2.84" length="5.00" nVehEntered="16"/>
    <interval begin="41600.00" end="41700.00" id="inductionLoop.N0" nVehContrib="22" flow="792.00" occupancy="32.80" speed="5.78" harmonicMeanSpeed="3.35" length="5.00" nVehEntered="22"/>
    <interval begin="41700.00" end="41800.00" id="inductionLoop.N0" nVehContrib="7" flow="252.00" occupancy="27.04" speed="1.33" harmonicMeanSpeed="1.29" length="5.00" nVehEntered="7"/>
    <interval begin="41800.00" end="41900.00" id="inductionLoop.N0" nVehContrib="31" flow="1116.00" occupancy="42.08" speed="5.28" harmonicMeanSpeed="3.68" length="5.00" nVehEntered="31"/>
    <interval begin="41900.00" end="42000.00" id="inductionLoop.N0" nVehContrib="12" flow="432.00" occupancy="22.93" speed="4.12" harmonicMeanSpeed="2.69" length="5.00" nVehEntered="13"/>
    <interval begin="42000.00" end="42100.00" id="inductionLoop.N0" nVehContrib="27" flow="972.00" occupancy="30.66" speed="5.98" harmonicMeanSpeed="4.43" length="5.00" nVehEntered="28"/>
    <interval begin="42100.00" end="42200.00" id="inductionLoop.N0" nVehContrib="15" flow="540.00" occupancy="26.23" speed="6.46" harmonicMeanSpeed="2.92" length="5.00" nVehEntered="16"/>
    <interval begin="42200.00" end="42300.00" id="inductionLoop.N0" nVehContrib="20" flow="720.00" occupancy="30.71" speed="4.78" harmonicMeanSpeed="3.26" length="5.00" nVehEntered="20"/>
    <interval begin="42300.00" end="42400.00" id="inductionLoop.N0" nVehContrib="15" flow="540.00" occupancy="49.71" speed="1.93" harmonicMeanSpeed="1.51" length="5.00" nVehEntered="15"/>
    <interval begin="42400.00" end="42500.00" id="inductionLoop.N0" nVehContrib="14" flow="504.00" occupancy="25.58" speed="4.42" harmonicMeanSpeed="2.74" length="5.00" nVehEntered="14"/>
    <interval begin="42500.00" end="42600.00" id="inductionLoop.N0" nVehContrib="16" flow="576.00" occupancy="15.04" speed="7.86" harmonicMeanSpeed="5.43" length="5.00" nVehEntered="17"/>
    <interval begin="42600.00" end="42700.00" id="inductionLoop.N0" nVehContrib="24" flow="864.00" occupancy="36.65" speed="5.15" harmonicMeanSpeed="3.25" length="5.00" nVehEntered="23"/>
    <interval begin="42700.00" end="42800.00" id="inductionLoop.N0" nVehContrib="21" flow="756.00" occupancy="34.19" speed="6.42" harmonicMeanSpeed="3.16" length="5.00" nVehEntered="23"/>
    <interval begin="42800.00" end="42900.00" id="inductionLoop.N0" nVehContrib="29" flow="1044.00" occupancy="27.21" speed="6.76" harmonicMeanSpeed="5.17" length="5.00" nVehEntered="28"/>
    <interval begin="42900.00" end="43000.00" id="inductionLoop.N0" nVehContrib="25" flow="900.00" occupancy="38.11" speed="5.68" harmonicMeanSpeed="3.28" length="5.00" nVehEntered="25"/>
    <interval begin="43000.00" end="43100.00" id="inductionLoop.N0" nVehContrib="19" flow="684.00" occupancy="48.95" speed="2.95" harmonicMeanSpeed="1.94" length="5.00" nVehEntered="19"/>
    <interval begin="43100.00" end="43200.00" id="inductionLoop.N0" nVehContrib="16" flow="576.00" occupancy="7.94" speed="10.82" harmonicMeanSpeed="10.36" length="5.00" nVehEntered="17"/>
    <interval begin="43200.00" end="43300.00" id="inductionLoop.N0" nVehContrib="13" flow="468.00" occupancy="5.39" speed="12.21" harmonicMeanSpeed="12.06" length="5.00" nVehEntered="13"/>
    <interval begin="43300.00" end="43400.00" id="inductionLoop.N0" nVehContrib="0" flow="0.00" occupancy="0.00" speed="-1.00" harmonicMeanSpeed="-1.00" length="-1.00" nVehEntered="0"/>
    <interval begin="43400.00" end="43500.00" id="inductionLoop.N0" nVehContrib="12" flow="432.00" occupancy="19.32" speed="6.01" harmonicMeanSpeed="4.05" length="5.00" nVehEntered="13"/>
    <interval begin="43500.00" end="43600.00" id="inductionLoop.N0" nVehContrib="24" flow="864.00" occupancy="47.36" speed="4.10" harmonicMeanSpeed="2.56" length="5.00" nVehEntered="25"/>
    <interval begin="43600.00" end="43700.00" id="inductionLoop.N0" nVehContrib="14" flow="504.00" occupancy="25.84" speed="4.34" harmonicMeanSpeed="2.86" length="5.00" nVehEntered="14"/>
    <interval begin="43700.00" end="43800.00" id="inductionLoop.N0" nVehContrib="17" flow="612.00" occupancy="52.95" speed="1.82" harmonicMeanSpeed="1.55" length="5.00" nVehEntered="16"/>
    <interval begin="43800.00" end="43900.00" id="inductionLoop.N0" nVehContrib="19" flow="684.00" occupancy="37.30" speed="4.27" harmonicMeanSpeed="2.55" length="5.00" nVehEntered="19"/>
    <interval begin="43900.00" end="44000.00" id="inductionLoop.N0" nVehContrib="8" flow="288.00" occupancy="16.93" speed="3.98" harmonicMeanSpeed="2.46" length="5.00" nVehEntered="9"/>
    <interval begin="44000.00" end="44100.00" id="inductionLoop.N0" nVehContrib="26" flow="936.00" occupancy="45.70" speed="4.65" harmonicMeanSpeed="2.81" length="5.00" nVehEntered="25"/>
    <interval begin="44100.00" end="44200.00" id="inductionLoop.N0" nVehContrib="22" flow="792.00" occupancy="26.26" speed="5.51" harmonicMeanSpeed="4.31" length="5.00" nVehEntered="23"/>
    <interval begin="44200.00" end="44300.00" id="inductionLoop.N0" nVehContrib="10" flow="360.00" occupancy="33.49" speed="1.49" harmonicMeanSpeed="1.46" length="5.00" nVehEntered="9"/>
    <interval begin="44300.00" end="44400.00" id="inductionLoop.N0" nVehContrib="25" flow="900.00" occupancy="47.81" speed="4.15" harmonicMeanSpeed="2.61" length="5.00" nVehEntered="25"/>
    <interval begin="44400.00" end="44500.00" id="inductionLoop.N0" nVehContrib="10" flow="360.00" occupancy="22.02" speed="3.68" harmonicMeanSpeed="2.37" length="5.00" nVehEntered="11"/>
    <interval begin="44500.00" end="44600.00" id="inductionLoop.N0" nVehContrib="31" flow="1116.00" occupancy="40.62" speed="5.70" harmonicMeanSpeed="3.75" length="5.00" nVehEntered="31"/>
    <interval begin="44600.00" end="44700.00" id="inductionLoop.N0" nVehContrib="10" flow="360.00" occupancy="27.21" speed="3.67" harmonicMeanSpeed="1.82" length="5.00" nVehEntered="9"/>
    <interval begin="44700.00" end="44800.00" id="inductionLoop.N0" nVehContrib="16" flow="576.00" occupancy="45.94" speed="2.28" harmonicMeanSpeed="1.74" length="5.00" nVehEntered="16"/>
    <interval begin="44800.00" end="44900.00" id="inductionLoop.N0" nVehContrib="20" flow="720.00" occupancy="33.69" speed="4.31" harmonicMeanSpeed="2.97" length="5.00" nVehEntered="20"/>
    <interval begin="44900.00" end="45000.00" id="inductionLoop.N0" nVehContrib="4" flow="144.00" occupancy="3.38" speed="6.10" harmonicMeanSpeed="5.92" length="5.00" nVehEntered="4"/>
    <interval begin="45000.00" end="45100.00" id="inductionLoop.N0" nVehContrib="6" flow="216.00" occupancy="4.47" speed="8.74" harmonicMeanSpeed="7.42" length="5.00" nVehEntered="7"/>
    <interval begin="45100.00" end="45200.00" id="inductionLoop.N0" nVehContrib="21" flow="756.00" occupancy="48.93" speed="3.29" harmonicMeanSpeed="2.13" length="5.00" nVehEntered="20"/>
    <interval begin="45200.00" end="45300.00" id="inductionLoop.N0" nVehContrib="11" flow="396.00" occupancy="25.70" speed="4.27" harmonicMeanSpeed="2.48" length="5.00" nVehEntered="12"/>
    <interval begin="45300.00" end="45400.00" id="inductionLoop.N0" nVehContrib="15" flow="540.00" occupancy="21.16" speed="4.82" harmonicMeanSpeed="3.13" length="5.00" nVehEntered="15"/>
    <interval begin="45400.00" end="45500.00" id="inductionLoop.N0" nVehContrib="17" flow="612.00" occupancy="54.39" speed="1.65" harmonicMeanSpeed="1.54" length="5.00" nVehEntered="16"/>
    <interval begin="45500.00" end="45600.00" id="inductionLoop.N0" nVehContrib="16" flow="576.00" occupancy="27.70" speed="5.07" harmonicMeanSpeed="2.89" length="5.00" nVehEntered="16"/>
    <interval begin="45600.00" end="45700.00" id="inductionLoop.N0" nVehContrib="30" flow="1080.00" occupancy="37.70" speed="5.33" harmonicMeanSpeed="4.05" length="5.00" nVehEntered="31"/>
    <interval begin="45700.00" end="45800.00" id="inductionLoop.N0" nVehContrib="15" flow="540.00" occupancy="20.66" speed="6.02" harmonicMeanSpeed="3.52" length="5.00" nVehEntered="14"/>
    <interval begin="45800.00" end="45900.00" id="inductionLoop.N0" nVehContrib="26" flow="936.00" occupancy="44.61" speed="4.50" harmonicMeanSpeed="2.91" length="5.00" nVehEntered="26"/>
    <interval begin="45900.00" end="46000.00" id="inductionLoop.N0" nVehContrib="17" flow="612.00" occupancy="19.78" speed="5.98" harmonicMeanSpeed="4.30" length="5.00" nVehEntered="17"/>
    <interval begin="46000.00" end="46100.00" id="inductionLoop.N0" nVehContrib="13" flow="468.00" occupancy="24.74" speed="4.26" harmonicMeanSpeed="2.91" length="5.00" nVehEntered="15"/>
    <interval begin="46100.00" end="46200.00" id="inductionLoop.N0" nVehContrib="30" flow="1080.00" occupancy="43.27" speed="5.06" harmonicMeanSpeed="3.35" length="5.00" nVehEntered="29"/>
    <interval begin="46200.00" end="46300.00" id="inductionLoop.N0" nVehContrib="15" flow="540.00" occupancy="45.61" speed="2.40" harmonicMeanSpeed="1.83" length="5.00" nVehEntered="17"/>
    <interval begin="46300.00" end="46400.00" id="inductionLoop.N0" nVehContrib="8" flow="288.00" occupancy="8.11" speed="5.81" harmonicMeanSpeed="4.93" length="5.00" nVehEntered="8"/>
    <interval begin="46400.00" end="46500.00" id="inductionLoop.N0" nVehContrib="19" flow="684.00" occupancy="43.24" speed="3.15" harmonicMeanSpeed="2.20" length="5.00" nVehEntered="19"/>
    <interval begin="46500.00" end="46600.00" id="inductionLoop.N0" nVehContrib="20" flow="720.00" occupancy="46.35" speed="3.41" harmonicMeanSpeed="2.16" length="5.00" nVehEntered="20"/>
    <interval begin="46600.00" end="46700.00" id="inductionLoop.N0" nVehContrib="15" flow="540.00" occupancy="19.94" speed="6.39" harmonicMeanSpeed="3.76" length="5.00" nVehEntered="15"/>
    <interval begin="46700.00" end="46800.00" id="inductionLoop.N0" nVehContrib="24" flow="864.00" occupancy="29.68" speed="7.49" harmonicMeanSpeed="4.04" length="5.00" nVehEntered="24"/>
    <interval begin="46800.00" end="46900.00" id="inductionLoop.N0" nVehContrib="13" flow="468.00" occupancy="26.66" speed="4.04" harmonicMeanSpeed="2.44" length="5.00" nVehEntered="13"/>
    <interval begin="46900.00" end="47000.00" id="inductionLoop.N0" nVehContrib="9" flow="324.00" occupancy="8.07" speed="6.30" harmonicMeanSpeed="5.58" length="5.00" nVehEntered="9"/>
    <interval begin="47000.00" end="47100.00" id="inductionLoop.N0" nVehContrib="13" flow="468.00" occupancy="29.71" speed="4.68" harmonicMeanSpeed="2.19" length="5.00" nVehEntered="13"/>
    <interval begin="47100.00" end="47200.00" id="inductionLoop.N0" nVehContrib="29" flow="1044.00" occupancy="43.95" speed="4.64" harmonicMeanSpeed="3.30" length="5.00" nVehEntered="29"/>
    <interval begin="47200.00" end="47300.00" id="inductionLoop.N0" nVehContrib="23" flow="828.00" occupancy="28.76" speed="5.52" harmonicMeanSpeed="4.00" length="5.00" nVehEntered="23"/>
    <interval begin="47300.00" end="47400.00" id="inductionLoop.N0" nVehContrib="16" flow="576.00" occupancy="38.82" speed="3.40" harmonicMeanSpeed="2.06" length="5.00" nVehEntered="16"/>
    <interval begin="47400.00" end="47500.00" id="inductionLoop.N0" nVehContrib="9" flow="324.00" occupancy="22.34" speed="3.32" harmonicMeanSpeed="2.24" length="5.00" nVehEntered="10"/>
    <interval begin="47500.00" end="47600.00" id="inductionLoop.N0" nVehContrib="18" flow="648.00" occupancy="50.42" speed="2.39" harmonicMeanSpeed="1.71" length="5.00" nVehEntered="17"/>
    <interval begin="47600.00" end="47700.00" id="inductionLoop.N0" nVehContrib="17" flow="612.00" occupancy="34.17" speed="4.34" harmonicMeanSpeed="2.49" length="5.00" nVehEntered="17"/>
    <interval begin="47700.00" end="47800.00" id="inductionLoop.N0" nVehContrib="17" flow="612.00" occupancy="28.41" speed="4.99" harmonicMeanSpeed="2.99" length="5.00" nVehEntered="17"/>
    <interval begin="47800.00" end="47900.00" id="inductionLoop.N0" nVehContrib="8" flow="288.00" occupancy="23.40" speed="2.72" harmonicMeanSpeed="1.86" length="5.00" nVehEntered="9"/>
    <interval begin="47900.00" end="48000.00" id="inductionLoop.N0" nVehContrib="33" flow="1188.00" occupancy="43.03" speed="5.21" harmonicMeanSpeed="3.67" length="5.00" nVehEntered="32"/>
    <interval begin="48000.00" end="48100.00" id="inductionLoop.N0" nVehContrib="21" flow="756.00" occupancy="31.48" speed="4.95" harmonicMeanSpeed="3.34" length="5.00" nVehEntered="21"/>
    <interval begin="48100.00" end="48200.00" id="inductionLoop.N0" nVehContrib="22" flow="792.00" occupancy="42.66" speed="4.48" harmonicMeanSpeed="2.58" length="5.00" nVehEntered="22"/>
    <interval begin="48200.00" end="48300.00" id="inductionLoop.N0" nVehContrib="7" flow="252.00" occupancy="22.50" speed="1.82" harmonicMeanSpeed="1.57" length="5.00" nVehEntered="8"/>
    <interval begin="48300.00" end="48400.00" id="inductionLoop.N0" nVehContrib="32" flow="1152.00" occupancy="42.99" speed="5.65" harmonicMeanSpeed="3.88" length="5.00" nVehEntered="32"/>
    <interval begin="48400.00" end="48500.00" id="inductionLoop.N0" nVehContrib="7" flow="252.00" occupancy="24.85" speed="1.38" harmonicMeanSpeed="1.31" length="5.00" nVehEntered="6"/>
    <interval begin="48500.00" end="48600.00" id="inductionLoop.N0" nVehContrib="3" flow="108.00" occupancy="11.49" speed="1.32" harmonicMeanSpeed="1.31" length="5.00" nVehEntered="3"/>
    <interval begin="48600.00" end="48700.00" id="inductionLoop.N0" nVehContrib="24" flow="864.00" occupancy="47.32" speed="4.00" harmonicMeanSpeed="2.54" length="5.00" nVehEntered="24"/>
    <interval begin="48700.00" end="48800.00" id="inductionLoop.N0" nVehContrib="12" flow="432.00" occupancy="21.16" speed="4.88" harmonicMeanSpeed="2.96" length="5.00" nVehEntered="13"/>
    <interval begin="48800.00" end="48900.00" id="inductionLoop.N0" nVehContrib="31" flow="1116.00" occupancy="43.50" speed="5.05" harmonicMeanSpeed="3.49" length="5.00" nVehEntered="30"/>
    <interval begin="48900.00" end="49000.00" id="inductionLoop.N0" nVehContrib="24" flow="864.00" occupancy="39.86" speed="4.84" harmonicMeanSpeed="3.01" length="5.00" nVehEntered="24"/>
    <interval begin="49000.00" end="49100.00" id="inductionLoop.N0" nVehContrib="12" flow="432.00" occupancy="19.89" speed="5.09" harmonicMeanSpeed="3.19" length="5.00" nVehEntered="13"/>
    <interval begin="49100.00" end="49200.00" id="inductionLoop.N0" nVehContrib="34" flow="1224.00" occupancy="41.61" speed="5.50" harmonicMeanSpeed="4.16" length="5.00" nVehEntered="34"/>
    <interval begin="49200.00" end="49300.00" id="inductionLoop.N0" nVehContrib="16" flow="576.00" occupancy="30.27" speed="4.26" harmonicMeanSpeed="2.49" length="5.00" nVehEntered="15"/>
    <interval begin="49300.00" end="49400.00" id="inductionLoop.N0" nVehContrib="5" flow="180.00" occupancy="17.75" speed="1.54" harmonicMeanSpeed="1.41" length="5.00" nVehEntered="5"/>
    <interval begin="49400.00" end="49500.00" id="inductionLoop.N0" nVehContrib="26" flow="936.00" occupancy="46.22" speed="4.67" harmonicMeanSpeed="2.91" length="5.00" nVehEntered="27"/>
    <interval begin="49500.00" end="49600.00" id="inductionLoop.N0" nVehContrib="19" flow="684.00" occupancy="34.40" speed="4.40" harmonicMeanSpeed="2.78" length="5.00" nVehEntered="19"/>
    <interval begin="49600.00" end="49700.00" id="inductionLoop.N0" nVehContrib="21" flow="756.00" occupancy="30.30" speed="5.27" harmonicMeanSpeed="3.48" length="5.00" nVehEntered="21"/>
    <interval begin="49700.00" end="49800.00" id="inductionLoop.N0" nVehContrib="20" flow="720.00" occupancy="35.29" speed="4.15" harmonicMeanSpeed="2.69" length="5.00" nVehEntered="19"/>
    <interval begin="49800.00" end="49900.00" id="inductionLoop.N0" nVehContrib="11" flow="396.00" occupancy="18.59" speed="4.70" harmonicMeanSpeed="2.96" length="5.00" nVehEntered="11"/>
    <interval begin="49900.00" end="50000.00" id="inductionLoop.N0" nVehContrib="25" flow="900.00" occupancy="33.66" speed="5.43" harmonicMeanSpeed="3.71" length="5.00" nVehEntered="25"/>
    <interval begin="50000.00" end="50010.00" id="inductionLoop.N0" nVehContrib="2" flow="720.00" occupancy="47.98" speed="3.34" harmonicMeanSpeed="2.45" length="5.00" nVehEntered="3"/>
</detector>
