<?xml version="1.0" encoding="UTF-8"?>

<!-- generated on 2023-07-22 00:08:04 by Eclipse SUMO sumo Version 1.12.0
<configuration xmlns:xsi="http://www.w3.org/2001/XMLSchema-instance" xsi:noNamespaceSchemaLocation="http://sumo.dlr.de/xsd/sumoConfiguration.xsd">

    <input>
        <net-file value="Data0-9/intersection.net.xml"/>
        <route-files value="Data0-9/intersection.rou.xml"/>
        <additional-files value="Data0-9/intersection.det.xml"/>
    </input>

    <output>
        <tripinfo-output value="Data0-9/tripinfo.xml"/>
    </output>

    <time>
        <begin value="0"/>
    </time>

    <processing>
        <time-to-teleport value="-1"/>
        <waiting-time-memory value="60000"/>
    </processing>

    <report>
        <verbose value="true"/>
        <no-step-log value="true"/>
    </report>

    <emissions>
        <device.emissions.probability value="1"/>
    </emissions>

    <traci_server>
        <remote-port value="47633"/>
    </traci_server>

    <gui_only>
        <gui-settings-file value="Data0-9/intersection.settings.xml"/>
    </gui_only>

</configuration>
-->

<detector xmlns:xsi="http://www.w3.org/2001/XMLSchema-instance" xsi:noNamespaceSchemaLocation="http://sumo.dlr.de/xsd/det_e1_file.xsd">
    <interval begin="0.00" end="100.00" id="inductionLoop.N2" nVehContrib="8" flow="288.00" occupancy="5.54" speed="11.67" harmonicMeanSpeed="11.33" length="5.00" nVehEntered="9"/>
    <interval begin="100.00" end="200.00" id="inductionLoop.N2" nVehContrib="9" flow="324.00" occupancy="4.81" speed="9.73" harmonicMeanSpeed="6.60" length="5.00" nVehEntered="8"/>
    <interval begin="200.00" end="300.00" id="inductionLoop.N2" nVehContrib="5" flow="180.00" occupancy="10.30" speed="9.37" harmonicMeanSpeed="2.73" length="5.00" nVehEntered="8"/>
    <interval begin="300.00" end="400.00" id="inductionLoop.N2" nVehContrib="6" flow="216.00" occupancy="2.82" speed="11.38" harmonicMeanSpeed="10.94" length="5.00" nVehEntered="6"/>
    <interval begin="400.00" end="500.00" id="inductionLoop.N2" nVehContrib="10" flow="360.00" occupancy="7.98" speed="8.75" harmonicMeanSpeed="6.92" length="5.00" nVehEntered="12"/>
    <interval begin="500.00" end="600.00" id="inductionLoop.N2" nVehContrib="8" flow="288.00" occupancy="6.83" speed="9.34" harmonicMeanSpeed="7.38" length="5.00" nVehEntered="10"/>
    <interval begin="600.00" end="700.00" id="inductionLoop.N2" nVehContrib="7" flow="252.00" occupancy="6.05" speed="9.17" harmonicMeanSpeed="7.12" length="5.00" nVehEntered="8"/>
    <interval begin="700.00" end="800.00" id="inductionLoop.N2" nVehContrib="9" flow="324.00" occupancy="7.14" speed="8.94" harmonicMeanSpeed="6.67" length="5.00" nVehEntered="10"/>
    <interval begin="800.00" end="900.00" id="inductionLoop.N2" nVehContrib="7" flow="252.00" occupancy="27.18" speed="7.42" harmonicMeanSpeed="1.34" length="5.00" nVehEntered="8"/>
    <interval begin="900.00" end="1000.00" id="inductionLoop.N2" nVehContrib="9" flow="324.00" occupancy="10.76" speed="8.29" harmonicMeanSpeed="4.49" length="5.00" nVehEntered="10"/>
    <interval begin="1000.00" end="1100.00" id="inductionLoop.N2" nVehContrib="4" flow="144.00" occupancy="21.83" speed="4.05" harmonicMeanSpeed="0.97" length="5.00" nVehEntered="6"/>
    <interval begin="1100.00" end="1200.00" id="inductionLoop.N2" nVehContrib="8" flow="288.00" occupancy="3.64" speed="11.34" harmonicMeanSpeed="10.98" length="5.00" nVehEntered="8"/>
    <interval begin="1200.00" end="1300.00" id="inductionLoop.N2" nVehContrib="4" flow="144.00" occupancy="2.10" speed="10.90" harmonicMeanSpeed="10.34" length="5.00" nVehEntered="5"/>
    <interval begin="1300.00" end="1400.00" id="inductionLoop.N2" nVehContrib="9" flow="324.00" occupancy="8.73" speed="7.97" harmonicMeanSpeed="6.11" length="5.00" nVehEntered="11"/>
    <interval begin="1400.00" end="1500.00" id="inductionLoop.N2" nVehContrib="4" flow="144.00" occupancy="1.87" speed="10.88" harmonicMeanSpeed="10.70" length="5.00" nVehEntered="4"/>
    <interval begin="1500.00" end="1600.00" id="inductionLoop.N2" nVehContrib="7" flow="252.00" occupancy="2.97" speed="12.54" harmonicMeanSpeed="12.46" length="5.00" nVehEntered="8"/>
    <interval begin="1600.00" end="1700.00" id="inductionLoop.N2" nVehContrib="4" flow="144.00" occupancy="1.82" speed="11.41" harmonicMeanSpeed="10.99" length="5.00" nVehEntered="4"/>
    <interval begin="1700.00" end="1800.00" id="inductionLoop.N2" nVehContrib="6" flow="216.00" occupancy="2.48" speed="12.28" harmonicMeanSpeed="12.11" length="5.00" nVehEntered="6"/>
    <interval begin="1800.00" end="1900.00" id="inductionLoop.N2" nVehContrib="4" flow="144.00" occupancy="1.86" speed="10.93" harmonicMeanSpeed="10.73" length="5.00" nVehEntered="4"/>
    <interval begin="1900.00" end="2000.00" id="inductionLoop.N2" nVehContrib="4" flow="144.00" occupancy="1.63" speed="12.56" harmonicMeanSpeed="12.30" length="5.00" nVehEntered="4"/>
    <interval begin="2000.00" end="2100.00" id="inductionLoop.N2" nVehContrib="8" flow="288.00" occupancy="4.03" speed="11.94" harmonicMeanSpeed="11.71" length="5.00" nVehEntered="9"/>
    <interval begin="2100.00" end="2200.00" id="inductionLoop.N2" nVehContrib="7" flow="252.00" occupancy="5.68" speed="8.77" harmonicMeanSpeed="6.16" length="5.00" nVehEntered="7"/>
    <interval begin="2200.00" end="2300.00" id="inductionLoop.N2" nVehContrib="10" flow="360.00" occupancy="4.77" speed="10.91" harmonicMeanSpeed="10.48" length="5.00" nVehEntered="10"/>
    <interval begin="2300.00" end="2400.00" id="inductionLoop.N2" nVehContrib="6" flow="216.00" occupancy="5.15" speed="9.81" harmonicMeanSpeed="5.82" length="5.00" nVehEntered="6"/>
    <interval begin="2400.00" end="2500.00" id="inductionLoop.N2" nVehContrib="8" flow="288.00" occupancy="4.18" speed="9.92" harmonicMeanSpeed="9.58" length="5.00" nVehEntered="8"/>
    <interval begin="2500.00" end="2600.00" id="inductionLoop.N2" nVehContrib="8" flow="288.00" occupancy="17.59" speed="6.67" harmonicMeanSpeed="2.36" length="5.00" nVehEntered="9"/>
    <interval begin="2600.00" end="2700.00" id="inductionLoop.N2" nVehContrib="9" flow="324.00" occupancy="4.95" speed="10.97" harmonicMeanSpeed="9.09" length="5.00" nVehEntered="9"/>
    <interval begin="2700.00" end="2800.00" id="inductionLoop.N2" nVehContrib="5" flow="180.00" occupancy="4.19" speed="8.67" harmonicMeanSpeed="6.90" length="5.00" nVehEntered="6"/>
    <interval begin="2800.00" end="2900.00" id="inductionLoop.N2" nVehContrib="6" flow="216.00" occupancy="2.75" speed="11.16" harmonicMeanSpeed="10.91" length="5.00" nVehEntered="6"/>
    <interval begin="2900.00" end="3000.00" id="inductionLoop.N2" nVehContrib="6" flow="216.00" occupancy="4.83" speed="10.98" harmonicMeanSpeed="6.33" length="5.00" nVehEntered="7"/>
    <interval begin="3000.00" end="3100.00" id="inductionLoop.N2" nVehContrib="8" flow="288.00" occupancy="3.52" speed="11.60" harmonicMeanSpeed="11.38" length="5.00" nVehEntered="8"/>
    <interval begin="3100.00" end="3200.00" id="inductionLoop.N2" nVehContrib="3" flow="108.00" occupancy="1.22" speed="12.33" harmonicMeanSpeed="12.25" length="5.00" nVehEntered="3"/>
    <interval begin="3200.00" end="3300.00" id="inductionLoop.N2" nVehContrib="5" flow="180.00" occupancy="2.12" speed="11.94" harmonicMeanSpeed="11.77" length="5.00" nVehEntered="5"/>
    <interval begin="3300.00" end="3400.00" id="inductionLoop.N2" nVehContrib="6" flow="216.00" occupancy="3.78" speed="11.22" harmonicMeanSpeed="10.88" length="5.00" nVehEntered="7"/>
    <interval begin="3400.00" end="3500.00" id="inductionLoop.N2" nVehContrib="6" flow="216.00" occupancy="3.06" speed="11.58" harmonicMeanSpeed="10.88" length="5.00" nVehEntered="7"/>
    <interval begin="3500.00" end="3600.00" id="inductionLoop.N2" nVehContrib="6" flow="216.00" occupancy="2.79" speed="11.02" harmonicMeanSpeed="10.75" length="5.00" nVehEntered="6"/>
    <interval begin="3600.00" end="3700.00" id="inductionLoop.N2" nVehContrib="5" flow="180.00" occupancy="6.25" speed="5.90" harmonicMeanSpeed="4.34" length="5.00" nVehEntered="6"/>
    <interval begin="3700.00" end="3800.00" id="inductionLoop.N2" nVehContrib="8" flow="288.00" occupancy="3.38" speed="11.92" harmonicMeanSpeed="11.84" length="5.00" nVehEntered="8"/>
    <interval begin="3800.00" end="3900.00" id="inductionLoop.N2" nVehContrib="9" flow="324.00" occupancy="6.43" speed="10.08" harmonicMeanSpeed="7.00" length="5.00" nVehEntered="9"/>
    <interval begin="3900.00" end="4000.00" id="inductionLoop.N2" nVehContrib="3" flow="108.00" occupancy="1.21" speed="12.49" harmonicMeanSpeed="12.35" length="5.00" nVehEntered="3"/>
    <interval begin="4000.00" end="4100.00" id="inductionLoop.N2" nVehContrib="5" flow="180.00" occupancy="2.75" speed="11.81" harmonicMeanSpeed="11.55" length="5.00" nVehEntered="7"/>
    <interval begin="4100.00" end="4200.00" id="inductionLoop.N2" nVehContrib="4" flow="144.00" occupancy="2.47" speed="10.10" harmonicMeanSpeed="9.68" length="5.00" nVehEntered="5"/>
    <interval begin="4200.00" end="4300.00" id="inductionLoop.N2" nVehContrib="3" flow="108.00" occupancy="1.48" speed="10.25" harmonicMeanSpeed="10.16" length="5.00" nVehEntered="3"/>
    <interval begin="4300.00" end="4400.00" id="inductionLoop.N2" nVehContrib="3" flow="108.00" occupancy="2.52" speed="9.11" harmonicMeanSpeed="8.83" length="5.00" nVehEntered="4"/>
    <interval begin="4400.00" end="4500.00" id="inductionLoop.N2" nVehContrib="7" flow="252.00" occupancy="14.87" speed="8.42" harmonicMeanSpeed="2.35" length="5.00" nVehEntered="7"/>
    <interval begin="4500.00" end="4600.00" id="inductionLoop.N2" nVehContrib="6" flow="216.00" occupancy="2.62" speed="11.58" harmonicMeanSpeed="11.44" length="5.00" nVehEntered="6"/>
    <interval begin="4600.00" end="4700.00" id="inductionLoop.N2" nVehContrib="5" flow="180.00" occupancy="2.53" speed="10.08" harmonicMeanSpeed="9.90" length="5.00" nVehEntered="5"/>
    <interval begin="4700.00" end="4800.00" id="inductionLoop.N2" nVehContrib="5" flow="180.00" occupancy="2.61" speed="11.12" harmonicMeanSpeed="10.87" length="5.00" nVehEntered="6"/>
    <interval begin="4800.00" end="4900.00" id="inductionLoop.N2" nVehContrib="5" flow="180.00" occupancy="4.72" speed="7.94" harmonicMeanSpeed="6.77" length="5.00" nVehEntered="6"/>
    <interval begin="4900.00" end="5000.00" id="inductionLoop.N2" nVehContrib="7" flow="252.00" occupancy="3.20" speed="11.25" harmonicMeanSpeed="10.95" length="5.00" nVehEntered="7"/>
    <interval begin="5000.00" end="5100.00" id="inductionLoop.N2" nVehContrib="4" flow="144.00" occupancy="1.59" speed="12.67" harmonicMeanSpeed="12.60" length="5.00" nVehEntered="4"/>
    <interval begin="5100.00" end="5200.00" id="inductionLoop.N2" nVehContrib="8" flow="288.00" occupancy="3.39" speed="12.04" harmonicMeanSpeed="11.80" length="5.00" nVehEntered="8"/>
    <interval begin="5200.00" end="5300.00" id="inductionLoop.N2" nVehContrib="8" flow="288.00" occupancy="4.12" speed="10.71" harmonicMeanSpeed="10.34" length="5.00" nVehEntered="9"/>
    <interval begin="5300.00" end="5400.00" id="inductionLoop.N2" nVehContrib="3" flow="108.00" occupancy="1.82" speed="10.89" harmonicMeanSpeed="10.83" length="5.00" nVehEntered="4"/>
    <interval begin="5400.00" end="5500.00" id="inductionLoop.N2" nVehContrib="3" flow="108.00" occupancy="1.17" speed="12.83" harmonicMeanSpeed="12.78" length="5.00" nVehEntered="3"/>
    <interval begin="5500.00" end="5600.00" id="inductionLoop.N2" nVehContrib="8" flow="288.00" occupancy="5.05" speed="9.88" harmonicMeanSpeed="7.93" length="5.00" nVehEntered="8"/>
    <interval begin="5600.00" end="5700.00" id="inductionLoop.N2" nVehContrib="5" flow="180.00" occupancy="2.46" speed="10.42" harmonicMeanSpeed="10.26" length="5.00" nVehEntered="6"/>
    <interval begin="5700.00" end="5800.00" id="inductionLoop.N2" nVehContrib="6" flow="216.00" occupancy="2.87" speed="10.84" harmonicMeanSpeed="10.57" length="5.00" nVehEntered="7"/>
    <interval begin="5800.00" end="5900.00" id="inductionLoop.N2" nVehContrib="6" flow="216.00" occupancy="2.73" speed="11.27" harmonicMeanSpeed="10.98" length="5.00" nVehEntered="6"/>
    <interval begin="5900.00" end="6000.00" id="inductionLoop.N2" nVehContrib="9" flow="324.00" occupancy="4.18" speed="12.97" harmonicMeanSpeed="12.80" length="5.00" nVehEntered="12"/>
    <interval begin="6000.00" end="6100.00" id="inductionLoop.N2" nVehContrib="6" flow="216.00" occupancy="3.76" speed="9.34" harmonicMeanSpeed="8.93" length="5.00" nVehEntered="6"/>
    <interval begin="6100.00" end="6200.00" id="inductionLoop.N2" nVehContrib="5" flow="180.00" occupancy="3.87" speed="9.00" harmonicMeanSpeed="5.69" length="5.00" nVehEntered="4"/>
    <interval begin="6200.00" end="6300.00" id="inductionLoop.N2" nVehContrib="4" flow="144.00" occupancy="2.02" speed="11.34" harmonicMeanSpeed="11.16" length="5.00" nVehEntered="5"/>
    <interval begin="6300.00" end="6400.00" id="inductionLoop.N2" nVehContrib="5" flow="180.00" occupancy="2.14" speed="13.45" harmonicMeanSpeed="13.40" length="5.00" nVehEntered="6"/>
    <interval begin="6400.00" end="6500.00" id="inductionLoop.N2" nVehContrib="5" flow="180.00" occupancy="2.67" speed="10.56" harmonicMeanSpeed="10.05" length="5.00" nVehEntered="6"/>
    <interval begin="6500.00" end="6600.00" id="inductionLoop.N2" nVehContrib="6" flow="216.00" occupancy="2.57" speed="11.95" harmonicMeanSpeed="11.69" length="5.00" nVehEntered="6"/>
    <interval begin="6600.00" end="6700.00" id="inductionLoop.N2" nVehContrib="3" flow="108.00" occupancy="1.19" speed="12.62" harmonicMeanSpeed="12.57" length="5.00" nVehEntered="3"/>
    <interval begin="6700.00" end="6800.00" id="inductionLoop.N2" nVehContrib="3" flow="108.00" occupancy="1.34" speed="11.24" harmonicMeanSpeed="11.16" length="5.00" nVehEntered="3"/>
    <interval begin="6800.00" end="6900.00" id="inductionLoop.N2" nVehContrib="5" flow="180.00" occupancy="4.43" speed="9.06" harmonicMeanSpeed="6.96" length="5.00" nVehEntered="6"/>
    <interval begin="6900.00" end="7000.00" id="inductionLoop.N2" nVehContrib="3" flow="108.00" occupancy="1.27" speed="11.84" harmonicMeanSpeed="11.82" length="5.00" nVehEntered="3"/>
    <interval begin="7000.00" end="7100.00" id="inductionLoop.N2" nVehContrib="4" flow="144.00" occupancy="1.72" speed="11.64" harmonicMeanSpeed="11.60" length="5.00" nVehEntered="4"/>
    <interval begin="7100.00" end="7200.00" id="inductionLoop.N2" nVehContrib="4" flow="144.00" occupancy="1.83" speed="11.45" harmonicMeanSpeed="10.91" length="5.00" nVehEntered="4"/>
    <interval begin="7200.00" end="7300.00" id="inductionLoop.N2" nVehContrib="4" flow="144.00" occupancy="1.83" speed="11.25" harmonicMeanSpeed="10.91" length="5.00" nVehEntered="4"/>
    <interval begin="7300.00" end="7400.00" id="inductionLoop.N2" nVehContrib="2" flow="72.00" occupancy="0.76" speed="13.35" harmonicMeanSpeed="13.10" length="5.00" nVehEntered="2"/>
    <interval begin="7400.00" end="7500.00" id="inductionLoop.N2" nVehContrib="5" flow="180.00" occupancy="2.00" speed="12.63" harmonicMeanSpeed="12.48" length="5.00" nVehEntered="5"/>
    <interval begin="7500.00" end="7600.00" id="inductionLoop.N2" nVehContrib="7" flow="252.00" occupancy="3.70" speed="11.12" harmonicMeanSpeed="10.82" length="5.00" nVehEntered="8"/>
    <interval begin="7600.00" end="7700.00" id="inductionLoop.N2" nVehContrib="5" flow="180.00" occupancy="2.38" speed="11.85" harmonicMeanSpeed="11.82" length="5.00" nVehEntered="6"/>
    <interval begin="7700.00" end="7800.00" id="inductionLoop.N2" nVehContrib="2" flow="72.00" occupancy="0.90" speed="11.09" harmonicMeanSpeed="11.09" length="5.00" nVehEntered="2"/>
    <interval begin="7800.00" end="7900.00" id="inductionLoop.N2" nVehContrib="1" flow="36.00" occupancy="0.36" speed="14.03" harmonicMeanSpeed="14.03" length="5.00" nVehEntered="1"/>
    <interval begin="7900.00" end="8000.00" id="inductionLoop.N2" nVehContrib="2" flow="72.00" occupancy="0.79" speed="12.70" harmonicMeanSpeed="12.61" length="5.00" nVehEntered="2"/>
    <interval begin="8000.00" end="8100.00" id="inductionLoop.N2" nVehContrib="6" flow="216.00" occupancy="2.65" speed="11.46" harmonicMeanSpeed="11.32" length="5.00" nVehEntered="6"/>
    <interval begin="8100.00" end="8200.00" id="inductionLoop.N2" nVehContrib="6" flow="216.00" occupancy="2.43" speed="12.53" harmonicMeanSpeed="12.33" length="5.00" nVehEntered="6"/>
    <interval begin="8200.00" end="8300.00" id="inductionLoop.N2" nVehContrib="4" flow="144.00" occupancy="1.77" speed="11.77" harmonicMeanSpeed="11.30" length="5.00" nVehEntered="4"/>
    <interval begin="8300.00" end="8400.00" id="inductionLoop.N2" nVehContrib="2" flow="72.00" occupancy="0.87" speed="11.55" harmonicMeanSpeed="11.55" length="5.00" nVehEntered="2"/>
    <interval begin="8400.00" end="8500.00" id="inductionLoop.N2" nVehContrib="2" flow="72.00" occupancy="0.91" speed="11.08" harmonicMeanSpeed="11.01" length="5.00" nVehEntered="2"/>
    <interval begin="8500.00" end="8600.00" id="inductionLoop.N2" nVehContrib="3" flow="108.00" occupancy="1.26" speed="12.10" harmonicMeanSpeed="11.94" length="5.00" nVehEntered="3"/>
    <interval begin="8600.00" end="8700.00" id="inductionLoop.N2" nVehContrib="3" flow="108.00" occupancy="1.36" speed="11.07" harmonicMeanSpeed="11.04" length="5.00" nVehEntered="3"/>
    <interval begin="8700.00" end="8800.00" id="inductionLoop.N2" nVehContrib="2" flow="72.00" occupancy="0.74" speed="13.68" harmonicMeanSpeed="13.49" length="5.00" nVehEntered="2"/>
    <interval begin="8800.00" end="8900.00" id="inductionLoop.N2" nVehContrib="5" flow="180.00" occupancy="2.07" speed="12.10" harmonicMeanSpeed="12.05" length="5.00" nVehEntered="5"/>
    <interval begin="8900.00" end="9000.00" id="inductionLoop.N2" nVehContrib="3" flow="108.00" occupancy="1.27" speed="12.14" harmonicMeanSpeed="11.82" length="5.00" nVehEntered="3"/>
    <interval begin="9000.00" end="9100.00" id="inductionLoop.N2" nVehContrib="3" flow="108.00" occupancy="2.61" speed="9.80" harmonicMeanSpeed="9.33" length="5.00" nVehEntered="5"/>
    <interval begin="9100.00" end="9200.00" id="inductionLoop.N2" nVehContrib="6" flow="216.00" occupancy="2.47" speed="12.36" harmonicMeanSpeed="12.15" length="5.00" nVehEntered="6"/>
    <interval begin="9200.00" end="9300.00" id="inductionLoop.N2" nVehContrib="3" flow="108.00" occupancy="1.43" speed="11.59" harmonicMeanSpeed="11.53" length="5.00" nVehEntered="4"/>
    <interval begin="9300.00" end="9400.00" id="inductionLoop.N2" nVehContrib="1" flow="36.00" occupancy="0.53" speed="9.44" harmonicMeanSpeed="9.44" length="5.00" nVehEntered="1"/>
    <interval begin="9400.00" end="9500.00" id="inductionLoop.N2" nVehContrib="3" flow="108.00" occupancy="1.22" speed="12.32" harmonicMeanSpeed="12.27" length="5.00" nVehEntered="3"/>
    <interval begin="9500.00" end="9600.00" id="inductionLoop.N2" nVehContrib="6" flow="216.00" occupancy="2.71" speed="11.27" harmonicMeanSpeed="11.05" length="5.00" nVehEntered="6"/>
    <interval begin="9600.00" end="9700.00" id="inductionLoop.N2" nVehContrib="5" flow="180.00" occupancy="1.98" speed="13.30" harmonicMeanSpeed="13.18" length="5.00" nVehEntered="6"/>
    <interval begin="9700.00" end="9800.00" id="inductionLoop.N2" nVehContrib="4" flow="144.00" occupancy="1.57" speed="12.78" harmonicMeanSpeed="12.73" length="5.00" nVehEntered="4"/>
    <interval begin="9800.00" end="9900.00" id="inductionLoop.N2" nVehContrib="5" flow="180.00" occupancy="2.15" speed="11.77" harmonicMeanSpeed="11.65" length="5.00" nVehEntered="5"/>
    <interval begin="9900.00" end="10000.00" id="inductionLoop.N2" nVehContrib="7" flow="252.00" occupancy="2.88" speed="12.27" harmonicMeanSpeed="12.15" length="5.00" nVehEntered="7"/>
    <interval begin="10000.00" end="10100.00" id="inductionLoop.N2" nVehContrib="3" flow="108.00" occupancy="1.54" speed="11.33" harmonicMeanSpeed="10.74" length="5.00" nVehEntered="4"/>
    <interval begin="10100.00" end="10200.00" id="inductionLoop.N2" nVehContrib="3" flow="108.00" occupancy="1.15" speed="13.06" harmonicMeanSpeed="13.03" length="5.00" nVehEntered="3"/>
    <interval begin="10200.00" end="10300.00" id="inductionLoop.N2" nVehContrib="4" flow="144.00" occupancy="1.76" speed="11.46" harmonicMeanSpeed="11.37" length="5.00" nVehEntered="4"/>
    <interval begin="10300.00" end="10400.00" id="inductionLoop.N2" nVehContrib="2" flow="72.00" occupancy="0.83" speed="12.04" harmonicMeanSpeed="12.01" length="5.00" nVehEntered="2"/>
    <interval begin="10400.00" end="10500.00" id="inductionLoop.N2" nVehContrib="2" flow="72.00" occupancy="1.30" speed="11.91" harmonicMeanSpeed="11.90" length="5.00" nVehEntered="4"/>
    <interval begin="10500.00" end="10600.00" id="inductionLoop.N2" nVehContrib="3" flow="108.00" occupancy="1.53" speed="9.99" harmonicMeanSpeed="9.79" length="5.00" nVehEntered="3"/>
    <interval begin="10600.00" end="10700.00" id="inductionLoop.N2" nVehContrib="4" flow="144.00" occupancy="1.58" speed="12.64" harmonicMeanSpeed="12.63" length="5.00" nVehEntered="4"/>
    <interval begin="10700.00" end="10800.00" id="inductionLoop.N2" nVehContrib="8" flow="288.00" occupancy="3.16" speed="12.72" harmonicMeanSpeed="12.64" length="5.00" nVehEntered="8"/>
    <interval begin="10800.00" end="10900.00" id="inductionLoop.N2" nVehContrib="3" flow="108.00" occupancy="1.55" speed="10.19" harmonicMeanSpeed="9.65" length="5.00" nVehEntered="3"/>
    <interval begin="10900.00" end="11000.00" id="inductionLoop.N2" nVehContrib="5" flow="180.00" occupancy="2.29" speed="12.27" harmonicMeanSpeed="12.18" length="5.00" nVehEntered="6"/>
    <interval begin="11000.00" end="11100.00" id="inductionLoop.N2" nVehContrib="9" flow="324.00" occupancy="4.39" speed="10.57" harmonicMeanSpeed="10.25" length="5.00" nVehEntered="9"/>
    <interval begin="11100.00" end="11200.00" id="inductionLoop.N2" nVehContrib="4" flow="144.00" occupancy="1.67" speed="12.08" harmonicMeanSpeed="12.00" length="5.00" nVehEntered="4"/>
    <interval begin="11200.00" end="11300.00" id="inductionLoop.N2" nVehContrib="5" flow="180.00" occupancy="2.28" speed="13.01" harmonicMeanSpeed="12.79" length="5.00" nVehEntered="6"/>
    <interval begin="11300.00" end="11400.00" id="inductionLoop.N2" nVehContrib="3" flow="108.00" occupancy="1.18" speed="12.86" harmonicMeanSpeed="12.71" length="5.00" nVehEntered="3"/>
    <interval begin="11400.00" end="11500.00" id="inductionLoop.N2" nVehContrib="3" flow="108.00" occupancy="1.22" speed="12.35" harmonicMeanSpeed="12.32" length="5.00" nVehEntered="3"/>
    <interval begin="11500.00" end="11600.00" id="inductionLoop.N2" nVehContrib="7" flow="252.00" occupancy="3.29" speed="11.79" harmonicMeanSpeed="11.35" length="5.00" nVehEntered="8"/>
    <interval begin="11600.00" end="11700.00" id="inductionLoop.N2" nVehContrib="3" flow="108.00" occupancy="1.25" speed="12.00" harmonicMeanSpeed="11.99" length="5.00" nVehEntered="3"/>
    <interval begin="11700.00" end="11800.00" id="inductionLoop.N2" nVehContrib="6" flow="216.00" occupancy="2.82" speed="11.02" harmonicMeanSpeed="10.62" length="5.00" nVehEntered="6"/>
    <interval begin="11800.00" end="11900.00" id="inductionLoop.N2" nVehContrib="4" flow="144.00" occupancy="1.84" speed="11.53" harmonicMeanSpeed="10.86" length="5.00" nVehEntered="4"/>
    <interval begin="11900.00" end="12000.00" id="inductionLoop.N2" nVehContrib="4" flow="144.00" occupancy="1.58" speed="12.72" harmonicMeanSpeed="12.64" length="5.00" nVehEntered="4"/>
    <interval begin="12000.00" end="12100.00" id="inductionLoop.N2" nVehContrib="7" flow="252.00" occupancy="3.23" speed="10.98" harmonicMeanSpeed="10.82" length="5.00" nVehEntered="7"/>
    <interval begin="12100.00" end="12200.00" id="inductionLoop.N2" nVehContrib="6" flow="216.00" occupancy="3.20" speed="9.54" harmonicMeanSpeed="9.36" length="5.00" nVehEntered="6"/>
    <interval begin="12200.00" end="12300.00" id="inductionLoop.N2" nVehContrib="4" flow="144.00" occupancy="1.73" speed="13.12" harmonicMeanSpeed="13.06" length="5.00" nVehEntered="5"/>
    <interval begin="12300.00" end="12400.00" id="inductionLoop.N2" nVehContrib="3" flow="108.00" occupancy="1.32" speed="11.47" harmonicMeanSpeed="11.40" length="5.00" nVehEntered="3"/>
    <interval begin="12400.00" end="12500.00" id="inductionLoop.N2" nVehContrib="4" flow="144.00" occupancy="2.41" speed="10.11" harmonicMeanSpeed="9.64" length="5.00" nVehEntered="6"/>
    <interval begin="12500.00" end="12600.00" id="inductionLoop.N2" nVehContrib="3" flow="108.00" occupancy="1.66" speed="12.82" harmonicMeanSpeed="12.79" length="5.00" nVehEntered="4"/>
    <interval begin="12600.00" end="12700.00" id="inductionLoop.N2" nVehContrib="4" flow="144.00" occupancy="1.90" speed="11.87" harmonicMeanSpeed="11.70" length="5.00" nVehEntered="5"/>
    <interval begin="12700.00" end="12800.00" id="inductionLoop.N2" nVehContrib="2" flow="72.00" occupancy="0.89" speed="12.15" harmonicMeanSpeed="12.12" length="5.00" nVehEntered="3"/>
    <interval begin="12800.00" end="12900.00" id="inductionLoop.N2" nVehContrib="2" flow="72.00" occupancy="0.77" speed="12.94" harmonicMeanSpeed="12.94" length="5.00" nVehEntered="2"/>
    <interval begin="12900.00" end="13000.00" id="inductionLoop.N2" nVehContrib="3" flow="108.00" occupancy="1.23" speed="12.17" harmonicMeanSpeed="12.15" length="5.00" nVehEntered="3"/>
    <interval begin="13000.00" end="13100.00" id="inductionLoop.N2" nVehContrib="1" flow="36.00" occupancy="0.39" speed="12.91" harmonicMeanSpeed="12.91" length="5.00" nVehEntered="1"/>
    <interval begin="13100.00" end="13200.00" id="inductionLoop.N2" nVehContrib="3" flow="108.00" occupancy="1.22" speed="12.30" harmonicMeanSpeed="12.28" length="5.00" nVehEntered="3"/>
    <interval begin="13200.00" end="13300.00" id="inductionLoop.N2" nVehContrib="3" flow="108.00" occupancy="1.22" speed="12.37" harmonicMeanSpeed="12.27" length="5.00" nVehEntered="3"/>
    <interval begin="13300.00" end="13400.00" id="inductionLoop.N2" nVehContrib="4" flow="144.00" occupancy="1.57" speed="12.84" harmonicMeanSpeed="12.76" length="5.00" nVehEntered="4"/>
    <interval begin="13400.00" end="13500.00" id="inductionLoop.N2" nVehContrib="4" flow="144.00" occupancy="2.50" speed="10.99" harmonicMeanSpeed="10.84" length="5.00" nVehEntered="6"/>
    <interval begin="13500.00" end="13600.00" id="inductionLoop.N2" nVehContrib="5" flow="180.00" occupancy="8.18" speed="8.49" harmonicMeanSpeed="3.13" length="5.00" nVehEntered="6"/>
    <interval begin="13600.00" end="13700.00" id="inductionLoop.N2" nVehContrib="4" flow="144.00" occupancy="1.75" speed="12.30" harmonicMeanSpeed="12.18" length="5.00" nVehEntered="5"/>
    <interval begin="13700.00" end="13800.00" id="inductionLoop.N2" nVehContrib="5" flow="180.00" occupancy="2.40" speed="10.65" harmonicMeanSpeed="10.43" length="5.00" nVehEntered="5"/>
    <interval begin="13800.00" end="13900.00" id="inductionLoop.N2" nVehContrib="7" flow="252.00" occupancy="3.16" speed="11.34" harmonicMeanSpeed="11.06" length="5.00" nVehEntered="7"/>
    <interval begin="13900.00" end="14000.00" id="inductionLoop.N2" nVehContrib="1" flow="36.00" occupancy="0.41" speed="12.25" harmonicMeanSpeed="12.25" length="5.00" nVehEntered="1"/>
    <interval begin="14000.00" end="14100.00" id="inductionLoop.N2" nVehContrib="2" flow="72.00" occupancy="0.87" speed="11.61" harmonicMeanSpeed="11.56" length="5.00" nVehEntered="2"/>
    <interval begin="14100.00" end="14200.00" id="inductionLoop.N2" nVehContrib="1" flow="36.00" occupancy="0.36" speed="13.75" harmonicMeanSpeed="13.75" length="5.00" nVehEntered="1"/>
    <interval begin="14200.00" end="14300.00" id="inductionLoop.N2" nVehContrib="2" flow="72.00" occupancy="1.02" speed="13.35" harmonicMeanSpeed="13.31" length="5.00" nVehEntered="3"/>
    <interval begin="14300.00" end="14400.00" id="inductionLoop.N2" nVehContrib="6" flow="216.00" occupancy="2.50" speed="12.09" harmonicMeanSpeed="12.01" length="5.00" nVehEntered="6"/>
    <interval begin="14400.00" end="14500.00" id="inductionLoop.N2" nVehContrib="7" flow="252.00" occupancy="2.92" speed="12.13" harmonicMeanSpeed="12.01" length="5.00" nVehEntered="8"/>
    <interval begin="14500.00" end="14600.00" id="inductionLoop.N2" nVehContrib="3" flow="108.00" occupancy="1.20" speed="12.67" harmonicMeanSpeed="12.55" length="5.00" nVehEntered="3"/>
    <interval begin="14600.00" end="14700.00" id="inductionLoop.N2" nVehContrib="3" flow="108.00" occupancy="1.43" speed="11.54" harmonicMeanSpeed="11.45" length="5.00" nVehEntered="4"/>
    <interval begin="14700.00" end="14800.00" id="inductionLoop.N2" nVehContrib="3" flow="108.00" occupancy="1.59" speed="12.25" harmonicMeanSpeed="12.10" length="5.00" nVehEntered="4"/>
    <interval begin="14800.00" end="14900.00" id="inductionLoop.N2" nVehContrib="6" flow="216.00" occupancy="2.88" speed="10.88" harmonicMeanSpeed="10.41" length="5.00" nVehEntered="6"/>
    <interval begin="14900.00" end="15000.00" id="inductionLoop.N2" nVehContrib="2" flow="72.00" occupancy="0.76" speed="13.15" harmonicMeanSpeed="13.10" length="5.00" nVehEntered="2"/>
    <interval begin="15000.00" end="15100.00" id="inductionLoop.N2" nVehContrib="4" flow="144.00" occupancy="1.90" speed="13.25" harmonicMeanSpeed="13.24" length="5.00" nVehEntered="5"/>
    <interval begin="15100.00" end="15200.00" id="inductionLoop.N2" nVehContrib="1" flow="36.00" occupancy="0.38" speed="13.19" harmonicMeanSpeed="13.19" length="5.00" nVehEntered="1"/>
    <interval begin="15200.00" end="15300.00" id="inductionLoop.N2" nVehContrib="2" flow="72.00" occupancy="0.79" speed="12.77" harmonicMeanSpeed="12.73" length="5.00" nVehEntered="2"/>
    <interval begin="15300.00" end="15400.00" id="inductionLoop.N2" nVehContrib="6" flow="216.00" occupancy="2.82" speed="10.85" harmonicMeanSpeed="10.64" length="5.00" nVehEntered="6"/>
    <interval begin="15400.00" end="15500.00" id="inductionLoop.N2" nVehContrib="5" flow="180.00" occupancy="2.26" speed="11.32" harmonicMeanSpeed="11.09" length="5.00" nVehEntered="5"/>
    <interval begin="15500.00" end="15600.00" id="inductionLoop.N2" nVehContrib="3" flow="108.00" occupancy="1.16" speed="12.96" harmonicMeanSpeed="12.95" length="5.00" nVehEntered="3"/>
    <interval begin="15600.00" end="15700.00" id="inductionLoop.N2" nVehContrib="5" flow="180.00" occupancy="2.11" speed="12.14" harmonicMeanSpeed="11.86" length="5.00" nVehEntered="5"/>
    <interval begin="15700.00" end="15800.00" id="inductionLoop.N2" nVehContrib="6" flow="216.00" occupancy="2.96" speed="11.15" harmonicMeanSpeed="11.06" length="5.00" nVehEntered="7"/>
    <interval begin="15800.00" end="15900.00" id="inductionLoop.N2" nVehContrib="4" flow="144.00" occupancy="2.18" speed="10.20" harmonicMeanSpeed="9.85" length="5.00" nVehEntered="5"/>
    <interval begin="15900.00" end="16000.00" id="inductionLoop.N2" nVehContrib="4" flow="144.00" occupancy="1.56" speed="12.83" harmonicMeanSpeed="12.81" length="5.00" nVehEntered="4"/>
    <interval begin="16000.00" end="16100.00" id="inductionLoop.N2" nVehContrib="5" flow="180.00" occupancy="2.52" speed="10.19" harmonicMeanSpeed="9.90" length="5.00" nVehEntered="5"/>
    <interval begin="16100.00" end="16200.00" id="inductionLoop.N2" nVehContrib="4" flow="144.00" occupancy="2.02" speed="10.46" harmonicMeanSpeed="10.17" length="5.00" nVehEntered="5"/>
    <interval begin="16200.00" end="16300.00" id="inductionLoop.N2" nVehContrib="4" flow="144.00" occupancy="1.69" speed="11.85" harmonicMeanSpeed="11.83" length="5.00" nVehEntered="4"/>
    <interval begin="16300.00" end="16400.00" id="inductionLoop.N2" nVehContrib="4" flow="144.00" occupancy="1.67" speed="12.07" harmonicMeanSpeed="11.98" length="5.00" nVehEntered="4"/>
    <interval begin="16400.00" end="16500.00" id="inductionLoop.N2" nVehContrib="6" flow="216.00" occupancy="2.72" speed="11.27" harmonicMeanSpeed="11.03" length="5.00" nVehEntered="6"/>
    <interval begin="16500.00" end="16600.00" id="inductionLoop.N2" nVehContrib="4" flow="144.00" occupancy="1.59" speed="12.67" harmonicMeanSpeed="12.57" length="5.00" nVehEntered="4"/>
    <interval begin="16600.00" end="16700.00" id="inductionLoop.N2" nVehContrib="2" flow="72.00" occupancy="0.74" speed="13.58" harmonicMeanSpeed="13.51" length="5.00" nVehEntered="2"/>
    <interval begin="16700.00" end="16800.00" id="inductionLoop.N2" nVehContrib="4" flow="144.00" occupancy="2.00" speed="10.11" harmonicMeanSpeed="10.01" length="5.00" nVehEntered="4"/>
    <interval begin="16800.00" end="16900.00" id="inductionLoop.N2" nVehContrib="3" flow="108.00" occupancy="1.29" speed="11.85" harmonicMeanSpeed="11.60" length="5.00" nVehEntered="3"/>
    <interval begin="16900.00" end="17000.00" id="inductionLoop.N2" nVehContrib="8" flow="288.00" occupancy="3.85" speed="10.97" harmonicMeanSpeed="10.67" length="5.00" nVehEntered="9"/>
    <interval begin="17000.00" end="17100.00" id="inductionLoop.N2" nVehContrib="4" flow="144.00" occupancy="3.81" speed="8.23" harmonicMeanSpeed="5.53" length="5.00" nVehEntered="5"/>
    <interval begin="17100.00" end="17200.00" id="inductionLoop.N2" nVehContrib="7" flow="252.00" occupancy="3.43" speed="10.40" harmonicMeanSpeed="10.20" length="5.00" nVehEntered="7"/>
    <interval begin="17200.00" end="17300.00" id="inductionLoop.N2" nVehContrib="6" flow="216.00" occupancy="3.22" speed="10.29" harmonicMeanSpeed="9.97" length="5.00" nVehEntered="8"/>
    <interval begin="17300.00" end="17400.00" id="inductionLoop.N2" nVehContrib="5" flow="180.00" occupancy="3.05" speed="9.74" harmonicMeanSpeed="9.40" length="5.00" nVehEntered="6"/>
    <interval begin="17400.00" end="17500.00" id="inductionLoop.N2" nVehContrib="5" flow="180.00" occupancy="2.14" speed="11.99" harmonicMeanSpeed="11.69" length="5.00" nVehEntered="5"/>
    <interval begin="17500.00" end="17600.00" id="inductionLoop.N2" nVehContrib="5" flow="180.00" occupancy="2.35" speed="11.05" harmonicMeanSpeed="10.88" length="5.00" nVehEntered="6"/>
    <interval begin="17600.00" end="17700.00" id="inductionLoop.N2" nVehContrib="7" flow="252.00" occupancy="5.95" speed="8.90" harmonicMeanSpeed="6.10" length="5.00" nVehEntered="7"/>
    <interval begin="17700.00" end="17800.00" id="inductionLoop.N2" nVehContrib="5" flow="180.00" occupancy="7.55" speed="5.79" harmonicMeanSpeed="3.81" length="5.00" nVehEntered="6"/>
    <interval begin="17800.00" end="17900.00" id="inductionLoop.N2" nVehContrib="1" flow="36.00" occupancy="0.46" speed="10.97" harmonicMeanSpeed="10.97" length="5.00" nVehEntered="1"/>
    <interval begin="17900.00" end="18000.00" id="inductionLoop.N2" nVehContrib="7" flow="252.00" occupancy="6.88" speed="10.80" harmonicMeanSpeed="10.40" length="5.00" nVehEntered="10"/>
    <interval begin="18000.00" end="18100.00" id="inductionLoop.N2" nVehContrib="4" flow="144.00" occupancy="2.30" speed="10.29" harmonicMeanSpeed="4.73" length="5.00" nVehEntered="4"/>
    <interval begin="18100.00" end="18200.00" id="inductionLoop.N2" nVehContrib="8" flow="288.00" occupancy="3.72" speed="11.21" harmonicMeanSpeed="10.75" length="5.00" nVehEntered="8"/>
    <interval begin="18200.00" end="18300.00" id="inductionLoop.N2" nVehContrib="5" flow="180.00" occupancy="2.22" speed="11.26" harmonicMeanSpeed="11.24" length="5.00" nVehEntered="5"/>
    <interval begin="18300.00" end="18400.00" id="inductionLoop.N2" nVehContrib="8" flow="288.00" occupancy="3.80" speed="10.78" harmonicMeanSpeed="10.53" length="5.00" nVehEntered="8"/>
    <interval begin="18400.00" end="18500.00" id="inductionLoop.N2" nVehContrib="3" flow="108.00" occupancy="1.74" speed="10.88" harmonicMeanSpeed="10.57" length="5.00" nVehEntered="4"/>
    <interval begin="18500.00" end="18600.00" id="inductionLoop.N2" nVehContrib="8" flow="288.00" occupancy="9.29" speed="9.21" harmonicMeanSpeed="4.62" length="5.00" nVehEntered="10"/>
    <interval begin="18600.00" end="18700.00" id="inductionLoop.N2" nVehContrib="8" flow="288.00" occupancy="7.53" speed="6.87" harmonicMeanSpeed="5.13" length="5.00" nVehEntered="7"/>
    <interval begin="18700.00" end="18800.00" id="inductionLoop.N2" nVehContrib="8" flow="288.00" occupancy="36.96" speed="6.17" harmonicMeanSpeed="1.57" length="5.00" nVehEntered="9"/>
    <interval begin="18800.00" end="18900.00" id="inductionLoop.N2" nVehContrib="6" flow="216.00" occupancy="40.07" speed="2.44" harmonicMeanSpeed="0.58" length="5.00" nVehEntered="5"/>
    <interval begin="18900.00" end="19000.00" id="inductionLoop.N2" nVehContrib="7" flow="252.00" occupancy="5.37" speed="9.31" harmonicMeanSpeed="8.25" length="5.00" nVehEntered="9"/>
    <interval begin="19000.00" end="19100.00" id="inductionLoop.N2" nVehContrib="5" flow="180.00" occupancy="2.62" speed="11.92" harmonicMeanSpeed="11.55" length="5.00" nVehEntered="6"/>
    <interval begin="19100.00" end="19200.00" id="inductionLoop.N2" nVehContrib="6" flow="216.00" occupancy="2.70" speed="11.31" harmonicMeanSpeed="11.11" length="5.00" nVehEntered="6"/>
    <interval begin="19200.00" end="19300.00" id="inductionLoop.N2" nVehContrib="8" flow="288.00" occupancy="3.94" speed="10.39" harmonicMeanSpeed="10.16" length="5.00" nVehEntered="8"/>
    <interval begin="19300.00" end="19400.00" id="inductionLoop.N2" nVehContrib="3" flow="108.00" occupancy="1.34" speed="11.48" harmonicMeanSpeed="11.18" length="5.00" nVehEntered="3"/>
    <interval begin="19400.00" end="19500.00" id="inductionLoop.N2" nVehContrib="4" flow="144.00" occupancy="2.09" speed="9.83" harmonicMeanSpeed="9.55" length="5.00" nVehEntered="4"/>
    <interval begin="19500.00" end="19600.00" id="inductionLoop.N2" nVehContrib="6" flow="216.00" occupancy="11.01" speed="7.11" harmonicMeanSpeed="2.88" length="5.00" nVehEntered="8"/>
    <interval begin="19600.00" end="19700.00" id="inductionLoop.N2" nVehContrib="7" flow="252.00" occupancy="4.56" speed="9.60" harmonicMeanSpeed="7.68" length="5.00" nVehEntered="7"/>
    <interval begin="19700.00" end="19800.00" id="inductionLoop.N2" nVehContrib="7" flow="252.00" occupancy="43.28" speed="4.16" harmonicMeanSpeed="0.81" length="5.00" nVehEntered="7"/>
    <interval begin="19800.00" end="19900.00" id="inductionLoop.N2" nVehContrib="9" flow="324.00" occupancy="44.96" speed="5.72" harmonicMeanSpeed="1.20" length="5.00" nVehEntered="10"/>
    <interval begin="19900.00" end="20000.00" id="inductionLoop.N2" nVehContrib="7" flow="252.00" occupancy="21.09" speed="4.27" harmonicMeanSpeed="1.66" length="5.00" nVehEntered="7"/>
    <interval begin="20000.00" end="20100.00" id="inductionLoop.N2" nVehContrib="5" flow="180.00" occupancy="5.65" speed="7.76" harmonicMeanSpeed="5.06" length="5.00" nVehEntered="7"/>
    <interval begin="20100.00" end="20200.00" id="inductionLoop.N2" nVehContrib="7" flow="252.00" occupancy="3.96" speed="10.06" harmonicMeanSpeed="9.74" length="5.00" nVehEntered="8"/>
    <interval begin="20200.00" end="20300.00" id="inductionLoop.N2" nVehContrib="6" flow="216.00" occupancy="9.65" speed="5.13" harmonicMeanSpeed="3.11" length="5.00" nVehEntered="6"/>
    <interval begin="20300.00" end="20400.00" id="inductionLoop.N2" nVehContrib="9" flow="324.00" occupancy="11.64" speed="7.70" harmonicMeanSpeed="3.87" length="5.00" nVehEntered="10"/>
    <interval begin="20400.00" end="20500.00" id="inductionLoop.N2" nVehContrib="6" flow="216.00" occupancy="24.79" speed="7.45" harmonicMeanSpeed="1.25" length="5.00" nVehEntered="7"/>
    <interval begin="20500.00" end="20600.00" id="inductionLoop.N2" nVehContrib="11" flow="396.00" occupancy="74.26" speed="4.67" harmonicMeanSpeed="1.04" length="5.00" nVehEntered="12"/>
    <interval begin="20600.00" end="20700.00" id="inductionLoop.N2" nVehContrib="10" flow="360.00" occupancy="37.35" speed="4.09" harmonicMeanSpeed="0.85" length="5.00" nVehEntered="9"/>
    <interval begin="20700.00" end="20800.00" id="inductionLoop.N2" nVehContrib="6" flow="216.00" occupancy="76.53" speed="3.30" harmonicMeanSpeed="0.39" length="5.00" nVehEntered="6"/>
    <interval begin="20800.00" end="20900.00" id="inductionLoop.N2" nVehContrib="12" flow="432.00" occupancy="18.79" speed="4.93" harmonicMeanSpeed="3.19" length="5.00" nVehEntered="12"/>
    <interval begin="20900.00" end="21000.00" id="inductionLoop.N2" nVehContrib="7" flow="252.00" occupancy="34.54" speed="5.11" harmonicMeanSpeed="1.08" length="5.00" nVehEntered="8"/>
    <interval begin="21000.00" end="21100.00" id="inductionLoop.N2" nVehContrib="10" flow="360.00" occupancy="24.99" speed="6.58" harmonicMeanSpeed="2.09" length="5.00" nVehEntered="12"/>
    <interval begin="21100.00" end="21200.00" id="inductionLoop.N2" nVehContrib="7" flow="252.00" occupancy="55.48" speed="5.78" harmonicMeanSpeed="0.63" length="5.00" nVehEntered="6"/>
    <interval begin="21200.00" end="21300.00" id="inductionLoop.N2" nVehContrib="9" flow="324.00" occupancy="15.60" speed="5.08" harmonicMeanSpeed="4.09" length="5.00" nVehEntered="10"/>
    <interval begin="21300.00" end="21400.00" id="inductionLoop.N2" nVehContrib="4" flow="144.00" occupancy="59.50" speed="2.76" harmonicMeanSpeed="0.31" length="5.00" nVehEntered="3"/>
    <interval begin="21400.00" end="21500.00" id="inductionLoop.N2" nVehContrib="6" flow="216.00" occupancy="80.06" speed="3.95" harmonicMeanSpeed="0.38" length="5.00" nVehEntered="7"/>
    <interval begin="21500.00" end="21600.00" id="inductionLoop.N2" nVehContrib="7" flow="252.00" occupancy="10.58" speed="4.94" harmonicMeanSpeed="2.94" length="5.00" nVehEntered="6"/>
    <interval begin="21600.00" end="21700.00" id="inductionLoop.N2" nVehContrib="11" flow="396.00" occupancy="13.55" speed="5.14" harmonicMeanSpeed="4.06" length="5.00" nVehEntered="11"/>
    <interval begin="21700.00" end="21800.00" id="inductionLoop.N2" nVehContrib="12" flow="432.00" occupancy="15.28" speed="5.84" harmonicMeanSpeed="3.93" length="5.00" nVehEntered="12"/>
    <interval begin="21800.00" end="21900.00" id="inductionLoop.N2" nVehContrib="8" flow="288.00" occupancy="9.98" speed="6.57" harmonicMeanSpeed="4.01" length="5.00" nVehEntered="8"/>
    <interval begin="21900.00" end="22000.00" id="inductionLoop.N2" nVehContrib="11" flow="396.00" occupancy="50.77" speed="6.00" harmonicMeanSpeed="1.09" length="5.00" nVehEntered="12"/>
    <interval begin="22000.00" end="22100.00" id="inductionLoop.N2" nVehContrib="8" flow="288.00" occupancy="39.81" speed="5.70" harmonicMeanSpeed="1.26" length="5.00" nVehEntered="10"/>
    <interval begin="22100.00" end="22200.00" id="inductionLoop.N2" nVehContrib="5" flow="180.00" occupancy="44.69" speed="2.83" harmonicMeanSpeed="0.69" length="5.00" nVehEntered="6"/>
    <interval begin="22200.00" end="22300.00" id="inductionLoop.N2" nVehContrib="11" flow="396.00" occupancy="64.33" speed="4.38" harmonicMeanSpeed="0.82" length="5.00" nVehEntered="11"/>
    <interval begin="22300.00" end="22400.00" id="inductionLoop.N2" nVehContrib="8" flow="288.00" occupancy="72.55" speed="5.09" harmonicMeanSpeed="0.66" length="5.00" nVehEntered="8"/>
    <interval begin="22400.00" end="22500.00" id="inductionLoop.N2" nVehContrib="8" flow="288.00" occupancy="65.93" speed="4.97" harmonicMeanSpeed="0.55" length="5.00" nVehEntered="8"/>
    <interval begin="22500.00" end="22600.00" id="inductionLoop.N2" nVehContrib="10" flow="360.00" occupancy="42.14" speed="3.83" harmonicMeanSpeed="0.85" length="5.00" nVehEntered="9"/>
    <interval begin="22600.00" end="22700.00" id="inductionLoop.N2" nVehContrib="10" flow="360.00" occupancy="24.30" speed="6.50" harmonicMeanSpeed="2.06" length="5.00" nVehEntered="10"/>
    <interval begin="22700.00" end="22800.00" id="inductionLoop.N2" nVehContrib="14" flow="504.00" occupancy="12.54" speed="7.28" harmonicMeanSpeed="5.58" length="5.00" nVehEntered="14"/>
    <interval begin="22800.00" end="22900.00" id="inductionLoop.N2" nVehContrib="9" flow="324.00" occupancy="20.05" speed="3.41" harmonicMeanSpeed="2.24" length="5.00" nVehEntered="9"/>
    <interval begin="22900.00" end="23000.00" id="inductionLoop.N2" nVehContrib="4" flow="144.00" occupancy="10.02" speed="2.95" harmonicMeanSpeed="2.00" length="5.00" nVehEntered="4"/>
    <interval begin="23000.00" end="23100.00" id="inductionLoop.N2" nVehContrib="8" flow="288.00" occupancy="13.04" speed="4.19" harmonicMeanSpeed="3.07" length="5.00" nVehEntered="8"/>
    <interval begin="23100.00" end="23200.00" id="inductionLoop.N2" nVehContrib="13" flow="468.00" occupancy="33.45" speed="5.58" harmonicMeanSpeed="1.94" length="5.00" nVehEntered="13"/>
    <interval begin="23200.00" end="23300.00" id="inductionLoop.N2" nVehContrib="9" flow="324.00" occupancy="50.53" speed="8.06" harmonicMeanSpeed="7.26" length="5.00" nVehEntered="10"/>
    <interval begin="23300.00" end="23400.00" id="inductionLoop.N2" nVehContrib="11" flow="396.00" occupancy="62.30" speed="7.00" harmonicMeanSpeed="0.52" length="5.00" nVehEntered="10"/>
    <interval begin="23400.00" end="23500.00" id="inductionLoop.N2" nVehContrib="7" flow="252.00" occupancy="60.99" speed="7.37" harmonicMeanSpeed="6.58" length="5.00" nVehEntered="8"/>
    <interval begin="23500.00" end="23600.00" id="inductionLoop.N2" nVehContrib="13" flow="468.00" occupancy="31.01" speed="7.56" harmonicMeanSpeed="0.75" length="5.00" nVehEntered="12"/>
    <interval begin="23600.00" end="23700.00" id="inductionLoop.N2" nVehContrib="13" flow="468.00" occupancy="12.69" speed="7.51" harmonicMeanSpeed="5.12" length="5.00" nVehEntered="13"/>
    <interval begin="23700.00" end="23800.00" id="inductionLoop.N2" nVehContrib="13" flow="468.00" occupancy="27.08" speed="5.48" harmonicMeanSpeed="2.40" length="5.00" nVehEntered="13"/>
    <interval begin="23800.00" end="23900.00" id="inductionLoop.N2" nVehContrib="11" flow="396.00" occupancy="17.01" speed="6.03" harmonicMeanSpeed="3.23" length="5.00" nVehEntered="11"/>
    <interval begin="23900.00" end="24000.00" id="inductionLoop.N2" nVehContrib="11" flow="396.00" occupancy="14.31" speed="6.46" harmonicMeanSpeed="3.84" length="5.00" nVehEntered="11"/>
    <interval begin="24000.00" end="24100.00" id="inductionLoop.N2" nVehContrib="13" flow="468.00" occupancy="19.61" speed="4.47" harmonicMeanSpeed="3.31" length="5.00" nVehEntered="13"/>
    <interval begin="24100.00" end="24200.00" id="inductionLoop.N2" nVehContrib="7" flow="252.00" occupancy="8.28" speed="5.97" harmonicMeanSpeed="4.23" length="5.00" nVehEntered="7"/>
    <interval begin="24200.00" end="24300.00" id="inductionLoop.N2" nVehContrib="13" flow="468.00" occupancy="24.05" speed="4.67" harmonicMeanSpeed="2.70" length="5.00" nVehEntered="13"/>
    <interval begin="24300.00" end="24400.00" id="inductionLoop.N2" nVehContrib="12" flow="432.00" occupancy="15.60" speed="5.81" harmonicMeanSpeed="3.85" length="5.00" nVehEntered="12"/>
    <interval begin="24400.00" end="24500.00" id="inductionLoop.N2" nVehContrib="11" flow="396.00" occupancy="58.85" speed="6.31" harmonicMeanSpeed="3.21" length="5.00" nVehEntered="12"/>
    <interval begin="24500.00" end="24600.00" id="inductionLoop.N2" nVehContrib="15" flow="540.00" occupancy="22.81" speed="4.41" harmonicMeanSpeed="1.16" length="5.00" nVehEntered="14"/>
    <interval begin="24600.00" end="24700.00" id="inductionLoop.N2" nVehContrib="20" flow="720.00" occupancy="21.48" speed="6.18" harmonicMeanSpeed="4.66" length="5.00" nVehEntered="20"/>
    <interval begin="24700.00" end="24800.00" id="inductionLoop.N2" nVehContrib="17" flow="612.00" occupancy="58.39" speed="5.75" harmonicMeanSpeed="1.46" length="5.00" nVehEntered="18"/>
    <interval begin="24800.00" end="24900.00" id="inductionLoop.N2" nVehContrib="11" flow="396.00" occupancy="13.63" speed="6.78" harmonicMeanSpeed="4.03" length="5.00" nVehEntered="10"/>
    <interval begin="24900.00" end="25000.00" id="inductionLoop.N2" nVehContrib="17" flow="612.00" occupancy="25.00" speed="7.22" harmonicMeanSpeed="6.12" length="5.00" nVehEntered="18"/>
    <interval begin="25000.00" end="25100.00" id="inductionLoop.N2" nVehContrib="10" flow="360.00" occupancy="43.34" speed="6.07" harmonicMeanSpeed="1.28" length="5.00" nVehEntered="10"/>
    <interval begin="25100.00" end="25200.00" id="inductionLoop.N2" nVehContrib="11" flow="396.00" occupancy="55.65" speed="5.21" harmonicMeanSpeed="0.78" length="5.00" nVehEntered="10"/>
    <interval begin="25200.00" end="25300.00" id="inductionLoop.N2" nVehContrib="14" flow="504.00" occupancy="14.60" speed="6.44" harmonicMeanSpeed="4.94" length="5.00" nVehEntered="15"/>
    <interval begin="25300.00" end="25400.00" id="inductionLoop.N2" nVehContrib="8" flow="288.00" occupancy="6.19" speed="7.46" harmonicMeanSpeed="6.03" length="5.00" nVehEntered="7"/>
    <interval begin="25400.00" end="25500.00" id="inductionLoop.N2" nVehContrib="17" flow="612.00" occupancy="49.52" speed="5.84" harmonicMeanSpeed="1.72" length="5.00" nVehEntered="17"/>
    <interval begin="25500.00" end="25600.00" id="inductionLoop.N2" nVehContrib="15" flow="540.00" occupancy="12.26" speed="8.34" harmonicMeanSpeed="6.12" length="5.00" nVehEntered="15"/>
    <interval begin="25600.00" end="25700.00" id="inductionLoop.N2" nVehContrib="15" flow="540.00" occupancy="10.33" speed="8.06" harmonicMeanSpeed="7.26" length="5.00" nVehEntered="15"/>
    <interval begin="25700.00" end="25800.00" id="inductionLoop.N2" nVehContrib="11" flow="396.00" occupancy="14.30" speed="6.72" harmonicMeanSpeed="3.85" length="5.00" nVehEntered="11"/>
    <interval begin="25800.00" end="25900.00" id="inductionLoop.N2" nVehContrib="3" flow="108.00" occupancy="13.82" speed="2.56" harmonicMeanSpeed="1.10" length="5.00" nVehEntered="4"/>
    <interval begin="25900.00" end="26000.00" id="inductionLoop.N2" nVehContrib="11" flow="396.00" occupancy="71.67" speed="6.21" harmonicMeanSpeed="4.71" length="5.00" nVehEntered="11"/>
    <interval begin="26000.00" end="26100.00" id="inductionLoop.N2" nVehContrib="20" flow="720.00" occupancy="38.49" speed="6.87" harmonicMeanSpeed="1.22" length="5.00" nVehEntered="20"/>
    <interval begin="26100.00" end="26200.00" id="inductionLoop.N2" nVehContrib="13" flow="468.00" occupancy="55.27" speed="5.49" harmonicMeanSpeed="0.91" length="5.00" nVehEntered="12"/>
    <interval begin="26200.00" end="26300.00" id="inductionLoop.N2" nVehContrib="13" flow="468.00" occupancy="37.97" speed="7.90" harmonicMeanSpeed="1.72" length="5.00" nVehEntered="14"/>
    <interval begin="26300.00" end="26400.00" id="inductionLoop.N2" nVehContrib="7" flow="252.00" occupancy="6.61" speed="6.37" harmonicMeanSpeed="5.09" length="5.00" nVehEntered="6"/>
    <interval begin="26400.00" end="26500.00" id="inductionLoop.N2" nVehContrib="8" flow="288.00" occupancy="7.84" speed="8.81" harmonicMeanSpeed="5.82" length="5.00" nVehEntered="9"/>
    <interval begin="26500.00" end="26600.00" id="inductionLoop.N2" nVehContrib="10" flow="360.00" occupancy="9.21" speed="7.37" harmonicMeanSpeed="5.82" length="5.00" nVehEntered="10"/>
    <interval begin="26600.00" end="26700.00" id="inductionLoop.N2" nVehContrib="17" flow="612.00" occupancy="57.33" speed="6.58" harmonicMeanSpeed="1.44" length="5.00" nVehEntered="16"/>
    <interval begin="26700.00" end="26800.00" id="inductionLoop.N2" nVehContrib="6" flow="216.00" occupancy="7.23" speed="6.16" harmonicMeanSpeed="4.15" length="5.00" nVehEntered="6"/>
    <interval begin="26800.00" end="26900.00" id="inductionLoop.N2" nVehContrib="13" flow="468.00" occupancy="10.95" speed="9.31" harmonicMeanSpeed="8.01" length="5.00" nVehEntered="14"/>
    <interval begin="26900.00" end="27000.00" id="inductionLoop.N2" nVehContrib="5" flow="180.00" occupancy="4.27" speed="5.31" harmonicMeanSpeed="3.52" length="5.00" nVehEntered="4"/>
    <interval begin="27000.00" end="27100.00" id="inductionLoop.N2" nVehContrib="8" flow="288.00" occupancy="6.92" speed="8.25" harmonicMeanSpeed="6.87" length="5.00" nVehEntered="9"/>
    <interval begin="27100.00" end="27200.00" id="inductionLoop.N2" nVehContrib="10" flow="360.00" occupancy="9.07" speed="6.63" harmonicMeanSpeed="4.91" length="5.00" nVehEntered="9"/>
    <interval begin="27200.00" end="27300.00" id="inductionLoop.N2" nVehContrib="14" flow="504.00" occupancy="17.77" speed="6.25" harmonicMeanSpeed="3.94" length="5.00" nVehEntered="14"/>
    <interval begin="27300.00" end="27400.00" id="inductionLoop.N2" nVehContrib="8" flow="288.00" occupancy="11.91" speed="5.13" harmonicMeanSpeed="3.99" length="5.00" nVehEntered="9"/>
    <interval begin="27400.00" end="27500.00" id="inductionLoop.N2" nVehContrib="6" flow="216.00" occupancy="88.87" speed="5.55" harmonicMeanSpeed="0.40" length="5.00" nVehEntered="6"/>
    <interval begin="27500.00" end="27600.00" id="inductionLoop.N2" nVehContrib="12" flow="432.00" occupancy="26.65" speed="7.43" harmonicMeanSpeed="1.42" length="5.00" nVehEntered="11"/>
    <interval begin="27600.00" end="27700.00" id="inductionLoop.N2" nVehContrib="10" flow="360.00" occupancy="56.68" speed="7.05" harmonicMeanSpeed="4.91" length="5.00" nVehEntered="11"/>
    <interval begin="27700.00" end="27800.00" id="inductionLoop.N2" nVehContrib="16" flow="576.00" occupancy="30.80" speed="7.00" harmonicMeanSpeed="1.04" length="5.00" nVehEntered="16"/>
    <interval begin="27800.00" end="27900.00" id="inductionLoop.N2" nVehContrib="7" flow="252.00" occupancy="10.69" speed="5.57" harmonicMeanSpeed="3.17" length="5.00" nVehEntered="6"/>
    <interval begin="27900.00" end="28000.00" id="inductionLoop.N2" nVehContrib="11" flow="396.00" occupancy="10.35" speed="7.30" harmonicMeanSpeed="5.31" length="5.00" nVehEntered="11"/>
    <interval begin="28000.00" end="28100.00" id="inductionLoop.N2" nVehContrib="16" flow="576.00" occupancy="24.49" speed="6.43" harmonicMeanSpeed="3.27" length="5.00" nVehEntered="16"/>
    <interval begin="28100.00" end="28200.00" id="inductionLoop.N2" nVehContrib="12" flow="432.00" occupancy="12.17" speed="6.50" harmonicMeanSpeed="4.93" length="5.00" nVehEntered="12"/>
    <interval begin="28200.00" end="28300.00" id="inductionLoop.N2" nVehContrib="5" flow="180.00" occupancy="41.54" speed="4.89" harmonicMeanSpeed="0.61" length="5.00" nVehEntered="7"/>
    <interval begin="28300.00" end="28400.00" id="inductionLoop.N2" nVehContrib="9" flow="324.00" occupancy="6.93" speed="8.26" harmonicMeanSpeed="6.42" length="5.00" nVehEntered="8"/>
    <interval begin="28400.00" end="28500.00" id="inductionLoop.N2" nVehContrib="6" flow="216.00" occupancy="13.70" speed="8.74" harmonicMeanSpeed="2.19" length="5.00" nVehEntered="6"/>
    <interval begin="28500.00" end="28600.00" id="inductionLoop.N2" nVehContrib="2" flow="72.00" occupancy="2.73" speed="6.25" harmonicMeanSpeed="5.74" length="5.00" nVehEntered="4"/>
    <interval begin="28600.00" end="28700.00" id="inductionLoop.N2" nVehContrib="4" flow="144.00" occupancy="51.03" speed="4.31" harmonicMeanSpeed="0.39" length="5.00" nVehEntered="4"/>
    <interval begin="28700.00" end="28800.00" id="inductionLoop.N2" nVehContrib="6" flow="216.00" occupancy="55.49" speed="5.54" harmonicMeanSpeed="3.71" length="5.00" nVehEntered="7"/>
    <interval begin="28800.00" end="28900.00" id="inductionLoop.N2" nVehContrib="8" flow="288.00" occupancy="26.98" speed="4.38" harmonicMeanSpeed="0.54" length="5.00" nVehEntered="7"/>
    <interval begin="28900.00" end="29000.00" id="inductionLoop.N2" nVehContrib="8" flow="288.00" occupancy="37.39" speed="8.71" harmonicMeanSpeed="7.21" length="5.00" nVehEntered="9"/>
    <interval begin="29000.00" end="29100.00" id="inductionLoop.N2" nVehContrib="9" flow="324.00" occupancy="82.31" speed="4.43" harmonicMeanSpeed="0.52" length="5.00" nVehEntered="9"/>
    <interval begin="29100.00" end="29200.00" id="inductionLoop.N2" nVehContrib="8" flow="288.00" occupancy="42.45" speed="4.53" harmonicMeanSpeed="0.57" length="5.00" nVehEntered="7"/>
    <interval begin="29200.00" end="29300.00" id="inductionLoop.N2" nVehContrib="7" flow="252.00" occupancy="6.89" speed="6.27" harmonicMeanSpeed="5.08" length="5.00" nVehEntered="7"/>
    <interval begin="29300.00" end="29400.00" id="inductionLoop.N2" nVehContrib="10" flow="360.00" occupancy="18.16" speed="3.69" harmonicMeanSpeed="2.75" length="5.00" nVehEntered="10"/>
    <interval begin="29400.00" end="29500.00" id="inductionLoop.N2" nVehContrib="6" flow="216.00" occupancy="10.86" speed="5.63" harmonicMeanSpeed="2.76" length="5.00" nVehEntered="6"/>
    <interval begin="29500.00" end="29600.00" id="inductionLoop.N2" nVehContrib="8" flow="288.00" occupancy="37.71" speed="4.44" harmonicMeanSpeed="1.06" length="5.00" nVehEntered="8"/>
    <interval begin="29600.00" end="29700.00" id="inductionLoop.N2" nVehContrib="10" flow="360.00" occupancy="11.73" speed="6.00" harmonicMeanSpeed="4.26" length="5.00" nVehEntered="10"/>
    <interval begin="29700.00" end="29800.00" id="inductionLoop.N2" nVehContrib="5" flow="180.00" occupancy="7.88" speed="6.44" harmonicMeanSpeed="3.92" length="5.00" nVehEntered="7"/>
    <interval begin="29800.00" end="29900.00" id="inductionLoop.N2" nVehContrib="2" flow="72.00" occupancy="2.17" speed="7.09" harmonicMeanSpeed="6.80" length="5.00" nVehEntered="3"/>
    <interval begin="29900.00" end="30000.00" id="inductionLoop.N2" nVehContrib="8" flow="288.00" occupancy="4.45" speed="11.74" harmonicMeanSpeed="11.38" length="5.00" nVehEntered="10"/>
    <interval begin="30000.00" end="30100.00" id="inductionLoop.N2" nVehContrib="8" flow="288.00" occupancy="4.91" speed="10.75" harmonicMeanSpeed="10.52" length="5.00" nVehEntered="9"/>
    <interval begin="30100.00" end="30200.00" id="inductionLoop.N2" nVehContrib="6" flow="216.00" occupancy="4.59" speed="9.81" harmonicMeanSpeed="8.07" length="5.00" nVehEntered="7"/>
    <interval begin="30200.00" end="30300.00" id="inductionLoop.N2" nVehContrib="4" flow="144.00" occupancy="18.66" speed="5.82" harmonicMeanSpeed="1.07" length="5.00" nVehEntered="4"/>
    <interval begin="30300.00" end="30400.00" id="inductionLoop.N2" nVehContrib="6" flow="216.00" occupancy="3.20" speed="9.53" harmonicMeanSpeed="9.38" length="5.00" nVehEntered="6"/>
    <interval begin="30400.00" end="30500.00" id="inductionLoop.N2" nVehContrib="10" flow="360.00" occupancy="12.95" speed="6.63" harmonicMeanSpeed="3.86" length="5.00" nVehEntered="10"/>
    <interval begin="30500.00" end="30600.00" id="inductionLoop.N2" nVehContrib="8" flow="288.00" occupancy="26.65" speed="6.71" harmonicMeanSpeed="1.55" length="5.00" nVehEntered="11"/>
    <interval begin="30600.00" end="30700.00" id="inductionLoop.N2" nVehContrib="6" flow="216.00" occupancy="17.28" speed="8.16" harmonicMeanSpeed="1.75" length="5.00" nVehEntered="7"/>
    <interval begin="30700.00" end="30800.00" id="inductionLoop.N2" nVehContrib="0" flow="0.00" occupancy="0.00" speed="-1.00" harmonicMeanSpeed="-1.00" length="-1.00" nVehEntered="0"/>
    <interval begin="30800.00" end="30900.00" id="inductionLoop.N2" nVehContrib="0" flow="0.00" occupancy="0.00" speed="-1.00" harmonicMeanSpeed="-1.00" length="-1.00" nVehEntered="0"/>
    <interval begin="30900.00" end="31000.00" id="inductionLoop.N2" nVehContrib="0" flow="0.00" occupancy="0.00" speed="-1.00" harmonicMeanSpeed="-1.00" length="-1.00" nVehEntered="0"/>
    <interval begin="31000.00" end="31100.00" id="inductionLoop.N2" nVehContrib="0" flow="0.00" occupancy="0.00" speed="-1.00" harmonicMeanSpeed="-1.00" length="-1.00" nVehEntered="0"/>
    <interval begin="31100.00" end="31200.00" id="inductionLoop.N2" nVehContrib="0" flow="0.00" occupancy="0.00" speed="-1.00" harmonicMeanSpeed="-1.00" length="-1.00" nVehEntered="0"/>
    <interval begin="31200.00" end="31300.00" id="inductionLoop.N2" nVehContrib="0" flow="0.00" occupancy="0.00" speed="-1.00" harmonicMeanSpeed="-1.00" length="-1.00" nVehEntered="0"/>
    <interval begin="31300.00" end="31400.00" id="inductionLoop.N2" nVehContrib="0" flow="0.00" occupancy="0.00" speed="-1.00" harmonicMeanSpeed="-1.00" length="-1.00" nVehEntered="0"/>
    <interval begin="31400.00" end="31500.00" id="inductionLoop.N2" nVehContrib="0" flow="0.00" occupancy="0.00" speed="-1.00" harmonicMeanSpeed="-1.00" length="-1.00" nVehEntered="0"/>
    <interval begin="31500.00" end="31600.00" id="inductionLoop.N2" nVehContrib="0" flow="0.00" occupancy="0.00" speed="-1.00" harmonicMeanSpeed="-1.00" length="-1.00" nVehEntered="0"/>
    <interval begin="31600.00" end="31700.00" id="inductionLoop.N2" nVehContrib="1" flow="36.00" occupancy="0.36" speed="13.79" harmonicMeanSpeed="13.79" length="5.00" nVehEntered="1"/>
    <interval begin="31700.00" end="31800.00" id="inductionLoop.N2" nVehContrib="0" flow="0.00" occupancy="0.00" speed="-1.00" harmonicMeanSpeed="-1.00" length="-1.00" nVehEntered="0"/>
    <interval begin="31800.00" end="31900.00" id="inductionLoop.N2" nVehContrib="2" flow="72.00" occupancy="0.78" speed="12.74" harmonicMeanSpeed="12.74" length="5.00" nVehEntered="2"/>
    <interval begin="31900.00" end="32000.00" id="inductionLoop.N2" nVehContrib="4" flow="144.00" occupancy="2.07" speed="9.97" harmonicMeanSpeed="9.64" length="5.00" nVehEntered="4"/>
    <interval begin="32000.00" end="32100.00" id="inductionLoop.N2" nVehContrib="2" flow="72.00" occupancy="0.80" speed="12.54" harmonicMeanSpeed="12.50" length="5.00" nVehEntered="2"/>
    <interval begin="32100.00" end="32200.00" id="inductionLoop.N2" nVehContrib="3" flow="108.00" occupancy="1.35" speed="11.18" harmonicMeanSpeed="11.11" length="5.00" nVehEntered="3"/>
    <interval begin="32200.00" end="32300.00" id="inductionLoop.N2" nVehContrib="6" flow="216.00" occupancy="3.05" speed="10.01" harmonicMeanSpeed="9.84" length="5.00" nVehEntered="6"/>
    <interval begin="32300.00" end="32400.00" id="inductionLoop.N2" nVehContrib="5" flow="180.00" occupancy="2.53" speed="11.77" harmonicMeanSpeed="11.64" length="5.00" nVehEntered="6"/>
    <interval begin="32400.00" end="32500.00" id="inductionLoop.N2" nVehContrib="0" flow="0.00" occupancy="0.00" speed="-1.00" harmonicMeanSpeed="-1.00" length="-1.00" nVehEntered="0"/>
    <interval begin="32500.00" end="32600.00" id="inductionLoop.N2" nVehContrib="3" flow="108.00" occupancy="1.16" speed="12.95" harmonicMeanSpeed="12.88" length="5.00" nVehEntered="3"/>
    <interval begin="32600.00" end="32700.00" id="inductionLoop.N2" nVehContrib="3" flow="108.00" occupancy="1.19" speed="13.01" harmonicMeanSpeed="13.01" length="5.00" nVehEntered="4"/>
    <interval begin="32700.00" end="32800.00" id="inductionLoop.N2" nVehContrib="4" flow="144.00" occupancy="1.84" speed="11.25" harmonicMeanSpeed="10.89" length="5.00" nVehEntered="4"/>
    <interval begin="32800.00" end="32900.00" id="inductionLoop.N2" nVehContrib="7" flow="252.00" occupancy="42.63" speed="6.47" harmonicMeanSpeed="2.37" length="5.00" nVehEntered="9"/>
    <interval begin="32900.00" end="33000.00" id="inductionLoop.N2" nVehContrib="11" flow="396.00" occupancy="58.37" speed="4.44" harmonicMeanSpeed="0.70" length="5.00" nVehEntered="11"/>
    <interval begin="33000.00" end="33100.00" id="inductionLoop.N2" nVehContrib="11" flow="396.00" occupancy="38.51" speed="6.29" harmonicMeanSpeed="1.21" length="5.00" nVehEntered="11"/>
    <interval begin="33100.00" end="33200.00" id="inductionLoop.N2" nVehContrib="7" flow="252.00" occupancy="22.89" speed="5.22" harmonicMeanSpeed="1.53" length="5.00" nVehEntered="7"/>
    <interval begin="33200.00" end="33300.00" id="inductionLoop.N2" nVehContrib="8" flow="288.00" occupancy="5.39" speed="8.62" harmonicMeanSpeed="7.42" length="5.00" nVehEntered="8"/>
    <interval begin="33300.00" end="33400.00" id="inductionLoop.N2" nVehContrib="8" flow="288.00" occupancy="42.91" speed="4.08" harmonicMeanSpeed="0.93" length="5.00" nVehEntered="8"/>
    <interval begin="33400.00" end="33500.00" id="inductionLoop.N2" nVehContrib="7" flow="252.00" occupancy="21.37" speed="7.17" harmonicMeanSpeed="1.64" length="5.00" nVehEntered="7"/>
    <interval begin="33500.00" end="33600.00" id="inductionLoop.N2" nVehContrib="6" flow="216.00" occupancy="4.80" speed="9.61" harmonicMeanSpeed="7.98" length="5.00" nVehEntered="7"/>
    <interval begin="33600.00" end="33700.00" id="inductionLoop.N2" nVehContrib="4" flow="144.00" occupancy="3.96" speed="6.42" harmonicMeanSpeed="5.06" length="5.00" nVehEntered="4"/>
    <interval begin="33700.00" end="33800.00" id="inductionLoop.N2" nVehContrib="0" flow="0.00" occupancy="0.00" speed="-1.00" harmonicMeanSpeed="-1.00" length="-1.00" nVehEntered="0"/>
    <interval begin="33800.00" end="33900.00" id="inductionLoop.N2" nVehContrib="0" flow="0.00" occupancy="0.00" speed="-1.00" harmonicMeanSpeed="-1.00" length="-1.00" nVehEntered="0"/>
    <interval begin="33900.00" end="34000.00" id="inductionLoop.N2" nVehContrib="0" flow="0.00" occupancy="0.00" speed="-1.00" harmonicMeanSpeed="-1.00" length="-1.00" nVehEntered="0"/>
    <interval begin="34000.00" end="34100.00" id="inductionLoop.N2" nVehContrib="0" flow="0.00" occupancy="0.00" speed="-1.00" harmonicMeanSpeed="-1.00" length="-1.00" nVehEntered="0"/>
    <interval begin="34100.00" end="34200.00" id="inductionLoop.N2" nVehContrib="0" flow="0.00" occupancy="0.00" speed="-1.00" harmonicMeanSpeed="-1.00" length="-1.00" nVehEntered="0"/>
    <interval begin="34200.00" end="34300.00" id="inductionLoop.N2" nVehContrib="2" flow="72.00" occupancy="0.89" speed="12.69" harmonicMeanSpeed="12.68" length="5.00" nVehEntered="3"/>
    <interval begin="34300.00" end="34400.00" id="inductionLoop.N2" nVehContrib="5" flow="180.00" occupancy="2.24" speed="11.55" harmonicMeanSpeed="11.15" length="5.00" nVehEntered="5"/>
    <interval begin="34400.00" end="34500.00" id="inductionLoop.N2" nVehContrib="5" flow="180.00" occupancy="2.03" speed="12.41" harmonicMeanSpeed="12.32" length="5.00" nVehEntered="5"/>
    <interval begin="34500.00" end="34600.00" id="inductionLoop.N2" nVehContrib="6" flow="216.00" occupancy="15.29" speed="8.91" harmonicMeanSpeed="2.29" length="5.00" nVehEntered="10"/>
    <interval begin="34600.00" end="34700.00" id="inductionLoop.N2" nVehContrib="12" flow="432.00" occupancy="32.31" speed="6.75" harmonicMeanSpeed="1.81" length="5.00" nVehEntered="11"/>
    <interval begin="34700.00" end="34800.00" id="inductionLoop.N2" nVehContrib="10" flow="360.00" occupancy="19.03" speed="6.10" harmonicMeanSpeed="4.21" length="5.00" nVehEntered="11"/>
    <interval begin="34800.00" end="34900.00" id="inductionLoop.N2" nVehContrib="11" flow="396.00" occupancy="59.25" speed="6.74" harmonicMeanSpeed="0.83" length="5.00" nVehEntered="10"/>
    <interval begin="34900.00" end="35000.00" id="inductionLoop.N2" nVehContrib="7" flow="252.00" occupancy="56.34" speed="7.25" harmonicMeanSpeed="6.27" length="5.00" nVehEntered="8"/>
    <interval begin="35000.00" end="35100.00" id="inductionLoop.N2" nVehContrib="17" flow="612.00" occupancy="51.75" speed="5.48" harmonicMeanSpeed="0.83" length="5.00" nVehEntered="16"/>
    <interval begin="35100.00" end="35200.00" id="inductionLoop.N2" nVehContrib="11" flow="396.00" occupancy="67.85" speed="5.67" harmonicMeanSpeed="0.82" length="5.00" nVehEntered="12"/>
    <interval begin="35200.00" end="35300.00" id="inductionLoop.N2" nVehContrib="9" flow="324.00" occupancy="25.52" speed="4.81" harmonicMeanSpeed="3.35" length="5.00" nVehEntered="9"/>
    <interval begin="35300.00" end="35400.00" id="inductionLoop.N2" nVehContrib="7" flow="252.00" occupancy="35.45" speed="5.00" harmonicMeanSpeed="0.72" length="5.00" nVehEntered="6"/>
    <interval begin="35400.00" end="35500.00" id="inductionLoop.N2" nVehContrib="9" flow="324.00" occupancy="49.02" speed="4.43" harmonicMeanSpeed="0.92" length="5.00" nVehEntered="9"/>
    <interval begin="35500.00" end="35600.00" id="inductionLoop.N2" nVehContrib="6" flow="216.00" occupancy="84.40" speed="3.18" harmonicMeanSpeed="0.60" length="5.00" nVehEntered="7"/>
    <interval begin="35600.00" end="35700.00" id="inductionLoop.N2" nVehContrib="15" flow="540.00" occupancy="26.68" speed="5.58" harmonicMeanSpeed="1.23" length="5.00" nVehEntered="14"/>
    <interval begin="35700.00" end="35800.00" id="inductionLoop.N2" nVehContrib="5" flow="180.00" occupancy="38.79" speed="2.73" harmonicMeanSpeed="0.66" length="5.00" nVehEntered="6"/>
    <interval begin="35800.00" end="35900.00" id="inductionLoop.N2" nVehContrib="8" flow="288.00" occupancy="6.63" speed="7.65" harmonicMeanSpeed="6.15" length="5.00" nVehEntered="9"/>
    <interval begin="35900.00" end="36000.00" id="inductionLoop.N2" nVehContrib="3" flow="108.00" occupancy="5.52" speed="3.46" harmonicMeanSpeed="3.45" length="5.00" nVehEntered="4"/>
    <interval begin="36000.00" end="36100.00" id="inductionLoop.N2" nVehContrib="11" flow="396.00" occupancy="8.46" speed="8.67" harmonicMeanSpeed="6.50" length="5.00" nVehEntered="11"/>
    <interval begin="36100.00" end="36200.00" id="inductionLoop.N2" nVehContrib="10" flow="360.00" occupancy="77.46" speed="4.86" harmonicMeanSpeed="1.10" length="5.00" nVehEntered="11"/>
    <interval begin="36200.00" end="36300.00" id="inductionLoop.N2" nVehContrib="19" flow="684.00" occupancy="66.90" speed="5.57" harmonicMeanSpeed="1.16" length="5.00" nVehEntered="19"/>
    <interval begin="36300.00" end="36400.00" id="inductionLoop.N2" nVehContrib="13" flow="468.00" occupancy="76.24" speed="6.41" harmonicMeanSpeed="0.93" length="5.00" nVehEntered="13"/>
    <interval begin="36400.00" end="36500.00" id="inductionLoop.N2" nVehContrib="7" flow="252.00" occupancy="32.25" speed="4.74" harmonicMeanSpeed="0.63" length="5.00" nVehEntered="6"/>
    <interval begin="36500.00" end="36600.00" id="inductionLoop.N2" nVehContrib="12" flow="432.00" occupancy="63.19" speed="5.97" harmonicMeanSpeed="1.36" length="5.00" nVehEntered="13"/>
    <interval begin="36600.00" end="36700.00" id="inductionLoop.N2" nVehContrib="9" flow="324.00" occupancy="44.44" speed="4.23" harmonicMeanSpeed="0.82" length="5.00" nVehEntered="10"/>
    <interval begin="36700.00" end="36800.00" id="inductionLoop.N2" nVehContrib="6" flow="216.00" occupancy="85.81" speed="3.39" harmonicMeanSpeed="0.45" length="5.00" nVehEntered="6"/>
    <interval begin="36800.00" end="36900.00" id="inductionLoop.N2" nVehContrib="4" flow="144.00" occupancy="69.91" speed="2.24" harmonicMeanSpeed="0.26" length="5.00" nVehEntered="4"/>
    <interval begin="36900.00" end="37000.00" id="inductionLoop.N2" nVehContrib="14" flow="504.00" occupancy="55.69" speed="6.46" harmonicMeanSpeed="1.13" length="5.00" nVehEntered="14"/>
    <interval begin="37000.00" end="37100.00" id="inductionLoop.N2" nVehContrib="9" flow="324.00" occupancy="75.20" speed="6.25" harmonicMeanSpeed="0.66" length="5.00" nVehEntered="9"/>
    <interval begin="37100.00" end="37200.00" id="inductionLoop.N2" nVehContrib="9" flow="324.00" occupancy="68.94" speed="5.44" harmonicMeanSpeed="0.95" length="5.00" nVehEntered="9"/>
    <interval begin="37200.00" end="37300.00" id="inductionLoop.N2" nVehContrib="9" flow="324.00" occupancy="65.97" speed="6.61" harmonicMeanSpeed="0.64" length="5.00" nVehEntered="9"/>
    <interval begin="37300.00" end="37400.00" id="inductionLoop.N2" nVehContrib="11" flow="396.00" occupancy="39.12" speed="5.12" harmonicMeanSpeed="0.71" length="5.00" nVehEntered="10"/>
    <interval begin="37400.00" end="37500.00" id="inductionLoop.N2" nVehContrib="11" flow="396.00" occupancy="15.21" speed="5.45" harmonicMeanSpeed="3.62" length="5.00" nVehEntered="11"/>
    <interval begin="37500.00" end="37600.00" id="inductionLoop.N2" nVehContrib="17" flow="612.00" occupancy="61.14" speed="7.97" harmonicMeanSpeed="1.39" length="5.00" nVehEntered="17"/>
    <interval begin="37600.00" end="37700.00" id="inductionLoop.N2" nVehContrib="11" flow="396.00" occupancy="15.90" speed="5.20" harmonicMeanSpeed="3.46" length="5.00" nVehEntered="11"/>
    <interval begin="37700.00" end="37800.00" id="inductionLoop.N2" nVehContrib="7" flow="252.00" occupancy="47.82" speed="7.52" harmonicMeanSpeed="6.68" length="5.00" nVehEntered="8"/>
    <interval begin="37800.00" end="37900.00" id="inductionLoop.N2" nVehContrib="10" flow="360.00" occupancy="9.93" speed="5.05" harmonicMeanSpeed="0.95" length="5.00" nVehEntered="9"/>
    <interval begin="37900.00" end="38000.00" id="inductionLoop.N2" nVehContrib="11" flow="396.00" occupancy="13.66" speed="6.92" harmonicMeanSpeed="4.08" length="5.00" nVehEntered="12"/>
    <interval begin="38000.00" end="38100.00" id="inductionLoop.N2" nVehContrib="12" flow="432.00" occupancy="60.64" speed="6.74" harmonicMeanSpeed="0.99" length="5.00" nVehEntered="11"/>
    <interval begin="38100.00" end="38200.00" id="inductionLoop.N2" nVehContrib="12" flow="432.00" occupancy="15.51" speed="4.90" harmonicMeanSpeed="3.87" length="5.00" nVehEntered="12"/>
    <interval begin="38200.00" end="38300.00" id="inductionLoop.N2" nVehContrib="15" flow="540.00" occupancy="14.73" speed="7.26" harmonicMeanSpeed="5.09" length="5.00" nVehEntered="15"/>
    <interval begin="38300.00" end="38400.00" id="inductionLoop.N2" nVehContrib="8" flow="288.00" occupancy="6.54" speed="6.93" harmonicMeanSpeed="6.12" length="5.00" nVehEntered="8"/>
    <interval begin="38400.00" end="38500.00" id="inductionLoop.N2" nVehContrib="6" flow="216.00" occupancy="6.53" speed="7.40" harmonicMeanSpeed="5.25" length="5.00" nVehEntered="7"/>
    <interval begin="38500.00" end="38600.00" id="inductionLoop.N2" nVehContrib="23" flow="828.00" occupancy="44.80" speed="8.32" harmonicMeanSpeed="6.43" length="5.00" nVehEntered="23"/>
    <interval begin="38600.00" end="38700.00" id="inductionLoop.N2" nVehContrib="7" flow="252.00" occupancy="12.75" speed="4.82" harmonicMeanSpeed="0.86" length="5.00" nVehEntered="6"/>
    <interval begin="38700.00" end="38800.00" id="inductionLoop.N2" nVehContrib="13" flow="468.00" occupancy="19.03" speed="6.99" harmonicMeanSpeed="3.42" length="5.00" nVehEntered="13"/>
    <interval begin="38800.00" end="38900.00" id="inductionLoop.N2" nVehContrib="13" flow="468.00" occupancy="69.35" speed="7.53" harmonicMeanSpeed="6.90" length="5.00" nVehEntered="14"/>
    <interval begin="38900.00" end="39000.00" id="inductionLoop.N2" nVehContrib="14" flow="504.00" occupancy="23.47" speed="7.13" harmonicMeanSpeed="0.84" length="5.00" nVehEntered="13"/>
    <interval begin="39000.00" end="39100.00" id="inductionLoop.N2" nVehContrib="16" flow="576.00" occupancy="18.57" speed="8.16" harmonicMeanSpeed="4.31" length="5.00" nVehEntered="16"/>
    <interval begin="39100.00" end="39200.00" id="inductionLoop.N2" nVehContrib="10" flow="360.00" occupancy="20.46" speed="6.21" harmonicMeanSpeed="2.44" length="5.00" nVehEntered="10"/>
    <interval begin="39200.00" end="39300.00" id="inductionLoop.N2" nVehContrib="13" flow="468.00" occupancy="14.49" speed="7.31" harmonicMeanSpeed="4.49" length="5.00" nVehEntered="13"/>
    <interval begin="39300.00" end="39400.00" id="inductionLoop.N2" nVehContrib="8" flow="288.00" occupancy="9.63" speed="5.38" harmonicMeanSpeed="4.15" length="5.00" nVehEntered="8"/>
    <interval begin="39400.00" end="39500.00" id="inductionLoop.N2" nVehContrib="13" flow="468.00" occupancy="38.77" speed="7.49" harmonicMeanSpeed="7.00" length="5.00" nVehEntered="14"/>
    <interval begin="39500.00" end="39600.00" id="inductionLoop.N2" nVehContrib="17" flow="612.00" occupancy="64.38" speed="7.49" harmonicMeanSpeed="0.91" length="5.00" nVehEntered="16"/>
    <interval begin="39600.00" end="39700.00" id="inductionLoop.N2" nVehContrib="11" flow="396.00" occupancy="8.57" speed="8.22" harmonicMeanSpeed="6.86" length="5.00" nVehEntered="12"/>
    <interval begin="39700.00" end="39800.00" id="inductionLoop.N2" nVehContrib="2" flow="72.00" occupancy="5.40" speed="2.26" harmonicMeanSpeed="1.68" length="5.00" nVehEntered="1"/>
    <interval begin="39800.00" end="39900.00" id="inductionLoop.N2" nVehContrib="12" flow="432.00" occupancy="23.49" speed="6.18" harmonicMeanSpeed="2.55" length="5.00" nVehEntered="12"/>
    <interval begin="39900.00" end="40000.00" id="inductionLoop.N2" nVehContrib="13" flow="468.00" occupancy="12.94" speed="7.25" harmonicMeanSpeed="5.04" length="5.00" nVehEntered="14"/>
    <interval begin="40000.00" end="40100.00" id="inductionLoop.N2" nVehContrib="1" flow="36.00" occupancy="3.65" speed="1.35" harmonicMeanSpeed="1.35" length="5.00" nVehEntered="0"/>
    <interval begin="40100.00" end="40200.00" id="inductionLoop.N2" nVehContrib="20" flow="720.00" occupancy="46.43" speed="6.15" harmonicMeanSpeed="2.15" length="5.00" nVehEntered="20"/>
    <interval begin="40200.00" end="40300.00" id="inductionLoop.N2" nVehContrib="7" flow="252.00" occupancy="6.32" speed="9.51" harmonicMeanSpeed="6.18" length="5.00" nVehEntered="8"/>
    <interval begin="40300.00" end="40400.00" id="inductionLoop.N2" nVehContrib="11" flow="396.00" occupancy="14.28" speed="6.51" harmonicMeanSpeed="3.68" length="5.00" nVehEntered="10"/>
    <interval begin="40400.00" end="40500.00" id="inductionLoop.N2" nVehContrib="12" flow="432.00" occupancy="23.90" speed="5.92" harmonicMeanSpeed="3.01" length="5.00" nVehEntered="13"/>
    <interval begin="40500.00" end="40600.00" id="inductionLoop.N2" nVehContrib="1" flow="36.00" occupancy="1.97" speed="2.54" harmonicMeanSpeed="2.54" length="5.00" nVehEntered="1"/>
    <interval begin="40600.00" end="40700.00" id="inductionLoop.N2" nVehContrib="22" flow="792.00" occupancy="63.82" speed="8.91" harmonicMeanSpeed="8.46" length="5.00" nVehEntered="23"/>
    <interval begin="40700.00" end="40800.00" id="inductionLoop.N2" nVehContrib="15" flow="540.00" occupancy="46.14" speed="8.28" harmonicMeanSpeed="1.24" length="5.00" nVehEntered="15"/>
    <interval begin="40800.00" end="40900.00" id="inductionLoop.N2" nVehContrib="12" flow="432.00" occupancy="11.59" speed="7.23" harmonicMeanSpeed="1.25" length="5.00" nVehEntered="11"/>
    <interval begin="40900.00" end="41000.00" id="inductionLoop.N2" nVehContrib="3" flow="108.00" occupancy="5.71" speed="3.31" harmonicMeanSpeed="3.18" length="5.00" nVehEntered="4"/>
    <interval begin="41000.00" end="41100.00" id="inductionLoop.N2" nVehContrib="7" flow="252.00" occupancy="42.24" speed="4.41" harmonicMeanSpeed="0.81" length="5.00" nVehEntered="6"/>
    <interval begin="41100.00" end="41200.00" id="inductionLoop.N2" nVehContrib="19" flow="684.00" occupancy="13.61" speed="9.11" harmonicMeanSpeed="6.98" length="5.00" nVehEntered="19"/>
    <interval begin="41200.00" end="41300.00" id="inductionLoop.N2" nVehContrib="2" flow="72.00" occupancy="9.73" speed="2.04" harmonicMeanSpeed="1.03" length="5.00" nVehEntered="2"/>
    <interval begin="41300.00" end="41400.00" id="inductionLoop.N2" nVehContrib="38" flow="1368.00" occupancy="24.83" speed="8.75" harmonicMeanSpeed="7.65" length="5.00" nVehEntered="38"/>
    <interval begin="41400.00" end="41500.00" id="inductionLoop.N2" nVehContrib="2" flow="72.00" occupancy="51.52" speed="3.83" harmonicMeanSpeed="0.19" length="5.00" nVehEntered="2"/>
    <interval begin="41500.00" end="41600.00" id="inductionLoop.N2" nVehContrib="14" flow="504.00" occupancy="9.00" speed="8.70" harmonicMeanSpeed="7.78" length="5.00" nVehEntered="14"/>
    <interval begin="41600.00" end="41700.00" id="inductionLoop.N2" nVehContrib="1" flow="36.00" occupancy="2.78" speed="1.80" harmonicMeanSpeed="1.80" length="5.00" nVehEntered="1"/>
    <interval begin="41700.00" end="41800.00" id="inductionLoop.N2" nVehContrib="10" flow="360.00" occupancy="12.25" speed="6.58" harmonicMeanSpeed="4.08" length="5.00" nVehEntered="10"/>
    <interval begin="41800.00" end="41900.00" id="inductionLoop.N2" nVehContrib="29" flow="1044.00" occupancy="26.29" speed="6.87" harmonicMeanSpeed="5.71" length="5.00" nVehEntered="30"/>
    <interval begin="41900.00" end="42000.00" id="inductionLoop.N2" nVehContrib="1" flow="36.00" occupancy="2.66" speed="1.41" harmonicMeanSpeed="1.41" length="5.00" nVehEntered="0"/>
    <interval begin="42000.00" end="42100.00" id="inductionLoop.N2" nVehContrib="18" flow="648.00" occupancy="19.45" speed="6.14" harmonicMeanSpeed="4.63" length="5.00" nVehEntered="18"/>
    <interval begin="42100.00" end="42200.00" id="inductionLoop.N2" nVehContrib="12" flow="432.00" occupancy="69.07" speed="5.28" harmonicMeanSpeed="0.87" length="5.00" nVehEntered="12"/>
    <interval begin="42200.00" end="42300.00" id="inductionLoop.N2" nVehContrib="9" flow="324.00" occupancy="6.10" speed="9.93" harmonicMeanSpeed="7.37" length="5.00" nVehEntered="9"/>
    <interval begin="42300.00" end="42400.00" id="inductionLoop.N2" nVehContrib="36" flow="1296.00" occupancy="26.49" speed="9.20" harmonicMeanSpeed="6.79" length="5.00" nVehEntered="36"/>
    <interval begin="42400.00" end="42500.00" id="inductionLoop.N2" nVehContrib="0" flow="0.00" occupancy="0.00" speed="-1.00" harmonicMeanSpeed="-1.00" length="-1.00" nVehEntered="0"/>
    <interval begin="42500.00" end="42600.00" id="inductionLoop.N2" nVehContrib="14" flow="504.00" occupancy="18.70" speed="7.21" harmonicMeanSpeed="3.74" length="5.00" nVehEntered="14"/>
    <interval begin="42600.00" end="42700.00" id="inductionLoop.N2" nVehContrib="12" flow="432.00" occupancy="11.10" speed="7.71" harmonicMeanSpeed="5.41" length="5.00" nVehEntered="12"/>
    <interval begin="42700.00" end="42800.00" id="inductionLoop.N2" nVehContrib="15" flow="540.00" occupancy="8.62" speed="10.21" harmonicMeanSpeed="8.70" length="5.00" nVehEntered="15"/>
    <interval begin="42800.00" end="42900.00" id="inductionLoop.N2" nVehContrib="19" flow="684.00" occupancy="54.86" speed="8.74" harmonicMeanSpeed="8.07" length="5.00" nVehEntered="20"/>
    <interval begin="42900.00" end="43000.00" id="inductionLoop.N2" nVehContrib="3" flow="108.00" occupancy="65.10" speed="0.66" harmonicMeanSpeed="0.14" length="5.00" nVehEntered="2"/>
    <interval begin="43000.00" end="43100.00" id="inductionLoop.N2" nVehContrib="10" flow="360.00" occupancy="64.58" speed="7.08" harmonicMeanSpeed="0.77" length="5.00" nVehEntered="10"/>
    <interval begin="43100.00" end="43200.00" id="inductionLoop.N2" nVehContrib="29" flow="1044.00" occupancy="19.43" speed="9.07" harmonicMeanSpeed="7.46" length="5.00" nVehEntered="29"/>
    <interval begin="43200.00" end="43300.00" id="inductionLoop.N2" nVehContrib="3" flow="108.00" occupancy="49.02" speed="2.80" harmonicMeanSpeed="1.54" length="5.00" nVehEntered="4"/>
    <interval begin="43300.00" end="43400.00" id="inductionLoop.N2" nVehContrib="1" flow="36.00" occupancy="55.14" speed="0.05" harmonicMeanSpeed="0.05" length="5.00" nVehEntered="0"/>
    <interval begin="43400.00" end="43500.00" id="inductionLoop.N2" nVehContrib="11" flow="396.00" occupancy="20.70" speed="5.16" harmonicMeanSpeed="3.99" length="5.00" nVehEntered="12"/>
    <interval begin="43500.00" end="43600.00" id="inductionLoop.N2" nVehContrib="23" flow="828.00" occupancy="17.30" speed="8.22" harmonicMeanSpeed="6.65" length="5.00" nVehEntered="23"/>
    <interval begin="43600.00" end="43700.00" id="inductionLoop.N2" nVehContrib="1" flow="36.00" occupancy="3.30" speed="1.52" harmonicMeanSpeed="1.52" length="5.00" nVehEntered="1"/>
    <interval begin="43700.00" end="43800.00" id="inductionLoop.N2" nVehContrib="34" flow="1224.00" occupancy="21.75" speed="10.84" harmonicMeanSpeed="7.82" length="5.00" nVehEntered="34"/>
    <interval begin="43800.00" end="43900.00" id="inductionLoop.N2" nVehContrib="13" flow="468.00" occupancy="28.75" speed="8.78" harmonicMeanSpeed="7.80" length="5.00" nVehEntered="14"/>
    <interval begin="43900.00" end="44000.00" id="inductionLoop.N2" nVehContrib="1" flow="36.00" occupancy="16.21" speed="0.14" harmonicMeanSpeed="0.14" length="5.00" nVehEntered="0"/>
    <interval begin="44000.00" end="44100.00" id="inductionLoop.N2" nVehContrib="22" flow="792.00" occupancy="17.83" speed="8.26" harmonicMeanSpeed="6.17" length="5.00" nVehEntered="22"/>
    <interval begin="44100.00" end="44200.00" id="inductionLoop.N2" nVehContrib="7" flow="252.00" occupancy="8.47" speed="5.75" harmonicMeanSpeed="4.13" length="5.00" nVehEntered="7"/>
    <interval begin="44200.00" end="44300.00" id="inductionLoop.N2" nVehContrib="13" flow="468.00" occupancy="64.66" speed="9.67" harmonicMeanSpeed="9.45" length="5.00" nVehEntered="14"/>
    <interval begin="44300.00" end="44400.00" id="inductionLoop.N2" nVehContrib="18" flow="648.00" occupancy="53.27" speed="9.73" harmonicMeanSpeed="1.05" length="5.00" nVehEntered="18"/>
    <interval begin="44400.00" end="44500.00" id="inductionLoop.N2" nVehContrib="0" flow="0.00" occupancy="100.00" speed="-1.00" harmonicMeanSpeed="-1.00" length="-1.00" nVehEntered="0"/>
    <interval begin="44500.00" end="44600.00" id="inductionLoop.N2" nVehContrib="16" flow="576.00" occupancy="22.66" speed="6.97" harmonicMeanSpeed="0.54" length="5.00" nVehEntered="15"/>
    <interval begin="44600.00" end="44700.00" id="inductionLoop.N2" nVehContrib="16" flow="576.00" occupancy="71.90" speed="9.12" harmonicMeanSpeed="6.86" length="5.00" nVehEntered="17"/>
    <interval begin="44700.00" end="44800.00" id="inductionLoop.N2" nVehContrib="21" flow="756.00" occupancy="58.51" speed="7.39" harmonicMeanSpeed="0.88" length="5.00" nVehEntered="22"/>
    <interval begin="44800.00" end="44900.00" id="inductionLoop.N2" nVehContrib="11" flow="396.00" occupancy="7.73" speed="9.81" harmonicMeanSpeed="7.10" length="5.00" nVehEntered="10"/>
    <interval begin="44900.00" end="45000.00" id="inductionLoop.N2" nVehContrib="0" flow="0.00" occupancy="0.00" speed="-1.00" harmonicMeanSpeed="-1.00" length="-1.00" nVehEntered="0"/>
    <interval begin="45000.00" end="45100.00" id="inductionLoop.N2" nVehContrib="4" flow="144.00" occupancy="89.05" speed="2.05" harmonicMeanSpeed="0.22" length="5.00" nVehEntered="4"/>
    <interval begin="45100.00" end="45200.00" id="inductionLoop.N2" nVehContrib="34" flow="1224.00" occupancy="21.48" speed="9.74" harmonicMeanSpeed="8.29" length="5.00" nVehEntered="35"/>
    <interval begin="45200.00" end="45300.00" id="inductionLoop.N2" nVehContrib="8" flow="288.00" occupancy="5.37" speed="8.87" harmonicMeanSpeed="7.44" length="5.00" nVehEntered="8"/>
    <interval begin="45300.00" end="45400.00" id="inductionLoop.N2" nVehContrib="6" flow="216.00" occupancy="4.34" speed="10.08" harmonicMeanSpeed="6.91" length="5.00" nVehEntered="6"/>
    <interval begin="45400.00" end="45500.00" id="inductionLoop.N2" nVehContrib="37" flow="1332.00" occupancy="24.43" speed="8.77" harmonicMeanSpeed="7.63" length="5.00" nVehEntered="38"/>
    <interval begin="45500.00" end="45600.00" id="inductionLoop.N2" nVehContrib="11" flow="396.00" occupancy="7.68" speed="10.03" harmonicMeanSpeed="6.99" length="5.00" nVehEntered="10"/>
    <interval begin="45600.00" end="45700.00" id="inductionLoop.N2" nVehContrib="11" flow="396.00" occupancy="16.69" speed="5.56" harmonicMeanSpeed="3.30" length="5.00" nVehEntered="11"/>
    <interval begin="45700.00" end="45800.00" id="inductionLoop.N2" nVehContrib="0" flow="0.00" occupancy="0.00" speed="-1.00" harmonicMeanSpeed="-1.00" length="-1.00" nVehEntered="0"/>
    <interval begin="45800.00" end="45900.00" id="inductionLoop.N2" nVehContrib="24" flow="864.00" occupancy="21.46" speed="8.22" harmonicMeanSpeed="5.59" length="5.00" nVehEntered="24"/>
    <interval begin="45900.00" end="46000.00" id="inductionLoop.N2" nVehContrib="7" flow="252.00" occupancy="65.43" speed="10.17" harmonicMeanSpeed="7.45" length="5.00" nVehEntered="8"/>
    <interval begin="46000.00" end="46100.00" id="inductionLoop.N2" nVehContrib="10" flow="360.00" occupancy="76.34" speed="4.27" harmonicMeanSpeed="0.42" length="5.00" nVehEntered="10"/>
    <interval begin="46100.00" end="46200.00" id="inductionLoop.N2" nVehContrib="19" flow="684.00" occupancy="12.19" speed="10.95" harmonicMeanSpeed="7.80" length="5.00" nVehEntered="19"/>
    <interval begin="46200.00" end="46300.00" id="inductionLoop.N2" nVehContrib="11" flow="396.00" occupancy="35.83" speed="7.08" harmonicMeanSpeed="3.47" length="5.00" nVehEntered="12"/>
    <interval begin="46300.00" end="46400.00" id="inductionLoop.N2" nVehContrib="1" flow="36.00" occupancy="77.83" speed="0.05" harmonicMeanSpeed="0.05" length="5.00" nVehEntered="0"/>
    <interval begin="46400.00" end="46500.00" id="inductionLoop.N2" nVehContrib="26" flow="936.00" occupancy="48.52" speed="9.99" harmonicMeanSpeed="2.68" length="5.00" nVehEntered="26"/>
    <interval begin="46500.00" end="46600.00" id="inductionLoop.N2" nVehContrib="17" flow="612.00" occupancy="22.05" speed="6.74" harmonicMeanSpeed="3.86" length="5.00" nVehEntered="17"/>
    <interval begin="46600.00" end="46700.00" id="inductionLoop.N2" nVehContrib="10" flow="360.00" occupancy="14.17" speed="6.12" harmonicMeanSpeed="3.53" length="5.00" nVehEntered="10"/>
    <interval begin="46700.00" end="46800.00" id="inductionLoop.N2" nVehContrib="13" flow="468.00" occupancy="46.67" speed="6.20" harmonicMeanSpeed="2.56" length="5.00" nVehEntered="14"/>
    <interval begin="46800.00" end="46900.00" id="inductionLoop.N2" nVehContrib="2" flow="72.00" occupancy="35.84" speed="0.92" harmonicMeanSpeed="0.18" length="5.00" nVehEntered="1"/>
    <interval begin="46900.00" end="47000.00" id="inductionLoop.N2" nVehContrib="12" flow="432.00" occupancy="55.10" speed="3.21" harmonicMeanSpeed="2.37" length="5.00" nVehEntered="14"/>
    <interval begin="47000.00" end="47100.00" id="inductionLoop.N2" nVehContrib="16" flow="576.00" occupancy="71.44" speed="8.79" harmonicMeanSpeed="0.84" length="5.00" nVehEntered="16"/>
    <interval begin="47100.00" end="47200.00" id="inductionLoop.N2" nVehContrib="25" flow="900.00" occupancy="21.50" speed="8.23" harmonicMeanSpeed="5.81" length="5.00" nVehEntered="25"/>
    <interval begin="47200.00" end="47300.00" id="inductionLoop.N2" nVehContrib="0" flow="0.00" occupancy="0.00" speed="-1.00" harmonicMeanSpeed="-1.00" length="-1.00" nVehEntered="0"/>
    <interval begin="47300.00" end="47400.00" id="inductionLoop.N2" nVehContrib="19" flow="684.00" occupancy="14.81" speed="9.66" harmonicMeanSpeed="6.41" length="5.00" nVehEntered="19"/>
    <interval begin="47400.00" end="47500.00" id="inductionLoop.N2" nVehContrib="1" flow="36.00" occupancy="5.05" speed="1.21" harmonicMeanSpeed="1.21" length="5.00" nVehEntered="2"/>
    <interval begin="47500.00" end="47600.00" id="inductionLoop.N2" nVehContrib="34" flow="1224.00" occupancy="23.27" speed="9.18" harmonicMeanSpeed="7.03" length="5.00" nVehEntered="33"/>
    <interval begin="47600.00" end="47700.00" id="inductionLoop.N2" nVehContrib="3" flow="108.00" occupancy="24.63" speed="2.93" harmonicMeanSpeed="0.61" length="5.00" nVehEntered="3"/>
    <interval begin="47700.00" end="47800.00" id="inductionLoop.N2" nVehContrib="4" flow="144.00" occupancy="53.26" speed="3.31" harmonicMeanSpeed="2.48" length="5.00" nVehEntered="5"/>
    <interval begin="47800.00" end="47900.00" id="inductionLoop.N2" nVehContrib="4" flow="144.00" occupancy="65.47" speed="4.04" harmonicMeanSpeed="0.18" length="5.00" nVehEntered="3"/>
    <interval begin="47900.00" end="48000.00" id="inductionLoop.N2" nVehContrib="34" flow="1224.00" occupancy="38.99" speed="6.87" harmonicMeanSpeed="4.42" length="5.00" nVehEntered="35"/>
    <interval begin="48000.00" end="48100.00" id="inductionLoop.N2" nVehContrib="16" flow="576.00" occupancy="12.67" speed="8.19" harmonicMeanSpeed="6.07" length="5.00" nVehEntered="15"/>
    <interval begin="48100.00" end="48200.00" id="inductionLoop.N2" nVehContrib="13" flow="468.00" occupancy="36.82" speed="5.77" harmonicMeanSpeed="1.77" length="5.00" nVehEntered="13"/>
    <interval begin="48200.00" end="48300.00" id="inductionLoop.N2" nVehContrib="8" flow="288.00" occupancy="84.60" speed="6.37" harmonicMeanSpeed="0.49" length="5.00" nVehEntered="9"/>
    <interval begin="48300.00" end="48400.00" id="inductionLoop.N2" nVehContrib="16" flow="576.00" occupancy="34.72" speed="7.79" harmonicMeanSpeed="2.15" length="5.00" nVehEntered="15"/>
    <interval begin="48400.00" end="48500.00" id="inductionLoop.N2" nVehContrib="5" flow="180.00" occupancy="90.67" speed="4.60" harmonicMeanSpeed="1.07" length="5.00" nVehEntered="6"/>
    <interval begin="48500.00" end="48600.00" id="inductionLoop.N2" nVehContrib="1" flow="36.00" occupancy="97.78" speed="0.03" harmonicMeanSpeed="0.03" length="5.00" nVehEntered="1"/>
    <interval begin="48600.00" end="48700.00" id="inductionLoop.N2" nVehContrib="30" flow="1080.00" occupancy="30.36" speed="7.93" harmonicMeanSpeed="3.12" length="5.00" nVehEntered="29"/>
    <interval begin="48700.00" end="48800.00" id="inductionLoop.N2" nVehContrib="0" flow="0.00" occupancy="0.00" speed="-1.00" harmonicMeanSpeed="-1.00" length="-1.00" nVehEntered="0"/>
    <interval begin="48800.00" end="48900.00" id="inductionLoop.N2" nVehContrib="20" flow="720.00" occupancy="20.93" speed="7.28" harmonicMeanSpeed="4.78" length="5.00" nVehEntered="20"/>
    <interval begin="48900.00" end="49000.00" id="inductionLoop.N2" nVehContrib="13" flow="468.00" occupancy="35.42" speed="7.36" harmonicMeanSpeed="5.28" length="5.00" nVehEntered="14"/>
    <interval begin="49000.00" end="49100.00" id="inductionLoop.N2" nVehContrib="7" flow="252.00" occupancy="87.15" speed="6.27" harmonicMeanSpeed="0.32" length="5.00" nVehEntered="6"/>
    <interval begin="49100.00" end="49200.00" id="inductionLoop.N2" nVehContrib="11" flow="396.00" occupancy="9.60" speed="7.84" harmonicMeanSpeed="5.81" length="5.00" nVehEntered="12"/>
    <interval begin="49200.00" end="49300.00" id="inductionLoop.N2" nVehContrib="17" flow="612.00" occupancy="15.75" speed="9.94" harmonicMeanSpeed="5.35" length="5.00" nVehEntered="16"/>
    <interval begin="49300.00" end="49400.00" id="inductionLoop.N2" nVehContrib="12" flow="432.00" occupancy="7.37" speed="9.25" harmonicMeanSpeed="8.15" length="5.00" nVehEntered="12"/>
    <interval begin="49400.00" end="49500.00" id="inductionLoop.N2" nVehContrib="30" flow="1080.00" occupancy="17.90" speed="9.92" harmonicMeanSpeed="8.38" length="5.00" nVehEntered="30"/>
    <interval begin="49500.00" end="49600.00" id="inductionLoop.N2" nVehContrib="13" flow="468.00" occupancy="11.61" speed="8.48" harmonicMeanSpeed="6.28" length="5.00" nVehEntered="14"/>
    <interval begin="49600.00" end="49700.00" id="inductionLoop.N2" nVehContrib="2" flow="72.00" occupancy="12.21" speed="0.97" harmonicMeanSpeed="0.74" length="5.00" nVehEntered="1"/>
    <interval begin="49700.00" end="49800.00" id="inductionLoop.N2" nVehContrib="16" flow="576.00" occupancy="12.74" speed="8.59" harmonicMeanSpeed="6.28" length="5.00" nVehEntered="16"/>
    <interval begin="49800.00" end="49900.00" id="inductionLoop.N2" nVehContrib="0" flow="0.00" occupancy="42.81" speed="-1.00" harmonicMeanSpeed="-1.00" length="-1.00" nVehEntered="1"/>
    <interval begin="49900.00" end="50000.00" id="inductionLoop.N2" nVehContrib="17" flow="612.00" occupancy="32.55" speed="8.68" harmonicMeanSpeed="1.13" length="5.00" nVehEntered="16"/>
    <interval begin="50000.00" end="50010.00" id="inductionLoop.N2" nVehContrib="2" flow="720.00" occupancy="26.58" speed="4.19" harmonicMeanSpeed="3.76" length="5.00" nVehEntered="2"/>
</detector>
