<?xml version="1.0" encoding="UTF-8"?>

<!-- generated on 2023-07-22 00:08:04 by Eclipse SUMO sumo Version 1.12.0
<configuration xmlns:xsi="http://www.w3.org/2001/XMLSchema-instance" xsi:noNamespaceSchemaLocation="http://sumo.dlr.de/xsd/sumoConfiguration.xsd">

    <input>
        <net-file value="Data0-9/intersection.net.xml"/>
        <route-files value="Data0-9/intersection.rou.xml"/>
        <additional-files value="Data0-9/intersection.det.xml"/>
    </input>

    <output>
        <tripinfo-output value="Data0-9/tripinfo.xml"/>
    </output>

    <time>
        <begin value="0"/>
    </time>

    <processing>
        <time-to-teleport value="-1"/>
        <waiting-time-memory value="60000"/>
    </processing>

    <report>
        <verbose value="true"/>
        <no-step-log value="true"/>
    </report>

    <emissions>
        <device.emissions.probability value="1"/>
    </emissions>

    <traci_server>
        <remote-port value="47633"/>
    </traci_server>

    <gui_only>
        <gui-settings-file value="Data0-9/intersection.settings.xml"/>
    </gui_only>

</configuration>
-->

<detector xmlns:xsi="http://www.w3.org/2001/XMLSchema-instance" xsi:noNamespaceSchemaLocation="http://sumo.dlr.de/xsd/det_e1_file.xsd">
    <interval begin="0.00" end="100.00" id="inductionLoop.E1" nVehContrib="4" flow="144.00" occupancy="9.23" speed="6.54" harmonicMeanSpeed="2.27" length="5.00" nVehEntered="5"/>
    <interval begin="100.00" end="200.00" id="inductionLoop.E1" nVehContrib="11" flow="396.00" occupancy="46.38" speed="7.94" harmonicMeanSpeed="2.01" length="5.00" nVehEntered="13"/>
    <interval begin="200.00" end="300.00" id="inductionLoop.E1" nVehContrib="13" flow="468.00" occupancy="30.23" speed="7.84" harmonicMeanSpeed="1.73" length="5.00" nVehEntered="16"/>
    <interval begin="300.00" end="400.00" id="inductionLoop.E1" nVehContrib="11" flow="396.00" occupancy="45.46" speed="6.05" harmonicMeanSpeed="1.02" length="5.00" nVehEntered="12"/>
    <interval begin="400.00" end="500.00" id="inductionLoop.E1" nVehContrib="9" flow="324.00" occupancy="43.55" speed="5.80" harmonicMeanSpeed="1.06" length="5.00" nVehEntered="10"/>
    <interval begin="500.00" end="600.00" id="inductionLoop.E1" nVehContrib="11" flow="396.00" occupancy="65.61" speed="6.16" harmonicMeanSpeed="0.82" length="5.00" nVehEntered="10"/>
    <interval begin="600.00" end="700.00" id="inductionLoop.E1" nVehContrib="16" flow="576.00" occupancy="38.94" speed="7.03" harmonicMeanSpeed="2.33" length="5.00" nVehEntered="19"/>
    <interval begin="700.00" end="800.00" id="inductionLoop.E1" nVehContrib="7" flow="252.00" occupancy="85.20" speed="4.08" harmonicMeanSpeed="0.51" length="5.00" nVehEntered="7"/>
    <interval begin="800.00" end="900.00" id="inductionLoop.E1" nVehContrib="13" flow="468.00" occupancy="77.53" speed="6.61" harmonicMeanSpeed="0.72" length="5.00" nVehEntered="13"/>
    <interval begin="900.00" end="1000.00" id="inductionLoop.E1" nVehContrib="11" flow="396.00" occupancy="71.66" speed="8.03" harmonicMeanSpeed="1.27" length="5.00" nVehEntered="12"/>
    <interval begin="1000.00" end="1100.00" id="inductionLoop.E1" nVehContrib="14" flow="504.00" occupancy="73.82" speed="6.14" harmonicMeanSpeed="0.80" length="5.00" nVehEntered="14"/>
    <interval begin="1100.00" end="1200.00" id="inductionLoop.E1" nVehContrib="11" flow="396.00" occupancy="75.11" speed="5.27" harmonicMeanSpeed="0.59" length="5.00" nVehEntered="11"/>
    <interval begin="1200.00" end="1300.00" id="inductionLoop.E1" nVehContrib="13" flow="468.00" occupancy="28.01" speed="7.43" harmonicMeanSpeed="2.32" length="5.00" nVehEntered="13"/>
    <interval begin="1300.00" end="1400.00" id="inductionLoop.E1" nVehContrib="11" flow="396.00" occupancy="7.51" speed="10.01" harmonicMeanSpeed="8.64" length="5.00" nVehEntered="15"/>
    <interval begin="1400.00" end="1500.00" id="inductionLoop.E1" nVehContrib="12" flow="432.00" occupancy="43.76" speed="6.49" harmonicMeanSpeed="1.39" length="5.00" nVehEntered="13"/>
    <interval begin="1500.00" end="1600.00" id="inductionLoop.E1" nVehContrib="10" flow="360.00" occupancy="26.32" speed="8.46" harmonicMeanSpeed="2.19" length="5.00" nVehEntered="13"/>
    <interval begin="1600.00" end="1700.00" id="inductionLoop.E1" nVehContrib="11" flow="396.00" occupancy="8.74" speed="9.03" harmonicMeanSpeed="6.62" length="5.00" nVehEntered="12"/>
    <interval begin="1700.00" end="1800.00" id="inductionLoop.E1" nVehContrib="12" flow="432.00" occupancy="31.47" speed="6.50" harmonicMeanSpeed="2.28" length="5.00" nVehEntered="15"/>
    <interval begin="1800.00" end="1900.00" id="inductionLoop.E1" nVehContrib="13" flow="468.00" occupancy="43.30" speed="7.22" harmonicMeanSpeed="1.52" length="5.00" nVehEntered="15"/>
    <interval begin="1900.00" end="2000.00" id="inductionLoop.E1" nVehContrib="12" flow="432.00" occupancy="64.99" speed="6.07" harmonicMeanSpeed="1.00" length="5.00" nVehEntered="14"/>
    <interval begin="2000.00" end="2100.00" id="inductionLoop.E1" nVehContrib="12" flow="432.00" occupancy="42.91" speed="6.91" harmonicMeanSpeed="1.28" length="5.00" nVehEntered="12"/>
    <interval begin="2100.00" end="2200.00" id="inductionLoop.E1" nVehContrib="6" flow="216.00" occupancy="79.71" speed="3.71" harmonicMeanSpeed="0.66" length="5.00" nVehEntered="8"/>
    <interval begin="2200.00" end="2300.00" id="inductionLoop.E1" nVehContrib="14" flow="504.00" occupancy="60.15" speed="5.01" harmonicMeanSpeed="0.76" length="5.00" nVehEntered="15"/>
    <interval begin="2300.00" end="2400.00" id="inductionLoop.E1" nVehContrib="16" flow="576.00" occupancy="29.35" speed="8.72" harmonicMeanSpeed="2.66" length="5.00" nVehEntered="16"/>
    <interval begin="2400.00" end="2500.00" id="inductionLoop.E1" nVehContrib="12" flow="432.00" occupancy="40.06" speed="7.61" harmonicMeanSpeed="1.56" length="5.00" nVehEntered="15"/>
    <interval begin="2500.00" end="2600.00" id="inductionLoop.E1" nVehContrib="12" flow="432.00" occupancy="31.34" speed="7.41" harmonicMeanSpeed="1.91" length="5.00" nVehEntered="12"/>
    <interval begin="2600.00" end="2700.00" id="inductionLoop.E1" nVehContrib="6" flow="216.00" occupancy="25.68" speed="4.33" harmonicMeanSpeed="1.20" length="5.00" nVehEntered="9"/>
    <interval begin="2700.00" end="2800.00" id="inductionLoop.E1" nVehContrib="10" flow="360.00" occupancy="33.70" speed="6.28" harmonicMeanSpeed="1.87" length="5.00" nVehEntered="15"/>
    <interval begin="2800.00" end="2900.00" id="inductionLoop.E1" nVehContrib="10" flow="360.00" occupancy="28.01" speed="7.88" harmonicMeanSpeed="1.57" length="5.00" nVehEntered="10"/>
    <interval begin="2900.00" end="3000.00" id="inductionLoop.E1" nVehContrib="10" flow="360.00" occupancy="16.29" speed="8.97" harmonicMeanSpeed="3.07" length="5.00" nVehEntered="10"/>
    <interval begin="3000.00" end="3100.00" id="inductionLoop.E1" nVehContrib="10" flow="360.00" occupancy="60.58" speed="5.68" harmonicMeanSpeed="0.83" length="5.00" nVehEntered="12"/>
    <interval begin="3100.00" end="3200.00" id="inductionLoop.E1" nVehContrib="13" flow="468.00" occupancy="13.95" speed="9.45" harmonicMeanSpeed="5.37" length="5.00" nVehEntered="16"/>
    <interval begin="3200.00" end="3300.00" id="inductionLoop.E1" nVehContrib="11" flow="396.00" occupancy="25.44" speed="7.08" harmonicMeanSpeed="2.14" length="5.00" nVehEntered="12"/>
    <interval begin="3300.00" end="3400.00" id="inductionLoop.E1" nVehContrib="12" flow="432.00" occupancy="42.42" speed="5.88" harmonicMeanSpeed="1.43" length="5.00" nVehEntered="13"/>
    <interval begin="3400.00" end="3500.00" id="inductionLoop.E1" nVehContrib="11" flow="396.00" occupancy="15.99" speed="10.44" harmonicMeanSpeed="3.49" length="5.00" nVehEntered="12"/>
    <interval begin="3500.00" end="3600.00" id="inductionLoop.E1" nVehContrib="13" flow="468.00" occupancy="20.99" speed="8.61" harmonicMeanSpeed="3.45" length="5.00" nVehEntered="17"/>
    <interval begin="3600.00" end="3700.00" id="inductionLoop.E1" nVehContrib="12" flow="432.00" occupancy="34.33" speed="6.17" harmonicMeanSpeed="1.76" length="5.00" nVehEntered="12"/>
    <interval begin="3700.00" end="3800.00" id="inductionLoop.E1" nVehContrib="6" flow="216.00" occupancy="16.57" speed="7.23" harmonicMeanSpeed="1.95" length="5.00" nVehEntered="8"/>
    <interval begin="3800.00" end="3900.00" id="inductionLoop.E1" nVehContrib="13" flow="468.00" occupancy="17.29" speed="7.27" harmonicMeanSpeed="4.16" length="5.00" nVehEntered="18"/>
    <interval begin="3900.00" end="4000.00" id="inductionLoop.E1" nVehContrib="13" flow="468.00" occupancy="25.13" speed="8.10" harmonicMeanSpeed="2.65" length="5.00" nVehEntered="15"/>
    <interval begin="4000.00" end="4100.00" id="inductionLoop.E1" nVehContrib="9" flow="324.00" occupancy="28.63" speed="6.74" harmonicMeanSpeed="1.80" length="5.00" nVehEntered="14"/>
    <interval begin="4100.00" end="4200.00" id="inductionLoop.E1" nVehContrib="12" flow="432.00" occupancy="42.27" speed="7.47" harmonicMeanSpeed="1.96" length="5.00" nVehEntered="15"/>
    <interval begin="4200.00" end="4300.00" id="inductionLoop.E1" nVehContrib="10" flow="360.00" occupancy="17.40" speed="8.53" harmonicMeanSpeed="1.87" length="5.00" nVehEntered="11"/>
    <interval begin="4300.00" end="4400.00" id="inductionLoop.E1" nVehContrib="7" flow="252.00" occupancy="7.11" speed="7.12" harmonicMeanSpeed="5.56" length="5.00" nVehEntered="11"/>
    <interval begin="4400.00" end="4500.00" id="inductionLoop.E1" nVehContrib="8" flow="288.00" occupancy="6.80" speed="8.34" harmonicMeanSpeed="6.22" length="5.00" nVehEntered="10"/>
    <interval begin="4500.00" end="4600.00" id="inductionLoop.E1" nVehContrib="9" flow="324.00" occupancy="6.22" speed="9.19" harmonicMeanSpeed="7.61" length="5.00" nVehEntered="11"/>
    <interval begin="4600.00" end="4700.00" id="inductionLoop.E1" nVehContrib="7" flow="252.00" occupancy="15.92" speed="7.81" harmonicMeanSpeed="5.64" length="5.00" nVehEntered="10"/>
    <interval begin="4700.00" end="4800.00" id="inductionLoop.E1" nVehContrib="11" flow="396.00" occupancy="13.02" speed="7.20" harmonicMeanSpeed="2.47" length="5.00" nVehEntered="11"/>
    <interval begin="4800.00" end="4900.00" id="inductionLoop.E1" nVehContrib="7" flow="252.00" occupancy="17.70" speed="6.09" harmonicMeanSpeed="2.13" length="5.00" nVehEntered="10"/>
    <interval begin="4900.00" end="5000.00" id="inductionLoop.E1" nVehContrib="8" flow="288.00" occupancy="9.98" speed="8.35" harmonicMeanSpeed="4.45" length="5.00" nVehEntered="9"/>
    <interval begin="5000.00" end="5100.00" id="inductionLoop.E1" nVehContrib="8" flow="288.00" occupancy="6.18" speed="7.95" harmonicMeanSpeed="6.34" length="5.00" nVehEntered="8"/>
    <interval begin="5100.00" end="5200.00" id="inductionLoop.E1" nVehContrib="8" flow="288.00" occupancy="16.24" speed="8.45" harmonicMeanSpeed="3.07" length="5.00" nVehEntered="11"/>
    <interval begin="5200.00" end="5300.00" id="inductionLoop.E1" nVehContrib="10" flow="360.00" occupancy="9.62" speed="7.27" harmonicMeanSpeed="5.71" length="5.00" nVehEntered="13"/>
    <interval begin="5300.00" end="5400.00" id="inductionLoop.E1" nVehContrib="9" flow="324.00" occupancy="24.32" speed="6.66" harmonicMeanSpeed="1.89" length="5.00" nVehEntered="11"/>
    <interval begin="5400.00" end="5500.00" id="inductionLoop.E1" nVehContrib="6" flow="216.00" occupancy="4.75" speed="9.92" harmonicMeanSpeed="8.09" length="5.00" nVehEntered="9"/>
    <interval begin="5500.00" end="5600.00" id="inductionLoop.E1" nVehContrib="6" flow="216.00" occupancy="10.00" speed="7.15" harmonicMeanSpeed="3.17" length="5.00" nVehEntered="8"/>
    <interval begin="5600.00" end="5700.00" id="inductionLoop.E1" nVehContrib="10" flow="360.00" occupancy="10.72" speed="7.44" harmonicMeanSpeed="5.47" length="5.00" nVehEntered="12"/>
    <interval begin="5700.00" end="5800.00" id="inductionLoop.E1" nVehContrib="9" flow="324.00" occupancy="8.99" speed="7.43" harmonicMeanSpeed="5.66" length="5.00" nVehEntered="11"/>
    <interval begin="5800.00" end="5900.00" id="inductionLoop.E1" nVehContrib="12" flow="432.00" occupancy="6.59" speed="10.58" harmonicMeanSpeed="9.30" length="5.00" nVehEntered="13"/>
    <interval begin="5900.00" end="6000.00" id="inductionLoop.E1" nVehContrib="5" flow="180.00" occupancy="4.80" speed="6.50" harmonicMeanSpeed="5.33" length="5.00" nVehEntered="6"/>
    <interval begin="6000.00" end="6100.00" id="inductionLoop.E1" nVehContrib="10" flow="360.00" occupancy="6.53" speed="8.87" harmonicMeanSpeed="7.65" length="5.00" nVehEntered="10"/>
    <interval begin="6100.00" end="6200.00" id="inductionLoop.E1" nVehContrib="6" flow="216.00" occupancy="21.72" speed="5.61" harmonicMeanSpeed="1.38" length="5.00" nVehEntered="6"/>
    <interval begin="6200.00" end="6300.00" id="inductionLoop.E1" nVehContrib="13" flow="468.00" occupancy="9.64" speed="9.63" harmonicMeanSpeed="7.54" length="5.00" nVehEntered="15"/>
    <interval begin="6300.00" end="6400.00" id="inductionLoop.E1" nVehContrib="13" flow="468.00" occupancy="9.83" speed="9.13" harmonicMeanSpeed="6.92" length="5.00" nVehEntered="15"/>
    <interval begin="6400.00" end="6500.00" id="inductionLoop.E1" nVehContrib="5" flow="180.00" occupancy="2.16" speed="12.44" harmonicMeanSpeed="11.86" length="5.00" nVehEntered="6"/>
    <interval begin="6500.00" end="6600.00" id="inductionLoop.E1" nVehContrib="5" flow="180.00" occupancy="4.10" speed="8.74" harmonicMeanSpeed="6.10" length="5.00" nVehEntered="5"/>
    <interval begin="6600.00" end="6700.00" id="inductionLoop.E1" nVehContrib="6" flow="216.00" occupancy="4.40" speed="8.49" harmonicMeanSpeed="6.82" length="5.00" nVehEntered="6"/>
    <interval begin="6700.00" end="6800.00" id="inductionLoop.E1" nVehContrib="12" flow="432.00" occupancy="11.05" speed="7.84" harmonicMeanSpeed="5.91" length="5.00" nVehEntered="14"/>
    <interval begin="6800.00" end="6900.00" id="inductionLoop.E1" nVehContrib="5" flow="180.00" occupancy="20.26" speed="5.09" harmonicMeanSpeed="1.60" length="5.00" nVehEntered="9"/>
    <interval begin="6900.00" end="7000.00" id="inductionLoop.E1" nVehContrib="8" flow="288.00" occupancy="5.64" speed="10.19" harmonicMeanSpeed="7.97" length="5.00" nVehEntered="11"/>
    <interval begin="7000.00" end="7100.00" id="inductionLoop.E1" nVehContrib="9" flow="324.00" occupancy="6.68" speed="8.90" harmonicMeanSpeed="6.90" length="5.00" nVehEntered="10"/>
    <interval begin="7100.00" end="7200.00" id="inductionLoop.E1" nVehContrib="5" flow="180.00" occupancy="2.75" speed="10.35" harmonicMeanSpeed="9.10" length="5.00" nVehEntered="5"/>
    <interval begin="7200.00" end="7300.00" id="inductionLoop.E1" nVehContrib="7" flow="252.00" occupancy="5.04" speed="8.43" harmonicMeanSpeed="6.95" length="5.00" nVehEntered="7"/>
    <interval begin="7300.00" end="7400.00" id="inductionLoop.E1" nVehContrib="9" flow="324.00" occupancy="4.43" speed="11.64" harmonicMeanSpeed="11.25" length="5.00" nVehEntered="11"/>
    <interval begin="7400.00" end="7500.00" id="inductionLoop.E1" nVehContrib="9" flow="324.00" occupancy="3.95" speed="12.51" harmonicMeanSpeed="12.14" length="5.00" nVehEntered="10"/>
    <interval begin="7500.00" end="7600.00" id="inductionLoop.E1" nVehContrib="6" flow="216.00" occupancy="6.67" speed="7.58" harmonicMeanSpeed="5.74" length="5.00" nVehEntered="9"/>
    <interval begin="7600.00" end="7700.00" id="inductionLoop.E1" nVehContrib="6" flow="216.00" occupancy="4.78" speed="8.42" harmonicMeanSpeed="6.28" length="5.00" nVehEntered="6"/>
    <interval begin="7700.00" end="7800.00" id="inductionLoop.E1" nVehContrib="5" flow="180.00" occupancy="4.39" speed="7.90" harmonicMeanSpeed="6.16" length="5.00" nVehEntered="6"/>
    <interval begin="7800.00" end="7900.00" id="inductionLoop.E1" nVehContrib="4" flow="144.00" occupancy="2.39" speed="11.81" harmonicMeanSpeed="9.64" length="5.00" nVehEntered="6"/>
    <interval begin="7900.00" end="8000.00" id="inductionLoop.E1" nVehContrib="6" flow="216.00" occupancy="4.97" speed="8.06" harmonicMeanSpeed="6.42" length="5.00" nVehEntered="7"/>
    <interval begin="8000.00" end="8100.00" id="inductionLoop.E1" nVehContrib="9" flow="324.00" occupancy="4.86" speed="11.02" harmonicMeanSpeed="9.25" length="5.00" nVehEntered="9"/>
    <interval begin="8100.00" end="8200.00" id="inductionLoop.E1" nVehContrib="9" flow="324.00" occupancy="7.36" speed="8.93" harmonicMeanSpeed="7.10" length="5.00" nVehEntered="13"/>
    <interval begin="8200.00" end="8300.00" id="inductionLoop.E1" nVehContrib="9" flow="324.00" occupancy="4.66" speed="11.07" harmonicMeanSpeed="10.08" length="5.00" nVehEntered="10"/>
    <interval begin="8300.00" end="8400.00" id="inductionLoop.E1" nVehContrib="10" flow="360.00" occupancy="7.87" speed="8.97" harmonicMeanSpeed="6.35" length="5.00" nVehEntered="10"/>
    <interval begin="8400.00" end="8500.00" id="inductionLoop.E1" nVehContrib="9" flow="324.00" occupancy="6.06" speed="10.16" harmonicMeanSpeed="7.43" length="5.00" nVehEntered="9"/>
    <interval begin="8500.00" end="8600.00" id="inductionLoop.E1" nVehContrib="6" flow="216.00" occupancy="4.23" speed="9.32" harmonicMeanSpeed="7.09" length="5.00" nVehEntered="6"/>
    <interval begin="8600.00" end="8700.00" id="inductionLoop.E1" nVehContrib="5" flow="180.00" occupancy="3.85" speed="8.42" harmonicMeanSpeed="7.26" length="5.00" nVehEntered="7"/>
    <interval begin="8700.00" end="8800.00" id="inductionLoop.E1" nVehContrib="5" flow="180.00" occupancy="4.30" speed="7.68" harmonicMeanSpeed="5.81" length="5.00" nVehEntered="5"/>
    <interval begin="8800.00" end="8900.00" id="inductionLoop.E1" nVehContrib="4" flow="144.00" occupancy="3.39" speed="8.58" harmonicMeanSpeed="5.89" length="5.00" nVehEntered="4"/>
    <interval begin="8900.00" end="9000.00" id="inductionLoop.E1" nVehContrib="11" flow="396.00" occupancy="9.91" speed="7.54" harmonicMeanSpeed="5.55" length="5.00" nVehEntered="11"/>
    <interval begin="9000.00" end="9100.00" id="inductionLoop.E1" nVehContrib="8" flow="288.00" occupancy="6.32" speed="8.43" harmonicMeanSpeed="6.33" length="5.00" nVehEntered="8"/>
    <interval begin="9100.00" end="9200.00" id="inductionLoop.E1" nVehContrib="4" flow="144.00" occupancy="2.29" speed="11.52" harmonicMeanSpeed="8.73" length="5.00" nVehEntered="4"/>
    <interval begin="9200.00" end="9300.00" id="inductionLoop.E1" nVehContrib="9" flow="324.00" occupancy="6.43" speed="9.30" harmonicMeanSpeed="7.00" length="5.00" nVehEntered="9"/>
    <interval begin="9300.00" end="9400.00" id="inductionLoop.E1" nVehContrib="9" flow="324.00" occupancy="6.70" speed="9.20" harmonicMeanSpeed="6.71" length="5.00" nVehEntered="9"/>
    <interval begin="9400.00" end="9500.00" id="inductionLoop.E1" nVehContrib="8" flow="288.00" occupancy="3.47" speed="12.06" harmonicMeanSpeed="11.53" length="5.00" nVehEntered="8"/>
    <interval begin="9500.00" end="9600.00" id="inductionLoop.E1" nVehContrib="8" flow="288.00" occupancy="6.29" speed="8.53" harmonicMeanSpeed="6.59" length="5.00" nVehEntered="9"/>
    <interval begin="9600.00" end="9700.00" id="inductionLoop.E1" nVehContrib="8" flow="288.00" occupancy="7.68" speed="8.89" harmonicMeanSpeed="6.29" length="5.00" nVehEntered="10"/>
    <interval begin="9700.00" end="9800.00" id="inductionLoop.E1" nVehContrib="4" flow="144.00" occupancy="1.95" speed="8.10" harmonicMeanSpeed="6.77" length="5.00" nVehEntered="3"/>
    <interval begin="9800.00" end="9900.00" id="inductionLoop.E1" nVehContrib="3" flow="108.00" occupancy="1.44" speed="13.59" harmonicMeanSpeed="13.57" length="5.00" nVehEntered="4"/>
    <interval begin="9900.00" end="10000.00" id="inductionLoop.E1" nVehContrib="6" flow="216.00" occupancy="3.80" speed="11.13" harmonicMeanSpeed="8.56" length="5.00" nVehEntered="7"/>
    <interval begin="10000.00" end="10100.00" id="inductionLoop.E1" nVehContrib="13" flow="468.00" occupancy="10.17" speed="8.76" harmonicMeanSpeed="7.13" length="5.00" nVehEntered="16"/>
    <interval begin="10100.00" end="10200.00" id="inductionLoop.E1" nVehContrib="6" flow="216.00" occupancy="5.83" speed="7.12" harmonicMeanSpeed="5.15" length="5.00" nVehEntered="6"/>
    <interval begin="10200.00" end="10300.00" id="inductionLoop.E1" nVehContrib="9" flow="324.00" occupancy="6.03" speed="10.18" harmonicMeanSpeed="8.37" length="5.00" nVehEntered="11"/>
    <interval begin="10300.00" end="10400.00" id="inductionLoop.E1" nVehContrib="10" flow="360.00" occupancy="10.04" speed="8.36" harmonicMeanSpeed="6.54" length="5.00" nVehEntered="10"/>
    <interval begin="10400.00" end="10500.00" id="inductionLoop.E1" nVehContrib="12" flow="432.00" occupancy="14.45" speed="8.53" harmonicMeanSpeed="4.36" length="5.00" nVehEntered="15"/>
    <interval begin="10500.00" end="10600.00" id="inductionLoop.E1" nVehContrib="3" flow="108.00" occupancy="1.05" speed="14.33" harmonicMeanSpeed="14.32" length="5.00" nVehEntered="3"/>
    <interval begin="10600.00" end="10700.00" id="inductionLoop.E1" nVehContrib="8" flow="288.00" occupancy="4.34" speed="11.22" harmonicMeanSpeed="10.70" length="5.00" nVehEntered="10"/>
    <interval begin="10700.00" end="10800.00" id="inductionLoop.E1" nVehContrib="7" flow="252.00" occupancy="7.42" speed="8.86" harmonicMeanSpeed="6.53" length="5.00" nVehEntered="11"/>
    <interval begin="10800.00" end="10900.00" id="inductionLoop.E1" nVehContrib="9" flow="324.00" occupancy="5.78" speed="8.94" harmonicMeanSpeed="6.98" length="5.00" nVehEntered="9"/>
    <interval begin="10900.00" end="11000.00" id="inductionLoop.E1" nVehContrib="10" flow="360.00" occupancy="10.86" speed="7.16" harmonicMeanSpeed="5.10" length="5.00" nVehEntered="12"/>
    <interval begin="11000.00" end="11100.00" id="inductionLoop.E1" nVehContrib="6" flow="216.00" occupancy="4.52" speed="8.98" harmonicMeanSpeed="7.51" length="5.00" nVehEntered="7"/>
    <interval begin="11100.00" end="11200.00" id="inductionLoop.E1" nVehContrib="7" flow="252.00" occupancy="4.75" speed="10.00" harmonicMeanSpeed="8.01" length="5.00" nVehEntered="8"/>
    <interval begin="11200.00" end="11300.00" id="inductionLoop.E1" nVehContrib="4" flow="144.00" occupancy="3.77" speed="7.69" harmonicMeanSpeed="6.19" length="5.00" nVehEntered="6"/>
    <interval begin="11300.00" end="11400.00" id="inductionLoop.E1" nVehContrib="5" flow="180.00" occupancy="2.73" speed="9.71" harmonicMeanSpeed="8.16" length="5.00" nVehEntered="4"/>
    <interval begin="11400.00" end="11500.00" id="inductionLoop.E1" nVehContrib="3" flow="108.00" occupancy="1.20" speed="12.67" harmonicMeanSpeed="12.45" length="5.00" nVehEntered="3"/>
    <interval begin="11500.00" end="11600.00" id="inductionLoop.E1" nVehContrib="6" flow="216.00" occupancy="3.98" speed="10.29" harmonicMeanSpeed="7.64" length="5.00" nVehEntered="7"/>
    <interval begin="11600.00" end="11700.00" id="inductionLoop.E1" nVehContrib="7" flow="252.00" occupancy="5.08" speed="10.65" harmonicMeanSpeed="8.50" length="5.00" nVehEntered="9"/>
    <interval begin="11700.00" end="11800.00" id="inductionLoop.E1" nVehContrib="7" flow="252.00" occupancy="3.92" speed="11.63" harmonicMeanSpeed="8.93" length="5.00" nVehEntered="7"/>
    <interval begin="11800.00" end="11900.00" id="inductionLoop.E1" nVehContrib="10" flow="360.00" occupancy="8.98" speed="8.23" harmonicMeanSpeed="5.57" length="5.00" nVehEntered="10"/>
    <interval begin="11900.00" end="12000.00" id="inductionLoop.E1" nVehContrib="7" flow="252.00" occupancy="5.11" speed="9.42" harmonicMeanSpeed="7.20" length="5.00" nVehEntered="9"/>
    <interval begin="12000.00" end="12100.00" id="inductionLoop.E1" nVehContrib="4" flow="144.00" occupancy="2.89" speed="8.35" harmonicMeanSpeed="6.91" length="5.00" nVehEntered="4"/>
    <interval begin="12100.00" end="12200.00" id="inductionLoop.E1" nVehContrib="9" flow="324.00" occupancy="6.24" speed="9.31" harmonicMeanSpeed="7.34" length="5.00" nVehEntered="10"/>
    <interval begin="12200.00" end="12300.00" id="inductionLoop.E1" nVehContrib="8" flow="288.00" occupancy="5.49" speed="9.76" harmonicMeanSpeed="8.26" length="5.00" nVehEntered="10"/>
    <interval begin="12300.00" end="12400.00" id="inductionLoop.E1" nVehContrib="8" flow="288.00" occupancy="6.56" speed="8.84" harmonicMeanSpeed="6.10" length="5.00" nVehEntered="8"/>
    <interval begin="12400.00" end="12500.00" id="inductionLoop.E1" nVehContrib="7" flow="252.00" occupancy="3.77" speed="12.35" harmonicMeanSpeed="10.72" length="5.00" nVehEntered="8"/>
    <interval begin="12500.00" end="12600.00" id="inductionLoop.E1" nVehContrib="6" flow="216.00" occupancy="6.84" speed="8.35" harmonicMeanSpeed="7.08" length="5.00" nVehEntered="9"/>
    <interval begin="12600.00" end="12700.00" id="inductionLoop.E1" nVehContrib="7" flow="252.00" occupancy="14.58" speed="8.43" harmonicMeanSpeed="2.70" length="5.00" nVehEntered="10"/>
    <interval begin="12700.00" end="12800.00" id="inductionLoop.E1" nVehContrib="11" flow="396.00" occupancy="6.86" speed="11.29" harmonicMeanSpeed="9.28" length="5.00" nVehEntered="14"/>
    <interval begin="12800.00" end="12900.00" id="inductionLoop.E1" nVehContrib="9" flow="324.00" occupancy="7.35" speed="8.36" harmonicMeanSpeed="6.81" length="5.00" nVehEntered="10"/>
    <interval begin="12900.00" end="13000.00" id="inductionLoop.E1" nVehContrib="8" flow="288.00" occupancy="4.44" speed="10.56" harmonicMeanSpeed="9.01" length="5.00" nVehEntered="8"/>
    <interval begin="13000.00" end="13100.00" id="inductionLoop.E1" nVehContrib="10" flow="360.00" occupancy="6.42" speed="9.56" harmonicMeanSpeed="7.78" length="5.00" nVehEntered="10"/>
    <interval begin="13100.00" end="13200.00" id="inductionLoop.E1" nVehContrib="12" flow="432.00" occupancy="19.59" speed="9.36" harmonicMeanSpeed="3.06" length="5.00" nVehEntered="12"/>
    <interval begin="13200.00" end="13300.00" id="inductionLoop.E1" nVehContrib="9" flow="324.00" occupancy="6.58" speed="9.67" harmonicMeanSpeed="6.84" length="5.00" nVehEntered="9"/>
    <interval begin="13300.00" end="13400.00" id="inductionLoop.E1" nVehContrib="9" flow="324.00" occupancy="5.54" speed="10.07" harmonicMeanSpeed="8.28" length="5.00" nVehEntered="10"/>
    <interval begin="13400.00" end="13500.00" id="inductionLoop.E1" nVehContrib="9" flow="324.00" occupancy="5.80" speed="10.50" harmonicMeanSpeed="9.22" length="5.00" nVehEntered="11"/>
    <interval begin="13500.00" end="13600.00" id="inductionLoop.E1" nVehContrib="8" flow="288.00" occupancy="10.44" speed="7.41" harmonicMeanSpeed="3.88" length="5.00" nVehEntered="11"/>
    <interval begin="13600.00" end="13700.00" id="inductionLoop.E1" nVehContrib="8" flow="288.00" occupancy="4.25" speed="11.14" harmonicMeanSpeed="10.71" length="5.00" nVehEntered="10"/>
    <interval begin="13700.00" end="13800.00" id="inductionLoop.E1" nVehContrib="10" flow="360.00" occupancy="6.71" speed="9.92" harmonicMeanSpeed="7.93" length="5.00" nVehEntered="11"/>
    <interval begin="13800.00" end="13900.00" id="inductionLoop.E1" nVehContrib="10" flow="360.00" occupancy="10.27" speed="7.45" harmonicMeanSpeed="5.13" length="5.00" nVehEntered="12"/>
    <interval begin="13900.00" end="14000.00" id="inductionLoop.E1" nVehContrib="5" flow="180.00" occupancy="11.23" speed="6.06" harmonicMeanSpeed="2.47" length="5.00" nVehEntered="7"/>
    <interval begin="14000.00" end="14100.00" id="inductionLoop.E1" nVehContrib="7" flow="252.00" occupancy="3.79" speed="11.12" harmonicMeanSpeed="9.49" length="5.00" nVehEntered="8"/>
    <interval begin="14100.00" end="14200.00" id="inductionLoop.E1" nVehContrib="5" flow="180.00" occupancy="8.82" speed="8.62" harmonicMeanSpeed="3.99" length="5.00" nVehEntered="10"/>
    <interval begin="14200.00" end="14300.00" id="inductionLoop.E1" nVehContrib="13" flow="468.00" occupancy="17.07" speed="7.85" harmonicMeanSpeed="3.90" length="5.00" nVehEntered="13"/>
    <interval begin="14300.00" end="14400.00" id="inductionLoop.E1" nVehContrib="9" flow="324.00" occupancy="5.96" speed="10.33" harmonicMeanSpeed="8.42" length="5.00" nVehEntered="11"/>
    <interval begin="14400.00" end="14500.00" id="inductionLoop.E1" nVehContrib="8" flow="288.00" occupancy="5.01" speed="10.31" harmonicMeanSpeed="8.27" length="5.00" nVehEntered="9"/>
    <interval begin="14500.00" end="14600.00" id="inductionLoop.E1" nVehContrib="7" flow="252.00" occupancy="3.22" speed="11.35" harmonicMeanSpeed="10.88" length="5.00" nVehEntered="7"/>
    <interval begin="14600.00" end="14700.00" id="inductionLoop.E1" nVehContrib="10" flow="360.00" occupancy="29.25" speed="7.93" harmonicMeanSpeed="2.00" length="5.00" nVehEntered="12"/>
    <interval begin="14700.00" end="14800.00" id="inductionLoop.E1" nVehContrib="11" flow="396.00" occupancy="7.04" speed="10.33" harmonicMeanSpeed="8.54" length="5.00" nVehEntered="14"/>
    <interval begin="14800.00" end="14900.00" id="inductionLoop.E1" nVehContrib="8" flow="288.00" occupancy="11.78" speed="8.31" harmonicMeanSpeed="3.52" length="5.00" nVehEntered="10"/>
    <interval begin="14900.00" end="15000.00" id="inductionLoop.E1" nVehContrib="5" flow="180.00" occupancy="3.04" speed="10.11" harmonicMeanSpeed="9.71" length="5.00" nVehEntered="6"/>
    <interval begin="15000.00" end="15100.00" id="inductionLoop.E1" nVehContrib="8" flow="288.00" occupancy="4.02" speed="10.48" harmonicMeanSpeed="10.20" length="5.00" nVehEntered="9"/>
    <interval begin="15100.00" end="15200.00" id="inductionLoop.E1" nVehContrib="10" flow="360.00" occupancy="8.37" speed="8.06" harmonicMeanSpeed="6.60" length="5.00" nVehEntered="13"/>
    <interval begin="15200.00" end="15300.00" id="inductionLoop.E1" nVehContrib="10" flow="360.00" occupancy="24.45" speed="7.65" harmonicMeanSpeed="2.61" length="5.00" nVehEntered="13"/>
    <interval begin="15300.00" end="15400.00" id="inductionLoop.E1" nVehContrib="8" flow="288.00" occupancy="6.68" speed="10.39" harmonicMeanSpeed="7.67" length="5.00" nVehEntered="10"/>
    <interval begin="15400.00" end="15500.00" id="inductionLoop.E1" nVehContrib="7" flow="252.00" occupancy="5.23" speed="9.81" harmonicMeanSpeed="7.92" length="5.00" nVehEntered="9"/>
    <interval begin="15500.00" end="15600.00" id="inductionLoop.E1" nVehContrib="12" flow="432.00" occupancy="29.54" speed="5.39" harmonicMeanSpeed="2.23" length="5.00" nVehEntered="14"/>
    <interval begin="15600.00" end="15700.00" id="inductionLoop.E1" nVehContrib="10" flow="360.00" occupancy="6.55" speed="9.95" harmonicMeanSpeed="8.78" length="5.00" nVehEntered="12"/>
    <interval begin="15700.00" end="15800.00" id="inductionLoop.E1" nVehContrib="13" flow="468.00" occupancy="41.54" speed="6.88" harmonicMeanSpeed="1.64" length="5.00" nVehEntered="15"/>
    <interval begin="15800.00" end="15900.00" id="inductionLoop.E1" nVehContrib="9" flow="324.00" occupancy="49.22" speed="5.57" harmonicMeanSpeed="0.93" length="5.00" nVehEntered="10"/>
    <interval begin="15900.00" end="16000.00" id="inductionLoop.E1" nVehContrib="14" flow="504.00" occupancy="23.36" speed="7.64" harmonicMeanSpeed="3.71" length="5.00" nVehEntered="18"/>
    <interval begin="16000.00" end="16100.00" id="inductionLoop.E1" nVehContrib="15" flow="540.00" occupancy="26.17" speed="8.38" harmonicMeanSpeed="3.18" length="5.00" nVehEntered="18"/>
    <interval begin="16100.00" end="16200.00" id="inductionLoop.E1" nVehContrib="12" flow="432.00" occupancy="46.77" speed="5.55" harmonicMeanSpeed="1.33" length="5.00" nVehEntered="13"/>
    <interval begin="16200.00" end="16300.00" id="inductionLoop.E1" nVehContrib="14" flow="504.00" occupancy="58.68" speed="5.51" harmonicMeanSpeed="1.20" length="5.00" nVehEntered="15"/>
    <interval begin="16300.00" end="16400.00" id="inductionLoop.E1" nVehContrib="12" flow="432.00" occupancy="56.50" speed="5.68" harmonicMeanSpeed="1.09" length="5.00" nVehEntered="14"/>
    <interval begin="16400.00" end="16500.00" id="inductionLoop.E1" nVehContrib="13" flow="468.00" occupancy="43.64" speed="6.00" harmonicMeanSpeed="1.54" length="5.00" nVehEntered="15"/>
    <interval begin="16500.00" end="16600.00" id="inductionLoop.E1" nVehContrib="12" flow="432.00" occupancy="30.88" speed="7.75" harmonicMeanSpeed="3.08" length="5.00" nVehEntered="18"/>
    <interval begin="16600.00" end="16700.00" id="inductionLoop.E1" nVehContrib="13" flow="468.00" occupancy="25.24" speed="5.95" harmonicMeanSpeed="2.69" length="5.00" nVehEntered="16"/>
    <interval begin="16700.00" end="16800.00" id="inductionLoop.E1" nVehContrib="12" flow="432.00" occupancy="50.25" speed="6.14" harmonicMeanSpeed="1.29" length="5.00" nVehEntered="13"/>
    <interval begin="16800.00" end="16900.00" id="inductionLoop.E1" nVehContrib="13" flow="468.00" occupancy="52.72" speed="4.96" harmonicMeanSpeed="0.99" length="5.00" nVehEntered="13"/>
    <interval begin="16900.00" end="17000.00" id="inductionLoop.E1" nVehContrib="10" flow="360.00" occupancy="41.02" speed="5.84" harmonicMeanSpeed="1.90" length="5.00" nVehEntered="13"/>
    <interval begin="17000.00" end="17100.00" id="inductionLoop.E1" nVehContrib="12" flow="432.00" occupancy="40.55" speed="6.98" harmonicMeanSpeed="1.40" length="5.00" nVehEntered="16"/>
    <interval begin="17100.00" end="17200.00" id="inductionLoop.E1" nVehContrib="15" flow="540.00" occupancy="29.19" speed="7.19" harmonicMeanSpeed="2.11" length="5.00" nVehEntered="16"/>
    <interval begin="17200.00" end="17300.00" id="inductionLoop.E1" nVehContrib="11" flow="396.00" occupancy="25.21" speed="6.68" harmonicMeanSpeed="2.35" length="5.00" nVehEntered="13"/>
    <interval begin="17300.00" end="17400.00" id="inductionLoop.E1" nVehContrib="15" flow="540.00" occupancy="57.03" speed="6.03" harmonicMeanSpeed="1.32" length="5.00" nVehEntered="16"/>
    <interval begin="17400.00" end="17500.00" id="inductionLoop.E1" nVehContrib="10" flow="360.00" occupancy="68.99" speed="5.84" harmonicMeanSpeed="0.73" length="5.00" nVehEntered="11"/>
    <interval begin="17500.00" end="17600.00" id="inductionLoop.E1" nVehContrib="17" flow="612.00" occupancy="63.02" speed="6.36" harmonicMeanSpeed="1.36" length="5.00" nVehEntered="19"/>
    <interval begin="17600.00" end="17700.00" id="inductionLoop.E1" nVehContrib="14" flow="504.00" occupancy="52.98" speed="7.13" harmonicMeanSpeed="1.58" length="5.00" nVehEntered="16"/>
    <interval begin="17700.00" end="17800.00" id="inductionLoop.E1" nVehContrib="14" flow="504.00" occupancy="68.97" speed="5.90" harmonicMeanSpeed="1.10" length="5.00" nVehEntered="14"/>
    <interval begin="17800.00" end="17900.00" id="inductionLoop.E1" nVehContrib="11" flow="396.00" occupancy="79.90" speed="4.34" harmonicMeanSpeed="0.68" length="5.00" nVehEntered="11"/>
    <interval begin="17900.00" end="18000.00" id="inductionLoop.E1" nVehContrib="19" flow="684.00" occupancy="45.82" speed="7.92" harmonicMeanSpeed="1.63" length="5.00" nVehEntered="18"/>
    <interval begin="18000.00" end="18100.00" id="inductionLoop.E1" nVehContrib="13" flow="468.00" occupancy="51.39" speed="6.03" harmonicMeanSpeed="1.37" length="5.00" nVehEntered="16"/>
    <interval begin="18100.00" end="18200.00" id="inductionLoop.E1" nVehContrib="16" flow="576.00" occupancy="62.43" speed="6.70" harmonicMeanSpeed="1.32" length="5.00" nVehEntered="16"/>
    <interval begin="18200.00" end="18300.00" id="inductionLoop.E1" nVehContrib="17" flow="612.00" occupancy="52.85" speed="7.35" harmonicMeanSpeed="1.60" length="5.00" nVehEntered="17"/>
    <interval begin="18300.00" end="18400.00" id="inductionLoop.E1" nVehContrib="17" flow="612.00" occupancy="70.80" speed="6.63" harmonicMeanSpeed="1.13" length="5.00" nVehEntered="17"/>
    <interval begin="18400.00" end="18500.00" id="inductionLoop.E1" nVehContrib="15" flow="540.00" occupancy="54.88" speed="6.10" harmonicMeanSpeed="1.36" length="5.00" nVehEntered="15"/>
    <interval begin="18500.00" end="18600.00" id="inductionLoop.E1" nVehContrib="17" flow="612.00" occupancy="57.42" speed="6.82" harmonicMeanSpeed="1.55" length="5.00" nVehEntered="19"/>
    <interval begin="18600.00" end="18700.00" id="inductionLoop.E1" nVehContrib="15" flow="540.00" occupancy="67.88" speed="6.56" harmonicMeanSpeed="1.14" length="5.00" nVehEntered="15"/>
    <interval begin="18700.00" end="18800.00" id="inductionLoop.E1" nVehContrib="13" flow="468.00" occupancy="73.93" speed="6.49" harmonicMeanSpeed="0.83" length="5.00" nVehEntered="12"/>
    <interval begin="18800.00" end="18900.00" id="inductionLoop.E1" nVehContrib="21" flow="756.00" occupancy="64.73" speed="8.89" harmonicMeanSpeed="2.02" length="5.00" nVehEntered="22"/>
    <interval begin="18900.00" end="19000.00" id="inductionLoop.E1" nVehContrib="12" flow="432.00" occupancy="66.59" speed="5.14" harmonicMeanSpeed="0.76" length="5.00" nVehEntered="11"/>
    <interval begin="19000.00" end="19100.00" id="inductionLoop.E1" nVehContrib="22" flow="792.00" occupancy="19.65" speed="8.53" harmonicMeanSpeed="6.04" length="5.00" nVehEntered="23"/>
    <interval begin="19100.00" end="19200.00" id="inductionLoop.E1" nVehContrib="19" flow="684.00" occupancy="52.44" speed="7.65" harmonicMeanSpeed="1.76" length="5.00" nVehEntered="18"/>
    <interval begin="19200.00" end="19300.00" id="inductionLoop.E1" nVehContrib="10" flow="360.00" occupancy="68.55" speed="6.91" harmonicMeanSpeed="2.21" length="5.00" nVehEntered="11"/>
    <interval begin="19300.00" end="19400.00" id="inductionLoop.E1" nVehContrib="23" flow="828.00" occupancy="57.75" speed="8.10" harmonicMeanSpeed="1.11" length="5.00" nVehEntered="22"/>
    <interval begin="19400.00" end="19500.00" id="inductionLoop.E1" nVehContrib="18" flow="648.00" occupancy="60.24" speed="7.17" harmonicMeanSpeed="1.51" length="5.00" nVehEntered="19"/>
    <interval begin="19500.00" end="19600.00" id="inductionLoop.E1" nVehContrib="20" flow="720.00" occupancy="64.82" speed="8.61" harmonicMeanSpeed="2.15" length="5.00" nVehEntered="20"/>
    <interval begin="19600.00" end="19700.00" id="inductionLoop.E1" nVehContrib="21" flow="756.00" occupancy="63.40" speed="7.73" harmonicMeanSpeed="1.39" length="5.00" nVehEntered="21"/>
    <interval begin="19700.00" end="19800.00" id="inductionLoop.E1" nVehContrib="18" flow="648.00" occupancy="68.25" speed="6.93" harmonicMeanSpeed="1.20" length="5.00" nVehEntered="17"/>
    <interval begin="19800.00" end="19900.00" id="inductionLoop.E1" nVehContrib="12" flow="432.00" occupancy="71.50" speed="6.84" harmonicMeanSpeed="0.84" length="5.00" nVehEntered="12"/>
    <interval begin="19900.00" end="20000.00" id="inductionLoop.E1" nVehContrib="15" flow="540.00" occupancy="45.12" speed="7.42" harmonicMeanSpeed="3.06" length="5.00" nVehEntered="20"/>
    <interval begin="20000.00" end="20100.00" id="inductionLoop.E1" nVehContrib="16" flow="576.00" occupancy="43.96" speed="7.01" harmonicMeanSpeed="1.30" length="5.00" nVehEntered="16"/>
    <interval begin="20100.00" end="20200.00" id="inductionLoop.E1" nVehContrib="13" flow="468.00" occupancy="60.54" speed="6.28" harmonicMeanSpeed="1.40" length="5.00" nVehEntered="15"/>
    <interval begin="20200.00" end="20300.00" id="inductionLoop.E1" nVehContrib="13" flow="468.00" occupancy="65.65" speed="5.93" harmonicMeanSpeed="1.03" length="5.00" nVehEntered="14"/>
    <interval begin="20300.00" end="20400.00" id="inductionLoop.E1" nVehContrib="13" flow="468.00" occupancy="56.77" speed="6.09" harmonicMeanSpeed="1.11" length="5.00" nVehEntered="15"/>
    <interval begin="20400.00" end="20500.00" id="inductionLoop.E1" nVehContrib="13" flow="468.00" occupancy="59.01" speed="6.08" harmonicMeanSpeed="1.16" length="5.00" nVehEntered="14"/>
    <interval begin="20500.00" end="20600.00" id="inductionLoop.E1" nVehContrib="17" flow="612.00" occupancy="72.65" speed="6.87" harmonicMeanSpeed="0.97" length="5.00" nVehEntered="16"/>
    <interval begin="20600.00" end="20700.00" id="inductionLoop.E1" nVehContrib="12" flow="432.00" occupancy="74.61" speed="8.00" harmonicMeanSpeed="1.17" length="5.00" nVehEntered="14"/>
    <interval begin="20700.00" end="20800.00" id="inductionLoop.E1" nVehContrib="20" flow="720.00" occupancy="66.09" speed="7.54" harmonicMeanSpeed="1.20" length="5.00" nVehEntered="20"/>
    <interval begin="20800.00" end="20900.00" id="inductionLoop.E1" nVehContrib="9" flow="324.00" occupancy="86.01" speed="4.93" harmonicMeanSpeed="0.49" length="5.00" nVehEntered="8"/>
    <interval begin="20900.00" end="21000.00" id="inductionLoop.E1" nVehContrib="19" flow="684.00" occupancy="67.89" speed="8.48" harmonicMeanSpeed="1.65" length="5.00" nVehEntered="20"/>
    <interval begin="21000.00" end="21100.00" id="inductionLoop.E1" nVehContrib="11" flow="396.00" occupancy="80.75" speed="8.24" harmonicMeanSpeed="0.87" length="5.00" nVehEntered="11"/>
    <interval begin="21100.00" end="21200.00" id="inductionLoop.E1" nVehContrib="8" flow="288.00" occupancy="84.47" speed="4.06" harmonicMeanSpeed="0.41" length="5.00" nVehEntered="8"/>
    <interval begin="21200.00" end="21300.00" id="inductionLoop.E1" nVehContrib="20" flow="720.00" occupancy="70.35" speed="9.24" harmonicMeanSpeed="2.01" length="5.00" nVehEntered="20"/>
    <interval begin="21300.00" end="21400.00" id="inductionLoop.E1" nVehContrib="16" flow="576.00" occupancy="72.52" speed="8.78" harmonicMeanSpeed="0.75" length="5.00" nVehEntered="16"/>
    <interval begin="21400.00" end="21500.00" id="inductionLoop.E1" nVehContrib="16" flow="576.00" occupancy="72.90" speed="8.20" harmonicMeanSpeed="1.38" length="5.00" nVehEntered="16"/>
    <interval begin="21500.00" end="21600.00" id="inductionLoop.E1" nVehContrib="7" flow="252.00" occupancy="87.23" speed="3.78" harmonicMeanSpeed="0.33" length="5.00" nVehEntered="6"/>
    <interval begin="21600.00" end="21700.00" id="inductionLoop.E1" nVehContrib="19" flow="684.00" occupancy="69.21" speed="8.79" harmonicMeanSpeed="1.37" length="5.00" nVehEntered="19"/>
    <interval begin="21700.00" end="21800.00" id="inductionLoop.E1" nVehContrib="19" flow="684.00" occupancy="70.97" speed="9.45" harmonicMeanSpeed="1.34" length="5.00" nVehEntered="19"/>
    <interval begin="21800.00" end="21900.00" id="inductionLoop.E1" nVehContrib="17" flow="612.00" occupancy="71.49" speed="9.13" harmonicMeanSpeed="1.31" length="5.00" nVehEntered="18"/>
    <interval begin="21900.00" end="22000.00" id="inductionLoop.E1" nVehContrib="13" flow="468.00" occupancy="79.96" speed="8.07" harmonicMeanSpeed="1.33" length="5.00" nVehEntered="13"/>
    <interval begin="22000.00" end="22100.00" id="inductionLoop.E1" nVehContrib="11" flow="396.00" occupancy="78.92" speed="4.44" harmonicMeanSpeed="0.47" length="5.00" nVehEntered="11"/>
    <interval begin="22100.00" end="22200.00" id="inductionLoop.E1" nVehContrib="15" flow="540.00" occupancy="76.66" speed="8.24" harmonicMeanSpeed="0.98" length="5.00" nVehEntered="15"/>
    <interval begin="22200.00" end="22300.00" id="inductionLoop.E1" nVehContrib="17" flow="612.00" occupancy="74.91" speed="10.09" harmonicMeanSpeed="1.14" length="5.00" nVehEntered="17"/>
    <interval begin="22300.00" end="22400.00" id="inductionLoop.E1" nVehContrib="19" flow="684.00" occupancy="69.97" speed="8.79" harmonicMeanSpeed="1.35" length="5.00" nVehEntered="18"/>
    <interval begin="22400.00" end="22500.00" id="inductionLoop.E1" nVehContrib="14" flow="504.00" occupancy="77.82" speed="9.02" harmonicMeanSpeed="0.90" length="5.00" nVehEntered="14"/>
    <interval begin="22500.00" end="22600.00" id="inductionLoop.E1" nVehContrib="17" flow="612.00" occupancy="71.81" speed="8.11" harmonicMeanSpeed="1.19" length="5.00" nVehEntered="18"/>
    <interval begin="22600.00" end="22700.00" id="inductionLoop.E1" nVehContrib="21" flow="756.00" occupancy="68.23" speed="9.80" harmonicMeanSpeed="1.53" length="5.00" nVehEntered="20"/>
    <interval begin="22700.00" end="22800.00" id="inductionLoop.E1" nVehContrib="13" flow="468.00" occupancy="78.10" speed="8.41" harmonicMeanSpeed="0.83" length="5.00" nVehEntered="14"/>
    <interval begin="22800.00" end="22900.00" id="inductionLoop.E1" nVehContrib="9" flow="324.00" occupancy="83.67" speed="5.74" harmonicMeanSpeed="0.55" length="5.00" nVehEntered="9"/>
    <interval begin="22900.00" end="23000.00" id="inductionLoop.E1" nVehContrib="24" flow="864.00" occupancy="63.05" speed="10.37" harmonicMeanSpeed="2.14" length="5.00" nVehEntered="24"/>
    <interval begin="23000.00" end="23100.00" id="inductionLoop.E1" nVehContrib="16" flow="576.00" occupancy="75.28" speed="9.20" harmonicMeanSpeed="1.18" length="5.00" nVehEntered="16"/>
    <interval begin="23100.00" end="23200.00" id="inductionLoop.E1" nVehContrib="12" flow="432.00" occupancy="80.38" speed="7.51" harmonicMeanSpeed="0.62" length="5.00" nVehEntered="12"/>
    <interval begin="23200.00" end="23300.00" id="inductionLoop.E1" nVehContrib="9" flow="324.00" occupancy="84.21" speed="7.81" harmonicMeanSpeed="0.73" length="5.00" nVehEntered="9"/>
    <interval begin="23300.00" end="23400.00" id="inductionLoop.E1" nVehContrib="18" flow="648.00" occupancy="71.40" speed="9.64" harmonicMeanSpeed="2.25" length="5.00" nVehEntered="18"/>
    <interval begin="23400.00" end="23500.00" id="inductionLoop.E1" nVehContrib="27" flow="972.00" occupancy="24.91" speed="9.39" harmonicMeanSpeed="1.71" length="5.00" nVehEntered="26"/>
    <interval begin="23500.00" end="23600.00" id="inductionLoop.E1" nVehContrib="15" flow="540.00" occupancy="76.84" speed="8.90" harmonicMeanSpeed="0.98" length="5.00" nVehEntered="15"/>
    <interval begin="23600.00" end="23700.00" id="inductionLoop.E1" nVehContrib="13" flow="468.00" occupancy="77.47" speed="8.23" harmonicMeanSpeed="0.86" length="5.00" nVehEntered="14"/>
    <interval begin="23700.00" end="23800.00" id="inductionLoop.E1" nVehContrib="8" flow="288.00" occupancy="85.33" speed="6.76" harmonicMeanSpeed="0.59" length="5.00" nVehEntered="8"/>
    <interval begin="23800.00" end="23900.00" id="inductionLoop.E1" nVehContrib="13" flow="468.00" occupancy="76.25" speed="6.05" harmonicMeanSpeed="0.68" length="5.00" nVehEntered="12"/>
    <interval begin="23900.00" end="24000.00" id="inductionLoop.E1" nVehContrib="12" flow="432.00" occupancy="53.56" speed="7.00" harmonicMeanSpeed="1.25" length="5.00" nVehEntered="15"/>
    <interval begin="24000.00" end="24100.00" id="inductionLoop.E1" nVehContrib="11" flow="396.00" occupancy="79.58" speed="7.63" harmonicMeanSpeed="1.19" length="5.00" nVehEntered="11"/>
    <interval begin="24100.00" end="24200.00" id="inductionLoop.E1" nVehContrib="14" flow="504.00" occupancy="72.14" speed="5.91" harmonicMeanSpeed="0.65" length="5.00" nVehEntered="14"/>
    <interval begin="24200.00" end="24300.00" id="inductionLoop.E1" nVehContrib="7" flow="252.00" occupancy="88.32" speed="5.73" harmonicMeanSpeed="0.76" length="5.00" nVehEntered="7"/>
    <interval begin="24300.00" end="24400.00" id="inductionLoop.E1" nVehContrib="14" flow="504.00" occupancy="72.26" speed="6.15" harmonicMeanSpeed="0.60" length="5.00" nVehEntered="14"/>
    <interval begin="24400.00" end="24500.00" id="inductionLoop.E1" nVehContrib="15" flow="540.00" occupancy="75.82" speed="8.04" harmonicMeanSpeed="1.06" length="5.00" nVehEntered="15"/>
    <interval begin="24500.00" end="24600.00" id="inductionLoop.E1" nVehContrib="10" flow="360.00" occupancy="68.46" speed="7.55" harmonicMeanSpeed="0.82" length="5.00" nVehEntered="10"/>
    <interval begin="24600.00" end="24700.00" id="inductionLoop.E1" nVehContrib="12" flow="432.00" occupancy="70.39" speed="7.17" harmonicMeanSpeed="1.08" length="5.00" nVehEntered="12"/>
    <interval begin="24700.00" end="24800.00" id="inductionLoop.E1" nVehContrib="13" flow="468.00" occupancy="45.53" speed="7.71" harmonicMeanSpeed="0.93" length="5.00" nVehEntered="15"/>
    <interval begin="24800.00" end="24900.00" id="inductionLoop.E1" nVehContrib="10" flow="360.00" occupancy="58.83" speed="5.82" harmonicMeanSpeed="0.80" length="5.00" nVehEntered="9"/>
    <interval begin="24900.00" end="25000.00" id="inductionLoop.E1" nVehContrib="8" flow="288.00" occupancy="56.45" speed="7.21" harmonicMeanSpeed="0.72" length="5.00" nVehEntered="9"/>
    <interval begin="25000.00" end="25100.00" id="inductionLoop.E1" nVehContrib="7" flow="252.00" occupancy="85.75" speed="3.62" harmonicMeanSpeed="0.41" length="5.00" nVehEntered="7"/>
    <interval begin="25100.00" end="25200.00" id="inductionLoop.E1" nVehContrib="15" flow="540.00" occupancy="53.40" speed="10.20" harmonicMeanSpeed="9.28" length="5.00" nVehEntered="17"/>
    <interval begin="25200.00" end="25300.00" id="inductionLoop.E1" nVehContrib="13" flow="468.00" occupancy="38.42" speed="6.88" harmonicMeanSpeed="0.84" length="5.00" nVehEntered="15"/>
    <interval begin="25300.00" end="25400.00" id="inductionLoop.E1" nVehContrib="10" flow="360.00" occupancy="60.17" speed="7.20" harmonicMeanSpeed="0.76" length="5.00" nVehEntered="9"/>
    <interval begin="25400.00" end="25500.00" id="inductionLoop.E1" nVehContrib="7" flow="252.00" occupancy="44.59" speed="7.95" harmonicMeanSpeed="6.00" length="5.00" nVehEntered="9"/>
    <interval begin="25500.00" end="25600.00" id="inductionLoop.E1" nVehContrib="10" flow="360.00" occupancy="40.03" speed="5.90" harmonicMeanSpeed="0.64" length="5.00" nVehEntered="10"/>
    <interval begin="25600.00" end="25700.00" id="inductionLoop.E1" nVehContrib="9" flow="324.00" occupancy="6.19" speed="10.19" harmonicMeanSpeed="8.12" length="5.00" nVehEntered="10"/>
    <interval begin="25700.00" end="25800.00" id="inductionLoop.E1" nVehContrib="6" flow="216.00" occupancy="43.57" speed="6.65" harmonicMeanSpeed="0.98" length="5.00" nVehEntered="8"/>
    <interval begin="25800.00" end="25900.00" id="inductionLoop.E1" nVehContrib="8" flow="288.00" occupancy="21.31" speed="7.92" harmonicMeanSpeed="1.31" length="5.00" nVehEntered="9"/>
    <interval begin="25900.00" end="26000.00" id="inductionLoop.E1" nVehContrib="14" flow="504.00" occupancy="64.75" speed="9.41" harmonicMeanSpeed="1.03" length="5.00" nVehEntered="13"/>
    <interval begin="26000.00" end="26100.00" id="inductionLoop.E1" nVehContrib="6" flow="216.00" occupancy="56.80" speed="6.33" harmonicMeanSpeed="0.53" length="5.00" nVehEntered="9"/>
    <interval begin="26100.00" end="26200.00" id="inductionLoop.E1" nVehContrib="10" flow="360.00" occupancy="41.54" speed="9.53" harmonicMeanSpeed="7.90" length="5.00" nVehEntered="11"/>
    <interval begin="26200.00" end="26300.00" id="inductionLoop.E1" nVehContrib="13" flow="468.00" occupancy="72.61" speed="5.86" harmonicMeanSpeed="0.73" length="5.00" nVehEntered="13"/>
    <interval begin="26300.00" end="26400.00" id="inductionLoop.E1" nVehContrib="15" flow="540.00" occupancy="40.07" speed="9.84" harmonicMeanSpeed="1.51" length="5.00" nVehEntered="17"/>
    <interval begin="26400.00" end="26500.00" id="inductionLoop.E1" nVehContrib="12" flow="432.00" occupancy="44.98" speed="7.55" harmonicMeanSpeed="1.22" length="5.00" nVehEntered="12"/>
    <interval begin="26500.00" end="26600.00" id="inductionLoop.E1" nVehContrib="12" flow="432.00" occupancy="49.15" speed="8.75" harmonicMeanSpeed="1.32" length="5.00" nVehEntered="13"/>
    <interval begin="26600.00" end="26700.00" id="inductionLoop.E1" nVehContrib="9" flow="324.00" occupancy="79.60" speed="6.10" harmonicMeanSpeed="0.93" length="5.00" nVehEntered="10"/>
    <interval begin="26700.00" end="26800.00" id="inductionLoop.E1" nVehContrib="14" flow="504.00" occupancy="49.16" speed="9.22" harmonicMeanSpeed="1.52" length="5.00" nVehEntered="15"/>
    <interval begin="26800.00" end="26900.00" id="inductionLoop.E1" nVehContrib="14" flow="504.00" occupancy="54.77" speed="9.24" harmonicMeanSpeed="1.39" length="5.00" nVehEntered="14"/>
    <interval begin="26900.00" end="27000.00" id="inductionLoop.E1" nVehContrib="13" flow="468.00" occupancy="37.54" speed="7.10" harmonicMeanSpeed="0.83" length="5.00" nVehEntered="15"/>
    <interval begin="27000.00" end="27100.00" id="inductionLoop.E1" nVehContrib="8" flow="288.00" occupancy="51.57" speed="5.92" harmonicMeanSpeed="0.75" length="5.00" nVehEntered="8"/>
    <interval begin="27100.00" end="27200.00" id="inductionLoop.E1" nVehContrib="17" flow="612.00" occupancy="29.75" speed="8.27" harmonicMeanSpeed="2.86" length="5.00" nVehEntered="19"/>
    <interval begin="27200.00" end="27300.00" id="inductionLoop.E1" nVehContrib="10" flow="360.00" occupancy="42.29" speed="6.53" harmonicMeanSpeed="1.59" length="5.00" nVehEntered="13"/>
    <interval begin="27300.00" end="27400.00" id="inductionLoop.E1" nVehContrib="13" flow="468.00" occupancy="29.49" speed="7.87" harmonicMeanSpeed="1.66" length="5.00" nVehEntered="12"/>
    <interval begin="27400.00" end="27500.00" id="inductionLoop.E1" nVehContrib="1" flow="36.00" occupancy="1.76" speed="3.11" harmonicMeanSpeed="3.11" length="5.00" nVehEntered="3"/>
    <interval begin="27500.00" end="27600.00" id="inductionLoop.E1" nVehContrib="5" flow="180.00" occupancy="5.49" speed="6.39" harmonicMeanSpeed="4.87" length="5.00" nVehEntered="6"/>
    <interval begin="27600.00" end="27700.00" id="inductionLoop.E1" nVehContrib="4" flow="144.00" occupancy="5.13" speed="6.02" harmonicMeanSpeed="4.21" length="5.00" nVehEntered="5"/>
    <interval begin="27700.00" end="27800.00" id="inductionLoop.E1" nVehContrib="0" flow="0.00" occupancy="0.00" speed="-1.00" harmonicMeanSpeed="-1.00" length="-1.00" nVehEntered="0"/>
    <interval begin="27800.00" end="27900.00" id="inductionLoop.E1" nVehContrib="0" flow="0.00" occupancy="0.00" speed="-1.00" harmonicMeanSpeed="-1.00" length="-1.00" nVehEntered="0"/>
    <interval begin="27900.00" end="28000.00" id="inductionLoop.E1" nVehContrib="0" flow="0.00" occupancy="0.00" speed="-1.00" harmonicMeanSpeed="-1.00" length="-1.00" nVehEntered="0"/>
    <interval begin="28000.00" end="28100.00" id="inductionLoop.E1" nVehContrib="0" flow="0.00" occupancy="0.00" speed="-1.00" harmonicMeanSpeed="-1.00" length="-1.00" nVehEntered="0"/>
    <interval begin="28100.00" end="28200.00" id="inductionLoop.E1" nVehContrib="0" flow="0.00" occupancy="0.00" speed="-1.00" harmonicMeanSpeed="-1.00" length="-1.00" nVehEntered="0"/>
    <interval begin="28200.00" end="28300.00" id="inductionLoop.E1" nVehContrib="0" flow="0.00" occupancy="0.00" speed="-1.00" harmonicMeanSpeed="-1.00" length="-1.00" nVehEntered="0"/>
    <interval begin="28300.00" end="28400.00" id="inductionLoop.E1" nVehContrib="0" flow="0.00" occupancy="0.00" speed="-1.00" harmonicMeanSpeed="-1.00" length="-1.00" nVehEntered="0"/>
    <interval begin="28400.00" end="28500.00" id="inductionLoop.E1" nVehContrib="0" flow="0.00" occupancy="0.00" speed="-1.00" harmonicMeanSpeed="-1.00" length="-1.00" nVehEntered="0"/>
    <interval begin="28500.00" end="28600.00" id="inductionLoop.E1" nVehContrib="0" flow="0.00" occupancy="0.00" speed="-1.00" harmonicMeanSpeed="-1.00" length="-1.00" nVehEntered="0"/>
    <interval begin="28600.00" end="28700.00" id="inductionLoop.E1" nVehContrib="0" flow="0.00" occupancy="0.00" speed="-1.00" harmonicMeanSpeed="-1.00" length="-1.00" nVehEntered="0"/>
    <interval begin="28700.00" end="28800.00" id="inductionLoop.E1" nVehContrib="0" flow="0.00" occupancy="0.00" speed="-1.00" harmonicMeanSpeed="-1.00" length="-1.00" nVehEntered="0"/>
    <interval begin="28800.00" end="28900.00" id="inductionLoop.E1" nVehContrib="0" flow="0.00" occupancy="0.00" speed="-1.00" harmonicMeanSpeed="-1.00" length="-1.00" nVehEntered="0"/>
    <interval begin="28900.00" end="29000.00" id="inductionLoop.E1" nVehContrib="0" flow="0.00" occupancy="0.00" speed="-1.00" harmonicMeanSpeed="-1.00" length="-1.00" nVehEntered="0"/>
    <interval begin="29000.00" end="29100.00" id="inductionLoop.E1" nVehContrib="0" flow="0.00" occupancy="0.00" speed="-1.00" harmonicMeanSpeed="-1.00" length="-1.00" nVehEntered="0"/>
    <interval begin="29100.00" end="29200.00" id="inductionLoop.E1" nVehContrib="0" flow="0.00" occupancy="0.00" speed="-1.00" harmonicMeanSpeed="-1.00" length="-1.00" nVehEntered="0"/>
    <interval begin="29200.00" end="29300.00" id="inductionLoop.E1" nVehContrib="0" flow="0.00" occupancy="0.00" speed="-1.00" harmonicMeanSpeed="-1.00" length="-1.00" nVehEntered="0"/>
    <interval begin="29300.00" end="29400.00" id="inductionLoop.E1" nVehContrib="0" flow="0.00" occupancy="0.00" speed="-1.00" harmonicMeanSpeed="-1.00" length="-1.00" nVehEntered="0"/>
    <interval begin="29400.00" end="29500.00" id="inductionLoop.E1" nVehContrib="0" flow="0.00" occupancy="0.00" speed="-1.00" harmonicMeanSpeed="-1.00" length="-1.00" nVehEntered="0"/>
    <interval begin="29500.00" end="29600.00" id="inductionLoop.E1" nVehContrib="2" flow="72.00" occupancy="0.73" speed="13.77" harmonicMeanSpeed="13.74" length="5.00" nVehEntered="2"/>
    <interval begin="29600.00" end="29700.00" id="inductionLoop.E1" nVehContrib="0" flow="0.00" occupancy="0.00" speed="-1.00" harmonicMeanSpeed="-1.00" length="-1.00" nVehEntered="0"/>
    <interval begin="29700.00" end="29800.00" id="inductionLoop.E1" nVehContrib="1" flow="36.00" occupancy="0.40" speed="12.63" harmonicMeanSpeed="12.63" length="5.00" nVehEntered="1"/>
    <interval begin="29800.00" end="29900.00" id="inductionLoop.E1" nVehContrib="2" flow="72.00" occupancy="0.78" speed="12.91" harmonicMeanSpeed="12.84" length="5.00" nVehEntered="2"/>
    <interval begin="29900.00" end="30000.00" id="inductionLoop.E1" nVehContrib="1" flow="36.00" occupancy="0.38" speed="13.24" harmonicMeanSpeed="13.24" length="5.00" nVehEntered="1"/>
    <interval begin="30000.00" end="30100.00" id="inductionLoop.E1" nVehContrib="0" flow="0.00" occupancy="0.00" speed="-1.00" harmonicMeanSpeed="-1.00" length="-1.00" nVehEntered="0"/>
    <interval begin="30100.00" end="30200.00" id="inductionLoop.E1" nVehContrib="0" flow="0.00" occupancy="0.00" speed="-1.00" harmonicMeanSpeed="-1.00" length="-1.00" nVehEntered="0"/>
    <interval begin="30200.00" end="30300.00" id="inductionLoop.E1" nVehContrib="0" flow="0.00" occupancy="0.00" speed="-1.00" harmonicMeanSpeed="-1.00" length="-1.00" nVehEntered="0"/>
    <interval begin="30300.00" end="30400.00" id="inductionLoop.E1" nVehContrib="0" flow="0.00" occupancy="0.00" speed="-1.00" harmonicMeanSpeed="-1.00" length="-1.00" nVehEntered="0"/>
    <interval begin="30400.00" end="30500.00" id="inductionLoop.E1" nVehContrib="0" flow="0.00" occupancy="0.00" speed="-1.00" harmonicMeanSpeed="-1.00" length="-1.00" nVehEntered="0"/>
    <interval begin="30500.00" end="30600.00" id="inductionLoop.E1" nVehContrib="0" flow="0.00" occupancy="0.00" speed="-1.00" harmonicMeanSpeed="-1.00" length="-1.00" nVehEntered="0"/>
    <interval begin="30600.00" end="30700.00" id="inductionLoop.E1" nVehContrib="1" flow="36.00" occupancy="0.46" speed="10.77" harmonicMeanSpeed="10.77" length="5.00" nVehEntered="1"/>
    <interval begin="30700.00" end="30800.00" id="inductionLoop.E1" nVehContrib="3" flow="108.00" occupancy="1.03" speed="14.69" harmonicMeanSpeed="14.61" length="5.00" nVehEntered="3"/>
    <interval begin="30800.00" end="30900.00" id="inductionLoop.E1" nVehContrib="2" flow="72.00" occupancy="0.80" speed="12.48" harmonicMeanSpeed="12.47" length="5.00" nVehEntered="2"/>
    <interval begin="30900.00" end="31000.00" id="inductionLoop.E1" nVehContrib="0" flow="0.00" occupancy="0.25" speed="-1.00" harmonicMeanSpeed="-1.00" length="-1.00" nVehEntered="1"/>
    <interval begin="31000.00" end="31100.00" id="inductionLoop.E1" nVehContrib="4" flow="144.00" occupancy="1.45" speed="13.79" harmonicMeanSpeed="13.76" length="5.00" nVehEntered="4"/>
    <interval begin="31100.00" end="31200.00" id="inductionLoop.E1" nVehContrib="0" flow="0.00" occupancy="0.00" speed="-1.00" harmonicMeanSpeed="-1.00" length="-1.00" nVehEntered="0"/>
    <interval begin="31200.00" end="31300.00" id="inductionLoop.E1" nVehContrib="0" flow="0.00" occupancy="0.00" speed="-1.00" harmonicMeanSpeed="-1.00" length="-1.00" nVehEntered="0"/>
    <interval begin="31300.00" end="31400.00" id="inductionLoop.E1" nVehContrib="0" flow="0.00" occupancy="0.00" speed="-1.00" harmonicMeanSpeed="-1.00" length="-1.00" nVehEntered="0"/>
    <interval begin="31400.00" end="31500.00" id="inductionLoop.E1" nVehContrib="0" flow="0.00" occupancy="0.00" speed="-1.00" harmonicMeanSpeed="-1.00" length="-1.00" nVehEntered="0"/>
    <interval begin="31500.00" end="31600.00" id="inductionLoop.E1" nVehContrib="0" flow="0.00" occupancy="0.00" speed="-1.00" harmonicMeanSpeed="-1.00" length="-1.00" nVehEntered="0"/>
    <interval begin="31600.00" end="31700.00" id="inductionLoop.E1" nVehContrib="0" flow="0.00" occupancy="0.00" speed="-1.00" harmonicMeanSpeed="-1.00" length="-1.00" nVehEntered="0"/>
    <interval begin="31700.00" end="31800.00" id="inductionLoop.E1" nVehContrib="0" flow="0.00" occupancy="0.00" speed="-1.00" harmonicMeanSpeed="-1.00" length="-1.00" nVehEntered="0"/>
    <interval begin="31800.00" end="31900.00" id="inductionLoop.E1" nVehContrib="0" flow="0.00" occupancy="0.00" speed="-1.00" harmonicMeanSpeed="-1.00" length="-1.00" nVehEntered="0"/>
    <interval begin="31900.00" end="32000.00" id="inductionLoop.E1" nVehContrib="0" flow="0.00" occupancy="0.00" speed="-1.00" harmonicMeanSpeed="-1.00" length="-1.00" nVehEntered="0"/>
    <interval begin="32000.00" end="32100.00" id="inductionLoop.E1" nVehContrib="0" flow="0.00" occupancy="0.00" speed="-1.00" harmonicMeanSpeed="-1.00" length="-1.00" nVehEntered="0"/>
    <interval begin="32100.00" end="32200.00" id="inductionLoop.E1" nVehContrib="0" flow="0.00" occupancy="0.00" speed="-1.00" harmonicMeanSpeed="-1.00" length="-1.00" nVehEntered="0"/>
    <interval begin="32200.00" end="32300.00" id="inductionLoop.E1" nVehContrib="0" flow="0.00" occupancy="0.00" speed="-1.00" harmonicMeanSpeed="-1.00" length="-1.00" nVehEntered="0"/>
    <interval begin="32300.00" end="32400.00" id="inductionLoop.E1" nVehContrib="0" flow="0.00" occupancy="0.00" speed="-1.00" harmonicMeanSpeed="-1.00" length="-1.00" nVehEntered="0"/>
    <interval begin="32400.00" end="32500.00" id="inductionLoop.E1" nVehContrib="0" flow="0.00" occupancy="0.00" speed="-1.00" harmonicMeanSpeed="-1.00" length="-1.00" nVehEntered="0"/>
    <interval begin="32500.00" end="32600.00" id="inductionLoop.E1" nVehContrib="0" flow="0.00" occupancy="0.00" speed="-1.00" harmonicMeanSpeed="-1.00" length="-1.00" nVehEntered="0"/>
    <interval begin="32600.00" end="32700.00" id="inductionLoop.E1" nVehContrib="0" flow="0.00" occupancy="0.00" speed="-1.00" harmonicMeanSpeed="-1.00" length="-1.00" nVehEntered="0"/>
    <interval begin="32700.00" end="32800.00" id="inductionLoop.E1" nVehContrib="0" flow="0.00" occupancy="0.00" speed="-1.00" harmonicMeanSpeed="-1.00" length="-1.00" nVehEntered="0"/>
    <interval begin="32800.00" end="32900.00" id="inductionLoop.E1" nVehContrib="0" flow="0.00" occupancy="0.00" speed="-1.00" harmonicMeanSpeed="-1.00" length="-1.00" nVehEntered="0"/>
    <interval begin="32900.00" end="33000.00" id="inductionLoop.E1" nVehContrib="1" flow="36.00" occupancy="1.07" speed="4.68" harmonicMeanSpeed="4.68" length="5.00" nVehEntered="1"/>
    <interval begin="33000.00" end="33100.00" id="inductionLoop.E1" nVehContrib="0" flow="0.00" occupancy="0.00" speed="-1.00" harmonicMeanSpeed="-1.00" length="-1.00" nVehEntered="0"/>
    <interval begin="33100.00" end="33200.00" id="inductionLoop.E1" nVehContrib="0" flow="0.00" occupancy="0.00" speed="-1.00" harmonicMeanSpeed="-1.00" length="-1.00" nVehEntered="0"/>
    <interval begin="33200.00" end="33300.00" id="inductionLoop.E1" nVehContrib="1" flow="36.00" occupancy="0.36" speed="14.00" harmonicMeanSpeed="14.00" length="5.00" nVehEntered="1"/>
    <interval begin="33300.00" end="33400.00" id="inductionLoop.E1" nVehContrib="0" flow="0.00" occupancy="0.00" speed="-1.00" harmonicMeanSpeed="-1.00" length="-1.00" nVehEntered="0"/>
    <interval begin="33400.00" end="33500.00" id="inductionLoop.E1" nVehContrib="0" flow="0.00" occupancy="0.00" speed="-1.00" harmonicMeanSpeed="-1.00" length="-1.00" nVehEntered="0"/>
    <interval begin="33500.00" end="33600.00" id="inductionLoop.E1" nVehContrib="0" flow="0.00" occupancy="0.00" speed="-1.00" harmonicMeanSpeed="-1.00" length="-1.00" nVehEntered="0"/>
    <interval begin="33600.00" end="33700.00" id="inductionLoop.E1" nVehContrib="3" flow="108.00" occupancy="1.10" speed="13.70" harmonicMeanSpeed="13.68" length="5.00" nVehEntered="3"/>
    <interval begin="33700.00" end="33800.00" id="inductionLoop.E1" nVehContrib="8" flow="288.00" occupancy="4.32" speed="10.49" harmonicMeanSpeed="9.26" length="5.00" nVehEntered="8"/>
    <interval begin="33800.00" end="33900.00" id="inductionLoop.E1" nVehContrib="14" flow="504.00" occupancy="6.83" speed="11.91" harmonicMeanSpeed="10.25" length="5.00" nVehEntered="14"/>
    <interval begin="33900.00" end="34000.00" id="inductionLoop.E1" nVehContrib="6" flow="216.00" occupancy="6.51" speed="8.14" harmonicMeanSpeed="5.56" length="5.00" nVehEntered="11"/>
    <interval begin="34000.00" end="34100.00" id="inductionLoop.E1" nVehContrib="15" flow="540.00" occupancy="9.32" speed="10.75" harmonicMeanSpeed="8.44" length="5.00" nVehEntered="16"/>
    <interval begin="34100.00" end="34200.00" id="inductionLoop.E1" nVehContrib="9" flow="324.00" occupancy="4.19" speed="11.38" harmonicMeanSpeed="10.75" length="5.00" nVehEntered="9"/>
    <interval begin="34200.00" end="34300.00" id="inductionLoop.E1" nVehContrib="2" flow="72.00" occupancy="0.70" speed="14.74" harmonicMeanSpeed="14.74" length="5.00" nVehEntered="3"/>
    <interval begin="34300.00" end="34400.00" id="inductionLoop.E1" nVehContrib="1" flow="36.00" occupancy="1.02" speed="4.92" harmonicMeanSpeed="4.92" length="5.00" nVehEntered="1"/>
    <interval begin="34400.00" end="34500.00" id="inductionLoop.E1" nVehContrib="0" flow="0.00" occupancy="0.00" speed="-1.00" harmonicMeanSpeed="-1.00" length="-1.00" nVehEntered="0"/>
    <interval begin="34500.00" end="34600.00" id="inductionLoop.E1" nVehContrib="0" flow="0.00" occupancy="0.00" speed="-1.00" harmonicMeanSpeed="-1.00" length="-1.00" nVehEntered="0"/>
    <interval begin="34600.00" end="34700.00" id="inductionLoop.E1" nVehContrib="0" flow="0.00" occupancy="0.00" speed="-1.00" harmonicMeanSpeed="-1.00" length="-1.00" nVehEntered="0"/>
    <interval begin="34700.00" end="34800.00" id="inductionLoop.E1" nVehContrib="0" flow="0.00" occupancy="0.00" speed="-1.00" harmonicMeanSpeed="-1.00" length="-1.00" nVehEntered="0"/>
    <interval begin="34800.00" end="34900.00" id="inductionLoop.E1" nVehContrib="4" flow="144.00" occupancy="2.85" speed="9.16" harmonicMeanSpeed="7.01" length="5.00" nVehEntered="4"/>
    <interval begin="34900.00" end="35000.00" id="inductionLoop.E1" nVehContrib="4" flow="144.00" occupancy="2.99" speed="10.83" harmonicMeanSpeed="8.19" length="5.00" nVehEntered="5"/>
    <interval begin="35000.00" end="35100.00" id="inductionLoop.E1" nVehContrib="7" flow="252.00" occupancy="7.64" speed="6.54" harmonicMeanSpeed="4.81" length="5.00" nVehEntered="9"/>
    <interval begin="35100.00" end="35200.00" id="inductionLoop.E1" nVehContrib="7" flow="252.00" occupancy="25.96" speed="7.69" harmonicMeanSpeed="1.87" length="5.00" nVehEntered="10"/>
    <interval begin="35200.00" end="35300.00" id="inductionLoop.E1" nVehContrib="10" flow="360.00" occupancy="37.55" speed="8.21" harmonicMeanSpeed="1.22" length="5.00" nVehEntered="12"/>
    <interval begin="35300.00" end="35400.00" id="inductionLoop.E1" nVehContrib="12" flow="432.00" occupancy="33.67" speed="8.86" harmonicMeanSpeed="1.74" length="5.00" nVehEntered="13"/>
    <interval begin="35400.00" end="35500.00" id="inductionLoop.E1" nVehContrib="10" flow="360.00" occupancy="40.73" speed="8.36" harmonicMeanSpeed="1.75" length="5.00" nVehEntered="14"/>
    <interval begin="35500.00" end="35600.00" id="inductionLoop.E1" nVehContrib="17" flow="612.00" occupancy="47.06" speed="8.44" harmonicMeanSpeed="1.45" length="5.00" nVehEntered="16"/>
    <interval begin="35600.00" end="35700.00" id="inductionLoop.E1" nVehContrib="12" flow="432.00" occupancy="25.84" speed="8.41" harmonicMeanSpeed="3.16" length="5.00" nVehEntered="15"/>
    <interval begin="35700.00" end="35800.00" id="inductionLoop.E1" nVehContrib="11" flow="396.00" occupancy="24.25" speed="7.35" harmonicMeanSpeed="1.87" length="5.00" nVehEntered="11"/>
    <interval begin="35800.00" end="35900.00" id="inductionLoop.E1" nVehContrib="12" flow="432.00" occupancy="17.82" speed="7.73" harmonicMeanSpeed="3.51" length="5.00" nVehEntered="13"/>
    <interval begin="35900.00" end="36000.00" id="inductionLoop.E1" nVehContrib="7" flow="252.00" occupancy="24.56" speed="9.54" harmonicMeanSpeed="1.43" length="5.00" nVehEntered="8"/>
    <interval begin="36000.00" end="36100.00" id="inductionLoop.E1" nVehContrib="11" flow="396.00" occupancy="7.27" speed="9.73" harmonicMeanSpeed="7.92" length="5.00" nVehEntered="13"/>
    <interval begin="36100.00" end="36200.00" id="inductionLoop.E1" nVehContrib="7" flow="252.00" occupancy="4.79" speed="11.37" harmonicMeanSpeed="8.15" length="5.00" nVehEntered="8"/>
    <interval begin="36200.00" end="36300.00" id="inductionLoop.E1" nVehContrib="10" flow="360.00" occupancy="19.73" speed="7.88" harmonicMeanSpeed="2.59" length="5.00" nVehEntered="11"/>
    <interval begin="36300.00" end="36400.00" id="inductionLoop.E1" nVehContrib="10" flow="360.00" occupancy="35.55" speed="7.70" harmonicMeanSpeed="1.42" length="5.00" nVehEntered="11"/>
    <interval begin="36400.00" end="36500.00" id="inductionLoop.E1" nVehContrib="7" flow="252.00" occupancy="22.74" speed="8.00" harmonicMeanSpeed="1.79" length="5.00" nVehEntered="10"/>
    <interval begin="36500.00" end="36600.00" id="inductionLoop.E1" nVehContrib="11" flow="396.00" occupancy="37.11" speed="6.62" harmonicMeanSpeed="1.50" length="5.00" nVehEntered="13"/>
    <interval begin="36600.00" end="36700.00" id="inductionLoop.E1" nVehContrib="9" flow="324.00" occupancy="42.77" speed="8.65" harmonicMeanSpeed="3.53" length="5.00" nVehEntered="11"/>
    <interval begin="36700.00" end="36800.00" id="inductionLoop.E1" nVehContrib="14" flow="504.00" occupancy="50.03" speed="6.83" harmonicMeanSpeed="0.98" length="5.00" nVehEntered="14"/>
    <interval begin="36800.00" end="36900.00" id="inductionLoop.E1" nVehContrib="9" flow="324.00" occupancy="83.87" speed="3.72" harmonicMeanSpeed="0.49" length="5.00" nVehEntered="8"/>
    <interval begin="36900.00" end="37000.00" id="inductionLoop.E1" nVehContrib="9" flow="324.00" occupancy="67.44" speed="9.47" harmonicMeanSpeed="0.70" length="5.00" nVehEntered="10"/>
    <interval begin="37000.00" end="37100.00" id="inductionLoop.E1" nVehContrib="14" flow="504.00" occupancy="67.75" speed="6.30" harmonicMeanSpeed="0.98" length="5.00" nVehEntered="13"/>
    <interval begin="37100.00" end="37200.00" id="inductionLoop.E1" nVehContrib="6" flow="216.00" occupancy="20.03" speed="8.91" harmonicMeanSpeed="1.56" length="5.00" nVehEntered="8"/>
    <interval begin="37200.00" end="37300.00" id="inductionLoop.E1" nVehContrib="11" flow="396.00" occupancy="46.31" speed="8.74" harmonicMeanSpeed="1.21" length="5.00" nVehEntered="13"/>
    <interval begin="37300.00" end="37400.00" id="inductionLoop.E1" nVehContrib="10" flow="360.00" occupancy="45.02" speed="8.72" harmonicMeanSpeed="1.11" length="5.00" nVehEntered="10"/>
    <interval begin="37400.00" end="37500.00" id="inductionLoop.E1" nVehContrib="11" flow="396.00" occupancy="60.65" speed="7.40" harmonicMeanSpeed="1.20" length="5.00" nVehEntered="12"/>
    <interval begin="37500.00" end="37600.00" id="inductionLoop.E1" nVehContrib="12" flow="432.00" occupancy="48.57" speed="8.17" harmonicMeanSpeed="1.55" length="5.00" nVehEntered="12"/>
    <interval begin="37600.00" end="37700.00" id="inductionLoop.E1" nVehContrib="10" flow="360.00" occupancy="60.17" speed="7.27" harmonicMeanSpeed="1.08" length="5.00" nVehEntered="12"/>
    <interval begin="37700.00" end="37800.00" id="inductionLoop.E1" nVehContrib="15" flow="540.00" occupancy="64.21" speed="7.17" harmonicMeanSpeed="0.74" length="5.00" nVehEntered="14"/>
    <interval begin="37800.00" end="37900.00" id="inductionLoop.E1" nVehContrib="13" flow="468.00" occupancy="52.46" speed="8.69" harmonicMeanSpeed="1.47" length="5.00" nVehEntered="14"/>
    <interval begin="37900.00" end="38000.00" id="inductionLoop.E1" nVehContrib="13" flow="468.00" occupancy="62.15" speed="8.19" harmonicMeanSpeed="1.18" length="5.00" nVehEntered="13"/>
    <interval begin="38000.00" end="38100.00" id="inductionLoop.E1" nVehContrib="12" flow="432.00" occupancy="46.33" speed="8.44" harmonicMeanSpeed="1.00" length="5.00" nVehEntered="13"/>
    <interval begin="38100.00" end="38200.00" id="inductionLoop.E1" nVehContrib="8" flow="288.00" occupancy="77.40" speed="6.84" harmonicMeanSpeed="0.69" length="5.00" nVehEntered="9"/>
    <interval begin="38200.00" end="38300.00" id="inductionLoop.E1" nVehContrib="14" flow="504.00" occupancy="54.07" speed="8.48" harmonicMeanSpeed="1.41" length="5.00" nVehEntered="16"/>
    <interval begin="38300.00" end="38400.00" id="inductionLoop.E1" nVehContrib="13" flow="468.00" occupancy="53.10" speed="7.37" harmonicMeanSpeed="0.85" length="5.00" nVehEntered="12"/>
    <interval begin="38400.00" end="38500.00" id="inductionLoop.E1" nVehContrib="16" flow="576.00" occupancy="11.29" speed="8.70" harmonicMeanSpeed="7.14" length="5.00" nVehEntered="17"/>
    <interval begin="38500.00" end="38600.00" id="inductionLoop.E1" nVehContrib="8" flow="288.00" occupancy="76.25" speed="6.11" harmonicMeanSpeed="0.56" length="5.00" nVehEntered="10"/>
    <interval begin="38600.00" end="38700.00" id="inductionLoop.E1" nVehContrib="18" flow="648.00" occupancy="48.12" speed="9.20" harmonicMeanSpeed="1.79" length="5.00" nVehEntered="17"/>
    <interval begin="38700.00" end="38800.00" id="inductionLoop.E1" nVehContrib="13" flow="468.00" occupancy="58.84" speed="7.58" harmonicMeanSpeed="1.10" length="5.00" nVehEntered="13"/>
    <interval begin="38800.00" end="38900.00" id="inductionLoop.E1" nVehContrib="9" flow="324.00" occupancy="52.72" speed="8.61" harmonicMeanSpeed="0.86" length="5.00" nVehEntered="10"/>
    <interval begin="38900.00" end="39000.00" id="inductionLoop.E1" nVehContrib="9" flow="324.00" occupancy="59.58" speed="7.28" harmonicMeanSpeed="0.76" length="5.00" nVehEntered="9"/>
    <interval begin="39000.00" end="39100.00" id="inductionLoop.E1" nVehContrib="6" flow="216.00" occupancy="44.09" speed="8.38" harmonicMeanSpeed="0.68" length="5.00" nVehEntered="8"/>
    <interval begin="39100.00" end="39200.00" id="inductionLoop.E1" nVehContrib="4" flow="144.00" occupancy="39.30" speed="10.80" harmonicMeanSpeed="10.38" length="5.00" nVehEntered="7"/>
    <interval begin="39200.00" end="39300.00" id="inductionLoop.E1" nVehContrib="9" flow="324.00" occupancy="40.00" speed="7.39" harmonicMeanSpeed="0.76" length="5.00" nVehEntered="11"/>
    <interval begin="39300.00" end="39400.00" id="inductionLoop.E1" nVehContrib="7" flow="252.00" occupancy="81.27" speed="3.99" harmonicMeanSpeed="0.36" length="5.00" nVehEntered="6"/>
    <interval begin="39400.00" end="39500.00" id="inductionLoop.E1" nVehContrib="10" flow="360.00" occupancy="62.03" speed="6.40" harmonicMeanSpeed="0.81" length="5.00" nVehEntered="11"/>
    <interval begin="39500.00" end="39600.00" id="inductionLoop.E1" nVehContrib="7" flow="252.00" occupancy="45.52" speed="12.66" harmonicMeanSpeed="11.93" length="5.00" nVehEntered="9"/>
    <interval begin="39600.00" end="39700.00" id="inductionLoop.E1" nVehContrib="12" flow="432.00" occupancy="48.13" speed="8.48" harmonicMeanSpeed="1.13" length="5.00" nVehEntered="12"/>
    <interval begin="39700.00" end="39800.00" id="inductionLoop.E1" nVehContrib="20" flow="720.00" occupancy="61.66" speed="9.46" harmonicMeanSpeed="1.01" length="5.00" nVehEntered="19"/>
    <interval begin="39800.00" end="39900.00" id="inductionLoop.E1" nVehContrib="3" flow="108.00" occupancy="60.15" speed="9.39" harmonicMeanSpeed="8.75" length="5.00" nVehEntered="5"/>
    <interval begin="39900.00" end="40000.00" id="inductionLoop.E1" nVehContrib="18" flow="648.00" occupancy="58.32" speed="9.23" harmonicMeanSpeed="1.12" length="5.00" nVehEntered="18"/>
    <interval begin="40000.00" end="40100.00" id="inductionLoop.E1" nVehContrib="13" flow="468.00" occupancy="67.59" speed="9.33" harmonicMeanSpeed="0.63" length="5.00" nVehEntered="13"/>
    <interval begin="40100.00" end="40200.00" id="inductionLoop.E1" nVehContrib="4" flow="144.00" occupancy="76.51" speed="5.78" harmonicMeanSpeed="1.03" length="5.00" nVehEntered="6"/>
    <interval begin="40200.00" end="40300.00" id="inductionLoop.E1" nVehContrib="18" flow="648.00" occupancy="60.21" speed="9.18" harmonicMeanSpeed="0.90" length="5.00" nVehEntered="20"/>
    <interval begin="40300.00" end="40400.00" id="inductionLoop.E1" nVehContrib="7" flow="252.00" occupancy="88.04" speed="6.59" harmonicMeanSpeed="0.34" length="5.00" nVehEntered="6"/>
    <interval begin="40400.00" end="40500.00" id="inductionLoop.E1" nVehContrib="11" flow="396.00" occupancy="82.33" speed="12.26" harmonicMeanSpeed="11.82" length="5.00" nVehEntered="12"/>
    <interval begin="40500.00" end="40600.00" id="inductionLoop.E1" nVehContrib="15" flow="540.00" occupancy="75.53" speed="8.90" harmonicMeanSpeed="0.58" length="5.00" nVehEntered="15"/>
    <interval begin="40600.00" end="40700.00" id="inductionLoop.E1" nVehContrib="16" flow="576.00" occupancy="69.10" speed="8.80" harmonicMeanSpeed="0.85" length="5.00" nVehEntered="15"/>
    <interval begin="40700.00" end="40800.00" id="inductionLoop.E1" nVehContrib="13" flow="468.00" occupancy="13.09" speed="9.40" harmonicMeanSpeed="8.12" length="5.00" nVehEntered="14"/>
    <interval begin="40800.00" end="40900.00" id="inductionLoop.E1" nVehContrib="0" flow="0.00" occupancy="100.00" speed="-1.00" harmonicMeanSpeed="-1.00" length="-1.00" nVehEntered="0"/>
    <interval begin="40900.00" end="41000.00" id="inductionLoop.E1" nVehContrib="11" flow="396.00" occupancy="81.04" speed="7.52" harmonicMeanSpeed="0.40" length="5.00" nVehEntered="11"/>
    <interval begin="41000.00" end="41100.00" id="inductionLoop.E1" nVehContrib="21" flow="756.00" occupancy="64.92" speed="7.88" harmonicMeanSpeed="0.97" length="5.00" nVehEntered="21"/>
    <interval begin="41100.00" end="41200.00" id="inductionLoop.E1" nVehContrib="0" flow="0.00" occupancy="100.00" speed="-1.00" harmonicMeanSpeed="-1.00" length="-1.00" nVehEntered="0"/>
    <interval begin="41200.00" end="41300.00" id="inductionLoop.E1" nVehContrib="36" flow="1296.00" occupancy="42.98" speed="10.91" harmonicMeanSpeed="1.49" length="5.00" nVehEntered="36"/>
    <interval begin="41300.00" end="41400.00" id="inductionLoop.E1" nVehContrib="0" flow="0.00" occupancy="100.00" speed="-1.00" harmonicMeanSpeed="-1.00" length="-1.00" nVehEntered="0"/>
    <interval begin="41400.00" end="41500.00" id="inductionLoop.E1" nVehContrib="19" flow="684.00" occupancy="69.08" speed="7.10" harmonicMeanSpeed="0.49" length="5.00" nVehEntered="18"/>
    <interval begin="41500.00" end="41600.00" id="inductionLoop.E1" nVehContrib="20" flow="720.00" occupancy="70.74" speed="11.77" harmonicMeanSpeed="11.61" length="5.00" nVehEntered="21"/>
    <interval begin="41600.00" end="41700.00" id="inductionLoop.E1" nVehContrib="11" flow="396.00" occupancy="80.63" speed="7.32" harmonicMeanSpeed="0.39" length="5.00" nVehEntered="11"/>
    <interval begin="41700.00" end="41800.00" id="inductionLoop.E1" nVehContrib="25" flow="900.00" occupancy="59.89" speed="10.30" harmonicMeanSpeed="2.13" length="5.00" nVehEntered="25"/>
    <interval begin="41800.00" end="41900.00" id="inductionLoop.E1" nVehContrib="0" flow="0.00" occupancy="100.00" speed="-1.00" harmonicMeanSpeed="-1.00" length="-1.00" nVehEntered="0"/>
    <interval begin="41900.00" end="42000.00" id="inductionLoop.E1" nVehContrib="27" flow="972.00" occupancy="57.13" speed="9.70" harmonicMeanSpeed="0.95" length="5.00" nVehEntered="27"/>
    <interval begin="42000.00" end="42100.00" id="inductionLoop.E1" nVehContrib="0" flow="0.00" occupancy="100.00" speed="-1.00" harmonicMeanSpeed="-1.00" length="-1.00" nVehEntered="0"/>
    <interval begin="42100.00" end="42200.00" id="inductionLoop.E1" nVehContrib="20" flow="720.00" occupancy="68.40" speed="9.97" harmonicMeanSpeed="0.62" length="5.00" nVehEntered="20"/>
    <interval begin="42200.00" end="42300.00" id="inductionLoop.E1" nVehContrib="17" flow="612.00" occupancy="74.10" speed="9.84" harmonicMeanSpeed="0.86" length="5.00" nVehEntered="16"/>
    <interval begin="42300.00" end="42400.00" id="inductionLoop.E1" nVehContrib="5" flow="180.00" occupancy="4.94" speed="9.36" harmonicMeanSpeed="5.06" length="5.00" nVehEntered="5"/>
    <interval begin="42400.00" end="42500.00" id="inductionLoop.E1" nVehContrib="24" flow="864.00" occupancy="27.65" speed="9.87" harmonicMeanSpeed="8.92" length="5.00" nVehEntered="25"/>
    <interval begin="42500.00" end="42600.00" id="inductionLoop.E1" nVehContrib="0" flow="0.00" occupancy="100.00" speed="-1.00" harmonicMeanSpeed="-1.00" length="-1.00" nVehEntered="0"/>
    <interval begin="42600.00" end="42700.00" id="inductionLoop.E1" nVehContrib="10" flow="360.00" occupancy="84.43" speed="8.41" harmonicMeanSpeed="0.25" length="5.00" nVehEntered="9"/>
    <interval begin="42700.00" end="42800.00" id="inductionLoop.E1" nVehContrib="8" flow="288.00" occupancy="86.70" speed="11.77" harmonicMeanSpeed="11.51" length="5.00" nVehEntered="9"/>
    <interval begin="42800.00" end="42900.00" id="inductionLoop.E1" nVehContrib="0" flow="0.00" occupancy="100.00" speed="-1.00" harmonicMeanSpeed="-1.00" length="-1.00" nVehEntered="0"/>
    <interval begin="42900.00" end="43000.00" id="inductionLoop.E1" nVehContrib="23" flow="828.00" occupancy="64.20" speed="10.38" harmonicMeanSpeed="0.59" length="5.00" nVehEntered="23"/>
    <interval begin="43000.00" end="43100.00" id="inductionLoop.E1" nVehContrib="21" flow="756.00" occupancy="66.49" speed="10.30" harmonicMeanSpeed="1.07" length="5.00" nVehEntered="21"/>
    <interval begin="43100.00" end="43200.00" id="inductionLoop.E1" nVehContrib="0" flow="0.00" occupancy="100.00" speed="-1.00" harmonicMeanSpeed="-1.00" length="-1.00" nVehEntered="0"/>
    <interval begin="43200.00" end="43300.00" id="inductionLoop.E1" nVehContrib="15" flow="540.00" occupancy="77.90" speed="9.01" harmonicMeanSpeed="0.38" length="5.00" nVehEntered="14"/>
    <interval begin="43300.00" end="43400.00" id="inductionLoop.E1" nVehContrib="24" flow="864.00" occupancy="64.52" speed="11.78" harmonicMeanSpeed="11.64" length="5.00" nVehEntered="25"/>
    <interval begin="43400.00" end="43500.00" id="inductionLoop.E1" nVehContrib="12" flow="432.00" occupancy="81.04" speed="7.57" harmonicMeanSpeed="0.57" length="5.00" nVehEntered="12"/>
    <interval begin="43500.00" end="43600.00" id="inductionLoop.E1" nVehContrib="0" flow="0.00" occupancy="100.00" speed="-1.00" harmonicMeanSpeed="-1.00" length="-1.00" nVehEntered="0"/>
    <interval begin="43600.00" end="43700.00" id="inductionLoop.E1" nVehContrib="24" flow="864.00" occupancy="61.38" speed="8.27" harmonicMeanSpeed="0.64" length="5.00" nVehEntered="24"/>
    <interval begin="43700.00" end="43800.00" id="inductionLoop.E1" nVehContrib="2" flow="72.00" occupancy="96.49" speed="1.92" harmonicMeanSpeed="0.10" length="5.00" nVehEntered="1"/>
    <interval begin="43800.00" end="43900.00" id="inductionLoop.E1" nVehContrib="9" flow="324.00" occupancy="84.05" speed="5.78" harmonicMeanSpeed="0.54" length="5.00" nVehEntered="9"/>
    <interval begin="43900.00" end="44000.00" id="inductionLoop.E1" nVehContrib="30" flow="1080.00" occupancy="51.29" speed="10.55" harmonicMeanSpeed="3.27" length="5.00" nVehEntered="31"/>
    <interval begin="44000.00" end="44100.00" id="inductionLoop.E1" nVehContrib="3" flow="108.00" occupancy="94.13" speed="3.21" harmonicMeanSpeed="0.15" length="5.00" nVehEntered="2"/>
    <interval begin="44100.00" end="44200.00" id="inductionLoop.E1" nVehContrib="14" flow="504.00" occupancy="78.43" speed="9.41" harmonicMeanSpeed="9.21" length="5.00" nVehEntered="15"/>
    <interval begin="44200.00" end="44300.00" id="inductionLoop.E1" nVehContrib="21" flow="756.00" occupancy="66.64" speed="9.85" harmonicMeanSpeed="0.81" length="5.00" nVehEntered="21"/>
    <interval begin="44300.00" end="44400.00" id="inductionLoop.E1" nVehContrib="0" flow="0.00" occupancy="100.00" speed="-1.00" harmonicMeanSpeed="-1.00" length="-1.00" nVehEntered="0"/>
    <interval begin="44400.00" end="44500.00" id="inductionLoop.E1" nVehContrib="26" flow="936.00" occupancy="57.63" speed="8.05" harmonicMeanSpeed="0.80" length="5.00" nVehEntered="26"/>
    <interval begin="44500.00" end="44600.00" id="inductionLoop.E1" nVehContrib="0" flow="0.00" occupancy="100.00" speed="-1.00" harmonicMeanSpeed="-1.00" length="-1.00" nVehEntered="0"/>
    <interval begin="44600.00" end="44700.00" id="inductionLoop.E1" nVehContrib="21" flow="756.00" occupancy="58.64" speed="9.56" harmonicMeanSpeed="0.65" length="5.00" nVehEntered="20"/>
    <interval begin="44700.00" end="44800.00" id="inductionLoop.E1" nVehContrib="3" flow="108.00" occupancy="59.23" speed="11.39" harmonicMeanSpeed="11.05" length="5.00" nVehEntered="6"/>
    <interval begin="44800.00" end="44900.00" id="inductionLoop.E1" nVehContrib="13" flow="468.00" occupancy="78.29" speed="8.84" harmonicMeanSpeed="0.62" length="5.00" nVehEntered="13"/>
    <interval begin="44900.00" end="45000.00" id="inductionLoop.E1" nVehContrib="1" flow="36.00" occupancy="97.61" speed="0.04" harmonicMeanSpeed="0.04" length="5.00" nVehEntered="1"/>
    <interval begin="45000.00" end="45100.00" id="inductionLoop.E1" nVehContrib="34" flow="1224.00" occupancy="50.48" speed="9.91" harmonicMeanSpeed="3.13" length="5.00" nVehEntered="34"/>
    <interval begin="45100.00" end="45200.00" id="inductionLoop.E1" nVehContrib="0" flow="0.00" occupancy="100.00" speed="-1.00" harmonicMeanSpeed="-1.00" length="-1.00" nVehEntered="0"/>
    <interval begin="45200.00" end="45300.00" id="inductionLoop.E1" nVehContrib="23" flow="828.00" occupancy="63.40" speed="9.32" harmonicMeanSpeed="0.79" length="5.00" nVehEntered="23"/>
    <interval begin="45300.00" end="45400.00" id="inductionLoop.E1" nVehContrib="25" flow="900.00" occupancy="62.28" speed="10.14" harmonicMeanSpeed="1.43" length="5.00" nVehEntered="25"/>
    <interval begin="45400.00" end="45500.00" id="inductionLoop.E1" nVehContrib="0" flow="0.00" occupancy="100.00" speed="-1.00" harmonicMeanSpeed="-1.00" length="-1.00" nVehEntered="0"/>
    <interval begin="45500.00" end="45600.00" id="inductionLoop.E1" nVehContrib="24" flow="864.00" occupancy="64.65" speed="10.74" harmonicMeanSpeed="0.71" length="5.00" nVehEntered="23"/>
    <interval begin="45600.00" end="45700.00" id="inductionLoop.E1" nVehContrib="2" flow="72.00" occupancy="95.78" speed="8.49" harmonicMeanSpeed="8.21" length="5.00" nVehEntered="3"/>
    <interval begin="45700.00" end="45800.00" id="inductionLoop.E1" nVehContrib="22" flow="792.00" occupancy="44.08" speed="9.62" harmonicMeanSpeed="0.86" length="5.00" nVehEntered="23"/>
    <interval begin="45800.00" end="45900.00" id="inductionLoop.E1" nVehContrib="0" flow="0.00" occupancy="100.00" speed="-1.00" harmonicMeanSpeed="-1.00" length="-1.00" nVehEntered="0"/>
    <interval begin="45900.00" end="46000.00" id="inductionLoop.E1" nVehContrib="19" flow="684.00" occupancy="64.42" speed="10.37" harmonicMeanSpeed="0.55" length="5.00" nVehEntered="18"/>
    <interval begin="46000.00" end="46100.00" id="inductionLoop.E1" nVehContrib="8" flow="288.00" occupancy="33.44" speed="11.87" harmonicMeanSpeed="11.53" length="5.00" nVehEntered="9"/>
    <interval begin="46100.00" end="46200.00" id="inductionLoop.E1" nVehContrib="0" flow="0.00" occupancy="100.00" speed="-1.00" harmonicMeanSpeed="-1.00" length="-1.00" nVehEntered="0"/>
    <interval begin="46200.00" end="46300.00" id="inductionLoop.E1" nVehContrib="8" flow="288.00" occupancy="85.28" speed="4.37" harmonicMeanSpeed="0.19" length="5.00" nVehEntered="7"/>
    <interval begin="46300.00" end="46400.00" id="inductionLoop.E1" nVehContrib="36" flow="1296.00" occupancy="32.64" speed="11.28" harmonicMeanSpeed="11.08" length="5.00" nVehEntered="37"/>
    <interval begin="46400.00" end="46500.00" id="inductionLoop.E1" nVehContrib="5" flow="180.00" occupancy="90.72" speed="4.85" harmonicMeanSpeed="0.30" length="5.00" nVehEntered="5"/>
    <interval begin="46500.00" end="46600.00" id="inductionLoop.E1" nVehContrib="5" flow="180.00" occupancy="91.81" speed="5.17" harmonicMeanSpeed="0.21" length="5.00" nVehEntered="5"/>
    <interval begin="46600.00" end="46700.00" id="inductionLoop.E1" nVehContrib="17" flow="612.00" occupancy="71.36" speed="11.60" harmonicMeanSpeed="11.34" length="5.00" nVehEntered="17"/>
    <interval begin="46700.00" end="46800.00" id="inductionLoop.E1" nVehContrib="6" flow="216.00" occupancy="90.10" speed="5.67" harmonicMeanSpeed="0.19" length="5.00" nVehEntered="5"/>
    <interval begin="46800.00" end="46900.00" id="inductionLoop.E1" nVehContrib="18" flow="648.00" occupancy="50.68" speed="9.29" harmonicMeanSpeed="1.90" length="5.00" nVehEntered="19"/>
    <interval begin="46900.00" end="47000.00" id="inductionLoop.E1" nVehContrib="9" flow="324.00" occupancy="86.35" speed="7.88" harmonicMeanSpeed="0.50" length="5.00" nVehEntered="8"/>
    <interval begin="47000.00" end="47100.00" id="inductionLoop.E1" nVehContrib="16" flow="576.00" occupancy="34.19" speed="11.40" harmonicMeanSpeed="10.20" length="5.00" nVehEntered="19"/>
    <interval begin="47100.00" end="47200.00" id="inductionLoop.E1" nVehContrib="0" flow="0.00" occupancy="100.00" speed="-1.00" harmonicMeanSpeed="-1.00" length="-1.00" nVehEntered="0"/>
    <interval begin="47200.00" end="47300.00" id="inductionLoop.E1" nVehContrib="17" flow="612.00" occupancy="72.88" speed="9.35" harmonicMeanSpeed="0.52" length="5.00" nVehEntered="17"/>
    <interval begin="47300.00" end="47400.00" id="inductionLoop.E1" nVehContrib="10" flow="360.00" occupancy="83.43" speed="7.68" harmonicMeanSpeed="0.44" length="5.00" nVehEntered="10"/>
    <interval begin="47400.00" end="47500.00" id="inductionLoop.E1" nVehContrib="28" flow="1008.00" occupancy="48.40" speed="10.02" harmonicMeanSpeed="4.21" length="5.00" nVehEntered="28"/>
    <interval begin="47500.00" end="47600.00" id="inductionLoop.E1" nVehContrib="1" flow="36.00" occupancy="97.64" speed="0.06" harmonicMeanSpeed="0.06" length="5.00" nVehEntered="1"/>
    <interval begin="47600.00" end="47700.00" id="inductionLoop.E1" nVehContrib="16" flow="576.00" occupancy="74.03" speed="8.36" harmonicMeanSpeed="0.80" length="5.00" nVehEntered="15"/>
    <interval begin="47700.00" end="47800.00" id="inductionLoop.E1" nVehContrib="16" flow="576.00" occupancy="69.95" speed="9.43" harmonicMeanSpeed="1.14" length="5.00" nVehEntered="16"/>
    <interval begin="47800.00" end="47900.00" id="inductionLoop.E1" nVehContrib="13" flow="468.00" occupancy="30.41" speed="10.61" harmonicMeanSpeed="5.92" length="5.00" nVehEntered="14"/>
    <interval begin="47900.00" end="48000.00" id="inductionLoop.E1" nVehContrib="0" flow="0.00" occupancy="100.00" speed="-1.00" harmonicMeanSpeed="-1.00" length="-1.00" nVehEntered="0"/>
    <interval begin="48000.00" end="48100.00" id="inductionLoop.E1" nVehContrib="13" flow="468.00" occupancy="80.63" speed="8.16" harmonicMeanSpeed="0.32" length="5.00" nVehEntered="12"/>
    <interval begin="48100.00" end="48200.00" id="inductionLoop.E1" nVehContrib="5" flow="180.00" occupancy="91.72" speed="10.64" harmonicMeanSpeed="10.48" length="5.00" nVehEntered="6"/>
    <interval begin="48200.00" end="48300.00" id="inductionLoop.E1" nVehContrib="23" flow="828.00" occupancy="38.92" speed="9.60" harmonicMeanSpeed="0.90" length="5.00" nVehEntered="22"/>
    <interval begin="48300.00" end="48400.00" id="inductionLoop.E1" nVehContrib="0" flow="0.00" occupancy="92.26" speed="-1.00" harmonicMeanSpeed="-1.00" length="-1.00" nVehEntered="3"/>
    <interval begin="48400.00" end="48500.00" id="inductionLoop.E1" nVehContrib="25" flow="900.00" occupancy="51.41" speed="9.91" harmonicMeanSpeed="0.87" length="5.00" nVehEntered="24"/>
    <interval begin="48500.00" end="48600.00" id="inductionLoop.E1" nVehContrib="10" flow="360.00" occupancy="4.48" speed="12.14" harmonicMeanSpeed="11.54" length="5.00" nVehEntered="11"/>
    <interval begin="48600.00" end="48700.00" id="inductionLoop.E1" nVehContrib="0" flow="0.00" occupancy="96.05" speed="-1.00" harmonicMeanSpeed="-1.00" length="-1.00" nVehEntered="1"/>
    <interval begin="48700.00" end="48800.00" id="inductionLoop.E1" nVehContrib="25" flow="900.00" occupancy="47.44" speed="10.65" harmonicMeanSpeed="0.90" length="5.00" nVehEntered="27"/>
    <interval begin="48800.00" end="48900.00" id="inductionLoop.E1" nVehContrib="0" flow="0.00" occupancy="100.00" speed="-1.00" harmonicMeanSpeed="-1.00" length="-1.00" nVehEntered="0"/>
    <interval begin="48900.00" end="49000.00" id="inductionLoop.E1" nVehContrib="6" flow="216.00" occupancy="88.96" speed="5.94" harmonicMeanSpeed="0.16" length="5.00" nVehEntered="6"/>
    <interval begin="49000.00" end="49100.00" id="inductionLoop.E1" nVehContrib="27" flow="972.00" occupancy="12.23" speed="11.56" harmonicMeanSpeed="10.93" length="5.00" nVehEntered="26"/>
    <interval begin="49100.00" end="49200.00" id="inductionLoop.E1" nVehContrib="1" flow="36.00" occupancy="59.86" speed="3.32" harmonicMeanSpeed="3.32" length="5.00" nVehEntered="3"/>
    <interval begin="49200.00" end="49300.00" id="inductionLoop.E1" nVehContrib="9" flow="324.00" occupancy="66.55" speed="7.81" harmonicMeanSpeed="0.36" length="5.00" nVehEntered="8"/>
    <interval begin="49300.00" end="49400.00" id="inductionLoop.E1" nVehContrib="7" flow="252.00" occupancy="4.94" speed="12.41" harmonicMeanSpeed="9.73" length="5.00" nVehEntered="9"/>
    <interval begin="49400.00" end="49500.00" id="inductionLoop.E1" nVehContrib="0" flow="0.00" occupancy="100.00" speed="-1.00" harmonicMeanSpeed="-1.00" length="-1.00" nVehEntered="0"/>
    <interval begin="49500.00" end="49600.00" id="inductionLoop.E1" nVehContrib="12" flow="432.00" occupancy="80.74" speed="7.80" harmonicMeanSpeed="0.41" length="5.00" nVehEntered="12"/>
    <interval begin="49600.00" end="49700.00" id="inductionLoop.E1" nVehContrib="15" flow="540.00" occupancy="62.57" speed="8.79" harmonicMeanSpeed="0.76" length="5.00" nVehEntered="14"/>
    <interval begin="49700.00" end="49800.00" id="inductionLoop.E1" nVehContrib="12" flow="432.00" occupancy="61.02" speed="9.08" harmonicMeanSpeed="0.99" length="5.00" nVehEntered="14"/>
    <interval begin="49800.00" end="49900.00" id="inductionLoop.E1" nVehContrib="6" flow="216.00" occupancy="3.91" speed="9.94" harmonicMeanSpeed="8.64" length="5.00" nVehEntered="7"/>
    <interval begin="49900.00" end="50000.00" id="inductionLoop.E1" nVehContrib="5" flow="180.00" occupancy="48.93" speed="8.61" harmonicMeanSpeed="5.89" length="5.00" nVehEntered="7"/>
    <interval begin="50000.00" end="50010.00" id="inductionLoop.E1" nVehContrib="0" flow="0.00" occupancy="100.00" speed="-1.00" harmonicMeanSpeed="-1.00" length="-1.00" nVehEntered="0"/>
</detector>
