<?xml version="1.0" encoding="UTF-8"?>

<!-- generated on 2023-07-22 00:08:04 by Eclipse SUMO sumo Version 1.12.0
<configuration xmlns:xsi="http://www.w3.org/2001/XMLSchema-instance" xsi:noNamespaceSchemaLocation="http://sumo.dlr.de/xsd/sumoConfiguration.xsd">

    <input>
        <net-file value="Data0-9/intersection.net.xml"/>
        <route-files value="Data0-9/intersection.rou.xml"/>
        <additional-files value="Data0-9/intersection.det.xml"/>
    </input>

    <output>
        <tripinfo-output value="Data0-9/tripinfo.xml"/>
    </output>

    <time>
        <begin value="0"/>
    </time>

    <processing>
        <time-to-teleport value="-1"/>
        <waiting-time-memory value="60000"/>
    </processing>

    <report>
        <verbose value="true"/>
        <no-step-log value="true"/>
    </report>

    <emissions>
        <device.emissions.probability value="1"/>
    </emissions>

    <traci_server>
        <remote-port value="47633"/>
    </traci_server>

    <gui_only>
        <gui-settings-file value="Data0-9/intersection.settings.xml"/>
    </gui_only>

</configuration>
-->

<detector xmlns:xsi="http://www.w3.org/2001/XMLSchema-instance" xsi:noNamespaceSchemaLocation="http://sumo.dlr.de/xsd/det_e1_file.xsd">
    <interval begin="0.00" end="100.00" id="inductionLoop.N1" nVehContrib="0" flow="0.00" occupancy="0.00" speed="-1.00" harmonicMeanSpeed="-1.00" length="-1.00" nVehEntered="0"/>
    <interval begin="100.00" end="200.00" id="inductionLoop.N1" nVehContrib="0" flow="0.00" occupancy="0.00" speed="-1.00" harmonicMeanSpeed="-1.00" length="-1.00" nVehEntered="0"/>
    <interval begin="200.00" end="300.00" id="inductionLoop.N1" nVehContrib="3" flow="108.00" occupancy="1.12" speed="13.45" harmonicMeanSpeed="13.40" length="5.00" nVehEntered="3"/>
    <interval begin="300.00" end="400.00" id="inductionLoop.N1" nVehContrib="3" flow="108.00" occupancy="1.20" speed="12.69" harmonicMeanSpeed="12.53" length="5.00" nVehEntered="3"/>
    <interval begin="400.00" end="500.00" id="inductionLoop.N1" nVehContrib="2" flow="72.00" occupancy="0.92" speed="11.60" harmonicMeanSpeed="10.90" length="5.00" nVehEntered="2"/>
    <interval begin="500.00" end="600.00" id="inductionLoop.N1" nVehContrib="4" flow="144.00" occupancy="2.24" speed="11.17" harmonicMeanSpeed="8.93" length="5.00" nVehEntered="4"/>
    <interval begin="600.00" end="700.00" id="inductionLoop.N1" nVehContrib="5" flow="180.00" occupancy="2.36" speed="11.28" harmonicMeanSpeed="10.60" length="5.00" nVehEntered="5"/>
    <interval begin="700.00" end="800.00" id="inductionLoop.N1" nVehContrib="3" flow="108.00" occupancy="1.27" speed="12.28" harmonicMeanSpeed="11.85" length="5.00" nVehEntered="3"/>
    <interval begin="800.00" end="900.00" id="inductionLoop.N1" nVehContrib="0" flow="0.00" occupancy="0.00" speed="-1.00" harmonicMeanSpeed="-1.00" length="-1.00" nVehEntered="0"/>
    <interval begin="900.00" end="1000.00" id="inductionLoop.N1" nVehContrib="0" flow="0.00" occupancy="0.00" speed="-1.00" harmonicMeanSpeed="-1.00" length="-1.00" nVehEntered="0"/>
    <interval begin="1000.00" end="1100.00" id="inductionLoop.N1" nVehContrib="1" flow="36.00" occupancy="0.36" speed="13.78" harmonicMeanSpeed="13.78" length="5.00" nVehEntered="1"/>
    <interval begin="1100.00" end="1200.00" id="inductionLoop.N1" nVehContrib="0" flow="0.00" occupancy="0.00" speed="-1.00" harmonicMeanSpeed="-1.00" length="-1.00" nVehEntered="0"/>
    <interval begin="1200.00" end="1300.00" id="inductionLoop.N1" nVehContrib="1" flow="36.00" occupancy="1.12" speed="4.46" harmonicMeanSpeed="4.46" length="5.00" nVehEntered="1"/>
    <interval begin="1300.00" end="1400.00" id="inductionLoop.N1" nVehContrib="0" flow="0.00" occupancy="0.00" speed="-1.00" harmonicMeanSpeed="-1.00" length="-1.00" nVehEntered="0"/>
    <interval begin="1400.00" end="1500.00" id="inductionLoop.N1" nVehContrib="1" flow="36.00" occupancy="0.36" speed="13.82" harmonicMeanSpeed="13.82" length="5.00" nVehEntered="1"/>
    <interval begin="1500.00" end="1600.00" id="inductionLoop.N1" nVehContrib="1" flow="36.00" occupancy="1.05" speed="4.74" harmonicMeanSpeed="4.74" length="5.00" nVehEntered="1"/>
    <interval begin="1600.00" end="1700.00" id="inductionLoop.N1" nVehContrib="4" flow="144.00" occupancy="3.42" speed="8.56" harmonicMeanSpeed="5.85" length="5.00" nVehEntered="4"/>
    <interval begin="1700.00" end="1800.00" id="inductionLoop.N1" nVehContrib="3" flow="108.00" occupancy="1.14" speed="13.36" harmonicMeanSpeed="13.17" length="5.00" nVehEntered="3"/>
    <interval begin="1800.00" end="1900.00" id="inductionLoop.N1" nVehContrib="2" flow="72.00" occupancy="0.88" speed="11.43" harmonicMeanSpeed="11.36" length="5.00" nVehEntered="2"/>
    <interval begin="1900.00" end="2000.00" id="inductionLoop.N1" nVehContrib="1" flow="36.00" occupancy="0.35" speed="14.44" harmonicMeanSpeed="14.44" length="5.00" nVehEntered="1"/>
    <interval begin="2000.00" end="2100.00" id="inductionLoop.N1" nVehContrib="2" flow="72.00" occupancy="0.70" speed="14.32" harmonicMeanSpeed="14.32" length="5.00" nVehEntered="2"/>
    <interval begin="2100.00" end="2200.00" id="inductionLoop.N1" nVehContrib="2" flow="72.00" occupancy="0.77" speed="13.09" harmonicMeanSpeed="13.02" length="5.00" nVehEntered="2"/>
    <interval begin="2200.00" end="2300.00" id="inductionLoop.N1" nVehContrib="1" flow="36.00" occupancy="0.42" speed="11.83" harmonicMeanSpeed="11.83" length="5.00" nVehEntered="1"/>
    <interval begin="2300.00" end="2400.00" id="inductionLoop.N1" nVehContrib="0" flow="0.00" occupancy="0.00" speed="-1.00" harmonicMeanSpeed="-1.00" length="-1.00" nVehEntered="0"/>
    <interval begin="2400.00" end="2500.00" id="inductionLoop.N1" nVehContrib="4" flow="144.00" occupancy="1.77" speed="12.94" harmonicMeanSpeed="12.77" length="5.00" nVehEntered="5"/>
    <interval begin="2500.00" end="2600.00" id="inductionLoop.N1" nVehContrib="1" flow="36.00" occupancy="0.40" speed="8.32" harmonicMeanSpeed="8.32" length="5.00" nVehEntered="0"/>
    <interval begin="2600.00" end="2700.00" id="inductionLoop.N1" nVehContrib="1" flow="36.00" occupancy="0.36" speed="13.98" harmonicMeanSpeed="13.98" length="5.00" nVehEntered="1"/>
    <interval begin="2700.00" end="2800.00" id="inductionLoop.N1" nVehContrib="0" flow="0.00" occupancy="0.00" speed="-1.00" harmonicMeanSpeed="-1.00" length="-1.00" nVehEntered="0"/>
    <interval begin="2800.00" end="2900.00" id="inductionLoop.N1" nVehContrib="1" flow="36.00" occupancy="0.37" speed="13.44" harmonicMeanSpeed="13.44" length="5.00" nVehEntered="1"/>
    <interval begin="2900.00" end="3000.00" id="inductionLoop.N1" nVehContrib="1" flow="36.00" occupancy="0.38" speed="13.01" harmonicMeanSpeed="13.01" length="5.00" nVehEntered="1"/>
    <interval begin="3000.00" end="3100.00" id="inductionLoop.N1" nVehContrib="0" flow="0.00" occupancy="0.00" speed="-1.00" harmonicMeanSpeed="-1.00" length="-1.00" nVehEntered="0"/>
    <interval begin="3100.00" end="3200.00" id="inductionLoop.N1" nVehContrib="2" flow="72.00" occupancy="1.53" speed="8.33" harmonicMeanSpeed="6.56" length="5.00" nVehEntered="2"/>
    <interval begin="3200.00" end="3300.00" id="inductionLoop.N1" nVehContrib="3" flow="108.00" occupancy="1.21" speed="12.78" harmonicMeanSpeed="12.43" length="5.00" nVehEntered="3"/>
    <interval begin="3300.00" end="3400.00" id="inductionLoop.N1" nVehContrib="0" flow="0.00" occupancy="0.00" speed="-1.00" harmonicMeanSpeed="-1.00" length="-1.00" nVehEntered="0"/>
    <interval begin="3400.00" end="3500.00" id="inductionLoop.N1" nVehContrib="2" flow="72.00" occupancy="1.48" speed="7.92" harmonicMeanSpeed="6.74" length="5.00" nVehEntered="2"/>
    <interval begin="3500.00" end="3600.00" id="inductionLoop.N1" nVehContrib="0" flow="0.00" occupancy="0.00" speed="-1.00" harmonicMeanSpeed="-1.00" length="-1.00" nVehEntered="0"/>
    <interval begin="3600.00" end="3700.00" id="inductionLoop.N1" nVehContrib="1" flow="36.00" occupancy="0.32" speed="15.69" harmonicMeanSpeed="15.69" length="5.00" nVehEntered="1"/>
    <interval begin="3700.00" end="3800.00" id="inductionLoop.N1" nVehContrib="4" flow="144.00" occupancy="2.38" speed="9.65" harmonicMeanSpeed="8.40" length="5.00" nVehEntered="4"/>
    <interval begin="3800.00" end="3900.00" id="inductionLoop.N1" nVehContrib="0" flow="0.00" occupancy="0.00" speed="-1.00" harmonicMeanSpeed="-1.00" length="-1.00" nVehEntered="0"/>
    <interval begin="3900.00" end="4000.00" id="inductionLoop.N1" nVehContrib="1" flow="36.00" occupancy="0.38" speed="13.21" harmonicMeanSpeed="13.21" length="5.00" nVehEntered="1"/>
    <interval begin="4000.00" end="4100.00" id="inductionLoop.N1" nVehContrib="0" flow="0.00" occupancy="0.00" speed="-1.00" harmonicMeanSpeed="-1.00" length="-1.00" nVehEntered="0"/>
    <interval begin="4100.00" end="4200.00" id="inductionLoop.N1" nVehContrib="0" flow="0.00" occupancy="0.00" speed="-1.00" harmonicMeanSpeed="-1.00" length="-1.00" nVehEntered="0"/>
    <interval begin="4200.00" end="4300.00" id="inductionLoop.N1" nVehContrib="2" flow="72.00" occupancy="0.81" speed="12.35" harmonicMeanSpeed="12.31" length="5.00" nVehEntered="2"/>
    <interval begin="4300.00" end="4400.00" id="inductionLoop.N1" nVehContrib="2" flow="72.00" occupancy="0.77" speed="13.04" harmonicMeanSpeed="12.99" length="5.00" nVehEntered="2"/>
    <interval begin="4400.00" end="4500.00" id="inductionLoop.N1" nVehContrib="2" flow="72.00" occupancy="1.37" speed="9.28" harmonicMeanSpeed="7.27" length="5.00" nVehEntered="2"/>
    <interval begin="4500.00" end="4600.00" id="inductionLoop.N1" nVehContrib="2" flow="72.00" occupancy="1.02" speed="12.84" harmonicMeanSpeed="12.83" length="5.00" nVehEntered="3"/>
    <interval begin="4600.00" end="4700.00" id="inductionLoop.N1" nVehContrib="1" flow="36.00" occupancy="0.16" speed="12.23" harmonicMeanSpeed="12.23" length="5.00" nVehEntered="0"/>
    <interval begin="4700.00" end="4800.00" id="inductionLoop.N1" nVehContrib="2" flow="72.00" occupancy="0.83" speed="12.30" harmonicMeanSpeed="12.12" length="5.00" nVehEntered="2"/>
    <interval begin="4800.00" end="4900.00" id="inductionLoop.N1" nVehContrib="1" flow="36.00" occupancy="0.36" speed="13.93" harmonicMeanSpeed="13.93" length="5.00" nVehEntered="1"/>
    <interval begin="4900.00" end="5000.00" id="inductionLoop.N1" nVehContrib="1" flow="36.00" occupancy="0.45" speed="11.02" harmonicMeanSpeed="11.02" length="5.00" nVehEntered="1"/>
    <interval begin="5000.00" end="5100.00" id="inductionLoop.N1" nVehContrib="1" flow="36.00" occupancy="0.35" speed="14.11" harmonicMeanSpeed="14.11" length="5.00" nVehEntered="1"/>
    <interval begin="5100.00" end="5200.00" id="inductionLoop.N1" nVehContrib="1" flow="36.00" occupancy="0.34" speed="14.50" harmonicMeanSpeed="14.50" length="5.00" nVehEntered="1"/>
    <interval begin="5200.00" end="5300.00" id="inductionLoop.N1" nVehContrib="0" flow="0.00" occupancy="0.00" speed="-1.00" harmonicMeanSpeed="-1.00" length="-1.00" nVehEntered="0"/>
    <interval begin="5300.00" end="5400.00" id="inductionLoop.N1" nVehContrib="2" flow="72.00" occupancy="6.27" speed="9.70" harmonicMeanSpeed="9.30" length="5.00" nVehEntered="3"/>
    <interval begin="5400.00" end="5500.00" id="inductionLoop.N1" nVehContrib="2" flow="72.00" occupancy="1.51" speed="8.81" harmonicMeanSpeed="6.63" length="5.00" nVehEntered="2"/>
    <interval begin="5500.00" end="5600.00" id="inductionLoop.N1" nVehContrib="2" flow="72.00" occupancy="0.72" speed="13.90" harmonicMeanSpeed="13.88" length="5.00" nVehEntered="2"/>
    <interval begin="5600.00" end="5700.00" id="inductionLoop.N1" nVehContrib="0" flow="0.00" occupancy="0.00" speed="-1.00" harmonicMeanSpeed="-1.00" length="-1.00" nVehEntered="0"/>
    <interval begin="5700.00" end="5800.00" id="inductionLoop.N1" nVehContrib="1" flow="36.00" occupancy="0.39" speed="12.95" harmonicMeanSpeed="12.95" length="5.00" nVehEntered="1"/>
    <interval begin="5800.00" end="5900.00" id="inductionLoop.N1" nVehContrib="0" flow="0.00" occupancy="0.00" speed="-1.00" harmonicMeanSpeed="-1.00" length="-1.00" nVehEntered="0"/>
    <interval begin="5900.00" end="6000.00" id="inductionLoop.N1" nVehContrib="0" flow="0.00" occupancy="0.00" speed="-1.00" harmonicMeanSpeed="-1.00" length="-1.00" nVehEntered="0"/>
    <interval begin="6000.00" end="6100.00" id="inductionLoop.N1" nVehContrib="0" flow="0.00" occupancy="0.00" speed="-1.00" harmonicMeanSpeed="-1.00" length="-1.00" nVehEntered="0"/>
    <interval begin="6100.00" end="6200.00" id="inductionLoop.N1" nVehContrib="1" flow="36.00" occupancy="0.33" speed="15.36" harmonicMeanSpeed="15.36" length="5.00" nVehEntered="1"/>
    <interval begin="6200.00" end="6300.00" id="inductionLoop.N1" nVehContrib="2" flow="72.00" occupancy="0.70" speed="14.29" harmonicMeanSpeed="14.28" length="5.00" nVehEntered="2"/>
    <interval begin="6300.00" end="6400.00" id="inductionLoop.N1" nVehContrib="3" flow="108.00" occupancy="1.43" speed="10.84" harmonicMeanSpeed="10.51" length="5.00" nVehEntered="3"/>
    <interval begin="6400.00" end="6500.00" id="inductionLoop.N1" nVehContrib="0" flow="0.00" occupancy="0.00" speed="-1.00" harmonicMeanSpeed="-1.00" length="-1.00" nVehEntered="0"/>
    <interval begin="6500.00" end="6600.00" id="inductionLoop.N1" nVehContrib="1" flow="36.00" occupancy="0.39" speed="12.89" harmonicMeanSpeed="12.89" length="5.00" nVehEntered="1"/>
    <interval begin="6600.00" end="6700.00" id="inductionLoop.N1" nVehContrib="1" flow="36.00" occupancy="0.37" speed="13.68" harmonicMeanSpeed="13.68" length="5.00" nVehEntered="1"/>
    <interval begin="6700.00" end="6800.00" id="inductionLoop.N1" nVehContrib="0" flow="0.00" occupancy="0.00" speed="-1.00" harmonicMeanSpeed="-1.00" length="-1.00" nVehEntered="0"/>
    <interval begin="6800.00" end="6900.00" id="inductionLoop.N1" nVehContrib="0" flow="0.00" occupancy="0.00" speed="-1.00" harmonicMeanSpeed="-1.00" length="-1.00" nVehEntered="0"/>
    <interval begin="6900.00" end="7000.00" id="inductionLoop.N1" nVehContrib="0" flow="0.00" occupancy="0.00" speed="-1.00" harmonicMeanSpeed="-1.00" length="-1.00" nVehEntered="0"/>
    <interval begin="7000.00" end="7100.00" id="inductionLoop.N1" nVehContrib="0" flow="0.00" occupancy="0.00" speed="-1.00" harmonicMeanSpeed="-1.00" length="-1.00" nVehEntered="0"/>
    <interval begin="7100.00" end="7200.00" id="inductionLoop.N1" nVehContrib="0" flow="0.00" occupancy="0.00" speed="-1.00" harmonicMeanSpeed="-1.00" length="-1.00" nVehEntered="0"/>
    <interval begin="7200.00" end="7300.00" id="inductionLoop.N1" nVehContrib="0" flow="0.00" occupancy="0.00" speed="-1.00" harmonicMeanSpeed="-1.00" length="-1.00" nVehEntered="0"/>
    <interval begin="7300.00" end="7400.00" id="inductionLoop.N1" nVehContrib="0" flow="0.00" occupancy="0.00" speed="-1.00" harmonicMeanSpeed="-1.00" length="-1.00" nVehEntered="0"/>
    <interval begin="7400.00" end="7500.00" id="inductionLoop.N1" nVehContrib="2" flow="72.00" occupancy="0.70" speed="14.44" harmonicMeanSpeed="14.35" length="5.00" nVehEntered="2"/>
    <interval begin="7500.00" end="7600.00" id="inductionLoop.N1" nVehContrib="0" flow="0.00" occupancy="0.00" speed="-1.00" harmonicMeanSpeed="-1.00" length="-1.00" nVehEntered="0"/>
    <interval begin="7600.00" end="7700.00" id="inductionLoop.N1" nVehContrib="2" flow="72.00" occupancy="1.57" speed="8.69" harmonicMeanSpeed="6.37" length="5.00" nVehEntered="2"/>
    <interval begin="7700.00" end="7800.00" id="inductionLoop.N1" nVehContrib="0" flow="0.00" occupancy="0.00" speed="-1.00" harmonicMeanSpeed="-1.00" length="-1.00" nVehEntered="0"/>
    <interval begin="7800.00" end="7900.00" id="inductionLoop.N1" nVehContrib="0" flow="0.00" occupancy="0.00" speed="-1.00" harmonicMeanSpeed="-1.00" length="-1.00" nVehEntered="0"/>
    <interval begin="7900.00" end="8000.00" id="inductionLoop.N1" nVehContrib="1" flow="36.00" occupancy="0.42" speed="12.01" harmonicMeanSpeed="12.01" length="5.00" nVehEntered="1"/>
    <interval begin="8000.00" end="8100.00" id="inductionLoop.N1" nVehContrib="0" flow="0.00" occupancy="0.00" speed="-1.00" harmonicMeanSpeed="-1.00" length="-1.00" nVehEntered="0"/>
    <interval begin="8100.00" end="8200.00" id="inductionLoop.N1" nVehContrib="0" flow="0.00" occupancy="0.00" speed="-1.00" harmonicMeanSpeed="-1.00" length="-1.00" nVehEntered="0"/>
    <interval begin="8200.00" end="8300.00" id="inductionLoop.N1" nVehContrib="0" flow="0.00" occupancy="0.00" speed="-1.00" harmonicMeanSpeed="-1.00" length="-1.00" nVehEntered="0"/>
    <interval begin="8300.00" end="8400.00" id="inductionLoop.N1" nVehContrib="0" flow="0.00" occupancy="0.00" speed="-1.00" harmonicMeanSpeed="-1.00" length="-1.00" nVehEntered="0"/>
    <interval begin="8400.00" end="8500.00" id="inductionLoop.N1" nVehContrib="0" flow="0.00" occupancy="0.00" speed="-1.00" harmonicMeanSpeed="-1.00" length="-1.00" nVehEntered="0"/>
    <interval begin="8500.00" end="8600.00" id="inductionLoop.N1" nVehContrib="0" flow="0.00" occupancy="0.00" speed="-1.00" harmonicMeanSpeed="-1.00" length="-1.00" nVehEntered="0"/>
    <interval begin="8600.00" end="8700.00" id="inductionLoop.N1" nVehContrib="0" flow="0.00" occupancy="0.00" speed="-1.00" harmonicMeanSpeed="-1.00" length="-1.00" nVehEntered="0"/>
    <interval begin="8700.00" end="8800.00" id="inductionLoop.N1" nVehContrib="0" flow="0.00" occupancy="0.00" speed="-1.00" harmonicMeanSpeed="-1.00" length="-1.00" nVehEntered="0"/>
    <interval begin="8800.00" end="8900.00" id="inductionLoop.N1" nVehContrib="1" flow="36.00" occupancy="0.34" speed="14.90" harmonicMeanSpeed="14.90" length="5.00" nVehEntered="1"/>
    <interval begin="8900.00" end="9000.00" id="inductionLoop.N1" nVehContrib="0" flow="0.00" occupancy="0.00" speed="-1.00" harmonicMeanSpeed="-1.00" length="-1.00" nVehEntered="0"/>
    <interval begin="9000.00" end="9100.00" id="inductionLoop.N1" nVehContrib="0" flow="0.00" occupancy="0.00" speed="-1.00" harmonicMeanSpeed="-1.00" length="-1.00" nVehEntered="0"/>
    <interval begin="9100.00" end="9200.00" id="inductionLoop.N1" nVehContrib="2" flow="72.00" occupancy="0.75" speed="13.37" harmonicMeanSpeed="13.31" length="5.00" nVehEntered="2"/>
    <interval begin="9200.00" end="9300.00" id="inductionLoop.N1" nVehContrib="1" flow="36.00" occupancy="1.35" speed="3.70" harmonicMeanSpeed="3.70" length="5.00" nVehEntered="1"/>
    <interval begin="9300.00" end="9400.00" id="inductionLoop.N1" nVehContrib="0" flow="0.00" occupancy="0.00" speed="-1.00" harmonicMeanSpeed="-1.00" length="-1.00" nVehEntered="0"/>
    <interval begin="9400.00" end="9500.00" id="inductionLoop.N1" nVehContrib="0" flow="0.00" occupancy="0.00" speed="-1.00" harmonicMeanSpeed="-1.00" length="-1.00" nVehEntered="0"/>
    <interval begin="9500.00" end="9600.00" id="inductionLoop.N1" nVehContrib="0" flow="0.00" occupancy="0.00" speed="-1.00" harmonicMeanSpeed="-1.00" length="-1.00" nVehEntered="0"/>
    <interval begin="9600.00" end="9700.00" id="inductionLoop.N1" nVehContrib="2" flow="72.00" occupancy="0.71" speed="13.99" harmonicMeanSpeed="13.99" length="5.00" nVehEntered="2"/>
    <interval begin="9700.00" end="9800.00" id="inductionLoop.N1" nVehContrib="1" flow="36.00" occupancy="0.37" speed="13.67" harmonicMeanSpeed="13.67" length="5.00" nVehEntered="1"/>
    <interval begin="9800.00" end="9900.00" id="inductionLoop.N1" nVehContrib="1" flow="36.00" occupancy="1.18" speed="4.24" harmonicMeanSpeed="4.24" length="5.00" nVehEntered="1"/>
    <interval begin="9900.00" end="10000.00" id="inductionLoop.N1" nVehContrib="0" flow="0.00" occupancy="0.00" speed="-1.00" harmonicMeanSpeed="-1.00" length="-1.00" nVehEntered="0"/>
    <interval begin="10000.00" end="10100.00" id="inductionLoop.N1" nVehContrib="1" flow="36.00" occupancy="1.03" speed="4.86" harmonicMeanSpeed="4.86" length="5.00" nVehEntered="1"/>
    <interval begin="10100.00" end="10200.00" id="inductionLoop.N1" nVehContrib="0" flow="0.00" occupancy="0.00" speed="-1.00" harmonicMeanSpeed="-1.00" length="-1.00" nVehEntered="0"/>
    <interval begin="10200.00" end="10300.00" id="inductionLoop.N1" nVehContrib="1" flow="36.00" occupancy="1.20" speed="4.16" harmonicMeanSpeed="4.16" length="5.00" nVehEntered="1"/>
    <interval begin="10300.00" end="10400.00" id="inductionLoop.N1" nVehContrib="0" flow="0.00" occupancy="0.00" speed="-1.00" harmonicMeanSpeed="-1.00" length="-1.00" nVehEntered="0"/>
    <interval begin="10400.00" end="10500.00" id="inductionLoop.N1" nVehContrib="0" flow="0.00" occupancy="0.00" speed="-1.00" harmonicMeanSpeed="-1.00" length="-1.00" nVehEntered="0"/>
    <interval begin="10500.00" end="10600.00" id="inductionLoop.N1" nVehContrib="0" flow="0.00" occupancy="0.00" speed="-1.00" harmonicMeanSpeed="-1.00" length="-1.00" nVehEntered="0"/>
    <interval begin="10600.00" end="10700.00" id="inductionLoop.N1" nVehContrib="2" flow="72.00" occupancy="1.49" speed="9.23" harmonicMeanSpeed="6.72" length="5.00" nVehEntered="2"/>
    <interval begin="10700.00" end="10800.00" id="inductionLoop.N1" nVehContrib="0" flow="0.00" occupancy="0.00" speed="-1.00" harmonicMeanSpeed="-1.00" length="-1.00" nVehEntered="0"/>
    <interval begin="10800.00" end="10900.00" id="inductionLoop.N1" nVehContrib="2" flow="72.00" occupancy="0.79" speed="12.81" harmonicMeanSpeed="12.62" length="5.00" nVehEntered="2"/>
    <interval begin="10900.00" end="11000.00" id="inductionLoop.N1" nVehContrib="0" flow="0.00" occupancy="0.00" speed="-1.00" harmonicMeanSpeed="-1.00" length="-1.00" nVehEntered="0"/>
    <interval begin="11000.00" end="11100.00" id="inductionLoop.N1" nVehContrib="0" flow="0.00" occupancy="0.00" speed="-1.00" harmonicMeanSpeed="-1.00" length="-1.00" nVehEntered="0"/>
    <interval begin="11100.00" end="11200.00" id="inductionLoop.N1" nVehContrib="1" flow="36.00" occupancy="1.03" speed="4.86" harmonicMeanSpeed="4.86" length="5.00" nVehEntered="1"/>
    <interval begin="11200.00" end="11300.00" id="inductionLoop.N1" nVehContrib="0" flow="0.00" occupancy="0.00" speed="-1.00" harmonicMeanSpeed="-1.00" length="-1.00" nVehEntered="0"/>
    <interval begin="11300.00" end="11400.00" id="inductionLoop.N1" nVehContrib="0" flow="0.00" occupancy="0.00" speed="-1.00" harmonicMeanSpeed="-1.00" length="-1.00" nVehEntered="0"/>
    <interval begin="11400.00" end="11500.00" id="inductionLoop.N1" nVehContrib="0" flow="0.00" occupancy="0.00" speed="-1.00" harmonicMeanSpeed="-1.00" length="-1.00" nVehEntered="0"/>
    <interval begin="11500.00" end="11600.00" id="inductionLoop.N1" nVehContrib="1" flow="36.00" occupancy="1.26" speed="3.95" harmonicMeanSpeed="3.95" length="5.00" nVehEntered="1"/>
    <interval begin="11600.00" end="11700.00" id="inductionLoop.N1" nVehContrib="0" flow="0.00" occupancy="0.00" speed="-1.00" harmonicMeanSpeed="-1.00" length="-1.00" nVehEntered="0"/>
    <interval begin="11700.00" end="11800.00" id="inductionLoop.N1" nVehContrib="1" flow="36.00" occupancy="0.38" speed="13.00" harmonicMeanSpeed="13.00" length="5.00" nVehEntered="1"/>
    <interval begin="11800.00" end="11900.00" id="inductionLoop.N1" nVehContrib="0" flow="0.00" occupancy="0.00" speed="-1.00" harmonicMeanSpeed="-1.00" length="-1.00" nVehEntered="0"/>
    <interval begin="11900.00" end="12000.00" id="inductionLoop.N1" nVehContrib="1" flow="36.00" occupancy="0.37" speed="13.41" harmonicMeanSpeed="13.41" length="5.00" nVehEntered="1"/>
    <interval begin="12000.00" end="12100.00" id="inductionLoop.N1" nVehContrib="0" flow="0.00" occupancy="0.00" speed="-1.00" harmonicMeanSpeed="-1.00" length="-1.00" nVehEntered="0"/>
    <interval begin="12100.00" end="12200.00" id="inductionLoop.N1" nVehContrib="0" flow="0.00" occupancy="0.00" speed="-1.00" harmonicMeanSpeed="-1.00" length="-1.00" nVehEntered="0"/>
    <interval begin="12200.00" end="12300.00" id="inductionLoop.N1" nVehContrib="0" flow="0.00" occupancy="0.00" speed="-1.00" harmonicMeanSpeed="-1.00" length="-1.00" nVehEntered="0"/>
    <interval begin="12300.00" end="12400.00" id="inductionLoop.N1" nVehContrib="1" flow="36.00" occupancy="0.36" speed="13.82" harmonicMeanSpeed="13.82" length="5.00" nVehEntered="1"/>
    <interval begin="12400.00" end="12500.00" id="inductionLoop.N1" nVehContrib="0" flow="0.00" occupancy="0.00" speed="-1.00" harmonicMeanSpeed="-1.00" length="-1.00" nVehEntered="0"/>
    <interval begin="12500.00" end="12600.00" id="inductionLoop.N1" nVehContrib="1" flow="36.00" occupancy="0.41" speed="12.22" harmonicMeanSpeed="12.22" length="5.00" nVehEntered="1"/>
    <interval begin="12600.00" end="12700.00" id="inductionLoop.N1" nVehContrib="1" flow="36.00" occupancy="0.38" speed="13.28" harmonicMeanSpeed="13.28" length="5.00" nVehEntered="1"/>
    <interval begin="12700.00" end="12800.00" id="inductionLoop.N1" nVehContrib="0" flow="0.00" occupancy="0.00" speed="-1.00" harmonicMeanSpeed="-1.00" length="-1.00" nVehEntered="0"/>
    <interval begin="12800.00" end="12900.00" id="inductionLoop.N1" nVehContrib="0" flow="0.00" occupancy="0.00" speed="-1.00" harmonicMeanSpeed="-1.00" length="-1.00" nVehEntered="0"/>
    <interval begin="12900.00" end="13000.00" id="inductionLoop.N1" nVehContrib="1" flow="36.00" occupancy="0.40" speed="12.64" harmonicMeanSpeed="12.64" length="5.00" nVehEntered="1"/>
    <interval begin="13000.00" end="13100.00" id="inductionLoop.N1" nVehContrib="0" flow="0.00" occupancy="0.00" speed="-1.00" harmonicMeanSpeed="-1.00" length="-1.00" nVehEntered="0"/>
    <interval begin="13100.00" end="13200.00" id="inductionLoop.N1" nVehContrib="0" flow="0.00" occupancy="0.00" speed="-1.00" harmonicMeanSpeed="-1.00" length="-1.00" nVehEntered="0"/>
    <interval begin="13200.00" end="13300.00" id="inductionLoop.N1" nVehContrib="0" flow="0.00" occupancy="0.00" speed="-1.00" harmonicMeanSpeed="-1.00" length="-1.00" nVehEntered="0"/>
    <interval begin="13300.00" end="13400.00" id="inductionLoop.N1" nVehContrib="0" flow="0.00" occupancy="0.00" speed="-1.00" harmonicMeanSpeed="-1.00" length="-1.00" nVehEntered="0"/>
    <interval begin="13400.00" end="13500.00" id="inductionLoop.N1" nVehContrib="0" flow="0.00" occupancy="0.00" speed="-1.00" harmonicMeanSpeed="-1.00" length="-1.00" nVehEntered="0"/>
    <interval begin="13500.00" end="13600.00" id="inductionLoop.N1" nVehContrib="0" flow="0.00" occupancy="0.00" speed="-1.00" harmonicMeanSpeed="-1.00" length="-1.00" nVehEntered="0"/>
    <interval begin="13600.00" end="13700.00" id="inductionLoop.N1" nVehContrib="2" flow="72.00" occupancy="0.78" speed="12.83" harmonicMeanSpeed="12.82" length="5.00" nVehEntered="2"/>
    <interval begin="13700.00" end="13800.00" id="inductionLoop.N1" nVehContrib="1" flow="36.00" occupancy="0.35" speed="14.29" harmonicMeanSpeed="14.29" length="5.00" nVehEntered="1"/>
    <interval begin="13800.00" end="13900.00" id="inductionLoop.N1" nVehContrib="0" flow="0.00" occupancy="0.00" speed="-1.00" harmonicMeanSpeed="-1.00" length="-1.00" nVehEntered="0"/>
    <interval begin="13900.00" end="14000.00" id="inductionLoop.N1" nVehContrib="0" flow="0.00" occupancy="0.00" speed="-1.00" harmonicMeanSpeed="-1.00" length="-1.00" nVehEntered="0"/>
    <interval begin="14000.00" end="14100.00" id="inductionLoop.N1" nVehContrib="0" flow="0.00" occupancy="0.00" speed="-1.00" harmonicMeanSpeed="-1.00" length="-1.00" nVehEntered="0"/>
    <interval begin="14100.00" end="14200.00" id="inductionLoop.N1" nVehContrib="0" flow="0.00" occupancy="0.00" speed="-1.00" harmonicMeanSpeed="-1.00" length="-1.00" nVehEntered="0"/>
    <interval begin="14200.00" end="14300.00" id="inductionLoop.N1" nVehContrib="2" flow="72.00" occupancy="1.54" speed="9.47" harmonicMeanSpeed="6.47" length="5.00" nVehEntered="2"/>
    <interval begin="14300.00" end="14400.00" id="inductionLoop.N1" nVehContrib="1" flow="36.00" occupancy="1.02" speed="4.88" harmonicMeanSpeed="4.88" length="5.00" nVehEntered="1"/>
    <interval begin="14400.00" end="14500.00" id="inductionLoop.N1" nVehContrib="1" flow="36.00" occupancy="0.36" speed="13.93" harmonicMeanSpeed="13.93" length="5.00" nVehEntered="1"/>
    <interval begin="14500.00" end="14600.00" id="inductionLoop.N1" nVehContrib="0" flow="0.00" occupancy="0.00" speed="-1.00" harmonicMeanSpeed="-1.00" length="-1.00" nVehEntered="0"/>
    <interval begin="14600.00" end="14700.00" id="inductionLoop.N1" nVehContrib="0" flow="0.00" occupancy="0.00" speed="-1.00" harmonicMeanSpeed="-1.00" length="-1.00" nVehEntered="0"/>
    <interval begin="14700.00" end="14800.00" id="inductionLoop.N1" nVehContrib="2" flow="72.00" occupancy="0.73" speed="13.69" harmonicMeanSpeed="13.68" length="5.00" nVehEntered="2"/>
    <interval begin="14800.00" end="14900.00" id="inductionLoop.N1" nVehContrib="0" flow="0.00" occupancy="0.00" speed="-1.00" harmonicMeanSpeed="-1.00" length="-1.00" nVehEntered="0"/>
    <interval begin="14900.00" end="15000.00" id="inductionLoop.N1" nVehContrib="0" flow="0.00" occupancy="0.00" speed="-1.00" harmonicMeanSpeed="-1.00" length="-1.00" nVehEntered="0"/>
    <interval begin="15000.00" end="15100.00" id="inductionLoop.N1" nVehContrib="0" flow="0.00" occupancy="0.00" speed="-1.00" harmonicMeanSpeed="-1.00" length="-1.00" nVehEntered="0"/>
    <interval begin="15100.00" end="15200.00" id="inductionLoop.N1" nVehContrib="0" flow="0.00" occupancy="0.00" speed="-1.00" harmonicMeanSpeed="-1.00" length="-1.00" nVehEntered="0"/>
    <interval begin="15200.00" end="15300.00" id="inductionLoop.N1" nVehContrib="1" flow="36.00" occupancy="1.37" speed="3.64" harmonicMeanSpeed="3.64" length="5.00" nVehEntered="1"/>
    <interval begin="15300.00" end="15400.00" id="inductionLoop.N1" nVehContrib="0" flow="0.00" occupancy="0.00" speed="-1.00" harmonicMeanSpeed="-1.00" length="-1.00" nVehEntered="0"/>
    <interval begin="15400.00" end="15500.00" id="inductionLoop.N1" nVehContrib="0" flow="0.00" occupancy="0.00" speed="-1.00" harmonicMeanSpeed="-1.00" length="-1.00" nVehEntered="0"/>
    <interval begin="15500.00" end="15600.00" id="inductionLoop.N1" nVehContrib="2" flow="72.00" occupancy="0.72" speed="13.87" harmonicMeanSpeed="13.86" length="5.00" nVehEntered="2"/>
    <interval begin="15600.00" end="15700.00" id="inductionLoop.N1" nVehContrib="0" flow="0.00" occupancy="0.00" speed="-1.00" harmonicMeanSpeed="-1.00" length="-1.00" nVehEntered="0"/>
    <interval begin="15700.00" end="15800.00" id="inductionLoop.N1" nVehContrib="1" flow="36.00" occupancy="0.36" speed="13.88" harmonicMeanSpeed="13.88" length="5.00" nVehEntered="1"/>
    <interval begin="15800.00" end="15900.00" id="inductionLoop.N1" nVehContrib="0" flow="0.00" occupancy="0.00" speed="-1.00" harmonicMeanSpeed="-1.00" length="-1.00" nVehEntered="0"/>
    <interval begin="15900.00" end="16000.00" id="inductionLoop.N1" nVehContrib="1" flow="36.00" occupancy="0.35" speed="14.11" harmonicMeanSpeed="14.11" length="5.00" nVehEntered="1"/>
    <interval begin="16000.00" end="16100.00" id="inductionLoop.N1" nVehContrib="0" flow="0.00" occupancy="0.00" speed="-1.00" harmonicMeanSpeed="-1.00" length="-1.00" nVehEntered="0"/>
    <interval begin="16100.00" end="16200.00" id="inductionLoop.N1" nVehContrib="0" flow="0.00" occupancy="0.00" speed="-1.00" harmonicMeanSpeed="-1.00" length="-1.00" nVehEntered="0"/>
    <interval begin="16200.00" end="16300.00" id="inductionLoop.N1" nVehContrib="0" flow="0.00" occupancy="0.00" speed="-1.00" harmonicMeanSpeed="-1.00" length="-1.00" nVehEntered="0"/>
    <interval begin="16300.00" end="16400.00" id="inductionLoop.N1" nVehContrib="4" flow="144.00" occupancy="2.93" speed="8.95" harmonicMeanSpeed="6.83" length="5.00" nVehEntered="4"/>
    <interval begin="16400.00" end="16500.00" id="inductionLoop.N1" nVehContrib="1" flow="36.00" occupancy="0.32" speed="15.48" harmonicMeanSpeed="15.48" length="5.00" nVehEntered="1"/>
    <interval begin="16500.00" end="16600.00" id="inductionLoop.N1" nVehContrib="1" flow="36.00" occupancy="0.36" speed="13.84" harmonicMeanSpeed="13.84" length="5.00" nVehEntered="1"/>
    <interval begin="16600.00" end="16700.00" id="inductionLoop.N1" nVehContrib="1" flow="36.00" occupancy="0.39" speed="12.87" harmonicMeanSpeed="12.87" length="5.00" nVehEntered="1"/>
    <interval begin="16700.00" end="16800.00" id="inductionLoop.N1" nVehContrib="0" flow="0.00" occupancy="0.00" speed="-1.00" harmonicMeanSpeed="-1.00" length="-1.00" nVehEntered="0"/>
    <interval begin="16800.00" end="16900.00" id="inductionLoop.N1" nVehContrib="0" flow="0.00" occupancy="0.00" speed="-1.00" harmonicMeanSpeed="-1.00" length="-1.00" nVehEntered="0"/>
    <interval begin="16900.00" end="17000.00" id="inductionLoop.N1" nVehContrib="1" flow="36.00" occupancy="0.37" speed="13.67" harmonicMeanSpeed="13.67" length="5.00" nVehEntered="1"/>
    <interval begin="17000.00" end="17100.00" id="inductionLoop.N1" nVehContrib="0" flow="0.00" occupancy="0.00" speed="-1.00" harmonicMeanSpeed="-1.00" length="-1.00" nVehEntered="0"/>
    <interval begin="17100.00" end="17200.00" id="inductionLoop.N1" nVehContrib="0" flow="0.00" occupancy="0.00" speed="-1.00" harmonicMeanSpeed="-1.00" length="-1.00" nVehEntered="0"/>
    <interval begin="17200.00" end="17300.00" id="inductionLoop.N1" nVehContrib="0" flow="0.00" occupancy="0.00" speed="-1.00" harmonicMeanSpeed="-1.00" length="-1.00" nVehEntered="0"/>
    <interval begin="17300.00" end="17400.00" id="inductionLoop.N1" nVehContrib="0" flow="0.00" occupancy="0.00" speed="-1.00" harmonicMeanSpeed="-1.00" length="-1.00" nVehEntered="0"/>
    <interval begin="17400.00" end="17500.00" id="inductionLoop.N1" nVehContrib="7" flow="252.00" occupancy="2.91" speed="12.27" harmonicMeanSpeed="12.02" length="5.00" nVehEntered="7"/>
    <interval begin="17500.00" end="17600.00" id="inductionLoop.N1" nVehContrib="0" flow="0.00" occupancy="0.00" speed="-1.00" harmonicMeanSpeed="-1.00" length="-1.00" nVehEntered="0"/>
    <interval begin="17600.00" end="17700.00" id="inductionLoop.N1" nVehContrib="1" flow="36.00" occupancy="0.34" speed="14.86" harmonicMeanSpeed="14.86" length="5.00" nVehEntered="1"/>
    <interval begin="17700.00" end="17800.00" id="inductionLoop.N1" nVehContrib="3" flow="108.00" occupancy="1.22" speed="12.42" harmonicMeanSpeed="12.29" length="5.00" nVehEntered="3"/>
    <interval begin="17800.00" end="17900.00" id="inductionLoop.N1" nVehContrib="1" flow="36.00" occupancy="0.45" speed="11.23" harmonicMeanSpeed="11.23" length="5.00" nVehEntered="1"/>
    <interval begin="17900.00" end="18000.00" id="inductionLoop.N1" nVehContrib="0" flow="0.00" occupancy="0.00" speed="-1.00" harmonicMeanSpeed="-1.00" length="-1.00" nVehEntered="0"/>
    <interval begin="18000.00" end="18100.00" id="inductionLoop.N1" nVehContrib="1" flow="36.00" occupancy="0.36" speed="13.71" harmonicMeanSpeed="13.71" length="5.00" nVehEntered="1"/>
    <interval begin="18100.00" end="18200.00" id="inductionLoop.N1" nVehContrib="0" flow="0.00" occupancy="0.00" speed="-1.00" harmonicMeanSpeed="-1.00" length="-1.00" nVehEntered="0"/>
    <interval begin="18200.00" end="18300.00" id="inductionLoop.N1" nVehContrib="2" flow="72.00" occupancy="1.09" speed="9.59" harmonicMeanSpeed="9.21" length="5.00" nVehEntered="2"/>
    <interval begin="18300.00" end="18400.00" id="inductionLoop.N1" nVehContrib="1" flow="36.00" occupancy="0.32" speed="15.44" harmonicMeanSpeed="15.44" length="5.00" nVehEntered="1"/>
    <interval begin="18400.00" end="18500.00" id="inductionLoop.N1" nVehContrib="4" flow="144.00" occupancy="1.62" speed="12.38" harmonicMeanSpeed="12.34" length="5.00" nVehEntered="4"/>
    <interval begin="18500.00" end="18600.00" id="inductionLoop.N1" nVehContrib="3" flow="108.00" occupancy="2.78" speed="6.90" harmonicMeanSpeed="5.39" length="5.00" nVehEntered="3"/>
    <interval begin="18600.00" end="18700.00" id="inductionLoop.N1" nVehContrib="1" flow="36.00" occupancy="0.36" speed="13.96" harmonicMeanSpeed="13.96" length="5.00" nVehEntered="1"/>
    <interval begin="18700.00" end="18800.00" id="inductionLoop.N1" nVehContrib="0" flow="0.00" occupancy="0.00" speed="-1.00" harmonicMeanSpeed="-1.00" length="-1.00" nVehEntered="0"/>
    <interval begin="18800.00" end="18900.00" id="inductionLoop.N1" nVehContrib="1" flow="36.00" occupancy="0.39" speed="12.93" harmonicMeanSpeed="12.93" length="5.00" nVehEntered="1"/>
    <interval begin="18900.00" end="19000.00" id="inductionLoop.N1" nVehContrib="2" flow="72.00" occupancy="0.72" speed="13.93" harmonicMeanSpeed="13.93" length="5.00" nVehEntered="2"/>
    <interval begin="19000.00" end="19100.00" id="inductionLoop.N1" nVehContrib="3" flow="108.00" occupancy="1.07" speed="14.00" harmonicMeanSpeed="13.97" length="5.00" nVehEntered="3"/>
    <interval begin="19100.00" end="19200.00" id="inductionLoop.N1" nVehContrib="0" flow="0.00" occupancy="0.00" speed="-1.00" harmonicMeanSpeed="-1.00" length="-1.00" nVehEntered="0"/>
    <interval begin="19200.00" end="19300.00" id="inductionLoop.N1" nVehContrib="1" flow="36.00" occupancy="0.33" speed="14.97" harmonicMeanSpeed="14.97" length="5.00" nVehEntered="1"/>
    <interval begin="19300.00" end="19400.00" id="inductionLoop.N1" nVehContrib="0" flow="0.00" occupancy="0.00" speed="-1.00" harmonicMeanSpeed="-1.00" length="-1.00" nVehEntered="0"/>
    <interval begin="19400.00" end="19500.00" id="inductionLoop.N1" nVehContrib="3" flow="108.00" occupancy="1.13" speed="13.39" harmonicMeanSpeed="13.33" length="5.00" nVehEntered="3"/>
    <interval begin="19500.00" end="19600.00" id="inductionLoop.N1" nVehContrib="1" flow="36.00" occupancy="0.35" speed="14.33" harmonicMeanSpeed="14.33" length="5.00" nVehEntered="1"/>
    <interval begin="19600.00" end="19700.00" id="inductionLoop.N1" nVehContrib="2" flow="72.00" occupancy="1.70" speed="7.87" harmonicMeanSpeed="5.90" length="5.00" nVehEntered="2"/>
    <interval begin="19700.00" end="19800.00" id="inductionLoop.N1" nVehContrib="1" flow="36.00" occupancy="0.46" speed="10.93" harmonicMeanSpeed="10.93" length="5.00" nVehEntered="1"/>
    <interval begin="19800.00" end="19900.00" id="inductionLoop.N1" nVehContrib="3" flow="108.00" occupancy="1.24" speed="12.15" harmonicMeanSpeed="12.07" length="5.00" nVehEntered="3"/>
    <interval begin="19900.00" end="20000.00" id="inductionLoop.N1" nVehContrib="2" flow="72.00" occupancy="0.77" speed="12.99" harmonicMeanSpeed="12.97" length="5.00" nVehEntered="2"/>
    <interval begin="20000.00" end="20100.00" id="inductionLoop.N1" nVehContrib="1" flow="36.00" occupancy="0.38" speed="13.13" harmonicMeanSpeed="13.13" length="5.00" nVehEntered="1"/>
    <interval begin="20100.00" end="20200.00" id="inductionLoop.N1" nVehContrib="0" flow="0.00" occupancy="0.00" speed="-1.00" harmonicMeanSpeed="-1.00" length="-1.00" nVehEntered="0"/>
    <interval begin="20200.00" end="20300.00" id="inductionLoop.N1" nVehContrib="4" flow="144.00" occupancy="1.78" speed="12.04" harmonicMeanSpeed="11.26" length="5.00" nVehEntered="4"/>
    <interval begin="20300.00" end="20400.00" id="inductionLoop.N1" nVehContrib="5" flow="180.00" occupancy="12.07" speed="8.60" harmonicMeanSpeed="6.98" length="5.00" nVehEntered="6"/>
    <interval begin="20400.00" end="20500.00" id="inductionLoop.N1" nVehContrib="4" flow="144.00" occupancy="1.82" speed="11.27" harmonicMeanSpeed="11.01" length="5.00" nVehEntered="4"/>
    <interval begin="20500.00" end="20600.00" id="inductionLoop.N1" nVehContrib="4" flow="144.00" occupancy="4.01" speed="6.11" harmonicMeanSpeed="4.99" length="5.00" nVehEntered="4"/>
    <interval begin="20600.00" end="20700.00" id="inductionLoop.N1" nVehContrib="3" flow="108.00" occupancy="9.58" speed="11.33" harmonicMeanSpeed="11.08" length="5.00" nVehEntered="4"/>
    <interval begin="20700.00" end="20800.00" id="inductionLoop.N1" nVehContrib="4" flow="144.00" occupancy="34.41" speed="7.80" harmonicMeanSpeed="5.25" length="5.00" nVehEntered="5"/>
    <interval begin="20800.00" end="20900.00" id="inductionLoop.N1" nVehContrib="7" flow="252.00" occupancy="82.90" speed="1.72" harmonicMeanSpeed="0.35" length="5.00" nVehEntered="7"/>
    <interval begin="20900.00" end="21000.00" id="inductionLoop.N1" nVehContrib="4" flow="144.00" occupancy="34.92" speed="5.11" harmonicMeanSpeed="0.41" length="5.00" nVehEntered="3"/>
    <interval begin="21000.00" end="21100.00" id="inductionLoop.N1" nVehContrib="3" flow="108.00" occupancy="1.23" speed="12.28" harmonicMeanSpeed="12.17" length="5.00" nVehEntered="3"/>
    <interval begin="21100.00" end="21200.00" id="inductionLoop.N1" nVehContrib="3" flow="108.00" occupancy="1.20" speed="13.02" harmonicMeanSpeed="12.50" length="5.00" nVehEntered="3"/>
    <interval begin="21200.00" end="21300.00" id="inductionLoop.N1" nVehContrib="0" flow="0.00" occupancy="0.00" speed="-1.00" harmonicMeanSpeed="-1.00" length="-1.00" nVehEntered="0"/>
    <interval begin="21300.00" end="21400.00" id="inductionLoop.N1" nVehContrib="0" flow="0.00" occupancy="0.00" speed="-1.00" harmonicMeanSpeed="-1.00" length="-1.00" nVehEntered="0"/>
    <interval begin="21400.00" end="21500.00" id="inductionLoop.N1" nVehContrib="4" flow="144.00" occupancy="20.39" speed="7.33" harmonicMeanSpeed="0.98" length="5.00" nVehEntered="4"/>
    <interval begin="21500.00" end="21600.00" id="inductionLoop.N1" nVehContrib="6" flow="216.00" occupancy="4.89" speed="8.28" harmonicMeanSpeed="6.14" length="5.00" nVehEntered="6"/>
    <interval begin="21600.00" end="21700.00" id="inductionLoop.N1" nVehContrib="3" flow="108.00" occupancy="19.05" speed="8.17" harmonicMeanSpeed="6.13" length="5.00" nVehEntered="4"/>
    <interval begin="21700.00" end="21800.00" id="inductionLoop.N1" nVehContrib="2" flow="72.00" occupancy="0.75" speed="13.32" harmonicMeanSpeed="13.32" length="5.00" nVehEntered="2"/>
    <interval begin="21800.00" end="21900.00" id="inductionLoop.N1" nVehContrib="7" flow="252.00" occupancy="17.38" speed="7.68" harmonicMeanSpeed="2.01" length="5.00" nVehEntered="7"/>
    <interval begin="21900.00" end="22000.00" id="inductionLoop.N1" nVehContrib="9" flow="324.00" occupancy="69.60" speed="4.00" harmonicMeanSpeed="0.65" length="5.00" nVehEntered="9"/>
    <interval begin="22000.00" end="22100.00" id="inductionLoop.N1" nVehContrib="4" flow="144.00" occupancy="83.10" speed="1.17" harmonicMeanSpeed="0.35" length="5.00" nVehEntered="5"/>
    <interval begin="22100.00" end="22200.00" id="inductionLoop.N1" nVehContrib="8" flow="288.00" occupancy="19.72" speed="7.35" harmonicMeanSpeed="0.89" length="5.00" nVehEntered="7"/>
    <interval begin="22200.00" end="22300.00" id="inductionLoop.N1" nVehContrib="3" flow="108.00" occupancy="1.05" speed="14.31" harmonicMeanSpeed="14.29" length="5.00" nVehEntered="3"/>
    <interval begin="22300.00" end="22400.00" id="inductionLoop.N1" nVehContrib="9" flow="324.00" occupancy="28.06" speed="7.80" harmonicMeanSpeed="1.60" length="5.00" nVehEntered="9"/>
    <interval begin="22400.00" end="22500.00" id="inductionLoop.N1" nVehContrib="10" flow="360.00" occupancy="33.56" speed="7.85" harmonicMeanSpeed="1.49" length="5.00" nVehEntered="10"/>
    <interval begin="22500.00" end="22600.00" id="inductionLoop.N1" nVehContrib="7" flow="252.00" occupancy="3.07" speed="11.95" harmonicMeanSpeed="11.41" length="5.00" nVehEntered="7"/>
    <interval begin="22600.00" end="22700.00" id="inductionLoop.N1" nVehContrib="8" flow="288.00" occupancy="17.06" speed="8.66" harmonicMeanSpeed="6.30" length="5.00" nVehEntered="10"/>
    <interval begin="22700.00" end="22800.00" id="inductionLoop.N1" nVehContrib="6" flow="216.00" occupancy="16.18" speed="10.60" harmonicMeanSpeed="1.72" length="5.00" nVehEntered="5"/>
    <interval begin="22800.00" end="22900.00" id="inductionLoop.N1" nVehContrib="7" flow="252.00" occupancy="30.12" speed="9.08" harmonicMeanSpeed="2.93" length="5.00" nVehEntered="8"/>
    <interval begin="22900.00" end="23000.00" id="inductionLoop.N1" nVehContrib="6" flow="216.00" occupancy="46.04" speed="5.72" harmonicMeanSpeed="0.96" length="5.00" nVehEntered="6"/>
    <interval begin="23000.00" end="23100.00" id="inductionLoop.N1" nVehContrib="12" flow="432.00" occupancy="34.90" speed="4.29" harmonicMeanSpeed="0.88" length="5.00" nVehEntered="11"/>
    <interval begin="23100.00" end="23200.00" id="inductionLoop.N1" nVehContrib="7" flow="252.00" occupancy="20.26" speed="7.19" harmonicMeanSpeed="4.64" length="5.00" nVehEntered="8"/>
    <interval begin="23200.00" end="23300.00" id="inductionLoop.N1" nVehContrib="13" flow="468.00" occupancy="63.10" speed="5.38" harmonicMeanSpeed="0.86" length="5.00" nVehEntered="12"/>
    <interval begin="23300.00" end="23400.00" id="inductionLoop.N1" nVehContrib="6" flow="216.00" occupancy="48.25" speed="7.28" harmonicMeanSpeed="1.57" length="5.00" nVehEntered="7"/>
    <interval begin="23400.00" end="23500.00" id="inductionLoop.N1" nVehContrib="2" flow="72.00" occupancy="61.26" speed="11.21" harmonicMeanSpeed="10.23" length="5.00" nVehEntered="3"/>
    <interval begin="23500.00" end="23600.00" id="inductionLoop.N1" nVehContrib="10" flow="360.00" occupancy="82.29" speed="5.78" harmonicMeanSpeed="0.45" length="5.00" nVehEntered="10"/>
    <interval begin="23600.00" end="23700.00" id="inductionLoop.N1" nVehContrib="6" flow="216.00" occupancy="15.31" speed="5.26" harmonicMeanSpeed="0.64" length="5.00" nVehEntered="5"/>
    <interval begin="23700.00" end="23800.00" id="inductionLoop.N1" nVehContrib="6" flow="216.00" occupancy="32.60" speed="11.32" harmonicMeanSpeed="10.69" length="5.00" nVehEntered="7"/>
    <interval begin="23800.00" end="23900.00" id="inductionLoop.N1" nVehContrib="8" flow="288.00" occupancy="14.38" speed="7.95" harmonicMeanSpeed="2.99" length="5.00" nVehEntered="8"/>
    <interval begin="23900.00" end="24000.00" id="inductionLoop.N1" nVehContrib="8" flow="288.00" occupancy="29.32" speed="7.69" harmonicMeanSpeed="1.36" length="5.00" nVehEntered="8"/>
    <interval begin="24000.00" end="24100.00" id="inductionLoop.N1" nVehContrib="14" flow="504.00" occupancy="46.25" speed="6.30" harmonicMeanSpeed="1.51" length="5.00" nVehEntered="14"/>
    <interval begin="24100.00" end="24200.00" id="inductionLoop.N1" nVehContrib="7" flow="252.00" occupancy="8.69" speed="8.09" harmonicMeanSpeed="4.03" length="5.00" nVehEntered="7"/>
    <interval begin="24200.00" end="24300.00" id="inductionLoop.N1" nVehContrib="10" flow="360.00" occupancy="58.57" speed="5.47" harmonicMeanSpeed="1.10" length="5.00" nVehEntered="12"/>
    <interval begin="24300.00" end="24400.00" id="inductionLoop.N1" nVehContrib="11" flow="396.00" occupancy="68.43" speed="5.75" harmonicMeanSpeed="0.84" length="5.00" nVehEntered="11"/>
    <interval begin="24400.00" end="24500.00" id="inductionLoop.N1" nVehContrib="4" flow="144.00" occupancy="91.49" speed="1.96" harmonicMeanSpeed="0.48" length="5.00" nVehEntered="4"/>
    <interval begin="24500.00" end="24600.00" id="inductionLoop.N1" nVehContrib="18" flow="648.00" occupancy="67.10" speed="5.99" harmonicMeanSpeed="0.70" length="5.00" nVehEntered="17"/>
    <interval begin="24600.00" end="24700.00" id="inductionLoop.N1" nVehContrib="14" flow="504.00" occupancy="67.29" speed="4.87" harmonicMeanSpeed="1.05" length="5.00" nVehEntered="15"/>
    <interval begin="24700.00" end="24800.00" id="inductionLoop.N1" nVehContrib="14" flow="504.00" occupancy="30.19" speed="7.57" harmonicMeanSpeed="2.29" length="5.00" nVehEntered="13"/>
    <interval begin="24800.00" end="24900.00" id="inductionLoop.N1" nVehContrib="11" flow="396.00" occupancy="57.46" speed="4.84" harmonicMeanSpeed="1.23" length="5.00" nVehEntered="12"/>
    <interval begin="24900.00" end="25000.00" id="inductionLoop.N1" nVehContrib="9" flow="324.00" occupancy="81.96" speed="3.90" harmonicMeanSpeed="0.53" length="5.00" nVehEntered="9"/>
    <interval begin="25000.00" end="25100.00" id="inductionLoop.N1" nVehContrib="10" flow="360.00" occupancy="80.95" speed="4.92" harmonicMeanSpeed="0.91" length="5.00" nVehEntered="10"/>
    <interval begin="25100.00" end="25200.00" id="inductionLoop.N1" nVehContrib="14" flow="504.00" occupancy="76.30" speed="6.60" harmonicMeanSpeed="0.66" length="5.00" nVehEntered="14"/>
    <interval begin="25200.00" end="25300.00" id="inductionLoop.N1" nVehContrib="14" flow="504.00" occupancy="74.70" speed="6.60" harmonicMeanSpeed="0.91" length="5.00" nVehEntered="14"/>
    <interval begin="25300.00" end="25400.00" id="inductionLoop.N1" nVehContrib="5" flow="180.00" occupancy="85.13" speed="3.20" harmonicMeanSpeed="0.69" length="5.00" nVehEntered="5"/>
    <interval begin="25400.00" end="25500.00" id="inductionLoop.N1" nVehContrib="12" flow="432.00" occupancy="65.38" speed="5.42" harmonicMeanSpeed="0.53" length="5.00" nVehEntered="12"/>
    <interval begin="25500.00" end="25600.00" id="inductionLoop.N1" nVehContrib="8" flow="288.00" occupancy="38.82" speed="6.26" harmonicMeanSpeed="1.03" length="5.00" nVehEntered="9"/>
    <interval begin="25600.00" end="25700.00" id="inductionLoop.N1" nVehContrib="9" flow="324.00" occupancy="83.91" speed="7.19" harmonicMeanSpeed="0.68" length="5.00" nVehEntered="9"/>
    <interval begin="25700.00" end="25800.00" id="inductionLoop.N1" nVehContrib="14" flow="504.00" occupancy="75.15" speed="4.56" harmonicMeanSpeed="0.82" length="5.00" nVehEntered="14"/>
    <interval begin="25800.00" end="25900.00" id="inductionLoop.N1" nVehContrib="3" flow="108.00" occupancy="92.94" speed="1.50" harmonicMeanSpeed="0.16" length="5.00" nVehEntered="3"/>
    <interval begin="25900.00" end="26000.00" id="inductionLoop.N1" nVehContrib="7" flow="252.00" occupancy="86.41" speed="4.54" harmonicMeanSpeed="0.87" length="5.00" nVehEntered="7"/>
    <interval begin="26000.00" end="26100.00" id="inductionLoop.N1" nVehContrib="15" flow="540.00" occupancy="73.45" speed="6.29" harmonicMeanSpeed="0.82" length="5.00" nVehEntered="15"/>
    <interval begin="26100.00" end="26200.00" id="inductionLoop.N1" nVehContrib="17" flow="612.00" occupancy="72.43" speed="6.31" harmonicMeanSpeed="0.90" length="5.00" nVehEntered="17"/>
    <interval begin="26200.00" end="26300.00" id="inductionLoop.N1" nVehContrib="2" flow="72.00" occupancy="95.60" speed="0.11" harmonicMeanSpeed="0.11" length="5.00" nVehEntered="2"/>
    <interval begin="26300.00" end="26400.00" id="inductionLoop.N1" nVehContrib="9" flow="324.00" occupancy="82.96" speed="4.35" harmonicMeanSpeed="0.53" length="5.00" nVehEntered="9"/>
    <interval begin="26400.00" end="26500.00" id="inductionLoop.N1" nVehContrib="13" flow="468.00" occupancy="76.86" speed="5.50" harmonicMeanSpeed="0.75" length="5.00" nVehEntered="13"/>
    <interval begin="26500.00" end="26600.00" id="inductionLoop.N1" nVehContrib="4" flow="144.00" occupancy="22.13" speed="2.98" harmonicMeanSpeed="0.84" length="5.00" nVehEntered="3"/>
    <interval begin="26600.00" end="26700.00" id="inductionLoop.N1" nVehContrib="5" flow="180.00" occupancy="2.89" speed="11.36" harmonicMeanSpeed="8.66" length="5.00" nVehEntered="5"/>
    <interval begin="26700.00" end="26800.00" id="inductionLoop.N1" nVehContrib="9" flow="324.00" occupancy="7.27" speed="10.09" harmonicMeanSpeed="6.19" length="5.00" nVehEntered="9"/>
    <interval begin="26800.00" end="26900.00" id="inductionLoop.N1" nVehContrib="8" flow="288.00" occupancy="40.26" speed="6.71" harmonicMeanSpeed="0.99" length="5.00" nVehEntered="8"/>
    <interval begin="26900.00" end="27000.00" id="inductionLoop.N1" nVehContrib="9" flow="324.00" occupancy="69.23" speed="5.20" harmonicMeanSpeed="0.79" length="5.00" nVehEntered="10"/>
    <interval begin="27000.00" end="27100.00" id="inductionLoop.N1" nVehContrib="4" flow="144.00" occupancy="92.96" speed="0.99" harmonicMeanSpeed="0.19" length="5.00" nVehEntered="3"/>
    <interval begin="27100.00" end="27200.00" id="inductionLoop.N1" nVehContrib="7" flow="252.00" occupancy="82.98" speed="3.84" harmonicMeanSpeed="0.42" length="5.00" nVehEntered="7"/>
    <interval begin="27200.00" end="27300.00" id="inductionLoop.N1" nVehContrib="4" flow="144.00" occupancy="43.46" speed="1.97" harmonicMeanSpeed="0.46" length="5.00" nVehEntered="4"/>
    <interval begin="27300.00" end="27400.00" id="inductionLoop.N1" nVehContrib="6" flow="216.00" occupancy="14.56" speed="6.27" harmonicMeanSpeed="2.06" length="5.00" nVehEntered="6"/>
    <interval begin="27400.00" end="27500.00" id="inductionLoop.N1" nVehContrib="2" flow="72.00" occupancy="71.94" speed="0.27" harmonicMeanSpeed="0.22" length="5.00" nVehEntered="4"/>
    <interval begin="27500.00" end="27600.00" id="inductionLoop.N1" nVehContrib="8" flow="288.00" occupancy="32.09" speed="5.57" harmonicMeanSpeed="0.86" length="5.00" nVehEntered="8"/>
    <interval begin="27600.00" end="27700.00" id="inductionLoop.N1" nVehContrib="9" flow="324.00" occupancy="58.93" speed="5.23" harmonicMeanSpeed="1.62" length="5.00" nVehEntered="9"/>
    <interval begin="27700.00" end="27800.00" id="inductionLoop.N1" nVehContrib="9" flow="324.00" occupancy="82.62" speed="3.53" harmonicMeanSpeed="0.44" length="5.00" nVehEntered="9"/>
    <interval begin="27800.00" end="27900.00" id="inductionLoop.N1" nVehContrib="14" flow="504.00" occupancy="73.76" speed="6.89" harmonicMeanSpeed="0.80" length="5.00" nVehEntered="13"/>
    <interval begin="27900.00" end="28000.00" id="inductionLoop.N1" nVehContrib="5" flow="180.00" occupancy="31.23" speed="5.09" harmonicMeanSpeed="0.80" length="5.00" nVehEntered="5"/>
    <interval begin="28000.00" end="28100.00" id="inductionLoop.N1" nVehContrib="10" flow="360.00" occupancy="12.10" speed="9.52" harmonicMeanSpeed="5.62" length="5.00" nVehEntered="12"/>
    <interval begin="28100.00" end="28200.00" id="inductionLoop.N1" nVehContrib="13" flow="468.00" occupancy="56.29" speed="7.73" harmonicMeanSpeed="1.15" length="5.00" nVehEntered="12"/>
    <interval begin="28200.00" end="28300.00" id="inductionLoop.N1" nVehContrib="7" flow="252.00" occupancy="47.70" speed="6.13" harmonicMeanSpeed="0.77" length="5.00" nVehEntered="8"/>
    <interval begin="28300.00" end="28400.00" id="inductionLoop.N1" nVehContrib="3" flow="108.00" occupancy="1.85" speed="10.17" harmonicMeanSpeed="8.12" length="5.00" nVehEntered="3"/>
    <interval begin="28400.00" end="28500.00" id="inductionLoop.N1" nVehContrib="2" flow="72.00" occupancy="0.86" speed="11.77" harmonicMeanSpeed="11.58" length="5.00" nVehEntered="2"/>
    <interval begin="28500.00" end="28600.00" id="inductionLoop.N1" nVehContrib="1" flow="36.00" occupancy="0.42" speed="12.00" harmonicMeanSpeed="12.00" length="5.00" nVehEntered="1"/>
    <interval begin="28600.00" end="28700.00" id="inductionLoop.N1" nVehContrib="2" flow="72.00" occupancy="0.78" speed="12.84" harmonicMeanSpeed="12.81" length="5.00" nVehEntered="2"/>
    <interval begin="28700.00" end="28800.00" id="inductionLoop.N1" nVehContrib="1" flow="36.00" occupancy="1.09" speed="4.58" harmonicMeanSpeed="4.58" length="5.00" nVehEntered="1"/>
    <interval begin="28800.00" end="28900.00" id="inductionLoop.N1" nVehContrib="2" flow="72.00" occupancy="0.86" speed="11.85" harmonicMeanSpeed="11.61" length="5.00" nVehEntered="2"/>
    <interval begin="28900.00" end="29000.00" id="inductionLoop.N1" nVehContrib="3" flow="108.00" occupancy="55.46" speed="3.53" harmonicMeanSpeed="0.62" length="5.00" nVehEntered="4"/>
    <interval begin="29000.00" end="29100.00" id="inductionLoop.N1" nVehContrib="4" flow="144.00" occupancy="42.86" speed="4.93" harmonicMeanSpeed="0.27" length="5.00" nVehEntered="3"/>
    <interval begin="29100.00" end="29200.00" id="inductionLoop.N1" nVehContrib="3" flow="108.00" occupancy="5.63" speed="6.78" harmonicMeanSpeed="2.66" length="5.00" nVehEntered="3"/>
    <interval begin="29200.00" end="29300.00" id="inductionLoop.N1" nVehContrib="3" flow="108.00" occupancy="1.20" speed="12.66" harmonicMeanSpeed="12.54" length="5.00" nVehEntered="3"/>
    <interval begin="29300.00" end="29400.00" id="inductionLoop.N1" nVehContrib="7" flow="252.00" occupancy="28.38" speed="7.34" harmonicMeanSpeed="1.23" length="5.00" nVehEntered="7"/>
    <interval begin="29400.00" end="29500.00" id="inductionLoop.N1" nVehContrib="3" flow="108.00" occupancy="1.57" speed="10.38" harmonicMeanSpeed="9.55" length="5.00" nVehEntered="3"/>
    <interval begin="29500.00" end="29600.00" id="inductionLoop.N1" nVehContrib="2" flow="72.00" occupancy="0.75" speed="13.42" harmonicMeanSpeed="13.41" length="5.00" nVehEntered="2"/>
    <interval begin="29600.00" end="29700.00" id="inductionLoop.N1" nVehContrib="5" flow="180.00" occupancy="3.13" speed="10.25" harmonicMeanSpeed="8.00" length="5.00" nVehEntered="5"/>
    <interval begin="29700.00" end="29800.00" id="inductionLoop.N1" nVehContrib="1" flow="36.00" occupancy="1.07" speed="4.67" harmonicMeanSpeed="4.67" length="5.00" nVehEntered="1"/>
    <interval begin="29800.00" end="29900.00" id="inductionLoop.N1" nVehContrib="4" flow="144.00" occupancy="10.92" speed="10.19" harmonicMeanSpeed="8.80" length="5.00" nVehEntered="6"/>
    <interval begin="29900.00" end="30000.00" id="inductionLoop.N1" nVehContrib="6" flow="216.00" occupancy="36.76" speed="4.79" harmonicMeanSpeed="0.77" length="5.00" nVehEntered="5"/>
    <interval begin="30000.00" end="30100.00" id="inductionLoop.N1" nVehContrib="4" flow="144.00" occupancy="3.17" speed="8.10" harmonicMeanSpeed="6.31" length="5.00" nVehEntered="4"/>
    <interval begin="30100.00" end="30200.00" id="inductionLoop.N1" nVehContrib="1" flow="36.00" occupancy="0.39" speed="12.80" harmonicMeanSpeed="12.80" length="5.00" nVehEntered="1"/>
    <interval begin="30200.00" end="30300.00" id="inductionLoop.N1" nVehContrib="4" flow="144.00" occupancy="2.71" speed="9.64" harmonicMeanSpeed="7.38" length="5.00" nVehEntered="4"/>
    <interval begin="30300.00" end="30400.00" id="inductionLoop.N1" nVehContrib="5" flow="180.00" occupancy="2.86" speed="10.83" harmonicMeanSpeed="8.75" length="5.00" nVehEntered="5"/>
    <interval begin="30400.00" end="30500.00" id="inductionLoop.N1" nVehContrib="3" flow="108.00" occupancy="1.15" speed="13.12" harmonicMeanSpeed="13.06" length="5.00" nVehEntered="3"/>
    <interval begin="30500.00" end="30600.00" id="inductionLoop.N1" nVehContrib="3" flow="108.00" occupancy="1.65" speed="9.11" harmonicMeanSpeed="9.07" length="5.00" nVehEntered="3"/>
    <interval begin="30600.00" end="30700.00" id="inductionLoop.N1" nVehContrib="1" flow="36.00" occupancy="1.11" speed="4.51" harmonicMeanSpeed="4.51" length="5.00" nVehEntered="1"/>
    <interval begin="30700.00" end="30800.00" id="inductionLoop.N1" nVehContrib="0" flow="0.00" occupancy="0.00" speed="-1.00" harmonicMeanSpeed="-1.00" length="-1.00" nVehEntered="0"/>
    <interval begin="30800.00" end="30900.00" id="inductionLoop.N1" nVehContrib="0" flow="0.00" occupancy="0.00" speed="-1.00" harmonicMeanSpeed="-1.00" length="-1.00" nVehEntered="0"/>
    <interval begin="30900.00" end="31000.00" id="inductionLoop.N1" nVehContrib="0" flow="0.00" occupancy="0.00" speed="-1.00" harmonicMeanSpeed="-1.00" length="-1.00" nVehEntered="0"/>
    <interval begin="31000.00" end="31100.00" id="inductionLoop.N1" nVehContrib="0" flow="0.00" occupancy="0.00" speed="-1.00" harmonicMeanSpeed="-1.00" length="-1.00" nVehEntered="0"/>
    <interval begin="31100.00" end="31200.00" id="inductionLoop.N1" nVehContrib="0" flow="0.00" occupancy="0.00" speed="-1.00" harmonicMeanSpeed="-1.00" length="-1.00" nVehEntered="0"/>
    <interval begin="31200.00" end="31300.00" id="inductionLoop.N1" nVehContrib="0" flow="0.00" occupancy="0.00" speed="-1.00" harmonicMeanSpeed="-1.00" length="-1.00" nVehEntered="0"/>
    <interval begin="31300.00" end="31400.00" id="inductionLoop.N1" nVehContrib="0" flow="0.00" occupancy="0.00" speed="-1.00" harmonicMeanSpeed="-1.00" length="-1.00" nVehEntered="0"/>
    <interval begin="31400.00" end="31500.00" id="inductionLoop.N1" nVehContrib="0" flow="0.00" occupancy="0.00" speed="-1.00" harmonicMeanSpeed="-1.00" length="-1.00" nVehEntered="0"/>
    <interval begin="31500.00" end="31600.00" id="inductionLoop.N1" nVehContrib="0" flow="0.00" occupancy="0.00" speed="-1.00" harmonicMeanSpeed="-1.00" length="-1.00" nVehEntered="0"/>
    <interval begin="31600.00" end="31700.00" id="inductionLoop.N1" nVehContrib="0" flow="0.00" occupancy="0.00" speed="-1.00" harmonicMeanSpeed="-1.00" length="-1.00" nVehEntered="0"/>
    <interval begin="31700.00" end="31800.00" id="inductionLoop.N1" nVehContrib="0" flow="0.00" occupancy="0.00" speed="-1.00" harmonicMeanSpeed="-1.00" length="-1.00" nVehEntered="0"/>
    <interval begin="31800.00" end="31900.00" id="inductionLoop.N1" nVehContrib="1" flow="36.00" occupancy="0.39" speed="12.67" harmonicMeanSpeed="12.67" length="5.00" nVehEntered="1"/>
    <interval begin="31900.00" end="32000.00" id="inductionLoop.N1" nVehContrib="0" flow="0.00" occupancy="0.00" speed="-1.00" harmonicMeanSpeed="-1.00" length="-1.00" nVehEntered="0"/>
    <interval begin="32000.00" end="32100.00" id="inductionLoop.N1" nVehContrib="0" flow="0.00" occupancy="0.00" speed="-1.00" harmonicMeanSpeed="-1.00" length="-1.00" nVehEntered="0"/>
    <interval begin="32100.00" end="32200.00" id="inductionLoop.N1" nVehContrib="0" flow="0.00" occupancy="0.00" speed="-1.00" harmonicMeanSpeed="-1.00" length="-1.00" nVehEntered="0"/>
    <interval begin="32200.00" end="32300.00" id="inductionLoop.N1" nVehContrib="0" flow="0.00" occupancy="0.00" speed="-1.00" harmonicMeanSpeed="-1.00" length="-1.00" nVehEntered="0"/>
    <interval begin="32300.00" end="32400.00" id="inductionLoop.N1" nVehContrib="0" flow="0.00" occupancy="0.00" speed="-1.00" harmonicMeanSpeed="-1.00" length="-1.00" nVehEntered="0"/>
    <interval begin="32400.00" end="32500.00" id="inductionLoop.N1" nVehContrib="0" flow="0.00" occupancy="0.00" speed="-1.00" harmonicMeanSpeed="-1.00" length="-1.00" nVehEntered="0"/>
    <interval begin="32500.00" end="32600.00" id="inductionLoop.N1" nVehContrib="0" flow="0.00" occupancy="0.00" speed="-1.00" harmonicMeanSpeed="-1.00" length="-1.00" nVehEntered="0"/>
    <interval begin="32600.00" end="32700.00" id="inductionLoop.N1" nVehContrib="2" flow="72.00" occupancy="0.75" speed="13.27" harmonicMeanSpeed="13.26" length="5.00" nVehEntered="2"/>
    <interval begin="32700.00" end="32800.00" id="inductionLoop.N1" nVehContrib="3" flow="108.00" occupancy="1.12" speed="13.44" harmonicMeanSpeed="13.39" length="5.00" nVehEntered="3"/>
    <interval begin="32800.00" end="32900.00" id="inductionLoop.N1" nVehContrib="7" flow="252.00" occupancy="30.69" speed="5.86" harmonicMeanSpeed="1.14" length="5.00" nVehEntered="7"/>
    <interval begin="32900.00" end="33000.00" id="inductionLoop.N1" nVehContrib="5" flow="180.00" occupancy="54.04" speed="3.69" harmonicMeanSpeed="0.66" length="5.00" nVehEntered="6"/>
    <interval begin="33000.00" end="33100.00" id="inductionLoop.N1" nVehContrib="3" flow="108.00" occupancy="2.28" speed="7.98" harmonicMeanSpeed="6.57" length="5.00" nVehEntered="3"/>
    <interval begin="33100.00" end="33200.00" id="inductionLoop.N1" nVehContrib="6" flow="216.00" occupancy="13.78" speed="7.58" harmonicMeanSpeed="2.18" length="5.00" nVehEntered="6"/>
    <interval begin="33200.00" end="33300.00" id="inductionLoop.N1" nVehContrib="3" flow="108.00" occupancy="1.96" speed="8.97" harmonicMeanSpeed="7.65" length="5.00" nVehEntered="3"/>
    <interval begin="33300.00" end="33400.00" id="inductionLoop.N1" nVehContrib="1" flow="36.00" occupancy="0.43" speed="11.65" harmonicMeanSpeed="11.65" length="5.00" nVehEntered="1"/>
    <interval begin="33400.00" end="33500.00" id="inductionLoop.N1" nVehContrib="1" flow="36.00" occupancy="0.34" speed="14.75" harmonicMeanSpeed="14.75" length="5.00" nVehEntered="1"/>
    <interval begin="33500.00" end="33600.00" id="inductionLoop.N1" nVehContrib="4" flow="144.00" occupancy="1.65" speed="12.23" harmonicMeanSpeed="12.11" length="5.00" nVehEntered="4"/>
    <interval begin="33600.00" end="33700.00" id="inductionLoop.N1" nVehContrib="0" flow="0.00" occupancy="0.00" speed="-1.00" harmonicMeanSpeed="-1.00" length="-1.00" nVehEntered="0"/>
    <interval begin="33700.00" end="33800.00" id="inductionLoop.N1" nVehContrib="0" flow="0.00" occupancy="0.00" speed="-1.00" harmonicMeanSpeed="-1.00" length="-1.00" nVehEntered="0"/>
    <interval begin="33800.00" end="33900.00" id="inductionLoop.N1" nVehContrib="0" flow="0.00" occupancy="0.00" speed="-1.00" harmonicMeanSpeed="-1.00" length="-1.00" nVehEntered="0"/>
    <interval begin="33900.00" end="34000.00" id="inductionLoop.N1" nVehContrib="0" flow="0.00" occupancy="0.00" speed="-1.00" harmonicMeanSpeed="-1.00" length="-1.00" nVehEntered="0"/>
    <interval begin="34000.00" end="34100.00" id="inductionLoop.N1" nVehContrib="0" flow="0.00" occupancy="0.00" speed="-1.00" harmonicMeanSpeed="-1.00" length="-1.00" nVehEntered="0"/>
    <interval begin="34100.00" end="34200.00" id="inductionLoop.N1" nVehContrib="0" flow="0.00" occupancy="0.00" speed="-1.00" harmonicMeanSpeed="-1.00" length="-1.00" nVehEntered="0"/>
    <interval begin="34200.00" end="34300.00" id="inductionLoop.N1" nVehContrib="1" flow="36.00" occupancy="0.35" speed="14.17" harmonicMeanSpeed="14.17" length="5.00" nVehEntered="1"/>
    <interval begin="34300.00" end="34400.00" id="inductionLoop.N1" nVehContrib="1" flow="36.00" occupancy="1.16" speed="4.32" harmonicMeanSpeed="4.32" length="5.00" nVehEntered="1"/>
    <interval begin="34400.00" end="34500.00" id="inductionLoop.N1" nVehContrib="1" flow="36.00" occupancy="1.33" speed="3.77" harmonicMeanSpeed="3.77" length="5.00" nVehEntered="1"/>
    <interval begin="34500.00" end="34600.00" id="inductionLoop.N1" nVehContrib="5" flow="180.00" occupancy="3.99" speed="7.66" harmonicMeanSpeed="6.27" length="5.00" nVehEntered="5"/>
    <interval begin="34600.00" end="34700.00" id="inductionLoop.N1" nVehContrib="7" flow="252.00" occupancy="12.03" speed="8.83" harmonicMeanSpeed="2.91" length="5.00" nVehEntered="7"/>
    <interval begin="34700.00" end="34800.00" id="inductionLoop.N1" nVehContrib="7" flow="252.00" occupancy="38.49" speed="7.55" harmonicMeanSpeed="0.91" length="5.00" nVehEntered="7"/>
    <interval begin="34800.00" end="34900.00" id="inductionLoop.N1" nVehContrib="7" flow="252.00" occupancy="60.66" speed="5.20" harmonicMeanSpeed="0.58" length="5.00" nVehEntered="7"/>
    <interval begin="34900.00" end="35000.00" id="inductionLoop.N1" nVehContrib="13" flow="468.00" occupancy="38.23" speed="5.92" harmonicMeanSpeed="1.70" length="5.00" nVehEntered="13"/>
    <interval begin="35000.00" end="35100.00" id="inductionLoop.N1" nVehContrib="9" flow="324.00" occupancy="52.64" speed="6.84" harmonicMeanSpeed="1.05" length="5.00" nVehEntered="10"/>
    <interval begin="35100.00" end="35200.00" id="inductionLoop.N1" nVehContrib="10" flow="360.00" occupancy="46.02" speed="5.61" harmonicMeanSpeed="0.91" length="5.00" nVehEntered="10"/>
    <interval begin="35200.00" end="35300.00" id="inductionLoop.N1" nVehContrib="3" flow="108.00" occupancy="35.90" speed="3.78" harmonicMeanSpeed="0.48" length="5.00" nVehEntered="3"/>
    <interval begin="35300.00" end="35400.00" id="inductionLoop.N1" nVehContrib="5" flow="180.00" occupancy="11.95" speed="12.45" harmonicMeanSpeed="12.11" length="5.00" nVehEntered="6"/>
    <interval begin="35400.00" end="35500.00" id="inductionLoop.N1" nVehContrib="5" flow="180.00" occupancy="53.97" speed="4.39" harmonicMeanSpeed="0.46" length="5.00" nVehEntered="5"/>
    <interval begin="35500.00" end="35600.00" id="inductionLoop.N1" nVehContrib="5" flow="180.00" occupancy="34.41" speed="6.01" harmonicMeanSpeed="0.99" length="5.00" nVehEntered="7"/>
    <interval begin="35600.00" end="35700.00" id="inductionLoop.N1" nVehContrib="7" flow="252.00" occupancy="79.52" speed="3.06" harmonicMeanSpeed="0.43" length="5.00" nVehEntered="6"/>
    <interval begin="35700.00" end="35800.00" id="inductionLoop.N1" nVehContrib="4" flow="144.00" occupancy="62.39" speed="1.91" harmonicMeanSpeed="0.32" length="5.00" nVehEntered="4"/>
    <interval begin="35800.00" end="35900.00" id="inductionLoop.N1" nVehContrib="1" flow="36.00" occupancy="1.39" speed="3.59" harmonicMeanSpeed="3.59" length="5.00" nVehEntered="1"/>
    <interval begin="35900.00" end="36000.00" id="inductionLoop.N1" nVehContrib="0" flow="0.00" occupancy="0.00" speed="-1.00" harmonicMeanSpeed="-1.00" length="-1.00" nVehEntered="0"/>
    <interval begin="36000.00" end="36100.00" id="inductionLoop.N1" nVehContrib="5" flow="180.00" occupancy="6.55" speed="11.42" harmonicMeanSpeed="10.99" length="5.00" nVehEntered="6"/>
    <interval begin="36100.00" end="36200.00" id="inductionLoop.N1" nVehContrib="7" flow="252.00" occupancy="38.37" speed="10.12" harmonicMeanSpeed="8.78" length="5.00" nVehEntered="9"/>
    <interval begin="36200.00" end="36300.00" id="inductionLoop.N1" nVehContrib="15" flow="540.00" occupancy="72.79" speed="5.45" harmonicMeanSpeed="0.89" length="5.00" nVehEntered="15"/>
    <interval begin="36300.00" end="36400.00" id="inductionLoop.N1" nVehContrib="10" flow="360.00" occupancy="81.90" speed="5.22" harmonicMeanSpeed="0.65" length="5.00" nVehEntered="10"/>
    <interval begin="36400.00" end="36500.00" id="inductionLoop.N1" nVehContrib="8" flow="288.00" occupancy="63.47" speed="3.54" harmonicMeanSpeed="0.48" length="5.00" nVehEntered="8"/>
    <interval begin="36500.00" end="36600.00" id="inductionLoop.N1" nVehContrib="9" flow="324.00" occupancy="56.78" speed="6.59" harmonicMeanSpeed="0.78" length="5.00" nVehEntered="8"/>
    <interval begin="36600.00" end="36700.00" id="inductionLoop.N1" nVehContrib="7" flow="252.00" occupancy="34.66" speed="4.83" harmonicMeanSpeed="1.24" length="5.00" nVehEntered="8"/>
    <interval begin="36700.00" end="36800.00" id="inductionLoop.N1" nVehContrib="6" flow="216.00" occupancy="88.20" speed="3.23" harmonicMeanSpeed="0.52" length="5.00" nVehEntered="6"/>
    <interval begin="36800.00" end="36900.00" id="inductionLoop.N1" nVehContrib="8" flow="288.00" occupancy="85.59" speed="6.58" harmonicMeanSpeed="0.92" length="5.00" nVehEntered="8"/>
    <interval begin="36900.00" end="37000.00" id="inductionLoop.N1" nVehContrib="10" flow="360.00" occupancy="81.93" speed="4.50" harmonicMeanSpeed="0.37" length="5.00" nVehEntered="10"/>
    <interval begin="37000.00" end="37100.00" id="inductionLoop.N1" nVehContrib="6" flow="216.00" occupancy="88.00" speed="4.37" harmonicMeanSpeed="0.42" length="5.00" nVehEntered="6"/>
    <interval begin="37100.00" end="37200.00" id="inductionLoop.N1" nVehContrib="10" flow="360.00" occupancy="82.49" speed="5.85" harmonicMeanSpeed="0.60" length="5.00" nVehEntered="10"/>
    <interval begin="37200.00" end="37300.00" id="inductionLoop.N1" nVehContrib="12" flow="432.00" occupancy="78.69" speed="4.89" harmonicMeanSpeed="0.64" length="5.00" nVehEntered="12"/>
    <interval begin="37300.00" end="37400.00" id="inductionLoop.N1" nVehContrib="12" flow="432.00" occupancy="79.44" speed="6.49" harmonicMeanSpeed="0.70" length="5.00" nVehEntered="12"/>
    <interval begin="37400.00" end="37500.00" id="inductionLoop.N1" nVehContrib="8" flow="288.00" occupancy="83.93" speed="3.43" harmonicMeanSpeed="0.45" length="5.00" nVehEntered="8"/>
    <interval begin="37500.00" end="37600.00" id="inductionLoop.N1" nVehContrib="7" flow="252.00" occupancy="71.97" speed="3.41" harmonicMeanSpeed="0.41" length="5.00" nVehEntered="6"/>
    <interval begin="37600.00" end="37700.00" id="inductionLoop.N1" nVehContrib="7" flow="252.00" occupancy="17.07" speed="5.59" harmonicMeanSpeed="2.05" length="5.00" nVehEntered="7"/>
    <interval begin="37700.00" end="37800.00" id="inductionLoop.N1" nVehContrib="5" flow="180.00" occupancy="27.97" speed="9.81" harmonicMeanSpeed="8.73" length="5.00" nVehEntered="6"/>
    <interval begin="37800.00" end="37900.00" id="inductionLoop.N1" nVehContrib="14" flow="504.00" occupancy="67.78" speed="5.31" harmonicMeanSpeed="0.77" length="5.00" nVehEntered="14"/>
    <interval begin="37900.00" end="38000.00" id="inductionLoop.N1" nVehContrib="10" flow="360.00" occupancy="12.82" speed="6.56" harmonicMeanSpeed="3.90" length="5.00" nVehEntered="10"/>
    <interval begin="38000.00" end="38100.00" id="inductionLoop.N1" nVehContrib="7" flow="252.00" occupancy="22.22" speed="9.32" harmonicMeanSpeed="1.58" length="5.00" nVehEntered="7"/>
    <interval begin="38100.00" end="38200.00" id="inductionLoop.N1" nVehContrib="10" flow="360.00" occupancy="18.33" speed="9.18" harmonicMeanSpeed="3.28" length="5.00" nVehEntered="11"/>
    <interval begin="38200.00" end="38300.00" id="inductionLoop.N1" nVehContrib="10" flow="360.00" occupancy="46.48" speed="5.99" harmonicMeanSpeed="1.08" length="5.00" nVehEntered="10"/>
    <interval begin="38300.00" end="38400.00" id="inductionLoop.N1" nVehContrib="9" flow="324.00" occupancy="32.57" speed="8.76" harmonicMeanSpeed="2.46" length="5.00" nVehEntered="10"/>
    <interval begin="38400.00" end="38500.00" id="inductionLoop.N1" nVehContrib="6" flow="216.00" occupancy="21.11" speed="6.68" harmonicMeanSpeed="0.93" length="5.00" nVehEntered="6"/>
    <interval begin="38500.00" end="38600.00" id="inductionLoop.N1" nVehContrib="7" flow="252.00" occupancy="52.98" speed="7.79" harmonicMeanSpeed="0.93" length="5.00" nVehEntered="7"/>
    <interval begin="38600.00" end="38700.00" id="inductionLoop.N1" nVehContrib="5" flow="180.00" occupancy="62.86" speed="6.92" harmonicMeanSpeed="0.52" length="5.00" nVehEntered="6"/>
    <interval begin="38700.00" end="38800.00" id="inductionLoop.N1" nVehContrib="11" flow="396.00" occupancy="52.99" speed="3.53" harmonicMeanSpeed="0.81" length="5.00" nVehEntered="10"/>
    <interval begin="38800.00" end="38900.00" id="inductionLoop.N1" nVehContrib="8" flow="288.00" occupancy="48.12" speed="8.17" harmonicMeanSpeed="0.85" length="5.00" nVehEntered="9"/>
    <interval begin="38900.00" end="39000.00" id="inductionLoop.N1" nVehContrib="11" flow="396.00" occupancy="55.89" speed="5.97" harmonicMeanSpeed="1.64" length="5.00" nVehEntered="11"/>
    <interval begin="39000.00" end="39100.00" id="inductionLoop.N1" nVehContrib="3" flow="108.00" occupancy="92.90" speed="0.34" harmonicMeanSpeed="0.16" length="5.00" nVehEntered="3"/>
    <interval begin="39100.00" end="39200.00" id="inductionLoop.N1" nVehContrib="14" flow="504.00" occupancy="45.87" speed="6.90" harmonicMeanSpeed="1.03" length="5.00" nVehEntered="13"/>
    <interval begin="39200.00" end="39300.00" id="inductionLoop.N1" nVehContrib="9" flow="324.00" occupancy="49.05" speed="5.96" harmonicMeanSpeed="0.92" length="5.00" nVehEntered="9"/>
    <interval begin="39300.00" end="39400.00" id="inductionLoop.N1" nVehContrib="12" flow="432.00" occupancy="77.85" speed="6.36" harmonicMeanSpeed="1.16" length="5.00" nVehEntered="13"/>
    <interval begin="39400.00" end="39500.00" id="inductionLoop.N1" nVehContrib="6" flow="216.00" occupancy="88.15" speed="3.81" harmonicMeanSpeed="0.54" length="5.00" nVehEntered="6"/>
    <interval begin="39500.00" end="39600.00" id="inductionLoop.N1" nVehContrib="12" flow="432.00" occupancy="60.17" speed="6.06" harmonicMeanSpeed="0.53" length="5.00" nVehEntered="12"/>
    <interval begin="39600.00" end="39700.00" id="inductionLoop.N1" nVehContrib="9" flow="324.00" occupancy="86.07" speed="5.50" harmonicMeanSpeed="0.49" length="5.00" nVehEntered="8"/>
    <interval begin="39700.00" end="39800.00" id="inductionLoop.N1" nVehContrib="12" flow="432.00" occupancy="72.39" speed="8.30" harmonicMeanSpeed="7.60" length="5.00" nVehEntered="13"/>
    <interval begin="39800.00" end="39900.00" id="inductionLoop.N1" nVehContrib="16" flow="576.00" occupancy="64.02" speed="5.79" harmonicMeanSpeed="0.63" length="5.00" nVehEntered="16"/>
    <interval begin="39900.00" end="40000.00" id="inductionLoop.N1" nVehContrib="2" flow="72.00" occupancy="89.94" speed="4.13" harmonicMeanSpeed="0.58" length="5.00" nVehEntered="3"/>
    <interval begin="40000.00" end="40100.00" id="inductionLoop.N1" nVehContrib="19" flow="684.00" occupancy="68.45" speed="7.41" harmonicMeanSpeed="4.44" length="5.00" nVehEntered="19"/>
    <interval begin="40100.00" end="40200.00" id="inductionLoop.N1" nVehContrib="14" flow="504.00" occupancy="74.22" speed="4.91" harmonicMeanSpeed="0.68" length="5.00" nVehEntered="14"/>
    <interval begin="40200.00" end="40300.00" id="inductionLoop.N1" nVehContrib="14" flow="504.00" occupancy="75.76" speed="5.80" harmonicMeanSpeed="0.74" length="5.00" nVehEntered="13"/>
    <interval begin="40300.00" end="40400.00" id="inductionLoop.N1" nVehContrib="20" flow="720.00" occupancy="68.04" speed="7.73" harmonicMeanSpeed="3.17" length="5.00" nVehEntered="21"/>
    <interval begin="40400.00" end="40500.00" id="inductionLoop.N1" nVehContrib="5" flow="180.00" occupancy="57.67" speed="5.65" harmonicMeanSpeed="1.59" length="5.00" nVehEntered="6"/>
    <interval begin="40500.00" end="40600.00" id="inductionLoop.N1" nVehContrib="4" flow="144.00" occupancy="4.84" speed="4.46" harmonicMeanSpeed="3.69" length="5.00" nVehEntered="4"/>
    <interval begin="40600.00" end="40700.00" id="inductionLoop.N1" nVehContrib="2" flow="72.00" occupancy="96.94" speed="0.12" harmonicMeanSpeed="0.10" length="5.00" nVehEntered="1"/>
    <interval begin="40700.00" end="40800.00" id="inductionLoop.N1" nVehContrib="7" flow="252.00" occupancy="87.15" speed="6.83" harmonicMeanSpeed="6.34" length="5.00" nVehEntered="8"/>
    <interval begin="40800.00" end="40900.00" id="inductionLoop.N1" nVehContrib="30" flow="1080.00" occupancy="50.36" speed="6.98" harmonicMeanSpeed="1.14" length="5.00" nVehEntered="29"/>
    <interval begin="40900.00" end="41000.00" id="inductionLoop.N1" nVehContrib="5" flow="180.00" occupancy="10.67" speed="5.12" harmonicMeanSpeed="4.91" length="5.00" nVehEntered="7"/>
    <interval begin="41000.00" end="41100.00" id="inductionLoop.N1" nVehContrib="1" flow="36.00" occupancy="93.27" speed="0.11" harmonicMeanSpeed="0.11" length="5.00" nVehEntered="3"/>
    <interval begin="41100.00" end="41200.00" id="inductionLoop.N1" nVehContrib="19" flow="684.00" occupancy="64.84" speed="6.72" harmonicMeanSpeed="0.96" length="5.00" nVehEntered="19"/>
    <interval begin="41200.00" end="41300.00" id="inductionLoop.N1" nVehContrib="6" flow="216.00" occupancy="89.29" speed="5.26" harmonicMeanSpeed="0.32" length="5.00" nVehEntered="6"/>
    <interval begin="41300.00" end="41400.00" id="inductionLoop.N1" nVehContrib="10" flow="360.00" occupancy="82.42" speed="5.78" harmonicMeanSpeed="1.10" length="5.00" nVehEntered="10"/>
    <interval begin="41400.00" end="41500.00" id="inductionLoop.N1" nVehContrib="10" flow="360.00" occupancy="82.08" speed="5.71" harmonicMeanSpeed="0.52" length="5.00" nVehEntered="10"/>
    <interval begin="41500.00" end="41600.00" id="inductionLoop.N1" nVehContrib="12" flow="432.00" occupancy="80.12" speed="5.86" harmonicMeanSpeed="0.56" length="5.00" nVehEntered="11"/>
    <interval begin="41600.00" end="41700.00" id="inductionLoop.N1" nVehContrib="15" flow="540.00" occupancy="64.28" speed="6.43" harmonicMeanSpeed="2.37" length="5.00" nVehEntered="16"/>
    <interval begin="41700.00" end="41800.00" id="inductionLoop.N1" nVehContrib="1" flow="36.00" occupancy="97.53" speed="0.06" harmonicMeanSpeed="0.06" length="5.00" nVehEntered="1"/>
    <interval begin="41800.00" end="41900.00" id="inductionLoop.N1" nVehContrib="26" flow="936.00" occupancy="59.05" speed="6.72" harmonicMeanSpeed="1.17" length="5.00" nVehEntered="25"/>
    <interval begin="41900.00" end="42000.00" id="inductionLoop.N1" nVehContrib="12" flow="432.00" occupancy="79.60" speed="6.21" harmonicMeanSpeed="0.75" length="5.00" nVehEntered="12"/>
    <interval begin="42000.00" end="42100.00" id="inductionLoop.N1" nVehContrib="20" flow="720.00" occupancy="39.48" speed="6.84" harmonicMeanSpeed="2.55" length="5.00" nVehEntered="21"/>
    <interval begin="42100.00" end="42200.00" id="inductionLoop.N1" nVehContrib="4" flow="144.00" occupancy="80.46" speed="5.84" harmonicMeanSpeed="0.30" length="5.00" nVehEntered="5"/>
    <interval begin="42200.00" end="42300.00" id="inductionLoop.N1" nVehContrib="17" flow="612.00" occupancy="72.40" speed="6.99" harmonicMeanSpeed="2.03" length="5.00" nVehEntered="17"/>
    <interval begin="42300.00" end="42400.00" id="inductionLoop.N1" nVehContrib="3" flow="108.00" occupancy="92.92" speed="1.25" harmonicMeanSpeed="0.11" length="5.00" nVehEntered="3"/>
    <interval begin="42400.00" end="42500.00" id="inductionLoop.N1" nVehContrib="12" flow="432.00" occupancy="81.66" speed="7.45" harmonicMeanSpeed="0.73" length="5.00" nVehEntered="11"/>
    <interval begin="42500.00" end="42600.00" id="inductionLoop.N1" nVehContrib="15" flow="540.00" occupancy="28.13" speed="6.27" harmonicMeanSpeed="2.68" length="5.00" nVehEntered="16"/>
    <interval begin="42600.00" end="42700.00" id="inductionLoop.N1" nVehContrib="16" flow="576.00" occupancy="62.34" speed="6.52" harmonicMeanSpeed="2.44" length="5.00" nVehEntered="16"/>
    <interval begin="42700.00" end="42800.00" id="inductionLoop.N1" nVehContrib="12" flow="432.00" occupancy="63.81" speed="7.76" harmonicMeanSpeed="0.98" length="5.00" nVehEntered="12"/>
    <interval begin="42800.00" end="42900.00" id="inductionLoop.N1" nVehContrib="27" flow="972.00" occupancy="30.42" speed="8.26" harmonicMeanSpeed="2.16" length="5.00" nVehEntered="26"/>
    <interval begin="42900.00" end="43000.00" id="inductionLoop.N1" nVehContrib="6" flow="216.00" occupancy="52.49" speed="5.52" harmonicMeanSpeed="0.57" length="5.00" nVehEntered="6"/>
    <interval begin="43000.00" end="43100.00" id="inductionLoop.N1" nVehContrib="4" flow="144.00" occupancy="82.86" speed="2.76" harmonicMeanSpeed="0.24" length="5.00" nVehEntered="4"/>
    <interval begin="43100.00" end="43200.00" id="inductionLoop.N1" nVehContrib="7" flow="252.00" occupancy="11.40" speed="8.43" harmonicMeanSpeed="7.14" length="5.00" nVehEntered="8"/>
    <interval begin="43200.00" end="43300.00" id="inductionLoop.N1" nVehContrib="6" flow="216.00" occupancy="63.64" speed="5.57" harmonicMeanSpeed="0.65" length="5.00" nVehEntered="6"/>
    <interval begin="43300.00" end="43400.00" id="inductionLoop.N1" nVehContrib="0" flow="0.00" occupancy="100.00" speed="-1.00" harmonicMeanSpeed="-1.00" length="-1.00" nVehEntered="0"/>
    <interval begin="43400.00" end="43500.00" id="inductionLoop.N1" nVehContrib="6" flow="216.00" occupancy="25.62" speed="3.69" harmonicMeanSpeed="0.20" length="5.00" nVehEntered="5"/>
    <interval begin="43500.00" end="43600.00" id="inductionLoop.N1" nVehContrib="17" flow="612.00" occupancy="71.43" speed="6.37" harmonicMeanSpeed="1.38" length="5.00" nVehEntered="18"/>
    <interval begin="43600.00" end="43700.00" id="inductionLoop.N1" nVehContrib="12" flow="432.00" occupancy="80.33" speed="6.59" harmonicMeanSpeed="1.44" length="5.00" nVehEntered="12"/>
    <interval begin="43700.00" end="43800.00" id="inductionLoop.N1" nVehContrib="2" flow="72.00" occupancy="95.12" speed="1.88" harmonicMeanSpeed="0.08" length="5.00" nVehEntered="2"/>
    <interval begin="43800.00" end="43900.00" id="inductionLoop.N1" nVehContrib="13" flow="468.00" occupancy="77.70" speed="5.65" harmonicMeanSpeed="0.93" length="5.00" nVehEntered="13"/>
    <interval begin="43900.00" end="44000.00" id="inductionLoop.N1" nVehContrib="6" flow="216.00" occupancy="88.39" speed="5.47" harmonicMeanSpeed="0.75" length="5.00" nVehEntered="6"/>
    <interval begin="44000.00" end="44100.00" id="inductionLoop.N1" nVehContrib="21" flow="756.00" occupancy="65.57" speed="6.20" harmonicMeanSpeed="0.89" length="5.00" nVehEntered="21"/>
    <interval begin="44100.00" end="44200.00" id="inductionLoop.N1" nVehContrib="22" flow="792.00" occupancy="63.72" speed="7.59" harmonicMeanSpeed="1.61" length="5.00" nVehEntered="22"/>
    <interval begin="44200.00" end="44300.00" id="inductionLoop.N1" nVehContrib="1" flow="36.00" occupancy="97.83" speed="0.32" harmonicMeanSpeed="0.32" length="5.00" nVehEntered="1"/>
    <interval begin="44300.00" end="44400.00" id="inductionLoop.N1" nVehContrib="16" flow="576.00" occupancy="72.25" speed="5.58" harmonicMeanSpeed="0.49" length="5.00" nVehEntered="16"/>
    <interval begin="44400.00" end="44500.00" id="inductionLoop.N1" nVehContrib="6" flow="216.00" occupancy="89.20" speed="5.29" harmonicMeanSpeed="0.81" length="5.00" nVehEntered="6"/>
    <interval begin="44500.00" end="44600.00" id="inductionLoop.N1" nVehContrib="28" flow="1008.00" occupancy="51.83" speed="7.08" harmonicMeanSpeed="1.30" length="5.00" nVehEntered="28"/>
    <interval begin="44600.00" end="44700.00" id="inductionLoop.N1" nVehContrib="2" flow="72.00" occupancy="94.92" speed="5.14" harmonicMeanSpeed="4.93" length="5.00" nVehEntered="3"/>
    <interval begin="44700.00" end="44800.00" id="inductionLoop.N1" nVehContrib="6" flow="216.00" occupancy="88.56" speed="4.18" harmonicMeanSpeed="0.18" length="5.00" nVehEntered="6"/>
    <interval begin="44800.00" end="44900.00" id="inductionLoop.N1" nVehContrib="16" flow="576.00" occupancy="33.27" speed="5.97" harmonicMeanSpeed="1.80" length="5.00" nVehEntered="15"/>
    <interval begin="44900.00" end="45000.00" id="inductionLoop.N1" nVehContrib="6" flow="216.00" occupancy="83.90" speed="9.05" harmonicMeanSpeed="9.00" length="5.00" nVehEntered="7"/>
    <interval begin="45000.00" end="45100.00" id="inductionLoop.N1" nVehContrib="1" flow="36.00" occupancy="9.32" speed="3.70" harmonicMeanSpeed="3.70" length="5.00" nVehEntered="2"/>
    <interval begin="45100.00" end="45200.00" id="inductionLoop.N1" nVehContrib="11" flow="396.00" occupancy="79.19" speed="5.74" harmonicMeanSpeed="0.70" length="5.00" nVehEntered="12"/>
    <interval begin="45200.00" end="45300.00" id="inductionLoop.N1" nVehContrib="8" flow="288.00" occupancy="87.15" speed="7.21" harmonicMeanSpeed="0.57" length="5.00" nVehEntered="8"/>
    <interval begin="45300.00" end="45400.00" id="inductionLoop.N1" nVehContrib="12" flow="432.00" occupancy="80.13" speed="7.17" harmonicMeanSpeed="1.70" length="5.00" nVehEntered="12"/>
    <interval begin="45400.00" end="45500.00" id="inductionLoop.N1" nVehContrib="2" flow="72.00" occupancy="94.47" speed="0.08" harmonicMeanSpeed="0.08" length="5.00" nVehEntered="2"/>
    <interval begin="45500.00" end="45600.00" id="inductionLoop.N1" nVehContrib="12" flow="432.00" occupancy="80.87" speed="6.80" harmonicMeanSpeed="1.11" length="5.00" nVehEntered="12"/>
    <interval begin="45600.00" end="45700.00" id="inductionLoop.N1" nVehContrib="31" flow="1116.00" occupancy="50.76" speed="7.24" harmonicMeanSpeed="1.45" length="5.00" nVehEntered="30"/>
    <interval begin="45700.00" end="45800.00" id="inductionLoop.N1" nVehContrib="2" flow="72.00" occupancy="92.99" speed="11.13" harmonicMeanSpeed="10.80" length="5.00" nVehEntered="3"/>
    <interval begin="45800.00" end="45900.00" id="inductionLoop.N1" nVehContrib="17" flow="612.00" occupancy="70.88" speed="6.76" harmonicMeanSpeed="0.59" length="5.00" nVehEntered="17"/>
    <interval begin="45900.00" end="46000.00" id="inductionLoop.N1" nVehContrib="14" flow="504.00" occupancy="76.18" speed="7.02" harmonicMeanSpeed="1.66" length="5.00" nVehEntered="14"/>
    <interval begin="46000.00" end="46100.00" id="inductionLoop.N1" nVehContrib="2" flow="72.00" occupancy="87.64" speed="1.88" harmonicMeanSpeed="0.08" length="5.00" nVehEntered="4"/>
    <interval begin="46100.00" end="46200.00" id="inductionLoop.N1" nVehContrib="22" flow="792.00" occupancy="64.74" speed="7.03" harmonicMeanSpeed="1.63" length="5.00" nVehEntered="22"/>
    <interval begin="46200.00" end="46300.00" id="inductionLoop.N1" nVehContrib="4" flow="144.00" occupancy="82.55" speed="1.86" harmonicMeanSpeed="0.29" length="5.00" nVehEntered="4"/>
    <interval begin="46300.00" end="46400.00" id="inductionLoop.N1" nVehContrib="8" flow="288.00" occupancy="83.40" speed="6.45" harmonicMeanSpeed="0.38" length="5.00" nVehEntered="8"/>
    <interval begin="46400.00" end="46500.00" id="inductionLoop.N1" nVehContrib="8" flow="288.00" occupancy="84.18" speed="6.54" harmonicMeanSpeed="0.47" length="5.00" nVehEntered="7"/>
    <interval begin="46500.00" end="46600.00" id="inductionLoop.N1" nVehContrib="11" flow="396.00" occupancy="61.90" speed="5.64" harmonicMeanSpeed="1.30" length="5.00" nVehEntered="12"/>
    <interval begin="46600.00" end="46700.00" id="inductionLoop.N1" nVehContrib="14" flow="504.00" occupancy="62.80" speed="6.75" harmonicMeanSpeed="0.85" length="5.00" nVehEntered="13"/>
    <interval begin="46700.00" end="46800.00" id="inductionLoop.N1" nVehContrib="14" flow="504.00" occupancy="60.70" speed="9.83" harmonicMeanSpeed="5.57" length="5.00" nVehEntered="16"/>
    <interval begin="46800.00" end="46900.00" id="inductionLoop.N1" nVehContrib="9" flow="324.00" occupancy="82.58" speed="5.06" harmonicMeanSpeed="0.36" length="5.00" nVehEntered="8"/>
    <interval begin="46900.00" end="47000.00" id="inductionLoop.N1" nVehContrib="14" flow="504.00" occupancy="14.76" speed="7.75" harmonicMeanSpeed="6.02" length="5.00" nVehEntered="15"/>
    <interval begin="47000.00" end="47100.00" id="inductionLoop.N1" nVehContrib="2" flow="72.00" occupancy="68.25" speed="2.12" harmonicMeanSpeed="0.26" length="5.00" nVehEntered="3"/>
    <interval begin="47100.00" end="47200.00" id="inductionLoop.N1" nVehContrib="24" flow="864.00" occupancy="61.08" speed="6.77" harmonicMeanSpeed="1.33" length="5.00" nVehEntered="24"/>
    <interval begin="47200.00" end="47300.00" id="inductionLoop.N1" nVehContrib="22" flow="792.00" occupancy="66.07" speed="7.39" harmonicMeanSpeed="1.67" length="5.00" nVehEntered="22"/>
    <interval begin="47300.00" end="47400.00" id="inductionLoop.N1" nVehContrib="10" flow="360.00" occupancy="82.60" speed="6.56" harmonicMeanSpeed="1.16" length="5.00" nVehEntered="10"/>
    <interval begin="47400.00" end="47500.00" id="inductionLoop.N1" nVehContrib="7" flow="252.00" occupancy="86.80" speed="4.53" harmonicMeanSpeed="0.28" length="5.00" nVehEntered="7"/>
    <interval begin="47500.00" end="47600.00" id="inductionLoop.N1" nVehContrib="4" flow="144.00" occupancy="92.54" speed="2.24" harmonicMeanSpeed="0.21" length="5.00" nVehEntered="3"/>
    <interval begin="47600.00" end="47700.00" id="inductionLoop.N1" nVehContrib="12" flow="432.00" occupancy="78.11" speed="7.10" harmonicMeanSpeed="1.62" length="5.00" nVehEntered="13"/>
    <interval begin="47700.00" end="47800.00" id="inductionLoop.N1" nVehContrib="15" flow="540.00" occupancy="75.73" speed="6.95" harmonicMeanSpeed="1.22" length="5.00" nVehEntered="15"/>
    <interval begin="47800.00" end="47900.00" id="inductionLoop.N1" nVehContrib="3" flow="108.00" occupancy="94.09" speed="2.65" harmonicMeanSpeed="0.13" length="5.00" nVehEntered="3"/>
    <interval begin="47900.00" end="48000.00" id="inductionLoop.N1" nVehContrib="27" flow="972.00" occupancy="55.78" speed="7.18" harmonicMeanSpeed="1.56" length="5.00" nVehEntered="27"/>
    <interval begin="48000.00" end="48100.00" id="inductionLoop.N1" nVehContrib="17" flow="612.00" occupancy="72.78" speed="6.90" harmonicMeanSpeed="2.30" length="5.00" nVehEntered="17"/>
    <interval begin="48100.00" end="48200.00" id="inductionLoop.N1" nVehContrib="16" flow="576.00" occupancy="73.07" speed="6.14" harmonicMeanSpeed="0.82" length="5.00" nVehEntered="16"/>
    <interval begin="48200.00" end="48300.00" id="inductionLoop.N1" nVehContrib="1" flow="36.00" occupancy="98.21" speed="0.05" harmonicMeanSpeed="0.05" length="5.00" nVehEntered="0"/>
    <interval begin="48300.00" end="48400.00" id="inductionLoop.N1" nVehContrib="28" flow="1008.00" occupancy="55.09" speed="6.94" harmonicMeanSpeed="2.67" length="5.00" nVehEntered="29"/>
    <interval begin="48400.00" end="48500.00" id="inductionLoop.N1" nVehContrib="1" flow="36.00" occupancy="96.81" speed="0.15" harmonicMeanSpeed="0.15" length="5.00" nVehEntered="1"/>
    <interval begin="48500.00" end="48600.00" id="inductionLoop.N1" nVehContrib="0" flow="0.00" occupancy="100.00" speed="-1.00" harmonicMeanSpeed="-1.00" length="-1.00" nVehEntered="0"/>
    <interval begin="48600.00" end="48700.00" id="inductionLoop.N1" nVehContrib="16" flow="576.00" occupancy="74.19" speed="5.93" harmonicMeanSpeed="0.33" length="5.00" nVehEntered="15"/>
    <interval begin="48700.00" end="48800.00" id="inductionLoop.N1" nVehContrib="12" flow="432.00" occupancy="79.28" speed="7.18" harmonicMeanSpeed="0.76" length="5.00" nVehEntered="13"/>
    <interval begin="48800.00" end="48900.00" id="inductionLoop.N1" nVehContrib="27" flow="972.00" occupancy="56.37" speed="6.62" harmonicMeanSpeed="2.38" length="5.00" nVehEntered="26"/>
    <interval begin="48900.00" end="49000.00" id="inductionLoop.N1" nVehContrib="18" flow="648.00" occupancy="69.96" speed="6.99" harmonicMeanSpeed="4.13" length="5.00" nVehEntered="19"/>
    <interval begin="49000.00" end="49100.00" id="inductionLoop.N1" nVehContrib="11" flow="396.00" occupancy="81.22" speed="6.95" harmonicMeanSpeed="0.48" length="5.00" nVehEntered="11"/>
    <interval begin="49100.00" end="49200.00" id="inductionLoop.N1" nVehContrib="34" flow="1224.00" occupancy="47.49" speed="7.50" harmonicMeanSpeed="3.57" length="5.00" nVehEntered="34"/>
    <interval begin="49200.00" end="49300.00" id="inductionLoop.N1" nVehContrib="11" flow="396.00" occupancy="82.54" speed="6.22" harmonicMeanSpeed="1.10" length="5.00" nVehEntered="11"/>
    <interval begin="49300.00" end="49400.00" id="inductionLoop.N1" nVehContrib="1" flow="36.00" occupancy="97.66" speed="0.04" harmonicMeanSpeed="0.04" length="5.00" nVehEntered="1"/>
    <interval begin="49400.00" end="49500.00" id="inductionLoop.N1" nVehContrib="19" flow="684.00" occupancy="69.87" speed="7.45" harmonicMeanSpeed="2.39" length="5.00" nVehEntered="19"/>
    <interval begin="49500.00" end="49600.00" id="inductionLoop.N1" nVehContrib="12" flow="432.00" occupancy="80.59" speed="6.38" harmonicMeanSpeed="0.92" length="5.00" nVehEntered="12"/>
    <interval begin="49600.00" end="49700.00" id="inductionLoop.N1" nVehContrib="19" flow="684.00" occupancy="69.68" speed="7.20" harmonicMeanSpeed="1.09" length="5.00" nVehEntered="19"/>
    <interval begin="49700.00" end="49800.00" id="inductionLoop.N1" nVehContrib="12" flow="432.00" occupancy="78.16" speed="5.48" harmonicMeanSpeed="0.61" length="5.00" nVehEntered="12"/>
    <interval begin="49800.00" end="49900.00" id="inductionLoop.N1" nVehContrib="9" flow="324.00" occupancy="84.44" speed="6.53" harmonicMeanSpeed="0.49" length="5.00" nVehEntered="9"/>
    <interval begin="49900.00" end="50000.00" id="inductionLoop.N1" nVehContrib="20" flow="720.00" occupancy="68.36" speed="7.09" harmonicMeanSpeed="1.06" length="5.00" nVehEntered="20"/>
    <interval begin="50000.00" end="50010.00" id="inductionLoop.N1" nVehContrib="1" flow="360.00" occupancy="82.95" speed="6.04" harmonicMeanSpeed="6.04" length="5.00" nVehEntered="1"/>
</detector>
