<?xml version="1.0" encoding="UTF-8"?>

<!-- generated on 2023-07-30 22:11:19 by Eclipse SUMO sumo Version 1.12.0
<configuration xmlns:xsi="http://www.w3.org/2001/XMLSchema-instance" xsi:noNamespaceSchemaLocation="http://sumo.dlr.de/xsd/sumoConfiguration.xsd">

    <input>
        <net-file value="Data0-27/intersection.net.xml"/>
        <route-files value="Data0-27/intersection.rou.xml"/>
        <additional-files value="Data0-27/intersection.det.xml"/>
    </input>

    <output>
        <tripinfo-output value="Data0-27/tripinfo.xml"/>
    </output>

    <time>
        <begin value="0"/>
    </time>

    <processing>
        <time-to-teleport value="-1"/>
        <waiting-time-memory value="60000"/>
    </processing>

    <report>
        <verbose value="true"/>
        <no-step-log value="true"/>
    </report>

    <emissions>
        <device.emissions.probability value="1"/>
    </emissions>

    <traci_server>
        <remote-port value="37861"/>
    </traci_server>

    <gui_only>
        <gui-settings-file value="Data0-27/intersection.settings.xml"/>
    </gui_only>

</configuration>
-->

<detector xmlns:xsi="http://www.w3.org/2001/XMLSchema-instance" xsi:noNamespaceSchemaLocation="http://sumo.dlr.de/xsd/det_e1_file.xsd">
    <interval begin="0.00" end="100.00" id="inductionLoop.S1" nVehContrib="6" flow="216.00" occupancy="4.79" speed="12.14" harmonicMeanSpeed="11.53" length="5.00" nVehEntered="7"/>
    <interval begin="100.00" end="200.00" id="inductionLoop.S1" nVehContrib="9" flow="324.00" occupancy="63.05" speed="3.99" harmonicMeanSpeed="0.69" length="5.00" nVehEntered="8"/>
    <interval begin="200.00" end="300.00" id="inductionLoop.S1" nVehContrib="10" flow="360.00" occupancy="43.11" speed="5.34" harmonicMeanSpeed="2.27" length="5.00" nVehEntered="14"/>
    <interval begin="300.00" end="400.00" id="inductionLoop.S1" nVehContrib="9" flow="324.00" occupancy="67.15" speed="3.93" harmonicMeanSpeed="0.79" length="5.00" nVehEntered="10"/>
    <interval begin="400.00" end="500.00" id="inductionLoop.S1" nVehContrib="11" flow="396.00" occupancy="75.70" speed="4.17" harmonicMeanSpeed="0.59" length="5.00" nVehEntered="11"/>
    <interval begin="500.00" end="600.00" id="inductionLoop.S1" nVehContrib="9" flow="324.00" occupancy="68.27" speed="3.97" harmonicMeanSpeed="0.65" length="5.00" nVehEntered="8"/>
    <interval begin="600.00" end="700.00" id="inductionLoop.S1" nVehContrib="9" flow="324.00" occupancy="72.46" speed="3.73" harmonicMeanSpeed="0.62" length="5.00" nVehEntered="10"/>
    <interval begin="700.00" end="800.00" id="inductionLoop.S1" nVehContrib="16" flow="576.00" occupancy="64.32" speed="7.39" harmonicMeanSpeed="2.68" length="5.00" nVehEntered="16"/>
    <interval begin="800.00" end="900.00" id="inductionLoop.S1" nVehContrib="12" flow="432.00" occupancy="76.73" speed="4.96" harmonicMeanSpeed="0.68" length="5.00" nVehEntered="12"/>
    <interval begin="900.00" end="1000.00" id="inductionLoop.S1" nVehContrib="14" flow="504.00" occupancy="68.82" speed="6.12" harmonicMeanSpeed="0.76" length="5.00" nVehEntered="14"/>
    <interval begin="1000.00" end="1100.00" id="inductionLoop.S1" nVehContrib="10" flow="360.00" occupancy="11.70" speed="9.14" harmonicMeanSpeed="5.32" length="5.00" nVehEntered="13"/>
    <interval begin="1100.00" end="1200.00" id="inductionLoop.S1" nVehContrib="11" flow="396.00" occupancy="16.75" speed="8.07" harmonicMeanSpeed="4.90" length="5.00" nVehEntered="14"/>
    <interval begin="1200.00" end="1300.00" id="inductionLoop.S1" nVehContrib="9" flow="324.00" occupancy="10.60" speed="7.93" harmonicMeanSpeed="3.95" length="5.00" nVehEntered="9"/>
    <interval begin="1300.00" end="1400.00" id="inductionLoop.S1" nVehContrib="10" flow="360.00" occupancy="21.02" speed="6.44" harmonicMeanSpeed="2.50" length="5.00" nVehEntered="11"/>
    <interval begin="1400.00" end="1500.00" id="inductionLoop.S1" nVehContrib="8" flow="288.00" occupancy="53.30" speed="3.74" harmonicMeanSpeed="1.17" length="5.00" nVehEntered="8"/>
    <interval begin="1500.00" end="1600.00" id="inductionLoop.S1" nVehContrib="9" flow="324.00" occupancy="44.32" speed="5.55" harmonicMeanSpeed="0.70" length="5.00" nVehEntered="8"/>
    <interval begin="1600.00" end="1700.00" id="inductionLoop.S1" nVehContrib="6" flow="216.00" occupancy="65.56" speed="6.35" harmonicMeanSpeed="0.95" length="5.00" nVehEntered="7"/>
    <interval begin="1700.00" end="1800.00" id="inductionLoop.S1" nVehContrib="10" flow="360.00" occupancy="34.78" speed="5.22" harmonicMeanSpeed="0.74" length="5.00" nVehEntered="10"/>
    <interval begin="1800.00" end="1900.00" id="inductionLoop.S1" nVehContrib="10" flow="360.00" occupancy="18.33" speed="8.51" harmonicMeanSpeed="2.73" length="5.00" nVehEntered="10"/>
    <interval begin="1900.00" end="2000.00" id="inductionLoop.S1" nVehContrib="12" flow="432.00" occupancy="30.92" speed="6.70" harmonicMeanSpeed="2.01" length="5.00" nVehEntered="14"/>
    <interval begin="2000.00" end="2100.00" id="inductionLoop.S1" nVehContrib="9" flow="324.00" occupancy="38.85" speed="2.98" harmonicMeanSpeed="1.16" length="5.00" nVehEntered="11"/>
    <interval begin="2100.00" end="2200.00" id="inductionLoop.S1" nVehContrib="11" flow="396.00" occupancy="49.27" speed="6.20" harmonicMeanSpeed="1.11" length="5.00" nVehEntered="10"/>
    <interval begin="2200.00" end="2300.00" id="inductionLoop.S1" nVehContrib="11" flow="396.00" occupancy="25.21" speed="4.71" harmonicMeanSpeed="2.60" length="5.00" nVehEntered="12"/>
    <interval begin="2300.00" end="2400.00" id="inductionLoop.S1" nVehContrib="8" flow="288.00" occupancy="31.87" speed="7.42" harmonicMeanSpeed="1.43" length="5.00" nVehEntered="9"/>
    <interval begin="2400.00" end="2500.00" id="inductionLoop.S1" nVehContrib="7" flow="252.00" occupancy="30.50" speed="6.81" harmonicMeanSpeed="1.19" length="5.00" nVehEntered="8"/>
    <interval begin="2500.00" end="2600.00" id="inductionLoop.S1" nVehContrib="7" flow="252.00" occupancy="3.74" speed="11.01" harmonicMeanSpeed="10.57" length="5.00" nVehEntered="9"/>
    <interval begin="2600.00" end="2700.00" id="inductionLoop.S1" nVehContrib="12" flow="432.00" occupancy="38.95" speed="6.29" harmonicMeanSpeed="1.56" length="5.00" nVehEntered="14"/>
    <interval begin="2700.00" end="2800.00" id="inductionLoop.S1" nVehContrib="9" flow="324.00" occupancy="62.12" speed="2.85" harmonicMeanSpeed="0.81" length="5.00" nVehEntered="10"/>
    <interval begin="2800.00" end="2900.00" id="inductionLoop.S1" nVehContrib="13" flow="468.00" occupancy="24.68" speed="8.69" harmonicMeanSpeed="2.63" length="5.00" nVehEntered="13"/>
    <interval begin="2900.00" end="3000.00" id="inductionLoop.S1" nVehContrib="8" flow="288.00" occupancy="4.22" speed="9.80" harmonicMeanSpeed="9.48" length="5.00" nVehEntered="8"/>
    <interval begin="3000.00" end="3100.00" id="inductionLoop.S1" nVehContrib="12" flow="432.00" occupancy="17.12" speed="8.74" harmonicMeanSpeed="3.76" length="5.00" nVehEntered="14"/>
    <interval begin="3100.00" end="3200.00" id="inductionLoop.S1" nVehContrib="10" flow="360.00" occupancy="32.63" speed="7.77" harmonicMeanSpeed="1.55" length="5.00" nVehEntered="11"/>
    <interval begin="3200.00" end="3300.00" id="inductionLoop.S1" nVehContrib="12" flow="432.00" occupancy="17.51" speed="8.52" harmonicMeanSpeed="3.85" length="5.00" nVehEntered="14"/>
    <interval begin="3300.00" end="3400.00" id="inductionLoop.S1" nVehContrib="5" flow="180.00" occupancy="4.57" speed="8.70" harmonicMeanSpeed="5.47" length="5.00" nVehEntered="5"/>
    <interval begin="3400.00" end="3500.00" id="inductionLoop.S1" nVehContrib="12" flow="432.00" occupancy="18.00" speed="8.85" harmonicMeanSpeed="3.33" length="5.00" nVehEntered="12"/>
    <interval begin="3500.00" end="3600.00" id="inductionLoop.S1" nVehContrib="9" flow="324.00" occupancy="29.61" speed="6.73" harmonicMeanSpeed="1.54" length="5.00" nVehEntered="10"/>
    <interval begin="3600.00" end="3700.00" id="inductionLoop.S1" nVehContrib="9" flow="324.00" occupancy="5.54" speed="10.30" harmonicMeanSpeed="8.25" length="5.00" nVehEntered="10"/>
    <interval begin="3700.00" end="3800.00" id="inductionLoop.S1" nVehContrib="8" flow="288.00" occupancy="23.21" speed="7.82" harmonicMeanSpeed="2.18" length="5.00" nVehEntered="11"/>
    <interval begin="3800.00" end="3900.00" id="inductionLoop.S1" nVehContrib="14" flow="504.00" occupancy="50.87" speed="5.97" harmonicMeanSpeed="1.85" length="5.00" nVehEntered="16"/>
    <interval begin="3900.00" end="4000.00" id="inductionLoop.S1" nVehContrib="9" flow="324.00" occupancy="48.24" speed="6.88" harmonicMeanSpeed="0.74" length="5.00" nVehEntered="9"/>
    <interval begin="4000.00" end="4100.00" id="inductionLoop.S1" nVehContrib="11" flow="396.00" occupancy="26.98" speed="7.75" harmonicMeanSpeed="2.04" length="5.00" nVehEntered="11"/>
    <interval begin="4100.00" end="4200.00" id="inductionLoop.S1" nVehContrib="10" flow="360.00" occupancy="28.41" speed="7.00" harmonicMeanSpeed="1.91" length="5.00" nVehEntered="11"/>
    <interval begin="4200.00" end="4300.00" id="inductionLoop.S1" nVehContrib="10" flow="360.00" occupancy="52.52" speed="5.44" harmonicMeanSpeed="1.56" length="5.00" nVehEntered="13"/>
    <interval begin="4300.00" end="4400.00" id="inductionLoop.S1" nVehContrib="11" flow="396.00" occupancy="19.73" speed="6.58" harmonicMeanSpeed="1.55" length="5.00" nVehEntered="11"/>
    <interval begin="4400.00" end="4500.00" id="inductionLoop.S1" nVehContrib="9" flow="324.00" occupancy="5.53" speed="9.88" harmonicMeanSpeed="9.52" length="5.00" nVehEntered="10"/>
    <interval begin="4500.00" end="4600.00" id="inductionLoop.S1" nVehContrib="11" flow="396.00" occupancy="26.72" speed="7.43" harmonicMeanSpeed="3.31" length="5.00" nVehEntered="13"/>
    <interval begin="4600.00" end="4700.00" id="inductionLoop.S1" nVehContrib="10" flow="360.00" occupancy="46.48" speed="6.83" harmonicMeanSpeed="0.93" length="5.00" nVehEntered="11"/>
    <interval begin="4700.00" end="4800.00" id="inductionLoop.S1" nVehContrib="10" flow="360.00" occupancy="34.65" speed="6.45" harmonicMeanSpeed="1.45" length="5.00" nVehEntered="11"/>
    <interval begin="4800.00" end="4900.00" id="inductionLoop.S1" nVehContrib="10" flow="360.00" occupancy="30.36" speed="6.61" harmonicMeanSpeed="2.02" length="5.00" nVehEntered="12"/>
    <interval begin="4900.00" end="5000.00" id="inductionLoop.S1" nVehContrib="10" flow="360.00" occupancy="5.11" speed="9.54" harmonicMeanSpeed="4.76" length="5.00" nVehEntered="9"/>
    <interval begin="5000.00" end="5100.00" id="inductionLoop.S1" nVehContrib="7" flow="252.00" occupancy="5.40" speed="9.61" harmonicMeanSpeed="7.02" length="5.00" nVehEntered="8"/>
    <interval begin="5100.00" end="5200.00" id="inductionLoop.S1" nVehContrib="11" flow="396.00" occupancy="6.41" speed="10.28" harmonicMeanSpeed="9.15" length="5.00" nVehEntered="12"/>
    <interval begin="5200.00" end="5300.00" id="inductionLoop.S1" nVehContrib="9" flow="324.00" occupancy="17.32" speed="7.35" harmonicMeanSpeed="3.13" length="5.00" nVehEntered="13"/>
    <interval begin="5300.00" end="5400.00" id="inductionLoop.S1" nVehContrib="12" flow="432.00" occupancy="24.79" speed="7.48" harmonicMeanSpeed="2.47" length="5.00" nVehEntered="13"/>
    <interval begin="5400.00" end="5500.00" id="inductionLoop.S1" nVehContrib="10" flow="360.00" occupancy="6.08" speed="9.44" harmonicMeanSpeed="9.03" length="5.00" nVehEntered="12"/>
    <interval begin="5500.00" end="5600.00" id="inductionLoop.S1" nVehContrib="9" flow="324.00" occupancy="6.57" speed="10.29" harmonicMeanSpeed="7.22" length="5.00" nVehEntered="10"/>
    <interval begin="5600.00" end="5700.00" id="inductionLoop.S1" nVehContrib="15" flow="540.00" occupancy="8.44" speed="10.90" harmonicMeanSpeed="8.89" length="5.00" nVehEntered="15"/>
    <interval begin="5700.00" end="5800.00" id="inductionLoop.S1" nVehContrib="3" flow="108.00" occupancy="2.35" speed="7.76" harmonicMeanSpeed="6.72" length="5.00" nVehEntered="4"/>
    <interval begin="5800.00" end="5900.00" id="inductionLoop.S1" nVehContrib="6" flow="216.00" occupancy="2.88" speed="11.15" harmonicMeanSpeed="10.40" length="5.00" nVehEntered="6"/>
    <interval begin="5900.00" end="6000.00" id="inductionLoop.S1" nVehContrib="8" flow="288.00" occupancy="4.51" speed="10.53" harmonicMeanSpeed="8.88" length="5.00" nVehEntered="8"/>
    <interval begin="6000.00" end="6100.00" id="inductionLoop.S1" nVehContrib="9" flow="324.00" occupancy="13.67" speed="9.90" harmonicMeanSpeed="3.39" length="5.00" nVehEntered="10"/>
    <interval begin="6100.00" end="6200.00" id="inductionLoop.S1" nVehContrib="9" flow="324.00" occupancy="20.11" speed="10.38" harmonicMeanSpeed="2.52" length="5.00" nVehEntered="11"/>
    <interval begin="6200.00" end="6300.00" id="inductionLoop.S1" nVehContrib="14" flow="504.00" occupancy="40.57" speed="6.80" harmonicMeanSpeed="1.67" length="5.00" nVehEntered="15"/>
    <interval begin="6300.00" end="6400.00" id="inductionLoop.S1" nVehContrib="11" flow="396.00" occupancy="7.01" speed="10.01" harmonicMeanSpeed="9.16" length="5.00" nVehEntered="12"/>
    <interval begin="6400.00" end="6500.00" id="inductionLoop.S1" nVehContrib="8" flow="288.00" occupancy="3.41" speed="12.11" harmonicMeanSpeed="11.73" length="5.00" nVehEntered="8"/>
    <interval begin="6500.00" end="6600.00" id="inductionLoop.S1" nVehContrib="11" flow="396.00" occupancy="6.97" speed="8.95" harmonicMeanSpeed="7.89" length="5.00" nVehEntered="11"/>
    <interval begin="6600.00" end="6700.00" id="inductionLoop.S1" nVehContrib="8" flow="288.00" occupancy="4.73" speed="10.30" harmonicMeanSpeed="10.06" length="5.00" nVehEntered="9"/>
    <interval begin="6700.00" end="6800.00" id="inductionLoop.S1" nVehContrib="12" flow="432.00" occupancy="23.96" speed="9.96" harmonicMeanSpeed="2.88" length="5.00" nVehEntered="15"/>
    <interval begin="6800.00" end="6900.00" id="inductionLoop.S1" nVehContrib="8" flow="288.00" occupancy="3.47" speed="11.68" harmonicMeanSpeed="11.53" length="5.00" nVehEntered="8"/>
    <interval begin="6900.00" end="7000.00" id="inductionLoop.S1" nVehContrib="7" flow="252.00" occupancy="3.04" speed="11.71" harmonicMeanSpeed="11.52" length="5.00" nVehEntered="7"/>
    <interval begin="7000.00" end="7100.00" id="inductionLoop.S1" nVehContrib="7" flow="252.00" occupancy="3.35" speed="12.30" harmonicMeanSpeed="12.00" length="5.00" nVehEntered="9"/>
    <interval begin="7100.00" end="7200.00" id="inductionLoop.S1" nVehContrib="10" flow="360.00" occupancy="4.59" speed="11.63" harmonicMeanSpeed="11.32" length="5.00" nVehEntered="11"/>
    <interval begin="7200.00" end="7300.00" id="inductionLoop.S1" nVehContrib="3" flow="108.00" occupancy="1.67" speed="11.13" harmonicMeanSpeed="10.76" length="5.00" nVehEntered="4"/>
    <interval begin="7300.00" end="7400.00" id="inductionLoop.S1" nVehContrib="4" flow="144.00" occupancy="1.97" speed="10.69" harmonicMeanSpeed="10.32" length="5.00" nVehEntered="5"/>
    <interval begin="7400.00" end="7500.00" id="inductionLoop.S1" nVehContrib="7" flow="252.00" occupancy="3.18" speed="11.28" harmonicMeanSpeed="11.01" length="5.00" nVehEntered="7"/>
    <interval begin="7500.00" end="7600.00" id="inductionLoop.S1" nVehContrib="5" flow="180.00" occupancy="31.31" speed="5.87" harmonicMeanSpeed="0.81" length="5.00" nVehEntered="6"/>
    <interval begin="7600.00" end="7700.00" id="inductionLoop.S1" nVehContrib="11" flow="396.00" occupancy="15.47" speed="9.97" harmonicMeanSpeed="3.55" length="5.00" nVehEntered="11"/>
    <interval begin="7700.00" end="7800.00" id="inductionLoop.S1" nVehContrib="9" flow="324.00" occupancy="13.99" speed="9.80" harmonicMeanSpeed="3.22" length="5.00" nVehEntered="9"/>
    <interval begin="7800.00" end="7900.00" id="inductionLoop.S1" nVehContrib="10" flow="360.00" occupancy="4.33" speed="12.43" harmonicMeanSpeed="12.25" length="5.00" nVehEntered="11"/>
    <interval begin="7900.00" end="8000.00" id="inductionLoop.S1" nVehContrib="6" flow="216.00" occupancy="4.38" speed="9.74" harmonicMeanSpeed="7.57" length="5.00" nVehEntered="7"/>
    <interval begin="8000.00" end="8100.00" id="inductionLoop.S1" nVehContrib="10" flow="360.00" occupancy="5.56" speed="10.61" harmonicMeanSpeed="8.99" length="5.00" nVehEntered="10"/>
    <interval begin="8100.00" end="8200.00" id="inductionLoop.S1" nVehContrib="7" flow="252.00" occupancy="3.46" speed="11.51" harmonicMeanSpeed="10.99" length="5.00" nVehEntered="9"/>
    <interval begin="8200.00" end="8300.00" id="inductionLoop.S1" nVehContrib="9" flow="324.00" occupancy="4.21" speed="11.07" harmonicMeanSpeed="10.78" length="5.00" nVehEntered="10"/>
    <interval begin="8300.00" end="8400.00" id="inductionLoop.S1" nVehContrib="9" flow="324.00" occupancy="12.43" speed="7.80" harmonicMeanSpeed="3.72" length="5.00" nVehEntered="11"/>
    <interval begin="8400.00" end="8500.00" id="inductionLoop.S1" nVehContrib="6" flow="216.00" occupancy="2.87" speed="10.81" harmonicMeanSpeed="10.44" length="5.00" nVehEntered="6"/>
    <interval begin="8500.00" end="8600.00" id="inductionLoop.S1" nVehContrib="10" flow="360.00" occupancy="15.73" speed="9.84" harmonicMeanSpeed="7.87" length="5.00" nVehEntered="13"/>
    <interval begin="8600.00" end="8700.00" id="inductionLoop.S1" nVehContrib="8" flow="288.00" occupancy="12.04" speed="6.36" harmonicMeanSpeed="2.43" length="5.00" nVehEntered="9"/>
    <interval begin="8700.00" end="8800.00" id="inductionLoop.S1" nVehContrib="9" flow="324.00" occupancy="11.46" speed="7.83" harmonicMeanSpeed="4.41" length="5.00" nVehEntered="12"/>
    <interval begin="8800.00" end="8900.00" id="inductionLoop.S1" nVehContrib="12" flow="432.00" occupancy="5.68" speed="11.17" harmonicMeanSpeed="10.83" length="5.00" nVehEntered="13"/>
    <interval begin="8900.00" end="9000.00" id="inductionLoop.S1" nVehContrib="4" flow="144.00" occupancy="3.78" speed="10.70" harmonicMeanSpeed="5.86" length="5.00" nVehEntered="6"/>
    <interval begin="9000.00" end="9100.00" id="inductionLoop.S1" nVehContrib="13" flow="468.00" occupancy="18.72" speed="8.06" harmonicMeanSpeed="4.13" length="5.00" nVehEntered="15"/>
    <interval begin="9100.00" end="9200.00" id="inductionLoop.S1" nVehContrib="6" flow="216.00" occupancy="2.79" speed="11.33" harmonicMeanSpeed="10.76" length="5.00" nVehEntered="6"/>
    <interval begin="9200.00" end="9300.00" id="inductionLoop.S1" nVehContrib="11" flow="396.00" occupancy="10.24" speed="9.34" harmonicMeanSpeed="7.93" length="5.00" nVehEntered="14"/>
    <interval begin="9300.00" end="9400.00" id="inductionLoop.S1" nVehContrib="7" flow="252.00" occupancy="3.71" speed="11.47" harmonicMeanSpeed="9.42" length="5.00" nVehEntered="7"/>
    <interval begin="9400.00" end="9500.00" id="inductionLoop.S1" nVehContrib="11" flow="396.00" occupancy="6.38" speed="10.08" harmonicMeanSpeed="8.62" length="5.00" nVehEntered="11"/>
    <interval begin="9500.00" end="9600.00" id="inductionLoop.S1" nVehContrib="11" flow="396.00" occupancy="11.61" speed="8.64" harmonicMeanSpeed="4.83" length="5.00" nVehEntered="12"/>
    <interval begin="9600.00" end="9700.00" id="inductionLoop.S1" nVehContrib="6" flow="216.00" occupancy="3.44" speed="10.36" harmonicMeanSpeed="10.02" length="5.00" nVehEntered="7"/>
    <interval begin="9700.00" end="9800.00" id="inductionLoop.S1" nVehContrib="5" flow="180.00" occupancy="1.97" speed="12.76" harmonicMeanSpeed="12.71" length="5.00" nVehEntered="5"/>
    <interval begin="9800.00" end="9900.00" id="inductionLoop.S1" nVehContrib="7" flow="252.00" occupancy="2.76" speed="12.83" harmonicMeanSpeed="12.67" length="5.00" nVehEntered="7"/>
    <interval begin="9900.00" end="10000.00" id="inductionLoop.S1" nVehContrib="7" flow="252.00" occupancy="4.26" speed="10.26" harmonicMeanSpeed="8.36" length="5.00" nVehEntered="8"/>
    <interval begin="10000.00" end="10100.00" id="inductionLoop.S1" nVehContrib="9" flow="324.00" occupancy="5.30" speed="9.74" harmonicMeanSpeed="8.55" length="5.00" nVehEntered="10"/>
    <interval begin="10100.00" end="10200.00" id="inductionLoop.S1" nVehContrib="5" flow="180.00" occupancy="2.78" speed="10.84" harmonicMeanSpeed="10.67" length="5.00" nVehEntered="7"/>
    <interval begin="10200.00" end="10300.00" id="inductionLoop.S1" nVehContrib="9" flow="324.00" occupancy="4.80" speed="11.55" harmonicMeanSpeed="9.38" length="5.00" nVehEntered="9"/>
    <interval begin="10300.00" end="10400.00" id="inductionLoop.S1" nVehContrib="9" flow="324.00" occupancy="4.90" speed="10.32" harmonicMeanSpeed="9.18" length="5.00" nVehEntered="9"/>
    <interval begin="10400.00" end="10500.00" id="inductionLoop.S1" nVehContrib="3" flow="108.00" occupancy="1.49" speed="12.75" harmonicMeanSpeed="12.52" length="5.00" nVehEntered="4"/>
    <interval begin="10500.00" end="10600.00" id="inductionLoop.S1" nVehContrib="8" flow="288.00" occupancy="4.04" speed="10.94" harmonicMeanSpeed="10.60" length="5.00" nVehEntered="9"/>
    <interval begin="10600.00" end="10700.00" id="inductionLoop.S1" nVehContrib="7" flow="252.00" occupancy="3.87" speed="11.97" harmonicMeanSpeed="11.83" length="5.00" nVehEntered="10"/>
    <interval begin="10700.00" end="10800.00" id="inductionLoop.S1" nVehContrib="6" flow="216.00" occupancy="6.38" speed="8.98" harmonicMeanSpeed="5.29" length="5.00" nVehEntered="9"/>
    <interval begin="10800.00" end="10900.00" id="inductionLoop.S1" nVehContrib="4" flow="144.00" occupancy="1.79" speed="11.88" harmonicMeanSpeed="11.82" length="5.00" nVehEntered="4"/>
    <interval begin="10900.00" end="11000.00" id="inductionLoop.S1" nVehContrib="5" flow="180.00" occupancy="3.10" speed="9.41" harmonicMeanSpeed="8.06" length="5.00" nVehEntered="5"/>
    <interval begin="11000.00" end="11100.00" id="inductionLoop.S1" nVehContrib="5" flow="180.00" occupancy="2.05" speed="12.24" harmonicMeanSpeed="12.22" length="5.00" nVehEntered="5"/>
    <interval begin="11100.00" end="11200.00" id="inductionLoop.S1" nVehContrib="4" flow="144.00" occupancy="1.66" speed="12.38" harmonicMeanSpeed="12.06" length="5.00" nVehEntered="4"/>
    <interval begin="11200.00" end="11300.00" id="inductionLoop.S1" nVehContrib="6" flow="216.00" occupancy="2.34" speed="12.89" harmonicMeanSpeed="12.81" length="5.00" nVehEntered="6"/>
    <interval begin="11300.00" end="11400.00" id="inductionLoop.S1" nVehContrib="10" flow="360.00" occupancy="6.34" speed="10.07" harmonicMeanSpeed="7.89" length="5.00" nVehEntered="10"/>
    <interval begin="11400.00" end="11500.00" id="inductionLoop.S1" nVehContrib="7" flow="252.00" occupancy="3.27" speed="11.51" harmonicMeanSpeed="11.09" length="5.00" nVehEntered="8"/>
    <interval begin="11500.00" end="11600.00" id="inductionLoop.S1" nVehContrib="6" flow="216.00" occupancy="3.09" speed="11.14" harmonicMeanSpeed="10.83" length="5.00" nVehEntered="7"/>
    <interval begin="11600.00" end="11700.00" id="inductionLoop.S1" nVehContrib="10" flow="360.00" occupancy="5.26" speed="11.04" harmonicMeanSpeed="9.51" length="5.00" nVehEntered="10"/>
    <interval begin="11700.00" end="11800.00" id="inductionLoop.S1" nVehContrib="3" flow="108.00" occupancy="1.12" speed="13.53" harmonicMeanSpeed="13.41" length="5.00" nVehEntered="3"/>
    <interval begin="11800.00" end="11900.00" id="inductionLoop.S1" nVehContrib="1" flow="36.00" occupancy="0.41" speed="12.32" harmonicMeanSpeed="12.32" length="5.00" nVehEntered="1"/>
    <interval begin="11900.00" end="12000.00" id="inductionLoop.S1" nVehContrib="7" flow="252.00" occupancy="2.74" speed="12.82" harmonicMeanSpeed="12.77" length="5.00" nVehEntered="7"/>
    <interval begin="12000.00" end="12100.00" id="inductionLoop.S1" nVehContrib="9" flow="324.00" occupancy="3.74" speed="12.31" harmonicMeanSpeed="12.05" length="5.00" nVehEntered="9"/>
    <interval begin="12100.00" end="12200.00" id="inductionLoop.S1" nVehContrib="3" flow="108.00" occupancy="1.68" speed="12.15" harmonicMeanSpeed="11.62" length="5.00" nVehEntered="4"/>
    <interval begin="12200.00" end="12300.00" id="inductionLoop.S1" nVehContrib="5" flow="180.00" occupancy="2.02" speed="12.57" harmonicMeanSpeed="12.38" length="5.00" nVehEntered="5"/>
    <interval begin="12300.00" end="12400.00" id="inductionLoop.S1" nVehContrib="4" flow="144.00" occupancy="1.71" speed="11.77" harmonicMeanSpeed="11.69" length="5.00" nVehEntered="4"/>
    <interval begin="12400.00" end="12500.00" id="inductionLoop.S1" nVehContrib="4" flow="144.00" occupancy="1.80" speed="13.24" harmonicMeanSpeed="13.10" length="5.00" nVehEntered="5"/>
    <interval begin="12500.00" end="12600.00" id="inductionLoop.S1" nVehContrib="9" flow="324.00" occupancy="4.59" speed="10.83" harmonicMeanSpeed="9.99" length="5.00" nVehEntered="10"/>
    <interval begin="12600.00" end="12700.00" id="inductionLoop.S1" nVehContrib="6" flow="216.00" occupancy="2.44" speed="12.35" harmonicMeanSpeed="12.28" length="5.00" nVehEntered="6"/>
    <interval begin="12700.00" end="12800.00" id="inductionLoop.S1" nVehContrib="5" flow="180.00" occupancy="1.85" speed="13.59" harmonicMeanSpeed="13.52" length="5.00" nVehEntered="5"/>
    <interval begin="12800.00" end="12900.00" id="inductionLoop.S1" nVehContrib="2" flow="72.00" occupancy="1.52" speed="9.00" harmonicMeanSpeed="6.72" length="5.00" nVehEntered="3"/>
    <interval begin="12900.00" end="13000.00" id="inductionLoop.S1" nVehContrib="8" flow="288.00" occupancy="3.22" speed="12.55" harmonicMeanSpeed="12.42" length="5.00" nVehEntered="8"/>
    <interval begin="13000.00" end="13100.00" id="inductionLoop.S1" nVehContrib="8" flow="288.00" occupancy="5.43" speed="10.03" harmonicMeanSpeed="7.84" length="5.00" nVehEntered="9"/>
    <interval begin="13100.00" end="13200.00" id="inductionLoop.S1" nVehContrib="5" flow="180.00" occupancy="2.39" speed="10.75" harmonicMeanSpeed="10.45" length="5.00" nVehEntered="5"/>
    <interval begin="13200.00" end="13300.00" id="inductionLoop.S1" nVehContrib="11" flow="396.00" occupancy="5.75" speed="10.97" harmonicMeanSpeed="9.99" length="5.00" nVehEntered="12"/>
    <interval begin="13300.00" end="13400.00" id="inductionLoop.S1" nVehContrib="3" flow="108.00" occupancy="1.56" speed="10.84" harmonicMeanSpeed="10.76" length="5.00" nVehEntered="4"/>
    <interval begin="13400.00" end="13500.00" id="inductionLoop.S1" nVehContrib="6" flow="216.00" occupancy="3.36" speed="9.15" harmonicMeanSpeed="8.93" length="5.00" nVehEntered="6"/>
    <interval begin="13500.00" end="13600.00" id="inductionLoop.S1" nVehContrib="4" flow="144.00" occupancy="1.56" speed="12.89" harmonicMeanSpeed="12.82" length="5.00" nVehEntered="4"/>
    <interval begin="13600.00" end="13700.00" id="inductionLoop.S1" nVehContrib="6" flow="216.00" occupancy="3.46" speed="11.28" harmonicMeanSpeed="9.04" length="5.00" nVehEntered="7"/>
    <interval begin="13700.00" end="13800.00" id="inductionLoop.S1" nVehContrib="4" flow="144.00" occupancy="1.74" speed="11.74" harmonicMeanSpeed="11.52" length="5.00" nVehEntered="4"/>
    <interval begin="13800.00" end="13900.00" id="inductionLoop.S1" nVehContrib="5" flow="180.00" occupancy="1.85" speed="13.55" harmonicMeanSpeed="13.54" length="5.00" nVehEntered="5"/>
    <interval begin="13900.00" end="14000.00" id="inductionLoop.S1" nVehContrib="6" flow="216.00" occupancy="2.77" speed="11.10" harmonicMeanSpeed="10.83" length="5.00" nVehEntered="6"/>
    <interval begin="14000.00" end="14100.00" id="inductionLoop.S1" nVehContrib="5" flow="180.00" occupancy="2.46" speed="12.18" harmonicMeanSpeed="11.74" length="5.00" nVehEntered="6"/>
    <interval begin="14100.00" end="14200.00" id="inductionLoop.S1" nVehContrib="8" flow="288.00" occupancy="3.53" speed="11.40" harmonicMeanSpeed="11.35" length="5.00" nVehEntered="8"/>
    <interval begin="14200.00" end="14300.00" id="inductionLoop.S1" nVehContrib="8" flow="288.00" occupancy="4.28" speed="9.96" harmonicMeanSpeed="9.63" length="5.00" nVehEntered="9"/>
    <interval begin="14300.00" end="14400.00" id="inductionLoop.S1" nVehContrib="5" flow="180.00" occupancy="2.43" speed="12.33" harmonicMeanSpeed="12.21" length="5.00" nVehEntered="7"/>
    <interval begin="14400.00" end="14500.00" id="inductionLoop.S1" nVehContrib="7" flow="252.00" occupancy="3.35" speed="11.56" harmonicMeanSpeed="11.33" length="5.00" nVehEntered="8"/>
    <interval begin="14500.00" end="14600.00" id="inductionLoop.S1" nVehContrib="3" flow="108.00" occupancy="2.45" speed="9.84" harmonicMeanSpeed="7.19" length="5.00" nVehEntered="4"/>
    <interval begin="14600.00" end="14700.00" id="inductionLoop.S1" nVehContrib="6" flow="216.00" occupancy="3.84" speed="9.66" harmonicMeanSpeed="7.81" length="5.00" nVehEntered="6"/>
    <interval begin="14700.00" end="14800.00" id="inductionLoop.S1" nVehContrib="3" flow="108.00" occupancy="2.54" speed="8.09" harmonicMeanSpeed="6.90" length="5.00" nVehEntered="5"/>
    <interval begin="14800.00" end="14900.00" id="inductionLoop.S1" nVehContrib="10" flow="360.00" occupancy="11.27" speed="8.61" harmonicMeanSpeed="4.44" length="5.00" nVehEntered="10"/>
    <interval begin="14900.00" end="15000.00" id="inductionLoop.S1" nVehContrib="6" flow="216.00" occupancy="4.57" speed="10.25" harmonicMeanSpeed="6.57" length="5.00" nVehEntered="6"/>
    <interval begin="15000.00" end="15100.00" id="inductionLoop.S1" nVehContrib="8" flow="288.00" occupancy="3.45" speed="12.12" harmonicMeanSpeed="11.60" length="5.00" nVehEntered="8"/>
    <interval begin="15100.00" end="15200.00" id="inductionLoop.S1" nVehContrib="6" flow="216.00" occupancy="2.85" speed="10.93" harmonicMeanSpeed="10.51" length="5.00" nVehEntered="6"/>
    <interval begin="15200.00" end="15300.00" id="inductionLoop.S1" nVehContrib="7" flow="252.00" occupancy="3.06" speed="12.53" harmonicMeanSpeed="12.27" length="5.00" nVehEntered="8"/>
    <interval begin="15300.00" end="15400.00" id="inductionLoop.S1" nVehContrib="8" flow="288.00" occupancy="3.67" speed="11.72" harmonicMeanSpeed="11.52" length="5.00" nVehEntered="9"/>
    <interval begin="15400.00" end="15500.00" id="inductionLoop.S1" nVehContrib="7" flow="252.00" occupancy="2.42" speed="13.52" harmonicMeanSpeed="13.37" length="5.00" nVehEntered="6"/>
    <interval begin="15500.00" end="15600.00" id="inductionLoop.S1" nVehContrib="6" flow="216.00" occupancy="3.44" speed="10.14" harmonicMeanSpeed="9.56" length="5.00" nVehEntered="7"/>
    <interval begin="15600.00" end="15700.00" id="inductionLoop.S1" nVehContrib="7" flow="252.00" occupancy="3.61" speed="10.95" harmonicMeanSpeed="10.70" length="5.00" nVehEntered="8"/>
    <interval begin="15700.00" end="15800.00" id="inductionLoop.S1" nVehContrib="6" flow="216.00" occupancy="2.76" speed="11.27" harmonicMeanSpeed="10.86" length="5.00" nVehEntered="6"/>
    <interval begin="15800.00" end="15900.00" id="inductionLoop.S1" nVehContrib="6" flow="216.00" occupancy="2.75" speed="11.07" harmonicMeanSpeed="10.92" length="5.00" nVehEntered="6"/>
    <interval begin="15900.00" end="16000.00" id="inductionLoop.S1" nVehContrib="8" flow="288.00" occupancy="4.35" speed="10.19" harmonicMeanSpeed="9.87" length="5.00" nVehEntered="9"/>
    <interval begin="16000.00" end="16100.00" id="inductionLoop.S1" nVehContrib="8" flow="288.00" occupancy="4.15" speed="11.19" harmonicMeanSpeed="10.97" length="5.00" nVehEntered="10"/>
    <interval begin="16100.00" end="16200.00" id="inductionLoop.S1" nVehContrib="11" flow="396.00" occupancy="6.89" speed="9.57" harmonicMeanSpeed="7.98" length="5.00" nVehEntered="11"/>
    <interval begin="16200.00" end="16300.00" id="inductionLoop.S1" nVehContrib="11" flow="396.00" occupancy="7.10" speed="10.05" harmonicMeanSpeed="7.75" length="5.00" nVehEntered="11"/>
    <interval begin="16300.00" end="16400.00" id="inductionLoop.S1" nVehContrib="5" flow="180.00" occupancy="2.11" speed="11.92" harmonicMeanSpeed="11.87" length="5.00" nVehEntered="5"/>
    <interval begin="16400.00" end="16500.00" id="inductionLoop.S1" nVehContrib="3" flow="108.00" occupancy="1.29" speed="11.73" harmonicMeanSpeed="11.60" length="5.00" nVehEntered="3"/>
    <interval begin="16500.00" end="16600.00" id="inductionLoop.S1" nVehContrib="7" flow="252.00" occupancy="5.86" speed="9.25" harmonicMeanSpeed="7.17" length="5.00" nVehEntered="9"/>
    <interval begin="16600.00" end="16700.00" id="inductionLoop.S1" nVehContrib="4" flow="144.00" occupancy="2.15" speed="10.62" harmonicMeanSpeed="10.00" length="5.00" nVehEntered="5"/>
    <interval begin="16700.00" end="16800.00" id="inductionLoop.S1" nVehContrib="10" flow="360.00" occupancy="5.95" speed="10.36" harmonicMeanSpeed="8.76" length="5.00" nVehEntered="11"/>
    <interval begin="16800.00" end="16900.00" id="inductionLoop.S1" nVehContrib="8" flow="288.00" occupancy="11.48" speed="8.29" harmonicMeanSpeed="3.51" length="5.00" nVehEntered="9"/>
    <interval begin="16900.00" end="17000.00" id="inductionLoop.S1" nVehContrib="7" flow="252.00" occupancy="4.19" speed="10.59" harmonicMeanSpeed="8.36" length="5.00" nVehEntered="7"/>
    <interval begin="17000.00" end="17100.00" id="inductionLoop.S1" nVehContrib="6" flow="216.00" occupancy="3.51" speed="10.31" harmonicMeanSpeed="8.54" length="5.00" nVehEntered="6"/>
    <interval begin="17100.00" end="17200.00" id="inductionLoop.S1" nVehContrib="6" flow="216.00" occupancy="2.75" speed="11.26" harmonicMeanSpeed="10.91" length="5.00" nVehEntered="6"/>
    <interval begin="17200.00" end="17300.00" id="inductionLoop.S1" nVehContrib="7" flow="252.00" occupancy="3.39" speed="10.75" harmonicMeanSpeed="10.32" length="5.00" nVehEntered="7"/>
    <interval begin="17300.00" end="17400.00" id="inductionLoop.S1" nVehContrib="5" flow="180.00" occupancy="2.47" speed="11.47" harmonicMeanSpeed="11.00" length="5.00" nVehEntered="6"/>
    <interval begin="17400.00" end="17500.00" id="inductionLoop.S1" nVehContrib="10" flow="360.00" occupancy="38.20" speed="7.17" harmonicMeanSpeed="1.30" length="5.00" nVehEntered="9"/>
    <interval begin="17500.00" end="17600.00" id="inductionLoop.S1" nVehContrib="9" flow="324.00" occupancy="11.13" speed="10.33" harmonicMeanSpeed="4.14" length="5.00" nVehEntered="10"/>
    <interval begin="17600.00" end="17700.00" id="inductionLoop.S1" nVehContrib="5" flow="180.00" occupancy="3.51" speed="8.67" harmonicMeanSpeed="7.12" length="5.00" nVehEntered="5"/>
    <interval begin="17700.00" end="17800.00" id="inductionLoop.S1" nVehContrib="7" flow="252.00" occupancy="3.04" speed="12.13" harmonicMeanSpeed="12.07" length="5.00" nVehEntered="8"/>
    <interval begin="17800.00" end="17900.00" id="inductionLoop.S1" nVehContrib="8" flow="288.00" occupancy="4.01" speed="11.23" harmonicMeanSpeed="10.77" length="5.00" nVehEntered="9"/>
    <interval begin="17900.00" end="18000.00" id="inductionLoop.S1" nVehContrib="3" flow="108.00" occupancy="5.18" speed="6.71" harmonicMeanSpeed="2.98" length="5.00" nVehEntered="4"/>
    <interval begin="18000.00" end="18100.00" id="inductionLoop.S1" nVehContrib="8" flow="288.00" occupancy="4.74" speed="10.52" harmonicMeanSpeed="8.81" length="5.00" nVehEntered="9"/>
    <interval begin="18100.00" end="18200.00" id="inductionLoop.S1" nVehContrib="11" flow="396.00" occupancy="43.12" speed="4.52" harmonicMeanSpeed="1.28" length="5.00" nVehEntered="11"/>
    <interval begin="18200.00" end="18300.00" id="inductionLoop.S1" nVehContrib="6" flow="216.00" occupancy="2.87" speed="10.87" harmonicMeanSpeed="10.44" length="5.00" nVehEntered="6"/>
    <interval begin="18300.00" end="18400.00" id="inductionLoop.S1" nVehContrib="8" flow="288.00" occupancy="17.87" speed="6.74" harmonicMeanSpeed="2.24" length="5.00" nVehEntered="8"/>
    <interval begin="18400.00" end="18500.00" id="inductionLoop.S1" nVehContrib="7" flow="252.00" occupancy="16.76" speed="8.92" harmonicMeanSpeed="2.11" length="5.00" nVehEntered="8"/>
    <interval begin="18500.00" end="18600.00" id="inductionLoop.S1" nVehContrib="3" flow="108.00" occupancy="2.47" speed="9.58" harmonicMeanSpeed="6.21" length="5.00" nVehEntered="4"/>
    <interval begin="18600.00" end="18700.00" id="inductionLoop.S1" nVehContrib="9" flow="324.00" occupancy="6.69" speed="8.84" harmonicMeanSpeed="7.30" length="5.00" nVehEntered="11"/>
    <interval begin="18700.00" end="18800.00" id="inductionLoop.S1" nVehContrib="5" flow="180.00" occupancy="2.79" speed="9.21" harmonicMeanSpeed="8.95" length="5.00" nVehEntered="5"/>
    <interval begin="18800.00" end="18900.00" id="inductionLoop.S1" nVehContrib="7" flow="252.00" occupancy="7.74" speed="6.48" harmonicMeanSpeed="4.80" length="5.00" nVehEntered="8"/>
    <interval begin="18900.00" end="19000.00" id="inductionLoop.S1" nVehContrib="9" flow="324.00" occupancy="21.64" speed="8.91" harmonicMeanSpeed="2.11" length="5.00" nVehEntered="10"/>
    <interval begin="19000.00" end="19100.00" id="inductionLoop.S1" nVehContrib="6" flow="216.00" occupancy="25.55" speed="6.17" harmonicMeanSpeed="1.17" length="5.00" nVehEntered="6"/>
    <interval begin="19100.00" end="19200.00" id="inductionLoop.S1" nVehContrib="4" flow="144.00" occupancy="3.19" speed="8.14" harmonicMeanSpeed="6.27" length="5.00" nVehEntered="4"/>
    <interval begin="19200.00" end="19300.00" id="inductionLoop.S1" nVehContrib="8" flow="288.00" occupancy="4.11" speed="10.00" harmonicMeanSpeed="9.73" length="5.00" nVehEntered="8"/>
    <interval begin="19300.00" end="19400.00" id="inductionLoop.S1" nVehContrib="9" flow="324.00" occupancy="22.12" speed="7.62" harmonicMeanSpeed="2.03" length="5.00" nVehEntered="9"/>
    <interval begin="19400.00" end="19500.00" id="inductionLoop.S1" nVehContrib="5" flow="180.00" occupancy="6.56" speed="8.21" harmonicMeanSpeed="8.17" length="5.00" nVehEntered="7"/>
    <interval begin="19500.00" end="19600.00" id="inductionLoop.S1" nVehContrib="5" flow="180.00" occupancy="75.97" speed="4.49" harmonicMeanSpeed="0.53" length="5.00" nVehEntered="5"/>
    <interval begin="19600.00" end="19700.00" id="inductionLoop.S1" nVehContrib="6" flow="216.00" occupancy="76.55" speed="1.94" harmonicMeanSpeed="0.32" length="5.00" nVehEntered="6"/>
    <interval begin="19700.00" end="19800.00" id="inductionLoop.S1" nVehContrib="8" flow="288.00" occupancy="52.67" speed="6.81" harmonicMeanSpeed="0.92" length="5.00" nVehEntered="10"/>
    <interval begin="19800.00" end="19900.00" id="inductionLoop.S1" nVehContrib="9" flow="324.00" occupancy="27.86" speed="6.33" harmonicMeanSpeed="0.95" length="5.00" nVehEntered="10"/>
    <interval begin="19900.00" end="20000.00" id="inductionLoop.S1" nVehContrib="10" flow="360.00" occupancy="4.89" speed="10.39" harmonicMeanSpeed="10.23" length="5.00" nVehEntered="10"/>
    <interval begin="20000.00" end="20100.00" id="inductionLoop.S1" nVehContrib="9" flow="324.00" occupancy="4.23" speed="10.93" harmonicMeanSpeed="10.63" length="5.00" nVehEntered="9"/>
    <interval begin="20100.00" end="20200.00" id="inductionLoop.S1" nVehContrib="8" flow="288.00" occupancy="31.31" speed="6.22" harmonicMeanSpeed="1.37" length="5.00" nVehEntered="10"/>
    <interval begin="20200.00" end="20300.00" id="inductionLoop.S1" nVehContrib="6" flow="216.00" occupancy="16.52" speed="7.28" harmonicMeanSpeed="1.87" length="5.00" nVehEntered="8"/>
    <interval begin="20300.00" end="20400.00" id="inductionLoop.S1" nVehContrib="10" flow="360.00" occupancy="36.45" speed="6.24" harmonicMeanSpeed="1.43" length="5.00" nVehEntered="11"/>
    <interval begin="20400.00" end="20500.00" id="inductionLoop.S1" nVehContrib="11" flow="396.00" occupancy="27.31" speed="7.02" harmonicMeanSpeed="1.92" length="5.00" nVehEntered="10"/>
    <interval begin="20500.00" end="20600.00" id="inductionLoop.S1" nVehContrib="4" flow="144.00" occupancy="64.97" speed="2.24" harmonicMeanSpeed="0.76" length="5.00" nVehEntered="5"/>
    <interval begin="20600.00" end="20700.00" id="inductionLoop.S1" nVehContrib="13" flow="468.00" occupancy="61.84" speed="6.71" harmonicMeanSpeed="0.69" length="5.00" nVehEntered="13"/>
    <interval begin="20700.00" end="20800.00" id="inductionLoop.S1" nVehContrib="7" flow="252.00" occupancy="61.46" speed="6.87" harmonicMeanSpeed="0.69" length="5.00" nVehEntered="8"/>
    <interval begin="20800.00" end="20900.00" id="inductionLoop.S1" nVehContrib="8" flow="288.00" occupancy="81.63" speed="2.34" harmonicMeanSpeed="0.42" length="5.00" nVehEntered="8"/>
    <interval begin="20900.00" end="21000.00" id="inductionLoop.S1" nVehContrib="13" flow="468.00" occupancy="49.60" speed="6.31" harmonicMeanSpeed="1.31" length="5.00" nVehEntered="13"/>
    <interval begin="21000.00" end="21100.00" id="inductionLoop.S1" nVehContrib="5" flow="180.00" occupancy="74.49" speed="2.88" harmonicMeanSpeed="0.68" length="5.00" nVehEntered="7"/>
    <interval begin="21100.00" end="21200.00" id="inductionLoop.S1" nVehContrib="10" flow="360.00" occupancy="69.16" speed="2.84" harmonicMeanSpeed="0.48" length="5.00" nVehEntered="9"/>
    <interval begin="21200.00" end="21300.00" id="inductionLoop.S1" nVehContrib="7" flow="252.00" occupancy="64.77" speed="3.43" harmonicMeanSpeed="1.03" length="5.00" nVehEntered="8"/>
    <interval begin="21300.00" end="21400.00" id="inductionLoop.S1" nVehContrib="8" flow="288.00" occupancy="77.82" speed="5.19" harmonicMeanSpeed="0.42" length="5.00" nVehEntered="8"/>
    <interval begin="21400.00" end="21500.00" id="inductionLoop.S1" nVehContrib="6" flow="216.00" occupancy="76.94" speed="3.20" harmonicMeanSpeed="0.34" length="5.00" nVehEntered="7"/>
    <interval begin="21500.00" end="21600.00" id="inductionLoop.S1" nVehContrib="7" flow="252.00" occupancy="64.05" speed="5.79" harmonicMeanSpeed="0.88" length="5.00" nVehEntered="10"/>
    <interval begin="21600.00" end="21700.00" id="inductionLoop.S1" nVehContrib="8" flow="288.00" occupancy="83.42" speed="3.66" harmonicMeanSpeed="0.40" length="5.00" nVehEntered="8"/>
    <interval begin="21700.00" end="21800.00" id="inductionLoop.S1" nVehContrib="10" flow="360.00" occupancy="81.66" speed="4.74" harmonicMeanSpeed="0.59" length="5.00" nVehEntered="10"/>
    <interval begin="21800.00" end="21900.00" id="inductionLoop.S1" nVehContrib="6" flow="216.00" occupancy="86.93" speed="2.29" harmonicMeanSpeed="0.41" length="5.00" nVehEntered="6"/>
    <interval begin="21900.00" end="22000.00" id="inductionLoop.S1" nVehContrib="6" flow="216.00" occupancy="89.49" speed="1.25" harmonicMeanSpeed="0.29" length="5.00" nVehEntered="5"/>
    <interval begin="22000.00" end="22100.00" id="inductionLoop.S1" nVehContrib="14" flow="504.00" occupancy="67.55" speed="5.23" harmonicMeanSpeed="1.12" length="5.00" nVehEntered="15"/>
    <interval begin="22100.00" end="22200.00" id="inductionLoop.S1" nVehContrib="7" flow="252.00" occupancy="87.61" speed="5.94" harmonicMeanSpeed="0.62" length="5.00" nVehEntered="7"/>
    <interval begin="22200.00" end="22300.00" id="inductionLoop.S1" nVehContrib="12" flow="432.00" occupancy="75.07" speed="4.86" harmonicMeanSpeed="0.60" length="5.00" nVehEntered="12"/>
    <interval begin="22300.00" end="22400.00" id="inductionLoop.S1" nVehContrib="6" flow="216.00" occupancy="87.90" speed="3.28" harmonicMeanSpeed="0.44" length="5.00" nVehEntered="6"/>
    <interval begin="22400.00" end="22500.00" id="inductionLoop.S1" nVehContrib="11" flow="396.00" occupancy="81.21" speed="5.04" harmonicMeanSpeed="0.49" length="5.00" nVehEntered="10"/>
    <interval begin="22500.00" end="22600.00" id="inductionLoop.S1" nVehContrib="7" flow="252.00" occupancy="52.76" speed="5.36" harmonicMeanSpeed="0.66" length="5.00" nVehEntered="7"/>
    <interval begin="22600.00" end="22700.00" id="inductionLoop.S1" nVehContrib="7" flow="252.00" occupancy="62.68" speed="5.12" harmonicMeanSpeed="0.56" length="5.00" nVehEntered="7"/>
    <interval begin="22700.00" end="22800.00" id="inductionLoop.S1" nVehContrib="14" flow="504.00" occupancy="60.51" speed="5.60" harmonicMeanSpeed="1.61" length="5.00" nVehEntered="15"/>
    <interval begin="22800.00" end="22900.00" id="inductionLoop.S1" nVehContrib="5" flow="180.00" occupancy="84.82" speed="2.81" harmonicMeanSpeed="0.49" length="5.00" nVehEntered="6"/>
    <interval begin="22900.00" end="23000.00" id="inductionLoop.S1" nVehContrib="7" flow="252.00" occupancy="86.46" speed="3.57" harmonicMeanSpeed="0.34" length="5.00" nVehEntered="7"/>
    <interval begin="23000.00" end="23100.00" id="inductionLoop.S1" nVehContrib="13" flow="468.00" occupancy="75.75" speed="4.65" harmonicMeanSpeed="0.74" length="5.00" nVehEntered="13"/>
    <interval begin="23100.00" end="23200.00" id="inductionLoop.S1" nVehContrib="6" flow="216.00" occupancy="88.84" speed="5.08" harmonicMeanSpeed="0.41" length="5.00" nVehEntered="6"/>
    <interval begin="23200.00" end="23300.00" id="inductionLoop.S1" nVehContrib="6" flow="216.00" occupancy="89.30" speed="5.71" harmonicMeanSpeed="0.42" length="5.00" nVehEntered="6"/>
    <interval begin="23300.00" end="23400.00" id="inductionLoop.S1" nVehContrib="9" flow="324.00" occupancy="67.88" speed="4.59" harmonicMeanSpeed="0.43" length="5.00" nVehEntered="10"/>
    <interval begin="23400.00" end="23500.00" id="inductionLoop.S1" nVehContrib="7" flow="252.00" occupancy="54.21" speed="6.10" harmonicMeanSpeed="0.65" length="5.00" nVehEntered="7"/>
    <interval begin="23500.00" end="23600.00" id="inductionLoop.S1" nVehContrib="3" flow="108.00" occupancy="44.32" speed="0.92" harmonicMeanSpeed="0.78" length="5.00" nVehEntered="4"/>
    <interval begin="23600.00" end="23700.00" id="inductionLoop.S1" nVehContrib="9" flow="324.00" occupancy="80.69" speed="2.77" harmonicMeanSpeed="0.44" length="5.00" nVehEntered="9"/>
    <interval begin="23700.00" end="23800.00" id="inductionLoop.S1" nVehContrib="11" flow="396.00" occupancy="79.89" speed="5.42" harmonicMeanSpeed="0.91" length="5.00" nVehEntered="11"/>
    <interval begin="23800.00" end="23900.00" id="inductionLoop.S1" nVehContrib="6" flow="216.00" occupancy="89.80" speed="4.07" harmonicMeanSpeed="0.27" length="5.00" nVehEntered="5"/>
    <interval begin="23900.00" end="24000.00" id="inductionLoop.S1" nVehContrib="8" flow="288.00" occupancy="67.68" speed="4.22" harmonicMeanSpeed="0.70" length="5.00" nVehEntered="10"/>
    <interval begin="24000.00" end="24100.00" id="inductionLoop.S1" nVehContrib="9" flow="324.00" occupancy="65.09" speed="4.16" harmonicMeanSpeed="0.62" length="5.00" nVehEntered="8"/>
    <interval begin="24100.00" end="24200.00" id="inductionLoop.S1" nVehContrib="7" flow="252.00" occupancy="63.49" speed="6.39" harmonicMeanSpeed="0.69" length="5.00" nVehEntered="11"/>
    <interval begin="24200.00" end="24300.00" id="inductionLoop.S1" nVehContrib="6" flow="216.00" occupancy="74.56" speed="3.83" harmonicMeanSpeed="0.64" length="5.00" nVehEntered="7"/>
    <interval begin="24300.00" end="24400.00" id="inductionLoop.S1" nVehContrib="6" flow="216.00" occupancy="67.53" speed="5.77" harmonicMeanSpeed="0.67" length="5.00" nVehEntered="7"/>
    <interval begin="24400.00" end="24500.00" id="inductionLoop.S1" nVehContrib="3" flow="108.00" occupancy="93.08" speed="1.14" harmonicMeanSpeed="0.14" length="5.00" nVehEntered="3"/>
    <interval begin="24500.00" end="24600.00" id="inductionLoop.S1" nVehContrib="5" flow="180.00" occupancy="89.32" speed="1.61" harmonicMeanSpeed="0.29" length="5.00" nVehEntered="5"/>
    <interval begin="24600.00" end="24700.00" id="inductionLoop.S1" nVehContrib="4" flow="144.00" occupancy="52.84" speed="4.25" harmonicMeanSpeed="0.30" length="5.00" nVehEntered="4"/>
    <interval begin="24700.00" end="24800.00" id="inductionLoop.S1" nVehContrib="9" flow="324.00" occupancy="47.40" speed="4.85" harmonicMeanSpeed="0.99" length="5.00" nVehEntered="10"/>
    <interval begin="24800.00" end="24900.00" id="inductionLoop.S1" nVehContrib="8" flow="288.00" occupancy="84.70" speed="3.81" harmonicMeanSpeed="0.65" length="5.00" nVehEntered="8"/>
    <interval begin="24900.00" end="25000.00" id="inductionLoop.S1" nVehContrib="12" flow="432.00" occupancy="79.03" speed="7.30" harmonicMeanSpeed="0.79" length="5.00" nVehEntered="12"/>
    <interval begin="25000.00" end="25100.00" id="inductionLoop.S1" nVehContrib="9" flow="324.00" occupancy="75.19" speed="5.53" harmonicMeanSpeed="0.65" length="5.00" nVehEntered="9"/>
    <interval begin="25100.00" end="25200.00" id="inductionLoop.S1" nVehContrib="10" flow="360.00" occupancy="54.25" speed="3.64" harmonicMeanSpeed="0.57" length="5.00" nVehEntered="10"/>
    <interval begin="25200.00" end="25300.00" id="inductionLoop.S1" nVehContrib="8" flow="288.00" occupancy="29.41" speed="6.45" harmonicMeanSpeed="1.36" length="5.00" nVehEntered="8"/>
    <interval begin="25300.00" end="25400.00" id="inductionLoop.S1" nVehContrib="6" flow="216.00" occupancy="78.82" speed="5.45" harmonicMeanSpeed="0.94" length="5.00" nVehEntered="7"/>
    <interval begin="25400.00" end="25500.00" id="inductionLoop.S1" nVehContrib="12" flow="432.00" occupancy="76.88" speed="5.18" harmonicMeanSpeed="0.55" length="5.00" nVehEntered="13"/>
    <interval begin="25500.00" end="25600.00" id="inductionLoop.S1" nVehContrib="9" flow="324.00" occupancy="79.26" speed="6.32" harmonicMeanSpeed="0.97" length="5.00" nVehEntered="10"/>
    <interval begin="25600.00" end="25700.00" id="inductionLoop.S1" nVehContrib="15" flow="540.00" occupancy="72.78" speed="8.16" harmonicMeanSpeed="0.80" length="5.00" nVehEntered="15"/>
    <interval begin="25700.00" end="25800.00" id="inductionLoop.S1" nVehContrib="12" flow="432.00" occupancy="78.79" speed="6.11" harmonicMeanSpeed="0.79" length="5.00" nVehEntered="12"/>
    <interval begin="25800.00" end="25900.00" id="inductionLoop.S1" nVehContrib="9" flow="324.00" occupancy="83.61" speed="7.05" harmonicMeanSpeed="0.77" length="5.00" nVehEntered="9"/>
    <interval begin="25900.00" end="26000.00" id="inductionLoop.S1" nVehContrib="7" flow="252.00" occupancy="71.72" speed="3.48" harmonicMeanSpeed="0.38" length="5.00" nVehEntered="7"/>
    <interval begin="26000.00" end="26100.00" id="inductionLoop.S1" nVehContrib="12" flow="432.00" occupancy="80.85" speed="7.83" harmonicMeanSpeed="1.24" length="5.00" nVehEntered="12"/>
    <interval begin="26100.00" end="26200.00" id="inductionLoop.S1" nVehContrib="10" flow="360.00" occupancy="83.23" speed="7.36" harmonicMeanSpeed="0.63" length="5.00" nVehEntered="10"/>
    <interval begin="26200.00" end="26300.00" id="inductionLoop.S1" nVehContrib="8" flow="288.00" occupancy="86.08" speed="6.63" harmonicMeanSpeed="0.56" length="5.00" nVehEntered="8"/>
    <interval begin="26300.00" end="26400.00" id="inductionLoop.S1" nVehContrib="11" flow="396.00" occupancy="79.64" speed="4.73" harmonicMeanSpeed="0.42" length="5.00" nVehEntered="11"/>
    <interval begin="26400.00" end="26500.00" id="inductionLoop.S1" nVehContrib="12" flow="432.00" occupancy="75.89" speed="4.85" harmonicMeanSpeed="0.76" length="5.00" nVehEntered="12"/>
    <interval begin="26500.00" end="26600.00" id="inductionLoop.S1" nVehContrib="9" flow="324.00" occupancy="83.88" speed="5.43" harmonicMeanSpeed="0.74" length="5.00" nVehEntered="9"/>
    <interval begin="26600.00" end="26700.00" id="inductionLoop.S1" nVehContrib="9" flow="324.00" occupancy="84.16" speed="5.18" harmonicMeanSpeed="0.67" length="5.00" nVehEntered="9"/>
    <interval begin="26700.00" end="26800.00" id="inductionLoop.S1" nVehContrib="14" flow="504.00" occupancy="74.55" speed="5.75" harmonicMeanSpeed="0.62" length="5.00" nVehEntered="14"/>
    <interval begin="26800.00" end="26900.00" id="inductionLoop.S1" nVehContrib="2" flow="72.00" occupancy="29.56" speed="7.12" harmonicMeanSpeed="7.12" length="5.00" nVehEntered="3"/>
    <interval begin="26900.00" end="27000.00" id="inductionLoop.S1" nVehContrib="11" flow="396.00" occupancy="32.07" speed="7.70" harmonicMeanSpeed="1.81" length="5.00" nVehEntered="12"/>
    <interval begin="27000.00" end="27100.00" id="inductionLoop.S1" nVehContrib="4" flow="144.00" occupancy="55.42" speed="1.22" harmonicMeanSpeed="0.36" length="5.00" nVehEntered="4"/>
    <interval begin="27100.00" end="27200.00" id="inductionLoop.S1" nVehContrib="6" flow="216.00" occupancy="51.00" speed="4.51" harmonicMeanSpeed="0.59" length="5.00" nVehEntered="6"/>
    <interval begin="27200.00" end="27300.00" id="inductionLoop.S1" nVehContrib="8" flow="288.00" occupancy="4.16" speed="10.44" harmonicMeanSpeed="10.22" length="5.00" nVehEntered="9"/>
    <interval begin="27300.00" end="27400.00" id="inductionLoop.S1" nVehContrib="5" flow="180.00" occupancy="28.72" speed="3.57" harmonicMeanSpeed="2.07" length="5.00" nVehEntered="8"/>
    <interval begin="27400.00" end="27500.00" id="inductionLoop.S1" nVehContrib="12" flow="432.00" occupancy="80.39" speed="6.48" harmonicMeanSpeed="0.62" length="5.00" nVehEntered="11"/>
    <interval begin="27500.00" end="27600.00" id="inductionLoop.S1" nVehContrib="13" flow="468.00" occupancy="70.66" speed="5.50" harmonicMeanSpeed="0.92" length="5.00" nVehEntered="13"/>
    <interval begin="27600.00" end="27700.00" id="inductionLoop.S1" nVehContrib="20" flow="720.00" occupancy="27.05" speed="9.29" harmonicMeanSpeed="4.61" length="5.00" nVehEntered="21"/>
    <interval begin="27700.00" end="27800.00" id="inductionLoop.S1" nVehContrib="4" flow="144.00" occupancy="74.21" speed="2.46" harmonicMeanSpeed="0.25" length="5.00" nVehEntered="3"/>
    <interval begin="27800.00" end="27900.00" id="inductionLoop.S1" nVehContrib="10" flow="360.00" occupancy="78.98" speed="5.09" harmonicMeanSpeed="0.63" length="5.00" nVehEntered="10"/>
    <interval begin="27900.00" end="28000.00" id="inductionLoop.S1" nVehContrib="11" flow="396.00" occupancy="27.06" speed="4.23" harmonicMeanSpeed="2.03" length="5.00" nVehEntered="11"/>
    <interval begin="28000.00" end="28100.00" id="inductionLoop.S1" nVehContrib="19" flow="684.00" occupancy="62.28" speed="6.08" harmonicMeanSpeed="1.86" length="5.00" nVehEntered="20"/>
    <interval begin="28100.00" end="28200.00" id="inductionLoop.S1" nVehContrib="10" flow="360.00" occupancy="82.26" speed="4.84" harmonicMeanSpeed="0.54" length="5.00" nVehEntered="9"/>
    <interval begin="28200.00" end="28300.00" id="inductionLoop.S1" nVehContrib="10" flow="360.00" occupancy="81.12" speed="6.12" harmonicMeanSpeed="0.63" length="5.00" nVehEntered="11"/>
    <interval begin="28300.00" end="28400.00" id="inductionLoop.S1" nVehContrib="20" flow="720.00" occupancy="64.95" speed="9.01" harmonicMeanSpeed="3.73" length="5.00" nVehEntered="21"/>
    <interval begin="28400.00" end="28500.00" id="inductionLoop.S1" nVehContrib="28" flow="1008.00" occupancy="53.21" speed="8.23" harmonicMeanSpeed="1.59" length="5.00" nVehEntered="28"/>
    <interval begin="28500.00" end="28600.00" id="inductionLoop.S1" nVehContrib="19" flow="684.00" occupancy="69.33" speed="8.09" harmonicMeanSpeed="1.32" length="5.00" nVehEntered="19"/>
    <interval begin="28600.00" end="28700.00" id="inductionLoop.S1" nVehContrib="19" flow="684.00" occupancy="68.73" speed="9.16" harmonicMeanSpeed="1.37" length="5.00" nVehEntered="18"/>
    <interval begin="28700.00" end="28800.00" id="inductionLoop.S1" nVehContrib="13" flow="468.00" occupancy="74.55" speed="5.65" harmonicMeanSpeed="0.87" length="5.00" nVehEntered="13"/>
    <interval begin="28800.00" end="28900.00" id="inductionLoop.S1" nVehContrib="15" flow="540.00" occupancy="75.71" speed="8.24" harmonicMeanSpeed="0.99" length="5.00" nVehEntered="15"/>
    <interval begin="28900.00" end="29000.00" id="inductionLoop.S1" nVehContrib="15" flow="540.00" occupancy="73.76" speed="6.33" harmonicMeanSpeed="1.02" length="5.00" nVehEntered="15"/>
    <interval begin="29000.00" end="29100.00" id="inductionLoop.S1" nVehContrib="16" flow="576.00" occupancy="73.09" speed="8.34" harmonicMeanSpeed="1.21" length="5.00" nVehEntered="17"/>
    <interval begin="29100.00" end="29200.00" id="inductionLoop.S1" nVehContrib="14" flow="504.00" occupancy="76.95" speed="7.77" harmonicMeanSpeed="1.15" length="5.00" nVehEntered="14"/>
    <interval begin="29200.00" end="29300.00" id="inductionLoop.S1" nVehContrib="8" flow="288.00" occupancy="84.98" speed="5.59" harmonicMeanSpeed="0.59" length="5.00" nVehEntered="8"/>
    <interval begin="29300.00" end="29400.00" id="inductionLoop.S1" nVehContrib="8" flow="288.00" occupancy="63.31" speed="2.92" harmonicMeanSpeed="0.54" length="5.00" nVehEntered="11"/>
    <interval begin="29400.00" end="29500.00" id="inductionLoop.S1" nVehContrib="8" flow="288.00" occupancy="84.32" speed="3.59" harmonicMeanSpeed="0.57" length="5.00" nVehEntered="8"/>
    <interval begin="29500.00" end="29600.00" id="inductionLoop.S1" nVehContrib="9" flow="324.00" occupancy="66.22" speed="3.66" harmonicMeanSpeed="0.53" length="5.00" nVehEntered="9"/>
    <interval begin="29600.00" end="29700.00" id="inductionLoop.S1" nVehContrib="10" flow="360.00" occupancy="17.44" speed="9.13" harmonicMeanSpeed="2.87" length="5.00" nVehEntered="10"/>
    <interval begin="29700.00" end="29800.00" id="inductionLoop.S1" nVehContrib="10" flow="360.00" occupancy="48.30" speed="6.28" harmonicMeanSpeed="1.05" length="5.00" nVehEntered="11"/>
    <interval begin="29800.00" end="29900.00" id="inductionLoop.S1" nVehContrib="6" flow="216.00" occupancy="3.76" speed="10.17" harmonicMeanSpeed="9.87" length="5.00" nVehEntered="9"/>
    <interval begin="29900.00" end="30000.00" id="inductionLoop.S1" nVehContrib="6" flow="216.00" occupancy="5.56" speed="8.26" harmonicMeanSpeed="5.39" length="5.00" nVehEntered="6"/>
    <interval begin="30000.00" end="30100.00" id="inductionLoop.S1" nVehContrib="4" flow="144.00" occupancy="2.17" speed="12.25" harmonicMeanSpeed="12.23" length="5.00" nVehEntered="7"/>
    <interval begin="30100.00" end="30200.00" id="inductionLoop.S1" nVehContrib="7" flow="252.00" occupancy="3.17" speed="11.37" harmonicMeanSpeed="11.05" length="5.00" nVehEntered="7"/>
    <interval begin="30200.00" end="30300.00" id="inductionLoop.S1" nVehContrib="9" flow="324.00" occupancy="24.05" speed="8.57" harmonicMeanSpeed="2.19" length="5.00" nVehEntered="11"/>
    <interval begin="30300.00" end="30400.00" id="inductionLoop.S1" nVehContrib="6" flow="216.00" occupancy="2.39" speed="12.57" harmonicMeanSpeed="12.53" length="5.00" nVehEntered="6"/>
    <interval begin="30400.00" end="30500.00" id="inductionLoop.S1" nVehContrib="4" flow="144.00" occupancy="1.69" speed="12.20" harmonicMeanSpeed="11.82" length="5.00" nVehEntered="4"/>
    <interval begin="30500.00" end="30600.00" id="inductionLoop.S1" nVehContrib="7" flow="252.00" occupancy="3.13" speed="12.24" harmonicMeanSpeed="11.95" length="5.00" nVehEntered="9"/>
    <interval begin="30600.00" end="30700.00" id="inductionLoop.S1" nVehContrib="5" flow="180.00" occupancy="5.63" speed="7.13" harmonicMeanSpeed="4.46" length="5.00" nVehEntered="6"/>
    <interval begin="30700.00" end="30800.00" id="inductionLoop.S1" nVehContrib="0" flow="0.00" occupancy="0.00" speed="-1.00" harmonicMeanSpeed="-1.00" length="-1.00" nVehEntered="0"/>
    <interval begin="30800.00" end="30900.00" id="inductionLoop.S1" nVehContrib="0" flow="0.00" occupancy="0.00" speed="-1.00" harmonicMeanSpeed="-1.00" length="-1.00" nVehEntered="0"/>
    <interval begin="30900.00" end="31000.00" id="inductionLoop.S1" nVehContrib="1" flow="36.00" occupancy="0.40" speed="12.47" harmonicMeanSpeed="12.47" length="5.00" nVehEntered="1"/>
    <interval begin="31000.00" end="31100.00" id="inductionLoop.S1" nVehContrib="10" flow="360.00" occupancy="4.57" speed="11.60" harmonicMeanSpeed="11.22" length="5.00" nVehEntered="11"/>
    <interval begin="31100.00" end="31200.00" id="inductionLoop.S1" nVehContrib="8" flow="288.00" occupancy="5.63" speed="8.11" harmonicMeanSpeed="7.10" length="5.00" nVehEntered="8"/>
    <interval begin="31200.00" end="31300.00" id="inductionLoop.S1" nVehContrib="7" flow="252.00" occupancy="13.13" speed="9.67" harmonicMeanSpeed="2.66" length="5.00" nVehEntered="7"/>
    <interval begin="31300.00" end="31400.00" id="inductionLoop.S1" nVehContrib="13" flow="468.00" occupancy="8.24" speed="10.35" harmonicMeanSpeed="9.90" length="5.00" nVehEntered="16"/>
    <interval begin="31400.00" end="31500.00" id="inductionLoop.S1" nVehContrib="10" flow="360.00" occupancy="21.54" speed="7.28" harmonicMeanSpeed="2.35" length="5.00" nVehEntered="11"/>
    <interval begin="31500.00" end="31600.00" id="inductionLoop.S1" nVehContrib="12" flow="432.00" occupancy="9.44" speed="9.48" harmonicMeanSpeed="6.36" length="5.00" nVehEntered="12"/>
    <interval begin="31600.00" end="31700.00" id="inductionLoop.S1" nVehContrib="9" flow="324.00" occupancy="5.16" speed="10.55" harmonicMeanSpeed="9.27" length="5.00" nVehEntered="10"/>
    <interval begin="31700.00" end="31800.00" id="inductionLoop.S1" nVehContrib="6" flow="216.00" occupancy="2.52" speed="12.52" harmonicMeanSpeed="12.41" length="5.00" nVehEntered="7"/>
    <interval begin="31800.00" end="31900.00" id="inductionLoop.S1" nVehContrib="8" flow="288.00" occupancy="4.87" speed="10.24" harmonicMeanSpeed="8.21" length="5.00" nVehEntered="8"/>
    <interval begin="31900.00" end="32000.00" id="inductionLoop.S1" nVehContrib="9" flow="324.00" occupancy="6.20" speed="9.24" harmonicMeanSpeed="7.26" length="5.00" nVehEntered="9"/>
    <interval begin="32000.00" end="32100.00" id="inductionLoop.S1" nVehContrib="7" flow="252.00" occupancy="5.67" speed="7.54" harmonicMeanSpeed="6.17" length="5.00" nVehEntered="7"/>
    <interval begin="32100.00" end="32200.00" id="inductionLoop.S1" nVehContrib="4" flow="144.00" occupancy="2.16" speed="10.70" harmonicMeanSpeed="10.30" length="5.00" nVehEntered="5"/>
    <interval begin="32200.00" end="32300.00" id="inductionLoop.S1" nVehContrib="4" flow="144.00" occupancy="1.61" speed="12.47" harmonicMeanSpeed="12.39" length="5.00" nVehEntered="4"/>
    <interval begin="32300.00" end="32400.00" id="inductionLoop.S1" nVehContrib="5" flow="180.00" occupancy="2.06" speed="12.17" harmonicMeanSpeed="12.12" length="5.00" nVehEntered="5"/>
    <interval begin="32400.00" end="32500.00" id="inductionLoop.S1" nVehContrib="4" flow="144.00" occupancy="1.61" speed="13.06" harmonicMeanSpeed="13.03" length="5.00" nVehEntered="5"/>
    <interval begin="32500.00" end="32600.00" id="inductionLoop.S1" nVehContrib="16" flow="576.00" occupancy="52.95" speed="7.10" harmonicMeanSpeed="1.52" length="5.00" nVehEntered="18"/>
    <interval begin="32600.00" end="32700.00" id="inductionLoop.S1" nVehContrib="9" flow="324.00" occupancy="40.48" speed="4.85" harmonicMeanSpeed="2.35" length="5.00" nVehEntered="10"/>
    <interval begin="32700.00" end="32800.00" id="inductionLoop.S1" nVehContrib="14" flow="504.00" occupancy="35.55" speed="8.86" harmonicMeanSpeed="1.23" length="5.00" nVehEntered="13"/>
    <interval begin="32800.00" end="32900.00" id="inductionLoop.S1" nVehContrib="0" flow="0.00" occupancy="0.00" speed="-1.00" harmonicMeanSpeed="-1.00" length="-1.00" nVehEntered="0"/>
    <interval begin="32900.00" end="33000.00" id="inductionLoop.S1" nVehContrib="3" flow="108.00" occupancy="1.13" speed="13.40" harmonicMeanSpeed="13.26" length="5.00" nVehEntered="3"/>
    <interval begin="33000.00" end="33100.00" id="inductionLoop.S1" nVehContrib="6" flow="216.00" occupancy="20.34" speed="8.99" harmonicMeanSpeed="1.59" length="5.00" nVehEntered="8"/>
    <interval begin="33100.00" end="33200.00" id="inductionLoop.S1" nVehContrib="6" flow="216.00" occupancy="10.50" speed="6.19" harmonicMeanSpeed="2.86" length="5.00" nVehEntered="6"/>
    <interval begin="33200.00" end="33300.00" id="inductionLoop.S1" nVehContrib="12" flow="432.00" occupancy="44.37" speed="6.73" harmonicMeanSpeed="1.57" length="5.00" nVehEntered="13"/>
    <interval begin="33300.00" end="33400.00" id="inductionLoop.S1" nVehContrib="10" flow="360.00" occupancy="50.38" speed="5.62" harmonicMeanSpeed="1.14" length="5.00" nVehEntered="11"/>
    <interval begin="33400.00" end="33500.00" id="inductionLoop.S1" nVehContrib="10" flow="360.00" occupancy="78.90" speed="4.74" harmonicMeanSpeed="0.88" length="5.00" nVehEntered="10"/>
    <interval begin="33500.00" end="33600.00" id="inductionLoop.S1" nVehContrib="14" flow="504.00" occupancy="63.45" speed="4.85" harmonicMeanSpeed="0.76" length="5.00" nVehEntered="14"/>
    <interval begin="33600.00" end="33700.00" id="inductionLoop.S1" nVehContrib="15" flow="540.00" occupancy="43.64" speed="8.77" harmonicMeanSpeed="1.71" length="5.00" nVehEntered="14"/>
    <interval begin="33700.00" end="33800.00" id="inductionLoop.S1" nVehContrib="8" flow="288.00" occupancy="13.88" speed="8.24" harmonicMeanSpeed="2.88" length="5.00" nVehEntered="8"/>
    <interval begin="33800.00" end="33900.00" id="inductionLoop.S1" nVehContrib="5" flow="180.00" occupancy="3.04" speed="10.06" harmonicMeanSpeed="8.44" length="5.00" nVehEntered="7"/>
    <interval begin="33900.00" end="34000.00" id="inductionLoop.S1" nVehContrib="10" flow="360.00" occupancy="12.93" speed="8.89" harmonicMeanSpeed="3.97" length="5.00" nVehEntered="11"/>
    <interval begin="34000.00" end="34100.00" id="inductionLoop.S1" nVehContrib="8" flow="288.00" occupancy="27.97" speed="7.85" harmonicMeanSpeed="1.43" length="5.00" nVehEntered="8"/>
    <interval begin="34100.00" end="34200.00" id="inductionLoop.S1" nVehContrib="13" flow="468.00" occupancy="7.83" speed="9.67" harmonicMeanSpeed="8.30" length="5.00" nVehEntered="13"/>
    <interval begin="34200.00" end="34300.00" id="inductionLoop.S1" nVehContrib="8" flow="288.00" occupancy="4.95" speed="10.80" harmonicMeanSpeed="10.37" length="5.00" nVehEntered="11"/>
    <interval begin="34300.00" end="34400.00" id="inductionLoop.S1" nVehContrib="8" flow="288.00" occupancy="32.36" speed="7.13" harmonicMeanSpeed="2.19" length="5.00" nVehEntered="9"/>
    <interval begin="34400.00" end="34500.00" id="inductionLoop.S1" nVehContrib="16" flow="576.00" occupancy="39.24" speed="7.36" harmonicMeanSpeed="1.51" length="5.00" nVehEntered="16"/>
    <interval begin="34500.00" end="34600.00" id="inductionLoop.S1" nVehContrib="14" flow="504.00" occupancy="30.75" speed="8.05" harmonicMeanSpeed="3.84" length="5.00" nVehEntered="16"/>
    <interval begin="34600.00" end="34700.00" id="inductionLoop.S1" nVehContrib="11" flow="396.00" occupancy="42.59" speed="6.23" harmonicMeanSpeed="1.63" length="5.00" nVehEntered="12"/>
    <interval begin="34700.00" end="34800.00" id="inductionLoop.S1" nVehContrib="8" flow="288.00" occupancy="52.99" speed="5.76" harmonicMeanSpeed="0.96" length="5.00" nVehEntered="9"/>
    <interval begin="34800.00" end="34900.00" id="inductionLoop.S1" nVehContrib="9" flow="324.00" occupancy="53.35" speed="7.04" harmonicMeanSpeed="1.08" length="5.00" nVehEntered="9"/>
    <interval begin="34900.00" end="35000.00" id="inductionLoop.S1" nVehContrib="4" flow="144.00" occupancy="75.27" speed="0.54" harmonicMeanSpeed="0.22" length="5.00" nVehEntered="4"/>
    <interval begin="35000.00" end="35100.00" id="inductionLoop.S1" nVehContrib="13" flow="468.00" occupancy="75.90" speed="4.30" harmonicMeanSpeed="0.82" length="5.00" nVehEntered="13"/>
    <interval begin="35100.00" end="35200.00" id="inductionLoop.S1" nVehContrib="9" flow="324.00" occupancy="81.88" speed="4.46" harmonicMeanSpeed="0.53" length="5.00" nVehEntered="8"/>
    <interval begin="35200.00" end="35300.00" id="inductionLoop.S1" nVehContrib="14" flow="504.00" occupancy="76.59" speed="8.30" harmonicMeanSpeed="1.22" length="5.00" nVehEntered="15"/>
    <interval begin="35300.00" end="35400.00" id="inductionLoop.S1" nVehContrib="7" flow="252.00" occupancy="87.74" speed="6.08" harmonicMeanSpeed="0.49" length="5.00" nVehEntered="7"/>
    <interval begin="35400.00" end="35500.00" id="inductionLoop.S1" nVehContrib="11" flow="396.00" occupancy="80.83" speed="5.08" harmonicMeanSpeed="0.47" length="5.00" nVehEntered="11"/>
    <interval begin="35500.00" end="35600.00" id="inductionLoop.S1" nVehContrib="4" flow="144.00" occupancy="70.95" speed="1.77" harmonicMeanSpeed="0.28" length="5.00" nVehEntered="3"/>
    <interval begin="35600.00" end="35700.00" id="inductionLoop.S1" nVehContrib="1" flow="36.00" occupancy="0.43" speed="11.59" harmonicMeanSpeed="11.59" length="5.00" nVehEntered="1"/>
    <interval begin="35700.00" end="35800.00" id="inductionLoop.S1" nVehContrib="8" flow="288.00" occupancy="27.46" speed="10.01" harmonicMeanSpeed="9.30" length="5.00" nVehEntered="9"/>
    <interval begin="35800.00" end="35900.00" id="inductionLoop.S1" nVehContrib="12" flow="432.00" occupancy="68.29" speed="3.60" harmonicMeanSpeed="0.66" length="5.00" nVehEntered="12"/>
    <interval begin="35900.00" end="36000.00" id="inductionLoop.S1" nVehContrib="10" flow="360.00" occupancy="82.34" speed="6.77" harmonicMeanSpeed="1.20" length="5.00" nVehEntered="10"/>
    <interval begin="36000.00" end="36100.00" id="inductionLoop.S1" nVehContrib="17" flow="612.00" occupancy="48.66" speed="7.34" harmonicMeanSpeed="0.95" length="5.00" nVehEntered="16"/>
    <interval begin="36100.00" end="36200.00" id="inductionLoop.S1" nVehContrib="1" flow="36.00" occupancy="0.38" speed="13.31" harmonicMeanSpeed="13.31" length="5.00" nVehEntered="1"/>
    <interval begin="36200.00" end="36300.00" id="inductionLoop.S1" nVehContrib="3" flow="108.00" occupancy="1.12" speed="13.54" harmonicMeanSpeed="13.44" length="5.00" nVehEntered="3"/>
    <interval begin="36300.00" end="36400.00" id="inductionLoop.S1" nVehContrib="4" flow="144.00" occupancy="2.24" speed="9.49" harmonicMeanSpeed="8.94" length="5.00" nVehEntered="4"/>
    <interval begin="36400.00" end="36500.00" id="inductionLoop.S1" nVehContrib="6" flow="216.00" occupancy="59.55" speed="6.27" harmonicMeanSpeed="1.48" length="5.00" nVehEntered="10"/>
    <interval begin="36500.00" end="36600.00" id="inductionLoop.S1" nVehContrib="11" flow="396.00" occupancy="79.01" speed="5.53" harmonicMeanSpeed="0.92" length="5.00" nVehEntered="11"/>
    <interval begin="36600.00" end="36700.00" id="inductionLoop.S1" nVehContrib="11" flow="396.00" occupancy="81.30" speed="7.67" harmonicMeanSpeed="1.07" length="5.00" nVehEntered="11"/>
    <interval begin="36700.00" end="36800.00" id="inductionLoop.S1" nVehContrib="9" flow="324.00" occupancy="77.84" speed="3.34" harmonicMeanSpeed="0.38" length="5.00" nVehEntered="9"/>
    <interval begin="36800.00" end="36900.00" id="inductionLoop.S1" nVehContrib="8" flow="288.00" occupancy="63.63" speed="3.78" harmonicMeanSpeed="0.58" length="5.00" nVehEntered="8"/>
    <interval begin="36900.00" end="37000.00" id="inductionLoop.S1" nVehContrib="4" flow="144.00" occupancy="90.92" speed="1.75" harmonicMeanSpeed="0.22" length="5.00" nVehEntered="4"/>
    <interval begin="37000.00" end="37100.00" id="inductionLoop.S1" nVehContrib="9" flow="324.00" occupancy="83.12" speed="4.35" harmonicMeanSpeed="0.61" length="5.00" nVehEntered="9"/>
    <interval begin="37100.00" end="37200.00" id="inductionLoop.S1" nVehContrib="10" flow="360.00" occupancy="79.93" speed="3.53" harmonicMeanSpeed="0.56" length="5.00" nVehEntered="10"/>
    <interval begin="37200.00" end="37300.00" id="inductionLoop.S1" nVehContrib="7" flow="252.00" occupancy="84.64" speed="3.50" harmonicMeanSpeed="0.53" length="5.00" nVehEntered="7"/>
    <interval begin="37300.00" end="37400.00" id="inductionLoop.S1" nVehContrib="4" flow="144.00" occupancy="91.05" speed="2.26" harmonicMeanSpeed="0.29" length="5.00" nVehEntered="4"/>
    <interval begin="37400.00" end="37500.00" id="inductionLoop.S1" nVehContrib="13" flow="468.00" occupancy="76.75" speed="5.20" harmonicMeanSpeed="0.56" length="5.00" nVehEntered="13"/>
    <interval begin="37500.00" end="37600.00" id="inductionLoop.S1" nVehContrib="6" flow="216.00" occupancy="84.88" speed="4.41" harmonicMeanSpeed="0.43" length="5.00" nVehEntered="6"/>
    <interval begin="37600.00" end="37700.00" id="inductionLoop.S1" nVehContrib="14" flow="504.00" occupancy="53.74" speed="9.13" harmonicMeanSpeed="1.05" length="5.00" nVehEntered="15"/>
    <interval begin="37700.00" end="37800.00" id="inductionLoop.S1" nVehContrib="7" flow="252.00" occupancy="85.34" speed="2.55" harmonicMeanSpeed="0.43" length="5.00" nVehEntered="7"/>
    <interval begin="37800.00" end="37900.00" id="inductionLoop.S1" nVehContrib="11" flow="396.00" occupancy="53.45" speed="4.55" harmonicMeanSpeed="0.95" length="5.00" nVehEntered="11"/>
    <interval begin="37900.00" end="38000.00" id="inductionLoop.S1" nVehContrib="10" flow="360.00" occupancy="82.73" speed="7.36" harmonicMeanSpeed="0.95" length="5.00" nVehEntered="10"/>
    <interval begin="38000.00" end="38100.00" id="inductionLoop.S1" nVehContrib="10" flow="360.00" occupancy="81.46" speed="4.57" harmonicMeanSpeed="0.43" length="5.00" nVehEntered="9"/>
    <interval begin="38100.00" end="38200.00" id="inductionLoop.S1" nVehContrib="12" flow="432.00" occupancy="77.36" speed="4.98" harmonicMeanSpeed="1.94" length="5.00" nVehEntered="13"/>
    <interval begin="38200.00" end="38300.00" id="inductionLoop.S1" nVehContrib="12" flow="432.00" occupancy="80.13" speed="6.42" harmonicMeanSpeed="0.47" length="5.00" nVehEntered="11"/>
    <interval begin="38300.00" end="38400.00" id="inductionLoop.S1" nVehContrib="13" flow="468.00" occupancy="76.69" speed="6.80" harmonicMeanSpeed="2.30" length="5.00" nVehEntered="14"/>
    <interval begin="38400.00" end="38500.00" id="inductionLoop.S1" nVehContrib="7" flow="252.00" occupancy="84.57" speed="2.66" harmonicMeanSpeed="0.26" length="5.00" nVehEntered="7"/>
    <interval begin="38500.00" end="38600.00" id="inductionLoop.S1" nVehContrib="10" flow="360.00" occupancy="81.17" speed="2.96" harmonicMeanSpeed="0.61" length="5.00" nVehEntered="9"/>
    <interval begin="38600.00" end="38700.00" id="inductionLoop.S1" nVehContrib="21" flow="756.00" occupancy="65.17" speed="8.90" harmonicMeanSpeed="1.61" length="5.00" nVehEntered="21"/>
    <interval begin="38700.00" end="38800.00" id="inductionLoop.S1" nVehContrib="13" flow="468.00" occupancy="77.17" speed="7.16" harmonicMeanSpeed="0.94" length="5.00" nVehEntered="14"/>
    <interval begin="38800.00" end="38900.00" id="inductionLoop.S1" nVehContrib="12" flow="432.00" occupancy="77.05" speed="5.81" harmonicMeanSpeed="0.71" length="5.00" nVehEntered="12"/>
    <interval begin="38900.00" end="39000.00" id="inductionLoop.S1" nVehContrib="8" flow="288.00" occupancy="84.32" speed="3.33" harmonicMeanSpeed="0.50" length="5.00" nVehEntered="8"/>
    <interval begin="39000.00" end="39100.00" id="inductionLoop.S1" nVehContrib="15" flow="540.00" occupancy="70.64" speed="5.02" harmonicMeanSpeed="1.04" length="5.00" nVehEntered="15"/>
    <interval begin="39100.00" end="39200.00" id="inductionLoop.S1" nVehContrib="12" flow="432.00" occupancy="75.63" speed="3.84" harmonicMeanSpeed="0.76" length="5.00" nVehEntered="11"/>
    <interval begin="39200.00" end="39300.00" id="inductionLoop.S1" nVehContrib="14" flow="504.00" occupancy="74.69" speed="6.45" harmonicMeanSpeed="0.94" length="5.00" nVehEntered="14"/>
    <interval begin="39300.00" end="39400.00" id="inductionLoop.S1" nVehContrib="9" flow="324.00" occupancy="83.09" speed="4.75" harmonicMeanSpeed="0.71" length="5.00" nVehEntered="10"/>
    <interval begin="39400.00" end="39500.00" id="inductionLoop.S1" nVehContrib="13" flow="468.00" occupancy="16.44" speed="5.11" harmonicMeanSpeed="1.82" length="5.00" nVehEntered="13"/>
    <interval begin="39500.00" end="39600.00" id="inductionLoop.S1" nVehContrib="9" flow="324.00" occupancy="82.43" speed="4.36" harmonicMeanSpeed="1.36" length="5.00" nVehEntered="9"/>
    <interval begin="39600.00" end="39700.00" id="inductionLoop.S1" nVehContrib="13" flow="468.00" occupancy="78.41" speed="7.35" harmonicMeanSpeed="0.71" length="5.00" nVehEntered="13"/>
    <interval begin="39700.00" end="39800.00" id="inductionLoop.S1" nVehContrib="14" flow="504.00" occupancy="65.50" speed="3.30" harmonicMeanSpeed="0.69" length="5.00" nVehEntered="13"/>
    <interval begin="39800.00" end="39900.00" id="inductionLoop.S1" nVehContrib="9" flow="324.00" occupancy="83.32" speed="8.16" harmonicMeanSpeed="0.71" length="5.00" nVehEntered="10"/>
    <interval begin="39900.00" end="40000.00" id="inductionLoop.S1" nVehContrib="8" flow="288.00" occupancy="33.57" speed="3.41" harmonicMeanSpeed="0.75" length="5.00" nVehEntered="7"/>
    <interval begin="40000.00" end="40100.00" id="inductionLoop.S1" nVehContrib="5" flow="180.00" occupancy="61.01" speed="3.68" harmonicMeanSpeed="1.81" length="5.00" nVehEntered="6"/>
    <interval begin="40100.00" end="40200.00" id="inductionLoop.S1" nVehContrib="10" flow="360.00" occupancy="71.34" speed="2.96" harmonicMeanSpeed="0.52" length="5.00" nVehEntered="10"/>
    <interval begin="40200.00" end="40300.00" id="inductionLoop.S1" nVehContrib="15" flow="540.00" occupancy="75.06" speed="8.82" harmonicMeanSpeed="1.46" length="5.00" nVehEntered="15"/>
    <interval begin="40300.00" end="40400.00" id="inductionLoop.S1" nVehContrib="8" flow="288.00" occupancy="65.84" speed="2.90" harmonicMeanSpeed="0.40" length="5.00" nVehEntered="8"/>
    <interval begin="40400.00" end="40500.00" id="inductionLoop.S1" nVehContrib="11" flow="396.00" occupancy="80.37" speed="3.80" harmonicMeanSpeed="0.71" length="5.00" nVehEntered="11"/>
    <interval begin="40500.00" end="40600.00" id="inductionLoop.S1" nVehContrib="13" flow="468.00" occupancy="76.23" speed="5.41" harmonicMeanSpeed="0.81" length="5.00" nVehEntered="13"/>
    <interval begin="40600.00" end="40700.00" id="inductionLoop.S1" nVehContrib="17" flow="612.00" occupancy="71.33" speed="5.65" harmonicMeanSpeed="1.04" length="5.00" nVehEntered="16"/>
    <interval begin="40700.00" end="40800.00" id="inductionLoop.S1" nVehContrib="9" flow="324.00" occupancy="80.97" speed="4.82" harmonicMeanSpeed="0.56" length="5.00" nVehEntered="10"/>
    <interval begin="40800.00" end="40900.00" id="inductionLoop.S1" nVehContrib="11" flow="396.00" occupancy="81.51" speed="6.78" harmonicMeanSpeed="0.67" length="5.00" nVehEntered="10"/>
    <interval begin="40900.00" end="41000.00" id="inductionLoop.S1" nVehContrib="10" flow="360.00" occupancy="81.29" speed="8.08" harmonicMeanSpeed="0.96" length="5.00" nVehEntered="11"/>
    <interval begin="41000.00" end="41100.00" id="inductionLoop.S1" nVehContrib="13" flow="468.00" occupancy="59.73" speed="4.14" harmonicMeanSpeed="0.73" length="5.00" nVehEntered="12"/>
    <interval begin="41100.00" end="41200.00" id="inductionLoop.S1" nVehContrib="15" flow="540.00" occupancy="68.95" speed="7.15" harmonicMeanSpeed="1.09" length="5.00" nVehEntered="15"/>
    <interval begin="41200.00" end="41300.00" id="inductionLoop.S1" nVehContrib="13" flow="468.00" occupancy="75.90" speed="6.74" harmonicMeanSpeed="2.05" length="5.00" nVehEntered="14"/>
    <interval begin="41300.00" end="41400.00" id="inductionLoop.S1" nVehContrib="8" flow="288.00" occupancy="85.68" speed="5.20" harmonicMeanSpeed="0.33" length="5.00" nVehEntered="8"/>
    <interval begin="41400.00" end="41500.00" id="inductionLoop.S1" nVehContrib="7" flow="252.00" occupancy="84.71" speed="5.22" harmonicMeanSpeed="0.44" length="5.00" nVehEntered="7"/>
    <interval begin="41500.00" end="41600.00" id="inductionLoop.S1" nVehContrib="9" flow="324.00" occupancy="84.05" speed="4.33" harmonicMeanSpeed="0.46" length="5.00" nVehEntered="8"/>
    <interval begin="41600.00" end="41700.00" id="inductionLoop.S1" nVehContrib="15" flow="540.00" occupancy="70.91" speed="7.23" harmonicMeanSpeed="1.31" length="5.00" nVehEntered="16"/>
    <interval begin="41700.00" end="41800.00" id="inductionLoop.S1" nVehContrib="8" flow="288.00" occupancy="85.36" speed="6.73" harmonicMeanSpeed="0.56" length="5.00" nVehEntered="8"/>
    <interval begin="41800.00" end="41900.00" id="inductionLoop.S1" nVehContrib="12" flow="432.00" occupancy="73.32" speed="6.90" harmonicMeanSpeed="1.23" length="5.00" nVehEntered="13"/>
    <interval begin="41900.00" end="42000.00" id="inductionLoop.S1" nVehContrib="15" flow="540.00" occupancy="71.33" speed="6.45" harmonicMeanSpeed="0.67" length="5.00" nVehEntered="15"/>
    <interval begin="42000.00" end="42100.00" id="inductionLoop.S1" nVehContrib="5" flow="180.00" occupancy="90.94" speed="4.83" harmonicMeanSpeed="0.49" length="5.00" nVehEntered="5"/>
    <interval begin="42100.00" end="42200.00" id="inductionLoop.S1" nVehContrib="15" flow="540.00" occupancy="73.66" speed="8.53" harmonicMeanSpeed="1.20" length="5.00" nVehEntered="15"/>
    <interval begin="42200.00" end="42300.00" id="inductionLoop.S1" nVehContrib="19" flow="684.00" occupancy="67.69" speed="9.09" harmonicMeanSpeed="0.83" length="5.00" nVehEntered="19"/>
    <interval begin="42300.00" end="42400.00" id="inductionLoop.S1" nVehContrib="6" flow="216.00" occupancy="89.37" speed="5.44" harmonicMeanSpeed="0.29" length="5.00" nVehEntered="5"/>
    <interval begin="42400.00" end="42500.00" id="inductionLoop.S1" nVehContrib="6" flow="216.00" occupancy="86.27" speed="4.56" harmonicMeanSpeed="0.41" length="5.00" nVehEntered="7"/>
    <interval begin="42500.00" end="42600.00" id="inductionLoop.S1" nVehContrib="3" flow="108.00" occupancy="88.07" speed="0.25" harmonicMeanSpeed="0.15" length="5.00" nVehEntered="3"/>
    <interval begin="42600.00" end="42700.00" id="inductionLoop.S1" nVehContrib="27" flow="972.00" occupancy="56.50" speed="8.90" harmonicMeanSpeed="2.27" length="5.00" nVehEntered="26"/>
    <interval begin="42700.00" end="42800.00" id="inductionLoop.S1" nVehContrib="6" flow="216.00" occupancy="65.47" speed="3.84" harmonicMeanSpeed="0.49" length="5.00" nVehEntered="7"/>
    <interval begin="42800.00" end="42900.00" id="inductionLoop.S1" nVehContrib="15" flow="540.00" occupancy="53.52" speed="3.68" harmonicMeanSpeed="1.57" length="5.00" nVehEntered="15"/>
    <interval begin="42900.00" end="43000.00" id="inductionLoop.S1" nVehContrib="8" flow="288.00" occupancy="85.44" speed="6.32" harmonicMeanSpeed="0.45" length="5.00" nVehEntered="8"/>
    <interval begin="43000.00" end="43100.00" id="inductionLoop.S1" nVehContrib="11" flow="396.00" occupancy="80.69" speed="6.92" harmonicMeanSpeed="1.16" length="5.00" nVehEntered="11"/>
    <interval begin="43100.00" end="43200.00" id="inductionLoop.S1" nVehContrib="9" flow="324.00" occupancy="56.52" speed="5.99" harmonicMeanSpeed="0.47" length="5.00" nVehEntered="9"/>
    <interval begin="43200.00" end="43300.00" id="inductionLoop.S1" nVehContrib="13" flow="468.00" occupancy="49.67" speed="6.05" harmonicMeanSpeed="1.31" length="5.00" nVehEntered="12"/>
    <interval begin="43300.00" end="43400.00" id="inductionLoop.S1" nVehContrib="10" flow="360.00" occupancy="33.95" speed="6.06" harmonicMeanSpeed="2.41" length="5.00" nVehEntered="11"/>
    <interval begin="43400.00" end="43500.00" id="inductionLoop.S1" nVehContrib="7" flow="252.00" occupancy="78.83" speed="3.39" harmonicMeanSpeed="0.38" length="5.00" nVehEntered="6"/>
    <interval begin="43500.00" end="43600.00" id="inductionLoop.S1" nVehContrib="16" flow="576.00" occupancy="58.92" speed="8.94" harmonicMeanSpeed="2.29" length="5.00" nVehEntered="17"/>
    <interval begin="43600.00" end="43700.00" id="inductionLoop.S1" nVehContrib="7" flow="252.00" occupancy="85.12" speed="3.61" harmonicMeanSpeed="0.32" length="5.00" nVehEntered="7"/>
    <interval begin="43700.00" end="43800.00" id="inductionLoop.S1" nVehContrib="17" flow="612.00" occupancy="68.75" speed="7.23" harmonicMeanSpeed="1.23" length="5.00" nVehEntered="16"/>
    <interval begin="43800.00" end="43900.00" id="inductionLoop.S1" nVehContrib="12" flow="432.00" occupancy="48.15" speed="6.38" harmonicMeanSpeed="1.25" length="5.00" nVehEntered="12"/>
    <interval begin="43900.00" end="44000.00" id="inductionLoop.S1" nVehContrib="0" flow="0.00" occupancy="29.45" speed="-1.00" harmonicMeanSpeed="-1.00" length="-1.00" nVehEntered="1"/>
    <interval begin="44000.00" end="44100.00" id="inductionLoop.S1" nVehContrib="24" flow="864.00" occupancy="61.17" speed="7.88" harmonicMeanSpeed="2.28" length="5.00" nVehEntered="24"/>
    <interval begin="44100.00" end="44200.00" id="inductionLoop.S1" nVehContrib="6" flow="216.00" occupancy="84.28" speed="4.28" harmonicMeanSpeed="0.40" length="5.00" nVehEntered="6"/>
    <interval begin="44200.00" end="44300.00" id="inductionLoop.S1" nVehContrib="14" flow="504.00" occupancy="75.24" speed="5.69" harmonicMeanSpeed="0.57" length="5.00" nVehEntered="13"/>
    <interval begin="44300.00" end="44400.00" id="inductionLoop.S1" nVehContrib="8" flow="288.00" occupancy="80.33" speed="4.67" harmonicMeanSpeed="1.00" length="5.00" nVehEntered="9"/>
    <interval begin="44400.00" end="44500.00" id="inductionLoop.S1" nVehContrib="24" flow="864.00" occupancy="55.90" speed="7.18" harmonicMeanSpeed="1.25" length="5.00" nVehEntered="24"/>
    <interval begin="44500.00" end="44600.00" id="inductionLoop.S1" nVehContrib="12" flow="432.00" occupancy="79.18" speed="7.55" harmonicMeanSpeed="1.02" length="5.00" nVehEntered="12"/>
    <interval begin="44600.00" end="44700.00" id="inductionLoop.S1" nVehContrib="14" flow="504.00" occupancy="75.68" speed="8.45" harmonicMeanSpeed="1.43" length="5.00" nVehEntered="14"/>
    <interval begin="44700.00" end="44800.00" id="inductionLoop.S1" nVehContrib="17" flow="612.00" occupancy="66.82" speed="5.32" harmonicMeanSpeed="0.75" length="5.00" nVehEntered="17"/>
    <interval begin="44800.00" end="44900.00" id="inductionLoop.S1" nVehContrib="6" flow="216.00" occupancy="89.38" speed="7.69" harmonicMeanSpeed="7.43" length="5.00" nVehEntered="6"/>
    <interval begin="44900.00" end="45000.00" id="inductionLoop.S1" nVehContrib="10" flow="360.00" occupancy="73.70" speed="5.31" harmonicMeanSpeed="0.48" length="5.00" nVehEntered="10"/>
    <interval begin="45000.00" end="45100.00" id="inductionLoop.S1" nVehContrib="13" flow="468.00" occupancy="77.26" speed="6.26" harmonicMeanSpeed="0.49" length="5.00" nVehEntered="13"/>
    <interval begin="45100.00" end="45200.00" id="inductionLoop.S1" nVehContrib="44" flow="1584.00" occupancy="32.12" speed="10.45" harmonicMeanSpeed="9.53" length="5.00" nVehEntered="44"/>
    <interval begin="45200.00" end="45300.00" id="inductionLoop.S1" nVehContrib="2" flow="72.00" occupancy="95.77" speed="1.86" harmonicMeanSpeed="0.11" length="5.00" nVehEntered="2"/>
    <interval begin="45300.00" end="45400.00" id="inductionLoop.S1" nVehContrib="0" flow="0.00" occupancy="22.00" speed="-1.00" harmonicMeanSpeed="-1.00" length="-1.00" nVehEntered="0"/>
    <interval begin="45400.00" end="45500.00" id="inductionLoop.S1" nVehContrib="10" flow="360.00" occupancy="30.88" speed="7.16" harmonicMeanSpeed="5.80" length="5.00" nVehEntered="11"/>
    <interval begin="45500.00" end="45600.00" id="inductionLoop.S1" nVehContrib="18" flow="648.00" occupancy="68.24" speed="9.69" harmonicMeanSpeed="1.85" length="5.00" nVehEntered="18"/>
    <interval begin="45600.00" end="45700.00" id="inductionLoop.S1" nVehContrib="13" flow="468.00" occupancy="74.32" speed="4.03" harmonicMeanSpeed="0.56" length="5.00" nVehEntered="13"/>
    <interval begin="45700.00" end="45800.00" id="inductionLoop.S1" nVehContrib="14" flow="504.00" occupancy="10.17" speed="9.84" harmonicMeanSpeed="6.52" length="5.00" nVehEntered="13"/>
    <interval begin="45800.00" end="45900.00" id="inductionLoop.S1" nVehContrib="11" flow="396.00" occupancy="74.52" speed="5.73" harmonicMeanSpeed="0.74" length="5.00" nVehEntered="11"/>
    <interval begin="45900.00" end="46000.00" id="inductionLoop.S1" nVehContrib="11" flow="396.00" occupancy="79.34" speed="8.56" harmonicMeanSpeed="0.69" length="5.00" nVehEntered="11"/>
    <interval begin="46000.00" end="46100.00" id="inductionLoop.S1" nVehContrib="15" flow="540.00" occupancy="59.34" speed="6.87" harmonicMeanSpeed="1.75" length="5.00" nVehEntered="16"/>
    <interval begin="46100.00" end="46200.00" id="inductionLoop.S1" nVehContrib="7" flow="252.00" occupancy="84.52" speed="4.75" harmonicMeanSpeed="0.35" length="5.00" nVehEntered="7"/>
    <interval begin="46200.00" end="46300.00" id="inductionLoop.S1" nVehContrib="39" flow="1404.00" occupancy="43.50" speed="9.57" harmonicMeanSpeed="4.31" length="5.00" nVehEntered="38"/>
    <interval begin="46300.00" end="46400.00" id="inductionLoop.S1" nVehContrib="9" flow="324.00" occupancy="77.64" speed="4.91" harmonicMeanSpeed="0.64" length="5.00" nVehEntered="10"/>
    <interval begin="46400.00" end="46500.00" id="inductionLoop.S1" nVehContrib="10" flow="360.00" occupancy="77.07" speed="6.49" harmonicMeanSpeed="0.62" length="5.00" nVehEntered="10"/>
    <interval begin="46500.00" end="46600.00" id="inductionLoop.S1" nVehContrib="32" flow="1152.00" occupancy="48.51" speed="11.36" harmonicMeanSpeed="10.59" length="5.00" nVehEntered="33"/>
    <interval begin="46600.00" end="46700.00" id="inductionLoop.S1" nVehContrib="4" flow="144.00" occupancy="91.94" speed="4.16" harmonicMeanSpeed="0.21" length="5.00" nVehEntered="4"/>
    <interval begin="46700.00" end="46800.00" id="inductionLoop.S1" nVehContrib="11" flow="396.00" occupancy="80.96" speed="5.23" harmonicMeanSpeed="0.78" length="5.00" nVehEntered="11"/>
    <interval begin="46800.00" end="46900.00" id="inductionLoop.S1" nVehContrib="8" flow="288.00" occupancy="82.02" speed="3.28" harmonicMeanSpeed="0.33" length="5.00" nVehEntered="7"/>
    <interval begin="46900.00" end="47000.00" id="inductionLoop.S1" nVehContrib="10" flow="360.00" occupancy="68.13" speed="6.01" harmonicMeanSpeed="0.73" length="5.00" nVehEntered="10"/>
    <interval begin="47000.00" end="47100.00" id="inductionLoop.S1" nVehContrib="12" flow="432.00" occupancy="50.97" speed="6.54" harmonicMeanSpeed="4.90" length="5.00" nVehEntered="13"/>
    <interval begin="47100.00" end="47200.00" id="inductionLoop.S1" nVehContrib="11" flow="396.00" occupancy="79.57" speed="4.45" harmonicMeanSpeed="0.48" length="5.00" nVehEntered="11"/>
    <interval begin="47200.00" end="47300.00" id="inductionLoop.S1" nVehContrib="15" flow="540.00" occupancy="77.45" speed="9.66" harmonicMeanSpeed="0.97" length="5.00" nVehEntered="15"/>
    <interval begin="47300.00" end="47400.00" id="inductionLoop.S1" nVehContrib="11" flow="396.00" occupancy="78.19" speed="3.96" harmonicMeanSpeed="0.73" length="5.00" nVehEntered="12"/>
    <interval begin="47400.00" end="47500.00" id="inductionLoop.S1" nVehContrib="3" flow="108.00" occupancy="91.05" speed="2.71" harmonicMeanSpeed="0.17" length="5.00" nVehEntered="4"/>
    <interval begin="47500.00" end="47600.00" id="inductionLoop.S1" nVehContrib="14" flow="504.00" occupancy="71.83" speed="4.58" harmonicMeanSpeed="0.98" length="5.00" nVehEntered="14"/>
    <interval begin="47600.00" end="47700.00" id="inductionLoop.S1" nVehContrib="8" flow="288.00" occupancy="85.49" speed="5.97" harmonicMeanSpeed="0.46" length="5.00" nVehEntered="8"/>
    <interval begin="47700.00" end="47800.00" id="inductionLoop.S1" nVehContrib="15" flow="540.00" occupancy="59.20" speed="6.89" harmonicMeanSpeed="1.80" length="5.00" nVehEntered="15"/>
    <interval begin="47800.00" end="47900.00" id="inductionLoop.S1" nVehContrib="1" flow="36.00" occupancy="95.60" speed="0.06" harmonicMeanSpeed="0.06" length="5.00" nVehEntered="1"/>
    <interval begin="47900.00" end="48000.00" id="inductionLoop.S1" nVehContrib="24" flow="864.00" occupancy="55.12" speed="8.27" harmonicMeanSpeed="1.48" length="5.00" nVehEntered="23"/>
    <interval begin="48000.00" end="48100.00" id="inductionLoop.S1" nVehContrib="1" flow="36.00" occupancy="97.78" speed="8.91" harmonicMeanSpeed="8.91" length="5.00" nVehEntered="2"/>
    <interval begin="48100.00" end="48200.00" id="inductionLoop.S1" nVehContrib="26" flow="936.00" occupancy="58.47" speed="6.24" harmonicMeanSpeed="0.83" length="5.00" nVehEntered="25"/>
    <interval begin="48200.00" end="48300.00" id="inductionLoop.S1" nVehContrib="10" flow="360.00" occupancy="80.94" speed="8.37" harmonicMeanSpeed="6.68" length="5.00" nVehEntered="11"/>
    <interval begin="48300.00" end="48400.00" id="inductionLoop.S1" nVehContrib="5" flow="180.00" occupancy="86.75" speed="1.80" harmonicMeanSpeed="0.16" length="5.00" nVehEntered="5"/>
    <interval begin="48400.00" end="48500.00" id="inductionLoop.S1" nVehContrib="14" flow="504.00" occupancy="74.55" speed="7.80" harmonicMeanSpeed="1.76" length="5.00" nVehEntered="15"/>
    <interval begin="48500.00" end="48600.00" id="inductionLoop.S1" nVehContrib="6" flow="216.00" occupancy="86.38" speed="2.54" harmonicMeanSpeed="0.28" length="5.00" nVehEntered="6"/>
    <interval begin="48600.00" end="48700.00" id="inductionLoop.S1" nVehContrib="31" flow="1116.00" occupancy="45.24" speed="8.23" harmonicMeanSpeed="2.62" length="5.00" nVehEntered="30"/>
    <interval begin="48700.00" end="48800.00" id="inductionLoop.S1" nVehContrib="11" flow="396.00" occupancy="79.24" speed="7.64" harmonicMeanSpeed="0.75" length="5.00" nVehEntered="12"/>
    <interval begin="48800.00" end="48900.00" id="inductionLoop.S1" nVehContrib="13" flow="468.00" occupancy="77.78" speed="5.04" harmonicMeanSpeed="1.11" length="5.00" nVehEntered="13"/>
    <interval begin="48900.00" end="49000.00" id="inductionLoop.S1" nVehContrib="13" flow="468.00" occupancy="73.98" speed="7.72" harmonicMeanSpeed="1.13" length="5.00" nVehEntered="13"/>
    <interval begin="49000.00" end="49100.00" id="inductionLoop.S1" nVehContrib="2" flow="72.00" occupancy="92.10" speed="0.52" harmonicMeanSpeed="0.50" length="5.00" nVehEntered="3"/>
    <interval begin="49100.00" end="49200.00" id="inductionLoop.S1" nVehContrib="34" flow="1224.00" occupancy="44.79" speed="10.61" harmonicMeanSpeed="3.86" length="5.00" nVehEntered="34"/>
    <interval begin="49200.00" end="49300.00" id="inductionLoop.S1" nVehContrib="4" flow="144.00" occupancy="90.38" speed="2.65" harmonicMeanSpeed="0.57" length="5.00" nVehEntered="4"/>
    <interval begin="49300.00" end="49400.00" id="inductionLoop.S1" nVehContrib="13" flow="468.00" occupancy="75.25" speed="7.38" harmonicMeanSpeed="0.46" length="5.00" nVehEntered="12"/>
    <interval begin="49400.00" end="49500.00" id="inductionLoop.S1" nVehContrib="41" flow="1476.00" occupancy="32.89" speed="9.68" harmonicMeanSpeed="6.23" length="5.00" nVehEntered="41"/>
    <interval begin="49500.00" end="49600.00" id="inductionLoop.S1" nVehContrib="3" flow="108.00" occupancy="92.29" speed="3.47" harmonicMeanSpeed="0.16" length="5.00" nVehEntered="4"/>
    <interval begin="49600.00" end="49700.00" id="inductionLoop.S1" nVehContrib="19" flow="684.00" occupancy="67.32" speed="8.70" harmonicMeanSpeed="5.72" length="5.00" nVehEntered="19"/>
    <interval begin="49700.00" end="49800.00" id="inductionLoop.S1" nVehContrib="3" flow="108.00" occupancy="93.80" speed="10.44" harmonicMeanSpeed="9.99" length="5.00" nVehEntered="4"/>
    <interval begin="49800.00" end="49900.00" id="inductionLoop.S1" nVehContrib="6" flow="216.00" occupancy="88.40" speed="3.23" harmonicMeanSpeed="0.17" length="5.00" nVehEntered="6"/>
    <interval begin="49900.00" end="50000.00" id="inductionLoop.S1" nVehContrib="39" flow="1404.00" occupancy="21.66" speed="11.24" harmonicMeanSpeed="8.92" length="5.00" nVehEntered="38"/>
    <interval begin="50000.00" end="50013.00" id="inductionLoop.S1" nVehContrib="0" flow="0.00" occupancy="0.00" speed="-1.00" harmonicMeanSpeed="-1.00" length="-1.00" nVehEntered="0"/>
</detector>
