<?xml version="1.0" encoding="UTF-8"?>

<!-- generated on 2023-07-30 22:11:19 by Eclipse SUMO sumo Version 1.12.0
<configuration xmlns:xsi="http://www.w3.org/2001/XMLSchema-instance" xsi:noNamespaceSchemaLocation="http://sumo.dlr.de/xsd/sumoConfiguration.xsd">

    <input>
        <net-file value="Data0-27/intersection.net.xml"/>
        <route-files value="Data0-27/intersection.rou.xml"/>
        <additional-files value="Data0-27/intersection.det.xml"/>
    </input>

    <output>
        <tripinfo-output value="Data0-27/tripinfo.xml"/>
    </output>

    <time>
        <begin value="0"/>
    </time>

    <processing>
        <time-to-teleport value="-1"/>
        <waiting-time-memory value="60000"/>
    </processing>

    <report>
        <verbose value="true"/>
        <no-step-log value="true"/>
    </report>

    <emissions>
        <device.emissions.probability value="1"/>
    </emissions>

    <traci_server>
        <remote-port value="37861"/>
    </traci_server>

    <gui_only>
        <gui-settings-file value="Data0-27/intersection.settings.xml"/>
    </gui_only>

</configuration>
-->

<detector xmlns:xsi="http://www.w3.org/2001/XMLSchema-instance" xsi:noNamespaceSchemaLocation="http://sumo.dlr.de/xsd/det_e1_file.xsd">
    <interval begin="0.00" end="100.00" id="inductionLoop.S2" nVehContrib="2" flow="72.00" occupancy="0.88" speed="12.45" harmonicMeanSpeed="12.37" length="5.00" nVehEntered="3"/>
    <interval begin="100.00" end="200.00" id="inductionLoop.S2" nVehContrib="7" flow="252.00" occupancy="4.31" speed="10.17" harmonicMeanSpeed="9.86" length="5.00" nVehEntered="9"/>
    <interval begin="200.00" end="300.00" id="inductionLoop.S2" nVehContrib="14" flow="504.00" occupancy="11.05" speed="9.17" harmonicMeanSpeed="6.33" length="5.00" nVehEntered="14"/>
    <interval begin="300.00" end="400.00" id="inductionLoop.S2" nVehContrib="5" flow="180.00" occupancy="7.98" speed="5.55" harmonicMeanSpeed="3.37" length="5.00" nVehEntered="8"/>
    <interval begin="400.00" end="500.00" id="inductionLoop.S2" nVehContrib="8" flow="288.00" occupancy="5.69" speed="10.18" harmonicMeanSpeed="7.66" length="5.00" nVehEntered="9"/>
    <interval begin="500.00" end="600.00" id="inductionLoop.S2" nVehContrib="6" flow="216.00" occupancy="21.22" speed="4.46" harmonicMeanSpeed="1.43" length="5.00" nVehEntered="8"/>
    <interval begin="600.00" end="700.00" id="inductionLoop.S2" nVehContrib="8" flow="288.00" occupancy="50.54" speed="3.16" harmonicMeanSpeed="0.79" length="5.00" nVehEntered="7"/>
    <interval begin="700.00" end="800.00" id="inductionLoop.S2" nVehContrib="6" flow="216.00" occupancy="3.09" speed="10.35" harmonicMeanSpeed="10.20" length="5.00" nVehEntered="7"/>
    <interval begin="800.00" end="900.00" id="inductionLoop.S2" nVehContrib="9" flow="324.00" occupancy="6.38" speed="9.40" harmonicMeanSpeed="7.06" length="5.00" nVehEntered="9"/>
    <interval begin="900.00" end="1000.00" id="inductionLoop.S2" nVehContrib="8" flow="288.00" occupancy="7.42" speed="9.39" harmonicMeanSpeed="5.75" length="5.00" nVehEntered="10"/>
    <interval begin="1000.00" end="1100.00" id="inductionLoop.S2" nVehContrib="6" flow="216.00" occupancy="8.60" speed="5.76" harmonicMeanSpeed="3.98" length="5.00" nVehEntered="8"/>
    <interval begin="1100.00" end="1200.00" id="inductionLoop.S2" nVehContrib="7" flow="252.00" occupancy="5.46" speed="8.87" harmonicMeanSpeed="6.79" length="5.00" nVehEntered="8"/>
    <interval begin="1200.00" end="1300.00" id="inductionLoop.S2" nVehContrib="4" flow="144.00" occupancy="2.38" speed="10.63" harmonicMeanSpeed="8.39" length="5.00" nVehEntered="4"/>
    <interval begin="1300.00" end="1400.00" id="inductionLoop.S2" nVehContrib="6" flow="216.00" occupancy="2.28" speed="13.33" harmonicMeanSpeed="13.18" length="5.00" nVehEntered="6"/>
    <interval begin="1400.00" end="1500.00" id="inductionLoop.S2" nVehContrib="10" flow="360.00" occupancy="4.65" speed="11.89" harmonicMeanSpeed="11.59" length="5.00" nVehEntered="11"/>
    <interval begin="1500.00" end="1600.00" id="inductionLoop.S2" nVehContrib="8" flow="288.00" occupancy="3.42" speed="11.81" harmonicMeanSpeed="11.71" length="5.00" nVehEntered="8"/>
    <interval begin="1600.00" end="1700.00" id="inductionLoop.S2" nVehContrib="10" flow="360.00" occupancy="7.17" speed="9.12" harmonicMeanSpeed="6.98" length="5.00" nVehEntered="10"/>
    <interval begin="1700.00" end="1800.00" id="inductionLoop.S2" nVehContrib="6" flow="216.00" occupancy="4.39" speed="10.12" harmonicMeanSpeed="8.48" length="5.00" nVehEntered="8"/>
    <interval begin="1800.00" end="1900.00" id="inductionLoop.S2" nVehContrib="7" flow="252.00" occupancy="3.61" speed="10.93" harmonicMeanSpeed="10.53" length="5.00" nVehEntered="8"/>
    <interval begin="1900.00" end="2000.00" id="inductionLoop.S2" nVehContrib="10" flow="360.00" occupancy="23.09" speed="6.84" harmonicMeanSpeed="2.19" length="5.00" nVehEntered="12"/>
    <interval begin="2000.00" end="2100.00" id="inductionLoop.S2" nVehContrib="6" flow="216.00" occupancy="9.33" speed="6.78" harmonicMeanSpeed="3.22" length="5.00" nVehEntered="6"/>
    <interval begin="2100.00" end="2200.00" id="inductionLoop.S2" nVehContrib="10" flow="360.00" occupancy="5.01" speed="10.45" harmonicMeanSpeed="9.98" length="5.00" nVehEntered="10"/>
    <interval begin="2200.00" end="2300.00" id="inductionLoop.S2" nVehContrib="8" flow="288.00" occupancy="6.40" speed="8.83" harmonicMeanSpeed="6.49" length="5.00" nVehEntered="9"/>
    <interval begin="2300.00" end="2400.00" id="inductionLoop.S2" nVehContrib="7" flow="252.00" occupancy="2.78" speed="12.63" harmonicMeanSpeed="12.57" length="5.00" nVehEntered="7"/>
    <interval begin="2400.00" end="2500.00" id="inductionLoop.S2" nVehContrib="7" flow="252.00" occupancy="4.80" speed="9.00" harmonicMeanSpeed="7.98" length="5.00" nVehEntered="8"/>
    <interval begin="2500.00" end="2600.00" id="inductionLoop.S2" nVehContrib="4" flow="144.00" occupancy="3.49" speed="8.19" harmonicMeanSpeed="5.73" length="5.00" nVehEntered="4"/>
    <interval begin="2600.00" end="2700.00" id="inductionLoop.S2" nVehContrib="6" flow="216.00" occupancy="4.40" speed="8.74" harmonicMeanSpeed="6.82" length="5.00" nVehEntered="6"/>
    <interval begin="2700.00" end="2800.00" id="inductionLoop.S2" nVehContrib="6" flow="216.00" occupancy="22.76" speed="5.55" harmonicMeanSpeed="1.34" length="5.00" nVehEntered="8"/>
    <interval begin="2800.00" end="2900.00" id="inductionLoop.S2" nVehContrib="4" flow="144.00" occupancy="2.54" speed="9.14" harmonicMeanSpeed="8.47" length="5.00" nVehEntered="5"/>
    <interval begin="2900.00" end="3000.00" id="inductionLoop.S2" nVehContrib="5" flow="180.00" occupancy="2.30" speed="13.27" harmonicMeanSpeed="13.23" length="5.00" nVehEntered="6"/>
    <interval begin="3000.00" end="3100.00" id="inductionLoop.S2" nVehContrib="9" flow="324.00" occupancy="5.20" speed="10.51" harmonicMeanSpeed="8.65" length="5.00" nVehEntered="9"/>
    <interval begin="3100.00" end="3200.00" id="inductionLoop.S2" nVehContrib="7" flow="252.00" occupancy="3.44" speed="10.84" harmonicMeanSpeed="10.47" length="5.00" nVehEntered="9"/>
    <interval begin="3200.00" end="3300.00" id="inductionLoop.S2" nVehContrib="7" flow="252.00" occupancy="4.49" speed="10.18" harmonicMeanSpeed="7.85" length="5.00" nVehEntered="8"/>
    <interval begin="3300.00" end="3400.00" id="inductionLoop.S2" nVehContrib="7" flow="252.00" occupancy="2.78" speed="12.67" harmonicMeanSpeed="12.58" length="5.00" nVehEntered="7"/>
    <interval begin="3400.00" end="3500.00" id="inductionLoop.S2" nVehContrib="5" flow="180.00" occupancy="2.35" speed="11.75" harmonicMeanSpeed="11.64" length="5.00" nVehEntered="6"/>
    <interval begin="3500.00" end="3600.00" id="inductionLoop.S2" nVehContrib="6" flow="216.00" occupancy="4.45" speed="8.83" harmonicMeanSpeed="7.43" length="5.00" nVehEntered="7"/>
    <interval begin="3600.00" end="3700.00" id="inductionLoop.S2" nVehContrib="1" flow="36.00" occupancy="1.64" speed="3.80" harmonicMeanSpeed="3.80" length="5.00" nVehEntered="2"/>
    <interval begin="3700.00" end="3800.00" id="inductionLoop.S2" nVehContrib="7" flow="252.00" occupancy="10.88" speed="7.65" harmonicMeanSpeed="3.53" length="5.00" nVehEntered="9"/>
    <interval begin="3800.00" end="3900.00" id="inductionLoop.S2" nVehContrib="9" flow="324.00" occupancy="6.43" speed="9.90" harmonicMeanSpeed="7.39" length="5.00" nVehEntered="10"/>
    <interval begin="3900.00" end="4000.00" id="inductionLoop.S2" nVehContrib="6" flow="216.00" occupancy="4.08" speed="9.43" harmonicMeanSpeed="7.36" length="5.00" nVehEntered="6"/>
    <interval begin="4000.00" end="4100.00" id="inductionLoop.S2" nVehContrib="7" flow="252.00" occupancy="6.31" speed="8.55" harmonicMeanSpeed="5.74" length="5.00" nVehEntered="8"/>
    <interval begin="4100.00" end="4200.00" id="inductionLoop.S2" nVehContrib="9" flow="324.00" occupancy="5.63" speed="9.75" harmonicMeanSpeed="8.23" length="5.00" nVehEntered="10"/>
    <interval begin="4200.00" end="4300.00" id="inductionLoop.S2" nVehContrib="9" flow="324.00" occupancy="15.74" speed="5.23" harmonicMeanSpeed="2.94" length="5.00" nVehEntered="10"/>
    <interval begin="4300.00" end="4400.00" id="inductionLoop.S2" nVehContrib="8" flow="288.00" occupancy="8.12" speed="9.75" harmonicMeanSpeed="4.93" length="5.00" nVehEntered="8"/>
    <interval begin="4400.00" end="4500.00" id="inductionLoop.S2" nVehContrib="6" flow="216.00" occupancy="3.34" speed="11.79" harmonicMeanSpeed="9.75" length="5.00" nVehEntered="7"/>
    <interval begin="4500.00" end="4600.00" id="inductionLoop.S2" nVehContrib="7" flow="252.00" occupancy="7.17" speed="8.89" harmonicMeanSpeed="4.88" length="5.00" nVehEntered="7"/>
    <interval begin="4600.00" end="4700.00" id="inductionLoop.S2" nVehContrib="7" flow="252.00" occupancy="4.37" speed="10.00" harmonicMeanSpeed="8.01" length="5.00" nVehEntered="7"/>
    <interval begin="4700.00" end="4800.00" id="inductionLoop.S2" nVehContrib="9" flow="324.00" occupancy="6.20" speed="8.99" harmonicMeanSpeed="7.26" length="5.00" nVehEntered="9"/>
    <interval begin="4800.00" end="4900.00" id="inductionLoop.S2" nVehContrib="9" flow="324.00" occupancy="5.40" speed="10.50" harmonicMeanSpeed="8.84" length="5.00" nVehEntered="10"/>
    <interval begin="4900.00" end="5000.00" id="inductionLoop.S2" nVehContrib="3" flow="108.00" occupancy="1.24" speed="12.22" harmonicMeanSpeed="12.13" length="5.00" nVehEntered="3"/>
    <interval begin="5000.00" end="5100.00" id="inductionLoop.S2" nVehContrib="5" flow="180.00" occupancy="2.81" speed="10.16" harmonicMeanSpeed="8.91" length="5.00" nVehEntered="5"/>
    <interval begin="5100.00" end="5200.00" id="inductionLoop.S2" nVehContrib="5" flow="180.00" occupancy="2.81" speed="10.63" harmonicMeanSpeed="8.89" length="5.00" nVehEntered="5"/>
    <interval begin="5200.00" end="5300.00" id="inductionLoop.S2" nVehContrib="14" flow="504.00" occupancy="10.14" speed="8.91" harmonicMeanSpeed="6.90" length="5.00" nVehEntered="14"/>
    <interval begin="5300.00" end="5400.00" id="inductionLoop.S2" nVehContrib="8" flow="288.00" occupancy="4.23" speed="10.81" harmonicMeanSpeed="9.46" length="5.00" nVehEntered="8"/>
    <interval begin="5400.00" end="5500.00" id="inductionLoop.S2" nVehContrib="4" flow="144.00" occupancy="3.90" speed="7.07" harmonicMeanSpeed="5.58" length="5.00" nVehEntered="5"/>
    <interval begin="5500.00" end="5600.00" id="inductionLoop.S2" nVehContrib="2" flow="72.00" occupancy="1.40" speed="9.53" harmonicMeanSpeed="7.14" length="5.00" nVehEntered="2"/>
    <interval begin="5600.00" end="5700.00" id="inductionLoop.S2" nVehContrib="3" flow="108.00" occupancy="1.24" speed="12.28" harmonicMeanSpeed="12.12" length="5.00" nVehEntered="3"/>
    <interval begin="5700.00" end="5800.00" id="inductionLoop.S2" nVehContrib="3" flow="108.00" occupancy="2.07" speed="9.83" harmonicMeanSpeed="7.23" length="5.00" nVehEntered="3"/>
    <interval begin="5800.00" end="5900.00" id="inductionLoop.S2" nVehContrib="4" flow="144.00" occupancy="1.48" speed="13.49" harmonicMeanSpeed="13.48" length="5.00" nVehEntered="4"/>
    <interval begin="5900.00" end="6000.00" id="inductionLoop.S2" nVehContrib="2" flow="72.00" occupancy="0.80" speed="12.52" harmonicMeanSpeed="12.49" length="5.00" nVehEntered="2"/>
    <interval begin="6000.00" end="6100.00" id="inductionLoop.S2" nVehContrib="4" flow="144.00" occupancy="2.31" speed="9.91" harmonicMeanSpeed="8.64" length="5.00" nVehEntered="4"/>
    <interval begin="6100.00" end="6200.00" id="inductionLoop.S2" nVehContrib="7" flow="252.00" occupancy="3.64" speed="11.10" harmonicMeanSpeed="9.61" length="5.00" nVehEntered="7"/>
    <interval begin="6200.00" end="6300.00" id="inductionLoop.S2" nVehContrib="5" flow="180.00" occupancy="4.21" speed="7.54" harmonicMeanSpeed="6.28" length="5.00" nVehEntered="6"/>
    <interval begin="6300.00" end="6400.00" id="inductionLoop.S2" nVehContrib="4" flow="144.00" occupancy="2.43" speed="9.86" harmonicMeanSpeed="8.22" length="5.00" nVehEntered="4"/>
    <interval begin="6400.00" end="6500.00" id="inductionLoop.S2" nVehContrib="3" flow="108.00" occupancy="1.28" speed="12.39" harmonicMeanSpeed="11.70" length="5.00" nVehEntered="3"/>
    <interval begin="6500.00" end="6600.00" id="inductionLoop.S2" nVehContrib="4" flow="144.00" occupancy="1.50" speed="13.32" harmonicMeanSpeed="13.32" length="5.00" nVehEntered="4"/>
    <interval begin="6600.00" end="6700.00" id="inductionLoop.S2" nVehContrib="5" flow="180.00" occupancy="2.68" speed="11.81" harmonicMeanSpeed="9.34" length="5.00" nVehEntered="5"/>
    <interval begin="6700.00" end="6800.00" id="inductionLoop.S2" nVehContrib="10" flow="360.00" occupancy="7.40" speed="8.77" harmonicMeanSpeed="6.76" length="5.00" nVehEntered="10"/>
    <interval begin="6800.00" end="6900.00" id="inductionLoop.S2" nVehContrib="2" flow="72.00" occupancy="0.76" speed="13.10" harmonicMeanSpeed="13.10" length="5.00" nVehEntered="2"/>
    <interval begin="6900.00" end="7000.00" id="inductionLoop.S2" nVehContrib="0" flow="0.00" occupancy="0.19" speed="-1.00" harmonicMeanSpeed="-1.00" length="-1.00" nVehEntered="1"/>
    <interval begin="7000.00" end="7100.00" id="inductionLoop.S2" nVehContrib="2" flow="72.00" occupancy="2.37" speed="4.27" harmonicMeanSpeed="4.21" length="5.00" nVehEntered="2"/>
    <interval begin="7100.00" end="7200.00" id="inductionLoop.S2" nVehContrib="1" flow="36.00" occupancy="1.23" speed="4.07" harmonicMeanSpeed="4.07" length="5.00" nVehEntered="1"/>
    <interval begin="7200.00" end="7300.00" id="inductionLoop.S2" nVehContrib="2" flow="72.00" occupancy="1.52" speed="8.36" harmonicMeanSpeed="6.59" length="5.00" nVehEntered="2"/>
    <interval begin="7300.00" end="7400.00" id="inductionLoop.S2" nVehContrib="4" flow="144.00" occupancy="2.59" speed="10.13" harmonicMeanSpeed="7.73" length="5.00" nVehEntered="4"/>
    <interval begin="7400.00" end="7500.00" id="inductionLoop.S2" nVehContrib="3" flow="108.00" occupancy="1.11" speed="13.53" harmonicMeanSpeed="13.50" length="5.00" nVehEntered="3"/>
    <interval begin="7500.00" end="7600.00" id="inductionLoop.S2" nVehContrib="5" flow="180.00" occupancy="2.80" speed="10.37" harmonicMeanSpeed="8.93" length="5.00" nVehEntered="5"/>
    <interval begin="7600.00" end="7700.00" id="inductionLoop.S2" nVehContrib="2" flow="72.00" occupancy="0.90" speed="14.57" harmonicMeanSpeed="14.56" length="5.00" nVehEntered="3"/>
    <interval begin="7700.00" end="7800.00" id="inductionLoop.S2" nVehContrib="3" flow="108.00" occupancy="1.07" speed="14.07" harmonicMeanSpeed="14.04" length="5.00" nVehEntered="3"/>
    <interval begin="7800.00" end="7900.00" id="inductionLoop.S2" nVehContrib="4" flow="144.00" occupancy="2.33" speed="10.69" harmonicMeanSpeed="8.60" length="5.00" nVehEntered="4"/>
    <interval begin="7900.00" end="8000.00" id="inductionLoop.S2" nVehContrib="4" flow="144.00" occupancy="2.55" speed="10.42" harmonicMeanSpeed="7.83" length="5.00" nVehEntered="4"/>
    <interval begin="8000.00" end="8100.00" id="inductionLoop.S2" nVehContrib="3" flow="108.00" occupancy="1.25" speed="12.14" harmonicMeanSpeed="11.99" length="5.00" nVehEntered="3"/>
    <interval begin="8100.00" end="8200.00" id="inductionLoop.S2" nVehContrib="5" flow="180.00" occupancy="4.10" speed="8.45" harmonicMeanSpeed="6.10" length="5.00" nVehEntered="5"/>
    <interval begin="8200.00" end="8300.00" id="inductionLoop.S2" nVehContrib="6" flow="216.00" occupancy="3.40" speed="10.93" harmonicMeanSpeed="8.82" length="5.00" nVehEntered="6"/>
    <interval begin="8300.00" end="8400.00" id="inductionLoop.S2" nVehContrib="7" flow="252.00" occupancy="4.40" speed="10.48" harmonicMeanSpeed="7.95" length="5.00" nVehEntered="7"/>
    <interval begin="8400.00" end="8500.00" id="inductionLoop.S2" nVehContrib="4" flow="144.00" occupancy="1.48" speed="13.51" harmonicMeanSpeed="13.50" length="5.00" nVehEntered="4"/>
    <interval begin="8500.00" end="8600.00" id="inductionLoop.S2" nVehContrib="6" flow="216.00" occupancy="3.52" speed="11.12" harmonicMeanSpeed="8.53" length="5.00" nVehEntered="6"/>
    <interval begin="8600.00" end="8700.00" id="inductionLoop.S2" nVehContrib="9" flow="324.00" occupancy="5.44" speed="10.28" harmonicMeanSpeed="8.27" length="5.00" nVehEntered="9"/>
    <interval begin="8700.00" end="8800.00" id="inductionLoop.S2" nVehContrib="6" flow="216.00" occupancy="5.40" speed="8.06" harmonicMeanSpeed="6.09" length="5.00" nVehEntered="7"/>
    <interval begin="8800.00" end="8900.00" id="inductionLoop.S2" nVehContrib="2" flow="72.00" occupancy="1.92" speed="8.25" harmonicMeanSpeed="5.20" length="5.00" nVehEntered="2"/>
    <interval begin="8900.00" end="9000.00" id="inductionLoop.S2" nVehContrib="2" flow="72.00" occupancy="2.40" speed="4.19" harmonicMeanSpeed="4.16" length="5.00" nVehEntered="2"/>
    <interval begin="9000.00" end="9100.00" id="inductionLoop.S2" nVehContrib="4" flow="144.00" occupancy="2.60" speed="10.68" harmonicMeanSpeed="7.68" length="5.00" nVehEntered="4"/>
    <interval begin="9100.00" end="9200.00" id="inductionLoop.S2" nVehContrib="0" flow="0.00" occupancy="0.00" speed="-1.00" harmonicMeanSpeed="-1.00" length="-1.00" nVehEntered="0"/>
    <interval begin="9200.00" end="9300.00" id="inductionLoop.S2" nVehContrib="5" flow="180.00" occupancy="4.88" speed="6.18" harmonicMeanSpeed="5.12" length="5.00" nVehEntered="5"/>
    <interval begin="9300.00" end="9400.00" id="inductionLoop.S2" nVehContrib="1" flow="36.00" occupancy="0.35" speed="14.24" harmonicMeanSpeed="14.24" length="5.00" nVehEntered="1"/>
    <interval begin="9400.00" end="9500.00" id="inductionLoop.S2" nVehContrib="2" flow="72.00" occupancy="0.75" speed="13.31" harmonicMeanSpeed="13.29" length="5.00" nVehEntered="2"/>
    <interval begin="9500.00" end="9600.00" id="inductionLoop.S2" nVehContrib="6" flow="216.00" occupancy="3.09" speed="11.85" harmonicMeanSpeed="9.71" length="5.00" nVehEntered="6"/>
    <interval begin="9600.00" end="9700.00" id="inductionLoop.S2" nVehContrib="2" flow="72.00" occupancy="1.36" speed="9.54" harmonicMeanSpeed="7.36" length="5.00" nVehEntered="2"/>
    <interval begin="9700.00" end="9800.00" id="inductionLoop.S2" nVehContrib="1" flow="36.00" occupancy="0.38" speed="13.26" harmonicMeanSpeed="13.26" length="5.00" nVehEntered="1"/>
    <interval begin="9800.00" end="9900.00" id="inductionLoop.S2" nVehContrib="0" flow="0.00" occupancy="0.00" speed="-1.00" harmonicMeanSpeed="-1.00" length="-1.00" nVehEntered="0"/>
    <interval begin="9900.00" end="10000.00" id="inductionLoop.S2" nVehContrib="4" flow="144.00" occupancy="2.59" speed="10.70" harmonicMeanSpeed="7.71" length="5.00" nVehEntered="4"/>
    <interval begin="10000.00" end="10100.00" id="inductionLoop.S2" nVehContrib="6" flow="216.00" occupancy="3.53" speed="10.83" harmonicMeanSpeed="8.78" length="5.00" nVehEntered="7"/>
    <interval begin="10100.00" end="10200.00" id="inductionLoop.S2" nVehContrib="4" flow="144.00" occupancy="3.18" speed="9.04" harmonicMeanSpeed="6.29" length="5.00" nVehEntered="4"/>
    <interval begin="10200.00" end="10300.00" id="inductionLoop.S2" nVehContrib="0" flow="0.00" occupancy="0.00" speed="-1.00" harmonicMeanSpeed="-1.00" length="-1.00" nVehEntered="0"/>
    <interval begin="10300.00" end="10400.00" id="inductionLoop.S2" nVehContrib="1" flow="36.00" occupancy="0.43" speed="11.70" harmonicMeanSpeed="11.70" length="5.00" nVehEntered="1"/>
    <interval begin="10400.00" end="10500.00" id="inductionLoop.S2" nVehContrib="2" flow="72.00" occupancy="1.52" speed="8.36" harmonicMeanSpeed="6.57" length="5.00" nVehEntered="2"/>
    <interval begin="10500.00" end="10600.00" id="inductionLoop.S2" nVehContrib="2" flow="72.00" occupancy="1.58" speed="7.58" harmonicMeanSpeed="6.32" length="5.00" nVehEntered="2"/>
    <interval begin="10600.00" end="10700.00" id="inductionLoop.S2" nVehContrib="5" flow="180.00" occupancy="4.21" speed="8.42" harmonicMeanSpeed="6.24" length="5.00" nVehEntered="6"/>
    <interval begin="10700.00" end="10800.00" id="inductionLoop.S2" nVehContrib="4" flow="144.00" occupancy="3.46" speed="7.69" harmonicMeanSpeed="5.78" length="5.00" nVehEntered="4"/>
    <interval begin="10800.00" end="10900.00" id="inductionLoop.S2" nVehContrib="1" flow="36.00" occupancy="1.18" speed="4.22" harmonicMeanSpeed="4.22" length="5.00" nVehEntered="1"/>
    <interval begin="10900.00" end="11000.00" id="inductionLoop.S2" nVehContrib="2" flow="72.00" occupancy="0.75" speed="13.39" harmonicMeanSpeed="13.39" length="5.00" nVehEntered="2"/>
    <interval begin="11000.00" end="11100.00" id="inductionLoop.S2" nVehContrib="0" flow="0.00" occupancy="0.00" speed="-1.00" harmonicMeanSpeed="-1.00" length="-1.00" nVehEntered="0"/>
    <interval begin="11100.00" end="11200.00" id="inductionLoop.S2" nVehContrib="1" flow="36.00" occupancy="0.34" speed="14.71" harmonicMeanSpeed="14.71" length="5.00" nVehEntered="1"/>
    <interval begin="11200.00" end="11300.00" id="inductionLoop.S2" nVehContrib="1" flow="36.00" occupancy="0.36" speed="13.86" harmonicMeanSpeed="13.86" length="5.00" nVehEntered="1"/>
    <interval begin="11300.00" end="11400.00" id="inductionLoop.S2" nVehContrib="3" flow="108.00" occupancy="1.31" speed="12.55" harmonicMeanSpeed="12.49" length="5.00" nVehEntered="4"/>
    <interval begin="11400.00" end="11500.00" id="inductionLoop.S2" nVehContrib="4" flow="144.00" occupancy="2.57" speed="9.78" harmonicMeanSpeed="7.78" length="5.00" nVehEntered="4"/>
    <interval begin="11500.00" end="11600.00" id="inductionLoop.S2" nVehContrib="2" flow="72.00" occupancy="1.40" speed="9.86" harmonicMeanSpeed="7.17" length="5.00" nVehEntered="2"/>
    <interval begin="11600.00" end="11700.00" id="inductionLoop.S2" nVehContrib="1" flow="36.00" occupancy="0.38" speed="13.19" harmonicMeanSpeed="13.19" length="5.00" nVehEntered="1"/>
    <interval begin="11700.00" end="11800.00" id="inductionLoop.S2" nVehContrib="0" flow="0.00" occupancy="0.00" speed="-1.00" harmonicMeanSpeed="-1.00" length="-1.00" nVehEntered="0"/>
    <interval begin="11800.00" end="11900.00" id="inductionLoop.S2" nVehContrib="1" flow="36.00" occupancy="0.34" speed="14.91" harmonicMeanSpeed="14.91" length="5.00" nVehEntered="1"/>
    <interval begin="11900.00" end="12000.00" id="inductionLoop.S2" nVehContrib="0" flow="0.00" occupancy="0.00" speed="-1.00" harmonicMeanSpeed="-1.00" length="-1.00" nVehEntered="0"/>
    <interval begin="12000.00" end="12100.00" id="inductionLoop.S2" nVehContrib="2" flow="72.00" occupancy="1.05" speed="14.03" harmonicMeanSpeed="13.99" length="5.00" nVehEntered="3"/>
    <interval begin="12100.00" end="12200.00" id="inductionLoop.S2" nVehContrib="1" flow="36.00" occupancy="1.01" speed="4.96" harmonicMeanSpeed="4.96" length="5.00" nVehEntered="1"/>
    <interval begin="12200.00" end="12300.00" id="inductionLoop.S2" nVehContrib="0" flow="0.00" occupancy="0.00" speed="-1.00" harmonicMeanSpeed="-1.00" length="-1.00" nVehEntered="0"/>
    <interval begin="12300.00" end="12400.00" id="inductionLoop.S2" nVehContrib="1" flow="36.00" occupancy="0.35" speed="14.49" harmonicMeanSpeed="14.49" length="5.00" nVehEntered="1"/>
    <interval begin="12400.00" end="12500.00" id="inductionLoop.S2" nVehContrib="1" flow="36.00" occupancy="1.13" speed="4.44" harmonicMeanSpeed="4.44" length="5.00" nVehEntered="1"/>
    <interval begin="12500.00" end="12600.00" id="inductionLoop.S2" nVehContrib="5" flow="180.00" occupancy="3.15" speed="10.63" harmonicMeanSpeed="7.94" length="5.00" nVehEntered="5"/>
    <interval begin="12600.00" end="12700.00" id="inductionLoop.S2" nVehContrib="2" flow="72.00" occupancy="0.75" speed="13.29" harmonicMeanSpeed="13.29" length="5.00" nVehEntered="2"/>
    <interval begin="12700.00" end="12800.00" id="inductionLoop.S2" nVehContrib="1" flow="36.00" occupancy="0.35" speed="14.22" harmonicMeanSpeed="14.22" length="5.00" nVehEntered="1"/>
    <interval begin="12800.00" end="12900.00" id="inductionLoop.S2" nVehContrib="2" flow="72.00" occupancy="1.73" speed="8.50" harmonicMeanSpeed="5.78" length="5.00" nVehEntered="2"/>
    <interval begin="12900.00" end="13000.00" id="inductionLoop.S2" nVehContrib="1" flow="36.00" occupancy="0.39" speed="12.72" harmonicMeanSpeed="12.72" length="5.00" nVehEntered="1"/>
    <interval begin="13000.00" end="13100.00" id="inductionLoop.S2" nVehContrib="3" flow="108.00" occupancy="1.84" speed="10.24" harmonicMeanSpeed="8.16" length="5.00" nVehEntered="3"/>
    <interval begin="13100.00" end="13200.00" id="inductionLoop.S2" nVehContrib="2" flow="72.00" occupancy="0.78" speed="12.79" harmonicMeanSpeed="12.79" length="5.00" nVehEntered="2"/>
    <interval begin="13200.00" end="13300.00" id="inductionLoop.S2" nVehContrib="4" flow="144.00" occupancy="2.28" speed="11.22" harmonicMeanSpeed="8.77" length="5.00" nVehEntered="4"/>
    <interval begin="13300.00" end="13400.00" id="inductionLoop.S2" nVehContrib="2" flow="72.00" occupancy="1.61" speed="8.52" harmonicMeanSpeed="6.20" length="5.00" nVehEntered="2"/>
    <interval begin="13400.00" end="13500.00" id="inductionLoop.S2" nVehContrib="3" flow="108.00" occupancy="1.30" speed="12.94" harmonicMeanSpeed="11.58" length="5.00" nVehEntered="3"/>
    <interval begin="13500.00" end="13600.00" id="inductionLoop.S2" nVehContrib="1" flow="36.00" occupancy="0.37" speed="13.56" harmonicMeanSpeed="13.56" length="5.00" nVehEntered="1"/>
    <interval begin="13600.00" end="13700.00" id="inductionLoop.S2" nVehContrib="1" flow="36.00" occupancy="1.24" speed="4.02" harmonicMeanSpeed="4.02" length="5.00" nVehEntered="1"/>
    <interval begin="13700.00" end="13800.00" id="inductionLoop.S2" nVehContrib="0" flow="0.00" occupancy="0.00" speed="-1.00" harmonicMeanSpeed="-1.00" length="-1.00" nVehEntered="0"/>
    <interval begin="13800.00" end="13900.00" id="inductionLoop.S2" nVehContrib="0" flow="0.00" occupancy="0.00" speed="-1.00" harmonicMeanSpeed="-1.00" length="-1.00" nVehEntered="0"/>
    <interval begin="13900.00" end="14000.00" id="inductionLoop.S2" nVehContrib="3" flow="108.00" occupancy="1.09" speed="13.90" harmonicMeanSpeed="13.78" length="5.00" nVehEntered="3"/>
    <interval begin="14000.00" end="14100.00" id="inductionLoop.S2" nVehContrib="1" flow="36.00" occupancy="1.42" speed="4.81" harmonicMeanSpeed="4.81" length="5.00" nVehEntered="2"/>
    <interval begin="14100.00" end="14200.00" id="inductionLoop.S2" nVehContrib="0" flow="0.00" occupancy="0.00" speed="-1.00" harmonicMeanSpeed="-1.00" length="-1.00" nVehEntered="0"/>
    <interval begin="14200.00" end="14300.00" id="inductionLoop.S2" nVehContrib="2" flow="72.00" occupancy="1.75" speed="8.36" harmonicMeanSpeed="5.70" length="5.00" nVehEntered="2"/>
    <interval begin="14300.00" end="14400.00" id="inductionLoop.S2" nVehContrib="3" flow="108.00" occupancy="2.81" speed="7.36" harmonicMeanSpeed="5.34" length="5.00" nVehEntered="3"/>
    <interval begin="14400.00" end="14500.00" id="inductionLoop.S2" nVehContrib="4" flow="144.00" occupancy="2.28" speed="10.98" harmonicMeanSpeed="8.76" length="5.00" nVehEntered="4"/>
    <interval begin="14500.00" end="14600.00" id="inductionLoop.S2" nVehContrib="1" flow="36.00" occupancy="1.08" speed="4.64" harmonicMeanSpeed="4.64" length="5.00" nVehEntered="1"/>
    <interval begin="14600.00" end="14700.00" id="inductionLoop.S2" nVehContrib="0" flow="0.00" occupancy="0.00" speed="-1.00" harmonicMeanSpeed="-1.00" length="-1.00" nVehEntered="0"/>
    <interval begin="14700.00" end="14800.00" id="inductionLoop.S2" nVehContrib="2" flow="72.00" occupancy="2.42" speed="4.13" harmonicMeanSpeed="4.13" length="5.00" nVehEntered="2"/>
    <interval begin="14800.00" end="14900.00" id="inductionLoop.S2" nVehContrib="1" flow="36.00" occupancy="0.38" speed="13.15" harmonicMeanSpeed="13.15" length="5.00" nVehEntered="1"/>
    <interval begin="14900.00" end="15000.00" id="inductionLoop.S2" nVehContrib="1" flow="36.00" occupancy="0.39" speed="12.83" harmonicMeanSpeed="12.83" length="5.00" nVehEntered="1"/>
    <interval begin="15000.00" end="15100.00" id="inductionLoop.S2" nVehContrib="2" flow="72.00" occupancy="0.71" speed="14.21" harmonicMeanSpeed="14.07" length="5.00" nVehEntered="2"/>
    <interval begin="15100.00" end="15200.00" id="inductionLoop.S2" nVehContrib="1" flow="36.00" occupancy="0.50" speed="13.42" harmonicMeanSpeed="13.42" length="5.00" nVehEntered="2"/>
    <interval begin="15200.00" end="15300.00" id="inductionLoop.S2" nVehContrib="4" flow="144.00" occupancy="2.67" speed="10.97" harmonicMeanSpeed="8.62" length="5.00" nVehEntered="5"/>
    <interval begin="15300.00" end="15400.00" id="inductionLoop.S2" nVehContrib="0" flow="0.00" occupancy="0.00" speed="-1.00" harmonicMeanSpeed="-1.00" length="-1.00" nVehEntered="0"/>
    <interval begin="15400.00" end="15500.00" id="inductionLoop.S2" nVehContrib="2" flow="72.00" occupancy="0.80" speed="12.54" harmonicMeanSpeed="12.54" length="5.00" nVehEntered="2"/>
    <interval begin="15500.00" end="15600.00" id="inductionLoop.S2" nVehContrib="4" flow="144.00" occupancy="2.57" speed="11.24" harmonicMeanSpeed="8.99" length="5.00" nVehEntered="5"/>
    <interval begin="15600.00" end="15700.00" id="inductionLoop.S2" nVehContrib="1" flow="36.00" occupancy="1.03" speed="4.87" harmonicMeanSpeed="4.87" length="5.00" nVehEntered="1"/>
    <interval begin="15700.00" end="15800.00" id="inductionLoop.S2" nVehContrib="0" flow="0.00" occupancy="0.00" speed="-1.00" harmonicMeanSpeed="-1.00" length="-1.00" nVehEntered="0"/>
    <interval begin="15800.00" end="15900.00" id="inductionLoop.S2" nVehContrib="0" flow="0.00" occupancy="0.00" speed="-1.00" harmonicMeanSpeed="-1.00" length="-1.00" nVehEntered="0"/>
    <interval begin="15900.00" end="16000.00" id="inductionLoop.S2" nVehContrib="2" flow="72.00" occupancy="1.66" speed="7.41" harmonicMeanSpeed="6.02" length="5.00" nVehEntered="2"/>
    <interval begin="16000.00" end="16100.00" id="inductionLoop.S2" nVehContrib="4" flow="144.00" occupancy="3.41" speed="8.44" harmonicMeanSpeed="6.48" length="5.00" nVehEntered="5"/>
    <interval begin="16100.00" end="16200.00" id="inductionLoop.S2" nVehContrib="3" flow="108.00" occupancy="1.27" speed="12.40" harmonicMeanSpeed="12.28" length="5.00" nVehEntered="4"/>
    <interval begin="16200.00" end="16300.00" id="inductionLoop.S2" nVehContrib="1" flow="36.00" occupancy="0.67" speed="11.33" harmonicMeanSpeed="11.33" length="5.00" nVehEntered="2"/>
    <interval begin="16300.00" end="16400.00" id="inductionLoop.S2" nVehContrib="0" flow="0.00" occupancy="0.00" speed="-1.00" harmonicMeanSpeed="-1.00" length="-1.00" nVehEntered="0"/>
    <interval begin="16400.00" end="16500.00" id="inductionLoop.S2" nVehContrib="0" flow="0.00" occupancy="0.00" speed="-1.00" harmonicMeanSpeed="-1.00" length="-1.00" nVehEntered="0"/>
    <interval begin="16500.00" end="16600.00" id="inductionLoop.S2" nVehContrib="3" flow="108.00" occupancy="2.91" speed="6.92" harmonicMeanSpeed="5.16" length="5.00" nVehEntered="3"/>
    <interval begin="16600.00" end="16700.00" id="inductionLoop.S2" nVehContrib="3" flow="108.00" occupancy="2.19" speed="9.60" harmonicMeanSpeed="6.84" length="5.00" nVehEntered="3"/>
    <interval begin="16700.00" end="16800.00" id="inductionLoop.S2" nVehContrib="7" flow="252.00" occupancy="4.00" speed="10.72" harmonicMeanSpeed="8.76" length="5.00" nVehEntered="7"/>
    <interval begin="16800.00" end="16900.00" id="inductionLoop.S2" nVehContrib="4" flow="144.00" occupancy="2.74" speed="8.93" harmonicMeanSpeed="7.29" length="5.00" nVehEntered="4"/>
    <interval begin="16900.00" end="17000.00" id="inductionLoop.S2" nVehContrib="1" flow="36.00" occupancy="0.80" speed="11.92" harmonicMeanSpeed="11.92" length="5.00" nVehEntered="2"/>
    <interval begin="17000.00" end="17100.00" id="inductionLoop.S2" nVehContrib="0" flow="0.00" occupancy="0.00" speed="-1.00" harmonicMeanSpeed="-1.00" length="-1.00" nVehEntered="0"/>
    <interval begin="17100.00" end="17200.00" id="inductionLoop.S2" nVehContrib="2" flow="72.00" occupancy="1.09" speed="12.90" harmonicMeanSpeed="12.89" length="5.00" nVehEntered="3"/>
    <interval begin="17200.00" end="17300.00" id="inductionLoop.S2" nVehContrib="1" flow="36.00" occupancy="0.35" speed="14.36" harmonicMeanSpeed="14.36" length="5.00" nVehEntered="1"/>
    <interval begin="17300.00" end="17400.00" id="inductionLoop.S2" nVehContrib="1" flow="36.00" occupancy="0.38" speed="13.08" harmonicMeanSpeed="13.08" length="5.00" nVehEntered="1"/>
    <interval begin="17400.00" end="17500.00" id="inductionLoop.S2" nVehContrib="3" flow="108.00" occupancy="1.15" speed="13.03" harmonicMeanSpeed="13.01" length="5.00" nVehEntered="3"/>
    <interval begin="17500.00" end="17600.00" id="inductionLoop.S2" nVehContrib="5" flow="180.00" occupancy="3.04" speed="11.15" harmonicMeanSpeed="9.14" length="5.00" nVehEntered="7"/>
    <interval begin="17600.00" end="17700.00" id="inductionLoop.S2" nVehContrib="3" flow="108.00" occupancy="1.44" speed="11.02" harmonicMeanSpeed="10.42" length="5.00" nVehEntered="3"/>
    <interval begin="17700.00" end="17800.00" id="inductionLoop.S2" nVehContrib="1" flow="36.00" occupancy="1.25" speed="3.99" harmonicMeanSpeed="3.99" length="5.00" nVehEntered="1"/>
    <interval begin="17800.00" end="17900.00" id="inductionLoop.S2" nVehContrib="1" flow="36.00" occupancy="1.09" speed="4.60" harmonicMeanSpeed="4.60" length="5.00" nVehEntered="1"/>
    <interval begin="17900.00" end="18000.00" id="inductionLoop.S2" nVehContrib="3" flow="108.00" occupancy="2.17" speed="9.71" harmonicMeanSpeed="6.90" length="5.00" nVehEntered="3"/>
    <interval begin="18000.00" end="18100.00" id="inductionLoop.S2" nVehContrib="1" flow="36.00" occupancy="1.48" speed="3.95" harmonicMeanSpeed="3.95" length="5.00" nVehEntered="2"/>
    <interval begin="18100.00" end="18200.00" id="inductionLoop.S2" nVehContrib="5" flow="180.00" occupancy="2.49" speed="10.58" harmonicMeanSpeed="10.05" length="5.00" nVehEntered="5"/>
    <interval begin="18200.00" end="18300.00" id="inductionLoop.S2" nVehContrib="3" flow="108.00" occupancy="1.43" speed="12.66" harmonicMeanSpeed="12.51" length="5.00" nVehEntered="4"/>
    <interval begin="18300.00" end="18400.00" id="inductionLoop.S2" nVehContrib="4" flow="144.00" occupancy="1.76" speed="11.40" harmonicMeanSpeed="11.38" length="5.00" nVehEntered="4"/>
    <interval begin="18400.00" end="18500.00" id="inductionLoop.S2" nVehContrib="3" flow="108.00" occupancy="2.40" speed="9.19" harmonicMeanSpeed="6.26" length="5.00" nVehEntered="3"/>
    <interval begin="18500.00" end="18600.00" id="inductionLoop.S2" nVehContrib="2" flow="72.00" occupancy="1.75" speed="8.06" harmonicMeanSpeed="5.71" length="5.00" nVehEntered="2"/>
    <interval begin="18600.00" end="18700.00" id="inductionLoop.S2" nVehContrib="5" flow="180.00" occupancy="4.36" speed="7.76" harmonicMeanSpeed="5.73" length="5.00" nVehEntered="5"/>
    <interval begin="18700.00" end="18800.00" id="inductionLoop.S2" nVehContrib="3" flow="108.00" occupancy="1.41" speed="11.04" harmonicMeanSpeed="10.62" length="5.00" nVehEntered="3"/>
    <interval begin="18800.00" end="18900.00" id="inductionLoop.S2" nVehContrib="3" flow="108.00" occupancy="2.74" speed="8.95" harmonicMeanSpeed="7.62" length="5.00" nVehEntered="4"/>
    <interval begin="18900.00" end="19000.00" id="inductionLoop.S2" nVehContrib="3" flow="108.00" occupancy="1.86" speed="10.22" harmonicMeanSpeed="8.08" length="5.00" nVehEntered="3"/>
    <interval begin="19000.00" end="19100.00" id="inductionLoop.S2" nVehContrib="5" flow="180.00" occupancy="2.63" speed="9.82" harmonicMeanSpeed="9.52" length="5.00" nVehEntered="5"/>
    <interval begin="19100.00" end="19200.00" id="inductionLoop.S2" nVehContrib="2" flow="72.00" occupancy="0.76" speed="13.28" harmonicMeanSpeed="13.11" length="5.00" nVehEntered="2"/>
    <interval begin="19200.00" end="19300.00" id="inductionLoop.S2" nVehContrib="1" flow="36.00" occupancy="0.57" speed="8.78" harmonicMeanSpeed="8.78" length="5.00" nVehEntered="1"/>
    <interval begin="19300.00" end="19400.00" id="inductionLoop.S2" nVehContrib="3" flow="108.00" occupancy="1.27" speed="11.92" harmonicMeanSpeed="11.82" length="5.00" nVehEntered="3"/>
    <interval begin="19400.00" end="19500.00" id="inductionLoop.S2" nVehContrib="4" flow="144.00" occupancy="2.47" speed="10.80" harmonicMeanSpeed="8.10" length="5.00" nVehEntered="4"/>
    <interval begin="19500.00" end="19600.00" id="inductionLoop.S2" nVehContrib="1" flow="36.00" occupancy="0.42" speed="12.05" harmonicMeanSpeed="12.05" length="5.00" nVehEntered="1"/>
    <interval begin="19600.00" end="19700.00" id="inductionLoop.S2" nVehContrib="7" flow="252.00" occupancy="9.32" speed="9.94" harmonicMeanSpeed="3.88" length="5.00" nVehEntered="8"/>
    <interval begin="19700.00" end="19800.00" id="inductionLoop.S2" nVehContrib="8" flow="288.00" occupancy="10.49" speed="5.77" harmonicMeanSpeed="3.87" length="5.00" nVehEntered="9"/>
    <interval begin="19800.00" end="19900.00" id="inductionLoop.S2" nVehContrib="5" flow="180.00" occupancy="3.75" speed="9.68" harmonicMeanSpeed="7.28" length="5.00" nVehEntered="6"/>
    <interval begin="19900.00" end="20000.00" id="inductionLoop.S2" nVehContrib="1" flow="36.00" occupancy="0.33" speed="15.21" harmonicMeanSpeed="15.21" length="5.00" nVehEntered="1"/>
    <interval begin="20000.00" end="20100.00" id="inductionLoop.S2" nVehContrib="3" flow="108.00" occupancy="1.17" speed="12.98" harmonicMeanSpeed="12.77" length="5.00" nVehEntered="3"/>
    <interval begin="20100.00" end="20200.00" id="inductionLoop.S2" nVehContrib="8" flow="288.00" occupancy="6.40" speed="9.86" harmonicMeanSpeed="7.05" length="5.00" nVehEntered="10"/>
    <interval begin="20200.00" end="20300.00" id="inductionLoop.S2" nVehContrib="8" flow="288.00" occupancy="5.93" speed="8.30" harmonicMeanSpeed="7.07" length="5.00" nVehEntered="9"/>
    <interval begin="20300.00" end="20400.00" id="inductionLoop.S2" nVehContrib="4" flow="144.00" occupancy="2.29" speed="10.43" harmonicMeanSpeed="10.05" length="5.00" nVehEntered="5"/>
    <interval begin="20400.00" end="20500.00" id="inductionLoop.S2" nVehContrib="7" flow="252.00" occupancy="3.52" speed="10.32" harmonicMeanSpeed="9.93" length="5.00" nVehEntered="7"/>
    <interval begin="20500.00" end="20600.00" id="inductionLoop.S2" nVehContrib="6" flow="216.00" occupancy="3.47" speed="10.40" harmonicMeanSpeed="9.64" length="5.00" nVehEntered="7"/>
    <interval begin="20600.00" end="20700.00" id="inductionLoop.S2" nVehContrib="4" flow="144.00" occupancy="1.65" speed="12.28" harmonicMeanSpeed="12.13" length="5.00" nVehEntered="4"/>
    <interval begin="20700.00" end="20800.00" id="inductionLoop.S2" nVehContrib="6" flow="216.00" occupancy="4.35" speed="9.63" harmonicMeanSpeed="7.89" length="5.00" nVehEntered="8"/>
    <interval begin="20800.00" end="20900.00" id="inductionLoop.S2" nVehContrib="8" flow="288.00" occupancy="42.62" speed="4.74" harmonicMeanSpeed="0.94" length="5.00" nVehEntered="9"/>
    <interval begin="20900.00" end="21000.00" id="inductionLoop.S2" nVehContrib="4" flow="144.00" occupancy="2.46" speed="9.79" harmonicMeanSpeed="8.15" length="5.00" nVehEntered="4"/>
    <interval begin="21000.00" end="21100.00" id="inductionLoop.S2" nVehContrib="8" flow="288.00" occupancy="10.16" speed="5.74" harmonicMeanSpeed="4.03" length="5.00" nVehEntered="9"/>
    <interval begin="21100.00" end="21200.00" id="inductionLoop.S2" nVehContrib="7" flow="252.00" occupancy="3.72" speed="9.77" harmonicMeanSpeed="9.40" length="5.00" nVehEntered="7"/>
    <interval begin="21200.00" end="21300.00" id="inductionLoop.S2" nVehContrib="5" flow="180.00" occupancy="13.71" speed="11.03" harmonicMeanSpeed="10.63" length="5.00" nVehEntered="9"/>
    <interval begin="21300.00" end="21400.00" id="inductionLoop.S2" nVehContrib="8" flow="288.00" occupancy="7.59" speed="10.41" harmonicMeanSpeed="2.27" length="5.00" nVehEntered="8"/>
    <interval begin="21400.00" end="21500.00" id="inductionLoop.S2" nVehContrib="8" flow="288.00" occupancy="6.42" speed="8.60" harmonicMeanSpeed="6.97" length="5.00" nVehEntered="9"/>
    <interval begin="21500.00" end="21600.00" id="inductionLoop.S2" nVehContrib="8" flow="288.00" occupancy="11.58" speed="7.47" harmonicMeanSpeed="3.93" length="5.00" nVehEntered="10"/>
    <interval begin="21600.00" end="21700.00" id="inductionLoop.S2" nVehContrib="6" flow="216.00" occupancy="32.80" speed="9.06" harmonicMeanSpeed="0.94" length="5.00" nVehEntered="9"/>
    <interval begin="21700.00" end="21800.00" id="inductionLoop.S2" nVehContrib="11" flow="396.00" occupancy="8.03" speed="9.35" harmonicMeanSpeed="6.48" length="5.00" nVehEntered="10"/>
    <interval begin="21800.00" end="21900.00" id="inductionLoop.S2" nVehContrib="12" flow="432.00" occupancy="10.87" speed="8.51" harmonicMeanSpeed="5.96" length="5.00" nVehEntered="13"/>
    <interval begin="21900.00" end="22000.00" id="inductionLoop.S2" nVehContrib="7" flow="252.00" occupancy="31.55" speed="7.60" harmonicMeanSpeed="1.18" length="5.00" nVehEntered="9"/>
    <interval begin="22000.00" end="22100.00" id="inductionLoop.S2" nVehContrib="8" flow="288.00" occupancy="59.42" speed="2.33" harmonicMeanSpeed="0.76" length="5.00" nVehEntered="9"/>
    <interval begin="22100.00" end="22200.00" id="inductionLoop.S2" nVehContrib="9" flow="324.00" occupancy="40.58" speed="7.88" harmonicMeanSpeed="1.00" length="5.00" nVehEntered="11"/>
    <interval begin="22200.00" end="22300.00" id="inductionLoop.S2" nVehContrib="7" flow="252.00" occupancy="40.09" speed="4.21" harmonicMeanSpeed="0.88" length="5.00" nVehEntered="7"/>
    <interval begin="22300.00" end="22400.00" id="inductionLoop.S2" nVehContrib="5" flow="180.00" occupancy="3.07" speed="10.71" harmonicMeanSpeed="10.06" length="5.00" nVehEntered="7"/>
    <interval begin="22400.00" end="22500.00" id="inductionLoop.S2" nVehContrib="8" flow="288.00" occupancy="10.94" speed="10.22" harmonicMeanSpeed="3.80" length="5.00" nVehEntered="9"/>
    <interval begin="22500.00" end="22600.00" id="inductionLoop.S2" nVehContrib="8" flow="288.00" occupancy="4.67" speed="9.87" harmonicMeanSpeed="8.18" length="5.00" nVehEntered="8"/>
    <interval begin="22600.00" end="22700.00" id="inductionLoop.S2" nVehContrib="5" flow="180.00" occupancy="4.43" speed="9.59" harmonicMeanSpeed="7.11" length="5.00" nVehEntered="6"/>
    <interval begin="22700.00" end="22800.00" id="inductionLoop.S2" nVehContrib="13" flow="468.00" occupancy="16.45" speed="7.60" harmonicMeanSpeed="3.99" length="5.00" nVehEntered="14"/>
    <interval begin="22800.00" end="22900.00" id="inductionLoop.S2" nVehContrib="4" flow="144.00" occupancy="25.70" speed="4.92" harmonicMeanSpeed="0.80" length="5.00" nVehEntered="6"/>
    <interval begin="22900.00" end="23000.00" id="inductionLoop.S2" nVehContrib="7" flow="252.00" occupancy="12.01" speed="5.57" harmonicMeanSpeed="3.01" length="5.00" nVehEntered="9"/>
    <interval begin="23000.00" end="23100.00" id="inductionLoop.S2" nVehContrib="10" flow="360.00" occupancy="38.84" speed="6.97" harmonicMeanSpeed="1.30" length="5.00" nVehEntered="12"/>
    <interval begin="23100.00" end="23200.00" id="inductionLoop.S2" nVehContrib="11" flow="396.00" occupancy="8.50" speed="7.95" harmonicMeanSpeed="6.47" length="5.00" nVehEntered="11"/>
    <interval begin="23200.00" end="23300.00" id="inductionLoop.S2" nVehContrib="5" flow="180.00" occupancy="2.12" speed="12.10" harmonicMeanSpeed="11.82" length="5.00" nVehEntered="5"/>
    <interval begin="23300.00" end="23400.00" id="inductionLoop.S2" nVehContrib="7" flow="252.00" occupancy="3.65" speed="10.69" harmonicMeanSpeed="9.60" length="5.00" nVehEntered="7"/>
    <interval begin="23400.00" end="23500.00" id="inductionLoop.S2" nVehContrib="8" flow="288.00" occupancy="40.19" speed="5.58" harmonicMeanSpeed="1.00" length="5.00" nVehEntered="8"/>
    <interval begin="23500.00" end="23600.00" id="inductionLoop.S2" nVehContrib="5" flow="180.00" occupancy="10.86" speed="2.85" harmonicMeanSpeed="2.30" length="5.00" nVehEntered="5"/>
    <interval begin="23600.00" end="23700.00" id="inductionLoop.S2" nVehContrib="6" flow="216.00" occupancy="7.98" speed="4.85" harmonicMeanSpeed="4.11" length="5.00" nVehEntered="7"/>
    <interval begin="23700.00" end="23800.00" id="inductionLoop.S2" nVehContrib="9" flow="324.00" occupancy="11.43" speed="5.07" harmonicMeanSpeed="3.89" length="5.00" nVehEntered="9"/>
    <interval begin="23800.00" end="23900.00" id="inductionLoop.S2" nVehContrib="12" flow="432.00" occupancy="5.29" speed="11.82" harmonicMeanSpeed="11.34" length="5.00" nVehEntered="12"/>
    <interval begin="23900.00" end="24000.00" id="inductionLoop.S2" nVehContrib="11" flow="396.00" occupancy="7.95" speed="9.44" harmonicMeanSpeed="6.92" length="5.00" nVehEntered="11"/>
    <interval begin="24000.00" end="24100.00" id="inductionLoop.S2" nVehContrib="8" flow="288.00" occupancy="3.83" speed="10.95" harmonicMeanSpeed="10.61" length="5.00" nVehEntered="9"/>
    <interval begin="24100.00" end="24200.00" id="inductionLoop.S2" nVehContrib="9" flow="324.00" occupancy="11.09" speed="6.82" harmonicMeanSpeed="4.09" length="5.00" nVehEntered="10"/>
    <interval begin="24200.00" end="24300.00" id="inductionLoop.S2" nVehContrib="9" flow="324.00" occupancy="14.84" speed="4.36" harmonicMeanSpeed="3.08" length="5.00" nVehEntered="10"/>
    <interval begin="24300.00" end="24400.00" id="inductionLoop.S2" nVehContrib="7" flow="252.00" occupancy="8.88" speed="7.26" harmonicMeanSpeed="4.26" length="5.00" nVehEntered="8"/>
    <interval begin="24400.00" end="24500.00" id="inductionLoop.S2" nVehContrib="7" flow="252.00" occupancy="7.98" speed="8.01" harmonicMeanSpeed="5.14" length="5.00" nVehEntered="9"/>
    <interval begin="24500.00" end="24600.00" id="inductionLoop.S2" nVehContrib="6" flow="216.00" occupancy="7.65" speed="6.25" harmonicMeanSpeed="3.92" length="5.00" nVehEntered="6"/>
    <interval begin="24600.00" end="24700.00" id="inductionLoop.S2" nVehContrib="5" flow="180.00" occupancy="6.77" speed="6.75" harmonicMeanSpeed="4.69" length="5.00" nVehEntered="7"/>
    <interval begin="24700.00" end="24800.00" id="inductionLoop.S2" nVehContrib="5" flow="180.00" occupancy="27.60" speed="4.89" harmonicMeanSpeed="1.01" length="5.00" nVehEntered="7"/>
    <interval begin="24800.00" end="24900.00" id="inductionLoop.S2" nVehContrib="13" flow="468.00" occupancy="22.94" speed="7.67" harmonicMeanSpeed="2.65" length="5.00" nVehEntered="13"/>
    <interval begin="24900.00" end="25000.00" id="inductionLoop.S2" nVehContrib="8" flow="288.00" occupancy="45.70" speed="8.50" harmonicMeanSpeed="0.89" length="5.00" nVehEntered="11"/>
    <interval begin="25000.00" end="25100.00" id="inductionLoop.S2" nVehContrib="6" flow="216.00" occupancy="11.26" speed="7.40" harmonicMeanSpeed="2.94" length="5.00" nVehEntered="7"/>
    <interval begin="25100.00" end="25200.00" id="inductionLoop.S2" nVehContrib="10" flow="360.00" occupancy="20.82" speed="8.08" harmonicMeanSpeed="3.18" length="5.00" nVehEntered="11"/>
    <interval begin="25200.00" end="25300.00" id="inductionLoop.S2" nVehContrib="6" flow="216.00" occupancy="2.79" speed="11.19" harmonicMeanSpeed="10.75" length="5.00" nVehEntered="6"/>
    <interval begin="25300.00" end="25400.00" id="inductionLoop.S2" nVehContrib="6" flow="216.00" occupancy="28.66" speed="9.19" harmonicMeanSpeed="8.13" length="5.00" nVehEntered="10"/>
    <interval begin="25400.00" end="25500.00" id="inductionLoop.S2" nVehContrib="9" flow="324.00" occupancy="20.71" speed="5.33" harmonicMeanSpeed="1.04" length="5.00" nVehEntered="10"/>
    <interval begin="25500.00" end="25600.00" id="inductionLoop.S2" nVehContrib="10" flow="360.00" occupancy="21.91" speed="5.50" harmonicMeanSpeed="2.40" length="5.00" nVehEntered="12"/>
    <interval begin="25600.00" end="25700.00" id="inductionLoop.S2" nVehContrib="11" flow="396.00" occupancy="17.78" speed="7.79" harmonicMeanSpeed="3.23" length="5.00" nVehEntered="12"/>
    <interval begin="25700.00" end="25800.00" id="inductionLoop.S2" nVehContrib="8" flow="288.00" occupancy="37.98" speed="4.52" harmonicMeanSpeed="1.71" length="5.00" nVehEntered="9"/>
    <interval begin="25800.00" end="25900.00" id="inductionLoop.S2" nVehContrib="11" flow="396.00" occupancy="64.93" speed="4.35" harmonicMeanSpeed="0.69" length="5.00" nVehEntered="10"/>
    <interval begin="25900.00" end="26000.00" id="inductionLoop.S2" nVehContrib="7" flow="252.00" occupancy="39.03" speed="5.92" harmonicMeanSpeed="0.90" length="5.00" nVehEntered="7"/>
    <interval begin="26000.00" end="26100.00" id="inductionLoop.S2" nVehContrib="6" flow="216.00" occupancy="2.70" speed="11.78" harmonicMeanSpeed="11.54" length="5.00" nVehEntered="7"/>
    <interval begin="26100.00" end="26200.00" id="inductionLoop.S2" nVehContrib="7" flow="252.00" occupancy="26.13" speed="7.06" harmonicMeanSpeed="1.34" length="5.00" nVehEntered="7"/>
    <interval begin="26200.00" end="26300.00" id="inductionLoop.S2" nVehContrib="7" flow="252.00" occupancy="2.90" speed="12.40" harmonicMeanSpeed="12.06" length="5.00" nVehEntered="7"/>
    <interval begin="26300.00" end="26400.00" id="inductionLoop.S2" nVehContrib="8" flow="288.00" occupancy="11.05" speed="8.83" harmonicMeanSpeed="3.62" length="5.00" nVehEntered="8"/>
    <interval begin="26400.00" end="26500.00" id="inductionLoop.S2" nVehContrib="7" flow="252.00" occupancy="29.76" speed="8.21" harmonicMeanSpeed="1.19" length="5.00" nVehEntered="9"/>
    <interval begin="26500.00" end="26600.00" id="inductionLoop.S2" nVehContrib="11" flow="396.00" occupancy="4.89" speed="11.45" harmonicMeanSpeed="11.26" length="5.00" nVehEntered="11"/>
    <interval begin="26600.00" end="26700.00" id="inductionLoop.S2" nVehContrib="9" flow="324.00" occupancy="12.32" speed="5.29" harmonicMeanSpeed="3.65" length="5.00" nVehEntered="9"/>
    <interval begin="26700.00" end="26800.00" id="inductionLoop.S2" nVehContrib="8" flow="288.00" occupancy="4.13" speed="10.84" harmonicMeanSpeed="10.32" length="5.00" nVehEntered="10"/>
    <interval begin="26800.00" end="26900.00" id="inductionLoop.S2" nVehContrib="6" flow="216.00" occupancy="3.83" speed="9.97" harmonicMeanSpeed="7.84" length="5.00" nVehEntered="6"/>
    <interval begin="26900.00" end="27000.00" id="inductionLoop.S2" nVehContrib="0" flow="0.00" occupancy="0.37" speed="-1.00" harmonicMeanSpeed="-1.00" length="-1.00" nVehEntered="1"/>
    <interval begin="27000.00" end="27100.00" id="inductionLoop.S2" nVehContrib="5" flow="180.00" occupancy="2.61" speed="9.73" harmonicMeanSpeed="9.58" length="5.00" nVehEntered="5"/>
    <interval begin="27100.00" end="27200.00" id="inductionLoop.S2" nVehContrib="3" flow="108.00" occupancy="1.18" speed="12.75" harmonicMeanSpeed="12.71" length="5.00" nVehEntered="3"/>
    <interval begin="27200.00" end="27300.00" id="inductionLoop.S2" nVehContrib="3" flow="108.00" occupancy="2.00" speed="10.32" harmonicMeanSpeed="7.49" length="5.00" nVehEntered="3"/>
    <interval begin="27300.00" end="27400.00" id="inductionLoop.S2" nVehContrib="9" flow="324.00" occupancy="8.96" speed="6.55" harmonicMeanSpeed="5.11" length="5.00" nVehEntered="10"/>
    <interval begin="27400.00" end="27500.00" id="inductionLoop.S2" nVehContrib="7" flow="252.00" occupancy="13.48" speed="5.95" harmonicMeanSpeed="2.64" length="5.00" nVehEntered="9"/>
    <interval begin="27500.00" end="27600.00" id="inductionLoop.S2" nVehContrib="7" flow="252.00" occupancy="12.92" speed="3.92" harmonicMeanSpeed="2.71" length="5.00" nVehEntered="7"/>
    <interval begin="27600.00" end="27700.00" id="inductionLoop.S2" nVehContrib="8" flow="288.00" occupancy="15.65" speed="4.57" harmonicMeanSpeed="2.56" length="5.00" nVehEntered="8"/>
    <interval begin="27700.00" end="27800.00" id="inductionLoop.S2" nVehContrib="11" flow="396.00" occupancy="10.61" speed="7.75" harmonicMeanSpeed="5.18" length="5.00" nVehEntered="11"/>
    <interval begin="27800.00" end="27900.00" id="inductionLoop.S2" nVehContrib="11" flow="396.00" occupancy="26.17" speed="6.97" harmonicMeanSpeed="2.29" length="5.00" nVehEntered="12"/>
    <interval begin="27900.00" end="28000.00" id="inductionLoop.S2" nVehContrib="9" flow="324.00" occupancy="12.23" speed="4.65" harmonicMeanSpeed="3.68" length="5.00" nVehEntered="9"/>
    <interval begin="28000.00" end="28100.00" id="inductionLoop.S2" nVehContrib="13" flow="468.00" occupancy="16.28" speed="6.47" harmonicMeanSpeed="4.02" length="5.00" nVehEntered="14"/>
    <interval begin="28100.00" end="28200.00" id="inductionLoop.S2" nVehContrib="5" flow="180.00" occupancy="6.67" speed="6.89" harmonicMeanSpeed="3.75" length="5.00" nVehEntered="5"/>
    <interval begin="28200.00" end="28300.00" id="inductionLoop.S2" nVehContrib="4" flow="144.00" occupancy="71.51" speed="7.80" harmonicMeanSpeed="6.48" length="5.00" nVehEntered="5"/>
    <interval begin="28300.00" end="28400.00" id="inductionLoop.S2" nVehContrib="14" flow="504.00" occupancy="13.18" speed="8.48" harmonicMeanSpeed="5.31" length="5.00" nVehEntered="14"/>
    <interval begin="28400.00" end="28500.00" id="inductionLoop.S2" nVehContrib="13" flow="468.00" occupancy="14.81" speed="7.37" harmonicMeanSpeed="4.39" length="5.00" nVehEntered="13"/>
    <interval begin="28500.00" end="28600.00" id="inductionLoop.S2" nVehContrib="9" flow="324.00" occupancy="52.17" speed="4.12" harmonicMeanSpeed="0.86" length="5.00" nVehEntered="10"/>
    <interval begin="28600.00" end="28700.00" id="inductionLoop.S2" nVehContrib="9" flow="324.00" occupancy="44.38" speed="7.85" harmonicMeanSpeed="1.01" length="5.00" nVehEntered="9"/>
    <interval begin="28700.00" end="28800.00" id="inductionLoop.S2" nVehContrib="10" flow="360.00" occupancy="31.74" speed="7.25" harmonicMeanSpeed="1.58" length="5.00" nVehEntered="10"/>
    <interval begin="28800.00" end="28900.00" id="inductionLoop.S2" nVehContrib="7" flow="252.00" occupancy="35.20" speed="6.72" harmonicMeanSpeed="0.99" length="5.00" nVehEntered="7"/>
    <interval begin="28900.00" end="29000.00" id="inductionLoop.S2" nVehContrib="12" flow="432.00" occupancy="30.81" speed="7.79" harmonicMeanSpeed="1.95" length="5.00" nVehEntered="12"/>
    <interval begin="29000.00" end="29100.00" id="inductionLoop.S2" nVehContrib="5" flow="180.00" occupancy="17.77" speed="3.95" harmonicMeanSpeed="3.46" length="5.00" nVehEntered="7"/>
    <interval begin="29100.00" end="29200.00" id="inductionLoop.S2" nVehContrib="9" flow="324.00" occupancy="46.50" speed="6.09" harmonicMeanSpeed="0.80" length="5.00" nVehEntered="8"/>
    <interval begin="29200.00" end="29300.00" id="inductionLoop.S2" nVehContrib="7" flow="252.00" occupancy="3.08" speed="11.55" harmonicMeanSpeed="11.35" length="5.00" nVehEntered="7"/>
    <interval begin="29300.00" end="29400.00" id="inductionLoop.S2" nVehContrib="8" flow="288.00" occupancy="13.23" speed="7.09" harmonicMeanSpeed="3.02" length="5.00" nVehEntered="8"/>
    <interval begin="29400.00" end="29500.00" id="inductionLoop.S2" nVehContrib="6" flow="216.00" occupancy="17.44" speed="9.18" harmonicMeanSpeed="1.72" length="5.00" nVehEntered="6"/>
    <interval begin="29500.00" end="29600.00" id="inductionLoop.S2" nVehContrib="7" flow="252.00" occupancy="4.73" speed="9.86" harmonicMeanSpeed="8.04" length="5.00" nVehEntered="8"/>
    <interval begin="29600.00" end="29700.00" id="inductionLoop.S2" nVehContrib="2" flow="72.00" occupancy="0.95" speed="12.79" harmonicMeanSpeed="12.67" length="5.00" nVehEntered="3"/>
    <interval begin="29700.00" end="29800.00" id="inductionLoop.S2" nVehContrib="5" flow="180.00" occupancy="3.46" speed="10.10" harmonicMeanSpeed="8.56" length="5.00" nVehEntered="6"/>
    <interval begin="29800.00" end="29900.00" id="inductionLoop.S2" nVehContrib="5" flow="180.00" occupancy="5.16" speed="6.57" harmonicMeanSpeed="4.84" length="5.00" nVehEntered="5"/>
    <interval begin="29900.00" end="30000.00" id="inductionLoop.S2" nVehContrib="2" flow="72.00" occupancy="0.84" speed="11.90" harmonicMeanSpeed="11.84" length="5.00" nVehEntered="2"/>
    <interval begin="30000.00" end="30100.00" id="inductionLoop.S2" nVehContrib="3" flow="108.00" occupancy="3.66" speed="4.11" harmonicMeanSpeed="4.10" length="5.00" nVehEntered="3"/>
    <interval begin="30100.00" end="30200.00" id="inductionLoop.S2" nVehContrib="1" flow="36.00" occupancy="0.38" speed="13.04" harmonicMeanSpeed="13.04" length="5.00" nVehEntered="1"/>
    <interval begin="30200.00" end="30300.00" id="inductionLoop.S2" nVehContrib="6" flow="216.00" occupancy="4.41" speed="9.40" harmonicMeanSpeed="6.80" length="5.00" nVehEntered="6"/>
    <interval begin="30300.00" end="30400.00" id="inductionLoop.S2" nVehContrib="0" flow="0.00" occupancy="0.29" speed="-1.00" harmonicMeanSpeed="-1.00" length="-1.00" nVehEntered="1"/>
    <interval begin="30400.00" end="30500.00" id="inductionLoop.S2" nVehContrib="0" flow="0.00" occupancy="0.00" speed="-1.00" harmonicMeanSpeed="-1.00" length="-1.00" nVehEntered="0"/>
    <interval begin="30500.00" end="30600.00" id="inductionLoop.S2" nVehContrib="3" flow="108.00" occupancy="2.95" speed="7.00" harmonicMeanSpeed="5.08" length="5.00" nVehEntered="3"/>
    <interval begin="30600.00" end="30700.00" id="inductionLoop.S2" nVehContrib="2" flow="72.00" occupancy="2.05" speed="8.33" harmonicMeanSpeed="4.87" length="5.00" nVehEntered="2"/>
    <interval begin="30700.00" end="30800.00" id="inductionLoop.S2" nVehContrib="0" flow="0.00" occupancy="0.00" speed="-1.00" harmonicMeanSpeed="-1.00" length="-1.00" nVehEntered="0"/>
    <interval begin="30800.00" end="30900.00" id="inductionLoop.S2" nVehContrib="0" flow="0.00" occupancy="0.00" speed="-1.00" harmonicMeanSpeed="-1.00" length="-1.00" nVehEntered="0"/>
    <interval begin="30900.00" end="31000.00" id="inductionLoop.S2" nVehContrib="0" flow="0.00" occupancy="0.00" speed="-1.00" harmonicMeanSpeed="-1.00" length="-1.00" nVehEntered="0"/>
    <interval begin="31000.00" end="31100.00" id="inductionLoop.S2" nVehContrib="3" flow="108.00" occupancy="1.97" speed="10.97" harmonicMeanSpeed="7.62" length="5.00" nVehEntered="3"/>
    <interval begin="31100.00" end="31200.00" id="inductionLoop.S2" nVehContrib="0" flow="0.00" occupancy="0.27" speed="-1.00" harmonicMeanSpeed="-1.00" length="-1.00" nVehEntered="2"/>
    <interval begin="31200.00" end="31300.00" id="inductionLoop.S2" nVehContrib="1" flow="36.00" occupancy="0.35" speed="14.27" harmonicMeanSpeed="14.27" length="5.00" nVehEntered="1"/>
    <interval begin="31300.00" end="31400.00" id="inductionLoop.S2" nVehContrib="9" flow="324.00" occupancy="6.57" speed="9.06" harmonicMeanSpeed="6.85" length="5.00" nVehEntered="9"/>
    <interval begin="31400.00" end="31500.00" id="inductionLoop.S2" nVehContrib="8" flow="288.00" occupancy="4.93" speed="10.47" harmonicMeanSpeed="8.75" length="5.00" nVehEntered="9"/>
    <interval begin="31500.00" end="31600.00" id="inductionLoop.S2" nVehContrib="4" flow="144.00" occupancy="2.03" speed="11.47" harmonicMeanSpeed="11.06" length="5.00" nVehEntered="5"/>
    <interval begin="31600.00" end="31700.00" id="inductionLoop.S2" nVehContrib="3" flow="108.00" occupancy="1.79" speed="11.03" harmonicMeanSpeed="8.37" length="5.00" nVehEntered="3"/>
    <interval begin="31700.00" end="31800.00" id="inductionLoop.S2" nVehContrib="4" flow="144.00" occupancy="2.42" speed="10.89" harmonicMeanSpeed="8.27" length="5.00" nVehEntered="4"/>
    <interval begin="31800.00" end="31900.00" id="inductionLoop.S2" nVehContrib="1" flow="36.00" occupancy="0.60" speed="13.20" harmonicMeanSpeed="13.20" length="5.00" nVehEntered="2"/>
    <interval begin="31900.00" end="32000.00" id="inductionLoop.S2" nVehContrib="1" flow="36.00" occupancy="0.45" speed="12.39" harmonicMeanSpeed="12.39" length="5.00" nVehEntered="2"/>
    <interval begin="32000.00" end="32100.00" id="inductionLoop.S2" nVehContrib="1" flow="36.00" occupancy="0.38" speed="13.06" harmonicMeanSpeed="13.06" length="5.00" nVehEntered="1"/>
    <interval begin="32100.00" end="32200.00" id="inductionLoop.S2" nVehContrib="2" flow="72.00" occupancy="1.76" speed="8.85" harmonicMeanSpeed="6.28" length="5.00" nVehEntered="3"/>
    <interval begin="32200.00" end="32300.00" id="inductionLoop.S2" nVehContrib="2" flow="72.00" occupancy="0.69" speed="14.42" harmonicMeanSpeed="14.41" length="5.00" nVehEntered="2"/>
    <interval begin="32300.00" end="32400.00" id="inductionLoop.S2" nVehContrib="0" flow="0.00" occupancy="0.00" speed="-1.00" harmonicMeanSpeed="-1.00" length="-1.00" nVehEntered="0"/>
    <interval begin="32400.00" end="32500.00" id="inductionLoop.S2" nVehContrib="2" flow="72.00" occupancy="2.06" speed="8.34" harmonicMeanSpeed="5.85" length="5.00" nVehEntered="3"/>
    <interval begin="32500.00" end="32600.00" id="inductionLoop.S2" nVehContrib="7" flow="252.00" occupancy="27.00" speed="4.37" harmonicMeanSpeed="1.32" length="5.00" nVehEntered="10"/>
    <interval begin="32600.00" end="32700.00" id="inductionLoop.S2" nVehContrib="10" flow="360.00" occupancy="23.23" speed="8.05" harmonicMeanSpeed="6.11" length="5.00" nVehEntered="12"/>
    <interval begin="32700.00" end="32800.00" id="inductionLoop.S2" nVehContrib="6" flow="216.00" occupancy="33.39" speed="6.72" harmonicMeanSpeed="0.63" length="5.00" nVehEntered="5"/>
    <interval begin="32800.00" end="32900.00" id="inductionLoop.S2" nVehContrib="0" flow="0.00" occupancy="0.00" speed="-1.00" harmonicMeanSpeed="-1.00" length="-1.00" nVehEntered="0"/>
    <interval begin="32900.00" end="33000.00" id="inductionLoop.S2" nVehContrib="0" flow="0.00" occupancy="0.00" speed="-1.00" harmonicMeanSpeed="-1.00" length="-1.00" nVehEntered="0"/>
    <interval begin="33000.00" end="33100.00" id="inductionLoop.S2" nVehContrib="4" flow="144.00" occupancy="3.06" speed="8.04" harmonicMeanSpeed="6.56" length="5.00" nVehEntered="5"/>
    <interval begin="33100.00" end="33200.00" id="inductionLoop.S2" nVehContrib="5" flow="180.00" occupancy="4.66" speed="9.04" harmonicMeanSpeed="6.56" length="5.00" nVehEntered="7"/>
    <interval begin="33200.00" end="33300.00" id="inductionLoop.S2" nVehContrib="10" flow="360.00" occupancy="31.07" speed="5.77" harmonicMeanSpeed="1.62" length="5.00" nVehEntered="11"/>
    <interval begin="33300.00" end="33400.00" id="inductionLoop.S2" nVehContrib="8" flow="288.00" occupancy="3.76" speed="11.04" harmonicMeanSpeed="10.76" length="5.00" nVehEntered="9"/>
    <interval begin="33400.00" end="33500.00" id="inductionLoop.S2" nVehContrib="10" flow="360.00" occupancy="24.54" speed="8.81" harmonicMeanSpeed="2.50" length="5.00" nVehEntered="12"/>
    <interval begin="33500.00" end="33600.00" id="inductionLoop.S2" nVehContrib="8" flow="288.00" occupancy="15.55" speed="8.91" harmonicMeanSpeed="2.08" length="5.00" nVehEntered="8"/>
    <interval begin="33600.00" end="33700.00" id="inductionLoop.S2" nVehContrib="9" flow="324.00" occupancy="7.51" speed="9.91" harmonicMeanSpeed="5.99" length="5.00" nVehEntered="9"/>
    <interval begin="33700.00" end="33800.00" id="inductionLoop.S2" nVehContrib="2" flow="72.00" occupancy="1.07" speed="13.99" harmonicMeanSpeed="13.99" length="5.00" nVehEntered="4"/>
    <interval begin="33800.00" end="33900.00" id="inductionLoop.S2" nVehContrib="2" flow="72.00" occupancy="2.69" speed="3.71" harmonicMeanSpeed="3.71" length="5.00" nVehEntered="2"/>
    <interval begin="33900.00" end="34000.00" id="inductionLoop.S2" nVehContrib="2" flow="72.00" occupancy="1.67" speed="8.92" harmonicMeanSpeed="6.86" length="5.00" nVehEntered="3"/>
    <interval begin="34000.00" end="34100.00" id="inductionLoop.S2" nVehContrib="4" flow="144.00" occupancy="1.66" speed="12.24" harmonicMeanSpeed="12.05" length="5.00" nVehEntered="4"/>
    <interval begin="34100.00" end="34200.00" id="inductionLoop.S2" nVehContrib="3" flow="108.00" occupancy="1.24" speed="12.41" harmonicMeanSpeed="12.08" length="5.00" nVehEntered="3"/>
    <interval begin="34200.00" end="34300.00" id="inductionLoop.S2" nVehContrib="6" flow="216.00" occupancy="4.96" speed="8.31" harmonicMeanSpeed="6.04" length="5.00" nVehEntered="6"/>
    <interval begin="34300.00" end="34400.00" id="inductionLoop.S2" nVehContrib="4" flow="144.00" occupancy="2.60" speed="10.93" harmonicMeanSpeed="8.75" length="5.00" nVehEntered="5"/>
    <interval begin="34400.00" end="34500.00" id="inductionLoop.S2" nVehContrib="7" flow="252.00" occupancy="13.50" speed="9.16" harmonicMeanSpeed="2.65" length="5.00" nVehEntered="9"/>
    <interval begin="34500.00" end="34600.00" id="inductionLoop.S2" nVehContrib="6" flow="216.00" occupancy="7.84" speed="9.00" harmonicMeanSpeed="7.58" length="5.00" nVehEntered="8"/>
    <interval begin="34600.00" end="34700.00" id="inductionLoop.S2" nVehContrib="8" flow="288.00" occupancy="11.30" speed="7.64" harmonicMeanSpeed="2.66" length="5.00" nVehEntered="7"/>
    <interval begin="34700.00" end="34800.00" id="inductionLoop.S2" nVehContrib="6" flow="216.00" occupancy="2.71" speed="11.51" harmonicMeanSpeed="11.09" length="5.00" nVehEntered="6"/>
    <interval begin="34800.00" end="34900.00" id="inductionLoop.S2" nVehContrib="5" flow="180.00" occupancy="18.32" speed="7.93" harmonicMeanSpeed="4.93" length="5.00" nVehEntered="8"/>
    <interval begin="34900.00" end="35000.00" id="inductionLoop.S2" nVehContrib="8" flow="288.00" occupancy="20.96" speed="2.79" harmonicMeanSpeed="1.20" length="5.00" nVehEntered="7"/>
    <interval begin="35000.00" end="35100.00" id="inductionLoop.S2" nVehContrib="7" flow="252.00" occupancy="7.96" speed="8.72" harmonicMeanSpeed="5.03" length="5.00" nVehEntered="8"/>
    <interval begin="35100.00" end="35200.00" id="inductionLoop.S2" nVehContrib="8" flow="288.00" occupancy="29.01" speed="7.23" harmonicMeanSpeed="1.43" length="5.00" nVehEntered="10"/>
    <interval begin="35200.00" end="35300.00" id="inductionLoop.S2" nVehContrib="7" flow="252.00" occupancy="7.69" speed="6.91" harmonicMeanSpeed="4.68" length="5.00" nVehEntered="8"/>
    <interval begin="35300.00" end="35400.00" id="inductionLoop.S2" nVehContrib="8" flow="288.00" occupancy="4.25" speed="10.51" harmonicMeanSpeed="9.40" length="5.00" nVehEntered="8"/>
    <interval begin="35400.00" end="35500.00" id="inductionLoop.S2" nVehContrib="6" flow="216.00" occupancy="5.89" speed="8.15" harmonicMeanSpeed="5.10" length="5.00" nVehEntered="6"/>
    <interval begin="35500.00" end="35600.00" id="inductionLoop.S2" nVehContrib="3" flow="108.00" occupancy="1.28" speed="11.81" harmonicMeanSpeed="11.71" length="5.00" nVehEntered="3"/>
    <interval begin="35600.00" end="35700.00" id="inductionLoop.S2" nVehContrib="0" flow="0.00" occupancy="0.00" speed="-1.00" harmonicMeanSpeed="-1.00" length="-1.00" nVehEntered="0"/>
    <interval begin="35700.00" end="35800.00" id="inductionLoop.S2" nVehContrib="4" flow="144.00" occupancy="1.93" speed="11.18" harmonicMeanSpeed="10.34" length="5.00" nVehEntered="4"/>
    <interval begin="35800.00" end="35900.00" id="inductionLoop.S2" nVehContrib="9" flow="324.00" occupancy="14.80" speed="4.94" harmonicMeanSpeed="3.04" length="5.00" nVehEntered="9"/>
    <interval begin="35900.00" end="36000.00" id="inductionLoop.S2" nVehContrib="9" flow="324.00" occupancy="14.03" speed="6.02" harmonicMeanSpeed="4.03" length="5.00" nVehEntered="12"/>
    <interval begin="36000.00" end="36100.00" id="inductionLoop.S2" nVehContrib="4" flow="144.00" occupancy="1.66" speed="12.20" harmonicMeanSpeed="12.08" length="5.00" nVehEntered="4"/>
    <interval begin="36100.00" end="36200.00" id="inductionLoop.S2" nVehContrib="0" flow="0.00" occupancy="0.00" speed="-1.00" harmonicMeanSpeed="-1.00" length="-1.00" nVehEntered="0"/>
    <interval begin="36200.00" end="36300.00" id="inductionLoop.S2" nVehContrib="0" flow="0.00" occupancy="0.00" speed="-1.00" harmonicMeanSpeed="-1.00" length="-1.00" nVehEntered="0"/>
    <interval begin="36300.00" end="36400.00" id="inductionLoop.S2" nVehContrib="1" flow="36.00" occupancy="0.42" speed="12.01" harmonicMeanSpeed="12.01" length="5.00" nVehEntered="1"/>
    <interval begin="36400.00" end="36500.00" id="inductionLoop.S2" nVehContrib="14" flow="504.00" occupancy="27.26" speed="6.02" harmonicMeanSpeed="2.62" length="5.00" nVehEntered="15"/>
    <interval begin="36500.00" end="36600.00" id="inductionLoop.S2" nVehContrib="9" flow="324.00" occupancy="32.67" speed="4.52" harmonicMeanSpeed="3.49" length="5.00" nVehEntered="10"/>
    <interval begin="36600.00" end="36700.00" id="inductionLoop.S2" nVehContrib="6" flow="216.00" occupancy="59.41" speed="3.08" harmonicMeanSpeed="0.70" length="5.00" nVehEntered="9"/>
    <interval begin="36700.00" end="36800.00" id="inductionLoop.S2" nVehContrib="8" flow="288.00" occupancy="9.20" speed="7.03" harmonicMeanSpeed="0.93" length="5.00" nVehEntered="8"/>
    <interval begin="36800.00" end="36900.00" id="inductionLoop.S2" nVehContrib="7" flow="252.00" occupancy="6.97" speed="8.59" harmonicMeanSpeed="5.61" length="5.00" nVehEntered="10"/>
    <interval begin="36900.00" end="37000.00" id="inductionLoop.S2" nVehContrib="9" flow="324.00" occupancy="26.41" speed="8.31" harmonicMeanSpeed="1.76" length="5.00" nVehEntered="10"/>
    <interval begin="37000.00" end="37100.00" id="inductionLoop.S2" nVehContrib="8" flow="288.00" occupancy="36.01" speed="10.44" harmonicMeanSpeed="6.54" length="5.00" nVehEntered="9"/>
    <interval begin="37100.00" end="37200.00" id="inductionLoop.S2" nVehContrib="8" flow="288.00" occupancy="10.67" speed="6.30" harmonicMeanSpeed="0.99" length="5.00" nVehEntered="8"/>
    <interval begin="37200.00" end="37300.00" id="inductionLoop.S2" nVehContrib="7" flow="252.00" occupancy="8.79" speed="6.81" harmonicMeanSpeed="4.76" length="5.00" nVehEntered="9"/>
    <interval begin="37300.00" end="37400.00" id="inductionLoop.S2" nVehContrib="9" flow="324.00" occupancy="9.63" speed="6.12" harmonicMeanSpeed="4.08" length="5.00" nVehEntered="8"/>
    <interval begin="37400.00" end="37500.00" id="inductionLoop.S2" nVehContrib="7" flow="252.00" occupancy="6.98" speed="7.28" harmonicMeanSpeed="5.26" length="5.00" nVehEntered="8"/>
    <interval begin="37500.00" end="37600.00" id="inductionLoop.S2" nVehContrib="10" flow="360.00" occupancy="9.56" speed="9.04" harmonicMeanSpeed="5.27" length="5.00" nVehEntered="11"/>
    <interval begin="37600.00" end="37700.00" id="inductionLoop.S2" nVehContrib="7" flow="252.00" occupancy="28.21" speed="6.64" harmonicMeanSpeed="1.24" length="5.00" nVehEntered="7"/>
    <interval begin="37700.00" end="37800.00" id="inductionLoop.S2" nVehContrib="6" flow="216.00" occupancy="3.06" speed="10.83" harmonicMeanSpeed="10.36" length="5.00" nVehEntered="7"/>
    <interval begin="37800.00" end="37900.00" id="inductionLoop.S2" nVehContrib="9" flow="324.00" occupancy="7.38" speed="9.45" harmonicMeanSpeed="6.45" length="5.00" nVehEntered="10"/>
    <interval begin="37900.00" end="38000.00" id="inductionLoop.S2" nVehContrib="9" flow="324.00" occupancy="44.36" speed="5.47" harmonicMeanSpeed="1.48" length="5.00" nVehEntered="10"/>
    <interval begin="38000.00" end="38100.00" id="inductionLoop.S2" nVehContrib="11" flow="396.00" occupancy="36.08" speed="7.27" harmonicMeanSpeed="1.14" length="5.00" nVehEntered="11"/>
    <interval begin="38100.00" end="38200.00" id="inductionLoop.S2" nVehContrib="8" flow="288.00" occupancy="14.19" speed="3.81" harmonicMeanSpeed="2.48" length="5.00" nVehEntered="7"/>
    <interval begin="38200.00" end="38300.00" id="inductionLoop.S2" nVehContrib="13" flow="468.00" occupancy="12.05" speed="6.38" harmonicMeanSpeed="5.39" length="5.00" nVehEntered="13"/>
    <interval begin="38300.00" end="38400.00" id="inductionLoop.S2" nVehContrib="8" flow="288.00" occupancy="15.66" speed="7.36" harmonicMeanSpeed="3.46" length="5.00" nVehEntered="9"/>
    <interval begin="38400.00" end="38500.00" id="inductionLoop.S2" nVehContrib="9" flow="324.00" occupancy="29.61" speed="4.97" harmonicMeanSpeed="1.35" length="5.00" nVehEntered="9"/>
    <interval begin="38500.00" end="38600.00" id="inductionLoop.S2" nVehContrib="12" flow="432.00" occupancy="11.86" speed="7.37" harmonicMeanSpeed="5.63" length="5.00" nVehEntered="14"/>
    <interval begin="38600.00" end="38700.00" id="inductionLoop.S2" nVehContrib="9" flow="324.00" occupancy="11.13" speed="4.94" harmonicMeanSpeed="3.92" length="5.00" nVehEntered="8"/>
    <interval begin="38700.00" end="38800.00" id="inductionLoop.S2" nVehContrib="8" flow="288.00" occupancy="14.84" speed="3.77" harmonicMeanSpeed="2.83" length="5.00" nVehEntered="9"/>
    <interval begin="38800.00" end="38900.00" id="inductionLoop.S2" nVehContrib="7" flow="252.00" occupancy="56.41" speed="2.83" harmonicMeanSpeed="0.61" length="5.00" nVehEntered="6"/>
    <interval begin="38900.00" end="39000.00" id="inductionLoop.S2" nVehContrib="13" flow="468.00" occupancy="35.00" speed="7.76" harmonicMeanSpeed="6.43" length="5.00" nVehEntered="14"/>
    <interval begin="39000.00" end="39100.00" id="inductionLoop.S2" nVehContrib="10" flow="360.00" occupancy="52.02" speed="4.60" harmonicMeanSpeed="0.65" length="5.00" nVehEntered="9"/>
    <interval begin="39100.00" end="39200.00" id="inductionLoop.S2" nVehContrib="7" flow="252.00" occupancy="19.47" speed="2.40" harmonicMeanSpeed="1.90" length="5.00" nVehEntered="8"/>
    <interval begin="39200.00" end="39300.00" id="inductionLoop.S2" nVehContrib="11" flow="396.00" occupancy="16.58" speed="5.84" harmonicMeanSpeed="3.12" length="5.00" nVehEntered="10"/>
    <interval begin="39300.00" end="39400.00" id="inductionLoop.S2" nVehContrib="12" flow="432.00" occupancy="21.90" speed="4.54" harmonicMeanSpeed="2.81" length="5.00" nVehEntered="13"/>
    <interval begin="39400.00" end="39500.00" id="inductionLoop.S2" nVehContrib="3" flow="108.00" occupancy="61.60" speed="1.51" harmonicMeanSpeed="0.24" length="5.00" nVehEntered="3"/>
    <interval begin="39500.00" end="39600.00" id="inductionLoop.S2" nVehContrib="11" flow="396.00" occupancy="12.48" speed="6.68" harmonicMeanSpeed="4.18" length="5.00" nVehEntered="10"/>
    <interval begin="39600.00" end="39700.00" id="inductionLoop.S2" nVehContrib="15" flow="540.00" occupancy="40.12" speed="5.82" harmonicMeanSpeed="4.31" length="5.00" nVehEntered="16"/>
    <interval begin="39700.00" end="39800.00" id="inductionLoop.S2" nVehContrib="9" flow="324.00" occupancy="47.21" speed="2.80" harmonicMeanSpeed="0.64" length="5.00" nVehEntered="8"/>
    <interval begin="39800.00" end="39900.00" id="inductionLoop.S2" nVehContrib="6" flow="216.00" occupancy="8.11" speed="5.96" harmonicMeanSpeed="3.70" length="5.00" nVehEntered="6"/>
    <interval begin="39900.00" end="40000.00" id="inductionLoop.S2" nVehContrib="11" flow="396.00" occupancy="15.21" speed="6.31" harmonicMeanSpeed="3.62" length="5.00" nVehEntered="11"/>
    <interval begin="40000.00" end="40100.00" id="inductionLoop.S2" nVehContrib="11" flow="396.00" occupancy="49.14" speed="4.41" harmonicMeanSpeed="2.31" length="5.00" nVehEntered="12"/>
    <interval begin="40100.00" end="40200.00" id="inductionLoop.S2" nVehContrib="7" flow="252.00" occupancy="32.11" speed="3.07" harmonicMeanSpeed="0.61" length="5.00" nVehEntered="6"/>
    <interval begin="40200.00" end="40300.00" id="inductionLoop.S2" nVehContrib="13" flow="468.00" occupancy="21.24" speed="5.55" harmonicMeanSpeed="3.06" length="5.00" nVehEntered="13"/>
    <interval begin="40300.00" end="40400.00" id="inductionLoop.S2" nVehContrib="10" flow="360.00" occupancy="33.44" speed="6.18" harmonicMeanSpeed="1.50" length="5.00" nVehEntered="10"/>
    <interval begin="40400.00" end="40500.00" id="inductionLoop.S2" nVehContrib="4" flow="144.00" occupancy="6.31" speed="8.84" harmonicMeanSpeed="7.27" length="5.00" nVehEntered="6"/>
    <interval begin="40500.00" end="40600.00" id="inductionLoop.S2" nVehContrib="8" flow="288.00" occupancy="16.03" speed="4.47" harmonicMeanSpeed="2.49" length="5.00" nVehEntered="8"/>
    <interval begin="40600.00" end="40700.00" id="inductionLoop.S2" nVehContrib="4" flow="144.00" occupancy="16.93" speed="3.23" harmonicMeanSpeed="2.28" length="5.00" nVehEntered="5"/>
    <interval begin="40700.00" end="40800.00" id="inductionLoop.S2" nVehContrib="10" flow="360.00" occupancy="14.85" speed="6.18" harmonicMeanSpeed="3.37" length="5.00" nVehEntered="10"/>
    <interval begin="40800.00" end="40900.00" id="inductionLoop.S2" nVehContrib="7" flow="252.00" occupancy="37.72" speed="6.67" harmonicMeanSpeed="0.93" length="5.00" nVehEntered="7"/>
    <interval begin="40900.00" end="41000.00" id="inductionLoop.S2" nVehContrib="6" flow="216.00" occupancy="23.92" speed="5.34" harmonicMeanSpeed="1.25" length="5.00" nVehEntered="6"/>
    <interval begin="41000.00" end="41100.00" id="inductionLoop.S2" nVehContrib="5" flow="180.00" occupancy="55.19" speed="2.32" harmonicMeanSpeed="0.45" length="5.00" nVehEntered="5"/>
    <interval begin="41100.00" end="41200.00" id="inductionLoop.S2" nVehContrib="4" flow="144.00" occupancy="44.96" speed="6.46" harmonicMeanSpeed="0.44" length="5.00" nVehEntered="4"/>
    <interval begin="41200.00" end="41300.00" id="inductionLoop.S2" nVehContrib="8" flow="288.00" occupancy="9.82" speed="6.23" harmonicMeanSpeed="4.07" length="5.00" nVehEntered="8"/>
    <interval begin="41300.00" end="41400.00" id="inductionLoop.S2" nVehContrib="9" flow="324.00" occupancy="9.07" speed="8.02" harmonicMeanSpeed="4.96" length="5.00" nVehEntered="9"/>
    <interval begin="41400.00" end="41500.00" id="inductionLoop.S2" nVehContrib="5" flow="180.00" occupancy="8.81" speed="4.69" harmonicMeanSpeed="2.84" length="5.00" nVehEntered="5"/>
    <interval begin="41500.00" end="41600.00" id="inductionLoop.S2" nVehContrib="5" flow="180.00" occupancy="9.50" speed="9.02" harmonicMeanSpeed="3.23" length="5.00" nVehEntered="7"/>
    <interval begin="41600.00" end="41700.00" id="inductionLoop.S2" nVehContrib="1" flow="36.00" occupancy="5.64" speed="3.56" harmonicMeanSpeed="3.56" length="5.00" nVehEntered="2"/>
    <interval begin="41700.00" end="41800.00" id="inductionLoop.S2" nVehContrib="8" flow="288.00" occupancy="32.19" speed="4.98" harmonicMeanSpeed="1.24" length="5.00" nVehEntered="8"/>
    <interval begin="41800.00" end="41900.00" id="inductionLoop.S2" nVehContrib="0" flow="0.00" occupancy="48.09" speed="-1.00" harmonicMeanSpeed="-1.00" length="-1.00" nVehEntered="2"/>
    <interval begin="41900.00" end="42000.00" id="inductionLoop.S2" nVehContrib="6" flow="216.00" occupancy="12.26" speed="5.32" harmonicMeanSpeed="4.13" length="5.00" nVehEntered="6"/>
    <interval begin="42000.00" end="42100.00" id="inductionLoop.S2" nVehContrib="8" flow="288.00" occupancy="19.77" speed="6.06" harmonicMeanSpeed="2.02" length="5.00" nVehEntered="8"/>
    <interval begin="42100.00" end="42200.00" id="inductionLoop.S2" nVehContrib="0" flow="0.00" occupancy="44.10" speed="-1.00" harmonicMeanSpeed="-1.00" length="-1.00" nVehEntered="1"/>
    <interval begin="42200.00" end="42300.00" id="inductionLoop.S2" nVehContrib="2" flow="72.00" occupancy="54.04" speed="9.79" harmonicMeanSpeed="9.61" length="5.00" nVehEntered="5"/>
    <interval begin="42300.00" end="42400.00" id="inductionLoop.S2" nVehContrib="0" flow="0.00" occupancy="100.00" speed="-1.00" harmonicMeanSpeed="-1.00" length="-1.00" nVehEntered="0"/>
    <interval begin="42400.00" end="42500.00" id="inductionLoop.S2" nVehContrib="10" flow="360.00" occupancy="57.72" speed="5.44" harmonicMeanSpeed="0.31" length="5.00" nVehEntered="9"/>
    <interval begin="42500.00" end="42600.00" id="inductionLoop.S2" nVehContrib="9" flow="324.00" occupancy="12.77" speed="4.77" harmonicMeanSpeed="3.52" length="5.00" nVehEntered="9"/>
    <interval begin="42600.00" end="42700.00" id="inductionLoop.S2" nVehContrib="15" flow="540.00" occupancy="14.77" speed="6.66" harmonicMeanSpeed="5.08" length="5.00" nVehEntered="15"/>
    <interval begin="42700.00" end="42800.00" id="inductionLoop.S2" nVehContrib="6" flow="216.00" occupancy="6.09" speed="6.40" harmonicMeanSpeed="4.93" length="5.00" nVehEntered="6"/>
    <interval begin="42800.00" end="42900.00" id="inductionLoop.S2" nVehContrib="15" flow="540.00" occupancy="23.10" speed="6.32" harmonicMeanSpeed="4.62" length="5.00" nVehEntered="17"/>
    <interval begin="42900.00" end="43000.00" id="inductionLoop.S2" nVehContrib="1" flow="36.00" occupancy="75.39" speed="0.06" harmonicMeanSpeed="0.06" length="5.00" nVehEntered="0"/>
    <interval begin="43000.00" end="43100.00" id="inductionLoop.S2" nVehContrib="10" flow="360.00" occupancy="64.90" speed="7.26" harmonicMeanSpeed="2.42" length="5.00" nVehEntered="11"/>
    <interval begin="43100.00" end="43200.00" id="inductionLoop.S2" nVehContrib="10" flow="360.00" occupancy="38.83" speed="5.74" harmonicMeanSpeed="0.61" length="5.00" nVehEntered="10"/>
    <interval begin="43200.00" end="43300.00" id="inductionLoop.S2" nVehContrib="6" flow="216.00" occupancy="9.91" speed="4.87" harmonicMeanSpeed="3.07" length="5.00" nVehEntered="6"/>
    <interval begin="43300.00" end="43400.00" id="inductionLoop.S2" nVehContrib="11" flow="396.00" occupancy="13.36" speed="6.60" harmonicMeanSpeed="4.12" length="5.00" nVehEntered="11"/>
    <interval begin="43400.00" end="43500.00" id="inductionLoop.S2" nVehContrib="8" flow="288.00" occupancy="58.87" speed="8.54" harmonicMeanSpeed="0.68" length="5.00" nVehEntered="8"/>
    <interval begin="43500.00" end="43600.00" id="inductionLoop.S2" nVehContrib="12" flow="432.00" occupancy="20.99" speed="8.61" harmonicMeanSpeed="7.47" length="5.00" nVehEntered="13"/>
    <interval begin="43600.00" end="43700.00" id="inductionLoop.S2" nVehContrib="7" flow="252.00" occupancy="41.40" speed="6.18" harmonicMeanSpeed="0.66" length="5.00" nVehEntered="7"/>
    <interval begin="43700.00" end="43800.00" id="inductionLoop.S2" nVehContrib="2" flow="72.00" occupancy="9.56" speed="5.84" harmonicMeanSpeed="5.25" length="5.00" nVehEntered="4"/>
    <interval begin="43800.00" end="43900.00" id="inductionLoop.S2" nVehContrib="9" flow="324.00" occupancy="12.35" speed="3.65" harmonicMeanSpeed="2.87" length="5.00" nVehEntered="8"/>
    <interval begin="43900.00" end="44000.00" id="inductionLoop.S2" nVehContrib="3" flow="108.00" occupancy="3.92" speed="5.74" harmonicMeanSpeed="3.83" length="5.00" nVehEntered="3"/>
    <interval begin="44000.00" end="44100.00" id="inductionLoop.S2" nVehContrib="7" flow="252.00" occupancy="42.97" speed="3.46" harmonicMeanSpeed="2.30" length="5.00" nVehEntered="8"/>
    <interval begin="44100.00" end="44200.00" id="inductionLoop.S2" nVehContrib="8" flow="288.00" occupancy="41.58" speed="7.14" harmonicMeanSpeed="0.58" length="5.00" nVehEntered="7"/>
    <interval begin="44200.00" end="44300.00" id="inductionLoop.S2" nVehContrib="2" flow="72.00" occupancy="52.16" speed="3.86" harmonicMeanSpeed="0.19" length="5.00" nVehEntered="3"/>
    <interval begin="44300.00" end="44400.00" id="inductionLoop.S2" nVehContrib="10" flow="360.00" occupancy="42.70" speed="7.41" harmonicMeanSpeed="4.43" length="5.00" nVehEntered="10"/>
    <interval begin="44400.00" end="44500.00" id="inductionLoop.S2" nVehContrib="11" flow="396.00" occupancy="33.59" speed="4.39" harmonicMeanSpeed="0.84" length="5.00" nVehEntered="11"/>
    <interval begin="44500.00" end="44600.00" id="inductionLoop.S2" nVehContrib="7" flow="252.00" occupancy="11.74" speed="4.64" harmonicMeanSpeed="2.98" length="5.00" nVehEntered="7"/>
    <interval begin="44600.00" end="44700.00" id="inductionLoop.S2" nVehContrib="4" flow="144.00" occupancy="64.58" speed="11.36" harmonicMeanSpeed="10.98" length="5.00" nVehEntered="5"/>
    <interval begin="44700.00" end="44800.00" id="inductionLoop.S2" nVehContrib="17" flow="612.00" occupancy="20.98" speed="6.38" harmonicMeanSpeed="1.01" length="5.00" nVehEntered="16"/>
    <interval begin="44800.00" end="44900.00" id="inductionLoop.S2" nVehContrib="5" flow="180.00" occupancy="10.41" speed="3.04" harmonicMeanSpeed="2.40" length="5.00" nVehEntered="5"/>
    <interval begin="44900.00" end="45000.00" id="inductionLoop.S2" nVehContrib="10" flow="360.00" occupancy="52.61" speed="5.25" harmonicMeanSpeed="3.64" length="5.00" nVehEntered="11"/>
    <interval begin="45000.00" end="45100.00" id="inductionLoop.S2" nVehContrib="7" flow="252.00" occupancy="42.06" speed="4.79" harmonicMeanSpeed="0.43" length="5.00" nVehEntered="6"/>
    <interval begin="45100.00" end="45200.00" id="inductionLoop.S2" nVehContrib="7" flow="252.00" occupancy="7.43" speed="7.02" harmonicMeanSpeed="4.71" length="5.00" nVehEntered="7"/>
    <interval begin="45200.00" end="45300.00" id="inductionLoop.S2" nVehContrib="4" flow="144.00" occupancy="8.28" speed="3.12" harmonicMeanSpeed="2.41" length="5.00" nVehEntered="4"/>
    <interval begin="45300.00" end="45400.00" id="inductionLoop.S2" nVehContrib="4" flow="144.00" occupancy="2.88" speed="7.97" harmonicMeanSpeed="6.95" length="5.00" nVehEntered="4"/>
    <interval begin="45400.00" end="45500.00" id="inductionLoop.S2" nVehContrib="1" flow="36.00" occupancy="0.38" speed="13.37" harmonicMeanSpeed="13.37" length="5.00" nVehEntered="2"/>
    <interval begin="45500.00" end="45600.00" id="inductionLoop.S2" nVehContrib="4" flow="144.00" occupancy="5.53" speed="5.47" harmonicMeanSpeed="3.61" length="5.00" nVehEntered="4"/>
    <interval begin="45600.00" end="45700.00" id="inductionLoop.S2" nVehContrib="10" flow="360.00" occupancy="13.65" speed="6.23" harmonicMeanSpeed="3.66" length="5.00" nVehEntered="10"/>
    <interval begin="45700.00" end="45800.00" id="inductionLoop.S2" nVehContrib="2" flow="72.00" occupancy="73.00" speed="3.48" harmonicMeanSpeed="3.48" length="5.00" nVehEntered="3"/>
    <interval begin="45800.00" end="45900.00" id="inductionLoop.S2" nVehContrib="5" flow="180.00" occupancy="7.10" speed="4.35" harmonicMeanSpeed="0.32" length="5.00" nVehEntered="4"/>
    <interval begin="45900.00" end="46000.00" id="inductionLoop.S2" nVehContrib="4" flow="144.00" occupancy="74.69" speed="4.67" harmonicMeanSpeed="0.27" length="5.00" nVehEntered="4"/>
    <interval begin="46000.00" end="46100.00" id="inductionLoop.S2" nVehContrib="18" flow="648.00" occupancy="48.06" speed="5.44" harmonicMeanSpeed="1.90" length="5.00" nVehEntered="19"/>
    <interval begin="46100.00" end="46200.00" id="inductionLoop.S2" nVehContrib="2" flow="72.00" occupancy="86.70" speed="0.62" harmonicMeanSpeed="0.12" length="5.00" nVehEntered="2"/>
    <interval begin="46200.00" end="46300.00" id="inductionLoop.S2" nVehContrib="9" flow="324.00" occupancy="12.06" speed="7.91" harmonicMeanSpeed="5.06" length="5.00" nVehEntered="9"/>
    <interval begin="46300.00" end="46400.00" id="inductionLoop.S2" nVehContrib="7" flow="252.00" occupancy="53.15" speed="3.92" harmonicMeanSpeed="0.66" length="5.00" nVehEntered="7"/>
    <interval begin="46400.00" end="46500.00" id="inductionLoop.S2" nVehContrib="5" flow="180.00" occupancy="59.14" speed="9.05" harmonicMeanSpeed="9.01" length="5.00" nVehEntered="6"/>
    <interval begin="46500.00" end="46600.00" id="inductionLoop.S2" nVehContrib="6" flow="216.00" occupancy="5.24" speed="8.63" harmonicMeanSpeed="5.72" length="5.00" nVehEntered="6"/>
    <interval begin="46600.00" end="46700.00" id="inductionLoop.S2" nVehContrib="11" flow="396.00" occupancy="13.55" speed="7.42" harmonicMeanSpeed="4.06" length="5.00" nVehEntered="11"/>
    <interval begin="46700.00" end="46800.00" id="inductionLoop.S2" nVehContrib="9" flow="324.00" occupancy="5.75" speed="11.35" harmonicMeanSpeed="8.09" length="5.00" nVehEntered="10"/>
    <interval begin="46800.00" end="46900.00" id="inductionLoop.S2" nVehContrib="8" flow="288.00" occupancy="10.79" speed="6.99" harmonicMeanSpeed="5.59" length="5.00" nVehEntered="9"/>
    <interval begin="46900.00" end="47000.00" id="inductionLoop.S2" nVehContrib="6" flow="216.00" occupancy="80.69" speed="4.02" harmonicMeanSpeed="0.36" length="5.00" nVehEntered="5"/>
    <interval begin="47000.00" end="47100.00" id="inductionLoop.S2" nVehContrib="6" flow="216.00" occupancy="6.46" speed="8.63" harmonicMeanSpeed="4.65" length="5.00" nVehEntered="6"/>
    <interval begin="47100.00" end="47200.00" id="inductionLoop.S2" nVehContrib="16" flow="576.00" occupancy="21.52" speed="8.22" harmonicMeanSpeed="4.63" length="5.00" nVehEntered="17"/>
    <interval begin="47200.00" end="47300.00" id="inductionLoop.S2" nVehContrib="2" flow="72.00" occupancy="7.89" speed="2.39" harmonicMeanSpeed="1.27" length="5.00" nVehEntered="2"/>
    <interval begin="47300.00" end="47400.00" id="inductionLoop.S2" nVehContrib="13" flow="468.00" occupancy="57.77" speed="6.21" harmonicMeanSpeed="4.01" length="5.00" nVehEntered="14"/>
    <interval begin="47400.00" end="47500.00" id="inductionLoop.S2" nVehContrib="3" flow="108.00" occupancy="7.01" speed="2.39" harmonicMeanSpeed="2.14" length="5.00" nVehEntered="3"/>
    <interval begin="47500.00" end="47600.00" id="inductionLoop.S2" nVehContrib="14" flow="504.00" occupancy="20.34" speed="5.85" harmonicMeanSpeed="3.44" length="5.00" nVehEntered="14"/>
    <interval begin="47600.00" end="47700.00" id="inductionLoop.S2" nVehContrib="3" flow="108.00" occupancy="5.06" speed="5.75" harmonicMeanSpeed="2.97" length="5.00" nVehEntered="3"/>
    <interval begin="47700.00" end="47800.00" id="inductionLoop.S2" nVehContrib="20" flow="720.00" occupancy="26.09" speed="7.03" harmonicMeanSpeed="3.83" length="5.00" nVehEntered="20"/>
    <interval begin="47800.00" end="47900.00" id="inductionLoop.S2" nVehContrib="11" flow="396.00" occupancy="9.63" speed="7.52" harmonicMeanSpeed="5.71" length="5.00" nVehEntered="11"/>
    <interval begin="47900.00" end="48000.00" id="inductionLoop.S2" nVehContrib="12" flow="432.00" occupancy="41.11" speed="7.65" harmonicMeanSpeed="4.77" length="5.00" nVehEntered="14"/>
    <interval begin="48000.00" end="48100.00" id="inductionLoop.S2" nVehContrib="8" flow="288.00" occupancy="87.18" speed="6.94" harmonicMeanSpeed="0.36" length="5.00" nVehEntered="7"/>
    <interval begin="48100.00" end="48200.00" id="inductionLoop.S2" nVehContrib="17" flow="612.00" occupancy="20.99" speed="6.88" harmonicMeanSpeed="4.25" length="5.00" nVehEntered="18"/>
    <interval begin="48200.00" end="48300.00" id="inductionLoop.S2" nVehContrib="1" flow="36.00" occupancy="3.42" speed="1.46" harmonicMeanSpeed="1.46" length="5.00" nVehEntered="1"/>
    <interval begin="48300.00" end="48400.00" id="inductionLoop.S2" nVehContrib="12" flow="432.00" occupancy="14.45" speed="7.96" harmonicMeanSpeed="6.46" length="5.00" nVehEntered="14"/>
    <interval begin="48400.00" end="48500.00" id="inductionLoop.S2" nVehContrib="7" flow="252.00" occupancy="29.27" speed="4.67" harmonicMeanSpeed="1.18" length="5.00" nVehEntered="6"/>
    <interval begin="48500.00" end="48600.00" id="inductionLoop.S2" nVehContrib="10" flow="360.00" occupancy="12.59" speed="6.21" harmonicMeanSpeed="3.97" length="5.00" nVehEntered="10"/>
    <interval begin="48600.00" end="48700.00" id="inductionLoop.S2" nVehContrib="5" flow="180.00" occupancy="4.38" speed="8.11" harmonicMeanSpeed="6.66" length="5.00" nVehEntered="6"/>
    <interval begin="48700.00" end="48800.00" id="inductionLoop.S2" nVehContrib="2" flow="72.00" occupancy="75.93" speed="1.05" harmonicMeanSpeed="0.13" length="5.00" nVehEntered="2"/>
    <interval begin="48800.00" end="48900.00" id="inductionLoop.S2" nVehContrib="14" flow="504.00" occupancy="13.23" speed="9.37" harmonicMeanSpeed="8.31" length="5.00" nVehEntered="16"/>
    <interval begin="48900.00" end="49000.00" id="inductionLoop.S2" nVehContrib="2" flow="72.00" occupancy="2.33" speed="4.36" harmonicMeanSpeed="4.29" length="5.00" nVehEntered="2"/>
    <interval begin="49000.00" end="49100.00" id="inductionLoop.S2" nVehContrib="5" flow="180.00" occupancy="43.65" speed="3.77" harmonicMeanSpeed="0.57" length="5.00" nVehEntered="5"/>
    <interval begin="49100.00" end="49200.00" id="inductionLoop.S2" nVehContrib="11" flow="396.00" occupancy="14.40" speed="6.44" harmonicMeanSpeed="3.82" length="5.00" nVehEntered="11"/>
    <interval begin="49200.00" end="49300.00" id="inductionLoop.S2" nVehContrib="8" flow="288.00" occupancy="10.40" speed="8.23" harmonicMeanSpeed="5.04" length="5.00" nVehEntered="9"/>
    <interval begin="49300.00" end="49400.00" id="inductionLoop.S2" nVehContrib="11" flow="396.00" occupancy="16.53" speed="5.03" harmonicMeanSpeed="3.33" length="5.00" nVehEntered="11"/>
    <interval begin="49400.00" end="49500.00" id="inductionLoop.S2" nVehContrib="15" flow="540.00" occupancy="17.71" speed="6.61" harmonicMeanSpeed="4.24" length="5.00" nVehEntered="15"/>
    <interval begin="49500.00" end="49600.00" id="inductionLoop.S2" nVehContrib="0" flow="0.00" occupancy="0.00" speed="-1.00" harmonicMeanSpeed="-1.00" length="-1.00" nVehEntered="0"/>
    <interval begin="49600.00" end="49700.00" id="inductionLoop.S2" nVehContrib="21" flow="756.00" occupancy="17.82" speed="8.79" harmonicMeanSpeed="7.42" length="5.00" nVehEntered="22"/>
    <interval begin="49700.00" end="49800.00" id="inductionLoop.S2" nVehContrib="10" flow="360.00" occupancy="12.86" speed="6.54" harmonicMeanSpeed="3.03" length="5.00" nVehEntered="9"/>
    <interval begin="49800.00" end="49900.00" id="inductionLoop.S2" nVehContrib="12" flow="432.00" occupancy="10.55" speed="8.17" harmonicMeanSpeed="5.68" length="5.00" nVehEntered="12"/>
    <interval begin="49900.00" end="50000.00" id="inductionLoop.S2" nVehContrib="6" flow="216.00" occupancy="9.19" speed="6.74" harmonicMeanSpeed="3.27" length="5.00" nVehEntered="6"/>
    <interval begin="50000.00" end="50013.00" id="inductionLoop.S2" nVehContrib="0" flow="0.00" occupancy="0.00" speed="-1.00" harmonicMeanSpeed="-1.00" length="-1.00" nVehEntered="0"/>
</detector>
