<?xml version="1.0" encoding="UTF-8"?>

<!-- generated on 2023-07-30 22:11:19 by Eclipse SUMO sumo Version 1.12.0
<configuration xmlns:xsi="http://www.w3.org/2001/XMLSchema-instance" xsi:noNamespaceSchemaLocation="http://sumo.dlr.de/xsd/sumoConfiguration.xsd">

    <input>
        <net-file value="Data0-27/intersection.net.xml"/>
        <route-files value="Data0-27/intersection.rou.xml"/>
        <additional-files value="Data0-27/intersection.det.xml"/>
    </input>

    <output>
        <tripinfo-output value="Data0-27/tripinfo.xml"/>
    </output>

    <time>
        <begin value="0"/>
    </time>

    <processing>
        <time-to-teleport value="-1"/>
        <waiting-time-memory value="60000"/>
    </processing>

    <report>
        <verbose value="true"/>
        <no-step-log value="true"/>
    </report>

    <emissions>
        <device.emissions.probability value="1"/>
    </emissions>

    <traci_server>
        <remote-port value="37861"/>
    </traci_server>

    <gui_only>
        <gui-settings-file value="Data0-27/intersection.settings.xml"/>
    </gui_only>

</configuration>
-->

<detector xmlns:xsi="http://www.w3.org/2001/XMLSchema-instance" xsi:noNamespaceSchemaLocation="http://sumo.dlr.de/xsd/det_e1_file.xsd">
    <interval begin="0.00" end="100.00" id="inductionLoop.W2" nVehContrib="2" flow="72.00" occupancy="0.65" speed="15.43" harmonicMeanSpeed="15.41" length="5.00" nVehEntered="2"/>
    <interval begin="100.00" end="200.00" id="inductionLoop.W2" nVehContrib="13" flow="468.00" occupancy="17.86" speed="7.46" harmonicMeanSpeed="3.69" length="5.00" nVehEntered="15"/>
    <interval begin="200.00" end="300.00" id="inductionLoop.W2" nVehContrib="10" flow="360.00" occupancy="16.81" speed="7.97" harmonicMeanSpeed="3.99" length="5.00" nVehEntered="12"/>
    <interval begin="300.00" end="400.00" id="inductionLoop.W2" nVehContrib="11" flow="396.00" occupancy="11.07" speed="8.29" harmonicMeanSpeed="5.08" length="5.00" nVehEntered="13"/>
    <interval begin="400.00" end="500.00" id="inductionLoop.W2" nVehContrib="10" flow="360.00" occupancy="10.61" speed="7.41" harmonicMeanSpeed="5.56" length="5.00" nVehEntered="13"/>
    <interval begin="500.00" end="600.00" id="inductionLoop.W2" nVehContrib="13" flow="468.00" occupancy="15.49" speed="8.23" harmonicMeanSpeed="4.84" length="5.00" nVehEntered="19"/>
    <interval begin="600.00" end="700.00" id="inductionLoop.W2" nVehContrib="13" flow="468.00" occupancy="27.91" speed="7.62" harmonicMeanSpeed="2.51" length="5.00" nVehEntered="15"/>
    <interval begin="700.00" end="800.00" id="inductionLoop.W2" nVehContrib="12" flow="432.00" occupancy="53.82" speed="6.99" harmonicMeanSpeed="1.12" length="5.00" nVehEntered="13"/>
    <interval begin="800.00" end="900.00" id="inductionLoop.W2" nVehContrib="13" flow="468.00" occupancy="16.30" speed="9.32" harmonicMeanSpeed="4.46" length="5.00" nVehEntered="15"/>
    <interval begin="900.00" end="1000.00" id="inductionLoop.W2" nVehContrib="7" flow="252.00" occupancy="33.56" speed="6.93" harmonicMeanSpeed="1.09" length="5.00" nVehEntered="9"/>
    <interval begin="1000.00" end="1100.00" id="inductionLoop.W2" nVehContrib="11" flow="396.00" occupancy="10.54" speed="8.73" harmonicMeanSpeed="6.23" length="5.00" nVehEntered="14"/>
    <interval begin="1100.00" end="1200.00" id="inductionLoop.W2" nVehContrib="10" flow="360.00" occupancy="8.22" speed="9.36" harmonicMeanSpeed="6.91" length="5.00" nVehEntered="11"/>
    <interval begin="1200.00" end="1300.00" id="inductionLoop.W2" nVehContrib="9" flow="324.00" occupancy="6.40" speed="9.83" harmonicMeanSpeed="7.16" length="5.00" nVehEntered="10"/>
    <interval begin="1300.00" end="1400.00" id="inductionLoop.W2" nVehContrib="10" flow="360.00" occupancy="10.17" speed="9.80" harmonicMeanSpeed="5.09" length="5.00" nVehEntered="12"/>
    <interval begin="1400.00" end="1500.00" id="inductionLoop.W2" nVehContrib="10" flow="360.00" occupancy="24.56" speed="9.01" harmonicMeanSpeed="2.37" length="5.00" nVehEntered="12"/>
    <interval begin="1500.00" end="1600.00" id="inductionLoop.W2" nVehContrib="13" flow="468.00" occupancy="8.51" speed="9.40" harmonicMeanSpeed="7.64" length="5.00" nVehEntered="13"/>
    <interval begin="1600.00" end="1700.00" id="inductionLoop.W2" nVehContrib="15" flow="540.00" occupancy="38.99" speed="6.98" harmonicMeanSpeed="1.94" length="5.00" nVehEntered="16"/>
    <interval begin="1700.00" end="1800.00" id="inductionLoop.W2" nVehContrib="9" flow="324.00" occupancy="37.21" speed="7.29" harmonicMeanSpeed="1.21" length="5.00" nVehEntered="10"/>
    <interval begin="1800.00" end="1900.00" id="inductionLoop.W2" nVehContrib="12" flow="432.00" occupancy="8.18" speed="8.97" harmonicMeanSpeed="7.34" length="5.00" nVehEntered="12"/>
    <interval begin="1900.00" end="2000.00" id="inductionLoop.W2" nVehContrib="9" flow="324.00" occupancy="6.92" speed="9.49" harmonicMeanSpeed="6.99" length="5.00" nVehEntered="11"/>
    <interval begin="2000.00" end="2100.00" id="inductionLoop.W2" nVehContrib="9" flow="324.00" occupancy="5.39" speed="10.71" harmonicMeanSpeed="8.90" length="5.00" nVehEntered="11"/>
    <interval begin="2100.00" end="2200.00" id="inductionLoop.W2" nVehContrib="10" flow="360.00" occupancy="9.99" speed="6.38" harmonicMeanSpeed="4.90" length="5.00" nVehEntered="9"/>
    <interval begin="2200.00" end="2300.00" id="inductionLoop.W2" nVehContrib="9" flow="324.00" occupancy="6.48" speed="10.34" harmonicMeanSpeed="9.34" length="5.00" nVehEntered="13"/>
    <interval begin="2300.00" end="2400.00" id="inductionLoop.W2" nVehContrib="11" flow="396.00" occupancy="9.67" speed="7.22" harmonicMeanSpeed="5.35" length="5.00" nVehEntered="13"/>
    <interval begin="2400.00" end="2500.00" id="inductionLoop.W2" nVehContrib="11" flow="396.00" occupancy="16.25" speed="8.50" harmonicMeanSpeed="3.48" length="5.00" nVehEntered="12"/>
    <interval begin="2500.00" end="2600.00" id="inductionLoop.W2" nVehContrib="6" flow="216.00" occupancy="4.25" speed="8.81" harmonicMeanSpeed="7.06" length="5.00" nVehEntered="6"/>
    <interval begin="2600.00" end="2700.00" id="inductionLoop.W2" nVehContrib="9" flow="324.00" occupancy="5.12" speed="10.54" harmonicMeanSpeed="8.80" length="5.00" nVehEntered="9"/>
    <interval begin="2700.00" end="2800.00" id="inductionLoop.W2" nVehContrib="6" flow="216.00" occupancy="18.35" speed="6.53" harmonicMeanSpeed="1.98" length="5.00" nVehEntered="10"/>
    <interval begin="2800.00" end="2900.00" id="inductionLoop.W2" nVehContrib="10" flow="360.00" occupancy="5.41" speed="10.63" harmonicMeanSpeed="9.29" length="5.00" nVehEntered="11"/>
    <interval begin="2900.00" end="3000.00" id="inductionLoop.W2" nVehContrib="9" flow="324.00" occupancy="7.52" speed="8.85" harmonicMeanSpeed="6.41" length="5.00" nVehEntered="10"/>
    <interval begin="3000.00" end="3100.00" id="inductionLoop.W2" nVehContrib="8" flow="288.00" occupancy="9.79" speed="11.08" harmonicMeanSpeed="7.97" length="5.00" nVehEntered="12"/>
    <interval begin="3100.00" end="3200.00" id="inductionLoop.W2" nVehContrib="12" flow="432.00" occupancy="20.65" speed="8.80" harmonicMeanSpeed="3.05" length="5.00" nVehEntered="12"/>
    <interval begin="3200.00" end="3300.00" id="inductionLoop.W2" nVehContrib="6" flow="216.00" occupancy="5.55" speed="8.13" harmonicMeanSpeed="5.40" length="5.00" nVehEntered="6"/>
    <interval begin="3300.00" end="3400.00" id="inductionLoop.W2" nVehContrib="8" flow="288.00" occupancy="5.72" speed="8.98" harmonicMeanSpeed="7.21" length="5.00" nVehEntered="9"/>
    <interval begin="3400.00" end="3500.00" id="inductionLoop.W2" nVehContrib="9" flow="324.00" occupancy="4.47" speed="11.34" harmonicMeanSpeed="10.87" length="5.00" nVehEntered="10"/>
    <interval begin="3500.00" end="3600.00" id="inductionLoop.W2" nVehContrib="8" flow="288.00" occupancy="16.55" speed="6.65" harmonicMeanSpeed="2.48" length="5.00" nVehEntered="10"/>
    <interval begin="3600.00" end="3700.00" id="inductionLoop.W2" nVehContrib="9" flow="324.00" occupancy="7.17" speed="9.04" harmonicMeanSpeed="6.28" length="5.00" nVehEntered="9"/>
    <interval begin="3700.00" end="3800.00" id="inductionLoop.W2" nVehContrib="8" flow="288.00" occupancy="6.07" speed="8.89" harmonicMeanSpeed="6.69" length="5.00" nVehEntered="9"/>
    <interval begin="3800.00" end="3900.00" id="inductionLoop.W2" nVehContrib="1" flow="36.00" occupancy="0.47" speed="10.61" harmonicMeanSpeed="10.61" length="5.00" nVehEntered="1"/>
    <interval begin="3900.00" end="4000.00" id="inductionLoop.W2" nVehContrib="8" flow="288.00" occupancy="5.03" speed="9.81" harmonicMeanSpeed="8.01" length="5.00" nVehEntered="9"/>
    <interval begin="4000.00" end="4100.00" id="inductionLoop.W2" nVehContrib="7" flow="252.00" occupancy="6.19" speed="8.44" harmonicMeanSpeed="6.03" length="5.00" nVehEntered="8"/>
    <interval begin="4100.00" end="4200.00" id="inductionLoop.W2" nVehContrib="5" flow="180.00" occupancy="10.88" speed="9.12" harmonicMeanSpeed="2.42" length="5.00" nVehEntered="7"/>
    <interval begin="4200.00" end="4300.00" id="inductionLoop.W2" nVehContrib="9" flow="324.00" occupancy="5.78" speed="10.13" harmonicMeanSpeed="7.78" length="5.00" nVehEntered="9"/>
    <interval begin="4300.00" end="4400.00" id="inductionLoop.W2" nVehContrib="6" flow="216.00" occupancy="3.95" speed="10.09" harmonicMeanSpeed="8.06" length="5.00" nVehEntered="7"/>
    <interval begin="4400.00" end="4500.00" id="inductionLoop.W2" nVehContrib="9" flow="324.00" occupancy="10.50" speed="7.66" harmonicMeanSpeed="5.61" length="5.00" nVehEntered="11"/>
    <interval begin="4500.00" end="4600.00" id="inductionLoop.W2" nVehContrib="9" flow="324.00" occupancy="18.94" speed="9.14" harmonicMeanSpeed="2.80" length="5.00" nVehEntered="12"/>
    <interval begin="4600.00" end="4700.00" id="inductionLoop.W2" nVehContrib="5" flow="180.00" occupancy="4.20" speed="6.75" harmonicMeanSpeed="5.35" length="5.00" nVehEntered="4"/>
    <interval begin="4700.00" end="4800.00" id="inductionLoop.W2" nVehContrib="11" flow="396.00" occupancy="8.01" speed="9.22" harmonicMeanSpeed="7.63" length="5.00" nVehEntered="14"/>
    <interval begin="4800.00" end="4900.00" id="inductionLoop.W2" nVehContrib="5" flow="180.00" occupancy="3.96" speed="9.68" harmonicMeanSpeed="6.37" length="5.00" nVehEntered="6"/>
    <interval begin="4900.00" end="5000.00" id="inductionLoop.W2" nVehContrib="3" flow="108.00" occupancy="1.24" speed="15.27" harmonicMeanSpeed="15.22" length="5.00" nVehEntered="4"/>
    <interval begin="5000.00" end="5100.00" id="inductionLoop.W2" nVehContrib="7" flow="252.00" occupancy="5.55" speed="9.46" harmonicMeanSpeed="7.08" length="5.00" nVehEntered="9"/>
    <interval begin="5100.00" end="5200.00" id="inductionLoop.W2" nVehContrib="12" flow="432.00" occupancy="9.08" speed="9.16" harmonicMeanSpeed="6.84" length="5.00" nVehEntered="14"/>
    <interval begin="5200.00" end="5300.00" id="inductionLoop.W2" nVehContrib="8" flow="288.00" occupancy="6.93" speed="8.05" harmonicMeanSpeed="6.09" length="5.00" nVehEntered="9"/>
    <interval begin="5300.00" end="5400.00" id="inductionLoop.W2" nVehContrib="7" flow="252.00" occupancy="4.96" speed="8.66" harmonicMeanSpeed="7.05" length="5.00" nVehEntered="7"/>
    <interval begin="5400.00" end="5500.00" id="inductionLoop.W2" nVehContrib="5" flow="180.00" occupancy="3.06" speed="10.36" harmonicMeanSpeed="8.17" length="5.00" nVehEntered="5"/>
    <interval begin="5500.00" end="5600.00" id="inductionLoop.W2" nVehContrib="7" flow="252.00" occupancy="6.03" speed="8.56" harmonicMeanSpeed="5.81" length="5.00" nVehEntered="7"/>
    <interval begin="5600.00" end="5700.00" id="inductionLoop.W2" nVehContrib="3" flow="108.00" occupancy="1.24" speed="12.11" harmonicMeanSpeed="12.07" length="5.00" nVehEntered="3"/>
    <interval begin="5700.00" end="5800.00" id="inductionLoop.W2" nVehContrib="2" flow="72.00" occupancy="0.74" speed="13.47" harmonicMeanSpeed="13.43" length="5.00" nVehEntered="2"/>
    <interval begin="5800.00" end="5900.00" id="inductionLoop.W2" nVehContrib="8" flow="288.00" occupancy="6.02" speed="9.39" harmonicMeanSpeed="7.16" length="5.00" nVehEntered="11"/>
    <interval begin="5900.00" end="6000.00" id="inductionLoop.W2" nVehContrib="6" flow="216.00" occupancy="4.59" speed="8.63" harmonicMeanSpeed="6.54" length="5.00" nVehEntered="6"/>
    <interval begin="6000.00" end="6100.00" id="inductionLoop.W2" nVehContrib="10" flow="360.00" occupancy="6.98" speed="9.61" harmonicMeanSpeed="7.16" length="5.00" nVehEntered="10"/>
    <interval begin="6100.00" end="6200.00" id="inductionLoop.W2" nVehContrib="8" flow="288.00" occupancy="5.85" speed="8.99" harmonicMeanSpeed="6.84" length="5.00" nVehEntered="8"/>
    <interval begin="6200.00" end="6300.00" id="inductionLoop.W2" nVehContrib="7" flow="252.00" occupancy="5.53" speed="8.31" harmonicMeanSpeed="6.33" length="5.00" nVehEntered="7"/>
    <interval begin="6300.00" end="6400.00" id="inductionLoop.W2" nVehContrib="6" flow="216.00" occupancy="4.41" speed="9.80" harmonicMeanSpeed="6.81" length="5.00" nVehEntered="6"/>
    <interval begin="6400.00" end="6500.00" id="inductionLoop.W2" nVehContrib="9" flow="324.00" occupancy="7.18" speed="8.68" harmonicMeanSpeed="6.72" length="5.00" nVehEntered="10"/>
    <interval begin="6500.00" end="6600.00" id="inductionLoop.W2" nVehContrib="5" flow="180.00" occupancy="3.62" speed="9.21" harmonicMeanSpeed="7.22" length="5.00" nVehEntered="7"/>
    <interval begin="6600.00" end="6700.00" id="inductionLoop.W2" nVehContrib="6" flow="216.00" occupancy="4.68" speed="9.04" harmonicMeanSpeed="6.41" length="5.00" nVehEntered="6"/>
    <interval begin="6700.00" end="6800.00" id="inductionLoop.W2" nVehContrib="7" flow="252.00" occupancy="3.95" speed="10.41" harmonicMeanSpeed="8.85" length="5.00" nVehEntered="7"/>
    <interval begin="6800.00" end="6900.00" id="inductionLoop.W2" nVehContrib="4" flow="144.00" occupancy="2.71" speed="11.48" harmonicMeanSpeed="8.43" length="5.00" nVehEntered="5"/>
    <interval begin="6900.00" end="7000.00" id="inductionLoop.W2" nVehContrib="3" flow="108.00" occupancy="2.22" speed="8.73" harmonicMeanSpeed="6.75" length="5.00" nVehEntered="3"/>
    <interval begin="7000.00" end="7100.00" id="inductionLoop.W2" nVehContrib="5" flow="180.00" occupancy="4.24" speed="7.58" harmonicMeanSpeed="6.38" length="5.00" nVehEntered="6"/>
    <interval begin="7100.00" end="7200.00" id="inductionLoop.W2" nVehContrib="8" flow="288.00" occupancy="5.74" speed="9.90" harmonicMeanSpeed="7.40" length="5.00" nVehEntered="10"/>
    <interval begin="7200.00" end="7300.00" id="inductionLoop.W2" nVehContrib="7" flow="252.00" occupancy="4.96" speed="10.11" harmonicMeanSpeed="7.06" length="5.00" nVehEntered="7"/>
    <interval begin="7300.00" end="7400.00" id="inductionLoop.W2" nVehContrib="2" flow="72.00" occupancy="0.76" speed="13.15" harmonicMeanSpeed="13.14" length="5.00" nVehEntered="2"/>
    <interval begin="7400.00" end="7500.00" id="inductionLoop.W2" nVehContrib="8" flow="288.00" occupancy="14.23" speed="6.81" harmonicMeanSpeed="3.53" length="5.00" nVehEntered="9"/>
    <interval begin="7500.00" end="7600.00" id="inductionLoop.W2" nVehContrib="1" flow="36.00" occupancy="1.15" speed="4.35" harmonicMeanSpeed="4.35" length="5.00" nVehEntered="1"/>
    <interval begin="7600.00" end="7700.00" id="inductionLoop.W2" nVehContrib="13" flow="468.00" occupancy="7.94" speed="10.31" harmonicMeanSpeed="8.19" length="5.00" nVehEntered="13"/>
    <interval begin="7700.00" end="7800.00" id="inductionLoop.W2" nVehContrib="8" flow="288.00" occupancy="6.07" speed="8.35" harmonicMeanSpeed="6.59" length="5.00" nVehEntered="8"/>
    <interval begin="7800.00" end="7900.00" id="inductionLoop.W2" nVehContrib="0" flow="0.00" occupancy="0.55" speed="-1.00" harmonicMeanSpeed="-1.00" length="-1.00" nVehEntered="2"/>
    <interval begin="7900.00" end="8000.00" id="inductionLoop.W2" nVehContrib="5" flow="180.00" occupancy="1.97" speed="13.26" harmonicMeanSpeed="13.17" length="5.00" nVehEntered="6"/>
    <interval begin="8000.00" end="8100.00" id="inductionLoop.W2" nVehContrib="3" flow="108.00" occupancy="1.01" speed="13.82" harmonicMeanSpeed="13.78" length="5.00" nVehEntered="2"/>
    <interval begin="8100.00" end="8200.00" id="inductionLoop.W2" nVehContrib="4" flow="144.00" occupancy="3.03" speed="8.74" harmonicMeanSpeed="7.38" length="5.00" nVehEntered="5"/>
    <interval begin="8200.00" end="8300.00" id="inductionLoop.W2" nVehContrib="2" flow="72.00" occupancy="0.77" speed="13.24" harmonicMeanSpeed="13.04" length="5.00" nVehEntered="2"/>
    <interval begin="8300.00" end="8400.00" id="inductionLoop.W2" nVehContrib="9" flow="324.00" occupancy="5.87" speed="9.80" harmonicMeanSpeed="7.67" length="5.00" nVehEntered="9"/>
    <interval begin="8400.00" end="8500.00" id="inductionLoop.W2" nVehContrib="3" flow="108.00" occupancy="2.60" speed="7.34" harmonicMeanSpeed="5.76" length="5.00" nVehEntered="3"/>
    <interval begin="8500.00" end="8600.00" id="inductionLoop.W2" nVehContrib="5" flow="180.00" occupancy="1.96" speed="12.83" harmonicMeanSpeed="12.75" length="5.00" nVehEntered="5"/>
    <interval begin="8600.00" end="8700.00" id="inductionLoop.W2" nVehContrib="3" flow="108.00" occupancy="1.89" speed="10.01" harmonicMeanSpeed="7.93" length="5.00" nVehEntered="3"/>
    <interval begin="8700.00" end="8800.00" id="inductionLoop.W2" nVehContrib="7" flow="252.00" occupancy="5.25" speed="8.46" harmonicMeanSpeed="6.67" length="5.00" nVehEntered="7"/>
    <interval begin="8800.00" end="8900.00" id="inductionLoop.W2" nVehContrib="7" flow="252.00" occupancy="6.06" speed="8.74" harmonicMeanSpeed="6.06" length="5.00" nVehEntered="8"/>
    <interval begin="8900.00" end="9000.00" id="inductionLoop.W2" nVehContrib="6" flow="216.00" occupancy="4.39" speed="9.19" harmonicMeanSpeed="6.94" length="5.00" nVehEntered="7"/>
    <interval begin="9000.00" end="9100.00" id="inductionLoop.W2" nVehContrib="6" flow="216.00" occupancy="5.00" speed="9.92" harmonicMeanSpeed="6.60" length="5.00" nVehEntered="7"/>
    <interval begin="9100.00" end="9200.00" id="inductionLoop.W2" nVehContrib="3" flow="108.00" occupancy="1.99" speed="9.45" harmonicMeanSpeed="7.55" length="5.00" nVehEntered="3"/>
    <interval begin="9200.00" end="9300.00" id="inductionLoop.W2" nVehContrib="7" flow="252.00" occupancy="7.42" speed="6.68" harmonicMeanSpeed="4.83" length="5.00" nVehEntered="8"/>
    <interval begin="9300.00" end="9400.00" id="inductionLoop.W2" nVehContrib="5" flow="180.00" occupancy="2.38" speed="11.03" harmonicMeanSpeed="10.51" length="5.00" nVehEntered="5"/>
    <interval begin="9400.00" end="9500.00" id="inductionLoop.W2" nVehContrib="8" flow="288.00" occupancy="4.53" speed="11.11" harmonicMeanSpeed="9.59" length="5.00" nVehEntered="9"/>
    <interval begin="9500.00" end="9600.00" id="inductionLoop.W2" nVehContrib="6" flow="216.00" occupancy="4.95" speed="8.09" harmonicMeanSpeed="6.06" length="5.00" nVehEntered="6"/>
    <interval begin="9600.00" end="9700.00" id="inductionLoop.W2" nVehContrib="1" flow="36.00" occupancy="1.47" speed="4.63" harmonicMeanSpeed="4.63" length="5.00" nVehEntered="2"/>
    <interval begin="9700.00" end="9800.00" id="inductionLoop.W2" nVehContrib="1" flow="36.00" occupancy="1.39" speed="4.69" harmonicMeanSpeed="4.69" length="5.00" nVehEntered="2"/>
    <interval begin="9800.00" end="9900.00" id="inductionLoop.W2" nVehContrib="5" flow="180.00" occupancy="3.47" speed="9.89" harmonicMeanSpeed="7.21" length="5.00" nVehEntered="5"/>
    <interval begin="9900.00" end="10000.00" id="inductionLoop.W2" nVehContrib="3" flow="108.00" occupancy="1.81" speed="12.21" harmonicMeanSpeed="12.12" length="5.00" nVehEntered="5"/>
    <interval begin="10000.00" end="10100.00" id="inductionLoop.W2" nVehContrib="7" flow="252.00" occupancy="5.70" speed="9.28" harmonicMeanSpeed="6.05" length="5.00" nVehEntered="6"/>
    <interval begin="10100.00" end="10200.00" id="inductionLoop.W2" nVehContrib="7" flow="252.00" occupancy="6.86" speed="6.91" harmonicMeanSpeed="5.10" length="5.00" nVehEntered="7"/>
    <interval begin="10200.00" end="10300.00" id="inductionLoop.W2" nVehContrib="3" flow="108.00" occupancy="2.42" speed="8.53" harmonicMeanSpeed="6.20" length="5.00" nVehEntered="3"/>
    <interval begin="10300.00" end="10400.00" id="inductionLoop.W2" nVehContrib="3" flow="108.00" occupancy="1.97" speed="9.08" harmonicMeanSpeed="7.60" length="5.00" nVehEntered="3"/>
    <interval begin="10400.00" end="10500.00" id="inductionLoop.W2" nVehContrib="6" flow="216.00" occupancy="4.40" speed="9.23" harmonicMeanSpeed="6.91" length="5.00" nVehEntered="7"/>
    <interval begin="10500.00" end="10600.00" id="inductionLoop.W2" nVehContrib="4" flow="144.00" occupancy="2.71" speed="10.84" harmonicMeanSpeed="9.03" length="5.00" nVehEntered="5"/>
    <interval begin="10600.00" end="10700.00" id="inductionLoop.W2" nVehContrib="7" flow="252.00" occupancy="6.05" speed="8.15" harmonicMeanSpeed="5.78" length="5.00" nVehEntered="7"/>
    <interval begin="10700.00" end="10800.00" id="inductionLoop.W2" nVehContrib="8" flow="288.00" occupancy="7.24" speed="6.69" harmonicMeanSpeed="5.61" length="5.00" nVehEntered="9"/>
    <interval begin="10800.00" end="10900.00" id="inductionLoop.W2" nVehContrib="6" flow="216.00" occupancy="5.98" speed="7.56" harmonicMeanSpeed="5.02" length="5.00" nVehEntered="6"/>
    <interval begin="10900.00" end="11000.00" id="inductionLoop.W2" nVehContrib="6" flow="216.00" occupancy="5.01" speed="8.11" harmonicMeanSpeed="5.98" length="5.00" nVehEntered="6"/>
    <interval begin="11000.00" end="11100.00" id="inductionLoop.W2" nVehContrib="9" flow="324.00" occupancy="5.39" speed="10.21" harmonicMeanSpeed="8.56" length="5.00" nVehEntered="10"/>
    <interval begin="11100.00" end="11200.00" id="inductionLoop.W2" nVehContrib="7" flow="252.00" occupancy="6.43" speed="7.55" harmonicMeanSpeed="5.80" length="5.00" nVehEntered="9"/>
    <interval begin="11200.00" end="11300.00" id="inductionLoop.W2" nVehContrib="0" flow="0.00" occupancy="0.00" speed="-1.00" harmonicMeanSpeed="-1.00" length="-1.00" nVehEntered="0"/>
    <interval begin="11300.00" end="11400.00" id="inductionLoop.W2" nVehContrib="2" flow="72.00" occupancy="0.73" speed="13.75" harmonicMeanSpeed="13.73" length="5.00" nVehEntered="2"/>
    <interval begin="11400.00" end="11500.00" id="inductionLoop.W2" nVehContrib="3" flow="108.00" occupancy="1.36" speed="12.15" harmonicMeanSpeed="12.14" length="5.00" nVehEntered="4"/>
    <interval begin="11500.00" end="11600.00" id="inductionLoop.W2" nVehContrib="3" flow="108.00" occupancy="3.00" speed="7.17" harmonicMeanSpeed="5.00" length="5.00" nVehEntered="3"/>
    <interval begin="11600.00" end="11700.00" id="inductionLoop.W2" nVehContrib="3" flow="108.00" occupancy="2.61" speed="7.40" harmonicMeanSpeed="5.76" length="5.00" nVehEntered="3"/>
    <interval begin="11700.00" end="11800.00" id="inductionLoop.W2" nVehContrib="3" flow="108.00" occupancy="1.19" speed="12.66" harmonicMeanSpeed="12.62" length="5.00" nVehEntered="3"/>
    <interval begin="11800.00" end="11900.00" id="inductionLoop.W2" nVehContrib="4" flow="144.00" occupancy="1.80" speed="11.66" harmonicMeanSpeed="11.13" length="5.00" nVehEntered="4"/>
    <interval begin="11900.00" end="12000.00" id="inductionLoop.W2" nVehContrib="2" flow="72.00" occupancy="1.03" speed="12.82" harmonicMeanSpeed="12.81" length="5.00" nVehEntered="3"/>
    <interval begin="12000.00" end="12100.00" id="inductionLoop.W2" nVehContrib="1" flow="36.00" occupancy="0.36" speed="13.95" harmonicMeanSpeed="13.95" length="5.00" nVehEntered="1"/>
    <interval begin="12100.00" end="12200.00" id="inductionLoop.W2" nVehContrib="2" flow="72.00" occupancy="0.72" speed="13.90" harmonicMeanSpeed="13.89" length="5.00" nVehEntered="2"/>
    <interval begin="12200.00" end="12300.00" id="inductionLoop.W2" nVehContrib="4" flow="144.00" occupancy="2.35" speed="10.55" harmonicMeanSpeed="8.51" length="5.00" nVehEntered="4"/>
    <interval begin="12300.00" end="12400.00" id="inductionLoop.W2" nVehContrib="3" flow="108.00" occupancy="1.29" speed="12.36" harmonicMeanSpeed="12.26" length="5.00" nVehEntered="4"/>
    <interval begin="12400.00" end="12500.00" id="inductionLoop.W2" nVehContrib="3" flow="108.00" occupancy="1.28" speed="11.83" harmonicMeanSpeed="11.71" length="5.00" nVehEntered="3"/>
    <interval begin="12500.00" end="12600.00" id="inductionLoop.W2" nVehContrib="3" flow="108.00" occupancy="1.20" speed="12.58" harmonicMeanSpeed="12.55" length="5.00" nVehEntered="3"/>
    <interval begin="12600.00" end="12700.00" id="inductionLoop.W2" nVehContrib="8" flow="288.00" occupancy="5.78" speed="9.56" harmonicMeanSpeed="7.11" length="5.00" nVehEntered="9"/>
    <interval begin="12700.00" end="12800.00" id="inductionLoop.W2" nVehContrib="7" flow="252.00" occupancy="4.89" speed="9.80" harmonicMeanSpeed="7.15" length="5.00" nVehEntered="7"/>
    <interval begin="12800.00" end="12900.00" id="inductionLoop.W2" nVehContrib="3" flow="108.00" occupancy="2.07" speed="9.80" harmonicMeanSpeed="7.55" length="5.00" nVehEntered="4"/>
    <interval begin="12900.00" end="13000.00" id="inductionLoop.W2" nVehContrib="2" flow="72.00" occupancy="0.84" speed="13.36" harmonicMeanSpeed="13.36" length="5.00" nVehEntered="3"/>
    <interval begin="13000.00" end="13100.00" id="inductionLoop.W2" nVehContrib="0" flow="0.00" occupancy="0.00" speed="-1.00" harmonicMeanSpeed="-1.00" length="-1.00" nVehEntered="0"/>
    <interval begin="13100.00" end="13200.00" id="inductionLoop.W2" nVehContrib="2" flow="72.00" occupancy="1.79" speed="7.52" harmonicMeanSpeed="5.58" length="5.00" nVehEntered="2"/>
    <interval begin="13200.00" end="13300.00" id="inductionLoop.W2" nVehContrib="1" flow="36.00" occupancy="0.55" speed="14.49" harmonicMeanSpeed="14.49" length="5.00" nVehEntered="2"/>
    <interval begin="13300.00" end="13400.00" id="inductionLoop.W2" nVehContrib="3" flow="108.00" occupancy="1.52" speed="12.92" harmonicMeanSpeed="12.84" length="5.00" nVehEntered="4"/>
    <interval begin="13400.00" end="13500.00" id="inductionLoop.W2" nVehContrib="8" flow="288.00" occupancy="7.70" speed="7.31" harmonicMeanSpeed="5.20" length="5.00" nVehEntered="8"/>
    <interval begin="13500.00" end="13600.00" id="inductionLoop.W2" nVehContrib="8" flow="288.00" occupancy="6.25" speed="8.18" harmonicMeanSpeed="6.40" length="5.00" nVehEntered="8"/>
    <interval begin="13600.00" end="13700.00" id="inductionLoop.W2" nVehContrib="3" flow="108.00" occupancy="1.94" speed="9.99" harmonicMeanSpeed="7.72" length="5.00" nVehEntered="3"/>
    <interval begin="13700.00" end="13800.00" id="inductionLoop.W2" nVehContrib="3" flow="108.00" occupancy="1.44" speed="10.74" harmonicMeanSpeed="10.44" length="5.00" nVehEntered="3"/>
    <interval begin="13800.00" end="13900.00" id="inductionLoop.W2" nVehContrib="5" flow="180.00" occupancy="2.67" speed="11.25" harmonicMeanSpeed="9.35" length="5.00" nVehEntered="5"/>
    <interval begin="13900.00" end="14000.00" id="inductionLoop.W2" nVehContrib="7" flow="252.00" occupancy="7.65" speed="7.31" harmonicMeanSpeed="4.90" length="5.00" nVehEntered="9"/>
    <interval begin="14000.00" end="14100.00" id="inductionLoop.W2" nVehContrib="6" flow="216.00" occupancy="3.63" speed="10.73" harmonicMeanSpeed="8.27" length="5.00" nVehEntered="6"/>
    <interval begin="14100.00" end="14200.00" id="inductionLoop.W2" nVehContrib="7" flow="252.00" occupancy="5.27" speed="9.34" harmonicMeanSpeed="6.69" length="5.00" nVehEntered="8"/>
    <interval begin="14200.00" end="14300.00" id="inductionLoop.W2" nVehContrib="6" flow="216.00" occupancy="3.87" speed="9.72" harmonicMeanSpeed="7.76" length="5.00" nVehEntered="6"/>
    <interval begin="14300.00" end="14400.00" id="inductionLoop.W2" nVehContrib="3" flow="108.00" occupancy="1.79" speed="10.80" harmonicMeanSpeed="8.38" length="5.00" nVehEntered="3"/>
    <interval begin="14400.00" end="14500.00" id="inductionLoop.W2" nVehContrib="5" flow="180.00" occupancy="2.46" speed="11.85" harmonicMeanSpeed="11.43" length="5.00" nVehEntered="6"/>
    <interval begin="14500.00" end="14600.00" id="inductionLoop.W2" nVehContrib="5" flow="180.00" occupancy="8.63" speed="5.41" harmonicMeanSpeed="3.04" length="5.00" nVehEntered="7"/>
    <interval begin="14600.00" end="14700.00" id="inductionLoop.W2" nVehContrib="4" flow="144.00" occupancy="2.27" speed="10.68" harmonicMeanSpeed="8.80" length="5.00" nVehEntered="4"/>
    <interval begin="14700.00" end="14800.00" id="inductionLoop.W2" nVehContrib="1" flow="36.00" occupancy="0.36" speed="13.77" harmonicMeanSpeed="13.77" length="5.00" nVehEntered="1"/>
    <interval begin="14800.00" end="14900.00" id="inductionLoop.W2" nVehContrib="5" flow="180.00" occupancy="2.58" speed="12.27" harmonicMeanSpeed="9.71" length="5.00" nVehEntered="5"/>
    <interval begin="14900.00" end="15000.00" id="inductionLoop.W2" nVehContrib="2" flow="72.00" occupancy="0.77" speed="13.13" harmonicMeanSpeed="13.05" length="5.00" nVehEntered="2"/>
    <interval begin="15000.00" end="15100.00" id="inductionLoop.W2" nVehContrib="4" flow="144.00" occupancy="2.84" speed="8.78" harmonicMeanSpeed="7.05" length="5.00" nVehEntered="4"/>
    <interval begin="15100.00" end="15200.00" id="inductionLoop.W2" nVehContrib="3" flow="108.00" occupancy="3.03" speed="7.49" harmonicMeanSpeed="6.50" length="5.00" nVehEntered="6"/>
    <interval begin="15200.00" end="15300.00" id="inductionLoop.W2" nVehContrib="4" flow="144.00" occupancy="2.96" speed="9.05" harmonicMeanSpeed="6.75" length="5.00" nVehEntered="4"/>
    <interval begin="15300.00" end="15400.00" id="inductionLoop.W2" nVehContrib="0" flow="0.00" occupancy="0.00" speed="-1.00" harmonicMeanSpeed="-1.00" length="-1.00" nVehEntered="0"/>
    <interval begin="15400.00" end="15500.00" id="inductionLoop.W2" nVehContrib="1" flow="36.00" occupancy="0.40" speed="12.46" harmonicMeanSpeed="12.46" length="5.00" nVehEntered="1"/>
    <interval begin="15500.00" end="15600.00" id="inductionLoop.W2" nVehContrib="10" flow="360.00" occupancy="6.98" speed="10.11" harmonicMeanSpeed="8.36" length="5.00" nVehEntered="11"/>
    <interval begin="15600.00" end="15700.00" id="inductionLoop.W2" nVehContrib="3" flow="108.00" occupancy="1.07" speed="9.75" harmonicMeanSpeed="7.26" length="5.00" nVehEntered="2"/>
    <interval begin="15700.00" end="15800.00" id="inductionLoop.W2" nVehContrib="2" flow="72.00" occupancy="0.83" speed="12.31" harmonicMeanSpeed="12.10" length="5.00" nVehEntered="2"/>
    <interval begin="15800.00" end="15900.00" id="inductionLoop.W2" nVehContrib="4" flow="144.00" occupancy="4.20" speed="5.89" harmonicMeanSpeed="4.77" length="5.00" nVehEntered="4"/>
    <interval begin="15900.00" end="16000.00" id="inductionLoop.W2" nVehContrib="2" flow="72.00" occupancy="0.81" speed="12.37" harmonicMeanSpeed="12.32" length="5.00" nVehEntered="2"/>
    <interval begin="16000.00" end="16100.00" id="inductionLoop.W2" nVehContrib="1" flow="36.00" occupancy="0.37" speed="13.58" harmonicMeanSpeed="13.58" length="5.00" nVehEntered="1"/>
    <interval begin="16100.00" end="16200.00" id="inductionLoop.W2" nVehContrib="6" flow="216.00" occupancy="3.66" speed="10.90" harmonicMeanSpeed="8.72" length="5.00" nVehEntered="7"/>
    <interval begin="16200.00" end="16300.00" id="inductionLoop.W2" nVehContrib="8" flow="288.00" occupancy="6.13" speed="9.49" harmonicMeanSpeed="6.52" length="5.00" nVehEntered="8"/>
    <interval begin="16300.00" end="16400.00" id="inductionLoop.W2" nVehContrib="2" flow="72.00" occupancy="0.79" speed="12.65" harmonicMeanSpeed="12.62" length="5.00" nVehEntered="2"/>
    <interval begin="16400.00" end="16500.00" id="inductionLoop.W2" nVehContrib="8" flow="288.00" occupancy="5.87" speed="9.07" harmonicMeanSpeed="6.82" length="5.00" nVehEntered="8"/>
    <interval begin="16500.00" end="16600.00" id="inductionLoop.W2" nVehContrib="2" flow="72.00" occupancy="0.78" speed="12.82" harmonicMeanSpeed="12.82" length="5.00" nVehEntered="2"/>
    <interval begin="16600.00" end="16700.00" id="inductionLoop.W2" nVehContrib="5" flow="180.00" occupancy="4.97" speed="7.48" harmonicMeanSpeed="5.03" length="5.00" nVehEntered="5"/>
    <interval begin="16700.00" end="16800.00" id="inductionLoop.W2" nVehContrib="4" flow="144.00" occupancy="2.57" speed="10.68" harmonicMeanSpeed="7.78" length="5.00" nVehEntered="4"/>
    <interval begin="16800.00" end="16900.00" id="inductionLoop.W2" nVehContrib="3" flow="108.00" occupancy="1.04" speed="14.48" harmonicMeanSpeed="14.42" length="5.00" nVehEntered="3"/>
    <interval begin="16900.00" end="17000.00" id="inductionLoop.W2" nVehContrib="10" flow="360.00" occupancy="8.21" speed="8.71" harmonicMeanSpeed="6.09" length="5.00" nVehEntered="10"/>
    <interval begin="17000.00" end="17100.00" id="inductionLoop.W2" nVehContrib="3" flow="108.00" occupancy="1.05" speed="14.33" harmonicMeanSpeed="14.25" length="5.00" nVehEntered="3"/>
    <interval begin="17100.00" end="17200.00" id="inductionLoop.W2" nVehContrib="8" flow="288.00" occupancy="13.79" speed="5.21" harmonicMeanSpeed="4.18" length="5.00" nVehEntered="10"/>
    <interval begin="17200.00" end="17300.00" id="inductionLoop.W2" nVehContrib="2" flow="72.00" occupancy="0.72" speed="7.54" harmonicMeanSpeed="2.08" length="5.00" nVehEntered="1"/>
    <interval begin="17300.00" end="17400.00" id="inductionLoop.W2" nVehContrib="2" flow="72.00" occupancy="1.47" speed="9.22" harmonicMeanSpeed="6.81" length="5.00" nVehEntered="2"/>
    <interval begin="17400.00" end="17500.00" id="inductionLoop.W2" nVehContrib="7" flow="252.00" occupancy="6.90" speed="6.15" harmonicMeanSpeed="5.20" length="5.00" nVehEntered="8"/>
    <interval begin="17500.00" end="17600.00" id="inductionLoop.W2" nVehContrib="6" flow="216.00" occupancy="4.45" speed="9.37" harmonicMeanSpeed="6.73" length="5.00" nVehEntered="6"/>
    <interval begin="17600.00" end="17700.00" id="inductionLoop.W2" nVehContrib="5" flow="180.00" occupancy="1.86" speed="13.49" harmonicMeanSpeed="13.42" length="5.00" nVehEntered="5"/>
    <interval begin="17700.00" end="17800.00" id="inductionLoop.W2" nVehContrib="7" flow="252.00" occupancy="5.40" speed="8.76" harmonicMeanSpeed="7.02" length="5.00" nVehEntered="8"/>
    <interval begin="17800.00" end="17900.00" id="inductionLoop.W2" nVehContrib="6" flow="216.00" occupancy="3.71" speed="10.40" harmonicMeanSpeed="8.08" length="5.00" nVehEntered="6"/>
    <interval begin="17900.00" end="18000.00" id="inductionLoop.W2" nVehContrib="4" flow="144.00" occupancy="1.55" speed="12.99" harmonicMeanSpeed="12.91" length="5.00" nVehEntered="4"/>
    <interval begin="18000.00" end="18100.00" id="inductionLoop.W2" nVehContrib="5" flow="180.00" occupancy="5.01" speed="7.26" harmonicMeanSpeed="4.99" length="5.00" nVehEntered="5"/>
    <interval begin="18100.00" end="18200.00" id="inductionLoop.W2" nVehContrib="8" flow="288.00" occupancy="5.10" speed="11.05" harmonicMeanSpeed="7.85" length="5.00" nVehEntered="8"/>
    <interval begin="18200.00" end="18300.00" id="inductionLoop.W2" nVehContrib="11" flow="396.00" occupancy="6.55" speed="11.15" harmonicMeanSpeed="8.40" length="5.00" nVehEntered="11"/>
    <interval begin="18300.00" end="18400.00" id="inductionLoop.W2" nVehContrib="2" flow="72.00" occupancy="0.76" speed="13.29" harmonicMeanSpeed="13.23" length="5.00" nVehEntered="2"/>
    <interval begin="18400.00" end="18500.00" id="inductionLoop.W2" nVehContrib="6" flow="216.00" occupancy="3.00" speed="10.78" harmonicMeanSpeed="10.41" length="5.00" nVehEntered="7"/>
    <interval begin="18500.00" end="18600.00" id="inductionLoop.W2" nVehContrib="5" flow="180.00" occupancy="2.02" speed="12.65" harmonicMeanSpeed="12.38" length="5.00" nVehEntered="5"/>
    <interval begin="18600.00" end="18700.00" id="inductionLoop.W2" nVehContrib="9" flow="324.00" occupancy="5.90" speed="10.15" harmonicMeanSpeed="7.62" length="5.00" nVehEntered="9"/>
    <interval begin="18700.00" end="18800.00" id="inductionLoop.W2" nVehContrib="8" flow="288.00" occupancy="5.66" speed="9.47" harmonicMeanSpeed="7.19" length="5.00" nVehEntered="9"/>
    <interval begin="18800.00" end="18900.00" id="inductionLoop.W2" nVehContrib="4" flow="144.00" occupancy="1.48" speed="13.58" harmonicMeanSpeed="13.54" length="5.00" nVehEntered="4"/>
    <interval begin="18900.00" end="19000.00" id="inductionLoop.W2" nVehContrib="7" flow="252.00" occupancy="13.07" speed="9.30" harmonicMeanSpeed="2.90" length="5.00" nVehEntered="8"/>
    <interval begin="19000.00" end="19100.00" id="inductionLoop.W2" nVehContrib="6" flow="216.00" occupancy="4.23" speed="8.33" harmonicMeanSpeed="5.74" length="5.00" nVehEntered="5"/>
    <interval begin="19100.00" end="19200.00" id="inductionLoop.W2" nVehContrib="6" flow="216.00" occupancy="3.33" speed="11.18" harmonicMeanSpeed="9.03" length="5.00" nVehEntered="7"/>
    <interval begin="19200.00" end="19300.00" id="inductionLoop.W2" nVehContrib="8" flow="288.00" occupancy="4.64" speed="10.94" harmonicMeanSpeed="8.61" length="5.00" nVehEntered="8"/>
    <interval begin="19300.00" end="19400.00" id="inductionLoop.W2" nVehContrib="7" flow="252.00" occupancy="2.98" speed="13.46" harmonicMeanSpeed="13.43" length="5.00" nVehEntered="8"/>
    <interval begin="19400.00" end="19500.00" id="inductionLoop.W2" nVehContrib="5" flow="180.00" occupancy="2.23" speed="13.46" harmonicMeanSpeed="13.24" length="5.00" nVehEntered="6"/>
    <interval begin="19500.00" end="19600.00" id="inductionLoop.W2" nVehContrib="9" flow="324.00" occupancy="6.48" speed="10.48" harmonicMeanSpeed="7.12" length="5.00" nVehEntered="11"/>
    <interval begin="19600.00" end="19700.00" id="inductionLoop.W2" nVehContrib="14" flow="504.00" occupancy="18.27" speed="7.69" harmonicMeanSpeed="4.17" length="5.00" nVehEntered="16"/>
    <interval begin="19700.00" end="19800.00" id="inductionLoop.W2" nVehContrib="7" flow="252.00" occupancy="3.68" speed="10.94" harmonicMeanSpeed="10.30" length="5.00" nVehEntered="8"/>
    <interval begin="19800.00" end="19900.00" id="inductionLoop.W2" nVehContrib="8" flow="288.00" occupancy="7.15" speed="7.62" harmonicMeanSpeed="5.91" length="5.00" nVehEntered="9"/>
    <interval begin="19900.00" end="20000.00" id="inductionLoop.W2" nVehContrib="6" flow="216.00" occupancy="3.96" speed="10.33" harmonicMeanSpeed="8.10" length="5.00" nVehEntered="8"/>
    <interval begin="20000.00" end="20100.00" id="inductionLoop.W2" nVehContrib="3" flow="108.00" occupancy="2.26" speed="8.89" harmonicMeanSpeed="7.47" length="5.00" nVehEntered="4"/>
    <interval begin="20100.00" end="20200.00" id="inductionLoop.W2" nVehContrib="8" flow="288.00" occupancy="5.28" speed="10.56" harmonicMeanSpeed="7.57" length="5.00" nVehEntered="8"/>
    <interval begin="20200.00" end="20300.00" id="inductionLoop.W2" nVehContrib="10" flow="360.00" occupancy="22.66" speed="6.79" harmonicMeanSpeed="2.24" length="5.00" nVehEntered="12"/>
    <interval begin="20300.00" end="20400.00" id="inductionLoop.W2" nVehContrib="11" flow="396.00" occupancy="7.99" speed="9.08" harmonicMeanSpeed="7.04" length="5.00" nVehEntered="13"/>
    <interval begin="20400.00" end="20500.00" id="inductionLoop.W2" nVehContrib="6" flow="216.00" occupancy="12.60" speed="10.13" harmonicMeanSpeed="8.05" length="5.00" nVehEntered="7"/>
    <interval begin="20500.00" end="20600.00" id="inductionLoop.W2" nVehContrib="9" flow="324.00" occupancy="14.67" speed="8.64" harmonicMeanSpeed="1.91" length="5.00" nVehEntered="8"/>
    <interval begin="20600.00" end="20700.00" id="inductionLoop.W2" nVehContrib="9" flow="324.00" occupancy="44.43" speed="8.40" harmonicMeanSpeed="1.75" length="5.00" nVehEntered="13"/>
    <interval begin="20700.00" end="20800.00" id="inductionLoop.W2" nVehContrib="14" flow="504.00" occupancy="29.46" speed="7.33" harmonicMeanSpeed="1.48" length="5.00" nVehEntered="14"/>
    <interval begin="20800.00" end="20900.00" id="inductionLoop.W2" nVehContrib="9" flow="324.00" occupancy="6.05" speed="9.56" harmonicMeanSpeed="8.18" length="5.00" nVehEntered="10"/>
    <interval begin="20900.00" end="21000.00" id="inductionLoop.W2" nVehContrib="6" flow="216.00" occupancy="3.16" speed="11.50" harmonicMeanSpeed="9.49" length="5.00" nVehEntered="6"/>
    <interval begin="21000.00" end="21100.00" id="inductionLoop.W2" nVehContrib="14" flow="504.00" occupancy="17.23" speed="7.93" harmonicMeanSpeed="4.20" length="5.00" nVehEntered="17"/>
    <interval begin="21100.00" end="21200.00" id="inductionLoop.W2" nVehContrib="12" flow="432.00" occupancy="9.97" speed="8.05" harmonicMeanSpeed="6.02" length="5.00" nVehEntered="12"/>
    <interval begin="21200.00" end="21300.00" id="inductionLoop.W2" nVehContrib="9" flow="324.00" occupancy="20.96" speed="8.86" harmonicMeanSpeed="2.34" length="5.00" nVehEntered="11"/>
    <interval begin="21300.00" end="21400.00" id="inductionLoop.W2" nVehContrib="10" flow="360.00" occupancy="12.47" speed="9.37" harmonicMeanSpeed="4.15" length="5.00" nVehEntered="12"/>
    <interval begin="21400.00" end="21500.00" id="inductionLoop.W2" nVehContrib="13" flow="468.00" occupancy="16.73" speed="10.08" harmonicMeanSpeed="3.88" length="5.00" nVehEntered="13"/>
    <interval begin="21500.00" end="21600.00" id="inductionLoop.W2" nVehContrib="10" flow="360.00" occupancy="12.22" speed="7.97" harmonicMeanSpeed="4.35" length="5.00" nVehEntered="12"/>
    <interval begin="21600.00" end="21700.00" id="inductionLoop.W2" nVehContrib="11" flow="396.00" occupancy="22.34" speed="9.12" harmonicMeanSpeed="2.54" length="5.00" nVehEntered="14"/>
    <interval begin="21700.00" end="21800.00" id="inductionLoop.W2" nVehContrib="11" flow="396.00" occupancy="17.63" speed="8.46" harmonicMeanSpeed="6.20" length="5.00" nVehEntered="15"/>
    <interval begin="21800.00" end="21900.00" id="inductionLoop.W2" nVehContrib="11" flow="396.00" occupancy="33.01" speed="5.95" harmonicMeanSpeed="1.34" length="5.00" nVehEntered="12"/>
    <interval begin="21900.00" end="22000.00" id="inductionLoop.W2" nVehContrib="12" flow="432.00" occupancy="9.50" speed="9.45" harmonicMeanSpeed="7.29" length="5.00" nVehEntered="13"/>
    <interval begin="22000.00" end="22100.00" id="inductionLoop.W2" nVehContrib="7" flow="252.00" occupancy="39.73" speed="8.00" harmonicMeanSpeed="1.14" length="5.00" nVehEntered="12"/>
    <interval begin="22100.00" end="22200.00" id="inductionLoop.W2" nVehContrib="14" flow="504.00" occupancy="11.37" speed="8.95" harmonicMeanSpeed="3.61" length="5.00" nVehEntered="15"/>
    <interval begin="22200.00" end="22300.00" id="inductionLoop.W2" nVehContrib="8" flow="288.00" occupancy="30.52" speed="7.21" harmonicMeanSpeed="2.01" length="5.00" nVehEntered="11"/>
    <interval begin="22300.00" end="22400.00" id="inductionLoop.W2" nVehContrib="10" flow="360.00" occupancy="21.98" speed="6.68" harmonicMeanSpeed="1.62" length="5.00" nVehEntered="12"/>
    <interval begin="22400.00" end="22500.00" id="inductionLoop.W2" nVehContrib="10" flow="360.00" occupancy="6.31" speed="9.17" harmonicMeanSpeed="7.22" length="5.00" nVehEntered="12"/>
    <interval begin="22500.00" end="22600.00" id="inductionLoop.W2" nVehContrib="9" flow="324.00" occupancy="42.47" speed="10.70" harmonicMeanSpeed="1.89" length="5.00" nVehEntered="11"/>
    <interval begin="22600.00" end="22700.00" id="inductionLoop.W2" nVehContrib="12" flow="432.00" occupancy="31.31" speed="6.58" harmonicMeanSpeed="1.26" length="5.00" nVehEntered="12"/>
    <interval begin="22700.00" end="22800.00" id="inductionLoop.W2" nVehContrib="10" flow="360.00" occupancy="6.53" speed="9.93" harmonicMeanSpeed="7.85" length="5.00" nVehEntered="11"/>
    <interval begin="22800.00" end="22900.00" id="inductionLoop.W2" nVehContrib="16" flow="576.00" occupancy="40.50" speed="7.42" harmonicMeanSpeed="1.97" length="5.00" nVehEntered="15"/>
    <interval begin="22900.00" end="23000.00" id="inductionLoop.W2" nVehContrib="14" flow="504.00" occupancy="63.03" speed="7.59" harmonicMeanSpeed="1.37" length="5.00" nVehEntered="15"/>
    <interval begin="23000.00" end="23100.00" id="inductionLoop.W2" nVehContrib="12" flow="432.00" occupancy="53.04" speed="9.56" harmonicMeanSpeed="1.54" length="5.00" nVehEntered="12"/>
    <interval begin="23100.00" end="23200.00" id="inductionLoop.W2" nVehContrib="16" flow="576.00" occupancy="36.08" speed="8.91" harmonicMeanSpeed="1.30" length="5.00" nVehEntered="16"/>
    <interval begin="23200.00" end="23300.00" id="inductionLoop.W2" nVehContrib="11" flow="396.00" occupancy="26.62" speed="9.42" harmonicMeanSpeed="2.11" length="5.00" nVehEntered="13"/>
    <interval begin="23300.00" end="23400.00" id="inductionLoop.W2" nVehContrib="11" flow="396.00" occupancy="29.75" speed="7.30" harmonicMeanSpeed="1.85" length="5.00" nVehEntered="11"/>
    <interval begin="23400.00" end="23500.00" id="inductionLoop.W2" nVehContrib="8" flow="288.00" occupancy="31.32" speed="10.88" harmonicMeanSpeed="3.86" length="5.00" nVehEntered="11"/>
    <interval begin="23500.00" end="23600.00" id="inductionLoop.W2" nVehContrib="13" flow="468.00" occupancy="16.44" speed="7.07" harmonicMeanSpeed="2.12" length="5.00" nVehEntered="14"/>
    <interval begin="23600.00" end="23700.00" id="inductionLoop.W2" nVehContrib="14" flow="504.00" occupancy="31.13" speed="8.52" harmonicMeanSpeed="2.29" length="5.00" nVehEntered="16"/>
    <interval begin="23700.00" end="23800.00" id="inductionLoop.W2" nVehContrib="8" flow="288.00" occupancy="61.13" speed="6.27" harmonicMeanSpeed="0.68" length="5.00" nVehEntered="11"/>
    <interval begin="23800.00" end="23900.00" id="inductionLoop.W2" nVehContrib="13" flow="468.00" occupancy="34.75" speed="6.68" harmonicMeanSpeed="1.89" length="5.00" nVehEntered="13"/>
    <interval begin="23900.00" end="24000.00" id="inductionLoop.W2" nVehContrib="10" flow="360.00" occupancy="66.69" speed="6.04" harmonicMeanSpeed="0.81" length="5.00" nVehEntered="11"/>
    <interval begin="24000.00" end="24100.00" id="inductionLoop.W2" nVehContrib="14" flow="504.00" occupancy="41.26" speed="6.64" harmonicMeanSpeed="1.70" length="5.00" nVehEntered="15"/>
    <interval begin="24100.00" end="24200.00" id="inductionLoop.W2" nVehContrib="14" flow="504.00" occupancy="42.24" speed="6.91" harmonicMeanSpeed="1.68" length="5.00" nVehEntered="16"/>
    <interval begin="24200.00" end="24300.00" id="inductionLoop.W2" nVehContrib="11" flow="396.00" occupancy="36.03" speed="6.78" harmonicMeanSpeed="1.81" length="5.00" nVehEntered="15"/>
    <interval begin="24300.00" end="24400.00" id="inductionLoop.W2" nVehContrib="8" flow="288.00" occupancy="60.00" speed="4.69" harmonicMeanSpeed="0.63" length="5.00" nVehEntered="8"/>
    <interval begin="24400.00" end="24500.00" id="inductionLoop.W2" nVehContrib="15" flow="540.00" occupancy="55.83" speed="7.15" harmonicMeanSpeed="1.49" length="5.00" nVehEntered="16"/>
    <interval begin="24500.00" end="24600.00" id="inductionLoop.W2" nVehContrib="11" flow="396.00" occupancy="55.95" speed="6.12" harmonicMeanSpeed="0.91" length="5.00" nVehEntered="12"/>
    <interval begin="24600.00" end="24700.00" id="inductionLoop.W2" nVehContrib="15" flow="540.00" occupancy="59.34" speed="8.05" harmonicMeanSpeed="1.37" length="5.00" nVehEntered="17"/>
    <interval begin="24700.00" end="24800.00" id="inductionLoop.W2" nVehContrib="8" flow="288.00" occupancy="70.46" speed="6.59" harmonicMeanSpeed="0.60" length="5.00" nVehEntered="9"/>
    <interval begin="24800.00" end="24900.00" id="inductionLoop.W2" nVehContrib="8" flow="288.00" occupancy="86.39" speed="6.27" harmonicMeanSpeed="0.78" length="5.00" nVehEntered="8"/>
    <interval begin="24900.00" end="25000.00" id="inductionLoop.W2" nVehContrib="9" flow="324.00" occupancy="76.71" speed="6.01" harmonicMeanSpeed="0.38" length="5.00" nVehEntered="8"/>
    <interval begin="25000.00" end="25100.00" id="inductionLoop.W2" nVehContrib="19" flow="684.00" occupancy="67.86" speed="8.38" harmonicMeanSpeed="1.40" length="5.00" nVehEntered="19"/>
    <interval begin="25100.00" end="25200.00" id="inductionLoop.W2" nVehContrib="8" flow="288.00" occupancy="63.95" speed="6.05" harmonicMeanSpeed="0.93" length="5.00" nVehEntered="11"/>
    <interval begin="25200.00" end="25300.00" id="inductionLoop.W2" nVehContrib="10" flow="360.00" occupancy="73.08" speed="5.06" harmonicMeanSpeed="0.54" length="5.00" nVehEntered="11"/>
    <interval begin="25300.00" end="25400.00" id="inductionLoop.W2" nVehContrib="20" flow="720.00" occupancy="67.15" speed="9.01" harmonicMeanSpeed="1.48" length="5.00" nVehEntered="19"/>
    <interval begin="25400.00" end="25500.00" id="inductionLoop.W2" nVehContrib="9" flow="324.00" occupancy="83.99" speed="6.50" harmonicMeanSpeed="0.75" length="5.00" nVehEntered="10"/>
    <interval begin="25500.00" end="25600.00" id="inductionLoop.W2" nVehContrib="8" flow="288.00" occupancy="86.33" speed="6.19" harmonicMeanSpeed="0.69" length="5.00" nVehEntered="8"/>
    <interval begin="25600.00" end="25700.00" id="inductionLoop.W2" nVehContrib="15" flow="540.00" occupancy="75.98" speed="9.42" harmonicMeanSpeed="1.12" length="5.00" nVehEntered="15"/>
    <interval begin="25700.00" end="25800.00" id="inductionLoop.W2" nVehContrib="14" flow="504.00" occupancy="77.39" speed="8.55" harmonicMeanSpeed="0.94" length="5.00" nVehEntered="14"/>
    <interval begin="25800.00" end="25900.00" id="inductionLoop.W2" nVehContrib="14" flow="504.00" occupancy="76.00" speed="7.38" harmonicMeanSpeed="0.50" length="5.00" nVehEntered="14"/>
    <interval begin="25900.00" end="26000.00" id="inductionLoop.W2" nVehContrib="12" flow="432.00" occupancy="81.13" speed="8.39" harmonicMeanSpeed="0.75" length="5.00" nVehEntered="12"/>
    <interval begin="26000.00" end="26100.00" id="inductionLoop.W2" nVehContrib="12" flow="432.00" occupancy="79.83" speed="7.76" harmonicMeanSpeed="0.74" length="5.00" nVehEntered="11"/>
    <interval begin="26100.00" end="26200.00" id="inductionLoop.W2" nVehContrib="16" flow="576.00" occupancy="71.87" speed="8.29" harmonicMeanSpeed="1.11" length="5.00" nVehEntered="16"/>
    <interval begin="26200.00" end="26300.00" id="inductionLoop.W2" nVehContrib="16" flow="576.00" occupancy="74.24" speed="8.31" harmonicMeanSpeed="1.17" length="5.00" nVehEntered="17"/>
    <interval begin="26300.00" end="26400.00" id="inductionLoop.W2" nVehContrib="10" flow="360.00" occupancy="82.67" speed="7.73" harmonicMeanSpeed="0.90" length="5.00" nVehEntered="10"/>
    <interval begin="26400.00" end="26500.00" id="inductionLoop.W2" nVehContrib="15" flow="540.00" occupancy="68.00" speed="9.09" harmonicMeanSpeed="1.39" length="5.00" nVehEntered="15"/>
    <interval begin="26500.00" end="26600.00" id="inductionLoop.W2" nVehContrib="20" flow="720.00" occupancy="54.52" speed="7.73" harmonicMeanSpeed="0.99" length="5.00" nVehEntered="22"/>
    <interval begin="26600.00" end="26700.00" id="inductionLoop.W2" nVehContrib="16" flow="576.00" occupancy="49.36" speed="8.97" harmonicMeanSpeed="1.82" length="5.00" nVehEntered="17"/>
    <interval begin="26700.00" end="26800.00" id="inductionLoop.W2" nVehContrib="14" flow="504.00" occupancy="71.97" speed="7.91" harmonicMeanSpeed="0.93" length="5.00" nVehEntered="14"/>
    <interval begin="26800.00" end="26900.00" id="inductionLoop.W2" nVehContrib="17" flow="612.00" occupancy="69.12" speed="7.35" harmonicMeanSpeed="1.64" length="5.00" nVehEntered="17"/>
    <interval begin="26900.00" end="27000.00" id="inductionLoop.W2" nVehContrib="15" flow="540.00" occupancy="72.30" speed="9.13" harmonicMeanSpeed="1.37" length="5.00" nVehEntered="15"/>
    <interval begin="27000.00" end="27100.00" id="inductionLoop.W2" nVehContrib="20" flow="720.00" occupancy="58.23" speed="7.61" harmonicMeanSpeed="1.15" length="5.00" nVehEntered="21"/>
    <interval begin="27100.00" end="27200.00" id="inductionLoop.W2" nVehContrib="12" flow="432.00" occupancy="65.31" speed="6.87" harmonicMeanSpeed="0.84" length="5.00" nVehEntered="11"/>
    <interval begin="27200.00" end="27300.00" id="inductionLoop.W2" nVehContrib="23" flow="828.00" occupancy="30.25" speed="8.92" harmonicMeanSpeed="4.30" length="5.00" nVehEntered="26"/>
    <interval begin="27300.00" end="27400.00" id="inductionLoop.W2" nVehContrib="15" flow="540.00" occupancy="62.65" speed="7.39" harmonicMeanSpeed="1.20" length="5.00" nVehEntered="15"/>
    <interval begin="27400.00" end="27500.00" id="inductionLoop.W2" nVehContrib="15" flow="540.00" occupancy="69.77" speed="7.38" harmonicMeanSpeed="1.28" length="5.00" nVehEntered="15"/>
    <interval begin="27500.00" end="27600.00" id="inductionLoop.W2" nVehContrib="9" flow="324.00" occupancy="84.52" speed="6.59" harmonicMeanSpeed="0.81" length="5.00" nVehEntered="9"/>
    <interval begin="27600.00" end="27700.00" id="inductionLoop.W2" nVehContrib="9" flow="324.00" occupancy="83.99" speed="6.91" harmonicMeanSpeed="0.80" length="5.00" nVehEntered="9"/>
    <interval begin="27700.00" end="27800.00" id="inductionLoop.W2" nVehContrib="17" flow="612.00" occupancy="74.09" speed="9.69" harmonicMeanSpeed="1.06" length="5.00" nVehEntered="17"/>
    <interval begin="27800.00" end="27900.00" id="inductionLoop.W2" nVehContrib="20" flow="720.00" occupancy="69.49" speed="9.98" harmonicMeanSpeed="0.93" length="5.00" nVehEntered="20"/>
    <interval begin="27900.00" end="28000.00" id="inductionLoop.W2" nVehContrib="21" flow="756.00" occupancy="67.73" speed="9.39" harmonicMeanSpeed="1.21" length="5.00" nVehEntered="21"/>
    <interval begin="28000.00" end="28100.00" id="inductionLoop.W2" nVehContrib="1" flow="36.00" occupancy="97.22" speed="0.05" harmonicMeanSpeed="0.05" length="5.00" nVehEntered="1"/>
    <interval begin="28100.00" end="28200.00" id="inductionLoop.W2" nVehContrib="17" flow="612.00" occupancy="73.81" speed="10.02" harmonicMeanSpeed="9.03" length="5.00" nVehEntered="17"/>
    <interval begin="28200.00" end="28300.00" id="inductionLoop.W2" nVehContrib="22" flow="792.00" occupancy="65.62" speed="10.12" harmonicMeanSpeed="1.05" length="5.00" nVehEntered="22"/>
    <interval begin="28300.00" end="28400.00" id="inductionLoop.W2" nVehContrib="10" flow="360.00" occupancy="83.96" speed="7.61" harmonicMeanSpeed="0.45" length="5.00" nVehEntered="9"/>
    <interval begin="28400.00" end="28500.00" id="inductionLoop.W2" nVehContrib="6" flow="216.00" occupancy="90.31" speed="11.17" harmonicMeanSpeed="10.65" length="5.00" nVehEntered="7"/>
    <interval begin="28500.00" end="28600.00" id="inductionLoop.W2" nVehContrib="15" flow="540.00" occupancy="75.80" speed="9.21" harmonicMeanSpeed="0.75" length="5.00" nVehEntered="15"/>
    <interval begin="28600.00" end="28700.00" id="inductionLoop.W2" nVehContrib="17" flow="612.00" occupancy="73.80" speed="9.40" harmonicMeanSpeed="0.88" length="5.00" nVehEntered="17"/>
    <interval begin="28700.00" end="28800.00" id="inductionLoop.W2" nVehContrib="15" flow="540.00" occupancy="76.33" speed="8.40" harmonicMeanSpeed="0.95" length="5.00" nVehEntered="15"/>
    <interval begin="28800.00" end="28900.00" id="inductionLoop.W2" nVehContrib="18" flow="648.00" occupancy="70.61" speed="9.86" harmonicMeanSpeed="1.25" length="5.00" nVehEntered="18"/>
    <interval begin="28900.00" end="29000.00" id="inductionLoop.W2" nVehContrib="11" flow="396.00" occupancy="82.39" speed="7.47" harmonicMeanSpeed="0.81" length="5.00" nVehEntered="11"/>
    <interval begin="29000.00" end="29100.00" id="inductionLoop.W2" nVehContrib="13" flow="468.00" occupancy="79.65" speed="8.47" harmonicMeanSpeed="0.93" length="5.00" nVehEntered="13"/>
    <interval begin="29100.00" end="29200.00" id="inductionLoop.W2" nVehContrib="19" flow="684.00" occupancy="67.68" speed="7.47" harmonicMeanSpeed="0.74" length="5.00" nVehEntered="19"/>
    <interval begin="29200.00" end="29300.00" id="inductionLoop.W2" nVehContrib="20" flow="720.00" occupancy="67.57" speed="9.27" harmonicMeanSpeed="1.51" length="5.00" nVehEntered="20"/>
    <interval begin="29300.00" end="29400.00" id="inductionLoop.W2" nVehContrib="8" flow="288.00" occupancy="86.47" speed="6.59" harmonicMeanSpeed="0.74" length="5.00" nVehEntered="8"/>
    <interval begin="29400.00" end="29500.00" id="inductionLoop.W2" nVehContrib="13" flow="468.00" occupancy="72.50" speed="7.67" harmonicMeanSpeed="0.62" length="5.00" nVehEntered="13"/>
    <interval begin="29500.00" end="29600.00" id="inductionLoop.W2" nVehContrib="20" flow="720.00" occupancy="51.11" speed="7.83" harmonicMeanSpeed="1.97" length="5.00" nVehEntered="21"/>
    <interval begin="29600.00" end="29700.00" id="inductionLoop.W2" nVehContrib="14" flow="504.00" occupancy="64.22" speed="6.51" harmonicMeanSpeed="1.09" length="5.00" nVehEntered="14"/>
    <interval begin="29700.00" end="29800.00" id="inductionLoop.W2" nVehContrib="15" flow="540.00" occupancy="70.92" speed="8.15" harmonicMeanSpeed="1.47" length="5.00" nVehEntered="17"/>
    <interval begin="29800.00" end="29900.00" id="inductionLoop.W2" nVehContrib="20" flow="720.00" occupancy="60.02" speed="7.66" harmonicMeanSpeed="1.28" length="5.00" nVehEntered="20"/>
    <interval begin="29900.00" end="30000.00" id="inductionLoop.W2" nVehContrib="16" flow="576.00" occupancy="60.50" speed="7.33" harmonicMeanSpeed="1.32" length="5.00" nVehEntered="18"/>
    <interval begin="30000.00" end="30100.00" id="inductionLoop.W2" nVehContrib="20" flow="720.00" occupancy="50.22" speed="7.75" harmonicMeanSpeed="2.01" length="5.00" nVehEntered="21"/>
    <interval begin="30100.00" end="30200.00" id="inductionLoop.W2" nVehContrib="18" flow="648.00" occupancy="48.52" speed="8.35" harmonicMeanSpeed="2.50" length="5.00" nVehEntered="18"/>
    <interval begin="30200.00" end="30300.00" id="inductionLoop.W2" nVehContrib="19" flow="684.00" occupancy="51.24" speed="8.82" harmonicMeanSpeed="1.48" length="5.00" nVehEntered="18"/>
    <interval begin="30300.00" end="30400.00" id="inductionLoop.W2" nVehContrib="18" flow="648.00" occupancy="53.99" speed="7.04" harmonicMeanSpeed="1.67" length="5.00" nVehEntered="19"/>
    <interval begin="30400.00" end="30500.00" id="inductionLoop.W2" nVehContrib="15" flow="540.00" occupancy="29.26" speed="7.96" harmonicMeanSpeed="2.98" length="5.00" nVehEntered="20"/>
    <interval begin="30500.00" end="30600.00" id="inductionLoop.W2" nVehContrib="18" flow="648.00" occupancy="55.69" speed="7.09" harmonicMeanSpeed="1.59" length="5.00" nVehEntered="17"/>
    <interval begin="30600.00" end="30700.00" id="inductionLoop.W2" nVehContrib="18" flow="648.00" occupancy="60.70" speed="9.47" harmonicMeanSpeed="2.07" length="5.00" nVehEntered="19"/>
    <interval begin="30700.00" end="30800.00" id="inductionLoop.W2" nVehContrib="23" flow="828.00" occupancy="31.09" speed="8.72" harmonicMeanSpeed="2.44" length="5.00" nVehEntered="24"/>
    <interval begin="30800.00" end="30900.00" id="inductionLoop.W2" nVehContrib="19" flow="684.00" occupancy="29.52" speed="10.71" harmonicMeanSpeed="3.75" length="5.00" nVehEntered="20"/>
    <interval begin="30900.00" end="31000.00" id="inductionLoop.W2" nVehContrib="23" flow="828.00" occupancy="33.39" speed="9.28" harmonicMeanSpeed="3.09" length="5.00" nVehEntered="23"/>
    <interval begin="31000.00" end="31100.00" id="inductionLoop.W2" nVehContrib="13" flow="468.00" occupancy="30.51" speed="6.01" harmonicMeanSpeed="2.66" length="5.00" nVehEntered="15"/>
    <interval begin="31100.00" end="31200.00" id="inductionLoop.W2" nVehContrib="20" flow="720.00" occupancy="43.30" speed="6.82" harmonicMeanSpeed="2.07" length="5.00" nVehEntered="20"/>
    <interval begin="31200.00" end="31300.00" id="inductionLoop.W2" nVehContrib="14" flow="504.00" occupancy="44.96" speed="8.02" harmonicMeanSpeed="2.29" length="5.00" nVehEntered="17"/>
    <interval begin="31300.00" end="31400.00" id="inductionLoop.W2" nVehContrib="19" flow="684.00" occupancy="35.16" speed="7.14" harmonicMeanSpeed="1.95" length="5.00" nVehEntered="20"/>
    <interval begin="31400.00" end="31500.00" id="inductionLoop.W2" nVehContrib="11" flow="396.00" occupancy="47.88" speed="5.01" harmonicMeanSpeed="1.22" length="5.00" nVehEntered="14"/>
    <interval begin="31500.00" end="31600.00" id="inductionLoop.W2" nVehContrib="16" flow="576.00" occupancy="47.76" speed="6.73" harmonicMeanSpeed="1.69" length="5.00" nVehEntered="17"/>
    <interval begin="31600.00" end="31700.00" id="inductionLoop.W2" nVehContrib="15" flow="540.00" occupancy="43.48" speed="6.54" harmonicMeanSpeed="1.73" length="5.00" nVehEntered="15"/>
    <interval begin="31700.00" end="31800.00" id="inductionLoop.W2" nVehContrib="14" flow="504.00" occupancy="55.68" speed="6.47" harmonicMeanSpeed="1.32" length="5.00" nVehEntered="17"/>
    <interval begin="31800.00" end="31900.00" id="inductionLoop.W2" nVehContrib="19" flow="684.00" occupancy="39.26" speed="7.24" harmonicMeanSpeed="2.34" length="5.00" nVehEntered="18"/>
    <interval begin="31900.00" end="32000.00" id="inductionLoop.W2" nVehContrib="15" flow="540.00" occupancy="58.13" speed="8.78" harmonicMeanSpeed="2.23" length="5.00" nVehEntered="18"/>
    <interval begin="32000.00" end="32100.00" id="inductionLoop.W2" nVehContrib="20" flow="720.00" occupancy="49.19" speed="7.98" harmonicMeanSpeed="1.79" length="5.00" nVehEntered="22"/>
    <interval begin="32100.00" end="32200.00" id="inductionLoop.W2" nVehContrib="21" flow="756.00" occupancy="50.33" speed="8.33" harmonicMeanSpeed="1.69" length="5.00" nVehEntered="21"/>
    <interval begin="32200.00" end="32300.00" id="inductionLoop.W2" nVehContrib="16" flow="576.00" occupancy="51.86" speed="7.53" harmonicMeanSpeed="1.43" length="5.00" nVehEntered="16"/>
    <interval begin="32300.00" end="32400.00" id="inductionLoop.W2" nVehContrib="16" flow="576.00" occupancy="55.59" speed="7.01" harmonicMeanSpeed="1.47" length="5.00" nVehEntered="19"/>
    <interval begin="32400.00" end="32500.00" id="inductionLoop.W2" nVehContrib="15" flow="540.00" occupancy="57.54" speed="7.99" harmonicMeanSpeed="1.31" length="5.00" nVehEntered="16"/>
    <interval begin="32500.00" end="32600.00" id="inductionLoop.W2" nVehContrib="16" flow="576.00" occupancy="44.83" speed="7.84" harmonicMeanSpeed="2.49" length="5.00" nVehEntered="16"/>
    <interval begin="32600.00" end="32700.00" id="inductionLoop.W2" nVehContrib="16" flow="576.00" occupancy="67.97" speed="7.01" harmonicMeanSpeed="0.99" length="5.00" nVehEntered="16"/>
    <interval begin="32700.00" end="32800.00" id="inductionLoop.W2" nVehContrib="21" flow="756.00" occupancy="61.84" speed="9.43" harmonicMeanSpeed="1.71" length="5.00" nVehEntered="22"/>
    <interval begin="32800.00" end="32900.00" id="inductionLoop.W2" nVehContrib="14" flow="504.00" occupancy="65.20" speed="8.45" harmonicMeanSpeed="1.52" length="5.00" nVehEntered="15"/>
    <interval begin="32900.00" end="33000.00" id="inductionLoop.W2" nVehContrib="23" flow="828.00" occupancy="41.79" speed="8.58" harmonicMeanSpeed="1.89" length="5.00" nVehEntered="23"/>
    <interval begin="33000.00" end="33100.00" id="inductionLoop.W2" nVehContrib="17" flow="612.00" occupancy="53.64" speed="6.95" harmonicMeanSpeed="1.59" length="5.00" nVehEntered="19"/>
    <interval begin="33100.00" end="33200.00" id="inductionLoop.W2" nVehContrib="13" flow="468.00" occupancy="74.21" speed="5.95" harmonicMeanSpeed="0.88" length="5.00" nVehEntered="13"/>
    <interval begin="33200.00" end="33300.00" id="inductionLoop.W2" nVehContrib="9" flow="324.00" occupancy="78.69" speed="6.97" harmonicMeanSpeed="0.88" length="5.00" nVehEntered="10"/>
    <interval begin="33300.00" end="33400.00" id="inductionLoop.W2" nVehContrib="14" flow="504.00" occupancy="64.82" speed="9.02" harmonicMeanSpeed="1.29" length="5.00" nVehEntered="14"/>
    <interval begin="33400.00" end="33500.00" id="inductionLoop.W2" nVehContrib="18" flow="648.00" occupancy="46.00" speed="7.15" harmonicMeanSpeed="1.07" length="5.00" nVehEntered="17"/>
    <interval begin="33500.00" end="33600.00" id="inductionLoop.W2" nVehContrib="15" flow="540.00" occupancy="66.04" speed="8.17" harmonicMeanSpeed="1.39" length="5.00" nVehEntered="16"/>
    <interval begin="33600.00" end="33700.00" id="inductionLoop.W2" nVehContrib="14" flow="504.00" occupancy="66.23" speed="7.19" harmonicMeanSpeed="0.90" length="5.00" nVehEntered="14"/>
    <interval begin="33700.00" end="33800.00" id="inductionLoop.W2" nVehContrib="20" flow="720.00" occupancy="42.10" speed="7.59" harmonicMeanSpeed="2.37" length="5.00" nVehEntered="20"/>
    <interval begin="33800.00" end="33900.00" id="inductionLoop.W2" nVehContrib="14" flow="504.00" occupancy="24.16" speed="7.42" harmonicMeanSpeed="2.97" length="5.00" nVehEntered="16"/>
    <interval begin="33900.00" end="34000.00" id="inductionLoop.W2" nVehContrib="13" flow="468.00" occupancy="38.74" speed="7.64" harmonicMeanSpeed="2.20" length="5.00" nVehEntered="15"/>
    <interval begin="34000.00" end="34100.00" id="inductionLoop.W2" nVehContrib="20" flow="720.00" occupancy="40.46" speed="8.96" harmonicMeanSpeed="2.07" length="5.00" nVehEntered="22"/>
    <interval begin="34100.00" end="34200.00" id="inductionLoop.W2" nVehContrib="16" flow="576.00" occupancy="49.42" speed="7.77" harmonicMeanSpeed="1.63" length="5.00" nVehEntered="17"/>
    <interval begin="34200.00" end="34300.00" id="inductionLoop.W2" nVehContrib="13" flow="468.00" occupancy="56.93" speed="7.76" harmonicMeanSpeed="2.65" length="5.00" nVehEntered="16"/>
    <interval begin="34300.00" end="34400.00" id="inductionLoop.W2" nVehContrib="23" flow="828.00" occupancy="45.43" speed="8.36" harmonicMeanSpeed="1.48" length="5.00" nVehEntered="22"/>
    <interval begin="34400.00" end="34500.00" id="inductionLoop.W2" nVehContrib="14" flow="504.00" occupancy="51.04" speed="7.98" harmonicMeanSpeed="1.49" length="5.00" nVehEntered="16"/>
    <interval begin="34500.00" end="34600.00" id="inductionLoop.W2" nVehContrib="14" flow="504.00" occupancy="53.92" speed="6.67" harmonicMeanSpeed="1.23" length="5.00" nVehEntered="14"/>
    <interval begin="34600.00" end="34700.00" id="inductionLoop.W2" nVehContrib="12" flow="432.00" occupancy="64.54" speed="7.85" harmonicMeanSpeed="1.36" length="5.00" nVehEntered="14"/>
    <interval begin="34700.00" end="34800.00" id="inductionLoop.W2" nVehContrib="14" flow="504.00" occupancy="69.12" speed="8.24" harmonicMeanSpeed="0.79" length="5.00" nVehEntered="14"/>
    <interval begin="34800.00" end="34900.00" id="inductionLoop.W2" nVehContrib="17" flow="612.00" occupancy="59.42" speed="7.64" harmonicMeanSpeed="1.47" length="5.00" nVehEntered="18"/>
    <interval begin="34900.00" end="35000.00" id="inductionLoop.W2" nVehContrib="12" flow="432.00" occupancy="67.18" speed="7.52" harmonicMeanSpeed="1.23" length="5.00" nVehEntered="14"/>
    <interval begin="35000.00" end="35100.00" id="inductionLoop.W2" nVehContrib="16" flow="576.00" occupancy="73.70" speed="9.48" harmonicMeanSpeed="1.14" length="5.00" nVehEntered="16"/>
    <interval begin="35100.00" end="35200.00" id="inductionLoop.W2" nVehContrib="13" flow="468.00" occupancy="74.84" speed="8.58" harmonicMeanSpeed="1.10" length="5.00" nVehEntered="13"/>
    <interval begin="35200.00" end="35300.00" id="inductionLoop.W2" nVehContrib="15" flow="540.00" occupancy="74.83" speed="6.73" harmonicMeanSpeed="0.67" length="5.00" nVehEntered="15"/>
    <interval begin="35300.00" end="35400.00" id="inductionLoop.W2" nVehContrib="22" flow="792.00" occupancy="66.71" speed="9.46" harmonicMeanSpeed="1.64" length="5.00" nVehEntered="21"/>
    <interval begin="35400.00" end="35500.00" id="inductionLoop.W2" nVehContrib="14" flow="504.00" occupancy="73.47" speed="8.54" harmonicMeanSpeed="1.20" length="5.00" nVehEntered="15"/>
    <interval begin="35500.00" end="35600.00" id="inductionLoop.W2" nVehContrib="12" flow="432.00" occupancy="68.47" speed="8.50" harmonicMeanSpeed="1.09" length="5.00" nVehEntered="13"/>
    <interval begin="35600.00" end="35700.00" id="inductionLoop.W2" nVehContrib="18" flow="648.00" occupancy="43.81" speed="7.03" harmonicMeanSpeed="1.33" length="5.00" nVehEntered="18"/>
    <interval begin="35700.00" end="35800.00" id="inductionLoop.W2" nVehContrib="17" flow="612.00" occupancy="51.24" speed="7.48" harmonicMeanSpeed="1.67" length="5.00" nVehEntered="18"/>
    <interval begin="35800.00" end="35900.00" id="inductionLoop.W2" nVehContrib="9" flow="324.00" occupancy="69.41" speed="7.03" harmonicMeanSpeed="1.19" length="5.00" nVehEntered="11"/>
    <interval begin="35900.00" end="36000.00" id="inductionLoop.W2" nVehContrib="15" flow="540.00" occupancy="36.47" speed="6.30" harmonicMeanSpeed="1.41" length="5.00" nVehEntered="15"/>
    <interval begin="36000.00" end="36100.00" id="inductionLoop.W2" nVehContrib="15" flow="540.00" occupancy="72.14" speed="6.60" harmonicMeanSpeed="0.86" length="5.00" nVehEntered="14"/>
    <interval begin="36100.00" end="36200.00" id="inductionLoop.W2" nVehContrib="13" flow="468.00" occupancy="77.05" speed="7.54" harmonicMeanSpeed="1.34" length="5.00" nVehEntered="14"/>
    <interval begin="36200.00" end="36300.00" id="inductionLoop.W2" nVehContrib="12" flow="432.00" occupancy="69.84" speed="8.40" harmonicMeanSpeed="1.08" length="5.00" nVehEntered="12"/>
    <interval begin="36300.00" end="36400.00" id="inductionLoop.W2" nVehContrib="24" flow="864.00" occupancy="62.17" speed="8.22" harmonicMeanSpeed="1.14" length="5.00" nVehEntered="23"/>
    <interval begin="36400.00" end="36500.00" id="inductionLoop.W2" nVehContrib="8" flow="288.00" occupancy="69.53" speed="6.56" harmonicMeanSpeed="0.85" length="5.00" nVehEntered="13"/>
    <interval begin="36500.00" end="36600.00" id="inductionLoop.W2" nVehContrib="17" flow="612.00" occupancy="51.35" speed="7.81" harmonicMeanSpeed="1.20" length="5.00" nVehEntered="16"/>
    <interval begin="36600.00" end="36700.00" id="inductionLoop.W2" nVehContrib="16" flow="576.00" occupancy="44.35" speed="8.33" harmonicMeanSpeed="1.80" length="5.00" nVehEntered="16"/>
    <interval begin="36700.00" end="36800.00" id="inductionLoop.W2" nVehContrib="10" flow="360.00" occupancy="57.60" speed="6.60" harmonicMeanSpeed="1.27" length="5.00" nVehEntered="12"/>
    <interval begin="36800.00" end="36900.00" id="inductionLoop.W2" nVehContrib="15" flow="540.00" occupancy="74.79" speed="6.70" harmonicMeanSpeed="0.81" length="5.00" nVehEntered="14"/>
    <interval begin="36900.00" end="37000.00" id="inductionLoop.W2" nVehContrib="17" flow="612.00" occupancy="71.25" speed="9.09" harmonicMeanSpeed="1.36" length="5.00" nVehEntered="18"/>
    <interval begin="37000.00" end="37100.00" id="inductionLoop.W2" nVehContrib="12" flow="432.00" occupancy="79.79" speed="8.66" harmonicMeanSpeed="0.94" length="5.00" nVehEntered="12"/>
    <interval begin="37100.00" end="37200.00" id="inductionLoop.W2" nVehContrib="15" flow="540.00" occupancy="74.70" speed="8.83" harmonicMeanSpeed="1.26" length="5.00" nVehEntered="15"/>
    <interval begin="37200.00" end="37300.00" id="inductionLoop.W2" nVehContrib="14" flow="504.00" occupancy="76.24" speed="6.41" harmonicMeanSpeed="0.60" length="5.00" nVehEntered="13"/>
    <interval begin="37300.00" end="37400.00" id="inductionLoop.W2" nVehContrib="20" flow="720.00" occupancy="63.22" speed="9.27" harmonicMeanSpeed="1.58" length="5.00" nVehEntered="20"/>
    <interval begin="37400.00" end="37500.00" id="inductionLoop.W2" nVehContrib="10" flow="360.00" occupancy="76.56" speed="6.36" harmonicMeanSpeed="0.90" length="5.00" nVehEntered="12"/>
    <interval begin="37500.00" end="37600.00" id="inductionLoop.W2" nVehContrib="10" flow="360.00" occupancy="81.81" speed="6.06" harmonicMeanSpeed="0.49" length="5.00" nVehEntered="10"/>
    <interval begin="37600.00" end="37700.00" id="inductionLoop.W2" nVehContrib="18" flow="648.00" occupancy="49.29" speed="8.52" harmonicMeanSpeed="1.84" length="5.00" nVehEntered="19"/>
    <interval begin="37700.00" end="37800.00" id="inductionLoop.W2" nVehContrib="9" flow="324.00" occupancy="77.61" speed="6.71" harmonicMeanSpeed="0.91" length="5.00" nVehEntered="10"/>
    <interval begin="37800.00" end="37900.00" id="inductionLoop.W2" nVehContrib="8" flow="288.00" occupancy="82.71" speed="6.63" harmonicMeanSpeed="0.72" length="5.00" nVehEntered="9"/>
    <interval begin="37900.00" end="38000.00" id="inductionLoop.W2" nVehContrib="19" flow="684.00" occupancy="67.10" speed="7.26" harmonicMeanSpeed="0.82" length="5.00" nVehEntered="19"/>
    <interval begin="38000.00" end="38100.00" id="inductionLoop.W2" nVehContrib="11" flow="396.00" occupancy="81.25" speed="7.75" harmonicMeanSpeed="0.77" length="5.00" nVehEntered="11"/>
    <interval begin="38100.00" end="38200.00" id="inductionLoop.W2" nVehContrib="14" flow="504.00" occupancy="76.73" speed="8.73" harmonicMeanSpeed="0.86" length="5.00" nVehEntered="14"/>
    <interval begin="38200.00" end="38300.00" id="inductionLoop.W2" nVehContrib="13" flow="468.00" occupancy="79.61" speed="8.48" harmonicMeanSpeed="0.83" length="5.00" nVehEntered="13"/>
    <interval begin="38300.00" end="38400.00" id="inductionLoop.W2" nVehContrib="13" flow="468.00" occupancy="77.78" speed="8.88" harmonicMeanSpeed="0.87" length="5.00" nVehEntered="13"/>
    <interval begin="38400.00" end="38500.00" id="inductionLoop.W2" nVehContrib="9" flow="324.00" occupancy="84.16" speed="6.76" harmonicMeanSpeed="0.62" length="5.00" nVehEntered="9"/>
    <interval begin="38500.00" end="38600.00" id="inductionLoop.W2" nVehContrib="10" flow="360.00" occupancy="83.81" speed="7.01" harmonicMeanSpeed="0.76" length="5.00" nVehEntered="10"/>
    <interval begin="38600.00" end="38700.00" id="inductionLoop.W2" nVehContrib="11" flow="396.00" occupancy="81.89" speed="7.89" harmonicMeanSpeed="0.77" length="5.00" nVehEntered="11"/>
    <interval begin="38700.00" end="38800.00" id="inductionLoop.W2" nVehContrib="13" flow="468.00" occupancy="79.39" speed="8.24" harmonicMeanSpeed="0.86" length="5.00" nVehEntered="13"/>
    <interval begin="38800.00" end="38900.00" id="inductionLoop.W2" nVehContrib="12" flow="432.00" occupancy="80.75" speed="8.32" harmonicMeanSpeed="0.80" length="5.00" nVehEntered="12"/>
    <interval begin="38900.00" end="39000.00" id="inductionLoop.W2" nVehContrib="11" flow="396.00" occupancy="82.25" speed="7.51" harmonicMeanSpeed="0.71" length="5.00" nVehEntered="11"/>
    <interval begin="39000.00" end="39100.00" id="inductionLoop.W2" nVehContrib="9" flow="324.00" occupancy="84.37" speed="6.88" harmonicMeanSpeed="0.58" length="5.00" nVehEntered="9"/>
    <interval begin="39100.00" end="39200.00" id="inductionLoop.W2" nVehContrib="15" flow="540.00" occupancy="74.84" speed="9.33" harmonicMeanSpeed="0.88" length="5.00" nVehEntered="15"/>
    <interval begin="39200.00" end="39300.00" id="inductionLoop.W2" nVehContrib="15" flow="540.00" occupancy="76.03" speed="9.17" harmonicMeanSpeed="0.87" length="5.00" nVehEntered="15"/>
    <interval begin="39300.00" end="39400.00" id="inductionLoop.W2" nVehContrib="11" flow="396.00" occupancy="81.68" speed="7.65" harmonicMeanSpeed="0.58" length="5.00" nVehEntered="11"/>
    <interval begin="39400.00" end="39500.00" id="inductionLoop.W2" nVehContrib="18" flow="648.00" occupancy="70.55" speed="9.36" harmonicMeanSpeed="1.08" length="5.00" nVehEntered="18"/>
    <interval begin="39500.00" end="39600.00" id="inductionLoop.W2" nVehContrib="19" flow="684.00" occupancy="70.02" speed="9.67" harmonicMeanSpeed="0.98" length="5.00" nVehEntered="19"/>
    <interval begin="39600.00" end="39700.00" id="inductionLoop.W2" nVehContrib="6" flow="216.00" occupancy="89.40" speed="5.66" harmonicMeanSpeed="0.33" length="5.00" nVehEntered="6"/>
    <interval begin="39700.00" end="39800.00" id="inductionLoop.W2" nVehContrib="11" flow="396.00" occupancy="8.28" speed="9.89" harmonicMeanSpeed="6.32" length="5.00" nVehEntered="10"/>
    <interval begin="39800.00" end="39900.00" id="inductionLoop.W2" nVehContrib="21" flow="756.00" occupancy="40.86" speed="9.91" harmonicMeanSpeed="9.02" length="5.00" nVehEntered="22"/>
    <interval begin="39900.00" end="40000.00" id="inductionLoop.W2" nVehContrib="15" flow="540.00" occupancy="75.48" speed="9.30" harmonicMeanSpeed="0.76" length="5.00" nVehEntered="15"/>
    <interval begin="40000.00" end="40100.00" id="inductionLoop.W2" nVehContrib="8" flow="288.00" occupancy="86.76" speed="7.15" harmonicMeanSpeed="0.43" length="5.00" nVehEntered="8"/>
    <interval begin="40100.00" end="40200.00" id="inductionLoop.W2" nVehContrib="12" flow="432.00" occupancy="82.42" speed="8.43" harmonicMeanSpeed="0.72" length="5.00" nVehEntered="11"/>
    <interval begin="40200.00" end="40300.00" id="inductionLoop.W2" nVehContrib="11" flow="396.00" occupancy="82.71" speed="8.17" harmonicMeanSpeed="0.66" length="5.00" nVehEntered="11"/>
    <interval begin="40300.00" end="40400.00" id="inductionLoop.W2" nVehContrib="10" flow="360.00" occupancy="83.62" speed="9.58" harmonicMeanSpeed="0.60" length="5.00" nVehEntered="10"/>
    <interval begin="40400.00" end="40500.00" id="inductionLoop.W2" nVehContrib="13" flow="468.00" occupancy="77.25" speed="7.95" harmonicMeanSpeed="0.84" length="5.00" nVehEntered="13"/>
    <interval begin="40500.00" end="40600.00" id="inductionLoop.W2" nVehContrib="13" flow="468.00" occupancy="79.47" speed="8.92" harmonicMeanSpeed="0.82" length="5.00" nVehEntered="14"/>
    <interval begin="40600.00" end="40700.00" id="inductionLoop.W2" nVehContrib="12" flow="432.00" occupancy="81.82" speed="8.86" harmonicMeanSpeed="7.95" length="5.00" nVehEntered="12"/>
    <interval begin="40700.00" end="40800.00" id="inductionLoop.W2" nVehContrib="14" flow="504.00" occupancy="77.35" speed="8.49" harmonicMeanSpeed="0.72" length="5.00" nVehEntered="14"/>
    <interval begin="40800.00" end="40900.00" id="inductionLoop.W2" nVehContrib="15" flow="540.00" occupancy="75.74" speed="9.22" harmonicMeanSpeed="0.98" length="5.00" nVehEntered="15"/>
    <interval begin="40900.00" end="41000.00" id="inductionLoop.W2" nVehContrib="14" flow="504.00" occupancy="76.56" speed="8.79" harmonicMeanSpeed="0.84" length="5.00" nVehEntered="14"/>
    <interval begin="41000.00" end="41100.00" id="inductionLoop.W2" nVehContrib="14" flow="504.00" occupancy="76.03" speed="8.99" harmonicMeanSpeed="0.86" length="5.00" nVehEntered="14"/>
    <interval begin="41100.00" end="41200.00" id="inductionLoop.W2" nVehContrib="18" flow="648.00" occupancy="71.44" speed="9.59" harmonicMeanSpeed="0.95" length="5.00" nVehEntered="18"/>
    <interval begin="41200.00" end="41300.00" id="inductionLoop.W2" nVehContrib="18" flow="648.00" occupancy="72.71" speed="10.02" harmonicMeanSpeed="0.98" length="5.00" nVehEntered="17"/>
    <interval begin="41300.00" end="41400.00" id="inductionLoop.W2" nVehContrib="4" flow="144.00" occupancy="93.27" speed="7.15" harmonicMeanSpeed="0.21" length="5.00" nVehEntered="4"/>
    <interval begin="41400.00" end="41500.00" id="inductionLoop.W2" nVehContrib="20" flow="720.00" occupancy="70.46" speed="9.41" harmonicMeanSpeed="8.41" length="5.00" nVehEntered="21"/>
    <interval begin="41500.00" end="41600.00" id="inductionLoop.W2" nVehContrib="22" flow="792.00" occupancy="65.31" speed="9.63" harmonicMeanSpeed="0.95" length="5.00" nVehEntered="22"/>
    <interval begin="41600.00" end="41700.00" id="inductionLoop.W2" nVehContrib="2" flow="72.00" occupancy="96.20" speed="1.77" harmonicMeanSpeed="0.10" length="5.00" nVehEntered="1"/>
    <interval begin="41700.00" end="41800.00" id="inductionLoop.W2" nVehContrib="23" flow="828.00" occupancy="60.49" speed="11.07" harmonicMeanSpeed="10.63" length="5.00" nVehEntered="25"/>
    <interval begin="41800.00" end="41900.00" id="inductionLoop.W2" nVehContrib="19" flow="684.00" occupancy="70.95" speed="8.64" harmonicMeanSpeed="0.83" length="5.00" nVehEntered="19"/>
    <interval begin="41900.00" end="42000.00" id="inductionLoop.W2" nVehContrib="2" flow="72.00" occupancy="96.51" speed="1.72" harmonicMeanSpeed="0.10" length="5.00" nVehEntered="1"/>
    <interval begin="42000.00" end="42100.00" id="inductionLoop.W2" nVehContrib="15" flow="540.00" occupancy="76.98" speed="10.88" harmonicMeanSpeed="10.18" length="5.00" nVehEntered="16"/>
    <interval begin="42100.00" end="42200.00" id="inductionLoop.W2" nVehContrib="20" flow="720.00" occupancy="69.72" speed="9.59" harmonicMeanSpeed="0.80" length="5.00" nVehEntered="20"/>
    <interval begin="42200.00" end="42300.00" id="inductionLoop.W2" nVehContrib="3" flow="108.00" occupancy="94.44" speed="2.67" harmonicMeanSpeed="0.14" length="5.00" nVehEntered="2"/>
    <interval begin="42300.00" end="42400.00" id="inductionLoop.W2" nVehContrib="13" flow="468.00" occupancy="80.32" speed="10.13" harmonicMeanSpeed="9.70" length="5.00" nVehEntered="14"/>
    <interval begin="42400.00" end="42500.00" id="inductionLoop.W2" nVehContrib="13" flow="468.00" occupancy="78.08" speed="8.94" harmonicMeanSpeed="0.57" length="5.00" nVehEntered="13"/>
    <interval begin="42500.00" end="42600.00" id="inductionLoop.W2" nVehContrib="9" flow="324.00" occupancy="55.48" speed="7.60" harmonicMeanSpeed="0.48" length="5.00" nVehEntered="8"/>
    <interval begin="42600.00" end="42700.00" id="inductionLoop.W2" nVehContrib="3" flow="108.00" occupancy="74.01" speed="5.23" harmonicMeanSpeed="4.54" length="5.00" nVehEntered="6"/>
    <interval begin="42700.00" end="42800.00" id="inductionLoop.W2" nVehContrib="2" flow="72.00" occupancy="13.16" speed="1.67" harmonicMeanSpeed="0.12" length="5.00" nVehEntered="1"/>
    <interval begin="42800.00" end="42900.00" id="inductionLoop.W2" nVehContrib="0" flow="0.00" occupancy="0.00" speed="-1.00" harmonicMeanSpeed="-1.00" length="-1.00" nVehEntered="0"/>
    <interval begin="42900.00" end="43000.00" id="inductionLoop.W2" nVehContrib="0" flow="0.00" occupancy="0.00" speed="-1.00" harmonicMeanSpeed="-1.00" length="-1.00" nVehEntered="0"/>
    <interval begin="43000.00" end="43100.00" id="inductionLoop.W2" nVehContrib="0" flow="0.00" occupancy="0.00" speed="-1.00" harmonicMeanSpeed="-1.00" length="-1.00" nVehEntered="0"/>
    <interval begin="43100.00" end="43200.00" id="inductionLoop.W2" nVehContrib="0" flow="0.00" occupancy="0.00" speed="-1.00" harmonicMeanSpeed="-1.00" length="-1.00" nVehEntered="0"/>
    <interval begin="43200.00" end="43300.00" id="inductionLoop.W2" nVehContrib="9" flow="324.00" occupancy="5.91" speed="10.11" harmonicMeanSpeed="7.61" length="5.00" nVehEntered="9"/>
    <interval begin="43300.00" end="43400.00" id="inductionLoop.W2" nVehContrib="7" flow="252.00" occupancy="29.35" speed="12.56" harmonicMeanSpeed="12.00" length="5.00" nVehEntered="9"/>
    <interval begin="43400.00" end="43500.00" id="inductionLoop.W2" nVehContrib="13" flow="468.00" occupancy="29.82" speed="8.43" harmonicMeanSpeed="1.16" length="5.00" nVehEntered="13"/>
    <interval begin="43500.00" end="43600.00" id="inductionLoop.W2" nVehContrib="8" flow="288.00" occupancy="5.43" speed="8.49" harmonicMeanSpeed="7.37" length="5.00" nVehEntered="8"/>
    <interval begin="43600.00" end="43700.00" id="inductionLoop.W2" nVehContrib="12" flow="432.00" occupancy="63.48" speed="11.96" harmonicMeanSpeed="10.66" length="5.00" nVehEntered="14"/>
    <interval begin="43700.00" end="43800.00" id="inductionLoop.W2" nVehContrib="21" flow="756.00" occupancy="57.74" speed="9.84" harmonicMeanSpeed="1.01" length="5.00" nVehEntered="21"/>
    <interval begin="43800.00" end="43900.00" id="inductionLoop.W2" nVehContrib="0" flow="0.00" occupancy="100.00" speed="-1.00" harmonicMeanSpeed="-1.00" length="-1.00" nVehEntered="0"/>
    <interval begin="43900.00" end="44000.00" id="inductionLoop.W2" nVehContrib="24" flow="864.00" occupancy="62.41" speed="10.36" harmonicMeanSpeed="0.93" length="5.00" nVehEntered="24"/>
    <interval begin="44000.00" end="44100.00" id="inductionLoop.W2" nVehContrib="9" flow="324.00" occupancy="85.63" speed="7.37" harmonicMeanSpeed="0.35" length="5.00" nVehEntered="8"/>
    <interval begin="44100.00" end="44200.00" id="inductionLoop.W2" nVehContrib="11" flow="396.00" occupancy="81.53" speed="10.80" harmonicMeanSpeed="10.55" length="5.00" nVehEntered="12"/>
    <interval begin="44200.00" end="44300.00" id="inductionLoop.W2" nVehContrib="20" flow="720.00" occupancy="69.58" speed="9.83" harmonicMeanSpeed="0.80" length="5.00" nVehEntered="20"/>
    <interval begin="44300.00" end="44400.00" id="inductionLoop.W2" nVehContrib="15" flow="540.00" occupancy="76.09" speed="9.57" harmonicMeanSpeed="0.78" length="5.00" nVehEntered="15"/>
    <interval begin="44400.00" end="44500.00" id="inductionLoop.W2" nVehContrib="4" flow="144.00" occupancy="93.05" speed="9.55" harmonicMeanSpeed="9.19" length="5.00" nVehEntered="4"/>
    <interval begin="44500.00" end="44600.00" id="inductionLoop.W2" nVehContrib="18" flow="648.00" occupancy="71.33" speed="9.80" harmonicMeanSpeed="0.82" length="5.00" nVehEntered="18"/>
    <interval begin="44600.00" end="44700.00" id="inductionLoop.W2" nVehContrib="17" flow="612.00" occupancy="73.14" speed="9.66" harmonicMeanSpeed="0.70" length="5.00" nVehEntered="17"/>
    <interval begin="44700.00" end="44800.00" id="inductionLoop.W2" nVehContrib="0" flow="0.00" occupancy="100.00" speed="-1.00" harmonicMeanSpeed="-1.00" length="-1.00" nVehEntered="0"/>
    <interval begin="44800.00" end="44900.00" id="inductionLoop.W2" nVehContrib="21" flow="756.00" occupancy="64.67" speed="10.26" harmonicMeanSpeed="0.77" length="5.00" nVehEntered="21"/>
    <interval begin="44900.00" end="45000.00" id="inductionLoop.W2" nVehContrib="17" flow="612.00" occupancy="74.38" speed="8.84" harmonicMeanSpeed="0.79" length="5.00" nVehEntered="16"/>
    <interval begin="45000.00" end="45100.00" id="inductionLoop.W2" nVehContrib="12" flow="432.00" occupancy="81.28" speed="10.43" harmonicMeanSpeed="10.26" length="5.00" nVehEntered="13"/>
    <interval begin="45100.00" end="45200.00" id="inductionLoop.W2" nVehContrib="2" flow="72.00" occupancy="97.32" speed="1.92" harmonicMeanSpeed="0.06" length="5.00" nVehEntered="1"/>
    <interval begin="45200.00" end="45300.00" id="inductionLoop.W2" nVehContrib="37" flow="1332.00" occupancy="45.29" speed="10.73" harmonicMeanSpeed="10.41" length="5.00" nVehEntered="38"/>
    <interval begin="45300.00" end="45400.00" id="inductionLoop.W2" nVehContrib="3" flow="108.00" occupancy="93.67" speed="2.92" harmonicMeanSpeed="0.12" length="5.00" nVehEntered="2"/>
    <interval begin="45400.00" end="45500.00" id="inductionLoop.W2" nVehContrib="21" flow="756.00" occupancy="69.87" speed="11.34" harmonicMeanSpeed="10.95" length="5.00" nVehEntered="22"/>
    <interval begin="45500.00" end="45600.00" id="inductionLoop.W2" nVehContrib="17" flow="612.00" occupancy="73.72" speed="9.59" harmonicMeanSpeed="0.63" length="5.00" nVehEntered="17"/>
    <interval begin="45600.00" end="45700.00" id="inductionLoop.W2" nVehContrib="13" flow="468.00" occupancy="80.58" speed="12.04" harmonicMeanSpeed="11.82" length="5.00" nVehEntered="13"/>
    <interval begin="45700.00" end="45800.00" id="inductionLoop.W2" nVehContrib="26" flow="936.00" occupancy="60.54" speed="9.97" harmonicMeanSpeed="1.02" length="5.00" nVehEntered="26"/>
    <interval begin="45800.00" end="45900.00" id="inductionLoop.W2" nVehContrib="0" flow="0.00" occupancy="100.00" speed="-1.00" harmonicMeanSpeed="-1.00" length="-1.00" nVehEntered="0"/>
    <interval begin="45900.00" end="46000.00" id="inductionLoop.W2" nVehContrib="28" flow="1008.00" occupancy="55.56" speed="10.50" harmonicMeanSpeed="0.92" length="5.00" nVehEntered="28"/>
    <interval begin="46000.00" end="46100.00" id="inductionLoop.W2" nVehContrib="0" flow="0.00" occupancy="100.00" speed="-1.00" harmonicMeanSpeed="-1.00" length="-1.00" nVehEntered="0"/>
    <interval begin="46100.00" end="46200.00" id="inductionLoop.W2" nVehContrib="30" flow="1080.00" occupancy="54.61" speed="9.86" harmonicMeanSpeed="1.11" length="5.00" nVehEntered="30"/>
    <interval begin="46200.00" end="46300.00" id="inductionLoop.W2" nVehContrib="0" flow="0.00" occupancy="100.00" speed="-1.00" harmonicMeanSpeed="-1.00" length="-1.00" nVehEntered="0"/>
    <interval begin="46300.00" end="46400.00" id="inductionLoop.W2" nVehContrib="23" flow="828.00" occupancy="65.04" speed="9.33" harmonicMeanSpeed="0.74" length="5.00" nVehEntered="23"/>
    <interval begin="46400.00" end="46500.00" id="inductionLoop.W2" nVehContrib="0" flow="0.00" occupancy="100.00" speed="-1.00" harmonicMeanSpeed="-1.00" length="-1.00" nVehEntered="0"/>
    <interval begin="46500.00" end="46600.00" id="inductionLoop.W2" nVehContrib="13" flow="468.00" occupancy="80.39" speed="8.49" harmonicMeanSpeed="0.29" length="5.00" nVehEntered="12"/>
    <interval begin="46600.00" end="46700.00" id="inductionLoop.W2" nVehContrib="27" flow="972.00" occupancy="59.78" speed="10.71" harmonicMeanSpeed="10.58" length="5.00" nVehEntered="28"/>
    <interval begin="46700.00" end="46800.00" id="inductionLoop.W2" nVehContrib="16" flow="576.00" occupancy="76.20" speed="9.87" harmonicMeanSpeed="0.65" length="5.00" nVehEntered="15"/>
    <interval begin="46800.00" end="46900.00" id="inductionLoop.W2" nVehContrib="8" flow="288.00" occupancy="86.63" speed="10.03" harmonicMeanSpeed="9.72" length="5.00" nVehEntered="9"/>
    <interval begin="46900.00" end="47000.00" id="inductionLoop.W2" nVehContrib="20" flow="720.00" occupancy="69.01" speed="8.08" harmonicMeanSpeed="0.86" length="5.00" nVehEntered="20"/>
    <interval begin="47000.00" end="47100.00" id="inductionLoop.W2" nVehContrib="15" flow="540.00" occupancy="77.04" speed="8.48" harmonicMeanSpeed="0.67" length="5.00" nVehEntered="15"/>
    <interval begin="47100.00" end="47200.00" id="inductionLoop.W2" nVehContrib="9" flow="324.00" occupancy="87.64" speed="10.69" harmonicMeanSpeed="10.36" length="5.00" nVehEntered="9"/>
    <interval begin="47200.00" end="47300.00" id="inductionLoop.W2" nVehContrib="27" flow="972.00" occupancy="58.47" speed="10.99" harmonicMeanSpeed="1.02" length="5.00" nVehEntered="27"/>
    <interval begin="47300.00" end="47400.00" id="inductionLoop.W2" nVehContrib="0" flow="0.00" occupancy="100.00" speed="-1.00" harmonicMeanSpeed="-1.00" length="-1.00" nVehEntered="0"/>
    <interval begin="47400.00" end="47500.00" id="inductionLoop.W2" nVehContrib="27" flow="972.00" occupancy="58.60" speed="9.30" harmonicMeanSpeed="0.89" length="5.00" nVehEntered="27"/>
    <interval begin="47500.00" end="47600.00" id="inductionLoop.W2" nVehContrib="0" flow="0.00" occupancy="100.00" speed="-1.00" harmonicMeanSpeed="-1.00" length="-1.00" nVehEntered="0"/>
    <interval begin="47600.00" end="47700.00" id="inductionLoop.W2" nVehContrib="30" flow="1080.00" occupancy="53.74" speed="10.07" harmonicMeanSpeed="1.03" length="5.00" nVehEntered="30"/>
    <interval begin="47700.00" end="47800.00" id="inductionLoop.W2" nVehContrib="0" flow="0.00" occupancy="100.00" speed="-1.00" harmonicMeanSpeed="-1.00" length="-1.00" nVehEntered="0"/>
    <interval begin="47800.00" end="47900.00" id="inductionLoop.W2" nVehContrib="28" flow="1008.00" occupancy="56.26" speed="10.24" harmonicMeanSpeed="0.99" length="5.00" nVehEntered="28"/>
    <interval begin="47900.00" end="48000.00" id="inductionLoop.W2" nVehContrib="0" flow="0.00" occupancy="100.00" speed="-1.00" harmonicMeanSpeed="-1.00" length="-1.00" nVehEntered="0"/>
    <interval begin="48000.00" end="48100.00" id="inductionLoop.W2" nVehContrib="33" flow="1188.00" occupancy="51.04" speed="10.22" harmonicMeanSpeed="0.99" length="5.00" nVehEntered="33"/>
    <interval begin="48100.00" end="48200.00" id="inductionLoop.W2" nVehContrib="0" flow="0.00" occupancy="100.00" speed="-1.00" harmonicMeanSpeed="-1.00" length="-1.00" nVehEntered="0"/>
    <interval begin="48200.00" end="48300.00" id="inductionLoop.W2" nVehContrib="32" flow="1152.00" occupancy="51.18" speed="10.32" harmonicMeanSpeed="0.91" length="5.00" nVehEntered="32"/>
    <interval begin="48300.00" end="48400.00" id="inductionLoop.W2" nVehContrib="3" flow="108.00" occupancy="95.23" speed="8.69" harmonicMeanSpeed="8.53" length="5.00" nVehEntered="3"/>
    <interval begin="48400.00" end="48500.00" id="inductionLoop.W2" nVehContrib="13" flow="468.00" occupancy="79.51" speed="8.61" harmonicMeanSpeed="0.37" length="5.00" nVehEntered="12"/>
    <interval begin="48500.00" end="48600.00" id="inductionLoop.W2" nVehContrib="28" flow="1008.00" occupancy="58.90" speed="10.89" harmonicMeanSpeed="10.79" length="5.00" nVehEntered="29"/>
    <interval begin="48600.00" end="48700.00" id="inductionLoop.W2" nVehContrib="0" flow="0.00" occupancy="100.00" speed="-1.00" harmonicMeanSpeed="-1.00" length="-1.00" nVehEntered="0"/>
    <interval begin="48700.00" end="48800.00" id="inductionLoop.W2" nVehContrib="26" flow="936.00" occupancy="59.94" speed="10.20" harmonicMeanSpeed="0.75" length="5.00" nVehEntered="26"/>
    <interval begin="48800.00" end="48900.00" id="inductionLoop.W2" nVehContrib="0" flow="0.00" occupancy="100.00" speed="-1.00" harmonicMeanSpeed="-1.00" length="-1.00" nVehEntered="0"/>
    <interval begin="48900.00" end="49000.00" id="inductionLoop.W2" nVehContrib="15" flow="540.00" occupancy="78.05" speed="9.04" harmonicMeanSpeed="0.36" length="5.00" nVehEntered="14"/>
    <interval begin="49000.00" end="49100.00" id="inductionLoop.W2" nVehContrib="19" flow="684.00" occupancy="71.51" speed="11.11" harmonicMeanSpeed="10.89" length="5.00" nVehEntered="20"/>
    <interval begin="49100.00" end="49200.00" id="inductionLoop.W2" nVehContrib="0" flow="0.00" occupancy="100.00" speed="-1.00" harmonicMeanSpeed="-1.00" length="-1.00" nVehEntered="0"/>
    <interval begin="49200.00" end="49300.00" id="inductionLoop.W2" nVehContrib="22" flow="792.00" occupancy="66.82" speed="9.92" harmonicMeanSpeed="0.48" length="5.00" nVehEntered="22"/>
    <interval begin="49300.00" end="49400.00" id="inductionLoop.W2" nVehContrib="14" flow="504.00" occupancy="78.22" speed="11.16" harmonicMeanSpeed="11.07" length="5.00" nVehEntered="14"/>
    <interval begin="49400.00" end="49500.00" id="inductionLoop.W2" nVehContrib="0" flow="0.00" occupancy="100.00" speed="-1.00" harmonicMeanSpeed="-1.00" length="-1.00" nVehEntered="0"/>
    <interval begin="49500.00" end="49600.00" id="inductionLoop.W2" nVehContrib="38" flow="1368.00" occupancy="41.69" speed="10.54" harmonicMeanSpeed="0.96" length="5.00" nVehEntered="38"/>
    <interval begin="49600.00" end="49700.00" id="inductionLoop.W2" nVehContrib="0" flow="0.00" occupancy="100.00" speed="-1.00" harmonicMeanSpeed="-1.00" length="-1.00" nVehEntered="0"/>
    <interval begin="49700.00" end="49800.00" id="inductionLoop.W2" nVehContrib="27" flow="972.00" occupancy="59.75" speed="10.54" harmonicMeanSpeed="0.77" length="5.00" nVehEntered="26"/>
    <interval begin="49800.00" end="49900.00" id="inductionLoop.W2" nVehContrib="11" flow="396.00" occupancy="79.34" speed="11.51" harmonicMeanSpeed="11.23" length="5.00" nVehEntered="12"/>
    <interval begin="49900.00" end="50000.00" id="inductionLoop.W2" nVehContrib="0" flow="0.00" occupancy="100.00" speed="-1.00" harmonicMeanSpeed="-1.00" length="-1.00" nVehEntered="0"/>
    <interval begin="50000.00" end="50013.00" id="inductionLoop.W2" nVehContrib="1" flow="276.92" occupancy="85.82" speed="0.03" harmonicMeanSpeed="0.03" length="5.00" nVehEntered="0"/>
</detector>
