<?xml version="1.0" encoding="UTF-8"?>

<!-- generated on 2023-07-22 15:19:01 by Eclipse SUMO sumo Version 1.12.0
<configuration xmlns:xsi="http://www.w3.org/2001/XMLSchema-instance" xsi:noNamespaceSchemaLocation="http://sumo.dlr.de/xsd/sumoConfiguration.xsd">

    <input>
        <net-file value="Data0-20/intersection.net.xml"/>
        <route-files value="Data0-20/intersection.rou.xml"/>
        <additional-files value="Data0-20/intersection.det.xml"/>
    </input>

    <output>
        <tripinfo-output value="Data0-20/tripinfo.xml"/>
    </output>

    <time>
        <begin value="0"/>
    </time>

    <processing>
        <time-to-teleport value="-1"/>
        <waiting-time-memory value="60000"/>
    </processing>

    <report>
        <verbose value="true"/>
        <no-step-log value="true"/>
    </report>

    <emissions>
        <device.emissions.probability value="1"/>
    </emissions>

    <traci_server>
        <remote-port value="43135"/>
    </traci_server>

    <gui_only>
        <gui-settings-file value="Data0-20/intersection.settings.xml"/>
    </gui_only>

</configuration>
-->

<detector xmlns:xsi="http://www.w3.org/2001/XMLSchema-instance" xsi:noNamespaceSchemaLocation="http://sumo.dlr.de/xsd/det_e1_file.xsd">
    <interval begin="0.00" end="100.00" id="inductionLoop.S0" nVehContrib="6" flow="216.00" occupancy="10.13" speed="8.54" harmonicMeanSpeed="3.13" length="5.00" nVehEntered="7"/>
    <interval begin="100.00" end="200.00" id="inductionLoop.S0" nVehContrib="14" flow="504.00" occupancy="49.04" speed="5.23" harmonicMeanSpeed="1.44" length="5.00" nVehEntered="14"/>
    <interval begin="200.00" end="300.00" id="inductionLoop.S0" nVehContrib="9" flow="324.00" occupancy="58.28" speed="6.93" harmonicMeanSpeed="0.77" length="5.00" nVehEntered="10"/>
    <interval begin="300.00" end="400.00" id="inductionLoop.S0" nVehContrib="8" flow="288.00" occupancy="38.78" speed="5.30" harmonicMeanSpeed="1.06" length="5.00" nVehEntered="10"/>
    <interval begin="400.00" end="500.00" id="inductionLoop.S0" nVehContrib="13" flow="468.00" occupancy="31.57" speed="6.75" harmonicMeanSpeed="3.50" length="5.00" nVehEntered="14"/>
    <interval begin="500.00" end="600.00" id="inductionLoop.S0" nVehContrib="11" flow="396.00" occupancy="45.59" speed="2.42" harmonicMeanSpeed="0.98" length="5.00" nVehEntered="11"/>
    <interval begin="600.00" end="700.00" id="inductionLoop.S0" nVehContrib="14" flow="504.00" occupancy="64.30" speed="4.30" harmonicMeanSpeed="1.59" length="5.00" nVehEntered="14"/>
    <interval begin="700.00" end="800.00" id="inductionLoop.S0" nVehContrib="16" flow="576.00" occupancy="65.06" speed="4.35" harmonicMeanSpeed="0.91" length="5.00" nVehEntered="15"/>
    <interval begin="800.00" end="900.00" id="inductionLoop.S0" nVehContrib="11" flow="396.00" occupancy="34.64" speed="2.09" harmonicMeanSpeed="1.72" length="5.00" nVehEntered="12"/>
    <interval begin="900.00" end="1000.00" id="inductionLoop.S0" nVehContrib="12" flow="432.00" occupancy="67.61" speed="4.06" harmonicMeanSpeed="0.85" length="5.00" nVehEntered="11"/>
    <interval begin="1000.00" end="1100.00" id="inductionLoop.S0" nVehContrib="9" flow="324.00" occupancy="27.62" speed="4.69" harmonicMeanSpeed="1.92" length="5.00" nVehEntered="10"/>
    <interval begin="1100.00" end="1200.00" id="inductionLoop.S0" nVehContrib="11" flow="396.00" occupancy="32.50" speed="7.56" harmonicMeanSpeed="2.79" length="5.00" nVehEntered="12"/>
    <interval begin="1200.00" end="1300.00" id="inductionLoop.S0" nVehContrib="12" flow="432.00" occupancy="43.13" speed="6.44" harmonicMeanSpeed="1.14" length="5.00" nVehEntered="14"/>
    <interval begin="1300.00" end="1400.00" id="inductionLoop.S0" nVehContrib="10" flow="360.00" occupancy="54.72" speed="3.01" harmonicMeanSpeed="0.89" length="5.00" nVehEntered="9"/>
    <interval begin="1400.00" end="1500.00" id="inductionLoop.S0" nVehContrib="14" flow="504.00" occupancy="42.28" speed="6.10" harmonicMeanSpeed="1.66" length="5.00" nVehEntered="14"/>
    <interval begin="1500.00" end="1600.00" id="inductionLoop.S0" nVehContrib="10" flow="360.00" occupancy="49.08" speed="2.99" harmonicMeanSpeed="1.05" length="5.00" nVehEntered="12"/>
    <interval begin="1600.00" end="1700.00" id="inductionLoop.S0" nVehContrib="13" flow="468.00" occupancy="51.89" speed="5.19" harmonicMeanSpeed="1.26" length="5.00" nVehEntered="13"/>
    <interval begin="1700.00" end="1800.00" id="inductionLoop.S0" nVehContrib="16" flow="576.00" occupancy="40.08" speed="6.36" harmonicMeanSpeed="3.18" length="5.00" nVehEntered="16"/>
    <interval begin="1800.00" end="1900.00" id="inductionLoop.S0" nVehContrib="13" flow="468.00" occupancy="49.88" speed="3.13" harmonicMeanSpeed="1.00" length="5.00" nVehEntered="13"/>
    <interval begin="1900.00" end="2000.00" id="inductionLoop.S0" nVehContrib="15" flow="540.00" occupancy="68.86" speed="3.60" harmonicMeanSpeed="1.49" length="5.00" nVehEntered="15"/>
    <interval begin="2000.00" end="2100.00" id="inductionLoop.S0" nVehContrib="16" flow="576.00" occupancy="36.96" speed="5.21" harmonicMeanSpeed="1.42" length="5.00" nVehEntered="15"/>
    <interval begin="2100.00" end="2200.00" id="inductionLoop.S0" nVehContrib="9" flow="324.00" occupancy="24.44" speed="8.45" harmonicMeanSpeed="2.00" length="5.00" nVehEntered="11"/>
    <interval begin="2200.00" end="2300.00" id="inductionLoop.S0" nVehContrib="9" flow="324.00" occupancy="25.52" speed="7.71" harmonicMeanSpeed="1.75" length="5.00" nVehEntered="8"/>
    <interval begin="2300.00" end="2400.00" id="inductionLoop.S0" nVehContrib="12" flow="432.00" occupancy="21.38" speed="8.80" harmonicMeanSpeed="7.40" length="5.00" nVehEntered="13"/>
    <interval begin="2400.00" end="2500.00" id="inductionLoop.S0" nVehContrib="11" flow="396.00" occupancy="32.60" speed="8.58" harmonicMeanSpeed="1.42" length="5.00" nVehEntered="11"/>
    <interval begin="2500.00" end="2600.00" id="inductionLoop.S0" nVehContrib="10" flow="360.00" occupancy="33.32" speed="6.97" harmonicMeanSpeed="1.24" length="5.00" nVehEntered="9"/>
    <interval begin="2600.00" end="2700.00" id="inductionLoop.S0" nVehContrib="15" flow="540.00" occupancy="32.00" speed="6.12" harmonicMeanSpeed="2.34" length="5.00" nVehEntered="15"/>
    <interval begin="2700.00" end="2800.00" id="inductionLoop.S0" nVehContrib="15" flow="540.00" occupancy="44.23" speed="5.17" harmonicMeanSpeed="1.70" length="5.00" nVehEntered="15"/>
    <interval begin="2800.00" end="2900.00" id="inductionLoop.S0" nVehContrib="13" flow="468.00" occupancy="41.24" speed="4.92" harmonicMeanSpeed="1.59" length="5.00" nVehEntered="14"/>
    <interval begin="2900.00" end="3000.00" id="inductionLoop.S0" nVehContrib="16" flow="576.00" occupancy="24.03" speed="7.97" harmonicMeanSpeed="3.48" length="5.00" nVehEntered="17"/>
    <interval begin="3000.00" end="3100.00" id="inductionLoop.S0" nVehContrib="14" flow="504.00" occupancy="23.91" speed="8.32" harmonicMeanSpeed="2.93" length="5.00" nVehEntered="14"/>
    <interval begin="3100.00" end="3200.00" id="inductionLoop.S0" nVehContrib="10" flow="360.00" occupancy="51.97" speed="5.69" harmonicMeanSpeed="1.01" length="5.00" nVehEntered="12"/>
    <interval begin="3200.00" end="3300.00" id="inductionLoop.S0" nVehContrib="15" flow="540.00" occupancy="53.98" speed="5.56" harmonicMeanSpeed="1.37" length="5.00" nVehEntered="15"/>
    <interval begin="3300.00" end="3400.00" id="inductionLoop.S0" nVehContrib="12" flow="432.00" occupancy="30.00" speed="9.05" harmonicMeanSpeed="8.25" length="5.00" nVehEntered="13"/>
    <interval begin="3400.00" end="3500.00" id="inductionLoop.S0" nVehContrib="9" flow="324.00" occupancy="26.88" speed="6.74" harmonicMeanSpeed="0.91" length="5.00" nVehEntered="8"/>
    <interval begin="3500.00" end="3600.00" id="inductionLoop.S0" nVehContrib="10" flow="360.00" occupancy="7.70" speed="10.42" harmonicMeanSpeed="7.01" length="5.00" nVehEntered="11"/>
    <interval begin="3600.00" end="3700.00" id="inductionLoop.S0" nVehContrib="12" flow="432.00" occupancy="28.80" speed="9.23" harmonicMeanSpeed="2.45" length="5.00" nVehEntered="13"/>
    <interval begin="3700.00" end="3800.00" id="inductionLoop.S0" nVehContrib="12" flow="432.00" occupancy="17.99" speed="7.48" harmonicMeanSpeed="3.42" length="5.00" nVehEntered="13"/>
    <interval begin="3800.00" end="3900.00" id="inductionLoop.S0" nVehContrib="14" flow="504.00" occupancy="20.27" speed="8.59" harmonicMeanSpeed="3.83" length="5.00" nVehEntered="15"/>
    <interval begin="3900.00" end="4000.00" id="inductionLoop.S0" nVehContrib="9" flow="324.00" occupancy="50.28" speed="4.00" harmonicMeanSpeed="0.96" length="5.00" nVehEntered="10"/>
    <interval begin="4000.00" end="4100.00" id="inductionLoop.S0" nVehContrib="17" flow="612.00" occupancy="21.68" speed="5.80" harmonicMeanSpeed="4.11" length="5.00" nVehEntered="18"/>
    <interval begin="4100.00" end="4200.00" id="inductionLoop.S0" nVehContrib="16" flow="576.00" occupancy="33.02" speed="5.70" harmonicMeanSpeed="2.52" length="5.00" nVehEntered="17"/>
    <interval begin="4200.00" end="4300.00" id="inductionLoop.S0" nVehContrib="15" flow="540.00" occupancy="54.73" speed="6.57" harmonicMeanSpeed="1.75" length="5.00" nVehEntered="15"/>
    <interval begin="4300.00" end="4400.00" id="inductionLoop.S0" nVehContrib="9" flow="324.00" occupancy="16.61" speed="9.55" harmonicMeanSpeed="1.55" length="5.00" nVehEntered="9"/>
    <interval begin="4400.00" end="4500.00" id="inductionLoop.S0" nVehContrib="13" flow="468.00" occupancy="36.38" speed="8.26" harmonicMeanSpeed="2.11" length="5.00" nVehEntered="14"/>
    <interval begin="4500.00" end="4600.00" id="inductionLoop.S0" nVehContrib="11" flow="396.00" occupancy="21.16" speed="6.40" harmonicMeanSpeed="2.60" length="5.00" nVehEntered="11"/>
    <interval begin="4600.00" end="4700.00" id="inductionLoop.S0" nVehContrib="16" flow="576.00" occupancy="18.61" speed="7.72" harmonicMeanSpeed="4.30" length="5.00" nVehEntered="16"/>
    <interval begin="4700.00" end="4800.00" id="inductionLoop.S0" nVehContrib="6" flow="216.00" occupancy="10.04" speed="10.66" harmonicMeanSpeed="10.11" length="5.00" nVehEntered="7"/>
    <interval begin="4800.00" end="4900.00" id="inductionLoop.S0" nVehContrib="11" flow="396.00" occupancy="8.28" speed="7.71" harmonicMeanSpeed="3.58" length="5.00" nVehEntered="10"/>
    <interval begin="4900.00" end="5000.00" id="inductionLoop.S0" nVehContrib="5" flow="180.00" occupancy="2.65" speed="11.56" harmonicMeanSpeed="11.26" length="5.00" nVehEntered="6"/>
    <interval begin="5000.00" end="5100.00" id="inductionLoop.S0" nVehContrib="10" flow="360.00" occupancy="5.30" speed="9.75" harmonicMeanSpeed="9.44" length="5.00" nVehEntered="10"/>
    <interval begin="5100.00" end="5200.00" id="inductionLoop.S0" nVehContrib="11" flow="396.00" occupancy="35.64" speed="6.95" harmonicMeanSpeed="3.89" length="5.00" nVehEntered="12"/>
    <interval begin="5200.00" end="5300.00" id="inductionLoop.S0" nVehContrib="17" flow="612.00" occupancy="28.76" speed="4.77" harmonicMeanSpeed="1.69" length="5.00" nVehEntered="16"/>
    <interval begin="5300.00" end="5400.00" id="inductionLoop.S0" nVehContrib="13" flow="468.00" occupancy="25.54" speed="8.05" harmonicMeanSpeed="2.98" length="5.00" nVehEntered="15"/>
    <interval begin="5400.00" end="5500.00" id="inductionLoop.S0" nVehContrib="11" flow="396.00" occupancy="41.04" speed="5.84" harmonicMeanSpeed="1.25" length="5.00" nVehEntered="11"/>
    <interval begin="5500.00" end="5600.00" id="inductionLoop.S0" nVehContrib="10" flow="360.00" occupancy="5.40" speed="10.17" harmonicMeanSpeed="9.32" length="5.00" nVehEntered="11"/>
    <interval begin="5600.00" end="5700.00" id="inductionLoop.S0" nVehContrib="11" flow="396.00" occupancy="6.79" speed="9.61" harmonicMeanSpeed="8.38" length="5.00" nVehEntered="12"/>
    <interval begin="5700.00" end="5800.00" id="inductionLoop.S0" nVehContrib="9" flow="324.00" occupancy="10.50" speed="8.43" harmonicMeanSpeed="4.29" length="5.00" nVehEntered="9"/>
    <interval begin="5800.00" end="5900.00" id="inductionLoop.S0" nVehContrib="10" flow="360.00" occupancy="27.74" speed="8.52" harmonicMeanSpeed="1.80" length="5.00" nVehEntered="10"/>
    <interval begin="5900.00" end="6000.00" id="inductionLoop.S0" nVehContrib="7" flow="252.00" occupancy="3.10" speed="11.56" harmonicMeanSpeed="11.30" length="5.00" nVehEntered="7"/>
    <interval begin="6000.00" end="6100.00" id="inductionLoop.S0" nVehContrib="9" flow="324.00" occupancy="22.06" speed="8.48" harmonicMeanSpeed="2.07" length="5.00" nVehEntered="11"/>
    <interval begin="6100.00" end="6200.00" id="inductionLoop.S0" nVehContrib="17" flow="612.00" occupancy="37.09" speed="6.37" harmonicMeanSpeed="2.28" length="5.00" nVehEntered="16"/>
    <interval begin="6200.00" end="6300.00" id="inductionLoop.S0" nVehContrib="16" flow="576.00" occupancy="43.08" speed="7.83" harmonicMeanSpeed="1.89" length="5.00" nVehEntered="17"/>
    <interval begin="6300.00" end="6400.00" id="inductionLoop.S0" nVehContrib="7" flow="252.00" occupancy="14.48" speed="9.85" harmonicMeanSpeed="2.42" length="5.00" nVehEntered="7"/>
    <interval begin="6400.00" end="6500.00" id="inductionLoop.S0" nVehContrib="11" flow="396.00" occupancy="5.28" speed="10.73" harmonicMeanSpeed="10.41" length="5.00" nVehEntered="11"/>
    <interval begin="6500.00" end="6600.00" id="inductionLoop.S0" nVehContrib="12" flow="432.00" occupancy="10.54" speed="9.58" harmonicMeanSpeed="5.69" length="5.00" nVehEntered="12"/>
    <interval begin="6600.00" end="6700.00" id="inductionLoop.S0" nVehContrib="12" flow="432.00" occupancy="7.25" speed="9.04" harmonicMeanSpeed="8.28" length="5.00" nVehEntered="12"/>
    <interval begin="6700.00" end="6800.00" id="inductionLoop.S0" nVehContrib="10" flow="360.00" occupancy="18.68" speed="8.59" harmonicMeanSpeed="2.93" length="5.00" nVehEntered="11"/>
    <interval begin="6800.00" end="6900.00" id="inductionLoop.S0" nVehContrib="11" flow="396.00" occupancy="29.09" speed="8.82" harmonicMeanSpeed="3.22" length="5.00" nVehEntered="13"/>
    <interval begin="6900.00" end="7000.00" id="inductionLoop.S0" nVehContrib="8" flow="288.00" occupancy="51.44" speed="4.52" harmonicMeanSpeed="0.65" length="5.00" nVehEntered="8"/>
    <interval begin="7000.00" end="7100.00" id="inductionLoop.S0" nVehContrib="13" flow="468.00" occupancy="25.16" speed="8.24" harmonicMeanSpeed="2.58" length="5.00" nVehEntered="13"/>
    <interval begin="7100.00" end="7200.00" id="inductionLoop.S0" nVehContrib="8" flow="288.00" occupancy="10.54" speed="10.03" harmonicMeanSpeed="3.79" length="5.00" nVehEntered="8"/>
    <interval begin="7200.00" end="7300.00" id="inductionLoop.S0" nVehContrib="6" flow="216.00" occupancy="4.05" speed="11.07" harmonicMeanSpeed="7.40" length="5.00" nVehEntered="6"/>
    <interval begin="7300.00" end="7400.00" id="inductionLoop.S0" nVehContrib="4" flow="144.00" occupancy="1.52" speed="13.33" harmonicMeanSpeed="13.12" length="5.00" nVehEntered="4"/>
    <interval begin="7400.00" end="7500.00" id="inductionLoop.S0" nVehContrib="4" flow="144.00" occupancy="1.68" speed="12.05" harmonicMeanSpeed="11.94" length="5.00" nVehEntered="4"/>
    <interval begin="7500.00" end="7600.00" id="inductionLoop.S0" nVehContrib="9" flow="324.00" occupancy="3.69" speed="12.50" harmonicMeanSpeed="12.19" length="5.00" nVehEntered="9"/>
    <interval begin="7600.00" end="7700.00" id="inductionLoop.S0" nVehContrib="6" flow="216.00" occupancy="5.35" speed="10.42" harmonicMeanSpeed="5.64" length="5.00" nVehEntered="7"/>
    <interval begin="7700.00" end="7800.00" id="inductionLoop.S0" nVehContrib="12" flow="432.00" occupancy="6.02" speed="11.15" harmonicMeanSpeed="10.68" length="5.00" nVehEntered="13"/>
    <interval begin="7800.00" end="7900.00" id="inductionLoop.S0" nVehContrib="11" flow="396.00" occupancy="8.39" speed="9.16" harmonicMeanSpeed="6.97" length="5.00" nVehEntered="12"/>
    <interval begin="7900.00" end="8000.00" id="inductionLoop.S0" nVehContrib="10" flow="360.00" occupancy="4.42" speed="11.81" harmonicMeanSpeed="11.31" length="5.00" nVehEntered="10"/>
    <interval begin="8000.00" end="8100.00" id="inductionLoop.S0" nVehContrib="10" flow="360.00" occupancy="8.04" speed="10.00" harmonicMeanSpeed="6.22" length="5.00" nVehEntered="10"/>
    <interval begin="8100.00" end="8200.00" id="inductionLoop.S0" nVehContrib="14" flow="504.00" occupancy="38.31" speed="6.10" harmonicMeanSpeed="1.83" length="5.00" nVehEntered="14"/>
    <interval begin="8200.00" end="8300.00" id="inductionLoop.S0" nVehContrib="11" flow="396.00" occupancy="26.09" speed="7.73" harmonicMeanSpeed="2.11" length="5.00" nVehEntered="11"/>
    <interval begin="8300.00" end="8400.00" id="inductionLoop.S0" nVehContrib="13" flow="468.00" occupancy="33.19" speed="5.39" harmonicMeanSpeed="1.97" length="5.00" nVehEntered="14"/>
    <interval begin="8400.00" end="8500.00" id="inductionLoop.S0" nVehContrib="10" flow="360.00" occupancy="7.38" speed="9.79" harmonicMeanSpeed="6.63" length="5.00" nVehEntered="9"/>
    <interval begin="8500.00" end="8600.00" id="inductionLoop.S0" nVehContrib="15" flow="540.00" occupancy="30.75" speed="8.45" harmonicMeanSpeed="2.44" length="5.00" nVehEntered="15"/>
    <interval begin="8600.00" end="8700.00" id="inductionLoop.S0" nVehContrib="10" flow="360.00" occupancy="10.51" speed="9.98" harmonicMeanSpeed="8.58" length="5.00" nVehEntered="11"/>
    <interval begin="8700.00" end="8800.00" id="inductionLoop.S0" nVehContrib="11" flow="396.00" occupancy="41.04" speed="7.72" harmonicMeanSpeed="1.44" length="5.00" nVehEntered="12"/>
    <interval begin="8800.00" end="8900.00" id="inductionLoop.S0" nVehContrib="12" flow="432.00" occupancy="7.73" speed="9.43" harmonicMeanSpeed="7.76" length="5.00" nVehEntered="12"/>
    <interval begin="8900.00" end="9000.00" id="inductionLoop.S0" nVehContrib="10" flow="360.00" occupancy="15.87" speed="8.95" harmonicMeanSpeed="3.15" length="5.00" nVehEntered="10"/>
    <interval begin="9000.00" end="9100.00" id="inductionLoop.S0" nVehContrib="9" flow="324.00" occupancy="17.11" speed="9.19" harmonicMeanSpeed="3.05" length="5.00" nVehEntered="10"/>
    <interval begin="9100.00" end="9200.00" id="inductionLoop.S0" nVehContrib="15" flow="540.00" occupancy="43.29" speed="6.71" harmonicMeanSpeed="1.64" length="5.00" nVehEntered="14"/>
    <interval begin="9200.00" end="9300.00" id="inductionLoop.S0" nVehContrib="7" flow="252.00" occupancy="10.87" speed="9.30" harmonicMeanSpeed="7.37" length="5.00" nVehEntered="8"/>
    <interval begin="9300.00" end="9400.00" id="inductionLoop.S0" nVehContrib="9" flow="324.00" occupancy="18.72" speed="9.37" harmonicMeanSpeed="2.51" length="5.00" nVehEntered="10"/>
    <interval begin="9400.00" end="9500.00" id="inductionLoop.S0" nVehContrib="12" flow="432.00" occupancy="10.54" speed="9.61" harmonicMeanSpeed="6.03" length="5.00" nVehEntered="13"/>
    <interval begin="9500.00" end="9600.00" id="inductionLoop.S0" nVehContrib="9" flow="324.00" occupancy="20.06" speed="9.70" harmonicMeanSpeed="2.24" length="5.00" nVehEntered="9"/>
    <interval begin="9600.00" end="9700.00" id="inductionLoop.S0" nVehContrib="9" flow="324.00" occupancy="3.98" speed="11.52" harmonicMeanSpeed="11.30" length="5.00" nVehEntered="9"/>
    <interval begin="9700.00" end="9800.00" id="inductionLoop.S0" nVehContrib="11" flow="396.00" occupancy="22.02" speed="8.72" harmonicMeanSpeed="2.56" length="5.00" nVehEntered="12"/>
    <interval begin="9800.00" end="9900.00" id="inductionLoop.S0" nVehContrib="9" flow="324.00" occupancy="4.29" speed="10.86" harmonicMeanSpeed="10.49" length="5.00" nVehEntered="9"/>
    <interval begin="9900.00" end="10000.00" id="inductionLoop.S0" nVehContrib="10" flow="360.00" occupancy="24.79" speed="10.93" harmonicMeanSpeed="10.52" length="5.00" nVehEntered="12"/>
    <interval begin="10000.00" end="10100.00" id="inductionLoop.S0" nVehContrib="12" flow="432.00" occupancy="8.38" speed="8.62" harmonicMeanSpeed="2.14" length="5.00" nVehEntered="11"/>
    <interval begin="10100.00" end="10200.00" id="inductionLoop.S0" nVehContrib="11" flow="396.00" occupancy="30.67" speed="6.43" harmonicMeanSpeed="1.79" length="5.00" nVehEntered="11"/>
    <interval begin="10200.00" end="10300.00" id="inductionLoop.S0" nVehContrib="10" flow="360.00" occupancy="6.73" speed="11.60" harmonicMeanSpeed="11.31" length="5.00" nVehEntered="11"/>
    <interval begin="10300.00" end="10400.00" id="inductionLoop.S0" nVehContrib="6" flow="216.00" occupancy="2.69" speed="11.31" harmonicMeanSpeed="11.14" length="5.00" nVehEntered="6"/>
    <interval begin="10400.00" end="10500.00" id="inductionLoop.S0" nVehContrib="9" flow="324.00" occupancy="6.71" speed="11.22" harmonicMeanSpeed="10.76" length="5.00" nVehEntered="11"/>
    <interval begin="10500.00" end="10600.00" id="inductionLoop.S0" nVehContrib="6" flow="216.00" occupancy="2.82" speed="10.95" harmonicMeanSpeed="10.64" length="5.00" nVehEntered="6"/>
    <interval begin="10600.00" end="10700.00" id="inductionLoop.S0" nVehContrib="7" flow="252.00" occupancy="3.31" speed="10.96" harmonicMeanSpeed="10.58" length="5.00" nVehEntered="7"/>
    <interval begin="10700.00" end="10800.00" id="inductionLoop.S0" nVehContrib="11" flow="396.00" occupancy="7.39" speed="10.71" harmonicMeanSpeed="7.44" length="5.00" nVehEntered="11"/>
    <interval begin="10800.00" end="10900.00" id="inductionLoop.S0" nVehContrib="6" flow="216.00" occupancy="2.98" speed="11.44" harmonicMeanSpeed="11.21" length="5.00" nVehEntered="8"/>
    <interval begin="10900.00" end="11000.00" id="inductionLoop.S0" nVehContrib="9" flow="324.00" occupancy="3.64" speed="11.96" harmonicMeanSpeed="11.80" length="5.00" nVehEntered="8"/>
    <interval begin="11000.00" end="11100.00" id="inductionLoop.S0" nVehContrib="7" flow="252.00" occupancy="2.88" speed="12.23" harmonicMeanSpeed="12.14" length="5.00" nVehEntered="7"/>
    <interval begin="11100.00" end="11200.00" id="inductionLoop.S0" nVehContrib="6" flow="216.00" occupancy="2.63" speed="12.15" harmonicMeanSpeed="12.08" length="5.00" nVehEntered="7"/>
    <interval begin="11200.00" end="11300.00" id="inductionLoop.S0" nVehContrib="5" flow="180.00" occupancy="2.02" speed="11.97" harmonicMeanSpeed="11.54" length="5.00" nVehEntered="4"/>
    <interval begin="11300.00" end="11400.00" id="inductionLoop.S0" nVehContrib="6" flow="216.00" occupancy="2.52" speed="12.76" harmonicMeanSpeed="12.73" length="5.00" nVehEntered="7"/>
    <interval begin="11400.00" end="11500.00" id="inductionLoop.S0" nVehContrib="10" flow="360.00" occupancy="5.97" speed="9.91" harmonicMeanSpeed="8.77" length="5.00" nVehEntered="11"/>
    <interval begin="11500.00" end="11600.00" id="inductionLoop.S0" nVehContrib="6" flow="216.00" occupancy="3.10" speed="10.76" harmonicMeanSpeed="9.69" length="5.00" nVehEntered="6"/>
    <interval begin="11600.00" end="11700.00" id="inductionLoop.S0" nVehContrib="2" flow="72.00" occupancy="0.77" speed="13.05" harmonicMeanSpeed="12.96" length="5.00" nVehEntered="2"/>
    <interval begin="11700.00" end="11800.00" id="inductionLoop.S0" nVehContrib="8" flow="288.00" occupancy="4.49" speed="10.73" harmonicMeanSpeed="10.43" length="5.00" nVehEntered="9"/>
    <interval begin="11800.00" end="11900.00" id="inductionLoop.S0" nVehContrib="8" flow="288.00" occupancy="3.16" speed="12.76" harmonicMeanSpeed="12.68" length="5.00" nVehEntered="8"/>
    <interval begin="11900.00" end="12000.00" id="inductionLoop.S0" nVehContrib="10" flow="360.00" occupancy="5.41" speed="10.42" harmonicMeanSpeed="9.23" length="5.00" nVehEntered="10"/>
    <interval begin="12000.00" end="12100.00" id="inductionLoop.S0" nVehContrib="8" flow="288.00" occupancy="15.71" speed="8.68" harmonicMeanSpeed="2.57" length="5.00" nVehEntered="9"/>
    <interval begin="12100.00" end="12200.00" id="inductionLoop.S0" nVehContrib="3" flow="108.00" occupancy="1.19" speed="12.63" harmonicMeanSpeed="12.61" length="5.00" nVehEntered="3"/>
    <interval begin="12200.00" end="12300.00" id="inductionLoop.S0" nVehContrib="11" flow="396.00" occupancy="25.58" speed="8.11" harmonicMeanSpeed="2.15" length="5.00" nVehEntered="11"/>
    <interval begin="12300.00" end="12400.00" id="inductionLoop.S0" nVehContrib="8" flow="288.00" occupancy="4.08" speed="10.38" harmonicMeanSpeed="9.81" length="5.00" nVehEntered="8"/>
    <interval begin="12400.00" end="12500.00" id="inductionLoop.S0" nVehContrib="5" flow="180.00" occupancy="2.26" speed="11.39" harmonicMeanSpeed="11.07" length="5.00" nVehEntered="5"/>
    <interval begin="12500.00" end="12600.00" id="inductionLoop.S0" nVehContrib="7" flow="252.00" occupancy="28.58" speed="5.35" harmonicMeanSpeed="1.23" length="5.00" nVehEntered="8"/>
    <interval begin="12600.00" end="12700.00" id="inductionLoop.S0" nVehContrib="13" flow="468.00" occupancy="6.10" speed="11.03" harmonicMeanSpeed="10.67" length="5.00" nVehEntered="13"/>
    <interval begin="12700.00" end="12800.00" id="inductionLoop.S0" nVehContrib="8" flow="288.00" occupancy="3.86" speed="10.63" harmonicMeanSpeed="10.18" length="5.00" nVehEntered="7"/>
    <interval begin="12800.00" end="12900.00" id="inductionLoop.S0" nVehContrib="11" flow="396.00" occupancy="20.21" speed="10.34" harmonicMeanSpeed="2.72" length="5.00" nVehEntered="11"/>
    <interval begin="12900.00" end="13000.00" id="inductionLoop.S0" nVehContrib="7" flow="252.00" occupancy="3.35" speed="10.85" harmonicMeanSpeed="10.45" length="5.00" nVehEntered="7"/>
    <interval begin="13000.00" end="13100.00" id="inductionLoop.S0" nVehContrib="7" flow="252.00" occupancy="29.08" speed="8.52" harmonicMeanSpeed="1.20" length="5.00" nVehEntered="7"/>
    <interval begin="13100.00" end="13200.00" id="inductionLoop.S0" nVehContrib="6" flow="216.00" occupancy="2.43" speed="12.50" harmonicMeanSpeed="12.32" length="5.00" nVehEntered="6"/>
    <interval begin="13200.00" end="13300.00" id="inductionLoop.S0" nVehContrib="7" flow="252.00" occupancy="3.01" speed="11.92" harmonicMeanSpeed="11.61" length="5.00" nVehEntered="7"/>
    <interval begin="13300.00" end="13400.00" id="inductionLoop.S0" nVehContrib="6" flow="216.00" occupancy="2.63" speed="11.67" harmonicMeanSpeed="11.39" length="5.00" nVehEntered="6"/>
    <interval begin="13400.00" end="13500.00" id="inductionLoop.S0" nVehContrib="8" flow="288.00" occupancy="5.76" speed="9.03" harmonicMeanSpeed="6.95" length="5.00" nVehEntered="8"/>
    <interval begin="13500.00" end="13600.00" id="inductionLoop.S0" nVehContrib="9" flow="324.00" occupancy="9.09" speed="8.99" harmonicMeanSpeed="6.47" length="5.00" nVehEntered="10"/>
    <interval begin="13600.00" end="13700.00" id="inductionLoop.S0" nVehContrib="6" flow="216.00" occupancy="2.72" speed="11.31" harmonicMeanSpeed="11.02" length="5.00" nVehEntered="6"/>
    <interval begin="13700.00" end="13800.00" id="inductionLoop.S0" nVehContrib="6" flow="216.00" occupancy="2.59" speed="11.80" harmonicMeanSpeed="11.57" length="5.00" nVehEntered="6"/>
    <interval begin="13800.00" end="13900.00" id="inductionLoop.S0" nVehContrib="7" flow="252.00" occupancy="3.03" speed="11.95" harmonicMeanSpeed="11.56" length="5.00" nVehEntered="7"/>
    <interval begin="13900.00" end="14000.00" id="inductionLoop.S0" nVehContrib="10" flow="360.00" occupancy="9.54" speed="9.46" harmonicMeanSpeed="5.47" length="5.00" nVehEntered="11"/>
    <interval begin="14000.00" end="14100.00" id="inductionLoop.S0" nVehContrib="3" flow="108.00" occupancy="1.38" speed="11.06" harmonicMeanSpeed="10.84" length="5.00" nVehEntered="3"/>
    <interval begin="14100.00" end="14200.00" id="inductionLoop.S0" nVehContrib="6" flow="216.00" occupancy="2.27" speed="13.32" harmonicMeanSpeed="13.21" length="5.00" nVehEntered="6"/>
    <interval begin="14200.00" end="14300.00" id="inductionLoop.S0" nVehContrib="7" flow="252.00" occupancy="2.85" speed="12.43" harmonicMeanSpeed="12.28" length="5.00" nVehEntered="7"/>
    <interval begin="14300.00" end="14400.00" id="inductionLoop.S0" nVehContrib="9" flow="324.00" occupancy="4.95" speed="11.08" harmonicMeanSpeed="10.83" length="5.00" nVehEntered="10"/>
    <interval begin="14400.00" end="14500.00" id="inductionLoop.S0" nVehContrib="8" flow="288.00" occupancy="4.13" speed="10.28" harmonicMeanSpeed="9.67" length="5.00" nVehEntered="8"/>
    <interval begin="14500.00" end="14600.00" id="inductionLoop.S0" nVehContrib="10" flow="360.00" occupancy="28.54" speed="8.34" harmonicMeanSpeed="1.81" length="5.00" nVehEntered="11"/>
    <interval begin="14600.00" end="14700.00" id="inductionLoop.S0" nVehContrib="12" flow="432.00" occupancy="22.49" speed="7.39" harmonicMeanSpeed="2.67" length="5.00" nVehEntered="12"/>
    <interval begin="14700.00" end="14800.00" id="inductionLoop.S0" nVehContrib="5" flow="180.00" occupancy="2.50" speed="10.12" harmonicMeanSpeed="10.01" length="5.00" nVehEntered="5"/>
    <interval begin="14800.00" end="14900.00" id="inductionLoop.S0" nVehContrib="9" flow="324.00" occupancy="9.01" speed="10.46" harmonicMeanSpeed="10.11" length="5.00" nVehEntered="10"/>
    <interval begin="14900.00" end="15000.00" id="inductionLoop.S0" nVehContrib="10" flow="360.00" occupancy="39.72" speed="6.08" harmonicMeanSpeed="1.13" length="5.00" nVehEntered="9"/>
    <interval begin="15000.00" end="15100.00" id="inductionLoop.S0" nVehContrib="4" flow="144.00" occupancy="2.11" speed="11.12" harmonicMeanSpeed="10.87" length="5.00" nVehEntered="5"/>
    <interval begin="15100.00" end="15200.00" id="inductionLoop.S0" nVehContrib="6" flow="216.00" occupancy="2.68" speed="11.61" harmonicMeanSpeed="11.20" length="5.00" nVehEntered="6"/>
    <interval begin="15200.00" end="15300.00" id="inductionLoop.S0" nVehContrib="7" flow="252.00" occupancy="3.25" speed="12.15" harmonicMeanSpeed="12.00" length="5.00" nVehEntered="8"/>
    <interval begin="15300.00" end="15400.00" id="inductionLoop.S0" nVehContrib="3" flow="108.00" occupancy="1.65" speed="11.01" harmonicMeanSpeed="10.83" length="5.00" nVehEntered="4"/>
    <interval begin="15400.00" end="15500.00" id="inductionLoop.S0" nVehContrib="9" flow="324.00" occupancy="3.73" speed="12.13" harmonicMeanSpeed="12.08" length="5.00" nVehEntered="9"/>
    <interval begin="15500.00" end="15600.00" id="inductionLoop.S0" nVehContrib="8" flow="288.00" occupancy="10.56" speed="7.90" harmonicMeanSpeed="3.79" length="5.00" nVehEntered="8"/>
    <interval begin="15600.00" end="15700.00" id="inductionLoop.S0" nVehContrib="6" flow="216.00" occupancy="3.38" speed="11.38" harmonicMeanSpeed="10.99" length="5.00" nVehEntered="9"/>
    <interval begin="15700.00" end="15800.00" id="inductionLoop.S0" nVehContrib="9" flow="324.00" occupancy="4.30" speed="11.03" harmonicMeanSpeed="10.66" length="5.00" nVehEntered="9"/>
    <interval begin="15800.00" end="15900.00" id="inductionLoop.S0" nVehContrib="7" flow="252.00" occupancy="3.05" speed="11.81" harmonicMeanSpeed="11.48" length="5.00" nVehEntered="7"/>
    <interval begin="15900.00" end="16000.00" id="inductionLoop.S0" nVehContrib="9" flow="324.00" occupancy="9.51" speed="9.62" harmonicMeanSpeed="4.73" length="5.00" nVehEntered="9"/>
    <interval begin="16000.00" end="16100.00" id="inductionLoop.S0" nVehContrib="6" flow="216.00" occupancy="21.29" speed="8.80" harmonicMeanSpeed="1.41" length="5.00" nVehEntered="6"/>
    <interval begin="16100.00" end="16200.00" id="inductionLoop.S0" nVehContrib="7" flow="252.00" occupancy="5.90" speed="9.22" harmonicMeanSpeed="5.93" length="5.00" nVehEntered="7"/>
    <interval begin="16200.00" end="16300.00" id="inductionLoop.S0" nVehContrib="6" flow="216.00" occupancy="16.26" speed="7.42" harmonicMeanSpeed="1.84" length="5.00" nVehEntered="6"/>
    <interval begin="16300.00" end="16400.00" id="inductionLoop.S0" nVehContrib="8" flow="288.00" occupancy="18.53" speed="7.42" harmonicMeanSpeed="2.16" length="5.00" nVehEntered="8"/>
    <interval begin="16400.00" end="16500.00" id="inductionLoop.S0" nVehContrib="9" flow="324.00" occupancy="4.34" speed="10.72" harmonicMeanSpeed="10.38" length="5.00" nVehEntered="9"/>
    <interval begin="16500.00" end="16600.00" id="inductionLoop.S0" nVehContrib="5" flow="180.00" occupancy="18.22" speed="10.33" harmonicMeanSpeed="9.84" length="5.00" nVehEntered="6"/>
    <interval begin="16600.00" end="16700.00" id="inductionLoop.S0" nVehContrib="12" flow="432.00" occupancy="23.49" speed="7.42" harmonicMeanSpeed="1.54" length="5.00" nVehEntered="12"/>
    <interval begin="16700.00" end="16800.00" id="inductionLoop.S0" nVehContrib="9" flow="324.00" occupancy="57.03" speed="5.55" harmonicMeanSpeed="0.79" length="5.00" nVehEntered="9"/>
    <interval begin="16800.00" end="16900.00" id="inductionLoop.S0" nVehContrib="9" flow="324.00" occupancy="21.53" speed="7.39" harmonicMeanSpeed="2.11" length="5.00" nVehEntered="10"/>
    <interval begin="16900.00" end="17000.00" id="inductionLoop.S0" nVehContrib="11" flow="396.00" occupancy="32.24" speed="4.28" harmonicMeanSpeed="1.76" length="5.00" nVehEntered="12"/>
    <interval begin="17000.00" end="17100.00" id="inductionLoop.S0" nVehContrib="5" flow="180.00" occupancy="2.29" speed="11.20" harmonicMeanSpeed="10.90" length="5.00" nVehEntered="5"/>
    <interval begin="17100.00" end="17200.00" id="inductionLoop.S0" nVehContrib="10" flow="360.00" occupancy="23.31" speed="8.53" harmonicMeanSpeed="4.47" length="5.00" nVehEntered="12"/>
    <interval begin="17200.00" end="17300.00" id="inductionLoop.S0" nVehContrib="8" flow="288.00" occupancy="28.07" speed="9.59" harmonicMeanSpeed="1.02" length="5.00" nVehEntered="7"/>
    <interval begin="17300.00" end="17400.00" id="inductionLoop.S0" nVehContrib="10" flow="360.00" occupancy="15.98" speed="7.50" harmonicMeanSpeed="3.25" length="5.00" nVehEntered="11"/>
    <interval begin="17400.00" end="17500.00" id="inductionLoop.S0" nVehContrib="9" flow="324.00" occupancy="32.72" speed="6.45" harmonicMeanSpeed="1.38" length="5.00" nVehEntered="10"/>
    <interval begin="17500.00" end="17600.00" id="inductionLoop.S0" nVehContrib="6" flow="216.00" occupancy="53.54" speed="2.76" harmonicMeanSpeed="0.56" length="5.00" nVehEntered="5"/>
    <interval begin="17600.00" end="17700.00" id="inductionLoop.S0" nVehContrib="9" flow="324.00" occupancy="22.00" speed="7.84" harmonicMeanSpeed="2.11" length="5.00" nVehEntered="11"/>
    <interval begin="17700.00" end="17800.00" id="inductionLoop.S0" nVehContrib="7" flow="252.00" occupancy="15.68" speed="6.06" harmonicMeanSpeed="2.34" length="5.00" nVehEntered="9"/>
    <interval begin="17800.00" end="17900.00" id="inductionLoop.S0" nVehContrib="9" flow="324.00" occupancy="30.50" speed="7.49" harmonicMeanSpeed="1.48" length="5.00" nVehEntered="9"/>
    <interval begin="17900.00" end="18000.00" id="inductionLoop.S0" nVehContrib="8" flow="288.00" occupancy="8.95" speed="8.09" harmonicMeanSpeed="6.06" length="5.00" nVehEntered="11"/>
    <interval begin="18000.00" end="18100.00" id="inductionLoop.S0" nVehContrib="5" flow="180.00" occupancy="2.08" speed="12.44" harmonicMeanSpeed="12.01" length="5.00" nVehEntered="5"/>
    <interval begin="18100.00" end="18200.00" id="inductionLoop.S0" nVehContrib="8" flow="288.00" occupancy="30.08" speed="9.01" harmonicMeanSpeed="1.33" length="5.00" nVehEntered="8"/>
    <interval begin="18200.00" end="18300.00" id="inductionLoop.S0" nVehContrib="5" flow="180.00" occupancy="44.17" speed="7.14" harmonicMeanSpeed="1.21" length="5.00" nVehEntered="6"/>
    <interval begin="18300.00" end="18400.00" id="inductionLoop.S0" nVehContrib="9" flow="324.00" occupancy="15.37" speed="8.51" harmonicMeanSpeed="1.16" length="5.00" nVehEntered="8"/>
    <interval begin="18400.00" end="18500.00" id="inductionLoop.S0" nVehContrib="6" flow="216.00" occupancy="5.28" speed="9.87" harmonicMeanSpeed="5.94" length="5.00" nVehEntered="7"/>
    <interval begin="18500.00" end="18600.00" id="inductionLoop.S0" nVehContrib="6" flow="216.00" occupancy="4.78" speed="10.18" harmonicMeanSpeed="6.27" length="5.00" nVehEntered="6"/>
    <interval begin="18600.00" end="18700.00" id="inductionLoop.S0" nVehContrib="5" flow="180.00" occupancy="16.83" speed="9.39" harmonicMeanSpeed="1.49" length="5.00" nVehEntered="5"/>
    <interval begin="18700.00" end="18800.00" id="inductionLoop.S0" nVehContrib="8" flow="288.00" occupancy="19.28" speed="5.71" harmonicMeanSpeed="2.83" length="5.00" nVehEntered="9"/>
    <interval begin="18800.00" end="18900.00" id="inductionLoop.S0" nVehContrib="7" flow="252.00" occupancy="74.18" speed="3.05" harmonicMeanSpeed="0.47" length="5.00" nVehEntered="7"/>
    <interval begin="18900.00" end="19000.00" id="inductionLoop.S0" nVehContrib="6" flow="216.00" occupancy="78.20" speed="3.14" harmonicMeanSpeed="0.38" length="5.00" nVehEntered="6"/>
    <interval begin="19000.00" end="19100.00" id="inductionLoop.S0" nVehContrib="7" flow="252.00" occupancy="3.06" speed="11.62" harmonicMeanSpeed="11.43" length="5.00" nVehEntered="7"/>
    <interval begin="19100.00" end="19200.00" id="inductionLoop.S0" nVehContrib="5" flow="180.00" occupancy="2.32" speed="11.12" harmonicMeanSpeed="10.77" length="5.00" nVehEntered="5"/>
    <interval begin="19200.00" end="19300.00" id="inductionLoop.S0" nVehContrib="5" flow="180.00" occupancy="32.82" speed="7.68" harmonicMeanSpeed="1.22" length="5.00" nVehEntered="6"/>
    <interval begin="19300.00" end="19400.00" id="inductionLoop.S0" nVehContrib="6" flow="216.00" occupancy="14.02" speed="8.53" harmonicMeanSpeed="1.42" length="5.00" nVehEntered="7"/>
    <interval begin="19400.00" end="19500.00" id="inductionLoop.S0" nVehContrib="5" flow="180.00" occupancy="30.26" speed="7.54" harmonicMeanSpeed="0.83" length="5.00" nVehEntered="5"/>
    <interval begin="19500.00" end="19600.00" id="inductionLoop.S0" nVehContrib="6" flow="216.00" occupancy="23.63" speed="8.78" harmonicMeanSpeed="1.30" length="5.00" nVehEntered="8"/>
    <interval begin="19600.00" end="19700.00" id="inductionLoop.S0" nVehContrib="10" flow="360.00" occupancy="70.86" speed="2.63" harmonicMeanSpeed="0.70" length="5.00" nVehEntered="9"/>
    <interval begin="19700.00" end="19800.00" id="inductionLoop.S0" nVehContrib="9" flow="324.00" occupancy="27.76" speed="5.51" harmonicMeanSpeed="1.73" length="5.00" nVehEntered="10"/>
    <interval begin="19800.00" end="19900.00" id="inductionLoop.S0" nVehContrib="10" flow="360.00" occupancy="74.07" speed="2.02" harmonicMeanSpeed="0.66" length="5.00" nVehEntered="9"/>
    <interval begin="19900.00" end="20000.00" id="inductionLoop.S0" nVehContrib="11" flow="396.00" occupancy="56.41" speed="3.44" harmonicMeanSpeed="1.03" length="5.00" nVehEntered="12"/>
    <interval begin="20000.00" end="20100.00" id="inductionLoop.S0" nVehContrib="11" flow="396.00" occupancy="37.77" speed="7.23" harmonicMeanSpeed="1.46" length="5.00" nVehEntered="11"/>
    <interval begin="20100.00" end="20200.00" id="inductionLoop.S0" nVehContrib="6" flow="216.00" occupancy="21.12" speed="8.93" harmonicMeanSpeed="8.02" length="5.00" nVehEntered="7"/>
    <interval begin="20200.00" end="20300.00" id="inductionLoop.S0" nVehContrib="13" flow="468.00" occupancy="38.26" speed="5.41" harmonicMeanSpeed="1.42" length="5.00" nVehEntered="13"/>
    <interval begin="20300.00" end="20400.00" id="inductionLoop.S0" nVehContrib="13" flow="468.00" occupancy="43.87" speed="3.91" harmonicMeanSpeed="1.28" length="5.00" nVehEntered="13"/>
    <interval begin="20400.00" end="20500.00" id="inductionLoop.S0" nVehContrib="12" flow="432.00" occupancy="16.27" speed="6.43" harmonicMeanSpeed="3.85" length="5.00" nVehEntered="14"/>
    <interval begin="20500.00" end="20600.00" id="inductionLoop.S0" nVehContrib="5" flow="180.00" occupancy="74.57" speed="3.56" harmonicMeanSpeed="0.58" length="5.00" nVehEntered="5"/>
    <interval begin="20600.00" end="20700.00" id="inductionLoop.S0" nVehContrib="13" flow="468.00" occupancy="74.43" speed="3.11" harmonicMeanSpeed="0.61" length="5.00" nVehEntered="12"/>
    <interval begin="20700.00" end="20800.00" id="inductionLoop.S0" nVehContrib="4" flow="144.00" occupancy="90.63" speed="3.23" harmonicMeanSpeed="0.39" length="5.00" nVehEntered="5"/>
    <interval begin="20800.00" end="20900.00" id="inductionLoop.S0" nVehContrib="13" flow="468.00" occupancy="72.26" speed="3.45" harmonicMeanSpeed="0.60" length="5.00" nVehEntered="13"/>
    <interval begin="20900.00" end="21000.00" id="inductionLoop.S0" nVehContrib="15" flow="540.00" occupancy="44.55" speed="3.28" harmonicMeanSpeed="1.87" length="5.00" nVehEntered="15"/>
    <interval begin="21000.00" end="21100.00" id="inductionLoop.S0" nVehContrib="12" flow="432.00" occupancy="45.24" speed="5.26" harmonicMeanSpeed="1.12" length="5.00" nVehEntered="11"/>
    <interval begin="21100.00" end="21200.00" id="inductionLoop.S0" nVehContrib="6" flow="216.00" occupancy="48.49" speed="5.26" harmonicMeanSpeed="0.62" length="5.00" nVehEntered="6"/>
    <interval begin="21200.00" end="21300.00" id="inductionLoop.S0" nVehContrib="9" flow="324.00" occupancy="42.17" speed="5.02" harmonicMeanSpeed="1.22" length="5.00" nVehEntered="10"/>
    <interval begin="21300.00" end="21400.00" id="inductionLoop.S0" nVehContrib="11" flow="396.00" occupancy="53.55" speed="3.81" harmonicMeanSpeed="0.94" length="5.00" nVehEntered="11"/>
    <interval begin="21400.00" end="21500.00" id="inductionLoop.S0" nVehContrib="12" flow="432.00" occupancy="75.06" speed="2.79" harmonicMeanSpeed="0.90" length="5.00" nVehEntered="12"/>
    <interval begin="21500.00" end="21600.00" id="inductionLoop.S0" nVehContrib="7" flow="252.00" occupancy="74.03" speed="2.26" harmonicMeanSpeed="0.42" length="5.00" nVehEntered="6"/>
    <interval begin="21600.00" end="21700.00" id="inductionLoop.S0" nVehContrib="14" flow="504.00" occupancy="46.42" speed="2.68" harmonicMeanSpeed="1.51" length="5.00" nVehEntered="14"/>
    <interval begin="21700.00" end="21800.00" id="inductionLoop.S0" nVehContrib="10" flow="360.00" occupancy="35.16" speed="3.04" harmonicMeanSpeed="1.42" length="5.00" nVehEntered="10"/>
    <interval begin="21800.00" end="21900.00" id="inductionLoop.S0" nVehContrib="9" flow="324.00" occupancy="74.01" speed="3.44" harmonicMeanSpeed="0.64" length="5.00" nVehEntered="11"/>
    <interval begin="21900.00" end="22000.00" id="inductionLoop.S0" nVehContrib="10" flow="360.00" occupancy="77.59" speed="3.27" harmonicMeanSpeed="0.81" length="5.00" nVehEntered="10"/>
    <interval begin="22000.00" end="22100.00" id="inductionLoop.S0" nVehContrib="7" flow="252.00" occupancy="87.15" speed="5.52" harmonicMeanSpeed="0.84" length="5.00" nVehEntered="7"/>
    <interval begin="22100.00" end="22200.00" id="inductionLoop.S0" nVehContrib="16" flow="576.00" occupancy="42.62" speed="3.11" harmonicMeanSpeed="0.75" length="5.00" nVehEntered="15"/>
    <interval begin="22200.00" end="22300.00" id="inductionLoop.S0" nVehContrib="8" flow="288.00" occupancy="81.21" speed="3.89" harmonicMeanSpeed="0.63" length="5.00" nVehEntered="9"/>
    <interval begin="22300.00" end="22400.00" id="inductionLoop.S0" nVehContrib="14" flow="504.00" occupancy="45.78" speed="3.78" harmonicMeanSpeed="1.10" length="5.00" nVehEntered="13"/>
    <interval begin="22400.00" end="22500.00" id="inductionLoop.S0" nVehContrib="9" flow="324.00" occupancy="81.72" speed="3.50" harmonicMeanSpeed="0.57" length="5.00" nVehEntered="10"/>
    <interval begin="22500.00" end="22600.00" id="inductionLoop.S0" nVehContrib="7" flow="252.00" occupancy="82.08" speed="1.88" harmonicMeanSpeed="0.43" length="5.00" nVehEntered="7"/>
    <interval begin="22600.00" end="22700.00" id="inductionLoop.S0" nVehContrib="11" flow="396.00" occupancy="59.41" speed="2.68" harmonicMeanSpeed="0.88" length="5.00" nVehEntered="10"/>
    <interval begin="22700.00" end="22800.00" id="inductionLoop.S0" nVehContrib="11" flow="396.00" occupancy="67.93" speed="3.91" harmonicMeanSpeed="0.89" length="5.00" nVehEntered="12"/>
    <interval begin="22800.00" end="22900.00" id="inductionLoop.S0" nVehContrib="12" flow="432.00" occupancy="74.11" speed="3.08" harmonicMeanSpeed="0.77" length="5.00" nVehEntered="12"/>
    <interval begin="22900.00" end="23000.00" id="inductionLoop.S0" nVehContrib="8" flow="288.00" occupancy="33.07" speed="1.52" harmonicMeanSpeed="1.11" length="5.00" nVehEntered="7"/>
    <interval begin="23000.00" end="23100.00" id="inductionLoop.S0" nVehContrib="10" flow="360.00" occupancy="72.52" speed="2.97" harmonicMeanSpeed="0.69" length="5.00" nVehEntered="10"/>
    <interval begin="23100.00" end="23200.00" id="inductionLoop.S0" nVehContrib="13" flow="468.00" occupancy="35.56" speed="2.58" harmonicMeanSpeed="1.83" length="5.00" nVehEntered="13"/>
    <interval begin="23200.00" end="23300.00" id="inductionLoop.S0" nVehContrib="9" flow="324.00" occupancy="79.92" speed="4.74" harmonicMeanSpeed="0.75" length="5.00" nVehEntered="10"/>
    <interval begin="23300.00" end="23400.00" id="inductionLoop.S0" nVehContrib="12" flow="432.00" occupancy="41.43" speed="3.21" harmonicMeanSpeed="0.98" length="5.00" nVehEntered="11"/>
    <interval begin="23400.00" end="23500.00" id="inductionLoop.S0" nVehContrib="6" flow="216.00" occupancy="47.26" speed="2.51" harmonicMeanSpeed="0.82" length="5.00" nVehEntered="7"/>
    <interval begin="23500.00" end="23600.00" id="inductionLoop.S0" nVehContrib="5" flow="180.00" occupancy="88.30" speed="2.09" harmonicMeanSpeed="0.35" length="5.00" nVehEntered="5"/>
    <interval begin="23600.00" end="23700.00" id="inductionLoop.S0" nVehContrib="17" flow="612.00" occupancy="68.01" speed="4.36" harmonicMeanSpeed="0.89" length="5.00" nVehEntered="16"/>
    <interval begin="23700.00" end="23800.00" id="inductionLoop.S0" nVehContrib="15" flow="540.00" occupancy="66.14" speed="2.82" harmonicMeanSpeed="1.13" length="5.00" nVehEntered="15"/>
    <interval begin="23800.00" end="23900.00" id="inductionLoop.S0" nVehContrib="10" flow="360.00" occupancy="49.12" speed="2.11" harmonicMeanSpeed="1.02" length="5.00" nVehEntered="10"/>
    <interval begin="23900.00" end="24000.00" id="inductionLoop.S0" nVehContrib="9" flow="324.00" occupancy="56.89" speed="4.52" harmonicMeanSpeed="0.99" length="5.00" nVehEntered="10"/>
    <interval begin="24000.00" end="24100.00" id="inductionLoop.S0" nVehContrib="9" flow="324.00" occupancy="75.63" speed="3.09" harmonicMeanSpeed="0.60" length="5.00" nVehEntered="9"/>
    <interval begin="24100.00" end="24200.00" id="inductionLoop.S0" nVehContrib="12" flow="432.00" occupancy="61.78" speed="2.59" harmonicMeanSpeed="0.81" length="5.00" nVehEntered="11"/>
    <interval begin="24200.00" end="24300.00" id="inductionLoop.S0" nVehContrib="9" flow="324.00" occupancy="81.56" speed="4.71" harmonicMeanSpeed="0.80" length="5.00" nVehEntered="10"/>
    <interval begin="24300.00" end="24400.00" id="inductionLoop.S0" nVehContrib="14" flow="504.00" occupancy="51.56" speed="4.07" harmonicMeanSpeed="0.92" length="5.00" nVehEntered="14"/>
    <interval begin="24400.00" end="24500.00" id="inductionLoop.S0" nVehContrib="10" flow="360.00" occupancy="49.14" speed="2.37" harmonicMeanSpeed="1.04" length="5.00" nVehEntered="10"/>
    <interval begin="24500.00" end="24600.00" id="inductionLoop.S0" nVehContrib="9" flow="324.00" occupancy="54.52" speed="2.85" harmonicMeanSpeed="0.80" length="5.00" nVehEntered="8"/>
    <interval begin="24600.00" end="24700.00" id="inductionLoop.S0" nVehContrib="10" flow="360.00" occupancy="28.90" speed="6.89" harmonicMeanSpeed="1.73" length="5.00" nVehEntered="10"/>
    <interval begin="24700.00" end="24800.00" id="inductionLoop.S0" nVehContrib="13" flow="468.00" occupancy="72.80" speed="4.03" harmonicMeanSpeed="0.91" length="5.00" nVehEntered="14"/>
    <interval begin="24800.00" end="24900.00" id="inductionLoop.S0" nVehContrib="16" flow="576.00" occupancy="47.59" speed="3.61" harmonicMeanSpeed="1.85" length="5.00" nVehEntered="16"/>
    <interval begin="24900.00" end="25000.00" id="inductionLoop.S0" nVehContrib="9" flow="324.00" occupancy="81.08" speed="3.67" harmonicMeanSpeed="0.72" length="5.00" nVehEntered="9"/>
    <interval begin="25000.00" end="25100.00" id="inductionLoop.S0" nVehContrib="13" flow="468.00" occupancy="70.39" speed="4.07" harmonicMeanSpeed="0.93" length="5.00" nVehEntered="13"/>
    <interval begin="25100.00" end="25200.00" id="inductionLoop.S0" nVehContrib="13" flow="468.00" occupancy="55.84" speed="3.92" harmonicMeanSpeed="0.80" length="5.00" nVehEntered="12"/>
    <interval begin="25200.00" end="25300.00" id="inductionLoop.S0" nVehContrib="14" flow="504.00" occupancy="49.08" speed="4.61" harmonicMeanSpeed="1.43" length="5.00" nVehEntered="15"/>
    <interval begin="25300.00" end="25400.00" id="inductionLoop.S0" nVehContrib="4" flow="144.00" occupancy="92.73" speed="3.91" harmonicMeanSpeed="0.25" length="5.00" nVehEntered="4"/>
    <interval begin="25400.00" end="25500.00" id="inductionLoop.S0" nVehContrib="11" flow="396.00" occupancy="76.05" speed="3.36" harmonicMeanSpeed="0.76" length="5.00" nVehEntered="11"/>
    <interval begin="25500.00" end="25600.00" id="inductionLoop.S0" nVehContrib="12" flow="432.00" occupancy="75.71" speed="4.06" harmonicMeanSpeed="0.67" length="5.00" nVehEntered="12"/>
    <interval begin="25600.00" end="25700.00" id="inductionLoop.S0" nVehContrib="12" flow="432.00" occupancy="73.22" speed="3.01" harmonicMeanSpeed="0.81" length="5.00" nVehEntered="12"/>
    <interval begin="25700.00" end="25800.00" id="inductionLoop.S0" nVehContrib="15" flow="540.00" occupancy="50.01" speed="2.93" harmonicMeanSpeed="1.50" length="5.00" nVehEntered="14"/>
    <interval begin="25800.00" end="25900.00" id="inductionLoop.S0" nVehContrib="14" flow="504.00" occupancy="70.72" speed="4.56" harmonicMeanSpeed="1.04" length="5.00" nVehEntered="15"/>
    <interval begin="25900.00" end="26000.00" id="inductionLoop.S0" nVehContrib="11" flow="396.00" occupancy="49.99" speed="2.90" harmonicMeanSpeed="1.03" length="5.00" nVehEntered="10"/>
    <interval begin="26000.00" end="26100.00" id="inductionLoop.S0" nVehContrib="14" flow="504.00" occupancy="70.16" speed="3.93" harmonicMeanSpeed="1.00" length="5.00" nVehEntered="14"/>
    <interval begin="26100.00" end="26200.00" id="inductionLoop.S0" nVehContrib="9" flow="324.00" occupancy="80.35" speed="4.39" harmonicMeanSpeed="0.70" length="5.00" nVehEntered="10"/>
    <interval begin="26200.00" end="26300.00" id="inductionLoop.S0" nVehContrib="9" flow="324.00" occupancy="83.04" speed="3.62" harmonicMeanSpeed="0.52" length="5.00" nVehEntered="9"/>
    <interval begin="26300.00" end="26400.00" id="inductionLoop.S0" nVehContrib="13" flow="468.00" occupancy="47.01" speed="3.53" harmonicMeanSpeed="1.10" length="5.00" nVehEntered="13"/>
    <interval begin="26400.00" end="26500.00" id="inductionLoop.S0" nVehContrib="9" flow="324.00" occupancy="53.98" speed="3.29" harmonicMeanSpeed="1.49" length="5.00" nVehEntered="9"/>
    <interval begin="26500.00" end="26600.00" id="inductionLoop.S0" nVehContrib="14" flow="504.00" occupancy="45.16" speed="4.07" harmonicMeanSpeed="1.02" length="5.00" nVehEntered="14"/>
    <interval begin="26600.00" end="26700.00" id="inductionLoop.S0" nVehContrib="20" flow="720.00" occupancy="41.40" speed="4.65" harmonicMeanSpeed="2.59" length="5.00" nVehEntered="20"/>
    <interval begin="26700.00" end="26800.00" id="inductionLoop.S0" nVehContrib="8" flow="288.00" occupancy="82.84" speed="3.16" harmonicMeanSpeed="0.58" length="5.00" nVehEntered="8"/>
    <interval begin="26800.00" end="26900.00" id="inductionLoop.S0" nVehContrib="7" flow="252.00" occupancy="48.01" speed="3.89" harmonicMeanSpeed="0.53" length="5.00" nVehEntered="7"/>
    <interval begin="26900.00" end="27000.00" id="inductionLoop.S0" nVehContrib="8" flow="288.00" occupancy="49.20" speed="5.81" harmonicMeanSpeed="0.83" length="5.00" nVehEntered="9"/>
    <interval begin="27000.00" end="27100.00" id="inductionLoop.S0" nVehContrib="10" flow="360.00" occupancy="34.84" speed="6.67" harmonicMeanSpeed="1.44" length="5.00" nVehEntered="10"/>
    <interval begin="27100.00" end="27200.00" id="inductionLoop.S0" nVehContrib="9" flow="324.00" occupancy="20.10" speed="6.73" harmonicMeanSpeed="2.24" length="5.00" nVehEntered="9"/>
    <interval begin="27200.00" end="27300.00" id="inductionLoop.S0" nVehContrib="6" flow="216.00" occupancy="10.83" speed="5.72" harmonicMeanSpeed="3.00" length="5.00" nVehEntered="7"/>
    <interval begin="27300.00" end="27400.00" id="inductionLoop.S0" nVehContrib="7" flow="252.00" occupancy="18.09" speed="10.24" harmonicMeanSpeed="9.89" length="5.00" nVehEntered="9"/>
    <interval begin="27400.00" end="27500.00" id="inductionLoop.S0" nVehContrib="9" flow="324.00" occupancy="81.16" speed="2.06" harmonicMeanSpeed="0.47" length="5.00" nVehEntered="8"/>
    <interval begin="27500.00" end="27600.00" id="inductionLoop.S0" nVehContrib="15" flow="540.00" occupancy="47.16" speed="3.93" harmonicMeanSpeed="2.48" length="5.00" nVehEntered="16"/>
    <interval begin="27600.00" end="27700.00" id="inductionLoop.S0" nVehContrib="9" flow="324.00" occupancy="80.66" speed="3.12" harmonicMeanSpeed="0.67" length="5.00" nVehEntered="9"/>
    <interval begin="27700.00" end="27800.00" id="inductionLoop.S0" nVehContrib="22" flow="792.00" occupancy="56.74" speed="4.38" harmonicMeanSpeed="1.28" length="5.00" nVehEntered="22"/>
    <interval begin="27800.00" end="27900.00" id="inductionLoop.S0" nVehContrib="15" flow="540.00" occupancy="70.21" speed="4.67" harmonicMeanSpeed="1.06" length="5.00" nVehEntered="15"/>
    <interval begin="27900.00" end="28000.00" id="inductionLoop.S0" nVehContrib="10" flow="360.00" occupancy="79.00" speed="3.96" harmonicMeanSpeed="0.67" length="5.00" nVehEntered="10"/>
    <interval begin="28000.00" end="28100.00" id="inductionLoop.S0" nVehContrib="18" flow="648.00" occupancy="68.91" speed="5.99" harmonicMeanSpeed="2.44" length="5.00" nVehEntered="18"/>
    <interval begin="28100.00" end="28200.00" id="inductionLoop.S0" nVehContrib="17" flow="612.00" occupancy="69.58" speed="4.66" harmonicMeanSpeed="0.84" length="5.00" nVehEntered="17"/>
    <interval begin="28200.00" end="28300.00" id="inductionLoop.S0" nVehContrib="10" flow="360.00" occupancy="80.98" speed="3.89" harmonicMeanSpeed="0.61" length="5.00" nVehEntered="10"/>
    <interval begin="28300.00" end="28400.00" id="inductionLoop.S0" nVehContrib="15" flow="540.00" occupancy="71.34" speed="4.56" harmonicMeanSpeed="3.17" length="5.00" nVehEntered="15"/>
    <interval begin="28400.00" end="28500.00" id="inductionLoop.S0" nVehContrib="20" flow="720.00" occupancy="61.51" speed="4.80" harmonicMeanSpeed="1.22" length="5.00" nVehEntered="20"/>
    <interval begin="28500.00" end="28600.00" id="inductionLoop.S0" nVehContrib="21" flow="756.00" occupancy="59.79" speed="4.20" harmonicMeanSpeed="1.47" length="5.00" nVehEntered="21"/>
    <interval begin="28600.00" end="28700.00" id="inductionLoop.S0" nVehContrib="19" flow="684.00" occupancy="62.81" speed="4.47" harmonicMeanSpeed="1.42" length="5.00" nVehEntered="19"/>
    <interval begin="28700.00" end="28800.00" id="inductionLoop.S0" nVehContrib="13" flow="468.00" occupancy="77.41" speed="5.29" harmonicMeanSpeed="1.11" length="5.00" nVehEntered="13"/>
    <interval begin="28800.00" end="28900.00" id="inductionLoop.S0" nVehContrib="16" flow="576.00" occupancy="69.12" speed="3.78" harmonicMeanSpeed="0.76" length="5.00" nVehEntered="15"/>
    <interval begin="28900.00" end="29000.00" id="inductionLoop.S0" nVehContrib="17" flow="612.00" occupancy="66.27" speed="4.41" harmonicMeanSpeed="1.28" length="5.00" nVehEntered="17"/>
    <interval begin="29000.00" end="29100.00" id="inductionLoop.S0" nVehContrib="13" flow="468.00" occupancy="73.26" speed="3.80" harmonicMeanSpeed="0.89" length="5.00" nVehEntered="13"/>
    <interval begin="29100.00" end="29200.00" id="inductionLoop.S0" nVehContrib="13" flow="468.00" occupancy="75.02" speed="5.06" harmonicMeanSpeed="1.10" length="5.00" nVehEntered="14"/>
    <interval begin="29200.00" end="29300.00" id="inductionLoop.S0" nVehContrib="8" flow="288.00" occupancy="75.48" speed="4.01" harmonicMeanSpeed="0.70" length="5.00" nVehEntered="8"/>
    <interval begin="29300.00" end="29400.00" id="inductionLoop.S0" nVehContrib="12" flow="432.00" occupancy="76.06" speed="3.12" harmonicMeanSpeed="0.54" length="5.00" nVehEntered="11"/>
    <interval begin="29400.00" end="29500.00" id="inductionLoop.S0" nVehContrib="12" flow="432.00" occupancy="43.82" speed="5.73" harmonicMeanSpeed="1.95" length="5.00" nVehEntered="13"/>
    <interval begin="29500.00" end="29600.00" id="inductionLoop.S0" nVehContrib="9" flow="324.00" occupancy="37.79" speed="6.32" harmonicMeanSpeed="0.88" length="5.00" nVehEntered="8"/>
    <interval begin="29600.00" end="29700.00" id="inductionLoop.S0" nVehContrib="9" flow="324.00" occupancy="50.39" speed="4.22" harmonicMeanSpeed="0.90" length="5.00" nVehEntered="10"/>
    <interval begin="29700.00" end="29800.00" id="inductionLoop.S0" nVehContrib="12" flow="432.00" occupancy="38.09" speed="3.86" harmonicMeanSpeed="1.62" length="5.00" nVehEntered="13"/>
    <interval begin="29800.00" end="29900.00" id="inductionLoop.S0" nVehContrib="5" flow="180.00" occupancy="2.30" speed="11.22" harmonicMeanSpeed="10.89" length="5.00" nVehEntered="5"/>
    <interval begin="29900.00" end="30000.00" id="inductionLoop.S0" nVehContrib="7" flow="252.00" occupancy="3.64" speed="11.14" harmonicMeanSpeed="10.62" length="5.00" nVehEntered="8"/>
    <interval begin="30000.00" end="30100.00" id="inductionLoop.S0" nVehContrib="11" flow="396.00" occupancy="14.39" speed="7.35" harmonicMeanSpeed="4.15" length="5.00" nVehEntered="12"/>
    <interval begin="30100.00" end="30200.00" id="inductionLoop.S0" nVehContrib="5" flow="180.00" occupancy="26.74" speed="5.87" harmonicMeanSpeed="0.97" length="5.00" nVehEntered="6"/>
    <interval begin="30200.00" end="30300.00" id="inductionLoop.S0" nVehContrib="10" flow="360.00" occupancy="25.68" speed="8.11" harmonicMeanSpeed="1.95" length="5.00" nVehEntered="10"/>
    <interval begin="30300.00" end="30400.00" id="inductionLoop.S0" nVehContrib="7" flow="252.00" occupancy="13.43" speed="7.24" harmonicMeanSpeed="2.61" length="5.00" nVehEntered="8"/>
    <interval begin="30400.00" end="30500.00" id="inductionLoop.S0" nVehContrib="7" flow="252.00" occupancy="46.48" speed="6.32" harmonicMeanSpeed="0.75" length="5.00" nVehEntered="7"/>
    <interval begin="30500.00" end="30600.00" id="inductionLoop.S0" nVehContrib="4" flow="144.00" occupancy="1.59" speed="12.67" harmonicMeanSpeed="12.59" length="5.00" nVehEntered="4"/>
    <interval begin="30600.00" end="30700.00" id="inductionLoop.S0" nVehContrib="3" flow="108.00" occupancy="1.35" speed="11.26" harmonicMeanSpeed="11.11" length="5.00" nVehEntered="3"/>
    <interval begin="30700.00" end="30800.00" id="inductionLoop.S0" nVehContrib="1" flow="36.00" occupancy="0.39" speed="12.88" harmonicMeanSpeed="12.88" length="5.00" nVehEntered="1"/>
    <interval begin="30800.00" end="30900.00" id="inductionLoop.S0" nVehContrib="0" flow="0.00" occupancy="0.00" speed="-1.00" harmonicMeanSpeed="-1.00" length="-1.00" nVehEntered="0"/>
    <interval begin="30900.00" end="31000.00" id="inductionLoop.S0" nVehContrib="4" flow="144.00" occupancy="1.86" speed="11.00" harmonicMeanSpeed="10.78" length="5.00" nVehEntered="4"/>
    <interval begin="31000.00" end="31100.00" id="inductionLoop.S0" nVehContrib="6" flow="216.00" occupancy="5.81" speed="7.78" harmonicMeanSpeed="5.17" length="5.00" nVehEntered="6"/>
    <interval begin="31100.00" end="31200.00" id="inductionLoop.S0" nVehContrib="6" flow="216.00" occupancy="8.21" speed="8.26" harmonicMeanSpeed="7.24" length="5.00" nVehEntered="10"/>
    <interval begin="31200.00" end="31300.00" id="inductionLoop.S0" nVehContrib="7" flow="252.00" occupancy="31.31" speed="7.27" harmonicMeanSpeed="1.03" length="5.00" nVehEntered="8"/>
    <interval begin="31300.00" end="31400.00" id="inductionLoop.S0" nVehContrib="15" flow="540.00" occupancy="46.71" speed="6.38" harmonicMeanSpeed="1.98" length="5.00" nVehEntered="16"/>
    <interval begin="31400.00" end="31500.00" id="inductionLoop.S0" nVehContrib="14" flow="504.00" occupancy="51.26" speed="5.84" harmonicMeanSpeed="1.39" length="5.00" nVehEntered="15"/>
    <interval begin="31500.00" end="31600.00" id="inductionLoop.S0" nVehContrib="15" flow="540.00" occupancy="55.80" speed="5.68" harmonicMeanSpeed="1.16" length="5.00" nVehEntered="15"/>
    <interval begin="31600.00" end="31700.00" id="inductionLoop.S0" nVehContrib="7" flow="252.00" occupancy="36.51" speed="6.47" harmonicMeanSpeed="1.13" length="5.00" nVehEntered="8"/>
    <interval begin="31700.00" end="31800.00" id="inductionLoop.S0" nVehContrib="14" flow="504.00" occupancy="15.46" speed="10.76" harmonicMeanSpeed="4.53" length="5.00" nVehEntered="14"/>
    <interval begin="31800.00" end="31900.00" id="inductionLoop.S0" nVehContrib="7" flow="252.00" occupancy="3.11" speed="11.66" harmonicMeanSpeed="11.26" length="5.00" nVehEntered="7"/>
    <interval begin="31900.00" end="32000.00" id="inductionLoop.S0" nVehContrib="2" flow="72.00" occupancy="0.75" speed="13.28" harmonicMeanSpeed="13.28" length="5.00" nVehEntered="2"/>
    <interval begin="32000.00" end="32100.00" id="inductionLoop.S0" nVehContrib="8" flow="288.00" occupancy="26.92" speed="10.43" harmonicMeanSpeed="2.73" length="5.00" nVehEntered="11"/>
    <interval begin="32100.00" end="32200.00" id="inductionLoop.S0" nVehContrib="8" flow="288.00" occupancy="25.86" speed="8.25" harmonicMeanSpeed="1.54" length="5.00" nVehEntered="7"/>
    <interval begin="32200.00" end="32300.00" id="inductionLoop.S0" nVehContrib="6" flow="216.00" occupancy="2.64" speed="11.84" harmonicMeanSpeed="11.35" length="5.00" nVehEntered="6"/>
    <interval begin="32300.00" end="32400.00" id="inductionLoop.S0" nVehContrib="6" flow="216.00" occupancy="3.03" speed="10.20" harmonicMeanSpeed="9.91" length="5.00" nVehEntered="6"/>
    <interval begin="32400.00" end="32500.00" id="inductionLoop.S0" nVehContrib="7" flow="252.00" occupancy="10.19" speed="12.33" harmonicMeanSpeed="12.04" length="5.00" nVehEntered="8"/>
    <interval begin="32500.00" end="32600.00" id="inductionLoop.S0" nVehContrib="18" flow="648.00" occupancy="60.34" speed="5.21" harmonicMeanSpeed="1.78" length="5.00" nVehEntered="18"/>
    <interval begin="32600.00" end="32700.00" id="inductionLoop.S0" nVehContrib="21" flow="756.00" occupancy="47.44" speed="4.74" harmonicMeanSpeed="1.63" length="5.00" nVehEntered="20"/>
    <interval begin="32700.00" end="32800.00" id="inductionLoop.S0" nVehContrib="14" flow="504.00" occupancy="43.86" speed="6.78" harmonicMeanSpeed="1.60" length="5.00" nVehEntered="14"/>
    <interval begin="32800.00" end="32900.00" id="inductionLoop.S0" nVehContrib="2" flow="72.00" occupancy="0.75" speed="13.36" harmonicMeanSpeed="13.35" length="5.00" nVehEntered="2"/>
    <interval begin="32900.00" end="33000.00" id="inductionLoop.S0" nVehContrib="3" flow="108.00" occupancy="1.44" speed="12.48" harmonicMeanSpeed="12.42" length="5.00" nVehEntered="4"/>
    <interval begin="33000.00" end="33100.00" id="inductionLoop.S0" nVehContrib="8" flow="288.00" occupancy="4.56" speed="10.23" harmonicMeanSpeed="8.78" length="5.00" nVehEntered="8"/>
    <interval begin="33100.00" end="33200.00" id="inductionLoop.S0" nVehContrib="12" flow="432.00" occupancy="42.23" speed="5.87" harmonicMeanSpeed="1.66" length="5.00" nVehEntered="13"/>
    <interval begin="33200.00" end="33300.00" id="inductionLoop.S0" nVehContrib="16" flow="576.00" occupancy="52.71" speed="6.18" harmonicMeanSpeed="1.36" length="5.00" nVehEntered="15"/>
    <interval begin="33300.00" end="33400.00" id="inductionLoop.S0" nVehContrib="12" flow="432.00" occupancy="64.50" speed="5.50" harmonicMeanSpeed="1.48" length="5.00" nVehEntered="13"/>
    <interval begin="33400.00" end="33500.00" id="inductionLoop.S0" nVehContrib="13" flow="468.00" occupancy="75.28" speed="4.39" harmonicMeanSpeed="1.09" length="5.00" nVehEntered="13"/>
    <interval begin="33500.00" end="33600.00" id="inductionLoop.S0" nVehContrib="14" flow="504.00" occupancy="54.72" speed="5.70" harmonicMeanSpeed="0.76" length="5.00" nVehEntered="14"/>
    <interval begin="33600.00" end="33700.00" id="inductionLoop.S0" nVehContrib="17" flow="612.00" occupancy="45.80" speed="5.87" harmonicMeanSpeed="1.86" length="5.00" nVehEntered="17"/>
    <interval begin="33700.00" end="33800.00" id="inductionLoop.S0" nVehContrib="9" flow="324.00" occupancy="10.97" speed="8.87" harmonicMeanSpeed="4.11" length="5.00" nVehEntered="10"/>
    <interval begin="33800.00" end="33900.00" id="inductionLoop.S0" nVehContrib="10" flow="360.00" occupancy="28.20" speed="7.71" harmonicMeanSpeed="1.77" length="5.00" nVehEntered="10"/>
    <interval begin="33900.00" end="34000.00" id="inductionLoop.S0" nVehContrib="6" flow="216.00" occupancy="20.02" speed="7.88" harmonicMeanSpeed="1.53" length="5.00" nVehEntered="7"/>
    <interval begin="34000.00" end="34100.00" id="inductionLoop.S0" nVehContrib="4" flow="144.00" occupancy="27.92" speed="6.25" harmonicMeanSpeed="0.72" length="5.00" nVehEntered="5"/>
    <interval begin="34100.00" end="34200.00" id="inductionLoop.S0" nVehContrib="7" flow="252.00" occupancy="14.07" speed="8.23" harmonicMeanSpeed="2.49" length="5.00" nVehEntered="7"/>
    <interval begin="34200.00" end="34300.00" id="inductionLoop.S0" nVehContrib="12" flow="432.00" occupancy="39.96" speed="5.95" harmonicMeanSpeed="1.54" length="5.00" nVehEntered="14"/>
    <interval begin="34300.00" end="34400.00" id="inductionLoop.S0" nVehContrib="12" flow="432.00" occupancy="28.06" speed="8.05" harmonicMeanSpeed="2.10" length="5.00" nVehEntered="11"/>
    <interval begin="34400.00" end="34500.00" id="inductionLoop.S0" nVehContrib="12" flow="432.00" occupancy="15.27" speed="9.51" harmonicMeanSpeed="5.91" length="5.00" nVehEntered="13"/>
    <interval begin="34500.00" end="34600.00" id="inductionLoop.S0" nVehContrib="19" flow="684.00" occupancy="33.65" speed="6.79" harmonicMeanSpeed="2.62" length="5.00" nVehEntered="20"/>
    <interval begin="34600.00" end="34700.00" id="inductionLoop.S0" nVehContrib="13" flow="468.00" occupancy="73.37" speed="3.72" harmonicMeanSpeed="0.86" length="5.00" nVehEntered="12"/>
    <interval begin="34700.00" end="34800.00" id="inductionLoop.S0" nVehContrib="11" flow="396.00" occupancy="61.39" speed="3.71" harmonicMeanSpeed="0.92" length="5.00" nVehEntered="12"/>
    <interval begin="34800.00" end="34900.00" id="inductionLoop.S0" nVehContrib="6" flow="216.00" occupancy="86.51" speed="2.16" harmonicMeanSpeed="0.39" length="5.00" nVehEntered="6"/>
    <interval begin="34900.00" end="35000.00" id="inductionLoop.S0" nVehContrib="9" flow="324.00" occupancy="79.32" speed="2.10" harmonicMeanSpeed="0.49" length="5.00" nVehEntered="8"/>
    <interval begin="35000.00" end="35100.00" id="inductionLoop.S0" nVehContrib="10" flow="360.00" occupancy="79.60" speed="4.04" harmonicMeanSpeed="1.16" length="5.00" nVehEntered="11"/>
    <interval begin="35100.00" end="35200.00" id="inductionLoop.S0" nVehContrib="13" flow="468.00" occupancy="74.18" speed="4.32" harmonicMeanSpeed="0.84" length="5.00" nVehEntered="13"/>
    <interval begin="35200.00" end="35300.00" id="inductionLoop.S0" nVehContrib="14" flow="504.00" occupancy="44.27" speed="3.92" harmonicMeanSpeed="0.93" length="5.00" nVehEntered="14"/>
    <interval begin="35300.00" end="35400.00" id="inductionLoop.S0" nVehContrib="16" flow="576.00" occupancy="50.27" speed="3.65" harmonicMeanSpeed="1.62" length="5.00" nVehEntered="16"/>
    <interval begin="35400.00" end="35500.00" id="inductionLoop.S0" nVehContrib="14" flow="504.00" occupancy="70.98" speed="4.01" harmonicMeanSpeed="0.94" length="5.00" nVehEntered="13"/>
    <interval begin="35500.00" end="35600.00" id="inductionLoop.S0" nVehContrib="6" flow="216.00" occupancy="18.22" speed="7.49" harmonicMeanSpeed="1.85" length="5.00" nVehEntered="7"/>
    <interval begin="35600.00" end="35700.00" id="inductionLoop.S0" nVehContrib="9" flow="324.00" occupancy="25.52" speed="6.89" harmonicMeanSpeed="1.76" length="5.00" nVehEntered="9"/>
    <interval begin="35700.00" end="35800.00" id="inductionLoop.S0" nVehContrib="7" flow="252.00" occupancy="5.87" speed="10.59" harmonicMeanSpeed="10.24" length="5.00" nVehEntered="8"/>
    <interval begin="35800.00" end="35900.00" id="inductionLoop.S0" nVehContrib="16" flow="576.00" occupancy="35.12" speed="4.92" harmonicMeanSpeed="2.24" length="5.00" nVehEntered="16"/>
    <interval begin="35900.00" end="36000.00" id="inductionLoop.S0" nVehContrib="13" flow="468.00" occupancy="76.74" speed="5.29" harmonicMeanSpeed="1.15" length="5.00" nVehEntered="13"/>
    <interval begin="36000.00" end="36100.00" id="inductionLoop.S0" nVehContrib="13" flow="468.00" occupancy="74.40" speed="4.16" harmonicMeanSpeed="1.09" length="5.00" nVehEntered="13"/>
    <interval begin="36100.00" end="36200.00" id="inductionLoop.S0" nVehContrib="8" flow="288.00" occupancy="5.69" speed="6.11" harmonicMeanSpeed="0.94" length="5.00" nVehEntered="7"/>
    <interval begin="36200.00" end="36300.00" id="inductionLoop.S0" nVehContrib="0" flow="0.00" occupancy="0.00" speed="-1.00" harmonicMeanSpeed="-1.00" length="-1.00" nVehEntered="0"/>
    <interval begin="36300.00" end="36400.00" id="inductionLoop.S0" nVehContrib="9" flow="324.00" occupancy="22.96" speed="9.11" harmonicMeanSpeed="2.01" length="5.00" nVehEntered="10"/>
    <interval begin="36400.00" end="36500.00" id="inductionLoop.S0" nVehContrib="10" flow="360.00" occupancy="80.41" speed="3.71" harmonicMeanSpeed="0.72" length="5.00" nVehEntered="10"/>
    <interval begin="36500.00" end="36600.00" id="inductionLoop.S0" nVehContrib="12" flow="432.00" occupancy="57.57" speed="2.54" harmonicMeanSpeed="0.87" length="5.00" nVehEntered="11"/>
    <interval begin="36600.00" end="36700.00" id="inductionLoop.S0" nVehContrib="11" flow="396.00" occupancy="72.36" speed="3.81" harmonicMeanSpeed="0.76" length="5.00" nVehEntered="12"/>
    <interval begin="36700.00" end="36800.00" id="inductionLoop.S0" nVehContrib="16" flow="576.00" occupancy="45.25" speed="4.47" harmonicMeanSpeed="2.06" length="5.00" nVehEntered="16"/>
    <interval begin="36800.00" end="36900.00" id="inductionLoop.S0" nVehContrib="9" flow="324.00" occupancy="58.44" speed="8.02" harmonicMeanSpeed="0.86" length="5.00" nVehEntered="9"/>
    <interval begin="36900.00" end="37000.00" id="inductionLoop.S0" nVehContrib="9" flow="324.00" occupancy="79.55" speed="3.85" harmonicMeanSpeed="0.49" length="5.00" nVehEntered="9"/>
    <interval begin="37000.00" end="37100.00" id="inductionLoop.S0" nVehContrib="12" flow="432.00" occupancy="48.42" speed="3.15" harmonicMeanSpeed="1.23" length="5.00" nVehEntered="11"/>
    <interval begin="37100.00" end="37200.00" id="inductionLoop.S0" nVehContrib="14" flow="504.00" occupancy="72.19" speed="4.82" harmonicMeanSpeed="1.13" length="5.00" nVehEntered="15"/>
    <interval begin="37200.00" end="37300.00" id="inductionLoop.S0" nVehContrib="7" flow="252.00" occupancy="87.46" speed="4.87" harmonicMeanSpeed="0.66" length="5.00" nVehEntered="7"/>
    <interval begin="37300.00" end="37400.00" id="inductionLoop.S0" nVehContrib="14" flow="504.00" occupancy="69.69" speed="2.76" harmonicMeanSpeed="0.61" length="5.00" nVehEntered="13"/>
    <interval begin="37400.00" end="37500.00" id="inductionLoop.S0" nVehContrib="11" flow="396.00" occupancy="77.75" speed="5.00" harmonicMeanSpeed="1.07" length="5.00" nVehEntered="12"/>
    <interval begin="37500.00" end="37600.00" id="inductionLoop.S0" nVehContrib="11" flow="396.00" occupancy="78.50" speed="4.30" harmonicMeanSpeed="0.53" length="5.00" nVehEntered="11"/>
    <interval begin="37600.00" end="37700.00" id="inductionLoop.S0" nVehContrib="11" flow="396.00" occupancy="55.06" speed="1.82" harmonicMeanSpeed="0.97" length="5.00" nVehEntered="10"/>
    <interval begin="37700.00" end="37800.00" id="inductionLoop.S0" nVehContrib="9" flow="324.00" occupancy="44.67" speed="3.52" harmonicMeanSpeed="1.75" length="5.00" nVehEntered="10"/>
    <interval begin="37800.00" end="37900.00" id="inductionLoop.S0" nVehContrib="9" flow="324.00" occupancy="59.99" speed="2.30" harmonicMeanSpeed="0.58" length="5.00" nVehEntered="9"/>
    <interval begin="37900.00" end="38000.00" id="inductionLoop.S0" nVehContrib="14" flow="504.00" occupancy="74.85" speed="5.02" harmonicMeanSpeed="0.93" length="5.00" nVehEntered="13"/>
    <interval begin="38000.00" end="38100.00" id="inductionLoop.S0" nVehContrib="10" flow="360.00" occupancy="48.07" speed="2.35" harmonicMeanSpeed="1.11" length="5.00" nVehEntered="11"/>
    <interval begin="38100.00" end="38200.00" id="inductionLoop.S0" nVehContrib="12" flow="432.00" occupancy="39.81" speed="3.25" harmonicMeanSpeed="1.69" length="5.00" nVehEntered="12"/>
    <interval begin="38200.00" end="38300.00" id="inductionLoop.S0" nVehContrib="13" flow="468.00" occupancy="73.79" speed="5.16" harmonicMeanSpeed="0.81" length="5.00" nVehEntered="13"/>
    <interval begin="38300.00" end="38400.00" id="inductionLoop.S0" nVehContrib="8" flow="288.00" occupancy="86.52" speed="6.13" harmonicMeanSpeed="6.09" length="5.00" nVehEntered="8"/>
    <interval begin="38400.00" end="38500.00" id="inductionLoop.S0" nVehContrib="16" flow="576.00" occupancy="67.67" speed="3.81" harmonicMeanSpeed="0.54" length="5.00" nVehEntered="15"/>
    <interval begin="38500.00" end="38600.00" id="inductionLoop.S0" nVehContrib="12" flow="432.00" occupancy="75.70" speed="4.72" harmonicMeanSpeed="0.79" length="5.00" nVehEntered="12"/>
    <interval begin="38600.00" end="38700.00" id="inductionLoop.S0" nVehContrib="15" flow="540.00" occupancy="66.20" speed="3.69" harmonicMeanSpeed="1.14" length="5.00" nVehEntered="16"/>
    <interval begin="38700.00" end="38800.00" id="inductionLoop.S0" nVehContrib="11" flow="396.00" occupancy="81.21" speed="4.41" harmonicMeanSpeed="0.68" length="5.00" nVehEntered="10"/>
    <interval begin="38800.00" end="38900.00" id="inductionLoop.S0" nVehContrib="15" flow="540.00" occupancy="71.17" speed="5.06" harmonicMeanSpeed="1.06" length="5.00" nVehEntered="16"/>
    <interval begin="38900.00" end="39000.00" id="inductionLoop.S0" nVehContrib="9" flow="324.00" occupancy="84.91" speed="6.21" harmonicMeanSpeed="1.35" length="5.00" nVehEntered="9"/>
    <interval begin="39000.00" end="39100.00" id="inductionLoop.S0" nVehContrib="18" flow="648.00" occupancy="38.37" speed="3.45" harmonicMeanSpeed="0.99" length="5.00" nVehEntered="17"/>
    <interval begin="39100.00" end="39200.00" id="inductionLoop.S0" nVehContrib="16" flow="576.00" occupancy="70.20" speed="5.32" harmonicMeanSpeed="1.62" length="5.00" nVehEntered="17"/>
    <interval begin="39200.00" end="39300.00" id="inductionLoop.S0" nVehContrib="16" flow="576.00" occupancy="68.78" speed="5.56" harmonicMeanSpeed="0.89" length="5.00" nVehEntered="15"/>
    <interval begin="39300.00" end="39400.00" id="inductionLoop.S0" nVehContrib="12" flow="432.00" occupancy="74.54" speed="3.63" harmonicMeanSpeed="0.80" length="5.00" nVehEntered="12"/>
    <interval begin="39400.00" end="39500.00" id="inductionLoop.S0" nVehContrib="10" flow="360.00" occupancy="44.93" speed="3.88" harmonicMeanSpeed="1.13" length="5.00" nVehEntered="11"/>
    <interval begin="39500.00" end="39600.00" id="inductionLoop.S0" nVehContrib="9" flow="324.00" occupancy="81.54" speed="4.14" harmonicMeanSpeed="1.49" length="5.00" nVehEntered="9"/>
    <interval begin="39600.00" end="39700.00" id="inductionLoop.S0" nVehContrib="15" flow="540.00" occupancy="69.22" speed="4.99" harmonicMeanSpeed="0.66" length="5.00" nVehEntered="15"/>
    <interval begin="39700.00" end="39800.00" id="inductionLoop.S0" nVehContrib="15" flow="540.00" occupancy="71.95" speed="5.27" harmonicMeanSpeed="1.05" length="5.00" nVehEntered="15"/>
    <interval begin="39800.00" end="39900.00" id="inductionLoop.S0" nVehContrib="10" flow="360.00" occupancy="80.06" speed="3.75" harmonicMeanSpeed="0.69" length="5.00" nVehEntered="10"/>
    <interval begin="39900.00" end="40000.00" id="inductionLoop.S0" nVehContrib="9" flow="324.00" occupancy="83.22" speed="3.70" harmonicMeanSpeed="0.46" length="5.00" nVehEntered="9"/>
    <interval begin="40000.00" end="40100.00" id="inductionLoop.S0" nVehContrib="18" flow="648.00" occupancy="65.80" speed="5.70" harmonicMeanSpeed="2.40" length="5.00" nVehEntered="18"/>
    <interval begin="40100.00" end="40200.00" id="inductionLoop.S0" nVehContrib="15" flow="540.00" occupancy="68.42" speed="3.61" harmonicMeanSpeed="0.79" length="5.00" nVehEntered="15"/>
    <interval begin="40200.00" end="40300.00" id="inductionLoop.S0" nVehContrib="15" flow="540.00" occupancy="72.35" speed="5.03" harmonicMeanSpeed="1.00" length="5.00" nVehEntered="15"/>
    <interval begin="40300.00" end="40400.00" id="inductionLoop.S0" nVehContrib="11" flow="396.00" occupancy="79.02" speed="5.02" harmonicMeanSpeed="0.91" length="5.00" nVehEntered="11"/>
    <interval begin="40400.00" end="40500.00" id="inductionLoop.S0" nVehContrib="22" flow="792.00" occupancy="55.14" speed="5.78" harmonicMeanSpeed="2.17" length="5.00" nVehEntered="22"/>
    <interval begin="40500.00" end="40600.00" id="inductionLoop.S0" nVehContrib="13" flow="468.00" occupancy="70.87" speed="3.77" harmonicMeanSpeed="0.69" length="5.00" nVehEntered="12"/>
    <interval begin="40600.00" end="40700.00" id="inductionLoop.S0" nVehContrib="9" flow="324.00" occupancy="80.83" speed="4.51" harmonicMeanSpeed="0.56" length="5.00" nVehEntered="9"/>
    <interval begin="40700.00" end="40800.00" id="inductionLoop.S0" nVehContrib="17" flow="612.00" occupancy="27.68" speed="6.57" harmonicMeanSpeed="3.96" length="5.00" nVehEntered="18"/>
    <interval begin="40800.00" end="40900.00" id="inductionLoop.S0" nVehContrib="8" flow="288.00" occupancy="54.57" speed="3.14" harmonicMeanSpeed="0.66" length="5.00" nVehEntered="7"/>
    <interval begin="40900.00" end="41000.00" id="inductionLoop.S0" nVehContrib="13" flow="468.00" occupancy="68.20" speed="4.08" harmonicMeanSpeed="1.08" length="5.00" nVehEntered="14"/>
    <interval begin="41000.00" end="41100.00" id="inductionLoop.S0" nVehContrib="11" flow="396.00" occupancy="73.42" speed="4.17" harmonicMeanSpeed="0.68" length="5.00" nVehEntered="10"/>
    <interval begin="41100.00" end="41200.00" id="inductionLoop.S0" nVehContrib="12" flow="432.00" occupancy="79.94" speed="6.03" harmonicMeanSpeed="4.84" length="5.00" nVehEntered="13"/>
    <interval begin="41200.00" end="41300.00" id="inductionLoop.S0" nVehContrib="11" flow="396.00" occupancy="77.71" speed="4.69" harmonicMeanSpeed="0.46" length="5.00" nVehEntered="11"/>
    <interval begin="41300.00" end="41400.00" id="inductionLoop.S0" nVehContrib="8" flow="288.00" occupancy="80.36" speed="5.12" harmonicMeanSpeed="0.60" length="5.00" nVehEntered="8"/>
    <interval begin="41400.00" end="41500.00" id="inductionLoop.S0" nVehContrib="15" flow="540.00" occupancy="25.80" speed="4.62" harmonicMeanSpeed="1.18" length="5.00" nVehEntered="15"/>
    <interval begin="41500.00" end="41600.00" id="inductionLoop.S0" nVehContrib="17" flow="612.00" occupancy="65.06" speed="5.82" harmonicMeanSpeed="1.30" length="5.00" nVehEntered="16"/>
    <interval begin="41600.00" end="41700.00" id="inductionLoop.S0" nVehContrib="11" flow="396.00" occupancy="79.34" speed="5.81" harmonicMeanSpeed="0.69" length="5.00" nVehEntered="11"/>
    <interval begin="41700.00" end="41800.00" id="inductionLoop.S0" nVehContrib="6" flow="216.00" occupancy="86.89" speed="4.86" harmonicMeanSpeed="2.70" length="5.00" nVehEntered="7"/>
    <interval begin="41800.00" end="41900.00" id="inductionLoop.S0" nVehContrib="24" flow="864.00" occupancy="59.77" speed="6.40" harmonicMeanSpeed="0.89" length="5.00" nVehEntered="23"/>
    <interval begin="41900.00" end="42000.00" id="inductionLoop.S0" nVehContrib="3" flow="108.00" occupancy="93.74" speed="5.19" harmonicMeanSpeed="5.03" length="5.00" nVehEntered="4"/>
    <interval begin="42000.00" end="42100.00" id="inductionLoop.S0" nVehContrib="16" flow="576.00" occupancy="36.73" speed="4.58" harmonicMeanSpeed="0.63" length="5.00" nVehEntered="15"/>
    <interval begin="42100.00" end="42200.00" id="inductionLoop.S0" nVehContrib="14" flow="504.00" occupancy="59.12" speed="4.82" harmonicMeanSpeed="1.18" length="5.00" nVehEntered="14"/>
    <interval begin="42200.00" end="42300.00" id="inductionLoop.S0" nVehContrib="9" flow="324.00" occupancy="47.89" speed="4.53" harmonicMeanSpeed="3.91" length="5.00" nVehEntered="10"/>
    <interval begin="42300.00" end="42400.00" id="inductionLoop.S0" nVehContrib="27" flow="972.00" occupancy="52.14" speed="6.46" harmonicMeanSpeed="1.53" length="5.00" nVehEntered="28"/>
    <interval begin="42400.00" end="42500.00" id="inductionLoop.S0" nVehContrib="11" flow="396.00" occupancy="80.29" speed="5.15" harmonicMeanSpeed="0.81" length="5.00" nVehEntered="11"/>
    <interval begin="42500.00" end="42600.00" id="inductionLoop.S0" nVehContrib="13" flow="468.00" occupancy="71.00" speed="6.79" harmonicMeanSpeed="0.97" length="5.00" nVehEntered="13"/>
    <interval begin="42600.00" end="42700.00" id="inductionLoop.S0" nVehContrib="8" flow="288.00" occupancy="85.87" speed="4.77" harmonicMeanSpeed="0.39" length="5.00" nVehEntered="8"/>
    <interval begin="42700.00" end="42800.00" id="inductionLoop.S0" nVehContrib="25" flow="900.00" occupancy="20.05" speed="9.74" harmonicMeanSpeed="6.23" length="5.00" nVehEntered="24"/>
    <interval begin="42800.00" end="42900.00" id="inductionLoop.S0" nVehContrib="4" flow="144.00" occupancy="74.61" speed="1.44" harmonicMeanSpeed="1.43" length="5.00" nVehEntered="5"/>
    <interval begin="42900.00" end="43000.00" id="inductionLoop.S0" nVehContrib="9" flow="324.00" occupancy="69.90" speed="4.23" harmonicMeanSpeed="0.34" length="5.00" nVehEntered="8"/>
    <interval begin="43000.00" end="43100.00" id="inductionLoop.S0" nVehContrib="10" flow="360.00" occupancy="27.56" speed="6.25" harmonicMeanSpeed="4.50" length="5.00" nVehEntered="11"/>
    <interval begin="43100.00" end="43200.00" id="inductionLoop.S0" nVehContrib="28" flow="1008.00" occupancy="50.46" speed="5.66" harmonicMeanSpeed="2.33" length="5.00" nVehEntered="28"/>
    <interval begin="43200.00" end="43300.00" id="inductionLoop.S0" nVehContrib="3" flow="108.00" occupancy="94.58" speed="2.58" harmonicMeanSpeed="0.15" length="5.00" nVehEntered="3"/>
    <interval begin="43300.00" end="43400.00" id="inductionLoop.S0" nVehContrib="13" flow="468.00" occupancy="69.11" speed="5.12" harmonicMeanSpeed="1.20" length="5.00" nVehEntered="13"/>
    <interval begin="43400.00" end="43500.00" id="inductionLoop.S0" nVehContrib="14" flow="504.00" occupancy="73.81" speed="7.39" harmonicMeanSpeed="0.78" length="5.00" nVehEntered="13"/>
    <interval begin="43500.00" end="43600.00" id="inductionLoop.S0" nVehContrib="17" flow="612.00" occupancy="62.14" speed="5.54" harmonicMeanSpeed="1.37" length="5.00" nVehEntered="17"/>
    <interval begin="43600.00" end="43700.00" id="inductionLoop.S0" nVehContrib="10" flow="360.00" occupancy="49.20" speed="4.16" harmonicMeanSpeed="1.02" length="5.00" nVehEntered="10"/>
    <interval begin="43700.00" end="43800.00" id="inductionLoop.S0" nVehContrib="15" flow="540.00" occupancy="67.76" speed="8.94" harmonicMeanSpeed="1.11" length="5.00" nVehEntered="15"/>
    <interval begin="43800.00" end="43900.00" id="inductionLoop.S0" nVehContrib="21" flow="756.00" occupancy="59.74" speed="6.14" harmonicMeanSpeed="1.76" length="5.00" nVehEntered="22"/>
    <interval begin="43900.00" end="44000.00" id="inductionLoop.S0" nVehContrib="15" flow="540.00" occupancy="20.34" speed="6.18" harmonicMeanSpeed="3.68" length="5.00" nVehEntered="14"/>
    <interval begin="44000.00" end="44100.00" id="inductionLoop.S0" nVehContrib="18" flow="648.00" occupancy="66.54" speed="6.03" harmonicMeanSpeed="1.74" length="5.00" nVehEntered="19"/>
    <interval begin="44100.00" end="44200.00" id="inductionLoop.S0" nVehContrib="16" flow="576.00" occupancy="69.98" speed="6.33" harmonicMeanSpeed="0.94" length="5.00" nVehEntered="15"/>
    <interval begin="44200.00" end="44300.00" id="inductionLoop.S0" nVehContrib="22" flow="792.00" occupancy="63.81" speed="6.68" harmonicMeanSpeed="5.45" length="5.00" nVehEntered="23"/>
    <interval begin="44300.00" end="44400.00" id="inductionLoop.S0" nVehContrib="13" flow="468.00" occupancy="75.96" speed="5.32" harmonicMeanSpeed="0.54" length="5.00" nVehEntered="12"/>
    <interval begin="44400.00" end="44500.00" id="inductionLoop.S0" nVehContrib="18" flow="648.00" occupancy="21.70" speed="6.73" harmonicMeanSpeed="4.15" length="5.00" nVehEntered="18"/>
    <interval begin="44500.00" end="44600.00" id="inductionLoop.S0" nVehContrib="19" flow="684.00" occupancy="63.16" speed="6.18" harmonicMeanSpeed="1.92" length="5.00" nVehEntered="20"/>
    <interval begin="44600.00" end="44700.00" id="inductionLoop.S0" nVehContrib="8" flow="288.00" occupancy="83.85" speed="2.60" harmonicMeanSpeed="0.41" length="5.00" nVehEntered="7"/>
    <interval begin="44700.00" end="44800.00" id="inductionLoop.S0" nVehContrib="17" flow="612.00" occupancy="73.60" speed="6.51" harmonicMeanSpeed="1.15" length="5.00" nVehEntered="17"/>
    <interval begin="44800.00" end="44900.00" id="inductionLoop.S0" nVehContrib="8" flow="288.00" occupancy="10.47" speed="7.38" harmonicMeanSpeed="4.32" length="5.00" nVehEntered="9"/>
    <interval begin="44900.00" end="45000.00" id="inductionLoop.S0" nVehContrib="15" flow="540.00" occupancy="74.11" speed="5.55" harmonicMeanSpeed="1.00" length="5.00" nVehEntered="14"/>
    <interval begin="45000.00" end="45100.00" id="inductionLoop.S0" nVehContrib="10" flow="360.00" occupancy="78.21" speed="6.25" harmonicMeanSpeed="4.42" length="5.00" nVehEntered="11"/>
    <interval begin="45100.00" end="45200.00" id="inductionLoop.S0" nVehContrib="27" flow="972.00" occupancy="54.19" speed="6.28" harmonicMeanSpeed="1.11" length="5.00" nVehEntered="26"/>
    <interval begin="45200.00" end="45300.00" id="inductionLoop.S0" nVehContrib="11" flow="396.00" occupancy="18.80" speed="4.96" harmonicMeanSpeed="2.93" length="5.00" nVehEntered="11"/>
    <interval begin="45300.00" end="45400.00" id="inductionLoop.S0" nVehContrib="24" flow="864.00" occupancy="54.59" speed="5.33" harmonicMeanSpeed="2.67" length="5.00" nVehEntered="25"/>
    <interval begin="45400.00" end="45500.00" id="inductionLoop.S0" nVehContrib="4" flow="144.00" occupancy="92.71" speed="4.15" harmonicMeanSpeed="0.20" length="5.00" nVehEntered="3"/>
    <interval begin="45500.00" end="45600.00" id="inductionLoop.S0" nVehContrib="20" flow="720.00" occupancy="61.64" speed="5.93" harmonicMeanSpeed="1.62" length="5.00" nVehEntered="20"/>
    <interval begin="45600.00" end="45700.00" id="inductionLoop.S0" nVehContrib="5" flow="180.00" occupancy="12.78" speed="2.58" harmonicMeanSpeed="1.98" length="5.00" nVehEntered="6"/>
    <interval begin="45700.00" end="45800.00" id="inductionLoop.S0" nVehContrib="24" flow="864.00" occupancy="58.69" speed="7.66" harmonicMeanSpeed="2.04" length="5.00" nVehEntered="23"/>
    <interval begin="45800.00" end="45900.00" id="inductionLoop.S0" nVehContrib="16" flow="576.00" occupancy="72.71" speed="6.01" harmonicMeanSpeed="4.90" length="5.00" nVehEntered="17"/>
    <interval begin="45900.00" end="46000.00" id="inductionLoop.S0" nVehContrib="12" flow="432.00" occupancy="74.94" speed="6.16" harmonicMeanSpeed="0.46" length="5.00" nVehEntered="12"/>
    <interval begin="46000.00" end="46100.00" id="inductionLoop.S0" nVehContrib="15" flow="540.00" occupancy="65.53" speed="4.86" harmonicMeanSpeed="3.83" length="5.00" nVehEntered="15"/>
    <interval begin="46100.00" end="46200.00" id="inductionLoop.S0" nVehContrib="13" flow="468.00" occupancy="69.73" speed="3.50" harmonicMeanSpeed="0.57" length="5.00" nVehEntered="13"/>
    <interval begin="46200.00" end="46300.00" id="inductionLoop.S0" nVehContrib="17" flow="612.00" occupancy="69.72" speed="5.82" harmonicMeanSpeed="2.09" length="5.00" nVehEntered="17"/>
    <interval begin="46300.00" end="46400.00" id="inductionLoop.S0" nVehContrib="7" flow="252.00" occupancy="84.11" speed="2.90" harmonicMeanSpeed="0.42" length="5.00" nVehEntered="7"/>
    <interval begin="46400.00" end="46500.00" id="inductionLoop.S0" nVehContrib="12" flow="432.00" occupancy="77.88" speed="4.54" harmonicMeanSpeed="0.80" length="5.00" nVehEntered="12"/>
    <interval begin="46500.00" end="46600.00" id="inductionLoop.S0" nVehContrib="10" flow="360.00" occupancy="78.64" speed="4.10" harmonicMeanSpeed="0.48" length="5.00" nVehEntered="10"/>
    <interval begin="46600.00" end="46700.00" id="inductionLoop.S0" nVehContrib="16" flow="576.00" occupancy="33.15" speed="5.39" harmonicMeanSpeed="2.05" length="5.00" nVehEntered="16"/>
    <interval begin="46700.00" end="46800.00" id="inductionLoop.S0" nVehContrib="8" flow="288.00" occupancy="73.56" speed="2.63" harmonicMeanSpeed="0.53" length="5.00" nVehEntered="8"/>
    <interval begin="46800.00" end="46900.00" id="inductionLoop.S0" nVehContrib="19" flow="684.00" occupancy="29.25" speed="4.66" harmonicMeanSpeed="3.20" length="5.00" nVehEntered="18"/>
    <interval begin="46900.00" end="47000.00" id="inductionLoop.S0" nVehContrib="17" flow="612.00" occupancy="43.35" speed="3.51" harmonicMeanSpeed="2.25" length="5.00" nVehEntered="18"/>
    <interval begin="47000.00" end="47100.00" id="inductionLoop.S0" nVehContrib="15" flow="540.00" occupancy="33.39" speed="4.38" harmonicMeanSpeed="1.95" length="5.00" nVehEntered="15"/>
    <interval begin="47100.00" end="47200.00" id="inductionLoop.S0" nVehContrib="17" flow="612.00" occupancy="66.36" speed="4.38" harmonicMeanSpeed="2.35" length="5.00" nVehEntered="17"/>
    <interval begin="47200.00" end="47300.00" id="inductionLoop.S0" nVehContrib="9" flow="324.00" occupancy="84.47" speed="5.99" harmonicMeanSpeed="0.39" length="5.00" nVehEntered="8"/>
    <interval begin="47300.00" end="47400.00" id="inductionLoop.S0" nVehContrib="10" flow="360.00" occupancy="83.60" speed="5.48" harmonicMeanSpeed="0.60" length="5.00" nVehEntered="10"/>
    <interval begin="47400.00" end="47500.00" id="inductionLoop.S0" nVehContrib="22" flow="792.00" occupancy="64.39" speed="6.34" harmonicMeanSpeed="1.71" length="5.00" nVehEntered="22"/>
    <interval begin="47500.00" end="47600.00" id="inductionLoop.S0" nVehContrib="13" flow="468.00" occupancy="77.43" speed="6.18" harmonicMeanSpeed="0.84" length="5.00" nVehEntered="13"/>
    <interval begin="47600.00" end="47700.00" id="inductionLoop.S0" nVehContrib="16" flow="576.00" occupancy="68.42" speed="7.10" harmonicMeanSpeed="1.18" length="5.00" nVehEntered="17"/>
    <interval begin="47700.00" end="47800.00" id="inductionLoop.S0" nVehContrib="5" flow="180.00" occupancy="92.00" speed="4.69" harmonicMeanSpeed="0.27" length="5.00" nVehEntered="4"/>
    <interval begin="47800.00" end="47900.00" id="inductionLoop.S0" nVehContrib="21" flow="756.00" occupancy="57.07" speed="6.89" harmonicMeanSpeed="1.90" length="5.00" nVehEntered="22"/>
    <interval begin="47900.00" end="48000.00" id="inductionLoop.S0" nVehContrib="4" flow="144.00" occupancy="92.98" speed="2.26" harmonicMeanSpeed="0.64" length="5.00" nVehEntered="4"/>
    <interval begin="48000.00" end="48100.00" id="inductionLoop.S0" nVehContrib="16" flow="576.00" occupancy="66.18" speed="6.70" harmonicMeanSpeed="0.62" length="5.00" nVehEntered="15"/>
    <interval begin="48100.00" end="48200.00" id="inductionLoop.S0" nVehContrib="31" flow="1116.00" occupancy="48.14" speed="6.75" harmonicMeanSpeed="6.13" length="5.00" nVehEntered="32"/>
    <interval begin="48200.00" end="48300.00" id="inductionLoop.S0" nVehContrib="10" flow="360.00" occupancy="81.50" speed="4.95" harmonicMeanSpeed="0.52" length="5.00" nVehEntered="10"/>
    <interval begin="48300.00" end="48400.00" id="inductionLoop.S0" nVehContrib="12" flow="432.00" occupancy="73.33" speed="4.43" harmonicMeanSpeed="0.75" length="5.00" nVehEntered="12"/>
    <interval begin="48400.00" end="48500.00" id="inductionLoop.S0" nVehContrib="13" flow="468.00" occupancy="74.52" speed="5.23" harmonicMeanSpeed="3.40" length="5.00" nVehEntered="13"/>
    <interval begin="48500.00" end="48600.00" id="inductionLoop.S0" nVehContrib="6" flow="216.00" occupancy="86.67" speed="4.99" harmonicMeanSpeed="0.36" length="5.00" nVehEntered="6"/>
    <interval begin="48600.00" end="48700.00" id="inductionLoop.S0" nVehContrib="29" flow="1044.00" occupancy="46.53" speed="6.45" harmonicMeanSpeed="1.34" length="5.00" nVehEntered="28"/>
    <interval begin="48700.00" end="48800.00" id="inductionLoop.S0" nVehContrib="11" flow="396.00" occupancy="27.69" speed="5.13" harmonicMeanSpeed="2.18" length="5.00" nVehEntered="12"/>
    <interval begin="48800.00" end="48900.00" id="inductionLoop.S0" nVehContrib="13" flow="468.00" occupancy="67.59" speed="8.15" harmonicMeanSpeed="0.93" length="5.00" nVehEntered="12"/>
    <interval begin="48900.00" end="49000.00" id="inductionLoop.S0" nVehContrib="9" flow="324.00" occupancy="80.99" speed="5.52" harmonicMeanSpeed="0.58" length="5.00" nVehEntered="10"/>
    <interval begin="49000.00" end="49100.00" id="inductionLoop.S0" nVehContrib="26" flow="936.00" occupancy="59.08" speed="6.53" harmonicMeanSpeed="2.08" length="5.00" nVehEntered="25"/>
    <interval begin="49100.00" end="49200.00" id="inductionLoop.S0" nVehContrib="25" flow="900.00" occupancy="56.26" speed="5.47" harmonicMeanSpeed="2.32" length="5.00" nVehEntered="26"/>
    <interval begin="49200.00" end="49300.00" id="inductionLoop.S0" nVehContrib="6" flow="216.00" occupancy="38.18" speed="1.40" harmonicMeanSpeed="1.31" length="5.00" nVehEntered="6"/>
    <interval begin="49300.00" end="49400.00" id="inductionLoop.S0" nVehContrib="7" flow="252.00" occupancy="86.32" speed="5.54" harmonicMeanSpeed="0.34" length="5.00" nVehEntered="6"/>
    <interval begin="49400.00" end="49500.00" id="inductionLoop.S0" nVehContrib="11" flow="396.00" occupancy="36.93" speed="5.71" harmonicMeanSpeed="1.49" length="5.00" nVehEntered="11"/>
    <interval begin="49500.00" end="49600.00" id="inductionLoop.S0" nVehContrib="24" flow="864.00" occupancy="55.45" speed="5.77" harmonicMeanSpeed="2.18" length="5.00" nVehEntered="25"/>
    <interval begin="49600.00" end="49700.00" id="inductionLoop.S0" nVehContrib="7" flow="252.00" occupancy="87.97" speed="6.18" harmonicMeanSpeed="0.40" length="5.00" nVehEntered="7"/>
    <interval begin="49700.00" end="49800.00" id="inductionLoop.S0" nVehContrib="22" flow="792.00" occupancy="62.40" speed="5.81" harmonicMeanSpeed="1.74" length="5.00" nVehEntered="22"/>
    <interval begin="49800.00" end="49900.00" id="inductionLoop.S0" nVehContrib="11" flow="396.00" occupancy="42.26" speed="3.74" harmonicMeanSpeed="1.38" length="5.00" nVehEntered="11"/>
    <interval begin="49900.00" end="50000.00" id="inductionLoop.S0" nVehContrib="11" flow="396.00" occupancy="74.19" speed="2.28" harmonicMeanSpeed="0.72" length="5.00" nVehEntered="10"/>
    <interval begin="50000.00" end="50004.00" id="inductionLoop.S0" nVehContrib="1" flow="900.00" occupancy="34.12" speed="3.66" harmonicMeanSpeed="3.66" length="5.00" nVehEntered="1"/>
</detector>
