<?xml version="1.0" encoding="UTF-8"?>

<!-- generated on 2023-07-22 15:19:01 by Eclipse SUMO sumo Version 1.12.0
<configuration xmlns:xsi="http://www.w3.org/2001/XMLSchema-instance" xsi:noNamespaceSchemaLocation="http://sumo.dlr.de/xsd/sumoConfiguration.xsd">

    <input>
        <net-file value="Data0-20/intersection.net.xml"/>
        <route-files value="Data0-20/intersection.rou.xml"/>
        <additional-files value="Data0-20/intersection.det.xml"/>
    </input>

    <output>
        <tripinfo-output value="Data0-20/tripinfo.xml"/>
    </output>

    <time>
        <begin value="0"/>
    </time>

    <processing>
        <time-to-teleport value="-1"/>
        <waiting-time-memory value="60000"/>
    </processing>

    <report>
        <verbose value="true"/>
        <no-step-log value="true"/>
    </report>

    <emissions>
        <device.emissions.probability value="1"/>
    </emissions>

    <traci_server>
        <remote-port value="43135"/>
    </traci_server>

    <gui_only>
        <gui-settings-file value="Data0-20/intersection.settings.xml"/>
    </gui_only>

</configuration>
-->

<detector xmlns:xsi="http://www.w3.org/2001/XMLSchema-instance" xsi:noNamespaceSchemaLocation="http://sumo.dlr.de/xsd/det_e1_file.xsd">
    <interval begin="0.00" end="100.00" id="inductionLoop.W3" nVehContrib="0" flow="0.00" occupancy="0.00" speed="-1.00" harmonicMeanSpeed="-1.00" length="-1.00" nVehEntered="0"/>
    <interval begin="100.00" end="200.00" id="inductionLoop.W3" nVehContrib="1" flow="36.00" occupancy="1.10" speed="4.56" harmonicMeanSpeed="4.56" length="5.00" nVehEntered="1"/>
    <interval begin="200.00" end="300.00" id="inductionLoop.W3" nVehContrib="4" flow="144.00" occupancy="1.56" speed="13.13" harmonicMeanSpeed="12.83" length="5.00" nVehEntered="4"/>
    <interval begin="300.00" end="400.00" id="inductionLoop.W3" nVehContrib="6" flow="216.00" occupancy="5.95" speed="7.61" harmonicMeanSpeed="5.04" length="5.00" nVehEntered="6"/>
    <interval begin="400.00" end="500.00" id="inductionLoop.W3" nVehContrib="6" flow="216.00" occupancy="11.68" speed="6.75" harmonicMeanSpeed="2.58" length="5.00" nVehEntered="7"/>
    <interval begin="500.00" end="600.00" id="inductionLoop.W3" nVehContrib="10" flow="360.00" occupancy="13.48" speed="7.65" harmonicMeanSpeed="3.81" length="5.00" nVehEntered="11"/>
    <interval begin="600.00" end="700.00" id="inductionLoop.W3" nVehContrib="8" flow="288.00" occupancy="11.77" speed="5.75" harmonicMeanSpeed="3.40" length="5.00" nVehEntered="8"/>
    <interval begin="700.00" end="800.00" id="inductionLoop.W3" nVehContrib="7" flow="252.00" occupancy="10.39" speed="5.45" harmonicMeanSpeed="3.71" length="5.00" nVehEntered="8"/>
    <interval begin="800.00" end="900.00" id="inductionLoop.W3" nVehContrib="7" flow="252.00" occupancy="10.87" speed="6.82" harmonicMeanSpeed="3.61" length="5.00" nVehEntered="10"/>
    <interval begin="900.00" end="1000.00" id="inductionLoop.W3" nVehContrib="9" flow="324.00" occupancy="22.69" speed="4.82" harmonicMeanSpeed="1.97" length="5.00" nVehEntered="10"/>
    <interval begin="1000.00" end="1100.00" id="inductionLoop.W3" nVehContrib="7" flow="252.00" occupancy="12.03" speed="6.21" harmonicMeanSpeed="2.96" length="5.00" nVehEntered="8"/>
    <interval begin="1100.00" end="1200.00" id="inductionLoop.W3" nVehContrib="7" flow="252.00" occupancy="9.48" speed="5.86" harmonicMeanSpeed="3.93" length="5.00" nVehEntered="9"/>
    <interval begin="1200.00" end="1300.00" id="inductionLoop.W3" nVehContrib="3" flow="108.00" occupancy="1.86" speed="10.69" harmonicMeanSpeed="8.05" length="5.00" nVehEntered="3"/>
    <interval begin="1300.00" end="1400.00" id="inductionLoop.W3" nVehContrib="9" flow="324.00" occupancy="7.29" speed="9.72" harmonicMeanSpeed="7.61" length="5.00" nVehEntered="11"/>
    <interval begin="1400.00" end="1500.00" id="inductionLoop.W3" nVehContrib="4" flow="144.00" occupancy="2.93" speed="8.90" harmonicMeanSpeed="7.42" length="5.00" nVehEntered="5"/>
    <interval begin="1500.00" end="1600.00" id="inductionLoop.W3" nVehContrib="6" flow="216.00" occupancy="7.72" speed="5.92" harmonicMeanSpeed="3.97" length="5.00" nVehEntered="7"/>
    <interval begin="1600.00" end="1700.00" id="inductionLoop.W3" nVehContrib="8" flow="288.00" occupancy="11.85" speed="7.16" harmonicMeanSpeed="3.61" length="5.00" nVehEntered="9"/>
    <interval begin="1700.00" end="1800.00" id="inductionLoop.W3" nVehContrib="8" flow="288.00" occupancy="12.03" speed="6.82" harmonicMeanSpeed="3.58" length="5.00" nVehEntered="10"/>
    <interval begin="1800.00" end="1900.00" id="inductionLoop.W3" nVehContrib="6" flow="216.00" occupancy="6.45" speed="6.60" harmonicMeanSpeed="4.95" length="5.00" nVehEntered="7"/>
    <interval begin="1900.00" end="2000.00" id="inductionLoop.W3" nVehContrib="8" flow="288.00" occupancy="5.64" speed="9.82" harmonicMeanSpeed="7.09" length="5.00" nVehEntered="8"/>
    <interval begin="2000.00" end="2100.00" id="inductionLoop.W3" nVehContrib="6" flow="216.00" occupancy="4.13" speed="9.60" harmonicMeanSpeed="7.27" length="5.00" nVehEntered="6"/>
    <interval begin="2100.00" end="2200.00" id="inductionLoop.W3" nVehContrib="3" flow="108.00" occupancy="2.41" speed="7.90" harmonicMeanSpeed="6.22" length="5.00" nVehEntered="3"/>
    <interval begin="2200.00" end="2300.00" id="inductionLoop.W3" nVehContrib="8" flow="288.00" occupancy="8.40" speed="6.57" harmonicMeanSpeed="4.76" length="5.00" nVehEntered="8"/>
    <interval begin="2300.00" end="2400.00" id="inductionLoop.W3" nVehContrib="5" flow="180.00" occupancy="3.99" speed="8.08" harmonicMeanSpeed="7.07" length="5.00" nVehEntered="7"/>
    <interval begin="2400.00" end="2500.00" id="inductionLoop.W3" nVehContrib="0" flow="0.00" occupancy="0.00" speed="-1.00" harmonicMeanSpeed="-1.00" length="-1.00" nVehEntered="0"/>
    <interval begin="2500.00" end="2600.00" id="inductionLoop.W3" nVehContrib="7" flow="252.00" occupancy="4.47" speed="9.65" harmonicMeanSpeed="8.23" length="5.00" nVehEntered="8"/>
    <interval begin="2600.00" end="2700.00" id="inductionLoop.W3" nVehContrib="1" flow="36.00" occupancy="0.38" speed="13.25" harmonicMeanSpeed="13.25" length="5.00" nVehEntered="1"/>
    <interval begin="2700.00" end="2800.00" id="inductionLoop.W3" nVehContrib="3" flow="108.00" occupancy="2.15" speed="10.13" harmonicMeanSpeed="6.97" length="5.00" nVehEntered="3"/>
    <interval begin="2800.00" end="2900.00" id="inductionLoop.W3" nVehContrib="2" flow="72.00" occupancy="1.00" speed="10.51" harmonicMeanSpeed="10.03" length="5.00" nVehEntered="2"/>
    <interval begin="2900.00" end="3000.00" id="inductionLoop.W3" nVehContrib="1" flow="36.00" occupancy="0.38" speed="13.23" harmonicMeanSpeed="13.23" length="5.00" nVehEntered="1"/>
    <interval begin="3000.00" end="3100.00" id="inductionLoop.W3" nVehContrib="3" flow="108.00" occupancy="2.07" speed="10.27" harmonicMeanSpeed="7.24" length="5.00" nVehEntered="3"/>
    <interval begin="3100.00" end="3200.00" id="inductionLoop.W3" nVehContrib="1" flow="36.00" occupancy="0.35" speed="14.46" harmonicMeanSpeed="14.46" length="5.00" nVehEntered="1"/>
    <interval begin="3200.00" end="3300.00" id="inductionLoop.W3" nVehContrib="2" flow="72.00" occupancy="2.11" speed="4.73" harmonicMeanSpeed="4.73" length="5.00" nVehEntered="2"/>
    <interval begin="3300.00" end="3400.00" id="inductionLoop.W3" nVehContrib="7" flow="252.00" occupancy="4.90" speed="9.33" harmonicMeanSpeed="7.15" length="5.00" nVehEntered="7"/>
    <interval begin="3400.00" end="3500.00" id="inductionLoop.W3" nVehContrib="3" flow="108.00" occupancy="2.18" speed="10.47" harmonicMeanSpeed="6.89" length="5.00" nVehEntered="3"/>
    <interval begin="3500.00" end="3600.00" id="inductionLoop.W3" nVehContrib="1" flow="36.00" occupancy="0.36" speed="13.99" harmonicMeanSpeed="13.99" length="5.00" nVehEntered="1"/>
    <interval begin="3600.00" end="3700.00" id="inductionLoop.W3" nVehContrib="2" flow="72.00" occupancy="1.82" speed="7.71" harmonicMeanSpeed="5.50" length="5.00" nVehEntered="2"/>
    <interval begin="3700.00" end="3800.00" id="inductionLoop.W3" nVehContrib="4" flow="144.00" occupancy="2.17" speed="9.62" harmonicMeanSpeed="9.22" length="5.00" nVehEntered="4"/>
    <interval begin="3800.00" end="3900.00" id="inductionLoop.W3" nVehContrib="2" flow="72.00" occupancy="0.69" speed="14.65" harmonicMeanSpeed="14.58" length="5.00" nVehEntered="2"/>
    <interval begin="3900.00" end="4000.00" id="inductionLoop.W3" nVehContrib="2" flow="72.00" occupancy="1.64" speed="7.37" harmonicMeanSpeed="6.11" length="5.00" nVehEntered="2"/>
    <interval begin="4000.00" end="4100.00" id="inductionLoop.W3" nVehContrib="2" flow="72.00" occupancy="1.84" speed="7.15" harmonicMeanSpeed="5.44" length="5.00" nVehEntered="2"/>
    <interval begin="4100.00" end="4200.00" id="inductionLoop.W3" nVehContrib="5" flow="180.00" occupancy="3.84" speed="10.37" harmonicMeanSpeed="6.52" length="5.00" nVehEntered="5"/>
    <interval begin="4200.00" end="4300.00" id="inductionLoop.W3" nVehContrib="1" flow="36.00" occupancy="0.39" speed="12.75" harmonicMeanSpeed="12.75" length="5.00" nVehEntered="1"/>
    <interval begin="4300.00" end="4400.00" id="inductionLoop.W3" nVehContrib="3" flow="108.00" occupancy="1.88" speed="10.93" harmonicMeanSpeed="7.98" length="5.00" nVehEntered="3"/>
    <interval begin="4400.00" end="4500.00" id="inductionLoop.W3" nVehContrib="3" flow="108.00" occupancy="2.24" speed="10.72" harmonicMeanSpeed="6.69" length="5.00" nVehEntered="3"/>
    <interval begin="4500.00" end="4600.00" id="inductionLoop.W3" nVehContrib="3" flow="108.00" occupancy="3.09" speed="6.82" harmonicMeanSpeed="4.86" length="5.00" nVehEntered="3"/>
    <interval begin="4600.00" end="4700.00" id="inductionLoop.W3" nVehContrib="1" flow="36.00" occupancy="1.17" speed="4.27" harmonicMeanSpeed="4.27" length="5.00" nVehEntered="1"/>
    <interval begin="4700.00" end="4800.00" id="inductionLoop.W3" nVehContrib="0" flow="0.00" occupancy="0.00" speed="-1.00" harmonicMeanSpeed="-1.00" length="-1.00" nVehEntered="0"/>
    <interval begin="4800.00" end="4900.00" id="inductionLoop.W3" nVehContrib="2" flow="72.00" occupancy="0.83" speed="12.41" harmonicMeanSpeed="12.26" length="5.00" nVehEntered="3"/>
    <interval begin="4900.00" end="5000.00" id="inductionLoop.W3" nVehContrib="7" flow="252.00" occupancy="6.32" speed="7.54" harmonicMeanSpeed="5.54" length="5.00" nVehEntered="7"/>
    <interval begin="5000.00" end="5100.00" id="inductionLoop.W3" nVehContrib="2" flow="72.00" occupancy="2.68" speed="4.26" harmonicMeanSpeed="4.17" length="5.00" nVehEntered="3"/>
    <interval begin="5100.00" end="5200.00" id="inductionLoop.W3" nVehContrib="3" flow="108.00" occupancy="2.13" speed="9.78" harmonicMeanSpeed="7.06" length="5.00" nVehEntered="3"/>
    <interval begin="5200.00" end="5300.00" id="inductionLoop.W3" nVehContrib="2" flow="72.00" occupancy="1.46" speed="9.59" harmonicMeanSpeed="6.83" length="5.00" nVehEntered="2"/>
    <interval begin="5300.00" end="5400.00" id="inductionLoop.W3" nVehContrib="4" flow="144.00" occupancy="2.82" speed="9.91" harmonicMeanSpeed="7.08" length="5.00" nVehEntered="4"/>
    <interval begin="5400.00" end="5500.00" id="inductionLoop.W3" nVehContrib="1" flow="36.00" occupancy="0.38" speed="13.32" harmonicMeanSpeed="13.32" length="5.00" nVehEntered="1"/>
    <interval begin="5500.00" end="5600.00" id="inductionLoop.W3" nVehContrib="4" flow="144.00" occupancy="2.40" speed="10.61" harmonicMeanSpeed="8.33" length="5.00" nVehEntered="4"/>
    <interval begin="5600.00" end="5700.00" id="inductionLoop.W3" nVehContrib="0" flow="0.00" occupancy="0.00" speed="-1.00" harmonicMeanSpeed="-1.00" length="-1.00" nVehEntered="0"/>
    <interval begin="5700.00" end="5800.00" id="inductionLoop.W3" nVehContrib="1" flow="36.00" occupancy="1.01" speed="4.97" harmonicMeanSpeed="4.97" length="5.00" nVehEntered="1"/>
    <interval begin="5800.00" end="5900.00" id="inductionLoop.W3" nVehContrib="3" flow="108.00" occupancy="1.31" speed="11.81" harmonicMeanSpeed="11.45" length="5.00" nVehEntered="3"/>
    <interval begin="5900.00" end="6000.00" id="inductionLoop.W3" nVehContrib="4" flow="144.00" occupancy="2.93" speed="9.11" harmonicMeanSpeed="6.83" length="5.00" nVehEntered="4"/>
    <interval begin="6000.00" end="6100.00" id="inductionLoop.W3" nVehContrib="1" flow="36.00" occupancy="0.31" speed="16.20" harmonicMeanSpeed="16.20" length="5.00" nVehEntered="1"/>
    <interval begin="6100.00" end="6200.00" id="inductionLoop.W3" nVehContrib="1" flow="36.00" occupancy="0.41" speed="12.21" harmonicMeanSpeed="12.21" length="5.00" nVehEntered="1"/>
    <interval begin="6200.00" end="6300.00" id="inductionLoop.W3" nVehContrib="3" flow="108.00" occupancy="2.02" speed="11.04" harmonicMeanSpeed="7.43" length="5.00" nVehEntered="3"/>
    <interval begin="6300.00" end="6400.00" id="inductionLoop.W3" nVehContrib="2" flow="72.00" occupancy="0.80" speed="12.47" harmonicMeanSpeed="12.44" length="5.00" nVehEntered="2"/>
    <interval begin="6400.00" end="6500.00" id="inductionLoop.W3" nVehContrib="3" flow="108.00" occupancy="2.98" speed="5.79" harmonicMeanSpeed="5.03" length="5.00" nVehEntered="3"/>
    <interval begin="6500.00" end="6600.00" id="inductionLoop.W3" nVehContrib="3" flow="108.00" occupancy="1.16" speed="12.89" harmonicMeanSpeed="12.88" length="5.00" nVehEntered="3"/>
    <interval begin="6600.00" end="6700.00" id="inductionLoop.W3" nVehContrib="3" flow="108.00" occupancy="1.46" speed="11.00" harmonicMeanSpeed="10.26" length="5.00" nVehEntered="3"/>
    <interval begin="6700.00" end="6800.00" id="inductionLoop.W3" nVehContrib="2" flow="72.00" occupancy="0.71" speed="14.20" harmonicMeanSpeed="14.15" length="5.00" nVehEntered="2"/>
    <interval begin="6800.00" end="6900.00" id="inductionLoop.W3" nVehContrib="2" flow="72.00" occupancy="0.75" speed="13.29" harmonicMeanSpeed="13.27" length="5.00" nVehEntered="2"/>
    <interval begin="6900.00" end="7000.00" id="inductionLoop.W3" nVehContrib="3" flow="108.00" occupancy="4.27" speed="3.57" harmonicMeanSpeed="3.52" length="5.00" nVehEntered="3"/>
    <interval begin="7000.00" end="7100.00" id="inductionLoop.W3" nVehContrib="1" flow="36.00" occupancy="0.32" speed="15.52" harmonicMeanSpeed="15.52" length="5.00" nVehEntered="1"/>
    <interval begin="7100.00" end="7200.00" id="inductionLoop.W3" nVehContrib="2" flow="72.00" occupancy="2.43" speed="4.13" harmonicMeanSpeed="4.12" length="5.00" nVehEntered="2"/>
    <interval begin="7200.00" end="7300.00" id="inductionLoop.W3" nVehContrib="1" flow="36.00" occupancy="0.37" speed="13.54" harmonicMeanSpeed="13.54" length="5.00" nVehEntered="1"/>
    <interval begin="7300.00" end="7400.00" id="inductionLoop.W3" nVehContrib="2" flow="72.00" occupancy="1.38" speed="9.24" harmonicMeanSpeed="7.26" length="5.00" nVehEntered="2"/>
    <interval begin="7400.00" end="7500.00" id="inductionLoop.W3" nVehContrib="0" flow="0.00" occupancy="0.00" speed="-1.00" harmonicMeanSpeed="-1.00" length="-1.00" nVehEntered="0"/>
    <interval begin="7500.00" end="7600.00" id="inductionLoop.W3" nVehContrib="4" flow="144.00" occupancy="1.85" speed="11.30" harmonicMeanSpeed="10.82" length="5.00" nVehEntered="4"/>
    <interval begin="7600.00" end="7700.00" id="inductionLoop.W3" nVehContrib="0" flow="0.00" occupancy="0.00" speed="-1.00" harmonicMeanSpeed="-1.00" length="-1.00" nVehEntered="0"/>
    <interval begin="7700.00" end="7800.00" id="inductionLoop.W3" nVehContrib="0" flow="0.00" occupancy="0.00" speed="-1.00" harmonicMeanSpeed="-1.00" length="-1.00" nVehEntered="0"/>
    <interval begin="7800.00" end="7900.00" id="inductionLoop.W3" nVehContrib="0" flow="0.00" occupancy="0.00" speed="-1.00" harmonicMeanSpeed="-1.00" length="-1.00" nVehEntered="0"/>
    <interval begin="7900.00" end="8000.00" id="inductionLoop.W3" nVehContrib="2" flow="72.00" occupancy="2.12" speed="4.72" harmonicMeanSpeed="4.72" length="5.00" nVehEntered="2"/>
    <interval begin="8000.00" end="8100.00" id="inductionLoop.W3" nVehContrib="0" flow="0.00" occupancy="0.00" speed="-1.00" harmonicMeanSpeed="-1.00" length="-1.00" nVehEntered="0"/>
    <interval begin="8100.00" end="8200.00" id="inductionLoop.W3" nVehContrib="0" flow="0.00" occupancy="0.00" speed="-1.00" harmonicMeanSpeed="-1.00" length="-1.00" nVehEntered="0"/>
    <interval begin="8200.00" end="8300.00" id="inductionLoop.W3" nVehContrib="3" flow="108.00" occupancy="1.87" speed="10.66" harmonicMeanSpeed="8.00" length="5.00" nVehEntered="3"/>
    <interval begin="8300.00" end="8400.00" id="inductionLoop.W3" nVehContrib="0" flow="0.00" occupancy="0.00" speed="-1.00" harmonicMeanSpeed="-1.00" length="-1.00" nVehEntered="0"/>
    <interval begin="8400.00" end="8500.00" id="inductionLoop.W3" nVehContrib="2" flow="72.00" occupancy="0.96" speed="11.10" harmonicMeanSpeed="10.43" length="5.00" nVehEntered="2"/>
    <interval begin="8500.00" end="8600.00" id="inductionLoop.W3" nVehContrib="1" flow="36.00" occupancy="0.55" speed="9.07" harmonicMeanSpeed="9.07" length="5.00" nVehEntered="1"/>
    <interval begin="8600.00" end="8700.00" id="inductionLoop.W3" nVehContrib="3" flow="108.00" occupancy="3.08" speed="5.82" harmonicMeanSpeed="4.87" length="5.00" nVehEntered="3"/>
    <interval begin="8700.00" end="8800.00" id="inductionLoop.W3" nVehContrib="1" flow="36.00" occupancy="0.37" speed="13.55" harmonicMeanSpeed="13.55" length="5.00" nVehEntered="1"/>
    <interval begin="8800.00" end="8900.00" id="inductionLoop.W3" nVehContrib="1" flow="36.00" occupancy="1.17" speed="4.27" harmonicMeanSpeed="4.27" length="5.00" nVehEntered="1"/>
    <interval begin="8900.00" end="9000.00" id="inductionLoop.W3" nVehContrib="0" flow="0.00" occupancy="0.00" speed="-1.00" harmonicMeanSpeed="-1.00" length="-1.00" nVehEntered="0"/>
    <interval begin="9000.00" end="9100.00" id="inductionLoop.W3" nVehContrib="1" flow="36.00" occupancy="0.39" speed="12.94" harmonicMeanSpeed="12.94" length="5.00" nVehEntered="1"/>
    <interval begin="9100.00" end="9200.00" id="inductionLoop.W3" nVehContrib="3" flow="108.00" occupancy="1.06" speed="14.19" harmonicMeanSpeed="14.11" length="5.00" nVehEntered="3"/>
    <interval begin="9200.00" end="9300.00" id="inductionLoop.W3" nVehContrib="1" flow="36.00" occupancy="1.10" speed="4.53" harmonicMeanSpeed="4.53" length="5.00" nVehEntered="1"/>
    <interval begin="9300.00" end="9400.00" id="inductionLoop.W3" nVehContrib="1" flow="36.00" occupancy="1.58" speed="3.16" harmonicMeanSpeed="3.16" length="5.00" nVehEntered="1"/>
    <interval begin="9400.00" end="9500.00" id="inductionLoop.W3" nVehContrib="2" flow="72.00" occupancy="1.63" speed="9.63" harmonicMeanSpeed="6.15" length="5.00" nVehEntered="2"/>
    <interval begin="9500.00" end="9600.00" id="inductionLoop.W3" nVehContrib="3" flow="108.00" occupancy="2.79" speed="6.83" harmonicMeanSpeed="5.38" length="5.00" nVehEntered="3"/>
    <interval begin="9600.00" end="9700.00" id="inductionLoop.W3" nVehContrib="1" flow="36.00" occupancy="1.17" speed="4.26" harmonicMeanSpeed="4.26" length="5.00" nVehEntered="1"/>
    <interval begin="9700.00" end="9800.00" id="inductionLoop.W3" nVehContrib="0" flow="0.00" occupancy="0.00" speed="-1.00" harmonicMeanSpeed="-1.00" length="-1.00" nVehEntered="0"/>
    <interval begin="9800.00" end="9900.00" id="inductionLoop.W3" nVehContrib="1" flow="36.00" occupancy="1.53" speed="3.27" harmonicMeanSpeed="3.27" length="5.00" nVehEntered="1"/>
    <interval begin="9900.00" end="10000.00" id="inductionLoop.W3" nVehContrib="0" flow="0.00" occupancy="0.00" speed="-1.00" harmonicMeanSpeed="-1.00" length="-1.00" nVehEntered="0"/>
    <interval begin="10000.00" end="10100.00" id="inductionLoop.W3" nVehContrib="1" flow="36.00" occupancy="1.18" speed="4.23" harmonicMeanSpeed="4.23" length="5.00" nVehEntered="1"/>
    <interval begin="10100.00" end="10200.00" id="inductionLoop.W3" nVehContrib="1" flow="36.00" occupancy="1.38" speed="3.62" harmonicMeanSpeed="3.62" length="5.00" nVehEntered="1"/>
    <interval begin="10200.00" end="10300.00" id="inductionLoop.W3" nVehContrib="1" flow="36.00" occupancy="0.35" speed="14.27" harmonicMeanSpeed="14.27" length="5.00" nVehEntered="1"/>
    <interval begin="10300.00" end="10400.00" id="inductionLoop.W3" nVehContrib="0" flow="0.00" occupancy="0.00" speed="-1.00" harmonicMeanSpeed="-1.00" length="-1.00" nVehEntered="0"/>
    <interval begin="10400.00" end="10500.00" id="inductionLoop.W3" nVehContrib="0" flow="0.00" occupancy="0.00" speed="-1.00" harmonicMeanSpeed="-1.00" length="-1.00" nVehEntered="0"/>
    <interval begin="10500.00" end="10600.00" id="inductionLoop.W3" nVehContrib="0" flow="0.00" occupancy="0.00" speed="-1.00" harmonicMeanSpeed="-1.00" length="-1.00" nVehEntered="0"/>
    <interval begin="10600.00" end="10700.00" id="inductionLoop.W3" nVehContrib="1" flow="36.00" occupancy="1.33" speed="3.76" harmonicMeanSpeed="3.76" length="5.00" nVehEntered="1"/>
    <interval begin="10700.00" end="10800.00" id="inductionLoop.W3" nVehContrib="3" flow="108.00" occupancy="2.45" speed="8.18" harmonicMeanSpeed="6.12" length="5.00" nVehEntered="3"/>
    <interval begin="10800.00" end="10900.00" id="inductionLoop.W3" nVehContrib="0" flow="0.00" occupancy="0.00" speed="-1.00" harmonicMeanSpeed="-1.00" length="-1.00" nVehEntered="0"/>
    <interval begin="10900.00" end="11000.00" id="inductionLoop.W3" nVehContrib="0" flow="0.00" occupancy="0.37" speed="-1.00" harmonicMeanSpeed="-1.00" length="-1.00" nVehEntered="1"/>
    <interval begin="11000.00" end="11100.00" id="inductionLoop.W3" nVehContrib="2" flow="72.00" occupancy="2.91" speed="3.55" harmonicMeanSpeed="3.43" length="5.00" nVehEntered="2"/>
    <interval begin="11100.00" end="11200.00" id="inductionLoop.W3" nVehContrib="1" flow="36.00" occupancy="1.24" speed="4.03" harmonicMeanSpeed="4.03" length="5.00" nVehEntered="1"/>
    <interval begin="11200.00" end="11300.00" id="inductionLoop.W3" nVehContrib="0" flow="0.00" occupancy="0.00" speed="-1.00" harmonicMeanSpeed="-1.00" length="-1.00" nVehEntered="0"/>
    <interval begin="11300.00" end="11400.00" id="inductionLoop.W3" nVehContrib="0" flow="0.00" occupancy="0.00" speed="-1.00" harmonicMeanSpeed="-1.00" length="-1.00" nVehEntered="0"/>
    <interval begin="11400.00" end="11500.00" id="inductionLoop.W3" nVehContrib="1" flow="36.00" occupancy="1.24" speed="4.03" harmonicMeanSpeed="4.03" length="5.00" nVehEntered="1"/>
    <interval begin="11500.00" end="11600.00" id="inductionLoop.W3" nVehContrib="0" flow="0.00" occupancy="0.00" speed="-1.00" harmonicMeanSpeed="-1.00" length="-1.00" nVehEntered="0"/>
    <interval begin="11600.00" end="11700.00" id="inductionLoop.W3" nVehContrib="0" flow="0.00" occupancy="0.00" speed="-1.00" harmonicMeanSpeed="-1.00" length="-1.00" nVehEntered="0"/>
    <interval begin="11700.00" end="11800.00" id="inductionLoop.W3" nVehContrib="1" flow="36.00" occupancy="0.37" speed="13.58" harmonicMeanSpeed="13.58" length="5.00" nVehEntered="1"/>
    <interval begin="11800.00" end="11900.00" id="inductionLoop.W3" nVehContrib="0" flow="0.00" occupancy="0.00" speed="-1.00" harmonicMeanSpeed="-1.00" length="-1.00" nVehEntered="0"/>
    <interval begin="11900.00" end="12000.00" id="inductionLoop.W3" nVehContrib="1" flow="36.00" occupancy="1.22" speed="4.08" harmonicMeanSpeed="4.08" length="5.00" nVehEntered="1"/>
    <interval begin="12000.00" end="12100.00" id="inductionLoop.W3" nVehContrib="2" flow="72.00" occupancy="0.70" speed="14.32" harmonicMeanSpeed="14.31" length="5.00" nVehEntered="2"/>
    <interval begin="12100.00" end="12200.00" id="inductionLoop.W3" nVehContrib="0" flow="0.00" occupancy="0.00" speed="-1.00" harmonicMeanSpeed="-1.00" length="-1.00" nVehEntered="0"/>
    <interval begin="12200.00" end="12300.00" id="inductionLoop.W3" nVehContrib="0" flow="0.00" occupancy="0.00" speed="-1.00" harmonicMeanSpeed="-1.00" length="-1.00" nVehEntered="0"/>
    <interval begin="12300.00" end="12400.00" id="inductionLoop.W3" nVehContrib="0" flow="0.00" occupancy="0.00" speed="-1.00" harmonicMeanSpeed="-1.00" length="-1.00" nVehEntered="0"/>
    <interval begin="12400.00" end="12500.00" id="inductionLoop.W3" nVehContrib="0" flow="0.00" occupancy="0.17" speed="-1.00" harmonicMeanSpeed="-1.00" length="-1.00" nVehEntered="1"/>
    <interval begin="12500.00" end="12600.00" id="inductionLoop.W3" nVehContrib="1" flow="36.00" occupancy="0.34" speed="14.54" harmonicMeanSpeed="14.54" length="5.00" nVehEntered="1"/>
    <interval begin="12600.00" end="12700.00" id="inductionLoop.W3" nVehContrib="0" flow="0.00" occupancy="0.00" speed="-1.00" harmonicMeanSpeed="-1.00" length="-1.00" nVehEntered="0"/>
    <interval begin="12700.00" end="12800.00" id="inductionLoop.W3" nVehContrib="0" flow="0.00" occupancy="0.00" speed="-1.00" harmonicMeanSpeed="-1.00" length="-1.00" nVehEntered="0"/>
    <interval begin="12800.00" end="12900.00" id="inductionLoop.W3" nVehContrib="0" flow="0.00" occupancy="0.00" speed="-1.00" harmonicMeanSpeed="-1.00" length="-1.00" nVehEntered="0"/>
    <interval begin="12900.00" end="13000.00" id="inductionLoop.W3" nVehContrib="0" flow="0.00" occupancy="0.00" speed="-1.00" harmonicMeanSpeed="-1.00" length="-1.00" nVehEntered="0"/>
    <interval begin="13000.00" end="13100.00" id="inductionLoop.W3" nVehContrib="0" flow="0.00" occupancy="0.00" speed="-1.00" harmonicMeanSpeed="-1.00" length="-1.00" nVehEntered="0"/>
    <interval begin="13100.00" end="13200.00" id="inductionLoop.W3" nVehContrib="0" flow="0.00" occupancy="0.00" speed="-1.00" harmonicMeanSpeed="-1.00" length="-1.00" nVehEntered="0"/>
    <interval begin="13200.00" end="13300.00" id="inductionLoop.W3" nVehContrib="0" flow="0.00" occupancy="0.00" speed="-1.00" harmonicMeanSpeed="-1.00" length="-1.00" nVehEntered="0"/>
    <interval begin="13300.00" end="13400.00" id="inductionLoop.W3" nVehContrib="1" flow="36.00" occupancy="0.35" speed="14.48" harmonicMeanSpeed="14.48" length="5.00" nVehEntered="1"/>
    <interval begin="13400.00" end="13500.00" id="inductionLoop.W3" nVehContrib="0" flow="0.00" occupancy="0.00" speed="-1.00" harmonicMeanSpeed="-1.00" length="-1.00" nVehEntered="0"/>
    <interval begin="13500.00" end="13600.00" id="inductionLoop.W3" nVehContrib="0" flow="0.00" occupancy="0.00" speed="-1.00" harmonicMeanSpeed="-1.00" length="-1.00" nVehEntered="0"/>
    <interval begin="13600.00" end="13700.00" id="inductionLoop.W3" nVehContrib="0" flow="0.00" occupancy="0.00" speed="-1.00" harmonicMeanSpeed="-1.00" length="-1.00" nVehEntered="0"/>
    <interval begin="13700.00" end="13800.00" id="inductionLoop.W3" nVehContrib="0" flow="0.00" occupancy="0.00" speed="-1.00" harmonicMeanSpeed="-1.00" length="-1.00" nVehEntered="0"/>
    <interval begin="13800.00" end="13900.00" id="inductionLoop.W3" nVehContrib="0" flow="0.00" occupancy="0.00" speed="-1.00" harmonicMeanSpeed="-1.00" length="-1.00" nVehEntered="0"/>
    <interval begin="13900.00" end="14000.00" id="inductionLoop.W3" nVehContrib="0" flow="0.00" occupancy="0.00" speed="-1.00" harmonicMeanSpeed="-1.00" length="-1.00" nVehEntered="0"/>
    <interval begin="14000.00" end="14100.00" id="inductionLoop.W3" nVehContrib="0" flow="0.00" occupancy="0.00" speed="-1.00" harmonicMeanSpeed="-1.00" length="-1.00" nVehEntered="0"/>
    <interval begin="14100.00" end="14200.00" id="inductionLoop.W3" nVehContrib="1" flow="36.00" occupancy="0.30" speed="16.64" harmonicMeanSpeed="16.64" length="5.00" nVehEntered="1"/>
    <interval begin="14200.00" end="14300.00" id="inductionLoop.W3" nVehContrib="0" flow="0.00" occupancy="0.00" speed="-1.00" harmonicMeanSpeed="-1.00" length="-1.00" nVehEntered="0"/>
    <interval begin="14300.00" end="14400.00" id="inductionLoop.W3" nVehContrib="2" flow="72.00" occupancy="0.74" speed="13.67" harmonicMeanSpeed="13.51" length="5.00" nVehEntered="2"/>
    <interval begin="14400.00" end="14500.00" id="inductionLoop.W3" nVehContrib="1" flow="36.00" occupancy="1.37" speed="13.45" harmonicMeanSpeed="13.45" length="5.00" nVehEntered="2"/>
    <interval begin="14500.00" end="14600.00" id="inductionLoop.W3" nVehContrib="1" flow="36.00" occupancy="0.33" speed="3.76" harmonicMeanSpeed="3.76" length="5.00" nVehEntered="0"/>
    <interval begin="14600.00" end="14700.00" id="inductionLoop.W3" nVehContrib="2" flow="72.00" occupancy="0.79" speed="12.71" harmonicMeanSpeed="12.71" length="5.00" nVehEntered="2"/>
    <interval begin="14700.00" end="14800.00" id="inductionLoop.W3" nVehContrib="0" flow="0.00" occupancy="0.00" speed="-1.00" harmonicMeanSpeed="-1.00" length="-1.00" nVehEntered="0"/>
    <interval begin="14800.00" end="14900.00" id="inductionLoop.W3" nVehContrib="0" flow="0.00" occupancy="0.00" speed="-1.00" harmonicMeanSpeed="-1.00" length="-1.00" nVehEntered="0"/>
    <interval begin="14900.00" end="15000.00" id="inductionLoop.W3" nVehContrib="2" flow="72.00" occupancy="1.89" speed="7.21" harmonicMeanSpeed="5.29" length="5.00" nVehEntered="2"/>
    <interval begin="15000.00" end="15100.00" id="inductionLoop.W3" nVehContrib="3" flow="108.00" occupancy="2.00" speed="10.42" harmonicMeanSpeed="7.49" length="5.00" nVehEntered="3"/>
    <interval begin="15100.00" end="15200.00" id="inductionLoop.W3" nVehContrib="0" flow="0.00" occupancy="0.00" speed="-1.00" harmonicMeanSpeed="-1.00" length="-1.00" nVehEntered="0"/>
    <interval begin="15200.00" end="15300.00" id="inductionLoop.W3" nVehContrib="2" flow="72.00" occupancy="1.49" speed="8.70" harmonicMeanSpeed="6.72" length="5.00" nVehEntered="2"/>
    <interval begin="15300.00" end="15400.00" id="inductionLoop.W3" nVehContrib="0" flow="0.00" occupancy="0.00" speed="-1.00" harmonicMeanSpeed="-1.00" length="-1.00" nVehEntered="0"/>
    <interval begin="15400.00" end="15500.00" id="inductionLoop.W3" nVehContrib="2" flow="72.00" occupancy="2.34" speed="4.32" harmonicMeanSpeed="4.27" length="5.00" nVehEntered="2"/>
    <interval begin="15500.00" end="15600.00" id="inductionLoop.W3" nVehContrib="0" flow="0.00" occupancy="0.00" speed="-1.00" harmonicMeanSpeed="-1.00" length="-1.00" nVehEntered="0"/>
    <interval begin="15600.00" end="15700.00" id="inductionLoop.W3" nVehContrib="1" flow="36.00" occupancy="0.36" speed="13.84" harmonicMeanSpeed="13.84" length="5.00" nVehEntered="1"/>
    <interval begin="15700.00" end="15800.00" id="inductionLoop.W3" nVehContrib="0" flow="0.00" occupancy="0.00" speed="-1.00" harmonicMeanSpeed="-1.00" length="-1.00" nVehEntered="0"/>
    <interval begin="15800.00" end="15900.00" id="inductionLoop.W3" nVehContrib="2" flow="72.00" occupancy="0.67" speed="14.91" harmonicMeanSpeed="14.82" length="5.00" nVehEntered="2"/>
    <interval begin="15900.00" end="16000.00" id="inductionLoop.W3" nVehContrib="1" flow="36.00" occupancy="0.32" speed="15.47" harmonicMeanSpeed="15.47" length="5.00" nVehEntered="1"/>
    <interval begin="16000.00" end="16100.00" id="inductionLoop.W3" nVehContrib="0" flow="0.00" occupancy="0.00" speed="-1.00" harmonicMeanSpeed="-1.00" length="-1.00" nVehEntered="0"/>
    <interval begin="16100.00" end="16200.00" id="inductionLoop.W3" nVehContrib="0" flow="0.00" occupancy="0.00" speed="-1.00" harmonicMeanSpeed="-1.00" length="-1.00" nVehEntered="0"/>
    <interval begin="16200.00" end="16300.00" id="inductionLoop.W3" nVehContrib="1" flow="36.00" occupancy="0.33" speed="15.31" harmonicMeanSpeed="15.31" length="5.00" nVehEntered="1"/>
    <interval begin="16300.00" end="16400.00" id="inductionLoop.W3" nVehContrib="0" flow="0.00" occupancy="0.00" speed="-1.00" harmonicMeanSpeed="-1.00" length="-1.00" nVehEntered="0"/>
    <interval begin="16400.00" end="16500.00" id="inductionLoop.W3" nVehContrib="0" flow="0.00" occupancy="0.00" speed="-1.00" harmonicMeanSpeed="-1.00" length="-1.00" nVehEntered="0"/>
    <interval begin="16500.00" end="16600.00" id="inductionLoop.W3" nVehContrib="2" flow="72.00" occupancy="1.47" speed="8.84" harmonicMeanSpeed="6.79" length="5.00" nVehEntered="2"/>
    <interval begin="16600.00" end="16700.00" id="inductionLoop.W3" nVehContrib="1" flow="36.00" occupancy="0.38" speed="13.06" harmonicMeanSpeed="13.06" length="5.00" nVehEntered="1"/>
    <interval begin="16700.00" end="16800.00" id="inductionLoop.W3" nVehContrib="0" flow="0.00" occupancy="0.00" speed="-1.00" harmonicMeanSpeed="-1.00" length="-1.00" nVehEntered="0"/>
    <interval begin="16800.00" end="16900.00" id="inductionLoop.W3" nVehContrib="1" flow="36.00" occupancy="1.06" speed="4.73" harmonicMeanSpeed="4.73" length="5.00" nVehEntered="1"/>
    <interval begin="16900.00" end="17000.00" id="inductionLoop.W3" nVehContrib="1" flow="36.00" occupancy="1.29" speed="3.88" harmonicMeanSpeed="3.88" length="5.00" nVehEntered="1"/>
    <interval begin="17000.00" end="17100.00" id="inductionLoop.W3" nVehContrib="0" flow="0.00" occupancy="0.00" speed="-1.00" harmonicMeanSpeed="-1.00" length="-1.00" nVehEntered="0"/>
    <interval begin="17100.00" end="17200.00" id="inductionLoop.W3" nVehContrib="3" flow="108.00" occupancy="3.41" speed="6.06" harmonicMeanSpeed="4.40" length="5.00" nVehEntered="3"/>
    <interval begin="17200.00" end="17300.00" id="inductionLoop.W3" nVehContrib="3" flow="108.00" occupancy="1.99" speed="10.14" harmonicMeanSpeed="7.55" length="5.00" nVehEntered="3"/>
    <interval begin="17300.00" end="17400.00" id="inductionLoop.W3" nVehContrib="1" flow="36.00" occupancy="0.30" speed="16.65" harmonicMeanSpeed="16.65" length="5.00" nVehEntered="1"/>
    <interval begin="17400.00" end="17500.00" id="inductionLoop.W3" nVehContrib="1" flow="36.00" occupancy="0.36" speed="13.72" harmonicMeanSpeed="13.72" length="5.00" nVehEntered="1"/>
    <interval begin="17500.00" end="17600.00" id="inductionLoop.W3" nVehContrib="3" flow="108.00" occupancy="1.95" speed="10.19" harmonicMeanSpeed="7.92" length="5.00" nVehEntered="4"/>
    <interval begin="17600.00" end="17700.00" id="inductionLoop.W3" nVehContrib="1" flow="36.00" occupancy="0.35" speed="14.25" harmonicMeanSpeed="14.25" length="5.00" nVehEntered="1"/>
    <interval begin="17700.00" end="17800.00" id="inductionLoop.W3" nVehContrib="1" flow="36.00" occupancy="0.63" speed="11.83" harmonicMeanSpeed="11.83" length="5.00" nVehEntered="2"/>
    <interval begin="17800.00" end="17900.00" id="inductionLoop.W3" nVehContrib="0" flow="0.00" occupancy="0.00" speed="-1.00" harmonicMeanSpeed="-1.00" length="-1.00" nVehEntered="0"/>
    <interval begin="17900.00" end="18000.00" id="inductionLoop.W3" nVehContrib="1" flow="36.00" occupancy="1.27" speed="3.95" harmonicMeanSpeed="3.95" length="5.00" nVehEntered="1"/>
    <interval begin="18000.00" end="18100.00" id="inductionLoop.W3" nVehContrib="2" flow="72.00" occupancy="1.61" speed="8.84" harmonicMeanSpeed="6.22" length="5.00" nVehEntered="2"/>
    <interval begin="18100.00" end="18200.00" id="inductionLoop.W3" nVehContrib="1" flow="36.00" occupancy="0.34" speed="14.63" harmonicMeanSpeed="14.63" length="5.00" nVehEntered="1"/>
    <interval begin="18200.00" end="18300.00" id="inductionLoop.W3" nVehContrib="0" flow="0.00" occupancy="0.00" speed="-1.00" harmonicMeanSpeed="-1.00" length="-1.00" nVehEntered="0"/>
    <interval begin="18300.00" end="18400.00" id="inductionLoop.W3" nVehContrib="1" flow="36.00" occupancy="0.32" speed="15.71" harmonicMeanSpeed="15.71" length="5.00" nVehEntered="1"/>
    <interval begin="18400.00" end="18500.00" id="inductionLoop.W3" nVehContrib="0" flow="0.00" occupancy="0.00" speed="-1.00" harmonicMeanSpeed="-1.00" length="-1.00" nVehEntered="0"/>
    <interval begin="18500.00" end="18600.00" id="inductionLoop.W3" nVehContrib="0" flow="0.00" occupancy="0.00" speed="-1.00" harmonicMeanSpeed="-1.00" length="-1.00" nVehEntered="0"/>
    <interval begin="18600.00" end="18700.00" id="inductionLoop.W3" nVehContrib="1" flow="36.00" occupancy="0.35" speed="14.19" harmonicMeanSpeed="14.19" length="5.00" nVehEntered="1"/>
    <interval begin="18700.00" end="18800.00" id="inductionLoop.W3" nVehContrib="3" flow="108.00" occupancy="2.76" speed="6.83" harmonicMeanSpeed="5.43" length="5.00" nVehEntered="3"/>
    <interval begin="18800.00" end="18900.00" id="inductionLoop.W3" nVehContrib="6" flow="216.00" occupancy="4.50" speed="9.75" harmonicMeanSpeed="6.67" length="5.00" nVehEntered="6"/>
    <interval begin="18900.00" end="19000.00" id="inductionLoop.W3" nVehContrib="2" flow="72.00" occupancy="0.72" speed="13.87" harmonicMeanSpeed="13.83" length="5.00" nVehEntered="2"/>
    <interval begin="19000.00" end="19100.00" id="inductionLoop.W3" nVehContrib="1" flow="36.00" occupancy="0.69" speed="13.07" harmonicMeanSpeed="13.07" length="5.00" nVehEntered="2"/>
    <interval begin="19100.00" end="19200.00" id="inductionLoop.W3" nVehContrib="0" flow="0.00" occupancy="0.00" speed="-1.00" harmonicMeanSpeed="-1.00" length="-1.00" nVehEntered="0"/>
    <interval begin="19200.00" end="19300.00" id="inductionLoop.W3" nVehContrib="1" flow="36.00" occupancy="0.31" speed="16.22" harmonicMeanSpeed="16.22" length="5.00" nVehEntered="1"/>
    <interval begin="19300.00" end="19400.00" id="inductionLoop.W3" nVehContrib="3" flow="108.00" occupancy="2.87" speed="7.69" harmonicMeanSpeed="5.23" length="5.00" nVehEntered="3"/>
    <interval begin="19400.00" end="19500.00" id="inductionLoop.W3" nVehContrib="0" flow="0.00" occupancy="0.00" speed="-1.00" harmonicMeanSpeed="-1.00" length="-1.00" nVehEntered="0"/>
    <interval begin="19500.00" end="19600.00" id="inductionLoop.W3" nVehContrib="2" flow="72.00" occupancy="0.70" speed="14.33" harmonicMeanSpeed="14.32" length="5.00" nVehEntered="2"/>
    <interval begin="19600.00" end="19700.00" id="inductionLoop.W3" nVehContrib="8" flow="288.00" occupancy="16.27" speed="9.63" harmonicMeanSpeed="2.47" length="5.00" nVehEntered="9"/>
    <interval begin="19700.00" end="19800.00" id="inductionLoop.W3" nVehContrib="6" flow="216.00" occupancy="4.72" speed="10.01" harmonicMeanSpeed="7.26" length="5.00" nVehEntered="7"/>
    <interval begin="19800.00" end="19900.00" id="inductionLoop.W3" nVehContrib="4" flow="144.00" occupancy="2.70" speed="8.74" harmonicMeanSpeed="7.40" length="5.00" nVehEntered="4"/>
    <interval begin="19900.00" end="20000.00" id="inductionLoop.W3" nVehContrib="2" flow="72.00" occupancy="0.81" speed="12.34" harmonicMeanSpeed="12.27" length="5.00" nVehEntered="2"/>
    <interval begin="20000.00" end="20100.00" id="inductionLoop.W3" nVehContrib="3" flow="108.00" occupancy="3.17" speed="5.92" harmonicMeanSpeed="4.73" length="5.00" nVehEntered="3"/>
    <interval begin="20100.00" end="20200.00" id="inductionLoop.W3" nVehContrib="2" flow="72.00" occupancy="1.58" speed="8.86" harmonicMeanSpeed="6.69" length="5.00" nVehEntered="3"/>
    <interval begin="20200.00" end="20300.00" id="inductionLoop.W3" nVehContrib="1" flow="36.00" occupancy="0.41" speed="12.14" harmonicMeanSpeed="12.14" length="5.00" nVehEntered="1"/>
    <interval begin="20300.00" end="20400.00" id="inductionLoop.W3" nVehContrib="4" flow="144.00" occupancy="3.60" speed="7.77" harmonicMeanSpeed="5.55" length="5.00" nVehEntered="4"/>
    <interval begin="20400.00" end="20500.00" id="inductionLoop.W3" nVehContrib="6" flow="216.00" occupancy="3.97" speed="10.35" harmonicMeanSpeed="8.06" length="5.00" nVehEntered="7"/>
    <interval begin="20500.00" end="20600.00" id="inductionLoop.W3" nVehContrib="8" flow="288.00" occupancy="10.49" speed="6.14" harmonicMeanSpeed="3.81" length="5.00" nVehEntered="8"/>
    <interval begin="20600.00" end="20700.00" id="inductionLoop.W3" nVehContrib="10" flow="360.00" occupancy="9.92" speed="7.45" harmonicMeanSpeed="5.27" length="5.00" nVehEntered="13"/>
    <interval begin="20700.00" end="20800.00" id="inductionLoop.W3" nVehContrib="6" flow="216.00" occupancy="17.03" speed="3.83" harmonicMeanSpeed="1.89" length="5.00" nVehEntered="7"/>
    <interval begin="20800.00" end="20900.00" id="inductionLoop.W3" nVehContrib="3" flow="108.00" occupancy="4.19" speed="3.74" harmonicMeanSpeed="3.58" length="5.00" nVehEntered="3"/>
    <interval begin="20900.00" end="21000.00" id="inductionLoop.W3" nVehContrib="8" flow="288.00" occupancy="8.89" speed="8.29" harmonicMeanSpeed="4.50" length="5.00" nVehEntered="9"/>
    <interval begin="21000.00" end="21100.00" id="inductionLoop.W3" nVehContrib="4" flow="144.00" occupancy="4.64" speed="6.71" harmonicMeanSpeed="4.42" length="5.00" nVehEntered="5"/>
    <interval begin="21100.00" end="21200.00" id="inductionLoop.W3" nVehContrib="7" flow="252.00" occupancy="6.46" speed="7.13" harmonicMeanSpeed="5.42" length="5.00" nVehEntered="7"/>
    <interval begin="21200.00" end="21300.00" id="inductionLoop.W3" nVehContrib="5" flow="180.00" occupancy="4.11" speed="8.49" harmonicMeanSpeed="6.08" length="5.00" nVehEntered="5"/>
    <interval begin="21300.00" end="21400.00" id="inductionLoop.W3" nVehContrib="8" flow="288.00" occupancy="6.96" speed="7.72" harmonicMeanSpeed="5.84" length="5.00" nVehEntered="9"/>
    <interval begin="21400.00" end="21500.00" id="inductionLoop.W3" nVehContrib="6" flow="216.00" occupancy="9.92" speed="8.78" harmonicMeanSpeed="3.03" length="5.00" nVehEntered="6"/>
    <interval begin="21500.00" end="21600.00" id="inductionLoop.W3" nVehContrib="4" flow="144.00" occupancy="2.33" speed="11.18" harmonicMeanSpeed="8.59" length="5.00" nVehEntered="4"/>
    <interval begin="21600.00" end="21700.00" id="inductionLoop.W3" nVehContrib="6" flow="216.00" occupancy="12.23" speed="5.49" harmonicMeanSpeed="2.47" length="5.00" nVehEntered="7"/>
    <interval begin="21700.00" end="21800.00" id="inductionLoop.W3" nVehContrib="3" flow="108.00" occupancy="2.49" speed="8.21" harmonicMeanSpeed="6.02" length="5.00" nVehEntered="3"/>
    <interval begin="21800.00" end="21900.00" id="inductionLoop.W3" nVehContrib="6" flow="216.00" occupancy="5.71" speed="8.25" harmonicMeanSpeed="5.26" length="5.00" nVehEntered="6"/>
    <interval begin="21900.00" end="22000.00" id="inductionLoop.W3" nVehContrib="6" flow="216.00" occupancy="10.47" speed="5.93" harmonicMeanSpeed="3.01" length="5.00" nVehEntered="9"/>
    <interval begin="22000.00" end="22100.00" id="inductionLoop.W3" nVehContrib="6" flow="216.00" occupancy="7.56" speed="8.09" harmonicMeanSpeed="4.62" length="5.00" nVehEntered="7"/>
    <interval begin="22100.00" end="22200.00" id="inductionLoop.W3" nVehContrib="4" flow="144.00" occupancy="6.93" speed="9.14" harmonicMeanSpeed="3.02" length="5.00" nVehEntered="5"/>
    <interval begin="22200.00" end="22300.00" id="inductionLoop.W3" nVehContrib="7" flow="252.00" occupancy="6.64" speed="6.99" harmonicMeanSpeed="5.27" length="5.00" nVehEntered="7"/>
    <interval begin="22300.00" end="22400.00" id="inductionLoop.W3" nVehContrib="2" flow="72.00" occupancy="0.69" speed="14.60" harmonicMeanSpeed="14.60" length="5.00" nVehEntered="2"/>
    <interval begin="22400.00" end="22500.00" id="inductionLoop.W3" nVehContrib="7" flow="252.00" occupancy="14.85" speed="7.88" harmonicMeanSpeed="5.71" length="5.00" nVehEntered="9"/>
    <interval begin="22500.00" end="22600.00" id="inductionLoop.W3" nVehContrib="5" flow="180.00" occupancy="21.29" speed="4.06" harmonicMeanSpeed="0.90" length="5.00" nVehEntered="6"/>
    <interval begin="22600.00" end="22700.00" id="inductionLoop.W3" nVehContrib="9" flow="324.00" occupancy="26.36" speed="5.91" harmonicMeanSpeed="1.66" length="5.00" nVehEntered="9"/>
    <interval begin="22700.00" end="22800.00" id="inductionLoop.W3" nVehContrib="6" flow="216.00" occupancy="7.58" speed="8.46" harmonicMeanSpeed="3.96" length="5.00" nVehEntered="6"/>
    <interval begin="22800.00" end="22900.00" id="inductionLoop.W3" nVehContrib="7" flow="252.00" occupancy="19.53" speed="4.67" harmonicMeanSpeed="2.17" length="5.00" nVehEntered="9"/>
    <interval begin="22900.00" end="23000.00" id="inductionLoop.W3" nVehContrib="10" flow="360.00" occupancy="30.52" speed="6.40" harmonicMeanSpeed="1.49" length="5.00" nVehEntered="10"/>
    <interval begin="23000.00" end="23100.00" id="inductionLoop.W3" nVehContrib="7" flow="252.00" occupancy="28.22" speed="6.19" harmonicMeanSpeed="1.27" length="5.00" nVehEntered="9"/>
    <interval begin="23100.00" end="23200.00" id="inductionLoop.W3" nVehContrib="11" flow="396.00" occupancy="25.69" speed="8.09" harmonicMeanSpeed="2.19" length="5.00" nVehEntered="12"/>
    <interval begin="23200.00" end="23300.00" id="inductionLoop.W3" nVehContrib="5" flow="180.00" occupancy="5.41" speed="7.52" harmonicMeanSpeed="4.62" length="5.00" nVehEntered="5"/>
    <interval begin="23300.00" end="23400.00" id="inductionLoop.W3" nVehContrib="4" flow="144.00" occupancy="7.69" speed="4.07" harmonicMeanSpeed="4.06" length="5.00" nVehEntered="6"/>
    <interval begin="23400.00" end="23500.00" id="inductionLoop.W3" nVehContrib="7" flow="252.00" occupancy="35.09" speed="6.55" harmonicMeanSpeed="0.94" length="5.00" nVehEntered="7"/>
    <interval begin="23500.00" end="23600.00" id="inductionLoop.W3" nVehContrib="8" flow="288.00" occupancy="15.29" speed="6.41" harmonicMeanSpeed="2.71" length="5.00" nVehEntered="9"/>
    <interval begin="23600.00" end="23700.00" id="inductionLoop.W3" nVehContrib="9" flow="324.00" occupancy="15.47" speed="7.86" harmonicMeanSpeed="2.98" length="5.00" nVehEntered="10"/>
    <interval begin="23700.00" end="23800.00" id="inductionLoop.W3" nVehContrib="6" flow="216.00" occupancy="24.61" speed="4.70" harmonicMeanSpeed="1.22" length="5.00" nVehEntered="7"/>
    <interval begin="23800.00" end="23900.00" id="inductionLoop.W3" nVehContrib="10" flow="360.00" occupancy="12.91" speed="8.86" harmonicMeanSpeed="4.53" length="5.00" nVehEntered="13"/>
    <interval begin="23900.00" end="24000.00" id="inductionLoop.W3" nVehContrib="10" flow="360.00" occupancy="23.45" speed="7.37" harmonicMeanSpeed="2.05" length="5.00" nVehEntered="10"/>
    <interval begin="24000.00" end="24100.00" id="inductionLoop.W3" nVehContrib="8" flow="288.00" occupancy="6.05" speed="9.72" harmonicMeanSpeed="6.62" length="5.00" nVehEntered="8"/>
    <interval begin="24100.00" end="24200.00" id="inductionLoop.W3" nVehContrib="8" flow="288.00" occupancy="15.03" speed="8.01" harmonicMeanSpeed="5.80" length="5.00" nVehEntered="9"/>
    <interval begin="24200.00" end="24300.00" id="inductionLoop.W3" nVehContrib="8" flow="288.00" occupancy="30.89" speed="5.57" harmonicMeanSpeed="1.03" length="5.00" nVehEntered="8"/>
    <interval begin="24300.00" end="24400.00" id="inductionLoop.W3" nVehContrib="10" flow="360.00" occupancy="19.87" speed="6.54" harmonicMeanSpeed="2.53" length="5.00" nVehEntered="11"/>
    <interval begin="24400.00" end="24500.00" id="inductionLoop.W3" nVehContrib="8" flow="288.00" occupancy="44.04" speed="6.16" harmonicMeanSpeed="1.21" length="5.00" nVehEntered="10"/>
    <interval begin="24500.00" end="24600.00" id="inductionLoop.W3" nVehContrib="13" flow="468.00" occupancy="38.45" speed="6.79" harmonicMeanSpeed="1.34" length="5.00" nVehEntered="12"/>
    <interval begin="24600.00" end="24700.00" id="inductionLoop.W3" nVehContrib="12" flow="432.00" occupancy="39.98" speed="8.14" harmonicMeanSpeed="1.52" length="5.00" nVehEntered="13"/>
    <interval begin="24700.00" end="24800.00" id="inductionLoop.W3" nVehContrib="8" flow="288.00" occupancy="61.82" speed="6.60" harmonicMeanSpeed="1.13" length="5.00" nVehEntered="11"/>
    <interval begin="24800.00" end="24900.00" id="inductionLoop.W3" nVehContrib="8" flow="288.00" occupancy="83.80" speed="6.57" harmonicMeanSpeed="0.73" length="5.00" nVehEntered="8"/>
    <interval begin="24900.00" end="25000.00" id="inductionLoop.W3" nVehContrib="14" flow="504.00" occupancy="71.19" speed="6.23" harmonicMeanSpeed="0.56" length="5.00" nVehEntered="15"/>
    <interval begin="25000.00" end="25100.00" id="inductionLoop.W3" nVehContrib="12" flow="432.00" occupancy="78.57" speed="7.60" harmonicMeanSpeed="0.77" length="5.00" nVehEntered="12"/>
    <interval begin="25100.00" end="25200.00" id="inductionLoop.W3" nVehContrib="9" flow="324.00" occupancy="82.21" speed="6.87" harmonicMeanSpeed="0.60" length="5.00" nVehEntered="9"/>
    <interval begin="25200.00" end="25300.00" id="inductionLoop.W3" nVehContrib="10" flow="360.00" occupancy="83.14" speed="7.90" harmonicMeanSpeed="0.76" length="5.00" nVehEntered="10"/>
    <interval begin="25300.00" end="25400.00" id="inductionLoop.W3" nVehContrib="15" flow="540.00" occupancy="75.41" speed="9.22" harmonicMeanSpeed="1.04" length="5.00" nVehEntered="15"/>
    <interval begin="25400.00" end="25500.00" id="inductionLoop.W3" nVehContrib="13" flow="468.00" occupancy="78.56" speed="8.75" harmonicMeanSpeed="1.00" length="5.00" nVehEntered="13"/>
    <interval begin="25500.00" end="25600.00" id="inductionLoop.W3" nVehContrib="15" flow="540.00" occupancy="75.23" speed="9.69" harmonicMeanSpeed="1.00" length="5.00" nVehEntered="15"/>
    <interval begin="25600.00" end="25700.00" id="inductionLoop.W3" nVehContrib="13" flow="468.00" occupancy="78.41" speed="8.77" harmonicMeanSpeed="0.79" length="5.00" nVehEntered="13"/>
    <interval begin="25700.00" end="25800.00" id="inductionLoop.W3" nVehContrib="15" flow="540.00" occupancy="74.91" speed="9.48" harmonicMeanSpeed="1.00" length="5.00" nVehEntered="15"/>
    <interval begin="25800.00" end="25900.00" id="inductionLoop.W3" nVehContrib="15" flow="540.00" occupancy="76.47" speed="8.73" harmonicMeanSpeed="0.97" length="5.00" nVehEntered="15"/>
    <interval begin="25900.00" end="26000.00" id="inductionLoop.W3" nVehContrib="13" flow="468.00" occupancy="78.79" speed="8.63" harmonicMeanSpeed="0.75" length="5.00" nVehEntered="13"/>
    <interval begin="26000.00" end="26100.00" id="inductionLoop.W3" nVehContrib="13" flow="468.00" occupancy="79.64" speed="8.66" harmonicMeanSpeed="0.91" length="5.00" nVehEntered="13"/>
    <interval begin="26100.00" end="26200.00" id="inductionLoop.W3" nVehContrib="13" flow="468.00" occupancy="78.09" speed="8.95" harmonicMeanSpeed="0.86" length="5.00" nVehEntered="13"/>
    <interval begin="26200.00" end="26300.00" id="inductionLoop.W3" nVehContrib="15" flow="540.00" occupancy="76.34" speed="9.07" harmonicMeanSpeed="0.96" length="5.00" nVehEntered="15"/>
    <interval begin="26300.00" end="26400.00" id="inductionLoop.W3" nVehContrib="15" flow="540.00" occupancy="75.87" speed="9.18" harmonicMeanSpeed="1.20" length="5.00" nVehEntered="15"/>
    <interval begin="26400.00" end="26500.00" id="inductionLoop.W3" nVehContrib="19" flow="684.00" occupancy="68.68" speed="7.91" harmonicMeanSpeed="0.80" length="5.00" nVehEntered="19"/>
    <interval begin="26500.00" end="26600.00" id="inductionLoop.W3" nVehContrib="20" flow="720.00" occupancy="67.61" speed="9.33" harmonicMeanSpeed="1.51" length="5.00" nVehEntered="20"/>
    <interval begin="26600.00" end="26700.00" id="inductionLoop.W3" nVehContrib="10" flow="360.00" occupancy="83.88" speed="7.18" harmonicMeanSpeed="0.91" length="5.00" nVehEntered="10"/>
    <interval begin="26700.00" end="26800.00" id="inductionLoop.W3" nVehContrib="18" flow="648.00" occupancy="60.28" speed="7.71" harmonicMeanSpeed="1.00" length="5.00" nVehEntered="18"/>
    <interval begin="26800.00" end="26900.00" id="inductionLoop.W3" nVehContrib="16" flow="576.00" occupancy="63.68" speed="7.67" harmonicMeanSpeed="1.74" length="5.00" nVehEntered="18"/>
    <interval begin="26900.00" end="27000.00" id="inductionLoop.W3" nVehContrib="13" flow="468.00" occupancy="69.23" speed="8.04" harmonicMeanSpeed="0.75" length="5.00" nVehEntered="12"/>
    <interval begin="27000.00" end="27100.00" id="inductionLoop.W3" nVehContrib="17" flow="612.00" occupancy="56.51" speed="7.76" harmonicMeanSpeed="1.75" length="5.00" nVehEntered="18"/>
    <interval begin="27100.00" end="27200.00" id="inductionLoop.W3" nVehContrib="18" flow="648.00" occupancy="61.60" speed="10.08" harmonicMeanSpeed="1.62" length="5.00" nVehEntered="19"/>
    <interval begin="27200.00" end="27300.00" id="inductionLoop.W3" nVehContrib="21" flow="756.00" occupancy="46.15" speed="7.91" harmonicMeanSpeed="1.75" length="5.00" nVehEntered="20"/>
    <interval begin="27300.00" end="27400.00" id="inductionLoop.W3" nVehContrib="14" flow="504.00" occupancy="39.73" speed="6.08" harmonicMeanSpeed="1.76" length="5.00" nVehEntered="14"/>
    <interval begin="27400.00" end="27500.00" id="inductionLoop.W3" nVehContrib="10" flow="360.00" occupancy="78.92" speed="7.66" harmonicMeanSpeed="1.00" length="5.00" nVehEntered="11"/>
    <interval begin="27500.00" end="27600.00" id="inductionLoop.W3" nVehContrib="13" flow="468.00" occupancy="78.07" speed="6.49" harmonicMeanSpeed="0.61" length="5.00" nVehEntered="13"/>
    <interval begin="27600.00" end="27700.00" id="inductionLoop.W3" nVehContrib="19" flow="684.00" occupancy="71.29" speed="8.74" harmonicMeanSpeed="1.33" length="5.00" nVehEntered="18"/>
    <interval begin="27700.00" end="27800.00" id="inductionLoop.W3" nVehContrib="5" flow="180.00" occupancy="92.19" speed="9.20" harmonicMeanSpeed="0.27" length="5.00" nVehEntered="5"/>
    <interval begin="27800.00" end="27900.00" id="inductionLoop.W3" nVehContrib="19" flow="684.00" occupancy="70.98" speed="10.16" harmonicMeanSpeed="8.94" length="5.00" nVehEntered="20"/>
    <interval begin="27900.00" end="28000.00" id="inductionLoop.W3" nVehContrib="16" flow="576.00" occupancy="74.92" speed="9.45" harmonicMeanSpeed="0.75" length="5.00" nVehEntered="16"/>
    <interval begin="28000.00" end="28100.00" id="inductionLoop.W3" nVehContrib="10" flow="360.00" occupancy="83.76" speed="8.42" harmonicMeanSpeed="0.44" length="5.00" nVehEntered="9"/>
    <interval begin="28100.00" end="28200.00" id="inductionLoop.W3" nVehContrib="8" flow="288.00" occupancy="87.05" speed="11.76" harmonicMeanSpeed="11.33" length="5.00" nVehEntered="9"/>
    <interval begin="28200.00" end="28300.00" id="inductionLoop.W3" nVehContrib="18" flow="648.00" occupancy="72.00" speed="9.27" harmonicMeanSpeed="0.93" length="5.00" nVehEntered="18"/>
    <interval begin="28300.00" end="28400.00" id="inductionLoop.W3" nVehContrib="18" flow="648.00" occupancy="57.47" speed="10.12" harmonicMeanSpeed="0.78" length="5.00" nVehEntered="18"/>
    <interval begin="28400.00" end="28500.00" id="inductionLoop.W3" nVehContrib="13" flow="468.00" occupancy="75.39" speed="8.65" harmonicMeanSpeed="0.86" length="5.00" nVehEntered="12"/>
    <interval begin="28500.00" end="28600.00" id="inductionLoop.W3" nVehContrib="10" flow="360.00" occupancy="77.49" speed="8.00" harmonicMeanSpeed="0.65" length="5.00" nVehEntered="11"/>
    <interval begin="28600.00" end="28700.00" id="inductionLoop.W3" nVehContrib="14" flow="504.00" occupancy="69.20" speed="9.08" harmonicMeanSpeed="1.01" length="5.00" nVehEntered="14"/>
    <interval begin="28700.00" end="28800.00" id="inductionLoop.W3" nVehContrib="15" flow="540.00" occupancy="61.30" speed="8.79" harmonicMeanSpeed="1.23" length="5.00" nVehEntered="16"/>
    <interval begin="28800.00" end="28900.00" id="inductionLoop.W3" nVehContrib="11" flow="396.00" occupancy="62.82" speed="7.70" harmonicMeanSpeed="1.22" length="5.00" nVehEntered="13"/>
    <interval begin="28900.00" end="29000.00" id="inductionLoop.W3" nVehContrib="10" flow="360.00" occupancy="68.43" speed="7.85" harmonicMeanSpeed="1.01" length="5.00" nVehEntered="12"/>
    <interval begin="29000.00" end="29100.00" id="inductionLoop.W3" nVehContrib="11" flow="396.00" occupancy="77.46" speed="7.67" harmonicMeanSpeed="1.06" length="5.00" nVehEntered="11"/>
    <interval begin="29100.00" end="29200.00" id="inductionLoop.W3" nVehContrib="15" flow="540.00" occupancy="61.91" speed="7.75" harmonicMeanSpeed="0.62" length="5.00" nVehEntered="16"/>
    <interval begin="29200.00" end="29300.00" id="inductionLoop.W3" nVehContrib="19" flow="684.00" occupancy="52.29" speed="8.61" harmonicMeanSpeed="1.85" length="5.00" nVehEntered="19"/>
    <interval begin="29300.00" end="29400.00" id="inductionLoop.W3" nVehContrib="11" flow="396.00" occupancy="78.10" speed="5.78" harmonicMeanSpeed="1.16" length="5.00" nVehEntered="12"/>
    <interval begin="29400.00" end="29500.00" id="inductionLoop.W3" nVehContrib="18" flow="648.00" occupancy="63.21" speed="7.62" harmonicMeanSpeed="0.95" length="5.00" nVehEntered="17"/>
    <interval begin="29500.00" end="29600.00" id="inductionLoop.W3" nVehContrib="16" flow="576.00" occupancy="46.42" speed="8.60" harmonicMeanSpeed="1.74" length="5.00" nVehEntered="18"/>
    <interval begin="29600.00" end="29700.00" id="inductionLoop.W3" nVehContrib="14" flow="504.00" occupancy="52.27" speed="5.61" harmonicMeanSpeed="1.64" length="5.00" nVehEntered="16"/>
    <interval begin="29700.00" end="29800.00" id="inductionLoop.W3" nVehContrib="17" flow="612.00" occupancy="65.50" speed="7.38" harmonicMeanSpeed="1.14" length="5.00" nVehEntered="16"/>
    <interval begin="29800.00" end="29900.00" id="inductionLoop.W3" nVehContrib="19" flow="684.00" occupancy="23.89" speed="10.13" harmonicMeanSpeed="4.06" length="5.00" nVehEntered="20"/>
    <interval begin="29900.00" end="30000.00" id="inductionLoop.W3" nVehContrib="21" flow="756.00" occupancy="57.11" speed="7.78" harmonicMeanSpeed="1.84" length="5.00" nVehEntered="21"/>
    <interval begin="30000.00" end="30100.00" id="inductionLoop.W3" nVehContrib="14" flow="504.00" occupancy="38.04" speed="9.14" harmonicMeanSpeed="2.35" length="5.00" nVehEntered="16"/>
    <interval begin="30100.00" end="30200.00" id="inductionLoop.W3" nVehContrib="17" flow="612.00" occupancy="45.74" speed="8.32" harmonicMeanSpeed="1.58" length="5.00" nVehEntered="16"/>
    <interval begin="30200.00" end="30300.00" id="inductionLoop.W3" nVehContrib="20" flow="720.00" occupancy="40.06" speed="7.72" harmonicMeanSpeed="2.57" length="5.00" nVehEntered="22"/>
    <interval begin="30300.00" end="30400.00" id="inductionLoop.W3" nVehContrib="15" flow="540.00" occupancy="27.44" speed="8.09" harmonicMeanSpeed="2.78" length="5.00" nVehEntered="17"/>
    <interval begin="30400.00" end="30500.00" id="inductionLoop.W3" nVehContrib="18" flow="648.00" occupancy="54.95" speed="8.74" harmonicMeanSpeed="2.04" length="5.00" nVehEntered="20"/>
    <interval begin="30500.00" end="30600.00" id="inductionLoop.W3" nVehContrib="21" flow="756.00" occupancy="44.61" speed="7.70" harmonicMeanSpeed="1.90" length="5.00" nVehEntered="21"/>
    <interval begin="30600.00" end="30700.00" id="inductionLoop.W3" nVehContrib="16" flow="576.00" occupancy="42.41" speed="6.89" harmonicMeanSpeed="1.90" length="5.00" nVehEntered="17"/>
    <interval begin="30700.00" end="30800.00" id="inductionLoop.W3" nVehContrib="20" flow="720.00" occupancy="11.24" speed="11.50" harmonicMeanSpeed="8.63" length="5.00" nVehEntered="19"/>
    <interval begin="30800.00" end="30900.00" id="inductionLoop.W3" nVehContrib="22" flow="792.00" occupancy="8.32" speed="13.90" harmonicMeanSpeed="13.82" length="5.00" nVehEntered="23"/>
    <interval begin="30900.00" end="31000.00" id="inductionLoop.W3" nVehContrib="17" flow="612.00" occupancy="14.75" speed="10.93" harmonicMeanSpeed="5.95" length="5.00" nVehEntered="19"/>
    <interval begin="31000.00" end="31100.00" id="inductionLoop.W3" nVehContrib="17" flow="612.00" occupancy="17.54" speed="10.37" harmonicMeanSpeed="4.95" length="5.00" nVehEntered="18"/>
    <interval begin="31100.00" end="31200.00" id="inductionLoop.W3" nVehContrib="20" flow="720.00" occupancy="18.47" speed="9.18" harmonicMeanSpeed="5.49" length="5.00" nVehEntered="22"/>
    <interval begin="31200.00" end="31300.00" id="inductionLoop.W3" nVehContrib="20" flow="720.00" occupancy="16.35" speed="10.23" harmonicMeanSpeed="6.32" length="5.00" nVehEntered="21"/>
    <interval begin="31300.00" end="31400.00" id="inductionLoop.W3" nVehContrib="15" flow="540.00" occupancy="31.42" speed="7.03" harmonicMeanSpeed="2.39" length="5.00" nVehEntered="15"/>
    <interval begin="31400.00" end="31500.00" id="inductionLoop.W3" nVehContrib="16" flow="576.00" occupancy="41.21" speed="7.59" harmonicMeanSpeed="1.94" length="5.00" nVehEntered="16"/>
    <interval begin="31500.00" end="31600.00" id="inductionLoop.W3" nVehContrib="16" flow="576.00" occupancy="43.75" speed="8.19" harmonicMeanSpeed="2.77" length="5.00" nVehEntered="19"/>
    <interval begin="31600.00" end="31700.00" id="inductionLoop.W3" nVehContrib="17" flow="612.00" occupancy="21.11" speed="7.83" harmonicMeanSpeed="2.40" length="5.00" nVehEntered="16"/>
    <interval begin="31700.00" end="31800.00" id="inductionLoop.W3" nVehContrib="13" flow="468.00" occupancy="35.85" speed="7.83" harmonicMeanSpeed="1.83" length="5.00" nVehEntered="15"/>
    <interval begin="31800.00" end="31900.00" id="inductionLoop.W3" nVehContrib="18" flow="648.00" occupancy="37.75" speed="8.59" harmonicMeanSpeed="2.40" length="5.00" nVehEntered="19"/>
    <interval begin="31900.00" end="32000.00" id="inductionLoop.W3" nVehContrib="19" flow="684.00" occupancy="25.20" speed="8.80" harmonicMeanSpeed="3.85" length="5.00" nVehEntered="20"/>
    <interval begin="32000.00" end="32100.00" id="inductionLoop.W3" nVehContrib="13" flow="468.00" occupancy="14.66" speed="10.03" harmonicMeanSpeed="5.77" length="5.00" nVehEntered="16"/>
    <interval begin="32100.00" end="32200.00" id="inductionLoop.W3" nVehContrib="15" flow="540.00" occupancy="22.23" speed="7.14" harmonicMeanSpeed="2.98" length="5.00" nVehEntered="17"/>
    <interval begin="32200.00" end="32300.00" id="inductionLoop.W3" nVehContrib="15" flow="540.00" occupancy="33.40" speed="8.47" harmonicMeanSpeed="2.95" length="5.00" nVehEntered="19"/>
    <interval begin="32300.00" end="32400.00" id="inductionLoop.W3" nVehContrib="12" flow="432.00" occupancy="38.78" speed="5.52" harmonicMeanSpeed="1.30" length="5.00" nVehEntered="11"/>
    <interval begin="32400.00" end="32500.00" id="inductionLoop.W3" nVehContrib="17" flow="612.00" occupancy="39.26" speed="8.17" harmonicMeanSpeed="2.16" length="5.00" nVehEntered="17"/>
    <interval begin="32500.00" end="32600.00" id="inductionLoop.W3" nVehContrib="14" flow="504.00" occupancy="45.78" speed="9.29" harmonicMeanSpeed="1.53" length="5.00" nVehEntered="14"/>
    <interval begin="32600.00" end="32700.00" id="inductionLoop.W3" nVehContrib="14" flow="504.00" occupancy="53.49" speed="7.38" harmonicMeanSpeed="1.75" length="5.00" nVehEntered="16"/>
    <interval begin="32700.00" end="32800.00" id="inductionLoop.W3" nVehContrib="22" flow="792.00" occupancy="49.31" speed="7.30" harmonicMeanSpeed="1.79" length="5.00" nVehEntered="22"/>
    <interval begin="32800.00" end="32900.00" id="inductionLoop.W3" nVehContrib="14" flow="504.00" occupancy="68.16" speed="6.85" harmonicMeanSpeed="1.03" length="5.00" nVehEntered="15"/>
    <interval begin="32900.00" end="33000.00" id="inductionLoop.W3" nVehContrib="21" flow="756.00" occupancy="33.96" speed="9.69" harmonicMeanSpeed="3.12" length="5.00" nVehEntered="23"/>
    <interval begin="33000.00" end="33100.00" id="inductionLoop.W3" nVehContrib="15" flow="540.00" occupancy="39.45" speed="9.73" harmonicMeanSpeed="1.91" length="5.00" nVehEntered="16"/>
    <interval begin="33100.00" end="33200.00" id="inductionLoop.W3" nVehContrib="13" flow="468.00" occupancy="63.80" speed="8.28" harmonicMeanSpeed="1.38" length="5.00" nVehEntered="15"/>
    <interval begin="33200.00" end="33300.00" id="inductionLoop.W3" nVehContrib="11" flow="396.00" occupancy="59.58" speed="7.15" harmonicMeanSpeed="0.73" length="5.00" nVehEntered="10"/>
    <interval begin="33300.00" end="33400.00" id="inductionLoop.W3" nVehContrib="20" flow="720.00" occupancy="49.68" speed="8.06" harmonicMeanSpeed="2.03" length="5.00" nVehEntered="21"/>
    <interval begin="33400.00" end="33500.00" id="inductionLoop.W3" nVehContrib="14" flow="504.00" occupancy="58.16" speed="8.69" harmonicMeanSpeed="1.22" length="5.00" nVehEntered="14"/>
    <interval begin="33500.00" end="33600.00" id="inductionLoop.W3" nVehContrib="16" flow="576.00" occupancy="52.14" speed="9.18" harmonicMeanSpeed="1.64" length="5.00" nVehEntered="19"/>
    <interval begin="33600.00" end="33700.00" id="inductionLoop.W3" nVehContrib="11" flow="396.00" occupancy="65.29" speed="7.95" harmonicMeanSpeed="1.25" length="5.00" nVehEntered="12"/>
    <interval begin="33700.00" end="33800.00" id="inductionLoop.W3" nVehContrib="16" flow="576.00" occupancy="36.07" speed="6.81" harmonicMeanSpeed="1.33" length="5.00" nVehEntered="15"/>
    <interval begin="33800.00" end="33900.00" id="inductionLoop.W3" nVehContrib="8" flow="288.00" occupancy="5.85" speed="8.58" harmonicMeanSpeed="7.22" length="5.00" nVehEntered="9"/>
    <interval begin="33900.00" end="34000.00" id="inductionLoop.W3" nVehContrib="11" flow="396.00" occupancy="15.28" speed="8.94" harmonicMeanSpeed="3.67" length="5.00" nVehEntered="12"/>
    <interval begin="34000.00" end="34100.00" id="inductionLoop.W3" nVehContrib="16" flow="576.00" occupancy="32.72" speed="9.99" harmonicMeanSpeed="2.47" length="5.00" nVehEntered="17"/>
    <interval begin="34100.00" end="34200.00" id="inductionLoop.W3" nVehContrib="18" flow="648.00" occupancy="30.57" speed="7.84" harmonicMeanSpeed="2.91" length="5.00" nVehEntered="18"/>
    <interval begin="34200.00" end="34300.00" id="inductionLoop.W3" nVehContrib="18" flow="648.00" occupancy="24.61" speed="8.85" harmonicMeanSpeed="3.70" length="5.00" nVehEntered="20"/>
    <interval begin="34300.00" end="34400.00" id="inductionLoop.W3" nVehContrib="16" flow="576.00" occupancy="48.98" speed="7.32" harmonicMeanSpeed="1.68" length="5.00" nVehEntered="17"/>
    <interval begin="34400.00" end="34500.00" id="inductionLoop.W3" nVehContrib="15" flow="540.00" occupancy="68.22" speed="6.52" harmonicMeanSpeed="1.08" length="5.00" nVehEntered="14"/>
    <interval begin="34500.00" end="34600.00" id="inductionLoop.W3" nVehContrib="10" flow="360.00" occupancy="40.94" speed="7.15" harmonicMeanSpeed="2.55" length="5.00" nVehEntered="13"/>
    <interval begin="34600.00" end="34700.00" id="inductionLoop.W3" nVehContrib="11" flow="396.00" occupancy="79.80" speed="8.18" harmonicMeanSpeed="0.92" length="5.00" nVehEntered="11"/>
    <interval begin="34700.00" end="34800.00" id="inductionLoop.W3" nVehContrib="12" flow="432.00" occupancy="78.79" speed="7.12" harmonicMeanSpeed="0.50" length="5.00" nVehEntered="11"/>
    <interval begin="34800.00" end="34900.00" id="inductionLoop.W3" nVehContrib="16" flow="576.00" occupancy="72.98" speed="9.75" harmonicMeanSpeed="1.10" length="5.00" nVehEntered="17"/>
    <interval begin="34900.00" end="35000.00" id="inductionLoop.W3" nVehContrib="16" flow="576.00" occupancy="65.22" speed="9.33" harmonicMeanSpeed="1.22" length="5.00" nVehEntered="15"/>
    <interval begin="35000.00" end="35100.00" id="inductionLoop.W3" nVehContrib="17" flow="612.00" occupancy="51.52" speed="7.11" harmonicMeanSpeed="1.69" length="5.00" nVehEntered="19"/>
    <interval begin="35100.00" end="35200.00" id="inductionLoop.W3" nVehContrib="14" flow="504.00" occupancy="74.28" speed="9.64" harmonicMeanSpeed="0.93" length="5.00" nVehEntered="13"/>
    <interval begin="35200.00" end="35300.00" id="inductionLoop.W3" nVehContrib="13" flow="468.00" occupancy="71.38" speed="8.76" harmonicMeanSpeed="0.93" length="5.00" nVehEntered="14"/>
    <interval begin="35300.00" end="35400.00" id="inductionLoop.W3" nVehContrib="12" flow="432.00" occupancy="80.86" speed="8.03" harmonicMeanSpeed="0.97" length="5.00" nVehEntered="12"/>
    <interval begin="35400.00" end="35500.00" id="inductionLoop.W3" nVehContrib="9" flow="324.00" occupancy="72.93" speed="7.07" harmonicMeanSpeed="0.88" length="5.00" nVehEntered="10"/>
    <interval begin="35500.00" end="35600.00" id="inductionLoop.W3" nVehContrib="22" flow="792.00" occupancy="50.62" speed="8.29" harmonicMeanSpeed="1.20" length="5.00" nVehEntered="23"/>
    <interval begin="35600.00" end="35700.00" id="inductionLoop.W3" nVehContrib="11" flow="396.00" occupancy="66.07" speed="7.03" harmonicMeanSpeed="0.83" length="5.00" nVehEntered="11"/>
    <interval begin="35700.00" end="35800.00" id="inductionLoop.W3" nVehContrib="16" flow="576.00" occupancy="42.16" speed="7.75" harmonicMeanSpeed="1.94" length="5.00" nVehEntered="17"/>
    <interval begin="35800.00" end="35900.00" id="inductionLoop.W3" nVehContrib="10" flow="360.00" occupancy="75.45" speed="6.19" harmonicMeanSpeed="0.66" length="5.00" nVehEntered="10"/>
    <interval begin="35900.00" end="36000.00" id="inductionLoop.W3" nVehContrib="16" flow="576.00" occupancy="63.82" speed="7.61" harmonicMeanSpeed="1.25" length="5.00" nVehEntered="16"/>
    <interval begin="36000.00" end="36100.00" id="inductionLoop.W3" nVehContrib="17" flow="612.00" occupancy="63.49" speed="8.18" harmonicMeanSpeed="1.39" length="5.00" nVehEntered="18"/>
    <interval begin="36100.00" end="36200.00" id="inductionLoop.W3" nVehContrib="12" flow="432.00" occupancy="78.35" speed="8.17" harmonicMeanSpeed="1.06" length="5.00" nVehEntered="12"/>
    <interval begin="36200.00" end="36300.00" id="inductionLoop.W3" nVehContrib="13" flow="468.00" occupancy="75.74" speed="7.08" harmonicMeanSpeed="0.65" length="5.00" nVehEntered="12"/>
    <interval begin="36300.00" end="36400.00" id="inductionLoop.W3" nVehContrib="18" flow="648.00" occupancy="57.24" speed="8.11" harmonicMeanSpeed="1.93" length="5.00" nVehEntered="20"/>
    <interval begin="36400.00" end="36500.00" id="inductionLoop.W3" nVehContrib="12" flow="432.00" occupancy="60.54" speed="6.34" harmonicMeanSpeed="0.85" length="5.00" nVehEntered="12"/>
    <interval begin="36500.00" end="36600.00" id="inductionLoop.W3" nVehContrib="17" flow="612.00" occupancy="57.90" speed="8.31" harmonicMeanSpeed="1.47" length="5.00" nVehEntered="18"/>
    <interval begin="36600.00" end="36700.00" id="inductionLoop.W3" nVehContrib="13" flow="468.00" occupancy="53.91" speed="7.63" harmonicMeanSpeed="1.80" length="5.00" nVehEntered="16"/>
    <interval begin="36700.00" end="36800.00" id="inductionLoop.W3" nVehContrib="14" flow="504.00" occupancy="62.44" speed="8.19" harmonicMeanSpeed="1.36" length="5.00" nVehEntered="15"/>
    <interval begin="36800.00" end="36900.00" id="inductionLoop.W3" nVehContrib="16" flow="576.00" occupancy="74.19" speed="6.47" harmonicMeanSpeed="0.82" length="5.00" nVehEntered="15"/>
    <interval begin="36900.00" end="37000.00" id="inductionLoop.W3" nVehContrib="16" flow="576.00" occupancy="68.68" speed="8.35" harmonicMeanSpeed="1.33" length="5.00" nVehEntered="17"/>
    <interval begin="37000.00" end="37100.00" id="inductionLoop.W3" nVehContrib="12" flow="432.00" occupancy="77.43" speed="8.62" harmonicMeanSpeed="1.10" length="5.00" nVehEntered="13"/>
    <interval begin="37100.00" end="37200.00" id="inductionLoop.W3" nVehContrib="15" flow="540.00" occupancy="73.52" speed="8.53" harmonicMeanSpeed="0.71" length="5.00" nVehEntered="14"/>
    <interval begin="37200.00" end="37300.00" id="inductionLoop.W3" nVehContrib="22" flow="792.00" occupancy="57.87" speed="8.21" harmonicMeanSpeed="1.91" length="5.00" nVehEntered="23"/>
    <interval begin="37300.00" end="37400.00" id="inductionLoop.W3" nVehContrib="11" flow="396.00" occupancy="78.47" speed="7.79" harmonicMeanSpeed="1.19" length="5.00" nVehEntered="11"/>
    <interval begin="37400.00" end="37500.00" id="inductionLoop.W3" nVehContrib="16" flow="576.00" occupancy="71.61" speed="6.64" harmonicMeanSpeed="0.77" length="5.00" nVehEntered="16"/>
    <interval begin="37500.00" end="37600.00" id="inductionLoop.W3" nVehContrib="13" flow="468.00" occupancy="76.55" speed="7.94" harmonicMeanSpeed="1.09" length="5.00" nVehEntered="13"/>
    <interval begin="37600.00" end="37700.00" id="inductionLoop.W3" nVehContrib="9" flow="324.00" occupancy="69.37" speed="7.13" harmonicMeanSpeed="0.85" length="5.00" nVehEntered="9"/>
    <interval begin="37700.00" end="37800.00" id="inductionLoop.W3" nVehContrib="13" flow="468.00" occupancy="59.44" speed="5.78" harmonicMeanSpeed="0.70" length="5.00" nVehEntered="13"/>
    <interval begin="37800.00" end="37900.00" id="inductionLoop.W3" nVehContrib="15" flow="540.00" occupancy="49.52" speed="7.05" harmonicMeanSpeed="1.69" length="5.00" nVehEntered="17"/>
    <interval begin="37900.00" end="38000.00" id="inductionLoop.W3" nVehContrib="12" flow="432.00" occupancy="79.65" speed="8.45" harmonicMeanSpeed="1.00" length="5.00" nVehEntered="12"/>
    <interval begin="38000.00" end="38100.00" id="inductionLoop.W3" nVehContrib="13" flow="468.00" occupancy="78.42" speed="8.23" harmonicMeanSpeed="0.85" length="5.00" nVehEntered="13"/>
    <interval begin="38100.00" end="38200.00" id="inductionLoop.W3" nVehContrib="17" flow="612.00" occupancy="73.01" speed="9.55" harmonicMeanSpeed="1.08" length="5.00" nVehEntered="17"/>
    <interval begin="38200.00" end="38300.00" id="inductionLoop.W3" nVehContrib="13" flow="468.00" occupancy="78.82" speed="8.60" harmonicMeanSpeed="0.76" length="5.00" nVehEntered="13"/>
    <interval begin="38300.00" end="38400.00" id="inductionLoop.W3" nVehContrib="12" flow="432.00" occupancy="79.96" speed="8.33" harmonicMeanSpeed="0.70" length="5.00" nVehEntered="12"/>
    <interval begin="38400.00" end="38500.00" id="inductionLoop.W3" nVehContrib="12" flow="432.00" occupancy="67.48" speed="7.32" harmonicMeanSpeed="0.80" length="5.00" nVehEntered="11"/>
    <interval begin="38500.00" end="38600.00" id="inductionLoop.W3" nVehContrib="14" flow="504.00" occupancy="25.41" speed="9.72" harmonicMeanSpeed="8.44" length="5.00" nVehEntered="15"/>
    <interval begin="38600.00" end="38700.00" id="inductionLoop.W3" nVehContrib="13" flow="468.00" occupancy="79.39" speed="8.28" harmonicMeanSpeed="0.84" length="5.00" nVehEntered="13"/>
    <interval begin="38700.00" end="38800.00" id="inductionLoop.W3" nVehContrib="14" flow="504.00" occupancy="77.44" speed="9.13" harmonicMeanSpeed="0.89" length="5.00" nVehEntered="14"/>
    <interval begin="38800.00" end="38900.00" id="inductionLoop.W3" nVehContrib="12" flow="432.00" occupancy="80.95" speed="8.00" harmonicMeanSpeed="0.82" length="5.00" nVehEntered="12"/>
    <interval begin="38900.00" end="39000.00" id="inductionLoop.W3" nVehContrib="15" flow="540.00" occupancy="75.93" speed="9.16" harmonicMeanSpeed="0.76" length="5.00" nVehEntered="15"/>
    <interval begin="39000.00" end="39100.00" id="inductionLoop.W3" nVehContrib="13" flow="468.00" occupancy="79.78" speed="9.10" harmonicMeanSpeed="0.79" length="5.00" nVehEntered="12"/>
    <interval begin="39100.00" end="39200.00" id="inductionLoop.W3" nVehContrib="4" flow="144.00" occupancy="93.21" speed="7.48" harmonicMeanSpeed="0.21" length="5.00" nVehEntered="4"/>
    <interval begin="39200.00" end="39300.00" id="inductionLoop.W3" nVehContrib="17" flow="612.00" occupancy="73.11" speed="10.24" harmonicMeanSpeed="8.95" length="5.00" nVehEntered="18"/>
    <interval begin="39300.00" end="39400.00" id="inductionLoop.W3" nVehContrib="17" flow="612.00" occupancy="72.61" speed="9.44" harmonicMeanSpeed="0.79" length="5.00" nVehEntered="17"/>
    <interval begin="39400.00" end="39500.00" id="inductionLoop.W3" nVehContrib="18" flow="648.00" occupancy="72.38" speed="9.43" harmonicMeanSpeed="0.97" length="5.00" nVehEntered="18"/>
    <interval begin="39500.00" end="39600.00" id="inductionLoop.W3" nVehContrib="14" flow="504.00" occupancy="78.84" speed="9.06" harmonicMeanSpeed="0.80" length="5.00" nVehEntered="13"/>
    <interval begin="39600.00" end="39700.00" id="inductionLoop.W3" nVehContrib="6" flow="216.00" occupancy="89.98" speed="10.48" harmonicMeanSpeed="10.04" length="5.00" nVehEntered="7"/>
    <interval begin="39700.00" end="39800.00" id="inductionLoop.W3" nVehContrib="18" flow="648.00" occupancy="71.47" speed="9.39" harmonicMeanSpeed="0.93" length="5.00" nVehEntered="18"/>
    <interval begin="39800.00" end="39900.00" id="inductionLoop.W3" nVehContrib="18" flow="648.00" occupancy="71.78" speed="9.77" harmonicMeanSpeed="0.92" length="5.00" nVehEntered="18"/>
    <interval begin="39900.00" end="40000.00" id="inductionLoop.W3" nVehContrib="15" flow="540.00" occupancy="76.06" speed="9.07" harmonicMeanSpeed="0.73" length="5.00" nVehEntered="15"/>
    <interval begin="40000.00" end="40100.00" id="inductionLoop.W3" nVehContrib="10" flow="360.00" occupancy="84.10" speed="8.18" harmonicMeanSpeed="0.53" length="5.00" nVehEntered="9"/>
    <interval begin="40100.00" end="40200.00" id="inductionLoop.W3" nVehContrib="6" flow="216.00" occupancy="90.23" speed="12.21" harmonicMeanSpeed="11.35" length="5.00" nVehEntered="7"/>
    <interval begin="40200.00" end="40300.00" id="inductionLoop.W3" nVehContrib="15" flow="540.00" occupancy="76.28" speed="9.08" harmonicMeanSpeed="0.73" length="5.00" nVehEntered="15"/>
    <interval begin="40300.00" end="40400.00" id="inductionLoop.W3" nVehContrib="20" flow="720.00" occupancy="68.73" speed="10.05" harmonicMeanSpeed="1.02" length="5.00" nVehEntered="20"/>
    <interval begin="40400.00" end="40500.00" id="inductionLoop.W3" nVehContrib="10" flow="360.00" occupancy="83.01" speed="8.27" harmonicMeanSpeed="0.44" length="5.00" nVehEntered="10"/>
    <interval begin="40500.00" end="40600.00" id="inductionLoop.W3" nVehContrib="9" flow="324.00" occupancy="86.20" speed="11.80" harmonicMeanSpeed="11.27" length="5.00" nVehEntered="9"/>
    <interval begin="40600.00" end="40700.00" id="inductionLoop.W3" nVehContrib="18" flow="648.00" occupancy="72.43" speed="9.80" harmonicMeanSpeed="0.89" length="5.00" nVehEntered="18"/>
    <interval begin="40700.00" end="40800.00" id="inductionLoop.W3" nVehContrib="18" flow="648.00" occupancy="71.74" speed="9.58" harmonicMeanSpeed="0.89" length="5.00" nVehEntered="18"/>
    <interval begin="40800.00" end="40900.00" id="inductionLoop.W3" nVehContrib="18" flow="648.00" occupancy="73.31" speed="9.78" harmonicMeanSpeed="0.92" length="5.00" nVehEntered="17"/>
    <interval begin="40900.00" end="41000.00" id="inductionLoop.W3" nVehContrib="3" flow="108.00" occupancy="94.05" speed="3.05" harmonicMeanSpeed="0.16" length="5.00" nVehEntered="3"/>
    <interval begin="41000.00" end="41100.00" id="inductionLoop.W3" nVehContrib="15" flow="540.00" occupancy="76.13" speed="10.86" harmonicMeanSpeed="10.43" length="5.00" nVehEntered="16"/>
    <interval begin="41100.00" end="41200.00" id="inductionLoop.W3" nVehContrib="22" flow="792.00" occupancy="66.33" speed="10.28" harmonicMeanSpeed="0.96" length="5.00" nVehEntered="22"/>
    <interval begin="41200.00" end="41300.00" id="inductionLoop.W3" nVehContrib="9" flow="324.00" occupancy="86.22" speed="7.89" harmonicMeanSpeed="0.42" length="5.00" nVehEntered="8"/>
    <interval begin="41300.00" end="41400.00" id="inductionLoop.W3" nVehContrib="15" flow="540.00" occupancy="8.23" speed="11.71" harmonicMeanSpeed="9.11" length="5.00" nVehEntered="15"/>
    <interval begin="41400.00" end="41500.00" id="inductionLoop.W3" nVehContrib="22" flow="792.00" occupancy="30.12" speed="11.09" harmonicMeanSpeed="9.91" length="5.00" nVehEntered="23"/>
    <interval begin="41500.00" end="41600.00" id="inductionLoop.W3" nVehContrib="0" flow="0.00" occupancy="100.00" speed="-1.00" harmonicMeanSpeed="-1.00" length="-1.00" nVehEntered="0"/>
    <interval begin="41600.00" end="41700.00" id="inductionLoop.W3" nVehContrib="28" flow="1008.00" occupancy="58.36" speed="10.77" harmonicMeanSpeed="1.00" length="5.00" nVehEntered="28"/>
    <interval begin="41700.00" end="41800.00" id="inductionLoop.W3" nVehContrib="7" flow="252.00" occupancy="89.92" speed="6.16" harmonicMeanSpeed="0.28" length="5.00" nVehEntered="6"/>
    <interval begin="41800.00" end="41900.00" id="inductionLoop.W3" nVehContrib="19" flow="684.00" occupancy="64.03" speed="12.12" harmonicMeanSpeed="11.89" length="5.00" nVehEntered="20"/>
    <interval begin="41900.00" end="42000.00" id="inductionLoop.W3" nVehContrib="15" flow="540.00" occupancy="37.96" speed="9.69" harmonicMeanSpeed="0.92" length="5.00" nVehEntered="16"/>
    <interval begin="42000.00" end="42100.00" id="inductionLoop.W3" nVehContrib="16" flow="576.00" occupancy="69.69" speed="10.04" harmonicMeanSpeed="0.98" length="5.00" nVehEntered="15"/>
    <interval begin="42100.00" end="42200.00" id="inductionLoop.W3" nVehContrib="7" flow="252.00" occupancy="65.91" speed="5.73" harmonicMeanSpeed="0.56" length="5.00" nVehEntered="8"/>
    <interval begin="42200.00" end="42300.00" id="inductionLoop.W3" nVehContrib="15" flow="540.00" occupancy="57.62" speed="11.10" harmonicMeanSpeed="9.76" length="5.00" nVehEntered="16"/>
    <interval begin="42300.00" end="42400.00" id="inductionLoop.W3" nVehContrib="0" flow="0.00" occupancy="100.00" speed="-1.00" harmonicMeanSpeed="-1.00" length="-1.00" nVehEntered="0"/>
    <interval begin="42400.00" end="42500.00" id="inductionLoop.W3" nVehContrib="19" flow="684.00" occupancy="26.15" speed="9.04" harmonicMeanSpeed="0.54" length="5.00" nVehEntered="18"/>
    <interval begin="42500.00" end="42600.00" id="inductionLoop.W3" nVehContrib="4" flow="144.00" occupancy="62.68" speed="3.01" harmonicMeanSpeed="0.32" length="5.00" nVehEntered="5"/>
    <interval begin="42600.00" end="42700.00" id="inductionLoop.W3" nVehContrib="0" flow="0.00" occupancy="0.00" speed="-1.00" harmonicMeanSpeed="-1.00" length="-1.00" nVehEntered="0"/>
    <interval begin="42700.00" end="42800.00" id="inductionLoop.W3" nVehContrib="0" flow="0.00" occupancy="0.00" speed="-1.00" harmonicMeanSpeed="-1.00" length="-1.00" nVehEntered="0"/>
    <interval begin="42800.00" end="42900.00" id="inductionLoop.W3" nVehContrib="0" flow="0.00" occupancy="0.00" speed="-1.00" harmonicMeanSpeed="-1.00" length="-1.00" nVehEntered="0"/>
    <interval begin="42900.00" end="43000.00" id="inductionLoop.W3" nVehContrib="0" flow="0.00" occupancy="0.00" speed="-1.00" harmonicMeanSpeed="-1.00" length="-1.00" nVehEntered="0"/>
    <interval begin="43000.00" end="43100.00" id="inductionLoop.W3" nVehContrib="0" flow="0.00" occupancy="0.00" speed="-1.00" harmonicMeanSpeed="-1.00" length="-1.00" nVehEntered="0"/>
    <interval begin="43100.00" end="43200.00" id="inductionLoop.W3" nVehContrib="0" flow="0.00" occupancy="0.00" speed="-1.00" harmonicMeanSpeed="-1.00" length="-1.00" nVehEntered="0"/>
    <interval begin="43200.00" end="43300.00" id="inductionLoop.W3" nVehContrib="2" flow="72.00" occupancy="0.72" speed="13.90" harmonicMeanSpeed="13.88" length="5.00" nVehEntered="2"/>
    <interval begin="43300.00" end="43400.00" id="inductionLoop.W3" nVehContrib="3" flow="108.00" occupancy="89.23" speed="9.09" harmonicMeanSpeed="8.93" length="5.00" nVehEntered="4"/>
    <interval begin="43400.00" end="43500.00" id="inductionLoop.W3" nVehContrib="16" flow="576.00" occupancy="46.64" speed="9.08" harmonicMeanSpeed="0.66" length="5.00" nVehEntered="17"/>
    <interval begin="43500.00" end="43600.00" id="inductionLoop.W3" nVehContrib="5" flow="180.00" occupancy="91.68" speed="4.81" harmonicMeanSpeed="0.24" length="5.00" nVehEntered="4"/>
    <interval begin="43600.00" end="43700.00" id="inductionLoop.W3" nVehContrib="13" flow="468.00" occupancy="80.70" speed="11.24" harmonicMeanSpeed="10.85" length="5.00" nVehEntered="14"/>
    <interval begin="43700.00" end="43800.00" id="inductionLoop.W3" nVehContrib="23" flow="828.00" occupancy="64.52" speed="9.99" harmonicMeanSpeed="0.90" length="5.00" nVehEntered="23"/>
    <interval begin="43800.00" end="43900.00" id="inductionLoop.W3" nVehContrib="0" flow="0.00" occupancy="100.00" speed="-1.00" harmonicMeanSpeed="-1.00" length="-1.00" nVehEntered="0"/>
    <interval begin="43900.00" end="44000.00" id="inductionLoop.W3" nVehContrib="26" flow="936.00" occupancy="60.14" speed="10.47" harmonicMeanSpeed="0.88" length="5.00" nVehEntered="26"/>
    <interval begin="44000.00" end="44100.00" id="inductionLoop.W3" nVehContrib="6" flow="216.00" occupancy="90.76" speed="5.41" harmonicMeanSpeed="0.26" length="5.00" nVehEntered="5"/>
    <interval begin="44100.00" end="44200.00" id="inductionLoop.W3" nVehContrib="14" flow="504.00" occupancy="78.67" speed="11.73" harmonicMeanSpeed="11.44" length="5.00" nVehEntered="15"/>
    <interval begin="44200.00" end="44300.00" id="inductionLoop.W3" nVehContrib="22" flow="792.00" occupancy="67.58" speed="10.70" harmonicMeanSpeed="0.78" length="5.00" nVehEntered="21"/>
    <interval begin="44300.00" end="44400.00" id="inductionLoop.W3" nVehContrib="0" flow="0.00" occupancy="98.73" speed="-1.00" harmonicMeanSpeed="-1.00" length="-1.00" nVehEntered="1"/>
    <interval begin="44400.00" end="44500.00" id="inductionLoop.W3" nVehContrib="25" flow="900.00" occupancy="62.49" speed="10.91" harmonicMeanSpeed="0.92" length="5.00" nVehEntered="25"/>
    <interval begin="44500.00" end="44600.00" id="inductionLoop.W3" nVehContrib="0" flow="0.00" occupancy="100.00" speed="-1.00" harmonicMeanSpeed="-1.00" length="-1.00" nVehEntered="0"/>
    <interval begin="44600.00" end="44700.00" id="inductionLoop.W3" nVehContrib="28" flow="1008.00" occupancy="57.99" speed="9.25" harmonicMeanSpeed="0.84" length="5.00" nVehEntered="28"/>
    <interval begin="44700.00" end="44800.00" id="inductionLoop.W3" nVehContrib="0" flow="0.00" occupancy="100.00" speed="-1.00" harmonicMeanSpeed="-1.00" length="-1.00" nVehEntered="0"/>
    <interval begin="44800.00" end="44900.00" id="inductionLoop.W3" nVehContrib="34" flow="1224.00" occupancy="49.39" speed="10.49" harmonicMeanSpeed="1.10" length="5.00" nVehEntered="34"/>
    <interval begin="44900.00" end="45000.00" id="inductionLoop.W3" nVehContrib="0" flow="0.00" occupancy="100.00" speed="-1.00" harmonicMeanSpeed="-1.00" length="-1.00" nVehEntered="0"/>
    <interval begin="45000.00" end="45100.00" id="inductionLoop.W3" nVehContrib="29" flow="1044.00" occupancy="55.97" speed="10.91" harmonicMeanSpeed="0.91" length="5.00" nVehEntered="29"/>
    <interval begin="45100.00" end="45200.00" id="inductionLoop.W3" nVehContrib="0" flow="0.00" occupancy="100.00" speed="-1.00" harmonicMeanSpeed="-1.00" length="-1.00" nVehEntered="0"/>
    <interval begin="45200.00" end="45300.00" id="inductionLoop.W3" nVehContrib="28" flow="1008.00" occupancy="54.24" speed="10.99" harmonicMeanSpeed="1.04" length="5.00" nVehEntered="28"/>
    <interval begin="45300.00" end="45400.00" id="inductionLoop.W3" nVehContrib="0" flow="0.00" occupancy="100.00" speed="-1.00" harmonicMeanSpeed="-1.00" length="-1.00" nVehEntered="0"/>
    <interval begin="45400.00" end="45500.00" id="inductionLoop.W3" nVehContrib="38" flow="1368.00" occupancy="43.65" speed="10.95" harmonicMeanSpeed="1.23" length="5.00" nVehEntered="38"/>
    <interval begin="45500.00" end="45600.00" id="inductionLoop.W3" nVehContrib="0" flow="0.00" occupancy="100.00" speed="-1.00" harmonicMeanSpeed="-1.00" length="-1.00" nVehEntered="0"/>
    <interval begin="45600.00" end="45700.00" id="inductionLoop.W3" nVehContrib="30" flow="1080.00" occupancy="54.86" speed="10.58" harmonicMeanSpeed="0.96" length="5.00" nVehEntered="30"/>
    <interval begin="45700.00" end="45800.00" id="inductionLoop.W3" nVehContrib="0" flow="0.00" occupancy="100.00" speed="-1.00" harmonicMeanSpeed="-1.00" length="-1.00" nVehEntered="0"/>
    <interval begin="45800.00" end="45900.00" id="inductionLoop.W3" nVehContrib="28" flow="1008.00" occupancy="56.99" speed="11.02" harmonicMeanSpeed="0.81" length="5.00" nVehEntered="27"/>
    <interval begin="45900.00" end="46000.00" id="inductionLoop.W3" nVehContrib="4" flow="144.00" occupancy="93.67" speed="10.19" harmonicMeanSpeed="9.57" length="5.00" nVehEntered="5"/>
    <interval begin="46000.00" end="46100.00" id="inductionLoop.W3" nVehContrib="23" flow="828.00" occupancy="64.78" speed="11.11" harmonicMeanSpeed="0.74" length="5.00" nVehEntered="22"/>
    <interval begin="46100.00" end="46200.00" id="inductionLoop.W3" nVehContrib="13" flow="468.00" occupancy="80.81" speed="11.49" harmonicMeanSpeed="10.48" length="5.00" nVehEntered="14"/>
    <interval begin="46200.00" end="46300.00" id="inductionLoop.W3" nVehContrib="14" flow="504.00" occupancy="77.36" speed="9.66" harmonicMeanSpeed="0.46" length="5.00" nVehEntered="13"/>
    <interval begin="46300.00" end="46400.00" id="inductionLoop.W3" nVehContrib="18" flow="648.00" occupancy="71.45" speed="11.52" harmonicMeanSpeed="11.24" length="5.00" nVehEntered="19"/>
    <interval begin="46400.00" end="46500.00" id="inductionLoop.W3" nVehContrib="12" flow="432.00" occupancy="80.32" speed="9.46" harmonicMeanSpeed="0.42" length="5.00" nVehEntered="11"/>
    <interval begin="46500.00" end="46600.00" id="inductionLoop.W3" nVehContrib="14" flow="504.00" occupancy="79.37" speed="11.97" harmonicMeanSpeed="11.73" length="5.00" nVehEntered="15"/>
    <interval begin="46600.00" end="46700.00" id="inductionLoop.W3" nVehContrib="24" flow="864.00" occupancy="65.43" speed="10.64" harmonicMeanSpeed="0.86" length="5.00" nVehEntered="23"/>
    <interval begin="46700.00" end="46800.00" id="inductionLoop.W3" nVehContrib="4" flow="144.00" occupancy="93.03" speed="11.73" harmonicMeanSpeed="11.31" length="5.00" nVehEntered="5"/>
    <interval begin="46800.00" end="46900.00" id="inductionLoop.W3" nVehContrib="19" flow="684.00" occupancy="70.27" speed="10.72" harmonicMeanSpeed="0.59" length="5.00" nVehEntered="19"/>
    <interval begin="46900.00" end="47000.00" id="inductionLoop.W3" nVehContrib="11" flow="396.00" occupancy="80.54" speed="11.94" harmonicMeanSpeed="11.62" length="5.00" nVehEntered="11"/>
    <interval begin="47000.00" end="47100.00" id="inductionLoop.W3" nVehContrib="22" flow="792.00" occupancy="67.14" speed="9.71" harmonicMeanSpeed="0.95" length="5.00" nVehEntered="22"/>
    <interval begin="47100.00" end="47200.00" id="inductionLoop.W3" nVehContrib="14" flow="504.00" occupancy="77.60" speed="9.21" harmonicMeanSpeed="0.67" length="5.00" nVehEntered="14"/>
    <interval begin="47200.00" end="47300.00" id="inductionLoop.W3" nVehContrib="17" flow="612.00" occupancy="76.00" speed="10.23" harmonicMeanSpeed="10.08" length="5.00" nVehEntered="17"/>
    <interval begin="47300.00" end="47400.00" id="inductionLoop.W3" nVehContrib="30" flow="1080.00" occupancy="52.66" speed="10.91" harmonicMeanSpeed="1.32" length="5.00" nVehEntered="30"/>
    <interval begin="47400.00" end="47500.00" id="inductionLoop.W3" nVehContrib="0" flow="0.00" occupancy="100.00" speed="-1.00" harmonicMeanSpeed="-1.00" length="-1.00" nVehEntered="0"/>
    <interval begin="47500.00" end="47600.00" id="inductionLoop.W3" nVehContrib="28" flow="1008.00" occupancy="57.36" speed="10.79" harmonicMeanSpeed="1.01" length="5.00" nVehEntered="28"/>
    <interval begin="47600.00" end="47700.00" id="inductionLoop.W3" nVehContrib="0" flow="0.00" occupancy="100.00" speed="-1.00" harmonicMeanSpeed="-1.00" length="-1.00" nVehEntered="0"/>
    <interval begin="47700.00" end="47800.00" id="inductionLoop.W3" nVehContrib="26" flow="936.00" occupancy="60.02" speed="10.15" harmonicMeanSpeed="0.78" length="5.00" nVehEntered="26"/>
    <interval begin="47800.00" end="47900.00" id="inductionLoop.W3" nVehContrib="0" flow="0.00" occupancy="100.00" speed="-1.00" harmonicMeanSpeed="-1.00" length="-1.00" nVehEntered="0"/>
    <interval begin="47900.00" end="48000.00" id="inductionLoop.W3" nVehContrib="26" flow="936.00" occupancy="59.94" speed="10.65" harmonicMeanSpeed="0.73" length="5.00" nVehEntered="26"/>
    <interval begin="48000.00" end="48100.00" id="inductionLoop.W3" nVehContrib="11" flow="396.00" occupancy="83.91" speed="10.88" harmonicMeanSpeed="10.68" length="5.00" nVehEntered="11"/>
    <interval begin="48100.00" end="48200.00" id="inductionLoop.W3" nVehContrib="10" flow="360.00" occupancy="84.63" speed="7.57" harmonicMeanSpeed="0.31" length="5.00" nVehEntered="10"/>
    <interval begin="48200.00" end="48300.00" id="inductionLoop.W3" nVehContrib="30" flow="1080.00" occupancy="58.62" speed="11.88" harmonicMeanSpeed="11.77" length="5.00" nVehEntered="30"/>
    <interval begin="48300.00" end="48400.00" id="inductionLoop.W3" nVehContrib="0" flow="0.00" occupancy="100.00" speed="-1.00" harmonicMeanSpeed="-1.00" length="-1.00" nVehEntered="0"/>
    <interval begin="48400.00" end="48500.00" id="inductionLoop.W3" nVehContrib="29" flow="1044.00" occupancy="55.49" speed="10.71" harmonicMeanSpeed="0.72" length="5.00" nVehEntered="28"/>
    <interval begin="48500.00" end="48600.00" id="inductionLoop.W3" nVehContrib="6" flow="216.00" occupancy="90.98" speed="10.97" harmonicMeanSpeed="10.80" length="5.00" nVehEntered="7"/>
    <interval begin="48600.00" end="48700.00" id="inductionLoop.W3" nVehContrib="4" flow="144.00" occupancy="94.04" speed="4.33" harmonicMeanSpeed="0.11" length="5.00" nVehEntered="3"/>
    <interval begin="48700.00" end="48800.00" id="inductionLoop.W3" nVehContrib="30" flow="1080.00" occupancy="55.99" speed="10.65" harmonicMeanSpeed="10.47" length="5.00" nVehEntered="31"/>
    <interval begin="48800.00" end="48900.00" id="inductionLoop.W3" nVehContrib="0" flow="0.00" occupancy="100.00" speed="-1.00" harmonicMeanSpeed="-1.00" length="-1.00" nVehEntered="0"/>
    <interval begin="48900.00" end="49000.00" id="inductionLoop.W3" nVehContrib="29" flow="1044.00" occupancy="57.16" speed="10.16" harmonicMeanSpeed="0.89" length="5.00" nVehEntered="29"/>
    <interval begin="49000.00" end="49100.00" id="inductionLoop.W3" nVehContrib="0" flow="0.00" occupancy="100.00" speed="-1.00" harmonicMeanSpeed="-1.00" length="-1.00" nVehEntered="0"/>
    <interval begin="49100.00" end="49200.00" id="inductionLoop.W3" nVehContrib="0" flow="0.00" occupancy="100.00" speed="-1.00" harmonicMeanSpeed="-1.00" length="-1.00" nVehEntered="0"/>
    <interval begin="49200.00" end="49300.00" id="inductionLoop.W3" nVehContrib="33" flow="1188.00" occupancy="50.65" speed="10.45" harmonicMeanSpeed="0.64" length="5.00" nVehEntered="33"/>
    <interval begin="49300.00" end="49400.00" id="inductionLoop.W3" nVehContrib="0" flow="0.00" occupancy="100.00" speed="-1.00" harmonicMeanSpeed="-1.00" length="-1.00" nVehEntered="0"/>
    <interval begin="49400.00" end="49500.00" id="inductionLoop.W3" nVehContrib="32" flow="1152.00" occupancy="50.93" speed="10.40" harmonicMeanSpeed="1.02" length="5.00" nVehEntered="32"/>
    <interval begin="49500.00" end="49600.00" id="inductionLoop.W3" nVehContrib="0" flow="0.00" occupancy="100.00" speed="-1.00" harmonicMeanSpeed="-1.00" length="-1.00" nVehEntered="0"/>
    <interval begin="49600.00" end="49700.00" id="inductionLoop.W3" nVehContrib="35" flow="1260.00" occupancy="47.98" speed="10.86" harmonicMeanSpeed="1.10" length="5.00" nVehEntered="35"/>
    <interval begin="49700.00" end="49800.00" id="inductionLoop.W3" nVehContrib="0" flow="0.00" occupancy="100.00" speed="-1.00" harmonicMeanSpeed="-1.00" length="-1.00" nVehEntered="0"/>
    <interval begin="49800.00" end="49900.00" id="inductionLoop.W3" nVehContrib="23" flow="828.00" occupancy="63.81" speed="10.15" harmonicMeanSpeed="0.66" length="5.00" nVehEntered="22"/>
    <interval begin="49900.00" end="50000.00" id="inductionLoop.W3" nVehContrib="9" flow="324.00" occupancy="86.11" speed="12.24" harmonicMeanSpeed="11.99" length="5.00" nVehEntered="10"/>
    <interval begin="50000.00" end="50004.00" id="inductionLoop.W3" nVehContrib="0" flow="0.00" occupancy="100.00" speed="-1.00" harmonicMeanSpeed="-1.00" length="-1.00" nVehEntered="0"/>
</detector>
