<?xml version="1.0" encoding="UTF-8"?>

<!-- generated on 2023-07-22 15:19:01 by Eclipse SUMO sumo Version 1.12.0
<configuration xmlns:xsi="http://www.w3.org/2001/XMLSchema-instance" xsi:noNamespaceSchemaLocation="http://sumo.dlr.de/xsd/sumoConfiguration.xsd">

    <input>
        <net-file value="Data0-20/intersection.net.xml"/>
        <route-files value="Data0-20/intersection.rou.xml"/>
        <additional-files value="Data0-20/intersection.det.xml"/>
    </input>

    <output>
        <tripinfo-output value="Data0-20/tripinfo.xml"/>
    </output>

    <time>
        <begin value="0"/>
    </time>

    <processing>
        <time-to-teleport value="-1"/>
        <waiting-time-memory value="60000"/>
    </processing>

    <report>
        <verbose value="true"/>
        <no-step-log value="true"/>
    </report>

    <emissions>
        <device.emissions.probability value="1"/>
    </emissions>

    <traci_server>
        <remote-port value="43135"/>
    </traci_server>

    <gui_only>
        <gui-settings-file value="Data0-20/intersection.settings.xml"/>
    </gui_only>

</configuration>
-->

<detector xmlns:xsi="http://www.w3.org/2001/XMLSchema-instance" xsi:noNamespaceSchemaLocation="http://sumo.dlr.de/xsd/det_e1_file.xsd">
    <interval begin="0.00" end="100.00" id="inductionLoop.S1" nVehContrib="6" flow="216.00" occupancy="4.35" speed="9.92" harmonicMeanSpeed="6.90" length="5.00" nVehEntered="7"/>
    <interval begin="100.00" end="200.00" id="inductionLoop.S1" nVehContrib="12" flow="432.00" occupancy="40.04" speed="7.09" harmonicMeanSpeed="1.52" length="5.00" nVehEntered="13"/>
    <interval begin="200.00" end="300.00" id="inductionLoop.S1" nVehContrib="12" flow="432.00" occupancy="38.43" speed="6.53" harmonicMeanSpeed="1.66" length="5.00" nVehEntered="14"/>
    <interval begin="300.00" end="400.00" id="inductionLoop.S1" nVehContrib="11" flow="396.00" occupancy="27.93" speed="4.73" harmonicMeanSpeed="2.09" length="5.00" nVehEntered="14"/>
    <interval begin="400.00" end="500.00" id="inductionLoop.S1" nVehContrib="11" flow="396.00" occupancy="39.61" speed="8.55" harmonicMeanSpeed="2.39" length="5.00" nVehEntered="11"/>
    <interval begin="500.00" end="600.00" id="inductionLoop.S1" nVehContrib="7" flow="252.00" occupancy="52.66" speed="2.68" harmonicMeanSpeed="0.94" length="5.00" nVehEntered="7"/>
    <interval begin="600.00" end="700.00" id="inductionLoop.S1" nVehContrib="14" flow="504.00" occupancy="62.86" speed="5.36" harmonicMeanSpeed="0.86" length="5.00" nVehEntered="15"/>
    <interval begin="700.00" end="800.00" id="inductionLoop.S1" nVehContrib="14" flow="504.00" occupancy="58.51" speed="5.50" harmonicMeanSpeed="1.00" length="5.00" nVehEntered="14"/>
    <interval begin="800.00" end="900.00" id="inductionLoop.S1" nVehContrib="7" flow="252.00" occupancy="81.32" speed="2.71" harmonicMeanSpeed="0.44" length="5.00" nVehEntered="8"/>
    <interval begin="900.00" end="1000.00" id="inductionLoop.S1" nVehContrib="12" flow="432.00" occupancy="75.70" speed="5.64" harmonicMeanSpeed="1.00" length="5.00" nVehEntered="12"/>
    <interval begin="1000.00" end="1100.00" id="inductionLoop.S1" nVehContrib="8" flow="288.00" occupancy="33.12" speed="6.53" harmonicMeanSpeed="0.81" length="5.00" nVehEntered="9"/>
    <interval begin="1100.00" end="1200.00" id="inductionLoop.S1" nVehContrib="12" flow="432.00" occupancy="24.75" speed="8.51" harmonicMeanSpeed="4.80" length="5.00" nVehEntered="13"/>
    <interval begin="1200.00" end="1300.00" id="inductionLoop.S1" nVehContrib="14" flow="504.00" occupancy="34.34" speed="6.53" harmonicMeanSpeed="1.54" length="5.00" nVehEntered="16"/>
    <interval begin="1300.00" end="1400.00" id="inductionLoop.S1" nVehContrib="10" flow="360.00" occupancy="10.24" speed="7.77" harmonicMeanSpeed="4.88" length="5.00" nVehEntered="10"/>
    <interval begin="1400.00" end="1500.00" id="inductionLoop.S1" nVehContrib="9" flow="324.00" occupancy="12.24" speed="6.54" harmonicMeanSpeed="3.73" length="5.00" nVehEntered="10"/>
    <interval begin="1500.00" end="1600.00" id="inductionLoop.S1" nVehContrib="9" flow="324.00" occupancy="55.07" speed="3.93" harmonicMeanSpeed="0.82" length="5.00" nVehEntered="10"/>
    <interval begin="1600.00" end="1700.00" id="inductionLoop.S1" nVehContrib="9" flow="324.00" occupancy="72.87" speed="3.72" harmonicMeanSpeed="0.61" length="5.00" nVehEntered="8"/>
    <interval begin="1700.00" end="1800.00" id="inductionLoop.S1" nVehContrib="11" flow="396.00" occupancy="29.02" speed="7.35" harmonicMeanSpeed="5.87" length="5.00" nVehEntered="15"/>
    <interval begin="1800.00" end="1900.00" id="inductionLoop.S1" nVehContrib="9" flow="324.00" occupancy="50.73" speed="4.01" harmonicMeanSpeed="0.73" length="5.00" nVehEntered="9"/>
    <interval begin="1900.00" end="2000.00" id="inductionLoop.S1" nVehContrib="12" flow="432.00" occupancy="78.33" speed="4.45" harmonicMeanSpeed="1.01" length="5.00" nVehEntered="12"/>
    <interval begin="2000.00" end="2100.00" id="inductionLoop.S1" nVehContrib="11" flow="396.00" occupancy="34.77" speed="5.57" harmonicMeanSpeed="1.01" length="5.00" nVehEntered="10"/>
    <interval begin="2100.00" end="2200.00" id="inductionLoop.S1" nVehContrib="9" flow="324.00" occupancy="7.84" speed="8.60" harmonicMeanSpeed="6.09" length="5.00" nVehEntered="11"/>
    <interval begin="2200.00" end="2300.00" id="inductionLoop.S1" nVehContrib="7" flow="252.00" occupancy="3.44" speed="10.61" harmonicMeanSpeed="10.17" length="5.00" nVehEntered="7"/>
    <interval begin="2300.00" end="2400.00" id="inductionLoop.S1" nVehContrib="11" flow="396.00" occupancy="5.34" speed="10.61" harmonicMeanSpeed="10.29" length="5.00" nVehEntered="11"/>
    <interval begin="2400.00" end="2500.00" id="inductionLoop.S1" nVehContrib="5" flow="180.00" occupancy="23.84" speed="7.79" harmonicMeanSpeed="1.10" length="5.00" nVehEntered="6"/>
    <interval begin="2500.00" end="2600.00" id="inductionLoop.S1" nVehContrib="9" flow="324.00" occupancy="18.19" speed="9.23" harmonicMeanSpeed="2.32" length="5.00" nVehEntered="8"/>
    <interval begin="2600.00" end="2700.00" id="inductionLoop.S1" nVehContrib="14" flow="504.00" occupancy="17.48" speed="9.49" harmonicMeanSpeed="4.01" length="5.00" nVehEntered="14"/>
    <interval begin="2700.00" end="2800.00" id="inductionLoop.S1" nVehContrib="11" flow="396.00" occupancy="62.77" speed="4.31" harmonicMeanSpeed="0.92" length="5.00" nVehEntered="12"/>
    <interval begin="2800.00" end="2900.00" id="inductionLoop.S1" nVehContrib="9" flow="324.00" occupancy="42.68" speed="6.33" harmonicMeanSpeed="1.43" length="5.00" nVehEntered="14"/>
    <interval begin="2900.00" end="3000.00" id="inductionLoop.S1" nVehContrib="8" flow="288.00" occupancy="4.06" speed="11.37" harmonicMeanSpeed="9.86" length="5.00" nVehEntered="8"/>
    <interval begin="3000.00" end="3100.00" id="inductionLoop.S1" nVehContrib="10" flow="360.00" occupancy="4.81" speed="11.30" harmonicMeanSpeed="10.39" length="5.00" nVehEntered="10"/>
    <interval begin="3100.00" end="3200.00" id="inductionLoop.S1" nVehContrib="7" flow="252.00" occupancy="31.10" speed="6.04" harmonicMeanSpeed="1.13" length="5.00" nVehEntered="8"/>
    <interval begin="3200.00" end="3300.00" id="inductionLoop.S1" nVehContrib="10" flow="360.00" occupancy="53.22" speed="4.97" harmonicMeanSpeed="1.01" length="5.00" nVehEntered="10"/>
    <interval begin="3300.00" end="3400.00" id="inductionLoop.S1" nVehContrib="13" flow="468.00" occupancy="7.16" speed="9.11" harmonicMeanSpeed="5.87" length="5.00" nVehEntered="12"/>
    <interval begin="3400.00" end="3500.00" id="inductionLoop.S1" nVehContrib="9" flow="324.00" occupancy="5.20" speed="9.56" harmonicMeanSpeed="9.31" length="5.00" nVehEntered="10"/>
    <interval begin="3500.00" end="3600.00" id="inductionLoop.S1" nVehContrib="5" flow="180.00" occupancy="2.71" speed="9.83" harmonicMeanSpeed="8.12" length="5.00" nVehEntered="4"/>
    <interval begin="3600.00" end="3700.00" id="inductionLoop.S1" nVehContrib="10" flow="360.00" occupancy="7.41" speed="8.70" harmonicMeanSpeed="8.57" length="5.00" nVehEntered="12"/>
    <interval begin="3700.00" end="3800.00" id="inductionLoop.S1" nVehContrib="11" flow="396.00" occupancy="16.99" speed="7.65" harmonicMeanSpeed="3.24" length="5.00" nVehEntered="11"/>
    <interval begin="3800.00" end="3900.00" id="inductionLoop.S1" nVehContrib="9" flow="324.00" occupancy="18.95" speed="5.71" harmonicMeanSpeed="2.38" length="5.00" nVehEntered="9"/>
    <interval begin="3900.00" end="4000.00" id="inductionLoop.S1" nVehContrib="11" flow="396.00" occupancy="34.64" speed="5.07" harmonicMeanSpeed="1.59" length="5.00" nVehEntered="11"/>
    <interval begin="4000.00" end="4100.00" id="inductionLoop.S1" nVehContrib="13" flow="468.00" occupancy="17.44" speed="8.09" harmonicMeanSpeed="3.80" length="5.00" nVehEntered="16"/>
    <interval begin="4100.00" end="4200.00" id="inductionLoop.S1" nVehContrib="11" flow="396.00" occupancy="48.33" speed="7.43" harmonicMeanSpeed="1.19" length="5.00" nVehEntered="12"/>
    <interval begin="4200.00" end="4300.00" id="inductionLoop.S1" nVehContrib="13" flow="468.00" occupancy="18.72" speed="8.06" harmonicMeanSpeed="3.39" length="5.00" nVehEntered="15"/>
    <interval begin="4300.00" end="4400.00" id="inductionLoop.S1" nVehContrib="8" flow="288.00" occupancy="7.83" speed="7.68" harmonicMeanSpeed="5.29" length="5.00" nVehEntered="9"/>
    <interval begin="4400.00" end="4500.00" id="inductionLoop.S1" nVehContrib="12" flow="432.00" occupancy="26.47" speed="7.24" harmonicMeanSpeed="2.28" length="5.00" nVehEntered="13"/>
    <interval begin="4500.00" end="4600.00" id="inductionLoop.S1" nVehContrib="10" flow="360.00" occupancy="21.32" speed="8.03" harmonicMeanSpeed="4.24" length="5.00" nVehEntered="11"/>
    <interval begin="4600.00" end="4700.00" id="inductionLoop.S1" nVehContrib="9" flow="324.00" occupancy="23.32" speed="6.60" harmonicMeanSpeed="1.37" length="5.00" nVehEntered="9"/>
    <interval begin="4700.00" end="4800.00" id="inductionLoop.S1" nVehContrib="10" flow="360.00" occupancy="6.45" speed="10.26" harmonicMeanSpeed="9.86" length="5.00" nVehEntered="12"/>
    <interval begin="4800.00" end="4900.00" id="inductionLoop.S1" nVehContrib="8" flow="288.00" occupancy="5.11" speed="9.91" harmonicMeanSpeed="6.86" length="5.00" nVehEntered="8"/>
    <interval begin="4900.00" end="5000.00" id="inductionLoop.S1" nVehContrib="8" flow="288.00" occupancy="4.72" speed="9.79" harmonicMeanSpeed="8.47" length="5.00" nVehEntered="8"/>
    <interval begin="5000.00" end="5100.00" id="inductionLoop.S1" nVehContrib="8" flow="288.00" occupancy="5.24" speed="10.11" harmonicMeanSpeed="8.33" length="5.00" nVehEntered="9"/>
    <interval begin="5100.00" end="5200.00" id="inductionLoop.S1" nVehContrib="9" flow="324.00" occupancy="13.36" speed="10.55" harmonicMeanSpeed="10.21" length="5.00" nVehEntered="11"/>
    <interval begin="5200.00" end="5300.00" id="inductionLoop.S1" nVehContrib="14" flow="504.00" occupancy="36.63" speed="6.16" harmonicMeanSpeed="1.55" length="5.00" nVehEntered="13"/>
    <interval begin="5300.00" end="5400.00" id="inductionLoop.S1" nVehContrib="11" flow="396.00" occupancy="8.57" speed="8.78" harmonicMeanSpeed="7.73" length="5.00" nVehEntered="12"/>
    <interval begin="5400.00" end="5500.00" id="inductionLoop.S1" nVehContrib="8" flow="288.00" occupancy="35.55" speed="6.43" harmonicMeanSpeed="1.13" length="5.00" nVehEntered="8"/>
    <interval begin="5500.00" end="5600.00" id="inductionLoop.S1" nVehContrib="8" flow="288.00" occupancy="4.71" speed="10.37" harmonicMeanSpeed="8.88" length="5.00" nVehEntered="9"/>
    <interval begin="5600.00" end="5700.00" id="inductionLoop.S1" nVehContrib="12" flow="432.00" occupancy="9.93" speed="8.33" harmonicMeanSpeed="6.11" length="5.00" nVehEntered="13"/>
    <interval begin="5700.00" end="5800.00" id="inductionLoop.S1" nVehContrib="4" flow="144.00" occupancy="3.02" speed="9.45" harmonicMeanSpeed="6.61" length="5.00" nVehEntered="4"/>
    <interval begin="5800.00" end="5900.00" id="inductionLoop.S1" nVehContrib="10" flow="360.00" occupancy="6.22" speed="9.84" harmonicMeanSpeed="9.25" length="5.00" nVehEntered="14"/>
    <interval begin="5900.00" end="6000.00" id="inductionLoop.S1" nVehContrib="11" flow="396.00" occupancy="9.22" speed="8.74" harmonicMeanSpeed="6.66" length="5.00" nVehEntered="13"/>
    <interval begin="6000.00" end="6100.00" id="inductionLoop.S1" nVehContrib="8" flow="288.00" occupancy="5.09" speed="8.89" harmonicMeanSpeed="7.99" length="5.00" nVehEntered="9"/>
    <interval begin="6100.00" end="6200.00" id="inductionLoop.S1" nVehContrib="10" flow="360.00" occupancy="33.21" speed="5.39" harmonicMeanSpeed="1.51" length="5.00" nVehEntered="10"/>
    <interval begin="6200.00" end="6300.00" id="inductionLoop.S1" nVehContrib="11" flow="396.00" occupancy="24.11" speed="6.55" harmonicMeanSpeed="2.36" length="5.00" nVehEntered="14"/>
    <interval begin="6300.00" end="6400.00" id="inductionLoop.S1" nVehContrib="12" flow="432.00" occupancy="5.54" speed="11.02" harmonicMeanSpeed="10.65" length="5.00" nVehEntered="12"/>
    <interval begin="6400.00" end="6500.00" id="inductionLoop.S1" nVehContrib="9" flow="324.00" occupancy="5.47" speed="10.92" harmonicMeanSpeed="10.57" length="5.00" nVehEntered="11"/>
    <interval begin="6500.00" end="6600.00" id="inductionLoop.S1" nVehContrib="7" flow="252.00" occupancy="6.31" speed="12.66" harmonicMeanSpeed="12.60" length="5.00" nVehEntered="10"/>
    <interval begin="6600.00" end="6700.00" id="inductionLoop.S1" nVehContrib="9" flow="324.00" occupancy="5.28" speed="11.54" harmonicMeanSpeed="11.28" length="5.00" nVehEntered="11"/>
    <interval begin="6700.00" end="6800.00" id="inductionLoop.S1" nVehContrib="14" flow="504.00" occupancy="11.66" speed="8.71" harmonicMeanSpeed="6.00" length="5.00" nVehEntered="14"/>
    <interval begin="6800.00" end="6900.00" id="inductionLoop.S1" nVehContrib="9" flow="324.00" occupancy="20.05" speed="7.66" harmonicMeanSpeed="4.24" length="5.00" nVehEntered="10"/>
    <interval begin="6900.00" end="7000.00" id="inductionLoop.S1" nVehContrib="13" flow="468.00" occupancy="51.26" speed="7.66" harmonicMeanSpeed="1.07" length="5.00" nVehEntered="12"/>
    <interval begin="7000.00" end="7100.00" id="inductionLoop.S1" nVehContrib="3" flow="108.00" occupancy="1.68" speed="10.38" harmonicMeanSpeed="9.99" length="5.00" nVehEntered="5"/>
    <interval begin="7100.00" end="7200.00" id="inductionLoop.S1" nVehContrib="11" flow="396.00" occupancy="5.00" speed="11.41" harmonicMeanSpeed="11.13" length="5.00" nVehEntered="12"/>
    <interval begin="7200.00" end="7300.00" id="inductionLoop.S1" nVehContrib="6" flow="216.00" occupancy="3.34" speed="11.07" harmonicMeanSpeed="8.98" length="5.00" nVehEntered="6"/>
    <interval begin="7300.00" end="7400.00" id="inductionLoop.S1" nVehContrib="4" flow="144.00" occupancy="1.98" speed="12.54" harmonicMeanSpeed="12.41" length="5.00" nVehEntered="5"/>
    <interval begin="7400.00" end="7500.00" id="inductionLoop.S1" nVehContrib="6" flow="216.00" occupancy="2.57" speed="11.92" harmonicMeanSpeed="11.69" length="5.00" nVehEntered="6"/>
    <interval begin="7500.00" end="7600.00" id="inductionLoop.S1" nVehContrib="8" flow="288.00" occupancy="8.68" speed="12.27" harmonicMeanSpeed="11.95" length="5.00" nVehEntered="11"/>
    <interval begin="7600.00" end="7700.00" id="inductionLoop.S1" nVehContrib="9" flow="324.00" occupancy="7.75" speed="9.29" harmonicMeanSpeed="3.60" length="5.00" nVehEntered="9"/>
    <interval begin="7700.00" end="7800.00" id="inductionLoop.S1" nVehContrib="8" flow="288.00" occupancy="4.79" speed="10.14" harmonicMeanSpeed="8.34" length="5.00" nVehEntered="8"/>
    <interval begin="7800.00" end="7900.00" id="inductionLoop.S1" nVehContrib="8" flow="288.00" occupancy="4.71" speed="10.14" harmonicMeanSpeed="8.77" length="5.00" nVehEntered="9"/>
    <interval begin="7900.00" end="8000.00" id="inductionLoop.S1" nVehContrib="5" flow="180.00" occupancy="2.37" speed="11.11" harmonicMeanSpeed="10.56" length="5.00" nVehEntered="5"/>
    <interval begin="8000.00" end="8100.00" id="inductionLoop.S1" nVehContrib="9" flow="324.00" occupancy="4.87" speed="11.20" harmonicMeanSpeed="10.84" length="5.00" nVehEntered="11"/>
    <interval begin="8100.00" end="8200.00" id="inductionLoop.S1" nVehContrib="11" flow="396.00" occupancy="10.48" speed="9.94" harmonicMeanSpeed="7.80" length="5.00" nVehEntered="12"/>
    <interval begin="8200.00" end="8300.00" id="inductionLoop.S1" nVehContrib="9" flow="324.00" occupancy="4.31" speed="10.84" harmonicMeanSpeed="10.44" length="5.00" nVehEntered="9"/>
    <interval begin="8300.00" end="8400.00" id="inductionLoop.S1" nVehContrib="8" flow="288.00" occupancy="23.66" speed="8.18" harmonicMeanSpeed="1.74" length="5.00" nVehEntered="10"/>
    <interval begin="8400.00" end="8500.00" id="inductionLoop.S1" nVehContrib="9" flow="324.00" occupancy="4.89" speed="10.32" harmonicMeanSpeed="9.40" length="5.00" nVehEntered="10"/>
    <interval begin="8500.00" end="8600.00" id="inductionLoop.S1" nVehContrib="6" flow="216.00" occupancy="2.86" speed="12.90" harmonicMeanSpeed="12.31" length="5.00" nVehEntered="9"/>
    <interval begin="8600.00" end="8700.00" id="inductionLoop.S1" nVehContrib="13" flow="468.00" occupancy="6.73" speed="10.58" harmonicMeanSpeed="9.67" length="5.00" nVehEntered="13"/>
    <interval begin="8700.00" end="8800.00" id="inductionLoop.S1" nVehContrib="11" flow="396.00" occupancy="19.01" speed="7.44" harmonicMeanSpeed="2.89" length="5.00" nVehEntered="11"/>
    <interval begin="8800.00" end="8900.00" id="inductionLoop.S1" nVehContrib="7" flow="252.00" occupancy="2.84" speed="12.44" harmonicMeanSpeed="12.34" length="5.00" nVehEntered="7"/>
    <interval begin="8900.00" end="9000.00" id="inductionLoop.S1" nVehContrib="6" flow="216.00" occupancy="2.57" speed="12.11" harmonicMeanSpeed="11.67" length="5.00" nVehEntered="6"/>
    <interval begin="9000.00" end="9100.00" id="inductionLoop.S1" nVehContrib="5" flow="180.00" occupancy="2.27" speed="11.35" harmonicMeanSpeed="11.04" length="5.00" nVehEntered="5"/>
    <interval begin="9100.00" end="9200.00" id="inductionLoop.S1" nVehContrib="7" flow="252.00" occupancy="20.37" speed="5.69" harmonicMeanSpeed="1.78" length="5.00" nVehEntered="8"/>
    <interval begin="9200.00" end="9300.00" id="inductionLoop.S1" nVehContrib="7" flow="252.00" occupancy="5.07" speed="9.22" harmonicMeanSpeed="7.70" length="5.00" nVehEntered="9"/>
    <interval begin="9300.00" end="9400.00" id="inductionLoop.S1" nVehContrib="10" flow="360.00" occupancy="14.85" speed="9.51" harmonicMeanSpeed="3.46" length="5.00" nVehEntered="11"/>
    <interval begin="9400.00" end="9500.00" id="inductionLoop.S1" nVehContrib="9" flow="324.00" occupancy="5.30" speed="9.60" harmonicMeanSpeed="8.49" length="5.00" nVehEntered="9"/>
    <interval begin="9500.00" end="9600.00" id="inductionLoop.S1" nVehContrib="9" flow="324.00" occupancy="5.34" speed="10.13" harmonicMeanSpeed="8.42" length="5.00" nVehEntered="9"/>
    <interval begin="9600.00" end="9700.00" id="inductionLoop.S1" nVehContrib="7" flow="252.00" occupancy="3.48" speed="11.80" harmonicMeanSpeed="11.26" length="5.00" nVehEntered="8"/>
    <interval begin="9700.00" end="9800.00" id="inductionLoop.S1" nVehContrib="8" flow="288.00" occupancy="10.88" speed="8.49" harmonicMeanSpeed="4.48" length="5.00" nVehEntered="11"/>
    <interval begin="9800.00" end="9900.00" id="inductionLoop.S1" nVehContrib="9" flow="324.00" occupancy="4.03" speed="12.49" harmonicMeanSpeed="12.38" length="5.00" nVehEntered="10"/>
    <interval begin="9900.00" end="10000.00" id="inductionLoop.S1" nVehContrib="11" flow="396.00" occupancy="10.22" speed="9.74" harmonicMeanSpeed="5.60" length="5.00" nVehEntered="12"/>
    <interval begin="10000.00" end="10100.00" id="inductionLoop.S1" nVehContrib="9" flow="324.00" occupancy="4.70" speed="11.38" harmonicMeanSpeed="9.81" length="5.00" nVehEntered="11"/>
    <interval begin="10100.00" end="10200.00" id="inductionLoop.S1" nVehContrib="11" flow="396.00" occupancy="5.35" speed="10.82" harmonicMeanSpeed="10.33" length="5.00" nVehEntered="11"/>
    <interval begin="10200.00" end="10300.00" id="inductionLoop.S1" nVehContrib="6" flow="216.00" occupancy="3.86" speed="9.57" harmonicMeanSpeed="7.78" length="5.00" nVehEntered="6"/>
    <interval begin="10300.00" end="10400.00" id="inductionLoop.S1" nVehContrib="6" flow="216.00" occupancy="2.64" speed="11.47" harmonicMeanSpeed="11.38" length="5.00" nVehEntered="6"/>
    <interval begin="10400.00" end="10500.00" id="inductionLoop.S1" nVehContrib="8" flow="288.00" occupancy="5.59" speed="10.68" harmonicMeanSpeed="8.71" length="5.00" nVehEntered="9"/>
    <interval begin="10500.00" end="10600.00" id="inductionLoop.S1" nVehContrib="5" flow="180.00" occupancy="1.93" speed="10.63" harmonicMeanSpeed="8.54" length="5.00" nVehEntered="4"/>
    <interval begin="10600.00" end="10700.00" id="inductionLoop.S1" nVehContrib="6" flow="216.00" occupancy="2.64" speed="11.46" harmonicMeanSpeed="11.34" length="5.00" nVehEntered="6"/>
    <interval begin="10700.00" end="10800.00" id="inductionLoop.S1" nVehContrib="12" flow="432.00" occupancy="5.50" speed="11.43" harmonicMeanSpeed="10.91" length="5.00" nVehEntered="12"/>
    <interval begin="10800.00" end="10900.00" id="inductionLoop.S1" nVehContrib="5" flow="180.00" occupancy="3.36" speed="9.52" harmonicMeanSpeed="7.89" length="5.00" nVehEntered="6"/>
    <interval begin="10900.00" end="11000.00" id="inductionLoop.S1" nVehContrib="3" flow="108.00" occupancy="1.28" speed="11.73" harmonicMeanSpeed="11.68" length="5.00" nVehEntered="3"/>
    <interval begin="11000.00" end="11100.00" id="inductionLoop.S1" nVehContrib="4" flow="144.00" occupancy="2.02" speed="11.55" harmonicMeanSpeed="11.51" length="5.00" nVehEntered="6"/>
    <interval begin="11100.00" end="11200.00" id="inductionLoop.S1" nVehContrib="6" flow="216.00" occupancy="2.40" speed="12.60" harmonicMeanSpeed="12.51" length="5.00" nVehEntered="6"/>
    <interval begin="11200.00" end="11300.00" id="inductionLoop.S1" nVehContrib="6" flow="216.00" occupancy="2.43" speed="12.46" harmonicMeanSpeed="12.33" length="5.00" nVehEntered="6"/>
    <interval begin="11300.00" end="11400.00" id="inductionLoop.S1" nVehContrib="4" flow="144.00" occupancy="2.56" speed="11.05" harmonicMeanSpeed="8.52" length="5.00" nVehEntered="5"/>
    <interval begin="11400.00" end="11500.00" id="inductionLoop.S1" nVehContrib="8" flow="288.00" occupancy="4.78" speed="10.02" harmonicMeanSpeed="8.38" length="5.00" nVehEntered="8"/>
    <interval begin="11500.00" end="11600.00" id="inductionLoop.S1" nVehContrib="6" flow="216.00" occupancy="2.51" speed="12.07" harmonicMeanSpeed="11.95" length="5.00" nVehEntered="6"/>
    <interval begin="11600.00" end="11700.00" id="inductionLoop.S1" nVehContrib="4" flow="144.00" occupancy="1.73" speed="11.92" harmonicMeanSpeed="11.58" length="5.00" nVehEntered="4"/>
    <interval begin="11700.00" end="11800.00" id="inductionLoop.S1" nVehContrib="7" flow="252.00" occupancy="4.36" speed="8.96" harmonicMeanSpeed="8.03" length="5.00" nVehEntered="7"/>
    <interval begin="11800.00" end="11900.00" id="inductionLoop.S1" nVehContrib="7" flow="252.00" occupancy="3.44" speed="12.27" harmonicMeanSpeed="12.02" length="5.00" nVehEntered="9"/>
    <interval begin="11900.00" end="12000.00" id="inductionLoop.S1" nVehContrib="8" flow="288.00" occupancy="3.59" speed="11.50" harmonicMeanSpeed="11.16" length="5.00" nVehEntered="8"/>
    <interval begin="12000.00" end="12100.00" id="inductionLoop.S1" nVehContrib="4" flow="144.00" occupancy="2.98" speed="9.78" harmonicMeanSpeed="7.86" length="5.00" nVehEntered="6"/>
    <interval begin="12100.00" end="12200.00" id="inductionLoop.S1" nVehContrib="4" flow="144.00" occupancy="1.69" speed="13.06" harmonicMeanSpeed="13.02" length="5.00" nVehEntered="5"/>
    <interval begin="12200.00" end="12300.00" id="inductionLoop.S1" nVehContrib="6" flow="216.00" occupancy="18.45" speed="7.12" harmonicMeanSpeed="1.61" length="5.00" nVehEntered="5"/>
    <interval begin="12300.00" end="12400.00" id="inductionLoop.S1" nVehContrib="7" flow="252.00" occupancy="3.39" speed="12.07" harmonicMeanSpeed="11.95" length="5.00" nVehEntered="9"/>
    <interval begin="12400.00" end="12500.00" id="inductionLoop.S1" nVehContrib="4" flow="144.00" occupancy="1.61" speed="12.95" harmonicMeanSpeed="12.90" length="5.00" nVehEntered="5"/>
    <interval begin="12500.00" end="12600.00" id="inductionLoop.S1" nVehContrib="7" flow="252.00" occupancy="4.53" speed="10.71" harmonicMeanSpeed="10.24" length="5.00" nVehEntered="9"/>
    <interval begin="12600.00" end="12700.00" id="inductionLoop.S1" nVehContrib="4" flow="144.00" occupancy="1.95" speed="10.47" harmonicMeanSpeed="10.26" length="5.00" nVehEntered="4"/>
    <interval begin="12700.00" end="12800.00" id="inductionLoop.S1" nVehContrib="2" flow="72.00" occupancy="0.79" speed="12.67" harmonicMeanSpeed="12.67" length="5.00" nVehEntered="2"/>
    <interval begin="12800.00" end="12900.00" id="inductionLoop.S1" nVehContrib="7" flow="252.00" occupancy="5.49" speed="9.80" harmonicMeanSpeed="6.37" length="5.00" nVehEntered="7"/>
    <interval begin="12900.00" end="13000.00" id="inductionLoop.S1" nVehContrib="5" flow="180.00" occupancy="2.07" speed="12.12" harmonicMeanSpeed="12.07" length="5.00" nVehEntered="5"/>
    <interval begin="13000.00" end="13100.00" id="inductionLoop.S1" nVehContrib="7" flow="252.00" occupancy="2.93" speed="11.99" harmonicMeanSpeed="11.96" length="5.00" nVehEntered="7"/>
    <interval begin="13100.00" end="13200.00" id="inductionLoop.S1" nVehContrib="2" flow="72.00" occupancy="1.19" speed="11.76" harmonicMeanSpeed="11.70" length="5.00" nVehEntered="4"/>
    <interval begin="13200.00" end="13300.00" id="inductionLoop.S1" nVehContrib="1" flow="36.00" occupancy="1.14" speed="11.16" harmonicMeanSpeed="11.16" length="5.00" nVehEntered="4"/>
    <interval begin="13300.00" end="13400.00" id="inductionLoop.S1" nVehContrib="4" flow="144.00" occupancy="1.67" speed="12.85" harmonicMeanSpeed="12.84" length="5.00" nVehEntered="5"/>
    <interval begin="13400.00" end="13500.00" id="inductionLoop.S1" nVehContrib="8" flow="288.00" occupancy="4.27" speed="10.91" harmonicMeanSpeed="10.13" length="5.00" nVehEntered="9"/>
    <interval begin="13500.00" end="13600.00" id="inductionLoop.S1" nVehContrib="8" flow="288.00" occupancy="6.52" speed="8.54" harmonicMeanSpeed="6.94" length="5.00" nVehEntered="10"/>
    <interval begin="13600.00" end="13700.00" id="inductionLoop.S1" nVehContrib="2" flow="72.00" occupancy="0.87" speed="11.63" harmonicMeanSpeed="11.56" length="5.00" nVehEntered="2"/>
    <interval begin="13700.00" end="13800.00" id="inductionLoop.S1" nVehContrib="4" flow="144.00" occupancy="1.51" speed="13.33" harmonicMeanSpeed="13.26" length="5.00" nVehEntered="4"/>
    <interval begin="13800.00" end="13900.00" id="inductionLoop.S1" nVehContrib="4" flow="144.00" occupancy="1.64" speed="12.19" harmonicMeanSpeed="12.17" length="5.00" nVehEntered="4"/>
    <interval begin="13900.00" end="14000.00" id="inductionLoop.S1" nVehContrib="5" flow="180.00" occupancy="3.66" speed="10.03" harmonicMeanSpeed="6.84" length="5.00" nVehEntered="5"/>
    <interval begin="14000.00" end="14100.00" id="inductionLoop.S1" nVehContrib="6" flow="216.00" occupancy="2.42" speed="12.47" harmonicMeanSpeed="12.40" length="5.00" nVehEntered="6"/>
    <interval begin="14100.00" end="14200.00" id="inductionLoop.S1" nVehContrib="3" flow="108.00" occupancy="1.18" speed="12.71" harmonicMeanSpeed="12.68" length="5.00" nVehEntered="3"/>
    <interval begin="14200.00" end="14300.00" id="inductionLoop.S1" nVehContrib="2" flow="72.00" occupancy="0.89" speed="11.23" harmonicMeanSpeed="11.20" length="5.00" nVehEntered="2"/>
    <interval begin="14300.00" end="14400.00" id="inductionLoop.S1" nVehContrib="5" flow="180.00" occupancy="3.38" speed="8.52" harmonicMeanSpeed="7.40" length="5.00" nVehEntered="5"/>
    <interval begin="14400.00" end="14500.00" id="inductionLoop.S1" nVehContrib="5" flow="180.00" occupancy="2.46" speed="10.45" harmonicMeanSpeed="10.16" length="5.00" nVehEntered="5"/>
    <interval begin="14500.00" end="14600.00" id="inductionLoop.S1" nVehContrib="7" flow="252.00" occupancy="32.90" speed="5.75" harmonicMeanSpeed="1.06" length="5.00" nVehEntered="7"/>
    <interval begin="14600.00" end="14700.00" id="inductionLoop.S1" nVehContrib="8" flow="288.00" occupancy="5.99" speed="10.30" harmonicMeanSpeed="6.68" length="5.00" nVehEntered="8"/>
    <interval begin="14700.00" end="14800.00" id="inductionLoop.S1" nVehContrib="4" flow="144.00" occupancy="1.80" speed="11.16" harmonicMeanSpeed="11.09" length="5.00" nVehEntered="4"/>
    <interval begin="14800.00" end="14900.00" id="inductionLoop.S1" nVehContrib="7" flow="252.00" occupancy="3.68" speed="9.98" harmonicMeanSpeed="9.52" length="5.00" nVehEntered="7"/>
    <interval begin="14900.00" end="15000.00" id="inductionLoop.S1" nVehContrib="7" flow="252.00" occupancy="16.80" speed="6.47" harmonicMeanSpeed="2.08" length="5.00" nVehEntered="7"/>
    <interval begin="15000.00" end="15100.00" id="inductionLoop.S1" nVehContrib="9" flow="324.00" occupancy="6.13" speed="10.15" harmonicMeanSpeed="8.41" length="5.00" nVehEntered="10"/>
    <interval begin="15100.00" end="15200.00" id="inductionLoop.S1" nVehContrib="8" flow="288.00" occupancy="3.79" speed="10.80" harmonicMeanSpeed="10.56" length="5.00" nVehEntered="8"/>
    <interval begin="15200.00" end="15300.00" id="inductionLoop.S1" nVehContrib="8" flow="288.00" occupancy="4.26" speed="10.35" harmonicMeanSpeed="9.40" length="5.00" nVehEntered="8"/>
    <interval begin="15300.00" end="15400.00" id="inductionLoop.S1" nVehContrib="6" flow="216.00" occupancy="4.78" speed="9.03" harmonicMeanSpeed="8.14" length="5.00" nVehEntered="8"/>
    <interval begin="15400.00" end="15500.00" id="inductionLoop.S1" nVehContrib="4" flow="144.00" occupancy="1.64" speed="12.47" harmonicMeanSpeed="12.31" length="5.00" nVehEntered="5"/>
    <interval begin="15500.00" end="15600.00" id="inductionLoop.S1" nVehContrib="7" flow="252.00" occupancy="13.92" speed="8.81" harmonicMeanSpeed="2.59" length="5.00" nVehEntered="8"/>
    <interval begin="15600.00" end="15700.00" id="inductionLoop.S1" nVehContrib="5" flow="180.00" occupancy="3.76" speed="9.62" harmonicMeanSpeed="6.87" length="5.00" nVehEntered="6"/>
    <interval begin="15700.00" end="15800.00" id="inductionLoop.S1" nVehContrib="8" flow="288.00" occupancy="4.79" speed="10.58" harmonicMeanSpeed="8.79" length="5.00" nVehEntered="8"/>
    <interval begin="15800.00" end="15900.00" id="inductionLoop.S1" nVehContrib="7" flow="252.00" occupancy="3.06" speed="12.00" harmonicMeanSpeed="11.90" length="5.00" nVehEntered="8"/>
    <interval begin="15900.00" end="16000.00" id="inductionLoop.S1" nVehContrib="7" flow="252.00" occupancy="17.70" speed="8.01" harmonicMeanSpeed="1.98" length="5.00" nVehEntered="7"/>
    <interval begin="16000.00" end="16100.00" id="inductionLoop.S1" nVehContrib="8" flow="288.00" occupancy="3.97" speed="10.35" harmonicMeanSpeed="10.08" length="5.00" nVehEntered="8"/>
    <interval begin="16100.00" end="16200.00" id="inductionLoop.S1" nVehContrib="6" flow="216.00" occupancy="2.66" speed="11.56" harmonicMeanSpeed="11.26" length="5.00" nVehEntered="6"/>
    <interval begin="16200.00" end="16300.00" id="inductionLoop.S1" nVehContrib="8" flow="288.00" occupancy="4.08" speed="10.94" harmonicMeanSpeed="10.63" length="5.00" nVehEntered="9"/>
    <interval begin="16300.00" end="16400.00" id="inductionLoop.S1" nVehContrib="4" flow="144.00" occupancy="9.27" speed="11.31" harmonicMeanSpeed="10.75" length="5.00" nVehEntered="6"/>
    <interval begin="16400.00" end="16500.00" id="inductionLoop.S1" nVehContrib="8" flow="288.00" occupancy="11.28" speed="9.56" harmonicMeanSpeed="2.16" length="5.00" nVehEntered="7"/>
    <interval begin="16500.00" end="16600.00" id="inductionLoop.S1" nVehContrib="7" flow="252.00" occupancy="10.29" speed="11.68" harmonicMeanSpeed="11.29" length="5.00" nVehEntered="8"/>
    <interval begin="16600.00" end="16700.00" id="inductionLoop.S1" nVehContrib="9" flow="324.00" occupancy="15.22" speed="6.38" harmonicMeanSpeed="2.04" length="5.00" nVehEntered="9"/>
    <interval begin="16700.00" end="16800.00" id="inductionLoop.S1" nVehContrib="9" flow="324.00" occupancy="27.93" speed="7.96" harmonicMeanSpeed="2.46" length="5.00" nVehEntered="11"/>
    <interval begin="16800.00" end="16900.00" id="inductionLoop.S1" nVehContrib="7" flow="252.00" occupancy="11.16" speed="5.77" harmonicMeanSpeed="3.91" length="5.00" nVehEntered="10"/>
    <interval begin="16900.00" end="17000.00" id="inductionLoop.S1" nVehContrib="9" flow="324.00" occupancy="19.00" speed="6.85" harmonicMeanSpeed="2.44" length="5.00" nVehEntered="10"/>
    <interval begin="17000.00" end="17100.00" id="inductionLoop.S1" nVehContrib="8" flow="288.00" occupancy="3.75" speed="11.57" harmonicMeanSpeed="11.30" length="5.00" nVehEntered="9"/>
    <interval begin="17100.00" end="17200.00" id="inductionLoop.S1" nVehContrib="7" flow="252.00" occupancy="15.99" speed="8.08" harmonicMeanSpeed="2.20" length="5.00" nVehEntered="8"/>
    <interval begin="17200.00" end="17300.00" id="inductionLoop.S1" nVehContrib="4" flow="144.00" occupancy="12.68" speed="10.70" harmonicMeanSpeed="1.58" length="5.00" nVehEntered="4"/>
    <interval begin="17300.00" end="17400.00" id="inductionLoop.S1" nVehContrib="10" flow="360.00" occupancy="10.06" speed="7.60" harmonicMeanSpeed="5.85" length="5.00" nVehEntered="12"/>
    <interval begin="17400.00" end="17500.00" id="inductionLoop.S1" nVehContrib="8" flow="288.00" occupancy="19.03" speed="5.52" harmonicMeanSpeed="2.10" length="5.00" nVehEntered="8"/>
    <interval begin="17500.00" end="17600.00" id="inductionLoop.S1" nVehContrib="5" flow="180.00" occupancy="27.24" speed="5.40" harmonicMeanSpeed="2.74" length="5.00" nVehEntered="10"/>
    <interval begin="17600.00" end="17700.00" id="inductionLoop.S1" nVehContrib="7" flow="252.00" occupancy="5.50" speed="8.23" harmonicMeanSpeed="6.37" length="5.00" nVehEntered="7"/>
    <interval begin="17700.00" end="17800.00" id="inductionLoop.S1" nVehContrib="4" flow="144.00" occupancy="10.63" speed="4.87" harmonicMeanSpeed="1.88" length="5.00" nVehEntered="4"/>
    <interval begin="17800.00" end="17900.00" id="inductionLoop.S1" nVehContrib="8" flow="288.00" occupancy="4.98" speed="10.44" harmonicMeanSpeed="10.10" length="5.00" nVehEntered="9"/>
    <interval begin="17900.00" end="18000.00" id="inductionLoop.S1" nVehContrib="5" flow="180.00" occupancy="4.28" speed="7.24" harmonicMeanSpeed="5.84" length="5.00" nVehEntered="5"/>
    <interval begin="18000.00" end="18100.00" id="inductionLoop.S1" nVehContrib="8" flow="288.00" occupancy="5.48" speed="10.35" harmonicMeanSpeed="10.08" length="5.00" nVehEntered="9"/>
    <interval begin="18100.00" end="18200.00" id="inductionLoop.S1" nVehContrib="8" flow="288.00" occupancy="4.67" speed="9.31" harmonicMeanSpeed="8.63" length="5.00" nVehEntered="9"/>
    <interval begin="18200.00" end="18300.00" id="inductionLoop.S1" nVehContrib="7" flow="252.00" occupancy="21.78" speed="10.49" harmonicMeanSpeed="10.20" length="5.00" nVehEntered="8"/>
    <interval begin="18300.00" end="18400.00" id="inductionLoop.S1" nVehContrib="8" flow="288.00" occupancy="15.81" speed="7.44" harmonicMeanSpeed="1.20" length="5.00" nVehEntered="9"/>
    <interval begin="18400.00" end="18500.00" id="inductionLoop.S1" nVehContrib="7" flow="252.00" occupancy="4.31" speed="10.74" harmonicMeanSpeed="8.87" length="5.00" nVehEntered="8"/>
    <interval begin="18500.00" end="18600.00" id="inductionLoop.S1" nVehContrib="7" flow="252.00" occupancy="3.54" speed="11.38" harmonicMeanSpeed="10.89" length="5.00" nVehEntered="8"/>
    <interval begin="18600.00" end="18700.00" id="inductionLoop.S1" nVehContrib="5" flow="180.00" occupancy="2.43" speed="10.54" harmonicMeanSpeed="10.28" length="5.00" nVehEntered="5"/>
    <interval begin="18700.00" end="18800.00" id="inductionLoop.S1" nVehContrib="7" flow="252.00" occupancy="20.73" speed="7.53" harmonicMeanSpeed="1.69" length="5.00" nVehEntered="7"/>
    <interval begin="18800.00" end="18900.00" id="inductionLoop.S1" nVehContrib="9" flow="324.00" occupancy="39.34" speed="5.35" harmonicMeanSpeed="1.17" length="5.00" nVehEntered="11"/>
    <interval begin="18900.00" end="19000.00" id="inductionLoop.S1" nVehContrib="10" flow="360.00" occupancy="37.29" speed="8.04" harmonicMeanSpeed="1.48" length="5.00" nVehEntered="12"/>
    <interval begin="19000.00" end="19100.00" id="inductionLoop.S1" nVehContrib="5" flow="180.00" occupancy="3.59" speed="10.30" harmonicMeanSpeed="10.06" length="5.00" nVehEntered="6"/>
    <interval begin="19100.00" end="19200.00" id="inductionLoop.S1" nVehContrib="4" flow="144.00" occupancy="1.69" speed="11.88" harmonicMeanSpeed="11.85" length="5.00" nVehEntered="4"/>
    <interval begin="19200.00" end="19300.00" id="inductionLoop.S1" nVehContrib="7" flow="252.00" occupancy="5.35" speed="9.10" harmonicMeanSpeed="6.54" length="5.00" nVehEntered="7"/>
    <interval begin="19300.00" end="19400.00" id="inductionLoop.S1" nVehContrib="9" flow="324.00" occupancy="27.85" speed="8.32" harmonicMeanSpeed="1.69" length="5.00" nVehEntered="11"/>
    <interval begin="19400.00" end="19500.00" id="inductionLoop.S1" nVehContrib="2" flow="72.00" occupancy="29.67" speed="5.62" harmonicMeanSpeed="0.34" length="5.00" nVehEntered="2"/>
    <interval begin="19500.00" end="19600.00" id="inductionLoop.S1" nVehContrib="7" flow="252.00" occupancy="23.86" speed="8.17" harmonicMeanSpeed="1.47" length="5.00" nVehEntered="7"/>
    <interval begin="19600.00" end="19700.00" id="inductionLoop.S1" nVehContrib="7" flow="252.00" occupancy="37.51" speed="3.62" harmonicMeanSpeed="0.95" length="5.00" nVehEntered="8"/>
    <interval begin="19700.00" end="19800.00" id="inductionLoop.S1" nVehContrib="7" flow="252.00" occupancy="51.22" speed="4.47" harmonicMeanSpeed="0.68" length="5.00" nVehEntered="7"/>
    <interval begin="19800.00" end="19900.00" id="inductionLoop.S1" nVehContrib="6" flow="216.00" occupancy="85.69" speed="4.44" harmonicMeanSpeed="0.51" length="5.00" nVehEntered="7"/>
    <interval begin="19900.00" end="20000.00" id="inductionLoop.S1" nVehContrib="9" flow="324.00" occupancy="45.36" speed="4.22" harmonicMeanSpeed="0.63" length="5.00" nVehEntered="9"/>
    <interval begin="20000.00" end="20100.00" id="inductionLoop.S1" nVehContrib="9" flow="324.00" occupancy="19.11" speed="8.88" harmonicMeanSpeed="2.33" length="5.00" nVehEntered="8"/>
    <interval begin="20100.00" end="20200.00" id="inductionLoop.S1" nVehContrib="8" flow="288.00" occupancy="5.10" speed="10.96" harmonicMeanSpeed="10.67" length="5.00" nVehEntered="9"/>
    <interval begin="20200.00" end="20300.00" id="inductionLoop.S1" nVehContrib="9" flow="324.00" occupancy="29.03" speed="5.96" harmonicMeanSpeed="1.84" length="5.00" nVehEntered="11"/>
    <interval begin="20300.00" end="20400.00" id="inductionLoop.S1" nVehContrib="8" flow="288.00" occupancy="65.09" speed="4.66" harmonicMeanSpeed="0.60" length="5.00" nVehEntered="7"/>
    <interval begin="20400.00" end="20500.00" id="inductionLoop.S1" nVehContrib="8" flow="288.00" occupancy="37.43" speed="6.95" harmonicMeanSpeed="1.86" length="5.00" nVehEntered="12"/>
    <interval begin="20500.00" end="20600.00" id="inductionLoop.S1" nVehContrib="4" flow="144.00" occupancy="71.57" speed="1.18" harmonicMeanSpeed="0.46" length="5.00" nVehEntered="4"/>
    <interval begin="20600.00" end="20700.00" id="inductionLoop.S1" nVehContrib="11" flow="396.00" occupancy="76.57" speed="3.05" harmonicMeanSpeed="0.51" length="5.00" nVehEntered="11"/>
    <interval begin="20700.00" end="20800.00" id="inductionLoop.S1" nVehContrib="5" flow="180.00" occupancy="88.61" speed="6.49" harmonicMeanSpeed="5.86" length="5.00" nVehEntered="6"/>
    <interval begin="20800.00" end="20900.00" id="inductionLoop.S1" nVehContrib="11" flow="396.00" occupancy="76.37" speed="2.65" harmonicMeanSpeed="0.48" length="5.00" nVehEntered="11"/>
    <interval begin="20900.00" end="21000.00" id="inductionLoop.S1" nVehContrib="10" flow="360.00" occupancy="79.12" speed="2.91" harmonicMeanSpeed="0.69" length="5.00" nVehEntered="10"/>
    <interval begin="21000.00" end="21100.00" id="inductionLoop.S1" nVehContrib="9" flow="324.00" occupancy="48.71" speed="5.41" harmonicMeanSpeed="0.82" length="5.00" nVehEntered="11"/>
    <interval begin="21100.00" end="21200.00" id="inductionLoop.S1" nVehContrib="4" flow="144.00" occupancy="18.72" speed="5.06" harmonicMeanSpeed="1.37" length="5.00" nVehEntered="6"/>
    <interval begin="21200.00" end="21300.00" id="inductionLoop.S1" nVehContrib="7" flow="252.00" occupancy="28.02" speed="6.57" harmonicMeanSpeed="1.32" length="5.00" nVehEntered="9"/>
    <interval begin="21300.00" end="21400.00" id="inductionLoop.S1" nVehContrib="10" flow="360.00" occupancy="26.56" speed="5.67" harmonicMeanSpeed="1.98" length="5.00" nVehEntered="12"/>
    <interval begin="21400.00" end="21500.00" id="inductionLoop.S1" nVehContrib="7" flow="252.00" occupancy="58.90" speed="2.20" harmonicMeanSpeed="0.68" length="5.00" nVehEntered="9"/>
    <interval begin="21500.00" end="21600.00" id="inductionLoop.S1" nVehContrib="7" flow="252.00" occupancy="58.66" speed="3.30" harmonicMeanSpeed="0.60" length="5.00" nVehEntered="7"/>
    <interval begin="21600.00" end="21700.00" id="inductionLoop.S1" nVehContrib="7" flow="252.00" occupancy="86.36" speed="3.59" harmonicMeanSpeed="0.55" length="5.00" nVehEntered="8"/>
    <interval begin="21700.00" end="21800.00" id="inductionLoop.S1" nVehContrib="6" flow="216.00" occupancy="86.66" speed="3.11" harmonicMeanSpeed="0.43" length="5.00" nVehEntered="6"/>
    <interval begin="21800.00" end="21900.00" id="inductionLoop.S1" nVehContrib="11" flow="396.00" occupancy="64.14" speed="3.54" harmonicMeanSpeed="0.53" length="5.00" nVehEntered="11"/>
    <interval begin="21900.00" end="22000.00" id="inductionLoop.S1" nVehContrib="7" flow="252.00" occupancy="85.98" speed="3.24" harmonicMeanSpeed="0.51" length="5.00" nVehEntered="7"/>
    <interval begin="22000.00" end="22100.00" id="inductionLoop.S1" nVehContrib="8" flow="288.00" occupancy="83.06" speed="7.10" harmonicMeanSpeed="0.96" length="5.00" nVehEntered="9"/>
    <interval begin="22100.00" end="22200.00" id="inductionLoop.S1" nVehContrib="13" flow="468.00" occupancy="75.83" speed="4.70" harmonicMeanSpeed="0.51" length="5.00" nVehEntered="12"/>
    <interval begin="22200.00" end="22300.00" id="inductionLoop.S1" nVehContrib="7" flow="252.00" occupancy="86.14" speed="4.57" harmonicMeanSpeed="0.60" length="5.00" nVehEntered="8"/>
    <interval begin="22300.00" end="22400.00" id="inductionLoop.S1" nVehContrib="10" flow="360.00" occupancy="81.15" speed="4.17" harmonicMeanSpeed="0.46" length="5.00" nVehEntered="9"/>
    <interval begin="22400.00" end="22500.00" id="inductionLoop.S1" nVehContrib="9" flow="324.00" occupancy="81.16" speed="3.97" harmonicMeanSpeed="0.57" length="5.00" nVehEntered="10"/>
    <interval begin="22500.00" end="22600.00" id="inductionLoop.S1" nVehContrib="5" flow="180.00" occupancy="88.82" speed="1.64" harmonicMeanSpeed="0.32" length="5.00" nVehEntered="5"/>
    <interval begin="22600.00" end="22700.00" id="inductionLoop.S1" nVehContrib="7" flow="252.00" occupancy="87.45" speed="4.81" harmonicMeanSpeed="0.47" length="5.00" nVehEntered="7"/>
    <interval begin="22700.00" end="22800.00" id="inductionLoop.S1" nVehContrib="11" flow="396.00" occupancy="78.11" speed="4.04" harmonicMeanSpeed="0.56" length="5.00" nVehEntered="11"/>
    <interval begin="22800.00" end="22900.00" id="inductionLoop.S1" nVehContrib="10" flow="360.00" occupancy="79.47" speed="3.29" harmonicMeanSpeed="0.61" length="5.00" nVehEntered="10"/>
    <interval begin="22900.00" end="23000.00" id="inductionLoop.S1" nVehContrib="3" flow="108.00" occupancy="93.37" speed="1.28" harmonicMeanSpeed="0.24" length="5.00" nVehEntered="3"/>
    <interval begin="23000.00" end="23100.00" id="inductionLoop.S1" nVehContrib="9" flow="324.00" occupancy="82.18" speed="3.41" harmonicMeanSpeed="0.38" length="5.00" nVehEntered="8"/>
    <interval begin="23100.00" end="23200.00" id="inductionLoop.S1" nVehContrib="6" flow="216.00" occupancy="87.42" speed="3.26" harmonicMeanSpeed="0.38" length="5.00" nVehEntered="7"/>
    <interval begin="23200.00" end="23300.00" id="inductionLoop.S1" nVehContrib="9" flow="324.00" occupancy="83.97" speed="5.74" harmonicMeanSpeed="0.61" length="5.00" nVehEntered="9"/>
    <interval begin="23300.00" end="23400.00" id="inductionLoop.S1" nVehContrib="10" flow="360.00" occupancy="80.90" speed="4.21" harmonicMeanSpeed="0.52" length="5.00" nVehEntered="10"/>
    <interval begin="23400.00" end="23500.00" id="inductionLoop.S1" nVehContrib="5" flow="180.00" occupancy="79.72" speed="4.92" harmonicMeanSpeed="0.34" length="5.00" nVehEntered="5"/>
    <interval begin="23500.00" end="23600.00" id="inductionLoop.S1" nVehContrib="5" flow="180.00" occupancy="90.00" speed="3.14" harmonicMeanSpeed="0.39" length="5.00" nVehEntered="5"/>
    <interval begin="23600.00" end="23700.00" id="inductionLoop.S1" nVehContrib="15" flow="540.00" occupancy="72.63" speed="5.04" harmonicMeanSpeed="0.72" length="5.00" nVehEntered="15"/>
    <interval begin="23700.00" end="23800.00" id="inductionLoop.S1" nVehContrib="9" flow="324.00" occupancy="80.89" speed="3.60" harmonicMeanSpeed="0.61" length="5.00" nVehEntered="9"/>
    <interval begin="23800.00" end="23900.00" id="inductionLoop.S1" nVehContrib="9" flow="324.00" occupancy="70.60" speed="3.34" harmonicMeanSpeed="0.63" length="5.00" nVehEntered="10"/>
    <interval begin="23900.00" end="24000.00" id="inductionLoop.S1" nVehContrib="7" flow="252.00" occupancy="48.44" speed="4.23" harmonicMeanSpeed="0.66" length="5.00" nVehEntered="8"/>
    <interval begin="24000.00" end="24100.00" id="inductionLoop.S1" nVehContrib="11" flow="396.00" occupancy="69.08" speed="3.59" harmonicMeanSpeed="0.97" length="5.00" nVehEntered="11"/>
    <interval begin="24100.00" end="24200.00" id="inductionLoop.S1" nVehContrib="8" flow="288.00" occupancy="75.14" speed="2.39" harmonicMeanSpeed="0.47" length="5.00" nVehEntered="8"/>
    <interval begin="24200.00" end="24300.00" id="inductionLoop.S1" nVehContrib="9" flow="324.00" occupancy="72.75" speed="4.65" harmonicMeanSpeed="1.09" length="5.00" nVehEntered="11"/>
    <interval begin="24300.00" end="24400.00" id="inductionLoop.S1" nVehContrib="9" flow="324.00" occupancy="83.25" speed="4.74" harmonicMeanSpeed="0.42" length="5.00" nVehEntered="9"/>
    <interval begin="24400.00" end="24500.00" id="inductionLoop.S1" nVehContrib="5" flow="180.00" occupancy="79.70" speed="2.21" harmonicMeanSpeed="0.32" length="5.00" nVehEntered="6"/>
    <interval begin="24500.00" end="24600.00" id="inductionLoop.S1" nVehContrib="4" flow="144.00" occupancy="41.07" speed="5.52" harmonicMeanSpeed="1.14" length="5.00" nVehEntered="4"/>
    <interval begin="24600.00" end="24700.00" id="inductionLoop.S1" nVehContrib="8" flow="288.00" occupancy="36.09" speed="9.33" harmonicMeanSpeed="1.06" length="5.00" nVehEntered="9"/>
    <interval begin="24700.00" end="24800.00" id="inductionLoop.S1" nVehContrib="10" flow="360.00" occupancy="78.00" speed="3.49" harmonicMeanSpeed="0.58" length="5.00" nVehEntered="10"/>
    <interval begin="24800.00" end="24900.00" id="inductionLoop.S1" nVehContrib="10" flow="360.00" occupancy="78.14" speed="2.81" harmonicMeanSpeed="0.56" length="5.00" nVehEntered="10"/>
    <interval begin="24900.00" end="25000.00" id="inductionLoop.S1" nVehContrib="8" flow="288.00" occupancy="84.45" speed="5.36" harmonicMeanSpeed="0.63" length="5.00" nVehEntered="8"/>
    <interval begin="25000.00" end="25100.00" id="inductionLoop.S1" nVehContrib="11" flow="396.00" occupancy="80.58" speed="6.91" harmonicMeanSpeed="0.78" length="5.00" nVehEntered="11"/>
    <interval begin="25100.00" end="25200.00" id="inductionLoop.S1" nVehContrib="13" flow="468.00" occupancy="73.82" speed="4.51" harmonicMeanSpeed="0.60" length="5.00" nVehEntered="12"/>
    <interval begin="25200.00" end="25300.00" id="inductionLoop.S1" nVehContrib="13" flow="468.00" occupancy="77.70" speed="5.85" harmonicMeanSpeed="0.84" length="5.00" nVehEntered="13"/>
    <interval begin="25300.00" end="25400.00" id="inductionLoop.S1" nVehContrib="3" flow="108.00" occupancy="92.49" speed="2.89" harmonicMeanSpeed="0.19" length="5.00" nVehEntered="4"/>
    <interval begin="25400.00" end="25500.00" id="inductionLoop.S1" nVehContrib="9" flow="324.00" occupancy="81.88" speed="4.24" harmonicMeanSpeed="0.61" length="5.00" nVehEntered="9"/>
    <interval begin="25500.00" end="25600.00" id="inductionLoop.S1" nVehContrib="11" flow="396.00" occupancy="79.29" speed="4.64" harmonicMeanSpeed="0.55" length="5.00" nVehEntered="11"/>
    <interval begin="25600.00" end="25700.00" id="inductionLoop.S1" nVehContrib="8" flow="288.00" occupancy="85.06" speed="3.65" harmonicMeanSpeed="0.59" length="5.00" nVehEntered="8"/>
    <interval begin="25700.00" end="25800.00" id="inductionLoop.S1" nVehContrib="8" flow="288.00" occupancy="84.77" speed="4.14" harmonicMeanSpeed="0.48" length="5.00" nVehEntered="8"/>
    <interval begin="25800.00" end="25900.00" id="inductionLoop.S1" nVehContrib="12" flow="432.00" occupancy="78.71" speed="6.66" harmonicMeanSpeed="0.66" length="5.00" nVehEntered="12"/>
    <interval begin="25900.00" end="26000.00" id="inductionLoop.S1" nVehContrib="8" flow="288.00" occupancy="83.35" speed="3.54" harmonicMeanSpeed="0.45" length="5.00" nVehEntered="8"/>
    <interval begin="26000.00" end="26100.00" id="inductionLoop.S1" nVehContrib="11" flow="396.00" occupancy="79.63" speed="4.91" harmonicMeanSpeed="0.82" length="5.00" nVehEntered="11"/>
    <interval begin="26100.00" end="26200.00" id="inductionLoop.S1" nVehContrib="9" flow="324.00" occupancy="83.62" speed="5.66" harmonicMeanSpeed="0.54" length="5.00" nVehEntered="9"/>
    <interval begin="26200.00" end="26300.00" id="inductionLoop.S1" nVehContrib="10" flow="360.00" occupancy="81.54" speed="5.08" harmonicMeanSpeed="0.60" length="5.00" nVehEntered="10"/>
    <interval begin="26300.00" end="26400.00" id="inductionLoop.S1" nVehContrib="12" flow="432.00" occupancy="77.25" speed="4.75" harmonicMeanSpeed="0.67" length="5.00" nVehEntered="12"/>
    <interval begin="26400.00" end="26500.00" id="inductionLoop.S1" nVehContrib="6" flow="216.00" occupancy="88.33" speed="3.97" harmonicMeanSpeed="0.47" length="5.00" nVehEntered="6"/>
    <interval begin="26500.00" end="26600.00" id="inductionLoop.S1" nVehContrib="12" flow="432.00" occupancy="78.43" speed="5.70" harmonicMeanSpeed="0.93" length="5.00" nVehEntered="12"/>
    <interval begin="26600.00" end="26700.00" id="inductionLoop.S1" nVehContrib="14" flow="504.00" occupancy="73.58" speed="5.19" harmonicMeanSpeed="0.64" length="5.00" nVehEntered="14"/>
    <interval begin="26700.00" end="26800.00" id="inductionLoop.S1" nVehContrib="7" flow="252.00" occupancy="84.90" speed="2.42" harmonicMeanSpeed="0.48" length="5.00" nVehEntered="7"/>
    <interval begin="26800.00" end="26900.00" id="inductionLoop.S1" nVehContrib="6" flow="216.00" occupancy="33.46" speed="3.32" harmonicMeanSpeed="0.61" length="5.00" nVehEntered="5"/>
    <interval begin="26900.00" end="27000.00" id="inductionLoop.S1" nVehContrib="10" flow="360.00" occupancy="23.76" speed="7.94" harmonicMeanSpeed="2.10" length="5.00" nVehEntered="10"/>
    <interval begin="27000.00" end="27100.00" id="inductionLoop.S1" nVehContrib="5" flow="180.00" occupancy="23.25" speed="8.12" harmonicMeanSpeed="1.08" length="5.00" nVehEntered="5"/>
    <interval begin="27100.00" end="27200.00" id="inductionLoop.S1" nVehContrib="4" flow="144.00" occupancy="16.10" speed="8.30" harmonicMeanSpeed="3.14" length="5.00" nVehEntered="6"/>
    <interval begin="27200.00" end="27300.00" id="inductionLoop.S1" nVehContrib="5" flow="180.00" occupancy="16.78" speed="5.74" harmonicMeanSpeed="2.28" length="5.00" nVehEntered="8"/>
    <interval begin="27300.00" end="27400.00" id="inductionLoop.S1" nVehContrib="12" flow="432.00" occupancy="13.66" speed="8.88" harmonicMeanSpeed="5.56" length="5.00" nVehEntered="13"/>
    <interval begin="27400.00" end="27500.00" id="inductionLoop.S1" nVehContrib="9" flow="324.00" occupancy="72.37" speed="3.00" harmonicMeanSpeed="0.60" length="5.00" nVehEntered="8"/>
    <interval begin="27500.00" end="27600.00" id="inductionLoop.S1" nVehContrib="7" flow="252.00" occupancy="80.99" speed="2.46" harmonicMeanSpeed="0.55" length="5.00" nVehEntered="8"/>
    <interval begin="27600.00" end="27700.00" id="inductionLoop.S1" nVehContrib="6" flow="216.00" occupancy="81.85" speed="1.52" harmonicMeanSpeed="0.44" length="5.00" nVehEntered="6"/>
    <interval begin="27700.00" end="27800.00" id="inductionLoop.S1" nVehContrib="11" flow="396.00" occupancy="62.34" speed="2.83" harmonicMeanSpeed="0.67" length="5.00" nVehEntered="11"/>
    <interval begin="27800.00" end="27900.00" id="inductionLoop.S1" nVehContrib="14" flow="504.00" occupancy="76.97" speed="7.98" harmonicMeanSpeed="0.80" length="5.00" nVehEntered="13"/>
    <interval begin="27900.00" end="28000.00" id="inductionLoop.S1" nVehContrib="4" flow="144.00" occupancy="24.60" speed="2.82" harmonicMeanSpeed="0.81" length="5.00" nVehEntered="4"/>
    <interval begin="28000.00" end="28100.00" id="inductionLoop.S1" nVehContrib="15" flow="540.00" occupancy="70.39" speed="7.18" harmonicMeanSpeed="2.97" length="5.00" nVehEntered="16"/>
    <interval begin="28100.00" end="28200.00" id="inductionLoop.S1" nVehContrib="17" flow="612.00" occupancy="68.05" speed="4.80" harmonicMeanSpeed="0.79" length="5.00" nVehEntered="17"/>
    <interval begin="28200.00" end="28300.00" id="inductionLoop.S1" nVehContrib="12" flow="432.00" occupancy="79.47" speed="6.43" harmonicMeanSpeed="0.75" length="5.00" nVehEntered="12"/>
    <interval begin="28300.00" end="28400.00" id="inductionLoop.S1" nVehContrib="12" flow="432.00" occupancy="78.64" speed="6.27" harmonicMeanSpeed="2.50" length="5.00" nVehEntered="12"/>
    <interval begin="28400.00" end="28500.00" id="inductionLoop.S1" nVehContrib="22" flow="792.00" occupancy="63.55" speed="9.71" harmonicMeanSpeed="1.35" length="5.00" nVehEntered="22"/>
    <interval begin="28500.00" end="28600.00" id="inductionLoop.S1" nVehContrib="22" flow="792.00" occupancy="61.64" speed="7.57" harmonicMeanSpeed="1.50" length="5.00" nVehEntered="22"/>
    <interval begin="28600.00" end="28700.00" id="inductionLoop.S1" nVehContrib="19" flow="684.00" occupancy="69.46" speed="8.75" harmonicMeanSpeed="1.33" length="5.00" nVehEntered="19"/>
    <interval begin="28700.00" end="28800.00" id="inductionLoop.S1" nVehContrib="15" flow="540.00" occupancy="74.17" speed="6.23" harmonicMeanSpeed="1.09" length="5.00" nVehEntered="15"/>
    <interval begin="28800.00" end="28900.00" id="inductionLoop.S1" nVehContrib="15" flow="540.00" occupancy="71.15" speed="5.50" harmonicMeanSpeed="0.75" length="5.00" nVehEntered="15"/>
    <interval begin="28900.00" end="29000.00" id="inductionLoop.S1" nVehContrib="17" flow="612.00" occupancy="62.27" speed="4.78" harmonicMeanSpeed="1.27" length="5.00" nVehEntered="16"/>
    <interval begin="29000.00" end="29100.00" id="inductionLoop.S1" nVehContrib="9" flow="324.00" occupancy="76.97" speed="3.51" harmonicMeanSpeed="0.63" length="5.00" nVehEntered="10"/>
    <interval begin="29100.00" end="29200.00" id="inductionLoop.S1" nVehContrib="15" flow="540.00" occupancy="64.19" speed="8.15" harmonicMeanSpeed="1.27" length="5.00" nVehEntered="15"/>
    <interval begin="29200.00" end="29300.00" id="inductionLoop.S1" nVehContrib="6" flow="216.00" occupancy="86.96" speed="4.18" harmonicMeanSpeed="0.55" length="5.00" nVehEntered="6"/>
    <interval begin="29300.00" end="29400.00" id="inductionLoop.S1" nVehContrib="11" flow="396.00" occupancy="65.56" speed="3.95" harmonicMeanSpeed="0.51" length="5.00" nVehEntered="10"/>
    <interval begin="29400.00" end="29500.00" id="inductionLoop.S1" nVehContrib="10" flow="360.00" occupancy="41.92" speed="5.16" harmonicMeanSpeed="1.22" length="5.00" nVehEntered="11"/>
    <interval begin="29500.00" end="29600.00" id="inductionLoop.S1" nVehContrib="7" flow="252.00" occupancy="15.01" speed="5.97" harmonicMeanSpeed="2.33" length="5.00" nVehEntered="7"/>
    <interval begin="29600.00" end="29700.00" id="inductionLoop.S1" nVehContrib="8" flow="288.00" occupancy="34.01" speed="5.74" harmonicMeanSpeed="1.21" length="5.00" nVehEntered="12"/>
    <interval begin="29700.00" end="29800.00" id="inductionLoop.S1" nVehContrib="7" flow="252.00" occupancy="5.26" speed="9.15" harmonicMeanSpeed="7.22" length="5.00" nVehEntered="8"/>
    <interval begin="29800.00" end="29900.00" id="inductionLoop.S1" nVehContrib="4" flow="144.00" occupancy="1.34" speed="11.58" harmonicMeanSpeed="11.43" length="5.00" nVehEntered="3"/>
    <interval begin="29900.00" end="30000.00" id="inductionLoop.S1" nVehContrib="6" flow="216.00" occupancy="3.35" speed="10.14" harmonicMeanSpeed="8.95" length="5.00" nVehEntered="6"/>
    <interval begin="30000.00" end="30100.00" id="inductionLoop.S1" nVehContrib="5" flow="180.00" occupancy="3.43" speed="9.77" harmonicMeanSpeed="8.04" length="5.00" nVehEntered="6"/>
    <interval begin="30100.00" end="30200.00" id="inductionLoop.S1" nVehContrib="6" flow="216.00" occupancy="3.86" speed="8.72" harmonicMeanSpeed="7.82" length="5.00" nVehEntered="7"/>
    <interval begin="30200.00" end="30300.00" id="inductionLoop.S1" nVehContrib="6" flow="216.00" occupancy="2.81" speed="12.20" harmonicMeanSpeed="11.90" length="5.00" nVehEntered="7"/>
    <interval begin="30300.00" end="30400.00" id="inductionLoop.S1" nVehContrib="8" flow="288.00" occupancy="5.41" speed="9.67" harmonicMeanSpeed="7.40" length="5.00" nVehEntered="8"/>
    <interval begin="30400.00" end="30500.00" id="inductionLoop.S1" nVehContrib="6" flow="216.00" occupancy="32.61" speed="6.99" harmonicMeanSpeed="0.92" length="5.00" nVehEntered="6"/>
    <interval begin="30500.00" end="30600.00" id="inductionLoop.S1" nVehContrib="5" flow="180.00" occupancy="2.45" speed="10.54" harmonicMeanSpeed="10.22" length="5.00" nVehEntered="5"/>
    <interval begin="30600.00" end="30700.00" id="inductionLoop.S1" nVehContrib="3" flow="108.00" occupancy="1.74" speed="10.32" harmonicMeanSpeed="10.05" length="5.00" nVehEntered="4"/>
    <interval begin="30700.00" end="30800.00" id="inductionLoop.S1" nVehContrib="0" flow="0.00" occupancy="0.00" speed="-1.00" harmonicMeanSpeed="-1.00" length="-1.00" nVehEntered="0"/>
    <interval begin="30800.00" end="30900.00" id="inductionLoop.S1" nVehContrib="0" flow="0.00" occupancy="0.00" speed="-1.00" harmonicMeanSpeed="-1.00" length="-1.00" nVehEntered="0"/>
    <interval begin="30900.00" end="31000.00" id="inductionLoop.S1" nVehContrib="4" flow="144.00" occupancy="1.87" speed="11.07" harmonicMeanSpeed="10.69" length="5.00" nVehEntered="4"/>
    <interval begin="31000.00" end="31100.00" id="inductionLoop.S1" nVehContrib="4" flow="144.00" occupancy="14.06" speed="6.87" harmonicMeanSpeed="1.65" length="5.00" nVehEntered="6"/>
    <interval begin="31100.00" end="31200.00" id="inductionLoop.S1" nVehContrib="5" flow="180.00" occupancy="5.23" speed="6.48" harmonicMeanSpeed="4.78" length="5.00" nVehEntered="5"/>
    <interval begin="31200.00" end="31300.00" id="inductionLoop.S1" nVehContrib="5" flow="180.00" occupancy="13.36" speed="8.30" harmonicMeanSpeed="3.17" length="5.00" nVehEntered="8"/>
    <interval begin="31300.00" end="31400.00" id="inductionLoop.S1" nVehContrib="16" flow="576.00" occupancy="40.16" speed="8.07" harmonicMeanSpeed="2.21" length="5.00" nVehEntered="17"/>
    <interval begin="31400.00" end="31500.00" id="inductionLoop.S1" nVehContrib="13" flow="468.00" occupancy="40.84" speed="7.87" harmonicMeanSpeed="1.66" length="5.00" nVehEntered="13"/>
    <interval begin="31500.00" end="31600.00" id="inductionLoop.S1" nVehContrib="12" flow="432.00" occupancy="54.51" speed="7.58" harmonicMeanSpeed="1.00" length="5.00" nVehEntered="11"/>
    <interval begin="31600.00" end="31700.00" id="inductionLoop.S1" nVehContrib="11" flow="396.00" occupancy="38.28" speed="7.44" harmonicMeanSpeed="1.46" length="5.00" nVehEntered="12"/>
    <interval begin="31700.00" end="31800.00" id="inductionLoop.S1" nVehContrib="12" flow="432.00" occupancy="5.61" speed="11.73" harmonicMeanSpeed="10.76" length="5.00" nVehEntered="13"/>
    <interval begin="31800.00" end="31900.00" id="inductionLoop.S1" nVehContrib="3" flow="108.00" occupancy="1.71" speed="9.50" harmonicMeanSpeed="9.40" length="5.00" nVehEntered="4"/>
    <interval begin="31900.00" end="32000.00" id="inductionLoop.S1" nVehContrib="6" flow="216.00" occupancy="3.61" speed="10.91" harmonicMeanSpeed="10.83" length="5.00" nVehEntered="7"/>
    <interval begin="32000.00" end="32100.00" id="inductionLoop.S1" nVehContrib="10" flow="360.00" occupancy="14.21" speed="8.10" harmonicMeanSpeed="3.67" length="5.00" nVehEntered="11"/>
    <interval begin="32100.00" end="32200.00" id="inductionLoop.S1" nVehContrib="5" flow="180.00" occupancy="3.87" speed="8.88" harmonicMeanSpeed="6.47" length="5.00" nVehEntered="5"/>
    <interval begin="32200.00" end="32300.00" id="inductionLoop.S1" nVehContrib="4" flow="144.00" occupancy="1.72" speed="11.83" harmonicMeanSpeed="11.62" length="5.00" nVehEntered="4"/>
    <interval begin="32300.00" end="32400.00" id="inductionLoop.S1" nVehContrib="5" flow="180.00" occupancy="2.29" speed="11.24" harmonicMeanSpeed="10.89" length="5.00" nVehEntered="5"/>
    <interval begin="32400.00" end="32500.00" id="inductionLoop.S1" nVehContrib="8" flow="288.00" occupancy="9.89" speed="11.06" harmonicMeanSpeed="10.86" length="5.00" nVehEntered="10"/>
    <interval begin="32500.00" end="32600.00" id="inductionLoop.S1" nVehContrib="13" flow="468.00" occupancy="60.23" speed="8.73" harmonicMeanSpeed="1.74" length="5.00" nVehEntered="13"/>
    <interval begin="32600.00" end="32700.00" id="inductionLoop.S1" nVehContrib="13" flow="468.00" occupancy="56.21" speed="7.27" harmonicMeanSpeed="0.76" length="5.00" nVehEntered="12"/>
    <interval begin="32700.00" end="32800.00" id="inductionLoop.S1" nVehContrib="10" flow="360.00" occupancy="37.93" speed="7.56" harmonicMeanSpeed="1.35" length="5.00" nVehEntered="11"/>
    <interval begin="32800.00" end="32900.00" id="inductionLoop.S1" nVehContrib="2" flow="72.00" occupancy="0.74" speed="13.48" harmonicMeanSpeed="13.47" length="5.00" nVehEntered="2"/>
    <interval begin="32900.00" end="33000.00" id="inductionLoop.S1" nVehContrib="1" flow="36.00" occupancy="1.12" speed="4.48" harmonicMeanSpeed="4.48" length="5.00" nVehEntered="1"/>
    <interval begin="33000.00" end="33100.00" id="inductionLoop.S1" nVehContrib="4" flow="144.00" occupancy="4.49" speed="10.90" harmonicMeanSpeed="10.43" length="5.00" nVehEntered="5"/>
    <interval begin="33100.00" end="33200.00" id="inductionLoop.S1" nVehContrib="12" flow="432.00" occupancy="40.04" speed="8.59" harmonicMeanSpeed="1.50" length="5.00" nVehEntered="13"/>
    <interval begin="33200.00" end="33300.00" id="inductionLoop.S1" nVehContrib="14" flow="504.00" occupancy="44.91" speed="8.31" harmonicMeanSpeed="1.57" length="5.00" nVehEntered="14"/>
    <interval begin="33300.00" end="33400.00" id="inductionLoop.S1" nVehContrib="7" flow="252.00" occupancy="63.80" speed="4.50" harmonicMeanSpeed="0.96" length="5.00" nVehEntered="8"/>
    <interval begin="33400.00" end="33500.00" id="inductionLoop.S1" nVehContrib="8" flow="288.00" occupancy="71.18" speed="3.39" harmonicMeanSpeed="0.57" length="5.00" nVehEntered="8"/>
    <interval begin="33500.00" end="33600.00" id="inductionLoop.S1" nVehContrib="14" flow="504.00" occupancy="45.76" speed="6.26" harmonicMeanSpeed="0.94" length="5.00" nVehEntered="13"/>
    <interval begin="33600.00" end="33700.00" id="inductionLoop.S1" nVehContrib="12" flow="432.00" occupancy="50.68" speed="5.97" harmonicMeanSpeed="1.18" length="5.00" nVehEntered="12"/>
    <interval begin="33700.00" end="33800.00" id="inductionLoop.S1" nVehContrib="6" flow="216.00" occupancy="8.42" speed="7.64" harmonicMeanSpeed="3.71" length="5.00" nVehEntered="7"/>
    <interval begin="33800.00" end="33900.00" id="inductionLoop.S1" nVehContrib="4" flow="144.00" occupancy="10.62" speed="8.67" harmonicMeanSpeed="1.90" length="5.00" nVehEntered="5"/>
    <interval begin="33900.00" end="34000.00" id="inductionLoop.S1" nVehContrib="12" flow="432.00" occupancy="14.92" speed="8.86" harmonicMeanSpeed="3.99" length="5.00" nVehEntered="11"/>
    <interval begin="34000.00" end="34100.00" id="inductionLoop.S1" nVehContrib="6" flow="216.00" occupancy="23.01" speed="8.19" harmonicMeanSpeed="1.37" length="5.00" nVehEntered="8"/>
    <interval begin="34100.00" end="34200.00" id="inductionLoop.S1" nVehContrib="11" flow="396.00" occupancy="6.81" speed="9.74" harmonicMeanSpeed="8.07" length="5.00" nVehEntered="11"/>
    <interval begin="34200.00" end="34300.00" id="inductionLoop.S1" nVehContrib="8" flow="288.00" occupancy="37.26" speed="6.15" harmonicMeanSpeed="1.08" length="5.00" nVehEntered="9"/>
    <interval begin="34300.00" end="34400.00" id="inductionLoop.S1" nVehContrib="8" flow="288.00" occupancy="4.99" speed="8.82" harmonicMeanSpeed="8.16" length="5.00" nVehEntered="9"/>
    <interval begin="34400.00" end="34500.00" id="inductionLoop.S1" nVehContrib="8" flow="288.00" occupancy="11.69" speed="8.17" harmonicMeanSpeed="7.39" length="5.00" nVehEntered="10"/>
    <interval begin="34500.00" end="34600.00" id="inductionLoop.S1" nVehContrib="11" flow="396.00" occupancy="51.35" speed="6.37" harmonicMeanSpeed="1.00" length="5.00" nVehEntered="11"/>
    <interval begin="34600.00" end="34700.00" id="inductionLoop.S1" nVehContrib="6" flow="216.00" occupancy="76.34" speed="1.89" harmonicMeanSpeed="0.38" length="5.00" nVehEntered="5"/>
    <interval begin="34700.00" end="34800.00" id="inductionLoop.S1" nVehContrib="10" flow="360.00" occupancy="65.35" speed="5.13" harmonicMeanSpeed="0.85" length="5.00" nVehEntered="11"/>
    <interval begin="34800.00" end="34900.00" id="inductionLoop.S1" nVehContrib="7" flow="252.00" occupancy="79.45" speed="2.01" harmonicMeanSpeed="0.44" length="5.00" nVehEntered="8"/>
    <interval begin="34900.00" end="35000.00" id="inductionLoop.S1" nVehContrib="9" flow="324.00" occupancy="81.36" speed="2.96" harmonicMeanSpeed="0.57" length="5.00" nVehEntered="9"/>
    <interval begin="35000.00" end="35100.00" id="inductionLoop.S1" nVehContrib="6" flow="216.00" occupancy="81.24" speed="4.00" harmonicMeanSpeed="0.55" length="5.00" nVehEntered="6"/>
    <interval begin="35100.00" end="35200.00" id="inductionLoop.S1" nVehContrib="13" flow="468.00" occupancy="76.29" speed="5.87" harmonicMeanSpeed="0.90" length="5.00" nVehEntered="13"/>
    <interval begin="35200.00" end="35300.00" id="inductionLoop.S1" nVehContrib="11" flow="396.00" occupancy="79.14" speed="6.46" harmonicMeanSpeed="0.77" length="5.00" nVehEntered="11"/>
    <interval begin="35300.00" end="35400.00" id="inductionLoop.S1" nVehContrib="11" flow="396.00" occupancy="80.06" speed="5.66" harmonicMeanSpeed="0.45" length="5.00" nVehEntered="11"/>
    <interval begin="35400.00" end="35500.00" id="inductionLoop.S1" nVehContrib="10" flow="360.00" occupancy="55.92" speed="5.32" harmonicMeanSpeed="0.81" length="5.00" nVehEntered="9"/>
    <interval begin="35500.00" end="35600.00" id="inductionLoop.S1" nVehContrib="4" flow="144.00" occupancy="4.23" speed="7.59" harmonicMeanSpeed="4.73" length="5.00" nVehEntered="4"/>
    <interval begin="35600.00" end="35700.00" id="inductionLoop.S1" nVehContrib="4" flow="144.00" occupancy="5.78" speed="6.85" harmonicMeanSpeed="3.63" length="5.00" nVehEntered="6"/>
    <interval begin="35700.00" end="35800.00" id="inductionLoop.S1" nVehContrib="7" flow="252.00" occupancy="5.16" speed="9.25" harmonicMeanSpeed="7.19" length="5.00" nVehEntered="9"/>
    <interval begin="35800.00" end="35900.00" id="inductionLoop.S1" nVehContrib="10" flow="360.00" occupancy="56.57" speed="5.63" harmonicMeanSpeed="0.88" length="5.00" nVehEntered="9"/>
    <interval begin="35900.00" end="36000.00" id="inductionLoop.S1" nVehContrib="7" flow="252.00" occupancy="42.06" speed="3.96" harmonicMeanSpeed="1.76" length="5.00" nVehEntered="8"/>
    <interval begin="36000.00" end="36100.00" id="inductionLoop.S1" nVehContrib="5" flow="180.00" occupancy="80.12" speed="3.38" harmonicMeanSpeed="0.40" length="5.00" nVehEntered="5"/>
    <interval begin="36100.00" end="36200.00" id="inductionLoop.S1" nVehContrib="7" flow="252.00" occupancy="4.87" speed="7.07" harmonicMeanSpeed="0.77" length="5.00" nVehEntered="7"/>
    <interval begin="36200.00" end="36300.00" id="inductionLoop.S1" nVehContrib="0" flow="0.00" occupancy="0.00" speed="-1.00" harmonicMeanSpeed="-1.00" length="-1.00" nVehEntered="0"/>
    <interval begin="36300.00" end="36400.00" id="inductionLoop.S1" nVehContrib="4" flow="144.00" occupancy="5.34" speed="8.32" harmonicMeanSpeed="5.38" length="5.00" nVehEntered="6"/>
    <interval begin="36400.00" end="36500.00" id="inductionLoop.S1" nVehContrib="10" flow="360.00" occupancy="76.58" speed="4.04" harmonicMeanSpeed="0.77" length="5.00" nVehEntered="11"/>
    <interval begin="36500.00" end="36600.00" id="inductionLoop.S1" nVehContrib="7" flow="252.00" occupancy="84.68" speed="2.92" harmonicMeanSpeed="0.55" length="5.00" nVehEntered="7"/>
    <interval begin="36600.00" end="36700.00" id="inductionLoop.S1" nVehContrib="10" flow="360.00" occupancy="80.43" speed="3.75" harmonicMeanSpeed="0.44" length="5.00" nVehEntered="10"/>
    <interval begin="36700.00" end="36800.00" id="inductionLoop.S1" nVehContrib="17" flow="612.00" occupancy="62.21" speed="8.02" harmonicMeanSpeed="1.36" length="5.00" nVehEntered="16"/>
    <interval begin="36800.00" end="36900.00" id="inductionLoop.S1" nVehContrib="10" flow="360.00" occupancy="55.45" speed="7.76" harmonicMeanSpeed="1.15" length="5.00" nVehEntered="11"/>
    <interval begin="36900.00" end="37000.00" id="inductionLoop.S1" nVehContrib="6" flow="216.00" occupancy="79.13" speed="1.92" harmonicMeanSpeed="0.34" length="5.00" nVehEntered="6"/>
    <interval begin="37000.00" end="37100.00" id="inductionLoop.S1" nVehContrib="7" flow="252.00" occupancy="86.78" speed="3.88" harmonicMeanSpeed="0.40" length="5.00" nVehEntered="7"/>
    <interval begin="37100.00" end="37200.00" id="inductionLoop.S1" nVehContrib="12" flow="432.00" occupancy="76.59" speed="4.54" harmonicMeanSpeed="0.90" length="5.00" nVehEntered="13"/>
    <interval begin="37200.00" end="37300.00" id="inductionLoop.S1" nVehContrib="8" flow="288.00" occupancy="80.44" speed="6.78" harmonicMeanSpeed="0.77" length="5.00" nVehEntered="9"/>
    <interval begin="37300.00" end="37400.00" id="inductionLoop.S1" nVehContrib="12" flow="432.00" occupancy="77.96" speed="4.00" harmonicMeanSpeed="0.52" length="5.00" nVehEntered="11"/>
    <interval begin="37400.00" end="37500.00" id="inductionLoop.S1" nVehContrib="9" flow="324.00" occupancy="82.96" speed="6.27" harmonicMeanSpeed="1.05" length="5.00" nVehEntered="10"/>
    <interval begin="37500.00" end="37600.00" id="inductionLoop.S1" nVehContrib="11" flow="396.00" occupancy="54.85" speed="5.37" harmonicMeanSpeed="0.60" length="5.00" nVehEntered="11"/>
    <interval begin="37600.00" end="37700.00" id="inductionLoop.S1" nVehContrib="9" flow="324.00" occupancy="80.07" speed="3.00" harmonicMeanSpeed="0.59" length="5.00" nVehEntered="9"/>
    <interval begin="37700.00" end="37800.00" id="inductionLoop.S1" nVehContrib="9" flow="324.00" occupancy="82.02" speed="3.82" harmonicMeanSpeed="0.66" length="5.00" nVehEntered="9"/>
    <interval begin="37800.00" end="37900.00" id="inductionLoop.S1" nVehContrib="8" flow="288.00" occupancy="83.90" speed="3.79" harmonicMeanSpeed="0.38" length="5.00" nVehEntered="8"/>
    <interval begin="37900.00" end="38000.00" id="inductionLoop.S1" nVehContrib="16" flow="576.00" occupancy="71.97" speed="6.40" harmonicMeanSpeed="1.11" length="5.00" nVehEntered="15"/>
    <interval begin="38000.00" end="38100.00" id="inductionLoop.S1" nVehContrib="8" flow="288.00" occupancy="85.00" speed="4.08" harmonicMeanSpeed="0.57" length="5.00" nVehEntered="9"/>
    <interval begin="38100.00" end="38200.00" id="inductionLoop.S1" nVehContrib="10" flow="360.00" occupancy="80.65" speed="3.73" harmonicMeanSpeed="0.58" length="5.00" nVehEntered="10"/>
    <interval begin="38200.00" end="38300.00" id="inductionLoop.S1" nVehContrib="13" flow="468.00" occupancy="78.62" speed="6.63" harmonicMeanSpeed="0.74" length="5.00" nVehEntered="12"/>
    <interval begin="38300.00" end="38400.00" id="inductionLoop.S1" nVehContrib="10" flow="360.00" occupancy="83.52" speed="10.38" harmonicMeanSpeed="10.03" length="5.00" nVehEntered="11"/>
    <interval begin="38400.00" end="38500.00" id="inductionLoop.S1" nVehContrib="15" flow="540.00" occupancy="74.01" speed="6.21" harmonicMeanSpeed="0.49" length="5.00" nVehEntered="14"/>
    <interval begin="38500.00" end="38600.00" id="inductionLoop.S1" nVehContrib="13" flow="468.00" occupancy="77.16" speed="7.31" harmonicMeanSpeed="0.84" length="5.00" nVehEntered="13"/>
    <interval begin="38600.00" end="38700.00" id="inductionLoop.S1" nVehContrib="12" flow="432.00" occupancy="76.22" speed="6.39" harmonicMeanSpeed="0.79" length="5.00" nVehEntered="13"/>
    <interval begin="38700.00" end="38800.00" id="inductionLoop.S1" nVehContrib="13" flow="468.00" occupancy="78.23" speed="6.50" harmonicMeanSpeed="0.83" length="5.00" nVehEntered="12"/>
    <interval begin="38800.00" end="38900.00" id="inductionLoop.S1" nVehContrib="14" flow="504.00" occupancy="75.55" speed="5.92" harmonicMeanSpeed="0.93" length="5.00" nVehEntered="15"/>
    <interval begin="38900.00" end="39000.00" id="inductionLoop.S1" nVehContrib="10" flow="360.00" occupancy="82.82" speed="7.57" harmonicMeanSpeed="1.54" length="5.00" nVehEntered="10"/>
    <interval begin="39000.00" end="39100.00" id="inductionLoop.S1" nVehContrib="15" flow="540.00" occupancy="68.50" speed="5.15" harmonicMeanSpeed="0.90" length="5.00" nVehEntered="15"/>
    <interval begin="39100.00" end="39200.00" id="inductionLoop.S1" nVehContrib="16" flow="576.00" occupancy="70.87" speed="6.53" harmonicMeanSpeed="0.99" length="5.00" nVehEntered="16"/>
    <interval begin="39200.00" end="39300.00" id="inductionLoop.S1" nVehContrib="13" flow="468.00" occupancy="73.71" speed="5.79" harmonicMeanSpeed="0.65" length="5.00" nVehEntered="12"/>
    <interval begin="39300.00" end="39400.00" id="inductionLoop.S1" nVehContrib="12" flow="432.00" occupancy="73.51" speed="6.24" harmonicMeanSpeed="0.82" length="5.00" nVehEntered="12"/>
    <interval begin="39400.00" end="39500.00" id="inductionLoop.S1" nVehContrib="10" flow="360.00" occupancy="81.91" speed="9.17" harmonicMeanSpeed="0.61" length="5.00" nVehEntered="10"/>
    <interval begin="39500.00" end="39600.00" id="inductionLoop.S1" nVehContrib="7" flow="252.00" occupancy="82.64" speed="3.64" harmonicMeanSpeed="1.09" length="5.00" nVehEntered="8"/>
    <interval begin="39600.00" end="39700.00" id="inductionLoop.S1" nVehContrib="17" flow="612.00" occupancy="65.74" speed="4.82" harmonicMeanSpeed="0.79" length="5.00" nVehEntered="17"/>
    <interval begin="39700.00" end="39800.00" id="inductionLoop.S1" nVehContrib="15" flow="540.00" occupancy="75.53" speed="8.13" harmonicMeanSpeed="1.19" length="5.00" nVehEntered="15"/>
    <interval begin="39800.00" end="39900.00" id="inductionLoop.S1" nVehContrib="7" flow="252.00" occupancy="69.38" speed="2.12" harmonicMeanSpeed="0.39" length="5.00" nVehEntered="6"/>
    <interval begin="39900.00" end="40000.00" id="inductionLoop.S1" nVehContrib="10" flow="360.00" occupancy="78.91" speed="5.38" harmonicMeanSpeed="0.64" length="5.00" nVehEntered="11"/>
    <interval begin="40000.00" end="40100.00" id="inductionLoop.S1" nVehContrib="17" flow="612.00" occupancy="69.71" speed="5.88" harmonicMeanSpeed="2.95" length="5.00" nVehEntered="17"/>
    <interval begin="40100.00" end="40200.00" id="inductionLoop.S1" nVehContrib="13" flow="468.00" occupancy="76.28" speed="5.85" harmonicMeanSpeed="0.70" length="5.00" nVehEntered="13"/>
    <interval begin="40200.00" end="40300.00" id="inductionLoop.S1" nVehContrib="15" flow="540.00" occupancy="71.83" speed="8.13" harmonicMeanSpeed="0.78" length="5.00" nVehEntered="15"/>
    <interval begin="40300.00" end="40400.00" id="inductionLoop.S1" nVehContrib="11" flow="396.00" occupancy="81.60" speed="6.80" harmonicMeanSpeed="0.87" length="5.00" nVehEntered="11"/>
    <interval begin="40400.00" end="40500.00" id="inductionLoop.S1" nVehContrib="21" flow="756.00" occupancy="59.57" speed="6.98" harmonicMeanSpeed="2.18" length="5.00" nVehEntered="21"/>
    <interval begin="40500.00" end="40600.00" id="inductionLoop.S1" nVehContrib="10" flow="360.00" occupancy="80.03" speed="4.90" harmonicMeanSpeed="0.46" length="5.00" nVehEntered="10"/>
    <interval begin="40600.00" end="40700.00" id="inductionLoop.S1" nVehContrib="9" flow="324.00" occupancy="84.40" speed="5.63" harmonicMeanSpeed="0.52" length="5.00" nVehEntered="8"/>
    <interval begin="40700.00" end="40800.00" id="inductionLoop.S1" nVehContrib="14" flow="504.00" occupancy="74.96" speed="8.21" harmonicMeanSpeed="1.16" length="5.00" nVehEntered="15"/>
    <interval begin="40800.00" end="40900.00" id="inductionLoop.S1" nVehContrib="4" flow="144.00" occupancy="89.89" speed="2.93" harmonicMeanSpeed="0.34" length="5.00" nVehEntered="5"/>
    <interval begin="40900.00" end="41000.00" id="inductionLoop.S1" nVehContrib="12" flow="432.00" occupancy="77.89" speed="4.20" harmonicMeanSpeed="0.57" length="5.00" nVehEntered="12"/>
    <interval begin="41000.00" end="41100.00" id="inductionLoop.S1" nVehContrib="11" flow="396.00" occupancy="76.14" speed="4.16" harmonicMeanSpeed="0.60" length="5.00" nVehEntered="10"/>
    <interval begin="41100.00" end="41200.00" id="inductionLoop.S1" nVehContrib="11" flow="396.00" occupancy="80.33" speed="7.62" harmonicMeanSpeed="6.95" length="5.00" nVehEntered="12"/>
    <interval begin="41200.00" end="41300.00" id="inductionLoop.S1" nVehContrib="13" flow="468.00" occupancy="76.28" speed="6.06" harmonicMeanSpeed="0.53" length="5.00" nVehEntered="13"/>
    <interval begin="41300.00" end="41400.00" id="inductionLoop.S1" nVehContrib="5" flow="180.00" occupancy="66.75" speed="2.69" harmonicMeanSpeed="0.37" length="5.00" nVehEntered="5"/>
    <interval begin="41400.00" end="41500.00" id="inductionLoop.S1" nVehContrib="14" flow="504.00" occupancy="75.79" speed="5.60" harmonicMeanSpeed="0.70" length="5.00" nVehEntered="13"/>
    <interval begin="41500.00" end="41600.00" id="inductionLoop.S1" nVehContrib="14" flow="504.00" occupancy="55.55" speed="6.62" harmonicMeanSpeed="1.26" length="5.00" nVehEntered="14"/>
    <interval begin="41600.00" end="41700.00" id="inductionLoop.S1" nVehContrib="7" flow="252.00" occupancy="79.17" speed="3.70" harmonicMeanSpeed="0.44" length="5.00" nVehEntered="7"/>
    <interval begin="41700.00" end="41800.00" id="inductionLoop.S1" nVehContrib="1" flow="36.00" occupancy="88.04" speed="1.57" harmonicMeanSpeed="1.57" length="5.00" nVehEntered="2"/>
    <interval begin="41800.00" end="41900.00" id="inductionLoop.S1" nVehContrib="27" flow="972.00" occupancy="57.47" speed="9.89" harmonicMeanSpeed="0.95" length="5.00" nVehEntered="26"/>
    <interval begin="41900.00" end="42000.00" id="inductionLoop.S1" nVehContrib="5" flow="180.00" occupancy="90.79" speed="11.59" harmonicMeanSpeed="11.27" length="5.00" nVehEntered="6"/>
    <interval begin="42000.00" end="42100.00" id="inductionLoop.S1" nVehContrib="17" flow="612.00" occupancy="71.93" speed="9.18" harmonicMeanSpeed="0.74" length="5.00" nVehEntered="17"/>
    <interval begin="42100.00" end="42200.00" id="inductionLoop.S1" nVehContrib="7" flow="252.00" occupancy="63.73" speed="4.17" harmonicMeanSpeed="0.32" length="5.00" nVehEntered="6"/>
    <interval begin="42200.00" end="42300.00" id="inductionLoop.S1" nVehContrib="1" flow="36.00" occupancy="39.03" speed="1.43" harmonicMeanSpeed="1.43" length="5.00" nVehEntered="2"/>
    <interval begin="42300.00" end="42400.00" id="inductionLoop.S1" nVehContrib="31" flow="1116.00" occupancy="47.45" speed="8.96" harmonicMeanSpeed="1.87" length="5.00" nVehEntered="30"/>
    <interval begin="42400.00" end="42500.00" id="inductionLoop.S1" nVehContrib="11" flow="396.00" occupancy="79.18" speed="7.47" harmonicMeanSpeed="0.88" length="5.00" nVehEntered="12"/>
    <interval begin="42500.00" end="42600.00" id="inductionLoop.S1" nVehContrib="10" flow="360.00" occupancy="73.06" speed="6.55" harmonicMeanSpeed="0.73" length="5.00" nVehEntered="10"/>
    <interval begin="42600.00" end="42700.00" id="inductionLoop.S1" nVehContrib="8" flow="288.00" occupancy="86.83" speed="5.65" harmonicMeanSpeed="0.37" length="5.00" nVehEntered="7"/>
    <interval begin="42700.00" end="42800.00" id="inductionLoop.S1" nVehContrib="29" flow="1044.00" occupancy="49.43" speed="11.93" harmonicMeanSpeed="11.70" length="5.00" nVehEntered="30"/>
    <interval begin="42800.00" end="42900.00" id="inductionLoop.S1" nVehContrib="0" flow="0.00" occupancy="100.00" speed="-1.00" harmonicMeanSpeed="-1.00" length="-1.00" nVehEntered="0"/>
    <interval begin="42900.00" end="43000.00" id="inductionLoop.S1" nVehContrib="6" flow="216.00" occupancy="85.26" speed="4.42" harmonicMeanSpeed="0.15" length="5.00" nVehEntered="6"/>
    <interval begin="43000.00" end="43100.00" id="inductionLoop.S1" nVehContrib="11" flow="396.00" occupancy="82.12" speed="7.45" harmonicMeanSpeed="0.64" length="5.00" nVehEntered="11"/>
    <interval begin="43100.00" end="43200.00" id="inductionLoop.S1" nVehContrib="19" flow="684.00" occupancy="48.34" speed="7.26" harmonicMeanSpeed="5.18" length="5.00" nVehEntered="20"/>
    <interval begin="43200.00" end="43300.00" id="inductionLoop.S1" nVehContrib="2" flow="72.00" occupancy="96.53" speed="1.50" harmonicMeanSpeed="0.09" length="5.00" nVehEntered="2"/>
    <interval begin="43300.00" end="43400.00" id="inductionLoop.S1" nVehContrib="7" flow="252.00" occupancy="83.58" speed="3.16" harmonicMeanSpeed="0.55" length="5.00" nVehEntered="8"/>
    <interval begin="43400.00" end="43500.00" id="inductionLoop.S1" nVehContrib="13" flow="468.00" occupancy="76.26" speed="5.99" harmonicMeanSpeed="0.68" length="5.00" nVehEntered="12"/>
    <interval begin="43500.00" end="43600.00" id="inductionLoop.S1" nVehContrib="10" flow="360.00" occupancy="73.88" speed="6.93" harmonicMeanSpeed="1.06" length="5.00" nVehEntered="11"/>
    <interval begin="43600.00" end="43700.00" id="inductionLoop.S1" nVehContrib="5" flow="180.00" occupancy="75.63" speed="2.75" harmonicMeanSpeed="0.25" length="5.00" nVehEntered="5"/>
    <interval begin="43700.00" end="43800.00" id="inductionLoop.S1" nVehContrib="15" flow="540.00" occupancy="9.65" speed="8.89" harmonicMeanSpeed="7.21" length="5.00" nVehEntered="14"/>
    <interval begin="43800.00" end="43900.00" id="inductionLoop.S1" nVehContrib="16" flow="576.00" occupancy="55.09" speed="5.37" harmonicMeanSpeed="1.46" length="5.00" nVehEntered="17"/>
    <interval begin="43900.00" end="44000.00" id="inductionLoop.S1" nVehContrib="14" flow="504.00" occupancy="76.40" speed="6.99" harmonicMeanSpeed="0.91" length="5.00" nVehEntered="14"/>
    <interval begin="44000.00" end="44100.00" id="inductionLoop.S1" nVehContrib="13" flow="468.00" occupancy="78.27" speed="7.99" harmonicMeanSpeed="1.54" length="5.00" nVehEntered="13"/>
    <interval begin="44100.00" end="44200.00" id="inductionLoop.S1" nVehContrib="12" flow="432.00" occupancy="66.15" speed="4.67" harmonicMeanSpeed="0.60" length="5.00" nVehEntered="12"/>
    <interval begin="44200.00" end="44300.00" id="inductionLoop.S1" nVehContrib="22" flow="792.00" occupancy="62.58" speed="10.08" harmonicMeanSpeed="7.56" length="5.00" nVehEntered="22"/>
    <interval begin="44300.00" end="44400.00" id="inductionLoop.S1" nVehContrib="14" flow="504.00" occupancy="71.00" speed="4.41" harmonicMeanSpeed="0.58" length="5.00" nVehEntered="13"/>
    <interval begin="44400.00" end="44500.00" id="inductionLoop.S1" nVehContrib="15" flow="540.00" occupancy="69.45" speed="7.17" harmonicMeanSpeed="1.08" length="5.00" nVehEntered="15"/>
    <interval begin="44500.00" end="44600.00" id="inductionLoop.S1" nVehContrib="11" flow="396.00" occupancy="75.16" speed="4.95" harmonicMeanSpeed="1.00" length="5.00" nVehEntered="12"/>
    <interval begin="44600.00" end="44700.00" id="inductionLoop.S1" nVehContrib="7" flow="252.00" occupancy="87.16" speed="3.93" harmonicMeanSpeed="0.33" length="5.00" nVehEntered="6"/>
    <interval begin="44700.00" end="44800.00" id="inductionLoop.S1" nVehContrib="20" flow="720.00" occupancy="25.53" speed="7.57" harmonicMeanSpeed="3.92" length="5.00" nVehEntered="20"/>
    <interval begin="44800.00" end="44900.00" id="inductionLoop.S1" nVehContrib="9" flow="324.00" occupancy="84.39" speed="8.43" harmonicMeanSpeed="0.53" length="5.00" nVehEntered="9"/>
    <interval begin="44900.00" end="45000.00" id="inductionLoop.S1" nVehContrib="7" flow="252.00" occupancy="79.78" speed="3.41" harmonicMeanSpeed="0.45" length="5.00" nVehEntered="8"/>
    <interval begin="45000.00" end="45100.00" id="inductionLoop.S1" nVehContrib="7" flow="252.00" occupancy="8.48" speed="5.02" harmonicMeanSpeed="4.13" length="5.00" nVehEntered="7"/>
    <interval begin="45100.00" end="45200.00" id="inductionLoop.S1" nVehContrib="21" flow="756.00" occupancy="45.44" speed="7.16" harmonicMeanSpeed="2.32" length="5.00" nVehEntered="22"/>
    <interval begin="45200.00" end="45300.00" id="inductionLoop.S1" nVehContrib="8" flow="288.00" occupancy="83.53" speed="4.38" harmonicMeanSpeed="0.48" length="5.00" nVehEntered="7"/>
    <interval begin="45300.00" end="45400.00" id="inductionLoop.S1" nVehContrib="25" flow="900.00" occupancy="53.04" speed="7.20" harmonicMeanSpeed="2.43" length="5.00" nVehEntered="26"/>
    <interval begin="45400.00" end="45500.00" id="inductionLoop.S1" nVehContrib="4" flow="144.00" occupancy="92.96" speed="4.28" harmonicMeanSpeed="0.21" length="5.00" nVehEntered="3"/>
    <interval begin="45500.00" end="45600.00" id="inductionLoop.S1" nVehContrib="22" flow="792.00" occupancy="56.80" speed="6.85" harmonicMeanSpeed="3.79" length="5.00" nVehEntered="24"/>
    <interval begin="45600.00" end="45700.00" id="inductionLoop.S1" nVehContrib="4" flow="144.00" occupancy="91.80" speed="1.96" harmonicMeanSpeed="0.21" length="5.00" nVehEntered="4"/>
    <interval begin="45700.00" end="45800.00" id="inductionLoop.S1" nVehContrib="25" flow="900.00" occupancy="54.29" speed="8.07" harmonicMeanSpeed="3.18" length="5.00" nVehEntered="25"/>
    <interval begin="45800.00" end="45900.00" id="inductionLoop.S1" nVehContrib="19" flow="684.00" occupancy="71.06" speed="12.01" harmonicMeanSpeed="11.75" length="5.00" nVehEntered="20"/>
    <interval begin="45900.00" end="46000.00" id="inductionLoop.S1" nVehContrib="10" flow="360.00" occupancy="76.19" speed="4.47" harmonicMeanSpeed="0.36" length="5.00" nVehEntered="10"/>
    <interval begin="46000.00" end="46100.00" id="inductionLoop.S1" nVehContrib="7" flow="252.00" occupancy="74.70" speed="5.22" harmonicMeanSpeed="4.25" length="5.00" nVehEntered="10"/>
    <interval begin="46100.00" end="46200.00" id="inductionLoop.S1" nVehContrib="11" flow="396.00" occupancy="74.53" speed="3.38" harmonicMeanSpeed="0.43" length="5.00" nVehEntered="11"/>
    <interval begin="46200.00" end="46300.00" id="inductionLoop.S1" nVehContrib="17" flow="612.00" occupancy="73.10" speed="8.34" harmonicMeanSpeed="2.04" length="5.00" nVehEntered="17"/>
    <interval begin="46300.00" end="46400.00" id="inductionLoop.S1" nVehContrib="4" flow="144.00" occupancy="92.49" speed="3.87" harmonicMeanSpeed="0.24" length="5.00" nVehEntered="4"/>
    <interval begin="46400.00" end="46500.00" id="inductionLoop.S1" nVehContrib="13" flow="468.00" occupancy="76.42" speed="6.35" harmonicMeanSpeed="0.71" length="5.00" nVehEntered="13"/>
    <interval begin="46500.00" end="46600.00" id="inductionLoop.S1" nVehContrib="9" flow="324.00" occupancy="82.29" speed="4.17" harmonicMeanSpeed="0.42" length="5.00" nVehEntered="9"/>
    <interval begin="46600.00" end="46700.00" id="inductionLoop.S1" nVehContrib="16" flow="576.00" occupancy="73.51" speed="9.49" harmonicMeanSpeed="2.69" length="5.00" nVehEntered="16"/>
    <interval begin="46700.00" end="46800.00" id="inductionLoop.S1" nVehContrib="3" flow="108.00" occupancy="93.13" speed="1.12" harmonicMeanSpeed="0.11" length="5.00" nVehEntered="3"/>
    <interval begin="46800.00" end="46900.00" id="inductionLoop.S1" nVehContrib="16" flow="576.00" occupancy="70.56" speed="6.77" harmonicMeanSpeed="2.55" length="5.00" nVehEntered="16"/>
    <interval begin="46900.00" end="47000.00" id="inductionLoop.S1" nVehContrib="3" flow="108.00" occupancy="75.17" speed="0.49" harmonicMeanSpeed="0.13" length="5.00" nVehEntered="3"/>
    <interval begin="47000.00" end="47100.00" id="inductionLoop.S1" nVehContrib="13" flow="468.00" occupancy="77.99" speed="6.34" harmonicMeanSpeed="0.78" length="5.00" nVehEntered="12"/>
    <interval begin="47100.00" end="47200.00" id="inductionLoop.S1" nVehContrib="11" flow="396.00" occupancy="42.48" speed="5.78" harmonicMeanSpeed="1.29" length="5.00" nVehEntered="11"/>
    <interval begin="47200.00" end="47300.00" id="inductionLoop.S1" nVehContrib="10" flow="360.00" occupancy="43.41" speed="7.56" harmonicMeanSpeed="1.15" length="5.00" nVehEntered="10"/>
    <interval begin="47300.00" end="47400.00" id="inductionLoop.S1" nVehContrib="3" flow="108.00" occupancy="94.16" speed="6.67" harmonicMeanSpeed="5.55" length="5.00" nVehEntered="4"/>
    <interval begin="47400.00" end="47500.00" id="inductionLoop.S1" nVehContrib="21" flow="756.00" occupancy="53.33" speed="9.02" harmonicMeanSpeed="0.73" length="5.00" nVehEntered="21"/>
    <interval begin="47500.00" end="47600.00" id="inductionLoop.S1" nVehContrib="13" flow="468.00" occupancy="78.25" speed="8.45" harmonicMeanSpeed="0.83" length="5.00" nVehEntered="12"/>
    <interval begin="47600.00" end="47700.00" id="inductionLoop.S1" nVehContrib="16" flow="576.00" occupancy="70.99" speed="6.81" harmonicMeanSpeed="1.13" length="5.00" nVehEntered="16"/>
    <interval begin="47700.00" end="47800.00" id="inductionLoop.S1" nVehContrib="4" flow="144.00" occupancy="91.44" speed="4.14" harmonicMeanSpeed="0.22" length="5.00" nVehEntered="5"/>
    <interval begin="47800.00" end="47900.00" id="inductionLoop.S1" nVehContrib="24" flow="864.00" occupancy="59.66" speed="8.13" harmonicMeanSpeed="2.00" length="5.00" nVehEntered="23"/>
    <interval begin="47900.00" end="48000.00" id="inductionLoop.S1" nVehContrib="6" flow="216.00" occupancy="85.38" speed="3.36" harmonicMeanSpeed="1.20" length="5.00" nVehEntered="8"/>
    <interval begin="48000.00" end="48100.00" id="inductionLoop.S1" nVehContrib="18" flow="648.00" occupancy="67.22" speed="5.32" harmonicMeanSpeed="0.72" length="5.00" nVehEntered="18"/>
    <interval begin="48100.00" end="48200.00" id="inductionLoop.S1" nVehContrib="38" flow="1368.00" occupancy="45.53" speed="11.14" harmonicMeanSpeed="10.94" length="5.00" nVehEntered="38"/>
    <interval begin="48200.00" end="48300.00" id="inductionLoop.S1" nVehContrib="11" flow="396.00" occupancy="81.64" speed="7.60" harmonicMeanSpeed="0.57" length="5.00" nVehEntered="11"/>
    <interval begin="48300.00" end="48400.00" id="inductionLoop.S1" nVehContrib="9" flow="324.00" occupancy="84.64" speed="5.56" harmonicMeanSpeed="0.65" length="5.00" nVehEntered="9"/>
    <interval begin="48400.00" end="48500.00" id="inductionLoop.S1" nVehContrib="10" flow="360.00" occupancy="80.07" speed="7.09" harmonicMeanSpeed="1.14" length="5.00" nVehEntered="10"/>
    <interval begin="48500.00" end="48600.00" id="inductionLoop.S1" nVehContrib="6" flow="216.00" occupancy="85.22" speed="3.93" harmonicMeanSpeed="0.32" length="5.00" nVehEntered="6"/>
    <interval begin="48600.00" end="48700.00" id="inductionLoop.S1" nVehContrib="29" flow="1044.00" occupancy="52.08" speed="10.42" harmonicMeanSpeed="1.61" length="5.00" nVehEntered="30"/>
    <interval begin="48700.00" end="48800.00" id="inductionLoop.S1" nVehContrib="5" flow="180.00" occupancy="84.05" speed="3.30" harmonicMeanSpeed="0.29" length="5.00" nVehEntered="5"/>
    <interval begin="48800.00" end="48900.00" id="inductionLoop.S1" nVehContrib="16" flow="576.00" occupancy="66.85" speed="7.17" harmonicMeanSpeed="1.00" length="5.00" nVehEntered="15"/>
    <interval begin="48900.00" end="49000.00" id="inductionLoop.S1" nVehContrib="7" flow="252.00" occupancy="80.43" speed="3.69" harmonicMeanSpeed="0.44" length="5.00" nVehEntered="8"/>
    <interval begin="49000.00" end="49100.00" id="inductionLoop.S1" nVehContrib="27" flow="972.00" occupancy="56.75" speed="10.02" harmonicMeanSpeed="2.51" length="5.00" nVehEntered="28"/>
    <interval begin="49100.00" end="49200.00" id="inductionLoop.S1" nVehContrib="28" flow="1008.00" occupancy="56.02" speed="9.06" harmonicMeanSpeed="2.51" length="5.00" nVehEntered="28"/>
    <interval begin="49200.00" end="49300.00" id="inductionLoop.S1" nVehContrib="1" flow="36.00" occupancy="97.61" speed="0.05" harmonicMeanSpeed="0.05" length="5.00" nVehEntered="1"/>
    <interval begin="49300.00" end="49400.00" id="inductionLoop.S1" nVehContrib="10" flow="360.00" occupancy="80.26" speed="6.15" harmonicMeanSpeed="0.59" length="5.00" nVehEntered="9"/>
    <interval begin="49400.00" end="49500.00" id="inductionLoop.S1" nVehContrib="8" flow="288.00" occupancy="81.24" speed="6.54" harmonicMeanSpeed="0.49" length="5.00" nVehEntered="8"/>
    <interval begin="49500.00" end="49600.00" id="inductionLoop.S1" nVehContrib="26" flow="936.00" occupancy="36.04" speed="9.20" harmonicMeanSpeed="3.61" length="5.00" nVehEntered="26"/>
    <interval begin="49600.00" end="49700.00" id="inductionLoop.S1" nVehContrib="1" flow="36.00" occupancy="97.51" speed="0.05" harmonicMeanSpeed="0.05" length="5.00" nVehEntered="1"/>
    <interval begin="49700.00" end="49800.00" id="inductionLoop.S1" nVehContrib="22" flow="792.00" occupancy="56.47" speed="10.44" harmonicMeanSpeed="1.95" length="5.00" nVehEntered="22"/>
    <interval begin="49800.00" end="49900.00" id="inductionLoop.S1" nVehContrib="4" flow="144.00" occupancy="27.78" speed="3.31" harmonicMeanSpeed="2.35" length="5.00" nVehEntered="5"/>
    <interval begin="49900.00" end="50000.00" id="inductionLoop.S1" nVehContrib="2" flow="72.00" occupancy="60.27" speed="1.09" harmonicMeanSpeed="0.17" length="5.00" nVehEntered="2"/>
    <interval begin="50000.00" end="50004.00" id="inductionLoop.S1" nVehContrib="1" flow="900.00" occupancy="35.96" speed="3.48" harmonicMeanSpeed="3.48" length="5.00" nVehEntered="1"/>
</detector>
