<?xml version="1.0" encoding="UTF-8"?>

<!-- generated on 2023-07-22 15:19:01 by Eclipse SUMO sumo Version 1.12.0
<configuration xmlns:xsi="http://www.w3.org/2001/XMLSchema-instance" xsi:noNamespaceSchemaLocation="http://sumo.dlr.de/xsd/sumoConfiguration.xsd">

    <input>
        <net-file value="Data0-20/intersection.net.xml"/>
        <route-files value="Data0-20/intersection.rou.xml"/>
        <additional-files value="Data0-20/intersection.det.xml"/>
    </input>

    <output>
        <tripinfo-output value="Data0-20/tripinfo.xml"/>
    </output>

    <time>
        <begin value="0"/>
    </time>

    <processing>
        <time-to-teleport value="-1"/>
        <waiting-time-memory value="60000"/>
    </processing>

    <report>
        <verbose value="true"/>
        <no-step-log value="true"/>
    </report>

    <emissions>
        <device.emissions.probability value="1"/>
    </emissions>

    <traci_server>
        <remote-port value="43135"/>
    </traci_server>

    <gui_only>
        <gui-settings-file value="Data0-20/intersection.settings.xml"/>
    </gui_only>

</configuration>
-->

<detector xmlns:xsi="http://www.w3.org/2001/XMLSchema-instance" xsi:noNamespaceSchemaLocation="http://sumo.dlr.de/xsd/det_e1_file.xsd">
    <interval begin="0.00" end="100.00" id="inductionLoop.S2" nVehContrib="1" flow="36.00" occupancy="0.42" speed="13.80" harmonicMeanSpeed="13.80" length="5.00" nVehEntered="2"/>
    <interval begin="100.00" end="200.00" id="inductionLoop.S2" nVehContrib="6" flow="216.00" occupancy="4.49" speed="8.96" harmonicMeanSpeed="6.68" length="5.00" nVehEntered="6"/>
    <interval begin="200.00" end="300.00" id="inductionLoop.S2" nVehContrib="9" flow="324.00" occupancy="6.88" speed="8.79" harmonicMeanSpeed="7.10" length="5.00" nVehEntered="10"/>
    <interval begin="300.00" end="400.00" id="inductionLoop.S2" nVehContrib="7" flow="252.00" occupancy="4.63" speed="10.49" harmonicMeanSpeed="7.56" length="5.00" nVehEntered="7"/>
    <interval begin="400.00" end="500.00" id="inductionLoop.S2" nVehContrib="6" flow="216.00" occupancy="3.36" speed="10.41" harmonicMeanSpeed="9.86" length="5.00" nVehEntered="7"/>
    <interval begin="500.00" end="600.00" id="inductionLoop.S2" nVehContrib="9" flow="324.00" occupancy="7.25" speed="9.29" harmonicMeanSpeed="6.21" length="5.00" nVehEntered="9"/>
    <interval begin="600.00" end="700.00" id="inductionLoop.S2" nVehContrib="11" flow="396.00" occupancy="16.63" speed="6.79" harmonicMeanSpeed="3.38" length="5.00" nVehEntered="12"/>
    <interval begin="700.00" end="800.00" id="inductionLoop.S2" nVehContrib="8" flow="288.00" occupancy="18.06" speed="6.22" harmonicMeanSpeed="2.22" length="5.00" nVehEntered="9"/>
    <interval begin="800.00" end="900.00" id="inductionLoop.S2" nVehContrib="11" flow="396.00" occupancy="5.84" speed="10.50" harmonicMeanSpeed="10.14" length="5.00" nVehEntered="12"/>
    <interval begin="900.00" end="1000.00" id="inductionLoop.S2" nVehContrib="13" flow="468.00" occupancy="12.11" speed="10.13" harmonicMeanSpeed="5.37" length="5.00" nVehEntered="13"/>
    <interval begin="1000.00" end="1100.00" id="inductionLoop.S2" nVehContrib="8" flow="288.00" occupancy="14.28" speed="7.76" harmonicMeanSpeed="2.80" length="5.00" nVehEntered="8"/>
    <interval begin="1100.00" end="1200.00" id="inductionLoop.S2" nVehContrib="6" flow="216.00" occupancy="2.45" speed="12.52" harmonicMeanSpeed="12.25" length="5.00" nVehEntered="6"/>
    <interval begin="1200.00" end="1300.00" id="inductionLoop.S2" nVehContrib="12" flow="432.00" occupancy="8.17" speed="9.42" harmonicMeanSpeed="7.34" length="5.00" nVehEntered="12"/>
    <interval begin="1300.00" end="1400.00" id="inductionLoop.S2" nVehContrib="6" flow="216.00" occupancy="2.71" speed="11.48" harmonicMeanSpeed="11.07" length="5.00" nVehEntered="6"/>
    <interval begin="1400.00" end="1500.00" id="inductionLoop.S2" nVehContrib="6" flow="216.00" occupancy="3.90" speed="9.79" harmonicMeanSpeed="7.95" length="5.00" nVehEntered="7"/>
    <interval begin="1500.00" end="1600.00" id="inductionLoop.S2" nVehContrib="7" flow="252.00" occupancy="8.32" speed="9.18" harmonicMeanSpeed="4.61" length="5.00" nVehEntered="8"/>
    <interval begin="1600.00" end="1700.00" id="inductionLoop.S2" nVehContrib="7" flow="252.00" occupancy="39.32" speed="3.73" harmonicMeanSpeed="0.87" length="5.00" nVehEntered="6"/>
    <interval begin="1700.00" end="1800.00" id="inductionLoop.S2" nVehContrib="9" flow="324.00" occupancy="7.06" speed="8.99" harmonicMeanSpeed="6.38" length="5.00" nVehEntered="9"/>
    <interval begin="1800.00" end="1900.00" id="inductionLoop.S2" nVehContrib="8" flow="288.00" occupancy="4.31" speed="10.57" harmonicMeanSpeed="10.31" length="5.00" nVehEntered="9"/>
    <interval begin="1900.00" end="2000.00" id="inductionLoop.S2" nVehContrib="7" flow="252.00" occupancy="7.91" speed="9.72" harmonicMeanSpeed="4.42" length="5.00" nVehEntered="7"/>
    <interval begin="2000.00" end="2100.00" id="inductionLoop.S2" nVehContrib="8" flow="288.00" occupancy="3.68" speed="11.30" harmonicMeanSpeed="10.87" length="5.00" nVehEntered="8"/>
    <interval begin="2100.00" end="2200.00" id="inductionLoop.S2" nVehContrib="5" flow="180.00" occupancy="3.49" speed="10.03" harmonicMeanSpeed="7.19" length="5.00" nVehEntered="6"/>
    <interval begin="2200.00" end="2300.00" id="inductionLoop.S2" nVehContrib="2" flow="72.00" occupancy="0.82" speed="12.13" harmonicMeanSpeed="12.13" length="5.00" nVehEntered="2"/>
    <interval begin="2300.00" end="2400.00" id="inductionLoop.S2" nVehContrib="5" flow="180.00" occupancy="1.98" speed="12.80" harmonicMeanSpeed="12.64" length="5.00" nVehEntered="5"/>
    <interval begin="2400.00" end="2500.00" id="inductionLoop.S2" nVehContrib="2" flow="72.00" occupancy="0.78" speed="12.83" harmonicMeanSpeed="12.82" length="5.00" nVehEntered="2"/>
    <interval begin="2500.00" end="2600.00" id="inductionLoop.S2" nVehContrib="4" flow="144.00" occupancy="1.84" speed="11.10" harmonicMeanSpeed="10.85" length="5.00" nVehEntered="4"/>
    <interval begin="2600.00" end="2700.00" id="inductionLoop.S2" nVehContrib="8" flow="288.00" occupancy="4.02" speed="11.05" harmonicMeanSpeed="10.77" length="5.00" nVehEntered="9"/>
    <interval begin="2700.00" end="2800.00" id="inductionLoop.S2" nVehContrib="8" flow="288.00" occupancy="14.45" speed="4.01" harmonicMeanSpeed="2.82" length="5.00" nVehEntered="9"/>
    <interval begin="2800.00" end="2900.00" id="inductionLoop.S2" nVehContrib="8" flow="288.00" occupancy="10.33" speed="5.92" harmonicMeanSpeed="4.80" length="5.00" nVehEntered="9"/>
    <interval begin="2900.00" end="3000.00" id="inductionLoop.S2" nVehContrib="2" flow="72.00" occupancy="0.80" speed="12.87" harmonicMeanSpeed="12.47" length="5.00" nVehEntered="2"/>
    <interval begin="3000.00" end="3100.00" id="inductionLoop.S2" nVehContrib="0" flow="0.00" occupancy="0.06" speed="-1.00" harmonicMeanSpeed="-1.00" length="-1.00" nVehEntered="1"/>
    <interval begin="3100.00" end="3200.00" id="inductionLoop.S2" nVehContrib="6" flow="216.00" occupancy="4.13" speed="10.21" harmonicMeanSpeed="8.46" length="5.00" nVehEntered="8"/>
    <interval begin="3200.00" end="3300.00" id="inductionLoop.S2" nVehContrib="7" flow="252.00" occupancy="3.28" speed="11.24" harmonicMeanSpeed="10.86" length="5.00" nVehEntered="8"/>
    <interval begin="3300.00" end="3400.00" id="inductionLoop.S2" nVehContrib="6" flow="216.00" occupancy="2.61" speed="13.01" harmonicMeanSpeed="12.95" length="5.00" nVehEntered="7"/>
    <interval begin="3400.00" end="3500.00" id="inductionLoop.S2" nVehContrib="3" flow="108.00" occupancy="1.07" speed="14.09" harmonicMeanSpeed="14.02" length="5.00" nVehEntered="3"/>
    <interval begin="3500.00" end="3600.00" id="inductionLoop.S2" nVehContrib="0" flow="0.00" occupancy="0.00" speed="-1.00" harmonicMeanSpeed="-1.00" length="-1.00" nVehEntered="0"/>
    <interval begin="3600.00" end="3700.00" id="inductionLoop.S2" nVehContrib="5" flow="180.00" occupancy="3.65" speed="8.40" harmonicMeanSpeed="6.85" length="5.00" nVehEntered="5"/>
    <interval begin="3700.00" end="3800.00" id="inductionLoop.S2" nVehContrib="8" flow="288.00" occupancy="4.09" speed="11.80" harmonicMeanSpeed="9.78" length="5.00" nVehEntered="8"/>
    <interval begin="3800.00" end="3900.00" id="inductionLoop.S2" nVehContrib="4" flow="144.00" occupancy="1.68" speed="12.10" harmonicMeanSpeed="11.90" length="5.00" nVehEntered="4"/>
    <interval begin="3900.00" end="4000.00" id="inductionLoop.S2" nVehContrib="8" flow="288.00" occupancy="3.85" speed="11.15" harmonicMeanSpeed="10.38" length="5.00" nVehEntered="8"/>
    <interval begin="4000.00" end="4100.00" id="inductionLoop.S2" nVehContrib="6" flow="216.00" occupancy="5.75" speed="7.48" harmonicMeanSpeed="5.45" length="5.00" nVehEntered="8"/>
    <interval begin="4100.00" end="4200.00" id="inductionLoop.S2" nVehContrib="5" flow="180.00" occupancy="2.81" speed="10.36" harmonicMeanSpeed="10.06" length="5.00" nVehEntered="6"/>
    <interval begin="4200.00" end="4300.00" id="inductionLoop.S2" nVehContrib="6" flow="216.00" occupancy="5.12" speed="8.38" harmonicMeanSpeed="5.86" length="5.00" nVehEntered="6"/>
    <interval begin="4300.00" end="4400.00" id="inductionLoop.S2" nVehContrib="4" flow="144.00" occupancy="2.33" speed="10.52" harmonicMeanSpeed="8.58" length="5.00" nVehEntered="4"/>
    <interval begin="4400.00" end="4500.00" id="inductionLoop.S2" nVehContrib="4" flow="144.00" occupancy="2.59" speed="11.13" harmonicMeanSpeed="8.40" length="5.00" nVehEntered="5"/>
    <interval begin="4500.00" end="4600.00" id="inductionLoop.S2" nVehContrib="2" flow="72.00" occupancy="0.75" speed="13.37" harmonicMeanSpeed="13.36" length="5.00" nVehEntered="2"/>
    <interval begin="4600.00" end="4700.00" id="inductionLoop.S2" nVehContrib="7" flow="252.00" occupancy="4.78" speed="10.43" harmonicMeanSpeed="8.12" length="5.00" nVehEntered="8"/>
    <interval begin="4700.00" end="4800.00" id="inductionLoop.S2" nVehContrib="5" flow="180.00" occupancy="3.23" speed="10.56" harmonicMeanSpeed="7.75" length="5.00" nVehEntered="5"/>
    <interval begin="4800.00" end="4900.00" id="inductionLoop.S2" nVehContrib="3" flow="108.00" occupancy="2.19" speed="12.83" harmonicMeanSpeed="12.65" length="5.00" nVehEntered="4"/>
    <interval begin="4900.00" end="5000.00" id="inductionLoop.S2" nVehContrib="2" flow="72.00" occupancy="0.42" speed="8.77" harmonicMeanSpeed="7.04" length="5.00" nVehEntered="1"/>
    <interval begin="5000.00" end="5100.00" id="inductionLoop.S2" nVehContrib="2" flow="72.00" occupancy="1.04" speed="9.81" harmonicMeanSpeed="9.62" length="5.00" nVehEntered="2"/>
    <interval begin="5100.00" end="5200.00" id="inductionLoop.S2" nVehContrib="3" flow="108.00" occupancy="2.92" speed="6.59" harmonicMeanSpeed="5.14" length="5.00" nVehEntered="3"/>
    <interval begin="5200.00" end="5300.00" id="inductionLoop.S2" nVehContrib="3" flow="108.00" occupancy="1.32" speed="12.95" harmonicMeanSpeed="12.94" length="5.00" nVehEntered="4"/>
    <interval begin="5300.00" end="5400.00" id="inductionLoop.S2" nVehContrib="7" flow="252.00" occupancy="3.79" speed="11.21" harmonicMeanSpeed="9.41" length="5.00" nVehEntered="8"/>
    <interval begin="5400.00" end="5500.00" id="inductionLoop.S2" nVehContrib="5" flow="180.00" occupancy="2.07" speed="12.22" harmonicMeanSpeed="12.07" length="5.00" nVehEntered="5"/>
    <interval begin="5500.00" end="5600.00" id="inductionLoop.S2" nVehContrib="3" flow="108.00" occupancy="1.99" speed="9.72" harmonicMeanSpeed="7.55" length="5.00" nVehEntered="3"/>
    <interval begin="5600.00" end="5700.00" id="inductionLoop.S2" nVehContrib="7" flow="252.00" occupancy="4.05" speed="10.52" harmonicMeanSpeed="8.65" length="5.00" nVehEntered="7"/>
    <interval begin="5700.00" end="5800.00" id="inductionLoop.S2" nVehContrib="1" flow="36.00" occupancy="0.44" speed="11.44" harmonicMeanSpeed="11.44" length="5.00" nVehEntered="1"/>
    <interval begin="5800.00" end="5900.00" id="inductionLoop.S2" nVehContrib="4" flow="144.00" occupancy="5.11" speed="4.15" harmonicMeanSpeed="4.12" length="5.00" nVehEntered="5"/>
    <interval begin="5900.00" end="6000.00" id="inductionLoop.S2" nVehContrib="6" flow="216.00" occupancy="4.19" speed="8.96" harmonicMeanSpeed="7.15" length="5.00" nVehEntered="6"/>
    <interval begin="6000.00" end="6100.00" id="inductionLoop.S2" nVehContrib="4" flow="144.00" occupancy="2.71" speed="10.78" harmonicMeanSpeed="7.39" length="5.00" nVehEntered="4"/>
    <interval begin="6100.00" end="6200.00" id="inductionLoop.S2" nVehContrib="7" flow="252.00" occupancy="3.35" speed="12.02" harmonicMeanSpeed="11.69" length="5.00" nVehEntered="8"/>
    <interval begin="6200.00" end="6300.00" id="inductionLoop.S2" nVehContrib="11" flow="396.00" occupancy="7.37" speed="9.75" harmonicMeanSpeed="7.73" length="5.00" nVehEntered="12"/>
    <interval begin="6300.00" end="6400.00" id="inductionLoop.S2" nVehContrib="2" flow="72.00" occupancy="1.77" speed="8.63" harmonicMeanSpeed="5.94" length="5.00" nVehEntered="3"/>
    <interval begin="6400.00" end="6500.00" id="inductionLoop.S2" nVehContrib="7" flow="252.00" occupancy="5.02" speed="9.28" harmonicMeanSpeed="6.98" length="5.00" nVehEntered="7"/>
    <interval begin="6500.00" end="6600.00" id="inductionLoop.S2" nVehContrib="5" flow="180.00" occupancy="4.20" speed="8.62" harmonicMeanSpeed="5.96" length="5.00" nVehEntered="5"/>
    <interval begin="6600.00" end="6700.00" id="inductionLoop.S2" nVehContrib="5" flow="180.00" occupancy="3.50" speed="9.34" harmonicMeanSpeed="7.15" length="5.00" nVehEntered="5"/>
    <interval begin="6700.00" end="6800.00" id="inductionLoop.S2" nVehContrib="4" flow="144.00" occupancy="1.78" speed="11.92" harmonicMeanSpeed="11.23" length="5.00" nVehEntered="4"/>
    <interval begin="6800.00" end="6900.00" id="inductionLoop.S2" nVehContrib="7" flow="252.00" occupancy="3.11" speed="12.47" harmonicMeanSpeed="12.35" length="5.00" nVehEntered="8"/>
    <interval begin="6900.00" end="7000.00" id="inductionLoop.S2" nVehContrib="2" flow="72.00" occupancy="0.94" speed="10.85" harmonicMeanSpeed="10.59" length="5.00" nVehEntered="2"/>
    <interval begin="7000.00" end="7100.00" id="inductionLoop.S2" nVehContrib="3" flow="108.00" occupancy="3.11" speed="6.32" harmonicMeanSpeed="4.99" length="5.00" nVehEntered="4"/>
    <interval begin="7100.00" end="7200.00" id="inductionLoop.S2" nVehContrib="2" flow="72.00" occupancy="1.70" speed="8.70" harmonicMeanSpeed="5.87" length="5.00" nVehEntered="2"/>
    <interval begin="7200.00" end="7300.00" id="inductionLoop.S2" nVehContrib="2" flow="72.00" occupancy="0.83" speed="12.01" harmonicMeanSpeed="11.98" length="5.00" nVehEntered="2"/>
    <interval begin="7300.00" end="7400.00" id="inductionLoop.S2" nVehContrib="2" flow="72.00" occupancy="1.40" speed="8.97" harmonicMeanSpeed="7.17" length="5.00" nVehEntered="2"/>
    <interval begin="7400.00" end="7500.00" id="inductionLoop.S2" nVehContrib="2" flow="72.00" occupancy="0.70" speed="14.26" harmonicMeanSpeed="14.22" length="5.00" nVehEntered="2"/>
    <interval begin="7500.00" end="7600.00" id="inductionLoop.S2" nVehContrib="5" flow="180.00" occupancy="3.77" speed="8.50" harmonicMeanSpeed="6.64" length="5.00" nVehEntered="5"/>
    <interval begin="7600.00" end="7700.00" id="inductionLoop.S2" nVehContrib="4" flow="144.00" occupancy="2.35" speed="10.41" harmonicMeanSpeed="8.50" length="5.00" nVehEntered="4"/>
    <interval begin="7700.00" end="7800.00" id="inductionLoop.S2" nVehContrib="2" flow="72.00" occupancy="0.72" speed="13.84" harmonicMeanSpeed="13.82" length="5.00" nVehEntered="2"/>
    <interval begin="7800.00" end="7900.00" id="inductionLoop.S2" nVehContrib="3" flow="108.00" occupancy="2.01" speed="9.91" harmonicMeanSpeed="7.46" length="5.00" nVehEntered="3"/>
    <interval begin="7900.00" end="8000.00" id="inductionLoop.S2" nVehContrib="2" flow="72.00" occupancy="0.74" speed="13.55" harmonicMeanSpeed="13.49" length="5.00" nVehEntered="2"/>
    <interval begin="8000.00" end="8100.00" id="inductionLoop.S2" nVehContrib="8" flow="288.00" occupancy="5.11" speed="10.12" harmonicMeanSpeed="7.83" length="5.00" nVehEntered="8"/>
    <interval begin="8100.00" end="8200.00" id="inductionLoop.S2" nVehContrib="6" flow="216.00" occupancy="3.78" speed="10.01" harmonicMeanSpeed="7.95" length="5.00" nVehEntered="6"/>
    <interval begin="8200.00" end="8300.00" id="inductionLoop.S2" nVehContrib="5" flow="180.00" occupancy="1.89" speed="13.24" harmonicMeanSpeed="13.20" length="5.00" nVehEntered="5"/>
    <interval begin="8300.00" end="8400.00" id="inductionLoop.S2" nVehContrib="7" flow="252.00" occupancy="5.56" speed="9.73" harmonicMeanSpeed="8.54" length="5.00" nVehEntered="9"/>
    <interval begin="8400.00" end="8500.00" id="inductionLoop.S2" nVehContrib="2" flow="72.00" occupancy="1.48" speed="4.05" harmonicMeanSpeed="4.04" length="5.00" nVehEntered="1"/>
    <interval begin="8500.00" end="8600.00" id="inductionLoop.S2" nVehContrib="4" flow="144.00" occupancy="4.39" speed="5.22" harmonicMeanSpeed="4.56" length="5.00" nVehEntered="4"/>
    <interval begin="8600.00" end="8700.00" id="inductionLoop.S2" nVehContrib="4" flow="144.00" occupancy="1.44" speed="13.90" harmonicMeanSpeed="13.87" length="5.00" nVehEntered="4"/>
    <interval begin="8700.00" end="8800.00" id="inductionLoop.S2" nVehContrib="3" flow="108.00" occupancy="1.64" speed="12.12" harmonicMeanSpeed="11.88" length="5.00" nVehEntered="5"/>
    <interval begin="8800.00" end="8900.00" id="inductionLoop.S2" nVehContrib="2" flow="72.00" occupancy="0.79" speed="12.62" harmonicMeanSpeed="12.62" length="5.00" nVehEntered="2"/>
    <interval begin="8900.00" end="9000.00" id="inductionLoop.S2" nVehContrib="2" flow="72.00" occupancy="0.78" speed="12.89" harmonicMeanSpeed="12.88" length="5.00" nVehEntered="2"/>
    <interval begin="9000.00" end="9100.00" id="inductionLoop.S2" nVehContrib="4" flow="144.00" occupancy="1.60" speed="12.63" harmonicMeanSpeed="12.54" length="5.00" nVehEntered="4"/>
    <interval begin="9100.00" end="9200.00" id="inductionLoop.S2" nVehContrib="7" flow="252.00" occupancy="3.22" speed="12.85" harmonicMeanSpeed="12.69" length="5.00" nVehEntered="8"/>
    <interval begin="9200.00" end="9300.00" id="inductionLoop.S2" nVehContrib="5" flow="180.00" occupancy="3.77" speed="9.73" harmonicMeanSpeed="6.62" length="5.00" nVehEntered="5"/>
    <interval begin="9300.00" end="9400.00" id="inductionLoop.S2" nVehContrib="2" flow="72.00" occupancy="1.41" speed="10.18" harmonicMeanSpeed="7.07" length="5.00" nVehEntered="2"/>
    <interval begin="9400.00" end="9500.00" id="inductionLoop.S2" nVehContrib="4" flow="144.00" occupancy="1.63" speed="12.29" harmonicMeanSpeed="12.25" length="5.00" nVehEntered="4"/>
    <interval begin="9500.00" end="9600.00" id="inductionLoop.S2" nVehContrib="3" flow="108.00" occupancy="1.23" speed="12.26" harmonicMeanSpeed="12.22" length="5.00" nVehEntered="3"/>
    <interval begin="9600.00" end="9700.00" id="inductionLoop.S2" nVehContrib="5" flow="180.00" occupancy="2.43" speed="12.55" harmonicMeanSpeed="10.29" length="5.00" nVehEntered="5"/>
    <interval begin="9700.00" end="9800.00" id="inductionLoop.S2" nVehContrib="8" flow="288.00" occupancy="5.94" speed="8.43" harmonicMeanSpeed="6.73" length="5.00" nVehEntered="8"/>
    <interval begin="9800.00" end="9900.00" id="inductionLoop.S2" nVehContrib="1" flow="36.00" occupancy="1.02" speed="4.90" harmonicMeanSpeed="4.90" length="5.00" nVehEntered="1"/>
    <interval begin="9900.00" end="10000.00" id="inductionLoop.S2" nVehContrib="6" flow="216.00" occupancy="2.93" speed="11.77" harmonicMeanSpeed="10.25" length="5.00" nVehEntered="6"/>
    <interval begin="10000.00" end="10100.00" id="inductionLoop.S2" nVehContrib="3" flow="108.00" occupancy="2.14" speed="10.21" harmonicMeanSpeed="7.01" length="5.00" nVehEntered="3"/>
    <interval begin="10100.00" end="10200.00" id="inductionLoop.S2" nVehContrib="3" flow="108.00" occupancy="2.08" speed="9.44" harmonicMeanSpeed="7.20" length="5.00" nVehEntered="3"/>
    <interval begin="10200.00" end="10300.00" id="inductionLoop.S2" nVehContrib="1" flow="36.00" occupancy="0.40" speed="12.50" harmonicMeanSpeed="12.50" length="5.00" nVehEntered="1"/>
    <interval begin="10300.00" end="10400.00" id="inductionLoop.S2" nVehContrib="2" flow="72.00" occupancy="0.67" speed="14.96" harmonicMeanSpeed="14.92" length="5.00" nVehEntered="2"/>
    <interval begin="10400.00" end="10500.00" id="inductionLoop.S2" nVehContrib="1" flow="36.00" occupancy="0.46" speed="10.93" harmonicMeanSpeed="10.93" length="5.00" nVehEntered="1"/>
    <interval begin="10500.00" end="10600.00" id="inductionLoop.S2" nVehContrib="2" flow="72.00" occupancy="0.86" speed="11.71" harmonicMeanSpeed="11.68" length="5.00" nVehEntered="2"/>
    <interval begin="10600.00" end="10700.00" id="inductionLoop.S2" nVehContrib="1" flow="36.00" occupancy="0.32" speed="15.87" harmonicMeanSpeed="15.87" length="5.00" nVehEntered="1"/>
    <interval begin="10700.00" end="10800.00" id="inductionLoop.S2" nVehContrib="1" flow="36.00" occupancy="0.38" speed="13.14" harmonicMeanSpeed="13.14" length="5.00" nVehEntered="1"/>
    <interval begin="10800.00" end="10900.00" id="inductionLoop.S2" nVehContrib="1" flow="36.00" occupancy="1.21" speed="4.14" harmonicMeanSpeed="4.14" length="5.00" nVehEntered="1"/>
    <interval begin="10900.00" end="11000.00" id="inductionLoop.S2" nVehContrib="1" flow="36.00" occupancy="0.36" speed="13.94" harmonicMeanSpeed="13.94" length="5.00" nVehEntered="1"/>
    <interval begin="11000.00" end="11100.00" id="inductionLoop.S2" nVehContrib="3" flow="108.00" occupancy="2.96" speed="6.71" harmonicMeanSpeed="5.06" length="5.00" nVehEntered="3"/>
    <interval begin="11100.00" end="11200.00" id="inductionLoop.S2" nVehContrib="0" flow="0.00" occupancy="0.00" speed="-1.00" harmonicMeanSpeed="-1.00" length="-1.00" nVehEntered="0"/>
    <interval begin="11200.00" end="11300.00" id="inductionLoop.S2" nVehContrib="1" flow="36.00" occupancy="0.38" speed="13.28" harmonicMeanSpeed="13.28" length="5.00" nVehEntered="1"/>
    <interval begin="11300.00" end="11400.00" id="inductionLoop.S2" nVehContrib="1" flow="36.00" occupancy="1.17" speed="4.26" harmonicMeanSpeed="4.26" length="5.00" nVehEntered="1"/>
    <interval begin="11400.00" end="11500.00" id="inductionLoop.S2" nVehContrib="1" flow="36.00" occupancy="0.35" speed="14.21" harmonicMeanSpeed="14.21" length="5.00" nVehEntered="1"/>
    <interval begin="11500.00" end="11600.00" id="inductionLoop.S2" nVehContrib="1" flow="36.00" occupancy="0.33" speed="14.99" harmonicMeanSpeed="14.99" length="5.00" nVehEntered="1"/>
    <interval begin="11600.00" end="11700.00" id="inductionLoop.S2" nVehContrib="0" flow="0.00" occupancy="0.00" speed="-1.00" harmonicMeanSpeed="-1.00" length="-1.00" nVehEntered="0"/>
    <interval begin="11700.00" end="11800.00" id="inductionLoop.S2" nVehContrib="1" flow="36.00" occupancy="0.34" speed="14.57" harmonicMeanSpeed="14.57" length="5.00" nVehEntered="1"/>
    <interval begin="11800.00" end="11900.00" id="inductionLoop.S2" nVehContrib="2" flow="72.00" occupancy="2.65" speed="8.39" harmonicMeanSpeed="6.05" length="5.00" nVehEntered="3"/>
    <interval begin="11900.00" end="12000.00" id="inductionLoop.S2" nVehContrib="2" flow="72.00" occupancy="0.47" speed="9.37" harmonicMeanSpeed="6.78" length="5.00" nVehEntered="1"/>
    <interval begin="12000.00" end="12100.00" id="inductionLoop.S2" nVehContrib="2" flow="72.00" occupancy="2.53" speed="4.04" harmonicMeanSpeed="3.95" length="5.00" nVehEntered="2"/>
    <interval begin="12100.00" end="12200.00" id="inductionLoop.S2" nVehContrib="0" flow="0.00" occupancy="0.00" speed="-1.00" harmonicMeanSpeed="-1.00" length="-1.00" nVehEntered="0"/>
    <interval begin="12200.00" end="12300.00" id="inductionLoop.S2" nVehContrib="0" flow="0.00" occupancy="0.00" speed="-1.00" harmonicMeanSpeed="-1.00" length="-1.00" nVehEntered="0"/>
    <interval begin="12300.00" end="12400.00" id="inductionLoop.S2" nVehContrib="6" flow="216.00" occupancy="3.93" speed="10.04" harmonicMeanSpeed="7.69" length="5.00" nVehEntered="7"/>
    <interval begin="12400.00" end="12500.00" id="inductionLoop.S2" nVehContrib="2" flow="72.00" occupancy="1.70" speed="8.88" harmonicMeanSpeed="5.88" length="5.00" nVehEntered="2"/>
    <interval begin="12500.00" end="12600.00" id="inductionLoop.S2" nVehContrib="4" flow="144.00" occupancy="3.42" speed="7.87" harmonicMeanSpeed="5.85" length="5.00" nVehEntered="4"/>
    <interval begin="12600.00" end="12700.00" id="inductionLoop.S2" nVehContrib="0" flow="0.00" occupancy="0.27" speed="-1.00" harmonicMeanSpeed="-1.00" length="-1.00" nVehEntered="1"/>
    <interval begin="12700.00" end="12800.00" id="inductionLoop.S2" nVehContrib="2" flow="72.00" occupancy="0.69" speed="14.39" harmonicMeanSpeed="14.39" length="5.00" nVehEntered="2"/>
    <interval begin="12800.00" end="12900.00" id="inductionLoop.S2" nVehContrib="2" flow="72.00" occupancy="0.74" speed="13.56" harmonicMeanSpeed="13.55" length="5.00" nVehEntered="2"/>
    <interval begin="12900.00" end="13000.00" id="inductionLoop.S2" nVehContrib="1" flow="36.00" occupancy="0.35" speed="14.44" harmonicMeanSpeed="14.44" length="5.00" nVehEntered="1"/>
    <interval begin="13000.00" end="13100.00" id="inductionLoop.S2" nVehContrib="0" flow="0.00" occupancy="0.02" speed="-1.00" harmonicMeanSpeed="-1.00" length="-1.00" nVehEntered="1"/>
    <interval begin="13100.00" end="13200.00" id="inductionLoop.S2" nVehContrib="2" flow="72.00" occupancy="2.44" speed="4.09" harmonicMeanSpeed="4.09" length="5.00" nVehEntered="2"/>
    <interval begin="13200.00" end="13300.00" id="inductionLoop.S2" nVehContrib="4" flow="144.00" occupancy="4.02" speed="6.43" harmonicMeanSpeed="4.98" length="5.00" nVehEntered="4"/>
    <interval begin="13300.00" end="13400.00" id="inductionLoop.S2" nVehContrib="2" flow="72.00" occupancy="1.61" speed="9.10" harmonicMeanSpeed="6.20" length="5.00" nVehEntered="2"/>
    <interval begin="13400.00" end="13500.00" id="inductionLoop.S2" nVehContrib="3" flow="108.00" occupancy="1.83" speed="11.35" harmonicMeanSpeed="8.21" length="5.00" nVehEntered="3"/>
    <interval begin="13500.00" end="13600.00" id="inductionLoop.S2" nVehContrib="4" flow="144.00" occupancy="3.30" speed="8.26" harmonicMeanSpeed="6.06" length="5.00" nVehEntered="4"/>
    <interval begin="13600.00" end="13700.00" id="inductionLoop.S2" nVehContrib="1" flow="36.00" occupancy="0.37" speed="13.37" harmonicMeanSpeed="13.37" length="5.00" nVehEntered="1"/>
    <interval begin="13700.00" end="13800.00" id="inductionLoop.S2" nVehContrib="0" flow="0.00" occupancy="0.00" speed="-1.00" harmonicMeanSpeed="-1.00" length="-1.00" nVehEntered="0"/>
    <interval begin="13800.00" end="13900.00" id="inductionLoop.S2" nVehContrib="0" flow="0.00" occupancy="0.00" speed="-1.00" harmonicMeanSpeed="-1.00" length="-1.00" nVehEntered="0"/>
    <interval begin="13900.00" end="14000.00" id="inductionLoop.S2" nVehContrib="0" flow="0.00" occupancy="0.00" speed="-1.00" harmonicMeanSpeed="-1.00" length="-1.00" nVehEntered="0"/>
    <interval begin="14000.00" end="14100.00" id="inductionLoop.S2" nVehContrib="0" flow="0.00" occupancy="0.00" speed="-1.00" harmonicMeanSpeed="-1.00" length="-1.00" nVehEntered="0"/>
    <interval begin="14100.00" end="14200.00" id="inductionLoop.S2" nVehContrib="1" flow="36.00" occupancy="0.36" speed="13.74" harmonicMeanSpeed="13.74" length="5.00" nVehEntered="1"/>
    <interval begin="14200.00" end="14300.00" id="inductionLoop.S2" nVehContrib="1" flow="36.00" occupancy="0.46" speed="10.92" harmonicMeanSpeed="10.92" length="5.00" nVehEntered="1"/>
    <interval begin="14300.00" end="14400.00" id="inductionLoop.S2" nVehContrib="1" flow="36.00" occupancy="0.54" speed="10.83" harmonicMeanSpeed="10.83" length="5.00" nVehEntered="2"/>
    <interval begin="14400.00" end="14500.00" id="inductionLoop.S2" nVehContrib="2" flow="72.00" occupancy="0.76" speed="12.14" harmonicMeanSpeed="12.00" length="5.00" nVehEntered="1"/>
    <interval begin="14500.00" end="14600.00" id="inductionLoop.S2" nVehContrib="4" flow="144.00" occupancy="1.90" speed="12.92" harmonicMeanSpeed="12.82" length="5.00" nVehEntered="5"/>
    <interval begin="14600.00" end="14700.00" id="inductionLoop.S2" nVehContrib="1" flow="36.00" occupancy="0.40" speed="12.55" harmonicMeanSpeed="12.55" length="5.00" nVehEntered="1"/>
    <interval begin="14700.00" end="14800.00" id="inductionLoop.S2" nVehContrib="1" flow="36.00" occupancy="0.38" speed="13.23" harmonicMeanSpeed="13.23" length="5.00" nVehEntered="1"/>
    <interval begin="14800.00" end="14900.00" id="inductionLoop.S2" nVehContrib="0" flow="0.00" occupancy="0.00" speed="-1.00" harmonicMeanSpeed="-1.00" length="-1.00" nVehEntered="0"/>
    <interval begin="14900.00" end="15000.00" id="inductionLoop.S2" nVehContrib="2" flow="72.00" occupancy="0.81" speed="12.63" harmonicMeanSpeed="12.36" length="5.00" nVehEntered="2"/>
    <interval begin="15000.00" end="15100.00" id="inductionLoop.S2" nVehContrib="1" flow="36.00" occupancy="1.21" speed="4.12" harmonicMeanSpeed="4.12" length="5.00" nVehEntered="1"/>
    <interval begin="15100.00" end="15200.00" id="inductionLoop.S2" nVehContrib="2" flow="72.00" occupancy="0.70" speed="14.36" harmonicMeanSpeed="14.34" length="5.00" nVehEntered="2"/>
    <interval begin="15200.00" end="15300.00" id="inductionLoop.S2" nVehContrib="0" flow="0.00" occupancy="0.00" speed="-1.00" harmonicMeanSpeed="-1.00" length="-1.00" nVehEntered="0"/>
    <interval begin="15300.00" end="15400.00" id="inductionLoop.S2" nVehContrib="2" flow="72.00" occupancy="2.36" speed="4.29" harmonicMeanSpeed="4.23" length="5.00" nVehEntered="2"/>
    <interval begin="15400.00" end="15500.00" id="inductionLoop.S2" nVehContrib="2" flow="72.00" occupancy="1.74" speed="8.51" harmonicMeanSpeed="5.75" length="5.00" nVehEntered="2"/>
    <interval begin="15500.00" end="15600.00" id="inductionLoop.S2" nVehContrib="5" flow="180.00" occupancy="2.67" speed="11.24" harmonicMeanSpeed="9.37" length="5.00" nVehEntered="5"/>
    <interval begin="15600.00" end="15700.00" id="inductionLoop.S2" nVehContrib="1" flow="36.00" occupancy="0.40" speed="12.43" harmonicMeanSpeed="12.43" length="5.00" nVehEntered="1"/>
    <interval begin="15700.00" end="15800.00" id="inductionLoop.S2" nVehContrib="2" flow="72.00" occupancy="1.55" speed="9.15" harmonicMeanSpeed="6.43" length="5.00" nVehEntered="2"/>
    <interval begin="15800.00" end="15900.00" id="inductionLoop.S2" nVehContrib="1" flow="36.00" occupancy="1.26" speed="3.97" harmonicMeanSpeed="3.97" length="5.00" nVehEntered="1"/>
    <interval begin="15900.00" end="16000.00" id="inductionLoop.S2" nVehContrib="3" flow="108.00" occupancy="1.09" speed="13.80" harmonicMeanSpeed="13.73" length="5.00" nVehEntered="3"/>
    <interval begin="16000.00" end="16100.00" id="inductionLoop.S2" nVehContrib="0" flow="0.00" occupancy="0.00" speed="-1.00" harmonicMeanSpeed="-1.00" length="-1.00" nVehEntered="0"/>
    <interval begin="16100.00" end="16200.00" id="inductionLoop.S2" nVehContrib="2" flow="72.00" occupancy="0.79" speed="12.68" harmonicMeanSpeed="12.68" length="5.00" nVehEntered="2"/>
    <interval begin="16200.00" end="16300.00" id="inductionLoop.S2" nVehContrib="3" flow="108.00" occupancy="2.21" speed="10.26" harmonicMeanSpeed="7.87" length="5.00" nVehEntered="4"/>
    <interval begin="16300.00" end="16400.00" id="inductionLoop.S2" nVehContrib="3" flow="108.00" occupancy="2.10" speed="9.25" harmonicMeanSpeed="7.15" length="5.00" nVehEntered="3"/>
    <interval begin="16400.00" end="16500.00" id="inductionLoop.S2" nVehContrib="2" flow="72.00" occupancy="0.78" speed="12.90" harmonicMeanSpeed="12.89" length="5.00" nVehEntered="2"/>
    <interval begin="16500.00" end="16600.00" id="inductionLoop.S2" nVehContrib="4" flow="144.00" occupancy="1.61" speed="12.64" harmonicMeanSpeed="12.45" length="5.00" nVehEntered="4"/>
    <interval begin="16600.00" end="16700.00" id="inductionLoop.S2" nVehContrib="6" flow="216.00" occupancy="2.57" speed="11.71" harmonicMeanSpeed="11.67" length="5.00" nVehEntered="6"/>
    <interval begin="16700.00" end="16800.00" id="inductionLoop.S2" nVehContrib="6" flow="216.00" occupancy="5.62" speed="8.27" harmonicMeanSpeed="5.69" length="5.00" nVehEntered="7"/>
    <interval begin="16800.00" end="16900.00" id="inductionLoop.S2" nVehContrib="4" flow="144.00" occupancy="5.49" speed="6.60" harmonicMeanSpeed="5.73" length="5.00" nVehEntered="5"/>
    <interval begin="16900.00" end="17000.00" id="inductionLoop.S2" nVehContrib="3" flow="108.00" occupancy="2.43" speed="9.57" harmonicMeanSpeed="7.26" length="5.00" nVehEntered="4"/>
    <interval begin="17000.00" end="17100.00" id="inductionLoop.S2" nVehContrib="1" flow="36.00" occupancy="1.29" speed="3.89" harmonicMeanSpeed="3.89" length="5.00" nVehEntered="1"/>
    <interval begin="17100.00" end="17200.00" id="inductionLoop.S2" nVehContrib="1" flow="36.00" occupancy="1.32" speed="3.78" harmonicMeanSpeed="3.78" length="5.00" nVehEntered="1"/>
    <interval begin="17200.00" end="17300.00" id="inductionLoop.S2" nVehContrib="3" flow="108.00" occupancy="1.20" speed="12.57" harmonicMeanSpeed="12.46" length="5.00" nVehEntered="3"/>
    <interval begin="17300.00" end="17400.00" id="inductionLoop.S2" nVehContrib="5" flow="180.00" occupancy="3.84" speed="8.69" harmonicMeanSpeed="6.52" length="5.00" nVehEntered="5"/>
    <interval begin="17400.00" end="17500.00" id="inductionLoop.S2" nVehContrib="5" flow="180.00" occupancy="2.05" speed="12.59" harmonicMeanSpeed="12.17" length="5.00" nVehEntered="5"/>
    <interval begin="17500.00" end="17600.00" id="inductionLoop.S2" nVehContrib="11" flow="396.00" occupancy="10.57" speed="7.39" harmonicMeanSpeed="5.20" length="5.00" nVehEntered="11"/>
    <interval begin="17600.00" end="17700.00" id="inductionLoop.S2" nVehContrib="2" flow="72.00" occupancy="1.01" speed="12.60" harmonicMeanSpeed="12.56" length="5.00" nVehEntered="3"/>
    <interval begin="17700.00" end="17800.00" id="inductionLoop.S2" nVehContrib="1" flow="36.00" occupancy="0.37" speed="13.36" harmonicMeanSpeed="13.36" length="5.00" nVehEntered="1"/>
    <interval begin="17800.00" end="17900.00" id="inductionLoop.S2" nVehContrib="1" flow="36.00" occupancy="1.15" speed="4.34" harmonicMeanSpeed="4.34" length="5.00" nVehEntered="1"/>
    <interval begin="17900.00" end="18000.00" id="inductionLoop.S2" nVehContrib="3" flow="108.00" occupancy="1.20" speed="12.50" harmonicMeanSpeed="12.48" length="5.00" nVehEntered="3"/>
    <interval begin="18000.00" end="18100.00" id="inductionLoop.S2" nVehContrib="3" flow="108.00" occupancy="2.16" speed="9.99" harmonicMeanSpeed="6.94" length="5.00" nVehEntered="3"/>
    <interval begin="18100.00" end="18200.00" id="inductionLoop.S2" nVehContrib="4" flow="144.00" occupancy="2.78" speed="10.16" harmonicMeanSpeed="7.20" length="5.00" nVehEntered="4"/>
    <interval begin="18200.00" end="18300.00" id="inductionLoop.S2" nVehContrib="6" flow="216.00" occupancy="3.36" speed="11.08" harmonicMeanSpeed="8.94" length="5.00" nVehEntered="6"/>
    <interval begin="18300.00" end="18400.00" id="inductionLoop.S2" nVehContrib="5" flow="180.00" occupancy="3.85" speed="7.99" harmonicMeanSpeed="6.49" length="5.00" nVehEntered="5"/>
    <interval begin="18400.00" end="18500.00" id="inductionLoop.S2" nVehContrib="1" flow="36.00" occupancy="1.01" speed="4.93" harmonicMeanSpeed="4.93" length="5.00" nVehEntered="1"/>
    <interval begin="18500.00" end="18600.00" id="inductionLoop.S2" nVehContrib="1" flow="36.00" occupancy="1.10" speed="4.53" harmonicMeanSpeed="4.53" length="5.00" nVehEntered="1"/>
    <interval begin="18600.00" end="18700.00" id="inductionLoop.S2" nVehContrib="0" flow="0.00" occupancy="0.00" speed="-1.00" harmonicMeanSpeed="-1.00" length="-1.00" nVehEntered="0"/>
    <interval begin="18700.00" end="18800.00" id="inductionLoop.S2" nVehContrib="4" flow="144.00" occupancy="1.83" speed="12.21" harmonicMeanSpeed="12.06" length="5.00" nVehEntered="5"/>
    <interval begin="18800.00" end="18900.00" id="inductionLoop.S2" nVehContrib="9" flow="324.00" occupancy="6.12" speed="9.25" harmonicMeanSpeed="7.35" length="5.00" nVehEntered="9"/>
    <interval begin="18900.00" end="19000.00" id="inductionLoop.S2" nVehContrib="4" flow="144.00" occupancy="6.13" speed="7.05" harmonicMeanSpeed="4.85" length="5.00" nVehEntered="5"/>
    <interval begin="19000.00" end="19100.00" id="inductionLoop.S2" nVehContrib="2" flow="72.00" occupancy="1.55" speed="8.58" harmonicMeanSpeed="6.43" length="5.00" nVehEntered="2"/>
    <interval begin="19100.00" end="19200.00" id="inductionLoop.S2" nVehContrib="0" flow="0.00" occupancy="0.00" speed="-1.00" harmonicMeanSpeed="-1.00" length="-1.00" nVehEntered="0"/>
    <interval begin="19200.00" end="19300.00" id="inductionLoop.S2" nVehContrib="3" flow="108.00" occupancy="1.19" speed="12.62" harmonicMeanSpeed="12.56" length="5.00" nVehEntered="3"/>
    <interval begin="19300.00" end="19400.00" id="inductionLoop.S2" nVehContrib="3" flow="108.00" occupancy="2.62" speed="8.69" harmonicMeanSpeed="7.19" length="5.00" nVehEntered="5"/>
    <interval begin="19400.00" end="19500.00" id="inductionLoop.S2" nVehContrib="4" flow="144.00" occupancy="2.57" speed="9.64" harmonicMeanSpeed="7.78" length="5.00" nVehEntered="4"/>
    <interval begin="19500.00" end="19600.00" id="inductionLoop.S2" nVehContrib="2" flow="72.00" occupancy="0.80" speed="12.60" harmonicMeanSpeed="12.45" length="5.00" nVehEntered="2"/>
    <interval begin="19600.00" end="19700.00" id="inductionLoop.S2" nVehContrib="7" flow="252.00" occupancy="3.95" speed="10.75" harmonicMeanSpeed="8.87" length="5.00" nVehEntered="7"/>
    <interval begin="19700.00" end="19800.00" id="inductionLoop.S2" nVehContrib="7" flow="252.00" occupancy="3.85" speed="10.77" harmonicMeanSpeed="10.41" length="5.00" nVehEntered="9"/>
    <interval begin="19800.00" end="19900.00" id="inductionLoop.S2" nVehContrib="12" flow="432.00" occupancy="21.10" speed="9.19" harmonicMeanSpeed="2.95" length="5.00" nVehEntered="13"/>
    <interval begin="19900.00" end="20000.00" id="inductionLoop.S2" nVehContrib="5" flow="180.00" occupancy="2.55" speed="10.67" harmonicMeanSpeed="10.35" length="5.00" nVehEntered="6"/>
    <interval begin="20000.00" end="20100.00" id="inductionLoop.S2" nVehContrib="5" flow="180.00" occupancy="2.10" speed="11.58" harmonicMeanSpeed="11.23" length="5.00" nVehEntered="4"/>
    <interval begin="20100.00" end="20200.00" id="inductionLoop.S2" nVehContrib="2" flow="72.00" occupancy="0.83" speed="12.01" harmonicMeanSpeed="11.99" length="5.00" nVehEntered="2"/>
    <interval begin="20200.00" end="20300.00" id="inductionLoop.S2" nVehContrib="8" flow="288.00" occupancy="7.16" speed="7.67" harmonicMeanSpeed="6.10" length="5.00" nVehEntered="10"/>
    <interval begin="20300.00" end="20400.00" id="inductionLoop.S2" nVehContrib="7" flow="252.00" occupancy="6.97" speed="7.02" harmonicMeanSpeed="5.98" length="5.00" nVehEntered="10"/>
    <interval begin="20400.00" end="20500.00" id="inductionLoop.S2" nVehContrib="6" flow="216.00" occupancy="6.53" speed="6.43" harmonicMeanSpeed="4.88" length="5.00" nVehEntered="7"/>
    <interval begin="20500.00" end="20600.00" id="inductionLoop.S2" nVehContrib="6" flow="216.00" occupancy="2.59" speed="11.98" harmonicMeanSpeed="11.57" length="5.00" nVehEntered="6"/>
    <interval begin="20600.00" end="20700.00" id="inductionLoop.S2" nVehContrib="9" flow="324.00" occupancy="21.60" speed="4.42" harmonicMeanSpeed="2.31" length="5.00" nVehEntered="11"/>
    <interval begin="20700.00" end="20800.00" id="inductionLoop.S2" nVehContrib="5" flow="180.00" occupancy="8.08" speed="3.26" harmonicMeanSpeed="3.09" length="5.00" nVehEntered="5"/>
    <interval begin="20800.00" end="20900.00" id="inductionLoop.S2" nVehContrib="6" flow="216.00" occupancy="21.43" speed="1.50" harmonicMeanSpeed="1.45" length="5.00" nVehEntered="7"/>
    <interval begin="20900.00" end="21000.00" id="inductionLoop.S2" nVehContrib="8" flow="288.00" occupancy="68.58" speed="2.08" harmonicMeanSpeed="0.68" length="5.00" nVehEntered="8"/>
    <interval begin="21000.00" end="21100.00" id="inductionLoop.S2" nVehContrib="5" flow="180.00" occupancy="28.33" speed="5.26" harmonicMeanSpeed="0.91" length="5.00" nVehEntered="5"/>
    <interval begin="21100.00" end="21200.00" id="inductionLoop.S2" nVehContrib="6" flow="216.00" occupancy="5.52" speed="9.31" harmonicMeanSpeed="5.62" length="5.00" nVehEntered="7"/>
    <interval begin="21200.00" end="21300.00" id="inductionLoop.S2" nVehContrib="5" flow="180.00" occupancy="3.64" speed="8.98" harmonicMeanSpeed="6.88" length="5.00" nVehEntered="5"/>
    <interval begin="21300.00" end="21400.00" id="inductionLoop.S2" nVehContrib="7" flow="252.00" occupancy="6.46" speed="7.78" harmonicMeanSpeed="5.42" length="5.00" nVehEntered="7"/>
    <interval begin="21400.00" end="21500.00" id="inductionLoop.S2" nVehContrib="8" flow="288.00" occupancy="15.47" speed="3.86" harmonicMeanSpeed="2.97" length="5.00" nVehEntered="9"/>
    <interval begin="21500.00" end="21600.00" id="inductionLoop.S2" nVehContrib="3" flow="108.00" occupancy="7.21" speed="3.71" harmonicMeanSpeed="2.18" length="5.00" nVehEntered="4"/>
    <interval begin="21600.00" end="21700.00" id="inductionLoop.S2" nVehContrib="9" flow="324.00" occupancy="30.93" speed="4.37" harmonicMeanSpeed="1.45" length="5.00" nVehEntered="9"/>
    <interval begin="21700.00" end="21800.00" id="inductionLoop.S2" nVehContrib="7" flow="252.00" occupancy="23.80" speed="10.19" harmonicMeanSpeed="9.62" length="5.00" nVehEntered="9"/>
    <interval begin="21800.00" end="21900.00" id="inductionLoop.S2" nVehContrib="8" flow="288.00" occupancy="7.10" speed="7.56" harmonicMeanSpeed="1.52" length="5.00" nVehEntered="7"/>
    <interval begin="21900.00" end="22000.00" id="inductionLoop.S2" nVehContrib="8" flow="288.00" occupancy="11.77" speed="9.09" harmonicMeanSpeed="3.40" length="5.00" nVehEntered="8"/>
    <interval begin="22000.00" end="22100.00" id="inductionLoop.S2" nVehContrib="8" flow="288.00" occupancy="27.66" speed="8.89" harmonicMeanSpeed="6.20" length="5.00" nVehEntered="9"/>
    <interval begin="22100.00" end="22200.00" id="inductionLoop.S2" nVehContrib="8" flow="288.00" occupancy="21.63" speed="2.65" harmonicMeanSpeed="0.93" length="5.00" nVehEntered="7"/>
    <interval begin="22200.00" end="22300.00" id="inductionLoop.S2" nVehContrib="4" flow="144.00" occupancy="5.53" speed="5.67" harmonicMeanSpeed="3.79" length="5.00" nVehEntered="5"/>
    <interval begin="22300.00" end="22400.00" id="inductionLoop.S2" nVehContrib="6" flow="216.00" occupancy="4.11" speed="9.64" harmonicMeanSpeed="8.89" length="5.00" nVehEntered="7"/>
    <interval begin="22400.00" end="22500.00" id="inductionLoop.S2" nVehContrib="6" flow="216.00" occupancy="2.44" speed="12.51" harmonicMeanSpeed="12.32" length="5.00" nVehEntered="6"/>
    <interval begin="22500.00" end="22600.00" id="inductionLoop.S2" nVehContrib="8" flow="288.00" occupancy="3.79" speed="11.66" harmonicMeanSpeed="11.54" length="5.00" nVehEntered="9"/>
    <interval begin="22600.00" end="22700.00" id="inductionLoop.S2" nVehContrib="9" flow="324.00" occupancy="10.00" speed="9.70" harmonicMeanSpeed="6.72" length="5.00" nVehEntered="11"/>
    <interval begin="22700.00" end="22800.00" id="inductionLoop.S2" nVehContrib="6" flow="216.00" occupancy="27.29" speed="2.51" harmonicMeanSpeed="1.00" length="5.00" nVehEntered="5"/>
    <interval begin="22800.00" end="22900.00" id="inductionLoop.S2" nVehContrib="10" flow="360.00" occupancy="7.93" speed="8.73" harmonicMeanSpeed="6.31" length="5.00" nVehEntered="10"/>
    <interval begin="22900.00" end="23000.00" id="inductionLoop.S2" nVehContrib="7" flow="252.00" occupancy="40.28" speed="6.65" harmonicMeanSpeed="0.87" length="5.00" nVehEntered="7"/>
    <interval begin="23000.00" end="23100.00" id="inductionLoop.S2" nVehContrib="4" flow="144.00" occupancy="1.76" speed="11.58" harmonicMeanSpeed="11.36" length="5.00" nVehEntered="4"/>
    <interval begin="23100.00" end="23200.00" id="inductionLoop.S2" nVehContrib="11" flow="396.00" occupancy="41.60" speed="9.69" harmonicMeanSpeed="1.34" length="5.00" nVehEntered="12"/>
    <interval begin="23200.00" end="23300.00" id="inductionLoop.S2" nVehContrib="6" flow="216.00" occupancy="3.48" speed="8.57" harmonicMeanSpeed="7.43" length="5.00" nVehEntered="5"/>
    <interval begin="23300.00" end="23400.00" id="inductionLoop.S2" nVehContrib="12" flow="432.00" occupancy="20.81" speed="9.09" harmonicMeanSpeed="2.88" length="5.00" nVehEntered="12"/>
    <interval begin="23400.00" end="23500.00" id="inductionLoop.S2" nVehContrib="8" flow="288.00" occupancy="8.03" speed="7.73" harmonicMeanSpeed="4.98" length="5.00" nVehEntered="8"/>
    <interval begin="23500.00" end="23600.00" id="inductionLoop.S2" nVehContrib="9" flow="324.00" occupancy="10.13" speed="11.08" harmonicMeanSpeed="10.80" length="5.00" nVehEntered="10"/>
    <interval begin="23600.00" end="23700.00" id="inductionLoop.S2" nVehContrib="6" flow="216.00" occupancy="16.77" speed="4.85" harmonicMeanSpeed="1.32" length="5.00" nVehEntered="5"/>
    <interval begin="23700.00" end="23800.00" id="inductionLoop.S2" nVehContrib="10" flow="360.00" occupancy="10.92" speed="10.40" harmonicMeanSpeed="4.58" length="5.00" nVehEntered="10"/>
    <interval begin="23800.00" end="23900.00" id="inductionLoop.S2" nVehContrib="6" flow="216.00" occupancy="5.37" speed="10.05" harmonicMeanSpeed="6.14" length="5.00" nVehEntered="8"/>
    <interval begin="23900.00" end="24000.00" id="inductionLoop.S2" nVehContrib="7" flow="252.00" occupancy="3.80" speed="10.78" harmonicMeanSpeed="9.63" length="5.00" nVehEntered="9"/>
    <interval begin="24000.00" end="24100.00" id="inductionLoop.S2" nVehContrib="8" flow="288.00" occupancy="4.65" speed="9.93" harmonicMeanSpeed="8.82" length="5.00" nVehEntered="9"/>
    <interval begin="24100.00" end="24200.00" id="inductionLoop.S2" nVehContrib="12" flow="432.00" occupancy="10.40" speed="9.84" harmonicMeanSpeed="6.50" length="5.00" nVehEntered="14"/>
    <interval begin="24200.00" end="24300.00" id="inductionLoop.S2" nVehContrib="5" flow="180.00" occupancy="34.86" speed="4.21" harmonicMeanSpeed="0.74" length="5.00" nVehEntered="7"/>
    <interval begin="24300.00" end="24400.00" id="inductionLoop.S2" nVehContrib="11" flow="396.00" occupancy="6.85" speed="9.45" harmonicMeanSpeed="8.03" length="5.00" nVehEntered="11"/>
    <interval begin="24400.00" end="24500.00" id="inductionLoop.S2" nVehContrib="7" flow="252.00" occupancy="4.52" speed="9.53" harmonicMeanSpeed="7.74" length="5.00" nVehEntered="7"/>
    <interval begin="24500.00" end="24600.00" id="inductionLoop.S2" nVehContrib="7" flow="252.00" occupancy="3.08" speed="11.61" harmonicMeanSpeed="11.37" length="5.00" nVehEntered="7"/>
    <interval begin="24600.00" end="24700.00" id="inductionLoop.S2" nVehContrib="6" flow="216.00" occupancy="4.51" speed="8.11" harmonicMeanSpeed="6.66" length="5.00" nVehEntered="6"/>
    <interval begin="24700.00" end="24800.00" id="inductionLoop.S2" nVehContrib="8" flow="288.00" occupancy="26.87" speed="7.87" harmonicMeanSpeed="1.55" length="5.00" nVehEntered="10"/>
    <interval begin="24800.00" end="24900.00" id="inductionLoop.S2" nVehContrib="12" flow="432.00" occupancy="19.08" speed="5.47" harmonicMeanSpeed="3.14" length="5.00" nVehEntered="12"/>
    <interval begin="24900.00" end="25000.00" id="inductionLoop.S2" nVehContrib="6" flow="216.00" occupancy="7.25" speed="7.42" harmonicMeanSpeed="4.14" length="5.00" nVehEntered="6"/>
    <interval begin="25000.00" end="25100.00" id="inductionLoop.S2" nVehContrib="9" flow="324.00" occupancy="5.51" speed="9.42" harmonicMeanSpeed="8.44" length="5.00" nVehEntered="11"/>
    <interval begin="25100.00" end="25200.00" id="inductionLoop.S2" nVehContrib="7" flow="252.00" occupancy="24.92" speed="8.91" harmonicMeanSpeed="1.42" length="5.00" nVehEntered="8"/>
    <interval begin="25200.00" end="25300.00" id="inductionLoop.S2" nVehContrib="7" flow="252.00" occupancy="21.57" speed="8.78" harmonicMeanSpeed="2.97" length="5.00" nVehEntered="9"/>
    <interval begin="25300.00" end="25400.00" id="inductionLoop.S2" nVehContrib="9" flow="324.00" occupancy="69.56" speed="3.89" harmonicMeanSpeed="0.58" length="5.00" nVehEntered="9"/>
    <interval begin="25400.00" end="25500.00" id="inductionLoop.S2" nVehContrib="10" flow="360.00" occupancy="12.27" speed="6.10" harmonicMeanSpeed="4.08" length="5.00" nVehEntered="11"/>
    <interval begin="25500.00" end="25600.00" id="inductionLoop.S2" nVehContrib="8" flow="288.00" occupancy="7.76" speed="8.51" harmonicMeanSpeed="5.16" length="5.00" nVehEntered="8"/>
    <interval begin="25600.00" end="25700.00" id="inductionLoop.S2" nVehContrib="13" flow="468.00" occupancy="14.47" speed="7.61" harmonicMeanSpeed="4.56" length="5.00" nVehEntered="14"/>
    <interval begin="25700.00" end="25800.00" id="inductionLoop.S2" nVehContrib="9" flow="324.00" occupancy="38.19" speed="7.01" harmonicMeanSpeed="1.19" length="5.00" nVehEntered="11"/>
    <interval begin="25800.00" end="25900.00" id="inductionLoop.S2" nVehContrib="11" flow="396.00" occupancy="13.18" speed="8.51" harmonicMeanSpeed="4.27" length="5.00" nVehEntered="12"/>
    <interval begin="25900.00" end="26000.00" id="inductionLoop.S2" nVehContrib="11" flow="396.00" occupancy="27.66" speed="8.16" harmonicMeanSpeed="1.98" length="5.00" nVehEntered="11"/>
    <interval begin="26000.00" end="26100.00" id="inductionLoop.S2" nVehContrib="8" flow="288.00" occupancy="6.93" speed="9.45" harmonicMeanSpeed="6.41" length="5.00" nVehEntered="10"/>
    <interval begin="26100.00" end="26200.00" id="inductionLoop.S2" nVehContrib="6" flow="216.00" occupancy="17.95" speed="3.62" harmonicMeanSpeed="1.66" length="5.00" nVehEntered="7"/>
    <interval begin="26200.00" end="26300.00" id="inductionLoop.S2" nVehContrib="6" flow="216.00" occupancy="12.59" speed="3.49" harmonicMeanSpeed="2.38" length="5.00" nVehEntered="6"/>
    <interval begin="26300.00" end="26400.00" id="inductionLoop.S2" nVehContrib="11" flow="396.00" occupancy="34.69" speed="7.14" harmonicMeanSpeed="1.60" length="5.00" nVehEntered="12"/>
    <interval begin="26400.00" end="26500.00" id="inductionLoop.S2" nVehContrib="7" flow="252.00" occupancy="16.50" speed="5.57" harmonicMeanSpeed="2.53" length="5.00" nVehEntered="8"/>
    <interval begin="26500.00" end="26600.00" id="inductionLoop.S2" nVehContrib="7" flow="252.00" occupancy="26.55" speed="6.33" harmonicMeanSpeed="2.66" length="5.00" nVehEntered="7"/>
    <interval begin="26600.00" end="26700.00" id="inductionLoop.S2" nVehContrib="11" flow="396.00" occupancy="25.84" speed="7.55" harmonicMeanSpeed="1.31" length="5.00" nVehEntered="10"/>
    <interval begin="26700.00" end="26800.00" id="inductionLoop.S2" nVehContrib="8" flow="288.00" occupancy="29.05" speed="8.19" harmonicMeanSpeed="1.38" length="5.00" nVehEntered="8"/>
    <interval begin="26800.00" end="26900.00" id="inductionLoop.S2" nVehContrib="5" flow="180.00" occupancy="2.14" speed="12.10" harmonicMeanSpeed="11.95" length="5.00" nVehEntered="6"/>
    <interval begin="26900.00" end="27000.00" id="inductionLoop.S2" nVehContrib="3" flow="108.00" occupancy="1.29" speed="11.80" harmonicMeanSpeed="11.61" length="5.00" nVehEntered="3"/>
    <interval begin="27000.00" end="27100.00" id="inductionLoop.S2" nVehContrib="4" flow="144.00" occupancy="2.05" speed="10.63" harmonicMeanSpeed="9.77" length="5.00" nVehEntered="4"/>
    <interval begin="27100.00" end="27200.00" id="inductionLoop.S2" nVehContrib="6" flow="216.00" occupancy="3.79" speed="9.86" harmonicMeanSpeed="7.91" length="5.00" nVehEntered="6"/>
    <interval begin="27200.00" end="27300.00" id="inductionLoop.S2" nVehContrib="5" flow="180.00" occupancy="7.57" speed="7.90" harmonicMeanSpeed="4.48" length="5.00" nVehEntered="6"/>
    <interval begin="27300.00" end="27400.00" id="inductionLoop.S2" nVehContrib="4" flow="144.00" occupancy="2.11" speed="11.66" harmonicMeanSpeed="11.29" length="5.00" nVehEntered="5"/>
    <interval begin="27400.00" end="27500.00" id="inductionLoop.S2" nVehContrib="11" flow="396.00" occupancy="16.01" speed="5.59" harmonicMeanSpeed="3.58" length="5.00" nVehEntered="12"/>
    <interval begin="27500.00" end="27600.00" id="inductionLoop.S2" nVehContrib="7" flow="252.00" occupancy="39.45" speed="3.34" harmonicMeanSpeed="2.34" length="5.00" nVehEntered="8"/>
    <interval begin="27600.00" end="27700.00" id="inductionLoop.S2" nVehContrib="6" flow="216.00" occupancy="41.20" speed="1.55" harmonicMeanSpeed="0.46" length="5.00" nVehEntered="5"/>
    <interval begin="27700.00" end="27800.00" id="inductionLoop.S2" nVehContrib="11" flow="396.00" occupancy="24.59" speed="2.96" harmonicMeanSpeed="2.24" length="5.00" nVehEntered="11"/>
    <interval begin="27800.00" end="27900.00" id="inductionLoop.S2" nVehContrib="12" flow="432.00" occupancy="21.48" speed="4.60" harmonicMeanSpeed="2.79" length="5.00" nVehEntered="12"/>
    <interval begin="27900.00" end="28000.00" id="inductionLoop.S2" nVehContrib="9" flow="324.00" occupancy="20.64" speed="3.29" harmonicMeanSpeed="2.18" length="5.00" nVehEntered="9"/>
    <interval begin="28000.00" end="28100.00" id="inductionLoop.S2" nVehContrib="17" flow="612.00" occupancy="57.60" speed="5.06" harmonicMeanSpeed="3.18" length="5.00" nVehEntered="18"/>
    <interval begin="28100.00" end="28200.00" id="inductionLoop.S2" nVehContrib="11" flow="396.00" occupancy="48.05" speed="3.03" harmonicMeanSpeed="0.70" length="5.00" nVehEntered="10"/>
    <interval begin="28200.00" end="28300.00" id="inductionLoop.S2" nVehContrib="7" flow="252.00" occupancy="15.33" speed="3.68" harmonicMeanSpeed="2.28" length="5.00" nVehEntered="7"/>
    <interval begin="28300.00" end="28400.00" id="inductionLoop.S2" nVehContrib="13" flow="468.00" occupancy="67.74" speed="4.02" harmonicMeanSpeed="0.96" length="5.00" nVehEntered="13"/>
    <interval begin="28400.00" end="28500.00" id="inductionLoop.S2" nVehContrib="14" flow="504.00" occupancy="29.97" speed="8.54" harmonicMeanSpeed="5.18" length="5.00" nVehEntered="15"/>
    <interval begin="28500.00" end="28600.00" id="inductionLoop.S2" nVehContrib="11" flow="396.00" occupancy="27.99" speed="3.24" harmonicMeanSpeed="1.24" length="5.00" nVehEntered="12"/>
    <interval begin="28600.00" end="28700.00" id="inductionLoop.S2" nVehContrib="14" flow="504.00" occupancy="13.85" speed="9.14" harmonicMeanSpeed="5.05" length="5.00" nVehEntered="14"/>
    <interval begin="28700.00" end="28800.00" id="inductionLoop.S2" nVehContrib="10" flow="360.00" occupancy="47.62" speed="5.40" harmonicMeanSpeed="1.78" length="5.00" nVehEntered="12"/>
    <interval begin="28800.00" end="28900.00" id="inductionLoop.S2" nVehContrib="7" flow="252.00" occupancy="19.20" speed="2.75" harmonicMeanSpeed="0.91" length="5.00" nVehEntered="6"/>
    <interval begin="28900.00" end="29000.00" id="inductionLoop.S2" nVehContrib="8" flow="288.00" occupancy="24.79" speed="1.94" harmonicMeanSpeed="1.74" length="5.00" nVehEntered="9"/>
    <interval begin="29000.00" end="29100.00" id="inductionLoop.S2" nVehContrib="7" flow="252.00" occupancy="76.22" speed="1.33" harmonicMeanSpeed="0.47" length="5.00" nVehEntered="7"/>
    <interval begin="29100.00" end="29200.00" id="inductionLoop.S2" nVehContrib="11" flow="396.00" occupancy="56.72" speed="4.41" harmonicMeanSpeed="0.92" length="5.00" nVehEntered="10"/>
    <interval begin="29200.00" end="29300.00" id="inductionLoop.S2" nVehContrib="6" flow="216.00" occupancy="9.16" speed="6.06" harmonicMeanSpeed="3.30" length="5.00" nVehEntered="7"/>
    <interval begin="29300.00" end="29400.00" id="inductionLoop.S2" nVehContrib="3" flow="108.00" occupancy="1.68" speed="11.14" harmonicMeanSpeed="11.13" length="5.00" nVehEntered="4"/>
    <interval begin="29400.00" end="29500.00" id="inductionLoop.S2" nVehContrib="6" flow="216.00" occupancy="4.15" speed="9.35" harmonicMeanSpeed="8.29" length="5.00" nVehEntered="7"/>
    <interval begin="29500.00" end="29600.00" id="inductionLoop.S2" nVehContrib="4" flow="144.00" occupancy="4.20" speed="9.55" harmonicMeanSpeed="4.97" length="5.00" nVehEntered="5"/>
    <interval begin="29600.00" end="29700.00" id="inductionLoop.S2" nVehContrib="9" flow="324.00" occupancy="7.60" speed="7.99" harmonicMeanSpeed="5.92" length="5.00" nVehEntered="9"/>
    <interval begin="29700.00" end="29800.00" id="inductionLoop.S2" nVehContrib="5" flow="180.00" occupancy="2.45" speed="10.75" harmonicMeanSpeed="10.20" length="5.00" nVehEntered="5"/>
    <interval begin="29800.00" end="29900.00" id="inductionLoop.S2" nVehContrib="1" flow="36.00" occupancy="0.35" speed="14.42" harmonicMeanSpeed="14.42" length="5.00" nVehEntered="1"/>
    <interval begin="29900.00" end="30000.00" id="inductionLoop.S2" nVehContrib="0" flow="0.00" occupancy="0.00" speed="-1.00" harmonicMeanSpeed="-1.00" length="-1.00" nVehEntered="0"/>
    <interval begin="30000.00" end="30100.00" id="inductionLoop.S2" nVehContrib="3" flow="108.00" occupancy="1.91" speed="10.03" harmonicMeanSpeed="7.86" length="5.00" nVehEntered="3"/>
    <interval begin="30100.00" end="30200.00" id="inductionLoop.S2" nVehContrib="4" flow="144.00" occupancy="2.84" speed="8.88" harmonicMeanSpeed="7.04" length="5.00" nVehEntered="4"/>
    <interval begin="30200.00" end="30300.00" id="inductionLoop.S2" nVehContrib="1" flow="36.00" occupancy="1.11" speed="4.49" harmonicMeanSpeed="4.49" length="5.00" nVehEntered="1"/>
    <interval begin="30300.00" end="30400.00" id="inductionLoop.S2" nVehContrib="3" flow="108.00" occupancy="1.11" speed="13.56" harmonicMeanSpeed="13.45" length="5.00" nVehEntered="3"/>
    <interval begin="30400.00" end="30500.00" id="inductionLoop.S2" nVehContrib="2" flow="72.00" occupancy="0.77" speed="12.95" harmonicMeanSpeed="12.92" length="5.00" nVehEntered="2"/>
    <interval begin="30500.00" end="30600.00" id="inductionLoop.S2" nVehContrib="1" flow="36.00" occupancy="0.37" speed="13.53" harmonicMeanSpeed="13.53" length="5.00" nVehEntered="1"/>
    <interval begin="30600.00" end="30700.00" id="inductionLoop.S2" nVehContrib="2" flow="72.00" occupancy="2.03" speed="6.22" harmonicMeanSpeed="4.93" length="5.00" nVehEntered="2"/>
    <interval begin="30700.00" end="30800.00" id="inductionLoop.S2" nVehContrib="0" flow="0.00" occupancy="0.00" speed="-1.00" harmonicMeanSpeed="-1.00" length="-1.00" nVehEntered="0"/>
    <interval begin="30800.00" end="30900.00" id="inductionLoop.S2" nVehContrib="0" flow="0.00" occupancy="0.00" speed="-1.00" harmonicMeanSpeed="-1.00" length="-1.00" nVehEntered="0"/>
    <interval begin="30900.00" end="31000.00" id="inductionLoop.S2" nVehContrib="4" flow="144.00" occupancy="1.62" speed="12.71" harmonicMeanSpeed="12.67" length="5.00" nVehEntered="5"/>
    <interval begin="31000.00" end="31100.00" id="inductionLoop.S2" nVehContrib="5" flow="180.00" occupancy="8.47" speed="6.55" harmonicMeanSpeed="2.96" length="5.00" nVehEntered="6"/>
    <interval begin="31100.00" end="31200.00" id="inductionLoop.S2" nVehContrib="2" flow="72.00" occupancy="0.81" speed="12.66" harmonicMeanSpeed="12.39" length="5.00" nVehEntered="2"/>
    <interval begin="31200.00" end="31300.00" id="inductionLoop.S2" nVehContrib="7" flow="252.00" occupancy="8.01" speed="6.16" harmonicMeanSpeed="4.37" length="5.00" nVehEntered="7"/>
    <interval begin="31300.00" end="31400.00" id="inductionLoop.S2" nVehContrib="8" flow="288.00" occupancy="9.63" speed="8.40" harmonicMeanSpeed="4.40" length="5.00" nVehEntered="10"/>
    <interval begin="31400.00" end="31500.00" id="inductionLoop.S2" nVehContrib="5" flow="180.00" occupancy="3.62" speed="11.06" harmonicMeanSpeed="10.50" length="5.00" nVehEntered="7"/>
    <interval begin="31500.00" end="31600.00" id="inductionLoop.S2" nVehContrib="5" flow="180.00" occupancy="2.28" speed="11.94" harmonicMeanSpeed="11.49" length="5.00" nVehEntered="6"/>
    <interval begin="31600.00" end="31700.00" id="inductionLoop.S2" nVehContrib="3" flow="108.00" occupancy="2.58" speed="9.96" harmonicMeanSpeed="7.34" length="5.00" nVehEntered="5"/>
    <interval begin="31700.00" end="31800.00" id="inductionLoop.S2" nVehContrib="1" flow="36.00" occupancy="1.39" speed="3.59" harmonicMeanSpeed="3.59" length="5.00" nVehEntered="1"/>
    <interval begin="31800.00" end="31900.00" id="inductionLoop.S2" nVehContrib="4" flow="144.00" occupancy="2.59" speed="9.75" harmonicMeanSpeed="7.73" length="5.00" nVehEntered="4"/>
    <interval begin="31900.00" end="32000.00" id="inductionLoop.S2" nVehContrib="3" flow="108.00" occupancy="2.07" speed="9.25" harmonicMeanSpeed="7.24" length="5.00" nVehEntered="3"/>
    <interval begin="32000.00" end="32100.00" id="inductionLoop.S2" nVehContrib="3" flow="108.00" occupancy="2.28" speed="9.97" harmonicMeanSpeed="7.21" length="5.00" nVehEntered="4"/>
    <interval begin="32100.00" end="32200.00" id="inductionLoop.S2" nVehContrib="3" flow="108.00" occupancy="1.13" speed="13.26" harmonicMeanSpeed="13.24" length="5.00" nVehEntered="3"/>
    <interval begin="32200.00" end="32300.00" id="inductionLoop.S2" nVehContrib="1" flow="36.00" occupancy="0.36" speed="13.89" harmonicMeanSpeed="13.89" length="5.00" nVehEntered="1"/>
    <interval begin="32300.00" end="32400.00" id="inductionLoop.S2" nVehContrib="0" flow="0.00" occupancy="0.00" speed="-1.00" harmonicMeanSpeed="-1.00" length="-1.00" nVehEntered="0"/>
    <interval begin="32400.00" end="32500.00" id="inductionLoop.S2" nVehContrib="5" flow="180.00" occupancy="2.79" speed="11.43" harmonicMeanSpeed="8.97" length="5.00" nVehEntered="5"/>
    <interval begin="32500.00" end="32600.00" id="inductionLoop.S2" nVehContrib="9" flow="324.00" occupancy="12.36" speed="9.88" harmonicMeanSpeed="9.46" length="5.00" nVehEntered="10"/>
    <interval begin="32600.00" end="32700.00" id="inductionLoop.S2" nVehContrib="10" flow="360.00" occupancy="17.68" speed="6.30" harmonicMeanSpeed="1.98" length="5.00" nVehEntered="9"/>
    <interval begin="32700.00" end="32800.00" id="inductionLoop.S2" nVehContrib="7" flow="252.00" occupancy="11.66" speed="8.86" harmonicMeanSpeed="3.04" length="5.00" nVehEntered="8"/>
    <interval begin="32800.00" end="32900.00" id="inductionLoop.S2" nVehContrib="0" flow="0.00" occupancy="0.00" speed="-1.00" harmonicMeanSpeed="-1.00" length="-1.00" nVehEntered="0"/>
    <interval begin="32900.00" end="33000.00" id="inductionLoop.S2" nVehContrib="0" flow="0.00" occupancy="0.00" speed="-1.00" harmonicMeanSpeed="-1.00" length="-1.00" nVehEntered="0"/>
    <interval begin="33000.00" end="33100.00" id="inductionLoop.S2" nVehContrib="1" flow="36.00" occupancy="0.40" speed="12.54" harmonicMeanSpeed="12.54" length="5.00" nVehEntered="1"/>
    <interval begin="33100.00" end="33200.00" id="inductionLoop.S2" nVehContrib="3" flow="108.00" occupancy="1.78" speed="10.01" harmonicMeanSpeed="9.92" length="5.00" nVehEntered="4"/>
    <interval begin="33200.00" end="33300.00" id="inductionLoop.S2" nVehContrib="6" flow="216.00" occupancy="3.72" speed="9.50" harmonicMeanSpeed="8.22" length="5.00" nVehEntered="7"/>
    <interval begin="33300.00" end="33400.00" id="inductionLoop.S2" nVehContrib="8" flow="288.00" occupancy="21.52" speed="6.15" harmonicMeanSpeed="4.40" length="5.00" nVehEntered="12"/>
    <interval begin="33400.00" end="33500.00" id="inductionLoop.S2" nVehContrib="9" flow="324.00" occupancy="27.73" speed="5.11" harmonicMeanSpeed="1.14" length="5.00" nVehEntered="9"/>
    <interval begin="33500.00" end="33600.00" id="inductionLoop.S2" nVehContrib="8" flow="288.00" occupancy="10.76" speed="9.97" harmonicMeanSpeed="3.78" length="5.00" nVehEntered="9"/>
    <interval begin="33600.00" end="33700.00" id="inductionLoop.S2" nVehContrib="10" flow="360.00" occupancy="25.50" speed="8.51" harmonicMeanSpeed="2.00" length="5.00" nVehEntered="12"/>
    <interval begin="33700.00" end="33800.00" id="inductionLoop.S2" nVehContrib="3" flow="108.00" occupancy="2.82" speed="8.94" harmonicMeanSpeed="6.43" length="5.00" nVehEntered="4"/>
    <interval begin="33800.00" end="33900.00" id="inductionLoop.S2" nVehContrib="0" flow="0.00" occupancy="0.12" speed="-1.00" harmonicMeanSpeed="-1.00" length="-1.00" nVehEntered="1"/>
    <interval begin="33900.00" end="34000.00" id="inductionLoop.S2" nVehContrib="4" flow="144.00" occupancy="1.60" speed="13.97" harmonicMeanSpeed="13.89" length="5.00" nVehEntered="5"/>
    <interval begin="34000.00" end="34100.00" id="inductionLoop.S2" nVehContrib="5" flow="180.00" occupancy="3.92" speed="8.87" harmonicMeanSpeed="6.37" length="5.00" nVehEntered="5"/>
    <interval begin="34100.00" end="34200.00" id="inductionLoop.S2" nVehContrib="2" flow="72.00" occupancy="0.82" speed="12.24" harmonicMeanSpeed="12.22" length="5.00" nVehEntered="2"/>
    <interval begin="34200.00" end="34300.00" id="inductionLoop.S2" nVehContrib="4" flow="144.00" occupancy="1.65" speed="12.32" harmonicMeanSpeed="12.09" length="5.00" nVehEntered="4"/>
    <interval begin="34300.00" end="34400.00" id="inductionLoop.S2" nVehContrib="4" flow="144.00" occupancy="3.70" speed="7.98" harmonicMeanSpeed="5.40" length="5.00" nVehEntered="4"/>
    <interval begin="34400.00" end="34500.00" id="inductionLoop.S2" nVehContrib="4" flow="144.00" occupancy="2.80" speed="10.46" harmonicMeanSpeed="7.35" length="5.00" nVehEntered="5"/>
    <interval begin="34500.00" end="34600.00" id="inductionLoop.S2" nVehContrib="8" flow="288.00" occupancy="6.57" speed="9.07" harmonicMeanSpeed="6.50" length="5.00" nVehEntered="9"/>
    <interval begin="34600.00" end="34700.00" id="inductionLoop.S2" nVehContrib="5" flow="180.00" occupancy="58.49" speed="1.39" harmonicMeanSpeed="0.43" length="5.00" nVehEntered="5"/>
    <interval begin="34700.00" end="34800.00" id="inductionLoop.S2" nVehContrib="5" flow="180.00" occupancy="12.71" speed="3.00" harmonicMeanSpeed="1.97" length="5.00" nVehEntered="5"/>
    <interval begin="34800.00" end="34900.00" id="inductionLoop.S2" nVehContrib="7" flow="252.00" occupancy="43.53" speed="6.22" harmonicMeanSpeed="0.82" length="5.00" nVehEntered="9"/>
    <interval begin="34900.00" end="35000.00" id="inductionLoop.S2" nVehContrib="9" flow="324.00" occupancy="65.47" speed="2.69" harmonicMeanSpeed="0.80" length="5.00" nVehEntered="10"/>
    <interval begin="35000.00" end="35100.00" id="inductionLoop.S2" nVehContrib="8" flow="288.00" occupancy="37.01" speed="6.22" harmonicMeanSpeed="0.88" length="5.00" nVehEntered="8"/>
    <interval begin="35100.00" end="35200.00" id="inductionLoop.S2" nVehContrib="6" flow="216.00" occupancy="35.01" speed="11.43" harmonicMeanSpeed="10.86" length="5.00" nVehEntered="9"/>
    <interval begin="35200.00" end="35300.00" id="inductionLoop.S2" nVehContrib="8" flow="288.00" occupancy="59.52" speed="6.46" harmonicMeanSpeed="0.85" length="5.00" nVehEntered="9"/>
    <interval begin="35300.00" end="35400.00" id="inductionLoop.S2" nVehContrib="11" flow="396.00" occupancy="14.43" speed="6.58" harmonicMeanSpeed="0.94" length="5.00" nVehEntered="10"/>
    <interval begin="35400.00" end="35500.00" id="inductionLoop.S2" nVehContrib="5" flow="180.00" occupancy="2.46" speed="10.81" harmonicMeanSpeed="10.18" length="5.00" nVehEntered="5"/>
    <interval begin="35500.00" end="35600.00" id="inductionLoop.S2" nVehContrib="2" flow="72.00" occupancy="0.97" speed="10.73" harmonicMeanSpeed="10.36" length="5.00" nVehEntered="2"/>
    <interval begin="35600.00" end="35700.00" id="inductionLoop.S2" nVehContrib="4" flow="144.00" occupancy="3.71" speed="7.54" harmonicMeanSpeed="5.42" length="5.00" nVehEntered="5"/>
    <interval begin="35700.00" end="35800.00" id="inductionLoop.S2" nVehContrib="4" flow="144.00" occupancy="3.93" speed="7.13" harmonicMeanSpeed="5.45" length="5.00" nVehEntered="5"/>
    <interval begin="35800.00" end="35900.00" id="inductionLoop.S2" nVehContrib="7" flow="252.00" occupancy="28.89" speed="7.51" harmonicMeanSpeed="1.31" length="5.00" nVehEntered="9"/>
    <interval begin="35900.00" end="36000.00" id="inductionLoop.S2" nVehContrib="10" flow="360.00" occupancy="21.82" speed="3.88" harmonicMeanSpeed="2.29" length="5.00" nVehEntered="10"/>
    <interval begin="36000.00" end="36100.00" id="inductionLoop.S2" nVehContrib="5" flow="180.00" occupancy="28.92" speed="4.39" harmonicMeanSpeed="0.90" length="5.00" nVehEntered="7"/>
    <interval begin="36100.00" end="36200.00" id="inductionLoop.S2" nVehContrib="2" flow="72.00" occupancy="6.38" speed="2.51" harmonicMeanSpeed="1.57" length="5.00" nVehEntered="2"/>
    <interval begin="36200.00" end="36300.00" id="inductionLoop.S2" nVehContrib="0" flow="0.00" occupancy="0.00" speed="-1.00" harmonicMeanSpeed="-1.00" length="-1.00" nVehEntered="0"/>
    <interval begin="36300.00" end="36400.00" id="inductionLoop.S2" nVehContrib="3" flow="108.00" occupancy="5.67" speed="3.59" harmonicMeanSpeed="3.06" length="5.00" nVehEntered="5"/>
    <interval begin="36400.00" end="36500.00" id="inductionLoop.S2" nVehContrib="11" flow="396.00" occupancy="32.03" speed="7.08" harmonicMeanSpeed="1.84" length="5.00" nVehEntered="12"/>
    <interval begin="36500.00" end="36600.00" id="inductionLoop.S2" nVehContrib="9" flow="324.00" occupancy="23.04" speed="5.61" harmonicMeanSpeed="2.12" length="5.00" nVehEntered="11"/>
    <interval begin="36600.00" end="36700.00" id="inductionLoop.S2" nVehContrib="6" flow="216.00" occupancy="13.71" speed="5.82" harmonicMeanSpeed="2.24" length="5.00" nVehEntered="7"/>
    <interval begin="36700.00" end="36800.00" id="inductionLoop.S2" nVehContrib="7" flow="252.00" occupancy="12.30" speed="6.39" harmonicMeanSpeed="2.91" length="5.00" nVehEntered="8"/>
    <interval begin="36800.00" end="36900.00" id="inductionLoop.S2" nVehContrib="6" flow="216.00" occupancy="4.79" speed="9.54" harmonicMeanSpeed="8.47" length="5.00" nVehEntered="8"/>
    <interval begin="36900.00" end="37000.00" id="inductionLoop.S2" nVehContrib="7" flow="252.00" occupancy="23.14" speed="4.58" harmonicMeanSpeed="1.62" length="5.00" nVehEntered="9"/>
    <interval begin="37000.00" end="37100.00" id="inductionLoop.S2" nVehContrib="10" flow="360.00" occupancy="5.84" speed="9.29" harmonicMeanSpeed="6.79" length="5.00" nVehEntered="9"/>
    <interval begin="37100.00" end="37200.00" id="inductionLoop.S2" nVehContrib="8" flow="288.00" occupancy="22.41" speed="6.30" harmonicMeanSpeed="1.85" length="5.00" nVehEntered="10"/>
    <interval begin="37200.00" end="37300.00" id="inductionLoop.S2" nVehContrib="8" flow="288.00" occupancy="29.85" speed="8.30" harmonicMeanSpeed="6.36" length="5.00" nVehEntered="10"/>
    <interval begin="37300.00" end="37400.00" id="inductionLoop.S2" nVehContrib="11" flow="396.00" occupancy="10.81" speed="8.22" harmonicMeanSpeed="1.67" length="5.00" nVehEntered="11"/>
    <interval begin="37400.00" end="37500.00" id="inductionLoop.S2" nVehContrib="8" flow="288.00" occupancy="6.11" speed="9.15" harmonicMeanSpeed="6.55" length="5.00" nVehEntered="8"/>
    <interval begin="37500.00" end="37600.00" id="inductionLoop.S2" nVehContrib="7" flow="252.00" occupancy="7.18" speed="11.70" harmonicMeanSpeed="11.25" length="5.00" nVehEntered="9"/>
    <interval begin="37600.00" end="37700.00" id="inductionLoop.S2" nVehContrib="11" flow="396.00" occupancy="44.27" speed="6.72" harmonicMeanSpeed="1.18" length="5.00" nVehEntered="12"/>
    <interval begin="37700.00" end="37800.00" id="inductionLoop.S2" nVehContrib="9" flow="324.00" occupancy="6.98" speed="9.21" harmonicMeanSpeed="6.85" length="5.00" nVehEntered="10"/>
    <interval begin="37800.00" end="37900.00" id="inductionLoop.S2" nVehContrib="9" flow="324.00" occupancy="4.62" speed="10.92" harmonicMeanSpeed="10.21" length="5.00" nVehEntered="10"/>
    <interval begin="37900.00" end="38000.00" id="inductionLoop.S2" nVehContrib="9" flow="324.00" occupancy="22.37" speed="6.01" harmonicMeanSpeed="2.01" length="5.00" nVehEntered="9"/>
    <interval begin="38000.00" end="38100.00" id="inductionLoop.S2" nVehContrib="11" flow="396.00" occupancy="66.23" speed="4.79" harmonicMeanSpeed="0.83" length="5.00" nVehEntered="12"/>
    <interval begin="38100.00" end="38200.00" id="inductionLoop.S2" nVehContrib="8" flow="288.00" occupancy="26.13" speed="5.83" harmonicMeanSpeed="1.58" length="5.00" nVehEntered="8"/>
    <interval begin="38200.00" end="38300.00" id="inductionLoop.S2" nVehContrib="11" flow="396.00" occupancy="39.46" speed="5.76" harmonicMeanSpeed="1.36" length="5.00" nVehEntered="10"/>
    <interval begin="38300.00" end="38400.00" id="inductionLoop.S2" nVehContrib="9" flow="324.00" occupancy="20.41" speed="7.57" harmonicMeanSpeed="5.04" length="5.00" nVehEntered="11"/>
    <interval begin="38400.00" end="38500.00" id="inductionLoop.S2" nVehContrib="7" flow="252.00" occupancy="7.72" speed="8.66" harmonicMeanSpeed="1.99" length="5.00" nVehEntered="7"/>
    <interval begin="38500.00" end="38600.00" id="inductionLoop.S2" nVehContrib="8" flow="288.00" occupancy="42.53" speed="8.70" harmonicMeanSpeed="0.94" length="5.00" nVehEntered="8"/>
    <interval begin="38600.00" end="38700.00" id="inductionLoop.S2" nVehContrib="6" flow="216.00" occupancy="15.35" speed="6.68" harmonicMeanSpeed="3.79" length="5.00" nVehEntered="7"/>
    <interval begin="38700.00" end="38800.00" id="inductionLoop.S2" nVehContrib="11" flow="396.00" occupancy="57.47" speed="6.52" harmonicMeanSpeed="0.85" length="5.00" nVehEntered="10"/>
    <interval begin="38800.00" end="38900.00" id="inductionLoop.S2" nVehContrib="7" flow="252.00" occupancy="43.88" speed="5.33" harmonicMeanSpeed="0.85" length="5.00" nVehEntered="8"/>
    <interval begin="38900.00" end="39000.00" id="inductionLoop.S2" nVehContrib="15" flow="540.00" occupancy="57.43" speed="6.62" harmonicMeanSpeed="4.87" length="5.00" nVehEntered="16"/>
    <interval begin="39000.00" end="39100.00" id="inductionLoop.S2" nVehContrib="11" flow="396.00" occupancy="22.69" speed="4.53" harmonicMeanSpeed="0.85" length="5.00" nVehEntered="10"/>
    <interval begin="39100.00" end="39200.00" id="inductionLoop.S2" nVehContrib="14" flow="504.00" occupancy="32.98" speed="4.69" harmonicMeanSpeed="2.89" length="5.00" nVehEntered="15"/>
    <interval begin="39200.00" end="39300.00" id="inductionLoop.S2" nVehContrib="9" flow="324.00" occupancy="59.59" speed="5.56" harmonicMeanSpeed="0.66" length="5.00" nVehEntered="8"/>
    <interval begin="39300.00" end="39400.00" id="inductionLoop.S2" nVehContrib="9" flow="324.00" occupancy="13.37" speed="6.03" harmonicMeanSpeed="3.37" length="5.00" nVehEntered="9"/>
    <interval begin="39400.00" end="39500.00" id="inductionLoop.S2" nVehContrib="10" flow="360.00" occupancy="9.60" speed="7.43" harmonicMeanSpeed="5.21" length="5.00" nVehEntered="10"/>
    <interval begin="39500.00" end="39600.00" id="inductionLoop.S2" nVehContrib="13" flow="468.00" occupancy="58.82" speed="5.05" harmonicMeanSpeed="3.15" length="5.00" nVehEntered="14"/>
    <interval begin="39600.00" end="39700.00" id="inductionLoop.S2" nVehContrib="15" flow="540.00" occupancy="40.18" speed="6.49" harmonicMeanSpeed="0.96" length="5.00" nVehEntered="14"/>
    <interval begin="39700.00" end="39800.00" id="inductionLoop.S2" nVehContrib="10" flow="360.00" occupancy="12.78" speed="6.48" harmonicMeanSpeed="3.91" length="5.00" nVehEntered="10"/>
    <interval begin="39800.00" end="39900.00" id="inductionLoop.S2" nVehContrib="5" flow="180.00" occupancy="25.47" speed="4.86" harmonicMeanSpeed="0.98" length="5.00" nVehEntered="5"/>
    <interval begin="39900.00" end="40000.00" id="inductionLoop.S2" nVehContrib="11" flow="396.00" occupancy="12.87" speed="5.34" harmonicMeanSpeed="4.27" length="5.00" nVehEntered="11"/>
    <interval begin="40000.00" end="40100.00" id="inductionLoop.S2" nVehContrib="6" flow="216.00" occupancy="46.03" speed="2.55" harmonicMeanSpeed="2.14" length="5.00" nVehEntered="7"/>
    <interval begin="40100.00" end="40200.00" id="inductionLoop.S2" nVehContrib="15" flow="540.00" occupancy="43.01" speed="4.55" harmonicMeanSpeed="1.00" length="5.00" nVehEntered="14"/>
    <interval begin="40200.00" end="40300.00" id="inductionLoop.S2" nVehContrib="9" flow="324.00" occupancy="21.74" speed="5.12" harmonicMeanSpeed="2.07" length="5.00" nVehEntered="9"/>
    <interval begin="40300.00" end="40400.00" id="inductionLoop.S2" nVehContrib="5" flow="180.00" occupancy="8.64" speed="3.66" harmonicMeanSpeed="2.89" length="5.00" nVehEntered="5"/>
    <interval begin="40400.00" end="40500.00" id="inductionLoop.S2" nVehContrib="10" flow="360.00" occupancy="15.73" speed="5.05" harmonicMeanSpeed="3.18" length="5.00" nVehEntered="10"/>
    <interval begin="40500.00" end="40600.00" id="inductionLoop.S2" nVehContrib="10" flow="360.00" occupancy="13.60" speed="6.28" harmonicMeanSpeed="3.99" length="5.00" nVehEntered="11"/>
    <interval begin="40600.00" end="40700.00" id="inductionLoop.S2" nVehContrib="6" flow="216.00" occupancy="11.25" speed="4.98" harmonicMeanSpeed="2.67" length="5.00" nVehEntered="6"/>
    <interval begin="40700.00" end="40800.00" id="inductionLoop.S2" nVehContrib="2" flow="72.00" occupancy="18.00" speed="2.33" harmonicMeanSpeed="2.20" length="5.00" nVehEntered="3"/>
    <interval begin="40800.00" end="40900.00" id="inductionLoop.S2" nVehContrib="9" flow="324.00" occupancy="27.97" speed="7.65" harmonicMeanSpeed="1.97" length="5.00" nVehEntered="9"/>
    <interval begin="40900.00" end="41000.00" id="inductionLoop.S2" nVehContrib="4" flow="144.00" occupancy="5.48" speed="3.81" harmonicMeanSpeed="3.65" length="5.00" nVehEntered="4"/>
    <interval begin="41000.00" end="41100.00" id="inductionLoop.S2" nVehContrib="4" flow="144.00" occupancy="5.27" speed="4.83" harmonicMeanSpeed="3.79" length="5.00" nVehEntered="4"/>
    <interval begin="41100.00" end="41200.00" id="inductionLoop.S2" nVehContrib="8" flow="288.00" occupancy="72.80" speed="6.06" harmonicMeanSpeed="0.56" length="5.00" nVehEntered="9"/>
    <interval begin="41200.00" end="41300.00" id="inductionLoop.S2" nVehContrib="5" flow="180.00" occupancy="3.36" speed="9.92" harmonicMeanSpeed="7.43" length="5.00" nVehEntered="5"/>
    <interval begin="41300.00" end="41400.00" id="inductionLoop.S2" nVehContrib="8" flow="288.00" occupancy="14.00" speed="4.96" harmonicMeanSpeed="3.92" length="5.00" nVehEntered="9"/>
    <interval begin="41400.00" end="41500.00" id="inductionLoop.S2" nVehContrib="3" flow="108.00" occupancy="52.44" speed="3.10" harmonicMeanSpeed="0.29" length="5.00" nVehEntered="4"/>
    <interval begin="41500.00" end="41600.00" id="inductionLoop.S2" nVehContrib="7" flow="252.00" occupancy="11.04" speed="4.17" harmonicMeanSpeed="3.17" length="5.00" nVehEntered="7"/>
    <interval begin="41600.00" end="41700.00" id="inductionLoop.S2" nVehContrib="4" flow="144.00" occupancy="53.21" speed="5.57" harmonicMeanSpeed="0.38" length="5.00" nVehEntered="4"/>
    <interval begin="41700.00" end="41800.00" id="inductionLoop.S2" nVehContrib="7" flow="252.00" occupancy="7.99" speed="6.31" harmonicMeanSpeed="4.38" length="5.00" nVehEntered="7"/>
    <interval begin="41800.00" end="41900.00" id="inductionLoop.S2" nVehContrib="2" flow="72.00" occupancy="3.68" speed="4.98" harmonicMeanSpeed="4.59" length="5.00" nVehEntered="4"/>
    <interval begin="41900.00" end="42000.00" id="inductionLoop.S2" nVehContrib="14" flow="504.00" occupancy="8.87" speed="8.84" harmonicMeanSpeed="6.93" length="5.00" nVehEntered="13"/>
    <interval begin="42000.00" end="42100.00" id="inductionLoop.S2" nVehContrib="4" flow="144.00" occupancy="1.58" speed="12.72" harmonicMeanSpeed="12.68" length="5.00" nVehEntered="4"/>
    <interval begin="42100.00" end="42200.00" id="inductionLoop.S2" nVehContrib="3" flow="108.00" occupancy="4.55" speed="4.14" harmonicMeanSpeed="3.30" length="5.00" nVehEntered="3"/>
    <interval begin="42200.00" end="42300.00" id="inductionLoop.S2" nVehContrib="4" flow="144.00" occupancy="9.35" speed="4.22" harmonicMeanSpeed="2.14" length="5.00" nVehEntered="4"/>
    <interval begin="42300.00" end="42400.00" id="inductionLoop.S2" nVehContrib="9" flow="324.00" occupancy="6.26" speed="10.76" harmonicMeanSpeed="7.18" length="5.00" nVehEntered="9"/>
    <interval begin="42400.00" end="42500.00" id="inductionLoop.S2" nVehContrib="7" flow="252.00" occupancy="11.67" speed="5.34" harmonicMeanSpeed="3.00" length="5.00" nVehEntered="7"/>
    <interval begin="42500.00" end="42600.00" id="inductionLoop.S2" nVehContrib="7" flow="252.00" occupancy="21.45" speed="6.98" harmonicMeanSpeed="5.42" length="5.00" nVehEntered="9"/>
    <interval begin="42600.00" end="42700.00" id="inductionLoop.S2" nVehContrib="9" flow="324.00" occupancy="32.60" speed="8.54" harmonicMeanSpeed="1.01" length="5.00" nVehEntered="9"/>
    <interval begin="42700.00" end="42800.00" id="inductionLoop.S2" nVehContrib="3" flow="108.00" occupancy="3.67" speed="7.72" harmonicMeanSpeed="4.09" length="5.00" nVehEntered="3"/>
    <interval begin="42800.00" end="42900.00" id="inductionLoop.S2" nVehContrib="12" flow="432.00" occupancy="7.34" speed="9.29" harmonicMeanSpeed="8.18" length="5.00" nVehEntered="12"/>
    <interval begin="42900.00" end="43000.00" id="inductionLoop.S2" nVehContrib="0" flow="0.00" occupancy="5.59" speed="-1.00" harmonicMeanSpeed="-1.00" length="-1.00" nVehEntered="2"/>
    <interval begin="43000.00" end="43100.00" id="inductionLoop.S2" nVehContrib="8" flow="288.00" occupancy="12.07" speed="4.90" harmonicMeanSpeed="3.31" length="5.00" nVehEntered="8"/>
    <interval begin="43100.00" end="43200.00" id="inductionLoop.S2" nVehContrib="16" flow="576.00" occupancy="18.22" speed="6.83" harmonicMeanSpeed="4.75" length="5.00" nVehEntered="17"/>
    <interval begin="43200.00" end="43300.00" id="inductionLoop.S2" nVehContrib="1" flow="36.00" occupancy="94.63" speed="3.03" harmonicMeanSpeed="3.03" length="5.00" nVehEntered="2"/>
    <interval begin="43300.00" end="43400.00" id="inductionLoop.S2" nVehContrib="2" flow="72.00" occupancy="1.84" speed="8.02" harmonicMeanSpeed="5.43" length="5.00" nVehEntered="2"/>
    <interval begin="43400.00" end="43500.00" id="inductionLoop.S2" nVehContrib="4" flow="144.00" occupancy="14.13" speed="1.42" harmonicMeanSpeed="1.42" length="5.00" nVehEntered="4"/>
    <interval begin="43500.00" end="43600.00" id="inductionLoop.S2" nVehContrib="17" flow="612.00" occupancy="12.58" speed="9.01" harmonicMeanSpeed="6.76" length="5.00" nVehEntered="17"/>
    <interval begin="43600.00" end="43700.00" id="inductionLoop.S2" nVehContrib="10" flow="360.00" occupancy="10.89" speed="5.91" harmonicMeanSpeed="4.59" length="5.00" nVehEntered="10"/>
    <interval begin="43700.00" end="43800.00" id="inductionLoop.S2" nVehContrib="2" flow="72.00" occupancy="53.39" speed="2.12" harmonicMeanSpeed="0.19" length="5.00" nVehEntered="2"/>
    <interval begin="43800.00" end="43900.00" id="inductionLoop.S2" nVehContrib="14" flow="504.00" occupancy="24.04" speed="6.00" harmonicMeanSpeed="3.61" length="5.00" nVehEntered="15"/>
    <interval begin="43900.00" end="44000.00" id="inductionLoop.S2" nVehContrib="2" flow="72.00" occupancy="61.21" speed="8.07" harmonicMeanSpeed="5.65" length="5.00" nVehEntered="3"/>
    <interval begin="44000.00" end="44100.00" id="inductionLoop.S2" nVehContrib="16" flow="576.00" occupancy="19.64" speed="6.73" harmonicMeanSpeed="1.01" length="5.00" nVehEntered="15"/>
    <interval begin="44100.00" end="44200.00" id="inductionLoop.S2" nVehContrib="11" flow="396.00" occupancy="18.29" speed="6.15" harmonicMeanSpeed="3.18" length="5.00" nVehEntered="12"/>
    <interval begin="44200.00" end="44300.00" id="inductionLoop.S2" nVehContrib="3" flow="108.00" occupancy="62.67" speed="1.75" harmonicMeanSpeed="1.57" length="5.00" nVehEntered="3"/>
    <interval begin="44300.00" end="44400.00" id="inductionLoop.S2" nVehContrib="14" flow="504.00" occupancy="26.34" speed="7.39" harmonicMeanSpeed="0.92" length="5.00" nVehEntered="14"/>
    <interval begin="44400.00" end="44500.00" id="inductionLoop.S2" nVehContrib="3" flow="108.00" occupancy="16.95" speed="6.80" harmonicMeanSpeed="0.88" length="5.00" nVehEntered="3"/>
    <interval begin="44500.00" end="44600.00" id="inductionLoop.S2" nVehContrib="15" flow="540.00" occupancy="23.59" speed="4.65" harmonicMeanSpeed="3.18" length="5.00" nVehEntered="15"/>
    <interval begin="44600.00" end="44700.00" id="inductionLoop.S2" nVehContrib="3" flow="108.00" occupancy="72.12" speed="4.50" harmonicMeanSpeed="0.22" length="5.00" nVehEntered="4"/>
    <interval begin="44700.00" end="44800.00" id="inductionLoop.S2" nVehContrib="11" flow="396.00" occupancy="50.13" speed="5.80" harmonicMeanSpeed="1.04" length="5.00" nVehEntered="10"/>
    <interval begin="44800.00" end="44900.00" id="inductionLoop.S2" nVehContrib="2" flow="72.00" occupancy="78.00" speed="4.21" harmonicMeanSpeed="0.13" length="5.00" nVehEntered="3"/>
    <interval begin="44900.00" end="45000.00" id="inductionLoop.S2" nVehContrib="6" flow="216.00" occupancy="69.53" speed="3.34" harmonicMeanSpeed="2.38" length="5.00" nVehEntered="7"/>
    <interval begin="45000.00" end="45100.00" id="inductionLoop.S2" nVehContrib="0" flow="0.00" occupancy="0.00" speed="-1.00" harmonicMeanSpeed="-1.00" length="-1.00" nVehEntered="0"/>
    <interval begin="45100.00" end="45200.00" id="inductionLoop.S2" nVehContrib="4" flow="144.00" occupancy="4.26" speed="8.23" harmonicMeanSpeed="4.88" length="5.00" nVehEntered="5"/>
    <interval begin="45200.00" end="45300.00" id="inductionLoop.S2" nVehContrib="2" flow="72.00" occupancy="3.82" speed="3.29" harmonicMeanSpeed="3.25" length="5.00" nVehEntered="3"/>
    <interval begin="45300.00" end="45400.00" id="inductionLoop.S2" nVehContrib="21" flow="756.00" occupancy="24.31" speed="6.51" harmonicMeanSpeed="4.19" length="5.00" nVehEntered="20"/>
    <interval begin="45400.00" end="45500.00" id="inductionLoop.S2" nVehContrib="1" flow="36.00" occupancy="90.42" speed="0.06" harmonicMeanSpeed="0.06" length="5.00" nVehEntered="1"/>
    <interval begin="45500.00" end="45600.00" id="inductionLoop.S2" nVehContrib="19" flow="684.00" occupancy="25.78" speed="5.76" harmonicMeanSpeed="4.08" length="5.00" nVehEntered="20"/>
    <interval begin="45600.00" end="45700.00" id="inductionLoop.S2" nVehContrib="6" flow="216.00" occupancy="8.76" speed="6.47" harmonicMeanSpeed="5.10" length="5.00" nVehEntered="7"/>
    <interval begin="45700.00" end="45800.00" id="inductionLoop.S2" nVehContrib="12" flow="432.00" occupancy="14.50" speed="6.44" harmonicMeanSpeed="3.64" length="5.00" nVehEntered="12"/>
    <interval begin="45800.00" end="45900.00" id="inductionLoop.S2" nVehContrib="2" flow="72.00" occupancy="7.78" speed="1.30" harmonicMeanSpeed="1.29" length="5.00" nVehEntered="2"/>
    <interval begin="45900.00" end="46000.00" id="inductionLoop.S2" nVehContrib="10" flow="360.00" occupancy="13.13" speed="6.89" harmonicMeanSpeed="3.81" length="5.00" nVehEntered="10"/>
    <interval begin="46000.00" end="46100.00" id="inductionLoop.S2" nVehContrib="3" flow="108.00" occupancy="6.80" speed="2.69" harmonicMeanSpeed="2.21" length="5.00" nVehEntered="3"/>
    <interval begin="46100.00" end="46200.00" id="inductionLoop.S2" nVehContrib="4" flow="144.00" occupancy="9.12" speed="3.14" harmonicMeanSpeed="2.19" length="5.00" nVehEntered="4"/>
    <interval begin="46200.00" end="46300.00" id="inductionLoop.S2" nVehContrib="6" flow="216.00" occupancy="24.70" speed="7.41" harmonicMeanSpeed="5.17" length="5.00" nVehEntered="7"/>
    <interval begin="46300.00" end="46400.00" id="inductionLoop.S2" nVehContrib="1" flow="36.00" occupancy="43.78" speed="0.08" harmonicMeanSpeed="0.08" length="5.00" nVehEntered="0"/>
    <interval begin="46400.00" end="46500.00" id="inductionLoop.S2" nVehContrib="10" flow="360.00" occupancy="12.63" speed="6.26" harmonicMeanSpeed="3.96" length="5.00" nVehEntered="10"/>
    <interval begin="46500.00" end="46600.00" id="inductionLoop.S2" nVehContrib="0" flow="0.00" occupancy="0.00" speed="-1.00" harmonicMeanSpeed="-1.00" length="-1.00" nVehEntered="0"/>
    <interval begin="46600.00" end="46700.00" id="inductionLoop.S2" nVehContrib="2" flow="72.00" occupancy="4.66" speed="2.40" harmonicMeanSpeed="2.15" length="5.00" nVehEntered="2"/>
    <interval begin="46700.00" end="46800.00" id="inductionLoop.S2" nVehContrib="15" flow="540.00" occupancy="49.60" speed="7.75" harmonicMeanSpeed="1.51" length="5.00" nVehEntered="15"/>
    <interval begin="46800.00" end="46900.00" id="inductionLoop.S2" nVehContrib="6" flow="216.00" occupancy="9.45" speed="4.51" harmonicMeanSpeed="3.17" length="5.00" nVehEntered="6"/>
    <interval begin="46900.00" end="47000.00" id="inductionLoop.S2" nVehContrib="17" flow="612.00" occupancy="16.54" speed="7.03" harmonicMeanSpeed="5.14" length="5.00" nVehEntered="17"/>
    <interval begin="47000.00" end="47100.00" id="inductionLoop.S2" nVehContrib="5" flow="180.00" occupancy="8.49" speed="4.30" harmonicMeanSpeed="2.94" length="5.00" nVehEntered="5"/>
    <interval begin="47100.00" end="47200.00" id="inductionLoop.S2" nVehContrib="12" flow="432.00" occupancy="14.69" speed="6.14" harmonicMeanSpeed="4.08" length="5.00" nVehEntered="12"/>
    <interval begin="47200.00" end="47300.00" id="inductionLoop.S2" nVehContrib="14" flow="504.00" occupancy="19.99" speed="9.66" harmonicMeanSpeed="8.14" length="5.00" nVehEntered="15"/>
    <interval begin="47300.00" end="47400.00" id="inductionLoop.S2" nVehContrib="2" flow="72.00" occupancy="97.37" speed="0.18" harmonicMeanSpeed="0.09" length="5.00" nVehEntered="1"/>
    <interval begin="47400.00" end="47500.00" id="inductionLoop.S2" nVehContrib="20" flow="720.00" occupancy="15.55" speed="9.01" harmonicMeanSpeed="6.43" length="5.00" nVehEntered="20"/>
    <interval begin="47500.00" end="47600.00" id="inductionLoop.S2" nVehContrib="2" flow="72.00" occupancy="6.08" speed="1.69" harmonicMeanSpeed="1.65" length="5.00" nVehEntered="2"/>
    <interval begin="47600.00" end="47700.00" id="inductionLoop.S2" nVehContrib="26" flow="936.00" occupancy="21.28" speed="8.98" harmonicMeanSpeed="6.13" length="5.00" nVehEntered="27"/>
    <interval begin="47700.00" end="47800.00" id="inductionLoop.S2" nVehContrib="5" flow="180.00" occupancy="48.53" speed="3.67" harmonicMeanSpeed="0.51" length="5.00" nVehEntered="4"/>
    <interval begin="47800.00" end="47900.00" id="inductionLoop.S2" nVehContrib="14" flow="504.00" occupancy="20.29" speed="6.20" harmonicMeanSpeed="3.74" length="5.00" nVehEntered="15"/>
    <interval begin="47900.00" end="48000.00" id="inductionLoop.S2" nVehContrib="11" flow="396.00" occupancy="64.53" speed="9.44" harmonicMeanSpeed="8.02" length="5.00" nVehEntered="12"/>
    <interval begin="48000.00" end="48100.00" id="inductionLoop.S2" nVehContrib="11" flow="396.00" occupancy="40.90" speed="6.38" harmonicMeanSpeed="0.57" length="5.00" nVehEntered="10"/>
    <interval begin="48100.00" end="48200.00" id="inductionLoop.S2" nVehContrib="2" flow="72.00" occupancy="3.81" speed="4.85" harmonicMeanSpeed="2.62" length="5.00" nVehEntered="2"/>
    <interval begin="48200.00" end="48300.00" id="inductionLoop.S2" nVehContrib="5" flow="180.00" occupancy="9.04" speed="3.98" harmonicMeanSpeed="2.77" length="5.00" nVehEntered="5"/>
    <interval begin="48300.00" end="48400.00" id="inductionLoop.S2" nVehContrib="25" flow="900.00" occupancy="18.52" speed="9.35" harmonicMeanSpeed="6.91" length="5.00" nVehEntered="26"/>
    <interval begin="48400.00" end="48500.00" id="inductionLoop.S2" nVehContrib="2" flow="72.00" occupancy="39.51" speed="8.08" harmonicMeanSpeed="5.24" length="5.00" nVehEntered="3"/>
    <interval begin="48500.00" end="48600.00" id="inductionLoop.S2" nVehContrib="8" flow="288.00" occupancy="43.04" speed="6.53" harmonicMeanSpeed="0.50" length="5.00" nVehEntered="7"/>
    <interval begin="48600.00" end="48700.00" id="inductionLoop.S2" nVehContrib="3" flow="108.00" occupancy="6.34" speed="10.71" harmonicMeanSpeed="10.45" length="5.00" nVehEntered="4"/>
    <interval begin="48700.00" end="48800.00" id="inductionLoop.S2" nVehContrib="2" flow="72.00" occupancy="71.48" speed="0.82" harmonicMeanSpeed="0.14" length="5.00" nVehEntered="3"/>
    <interval begin="48800.00" end="48900.00" id="inductionLoop.S2" nVehContrib="15" flow="540.00" occupancy="9.32" speed="9.65" harmonicMeanSpeed="8.05" length="5.00" nVehEntered="15"/>
    <interval begin="48900.00" end="49000.00" id="inductionLoop.S2" nVehContrib="4" flow="144.00" occupancy="15.69" speed="3.37" harmonicMeanSpeed="1.32" length="5.00" nVehEntered="5"/>
    <interval begin="49000.00" end="49100.00" id="inductionLoop.S2" nVehContrib="16" flow="576.00" occupancy="15.32" speed="9.76" harmonicMeanSpeed="7.97" length="5.00" nVehEntered="16"/>
    <interval begin="49100.00" end="49200.00" id="inductionLoop.S2" nVehContrib="15" flow="540.00" occupancy="18.88" speed="7.33" harmonicMeanSpeed="4.84" length="5.00" nVehEntered="17"/>
    <interval begin="49200.00" end="49300.00" id="inductionLoop.S2" nVehContrib="7" flow="252.00" occupancy="5.93" speed="6.08" harmonicMeanSpeed="4.21" length="5.00" nVehEntered="6"/>
    <interval begin="49300.00" end="49400.00" id="inductionLoop.S2" nVehContrib="13" flow="468.00" occupancy="39.54" speed="8.25" harmonicMeanSpeed="1.64" length="5.00" nVehEntered="13"/>
    <interval begin="49400.00" end="49500.00" id="inductionLoop.S2" nVehContrib="2" flow="72.00" occupancy="4.70" speed="3.03" harmonicMeanSpeed="2.13" length="5.00" nVehEntered="2"/>
    <interval begin="49500.00" end="49600.00" id="inductionLoop.S2" nVehContrib="13" flow="468.00" occupancy="18.43" speed="6.04" harmonicMeanSpeed="3.53" length="5.00" nVehEntered="13"/>
    <interval begin="49600.00" end="49700.00" id="inductionLoop.S2" nVehContrib="0" flow="0.00" occupancy="0.71" speed="-1.00" harmonicMeanSpeed="-1.00" length="-1.00" nVehEntered="1"/>
    <interval begin="49700.00" end="49800.00" id="inductionLoop.S2" nVehContrib="12" flow="432.00" occupancy="23.51" speed="5.27" harmonicMeanSpeed="2.48" length="5.00" nVehEntered="11"/>
    <interval begin="49800.00" end="49900.00" id="inductionLoop.S2" nVehContrib="12" flow="432.00" occupancy="15.76" speed="5.96" harmonicMeanSpeed="3.81" length="5.00" nVehEntered="12"/>
    <interval begin="49900.00" end="50000.00" id="inductionLoop.S2" nVehContrib="18" flow="648.00" occupancy="39.64" speed="8.23" harmonicMeanSpeed="5.56" length="5.00" nVehEntered="19"/>
    <interval begin="50000.00" end="50004.00" id="inductionLoop.S2" nVehContrib="1" flow="900.00" occupancy="25.47" speed="0.20" harmonicMeanSpeed="0.20" length="5.00" nVehEntered="0"/>
</detector>
