<?xml version="1.0" encoding="UTF-8"?>

<!-- generated on 2023-07-30 23:53:03 by Eclipse SUMO sumo Version 1.12.0
<configuration xmlns:xsi="http://www.w3.org/2001/XMLSchema-instance" xsi:noNamespaceSchemaLocation="http://sumo.dlr.de/xsd/sumoConfiguration.xsd">

    <input>
        <net-file value="Data0-31/intersection.net.xml"/>
        <route-files value="Data0-31/intersection.rou.xml"/>
        <additional-files value="Data0-31/intersection.det.xml"/>
    </input>

    <output>
        <tripinfo-output value="Data0-31/tripinfo.xml"/>
    </output>

    <time>
        <begin value="0"/>
    </time>

    <processing>
        <time-to-teleport value="-1"/>
        <waiting-time-memory value="60000"/>
    </processing>

    <report>
        <verbose value="true"/>
        <no-step-log value="true"/>
    </report>

    <emissions>
        <device.emissions.probability value="1"/>
    </emissions>

    <traci_server>
        <remote-port value="41173"/>
    </traci_server>

    <gui_only>
        <gui-settings-file value="Data0-31/intersection.settings.xml"/>
    </gui_only>

</configuration>
-->

<detector xmlns:xsi="http://www.w3.org/2001/XMLSchema-instance" xsi:noNamespaceSchemaLocation="http://sumo.dlr.de/xsd/det_e1_file.xsd">
    <interval begin="0.00" end="100.00" id="inductionLoop.S1" nVehContrib="7" flow="252.00" occupancy="3.34" speed="10.84" harmonicMeanSpeed="10.48" length="5.00" nVehEntered="7"/>
    <interval begin="100.00" end="200.00" id="inductionLoop.S1" nVehContrib="10" flow="360.00" occupancy="23.60" speed="6.49" harmonicMeanSpeed="2.16" length="5.00" nVehEntered="11"/>
    <interval begin="200.00" end="300.00" id="inductionLoop.S1" nVehContrib="12" flow="432.00" occupancy="31.45" speed="6.07" harmonicMeanSpeed="2.05" length="5.00" nVehEntered="14"/>
    <interval begin="300.00" end="400.00" id="inductionLoop.S1" nVehContrib="12" flow="432.00" occupancy="50.05" speed="5.39" harmonicMeanSpeed="1.22" length="5.00" nVehEntered="14"/>
    <interval begin="400.00" end="500.00" id="inductionLoop.S1" nVehContrib="12" flow="432.00" occupancy="25.53" speed="7.32" harmonicMeanSpeed="3.32" length="5.00" nVehEntered="14"/>
    <interval begin="500.00" end="600.00" id="inductionLoop.S1" nVehContrib="12" flow="432.00" occupancy="74.36" speed="4.39" harmonicMeanSpeed="0.78" length="5.00" nVehEntered="13"/>
    <interval begin="600.00" end="700.00" id="inductionLoop.S1" nVehContrib="9" flow="324.00" occupancy="63.38" speed="5.34" harmonicMeanSpeed="0.82" length="5.00" nVehEntered="10"/>
    <interval begin="700.00" end="800.00" id="inductionLoop.S1" nVehContrib="9" flow="324.00" occupancy="54.03" speed="5.16" harmonicMeanSpeed="1.26" length="5.00" nVehEntered="13"/>
    <interval begin="800.00" end="900.00" id="inductionLoop.S1" nVehContrib="10" flow="360.00" occupancy="35.60" speed="7.54" harmonicMeanSpeed="1.58" length="5.00" nVehEntered="11"/>
    <interval begin="900.00" end="1000.00" id="inductionLoop.S1" nVehContrib="12" flow="432.00" occupancy="53.44" speed="5.81" harmonicMeanSpeed="1.62" length="5.00" nVehEntered="12"/>
    <interval begin="1000.00" end="1100.00" id="inductionLoop.S1" nVehContrib="15" flow="540.00" occupancy="14.68" speed="7.14" harmonicMeanSpeed="2.04" length="5.00" nVehEntered="15"/>
    <interval begin="1100.00" end="1200.00" id="inductionLoop.S1" nVehContrib="10" flow="360.00" occupancy="14.86" speed="6.93" harmonicMeanSpeed="3.42" length="5.00" nVehEntered="10"/>
    <interval begin="1200.00" end="1300.00" id="inductionLoop.S1" nVehContrib="12" flow="432.00" occupancy="21.12" speed="8.45" harmonicMeanSpeed="2.87" length="5.00" nVehEntered="14"/>
    <interval begin="1300.00" end="1400.00" id="inductionLoop.S1" nVehContrib="10" flow="360.00" occupancy="36.14" speed="5.45" harmonicMeanSpeed="1.38" length="5.00" nVehEntered="11"/>
    <interval begin="1400.00" end="1500.00" id="inductionLoop.S1" nVehContrib="15" flow="540.00" occupancy="21.86" speed="8.63" harmonicMeanSpeed="3.48" length="5.00" nVehEntered="16"/>
    <interval begin="1500.00" end="1600.00" id="inductionLoop.S1" nVehContrib="8" flow="288.00" occupancy="33.91" speed="5.72" harmonicMeanSpeed="1.21" length="5.00" nVehEntered="10"/>
    <interval begin="1600.00" end="1700.00" id="inductionLoop.S1" nVehContrib="8" flow="288.00" occupancy="12.38" speed="8.43" harmonicMeanSpeed="4.20" length="5.00" nVehEntered="12"/>
    <interval begin="1700.00" end="1800.00" id="inductionLoop.S1" nVehContrib="12" flow="432.00" occupancy="33.75" speed="6.76" harmonicMeanSpeed="1.90" length="5.00" nVehEntered="13"/>
    <interval begin="1800.00" end="1900.00" id="inductionLoop.S1" nVehContrib="8" flow="288.00" occupancy="30.04" speed="9.60" harmonicMeanSpeed="1.36" length="5.00" nVehEntered="9"/>
    <interval begin="1900.00" end="2000.00" id="inductionLoop.S1" nVehContrib="15" flow="540.00" occupancy="23.58" speed="6.34" harmonicMeanSpeed="5.00" length="5.00" nVehEntered="15"/>
    <interval begin="2000.00" end="2100.00" id="inductionLoop.S1" nVehContrib="10" flow="360.00" occupancy="25.86" speed="4.05" harmonicMeanSpeed="1.42" length="5.00" nVehEntered="10"/>
    <interval begin="2100.00" end="2200.00" id="inductionLoop.S1" nVehContrib="10" flow="360.00" occupancy="25.84" speed="5.96" harmonicMeanSpeed="1.93" length="5.00" nVehEntered="10"/>
    <interval begin="2200.00" end="2300.00" id="inductionLoop.S1" nVehContrib="7" flow="252.00" occupancy="3.97" speed="9.86" harmonicMeanSpeed="8.81" length="5.00" nVehEntered="7"/>
    <interval begin="2300.00" end="2400.00" id="inductionLoop.S1" nVehContrib="14" flow="504.00" occupancy="39.31" speed="8.06" harmonicMeanSpeed="1.80" length="5.00" nVehEntered="15"/>
    <interval begin="2400.00" end="2500.00" id="inductionLoop.S1" nVehContrib="11" flow="396.00" occupancy="6.47" speed="9.89" harmonicMeanSpeed="8.82" length="5.00" nVehEntered="12"/>
    <interval begin="2500.00" end="2600.00" id="inductionLoop.S1" nVehContrib="13" flow="468.00" occupancy="40.17" speed="8.08" harmonicMeanSpeed="1.68" length="5.00" nVehEntered="16"/>
    <interval begin="2600.00" end="2700.00" id="inductionLoop.S1" nVehContrib="15" flow="540.00" occupancy="40.87" speed="5.37" harmonicMeanSpeed="1.83" length="5.00" nVehEntered="15"/>
    <interval begin="2700.00" end="2800.00" id="inductionLoop.S1" nVehContrib="8" flow="288.00" occupancy="80.12" speed="4.29" harmonicMeanSpeed="0.50" length="5.00" nVehEntered="8"/>
    <interval begin="2800.00" end="2900.00" id="inductionLoop.S1" nVehContrib="9" flow="324.00" occupancy="23.20" speed="6.90" harmonicMeanSpeed="3.64" length="5.00" nVehEntered="10"/>
    <interval begin="2900.00" end="3000.00" id="inductionLoop.S1" nVehContrib="11" flow="396.00" occupancy="8.85" speed="8.46" harmonicMeanSpeed="2.74" length="5.00" nVehEntered="10"/>
    <interval begin="3000.00" end="3100.00" id="inductionLoop.S1" nVehContrib="11" flow="396.00" occupancy="5.17" speed="10.95" harmonicMeanSpeed="10.64" length="5.00" nVehEntered="11"/>
    <interval begin="3100.00" end="3200.00" id="inductionLoop.S1" nVehContrib="13" flow="468.00" occupancy="48.81" speed="6.10" harmonicMeanSpeed="1.34" length="5.00" nVehEntered="14"/>
    <interval begin="3200.00" end="3300.00" id="inductionLoop.S1" nVehContrib="14" flow="504.00" occupancy="29.98" speed="6.28" harmonicMeanSpeed="2.34" length="5.00" nVehEntered="15"/>
    <interval begin="3300.00" end="3400.00" id="inductionLoop.S1" nVehContrib="6" flow="216.00" occupancy="46.80" speed="5.71" harmonicMeanSpeed="0.64" length="5.00" nVehEntered="6"/>
    <interval begin="3400.00" end="3500.00" id="inductionLoop.S1" nVehContrib="11" flow="396.00" occupancy="9.60" speed="10.53" harmonicMeanSpeed="5.73" length="5.00" nVehEntered="11"/>
    <interval begin="3500.00" end="3600.00" id="inductionLoop.S1" nVehContrib="10" flow="360.00" occupancy="16.67" speed="10.58" harmonicMeanSpeed="3.87" length="5.00" nVehEntered="12"/>
    <interval begin="3600.00" end="3700.00" id="inductionLoop.S1" nVehContrib="7" flow="252.00" occupancy="6.02" speed="9.08" harmonicMeanSpeed="5.81" length="5.00" nVehEntered="7"/>
    <interval begin="3700.00" end="3800.00" id="inductionLoop.S1" nVehContrib="10" flow="360.00" occupancy="41.22" speed="7.25" harmonicMeanSpeed="1.21" length="5.00" nVehEntered="11"/>
    <interval begin="3800.00" end="3900.00" id="inductionLoop.S1" nVehContrib="12" flow="432.00" occupancy="41.47" speed="5.71" harmonicMeanSpeed="1.45" length="5.00" nVehEntered="12"/>
    <interval begin="3900.00" end="4000.00" id="inductionLoop.S1" nVehContrib="10" flow="360.00" occupancy="11.42" speed="9.14" harmonicMeanSpeed="4.38" length="5.00" nVehEntered="10"/>
    <interval begin="4000.00" end="4100.00" id="inductionLoop.S1" nVehContrib="10" flow="360.00" occupancy="17.73" speed="6.68" harmonicMeanSpeed="2.82" length="5.00" nVehEntered="10"/>
    <interval begin="4100.00" end="4200.00" id="inductionLoop.S1" nVehContrib="9" flow="324.00" occupancy="8.34" speed="10.44" harmonicMeanSpeed="6.24" length="5.00" nVehEntered="10"/>
    <interval begin="4200.00" end="4300.00" id="inductionLoop.S1" nVehContrib="12" flow="432.00" occupancy="36.12" speed="7.17" harmonicMeanSpeed="2.17" length="5.00" nVehEntered="15"/>
    <interval begin="4300.00" end="4400.00" id="inductionLoop.S1" nVehContrib="8" flow="288.00" occupancy="22.81" speed="5.42" harmonicMeanSpeed="1.66" length="5.00" nVehEntered="8"/>
    <interval begin="4400.00" end="4500.00" id="inductionLoop.S1" nVehContrib="9" flow="324.00" occupancy="12.80" speed="7.12" harmonicMeanSpeed="3.52" length="5.00" nVehEntered="9"/>
    <interval begin="4500.00" end="4600.00" id="inductionLoop.S1" nVehContrib="12" flow="432.00" occupancy="19.22" speed="9.81" harmonicMeanSpeed="3.14" length="5.00" nVehEntered="13"/>
    <interval begin="4600.00" end="4700.00" id="inductionLoop.S1" nVehContrib="8" flow="288.00" occupancy="33.90" speed="6.73" harmonicMeanSpeed="1.25" length="5.00" nVehEntered="10"/>
    <interval begin="4700.00" end="4800.00" id="inductionLoop.S1" nVehContrib="6" flow="216.00" occupancy="21.94" speed="7.56" harmonicMeanSpeed="1.99" length="5.00" nVehEntered="8"/>
    <interval begin="4800.00" end="4900.00" id="inductionLoop.S1" nVehContrib="8" flow="288.00" occupancy="27.14" speed="7.85" harmonicMeanSpeed="1.27" length="5.00" nVehEntered="7"/>
    <interval begin="4900.00" end="5000.00" id="inductionLoop.S1" nVehContrib="11" flow="396.00" occupancy="5.63" speed="10.63" harmonicMeanSpeed="10.33" length="5.00" nVehEntered="12"/>
    <interval begin="5000.00" end="5100.00" id="inductionLoop.S1" nVehContrib="7" flow="252.00" occupancy="6.22" speed="8.05" harmonicMeanSpeed="6.02" length="5.00" nVehEntered="9"/>
    <interval begin="5100.00" end="5200.00" id="inductionLoop.S1" nVehContrib="11" flow="396.00" occupancy="6.40" speed="10.48" harmonicMeanSpeed="8.59" length="5.00" nVehEntered="11"/>
    <interval begin="5200.00" end="5300.00" id="inductionLoop.S1" nVehContrib="11" flow="396.00" occupancy="15.51" speed="8.57" harmonicMeanSpeed="3.79" length="5.00" nVehEntered="14"/>
    <interval begin="5300.00" end="5400.00" id="inductionLoop.S1" nVehContrib="7" flow="252.00" occupancy="3.60" speed="10.84" harmonicMeanSpeed="9.44" length="5.00" nVehEntered="7"/>
    <interval begin="5400.00" end="5500.00" id="inductionLoop.S1" nVehContrib="9" flow="324.00" occupancy="23.76" speed="7.52" harmonicMeanSpeed="1.98" length="5.00" nVehEntered="11"/>
    <interval begin="5500.00" end="5600.00" id="inductionLoop.S1" nVehContrib="9" flow="324.00" occupancy="4.79" speed="10.24" harmonicMeanSpeed="9.96" length="5.00" nVehEntered="10"/>
    <interval begin="5600.00" end="5700.00" id="inductionLoop.S1" nVehContrib="6" flow="216.00" occupancy="2.79" speed="11.06" harmonicMeanSpeed="10.76" length="5.00" nVehEntered="6"/>
    <interval begin="5700.00" end="5800.00" id="inductionLoop.S1" nVehContrib="7" flow="252.00" occupancy="17.28" speed="11.20" harmonicMeanSpeed="2.06" length="5.00" nVehEntered="8"/>
    <interval begin="5800.00" end="5900.00" id="inductionLoop.S1" nVehContrib="10" flow="360.00" occupancy="14.88" speed="9.06" harmonicMeanSpeed="3.32" length="5.00" nVehEntered="10"/>
    <interval begin="5900.00" end="6000.00" id="inductionLoop.S1" nVehContrib="5" flow="180.00" occupancy="20.81" speed="9.39" harmonicMeanSpeed="9.11" length="5.00" nVehEntered="6"/>
    <interval begin="6000.00" end="6100.00" id="inductionLoop.S1" nVehContrib="13" flow="468.00" occupancy="27.15" speed="6.61" harmonicMeanSpeed="1.44" length="5.00" nVehEntered="12"/>
    <interval begin="6100.00" end="6200.00" id="inductionLoop.S1" nVehContrib="12" flow="432.00" occupancy="41.98" speed="7.30" harmonicMeanSpeed="1.45" length="5.00" nVehEntered="13"/>
    <interval begin="6200.00" end="6300.00" id="inductionLoop.S1" nVehContrib="13" flow="468.00" occupancy="27.28" speed="7.93" harmonicMeanSpeed="3.34" length="5.00" nVehEntered="15"/>
    <interval begin="6300.00" end="6400.00" id="inductionLoop.S1" nVehContrib="11" flow="396.00" occupancy="16.54" speed="9.05" harmonicMeanSpeed="2.30" length="5.00" nVehEntered="11"/>
    <interval begin="6400.00" end="6500.00" id="inductionLoop.S1" nVehContrib="7" flow="252.00" occupancy="9.43" speed="8.86" harmonicMeanSpeed="3.71" length="5.00" nVehEntered="7"/>
    <interval begin="6500.00" end="6600.00" id="inductionLoop.S1" nVehContrib="7" flow="252.00" occupancy="3.23" speed="11.01" harmonicMeanSpeed="10.83" length="5.00" nVehEntered="7"/>
    <interval begin="6600.00" end="6700.00" id="inductionLoop.S1" nVehContrib="10" flow="360.00" occupancy="4.51" speed="11.44" harmonicMeanSpeed="11.09" length="5.00" nVehEntered="10"/>
    <interval begin="6700.00" end="6800.00" id="inductionLoop.S1" nVehContrib="13" flow="468.00" occupancy="28.62" speed="9.57" harmonicMeanSpeed="2.27" length="5.00" nVehEntered="13"/>
    <interval begin="6800.00" end="6900.00" id="inductionLoop.S1" nVehContrib="13" flow="468.00" occupancy="25.51" speed="7.81" harmonicMeanSpeed="2.72" length="5.00" nVehEntered="15"/>
    <interval begin="6900.00" end="7000.00" id="inductionLoop.S1" nVehContrib="6" flow="216.00" occupancy="16.98" speed="8.43" harmonicMeanSpeed="1.77" length="5.00" nVehEntered="6"/>
    <interval begin="7000.00" end="7100.00" id="inductionLoop.S1" nVehContrib="7" flow="252.00" occupancy="8.81" speed="7.77" harmonicMeanSpeed="4.11" length="5.00" nVehEntered="8"/>
    <interval begin="7100.00" end="7200.00" id="inductionLoop.S1" nVehContrib="10" flow="360.00" occupancy="24.00" speed="6.99" harmonicMeanSpeed="2.14" length="5.00" nVehEntered="11"/>
    <interval begin="7200.00" end="7300.00" id="inductionLoop.S1" nVehContrib="6" flow="216.00" occupancy="6.04" speed="8.64" harmonicMeanSpeed="4.99" length="5.00" nVehEntered="7"/>
    <interval begin="7300.00" end="7400.00" id="inductionLoop.S1" nVehContrib="7" flow="252.00" occupancy="4.25" speed="11.16" harmonicMeanSpeed="10.71" length="5.00" nVehEntered="10"/>
    <interval begin="7400.00" end="7500.00" id="inductionLoop.S1" nVehContrib="5" flow="180.00" occupancy="8.37" speed="10.21" harmonicMeanSpeed="8.08" length="5.00" nVehEntered="7"/>
    <interval begin="7500.00" end="7600.00" id="inductionLoop.S1" nVehContrib="8" flow="288.00" occupancy="21.66" speed="7.91" harmonicMeanSpeed="1.50" length="5.00" nVehEntered="7"/>
    <interval begin="7600.00" end="7700.00" id="inductionLoop.S1" nVehContrib="6" flow="216.00" occupancy="16.06" speed="9.16" harmonicMeanSpeed="1.87" length="5.00" nVehEntered="6"/>
    <interval begin="7700.00" end="7800.00" id="inductionLoop.S1" nVehContrib="4" flow="144.00" occupancy="2.19" speed="11.67" harmonicMeanSpeed="11.38" length="5.00" nVehEntered="5"/>
    <interval begin="7800.00" end="7900.00" id="inductionLoop.S1" nVehContrib="9" flow="324.00" occupancy="5.77" speed="10.38" harmonicMeanSpeed="8.95" length="5.00" nVehEntered="12"/>
    <interval begin="7900.00" end="8000.00" id="inductionLoop.S1" nVehContrib="8" flow="288.00" occupancy="4.25" speed="11.50" harmonicMeanSpeed="11.27" length="5.00" nVehEntered="11"/>
    <interval begin="8000.00" end="8100.00" id="inductionLoop.S1" nVehContrib="9" flow="324.00" occupancy="20.50" speed="9.22" harmonicMeanSpeed="2.20" length="5.00" nVehEntered="9"/>
    <interval begin="8100.00" end="8200.00" id="inductionLoop.S1" nVehContrib="9" flow="324.00" occupancy="4.44" speed="10.50" harmonicMeanSpeed="10.14" length="5.00" nVehEntered="9"/>
    <interval begin="8200.00" end="8300.00" id="inductionLoop.S1" nVehContrib="13" flow="468.00" occupancy="13.33" speed="9.09" harmonicMeanSpeed="4.88" length="5.00" nVehEntered="13"/>
    <interval begin="8300.00" end="8400.00" id="inductionLoop.S1" nVehContrib="7" flow="252.00" occupancy="7.03" speed="8.77" harmonicMeanSpeed="5.12" length="5.00" nVehEntered="8"/>
    <interval begin="8400.00" end="8500.00" id="inductionLoop.S1" nVehContrib="11" flow="396.00" occupancy="13.27" speed="6.52" harmonicMeanSpeed="4.57" length="5.00" nVehEntered="13"/>
    <interval begin="8500.00" end="8600.00" id="inductionLoop.S1" nVehContrib="14" flow="504.00" occupancy="9.75" speed="10.08" harmonicMeanSpeed="7.18" length="5.00" nVehEntered="14"/>
    <interval begin="8600.00" end="8700.00" id="inductionLoop.S1" nVehContrib="7" flow="252.00" occupancy="6.54" speed="7.43" harmonicMeanSpeed="5.35" length="5.00" nVehEntered="7"/>
    <interval begin="8700.00" end="8800.00" id="inductionLoop.S1" nVehContrib="8" flow="288.00" occupancy="4.54" speed="9.74" harmonicMeanSpeed="8.81" length="5.00" nVehEntered="8"/>
    <interval begin="8800.00" end="8900.00" id="inductionLoop.S1" nVehContrib="10" flow="360.00" occupancy="4.38" speed="11.97" harmonicMeanSpeed="11.69" length="5.00" nVehEntered="11"/>
    <interval begin="8900.00" end="9000.00" id="inductionLoop.S1" nVehContrib="8" flow="288.00" occupancy="14.97" speed="6.27" harmonicMeanSpeed="2.67" length="5.00" nVehEntered="8"/>
    <interval begin="9000.00" end="9100.00" id="inductionLoop.S1" nVehContrib="9" flow="324.00" occupancy="15.02" speed="9.88" harmonicMeanSpeed="3.00" length="5.00" nVehEntered="9"/>
    <interval begin="9100.00" end="9200.00" id="inductionLoop.S1" nVehContrib="9" flow="324.00" occupancy="4.34" speed="10.88" harmonicMeanSpeed="10.61" length="5.00" nVehEntered="10"/>
    <interval begin="9200.00" end="9300.00" id="inductionLoop.S1" nVehContrib="5" flow="180.00" occupancy="2.74" speed="10.56" harmonicMeanSpeed="10.44" length="5.00" nVehEntered="7"/>
    <interval begin="9300.00" end="9400.00" id="inductionLoop.S1" nVehContrib="7" flow="252.00" occupancy="3.06" speed="11.73" harmonicMeanSpeed="11.43" length="5.00" nVehEntered="7"/>
    <interval begin="9400.00" end="9500.00" id="inductionLoop.S1" nVehContrib="9" flow="324.00" occupancy="14.04" speed="8.90" harmonicMeanSpeed="3.21" length="5.00" nVehEntered="10"/>
    <interval begin="9500.00" end="9600.00" id="inductionLoop.S1" nVehContrib="8" flow="288.00" occupancy="14.77" speed="9.67" harmonicMeanSpeed="2.78" length="5.00" nVehEntered="10"/>
    <interval begin="9600.00" end="9700.00" id="inductionLoop.S1" nVehContrib="8" flow="288.00" occupancy="25.20" speed="6.34" harmonicMeanSpeed="1.59" length="5.00" nVehEntered="8"/>
    <interval begin="9700.00" end="9800.00" id="inductionLoop.S1" nVehContrib="5" flow="180.00" occupancy="3.97" speed="9.69" harmonicMeanSpeed="8.21" length="5.00" nVehEntered="7"/>
    <interval begin="9800.00" end="9900.00" id="inductionLoop.S1" nVehContrib="9" flow="324.00" occupancy="16.01" speed="7.87" harmonicMeanSpeed="2.83" length="5.00" nVehEntered="10"/>
    <interval begin="9900.00" end="10000.00" id="inductionLoop.S1" nVehContrib="11" flow="396.00" occupancy="15.29" speed="8.64" harmonicMeanSpeed="3.67" length="5.00" nVehEntered="12"/>
    <interval begin="10000.00" end="10100.00" id="inductionLoop.S1" nVehContrib="5" flow="180.00" occupancy="2.43" speed="10.50" harmonicMeanSpeed="10.31" length="5.00" nVehEntered="5"/>
    <interval begin="10100.00" end="10200.00" id="inductionLoop.S1" nVehContrib="7" flow="252.00" occupancy="19.26" speed="5.58" harmonicMeanSpeed="2.05" length="5.00" nVehEntered="9"/>
    <interval begin="10200.00" end="10300.00" id="inductionLoop.S1" nVehContrib="7" flow="252.00" occupancy="3.18" speed="11.15" harmonicMeanSpeed="11.00" length="5.00" nVehEntered="7"/>
    <interval begin="10300.00" end="10400.00" id="inductionLoop.S1" nVehContrib="7" flow="252.00" occupancy="3.45" speed="11.83" harmonicMeanSpeed="11.65" length="5.00" nVehEntered="8"/>
    <interval begin="10400.00" end="10500.00" id="inductionLoop.S1" nVehContrib="5" flow="180.00" occupancy="3.65" speed="9.19" harmonicMeanSpeed="7.94" length="5.00" nVehEntered="7"/>
    <interval begin="10500.00" end="10600.00" id="inductionLoop.S1" nVehContrib="11" flow="396.00" occupancy="5.02" speed="11.19" harmonicMeanSpeed="10.95" length="5.00" nVehEntered="11"/>
    <interval begin="10600.00" end="10700.00" id="inductionLoop.S1" nVehContrib="5" flow="180.00" occupancy="2.68" speed="10.15" harmonicMeanSpeed="9.98" length="5.00" nVehEntered="6"/>
    <interval begin="10700.00" end="10800.00" id="inductionLoop.S1" nVehContrib="9" flow="324.00" occupancy="4.50" speed="10.40" harmonicMeanSpeed="9.99" length="5.00" nVehEntered="9"/>
    <interval begin="10800.00" end="10900.00" id="inductionLoop.S1" nVehContrib="6" flow="216.00" occupancy="2.60" speed="12.07" harmonicMeanSpeed="11.94" length="5.00" nVehEntered="7"/>
    <interval begin="10900.00" end="11000.00" id="inductionLoop.S1" nVehContrib="3" flow="108.00" occupancy="1.21" speed="12.46" harmonicMeanSpeed="12.45" length="5.00" nVehEntered="3"/>
    <interval begin="11000.00" end="11100.00" id="inductionLoop.S1" nVehContrib="6" flow="216.00" occupancy="2.72" speed="11.39" harmonicMeanSpeed="11.01" length="5.00" nVehEntered="6"/>
    <interval begin="11100.00" end="11200.00" id="inductionLoop.S1" nVehContrib="7" flow="252.00" occupancy="3.54" speed="11.62" harmonicMeanSpeed="10.98" length="5.00" nVehEntered="9"/>
    <interval begin="11200.00" end="11300.00" id="inductionLoop.S1" nVehContrib="8" flow="288.00" occupancy="4.31" speed="11.19" harmonicMeanSpeed="9.29" length="5.00" nVehEntered="8"/>
    <interval begin="11300.00" end="11400.00" id="inductionLoop.S1" nVehContrib="7" flow="252.00" occupancy="3.96" speed="10.60" harmonicMeanSpeed="8.83" length="5.00" nVehEntered="7"/>
    <interval begin="11400.00" end="11500.00" id="inductionLoop.S1" nVehContrib="7" flow="252.00" occupancy="2.81" speed="12.50" harmonicMeanSpeed="12.45" length="5.00" nVehEntered="7"/>
    <interval begin="11500.00" end="11600.00" id="inductionLoop.S1" nVehContrib="9" flow="324.00" occupancy="8.52" speed="7.17" harmonicMeanSpeed="5.28" length="5.00" nVehEntered="9"/>
    <interval begin="11600.00" end="11700.00" id="inductionLoop.S1" nVehContrib="8" flow="288.00" occupancy="3.61" speed="11.45" harmonicMeanSpeed="11.07" length="5.00" nVehEntered="8"/>
    <interval begin="11700.00" end="11800.00" id="inductionLoop.S1" nVehContrib="6" flow="216.00" occupancy="2.93" speed="12.09" harmonicMeanSpeed="12.06" length="5.00" nVehEntered="9"/>
    <interval begin="11800.00" end="11900.00" id="inductionLoop.S1" nVehContrib="6" flow="216.00" occupancy="3.52" speed="10.57" harmonicMeanSpeed="10.00" length="5.00" nVehEntered="7"/>
    <interval begin="11900.00" end="12000.00" id="inductionLoop.S1" nVehContrib="5" flow="180.00" occupancy="1.74" speed="12.48" harmonicMeanSpeed="12.42" length="5.00" nVehEntered="4"/>
    <interval begin="12000.00" end="12100.00" id="inductionLoop.S1" nVehContrib="2" flow="72.00" occupancy="0.82" speed="12.34" harmonicMeanSpeed="12.22" length="5.00" nVehEntered="2"/>
    <interval begin="12100.00" end="12200.00" id="inductionLoop.S1" nVehContrib="4" flow="144.00" occupancy="2.63" speed="9.84" harmonicMeanSpeed="7.59" length="5.00" nVehEntered="4"/>
    <interval begin="12200.00" end="12300.00" id="inductionLoop.S1" nVehContrib="4" flow="144.00" occupancy="1.73" speed="11.83" harmonicMeanSpeed="11.59" length="5.00" nVehEntered="4"/>
    <interval begin="12300.00" end="12400.00" id="inductionLoop.S1" nVehContrib="3" flow="108.00" occupancy="1.40" speed="12.16" harmonicMeanSpeed="12.15" length="5.00" nVehEntered="4"/>
    <interval begin="12400.00" end="12500.00" id="inductionLoop.S1" nVehContrib="3" flow="108.00" occupancy="1.44" speed="13.18" harmonicMeanSpeed="13.16" length="5.00" nVehEntered="6"/>
    <interval begin="12500.00" end="12600.00" id="inductionLoop.S1" nVehContrib="8" flow="288.00" occupancy="3.61" speed="11.11" harmonicMeanSpeed="10.77" length="5.00" nVehEntered="7"/>
    <interval begin="12600.00" end="12700.00" id="inductionLoop.S1" nVehContrib="5" flow="180.00" occupancy="2.37" speed="11.77" harmonicMeanSpeed="11.57" length="5.00" nVehEntered="6"/>
    <interval begin="12700.00" end="12800.00" id="inductionLoop.S1" nVehContrib="10" flow="360.00" occupancy="4.57" speed="11.59" harmonicMeanSpeed="11.25" length="5.00" nVehEntered="11"/>
    <interval begin="12800.00" end="12900.00" id="inductionLoop.S1" nVehContrib="7" flow="252.00" occupancy="2.74" speed="13.02" harmonicMeanSpeed="12.78" length="5.00" nVehEntered="7"/>
    <interval begin="12900.00" end="13000.00" id="inductionLoop.S1" nVehContrib="6" flow="216.00" occupancy="2.76" speed="12.27" harmonicMeanSpeed="12.22" length="5.00" nVehEntered="7"/>
    <interval begin="13000.00" end="13100.00" id="inductionLoop.S1" nVehContrib="8" flow="288.00" occupancy="18.32" speed="9.70" harmonicMeanSpeed="2.15" length="5.00" nVehEntered="7"/>
    <interval begin="13100.00" end="13200.00" id="inductionLoop.S1" nVehContrib="4" flow="144.00" occupancy="2.45" speed="10.69" harmonicMeanSpeed="8.17" length="5.00" nVehEntered="4"/>
    <interval begin="13200.00" end="13300.00" id="inductionLoop.S1" nVehContrib="4" flow="144.00" occupancy="2.13" speed="11.89" harmonicMeanSpeed="11.47" length="5.00" nVehEntered="5"/>
    <interval begin="13300.00" end="13400.00" id="inductionLoop.S1" nVehContrib="6" flow="216.00" occupancy="3.03" speed="10.43" harmonicMeanSpeed="9.92" length="5.00" nVehEntered="6"/>
    <interval begin="13400.00" end="13500.00" id="inductionLoop.S1" nVehContrib="7" flow="252.00" occupancy="4.45" speed="10.10" harmonicMeanSpeed="8.79" length="5.00" nVehEntered="10"/>
    <interval begin="13500.00" end="13600.00" id="inductionLoop.S1" nVehContrib="7" flow="252.00" occupancy="3.21" speed="12.45" harmonicMeanSpeed="12.25" length="5.00" nVehEntered="8"/>
    <interval begin="13600.00" end="13700.00" id="inductionLoop.S1" nVehContrib="7" flow="252.00" occupancy="2.71" speed="13.01" harmonicMeanSpeed="12.92" length="5.00" nVehEntered="7"/>
    <interval begin="13700.00" end="13800.00" id="inductionLoop.S1" nVehContrib="8" flow="288.00" occupancy="3.72" speed="11.00" harmonicMeanSpeed="10.76" length="5.00" nVehEntered="8"/>
    <interval begin="13800.00" end="13900.00" id="inductionLoop.S1" nVehContrib="5" flow="180.00" occupancy="2.26" speed="11.15" harmonicMeanSpeed="11.07" length="5.00" nVehEntered="5"/>
    <interval begin="13900.00" end="14000.00" id="inductionLoop.S1" nVehContrib="7" flow="252.00" occupancy="3.17" speed="11.60" harmonicMeanSpeed="11.49" length="5.00" nVehEntered="8"/>
    <interval begin="14000.00" end="14100.00" id="inductionLoop.S1" nVehContrib="4" flow="144.00" occupancy="1.92" speed="10.96" harmonicMeanSpeed="10.65" length="5.00" nVehEntered="5"/>
    <interval begin="14100.00" end="14200.00" id="inductionLoop.S1" nVehContrib="8" flow="288.00" occupancy="3.64" speed="11.28" harmonicMeanSpeed="10.98" length="5.00" nVehEntered="8"/>
    <interval begin="14200.00" end="14300.00" id="inductionLoop.S1" nVehContrib="8" flow="288.00" occupancy="3.28" speed="12.39" harmonicMeanSpeed="12.18" length="5.00" nVehEntered="8"/>
    <interval begin="14300.00" end="14400.00" id="inductionLoop.S1" nVehContrib="10" flow="360.00" occupancy="6.65" speed="8.97" harmonicMeanSpeed="7.52" length="5.00" nVehEntered="10"/>
    <interval begin="14400.00" end="14500.00" id="inductionLoop.S1" nVehContrib="5" flow="180.00" occupancy="2.36" speed="11.15" harmonicMeanSpeed="10.61" length="5.00" nVehEntered="5"/>
    <interval begin="14500.00" end="14600.00" id="inductionLoop.S1" nVehContrib="4" flow="144.00" occupancy="1.83" speed="12.00" harmonicMeanSpeed="11.85" length="5.00" nVehEntered="5"/>
    <interval begin="14600.00" end="14700.00" id="inductionLoop.S1" nVehContrib="5" flow="180.00" occupancy="2.16" speed="11.87" harmonicMeanSpeed="11.57" length="5.00" nVehEntered="5"/>
    <interval begin="14700.00" end="14800.00" id="inductionLoop.S1" nVehContrib="5" flow="180.00" occupancy="2.66" speed="12.04" harmonicMeanSpeed="11.65" length="5.00" nVehEntered="7"/>
    <interval begin="14800.00" end="14900.00" id="inductionLoop.S1" nVehContrib="6" flow="216.00" occupancy="4.23" speed="8.56" harmonicMeanSpeed="7.65" length="5.00" nVehEntered="7"/>
    <interval begin="14900.00" end="15000.00" id="inductionLoop.S1" nVehContrib="6" flow="216.00" occupancy="3.16" speed="11.46" harmonicMeanSpeed="9.97" length="5.00" nVehEntered="7"/>
    <interval begin="15000.00" end="15100.00" id="inductionLoop.S1" nVehContrib="7" flow="252.00" occupancy="3.61" speed="10.97" harmonicMeanSpeed="9.68" length="5.00" nVehEntered="7"/>
    <interval begin="15100.00" end="15200.00" id="inductionLoop.S1" nVehContrib="10" flow="360.00" occupancy="4.77" speed="10.83" harmonicMeanSpeed="10.49" length="5.00" nVehEntered="10"/>
    <interval begin="15200.00" end="15300.00" id="inductionLoop.S1" nVehContrib="10" flow="360.00" occupancy="5.33" speed="10.59" harmonicMeanSpeed="9.37" length="5.00" nVehEntered="10"/>
    <interval begin="15300.00" end="15400.00" id="inductionLoop.S1" nVehContrib="9" flow="324.00" occupancy="4.80" speed="11.16" harmonicMeanSpeed="9.48" length="5.00" nVehEntered="10"/>
    <interval begin="15400.00" end="15500.00" id="inductionLoop.S1" nVehContrib="7" flow="252.00" occupancy="3.65" speed="9.98" harmonicMeanSpeed="9.58" length="5.00" nVehEntered="7"/>
    <interval begin="15500.00" end="15600.00" id="inductionLoop.S1" nVehContrib="5" flow="180.00" occupancy="2.68" speed="11.22" harmonicMeanSpeed="10.94" length="5.00" nVehEntered="6"/>
    <interval begin="15600.00" end="15700.00" id="inductionLoop.S1" nVehContrib="2" flow="72.00" occupancy="0.77" speed="13.07" harmonicMeanSpeed="13.07" length="5.00" nVehEntered="2"/>
    <interval begin="15700.00" end="15800.00" id="inductionLoop.S1" nVehContrib="7" flow="252.00" occupancy="3.41" speed="11.76" harmonicMeanSpeed="11.46" length="5.00" nVehEntered="8"/>
    <interval begin="15800.00" end="15900.00" id="inductionLoop.S1" nVehContrib="9" flow="324.00" occupancy="5.79" speed="9.21" harmonicMeanSpeed="7.77" length="5.00" nVehEntered="9"/>
    <interval begin="15900.00" end="16000.00" id="inductionLoop.S1" nVehContrib="7" flow="252.00" occupancy="3.09" speed="11.65" harmonicMeanSpeed="11.34" length="5.00" nVehEntered="7"/>
    <interval begin="16000.00" end="16100.00" id="inductionLoop.S1" nVehContrib="8" flow="288.00" occupancy="6.82" speed="9.28" harmonicMeanSpeed="6.58" length="5.00" nVehEntered="10"/>
    <interval begin="16100.00" end="16200.00" id="inductionLoop.S1" nVehContrib="9" flow="324.00" occupancy="9.43" speed="8.97" harmonicMeanSpeed="7.95" length="5.00" nVehEntered="11"/>
    <interval begin="16200.00" end="16300.00" id="inductionLoop.S1" nVehContrib="4" flow="144.00" occupancy="5.51" speed="9.79" harmonicMeanSpeed="2.22" length="5.00" nVehEntered="3"/>
    <interval begin="16300.00" end="16400.00" id="inductionLoop.S1" nVehContrib="5" flow="180.00" occupancy="2.39" speed="11.99" harmonicMeanSpeed="11.75" length="5.00" nVehEntered="6"/>
    <interval begin="16400.00" end="16500.00" id="inductionLoop.S1" nVehContrib="5" flow="180.00" occupancy="2.63" speed="11.21" harmonicMeanSpeed="10.90" length="5.00" nVehEntered="6"/>
    <interval begin="16500.00" end="16600.00" id="inductionLoop.S1" nVehContrib="7" flow="252.00" occupancy="3.52" speed="10.22" harmonicMeanSpeed="9.95" length="5.00" nVehEntered="7"/>
    <interval begin="16600.00" end="16700.00" id="inductionLoop.S1" nVehContrib="8" flow="288.00" occupancy="9.14" speed="7.24" harmonicMeanSpeed="4.62" length="5.00" nVehEntered="10"/>
    <interval begin="16700.00" end="16800.00" id="inductionLoop.S1" nVehContrib="7" flow="252.00" occupancy="4.17" speed="10.23" harmonicMeanSpeed="10.12" length="5.00" nVehEntered="9"/>
    <interval begin="16800.00" end="16900.00" id="inductionLoop.S1" nVehContrib="7" flow="252.00" occupancy="3.37" speed="11.36" harmonicMeanSpeed="11.17" length="5.00" nVehEntered="8"/>
    <interval begin="16900.00" end="17000.00" id="inductionLoop.S1" nVehContrib="7" flow="252.00" occupancy="3.64" speed="10.72" harmonicMeanSpeed="9.61" length="5.00" nVehEntered="7"/>
    <interval begin="17000.00" end="17100.00" id="inductionLoop.S1" nVehContrib="7" flow="252.00" occupancy="4.12" speed="10.97" harmonicMeanSpeed="9.71" length="5.00" nVehEntered="10"/>
    <interval begin="17100.00" end="17200.00" id="inductionLoop.S1" nVehContrib="9" flow="324.00" occupancy="11.73" speed="7.57" harmonicMeanSpeed="3.84" length="5.00" nVehEntered="9"/>
    <interval begin="17200.00" end="17300.00" id="inductionLoop.S1" nVehContrib="7" flow="252.00" occupancy="13.38" speed="7.86" harmonicMeanSpeed="2.67" length="5.00" nVehEntered="9"/>
    <interval begin="17300.00" end="17400.00" id="inductionLoop.S1" nVehContrib="7" flow="252.00" occupancy="4.32" speed="10.49" harmonicMeanSpeed="8.77" length="5.00" nVehEntered="8"/>
    <interval begin="17400.00" end="17500.00" id="inductionLoop.S1" nVehContrib="7" flow="252.00" occupancy="4.88" speed="8.77" harmonicMeanSpeed="7.68" length="5.00" nVehEntered="9"/>
    <interval begin="17500.00" end="17600.00" id="inductionLoop.S1" nVehContrib="8" flow="288.00" occupancy="7.02" speed="8.30" harmonicMeanSpeed="6.58" length="5.00" nVehEntered="10"/>
    <interval begin="17600.00" end="17700.00" id="inductionLoop.S1" nVehContrib="6" flow="216.00" occupancy="18.46" speed="8.08" harmonicMeanSpeed="1.63" length="5.00" nVehEntered="6"/>
    <interval begin="17700.00" end="17800.00" id="inductionLoop.S1" nVehContrib="9" flow="324.00" occupancy="7.10" speed="8.84" harmonicMeanSpeed="6.76" length="5.00" nVehEntered="10"/>
    <interval begin="17800.00" end="17900.00" id="inductionLoop.S1" nVehContrib="5" flow="180.00" occupancy="2.66" speed="9.54" harmonicMeanSpeed="9.41" length="5.00" nVehEntered="5"/>
    <interval begin="17900.00" end="18000.00" id="inductionLoop.S1" nVehContrib="10" flow="360.00" occupancy="5.63" speed="9.85" harmonicMeanSpeed="8.88" length="5.00" nVehEntered="10"/>
    <interval begin="18000.00" end="18100.00" id="inductionLoop.S1" nVehContrib="6" flow="216.00" occupancy="3.43" speed="10.63" harmonicMeanSpeed="8.76" length="5.00" nVehEntered="6"/>
    <interval begin="18100.00" end="18200.00" id="inductionLoop.S1" nVehContrib="8" flow="288.00" occupancy="23.08" speed="9.89" harmonicMeanSpeed="9.37" length="5.00" nVehEntered="10"/>
    <interval begin="18200.00" end="18300.00" id="inductionLoop.S1" nVehContrib="7" flow="252.00" occupancy="28.61" speed="5.38" harmonicMeanSpeed="0.74" length="5.00" nVehEntered="6"/>
    <interval begin="18300.00" end="18400.00" id="inductionLoop.S1" nVehContrib="8" flow="288.00" occupancy="44.87" speed="5.70" harmonicMeanSpeed="1.04" length="5.00" nVehEntered="10"/>
    <interval begin="18400.00" end="18500.00" id="inductionLoop.S1" nVehContrib="5" flow="180.00" occupancy="29.12" speed="8.65" harmonicMeanSpeed="0.77" length="5.00" nVehEntered="4"/>
    <interval begin="18500.00" end="18600.00" id="inductionLoop.S1" nVehContrib="2" flow="72.00" occupancy="0.86" speed="11.64" harmonicMeanSpeed="11.63" length="5.00" nVehEntered="2"/>
    <interval begin="18600.00" end="18700.00" id="inductionLoop.S1" nVehContrib="6" flow="216.00" occupancy="8.63" speed="7.41" harmonicMeanSpeed="3.72" length="5.00" nVehEntered="7"/>
    <interval begin="18700.00" end="18800.00" id="inductionLoop.S1" nVehContrib="8" flow="288.00" occupancy="4.68" speed="9.79" harmonicMeanSpeed="7.63" length="5.00" nVehEntered="7"/>
    <interval begin="18800.00" end="18900.00" id="inductionLoop.S1" nVehContrib="5" flow="180.00" occupancy="65.88" speed="2.57" harmonicMeanSpeed="0.38" length="5.00" nVehEntered="5"/>
    <interval begin="18900.00" end="19000.00" id="inductionLoop.S1" nVehContrib="11" flow="396.00" occupancy="6.65" speed="9.52" harmonicMeanSpeed="8.28" length="5.00" nVehEntered="11"/>
    <interval begin="19000.00" end="19100.00" id="inductionLoop.S1" nVehContrib="3" flow="108.00" occupancy="1.34" speed="11.28" harmonicMeanSpeed="11.18" length="5.00" nVehEntered="3"/>
    <interval begin="19100.00" end="19200.00" id="inductionLoop.S1" nVehContrib="10" flow="360.00" occupancy="5.38" speed="10.07" harmonicMeanSpeed="9.29" length="5.00" nVehEntered="10"/>
    <interval begin="19200.00" end="19300.00" id="inductionLoop.S1" nVehContrib="6" flow="216.00" occupancy="4.63" speed="8.51" harmonicMeanSpeed="6.47" length="5.00" nVehEntered="6"/>
    <interval begin="19300.00" end="19400.00" id="inductionLoop.S1" nVehContrib="3" flow="108.00" occupancy="1.47" speed="11.00" harmonicMeanSpeed="10.48" length="5.00" nVehEntered="4"/>
    <interval begin="19400.00" end="19500.00" id="inductionLoop.S1" nVehContrib="9" flow="324.00" occupancy="13.55" speed="8.12" harmonicMeanSpeed="3.44" length="5.00" nVehEntered="10"/>
    <interval begin="19500.00" end="19600.00" id="inductionLoop.S1" nVehContrib="6" flow="216.00" occupancy="3.14" speed="10.49" harmonicMeanSpeed="10.19" length="5.00" nVehEntered="8"/>
    <interval begin="19600.00" end="19700.00" id="inductionLoop.S1" nVehContrib="10" flow="360.00" occupancy="16.36" speed="9.98" harmonicMeanSpeed="3.06" length="5.00" nVehEntered="10"/>
    <interval begin="19700.00" end="19800.00" id="inductionLoop.S1" nVehContrib="5" flow="180.00" occupancy="3.89" speed="8.00" harmonicMeanSpeed="7.61" length="5.00" nVehEntered="7"/>
    <interval begin="19800.00" end="19900.00" id="inductionLoop.S1" nVehContrib="8" flow="288.00" occupancy="9.72" speed="8.63" harmonicMeanSpeed="8.55" length="5.00" nVehEntered="10"/>
    <interval begin="19900.00" end="20000.00" id="inductionLoop.S1" nVehContrib="9" flow="324.00" occupancy="12.64" speed="6.94" harmonicMeanSpeed="3.56" length="5.00" nVehEntered="9"/>
    <interval begin="20000.00" end="20100.00" id="inductionLoop.S1" nVehContrib="10" flow="360.00" occupancy="26.36" speed="7.99" harmonicMeanSpeed="2.89" length="5.00" nVehEntered="11"/>
    <interval begin="20100.00" end="20200.00" id="inductionLoop.S1" nVehContrib="9" flow="324.00" occupancy="23.93" speed="7.19" harmonicMeanSpeed="1.84" length="5.00" nVehEntered="10"/>
    <interval begin="20200.00" end="20300.00" id="inductionLoop.S1" nVehContrib="13" flow="468.00" occupancy="58.33" speed="5.01" harmonicMeanSpeed="0.98" length="5.00" nVehEntered="12"/>
    <interval begin="20300.00" end="20400.00" id="inductionLoop.S1" nVehContrib="5" flow="180.00" occupancy="65.51" speed="2.55" harmonicMeanSpeed="0.39" length="5.00" nVehEntered="6"/>
    <interval begin="20400.00" end="20500.00" id="inductionLoop.S1" nVehContrib="5" flow="180.00" occupancy="87.12" speed="2.01" harmonicMeanSpeed="0.42" length="5.00" nVehEntered="6"/>
    <interval begin="20500.00" end="20600.00" id="inductionLoop.S1" nVehContrib="7" flow="252.00" occupancy="49.29" speed="5.01" harmonicMeanSpeed="0.46" length="5.00" nVehEntered="6"/>
    <interval begin="20600.00" end="20700.00" id="inductionLoop.S1" nVehContrib="10" flow="360.00" occupancy="14.49" speed="7.71" harmonicMeanSpeed="3.45" length="5.00" nVehEntered="10"/>
    <interval begin="20700.00" end="20800.00" id="inductionLoop.S1" nVehContrib="7" flow="252.00" occupancy="84.31" speed="3.95" harmonicMeanSpeed="0.53" length="5.00" nVehEntered="8"/>
    <interval begin="20800.00" end="20900.00" id="inductionLoop.S1" nVehContrib="13" flow="468.00" occupancy="76.97" speed="4.58" harmonicMeanSpeed="0.68" length="5.00" nVehEntered="12"/>
    <interval begin="20900.00" end="21000.00" id="inductionLoop.S1" nVehContrib="10" flow="360.00" occupancy="73.57" speed="3.39" harmonicMeanSpeed="0.74" length="5.00" nVehEntered="11"/>
    <interval begin="21000.00" end="21100.00" id="inductionLoop.S1" nVehContrib="8" flow="288.00" occupancy="84.33" speed="4.15" harmonicMeanSpeed="0.70" length="5.00" nVehEntered="8"/>
    <interval begin="21100.00" end="21200.00" id="inductionLoop.S1" nVehContrib="12" flow="432.00" occupancy="77.62" speed="4.15" harmonicMeanSpeed="0.57" length="5.00" nVehEntered="12"/>
    <interval begin="21200.00" end="21300.00" id="inductionLoop.S1" nVehContrib="4" flow="144.00" occupancy="91.68" speed="2.21" harmonicMeanSpeed="0.35" length="5.00" nVehEntered="4"/>
    <interval begin="21300.00" end="21400.00" id="inductionLoop.S1" nVehContrib="11" flow="396.00" occupancy="78.75" speed="4.09" harmonicMeanSpeed="0.50" length="5.00" nVehEntered="11"/>
    <interval begin="21400.00" end="21500.00" id="inductionLoop.S1" nVehContrib="9" flow="324.00" occupancy="82.31" speed="3.65" harmonicMeanSpeed="0.55" length="5.00" nVehEntered="9"/>
    <interval begin="21500.00" end="21600.00" id="inductionLoop.S1" nVehContrib="7" flow="252.00" occupancy="86.88" speed="3.95" harmonicMeanSpeed="0.59" length="5.00" nVehEntered="7"/>
    <interval begin="21600.00" end="21700.00" id="inductionLoop.S1" nVehContrib="8" flow="288.00" occupancy="52.07" speed="3.64" harmonicMeanSpeed="0.63" length="5.00" nVehEntered="9"/>
    <interval begin="21700.00" end="21800.00" id="inductionLoop.S1" nVehContrib="4" flow="144.00" occupancy="80.61" speed="2.41" harmonicMeanSpeed="0.47" length="5.00" nVehEntered="6"/>
    <interval begin="21800.00" end="21900.00" id="inductionLoop.S1" nVehContrib="11" flow="396.00" occupancy="78.03" speed="3.72" harmonicMeanSpeed="0.49" length="5.00" nVehEntered="11"/>
    <interval begin="21900.00" end="22000.00" id="inductionLoop.S1" nVehContrib="5" flow="180.00" occupancy="89.70" speed="2.55" harmonicMeanSpeed="0.42" length="5.00" nVehEntered="5"/>
    <interval begin="22000.00" end="22100.00" id="inductionLoop.S1" nVehContrib="8" flow="288.00" occupancy="83.90" speed="3.42" harmonicMeanSpeed="0.36" length="5.00" nVehEntered="8"/>
    <interval begin="22100.00" end="22200.00" id="inductionLoop.S1" nVehContrib="12" flow="432.00" occupancy="76.63" speed="3.69" harmonicMeanSpeed="0.75" length="5.00" nVehEntered="12"/>
    <interval begin="22200.00" end="22300.00" id="inductionLoop.S1" nVehContrib="6" flow="216.00" occupancy="87.70" speed="3.37" harmonicMeanSpeed="0.49" length="5.00" nVehEntered="6"/>
    <interval begin="22300.00" end="22400.00" id="inductionLoop.S1" nVehContrib="12" flow="432.00" occupancy="77.95" speed="5.69" harmonicMeanSpeed="0.55" length="5.00" nVehEntered="11"/>
    <interval begin="22400.00" end="22500.00" id="inductionLoop.S1" nVehContrib="7" flow="252.00" occupancy="86.26" speed="3.34" harmonicMeanSpeed="0.47" length="5.00" nVehEntered="8"/>
    <interval begin="22500.00" end="22600.00" id="inductionLoop.S1" nVehContrib="6" flow="216.00" occupancy="85.90" speed="2.56" harmonicMeanSpeed="0.31" length="5.00" nVehEntered="6"/>
    <interval begin="22600.00" end="22700.00" id="inductionLoop.S1" nVehContrib="6" flow="216.00" occupancy="87.53" speed="4.15" harmonicMeanSpeed="0.43" length="5.00" nVehEntered="6"/>
    <interval begin="22700.00" end="22800.00" id="inductionLoop.S1" nVehContrib="9" flow="324.00" occupancy="83.41" speed="4.29" harmonicMeanSpeed="0.66" length="5.00" nVehEntered="9"/>
    <interval begin="22800.00" end="22900.00" id="inductionLoop.S1" nVehContrib="7" flow="252.00" occupancy="86.91" speed="4.18" harmonicMeanSpeed="0.33" length="5.00" nVehEntered="7"/>
    <interval begin="22900.00" end="23000.00" id="inductionLoop.S1" nVehContrib="10" flow="360.00" occupancy="81.28" speed="4.83" harmonicMeanSpeed="0.52" length="5.00" nVehEntered="10"/>
    <interval begin="23000.00" end="23100.00" id="inductionLoop.S1" nVehContrib="9" flow="324.00" occupancy="83.51" speed="4.79" harmonicMeanSpeed="0.57" length="5.00" nVehEntered="9"/>
    <interval begin="23100.00" end="23200.00" id="inductionLoop.S1" nVehContrib="4" flow="144.00" occupancy="91.67" speed="2.20" harmonicMeanSpeed="0.25" length="5.00" nVehEntered="4"/>
    <interval begin="23200.00" end="23300.00" id="inductionLoop.S1" nVehContrib="5" flow="180.00" occupancy="88.72" speed="2.04" harmonicMeanSpeed="0.33" length="5.00" nVehEntered="5"/>
    <interval begin="23300.00" end="23400.00" id="inductionLoop.S1" nVehContrib="3" flow="108.00" occupancy="93.30" speed="1.11" harmonicMeanSpeed="0.19" length="5.00" nVehEntered="3"/>
    <interval begin="23400.00" end="23500.00" id="inductionLoop.S1" nVehContrib="10" flow="360.00" occupancy="80.57" speed="3.97" harmonicMeanSpeed="0.41" length="5.00" nVehEntered="10"/>
    <interval begin="23500.00" end="23600.00" id="inductionLoop.S1" nVehContrib="7" flow="252.00" occupancy="84.83" speed="3.07" harmonicMeanSpeed="0.41" length="5.00" nVehEntered="7"/>
    <interval begin="23600.00" end="23700.00" id="inductionLoop.S1" nVehContrib="12" flow="432.00" occupancy="77.45" speed="4.88" harmonicMeanSpeed="0.88" length="5.00" nVehEntered="12"/>
    <interval begin="23700.00" end="23800.00" id="inductionLoop.S1" nVehContrib="8" flow="288.00" occupancy="85.77" speed="6.64" harmonicMeanSpeed="0.65" length="5.00" nVehEntered="8"/>
    <interval begin="23800.00" end="23900.00" id="inductionLoop.S1" nVehContrib="9" flow="324.00" occupancy="81.01" speed="2.68" harmonicMeanSpeed="0.42" length="5.00" nVehEntered="9"/>
    <interval begin="23900.00" end="24000.00" id="inductionLoop.S1" nVehContrib="9" flow="324.00" occupancy="81.50" speed="2.77" harmonicMeanSpeed="0.55" length="5.00" nVehEntered="9"/>
    <interval begin="24000.00" end="24100.00" id="inductionLoop.S1" nVehContrib="7" flow="252.00" occupancy="85.59" speed="2.50" harmonicMeanSpeed="0.37" length="5.00" nVehEntered="7"/>
    <interval begin="24100.00" end="24200.00" id="inductionLoop.S1" nVehContrib="11" flow="396.00" occupancy="78.74" speed="4.11" harmonicMeanSpeed="0.78" length="5.00" nVehEntered="11"/>
    <interval begin="24200.00" end="24300.00" id="inductionLoop.S1" nVehContrib="6" flow="216.00" occupancy="88.10" speed="3.92" harmonicMeanSpeed="0.35" length="5.00" nVehEntered="6"/>
    <interval begin="24300.00" end="24400.00" id="inductionLoop.S1" nVehContrib="6" flow="216.00" occupancy="86.26" speed="1.35" harmonicMeanSpeed="0.33" length="5.00" nVehEntered="6"/>
    <interval begin="24400.00" end="24500.00" id="inductionLoop.S1" nVehContrib="7" flow="252.00" occupancy="86.08" speed="3.85" harmonicMeanSpeed="0.57" length="5.00" nVehEntered="7"/>
    <interval begin="24500.00" end="24600.00" id="inductionLoop.S1" nVehContrib="6" flow="216.00" occupancy="73.94" speed="2.83" harmonicMeanSpeed="0.41" length="5.00" nVehEntered="8"/>
    <interval begin="24600.00" end="24700.00" id="inductionLoop.S1" nVehContrib="6" flow="216.00" occupancy="71.86" speed="2.92" harmonicMeanSpeed="0.31" length="5.00" nVehEntered="7"/>
    <interval begin="24700.00" end="24800.00" id="inductionLoop.S1" nVehContrib="11" flow="396.00" occupancy="80.76" speed="5.45" harmonicMeanSpeed="0.82" length="5.00" nVehEntered="11"/>
    <interval begin="24800.00" end="24900.00" id="inductionLoop.S1" nVehContrib="11" flow="396.00" occupancy="78.22" speed="4.86" harmonicMeanSpeed="0.87" length="5.00" nVehEntered="11"/>
    <interval begin="24900.00" end="25000.00" id="inductionLoop.S1" nVehContrib="5" flow="180.00" occupancy="89.62" speed="1.96" harmonicMeanSpeed="0.29" length="5.00" nVehEntered="5"/>
    <interval begin="25000.00" end="25100.00" id="inductionLoop.S1" nVehContrib="7" flow="252.00" occupancy="59.39" speed="3.72" harmonicMeanSpeed="0.53" length="5.00" nVehEntered="9"/>
    <interval begin="25100.00" end="25200.00" id="inductionLoop.S1" nVehContrib="5" flow="180.00" occupancy="89.63" speed="1.10" harmonicMeanSpeed="0.22" length="5.00" nVehEntered="4"/>
    <interval begin="25200.00" end="25300.00" id="inductionLoop.S1" nVehContrib="9" flow="324.00" occupancy="71.22" speed="3.85" harmonicMeanSpeed="0.69" length="5.00" nVehEntered="11"/>
    <interval begin="25300.00" end="25400.00" id="inductionLoop.S1" nVehContrib="7" flow="252.00" occupancy="81.30" speed="2.30" harmonicMeanSpeed="0.58" length="5.00" nVehEntered="7"/>
    <interval begin="25400.00" end="25500.00" id="inductionLoop.S1" nVehContrib="2" flow="72.00" occupancy="94.80" speed="1.22" harmonicMeanSpeed="0.12" length="5.00" nVehEntered="2"/>
    <interval begin="25500.00" end="25600.00" id="inductionLoop.S1" nVehContrib="10" flow="360.00" occupancy="81.76" speed="4.77" harmonicMeanSpeed="0.62" length="5.00" nVehEntered="10"/>
    <interval begin="25600.00" end="25700.00" id="inductionLoop.S1" nVehContrib="7" flow="252.00" occupancy="86.22" speed="3.95" harmonicMeanSpeed="0.44" length="5.00" nVehEntered="7"/>
    <interval begin="25700.00" end="25800.00" id="inductionLoop.S1" nVehContrib="7" flow="252.00" occupancy="85.81" speed="2.96" harmonicMeanSpeed="0.34" length="5.00" nVehEntered="7"/>
    <interval begin="25800.00" end="25900.00" id="inductionLoop.S1" nVehContrib="12" flow="432.00" occupancy="79.57" speed="6.39" harmonicMeanSpeed="0.83" length="5.00" nVehEntered="12"/>
    <interval begin="25900.00" end="26000.00" id="inductionLoop.S1" nVehContrib="11" flow="396.00" occupancy="80.22" speed="4.95" harmonicMeanSpeed="0.56" length="5.00" nVehEntered="11"/>
    <interval begin="26000.00" end="26100.00" id="inductionLoop.S1" nVehContrib="9" flow="324.00" occupancy="83.58" speed="4.52" harmonicMeanSpeed="0.50" length="5.00" nVehEntered="9"/>
    <interval begin="26100.00" end="26200.00" id="inductionLoop.S1" nVehContrib="10" flow="360.00" occupancy="82.61" speed="5.77" harmonicMeanSpeed="0.69" length="5.00" nVehEntered="10"/>
    <interval begin="26200.00" end="26300.00" id="inductionLoop.S1" nVehContrib="6" flow="216.00" occupancy="89.56" speed="4.74" harmonicMeanSpeed="0.39" length="5.00" nVehEntered="6"/>
    <interval begin="26300.00" end="26400.00" id="inductionLoop.S1" nVehContrib="5" flow="180.00" occupancy="89.15" speed="2.88" harmonicMeanSpeed="0.41" length="5.00" nVehEntered="5"/>
    <interval begin="26400.00" end="26500.00" id="inductionLoop.S1" nVehContrib="14" flow="504.00" occupancy="73.73" speed="5.14" harmonicMeanSpeed="0.52" length="5.00" nVehEntered="14"/>
    <interval begin="26500.00" end="26600.00" id="inductionLoop.S1" nVehContrib="9" flow="324.00" occupancy="82.64" speed="3.26" harmonicMeanSpeed="0.57" length="5.00" nVehEntered="9"/>
    <interval begin="26600.00" end="26700.00" id="inductionLoop.S1" nVehContrib="12" flow="432.00" occupancy="65.18" speed="6.99" harmonicMeanSpeed="0.86" length="5.00" nVehEntered="11"/>
    <interval begin="26700.00" end="26800.00" id="inductionLoop.S1" nVehContrib="8" flow="288.00" occupancy="55.76" speed="5.15" harmonicMeanSpeed="0.72" length="5.00" nVehEntered="9"/>
    <interval begin="26800.00" end="26900.00" id="inductionLoop.S1" nVehContrib="5" flow="180.00" occupancy="89.72" speed="3.44" harmonicMeanSpeed="0.45" length="5.00" nVehEntered="5"/>
    <interval begin="26900.00" end="27000.00" id="inductionLoop.S1" nVehContrib="6" flow="216.00" occupancy="38.67" speed="4.09" harmonicMeanSpeed="0.41" length="5.00" nVehEntered="6"/>
    <interval begin="27000.00" end="27100.00" id="inductionLoop.S1" nVehContrib="7" flow="252.00" occupancy="6.07" speed="8.37" harmonicMeanSpeed="6.42" length="5.00" nVehEntered="8"/>
    <interval begin="27100.00" end="27200.00" id="inductionLoop.S1" nVehContrib="9" flow="324.00" occupancy="35.11" speed="6.16" harmonicMeanSpeed="1.51" length="5.00" nVehEntered="10"/>
    <interval begin="27200.00" end="27300.00" id="inductionLoop.S1" nVehContrib="6" flow="216.00" occupancy="15.31" speed="7.65" harmonicMeanSpeed="1.57" length="5.00" nVehEntered="6"/>
    <interval begin="27300.00" end="27400.00" id="inductionLoop.S1" nVehContrib="8" flow="288.00" occupancy="41.78" speed="7.33" harmonicMeanSpeed="5.01" length="5.00" nVehEntered="9"/>
    <interval begin="27400.00" end="27500.00" id="inductionLoop.S1" nVehContrib="15" flow="540.00" occupancy="32.50" speed="4.10" harmonicMeanSpeed="1.13" length="5.00" nVehEntered="14"/>
    <interval begin="27500.00" end="27600.00" id="inductionLoop.S1" nVehContrib="17" flow="612.00" occupancy="71.05" speed="9.00" harmonicMeanSpeed="1.46" length="5.00" nVehEntered="18"/>
    <interval begin="27600.00" end="27700.00" id="inductionLoop.S1" nVehContrib="6" flow="216.00" occupancy="88.03" speed="4.06" harmonicMeanSpeed="0.34" length="5.00" nVehEntered="6"/>
    <interval begin="27700.00" end="27800.00" id="inductionLoop.S1" nVehContrib="12" flow="432.00" occupancy="78.69" speed="6.79" harmonicMeanSpeed="0.76" length="5.00" nVehEntered="12"/>
    <interval begin="27800.00" end="27900.00" id="inductionLoop.S1" nVehContrib="7" flow="252.00" occupancy="85.67" speed="2.90" harmonicMeanSpeed="0.36" length="5.00" nVehEntered="6"/>
    <interval begin="27900.00" end="28000.00" id="inductionLoop.S1" nVehContrib="13" flow="468.00" occupancy="78.08" speed="6.75" harmonicMeanSpeed="0.86" length="5.00" nVehEntered="14"/>
    <interval begin="28000.00" end="28100.00" id="inductionLoop.S1" nVehContrib="10" flow="360.00" occupancy="82.76" speed="7.77" harmonicMeanSpeed="1.73" length="5.00" nVehEntered="10"/>
    <interval begin="28100.00" end="28200.00" id="inductionLoop.S1" nVehContrib="17" flow="612.00" occupancy="64.81" speed="6.77" harmonicMeanSpeed="0.89" length="5.00" nVehEntered="17"/>
    <interval begin="28200.00" end="28300.00" id="inductionLoop.S1" nVehContrib="16" flow="576.00" occupancy="65.66" speed="6.57" harmonicMeanSpeed="0.88" length="5.00" nVehEntered="15"/>
    <interval begin="28300.00" end="28400.00" id="inductionLoop.S1" nVehContrib="14" flow="504.00" occupancy="76.40" speed="7.33" harmonicMeanSpeed="0.92" length="5.00" nVehEntered="14"/>
    <interval begin="28400.00" end="28500.00" id="inductionLoop.S1" nVehContrib="19" flow="684.00" occupancy="66.13" speed="8.09" harmonicMeanSpeed="1.44" length="5.00" nVehEntered="19"/>
    <interval begin="28500.00" end="28600.00" id="inductionLoop.S1" nVehContrib="22" flow="792.00" occupancy="66.82" speed="9.31" harmonicMeanSpeed="2.09" length="5.00" nVehEntered="23"/>
    <interval begin="28600.00" end="28700.00" id="inductionLoop.S1" nVehContrib="25" flow="900.00" occupancy="62.11" speed="10.64" harmonicMeanSpeed="1.75" length="5.00" nVehEntered="25"/>
    <interval begin="28700.00" end="28800.00" id="inductionLoop.S1" nVehContrib="9" flow="324.00" occupancy="83.47" speed="7.17" harmonicMeanSpeed="0.75" length="5.00" nVehEntered="9"/>
    <interval begin="28800.00" end="28900.00" id="inductionLoop.S1" nVehContrib="9" flow="324.00" occupancy="83.73" speed="3.13" harmonicMeanSpeed="0.40" length="5.00" nVehEntered="8"/>
    <interval begin="28900.00" end="29000.00" id="inductionLoop.S1" nVehContrib="16" flow="576.00" occupancy="70.23" speed="6.37" harmonicMeanSpeed="1.14" length="5.00" nVehEntered="16"/>
    <interval begin="29000.00" end="29100.00" id="inductionLoop.S1" nVehContrib="17" flow="612.00" occupancy="69.80" speed="7.03" harmonicMeanSpeed="1.28" length="5.00" nVehEntered="18"/>
    <interval begin="29100.00" end="29200.00" id="inductionLoop.S1" nVehContrib="9" flow="324.00" occupancy="84.10" speed="3.23" harmonicMeanSpeed="0.51" length="5.00" nVehEntered="8"/>
    <interval begin="29200.00" end="29300.00" id="inductionLoop.S1" nVehContrib="17" flow="612.00" occupancy="69.40" speed="7.17" harmonicMeanSpeed="1.25" length="5.00" nVehEntered="18"/>
    <interval begin="29300.00" end="29400.00" id="inductionLoop.S1" nVehContrib="8" flow="288.00" occupancy="84.74" speed="3.83" harmonicMeanSpeed="0.54" length="5.00" nVehEntered="8"/>
    <interval begin="29400.00" end="29500.00" id="inductionLoop.S1" nVehContrib="6" flow="216.00" occupancy="88.17" speed="4.05" harmonicMeanSpeed="0.47" length="5.00" nVehEntered="6"/>
    <interval begin="29500.00" end="29600.00" id="inductionLoop.S1" nVehContrib="11" flow="396.00" occupancy="51.21" speed="3.74" harmonicMeanSpeed="0.63" length="5.00" nVehEntered="11"/>
    <interval begin="29600.00" end="29700.00" id="inductionLoop.S1" nVehContrib="6" flow="216.00" occupancy="22.95" speed="5.91" harmonicMeanSpeed="1.33" length="5.00" nVehEntered="8"/>
    <interval begin="29700.00" end="29800.00" id="inductionLoop.S1" nVehContrib="7" flow="252.00" occupancy="6.15" speed="7.96" harmonicMeanSpeed="6.19" length="5.00" nVehEntered="9"/>
    <interval begin="29800.00" end="29900.00" id="inductionLoop.S1" nVehContrib="3" flow="108.00" occupancy="1.47" speed="10.45" harmonicMeanSpeed="10.23" length="5.00" nVehEntered="3"/>
    <interval begin="29900.00" end="30000.00" id="inductionLoop.S1" nVehContrib="5" flow="180.00" occupancy="2.65" speed="11.04" harmonicMeanSpeed="10.78" length="5.00" nVehEntered="6"/>
    <interval begin="30000.00" end="30100.00" id="inductionLoop.S1" nVehContrib="7" flow="252.00" occupancy="3.56" speed="11.18" harmonicMeanSpeed="9.82" length="5.00" nVehEntered="7"/>
    <interval begin="30100.00" end="30200.00" id="inductionLoop.S1" nVehContrib="6" flow="216.00" occupancy="3.49" speed="9.90" harmonicMeanSpeed="9.60" length="5.00" nVehEntered="7"/>
    <interval begin="30200.00" end="30300.00" id="inductionLoop.S1" nVehContrib="9" flow="324.00" occupancy="5.08" speed="10.67" harmonicMeanSpeed="10.42" length="5.00" nVehEntered="10"/>
    <interval begin="30300.00" end="30400.00" id="inductionLoop.S1" nVehContrib="7" flow="252.00" occupancy="6.45" speed="10.94" harmonicMeanSpeed="10.30" length="5.00" nVehEntered="9"/>
    <interval begin="30400.00" end="30500.00" id="inductionLoop.S1" nVehContrib="5" flow="180.00" occupancy="12.50" speed="7.83" harmonicMeanSpeed="1.72" length="5.00" nVehEntered="4"/>
    <interval begin="30500.00" end="30600.00" id="inductionLoop.S1" nVehContrib="7" flow="252.00" occupancy="10.04" speed="9.48" harmonicMeanSpeed="4.44" length="5.00" nVehEntered="8"/>
    <interval begin="30600.00" end="30700.00" id="inductionLoop.S1" nVehContrib="5" flow="180.00" occupancy="3.48" speed="9.31" harmonicMeanSpeed="7.17" length="5.00" nVehEntered="5"/>
    <interval begin="30700.00" end="30800.00" id="inductionLoop.S1" nVehContrib="1" flow="36.00" occupancy="0.42" speed="11.98" harmonicMeanSpeed="11.98" length="5.00" nVehEntered="1"/>
    <interval begin="30800.00" end="30900.00" id="inductionLoop.S1" nVehContrib="2" flow="72.00" occupancy="0.84" speed="12.30" harmonicMeanSpeed="11.96" length="5.00" nVehEntered="2"/>
    <interval begin="30900.00" end="31000.00" id="inductionLoop.S1" nVehContrib="2" flow="72.00" occupancy="0.98" speed="10.60" harmonicMeanSpeed="10.19" length="5.00" nVehEntered="2"/>
    <interval begin="31000.00" end="31100.00" id="inductionLoop.S1" nVehContrib="6" flow="216.00" occupancy="3.33" speed="11.21" harmonicMeanSpeed="10.96" length="5.00" nVehEntered="9"/>
    <interval begin="31100.00" end="31200.00" id="inductionLoop.S1" nVehContrib="11" flow="396.00" occupancy="5.16" speed="10.98" harmonicMeanSpeed="10.66" length="5.00" nVehEntered="11"/>
    <interval begin="31200.00" end="31300.00" id="inductionLoop.S1" nVehContrib="9" flow="324.00" occupancy="5.09" speed="10.53" harmonicMeanSpeed="9.46" length="5.00" nVehEntered="11"/>
    <interval begin="31300.00" end="31400.00" id="inductionLoop.S1" nVehContrib="14" flow="504.00" occupancy="32.47" speed="7.38" harmonicMeanSpeed="2.28" length="5.00" nVehEntered="16"/>
    <interval begin="31400.00" end="31500.00" id="inductionLoop.S1" nVehContrib="13" flow="468.00" occupancy="32.45" speed="8.23" harmonicMeanSpeed="2.04" length="5.00" nVehEntered="14"/>
    <interval begin="31500.00" end="31600.00" id="inductionLoop.S1" nVehContrib="9" flow="324.00" occupancy="46.14" speed="5.87" harmonicMeanSpeed="1.00" length="5.00" nVehEntered="10"/>
    <interval begin="31600.00" end="31700.00" id="inductionLoop.S1" nVehContrib="11" flow="396.00" occupancy="17.98" speed="8.28" harmonicMeanSpeed="3.06" length="5.00" nVehEntered="11"/>
    <interval begin="31700.00" end="31800.00" id="inductionLoop.S1" nVehContrib="6" flow="216.00" occupancy="3.25" speed="10.43" harmonicMeanSpeed="9.24" length="5.00" nVehEntered="6"/>
    <interval begin="31800.00" end="31900.00" id="inductionLoop.S1" nVehContrib="2" flow="72.00" occupancy="3.37" speed="5.64" harmonicMeanSpeed="4.81" length="5.00" nVehEntered="5"/>
    <interval begin="31900.00" end="32000.00" id="inductionLoop.S1" nVehContrib="6" flow="216.00" occupancy="15.72" speed="5.10" harmonicMeanSpeed="1.91" length="5.00" nVehEntered="6"/>
    <interval begin="32000.00" end="32100.00" id="inductionLoop.S1" nVehContrib="8" flow="288.00" occupancy="4.27" speed="10.22" harmonicMeanSpeed="9.97" length="5.00" nVehEntered="9"/>
    <interval begin="32100.00" end="32200.00" id="inductionLoop.S1" nVehContrib="7" flow="252.00" occupancy="4.07" speed="11.21" harmonicMeanSpeed="8.60" length="5.00" nVehEntered="7"/>
    <interval begin="32200.00" end="32300.00" id="inductionLoop.S1" nVehContrib="3" flow="108.00" occupancy="1.61" speed="9.95" harmonicMeanSpeed="9.34" length="5.00" nVehEntered="3"/>
    <interval begin="32300.00" end="32400.00" id="inductionLoop.S1" nVehContrib="4" flow="144.00" occupancy="1.57" speed="12.78" harmonicMeanSpeed="12.77" length="5.00" nVehEntered="4"/>
    <interval begin="32400.00" end="32500.00" id="inductionLoop.S1" nVehContrib="3" flow="108.00" occupancy="30.07" speed="10.84" harmonicMeanSpeed="10.60" length="5.00" nVehEntered="4"/>
    <interval begin="32500.00" end="32600.00" id="inductionLoop.S1" nVehContrib="18" flow="648.00" occupancy="51.84" speed="7.65" harmonicMeanSpeed="1.12" length="5.00" nVehEntered="17"/>
    <interval begin="32600.00" end="32700.00" id="inductionLoop.S1" nVehContrib="11" flow="396.00" occupancy="59.55" speed="7.18" harmonicMeanSpeed="2.08" length="5.00" nVehEntered="13"/>
    <interval begin="32700.00" end="32800.00" id="inductionLoop.S1" nVehContrib="15" flow="540.00" occupancy="30.86" speed="6.93" harmonicMeanSpeed="1.17" length="5.00" nVehEntered="14"/>
    <interval begin="32800.00" end="32900.00" id="inductionLoop.S1" nVehContrib="1" flow="36.00" occupancy="0.46" speed="10.83" harmonicMeanSpeed="10.83" length="5.00" nVehEntered="1"/>
    <interval begin="32900.00" end="33000.00" id="inductionLoop.S1" nVehContrib="2" flow="72.00" occupancy="0.73" speed="13.76" harmonicMeanSpeed="13.76" length="5.00" nVehEntered="2"/>
    <interval begin="33000.00" end="33100.00" id="inductionLoop.S1" nVehContrib="5" flow="180.00" occupancy="2.27" speed="11.44" harmonicMeanSpeed="10.99" length="5.00" nVehEntered="5"/>
    <interval begin="33100.00" end="33200.00" id="inductionLoop.S1" nVehContrib="10" flow="360.00" occupancy="64.82" speed="3.28" harmonicMeanSpeed="0.77" length="5.00" nVehEntered="10"/>
    <interval begin="33200.00" end="33300.00" id="inductionLoop.S1" nVehContrib="11" flow="396.00" occupancy="25.41" speed="4.50" harmonicMeanSpeed="2.96" length="5.00" nVehEntered="12"/>
    <interval begin="33300.00" end="33400.00" id="inductionLoop.S1" nVehContrib="8" flow="288.00" occupancy="78.62" speed="4.33" harmonicMeanSpeed="0.58" length="5.00" nVehEntered="9"/>
    <interval begin="33400.00" end="33500.00" id="inductionLoop.S1" nVehContrib="7" flow="252.00" occupancy="77.33" speed="4.61" harmonicMeanSpeed="0.40" length="5.00" nVehEntered="7"/>
    <interval begin="33500.00" end="33600.00" id="inductionLoop.S1" nVehContrib="12" flow="432.00" occupancy="79.55" speed="7.14" harmonicMeanSpeed="0.97" length="5.00" nVehEntered="12"/>
    <interval begin="33600.00" end="33700.00" id="inductionLoop.S1" nVehContrib="14" flow="504.00" occupancy="59.29" speed="7.04" harmonicMeanSpeed="0.86" length="5.00" nVehEntered="13"/>
    <interval begin="33700.00" end="33800.00" id="inductionLoop.S1" nVehContrib="9" flow="324.00" occupancy="17.93" speed="8.46" harmonicMeanSpeed="2.60" length="5.00" nVehEntered="11"/>
    <interval begin="33800.00" end="33900.00" id="inductionLoop.S1" nVehContrib="3" flow="108.00" occupancy="2.64" speed="8.86" harmonicMeanSpeed="7.07" length="5.00" nVehEntered="5"/>
    <interval begin="33900.00" end="34000.00" id="inductionLoop.S1" nVehContrib="8" flow="288.00" occupancy="9.58" speed="9.62" harmonicMeanSpeed="7.06" length="5.00" nVehEntered="9"/>
    <interval begin="34000.00" end="34100.00" id="inductionLoop.S1" nVehContrib="10" flow="360.00" occupancy="7.71" speed="8.72" harmonicMeanSpeed="5.44" length="5.00" nVehEntered="10"/>
    <interval begin="34100.00" end="34200.00" id="inductionLoop.S1" nVehContrib="5" flow="180.00" occupancy="2.21" speed="11.57" harmonicMeanSpeed="11.33" length="5.00" nVehEntered="5"/>
    <interval begin="34200.00" end="34300.00" id="inductionLoop.S1" nVehContrib="5" flow="180.00" occupancy="3.54" speed="9.24" harmonicMeanSpeed="9.08" length="5.00" nVehEntered="8"/>
    <interval begin="34300.00" end="34400.00" id="inductionLoop.S1" nVehContrib="8" flow="288.00" occupancy="54.04" speed="7.12" harmonicMeanSpeed="1.29" length="5.00" nVehEntered="9"/>
    <interval begin="34400.00" end="34500.00" id="inductionLoop.S1" nVehContrib="12" flow="432.00" occupancy="68.57" speed="5.94" harmonicMeanSpeed="0.66" length="5.00" nVehEntered="12"/>
    <interval begin="34500.00" end="34600.00" id="inductionLoop.S1" nVehContrib="10" flow="360.00" occupancy="72.42" speed="4.97" harmonicMeanSpeed="0.68" length="5.00" nVehEntered="9"/>
    <interval begin="34600.00" end="34700.00" id="inductionLoop.S1" nVehContrib="5" flow="180.00" occupancy="68.02" speed="6.63" harmonicMeanSpeed="0.58" length="5.00" nVehEntered="6"/>
    <interval begin="34700.00" end="34800.00" id="inductionLoop.S1" nVehContrib="10" flow="360.00" occupancy="80.53" speed="3.38" harmonicMeanSpeed="0.48" length="5.00" nVehEntered="10"/>
    <interval begin="34800.00" end="34900.00" id="inductionLoop.S1" nVehContrib="11" flow="396.00" occupancy="68.55" speed="7.48" harmonicMeanSpeed="0.80" length="5.00" nVehEntered="11"/>
    <interval begin="34900.00" end="35000.00" id="inductionLoop.S1" nVehContrib="12" flow="432.00" occupancy="81.00" speed="7.21" harmonicMeanSpeed="1.16" length="5.00" nVehEntered="12"/>
    <interval begin="35000.00" end="35100.00" id="inductionLoop.S1" nVehContrib="12" flow="432.00" occupancy="79.06" speed="5.62" harmonicMeanSpeed="0.86" length="5.00" nVehEntered="12"/>
    <interval begin="35100.00" end="35200.00" id="inductionLoop.S1" nVehContrib="13" flow="468.00" occupancy="62.31" speed="5.92" harmonicMeanSpeed="0.90" length="5.00" nVehEntered="13"/>
    <interval begin="35200.00" end="35300.00" id="inductionLoop.S1" nVehContrib="8" flow="288.00" occupancy="85.35" speed="5.39" harmonicMeanSpeed="0.62" length="5.00" nVehEntered="8"/>
    <interval begin="35300.00" end="35400.00" id="inductionLoop.S1" nVehContrib="14" flow="504.00" occupancy="75.57" speed="5.95" harmonicMeanSpeed="0.56" length="5.00" nVehEntered="13"/>
    <interval begin="35400.00" end="35500.00" id="inductionLoop.S1" nVehContrib="12" flow="432.00" occupancy="78.96" speed="5.42" harmonicMeanSpeed="0.76" length="5.00" nVehEntered="12"/>
    <interval begin="35500.00" end="35600.00" id="inductionLoop.S1" nVehContrib="7" flow="252.00" occupancy="62.23" speed="3.43" harmonicMeanSpeed="0.56" length="5.00" nVehEntered="7"/>
    <interval begin="35600.00" end="35700.00" id="inductionLoop.S1" nVehContrib="0" flow="0.00" occupancy="0.22" speed="-1.00" harmonicMeanSpeed="-1.00" length="-1.00" nVehEntered="1"/>
    <interval begin="35700.00" end="35800.00" id="inductionLoop.S1" nVehContrib="5" flow="180.00" occupancy="22.39" speed="8.24" harmonicMeanSpeed="1.13" length="5.00" nVehEntered="6"/>
    <interval begin="35800.00" end="35900.00" id="inductionLoop.S1" nVehContrib="15" flow="540.00" occupancy="69.20" speed="6.12" harmonicMeanSpeed="1.09" length="5.00" nVehEntered="16"/>
    <interval begin="35900.00" end="36000.00" id="inductionLoop.S1" nVehContrib="9" flow="324.00" occupancy="82.83" speed="6.65" harmonicMeanSpeed="0.91" length="5.00" nVehEntered="10"/>
    <interval begin="36000.00" end="36100.00" id="inductionLoop.S1" nVehContrib="18" flow="648.00" occupancy="68.83" speed="7.31" harmonicMeanSpeed="0.88" length="5.00" nVehEntered="17"/>
    <interval begin="36100.00" end="36200.00" id="inductionLoop.S1" nVehContrib="1" flow="36.00" occupancy="0.39" speed="12.83" harmonicMeanSpeed="12.83" length="5.00" nVehEntered="1"/>
    <interval begin="36200.00" end="36300.00" id="inductionLoop.S1" nVehContrib="0" flow="0.00" occupancy="0.00" speed="-1.00" harmonicMeanSpeed="-1.00" length="-1.00" nVehEntered="0"/>
    <interval begin="36300.00" end="36400.00" id="inductionLoop.S1" nVehContrib="6" flow="216.00" occupancy="10.71" speed="10.13" harmonicMeanSpeed="9.61" length="5.00" nVehEntered="8"/>
    <interval begin="36400.00" end="36500.00" id="inductionLoop.S1" nVehContrib="8" flow="288.00" occupancy="85.49" speed="5.35" harmonicMeanSpeed="0.44" length="5.00" nVehEntered="8"/>
    <interval begin="36500.00" end="36600.00" id="inductionLoop.S1" nVehContrib="13" flow="468.00" occupancy="76.16" speed="5.43" harmonicMeanSpeed="0.94" length="5.00" nVehEntered="13"/>
    <interval begin="36600.00" end="36700.00" id="inductionLoop.S1" nVehContrib="13" flow="468.00" occupancy="68.84" speed="4.91" harmonicMeanSpeed="0.84" length="5.00" nVehEntered="13"/>
    <interval begin="36700.00" end="36800.00" id="inductionLoop.S1" nVehContrib="9" flow="324.00" occupancy="64.05" speed="4.57" harmonicMeanSpeed="1.03" length="5.00" nVehEntered="11"/>
    <interval begin="36800.00" end="36900.00" id="inductionLoop.S1" nVehContrib="4" flow="144.00" occupancy="88.13" speed="1.21" harmonicMeanSpeed="0.28" length="5.00" nVehEntered="4"/>
    <interval begin="36900.00" end="37000.00" id="inductionLoop.S1" nVehContrib="7" flow="252.00" occupancy="86.68" speed="4.46" harmonicMeanSpeed="0.51" length="5.00" nVehEntered="7"/>
    <interval begin="37000.00" end="37100.00" id="inductionLoop.S1" nVehContrib="11" flow="396.00" occupancy="79.05" speed="4.25" harmonicMeanSpeed="0.47" length="5.00" nVehEntered="11"/>
    <interval begin="37100.00" end="37200.00" id="inductionLoop.S1" nVehContrib="15" flow="540.00" occupancy="74.71" speed="7.48" harmonicMeanSpeed="1.19" length="5.00" nVehEntered="15"/>
    <interval begin="37200.00" end="37300.00" id="inductionLoop.S1" nVehContrib="7" flow="252.00" occupancy="85.79" speed="3.22" harmonicMeanSpeed="0.45" length="5.00" nVehEntered="7"/>
    <interval begin="37300.00" end="37400.00" id="inductionLoop.S1" nVehContrib="6" flow="216.00" occupancy="88.82" speed="3.19" harmonicMeanSpeed="0.50" length="5.00" nVehEntered="6"/>
    <interval begin="37400.00" end="37500.00" id="inductionLoop.S1" nVehContrib="10" flow="360.00" occupancy="66.02" speed="4.81" harmonicMeanSpeed="0.44" length="5.00" nVehEntered="10"/>
    <interval begin="37500.00" end="37600.00" id="inductionLoop.S1" nVehContrib="6" flow="216.00" occupancy="65.03" speed="3.15" harmonicMeanSpeed="0.51" length="5.00" nVehEntered="7"/>
    <interval begin="37600.00" end="37700.00" id="inductionLoop.S1" nVehContrib="6" flow="216.00" occupancy="87.02" speed="0.95" harmonicMeanSpeed="0.32" length="5.00" nVehEntered="5"/>
    <interval begin="37700.00" end="37800.00" id="inductionLoop.S1" nVehContrib="5" flow="180.00" occupancy="88.73" speed="2.88" harmonicMeanSpeed="0.50" length="5.00" nVehEntered="6"/>
    <interval begin="37800.00" end="37900.00" id="inductionLoop.S1" nVehContrib="12" flow="432.00" occupancy="75.28" speed="4.00" harmonicMeanSpeed="0.54" length="5.00" nVehEntered="12"/>
    <interval begin="37900.00" end="38000.00" id="inductionLoop.S1" nVehContrib="11" flow="396.00" occupancy="81.40" speed="6.66" harmonicMeanSpeed="0.81" length="5.00" nVehEntered="11"/>
    <interval begin="38000.00" end="38100.00" id="inductionLoop.S1" nVehContrib="10" flow="360.00" occupancy="81.45" speed="5.18" harmonicMeanSpeed="0.57" length="5.00" nVehEntered="10"/>
    <interval begin="38100.00" end="38200.00" id="inductionLoop.S1" nVehContrib="13" flow="468.00" occupancy="74.97" speed="6.10" harmonicMeanSpeed="0.97" length="5.00" nVehEntered="13"/>
    <interval begin="38200.00" end="38300.00" id="inductionLoop.S1" nVehContrib="13" flow="468.00" occupancy="73.92" speed="6.93" harmonicMeanSpeed="0.91" length="5.00" nVehEntered="13"/>
    <interval begin="38300.00" end="38400.00" id="inductionLoop.S1" nVehContrib="13" flow="468.00" occupancy="77.64" speed="9.03" harmonicMeanSpeed="0.94" length="5.00" nVehEntered="13"/>
    <interval begin="38400.00" end="38500.00" id="inductionLoop.S1" nVehContrib="8" flow="288.00" occupancy="84.54" speed="5.60" harmonicMeanSpeed="0.58" length="5.00" nVehEntered="8"/>
    <interval begin="38500.00" end="38600.00" id="inductionLoop.S1" nVehContrib="14" flow="504.00" occupancy="77.32" speed="7.44" harmonicMeanSpeed="0.57" length="5.00" nVehEntered="13"/>
    <interval begin="38600.00" end="38700.00" id="inductionLoop.S1" nVehContrib="8" flow="288.00" occupancy="83.98" speed="4.53" harmonicMeanSpeed="0.48" length="5.00" nVehEntered="8"/>
    <interval begin="38700.00" end="38800.00" id="inductionLoop.S1" nVehContrib="13" flow="468.00" occupancy="74.41" speed="7.22" harmonicMeanSpeed="0.93" length="5.00" nVehEntered="14"/>
    <interval begin="38800.00" end="38900.00" id="inductionLoop.S1" nVehContrib="6" flow="216.00" occupancy="87.59" speed="2.86" harmonicMeanSpeed="0.44" length="5.00" nVehEntered="6"/>
    <interval begin="38900.00" end="39000.00" id="inductionLoop.S1" nVehContrib="15" flow="540.00" occupancy="72.51" speed="5.67" harmonicMeanSpeed="0.79" length="5.00" nVehEntered="14"/>
    <interval begin="39000.00" end="39100.00" id="inductionLoop.S1" nVehContrib="6" flow="216.00" occupancy="80.81" speed="2.92" harmonicMeanSpeed="0.37" length="5.00" nVehEntered="6"/>
    <interval begin="39100.00" end="39200.00" id="inductionLoop.S1" nVehContrib="16" flow="576.00" occupancy="57.00" speed="9.94" harmonicMeanSpeed="8.48" length="5.00" nVehEntered="17"/>
    <interval begin="39200.00" end="39300.00" id="inductionLoop.S1" nVehContrib="11" flow="396.00" occupancy="77.58" speed="3.28" harmonicMeanSpeed="0.44" length="5.00" nVehEntered="10"/>
    <interval begin="39300.00" end="39400.00" id="inductionLoop.S1" nVehContrib="9" flow="324.00" occupancy="83.03" speed="4.86" harmonicMeanSpeed="0.54" length="5.00" nVehEntered="10"/>
    <interval begin="39400.00" end="39500.00" id="inductionLoop.S1" nVehContrib="9" flow="324.00" occupancy="77.40" speed="4.82" harmonicMeanSpeed="0.58" length="5.00" nVehEntered="8"/>
    <interval begin="39500.00" end="39600.00" id="inductionLoop.S1" nVehContrib="13" flow="468.00" occupancy="32.33" speed="7.04" harmonicMeanSpeed="2.01" length="5.00" nVehEntered="13"/>
    <interval begin="39600.00" end="39700.00" id="inductionLoop.S1" nVehContrib="27" flow="972.00" occupancy="34.07" speed="9.97" harmonicMeanSpeed="3.96" length="5.00" nVehEntered="27"/>
    <interval begin="39700.00" end="39800.00" id="inductionLoop.S1" nVehContrib="12" flow="432.00" occupancy="76.71" speed="7.18" harmonicMeanSpeed="0.78" length="5.00" nVehEntered="12"/>
    <interval begin="39800.00" end="39900.00" id="inductionLoop.S1" nVehContrib="11" flow="396.00" occupancy="78.63" speed="5.72" harmonicMeanSpeed="0.74" length="5.00" nVehEntered="12"/>
    <interval begin="39900.00" end="40000.00" id="inductionLoop.S1" nVehContrib="9" flow="324.00" occupancy="82.70" speed="4.58" harmonicMeanSpeed="0.53" length="5.00" nVehEntered="9"/>
    <interval begin="40000.00" end="40100.00" id="inductionLoop.S1" nVehContrib="28" flow="1008.00" occupancy="51.98" speed="8.14" harmonicMeanSpeed="3.39" length="5.00" nVehEntered="28"/>
    <interval begin="40100.00" end="40200.00" id="inductionLoop.S1" nVehContrib="5" flow="180.00" occupancy="88.39" speed="3.21" harmonicMeanSpeed="0.28" length="5.00" nVehEntered="6"/>
    <interval begin="40200.00" end="40300.00" id="inductionLoop.S1" nVehContrib="6" flow="216.00" occupancy="87.41" speed="3.07" harmonicMeanSpeed="0.30" length="5.00" nVehEntered="5"/>
    <interval begin="40300.00" end="40400.00" id="inductionLoop.S1" nVehContrib="3" flow="108.00" occupancy="33.08" speed="0.61" harmonicMeanSpeed="0.45" length="5.00" nVehEntered="3"/>
    <interval begin="40400.00" end="40500.00" id="inductionLoop.S1" nVehContrib="4" flow="144.00" occupancy="78.03" speed="2.79" harmonicMeanSpeed="0.30" length="5.00" nVehEntered="5"/>
    <interval begin="40500.00" end="40600.00" id="inductionLoop.S1" nVehContrib="13" flow="468.00" occupancy="76.78" speed="6.32" harmonicMeanSpeed="0.73" length="5.00" nVehEntered="13"/>
    <interval begin="40600.00" end="40700.00" id="inductionLoop.S1" nVehContrib="12" flow="432.00" occupancy="74.33" speed="5.68" harmonicMeanSpeed="3.53" length="5.00" nVehEntered="13"/>
    <interval begin="40700.00" end="40800.00" id="inductionLoop.S1" nVehContrib="23" flow="828.00" occupancy="61.86" speed="10.28" harmonicMeanSpeed="1.30" length="5.00" nVehEntered="23"/>
    <interval begin="40800.00" end="40900.00" id="inductionLoop.S1" nVehContrib="10" flow="360.00" occupancy="73.43" speed="6.05" harmonicMeanSpeed="0.58" length="5.00" nVehEntered="10"/>
    <interval begin="40900.00" end="41000.00" id="inductionLoop.S1" nVehContrib="6" flow="216.00" occupancy="76.18" speed="1.70" harmonicMeanSpeed="0.35" length="5.00" nVehEntered="5"/>
    <interval begin="41000.00" end="41100.00" id="inductionLoop.S1" nVehContrib="17" flow="612.00" occupancy="73.31" speed="9.33" harmonicMeanSpeed="8.23" length="5.00" nVehEntered="18"/>
    <interval begin="41100.00" end="41200.00" id="inductionLoop.S1" nVehContrib="8" flow="288.00" occupancy="85.41" speed="6.64" harmonicMeanSpeed="0.47" length="5.00" nVehEntered="8"/>
    <interval begin="41200.00" end="41300.00" id="inductionLoop.S1" nVehContrib="14" flow="504.00" occupancy="70.68" speed="4.48" harmonicMeanSpeed="0.64" length="5.00" nVehEntered="14"/>
    <interval begin="41300.00" end="41400.00" id="inductionLoop.S1" nVehContrib="12" flow="432.00" occupancy="77.09" speed="6.95" harmonicMeanSpeed="0.58" length="5.00" nVehEntered="11"/>
    <interval begin="41400.00" end="41500.00" id="inductionLoop.S1" nVehContrib="1" flow="36.00" occupancy="97.39" speed="0.09" harmonicMeanSpeed="0.09" length="5.00" nVehEntered="2"/>
    <interval begin="41500.00" end="41600.00" id="inductionLoop.S1" nVehContrib="13" flow="468.00" occupancy="79.03" speed="8.27" harmonicMeanSpeed="1.00" length="5.00" nVehEntered="13"/>
    <interval begin="41600.00" end="41700.00" id="inductionLoop.S1" nVehContrib="2" flow="72.00" occupancy="95.39" speed="1.87" harmonicMeanSpeed="0.17" length="5.00" nVehEntered="2"/>
    <interval begin="41700.00" end="41800.00" id="inductionLoop.S1" nVehContrib="13" flow="468.00" occupancy="75.66" speed="5.83" harmonicMeanSpeed="0.52" length="5.00" nVehEntered="13"/>
    <interval begin="41800.00" end="41900.00" id="inductionLoop.S1" nVehContrib="11" flow="396.00" occupancy="79.84" speed="7.31" harmonicMeanSpeed="0.47" length="5.00" nVehEntered="11"/>
    <interval begin="41900.00" end="42000.00" id="inductionLoop.S1" nVehContrib="2" flow="72.00" occupancy="94.99" speed="0.72" harmonicMeanSpeed="0.31" length="5.00" nVehEntered="2"/>
    <interval begin="42000.00" end="42100.00" id="inductionLoop.S1" nVehContrib="17" flow="612.00" occupancy="45.07" speed="7.69" harmonicMeanSpeed="0.91" length="5.00" nVehEntered="17"/>
    <interval begin="42100.00" end="42200.00" id="inductionLoop.S1" nVehContrib="16" flow="576.00" occupancy="73.54" speed="7.13" harmonicMeanSpeed="1.15" length="5.00" nVehEntered="16"/>
    <interval begin="42200.00" end="42300.00" id="inductionLoop.S1" nVehContrib="8" flow="288.00" occupancy="82.07" speed="4.19" harmonicMeanSpeed="0.43" length="5.00" nVehEntered="8"/>
    <interval begin="42300.00" end="42400.00" id="inductionLoop.S1" nVehContrib="23" flow="828.00" occupancy="62.53" speed="8.19" harmonicMeanSpeed="1.56" length="5.00" nVehEntered="22"/>
    <interval begin="42400.00" end="42500.00" id="inductionLoop.S1" nVehContrib="15" flow="540.00" occupancy="77.75" speed="11.82" harmonicMeanSpeed="11.54" length="5.00" nVehEntered="16"/>
    <interval begin="42500.00" end="42600.00" id="inductionLoop.S1" nVehContrib="2" flow="72.00" occupancy="95.69" speed="1.73" harmonicMeanSpeed="0.09" length="5.00" nVehEntered="2"/>
    <interval begin="42600.00" end="42700.00" id="inductionLoop.S1" nVehContrib="14" flow="504.00" occupancy="76.35" speed="7.06" harmonicMeanSpeed="0.57" length="5.00" nVehEntered="14"/>
    <interval begin="42700.00" end="42800.00" id="inductionLoop.S1" nVehContrib="2" flow="72.00" occupancy="97.45" speed="1.88" harmonicMeanSpeed="0.09" length="5.00" nVehEntered="1"/>
    <interval begin="42800.00" end="42900.00" id="inductionLoop.S1" nVehContrib="13" flow="468.00" occupancy="73.02" speed="8.43" harmonicMeanSpeed="0.89" length="5.00" nVehEntered="13"/>
    <interval begin="42900.00" end="43000.00" id="inductionLoop.S1" nVehContrib="41" flow="1476.00" occupancy="26.43" speed="10.34" harmonicMeanSpeed="7.91" length="5.00" nVehEntered="42"/>
    <interval begin="43000.00" end="43100.00" id="inductionLoop.S1" nVehContrib="13" flow="468.00" occupancy="75.48" speed="7.39" harmonicMeanSpeed="0.86" length="5.00" nVehEntered="12"/>
    <interval begin="43100.00" end="43200.00" id="inductionLoop.S1" nVehContrib="6" flow="216.00" occupancy="85.11" speed="10.42" harmonicMeanSpeed="10.24" length="5.00" nVehEntered="7"/>
    <interval begin="43200.00" end="43300.00" id="inductionLoop.S1" nVehContrib="12" flow="432.00" occupancy="78.33" speed="7.92" harmonicMeanSpeed="0.54" length="5.00" nVehEntered="12"/>
    <interval begin="43300.00" end="43400.00" id="inductionLoop.S1" nVehContrib="4" flow="144.00" occupancy="88.64" speed="2.03" harmonicMeanSpeed="0.17" length="5.00" nVehEntered="4"/>
    <interval begin="43400.00" end="43500.00" id="inductionLoop.S1" nVehContrib="16" flow="576.00" occupancy="73.37" speed="9.03" harmonicMeanSpeed="0.88" length="5.00" nVehEntered="16"/>
    <interval begin="43500.00" end="43600.00" id="inductionLoop.S1" nVehContrib="2" flow="72.00" occupancy="95.65" speed="1.98" harmonicMeanSpeed="0.22" length="5.00" nVehEntered="2"/>
    <interval begin="43600.00" end="43700.00" id="inductionLoop.S1" nVehContrib="18" flow="648.00" occupancy="66.48" speed="7.72" harmonicMeanSpeed="0.82" length="5.00" nVehEntered="18"/>
    <interval begin="43700.00" end="43800.00" id="inductionLoop.S1" nVehContrib="3" flow="108.00" occupancy="77.84" speed="0.71" harmonicMeanSpeed="0.17" length="5.00" nVehEntered="2"/>
    <interval begin="43800.00" end="43900.00" id="inductionLoop.S1" nVehContrib="10" flow="360.00" occupancy="65.53" speed="4.83" harmonicMeanSpeed="2.75" length="5.00" nVehEntered="11"/>
    <interval begin="43900.00" end="44000.00" id="inductionLoop.S1" nVehContrib="9" flow="324.00" occupancy="69.38" speed="3.56" harmonicMeanSpeed="0.45" length="5.00" nVehEntered="9"/>
    <interval begin="44000.00" end="44100.00" id="inductionLoop.S1" nVehContrib="5" flow="180.00" occupancy="74.00" speed="1.96" harmonicMeanSpeed="0.28" length="5.00" nVehEntered="5"/>
    <interval begin="44100.00" end="44200.00" id="inductionLoop.S1" nVehContrib="17" flow="612.00" occupancy="66.57" speed="6.67" harmonicMeanSpeed="1.26" length="5.00" nVehEntered="17"/>
    <interval begin="44200.00" end="44300.00" id="inductionLoop.S1" nVehContrib="11" flow="396.00" occupancy="80.11" speed="6.39" harmonicMeanSpeed="1.30" length="5.00" nVehEntered="11"/>
    <interval begin="44300.00" end="44400.00" id="inductionLoop.S1" nVehContrib="14" flow="504.00" occupancy="73.36" speed="6.25" harmonicMeanSpeed="0.77" length="5.00" nVehEntered="14"/>
    <interval begin="44400.00" end="44500.00" id="inductionLoop.S1" nVehContrib="18" flow="648.00" occupancy="73.35" speed="8.42" harmonicMeanSpeed="0.95" length="5.00" nVehEntered="17"/>
    <interval begin="44500.00" end="44600.00" id="inductionLoop.S1" nVehContrib="12" flow="432.00" occupancy="73.42" speed="4.56" harmonicMeanSpeed="1.12" length="5.00" nVehEntered="13"/>
    <interval begin="44600.00" end="44700.00" id="inductionLoop.S1" nVehContrib="6" flow="216.00" occupancy="79.82" speed="3.51" harmonicMeanSpeed="0.36" length="5.00" nVehEntered="6"/>
    <interval begin="44700.00" end="44800.00" id="inductionLoop.S1" nVehContrib="12" flow="432.00" occupancy="76.10" speed="4.93" harmonicMeanSpeed="1.29" length="5.00" nVehEntered="12"/>
    <interval begin="44800.00" end="44900.00" id="inductionLoop.S1" nVehContrib="13" flow="468.00" occupancy="76.11" speed="4.45" harmonicMeanSpeed="0.54" length="5.00" nVehEntered="12"/>
    <interval begin="44900.00" end="45000.00" id="inductionLoop.S1" nVehContrib="7" flow="252.00" occupancy="25.08" speed="5.98" harmonicMeanSpeed="4.13" length="5.00" nVehEntered="8"/>
    <interval begin="45000.00" end="45100.00" id="inductionLoop.S1" nVehContrib="17" flow="612.00" occupancy="70.84" speed="7.65" harmonicMeanSpeed="1.71" length="5.00" nVehEntered="17"/>
    <interval begin="45100.00" end="45200.00" id="inductionLoop.S1" nVehContrib="12" flow="432.00" occupancy="76.00" speed="5.94" harmonicMeanSpeed="0.68" length="5.00" nVehEntered="12"/>
    <interval begin="45200.00" end="45300.00" id="inductionLoop.S1" nVehContrib="8" flow="288.00" occupancy="84.14" speed="4.14" harmonicMeanSpeed="0.36" length="5.00" nVehEntered="7"/>
    <interval begin="45300.00" end="45400.00" id="inductionLoop.S1" nVehContrib="26" flow="936.00" occupancy="54.85" speed="7.33" harmonicMeanSpeed="2.38" length="5.00" nVehEntered="27"/>
    <interval begin="45400.00" end="45500.00" id="inductionLoop.S1" nVehContrib="13" flow="468.00" occupancy="76.77" speed="8.70" harmonicMeanSpeed="0.84" length="5.00" nVehEntered="12"/>
    <interval begin="45500.00" end="45600.00" id="inductionLoop.S1" nVehContrib="14" flow="504.00" occupancy="76.56" speed="6.63" harmonicMeanSpeed="0.95" length="5.00" nVehEntered="15"/>
    <interval begin="45600.00" end="45700.00" id="inductionLoop.S1" nVehContrib="8" flow="288.00" occupancy="80.81" speed="5.50" harmonicMeanSpeed="0.57" length="5.00" nVehEntered="8"/>
    <interval begin="45700.00" end="45800.00" id="inductionLoop.S1" nVehContrib="9" flow="324.00" occupancy="26.76" speed="3.85" harmonicMeanSpeed="1.11" length="5.00" nVehEntered="8"/>
    <interval begin="45800.00" end="45900.00" id="inductionLoop.S1" nVehContrib="23" flow="828.00" occupancy="39.58" speed="9.79" harmonicMeanSpeed="2.94" length="5.00" nVehEntered="24"/>
    <interval begin="45900.00" end="46000.00" id="inductionLoop.S1" nVehContrib="1" flow="36.00" occupancy="95.55" speed="1.39" harmonicMeanSpeed="1.39" length="5.00" nVehEntered="2"/>
    <interval begin="46000.00" end="46100.00" id="inductionLoop.S1" nVehContrib="24" flow="864.00" occupancy="50.96" speed="6.89" harmonicMeanSpeed="2.62" length="5.00" nVehEntered="26"/>
    <interval begin="46100.00" end="46200.00" id="inductionLoop.S1" nVehContrib="9" flow="324.00" occupancy="82.23" speed="5.63" harmonicMeanSpeed="0.63" length="5.00" nVehEntered="9"/>
    <interval begin="46200.00" end="46300.00" id="inductionLoop.S1" nVehContrib="26" flow="936.00" occupancy="56.48" speed="7.31" harmonicMeanSpeed="2.16" length="5.00" nVehEntered="26"/>
    <interval begin="46300.00" end="46400.00" id="inductionLoop.S1" nVehContrib="1" flow="36.00" occupancy="97.51" speed="0.07" harmonicMeanSpeed="0.07" length="5.00" nVehEntered="1"/>
    <interval begin="46400.00" end="46500.00" id="inductionLoop.S1" nVehContrib="15" flow="540.00" occupancy="70.66" speed="7.28" harmonicMeanSpeed="0.91" length="5.00" nVehEntered="15"/>
    <interval begin="46500.00" end="46600.00" id="inductionLoop.S1" nVehContrib="5" flow="180.00" occupancy="88.25" speed="1.11" harmonicMeanSpeed="0.22" length="5.00" nVehEntered="5"/>
    <interval begin="46600.00" end="46700.00" id="inductionLoop.S1" nVehContrib="14" flow="504.00" occupancy="77.90" speed="9.73" harmonicMeanSpeed="8.48" length="5.00" nVehEntered="14"/>
    <interval begin="46700.00" end="46800.00" id="inductionLoop.S1" nVehContrib="25" flow="900.00" occupancy="62.35" speed="10.47" harmonicMeanSpeed="0.94" length="5.00" nVehEntered="24"/>
    <interval begin="46800.00" end="46900.00" id="inductionLoop.S1" nVehContrib="10" flow="360.00" occupancy="84.03" speed="10.66" harmonicMeanSpeed="0.62" length="5.00" nVehEntered="11"/>
    <interval begin="46900.00" end="47000.00" id="inductionLoop.S1" nVehContrib="0" flow="0.00" occupancy="100.00" speed="-1.00" harmonicMeanSpeed="-1.00" length="-1.00" nVehEntered="0"/>
    <interval begin="47000.00" end="47100.00" id="inductionLoop.S1" nVehContrib="6" flow="216.00" occupancy="80.30" speed="3.06" harmonicMeanSpeed="0.16" length="5.00" nVehEntered="5"/>
    <interval begin="47100.00" end="47200.00" id="inductionLoop.S1" nVehContrib="9" flow="324.00" occupancy="84.06" speed="7.43" harmonicMeanSpeed="6.38" length="5.00" nVehEntered="10"/>
    <interval begin="47200.00" end="47300.00" id="inductionLoop.S1" nVehContrib="24" flow="864.00" occupancy="59.08" speed="8.07" harmonicMeanSpeed="0.90" length="5.00" nVehEntered="24"/>
    <interval begin="47300.00" end="47400.00" id="inductionLoop.S1" nVehContrib="4" flow="144.00" occupancy="73.88" speed="2.50" harmonicMeanSpeed="0.31" length="5.00" nVehEntered="4"/>
    <interval begin="47400.00" end="47500.00" id="inductionLoop.S1" nVehContrib="19" flow="684.00" occupancy="67.48" speed="9.05" harmonicMeanSpeed="2.23" length="5.00" nVehEntered="19"/>
    <interval begin="47500.00" end="47600.00" id="inductionLoop.S1" nVehContrib="13" flow="468.00" occupancy="78.21" speed="8.44" harmonicMeanSpeed="0.88" length="5.00" nVehEntered="13"/>
    <interval begin="47600.00" end="47700.00" id="inductionLoop.S1" nVehContrib="4" flow="144.00" occupancy="8.42" speed="2.13" harmonicMeanSpeed="0.41" length="5.00" nVehEntered="4"/>
    <interval begin="47700.00" end="47800.00" id="inductionLoop.S1" nVehContrib="0" flow="0.00" occupancy="75.98" speed="-1.00" harmonicMeanSpeed="-1.00" length="-1.00" nVehEntered="1"/>
    <interval begin="47800.00" end="47900.00" id="inductionLoop.S1" nVehContrib="21" flow="756.00" occupancy="62.08" speed="9.74" harmonicMeanSpeed="1.17" length="5.00" nVehEntered="21"/>
    <interval begin="47900.00" end="48000.00" id="inductionLoop.S1" nVehContrib="13" flow="468.00" occupancy="65.31" speed="5.41" harmonicMeanSpeed="0.57" length="5.00" nVehEntered="12"/>
    <interval begin="48000.00" end="48100.00" id="inductionLoop.S1" nVehContrib="17" flow="612.00" occupancy="57.01" speed="7.99" harmonicMeanSpeed="5.57" length="5.00" nVehEntered="18"/>
    <interval begin="48100.00" end="48200.00" id="inductionLoop.S1" nVehContrib="13" flow="468.00" occupancy="74.83" speed="6.70" harmonicMeanSpeed="0.58" length="5.00" nVehEntered="13"/>
    <interval begin="48200.00" end="48300.00" id="inductionLoop.S1" nVehContrib="33" flow="1188.00" occupancy="47.57" speed="9.77" harmonicMeanSpeed="3.67" length="5.00" nVehEntered="33"/>
    <interval begin="48300.00" end="48400.00" id="inductionLoop.S1" nVehContrib="1" flow="36.00" occupancy="87.66" speed="0.06" harmonicMeanSpeed="0.06" length="5.00" nVehEntered="1"/>
    <interval begin="48400.00" end="48500.00" id="inductionLoop.S1" nVehContrib="25" flow="900.00" occupancy="51.28" speed="9.01" harmonicMeanSpeed="6.16" length="5.00" nVehEntered="25"/>
    <interval begin="48500.00" end="48600.00" id="inductionLoop.S1" nVehContrib="0" flow="0.00" occupancy="98.99" speed="-1.00" harmonicMeanSpeed="-1.00" length="-1.00" nVehEntered="1"/>
    <interval begin="48600.00" end="48700.00" id="inductionLoop.S1" nVehContrib="15" flow="540.00" occupancy="73.78" speed="6.42" harmonicMeanSpeed="0.58" length="5.00" nVehEntered="15"/>
    <interval begin="48700.00" end="48800.00" id="inductionLoop.S1" nVehContrib="25" flow="900.00" occupancy="56.47" speed="8.17" harmonicMeanSpeed="1.66" length="5.00" nVehEntered="25"/>
    <interval begin="48800.00" end="48900.00" id="inductionLoop.S1" nVehContrib="7" flow="252.00" occupancy="64.05" speed="4.15" harmonicMeanSpeed="0.42" length="5.00" nVehEntered="7"/>
    <interval begin="48900.00" end="49000.00" id="inductionLoop.S1" nVehContrib="20" flow="720.00" occupancy="68.06" speed="10.06" harmonicMeanSpeed="1.35" length="5.00" nVehEntered="19"/>
    <interval begin="49000.00" end="49100.00" id="inductionLoop.S1" nVehContrib="12" flow="432.00" occupancy="80.10" speed="8.12" harmonicMeanSpeed="0.75" length="5.00" nVehEntered="12"/>
    <interval begin="49100.00" end="49200.00" id="inductionLoop.S1" nVehContrib="13" flow="468.00" occupancy="74.33" speed="5.50" harmonicMeanSpeed="0.87" length="5.00" nVehEntered="13"/>
    <interval begin="49200.00" end="49300.00" id="inductionLoop.S1" nVehContrib="19" flow="684.00" occupancy="65.42" speed="8.53" harmonicMeanSpeed="3.81" length="5.00" nVehEntered="20"/>
    <interval begin="49300.00" end="49400.00" id="inductionLoop.S1" nVehContrib="15" flow="540.00" occupancy="74.25" speed="9.03" harmonicMeanSpeed="0.65" length="5.00" nVehEntered="14"/>
    <interval begin="49400.00" end="49500.00" id="inductionLoop.S1" nVehContrib="19" flow="684.00" occupancy="32.48" speed="8.57" harmonicMeanSpeed="2.93" length="5.00" nVehEntered="19"/>
    <interval begin="49500.00" end="49600.00" id="inductionLoop.S1" nVehContrib="0" flow="0.00" occupancy="86.75" speed="-1.00" harmonicMeanSpeed="-1.00" length="-1.00" nVehEntered="1"/>
    <interval begin="49600.00" end="49700.00" id="inductionLoop.S1" nVehContrib="7" flow="252.00" occupancy="72.62" speed="2.69" harmonicMeanSpeed="0.22" length="5.00" nVehEntered="6"/>
    <interval begin="49700.00" end="49800.00" id="inductionLoop.S1" nVehContrib="25" flow="900.00" occupancy="52.97" speed="8.20" harmonicMeanSpeed="2.84" length="5.00" nVehEntered="26"/>
    <interval begin="49800.00" end="49900.00" id="inductionLoop.S1" nVehContrib="0" flow="0.00" occupancy="100.00" speed="-1.00" harmonicMeanSpeed="-1.00" length="-1.00" nVehEntered="0"/>
    <interval begin="49900.00" end="50000.00" id="inductionLoop.S1" nVehContrib="20" flow="720.00" occupancy="62.86" speed="7.72" harmonicMeanSpeed="0.61" length="5.00" nVehEntered="20"/>
    <interval begin="50000.00" end="50004.00" id="inductionLoop.S1" nVehContrib="0" flow="0.00" occupancy="100.00" speed="-1.00" harmonicMeanSpeed="-1.00" length="-1.00" nVehEntered="0"/>
</detector>
