<?xml version="1.0" encoding="UTF-8"?>

<!-- generated on 2023-07-30 23:53:03 by Eclipse SUMO sumo Version 1.12.0
<configuration xmlns:xsi="http://www.w3.org/2001/XMLSchema-instance" xsi:noNamespaceSchemaLocation="http://sumo.dlr.de/xsd/sumoConfiguration.xsd">

    <input>
        <net-file value="Data0-31/intersection.net.xml"/>
        <route-files value="Data0-31/intersection.rou.xml"/>
        <additional-files value="Data0-31/intersection.det.xml"/>
    </input>

    <output>
        <tripinfo-output value="Data0-31/tripinfo.xml"/>
    </output>

    <time>
        <begin value="0"/>
    </time>

    <processing>
        <time-to-teleport value="-1"/>
        <waiting-time-memory value="60000"/>
    </processing>

    <report>
        <verbose value="true"/>
        <no-step-log value="true"/>
    </report>

    <emissions>
        <device.emissions.probability value="1"/>
    </emissions>

    <traci_server>
        <remote-port value="41173"/>
    </traci_server>

    <gui_only>
        <gui-settings-file value="Data0-31/intersection.settings.xml"/>
    </gui_only>

</configuration>
-->

<detector xmlns:xsi="http://www.w3.org/2001/XMLSchema-instance" xsi:noNamespaceSchemaLocation="http://sumo.dlr.de/xsd/det_e1_file.xsd">
    <interval begin="0.00" end="100.00" id="inductionLoop.S2" nVehContrib="1" flow="36.00" occupancy="0.38" speed="13.19" harmonicMeanSpeed="13.19" length="5.00" nVehEntered="1"/>
    <interval begin="100.00" end="200.00" id="inductionLoop.S2" nVehContrib="11" flow="396.00" occupancy="7.20" speed="9.11" harmonicMeanSpeed="7.63" length="5.00" nVehEntered="11"/>
    <interval begin="200.00" end="300.00" id="inductionLoop.S2" nVehContrib="7" flow="252.00" occupancy="5.70" speed="8.05" harmonicMeanSpeed="6.14" length="5.00" nVehEntered="7"/>
    <interval begin="300.00" end="400.00" id="inductionLoop.S2" nVehContrib="9" flow="324.00" occupancy="5.12" speed="10.28" harmonicMeanSpeed="8.78" length="5.00" nVehEntered="9"/>
    <interval begin="400.00" end="500.00" id="inductionLoop.S2" nVehContrib="10" flow="360.00" occupancy="6.53" speed="9.94" harmonicMeanSpeed="7.82" length="5.00" nVehEntered="11"/>
    <interval begin="500.00" end="600.00" id="inductionLoop.S2" nVehContrib="7" flow="252.00" occupancy="23.98" speed="2.04" harmonicMeanSpeed="1.58" length="5.00" nVehEntered="10"/>
    <interval begin="600.00" end="700.00" id="inductionLoop.S2" nVehContrib="10" flow="360.00" occupancy="9.57" speed="8.25" harmonicMeanSpeed="5.87" length="5.00" nVehEntered="11"/>
    <interval begin="700.00" end="800.00" id="inductionLoop.S2" nVehContrib="13" flow="468.00" occupancy="13.96" speed="7.04" harmonicMeanSpeed="4.71" length="5.00" nVehEntered="15"/>
    <interval begin="800.00" end="900.00" id="inductionLoop.S2" nVehContrib="7" flow="252.00" occupancy="4.30" speed="10.67" harmonicMeanSpeed="9.23" length="5.00" nVehEntered="8"/>
    <interval begin="900.00" end="1000.00" id="inductionLoop.S2" nVehContrib="10" flow="360.00" occupancy="5.47" speed="9.88" harmonicMeanSpeed="9.14" length="5.00" nVehEntered="10"/>
    <interval begin="1000.00" end="1100.00" id="inductionLoop.S2" nVehContrib="8" flow="288.00" occupancy="4.12" speed="11.89" harmonicMeanSpeed="11.50" length="5.00" nVehEntered="10"/>
    <interval begin="1100.00" end="1200.00" id="inductionLoop.S2" nVehContrib="5" flow="180.00" occupancy="3.57" speed="8.50" harmonicMeanSpeed="7.01" length="5.00" nVehEntered="5"/>
    <interval begin="1200.00" end="1300.00" id="inductionLoop.S2" nVehContrib="5" flow="180.00" occupancy="2.80" speed="11.43" harmonicMeanSpeed="8.91" length="5.00" nVehEntered="5"/>
    <interval begin="1300.00" end="1400.00" id="inductionLoop.S2" nVehContrib="9" flow="324.00" occupancy="5.48" speed="11.01" harmonicMeanSpeed="8.21" length="5.00" nVehEntered="9"/>
    <interval begin="1400.00" end="1500.00" id="inductionLoop.S2" nVehContrib="5" flow="180.00" occupancy="3.62" speed="9.31" harmonicMeanSpeed="7.75" length="5.00" nVehEntered="7"/>
    <interval begin="1500.00" end="1600.00" id="inductionLoop.S2" nVehContrib="10" flow="360.00" occupancy="8.82" speed="8.53" harmonicMeanSpeed="5.74" length="5.00" nVehEntered="11"/>
    <interval begin="1600.00" end="1700.00" id="inductionLoop.S2" nVehContrib="11" flow="396.00" occupancy="8.57" speed="7.54" harmonicMeanSpeed="6.42" length="5.00" nVehEntered="11"/>
    <interval begin="1700.00" end="1800.00" id="inductionLoop.S2" nVehContrib="8" flow="288.00" occupancy="7.76" speed="8.19" harmonicMeanSpeed="5.35" length="5.00" nVehEntered="9"/>
    <interval begin="1800.00" end="1900.00" id="inductionLoop.S2" nVehContrib="3" flow="108.00" occupancy="1.18" speed="12.78" harmonicMeanSpeed="12.72" length="5.00" nVehEntered="3"/>
    <interval begin="1900.00" end="2000.00" id="inductionLoop.S2" nVehContrib="10" flow="360.00" occupancy="4.58" speed="12.40" harmonicMeanSpeed="12.13" length="5.00" nVehEntered="12"/>
    <interval begin="2000.00" end="2100.00" id="inductionLoop.S2" nVehContrib="8" flow="288.00" occupancy="7.49" speed="7.46" harmonicMeanSpeed="5.66" length="5.00" nVehEntered="9"/>
    <interval begin="2100.00" end="2200.00" id="inductionLoop.S2" nVehContrib="5" flow="180.00" occupancy="2.16" speed="11.69" harmonicMeanSpeed="11.59" length="5.00" nVehEntered="5"/>
    <interval begin="2200.00" end="2300.00" id="inductionLoop.S2" nVehContrib="4" flow="144.00" occupancy="1.72" speed="11.69" harmonicMeanSpeed="11.61" length="5.00" nVehEntered="4"/>
    <interval begin="2300.00" end="2400.00" id="inductionLoop.S2" nVehContrib="8" flow="288.00" occupancy="4.05" speed="11.11" harmonicMeanSpeed="9.88" length="5.00" nVehEntered="8"/>
    <interval begin="2400.00" end="2500.00" id="inductionLoop.S2" nVehContrib="4" flow="144.00" occupancy="2.55" speed="9.35" harmonicMeanSpeed="7.84" length="5.00" nVehEntered="4"/>
    <interval begin="2500.00" end="2600.00" id="inductionLoop.S2" nVehContrib="6" flow="216.00" occupancy="5.23" speed="7.70" harmonicMeanSpeed="6.15" length="5.00" nVehEntered="7"/>
    <interval begin="2600.00" end="2700.00" id="inductionLoop.S2" nVehContrib="7" flow="252.00" occupancy="3.29" speed="11.57" harmonicMeanSpeed="11.31" length="5.00" nVehEntered="8"/>
    <interval begin="2700.00" end="2800.00" id="inductionLoop.S2" nVehContrib="8" flow="288.00" occupancy="3.86" speed="10.71" harmonicMeanSpeed="10.35" length="5.00" nVehEntered="8"/>
    <interval begin="2800.00" end="2900.00" id="inductionLoop.S2" nVehContrib="7" flow="252.00" occupancy="3.68" speed="11.03" harmonicMeanSpeed="9.50" length="5.00" nVehEntered="7"/>
    <interval begin="2900.00" end="3000.00" id="inductionLoop.S2" nVehContrib="7" flow="252.00" occupancy="3.37" speed="10.74" harmonicMeanSpeed="10.40" length="5.00" nVehEntered="7"/>
    <interval begin="3000.00" end="3100.00" id="inductionLoop.S2" nVehContrib="4" flow="144.00" occupancy="1.63" speed="12.36" harmonicMeanSpeed="12.27" length="5.00" nVehEntered="4"/>
    <interval begin="3100.00" end="3200.00" id="inductionLoop.S2" nVehContrib="8" flow="288.00" occupancy="3.99" speed="11.44" harmonicMeanSpeed="10.95" length="5.00" nVehEntered="9"/>
    <interval begin="3200.00" end="3300.00" id="inductionLoop.S2" nVehContrib="8" flow="288.00" occupancy="15.47" speed="8.08" harmonicMeanSpeed="2.59" length="5.00" nVehEntered="8"/>
    <interval begin="3300.00" end="3400.00" id="inductionLoop.S2" nVehContrib="7" flow="252.00" occupancy="3.28" speed="10.94" harmonicMeanSpeed="10.68" length="5.00" nVehEntered="7"/>
    <interval begin="3400.00" end="3500.00" id="inductionLoop.S2" nVehContrib="3" flow="108.00" occupancy="1.14" speed="13.13" harmonicMeanSpeed="13.12" length="5.00" nVehEntered="3"/>
    <interval begin="3500.00" end="3600.00" id="inductionLoop.S2" nVehContrib="6" flow="216.00" occupancy="3.57" speed="10.80" harmonicMeanSpeed="9.20" length="5.00" nVehEntered="7"/>
    <interval begin="3600.00" end="3700.00" id="inductionLoop.S2" nVehContrib="6" flow="216.00" occupancy="2.78" speed="11.17" harmonicMeanSpeed="10.79" length="5.00" nVehEntered="6"/>
    <interval begin="3700.00" end="3800.00" id="inductionLoop.S2" nVehContrib="3" flow="108.00" occupancy="2.54" speed="8.65" harmonicMeanSpeed="5.91" length="5.00" nVehEntered="3"/>
    <interval begin="3800.00" end="3900.00" id="inductionLoop.S2" nVehContrib="4" flow="144.00" occupancy="2.56" speed="12.06" harmonicMeanSpeed="11.72" length="5.00" nVehEntered="6"/>
    <interval begin="3900.00" end="4000.00" id="inductionLoop.S2" nVehContrib="7" flow="252.00" occupancy="3.37" speed="11.22" harmonicMeanSpeed="10.87" length="5.00" nVehEntered="8"/>
    <interval begin="4000.00" end="4100.00" id="inductionLoop.S2" nVehContrib="5" flow="180.00" occupancy="3.72" speed="9.09" harmonicMeanSpeed="7.49" length="5.00" nVehEntered="7"/>
    <interval begin="4100.00" end="4200.00" id="inductionLoop.S2" nVehContrib="7" flow="252.00" occupancy="3.59" speed="11.53" harmonicMeanSpeed="9.74" length="5.00" nVehEntered="7"/>
    <interval begin="4200.00" end="4300.00" id="inductionLoop.S2" nVehContrib="6" flow="216.00" occupancy="6.78" speed="8.24" harmonicMeanSpeed="6.27" length="5.00" nVehEntered="7"/>
    <interval begin="4300.00" end="4400.00" id="inductionLoop.S2" nVehContrib="10" flow="360.00" occupancy="18.02" speed="9.93" harmonicMeanSpeed="2.84" length="5.00" nVehEntered="11"/>
    <interval begin="4400.00" end="4500.00" id="inductionLoop.S2" nVehContrib="4" flow="144.00" occupancy="1.84" speed="12.84" harmonicMeanSpeed="12.69" length="5.00" nVehEntered="5"/>
    <interval begin="4500.00" end="4600.00" id="inductionLoop.S2" nVehContrib="4" flow="144.00" occupancy="3.39" speed="8.72" harmonicMeanSpeed="6.67" length="5.00" nVehEntered="5"/>
    <interval begin="4600.00" end="4700.00" id="inductionLoop.S2" nVehContrib="9" flow="324.00" occupancy="6.54" speed="10.08" harmonicMeanSpeed="7.97" length="5.00" nVehEntered="10"/>
    <interval begin="4700.00" end="4800.00" id="inductionLoop.S2" nVehContrib="7" flow="252.00" occupancy="4.20" speed="10.19" harmonicMeanSpeed="8.33" length="5.00" nVehEntered="7"/>
    <interval begin="4800.00" end="4900.00" id="inductionLoop.S2" nVehContrib="5" flow="180.00" occupancy="2.29" speed="11.41" harmonicMeanSpeed="10.91" length="5.00" nVehEntered="5"/>
    <interval begin="4900.00" end="5000.00" id="inductionLoop.S2" nVehContrib="3" flow="108.00" occupancy="1.88" speed="9.97" harmonicMeanSpeed="7.97" length="5.00" nVehEntered="3"/>
    <interval begin="5000.00" end="5100.00" id="inductionLoop.S2" nVehContrib="2" flow="72.00" occupancy="2.44" speed="4.11" harmonicMeanSpeed="4.10" length="5.00" nVehEntered="2"/>
    <interval begin="5100.00" end="5200.00" id="inductionLoop.S2" nVehContrib="2" flow="72.00" occupancy="1.04" speed="10.34" harmonicMeanSpeed="9.60" length="5.00" nVehEntered="2"/>
    <interval begin="5200.00" end="5300.00" id="inductionLoop.S2" nVehContrib="6" flow="216.00" occupancy="4.12" speed="9.63" harmonicMeanSpeed="7.27" length="5.00" nVehEntered="6"/>
    <interval begin="5300.00" end="5400.00" id="inductionLoop.S2" nVehContrib="1" flow="36.00" occupancy="1.26" speed="3.97" harmonicMeanSpeed="3.97" length="5.00" nVehEntered="1"/>
    <interval begin="5400.00" end="5500.00" id="inductionLoop.S2" nVehContrib="5" flow="180.00" occupancy="3.97" speed="7.96" harmonicMeanSpeed="6.29" length="5.00" nVehEntered="5"/>
    <interval begin="5500.00" end="5600.00" id="inductionLoop.S2" nVehContrib="2" flow="72.00" occupancy="1.56" speed="8.55" harmonicMeanSpeed="6.41" length="5.00" nVehEntered="2"/>
    <interval begin="5600.00" end="5700.00" id="inductionLoop.S2" nVehContrib="1" flow="36.00" occupancy="0.38" speed="13.03" harmonicMeanSpeed="13.03" length="5.00" nVehEntered="1"/>
    <interval begin="5700.00" end="5800.00" id="inductionLoop.S2" nVehContrib="2" flow="72.00" occupancy="0.87" speed="11.75" harmonicMeanSpeed="11.66" length="5.00" nVehEntered="3"/>
    <interval begin="5800.00" end="5900.00" id="inductionLoop.S2" nVehContrib="6" flow="216.00" occupancy="4.64" speed="10.02" harmonicMeanSpeed="8.13" length="5.00" nVehEntered="7"/>
    <interval begin="5900.00" end="6000.00" id="inductionLoop.S2" nVehContrib="2" flow="72.00" occupancy="1.16" speed="12.44" harmonicMeanSpeed="12.42" length="5.00" nVehEntered="3"/>
    <interval begin="6000.00" end="6100.00" id="inductionLoop.S2" nVehContrib="4" flow="144.00" occupancy="2.34" speed="9.06" harmonicMeanSpeed="8.83" length="5.00" nVehEntered="5"/>
    <interval begin="6100.00" end="6200.00" id="inductionLoop.S2" nVehContrib="7" flow="252.00" occupancy="5.13" speed="10.11" harmonicMeanSpeed="8.11" length="5.00" nVehEntered="9"/>
    <interval begin="6200.00" end="6300.00" id="inductionLoop.S2" nVehContrib="6" flow="216.00" occupancy="4.78" speed="9.58" harmonicMeanSpeed="7.43" length="5.00" nVehEntered="8"/>
    <interval begin="6300.00" end="6400.00" id="inductionLoop.S2" nVehContrib="5" flow="180.00" occupancy="2.55" speed="11.74" harmonicMeanSpeed="9.80" length="5.00" nVehEntered="5"/>
    <interval begin="6400.00" end="6500.00" id="inductionLoop.S2" nVehContrib="4" flow="144.00" occupancy="1.65" speed="12.20" harmonicMeanSpeed="12.10" length="5.00" nVehEntered="4"/>
    <interval begin="6500.00" end="6600.00" id="inductionLoop.S2" nVehContrib="3" flow="108.00" occupancy="1.23" speed="13.54" harmonicMeanSpeed="13.51" length="5.00" nVehEntered="4"/>
    <interval begin="6600.00" end="6700.00" id="inductionLoop.S2" nVehContrib="3" flow="108.00" occupancy="1.08" speed="13.95" harmonicMeanSpeed="13.91" length="5.00" nVehEntered="3"/>
    <interval begin="6700.00" end="6800.00" id="inductionLoop.S2" nVehContrib="1" flow="36.00" occupancy="0.39" speed="12.86" harmonicMeanSpeed="12.86" length="5.00" nVehEntered="1"/>
    <interval begin="6800.00" end="6900.00" id="inductionLoop.S2" nVehContrib="6" flow="216.00" occupancy="4.51" speed="8.23" harmonicMeanSpeed="6.65" length="5.00" nVehEntered="6"/>
    <interval begin="6900.00" end="7000.00" id="inductionLoop.S2" nVehContrib="4" flow="144.00" occupancy="1.65" speed="12.16" harmonicMeanSpeed="12.11" length="5.00" nVehEntered="4"/>
    <interval begin="7000.00" end="7100.00" id="inductionLoop.S2" nVehContrib="3" flow="108.00" occupancy="2.63" speed="9.68" harmonicMeanSpeed="6.67" length="5.00" nVehEntered="4"/>
    <interval begin="7100.00" end="7200.00" id="inductionLoop.S2" nVehContrib="3" flow="108.00" occupancy="3.72" speed="9.90" harmonicMeanSpeed="7.36" length="5.00" nVehEntered="6"/>
    <interval begin="7200.00" end="7300.00" id="inductionLoop.S2" nVehContrib="5" flow="180.00" occupancy="3.10" speed="9.03" harmonicMeanSpeed="6.16" length="5.00" nVehEntered="4"/>
    <interval begin="7300.00" end="7400.00" id="inductionLoop.S2" nVehContrib="3" flow="108.00" occupancy="3.43" speed="4.40" harmonicMeanSpeed="4.37" length="5.00" nVehEntered="3"/>
    <interval begin="7400.00" end="7500.00" id="inductionLoop.S2" nVehContrib="1" flow="36.00" occupancy="1.14" speed="4.41" harmonicMeanSpeed="4.41" length="5.00" nVehEntered="1"/>
    <interval begin="7500.00" end="7600.00" id="inductionLoop.S2" nVehContrib="5" flow="180.00" occupancy="2.58" speed="11.01" harmonicMeanSpeed="10.61" length="5.00" nVehEntered="6"/>
    <interval begin="7600.00" end="7700.00" id="inductionLoop.S2" nVehContrib="4" flow="144.00" occupancy="1.72" speed="13.50" harmonicMeanSpeed="13.46" length="5.00" nVehEntered="5"/>
    <interval begin="7700.00" end="7800.00" id="inductionLoop.S2" nVehContrib="3" flow="108.00" occupancy="2.09" speed="10.91" harmonicMeanSpeed="8.47" length="5.00" nVehEntered="4"/>
    <interval begin="7800.00" end="7900.00" id="inductionLoop.S2" nVehContrib="4" flow="144.00" occupancy="4.30" speed="5.87" harmonicMeanSpeed="4.65" length="5.00" nVehEntered="4"/>
    <interval begin="7900.00" end="8000.00" id="inductionLoop.S2" nVehContrib="5" flow="180.00" occupancy="5.04" speed="6.90" harmonicMeanSpeed="5.20" length="5.00" nVehEntered="6"/>
    <interval begin="8000.00" end="8100.00" id="inductionLoop.S2" nVehContrib="4" flow="144.00" occupancy="1.87" speed="11.04" harmonicMeanSpeed="10.68" length="5.00" nVehEntered="4"/>
    <interval begin="8100.00" end="8200.00" id="inductionLoop.S2" nVehContrib="1" flow="36.00" occupancy="0.40" speed="12.60" harmonicMeanSpeed="12.60" length="5.00" nVehEntered="1"/>
    <interval begin="8200.00" end="8300.00" id="inductionLoop.S2" nVehContrib="5" flow="180.00" occupancy="2.29" speed="12.39" harmonicMeanSpeed="12.02" length="5.00" nVehEntered="6"/>
    <interval begin="8300.00" end="8400.00" id="inductionLoop.S2" nVehContrib="3" flow="108.00" occupancy="2.50" speed="7.91" harmonicMeanSpeed="6.01" length="5.00" nVehEntered="3"/>
    <interval begin="8400.00" end="8500.00" id="inductionLoop.S2" nVehContrib="6" flow="216.00" occupancy="4.35" speed="9.19" harmonicMeanSpeed="6.90" length="5.00" nVehEntered="6"/>
    <interval begin="8500.00" end="8600.00" id="inductionLoop.S2" nVehContrib="3" flow="108.00" occupancy="1.41" speed="13.52" harmonicMeanSpeed="13.44" length="5.00" nVehEntered="4"/>
    <interval begin="8600.00" end="8700.00" id="inductionLoop.S2" nVehContrib="8" flow="288.00" occupancy="3.28" speed="12.32" harmonicMeanSpeed="12.21" length="5.00" nVehEntered="8"/>
    <interval begin="8700.00" end="8800.00" id="inductionLoop.S2" nVehContrib="2" flow="72.00" occupancy="0.75" speed="13.38" harmonicMeanSpeed="13.37" length="5.00" nVehEntered="2"/>
    <interval begin="8800.00" end="8900.00" id="inductionLoop.S2" nVehContrib="2" flow="72.00" occupancy="1.77" speed="7.44" harmonicMeanSpeed="5.66" length="5.00" nVehEntered="2"/>
    <interval begin="8900.00" end="9000.00" id="inductionLoop.S2" nVehContrib="4" flow="144.00" occupancy="1.96" speed="10.40" harmonicMeanSpeed="10.20" length="5.00" nVehEntered="4"/>
    <interval begin="9000.00" end="9100.00" id="inductionLoop.S2" nVehContrib="6" flow="216.00" occupancy="2.28" speed="13.26" harmonicMeanSpeed="13.17" length="5.00" nVehEntered="6"/>
    <interval begin="9100.00" end="9200.00" id="inductionLoop.S2" nVehContrib="0" flow="0.00" occupancy="0.00" speed="-1.00" harmonicMeanSpeed="-1.00" length="-1.00" nVehEntered="0"/>
    <interval begin="9200.00" end="9300.00" id="inductionLoop.S2" nVehContrib="3" flow="108.00" occupancy="3.15" speed="8.89" harmonicMeanSpeed="6.97" length="5.00" nVehEntered="4"/>
    <interval begin="9300.00" end="9400.00" id="inductionLoop.S2" nVehContrib="2" flow="72.00" occupancy="0.58" speed="9.44" harmonicMeanSpeed="6.34" length="5.00" nVehEntered="1"/>
    <interval begin="9400.00" end="9500.00" id="inductionLoop.S2" nVehContrib="3" flow="108.00" occupancy="2.31" speed="8.53" harmonicMeanSpeed="6.50" length="5.00" nVehEntered="3"/>
    <interval begin="9500.00" end="9600.00" id="inductionLoop.S2" nVehContrib="6" flow="216.00" occupancy="4.36" speed="8.58" harmonicMeanSpeed="6.89" length="5.00" nVehEntered="6"/>
    <interval begin="9600.00" end="9700.00" id="inductionLoop.S2" nVehContrib="3" flow="108.00" occupancy="1.20" speed="12.54" harmonicMeanSpeed="12.48" length="5.00" nVehEntered="3"/>
    <interval begin="9700.00" end="9800.00" id="inductionLoop.S2" nVehContrib="3" flow="108.00" occupancy="2.67" speed="7.30" harmonicMeanSpeed="5.61" length="5.00" nVehEntered="3"/>
    <interval begin="9800.00" end="9900.00" id="inductionLoop.S2" nVehContrib="4" flow="144.00" occupancy="2.56" speed="10.05" harmonicMeanSpeed="7.82" length="5.00" nVehEntered="4"/>
    <interval begin="9900.00" end="10000.00" id="inductionLoop.S2" nVehContrib="4" flow="144.00" occupancy="2.22" speed="10.85" harmonicMeanSpeed="9.01" length="5.00" nVehEntered="4"/>
    <interval begin="10000.00" end="10100.00" id="inductionLoop.S2" nVehContrib="2" flow="72.00" occupancy="0.71" speed="14.05" harmonicMeanSpeed="14.02" length="5.00" nVehEntered="2"/>
    <interval begin="10100.00" end="10200.00" id="inductionLoop.S2" nVehContrib="5" flow="180.00" occupancy="4.84" speed="7.57" harmonicMeanSpeed="5.64" length="5.00" nVehEntered="6"/>
    <interval begin="10200.00" end="10300.00" id="inductionLoop.S2" nVehContrib="2" flow="72.00" occupancy="0.99" speed="13.28" harmonicMeanSpeed="13.28" length="5.00" nVehEntered="3"/>
    <interval begin="10300.00" end="10400.00" id="inductionLoop.S2" nVehContrib="2" flow="72.00" occupancy="1.49" speed="8.65" harmonicMeanSpeed="6.70" length="5.00" nVehEntered="2"/>
    <interval begin="10400.00" end="10500.00" id="inductionLoop.S2" nVehContrib="2" flow="72.00" occupancy="2.35" speed="4.26" harmonicMeanSpeed="4.25" length="5.00" nVehEntered="2"/>
    <interval begin="10500.00" end="10600.00" id="inductionLoop.S2" nVehContrib="2" flow="72.00" occupancy="0.86" speed="11.73" harmonicMeanSpeed="11.68" length="5.00" nVehEntered="2"/>
    <interval begin="10600.00" end="10700.00" id="inductionLoop.S2" nVehContrib="1" flow="36.00" occupancy="1.66" speed="3.91" harmonicMeanSpeed="3.91" length="5.00" nVehEntered="3"/>
    <interval begin="10700.00" end="10800.00" id="inductionLoop.S2" nVehContrib="3" flow="108.00" occupancy="1.50" speed="10.46" harmonicMeanSpeed="10.01" length="5.00" nVehEntered="3"/>
    <interval begin="10800.00" end="10900.00" id="inductionLoop.S2" nVehContrib="3" flow="108.00" occupancy="2.04" speed="10.23" harmonicMeanSpeed="7.36" length="5.00" nVehEntered="3"/>
    <interval begin="10900.00" end="11000.00" id="inductionLoop.S2" nVehContrib="1" flow="36.00" occupancy="0.37" speed="13.54" harmonicMeanSpeed="13.54" length="5.00" nVehEntered="1"/>
    <interval begin="11000.00" end="11100.00" id="inductionLoop.S2" nVehContrib="0" flow="0.00" occupancy="0.00" speed="-1.00" harmonicMeanSpeed="-1.00" length="-1.00" nVehEntered="0"/>
    <interval begin="11100.00" end="11200.00" id="inductionLoop.S2" nVehContrib="4" flow="144.00" occupancy="3.25" speed="8.25" harmonicMeanSpeed="6.15" length="5.00" nVehEntered="4"/>
    <interval begin="11200.00" end="11300.00" id="inductionLoop.S2" nVehContrib="0" flow="0.00" occupancy="0.00" speed="-1.00" harmonicMeanSpeed="-1.00" length="-1.00" nVehEntered="0"/>
    <interval begin="11300.00" end="11400.00" id="inductionLoop.S2" nVehContrib="0" flow="0.00" occupancy="0.00" speed="-1.00" harmonicMeanSpeed="-1.00" length="-1.00" nVehEntered="0"/>
    <interval begin="11400.00" end="11500.00" id="inductionLoop.S2" nVehContrib="1" flow="36.00" occupancy="0.70" speed="13.22" harmonicMeanSpeed="13.22" length="5.00" nVehEntered="2"/>
    <interval begin="11500.00" end="11600.00" id="inductionLoop.S2" nVehContrib="2" flow="72.00" occupancy="0.70" speed="14.26" harmonicMeanSpeed="14.25" length="5.00" nVehEntered="2"/>
    <interval begin="11600.00" end="11700.00" id="inductionLoop.S2" nVehContrib="3" flow="108.00" occupancy="1.13" speed="13.34" harmonicMeanSpeed="13.32" length="5.00" nVehEntered="3"/>
    <interval begin="11700.00" end="11800.00" id="inductionLoop.S2" nVehContrib="3" flow="108.00" occupancy="3.08" speed="5.55" harmonicMeanSpeed="4.87" length="5.00" nVehEntered="3"/>
    <interval begin="11800.00" end="11900.00" id="inductionLoop.S2" nVehContrib="1" flow="36.00" occupancy="1.03" speed="4.83" harmonicMeanSpeed="4.83" length="5.00" nVehEntered="1"/>
    <interval begin="11900.00" end="12000.00" id="inductionLoop.S2" nVehContrib="1" flow="36.00" occupancy="0.35" speed="14.19" harmonicMeanSpeed="14.19" length="5.00" nVehEntered="1"/>
    <interval begin="12000.00" end="12100.00" id="inductionLoop.S2" nVehContrib="1" flow="36.00" occupancy="0.37" speed="13.65" harmonicMeanSpeed="13.65" length="5.00" nVehEntered="1"/>
    <interval begin="12100.00" end="12200.00" id="inductionLoop.S2" nVehContrib="0" flow="0.00" occupancy="0.00" speed="-1.00" harmonicMeanSpeed="-1.00" length="-1.00" nVehEntered="0"/>
    <interval begin="12200.00" end="12300.00" id="inductionLoop.S2" nVehContrib="0" flow="0.00" occupancy="0.00" speed="-1.00" harmonicMeanSpeed="-1.00" length="-1.00" nVehEntered="0"/>
    <interval begin="12300.00" end="12400.00" id="inductionLoop.S2" nVehContrib="1" flow="36.00" occupancy="1.23" speed="4.06" harmonicMeanSpeed="4.06" length="5.00" nVehEntered="1"/>
    <interval begin="12400.00" end="12500.00" id="inductionLoop.S2" nVehContrib="2" flow="72.00" occupancy="2.60" speed="3.85" harmonicMeanSpeed="3.85" length="5.00" nVehEntered="2"/>
    <interval begin="12500.00" end="12600.00" id="inductionLoop.S2" nVehContrib="2" flow="72.00" occupancy="1.05" speed="13.51" harmonicMeanSpeed="13.50" length="5.00" nVehEntered="3"/>
    <interval begin="12600.00" end="12700.00" id="inductionLoop.S2" nVehContrib="3" flow="108.00" occupancy="2.12" speed="9.67" harmonicMeanSpeed="7.09" length="5.00" nVehEntered="3"/>
    <interval begin="12700.00" end="12800.00" id="inductionLoop.S2" nVehContrib="2" flow="72.00" occupancy="1.93" speed="7.43" harmonicMeanSpeed="5.18" length="5.00" nVehEntered="2"/>
    <interval begin="12800.00" end="12900.00" id="inductionLoop.S2" nVehContrib="0" flow="0.00" occupancy="0.00" speed="-1.00" harmonicMeanSpeed="-1.00" length="-1.00" nVehEntered="0"/>
    <interval begin="12900.00" end="13000.00" id="inductionLoop.S2" nVehContrib="0" flow="0.00" occupancy="0.00" speed="-1.00" harmonicMeanSpeed="-1.00" length="-1.00" nVehEntered="0"/>
    <interval begin="13000.00" end="13100.00" id="inductionLoop.S2" nVehContrib="0" flow="0.00" occupancy="0.00" speed="-1.00" harmonicMeanSpeed="-1.00" length="-1.00" nVehEntered="0"/>
    <interval begin="13100.00" end="13200.00" id="inductionLoop.S2" nVehContrib="1" flow="36.00" occupancy="0.34" speed="14.92" harmonicMeanSpeed="14.92" length="5.00" nVehEntered="1"/>
    <interval begin="13200.00" end="13300.00" id="inductionLoop.S2" nVehContrib="2" flow="72.00" occupancy="1.42" speed="9.15" harmonicMeanSpeed="7.03" length="5.00" nVehEntered="2"/>
    <interval begin="13300.00" end="13400.00" id="inductionLoop.S2" nVehContrib="3" flow="108.00" occupancy="1.70" speed="12.61" harmonicMeanSpeed="12.49" length="5.00" nVehEntered="4"/>
    <interval begin="13400.00" end="13500.00" id="inductionLoop.S2" nVehContrib="5" flow="180.00" occupancy="4.47" speed="7.94" harmonicMeanSpeed="5.60" length="5.00" nVehEntered="5"/>
    <interval begin="13500.00" end="13600.00" id="inductionLoop.S2" nVehContrib="3" flow="108.00" occupancy="1.78" speed="10.87" harmonicMeanSpeed="8.43" length="5.00" nVehEntered="3"/>
    <interval begin="13600.00" end="13700.00" id="inductionLoop.S2" nVehContrib="0" flow="0.00" occupancy="0.00" speed="-1.00" harmonicMeanSpeed="-1.00" length="-1.00" nVehEntered="0"/>
    <interval begin="13700.00" end="13800.00" id="inductionLoop.S2" nVehContrib="2" flow="72.00" occupancy="0.69" speed="14.45" harmonicMeanSpeed="14.44" length="5.00" nVehEntered="2"/>
    <interval begin="13800.00" end="13900.00" id="inductionLoop.S2" nVehContrib="0" flow="0.00" occupancy="0.00" speed="-1.00" harmonicMeanSpeed="-1.00" length="-1.00" nVehEntered="0"/>
    <interval begin="13900.00" end="14000.00" id="inductionLoop.S2" nVehContrib="1" flow="36.00" occupancy="1.28" speed="3.91" harmonicMeanSpeed="3.91" length="5.00" nVehEntered="1"/>
    <interval begin="14000.00" end="14100.00" id="inductionLoop.S2" nVehContrib="0" flow="0.00" occupancy="1.00" speed="-1.00" harmonicMeanSpeed="-1.00" length="-1.00" nVehEntered="1"/>
    <interval begin="14100.00" end="14200.00" id="inductionLoop.S2" nVehContrib="1" flow="36.00" occupancy="0.36" speed="3.69" harmonicMeanSpeed="3.69" length="5.00" nVehEntered="0"/>
    <interval begin="14200.00" end="14300.00" id="inductionLoop.S2" nVehContrib="0" flow="0.00" occupancy="0.00" speed="-1.00" harmonicMeanSpeed="-1.00" length="-1.00" nVehEntered="0"/>
    <interval begin="14300.00" end="14400.00" id="inductionLoop.S2" nVehContrib="2" flow="72.00" occupancy="1.18" speed="12.88" harmonicMeanSpeed="12.88" length="5.00" nVehEntered="3"/>
    <interval begin="14400.00" end="14500.00" id="inductionLoop.S2" nVehContrib="1" flow="36.00" occupancy="0.38" speed="13.18" harmonicMeanSpeed="13.18" length="5.00" nVehEntered="1"/>
    <interval begin="14500.00" end="14600.00" id="inductionLoop.S2" nVehContrib="1" flow="36.00" occupancy="1.27" speed="3.95" harmonicMeanSpeed="3.95" length="5.00" nVehEntered="1"/>
    <interval begin="14600.00" end="14700.00" id="inductionLoop.S2" nVehContrib="0" flow="0.00" occupancy="0.00" speed="-1.00" harmonicMeanSpeed="-1.00" length="-1.00" nVehEntered="0"/>
    <interval begin="14700.00" end="14800.00" id="inductionLoop.S2" nVehContrib="3" flow="108.00" occupancy="2.82" speed="7.07" harmonicMeanSpeed="5.32" length="5.00" nVehEntered="3"/>
    <interval begin="14800.00" end="14900.00" id="inductionLoop.S2" nVehContrib="4" flow="144.00" occupancy="2.35" speed="10.56" harmonicMeanSpeed="8.49" length="5.00" nVehEntered="4"/>
    <interval begin="14900.00" end="15000.00" id="inductionLoop.S2" nVehContrib="1" flow="36.00" occupancy="1.23" speed="4.07" harmonicMeanSpeed="4.07" length="5.00" nVehEntered="1"/>
    <interval begin="15000.00" end="15100.00" id="inductionLoop.S2" nVehContrib="0" flow="0.00" occupancy="0.00" speed="-1.00" harmonicMeanSpeed="-1.00" length="-1.00" nVehEntered="0"/>
    <interval begin="15100.00" end="15200.00" id="inductionLoop.S2" nVehContrib="4" flow="144.00" occupancy="1.51" speed="13.35" harmonicMeanSpeed="13.28" length="5.00" nVehEntered="4"/>
    <interval begin="15200.00" end="15300.00" id="inductionLoop.S2" nVehContrib="2" flow="72.00" occupancy="0.78" speed="12.82" harmonicMeanSpeed="12.81" length="5.00" nVehEntered="2"/>
    <interval begin="15300.00" end="15400.00" id="inductionLoop.S2" nVehContrib="1" flow="36.00" occupancy="1.35" speed="3.71" harmonicMeanSpeed="3.71" length="5.00" nVehEntered="1"/>
    <interval begin="15400.00" end="15500.00" id="inductionLoop.S2" nVehContrib="1" flow="36.00" occupancy="0.37" speed="13.44" harmonicMeanSpeed="13.44" length="5.00" nVehEntered="1"/>
    <interval begin="15500.00" end="15600.00" id="inductionLoop.S2" nVehContrib="2" flow="72.00" occupancy="1.69" speed="8.96" harmonicMeanSpeed="5.92" length="5.00" nVehEntered="2"/>
    <interval begin="15600.00" end="15700.00" id="inductionLoop.S2" nVehContrib="1" flow="36.00" occupancy="0.34" speed="14.90" harmonicMeanSpeed="14.90" length="5.00" nVehEntered="1"/>
    <interval begin="15700.00" end="15800.00" id="inductionLoop.S2" nVehContrib="6" flow="216.00" occupancy="2.93" speed="12.03" harmonicMeanSpeed="10.23" length="5.00" nVehEntered="6"/>
    <interval begin="15800.00" end="15900.00" id="inductionLoop.S2" nVehContrib="3" flow="108.00" occupancy="1.48" speed="10.65" harmonicMeanSpeed="10.14" length="5.00" nVehEntered="3"/>
    <interval begin="15900.00" end="16000.00" id="inductionLoop.S2" nVehContrib="4" flow="144.00" occupancy="1.54" speed="13.01" harmonicMeanSpeed="12.98" length="5.00" nVehEntered="4"/>
    <interval begin="16000.00" end="16100.00" id="inductionLoop.S2" nVehContrib="4" flow="144.00" occupancy="3.33" speed="10.25" harmonicMeanSpeed="8.60" length="5.00" nVehEntered="5"/>
    <interval begin="16100.00" end="16200.00" id="inductionLoop.S2" nVehContrib="4" flow="144.00" occupancy="2.30" speed="8.04" harmonicMeanSpeed="6.07" length="5.00" nVehEntered="3"/>
    <interval begin="16200.00" end="16300.00" id="inductionLoop.S2" nVehContrib="0" flow="0.00" occupancy="0.00" speed="-1.00" harmonicMeanSpeed="-1.00" length="-1.00" nVehEntered="0"/>
    <interval begin="16300.00" end="16400.00" id="inductionLoop.S2" nVehContrib="1" flow="36.00" occupancy="1.10" speed="4.55" harmonicMeanSpeed="4.55" length="5.00" nVehEntered="1"/>
    <interval begin="16400.00" end="16500.00" id="inductionLoop.S2" nVehContrib="3" flow="108.00" occupancy="1.74" speed="11.18" harmonicMeanSpeed="8.62" length="5.00" nVehEntered="3"/>
    <interval begin="16500.00" end="16600.00" id="inductionLoop.S2" nVehContrib="2" flow="72.00" occupancy="0.83" speed="12.60" harmonicMeanSpeed="12.40" length="5.00" nVehEntered="3"/>
    <interval begin="16600.00" end="16700.00" id="inductionLoop.S2" nVehContrib="4" flow="144.00" occupancy="3.80" speed="7.81" harmonicMeanSpeed="5.75" length="5.00" nVehEntered="5"/>
    <interval begin="16700.00" end="16800.00" id="inductionLoop.S2" nVehContrib="8" flow="288.00" occupancy="5.10" speed="10.83" harmonicMeanSpeed="7.85" length="5.00" nVehEntered="8"/>
    <interval begin="16800.00" end="16900.00" id="inductionLoop.S2" nVehContrib="2" flow="72.00" occupancy="1.65" speed="8.14" harmonicMeanSpeed="6.07" length="5.00" nVehEntered="2"/>
    <interval begin="16900.00" end="17000.00" id="inductionLoop.S2" nVehContrib="1" flow="36.00" occupancy="0.43" speed="11.53" harmonicMeanSpeed="11.53" length="5.00" nVehEntered="1"/>
    <interval begin="17000.00" end="17100.00" id="inductionLoop.S2" nVehContrib="5" flow="180.00" occupancy="4.83" speed="6.92" harmonicMeanSpeed="5.17" length="5.00" nVehEntered="5"/>
    <interval begin="17100.00" end="17200.00" id="inductionLoop.S2" nVehContrib="3" flow="108.00" occupancy="1.12" speed="13.49" harmonicMeanSpeed="13.45" length="5.00" nVehEntered="3"/>
    <interval begin="17200.00" end="17300.00" id="inductionLoop.S2" nVehContrib="4" flow="144.00" occupancy="3.43" speed="7.83" harmonicMeanSpeed="5.83" length="5.00" nVehEntered="4"/>
    <interval begin="17300.00" end="17400.00" id="inductionLoop.S2" nVehContrib="2" flow="72.00" occupancy="1.68" speed="8.99" harmonicMeanSpeed="6.84" length="5.00" nVehEntered="3"/>
    <interval begin="17400.00" end="17500.00" id="inductionLoop.S2" nVehContrib="8" flow="288.00" occupancy="5.73" speed="9.31" harmonicMeanSpeed="6.98" length="5.00" nVehEntered="8"/>
    <interval begin="17500.00" end="17600.00" id="inductionLoop.S2" nVehContrib="4" flow="144.00" occupancy="3.34" speed="8.84" harmonicMeanSpeed="5.98" length="5.00" nVehEntered="4"/>
    <interval begin="17600.00" end="17700.00" id="inductionLoop.S2" nVehContrib="5" flow="180.00" occupancy="2.81" speed="10.12" harmonicMeanSpeed="9.79" length="5.00" nVehEntered="6"/>
    <interval begin="17700.00" end="17800.00" id="inductionLoop.S2" nVehContrib="4" flow="144.00" occupancy="2.32" speed="10.08" harmonicMeanSpeed="8.62" length="5.00" nVehEntered="4"/>
    <interval begin="17800.00" end="17900.00" id="inductionLoop.S2" nVehContrib="1" flow="36.00" occupancy="0.35" speed="14.09" harmonicMeanSpeed="14.09" length="5.00" nVehEntered="1"/>
    <interval begin="17900.00" end="18000.00" id="inductionLoop.S2" nVehContrib="2" flow="72.00" occupancy="0.69" speed="14.69" harmonicMeanSpeed="14.59" length="5.00" nVehEntered="2"/>
    <interval begin="18000.00" end="18100.00" id="inductionLoop.S2" nVehContrib="0" flow="0.00" occupancy="0.00" speed="-1.00" harmonicMeanSpeed="-1.00" length="-1.00" nVehEntered="0"/>
    <interval begin="18100.00" end="18200.00" id="inductionLoop.S2" nVehContrib="1" flow="36.00" occupancy="1.58" speed="3.81" harmonicMeanSpeed="3.81" length="5.00" nVehEntered="2"/>
    <interval begin="18200.00" end="18300.00" id="inductionLoop.S2" nVehContrib="3" flow="108.00" occupancy="1.22" speed="12.58" harmonicMeanSpeed="12.34" length="5.00" nVehEntered="3"/>
    <interval begin="18300.00" end="18400.00" id="inductionLoop.S2" nVehContrib="5" flow="180.00" occupancy="2.31" speed="11.01" harmonicMeanSpeed="10.82" length="5.00" nVehEntered="5"/>
    <interval begin="18400.00" end="18500.00" id="inductionLoop.S2" nVehContrib="3" flow="108.00" occupancy="1.25" speed="12.24" harmonicMeanSpeed="12.04" length="5.00" nVehEntered="3"/>
    <interval begin="18500.00" end="18600.00" id="inductionLoop.S2" nVehContrib="1" flow="36.00" occupancy="0.34" speed="14.78" harmonicMeanSpeed="14.78" length="5.00" nVehEntered="1"/>
    <interval begin="18600.00" end="18700.00" id="inductionLoop.S2" nVehContrib="2" flow="72.00" occupancy="1.00" speed="10.82" harmonicMeanSpeed="10.34" length="5.00" nVehEntered="3"/>
    <interval begin="18700.00" end="18800.00" id="inductionLoop.S2" nVehContrib="2" flow="72.00" occupancy="0.77" speed="12.95" harmonicMeanSpeed="12.95" length="5.00" nVehEntered="2"/>
    <interval begin="18800.00" end="18900.00" id="inductionLoop.S2" nVehContrib="6" flow="216.00" occupancy="2.93" speed="10.56" harmonicMeanSpeed="10.24" length="5.00" nVehEntered="6"/>
    <interval begin="18900.00" end="19000.00" id="inductionLoop.S2" nVehContrib="1" flow="36.00" occupancy="0.55" speed="9.17" harmonicMeanSpeed="9.17" length="5.00" nVehEntered="1"/>
    <interval begin="19000.00" end="19100.00" id="inductionLoop.S2" nVehContrib="0" flow="0.00" occupancy="0.00" speed="-1.00" harmonicMeanSpeed="-1.00" length="-1.00" nVehEntered="0"/>
    <interval begin="19100.00" end="19200.00" id="inductionLoop.S2" nVehContrib="1" flow="36.00" occupancy="0.38" speed="13.25" harmonicMeanSpeed="13.25" length="5.00" nVehEntered="1"/>
    <interval begin="19200.00" end="19300.00" id="inductionLoop.S2" nVehContrib="3" flow="108.00" occupancy="1.14" speed="13.26" harmonicMeanSpeed="13.20" length="5.00" nVehEntered="3"/>
    <interval begin="19300.00" end="19400.00" id="inductionLoop.S2" nVehContrib="1" flow="36.00" occupancy="1.46" speed="3.43" harmonicMeanSpeed="3.43" length="5.00" nVehEntered="1"/>
    <interval begin="19400.00" end="19500.00" id="inductionLoop.S2" nVehContrib="6" flow="216.00" occupancy="3.93" speed="9.01" harmonicMeanSpeed="7.64" length="5.00" nVehEntered="6"/>
    <interval begin="19500.00" end="19600.00" id="inductionLoop.S2" nVehContrib="2" flow="72.00" occupancy="2.87" speed="3.52" harmonicMeanSpeed="3.49" length="5.00" nVehEntered="2"/>
    <interval begin="19600.00" end="19700.00" id="inductionLoop.S2" nVehContrib="5" flow="180.00" occupancy="2.42" speed="10.87" harmonicMeanSpeed="10.64" length="5.00" nVehEntered="6"/>
    <interval begin="19700.00" end="19800.00" id="inductionLoop.S2" nVehContrib="7" flow="252.00" occupancy="5.02" speed="9.59" harmonicMeanSpeed="6.98" length="5.00" nVehEntered="7"/>
    <interval begin="19800.00" end="19900.00" id="inductionLoop.S2" nVehContrib="6" flow="216.00" occupancy="4.54" speed="8.52" harmonicMeanSpeed="6.61" length="5.00" nVehEntered="6"/>
    <interval begin="19900.00" end="20000.00" id="inductionLoop.S2" nVehContrib="3" flow="108.00" occupancy="1.40" speed="11.01" harmonicMeanSpeed="10.74" length="5.00" nVehEntered="3"/>
    <interval begin="20000.00" end="20100.00" id="inductionLoop.S2" nVehContrib="6" flow="216.00" occupancy="2.60" speed="12.30" harmonicMeanSpeed="11.87" length="5.00" nVehEntered="7"/>
    <interval begin="20100.00" end="20200.00" id="inductionLoop.S2" nVehContrib="8" flow="288.00" occupancy="4.53" speed="10.55" harmonicMeanSpeed="8.96" length="5.00" nVehEntered="8"/>
    <interval begin="20200.00" end="20300.00" id="inductionLoop.S2" nVehContrib="9" flow="324.00" occupancy="6.07" speed="10.25" harmonicMeanSpeed="8.28" length="5.00" nVehEntered="10"/>
    <interval begin="20300.00" end="20400.00" id="inductionLoop.S2" nVehContrib="9" flow="324.00" occupancy="8.50" speed="8.12" harmonicMeanSpeed="5.84" length="5.00" nVehEntered="11"/>
    <interval begin="20400.00" end="20500.00" id="inductionLoop.S2" nVehContrib="7" flow="252.00" occupancy="3.33" speed="10.97" harmonicMeanSpeed="10.52" length="5.00" nVehEntered="7"/>
    <interval begin="20500.00" end="20600.00" id="inductionLoop.S2" nVehContrib="7" flow="252.00" occupancy="5.77" speed="10.13" harmonicMeanSpeed="6.07" length="5.00" nVehEntered="7"/>
    <interval begin="20600.00" end="20700.00" id="inductionLoop.S2" nVehContrib="3" flow="108.00" occupancy="1.23" speed="12.25" harmonicMeanSpeed="12.21" length="5.00" nVehEntered="3"/>
    <interval begin="20700.00" end="20800.00" id="inductionLoop.S2" nVehContrib="11" flow="396.00" occupancy="6.11" speed="11.89" harmonicMeanSpeed="11.59" length="5.00" nVehEntered="12"/>
    <interval begin="20800.00" end="20900.00" id="inductionLoop.S2" nVehContrib="10" flow="360.00" occupancy="9.67" speed="8.95" harmonicMeanSpeed="4.53" length="5.00" nVehEntered="9"/>
    <interval begin="20900.00" end="21000.00" id="inductionLoop.S2" nVehContrib="9" flow="324.00" occupancy="14.00" speed="6.46" harmonicMeanSpeed="3.42" length="5.00" nVehEntered="11"/>
    <interval begin="21000.00" end="21100.00" id="inductionLoop.S2" nVehContrib="4" flow="144.00" occupancy="46.48" speed="2.10" harmonicMeanSpeed="1.85" length="5.00" nVehEntered="5"/>
    <interval begin="21100.00" end="21200.00" id="inductionLoop.S2" nVehContrib="12" flow="432.00" occupancy="11.68" speed="8.94" harmonicMeanSpeed="1.27" length="5.00" nVehEntered="11"/>
    <interval begin="21200.00" end="21300.00" id="inductionLoop.S2" nVehContrib="7" flow="252.00" occupancy="2.72" speed="12.95" harmonicMeanSpeed="12.85" length="5.00" nVehEntered="7"/>
    <interval begin="21300.00" end="21400.00" id="inductionLoop.S2" nVehContrib="9" flow="324.00" occupancy="3.60" speed="12.92" harmonicMeanSpeed="12.50" length="5.00" nVehEntered="9"/>
    <interval begin="21400.00" end="21500.00" id="inductionLoop.S2" nVehContrib="11" flow="396.00" occupancy="35.16" speed="7.14" harmonicMeanSpeed="1.64" length="5.00" nVehEntered="15"/>
    <interval begin="21500.00" end="21600.00" id="inductionLoop.S2" nVehContrib="6" flow="216.00" occupancy="13.00" speed="4.19" harmonicMeanSpeed="2.36" length="5.00" nVehEntered="6"/>
    <interval begin="21600.00" end="21700.00" id="inductionLoop.S2" nVehContrib="11" flow="396.00" occupancy="10.71" speed="7.58" harmonicMeanSpeed="5.28" length="5.00" nVehEntered="12"/>
    <interval begin="21700.00" end="21800.00" id="inductionLoop.S2" nVehContrib="6" flow="216.00" occupancy="4.88" speed="8.73" harmonicMeanSpeed="7.17" length="5.00" nVehEntered="9"/>
    <interval begin="21800.00" end="21900.00" id="inductionLoop.S2" nVehContrib="9" flow="324.00" occupancy="8.40" speed="9.18" harmonicMeanSpeed="5.51" length="5.00" nVehEntered="10"/>
    <interval begin="21900.00" end="22000.00" id="inductionLoop.S2" nVehContrib="7" flow="252.00" occupancy="5.36" speed="9.98" harmonicMeanSpeed="8.49" length="5.00" nVehEntered="9"/>
    <interval begin="22000.00" end="22100.00" id="inductionLoop.S2" nVehContrib="10" flow="360.00" occupancy="24.63" speed="8.99" harmonicMeanSpeed="2.04" length="5.00" nVehEntered="11"/>
    <interval begin="22100.00" end="22200.00" id="inductionLoop.S2" nVehContrib="11" flow="396.00" occupancy="62.58" speed="2.64" harmonicMeanSpeed="0.88" length="5.00" nVehEntered="11"/>
    <interval begin="22200.00" end="22300.00" id="inductionLoop.S2" nVehContrib="4" flow="144.00" occupancy="10.09" speed="3.53" harmonicMeanSpeed="2.20" length="5.00" nVehEntered="5"/>
    <interval begin="22300.00" end="22400.00" id="inductionLoop.S2" nVehContrib="8" flow="288.00" occupancy="5.69" speed="8.57" harmonicMeanSpeed="7.37" length="5.00" nVehEntered="9"/>
    <interval begin="22400.00" end="22500.00" id="inductionLoop.S2" nVehContrib="10" flow="360.00" occupancy="11.81" speed="8.67" harmonicMeanSpeed="4.34" length="5.00" nVehEntered="11"/>
    <interval begin="22500.00" end="22600.00" id="inductionLoop.S2" nVehContrib="10" flow="360.00" occupancy="8.72" speed="8.95" harmonicMeanSpeed="5.73" length="5.00" nVehEntered="10"/>
    <interval begin="22600.00" end="22700.00" id="inductionLoop.S2" nVehContrib="10" flow="360.00" occupancy="5.28" speed="10.16" harmonicMeanSpeed="9.55" length="5.00" nVehEntered="11"/>
    <interval begin="22700.00" end="22800.00" id="inductionLoop.S2" nVehContrib="9" flow="324.00" occupancy="20.81" speed="6.51" harmonicMeanSpeed="2.16" length="5.00" nVehEntered="9"/>
    <interval begin="22800.00" end="22900.00" id="inductionLoop.S2" nVehContrib="8" flow="288.00" occupancy="5.16" speed="9.61" harmonicMeanSpeed="7.76" length="5.00" nVehEntered="8"/>
    <interval begin="22900.00" end="23000.00" id="inductionLoop.S2" nVehContrib="10" flow="360.00" occupancy="6.81" speed="9.68" harmonicMeanSpeed="7.34" length="5.00" nVehEntered="10"/>
    <interval begin="23000.00" end="23100.00" id="inductionLoop.S2" nVehContrib="8" flow="288.00" occupancy="25.48" speed="8.47" harmonicMeanSpeed="1.58" length="5.00" nVehEntered="9"/>
    <interval begin="23100.00" end="23200.00" id="inductionLoop.S2" nVehContrib="12" flow="432.00" occupancy="5.43" speed="11.47" harmonicMeanSpeed="11.05" length="5.00" nVehEntered="12"/>
    <interval begin="23200.00" end="23300.00" id="inductionLoop.S2" nVehContrib="7" flow="252.00" occupancy="28.71" speed="8.64" harmonicMeanSpeed="1.59" length="5.00" nVehEntered="8"/>
    <interval begin="23300.00" end="23400.00" id="inductionLoop.S2" nVehContrib="7" flow="252.00" occupancy="32.72" speed="7.76" harmonicMeanSpeed="0.89" length="5.00" nVehEntered="6"/>
    <interval begin="23400.00" end="23500.00" id="inductionLoop.S2" nVehContrib="9" flow="324.00" occupancy="18.73" speed="9.23" harmonicMeanSpeed="2.57" length="5.00" nVehEntered="10"/>
    <interval begin="23500.00" end="23600.00" id="inductionLoop.S2" nVehContrib="10" flow="360.00" occupancy="38.19" speed="5.63" harmonicMeanSpeed="1.27" length="5.00" nVehEntered="9"/>
    <interval begin="23600.00" end="23700.00" id="inductionLoop.S2" nVehContrib="7" flow="252.00" occupancy="6.87" speed="7.63" harmonicMeanSpeed="5.09" length="5.00" nVehEntered="7"/>
    <interval begin="23700.00" end="23800.00" id="inductionLoop.S2" nVehContrib="4" flow="144.00" occupancy="3.39" speed="9.14" harmonicMeanSpeed="7.07" length="5.00" nVehEntered="5"/>
    <interval begin="23800.00" end="23900.00" id="inductionLoop.S2" nVehContrib="10" flow="360.00" occupancy="7.16" speed="9.97" harmonicMeanSpeed="7.87" length="5.00" nVehEntered="12"/>
    <interval begin="23900.00" end="24000.00" id="inductionLoop.S2" nVehContrib="11" flow="396.00" occupancy="5.39" speed="11.18" harmonicMeanSpeed="10.89" length="5.00" nVehEntered="12"/>
    <interval begin="24000.00" end="24100.00" id="inductionLoop.S2" nVehContrib="7" flow="252.00" occupancy="3.77" speed="10.13" harmonicMeanSpeed="9.28" length="5.00" nVehEntered="7"/>
    <interval begin="24100.00" end="24200.00" id="inductionLoop.S2" nVehContrib="10" flow="360.00" occupancy="12.34" speed="7.67" harmonicMeanSpeed="4.05" length="5.00" nVehEntered="10"/>
    <interval begin="24200.00" end="24300.00" id="inductionLoop.S2" nVehContrib="8" flow="288.00" occupancy="5.96" speed="8.74" harmonicMeanSpeed="6.81" length="5.00" nVehEntered="9"/>
    <interval begin="24300.00" end="24400.00" id="inductionLoop.S2" nVehContrib="11" flow="396.00" occupancy="5.17" speed="11.03" harmonicMeanSpeed="10.63" length="5.00" nVehEntered="11"/>
    <interval begin="24400.00" end="24500.00" id="inductionLoop.S2" nVehContrib="8" flow="288.00" occupancy="3.81" speed="10.95" harmonicMeanSpeed="10.60" length="5.00" nVehEntered="9"/>
    <interval begin="24500.00" end="24600.00" id="inductionLoop.S2" nVehContrib="9" flow="324.00" occupancy="7.67" speed="9.79" harmonicMeanSpeed="7.93" length="5.00" nVehEntered="10"/>
    <interval begin="24600.00" end="24700.00" id="inductionLoop.S2" nVehContrib="9" flow="324.00" occupancy="6.68" speed="8.39" harmonicMeanSpeed="6.74" length="5.00" nVehEntered="9"/>
    <interval begin="24700.00" end="24800.00" id="inductionLoop.S2" nVehContrib="11" flow="396.00" occupancy="18.31" speed="8.48" harmonicMeanSpeed="3.00" length="5.00" nVehEntered="11"/>
    <interval begin="24800.00" end="24900.00" id="inductionLoop.S2" nVehContrib="8" flow="288.00" occupancy="11.59" speed="8.69" harmonicMeanSpeed="5.62" length="5.00" nVehEntered="10"/>
    <interval begin="24900.00" end="25000.00" id="inductionLoop.S2" nVehContrib="7" flow="252.00" occupancy="46.52" speed="5.14" harmonicMeanSpeed="0.69" length="5.00" nVehEntered="7"/>
    <interval begin="25000.00" end="25100.00" id="inductionLoop.S2" nVehContrib="11" flow="396.00" occupancy="17.39" speed="6.04" harmonicMeanSpeed="3.57" length="5.00" nVehEntered="12"/>
    <interval begin="25100.00" end="25200.00" id="inductionLoop.S2" nVehContrib="8" flow="288.00" occupancy="7.08" speed="7.08" harmonicMeanSpeed="5.92" length="5.00" nVehEntered="10"/>
    <interval begin="25200.00" end="25300.00" id="inductionLoop.S2" nVehContrib="7" flow="252.00" occupancy="6.99" speed="8.05" harmonicMeanSpeed="5.39" length="5.00" nVehEntered="8"/>
    <interval begin="25300.00" end="25400.00" id="inductionLoop.S2" nVehContrib="8" flow="288.00" occupancy="13.90" speed="7.47" harmonicMeanSpeed="3.33" length="5.00" nVehEntered="12"/>
    <interval begin="25400.00" end="25500.00" id="inductionLoop.S2" nVehContrib="7" flow="252.00" occupancy="27.04" speed="7.94" harmonicMeanSpeed="1.33" length="5.00" nVehEntered="7"/>
    <interval begin="25500.00" end="25600.00" id="inductionLoop.S2" nVehContrib="10" flow="360.00" occupancy="21.39" speed="11.63" harmonicMeanSpeed="11.32" length="5.00" nVehEntered="13"/>
    <interval begin="25600.00" end="25700.00" id="inductionLoop.S2" nVehContrib="13" flow="468.00" occupancy="37.94" speed="7.59" harmonicMeanSpeed="2.44" length="5.00" nVehEntered="15"/>
    <interval begin="25700.00" end="25800.00" id="inductionLoop.S2" nVehContrib="11" flow="396.00" occupancy="38.28" speed="4.04" harmonicMeanSpeed="0.85" length="5.00" nVehEntered="11"/>
    <interval begin="25800.00" end="25900.00" id="inductionLoop.S2" nVehContrib="8" flow="288.00" occupancy="30.67" speed="3.77" harmonicMeanSpeed="2.63" length="5.00" nVehEntered="9"/>
    <interval begin="25900.00" end="26000.00" id="inductionLoop.S2" nVehContrib="9" flow="324.00" occupancy="43.84" speed="5.08" harmonicMeanSpeed="0.76" length="5.00" nVehEntered="8"/>
    <interval begin="26000.00" end="26100.00" id="inductionLoop.S2" nVehContrib="5" flow="180.00" occupancy="5.83" speed="9.96" harmonicMeanSpeed="4.54" length="5.00" nVehEntered="6"/>
    <interval begin="26100.00" end="26200.00" id="inductionLoop.S2" nVehContrib="11" flow="396.00" occupancy="21.06" speed="6.96" harmonicMeanSpeed="2.79" length="5.00" nVehEntered="14"/>
    <interval begin="26200.00" end="26300.00" id="inductionLoop.S2" nVehContrib="4" flow="144.00" occupancy="7.52" speed="2.90" harmonicMeanSpeed="2.51" length="5.00" nVehEntered="3"/>
    <interval begin="26300.00" end="26400.00" id="inductionLoop.S2" nVehContrib="6" flow="216.00" occupancy="48.90" speed="5.55" harmonicMeanSpeed="4.91" length="5.00" nVehEntered="8"/>
    <interval begin="26400.00" end="26500.00" id="inductionLoop.S2" nVehContrib="6" flow="216.00" occupancy="20.66" speed="1.67" harmonicMeanSpeed="0.47" length="5.00" nVehEntered="5"/>
    <interval begin="26500.00" end="26600.00" id="inductionLoop.S2" nVehContrib="8" flow="288.00" occupancy="25.32" speed="1.70" harmonicMeanSpeed="1.58" length="5.00" nVehEntered="8"/>
    <interval begin="26600.00" end="26700.00" id="inductionLoop.S2" nVehContrib="7" flow="252.00" occupancy="7.53" speed="6.31" harmonicMeanSpeed="4.65" length="5.00" nVehEntered="7"/>
    <interval begin="26700.00" end="26800.00" id="inductionLoop.S2" nVehContrib="6" flow="216.00" occupancy="3.88" speed="11.64" harmonicMeanSpeed="11.09" length="5.00" nVehEntered="8"/>
    <interval begin="26800.00" end="26900.00" id="inductionLoop.S2" nVehContrib="4" flow="144.00" occupancy="2.02" speed="11.75" harmonicMeanSpeed="11.57" length="5.00" nVehEntered="5"/>
    <interval begin="26900.00" end="27000.00" id="inductionLoop.S2" nVehContrib="6" flow="216.00" occupancy="3.50" speed="10.26" harmonicMeanSpeed="8.56" length="5.00" nVehEntered="6"/>
    <interval begin="27000.00" end="27100.00" id="inductionLoop.S2" nVehContrib="4" flow="144.00" occupancy="2.48" speed="10.40" harmonicMeanSpeed="8.07" length="5.00" nVehEntered="4"/>
    <interval begin="27100.00" end="27200.00" id="inductionLoop.S2" nVehContrib="3" flow="108.00" occupancy="1.46" speed="10.86" harmonicMeanSpeed="10.31" length="5.00" nVehEntered="3"/>
    <interval begin="27200.00" end="27300.00" id="inductionLoop.S2" nVehContrib="3" flow="108.00" occupancy="2.20" speed="7.65" harmonicMeanSpeed="6.83" length="5.00" nVehEntered="3"/>
    <interval begin="27300.00" end="27400.00" id="inductionLoop.S2" nVehContrib="10" flow="360.00" occupancy="4.11" speed="12.30" harmonicMeanSpeed="12.16" length="5.00" nVehEntered="10"/>
    <interval begin="27400.00" end="27500.00" id="inductionLoop.S2" nVehContrib="10" flow="360.00" occupancy="6.08" speed="9.19" harmonicMeanSpeed="8.22" length="5.00" nVehEntered="10"/>
    <interval begin="27500.00" end="27600.00" id="inductionLoop.S2" nVehContrib="10" flow="360.00" occupancy="14.50" speed="7.69" harmonicMeanSpeed="3.57" length="5.00" nVehEntered="11"/>
    <interval begin="27600.00" end="27700.00" id="inductionLoop.S2" nVehContrib="13" flow="468.00" occupancy="21.54" speed="10.45" harmonicMeanSpeed="3.12" length="5.00" nVehEntered="15"/>
    <interval begin="27700.00" end="27800.00" id="inductionLoop.S2" nVehContrib="12" flow="432.00" occupancy="41.07" speed="6.84" harmonicMeanSpeed="1.45" length="5.00" nVehEntered="11"/>
    <interval begin="27800.00" end="27900.00" id="inductionLoop.S2" nVehContrib="5" flow="180.00" occupancy="77.37" speed="1.64" harmonicMeanSpeed="0.34" length="5.00" nVehEntered="7"/>
    <interval begin="27900.00" end="28000.00" id="inductionLoop.S2" nVehContrib="4" flow="144.00" occupancy="63.17" speed="1.56" harmonicMeanSpeed="0.30" length="5.00" nVehEntered="3"/>
    <interval begin="28000.00" end="28100.00" id="inductionLoop.S2" nVehContrib="11" flow="396.00" occupancy="45.16" speed="7.15" harmonicMeanSpeed="4.78" length="5.00" nVehEntered="12"/>
    <interval begin="28100.00" end="28200.00" id="inductionLoop.S2" nVehContrib="13" flow="468.00" occupancy="43.60" speed="4.68" harmonicMeanSpeed="2.88" length="5.00" nVehEntered="14"/>
    <interval begin="28200.00" end="28300.00" id="inductionLoop.S2" nVehContrib="14" flow="504.00" occupancy="60.76" speed="4.23" harmonicMeanSpeed="1.03" length="5.00" nVehEntered="13"/>
    <interval begin="28300.00" end="28400.00" id="inductionLoop.S2" nVehContrib="7" flow="252.00" occupancy="66.98" speed="2.87" harmonicMeanSpeed="0.54" length="5.00" nVehEntered="8"/>
    <interval begin="28400.00" end="28500.00" id="inductionLoop.S2" nVehContrib="18" flow="648.00" occupancy="60.39" speed="5.16" harmonicMeanSpeed="1.48" length="5.00" nVehEntered="18"/>
    <interval begin="28500.00" end="28600.00" id="inductionLoop.S2" nVehContrib="11" flow="396.00" occupancy="53.40" speed="4.67" harmonicMeanSpeed="1.03" length="5.00" nVehEntered="11"/>
    <interval begin="28600.00" end="28700.00" id="inductionLoop.S2" nVehContrib="5" flow="180.00" occupancy="60.23" speed="1.42" harmonicMeanSpeed="0.42" length="5.00" nVehEntered="5"/>
    <interval begin="28700.00" end="28800.00" id="inductionLoop.S2" nVehContrib="7" flow="252.00" occupancy="13.67" speed="4.10" harmonicMeanSpeed="2.56" length="5.00" nVehEntered="7"/>
    <interval begin="28800.00" end="28900.00" id="inductionLoop.S2" nVehContrib="10" flow="360.00" occupancy="58.48" speed="4.95" harmonicMeanSpeed="0.85" length="5.00" nVehEntered="10"/>
    <interval begin="28900.00" end="29000.00" id="inductionLoop.S2" nVehContrib="9" flow="324.00" occupancy="28.74" speed="2.04" harmonicMeanSpeed="1.57" length="5.00" nVehEntered="9"/>
    <interval begin="29000.00" end="29100.00" id="inductionLoop.S2" nVehContrib="8" flow="288.00" occupancy="16.89" speed="3.67" harmonicMeanSpeed="2.37" length="5.00" nVehEntered="8"/>
    <interval begin="29100.00" end="29200.00" id="inductionLoop.S2" nVehContrib="9" flow="324.00" occupancy="4.61" speed="11.30" harmonicMeanSpeed="11.04" length="5.00" nVehEntered="11"/>
    <interval begin="29200.00" end="29300.00" id="inductionLoop.S2" nVehContrib="11" flow="396.00" occupancy="9.69" speed="10.56" harmonicMeanSpeed="6.87" length="5.00" nVehEntered="14"/>
    <interval begin="29300.00" end="29400.00" id="inductionLoop.S2" nVehContrib="11" flow="396.00" occupancy="8.29" speed="9.05" harmonicMeanSpeed="6.63" length="5.00" nVehEntered="11"/>
    <interval begin="29400.00" end="29500.00" id="inductionLoop.S2" nVehContrib="9" flow="324.00" occupancy="25.12" speed="8.76" harmonicMeanSpeed="1.81" length="5.00" nVehEntered="10"/>
    <interval begin="29500.00" end="29600.00" id="inductionLoop.S2" nVehContrib="9" flow="324.00" occupancy="5.31" speed="10.11" harmonicMeanSpeed="8.84" length="5.00" nVehEntered="11"/>
    <interval begin="29600.00" end="29700.00" id="inductionLoop.S2" nVehContrib="6" flow="216.00" occupancy="4.13" speed="9.67" harmonicMeanSpeed="7.27" length="5.00" nVehEntered="6"/>
    <interval begin="29700.00" end="29800.00" id="inductionLoop.S2" nVehContrib="4" flow="144.00" occupancy="3.20" speed="8.43" harmonicMeanSpeed="6.29" length="5.00" nVehEntered="5"/>
    <interval begin="29800.00" end="29900.00" id="inductionLoop.S2" nVehContrib="2" flow="72.00" occupancy="0.86" speed="11.73" harmonicMeanSpeed="11.63" length="5.00" nVehEntered="2"/>
    <interval begin="29900.00" end="30000.00" id="inductionLoop.S2" nVehContrib="2" flow="72.00" occupancy="1.66" speed="7.72" harmonicMeanSpeed="6.46" length="5.00" nVehEntered="3"/>
    <interval begin="30000.00" end="30100.00" id="inductionLoop.S2" nVehContrib="0" flow="0.00" occupancy="0.00" speed="-1.00" harmonicMeanSpeed="-1.00" length="-1.00" nVehEntered="0"/>
    <interval begin="30100.00" end="30200.00" id="inductionLoop.S2" nVehContrib="2" flow="72.00" occupancy="1.40" speed="9.15" harmonicMeanSpeed="7.14" length="5.00" nVehEntered="2"/>
    <interval begin="30200.00" end="30300.00" id="inductionLoop.S2" nVehContrib="2" flow="72.00" occupancy="1.62" speed="8.84" harmonicMeanSpeed="6.17" length="5.00" nVehEntered="2"/>
    <interval begin="30300.00" end="30400.00" id="inductionLoop.S2" nVehContrib="3" flow="108.00" occupancy="2.24" speed="8.03" harmonicMeanSpeed="6.69" length="5.00" nVehEntered="3"/>
    <interval begin="30400.00" end="30500.00" id="inductionLoop.S2" nVehContrib="3" flow="108.00" occupancy="2.58" speed="7.67" harmonicMeanSpeed="5.82" length="5.00" nVehEntered="3"/>
    <interval begin="30500.00" end="30600.00" id="inductionLoop.S2" nVehContrib="2" flow="72.00" occupancy="2.07" speed="8.26" harmonicMeanSpeed="5.33" length="5.00" nVehEntered="3"/>
    <interval begin="30600.00" end="30700.00" id="inductionLoop.S2" nVehContrib="0" flow="0.00" occupancy="0.00" speed="-1.00" harmonicMeanSpeed="-1.00" length="-1.00" nVehEntered="0"/>
    <interval begin="30700.00" end="30800.00" id="inductionLoop.S2" nVehContrib="1" flow="36.00" occupancy="0.37" speed="13.50" harmonicMeanSpeed="13.50" length="5.00" nVehEntered="1"/>
    <interval begin="30800.00" end="30900.00" id="inductionLoop.S2" nVehContrib="0" flow="0.00" occupancy="0.00" speed="-1.00" harmonicMeanSpeed="-1.00" length="-1.00" nVehEntered="0"/>
    <interval begin="30900.00" end="31000.00" id="inductionLoop.S2" nVehContrib="2" flow="72.00" occupancy="0.76" speed="13.20" harmonicMeanSpeed="13.18" length="5.00" nVehEntered="2"/>
    <interval begin="31000.00" end="31100.00" id="inductionLoop.S2" nVehContrib="3" flow="108.00" occupancy="3.80" speed="3.96" harmonicMeanSpeed="3.95" length="5.00" nVehEntered="3"/>
    <interval begin="31100.00" end="31200.00" id="inductionLoop.S2" nVehContrib="2" flow="72.00" occupancy="0.96" speed="10.39" harmonicMeanSpeed="10.37" length="5.00" nVehEntered="2"/>
    <interval begin="31200.00" end="31300.00" id="inductionLoop.S2" nVehContrib="4" flow="144.00" occupancy="3.35" speed="8.44" harmonicMeanSpeed="5.98" length="5.00" nVehEntered="4"/>
    <interval begin="31300.00" end="31400.00" id="inductionLoop.S2" nVehContrib="8" flow="288.00" occupancy="6.21" speed="8.97" harmonicMeanSpeed="7.29" length="5.00" nVehEntered="10"/>
    <interval begin="31400.00" end="31500.00" id="inductionLoop.S2" nVehContrib="9" flow="324.00" occupancy="16.64" speed="10.09" harmonicMeanSpeed="2.90" length="5.00" nVehEntered="11"/>
    <interval begin="31500.00" end="31600.00" id="inductionLoop.S2" nVehContrib="7" flow="252.00" occupancy="5.10" speed="8.66" harmonicMeanSpeed="7.74" length="5.00" nVehEntered="7"/>
    <interval begin="31600.00" end="31700.00" id="inductionLoop.S2" nVehContrib="2" flow="72.00" occupancy="0.93" speed="10.74" harmonicMeanSpeed="10.74" length="5.00" nVehEntered="2"/>
    <interval begin="31700.00" end="31800.00" id="inductionLoop.S2" nVehContrib="0" flow="0.00" occupancy="0.00" speed="-1.00" harmonicMeanSpeed="-1.00" length="-1.00" nVehEntered="0"/>
    <interval begin="31800.00" end="31900.00" id="inductionLoop.S2" nVehContrib="4" flow="144.00" occupancy="4.11" speed="5.46" harmonicMeanSpeed="4.87" length="5.00" nVehEntered="4"/>
    <interval begin="31900.00" end="32000.00" id="inductionLoop.S2" nVehContrib="1" flow="36.00" occupancy="0.35" speed="14.25" harmonicMeanSpeed="14.25" length="5.00" nVehEntered="1"/>
    <interval begin="32000.00" end="32100.00" id="inductionLoop.S2" nVehContrib="2" flow="72.00" occupancy="1.50" speed="8.89" harmonicMeanSpeed="6.66" length="5.00" nVehEntered="2"/>
    <interval begin="32100.00" end="32200.00" id="inductionLoop.S2" nVehContrib="1" flow="36.00" occupancy="0.33" speed="15.01" harmonicMeanSpeed="15.01" length="5.00" nVehEntered="1"/>
    <interval begin="32200.00" end="32300.00" id="inductionLoop.S2" nVehContrib="1" flow="36.00" occupancy="0.37" speed="14.05" harmonicMeanSpeed="14.05" length="5.00" nVehEntered="2"/>
    <interval begin="32300.00" end="32400.00" id="inductionLoop.S2" nVehContrib="0" flow="0.00" occupancy="0.00" speed="-1.00" harmonicMeanSpeed="-1.00" length="-1.00" nVehEntered="0"/>
    <interval begin="32400.00" end="32500.00" id="inductionLoop.S2" nVehContrib="4" flow="144.00" occupancy="8.18" speed="7.66" harmonicMeanSpeed="2.44" length="5.00" nVehEntered="4"/>
    <interval begin="32500.00" end="32600.00" id="inductionLoop.S2" nVehContrib="11" flow="396.00" occupancy="24.52" speed="9.50" harmonicMeanSpeed="2.24" length="5.00" nVehEntered="11"/>
    <interval begin="32600.00" end="32700.00" id="inductionLoop.S2" nVehContrib="9" flow="324.00" occupancy="6.43" speed="9.69" harmonicMeanSpeed="8.29" length="5.00" nVehEntered="10"/>
    <interval begin="32700.00" end="32800.00" id="inductionLoop.S2" nVehContrib="5" flow="180.00" occupancy="8.51" speed="10.20" harmonicMeanSpeed="2.94" length="5.00" nVehEntered="5"/>
    <interval begin="32800.00" end="32900.00" id="inductionLoop.S2" nVehContrib="0" flow="0.00" occupancy="0.00" speed="-1.00" harmonicMeanSpeed="-1.00" length="-1.00" nVehEntered="0"/>
    <interval begin="32900.00" end="33000.00" id="inductionLoop.S2" nVehContrib="0" flow="0.00" occupancy="0.00" speed="-1.00" harmonicMeanSpeed="-1.00" length="-1.00" nVehEntered="0"/>
    <interval begin="33000.00" end="33100.00" id="inductionLoop.S2" nVehContrib="1" flow="36.00" occupancy="0.35" speed="14.25" harmonicMeanSpeed="14.25" length="5.00" nVehEntered="1"/>
    <interval begin="33100.00" end="33200.00" id="inductionLoop.S2" nVehContrib="8" flow="288.00" occupancy="5.25" speed="10.84" harmonicMeanSpeed="9.36" length="5.00" nVehEntered="10"/>
    <interval begin="33200.00" end="33300.00" id="inductionLoop.S2" nVehContrib="10" flow="360.00" occupancy="34.16" speed="8.61" harmonicMeanSpeed="1.57" length="5.00" nVehEntered="11"/>
    <interval begin="33300.00" end="33400.00" id="inductionLoop.S2" nVehContrib="7" flow="252.00" occupancy="42.71" speed="4.20" harmonicMeanSpeed="1.05" length="5.00" nVehEntered="10"/>
    <interval begin="33400.00" end="33500.00" id="inductionLoop.S2" nVehContrib="8" flow="288.00" occupancy="25.91" speed="8.21" harmonicMeanSpeed="1.56" length="5.00" nVehEntered="8"/>
    <interval begin="33500.00" end="33600.00" id="inductionLoop.S2" nVehContrib="8" flow="288.00" occupancy="28.05" speed="7.83" harmonicMeanSpeed="1.43" length="5.00" nVehEntered="8"/>
    <interval begin="33600.00" end="33700.00" id="inductionLoop.S2" nVehContrib="8" flow="288.00" occupancy="6.26" speed="8.13" harmonicMeanSpeed="6.82" length="5.00" nVehEntered="9"/>
    <interval begin="33700.00" end="33800.00" id="inductionLoop.S2" nVehContrib="5" flow="180.00" occupancy="4.08" speed="7.75" harmonicMeanSpeed="6.58" length="5.00" nVehEntered="6"/>
    <interval begin="33800.00" end="33900.00" id="inductionLoop.S2" nVehContrib="3" flow="108.00" occupancy="2.75" speed="7.36" harmonicMeanSpeed="5.73" length="5.00" nVehEntered="4"/>
    <interval begin="33900.00" end="34000.00" id="inductionLoop.S2" nVehContrib="3" flow="108.00" occupancy="1.33" speed="11.47" harmonicMeanSpeed="11.29" length="5.00" nVehEntered="3"/>
    <interval begin="34000.00" end="34100.00" id="inductionLoop.S2" nVehContrib="3" flow="108.00" occupancy="3.27" speed="12.12" harmonicMeanSpeed="11.81" length="5.00" nVehEntered="4"/>
    <interval begin="34100.00" end="34200.00" id="inductionLoop.S2" nVehContrib="1" flow="36.00" occupancy="0.34" speed="14.58" harmonicMeanSpeed="14.58" length="5.00" nVehEntered="1"/>
    <interval begin="34200.00" end="34300.00" id="inductionLoop.S2" nVehContrib="4" flow="144.00" occupancy="3.26" speed="8.65" harmonicMeanSpeed="6.14" length="5.00" nVehEntered="4"/>
    <interval begin="34300.00" end="34400.00" id="inductionLoop.S2" nVehContrib="4" flow="144.00" occupancy="1.80" speed="12.85" harmonicMeanSpeed="12.83" length="5.00" nVehEntered="5"/>
    <interval begin="34400.00" end="34500.00" id="inductionLoop.S2" nVehContrib="6" flow="216.00" occupancy="3.90" speed="11.25" harmonicMeanSpeed="9.27" length="5.00" nVehEntered="8"/>
    <interval begin="34500.00" end="34600.00" id="inductionLoop.S2" nVehContrib="8" flow="288.00" occupancy="23.30" speed="8.33" harmonicMeanSpeed="1.82" length="5.00" nVehEntered="11"/>
    <interval begin="34600.00" end="34700.00" id="inductionLoop.S2" nVehContrib="8" flow="288.00" occupancy="11.93" speed="7.18" harmonicMeanSpeed="3.65" length="5.00" nVehEntered="11"/>
    <interval begin="34700.00" end="34800.00" id="inductionLoop.S2" nVehContrib="8" flow="288.00" occupancy="26.21" speed="4.65" harmonicMeanSpeed="1.51" length="5.00" nVehEntered="7"/>
    <interval begin="34800.00" end="34900.00" id="inductionLoop.S2" nVehContrib="7" flow="252.00" occupancy="3.27" speed="11.26" harmonicMeanSpeed="10.69" length="5.00" nVehEntered="7"/>
    <interval begin="34900.00" end="35000.00" id="inductionLoop.S2" nVehContrib="10" flow="360.00" occupancy="17.57" speed="7.52" harmonicMeanSpeed="2.85" length="5.00" nVehEntered="10"/>
    <interval begin="35000.00" end="35100.00" id="inductionLoop.S2" nVehContrib="12" flow="432.00" occupancy="12.80" speed="8.10" harmonicMeanSpeed="6.42" length="5.00" nVehEntered="14"/>
    <interval begin="35100.00" end="35200.00" id="inductionLoop.S2" nVehContrib="8" flow="288.00" occupancy="31.62" speed="6.06" harmonicMeanSpeed="1.15" length="5.00" nVehEntered="7"/>
    <interval begin="35200.00" end="35300.00" id="inductionLoop.S2" nVehContrib="5" flow="180.00" occupancy="3.37" speed="11.68" harmonicMeanSpeed="11.15" length="5.00" nVehEntered="7"/>
    <interval begin="35300.00" end="35400.00" id="inductionLoop.S2" nVehContrib="9" flow="324.00" occupancy="44.03" speed="6.67" harmonicMeanSpeed="1.02" length="5.00" nVehEntered="9"/>
    <interval begin="35400.00" end="35500.00" id="inductionLoop.S2" nVehContrib="4" flow="144.00" occupancy="1.74" speed="11.77" harmonicMeanSpeed="11.52" length="5.00" nVehEntered="4"/>
    <interval begin="35500.00" end="35600.00" id="inductionLoop.S2" nVehContrib="4" flow="144.00" occupancy="1.81" speed="11.47" harmonicMeanSpeed="11.07" length="5.00" nVehEntered="4"/>
    <interval begin="35600.00" end="35700.00" id="inductionLoop.S2" nVehContrib="1" flow="36.00" occupancy="1.16" speed="4.30" harmonicMeanSpeed="4.30" length="5.00" nVehEntered="1"/>
    <interval begin="35700.00" end="35800.00" id="inductionLoop.S2" nVehContrib="4" flow="144.00" occupancy="2.66" speed="8.44" harmonicMeanSpeed="7.52" length="5.00" nVehEntered="4"/>
    <interval begin="35800.00" end="35900.00" id="inductionLoop.S2" nVehContrib="11" flow="396.00" occupancy="34.16" speed="6.36" harmonicMeanSpeed="1.61" length="5.00" nVehEntered="11"/>
    <interval begin="35900.00" end="36000.00" id="inductionLoop.S2" nVehContrib="9" flow="324.00" occupancy="7.15" speed="9.93" harmonicMeanSpeed="7.19" length="5.00" nVehEntered="12"/>
    <interval begin="36000.00" end="36100.00" id="inductionLoop.S2" nVehContrib="6" flow="216.00" occupancy="5.17" speed="8.47" harmonicMeanSpeed="6.19" length="5.00" nVehEntered="8"/>
    <interval begin="36100.00" end="36200.00" id="inductionLoop.S2" nVehContrib="1" flow="36.00" occupancy="0.37" speed="13.64" harmonicMeanSpeed="13.64" length="5.00" nVehEntered="1"/>
    <interval begin="36200.00" end="36300.00" id="inductionLoop.S2" nVehContrib="0" flow="0.00" occupancy="0.00" speed="-1.00" harmonicMeanSpeed="-1.00" length="-1.00" nVehEntered="0"/>
    <interval begin="36300.00" end="36400.00" id="inductionLoop.S2" nVehContrib="5" flow="180.00" occupancy="3.68" speed="8.39" harmonicMeanSpeed="7.64" length="5.00" nVehEntered="7"/>
    <interval begin="36400.00" end="36500.00" id="inductionLoop.S2" nVehContrib="11" flow="396.00" occupancy="19.53" speed="8.69" harmonicMeanSpeed="3.00" length="5.00" nVehEntered="13"/>
    <interval begin="36500.00" end="36600.00" id="inductionLoop.S2" nVehContrib="14" flow="504.00" occupancy="26.57" speed="8.62" harmonicMeanSpeed="2.68" length="5.00" nVehEntered="16"/>
    <interval begin="36600.00" end="36700.00" id="inductionLoop.S2" nVehContrib="4" flow="144.00" occupancy="23.43" speed="2.41" harmonicMeanSpeed="0.90" length="5.00" nVehEntered="6"/>
    <interval begin="36700.00" end="36800.00" id="inductionLoop.S2" nVehContrib="6" flow="216.00" occupancy="23.86" speed="3.66" harmonicMeanSpeed="1.50" length="5.00" nVehEntered="8"/>
    <interval begin="36800.00" end="36900.00" id="inductionLoop.S2" nVehContrib="9" flow="324.00" occupancy="30.48" speed="7.80" harmonicMeanSpeed="1.52" length="5.00" nVehEntered="10"/>
    <interval begin="36900.00" end="37000.00" id="inductionLoop.S2" nVehContrib="8" flow="288.00" occupancy="10.88" speed="6.64" harmonicMeanSpeed="3.71" length="5.00" nVehEntered="9"/>
    <interval begin="37000.00" end="37100.00" id="inductionLoop.S2" nVehContrib="5" flow="180.00" occupancy="1.87" speed="13.52" harmonicMeanSpeed="13.36" length="5.00" nVehEntered="5"/>
    <interval begin="37100.00" end="37200.00" id="inductionLoop.S2" nVehContrib="7" flow="252.00" occupancy="3.10" speed="11.53" harmonicMeanSpeed="11.28" length="5.00" nVehEntered="7"/>
    <interval begin="37200.00" end="37300.00" id="inductionLoop.S2" nVehContrib="7" flow="252.00" occupancy="3.44" speed="11.38" harmonicMeanSpeed="11.11" length="5.00" nVehEntered="8"/>
    <interval begin="37300.00" end="37400.00" id="inductionLoop.S2" nVehContrib="6" flow="216.00" occupancy="2.48" speed="12.29" harmonicMeanSpeed="12.08" length="5.00" nVehEntered="6"/>
    <interval begin="37400.00" end="37500.00" id="inductionLoop.S2" nVehContrib="11" flow="396.00" occupancy="22.19" speed="7.95" harmonicMeanSpeed="2.52" length="5.00" nVehEntered="12"/>
    <interval begin="37500.00" end="37600.00" id="inductionLoop.S2" nVehContrib="5" flow="180.00" occupancy="3.89" speed="9.84" harmonicMeanSpeed="6.43" length="5.00" nVehEntered="5"/>
    <interval begin="37600.00" end="37700.00" id="inductionLoop.S2" nVehContrib="9" flow="324.00" occupancy="4.76" speed="10.39" harmonicMeanSpeed="9.90" length="5.00" nVehEntered="11"/>
    <interval begin="37700.00" end="37800.00" id="inductionLoop.S2" nVehContrib="6" flow="216.00" occupancy="4.04" speed="9.84" harmonicMeanSpeed="7.42" length="5.00" nVehEntered="6"/>
    <interval begin="37800.00" end="37900.00" id="inductionLoop.S2" nVehContrib="10" flow="360.00" occupancy="18.16" speed="9.78" harmonicMeanSpeed="2.77" length="5.00" nVehEntered="11"/>
    <interval begin="37900.00" end="38000.00" id="inductionLoop.S2" nVehContrib="10" flow="360.00" occupancy="27.61" speed="5.64" harmonicMeanSpeed="1.81" length="5.00" nVehEntered="10"/>
    <interval begin="38000.00" end="38100.00" id="inductionLoop.S2" nVehContrib="10" flow="360.00" occupancy="64.54" speed="3.58" harmonicMeanSpeed="0.77" length="5.00" nVehEntered="10"/>
    <interval begin="38100.00" end="38200.00" id="inductionLoop.S2" nVehContrib="9" flow="324.00" occupancy="35.19" speed="4.68" harmonicMeanSpeed="2.70" length="5.00" nVehEntered="10"/>
    <interval begin="38200.00" end="38300.00" id="inductionLoop.S2" nVehContrib="9" flow="324.00" occupancy="36.81" speed="5.01" harmonicMeanSpeed="0.81" length="5.00" nVehEntered="8"/>
    <interval begin="38300.00" end="38400.00" id="inductionLoop.S2" nVehContrib="9" flow="324.00" occupancy="49.79" speed="8.12" harmonicMeanSpeed="7.31" length="5.00" nVehEntered="10"/>
    <interval begin="38400.00" end="38500.00" id="inductionLoop.S2" nVehContrib="11" flow="396.00" occupancy="23.22" speed="5.00" harmonicMeanSpeed="0.82" length="5.00" nVehEntered="10"/>
    <interval begin="38500.00" end="38600.00" id="inductionLoop.S2" nVehContrib="14" flow="504.00" occupancy="12.25" speed="7.43" harmonicMeanSpeed="5.72" length="5.00" nVehEntered="14"/>
    <interval begin="38600.00" end="38700.00" id="inductionLoop.S2" nVehContrib="7" flow="252.00" occupancy="13.40" speed="4.49" harmonicMeanSpeed="3.52" length="5.00" nVehEntered="8"/>
    <interval begin="38700.00" end="38800.00" id="inductionLoop.S2" nVehContrib="11" flow="396.00" occupancy="14.21" speed="6.32" harmonicMeanSpeed="3.11" length="5.00" nVehEntered="10"/>
    <interval begin="38800.00" end="38900.00" id="inductionLoop.S2" nVehContrib="11" flow="396.00" occupancy="23.54" speed="4.19" harmonicMeanSpeed="3.22" length="5.00" nVehEntered="12"/>
    <interval begin="38900.00" end="39000.00" id="inductionLoop.S2" nVehContrib="8" flow="288.00" occupancy="55.10" speed="3.72" harmonicMeanSpeed="0.68" length="5.00" nVehEntered="8"/>
    <interval begin="39000.00" end="39100.00" id="inductionLoop.S2" nVehContrib="11" flow="396.00" occupancy="17.00" speed="5.01" harmonicMeanSpeed="2.81" length="5.00" nVehEntered="10"/>
    <interval begin="39100.00" end="39200.00" id="inductionLoop.S2" nVehContrib="2" flow="72.00" occupancy="8.88" speed="1.13" harmonicMeanSpeed="1.13" length="5.00" nVehEntered="2"/>
    <interval begin="39200.00" end="39300.00" id="inductionLoop.S2" nVehContrib="23" flow="828.00" occupancy="24.58" speed="7.22" harmonicMeanSpeed="4.68" length="5.00" nVehEntered="23"/>
    <interval begin="39300.00" end="39400.00" id="inductionLoop.S2" nVehContrib="10" flow="360.00" occupancy="17.49" speed="5.28" harmonicMeanSpeed="2.86" length="5.00" nVehEntered="10"/>
    <interval begin="39400.00" end="39500.00" id="inductionLoop.S2" nVehContrib="7" flow="252.00" occupancy="15.43" speed="2.84" harmonicMeanSpeed="2.27" length="5.00" nVehEntered="7"/>
    <interval begin="39500.00" end="39600.00" id="inductionLoop.S2" nVehContrib="13" flow="468.00" occupancy="17.68" speed="5.83" harmonicMeanSpeed="3.68" length="5.00" nVehEntered="13"/>
    <interval begin="39600.00" end="39700.00" id="inductionLoop.S2" nVehContrib="11" flow="396.00" occupancy="14.67" speed="7.75" harmonicMeanSpeed="4.56" length="5.00" nVehEntered="12"/>
    <interval begin="39700.00" end="39800.00" id="inductionLoop.S2" nVehContrib="10" flow="360.00" occupancy="14.06" speed="5.05" harmonicMeanSpeed="3.00" length="5.00" nVehEntered="9"/>
    <interval begin="39800.00" end="39900.00" id="inductionLoop.S2" nVehContrib="7" flow="252.00" occupancy="16.76" speed="4.01" harmonicMeanSpeed="2.50" length="5.00" nVehEntered="8"/>
    <interval begin="39900.00" end="40000.00" id="inductionLoop.S2" nVehContrib="12" flow="432.00" occupancy="11.01" speed="6.89" harmonicMeanSpeed="4.36" length="5.00" nVehEntered="11"/>
    <interval begin="40000.00" end="40100.00" id="inductionLoop.S2" nVehContrib="11" flow="396.00" occupancy="15.41" speed="5.65" harmonicMeanSpeed="3.57" length="5.00" nVehEntered="11"/>
    <interval begin="40100.00" end="40200.00" id="inductionLoop.S2" nVehContrib="13" flow="468.00" occupancy="14.51" speed="7.19" harmonicMeanSpeed="5.56" length="5.00" nVehEntered="14"/>
    <interval begin="40200.00" end="40300.00" id="inductionLoop.S2" nVehContrib="3" flow="108.00" occupancy="49.26" speed="4.95" harmonicMeanSpeed="0.48" length="5.00" nVehEntered="5"/>
    <interval begin="40300.00" end="40400.00" id="inductionLoop.S2" nVehContrib="10" flow="360.00" occupancy="14.74" speed="4.24" harmonicMeanSpeed="1.55" length="5.00" nVehEntered="9"/>
    <interval begin="40400.00" end="40500.00" id="inductionLoop.S2" nVehContrib="5" flow="180.00" occupancy="55.87" speed="5.90" harmonicMeanSpeed="0.47" length="5.00" nVehEntered="6"/>
    <interval begin="40500.00" end="40600.00" id="inductionLoop.S2" nVehContrib="8" flow="288.00" occupancy="60.80" speed="3.91" harmonicMeanSpeed="0.66" length="5.00" nVehEntered="8"/>
    <interval begin="40600.00" end="40700.00" id="inductionLoop.S2" nVehContrib="4" flow="144.00" occupancy="8.05" speed="2.94" harmonicMeanSpeed="2.88" length="5.00" nVehEntered="5"/>
    <interval begin="40700.00" end="40800.00" id="inductionLoop.S2" nVehContrib="2" flow="72.00" occupancy="3.90" speed="2.88" harmonicMeanSpeed="2.56" length="5.00" nVehEntered="2"/>
    <interval begin="40800.00" end="40900.00" id="inductionLoop.S2" nVehContrib="14" flow="504.00" occupancy="16.60" speed="6.10" harmonicMeanSpeed="4.22" length="5.00" nVehEntered="14"/>
    <interval begin="40900.00" end="41000.00" id="inductionLoop.S2" nVehContrib="6" flow="216.00" occupancy="64.26" speed="5.26" harmonicMeanSpeed="3.90" length="5.00" nVehEntered="7"/>
    <interval begin="41000.00" end="41100.00" id="inductionLoop.S2" nVehContrib="4" flow="144.00" occupancy="6.39" speed="5.06" harmonicMeanSpeed="3.87" length="5.00" nVehEntered="6"/>
    <interval begin="41100.00" end="41200.00" id="inductionLoop.S2" nVehContrib="8" flow="288.00" occupancy="6.01" speed="7.90" harmonicMeanSpeed="6.45" length="5.00" nVehEntered="7"/>
    <interval begin="41200.00" end="41300.00" id="inductionLoop.S2" nVehContrib="7" flow="252.00" occupancy="11.35" speed="4.50" harmonicMeanSpeed="3.41" length="5.00" nVehEntered="8"/>
    <interval begin="41300.00" end="41400.00" id="inductionLoop.S2" nVehContrib="10" flow="360.00" occupancy="12.36" speed="6.76" harmonicMeanSpeed="4.05" length="5.00" nVehEntered="10"/>
    <interval begin="41400.00" end="41500.00" id="inductionLoop.S2" nVehContrib="8" flow="288.00" occupancy="9.18" speed="6.48" harmonicMeanSpeed="4.36" length="5.00" nVehEntered="8"/>
    <interval begin="41500.00" end="41600.00" id="inductionLoop.S2" nVehContrib="4" flow="144.00" occupancy="14.67" speed="10.71" harmonicMeanSpeed="7.40" length="5.00" nVehEntered="5"/>
    <interval begin="41600.00" end="41700.00" id="inductionLoop.S2" nVehContrib="5" flow="180.00" occupancy="12.97" speed="3.91" harmonicMeanSpeed="1.00" length="5.00" nVehEntered="4"/>
    <interval begin="41700.00" end="41800.00" id="inductionLoop.S2" nVehContrib="7" flow="252.00" occupancy="9.39" speed="7.98" harmonicMeanSpeed="3.89" length="5.00" nVehEntered="8"/>
    <interval begin="41800.00" end="41900.00" id="inductionLoop.S2" nVehContrib="4" flow="144.00" occupancy="50.57" speed="1.77" harmonicMeanSpeed="0.40" length="5.00" nVehEntered="4"/>
    <interval begin="41900.00" end="42000.00" id="inductionLoop.S2" nVehContrib="7" flow="252.00" occupancy="43.43" speed="7.12" harmonicMeanSpeed="6.09" length="5.00" nVehEntered="8"/>
    <interval begin="42000.00" end="42100.00" id="inductionLoop.S2" nVehContrib="4" flow="144.00" occupancy="85.44" speed="5.99" harmonicMeanSpeed="5.64" length="5.00" nVehEntered="6"/>
    <interval begin="42100.00" end="42200.00" id="inductionLoop.S2" nVehContrib="15" flow="540.00" occupancy="46.27" speed="6.16" harmonicMeanSpeed="1.14" length="5.00" nVehEntered="14"/>
    <interval begin="42200.00" end="42300.00" id="inductionLoop.S2" nVehContrib="8" flow="288.00" occupancy="40.88" speed="5.26" harmonicMeanSpeed="0.98" length="5.00" nVehEntered="8"/>
    <interval begin="42300.00" end="42400.00" id="inductionLoop.S2" nVehContrib="4" flow="144.00" occupancy="17.58" speed="4.21" harmonicMeanSpeed="1.14" length="5.00" nVehEntered="4"/>
    <interval begin="42400.00" end="42500.00" id="inductionLoop.S2" nVehContrib="13" flow="468.00" occupancy="11.88" speed="7.37" harmonicMeanSpeed="5.47" length="5.00" nVehEntered="13"/>
    <interval begin="42500.00" end="42600.00" id="inductionLoop.S2" nVehContrib="6" flow="216.00" occupancy="8.62" speed="4.97" harmonicMeanSpeed="3.95" length="5.00" nVehEntered="7"/>
    <interval begin="42600.00" end="42700.00" id="inductionLoop.S2" nVehContrib="5" flow="180.00" occupancy="7.98" speed="7.39" harmonicMeanSpeed="3.13" length="5.00" nVehEntered="5"/>
    <interval begin="42700.00" end="42800.00" id="inductionLoop.S2" nVehContrib="14" flow="504.00" occupancy="9.55" speed="8.72" harmonicMeanSpeed="7.33" length="5.00" nVehEntered="14"/>
    <interval begin="42800.00" end="42900.00" id="inductionLoop.S2" nVehContrib="2" flow="72.00" occupancy="3.30" speed="3.17" harmonicMeanSpeed="3.03" length="5.00" nVehEntered="2"/>
    <interval begin="42900.00" end="43000.00" id="inductionLoop.S2" nVehContrib="16" flow="576.00" occupancy="14.07" speed="8.44" harmonicMeanSpeed="5.68" length="5.00" nVehEntered="16"/>
    <interval begin="43000.00" end="43100.00" id="inductionLoop.S2" nVehContrib="7" flow="252.00" occupancy="59.49" speed="6.76" harmonicMeanSpeed="0.59" length="5.00" nVehEntered="7"/>
    <interval begin="43100.00" end="43200.00" id="inductionLoop.S2" nVehContrib="6" flow="216.00" occupancy="2.36" speed="12.78" harmonicMeanSpeed="12.72" length="5.00" nVehEntered="6"/>
    <interval begin="43200.00" end="43300.00" id="inductionLoop.S2" nVehContrib="1" flow="36.00" occupancy="39.87" speed="3.24" harmonicMeanSpeed="3.24" length="5.00" nVehEntered="2"/>
    <interval begin="43300.00" end="43400.00" id="inductionLoop.S2" nVehContrib="7" flow="252.00" occupancy="68.52" speed="4.98" harmonicMeanSpeed="0.33" length="5.00" nVehEntered="6"/>
    <interval begin="43400.00" end="43500.00" id="inductionLoop.S2" nVehContrib="5" flow="180.00" occupancy="80.50" speed="7.38" harmonicMeanSpeed="0.31" length="5.00" nVehEntered="5"/>
    <interval begin="43500.00" end="43600.00" id="inductionLoop.S2" nVehContrib="12" flow="432.00" occupancy="63.99" speed="8.78" harmonicMeanSpeed="7.64" length="5.00" nVehEntered="13"/>
    <interval begin="43600.00" end="43700.00" id="inductionLoop.S2" nVehContrib="10" flow="360.00" occupancy="50.42" speed="3.93" harmonicMeanSpeed="0.47" length="5.00" nVehEntered="9"/>
    <interval begin="43700.00" end="43800.00" id="inductionLoop.S2" nVehContrib="8" flow="288.00" occupancy="64.08" speed="5.02" harmonicMeanSpeed="0.62" length="5.00" nVehEntered="8"/>
    <interval begin="43800.00" end="43900.00" id="inductionLoop.S2" nVehContrib="8" flow="288.00" occupancy="14.84" speed="4.76" harmonicMeanSpeed="2.70" length="5.00" nVehEntered="8"/>
    <interval begin="43900.00" end="44000.00" id="inductionLoop.S2" nVehContrib="16" flow="576.00" occupancy="21.49" speed="7.09" harmonicMeanSpeed="3.72" length="5.00" nVehEntered="16"/>
    <interval begin="44000.00" end="44100.00" id="inductionLoop.S2" nVehContrib="15" flow="540.00" occupancy="18.12" speed="7.21" harmonicMeanSpeed="4.14" length="5.00" nVehEntered="15"/>
    <interval begin="44100.00" end="44200.00" id="inductionLoop.S2" nVehContrib="3" flow="108.00" occupancy="10.38" speed="1.61" harmonicMeanSpeed="1.53" length="5.00" nVehEntered="4"/>
    <interval begin="44200.00" end="44300.00" id="inductionLoop.S2" nVehContrib="15" flow="540.00" occupancy="17.55" speed="6.64" harmonicMeanSpeed="4.13" length="5.00" nVehEntered="14"/>
    <interval begin="44300.00" end="44400.00" id="inductionLoop.S2" nVehContrib="9" flow="324.00" occupancy="7.30" speed="7.74" harmonicMeanSpeed="6.17" length="5.00" nVehEntered="9"/>
    <interval begin="44400.00" end="44500.00" id="inductionLoop.S2" nVehContrib="4" flow="144.00" occupancy="3.48" speed="8.46" harmonicMeanSpeed="5.74" length="5.00" nVehEntered="4"/>
    <interval begin="44500.00" end="44600.00" id="inductionLoop.S2" nVehContrib="18" flow="648.00" occupancy="31.50" speed="6.21" harmonicMeanSpeed="2.86" length="5.00" nVehEntered="18"/>
    <interval begin="44600.00" end="44700.00" id="inductionLoop.S2" nVehContrib="8" flow="288.00" occupancy="50.54" speed="3.00" harmonicMeanSpeed="0.79" length="5.00" nVehEntered="9"/>
    <interval begin="44700.00" end="44800.00" id="inductionLoop.S2" nVehContrib="8" flow="288.00" occupancy="30.16" speed="4.14" harmonicMeanSpeed="1.45" length="5.00" nVehEntered="8"/>
    <interval begin="44800.00" end="44900.00" id="inductionLoop.S2" nVehContrib="9" flow="324.00" occupancy="36.93" speed="6.61" harmonicMeanSpeed="4.67" length="5.00" nVehEntered="11"/>
    <interval begin="44900.00" end="45000.00" id="inductionLoop.S2" nVehContrib="6" flow="216.00" occupancy="90.04" speed="5.93" harmonicMeanSpeed="0.33" length="5.00" nVehEntered="5"/>
    <interval begin="45000.00" end="45100.00" id="inductionLoop.S2" nVehContrib="6" flow="216.00" occupancy="4.96" speed="8.55" harmonicMeanSpeed="6.05" length="5.00" nVehEntered="6"/>
    <interval begin="45100.00" end="45200.00" id="inductionLoop.S2" nVehContrib="14" flow="504.00" occupancy="15.65" speed="7.45" harmonicMeanSpeed="4.47" length="5.00" nVehEntered="14"/>
    <interval begin="45200.00" end="45300.00" id="inductionLoop.S2" nVehContrib="1" flow="36.00" occupancy="0.47" speed="10.75" harmonicMeanSpeed="10.75" length="5.00" nVehEntered="1"/>
    <interval begin="45300.00" end="45400.00" id="inductionLoop.S2" nVehContrib="9" flow="324.00" occupancy="13.50" speed="8.41" harmonicMeanSpeed="4.81" length="5.00" nVehEntered="10"/>
    <interval begin="45400.00" end="45500.00" id="inductionLoop.S2" nVehContrib="1" flow="36.00" occupancy="2.91" speed="1.72" harmonicMeanSpeed="1.72" length="5.00" nVehEntered="1"/>
    <interval begin="45500.00" end="45600.00" id="inductionLoop.S2" nVehContrib="8" flow="288.00" occupancy="9.42" speed="6.79" harmonicMeanSpeed="4.53" length="5.00" nVehEntered="10"/>
    <interval begin="45600.00" end="45700.00" id="inductionLoop.S2" nVehContrib="3" flow="108.00" occupancy="6.88" speed="7.66" harmonicMeanSpeed="5.83" length="5.00" nVehEntered="4"/>
    <interval begin="45700.00" end="45800.00" id="inductionLoop.S2" nVehContrib="4" flow="144.00" occupancy="5.90" speed="6.15" harmonicMeanSpeed="3.49" length="5.00" nVehEntered="5"/>
    <interval begin="45800.00" end="45900.00" id="inductionLoop.S2" nVehContrib="13" flow="468.00" occupancy="9.78" speed="8.44" harmonicMeanSpeed="6.65" length="5.00" nVehEntered="13"/>
    <interval begin="45900.00" end="46000.00" id="inductionLoop.S2" nVehContrib="12" flow="432.00" occupancy="9.59" speed="7.78" harmonicMeanSpeed="6.26" length="5.00" nVehEntered="12"/>
    <interval begin="46000.00" end="46100.00" id="inductionLoop.S2" nVehContrib="3" flow="108.00" occupancy="6.73" speed="11.32" harmonicMeanSpeed="11.14" length="5.00" nVehEntered="5"/>
    <interval begin="46100.00" end="46200.00" id="inductionLoop.S2" nVehContrib="8" flow="288.00" occupancy="49.05" speed="4.10" harmonicMeanSpeed="0.82" length="5.00" nVehEntered="8"/>
    <interval begin="46200.00" end="46300.00" id="inductionLoop.S2" nVehContrib="6" flow="216.00" occupancy="6.43" speed="6.62" harmonicMeanSpeed="4.76" length="5.00" nVehEntered="7"/>
    <interval begin="46300.00" end="46400.00" id="inductionLoop.S2" nVehContrib="2" flow="72.00" occupancy="2.40" speed="4.97" harmonicMeanSpeed="4.17" length="5.00" nVehEntered="2"/>
    <interval begin="46400.00" end="46500.00" id="inductionLoop.S2" nVehContrib="2" flow="72.00" occupancy="0.91" speed="10.95" harmonicMeanSpeed="10.95" length="5.00" nVehEntered="2"/>
    <interval begin="46500.00" end="46600.00" id="inductionLoop.S2" nVehContrib="3" flow="108.00" occupancy="37.79" speed="4.13" harmonicMeanSpeed="3.08" length="5.00" nVehEntered="4"/>
    <interval begin="46600.00" end="46700.00" id="inductionLoop.S2" nVehContrib="2" flow="72.00" occupancy="72.34" speed="7.00" harmonicMeanSpeed="4.89" length="5.00" nVehEntered="3"/>
    <interval begin="46700.00" end="46800.00" id="inductionLoop.S2" nVehContrib="6" flow="216.00" occupancy="12.06" speed="4.58" harmonicMeanSpeed="0.36" length="5.00" nVehEntered="5"/>
    <interval begin="46800.00" end="46900.00" id="inductionLoop.S2" nVehContrib="2" flow="72.00" occupancy="6.44" speed="1.92" harmonicMeanSpeed="1.55" length="5.00" nVehEntered="2"/>
    <interval begin="46900.00" end="47000.00" id="inductionLoop.S2" nVehContrib="9" flow="324.00" occupancy="7.19" speed="7.96" harmonicMeanSpeed="6.26" length="5.00" nVehEntered="9"/>
    <interval begin="47000.00" end="47100.00" id="inductionLoop.S2" nVehContrib="6" flow="216.00" occupancy="12.48" speed="4.26" harmonicMeanSpeed="3.20" length="5.00" nVehEntered="7"/>
    <interval begin="47100.00" end="47200.00" id="inductionLoop.S2" nVehContrib="2" flow="72.00" occupancy="3.74" speed="3.79" harmonicMeanSpeed="3.65" length="5.00" nVehEntered="2"/>
    <interval begin="47200.00" end="47300.00" id="inductionLoop.S2" nVehContrib="15" flow="540.00" occupancy="23.07" speed="5.89" harmonicMeanSpeed="3.25" length="5.00" nVehEntered="15"/>
    <interval begin="47300.00" end="47400.00" id="inductionLoop.S2" nVehContrib="9" flow="324.00" occupancy="10.46" speed="7.31" harmonicMeanSpeed="4.30" length="5.00" nVehEntered="9"/>
    <interval begin="47400.00" end="47500.00" id="inductionLoop.S2" nVehContrib="10" flow="360.00" occupancy="15.47" speed="7.22" harmonicMeanSpeed="3.23" length="5.00" nVehEntered="10"/>
    <interval begin="47500.00" end="47600.00" id="inductionLoop.S2" nVehContrib="17" flow="612.00" occupancy="17.80" speed="6.83" harmonicMeanSpeed="4.78" length="5.00" nVehEntered="17"/>
    <interval begin="47600.00" end="47700.00" id="inductionLoop.S2" nVehContrib="2" flow="72.00" occupancy="10.30" speed="1.60" harmonicMeanSpeed="1.53" length="5.00" nVehEntered="3"/>
    <interval begin="47700.00" end="47800.00" id="inductionLoop.S2" nVehContrib="7" flow="252.00" occupancy="3.86" speed="10.15" harmonicMeanSpeed="9.06" length="5.00" nVehEntered="7"/>
    <interval begin="47800.00" end="47900.00" id="inductionLoop.S2" nVehContrib="3" flow="108.00" occupancy="3.52" speed="7.15" harmonicMeanSpeed="4.27" length="5.00" nVehEntered="3"/>
    <interval begin="47900.00" end="48000.00" id="inductionLoop.S2" nVehContrib="10" flow="360.00" occupancy="28.48" speed="6.32" harmonicMeanSpeed="3.42" length="5.00" nVehEntered="11"/>
    <interval begin="48000.00" end="48100.00" id="inductionLoop.S2" nVehContrib="8" flow="288.00" occupancy="43.25" speed="3.85" harmonicMeanSpeed="2.57" length="5.00" nVehEntered="10"/>
    <interval begin="48100.00" end="48200.00" id="inductionLoop.S2" nVehContrib="7" flow="252.00" occupancy="67.81" speed="3.39" harmonicMeanSpeed="0.37" length="5.00" nVehEntered="6"/>
    <interval begin="48200.00" end="48300.00" id="inductionLoop.S2" nVehContrib="15" flow="540.00" occupancy="18.02" speed="7.42" harmonicMeanSpeed="4.16" length="5.00" nVehEntered="15"/>
    <interval begin="48300.00" end="48400.00" id="inductionLoop.S2" nVehContrib="4" flow="144.00" occupancy="9.58" speed="2.92" harmonicMeanSpeed="2.09" length="5.00" nVehEntered="4"/>
    <interval begin="48400.00" end="48500.00" id="inductionLoop.S2" nVehContrib="23" flow="828.00" occupancy="24.42" speed="6.57" harmonicMeanSpeed="4.71" length="5.00" nVehEntered="23"/>
    <interval begin="48500.00" end="48600.00" id="inductionLoop.S2" nVehContrib="5" flow="180.00" occupancy="75.11" speed="9.85" harmonicMeanSpeed="7.27" length="5.00" nVehEntered="6"/>
    <interval begin="48600.00" end="48700.00" id="inductionLoop.S2" nVehContrib="7" flow="252.00" occupancy="45.91" speed="3.70" harmonicMeanSpeed="0.30" length="5.00" nVehEntered="6"/>
    <interval begin="48700.00" end="48800.00" id="inductionLoop.S2" nVehContrib="4" flow="144.00" occupancy="17.31" speed="9.10" harmonicMeanSpeed="7.90" length="5.00" nVehEntered="5"/>
    <interval begin="48800.00" end="48900.00" id="inductionLoop.S2" nVehContrib="4" flow="144.00" occupancy="57.10" speed="2.59" harmonicMeanSpeed="0.28" length="5.00" nVehEntered="4"/>
    <interval begin="48900.00" end="49000.00" id="inductionLoop.S2" nVehContrib="10" flow="360.00" occupancy="5.42" speed="10.15" harmonicMeanSpeed="9.06" length="5.00" nVehEntered="9"/>
    <interval begin="49000.00" end="49100.00" id="inductionLoop.S2" nVehContrib="2" flow="72.00" occupancy="72.33" speed="7.64" harmonicMeanSpeed="4.97" length="5.00" nVehEntered="3"/>
    <interval begin="49100.00" end="49200.00" id="inductionLoop.S2" nVehContrib="21" flow="756.00" occupancy="38.21" speed="8.50" harmonicMeanSpeed="0.97" length="5.00" nVehEntered="21"/>
    <interval begin="49200.00" end="49300.00" id="inductionLoop.S2" nVehContrib="12" flow="432.00" occupancy="46.22" speed="5.55" harmonicMeanSpeed="3.26" length="5.00" nVehEntered="12"/>
    <interval begin="49300.00" end="49400.00" id="inductionLoop.S2" nVehContrib="2" flow="72.00" occupancy="70.93" speed="0.72" harmonicMeanSpeed="0.10" length="5.00" nVehEntered="1"/>
    <interval begin="49400.00" end="49500.00" id="inductionLoop.S2" nVehContrib="16" flow="576.00" occupancy="29.87" speed="5.33" harmonicMeanSpeed="2.68" length="5.00" nVehEntered="16"/>
    <interval begin="49500.00" end="49600.00" id="inductionLoop.S2" nVehContrib="9" flow="324.00" occupancy="8.37" speed="7.17" harmonicMeanSpeed="5.38" length="5.00" nVehEntered="9"/>
    <interval begin="49600.00" end="49700.00" id="inductionLoop.S2" nVehContrib="16" flow="576.00" occupancy="23.94" speed="6.42" harmonicMeanSpeed="4.08" length="5.00" nVehEntered="17"/>
    <interval begin="49700.00" end="49800.00" id="inductionLoop.S2" nVehContrib="18" flow="648.00" occupancy="34.15" speed="6.15" harmonicMeanSpeed="2.64" length="5.00" nVehEntered="18"/>
    <interval begin="49800.00" end="49900.00" id="inductionLoop.S2" nVehContrib="11" flow="396.00" occupancy="80.35" speed="9.31" harmonicMeanSpeed="8.89" length="5.00" nVehEntered="12"/>
    <interval begin="49900.00" end="50000.00" id="inductionLoop.S2" nVehContrib="4" flow="144.00" occupancy="90.74" speed="1.44" harmonicMeanSpeed="0.12" length="5.00" nVehEntered="3"/>
    <interval begin="50000.00" end="50004.00" id="inductionLoop.S2" nVehContrib="1" flow="900.00" occupancy="34.38" speed="5.56" harmonicMeanSpeed="5.56" length="5.00" nVehEntered="2"/>
</detector>
