<?xml version="1.0" encoding="UTF-8"?>

<!-- generated on 2023-07-22 11:17:52 by Eclipse SUMO sumo Version 1.12.0
<configuration xmlns:xsi="http://www.w3.org/2001/XMLSchema-instance" xsi:noNamespaceSchemaLocation="http://sumo.dlr.de/xsd/sumoConfiguration.xsd">

    <input>
        <net-file value="Data0-13/intersection.net.xml"/>
        <route-files value="Data0-13/intersection.rou.xml"/>
        <additional-files value="Data0-13/intersection.det.xml"/>
    </input>

    <output>
        <tripinfo-output value="Data0-13/tripinfo.xml"/>
    </output>

    <time>
        <begin value="0"/>
    </time>

    <processing>
        <time-to-teleport value="-1"/>
        <waiting-time-memory value="60000"/>
    </processing>

    <report>
        <verbose value="true"/>
        <no-step-log value="true"/>
    </report>

    <emissions>
        <device.emissions.probability value="1"/>
    </emissions>

    <traci_server>
        <remote-port value="50275"/>
    </traci_server>

    <gui_only>
        <gui-settings-file value="Data0-13/intersection.settings.xml"/>
    </gui_only>

</configuration>
-->

<detector xmlns:xsi="http://www.w3.org/2001/XMLSchema-instance" xsi:noNamespaceSchemaLocation="http://sumo.dlr.de/xsd/det_e1_file.xsd">
    <interval begin="0.00" end="100.00" id="inductionLoop.S1" nVehContrib="4" flow="144.00" occupancy="1.84" speed="12.14" harmonicMeanSpeed="11.55" length="5.00" nVehEntered="5"/>
    <interval begin="100.00" end="200.00" id="inductionLoop.S1" nVehContrib="7" flow="252.00" occupancy="22.11" speed="7.46" harmonicMeanSpeed="2.69" length="5.00" nVehEntered="11"/>
    <interval begin="200.00" end="300.00" id="inductionLoop.S1" nVehContrib="13" flow="468.00" occupancy="40.07" speed="7.22" harmonicMeanSpeed="1.91" length="5.00" nVehEntered="14"/>
    <interval begin="300.00" end="400.00" id="inductionLoop.S1" nVehContrib="9" flow="324.00" occupancy="49.24" speed="3.31" harmonicMeanSpeed="0.78" length="5.00" nVehEntered="8"/>
    <interval begin="400.00" end="500.00" id="inductionLoop.S1" nVehContrib="8" flow="288.00" occupancy="81.90" speed="2.20" harmonicMeanSpeed="0.50" length="5.00" nVehEntered="9"/>
    <interval begin="500.00" end="600.00" id="inductionLoop.S1" nVehContrib="7" flow="252.00" occupancy="85.95" speed="3.39" harmonicMeanSpeed="0.64" length="5.00" nVehEntered="7"/>
    <interval begin="600.00" end="700.00" id="inductionLoop.S1" nVehContrib="17" flow="612.00" occupancy="67.84" speed="5.61" harmonicMeanSpeed="1.03" length="5.00" nVehEntered="17"/>
    <interval begin="700.00" end="800.00" id="inductionLoop.S1" nVehContrib="8" flow="288.00" occupancy="83.98" speed="4.51" harmonicMeanSpeed="0.56" length="5.00" nVehEntered="8"/>
    <interval begin="800.00" end="900.00" id="inductionLoop.S1" nVehContrib="11" flow="396.00" occupancy="62.39" speed="4.28" harmonicMeanSpeed="0.60" length="5.00" nVehEntered="11"/>
    <interval begin="900.00" end="1000.00" id="inductionLoop.S1" nVehContrib="12" flow="432.00" occupancy="44.20" speed="7.31" harmonicMeanSpeed="1.38" length="5.00" nVehEntered="13"/>
    <interval begin="1000.00" end="1100.00" id="inductionLoop.S1" nVehContrib="8" flow="288.00" occupancy="34.51" speed="8.06" harmonicMeanSpeed="1.23" length="5.00" nVehEntered="10"/>
    <interval begin="1100.00" end="1200.00" id="inductionLoop.S1" nVehContrib="6" flow="216.00" occupancy="74.90" speed="3.06" harmonicMeanSpeed="0.45" length="5.00" nVehEntered="7"/>
    <interval begin="1200.00" end="1300.00" id="inductionLoop.S1" nVehContrib="12" flow="432.00" occupancy="31.16" speed="5.22" harmonicMeanSpeed="1.95" length="5.00" nVehEntered="13"/>
    <interval begin="1300.00" end="1400.00" id="inductionLoop.S1" nVehContrib="11" flow="396.00" occupancy="6.24" speed="10.75" harmonicMeanSpeed="8.81" length="5.00" nVehEntered="11"/>
    <interval begin="1400.00" end="1500.00" id="inductionLoop.S1" nVehContrib="10" flow="360.00" occupancy="22.55" speed="7.19" harmonicMeanSpeed="2.22" length="5.00" nVehEntered="11"/>
    <interval begin="1500.00" end="1600.00" id="inductionLoop.S1" nVehContrib="7" flow="252.00" occupancy="71.54" speed="2.16" harmonicMeanSpeed="0.49" length="5.00" nVehEntered="7"/>
    <interval begin="1600.00" end="1700.00" id="inductionLoop.S1" nVehContrib="8" flow="288.00" occupancy="28.16" speed="5.89" harmonicMeanSpeed="1.43" length="5.00" nVehEntered="9"/>
    <interval begin="1700.00" end="1800.00" id="inductionLoop.S1" nVehContrib="13" flow="468.00" occupancy="13.63" speed="8.15" harmonicMeanSpeed="4.97" length="5.00" nVehEntered="14"/>
    <interval begin="1800.00" end="1900.00" id="inductionLoop.S1" nVehContrib="13" flow="468.00" occupancy="21.27" speed="6.87" harmonicMeanSpeed="3.63" length="5.00" nVehEntered="15"/>
    <interval begin="1900.00" end="2000.00" id="inductionLoop.S1" nVehContrib="5" flow="180.00" occupancy="2.48" speed="11.70" harmonicMeanSpeed="11.50" length="5.00" nVehEntered="6"/>
    <interval begin="2000.00" end="2100.00" id="inductionLoop.S1" nVehContrib="10" flow="360.00" occupancy="5.24" speed="10.86" harmonicMeanSpeed="10.49" length="5.00" nVehEntered="12"/>
    <interval begin="2100.00" end="2200.00" id="inductionLoop.S1" nVehContrib="10" flow="360.00" occupancy="11.02" speed="8.35" harmonicMeanSpeed="5.01" length="5.00" nVehEntered="11"/>
    <interval begin="2200.00" end="2300.00" id="inductionLoop.S1" nVehContrib="10" flow="360.00" occupancy="4.86" speed="11.96" harmonicMeanSpeed="11.59" length="5.00" nVehEntered="11"/>
    <interval begin="2300.00" end="2400.00" id="inductionLoop.S1" nVehContrib="13" flow="468.00" occupancy="18.24" speed="7.67" harmonicMeanSpeed="3.56" length="5.00" nVehEntered="13"/>
    <interval begin="2400.00" end="2500.00" id="inductionLoop.S1" nVehContrib="8" flow="288.00" occupancy="27.47" speed="5.42" harmonicMeanSpeed="4.11" length="5.00" nVehEntered="11"/>
    <interval begin="2500.00" end="2600.00" id="inductionLoop.S1" nVehContrib="14" flow="504.00" occupancy="23.66" speed="5.19" harmonicMeanSpeed="1.82" length="5.00" nVehEntered="16"/>
    <interval begin="2600.00" end="2700.00" id="inductionLoop.S1" nVehContrib="10" flow="360.00" occupancy="16.45" speed="8.68" harmonicMeanSpeed="3.06" length="5.00" nVehEntered="11"/>
    <interval begin="2700.00" end="2800.00" id="inductionLoop.S1" nVehContrib="9" flow="324.00" occupancy="51.87" speed="5.42" harmonicMeanSpeed="0.87" length="5.00" nVehEntered="10"/>
    <interval begin="2800.00" end="2900.00" id="inductionLoop.S1" nVehContrib="11" flow="396.00" occupancy="26.13" speed="8.50" harmonicMeanSpeed="2.17" length="5.00" nVehEntered="12"/>
    <interval begin="2900.00" end="3000.00" id="inductionLoop.S1" nVehContrib="10" flow="360.00" occupancy="29.52" speed="8.33" harmonicMeanSpeed="2.05" length="5.00" nVehEntered="11"/>
    <interval begin="3000.00" end="3100.00" id="inductionLoop.S1" nVehContrib="12" flow="432.00" occupancy="32.00" speed="6.52" harmonicMeanSpeed="2.23" length="5.00" nVehEntered="14"/>
    <interval begin="3100.00" end="3200.00" id="inductionLoop.S1" nVehContrib="15" flow="540.00" occupancy="34.11" speed="6.97" harmonicMeanSpeed="1.77" length="5.00" nVehEntered="15"/>
    <interval begin="3200.00" end="3300.00" id="inductionLoop.S1" nVehContrib="8" flow="288.00" occupancy="20.77" speed="5.44" harmonicMeanSpeed="2.62" length="5.00" nVehEntered="10"/>
    <interval begin="3300.00" end="3400.00" id="inductionLoop.S1" nVehContrib="11" flow="396.00" occupancy="11.08" speed="9.16" harmonicMeanSpeed="5.72" length="5.00" nVehEntered="13"/>
    <interval begin="3400.00" end="3500.00" id="inductionLoop.S1" nVehContrib="3" flow="108.00" occupancy="2.04" speed="8.88" harmonicMeanSpeed="7.63" length="5.00" nVehEntered="4"/>
    <interval begin="3500.00" end="3600.00" id="inductionLoop.S1" nVehContrib="7" flow="252.00" occupancy="8.74" speed="7.52" harmonicMeanSpeed="4.29" length="5.00" nVehEntered="9"/>
    <interval begin="3600.00" end="3700.00" id="inductionLoop.S1" nVehContrib="6" flow="216.00" occupancy="13.70" speed="7.97" harmonicMeanSpeed="2.24" length="5.00" nVehEntered="7"/>
    <interval begin="3700.00" end="3800.00" id="inductionLoop.S1" nVehContrib="10" flow="360.00" occupancy="30.72" speed="7.15" harmonicMeanSpeed="1.63" length="5.00" nVehEntered="10"/>
    <interval begin="3800.00" end="3900.00" id="inductionLoop.S1" nVehContrib="8" flow="288.00" occupancy="66.89" speed="3.92" harmonicMeanSpeed="0.65" length="5.00" nVehEntered="9"/>
    <interval begin="3900.00" end="4000.00" id="inductionLoop.S1" nVehContrib="9" flow="324.00" occupancy="48.44" speed="6.79" harmonicMeanSpeed="1.63" length="5.00" nVehEntered="10"/>
    <interval begin="4000.00" end="4100.00" id="inductionLoop.S1" nVehContrib="13" flow="468.00" occupancy="9.81" speed="7.73" harmonicMeanSpeed="1.88" length="5.00" nVehEntered="14"/>
    <interval begin="4100.00" end="4200.00" id="inductionLoop.S1" nVehContrib="11" flow="396.00" occupancy="50.03" speed="6.38" harmonicMeanSpeed="1.12" length="5.00" nVehEntered="12"/>
    <interval begin="4200.00" end="4300.00" id="inductionLoop.S1" nVehContrib="10" flow="360.00" occupancy="22.60" speed="6.96" harmonicMeanSpeed="2.29" length="5.00" nVehEntered="11"/>
    <interval begin="4300.00" end="4400.00" id="inductionLoop.S1" nVehContrib="9" flow="324.00" occupancy="16.40" speed="10.07" harmonicMeanSpeed="9.40" length="5.00" nVehEntered="11"/>
    <interval begin="4400.00" end="4500.00" id="inductionLoop.S1" nVehContrib="9" flow="324.00" occupancy="18.27" speed="4.89" harmonicMeanSpeed="1.56" length="5.00" nVehEntered="8"/>
    <interval begin="4500.00" end="4600.00" id="inductionLoop.S1" nVehContrib="9" flow="324.00" occupancy="8.71" speed="9.95" harmonicMeanSpeed="8.33" length="5.00" nVehEntered="11"/>
    <interval begin="4600.00" end="4700.00" id="inductionLoop.S1" nVehContrib="11" flow="396.00" occupancy="12.83" speed="7.86" harmonicMeanSpeed="3.91" length="5.00" nVehEntered="13"/>
    <interval begin="4700.00" end="4800.00" id="inductionLoop.S1" nVehContrib="11" flow="396.00" occupancy="13.86" speed="9.06" harmonicMeanSpeed="7.29" length="5.00" nVehEntered="14"/>
    <interval begin="4800.00" end="4900.00" id="inductionLoop.S1" nVehContrib="8" flow="288.00" occupancy="13.79" speed="7.26" harmonicMeanSpeed="2.99" length="5.00" nVehEntered="9"/>
    <interval begin="4900.00" end="5000.00" id="inductionLoop.S1" nVehContrib="10" flow="360.00" occupancy="4.69" speed="10.97" harmonicMeanSpeed="10.66" length="5.00" nVehEntered="10"/>
    <interval begin="5000.00" end="5100.00" id="inductionLoop.S1" nVehContrib="8" flow="288.00" occupancy="5.35" speed="9.42" harmonicMeanSpeed="7.48" length="5.00" nVehEntered="8"/>
    <interval begin="5100.00" end="5200.00" id="inductionLoop.S1" nVehContrib="6" flow="216.00" occupancy="43.52" speed="5.00" harmonicMeanSpeed="0.86" length="5.00" nVehEntered="10"/>
    <interval begin="5200.00" end="5300.00" id="inductionLoop.S1" nVehContrib="6" flow="216.00" occupancy="35.87" speed="6.72" harmonicMeanSpeed="0.89" length="5.00" nVehEntered="10"/>
    <interval begin="5300.00" end="5400.00" id="inductionLoop.S1" nVehContrib="13" flow="468.00" occupancy="31.66" speed="6.93" harmonicMeanSpeed="2.53" length="5.00" nVehEntered="14"/>
    <interval begin="5400.00" end="5500.00" id="inductionLoop.S1" nVehContrib="8" flow="288.00" occupancy="6.39" speed="9.34" harmonicMeanSpeed="6.86" length="5.00" nVehEntered="10"/>
    <interval begin="5500.00" end="5600.00" id="inductionLoop.S1" nVehContrib="13" flow="468.00" occupancy="8.92" speed="10.24" harmonicMeanSpeed="9.39" length="5.00" nVehEntered="15"/>
    <interval begin="5600.00" end="5700.00" id="inductionLoop.S1" nVehContrib="10" flow="360.00" occupancy="7.66" speed="7.65" harmonicMeanSpeed="5.80" length="5.00" nVehEntered="10"/>
    <interval begin="5700.00" end="5800.00" id="inductionLoop.S1" nVehContrib="9" flow="324.00" occupancy="4.31" speed="11.72" harmonicMeanSpeed="11.44" length="5.00" nVehEntered="10"/>
    <interval begin="5800.00" end="5900.00" id="inductionLoop.S1" nVehContrib="9" flow="324.00" occupancy="33.94" speed="8.75" harmonicMeanSpeed="1.33" length="5.00" nVehEntered="10"/>
    <interval begin="5900.00" end="6000.00" id="inductionLoop.S1" nVehContrib="8" flow="288.00" occupancy="18.54" speed="7.07" harmonicMeanSpeed="2.18" length="5.00" nVehEntered="9"/>
    <interval begin="6000.00" end="6100.00" id="inductionLoop.S1" nVehContrib="7" flow="252.00" occupancy="39.59" speed="5.60" harmonicMeanSpeed="2.06" length="5.00" nVehEntered="9"/>
    <interval begin="6100.00" end="6200.00" id="inductionLoop.S1" nVehContrib="8" flow="288.00" occupancy="29.19" speed="6.76" harmonicMeanSpeed="1.33" length="5.00" nVehEntered="8"/>
    <interval begin="6200.00" end="6300.00" id="inductionLoop.S1" nVehContrib="11" flow="396.00" occupancy="13.05" speed="8.19" harmonicMeanSpeed="1.62" length="5.00" nVehEntered="11"/>
    <interval begin="6300.00" end="6400.00" id="inductionLoop.S1" nVehContrib="10" flow="360.00" occupancy="9.16" speed="8.25" harmonicMeanSpeed="6.36" length="5.00" nVehEntered="12"/>
    <interval begin="6400.00" end="6500.00" id="inductionLoop.S1" nVehContrib="11" flow="396.00" occupancy="34.20" speed="7.35" harmonicMeanSpeed="1.63" length="5.00" nVehEntered="12"/>
    <interval begin="6500.00" end="6600.00" id="inductionLoop.S1" nVehContrib="11" flow="396.00" occupancy="25.71" speed="8.29" harmonicMeanSpeed="3.22" length="5.00" nVehEntered="13"/>
    <interval begin="6600.00" end="6700.00" id="inductionLoop.S1" nVehContrib="11" flow="396.00" occupancy="19.05" speed="8.39" harmonicMeanSpeed="3.47" length="5.00" nVehEntered="11"/>
    <interval begin="6700.00" end="6800.00" id="inductionLoop.S1" nVehContrib="12" flow="432.00" occupancy="23.33" speed="7.46" harmonicMeanSpeed="1.92" length="5.00" nVehEntered="15"/>
    <interval begin="6800.00" end="6900.00" id="inductionLoop.S1" nVehContrib="7" flow="252.00" occupancy="10.36" speed="6.80" harmonicMeanSpeed="3.39" length="5.00" nVehEntered="8"/>
    <interval begin="6900.00" end="7000.00" id="inductionLoop.S1" nVehContrib="9" flow="324.00" occupancy="24.13" speed="6.64" harmonicMeanSpeed="1.95" length="5.00" nVehEntered="10"/>
    <interval begin="7000.00" end="7100.00" id="inductionLoop.S1" nVehContrib="4" flow="144.00" occupancy="2.07" speed="12.76" harmonicMeanSpeed="12.52" length="5.00" nVehEntered="5"/>
    <interval begin="7100.00" end="7200.00" id="inductionLoop.S1" nVehContrib="7" flow="252.00" occupancy="4.58" speed="9.95" harmonicMeanSpeed="8.57" length="5.00" nVehEntered="9"/>
    <interval begin="7200.00" end="7300.00" id="inductionLoop.S1" nVehContrib="7" flow="252.00" occupancy="20.88" speed="7.68" harmonicMeanSpeed="1.64" length="5.00" nVehEntered="6"/>
    <interval begin="7300.00" end="7400.00" id="inductionLoop.S1" nVehContrib="5" flow="180.00" occupancy="10.31" speed="9.90" harmonicMeanSpeed="2.43" length="5.00" nVehEntered="5"/>
    <interval begin="7400.00" end="7500.00" id="inductionLoop.S1" nVehContrib="6" flow="216.00" occupancy="10.90" speed="8.48" harmonicMeanSpeed="2.94" length="5.00" nVehEntered="8"/>
    <interval begin="7500.00" end="7600.00" id="inductionLoop.S1" nVehContrib="9" flow="324.00" occupancy="16.19" speed="8.69" harmonicMeanSpeed="7.28" length="5.00" nVehEntered="10"/>
    <interval begin="7600.00" end="7700.00" id="inductionLoop.S1" nVehContrib="12" flow="432.00" occupancy="32.72" speed="8.88" harmonicMeanSpeed="1.43" length="5.00" nVehEntered="13"/>
    <interval begin="7700.00" end="7800.00" id="inductionLoop.S1" nVehContrib="10" flow="360.00" occupancy="8.40" speed="8.05" harmonicMeanSpeed="5.95" length="5.00" nVehEntered="10"/>
    <interval begin="7800.00" end="7900.00" id="inductionLoop.S1" nVehContrib="10" flow="360.00" occupancy="24.46" speed="7.26" harmonicMeanSpeed="2.04" length="5.00" nVehEntered="10"/>
    <interval begin="7900.00" end="8000.00" id="inductionLoop.S1" nVehContrib="8" flow="288.00" occupancy="21.47" speed="7.11" harmonicMeanSpeed="2.14" length="5.00" nVehEntered="9"/>
    <interval begin="8000.00" end="8100.00" id="inductionLoop.S1" nVehContrib="8" flow="288.00" occupancy="6.48" speed="8.32" harmonicMeanSpeed="4.30" length="5.00" nVehEntered="7"/>
    <interval begin="8100.00" end="8200.00" id="inductionLoop.S1" nVehContrib="9" flow="324.00" occupancy="11.63" speed="8.45" harmonicMeanSpeed="3.87" length="5.00" nVehEntered="9"/>
    <interval begin="8200.00" end="8300.00" id="inductionLoop.S1" nVehContrib="9" flow="324.00" occupancy="34.43" speed="7.43" harmonicMeanSpeed="2.84" length="5.00" nVehEntered="12"/>
    <interval begin="8300.00" end="8400.00" id="inductionLoop.S1" nVehContrib="10" flow="360.00" occupancy="34.34" speed="7.10" harmonicMeanSpeed="1.21" length="5.00" nVehEntered="12"/>
    <interval begin="8400.00" end="8500.00" id="inductionLoop.S1" nVehContrib="12" flow="432.00" occupancy="21.90" speed="6.89" harmonicMeanSpeed="2.78" length="5.00" nVehEntered="13"/>
    <interval begin="8500.00" end="8600.00" id="inductionLoop.S1" nVehContrib="13" flow="468.00" occupancy="26.21" speed="8.10" harmonicMeanSpeed="2.53" length="5.00" nVehEntered="15"/>
    <interval begin="8600.00" end="8700.00" id="inductionLoop.S1" nVehContrib="7" flow="252.00" occupancy="3.05" speed="11.78" harmonicMeanSpeed="11.47" length="5.00" nVehEntered="7"/>
    <interval begin="8700.00" end="8800.00" id="inductionLoop.S1" nVehContrib="9" flow="324.00" occupancy="4.82" speed="9.68" harmonicMeanSpeed="9.43" length="5.00" nVehEntered="10"/>
    <interval begin="8800.00" end="8900.00" id="inductionLoop.S1" nVehContrib="8" flow="288.00" occupancy="9.40" speed="8.41" harmonicMeanSpeed="7.03" length="5.00" nVehEntered="10"/>
    <interval begin="8900.00" end="9000.00" id="inductionLoop.S1" nVehContrib="8" flow="288.00" occupancy="5.00" speed="8.87" harmonicMeanSpeed="8.15" length="5.00" nVehEntered="9"/>
    <interval begin="9000.00" end="9100.00" id="inductionLoop.S1" nVehContrib="11" flow="396.00" occupancy="15.64" speed="8.52" harmonicMeanSpeed="3.77" length="5.00" nVehEntered="13"/>
    <interval begin="9100.00" end="9200.00" id="inductionLoop.S1" nVehContrib="4" flow="144.00" occupancy="14.01" speed="6.19" harmonicMeanSpeed="1.47" length="5.00" nVehEntered="5"/>
    <interval begin="9200.00" end="9300.00" id="inductionLoop.S1" nVehContrib="9" flow="324.00" occupancy="4.33" speed="10.80" harmonicMeanSpeed="10.40" length="5.00" nVehEntered="9"/>
    <interval begin="9300.00" end="9400.00" id="inductionLoop.S1" nVehContrib="6" flow="216.00" occupancy="2.93" speed="11.41" harmonicMeanSpeed="11.26" length="5.00" nVehEntered="7"/>
    <interval begin="9400.00" end="9500.00" id="inductionLoop.S1" nVehContrib="9" flow="324.00" occupancy="13.25" speed="7.63" harmonicMeanSpeed="3.33" length="5.00" nVehEntered="8"/>
    <interval begin="9500.00" end="9600.00" id="inductionLoop.S1" nVehContrib="9" flow="324.00" occupancy="5.55" speed="9.08" harmonicMeanSpeed="8.38" length="5.00" nVehEntered="10"/>
    <interval begin="9600.00" end="9700.00" id="inductionLoop.S1" nVehContrib="7" flow="252.00" occupancy="9.87" speed="9.23" harmonicMeanSpeed="3.55" length="5.00" nVehEntered="7"/>
    <interval begin="9700.00" end="9800.00" id="inductionLoop.S1" nVehContrib="9" flow="324.00" occupancy="5.90" speed="8.75" harmonicMeanSpeed="7.62" length="5.00" nVehEntered="9"/>
    <interval begin="9800.00" end="9900.00" id="inductionLoop.S1" nVehContrib="10" flow="360.00" occupancy="11.68" speed="9.95" harmonicMeanSpeed="4.43" length="5.00" nVehEntered="11"/>
    <interval begin="9900.00" end="10000.00" id="inductionLoop.S1" nVehContrib="11" flow="396.00" occupancy="7.25" speed="9.79" harmonicMeanSpeed="7.58" length="5.00" nVehEntered="11"/>
    <interval begin="10000.00" end="10100.00" id="inductionLoop.S1" nVehContrib="12" flow="432.00" occupancy="5.88" speed="11.29" harmonicMeanSpeed="11.03" length="5.00" nVehEntered="14"/>
    <interval begin="10100.00" end="10200.00" id="inductionLoop.S1" nVehContrib="9" flow="324.00" occupancy="5.27" speed="10.57" harmonicMeanSpeed="8.53" length="5.00" nVehEntered="9"/>
    <interval begin="10200.00" end="10300.00" id="inductionLoop.S1" nVehContrib="13" flow="468.00" occupancy="13.18" speed="9.83" harmonicMeanSpeed="4.95" length="5.00" nVehEntered="14"/>
    <interval begin="10300.00" end="10400.00" id="inductionLoop.S1" nVehContrib="5" flow="180.00" occupancy="2.98" speed="10.14" harmonicMeanSpeed="8.38" length="5.00" nVehEntered="6"/>
    <interval begin="10400.00" end="10500.00" id="inductionLoop.S1" nVehContrib="3" flow="108.00" occupancy="1.23" speed="12.33" harmonicMeanSpeed="12.19" length="5.00" nVehEntered="3"/>
    <interval begin="10500.00" end="10600.00" id="inductionLoop.S1" nVehContrib="8" flow="288.00" occupancy="5.37" speed="10.84" harmonicMeanSpeed="9.47" length="5.00" nVehEntered="9"/>
    <interval begin="10600.00" end="10700.00" id="inductionLoop.S1" nVehContrib="8" flow="288.00" occupancy="16.52" speed="8.23" harmonicMeanSpeed="2.26" length="5.00" nVehEntered="7"/>
    <interval begin="10700.00" end="10800.00" id="inductionLoop.S1" nVehContrib="11" flow="396.00" occupancy="5.05" speed="11.38" harmonicMeanSpeed="10.90" length="5.00" nVehEntered="11"/>
    <interval begin="10800.00" end="10900.00" id="inductionLoop.S1" nVehContrib="8" flow="288.00" occupancy="5.62" speed="9.14" harmonicMeanSpeed="8.04" length="5.00" nVehEntered="11"/>
    <interval begin="10900.00" end="11000.00" id="inductionLoop.S1" nVehContrib="7" flow="252.00" occupancy="3.05" speed="11.91" harmonicMeanSpeed="11.77" length="5.00" nVehEntered="8"/>
    <interval begin="11000.00" end="11100.00" id="inductionLoop.S1" nVehContrib="9" flow="324.00" occupancy="4.54" speed="10.68" harmonicMeanSpeed="10.49" length="5.00" nVehEntered="10"/>
    <interval begin="11100.00" end="11200.00" id="inductionLoop.S1" nVehContrib="6" flow="216.00" occupancy="3.71" speed="9.90" harmonicMeanSpeed="8.09" length="5.00" nVehEntered="6"/>
    <interval begin="11200.00" end="11300.00" id="inductionLoop.S1" nVehContrib="7" flow="252.00" occupancy="4.02" speed="10.44" harmonicMeanSpeed="10.12" length="5.00" nVehEntered="9"/>
    <interval begin="11300.00" end="11400.00" id="inductionLoop.S1" nVehContrib="4" flow="144.00" occupancy="1.89" speed="12.31" harmonicMeanSpeed="12.09" length="5.00" nVehEntered="5"/>
    <interval begin="11400.00" end="11500.00" id="inductionLoop.S1" nVehContrib="5" flow="180.00" occupancy="2.15" speed="11.97" harmonicMeanSpeed="11.68" length="5.00" nVehEntered="6"/>
    <interval begin="11500.00" end="11600.00" id="inductionLoop.S1" nVehContrib="4" flow="144.00" occupancy="2.35" speed="10.91" harmonicMeanSpeed="10.37" length="5.00" nVehEntered="6"/>
    <interval begin="11600.00" end="11700.00" id="inductionLoop.S1" nVehContrib="5" flow="180.00" occupancy="1.88" speed="13.33" harmonicMeanSpeed="13.27" length="5.00" nVehEntered="5"/>
    <interval begin="11700.00" end="11800.00" id="inductionLoop.S1" nVehContrib="4" flow="144.00" occupancy="1.54" speed="13.05" harmonicMeanSpeed="13.02" length="5.00" nVehEntered="4"/>
    <interval begin="11800.00" end="11900.00" id="inductionLoop.S1" nVehContrib="5" flow="180.00" occupancy="2.84" speed="9.33" harmonicMeanSpeed="8.79" length="5.00" nVehEntered="5"/>
    <interval begin="11900.00" end="12000.00" id="inductionLoop.S1" nVehContrib="7" flow="252.00" occupancy="3.28" speed="10.91" harmonicMeanSpeed="10.67" length="5.00" nVehEntered="7"/>
    <interval begin="12000.00" end="12100.00" id="inductionLoop.S1" nVehContrib="5" flow="180.00" occupancy="2.03" speed="12.45" harmonicMeanSpeed="12.34" length="5.00" nVehEntered="5"/>
    <interval begin="12100.00" end="12200.00" id="inductionLoop.S1" nVehContrib="4" flow="144.00" occupancy="2.62" speed="11.78" harmonicMeanSpeed="11.65" length="5.00" nVehEntered="7"/>
    <interval begin="12200.00" end="12300.00" id="inductionLoop.S1" nVehContrib="5" flow="180.00" occupancy="2.73" speed="9.89" harmonicMeanSpeed="9.56" length="5.00" nVehEntered="6"/>
    <interval begin="12300.00" end="12400.00" id="inductionLoop.S1" nVehContrib="3" flow="108.00" occupancy="1.41" speed="12.03" harmonicMeanSpeed="11.97" length="5.00" nVehEntered="4"/>
    <interval begin="12400.00" end="12500.00" id="inductionLoop.S1" nVehContrib="8" flow="288.00" occupancy="11.51" speed="9.24" harmonicMeanSpeed="3.48" length="5.00" nVehEntered="8"/>
    <interval begin="12500.00" end="12600.00" id="inductionLoop.S1" nVehContrib="13" flow="468.00" occupancy="6.14" speed="11.01" harmonicMeanSpeed="10.69" length="5.00" nVehEntered="14"/>
    <interval begin="12600.00" end="12700.00" id="inductionLoop.S1" nVehContrib="6" flow="216.00" occupancy="2.77" speed="11.24" harmonicMeanSpeed="10.81" length="5.00" nVehEntered="6"/>
    <interval begin="12700.00" end="12800.00" id="inductionLoop.S1" nVehContrib="8" flow="288.00" occupancy="9.11" speed="11.84" harmonicMeanSpeed="11.52" length="5.00" nVehEntered="11"/>
    <interval begin="12800.00" end="12900.00" id="inductionLoop.S1" nVehContrib="7" flow="252.00" occupancy="10.63" speed="9.57" harmonicMeanSpeed="2.22" length="5.00" nVehEntered="6"/>
    <interval begin="12900.00" end="13000.00" id="inductionLoop.S1" nVehContrib="6" flow="216.00" occupancy="4.16" speed="9.26" harmonicMeanSpeed="8.34" length="5.00" nVehEntered="8"/>
    <interval begin="13000.00" end="13100.00" id="inductionLoop.S1" nVehContrib="2" flow="72.00" occupancy="0.65" speed="15.30" harmonicMeanSpeed="15.30" length="5.00" nVehEntered="2"/>
    <interval begin="13100.00" end="13200.00" id="inductionLoop.S1" nVehContrib="6" flow="216.00" occupancy="2.70" speed="11.28" harmonicMeanSpeed="11.11" length="5.00" nVehEntered="6"/>
    <interval begin="13200.00" end="13300.00" id="inductionLoop.S1" nVehContrib="5" flow="180.00" occupancy="2.97" speed="11.34" harmonicMeanSpeed="9.17" length="5.00" nVehEntered="6"/>
    <interval begin="13300.00" end="13400.00" id="inductionLoop.S1" nVehContrib="3" flow="108.00" occupancy="1.30" speed="11.62" harmonicMeanSpeed="11.56" length="5.00" nVehEntered="3"/>
    <interval begin="13400.00" end="13500.00" id="inductionLoop.S1" nVehContrib="5" flow="180.00" occupancy="2.94" speed="10.28" harmonicMeanSpeed="8.50" length="5.00" nVehEntered="5"/>
    <interval begin="13500.00" end="13600.00" id="inductionLoop.S1" nVehContrib="6" flow="216.00" occupancy="3.70" speed="9.42" harmonicMeanSpeed="8.18" length="5.00" nVehEntered="7"/>
    <interval begin="13600.00" end="13700.00" id="inductionLoop.S1" nVehContrib="2" flow="72.00" occupancy="1.40" speed="10.36" harmonicMeanSpeed="9.82" length="5.00" nVehEntered="4"/>
    <interval begin="13700.00" end="13800.00" id="inductionLoop.S1" nVehContrib="7" flow="252.00" occupancy="4.75" speed="10.29" harmonicMeanSpeed="9.17" length="5.00" nVehEntered="8"/>
    <interval begin="13800.00" end="13900.00" id="inductionLoop.S1" nVehContrib="4" flow="144.00" occupancy="1.69" speed="11.94" harmonicMeanSpeed="11.81" length="5.00" nVehEntered="4"/>
    <interval begin="13900.00" end="14000.00" id="inductionLoop.S1" nVehContrib="5" flow="180.00" occupancy="2.98" speed="10.29" harmonicMeanSpeed="8.40" length="5.00" nVehEntered="5"/>
    <interval begin="14000.00" end="14100.00" id="inductionLoop.S1" nVehContrib="5" flow="180.00" occupancy="2.08" speed="12.24" harmonicMeanSpeed="12.02" length="5.00" nVehEntered="5"/>
    <interval begin="14100.00" end="14200.00" id="inductionLoop.S1" nVehContrib="3" flow="108.00" occupancy="1.26" speed="11.94" harmonicMeanSpeed="11.92" length="5.00" nVehEntered="3"/>
    <interval begin="14200.00" end="14300.00" id="inductionLoop.S1" nVehContrib="11" flow="396.00" occupancy="5.73" speed="10.42" harmonicMeanSpeed="10.12" length="5.00" nVehEntered="12"/>
    <interval begin="14300.00" end="14400.00" id="inductionLoop.S1" nVehContrib="7" flow="252.00" occupancy="3.42" speed="11.57" harmonicMeanSpeed="11.34" length="5.00" nVehEntered="8"/>
    <interval begin="14400.00" end="14500.00" id="inductionLoop.S1" nVehContrib="4" flow="144.00" occupancy="1.72" speed="11.72" harmonicMeanSpeed="11.62" length="5.00" nVehEntered="4"/>
    <interval begin="14500.00" end="14600.00" id="inductionLoop.S1" nVehContrib="4" flow="144.00" occupancy="1.79" speed="12.29" harmonicMeanSpeed="12.14" length="5.00" nVehEntered="5"/>
    <interval begin="14600.00" end="14700.00" id="inductionLoop.S1" nVehContrib="5" flow="180.00" occupancy="2.75" speed="10.39" harmonicMeanSpeed="9.09" length="5.00" nVehEntered="5"/>
    <interval begin="14700.00" end="14800.00" id="inductionLoop.S1" nVehContrib="4" flow="144.00" occupancy="1.57" speed="13.01" harmonicMeanSpeed="12.76" length="5.00" nVehEntered="4"/>
    <interval begin="14800.00" end="14900.00" id="inductionLoop.S1" nVehContrib="8" flow="288.00" occupancy="3.57" speed="11.43" harmonicMeanSpeed="11.21" length="5.00" nVehEntered="8"/>
    <interval begin="14900.00" end="15000.00" id="inductionLoop.S1" nVehContrib="8" flow="288.00" occupancy="7.41" speed="8.12" harmonicMeanSpeed="5.40" length="5.00" nVehEntered="8"/>
    <interval begin="15000.00" end="15100.00" id="inductionLoop.S1" nVehContrib="7" flow="252.00" occupancy="3.50" speed="10.21" harmonicMeanSpeed="10.00" length="5.00" nVehEntered="7"/>
    <interval begin="15100.00" end="15200.00" id="inductionLoop.S1" nVehContrib="9" flow="324.00" occupancy="5.44" speed="10.09" harmonicMeanSpeed="8.28" length="5.00" nVehEntered="9"/>
    <interval begin="15200.00" end="15300.00" id="inductionLoop.S1" nVehContrib="8" flow="288.00" occupancy="4.91" speed="9.96" harmonicMeanSpeed="8.15" length="5.00" nVehEntered="8"/>
    <interval begin="15300.00" end="15400.00" id="inductionLoop.S1" nVehContrib="5" flow="180.00" occupancy="2.38" speed="10.89" harmonicMeanSpeed="10.49" length="5.00" nVehEntered="5"/>
    <interval begin="15400.00" end="15500.00" id="inductionLoop.S1" nVehContrib="8" flow="288.00" occupancy="3.41" speed="11.76" harmonicMeanSpeed="11.72" length="5.00" nVehEntered="8"/>
    <interval begin="15500.00" end="15600.00" id="inductionLoop.S1" nVehContrib="6" flow="216.00" occupancy="4.42" speed="10.31" harmonicMeanSpeed="9.94" length="5.00" nVehEntered="9"/>
    <interval begin="15600.00" end="15700.00" id="inductionLoop.S1" nVehContrib="6" flow="216.00" occupancy="3.67" speed="9.35" harmonicMeanSpeed="9.21" length="5.00" nVehEntered="7"/>
    <interval begin="15700.00" end="15800.00" id="inductionLoop.S1" nVehContrib="6" flow="216.00" occupancy="4.93" speed="8.42" harmonicMeanSpeed="6.45" length="5.00" nVehEntered="7"/>
    <interval begin="15800.00" end="15900.00" id="inductionLoop.S1" nVehContrib="5" flow="180.00" occupancy="7.37" speed="6.74" harmonicMeanSpeed="3.48" length="5.00" nVehEntered="6"/>
    <interval begin="15900.00" end="16000.00" id="inductionLoop.S1" nVehContrib="11" flow="396.00" occupancy="6.88" speed="10.54" harmonicMeanSpeed="7.99" length="5.00" nVehEntered="11"/>
    <interval begin="16000.00" end="16100.00" id="inductionLoop.S1" nVehContrib="10" flow="360.00" occupancy="6.26" speed="8.92" harmonicMeanSpeed="8.40" length="5.00" nVehEntered="11"/>
    <interval begin="16100.00" end="16200.00" id="inductionLoop.S1" nVehContrib="8" flow="288.00" occupancy="13.91" speed="6.35" harmonicMeanSpeed="3.81" length="5.00" nVehEntered="10"/>
    <interval begin="16200.00" end="16300.00" id="inductionLoop.S1" nVehContrib="7" flow="252.00" occupancy="4.29" speed="9.88" harmonicMeanSpeed="8.17" length="5.00" nVehEntered="7"/>
    <interval begin="16300.00" end="16400.00" id="inductionLoop.S1" nVehContrib="7" flow="252.00" occupancy="3.11" speed="11.44" harmonicMeanSpeed="11.24" length="5.00" nVehEntered="7"/>
    <interval begin="16400.00" end="16500.00" id="inductionLoop.S1" nVehContrib="7" flow="252.00" occupancy="4.79" speed="9.16" harmonicMeanSpeed="7.30" length="5.00" nVehEntered="7"/>
    <interval begin="16500.00" end="16600.00" id="inductionLoop.S1" nVehContrib="4" flow="144.00" occupancy="3.30" speed="8.27" harmonicMeanSpeed="7.15" length="5.00" nVehEntered="5"/>
    <interval begin="16600.00" end="16700.00" id="inductionLoop.S1" nVehContrib="6" flow="216.00" occupancy="12.12" speed="7.28" harmonicMeanSpeed="3.22" length="5.00" nVehEntered="7"/>
    <interval begin="16700.00" end="16800.00" id="inductionLoop.S1" nVehContrib="12" flow="432.00" occupancy="18.20" speed="7.48" harmonicMeanSpeed="3.39" length="5.00" nVehEntered="13"/>
    <interval begin="16800.00" end="16900.00" id="inductionLoop.S1" nVehContrib="10" flow="360.00" occupancy="7.63" speed="8.27" harmonicMeanSpeed="6.91" length="5.00" nVehEntered="11"/>
    <interval begin="16900.00" end="17000.00" id="inductionLoop.S1" nVehContrib="4" flow="144.00" occupancy="1.95" speed="10.55" harmonicMeanSpeed="10.25" length="5.00" nVehEntered="4"/>
    <interval begin="17000.00" end="17100.00" id="inductionLoop.S1" nVehContrib="6" flow="216.00" occupancy="3.18" speed="11.35" harmonicMeanSpeed="9.43" length="5.00" nVehEntered="6"/>
    <interval begin="17100.00" end="17200.00" id="inductionLoop.S1" nVehContrib="4" flow="144.00" occupancy="16.85" speed="7.83" harmonicMeanSpeed="5.90" length="5.00" nVehEntered="5"/>
    <interval begin="17200.00" end="17300.00" id="inductionLoop.S1" nVehContrib="8" flow="288.00" occupancy="20.38" speed="8.37" harmonicMeanSpeed="1.19" length="5.00" nVehEntered="8"/>
    <interval begin="17300.00" end="17400.00" id="inductionLoop.S1" nVehContrib="4" flow="144.00" occupancy="18.57" speed="8.44" harmonicMeanSpeed="6.42" length="5.00" nVehEntered="6"/>
    <interval begin="17400.00" end="17500.00" id="inductionLoop.S1" nVehContrib="4" flow="144.00" occupancy="20.62" speed="9.28" harmonicMeanSpeed="0.57" length="5.00" nVehEntered="4"/>
    <interval begin="17500.00" end="17600.00" id="inductionLoop.S1" nVehContrib="9" flow="324.00" occupancy="4.54" speed="11.48" harmonicMeanSpeed="11.20" length="5.00" nVehEntered="10"/>
    <interval begin="17600.00" end="17700.00" id="inductionLoop.S1" nVehContrib="9" flow="324.00" occupancy="23.24" speed="6.87" harmonicMeanSpeed="1.97" length="5.00" nVehEntered="10"/>
    <interval begin="17700.00" end="17800.00" id="inductionLoop.S1" nVehContrib="7" flow="252.00" occupancy="27.20" speed="7.13" harmonicMeanSpeed="1.29" length="5.00" nVehEntered="7"/>
    <interval begin="17800.00" end="17900.00" id="inductionLoop.S1" nVehContrib="4" flow="144.00" occupancy="1.59" speed="12.62" harmonicMeanSpeed="12.57" length="5.00" nVehEntered="4"/>
    <interval begin="17900.00" end="18000.00" id="inductionLoop.S1" nVehContrib="7" flow="252.00" occupancy="5.85" speed="9.01" harmonicMeanSpeed="5.98" length="5.00" nVehEntered="7"/>
    <interval begin="18000.00" end="18100.00" id="inductionLoop.S1" nVehContrib="3" flow="108.00" occupancy="5.89" speed="8.47" harmonicMeanSpeed="5.42" length="5.00" nVehEntered="4"/>
    <interval begin="18100.00" end="18200.00" id="inductionLoop.S1" nVehContrib="8" flow="288.00" occupancy="19.48" speed="6.18" harmonicMeanSpeed="1.83" length="5.00" nVehEntered="8"/>
    <interval begin="18200.00" end="18300.00" id="inductionLoop.S1" nVehContrib="8" flow="288.00" occupancy="4.00" speed="10.28" harmonicMeanSpeed="10.01" length="5.00" nVehEntered="8"/>
    <interval begin="18300.00" end="18400.00" id="inductionLoop.S1" nVehContrib="10" flow="360.00" occupancy="10.91" speed="8.61" harmonicMeanSpeed="4.58" length="5.00" nVehEntered="10"/>
    <interval begin="18400.00" end="18500.00" id="inductionLoop.S1" nVehContrib="5" flow="180.00" occupancy="2.14" speed="11.84" harmonicMeanSpeed="11.70" length="5.00" nVehEntered="5"/>
    <interval begin="18500.00" end="18600.00" id="inductionLoop.S1" nVehContrib="6" flow="216.00" occupancy="24.68" speed="6.96" harmonicMeanSpeed="1.22" length="5.00" nVehEntered="6"/>
    <interval begin="18600.00" end="18700.00" id="inductionLoop.S1" nVehContrib="4" flow="144.00" occupancy="1.77" speed="11.53" harmonicMeanSpeed="11.31" length="5.00" nVehEntered="4"/>
    <interval begin="18700.00" end="18800.00" id="inductionLoop.S1" nVehContrib="12" flow="432.00" occupancy="16.07" speed="7.27" harmonicMeanSpeed="3.90" length="5.00" nVehEntered="13"/>
    <interval begin="18800.00" end="18900.00" id="inductionLoop.S1" nVehContrib="9" flow="324.00" occupancy="33.16" speed="6.96" harmonicMeanSpeed="1.36" length="5.00" nVehEntered="9"/>
    <interval begin="18900.00" end="19000.00" id="inductionLoop.S1" nVehContrib="7" flow="252.00" occupancy="38.30" speed="7.03" harmonicMeanSpeed="1.31" length="5.00" nVehEntered="8"/>
    <interval begin="19000.00" end="19100.00" id="inductionLoop.S1" nVehContrib="5" flow="180.00" occupancy="88.67" speed="3.45" harmonicMeanSpeed="0.30" length="5.00" nVehEntered="5"/>
    <interval begin="19100.00" end="19200.00" id="inductionLoop.S1" nVehContrib="5" flow="180.00" occupancy="52.81" speed="6.84" harmonicMeanSpeed="0.36" length="5.00" nVehEntered="4"/>
    <interval begin="19200.00" end="19300.00" id="inductionLoop.S1" nVehContrib="10" flow="360.00" occupancy="3.96" speed="12.78" harmonicMeanSpeed="12.64" length="5.00" nVehEntered="10"/>
    <interval begin="19300.00" end="19400.00" id="inductionLoop.S1" nVehContrib="7" flow="252.00" occupancy="4.19" speed="11.21" harmonicMeanSpeed="9.01" length="5.00" nVehEntered="8"/>
    <interval begin="19400.00" end="19500.00" id="inductionLoop.S1" nVehContrib="11" flow="396.00" occupancy="11.29" speed="6.14" harmonicMeanSpeed="4.92" length="5.00" nVehEntered="12"/>
    <interval begin="19500.00" end="19600.00" id="inductionLoop.S1" nVehContrib="5" flow="180.00" occupancy="58.97" speed="5.27" harmonicMeanSpeed="0.71" length="5.00" nVehEntered="8"/>
    <interval begin="19600.00" end="19700.00" id="inductionLoop.S1" nVehContrib="12" flow="432.00" occupancy="41.35" speed="5.54" harmonicMeanSpeed="1.03" length="5.00" nVehEntered="12"/>
    <interval begin="19700.00" end="19800.00" id="inductionLoop.S1" nVehContrib="7" flow="252.00" occupancy="44.87" speed="7.06" harmonicMeanSpeed="0.73" length="5.00" nVehEntered="8"/>
    <interval begin="19800.00" end="19900.00" id="inductionLoop.S1" nVehContrib="7" flow="252.00" occupancy="37.95" speed="6.55" harmonicMeanSpeed="1.30" length="5.00" nVehEntered="10"/>
    <interval begin="19900.00" end="20000.00" id="inductionLoop.S1" nVehContrib="6" flow="216.00" occupancy="86.68" speed="1.48" harmonicMeanSpeed="0.36" length="5.00" nVehEntered="6"/>
    <interval begin="20000.00" end="20100.00" id="inductionLoop.S1" nVehContrib="11" flow="396.00" occupancy="40.63" speed="7.24" harmonicMeanSpeed="1.04" length="5.00" nVehEntered="11"/>
    <interval begin="20100.00" end="20200.00" id="inductionLoop.S1" nVehContrib="9" flow="324.00" occupancy="13.83" speed="8.31" harmonicMeanSpeed="3.25" length="5.00" nVehEntered="9"/>
    <interval begin="20200.00" end="20300.00" id="inductionLoop.S1" nVehContrib="3" flow="108.00" occupancy="87.26" speed="1.40" harmonicMeanSpeed="0.30" length="5.00" nVehEntered="4"/>
    <interval begin="20300.00" end="20400.00" id="inductionLoop.S1" nVehContrib="11" flow="396.00" occupancy="20.85" speed="5.58" harmonicMeanSpeed="1.01" length="5.00" nVehEntered="13"/>
    <interval begin="20400.00" end="20500.00" id="inductionLoop.S1" nVehContrib="5" flow="180.00" occupancy="84.76" speed="2.41" harmonicMeanSpeed="0.33" length="5.00" nVehEntered="6"/>
    <interval begin="20500.00" end="20600.00" id="inductionLoop.S1" nVehContrib="8" flow="288.00" occupancy="84.57" speed="2.46" harmonicMeanSpeed="0.44" length="5.00" nVehEntered="7"/>
    <interval begin="20600.00" end="20700.00" id="inductionLoop.S1" nVehContrib="8" flow="288.00" occupancy="67.59" speed="5.11" harmonicMeanSpeed="0.84" length="5.00" nVehEntered="10"/>
    <interval begin="20700.00" end="20800.00" id="inductionLoop.S1" nVehContrib="3" flow="108.00" occupancy="93.82" speed="2.99" harmonicMeanSpeed="0.36" length="5.00" nVehEntered="3"/>
    <interval begin="20800.00" end="20900.00" id="inductionLoop.S1" nVehContrib="8" flow="288.00" occupancy="85.31" speed="5.19" harmonicMeanSpeed="0.35" length="5.00" nVehEntered="8"/>
    <interval begin="20900.00" end="21000.00" id="inductionLoop.S1" nVehContrib="10" flow="360.00" occupancy="80.59" speed="4.10" harmonicMeanSpeed="0.41" length="5.00" nVehEntered="10"/>
    <interval begin="21000.00" end="21100.00" id="inductionLoop.S1" nVehContrib="9" flow="324.00" occupancy="82.80" speed="4.59" harmonicMeanSpeed="0.73" length="5.00" nVehEntered="9"/>
    <interval begin="21100.00" end="21200.00" id="inductionLoop.S1" nVehContrib="9" flow="324.00" occupancy="82.45" speed="2.99" harmonicMeanSpeed="0.43" length="5.00" nVehEntered="8"/>
    <interval begin="21200.00" end="21300.00" id="inductionLoop.S1" nVehContrib="7" flow="252.00" occupancy="84.03" speed="3.13" harmonicMeanSpeed="0.42" length="5.00" nVehEntered="7"/>
    <interval begin="21300.00" end="21400.00" id="inductionLoop.S1" nVehContrib="5" flow="180.00" occupancy="89.26" speed="3.59" harmonicMeanSpeed="0.42" length="5.00" nVehEntered="6"/>
    <interval begin="21400.00" end="21500.00" id="inductionLoop.S1" nVehContrib="10" flow="360.00" occupancy="81.14" speed="3.44" harmonicMeanSpeed="0.45" length="5.00" nVehEntered="9"/>
    <interval begin="21500.00" end="21600.00" id="inductionLoop.S1" nVehContrib="10" flow="360.00" occupancy="76.97" speed="4.80" harmonicMeanSpeed="0.70" length="5.00" nVehEntered="11"/>
    <interval begin="21600.00" end="21700.00" id="inductionLoop.S1" nVehContrib="6" flow="216.00" occupancy="86.18" speed="1.94" harmonicMeanSpeed="0.34" length="5.00" nVehEntered="6"/>
    <interval begin="21700.00" end="21800.00" id="inductionLoop.S1" nVehContrib="4" flow="144.00" occupancy="91.56" speed="1.08" harmonicMeanSpeed="0.33" length="5.00" nVehEntered="4"/>
    <interval begin="21800.00" end="21900.00" id="inductionLoop.S1" nVehContrib="9" flow="324.00" occupancy="82.13" speed="3.38" harmonicMeanSpeed="0.40" length="5.00" nVehEntered="9"/>
    <interval begin="21900.00" end="22000.00" id="inductionLoop.S1" nVehContrib="9" flow="324.00" occupancy="82.48" speed="4.73" harmonicMeanSpeed="0.58" length="5.00" nVehEntered="9"/>
    <interval begin="22000.00" end="22100.00" id="inductionLoop.S1" nVehContrib="7" flow="252.00" occupancy="86.72" speed="3.64" harmonicMeanSpeed="0.57" length="5.00" nVehEntered="7"/>
    <interval begin="22100.00" end="22200.00" id="inductionLoop.S1" nVehContrib="11" flow="396.00" occupancy="80.51" speed="6.90" harmonicMeanSpeed="0.64" length="5.00" nVehEntered="11"/>
    <interval begin="22200.00" end="22300.00" id="inductionLoop.S1" nVehContrib="13" flow="468.00" occupancy="77.57" speed="5.70" harmonicMeanSpeed="0.83" length="5.00" nVehEntered="13"/>
    <interval begin="22300.00" end="22400.00" id="inductionLoop.S1" nVehContrib="6" flow="216.00" occupancy="89.59" speed="4.95" harmonicMeanSpeed="0.43" length="5.00" nVehEntered="6"/>
    <interval begin="22400.00" end="22500.00" id="inductionLoop.S1" nVehContrib="13" flow="468.00" occupancy="76.54" speed="5.27" harmonicMeanSpeed="0.52" length="5.00" nVehEntered="12"/>
    <interval begin="22500.00" end="22600.00" id="inductionLoop.S1" nVehContrib="5" flow="180.00" occupancy="88.93" speed="5.25" harmonicMeanSpeed="0.34" length="5.00" nVehEntered="6"/>
    <interval begin="22600.00" end="22700.00" id="inductionLoop.S1" nVehContrib="7" flow="252.00" occupancy="86.04" speed="3.71" harmonicMeanSpeed="0.43" length="5.00" nVehEntered="7"/>
    <interval begin="22700.00" end="22800.00" id="inductionLoop.S1" nVehContrib="7" flow="252.00" occupancy="86.13" speed="2.46" harmonicMeanSpeed="0.33" length="5.00" nVehEntered="6"/>
    <interval begin="22800.00" end="22900.00" id="inductionLoop.S1" nVehContrib="12" flow="432.00" occupancy="77.05" speed="5.05" harmonicMeanSpeed="0.78" length="5.00" nVehEntered="13"/>
    <interval begin="22900.00" end="23000.00" id="inductionLoop.S1" nVehContrib="8" flow="288.00" occupancy="83.98" speed="5.09" harmonicMeanSpeed="0.69" length="5.00" nVehEntered="8"/>
    <interval begin="23000.00" end="23100.00" id="inductionLoop.S1" nVehContrib="9" flow="324.00" occupancy="78.67" speed="5.05" harmonicMeanSpeed="0.54" length="5.00" nVehEntered="10"/>
    <interval begin="23100.00" end="23200.00" id="inductionLoop.S1" nVehContrib="7" flow="252.00" occupancy="86.81" speed="3.97" harmonicMeanSpeed="0.59" length="5.00" nVehEntered="7"/>
    <interval begin="23200.00" end="23300.00" id="inductionLoop.S1" nVehContrib="9" flow="324.00" occupancy="85.04" speed="4.85" harmonicMeanSpeed="0.35" length="5.00" nVehEntered="8"/>
    <interval begin="23300.00" end="23400.00" id="inductionLoop.S1" nVehContrib="9" flow="324.00" occupancy="82.21" speed="5.61" harmonicMeanSpeed="0.57" length="5.00" nVehEntered="10"/>
    <interval begin="23400.00" end="23500.00" id="inductionLoop.S1" nVehContrib="1" flow="36.00" occupancy="97.24" speed="0.05" harmonicMeanSpeed="0.05" length="5.00" nVehEntered="1"/>
    <interval begin="23500.00" end="23600.00" id="inductionLoop.S1" nVehContrib="6" flow="216.00" occupancy="88.21" speed="4.13" harmonicMeanSpeed="0.43" length="5.00" nVehEntered="6"/>
    <interval begin="23600.00" end="23700.00" id="inductionLoop.S1" nVehContrib="13" flow="468.00" occupancy="77.07" speed="5.63" harmonicMeanSpeed="1.06" length="5.00" nVehEntered="13"/>
    <interval begin="23700.00" end="23800.00" id="inductionLoop.S1" nVehContrib="15" flow="540.00" occupancy="75.83" speed="9.45" harmonicMeanSpeed="1.21" length="5.00" nVehEntered="15"/>
    <interval begin="23800.00" end="23900.00" id="inductionLoop.S1" nVehContrib="9" flow="324.00" occupancy="82.13" speed="3.34" harmonicMeanSpeed="0.35" length="5.00" nVehEntered="9"/>
    <interval begin="23900.00" end="24000.00" id="inductionLoop.S1" nVehContrib="7" flow="252.00" occupancy="87.74" speed="5.85" harmonicMeanSpeed="0.54" length="5.00" nVehEntered="7"/>
    <interval begin="24000.00" end="24100.00" id="inductionLoop.S1" nVehContrib="7" flow="252.00" occupancy="85.76" speed="2.77" harmonicMeanSpeed="0.33" length="5.00" nVehEntered="7"/>
    <interval begin="24100.00" end="24200.00" id="inductionLoop.S1" nVehContrib="9" flow="324.00" occupancy="83.20" speed="4.93" harmonicMeanSpeed="0.67" length="5.00" nVehEntered="9"/>
    <interval begin="24200.00" end="24300.00" id="inductionLoop.S1" nVehContrib="8" flow="288.00" occupancy="84.62" speed="6.66" harmonicMeanSpeed="0.71" length="5.00" nVehEntered="8"/>
    <interval begin="24300.00" end="24400.00" id="inductionLoop.S1" nVehContrib="13" flow="468.00" occupancy="76.15" speed="4.87" harmonicMeanSpeed="0.64" length="5.00" nVehEntered="13"/>
    <interval begin="24400.00" end="24500.00" id="inductionLoop.S1" nVehContrib="9" flow="324.00" occupancy="83.36" speed="3.95" harmonicMeanSpeed="0.42" length="5.00" nVehEntered="8"/>
    <interval begin="24500.00" end="24600.00" id="inductionLoop.S1" nVehContrib="7" flow="252.00" occupancy="32.36" speed="6.31" harmonicMeanSpeed="1.84" length="5.00" nVehEntered="8"/>
    <interval begin="24600.00" end="24700.00" id="inductionLoop.S1" nVehContrib="2" flow="72.00" occupancy="30.35" speed="11.24" harmonicMeanSpeed="10.85" length="5.00" nVehEntered="4"/>
    <interval begin="24700.00" end="24800.00" id="inductionLoop.S1" nVehContrib="12" flow="432.00" occupancy="65.46" speed="4.73" harmonicMeanSpeed="0.63" length="5.00" nVehEntered="11"/>
    <interval begin="24800.00" end="24900.00" id="inductionLoop.S1" nVehContrib="7" flow="252.00" occupancy="85.74" speed="5.46" harmonicMeanSpeed="0.41" length="5.00" nVehEntered="7"/>
    <interval begin="24900.00" end="25000.00" id="inductionLoop.S1" nVehContrib="9" flow="324.00" occupancy="82.64" speed="3.03" harmonicMeanSpeed="0.64" length="5.00" nVehEntered="10"/>
    <interval begin="25000.00" end="25100.00" id="inductionLoop.S1" nVehContrib="5" flow="180.00" occupancy="88.62" speed="1.67" harmonicMeanSpeed="0.36" length="5.00" nVehEntered="5"/>
    <interval begin="25100.00" end="25200.00" id="inductionLoop.S1" nVehContrib="8" flow="288.00" occupancy="84.05" speed="3.58" harmonicMeanSpeed="0.35" length="5.00" nVehEntered="8"/>
    <interval begin="25200.00" end="25300.00" id="inductionLoop.S1" nVehContrib="10" flow="360.00" occupancy="80.33" speed="3.77" harmonicMeanSpeed="0.60" length="5.00" nVehEntered="10"/>
    <interval begin="25300.00" end="25400.00" id="inductionLoop.S1" nVehContrib="11" flow="396.00" occupancy="81.07" speed="6.68" harmonicMeanSpeed="0.75" length="5.00" nVehEntered="11"/>
    <interval begin="25400.00" end="25500.00" id="inductionLoop.S1" nVehContrib="6" flow="216.00" occupancy="89.01" speed="3.19" harmonicMeanSpeed="0.31" length="5.00" nVehEntered="5"/>
    <interval begin="25500.00" end="25600.00" id="inductionLoop.S1" nVehContrib="7" flow="252.00" occupancy="86.79" speed="5.64" harmonicMeanSpeed="0.91" length="5.00" nVehEntered="8"/>
    <interval begin="25600.00" end="25700.00" id="inductionLoop.S1" nVehContrib="5" flow="180.00" occupancy="88.68" speed="1.77" harmonicMeanSpeed="0.19" length="5.00" nVehEntered="5"/>
    <interval begin="25700.00" end="25800.00" id="inductionLoop.S1" nVehContrib="8" flow="288.00" occupancy="86.02" speed="5.11" harmonicMeanSpeed="0.47" length="5.00" nVehEntered="8"/>
    <interval begin="25800.00" end="25900.00" id="inductionLoop.S1" nVehContrib="11" flow="396.00" occupancy="80.86" speed="7.14" harmonicMeanSpeed="1.17" length="5.00" nVehEntered="11"/>
    <interval begin="25900.00" end="26000.00" id="inductionLoop.S1" nVehContrib="14" flow="504.00" occupancy="74.96" speed="5.87" harmonicMeanSpeed="0.83" length="5.00" nVehEntered="14"/>
    <interval begin="26000.00" end="26100.00" id="inductionLoop.S1" nVehContrib="8" flow="288.00" occupancy="85.64" speed="5.14" harmonicMeanSpeed="0.52" length="5.00" nVehEntered="8"/>
    <interval begin="26100.00" end="26200.00" id="inductionLoop.S1" nVehContrib="5" flow="180.00" occupancy="77.75" speed="5.09" harmonicMeanSpeed="0.41" length="5.00" nVehEntered="5"/>
    <interval begin="26200.00" end="26300.00" id="inductionLoop.S1" nVehContrib="5" flow="180.00" occupancy="90.83" speed="4.94" harmonicMeanSpeed="0.35" length="5.00" nVehEntered="5"/>
    <interval begin="26300.00" end="26400.00" id="inductionLoop.S1" nVehContrib="7" flow="252.00" occupancy="86.64" speed="3.80" harmonicMeanSpeed="0.27" length="5.00" nVehEntered="7"/>
    <interval begin="26400.00" end="26500.00" id="inductionLoop.S1" nVehContrib="11" flow="396.00" occupancy="79.12" speed="4.38" harmonicMeanSpeed="0.64" length="5.00" nVehEntered="11"/>
    <interval begin="26500.00" end="26600.00" id="inductionLoop.S1" nVehContrib="12" flow="432.00" occupancy="76.54" speed="4.44" harmonicMeanSpeed="0.60" length="5.00" nVehEntered="12"/>
    <interval begin="26600.00" end="26700.00" id="inductionLoop.S1" nVehContrib="1" flow="36.00" occupancy="97.54" speed="0.24" harmonicMeanSpeed="0.24" length="5.00" nVehEntered="1"/>
    <interval begin="26700.00" end="26800.00" id="inductionLoop.S1" nVehContrib="12" flow="432.00" occupancy="77.94" speed="4.39" harmonicMeanSpeed="0.44" length="5.00" nVehEntered="12"/>
    <interval begin="26800.00" end="26900.00" id="inductionLoop.S1" nVehContrib="9" flow="324.00" occupancy="82.72" speed="5.02" harmonicMeanSpeed="0.45" length="5.00" nVehEntered="9"/>
    <interval begin="26900.00" end="27000.00" id="inductionLoop.S1" nVehContrib="8" flow="288.00" occupancy="85.83" speed="5.26" harmonicMeanSpeed="0.45" length="5.00" nVehEntered="8"/>
    <interval begin="27000.00" end="27100.00" id="inductionLoop.S1" nVehContrib="7" flow="252.00" occupancy="87.85" speed="5.04" harmonicMeanSpeed="0.42" length="5.00" nVehEntered="7"/>
    <interval begin="27100.00" end="27200.00" id="inductionLoop.S1" nVehContrib="5" flow="180.00" occupancy="89.88" speed="3.18" harmonicMeanSpeed="0.29" length="5.00" nVehEntered="5"/>
    <interval begin="27200.00" end="27300.00" id="inductionLoop.S1" nVehContrib="3" flow="108.00" occupancy="93.56" speed="1.28" harmonicMeanSpeed="0.23" length="5.00" nVehEntered="3"/>
    <interval begin="27300.00" end="27400.00" id="inductionLoop.S1" nVehContrib="11" flow="396.00" occupancy="77.83" speed="3.32" harmonicMeanSpeed="0.47" length="5.00" nVehEntered="11"/>
    <interval begin="27400.00" end="27500.00" id="inductionLoop.S1" nVehContrib="10" flow="360.00" occupancy="81.13" speed="4.93" harmonicMeanSpeed="0.66" length="5.00" nVehEntered="10"/>
    <interval begin="27500.00" end="27600.00" id="inductionLoop.S1" nVehContrib="10" flow="360.00" occupancy="81.98" speed="4.86" harmonicMeanSpeed="0.70" length="5.00" nVehEntered="10"/>
    <interval begin="27600.00" end="27700.00" id="inductionLoop.S1" nVehContrib="16" flow="576.00" occupancy="70.98" speed="5.29" harmonicMeanSpeed="1.10" length="5.00" nVehEntered="16"/>
    <interval begin="27700.00" end="27800.00" id="inductionLoop.S1" nVehContrib="12" flow="432.00" occupancy="76.39" speed="5.83" harmonicMeanSpeed="0.75" length="5.00" nVehEntered="12"/>
    <interval begin="27800.00" end="27900.00" id="inductionLoop.S1" nVehContrib="10" flow="360.00" occupancy="82.66" speed="5.41" harmonicMeanSpeed="0.54" length="5.00" nVehEntered="9"/>
    <interval begin="27900.00" end="28000.00" id="inductionLoop.S1" nVehContrib="15" flow="540.00" occupancy="74.37" speed="6.00" harmonicMeanSpeed="1.01" length="5.00" nVehEntered="15"/>
    <interval begin="28000.00" end="28100.00" id="inductionLoop.S1" nVehContrib="15" flow="540.00" occupancy="73.87" speed="7.18" harmonicMeanSpeed="1.07" length="5.00" nVehEntered="16"/>
    <interval begin="28100.00" end="28200.00" id="inductionLoop.S1" nVehContrib="6" flow="216.00" occupancy="87.02" speed="2.24" harmonicMeanSpeed="0.52" length="5.00" nVehEntered="6"/>
    <interval begin="28200.00" end="28300.00" id="inductionLoop.S1" nVehContrib="14" flow="504.00" occupancy="68.97" speed="4.19" harmonicMeanSpeed="0.69" length="5.00" nVehEntered="13"/>
    <interval begin="28300.00" end="28400.00" id="inductionLoop.S1" nVehContrib="11" flow="396.00" occupancy="79.82" speed="4.86" harmonicMeanSpeed="0.91" length="5.00" nVehEntered="12"/>
    <interval begin="28400.00" end="28500.00" id="inductionLoop.S1" nVehContrib="20" flow="720.00" occupancy="65.03" speed="9.85" harmonicMeanSpeed="1.43" length="5.00" nVehEntered="20"/>
    <interval begin="28500.00" end="28600.00" id="inductionLoop.S1" nVehContrib="10" flow="360.00" occupancy="72.14" speed="4.27" harmonicMeanSpeed="0.57" length="5.00" nVehEntered="9"/>
    <interval begin="28600.00" end="28700.00" id="inductionLoop.S1" nVehContrib="1" flow="36.00" occupancy="5.09" speed="1.59" harmonicMeanSpeed="1.59" length="5.00" nVehEntered="2"/>
    <interval begin="28700.00" end="28800.00" id="inductionLoop.S1" nVehContrib="30" flow="1080.00" occupancy="48.64" speed="7.98" harmonicMeanSpeed="3.53" length="5.00" nVehEntered="30"/>
    <interval begin="28800.00" end="28900.00" id="inductionLoop.S1" nVehContrib="11" flow="396.00" occupancy="67.33" speed="4.55" harmonicMeanSpeed="0.73" length="5.00" nVehEntered="10"/>
    <interval begin="28900.00" end="29000.00" id="inductionLoop.S1" nVehContrib="4" flow="144.00" occupancy="93.75" speed="4.02" harmonicMeanSpeed="0.21" length="5.00" nVehEntered="4"/>
    <interval begin="29000.00" end="29100.00" id="inductionLoop.S1" nVehContrib="24" flow="864.00" occupancy="43.68" speed="8.28" harmonicMeanSpeed="3.76" length="5.00" nVehEntered="25"/>
    <interval begin="29100.00" end="29200.00" id="inductionLoop.S1" nVehContrib="11" flow="396.00" occupancy="71.81" speed="4.02" harmonicMeanSpeed="0.71" length="5.00" nVehEntered="11"/>
    <interval begin="29200.00" end="29300.00" id="inductionLoop.S1" nVehContrib="12" flow="432.00" occupancy="77.97" speed="5.08" harmonicMeanSpeed="0.71" length="5.00" nVehEntered="11"/>
    <interval begin="29300.00" end="29400.00" id="inductionLoop.S1" nVehContrib="5" flow="180.00" occupancy="88.07" speed="4.17" harmonicMeanSpeed="0.90" length="5.00" nVehEntered="6"/>
    <interval begin="29400.00" end="29500.00" id="inductionLoop.S1" nVehContrib="17" flow="612.00" occupancy="56.80" speed="6.20" harmonicMeanSpeed="0.74" length="5.00" nVehEntered="17"/>
    <interval begin="29500.00" end="29600.00" id="inductionLoop.S1" nVehContrib="13" flow="468.00" occupancy="79.01" speed="8.34" harmonicMeanSpeed="0.98" length="5.00" nVehEntered="13"/>
    <interval begin="29600.00" end="29700.00" id="inductionLoop.S1" nVehContrib="6" flow="216.00" occupancy="64.46" speed="4.49" harmonicMeanSpeed="0.51" length="5.00" nVehEntered="6"/>
    <interval begin="29700.00" end="29800.00" id="inductionLoop.S1" nVehContrib="14" flow="504.00" occupancy="76.59" speed="7.70" harmonicMeanSpeed="0.75" length="5.00" nVehEntered="14"/>
    <interval begin="29800.00" end="29900.00" id="inductionLoop.S1" nVehContrib="1" flow="36.00" occupancy="97.76" speed="0.13" harmonicMeanSpeed="0.13" length="5.00" nVehEntered="1"/>
    <interval begin="29900.00" end="30000.00" id="inductionLoop.S1" nVehContrib="10" flow="360.00" occupancy="74.82" speed="5.95" harmonicMeanSpeed="0.37" length="5.00" nVehEntered="10"/>
    <interval begin="30000.00" end="30100.00" id="inductionLoop.S1" nVehContrib="12" flow="432.00" occupancy="17.37" speed="7.88" harmonicMeanSpeed="3.39" length="5.00" nVehEntered="11"/>
    <interval begin="30100.00" end="30200.00" id="inductionLoop.S1" nVehContrib="10" flow="360.00" occupancy="9.14" speed="9.13" harmonicMeanSpeed="5.50" length="5.00" nVehEntered="11"/>
    <interval begin="30200.00" end="30300.00" id="inductionLoop.S1" nVehContrib="7" flow="252.00" occupancy="18.92" speed="9.38" harmonicMeanSpeed="3.24" length="5.00" nVehEntered="8"/>
    <interval begin="30300.00" end="30400.00" id="inductionLoop.S1" nVehContrib="11" flow="396.00" occupancy="22.17" speed="8.78" harmonicMeanSpeed="1.82" length="5.00" nVehEntered="10"/>
    <interval begin="30400.00" end="30500.00" id="inductionLoop.S1" nVehContrib="4" flow="144.00" occupancy="1.88" speed="11.23" harmonicMeanSpeed="11.00" length="5.00" nVehEntered="5"/>
    <interval begin="30500.00" end="30600.00" id="inductionLoop.S1" nVehContrib="7" flow="252.00" occupancy="4.78" speed="8.73" harmonicMeanSpeed="7.32" length="5.00" nVehEntered="7"/>
    <interval begin="30600.00" end="30700.00" id="inductionLoop.S1" nVehContrib="5" flow="180.00" occupancy="2.48" speed="10.36" harmonicMeanSpeed="10.09" length="5.00" nVehEntered="5"/>
    <interval begin="30700.00" end="30800.00" id="inductionLoop.S1" nVehContrib="0" flow="0.00" occupancy="0.00" speed="-1.00" harmonicMeanSpeed="-1.00" length="-1.00" nVehEntered="0"/>
    <interval begin="30800.00" end="30900.00" id="inductionLoop.S1" nVehContrib="0" flow="0.00" occupancy="0.00" speed="-1.00" harmonicMeanSpeed="-1.00" length="-1.00" nVehEntered="0"/>
    <interval begin="30900.00" end="31000.00" id="inductionLoop.S1" nVehContrib="3" flow="108.00" occupancy="1.25" speed="12.15" harmonicMeanSpeed="12.04" length="5.00" nVehEntered="3"/>
    <interval begin="31000.00" end="31100.00" id="inductionLoop.S1" nVehContrib="6" flow="216.00" occupancy="8.15" speed="7.49" harmonicMeanSpeed="4.48" length="5.00" nVehEntered="8"/>
    <interval begin="31100.00" end="31200.00" id="inductionLoop.S1" nVehContrib="6" flow="216.00" occupancy="71.50" speed="8.43" harmonicMeanSpeed="0.87" length="5.00" nVehEntered="8"/>
    <interval begin="31200.00" end="31300.00" id="inductionLoop.S1" nVehContrib="10" flow="360.00" occupancy="44.02" speed="6.52" harmonicMeanSpeed="0.94" length="5.00" nVehEntered="11"/>
    <interval begin="31300.00" end="31400.00" id="inductionLoop.S1" nVehContrib="18" flow="648.00" occupancy="30.31" speed="8.48" harmonicMeanSpeed="1.56" length="5.00" nVehEntered="17"/>
    <interval begin="31400.00" end="31500.00" id="inductionLoop.S1" nVehContrib="11" flow="396.00" occupancy="31.19" speed="7.19" harmonicMeanSpeed="1.76" length="5.00" nVehEntered="11"/>
    <interval begin="31500.00" end="31600.00" id="inductionLoop.S1" nVehContrib="8" flow="288.00" occupancy="51.98" speed="5.16" harmonicMeanSpeed="0.77" length="5.00" nVehEntered="8"/>
    <interval begin="31600.00" end="31700.00" id="inductionLoop.S1" nVehContrib="8" flow="288.00" occupancy="5.84" speed="9.22" harmonicMeanSpeed="7.48" length="5.00" nVehEntered="10"/>
    <interval begin="31700.00" end="31800.00" id="inductionLoop.S1" nVehContrib="9" flow="324.00" occupancy="4.89" speed="10.79" harmonicMeanSpeed="10.45" length="5.00" nVehEntered="10"/>
    <interval begin="31800.00" end="31900.00" id="inductionLoop.S1" nVehContrib="4" flow="144.00" occupancy="2.35" speed="10.22" harmonicMeanSpeed="9.74" length="5.00" nVehEntered="5"/>
    <interval begin="31900.00" end="32000.00" id="inductionLoop.S1" nVehContrib="8" flow="288.00" occupancy="4.93" speed="9.11" harmonicMeanSpeed="8.91" length="5.00" nVehEntered="9"/>
    <interval begin="32000.00" end="32100.00" id="inductionLoop.S1" nVehContrib="5" flow="180.00" occupancy="9.79" speed="8.05" harmonicMeanSpeed="3.07" length="5.00" nVehEntered="7"/>
    <interval begin="32100.00" end="32200.00" id="inductionLoop.S1" nVehContrib="6" flow="216.00" occupancy="4.02" speed="9.62" harmonicMeanSpeed="7.57" length="5.00" nVehEntered="7"/>
    <interval begin="32200.00" end="32300.00" id="inductionLoop.S1" nVehContrib="4" flow="144.00" occupancy="2.76" speed="9.98" harmonicMeanSpeed="7.78" length="5.00" nVehEntered="5"/>
    <interval begin="32300.00" end="32400.00" id="inductionLoop.S1" nVehContrib="4" flow="144.00" occupancy="8.77" speed="6.84" harmonicMeanSpeed="2.36" length="5.00" nVehEntered="5"/>
    <interval begin="32400.00" end="32500.00" id="inductionLoop.S1" nVehContrib="7" flow="252.00" occupancy="14.42" speed="11.61" harmonicMeanSpeed="11.22" length="5.00" nVehEntered="9"/>
    <interval begin="32500.00" end="32600.00" id="inductionLoop.S1" nVehContrib="11" flow="396.00" occupancy="47.66" speed="4.54" harmonicMeanSpeed="1.35" length="5.00" nVehEntered="12"/>
    <interval begin="32600.00" end="32700.00" id="inductionLoop.S1" nVehContrib="11" flow="396.00" occupancy="72.59" speed="5.75" harmonicMeanSpeed="0.62" length="5.00" nVehEntered="11"/>
    <interval begin="32700.00" end="32800.00" id="inductionLoop.S1" nVehContrib="13" flow="468.00" occupancy="31.72" speed="8.50" harmonicMeanSpeed="2.05" length="5.00" nVehEntered="13"/>
    <interval begin="32800.00" end="32900.00" id="inductionLoop.S1" nVehContrib="3" flow="108.00" occupancy="1.11" speed="13.65" harmonicMeanSpeed="13.55" length="5.00" nVehEntered="3"/>
    <interval begin="32900.00" end="33000.00" id="inductionLoop.S1" nVehContrib="2" flow="72.00" occupancy="0.80" speed="12.52" harmonicMeanSpeed="12.51" length="5.00" nVehEntered="2"/>
    <interval begin="33000.00" end="33100.00" id="inductionLoop.S1" nVehContrib="5" flow="180.00" occupancy="9.89" speed="10.74" harmonicMeanSpeed="10.23" length="5.00" nVehEntered="7"/>
    <interval begin="33100.00" end="33200.00" id="inductionLoop.S1" nVehContrib="9" flow="324.00" occupancy="63.89" speed="4.61" harmonicMeanSpeed="0.65" length="5.00" nVehEntered="10"/>
    <interval begin="33200.00" end="33300.00" id="inductionLoop.S1" nVehContrib="10" flow="360.00" occupancy="52.06" speed="5.47" harmonicMeanSpeed="1.47" length="5.00" nVehEntered="10"/>
    <interval begin="33300.00" end="33400.00" id="inductionLoop.S1" nVehContrib="9" flow="324.00" occupancy="69.28" speed="6.13" harmonicMeanSpeed="1.08" length="5.00" nVehEntered="9"/>
    <interval begin="33400.00" end="33500.00" id="inductionLoop.S1" nVehContrib="11" flow="396.00" occupancy="79.38" speed="4.88" harmonicMeanSpeed="0.46" length="5.00" nVehEntered="11"/>
    <interval begin="33500.00" end="33600.00" id="inductionLoop.S1" nVehContrib="13" flow="468.00" occupancy="56.12" speed="5.77" harmonicMeanSpeed="1.08" length="5.00" nVehEntered="12"/>
    <interval begin="33600.00" end="33700.00" id="inductionLoop.S1" nVehContrib="12" flow="432.00" occupancy="45.16" speed="6.49" harmonicMeanSpeed="1.36" length="5.00" nVehEntered="13"/>
    <interval begin="33700.00" end="33800.00" id="inductionLoop.S1" nVehContrib="7" flow="252.00" occupancy="3.29" speed="11.01" harmonicMeanSpeed="10.64" length="5.00" nVehEntered="7"/>
    <interval begin="33800.00" end="33900.00" id="inductionLoop.S1" nVehContrib="7" flow="252.00" occupancy="10.81" speed="8.96" harmonicMeanSpeed="4.11" length="5.00" nVehEntered="8"/>
    <interval begin="33900.00" end="34000.00" id="inductionLoop.S1" nVehContrib="5" flow="180.00" occupancy="42.85" speed="7.33" harmonicMeanSpeed="1.05" length="5.00" nVehEntered="10"/>
    <interval begin="34000.00" end="34100.00" id="inductionLoop.S1" nVehContrib="9" flow="324.00" occupancy="17.56" speed="7.99" harmonicMeanSpeed="1.28" length="5.00" nVehEntered="9"/>
    <interval begin="34100.00" end="34200.00" id="inductionLoop.S1" nVehContrib="11" flow="396.00" occupancy="42.26" speed="6.44" harmonicMeanSpeed="1.30" length="5.00" nVehEntered="11"/>
    <interval begin="34200.00" end="34300.00" id="inductionLoop.S1" nVehContrib="9" flow="324.00" occupancy="11.05" speed="8.58" harmonicMeanSpeed="4.20" length="5.00" nVehEntered="10"/>
    <interval begin="34300.00" end="34400.00" id="inductionLoop.S1" nVehContrib="7" flow="252.00" occupancy="52.23" speed="3.26" harmonicMeanSpeed="0.68" length="5.00" nVehEntered="8"/>
    <interval begin="34400.00" end="34500.00" id="inductionLoop.S1" nVehContrib="11" flow="396.00" occupancy="44.61" speed="7.54" harmonicMeanSpeed="1.28" length="5.00" nVehEntered="13"/>
    <interval begin="34500.00" end="34600.00" id="inductionLoop.S1" nVehContrib="8" flow="288.00" occupancy="65.74" speed="4.00" harmonicMeanSpeed="0.63" length="5.00" nVehEntered="8"/>
    <interval begin="34600.00" end="34700.00" id="inductionLoop.S1" nVehContrib="11" flow="396.00" occupancy="68.75" speed="3.52" harmonicMeanSpeed="0.75" length="5.00" nVehEntered="10"/>
    <interval begin="34700.00" end="34800.00" id="inductionLoop.S1" nVehContrib="4" flow="144.00" occupancy="63.70" speed="1.36" harmonicMeanSpeed="0.46" length="5.00" nVehEntered="5"/>
    <interval begin="34800.00" end="34900.00" id="inductionLoop.S1" nVehContrib="11" flow="396.00" occupancy="78.63" speed="4.86" harmonicMeanSpeed="0.56" length="5.00" nVehEntered="11"/>
    <interval begin="34900.00" end="35000.00" id="inductionLoop.S1" nVehContrib="11" flow="396.00" occupancy="75.89" speed="2.92" harmonicMeanSpeed="0.73" length="5.00" nVehEntered="11"/>
    <interval begin="35000.00" end="35100.00" id="inductionLoop.S1" nVehContrib="10" flow="360.00" occupancy="74.92" speed="4.92" harmonicMeanSpeed="0.69" length="5.00" nVehEntered="10"/>
    <interval begin="35100.00" end="35200.00" id="inductionLoop.S1" nVehContrib="5" flow="180.00" occupancy="80.03" speed="1.36" harmonicMeanSpeed="0.38" length="5.00" nVehEntered="5"/>
    <interval begin="35200.00" end="35300.00" id="inductionLoop.S1" nVehContrib="8" flow="288.00" occupancy="84.14" speed="3.47" harmonicMeanSpeed="0.39" length="5.00" nVehEntered="8"/>
    <interval begin="35300.00" end="35400.00" id="inductionLoop.S1" nVehContrib="10" flow="360.00" occupancy="81.52" speed="5.44" harmonicMeanSpeed="0.70" length="5.00" nVehEntered="10"/>
    <interval begin="35400.00" end="35500.00" id="inductionLoop.S1" nVehContrib="4" flow="144.00" occupancy="88.11" speed="1.04" harmonicMeanSpeed="0.21" length="5.00" nVehEntered="4"/>
    <interval begin="35500.00" end="35600.00" id="inductionLoop.S1" nVehContrib="6" flow="216.00" occupancy="70.06" speed="3.88" harmonicMeanSpeed="0.41" length="5.00" nVehEntered="5"/>
    <interval begin="35600.00" end="35700.00" id="inductionLoop.S1" nVehContrib="2" flow="72.00" occupancy="8.86" speed="2.06" harmonicMeanSpeed="1.29" length="5.00" nVehEntered="4"/>
    <interval begin="35700.00" end="35800.00" id="inductionLoop.S1" nVehContrib="6" flow="216.00" occupancy="50.45" speed="4.34" harmonicMeanSpeed="0.60" length="5.00" nVehEntered="7"/>
    <interval begin="35800.00" end="35900.00" id="inductionLoop.S1" nVehContrib="9" flow="324.00" occupancy="80.70" speed="3.99" harmonicMeanSpeed="0.67" length="5.00" nVehEntered="9"/>
    <interval begin="35900.00" end="36000.00" id="inductionLoop.S1" nVehContrib="9" flow="324.00" occupancy="82.14" speed="3.73" harmonicMeanSpeed="0.71" length="5.00" nVehEntered="9"/>
    <interval begin="36000.00" end="36100.00" id="inductionLoop.S1" nVehContrib="18" flow="648.00" occupancy="71.18" speed="7.41" harmonicMeanSpeed="0.87" length="5.00" nVehEntered="17"/>
    <interval begin="36100.00" end="36200.00" id="inductionLoop.S1" nVehContrib="4" flow="144.00" occupancy="2.15" speed="9.73" harmonicMeanSpeed="9.32" length="5.00" nVehEntered="4"/>
    <interval begin="36200.00" end="36300.00" id="inductionLoop.S1" nVehContrib="2" flow="72.00" occupancy="0.87" speed="11.48" harmonicMeanSpeed="11.48" length="5.00" nVehEntered="2"/>
    <interval begin="36300.00" end="36400.00" id="inductionLoop.S1" nVehContrib="4" flow="144.00" occupancy="4.81" speed="7.72" harmonicMeanSpeed="4.46" length="5.00" nVehEntered="5"/>
    <interval begin="36400.00" end="36500.00" id="inductionLoop.S1" nVehContrib="6" flow="216.00" occupancy="13.45" speed="7.09" harmonicMeanSpeed="6.16" length="5.00" nVehEntered="7"/>
    <interval begin="36500.00" end="36600.00" id="inductionLoop.S1" nVehContrib="11" flow="396.00" occupancy="79.00" speed="4.09" harmonicMeanSpeed="0.70" length="5.00" nVehEntered="11"/>
    <interval begin="36600.00" end="36700.00" id="inductionLoop.S1" nVehContrib="17" flow="612.00" occupancy="65.69" speed="7.62" harmonicMeanSpeed="1.14" length="5.00" nVehEntered="17"/>
    <interval begin="36700.00" end="36800.00" id="inductionLoop.S1" nVehContrib="11" flow="396.00" occupancy="80.26" speed="6.87" harmonicMeanSpeed="0.79" length="5.00" nVehEntered="11"/>
    <interval begin="36800.00" end="36900.00" id="inductionLoop.S1" nVehContrib="12" flow="432.00" occupancy="80.34" speed="8.63" harmonicMeanSpeed="1.49" length="5.00" nVehEntered="12"/>
    <interval begin="36900.00" end="37000.00" id="inductionLoop.S1" nVehContrib="8" flow="288.00" occupancy="84.71" speed="4.32" harmonicMeanSpeed="0.32" length="5.00" nVehEntered="8"/>
    <interval begin="37000.00" end="37100.00" id="inductionLoop.S1" nVehContrib="10" flow="360.00" occupancy="82.31" speed="7.24" harmonicMeanSpeed="0.97" length="5.00" nVehEntered="10"/>
    <interval begin="37100.00" end="37200.00" id="inductionLoop.S1" nVehContrib="10" flow="360.00" occupancy="82.12" speed="7.08" harmonicMeanSpeed="0.43" length="5.00" nVehEntered="10"/>
    <interval begin="37200.00" end="37300.00" id="inductionLoop.S1" nVehContrib="14" flow="504.00" occupancy="75.56" speed="5.16" harmonicMeanSpeed="0.84" length="5.00" nVehEntered="13"/>
    <interval begin="37300.00" end="37400.00" id="inductionLoop.S1" nVehContrib="9" flow="324.00" occupancy="81.63" speed="4.45" harmonicMeanSpeed="0.66" length="5.00" nVehEntered="10"/>
    <interval begin="37400.00" end="37500.00" id="inductionLoop.S1" nVehContrib="10" flow="360.00" occupancy="84.45" speed="6.00" harmonicMeanSpeed="0.51" length="5.00" nVehEntered="9"/>
    <interval begin="37500.00" end="37600.00" id="inductionLoop.S1" nVehContrib="11" flow="396.00" occupancy="78.15" speed="7.43" harmonicMeanSpeed="0.85" length="5.00" nVehEntered="12"/>
    <interval begin="37600.00" end="37700.00" id="inductionLoop.S1" nVehContrib="9" flow="324.00" occupancy="83.14" speed="5.92" harmonicMeanSpeed="0.64" length="5.00" nVehEntered="9"/>
    <interval begin="37700.00" end="37800.00" id="inductionLoop.S1" nVehContrib="12" flow="432.00" occupancy="62.46" speed="8.55" harmonicMeanSpeed="0.84" length="5.00" nVehEntered="12"/>
    <interval begin="37800.00" end="37900.00" id="inductionLoop.S1" nVehContrib="8" flow="288.00" occupancy="83.91" speed="3.22" harmonicMeanSpeed="0.41" length="5.00" nVehEntered="8"/>
    <interval begin="37900.00" end="38000.00" id="inductionLoop.S1" nVehContrib="6" flow="216.00" occupancy="89.24" speed="3.96" harmonicMeanSpeed="0.39" length="5.00" nVehEntered="6"/>
    <interval begin="38000.00" end="38100.00" id="inductionLoop.S1" nVehContrib="7" flow="252.00" occupancy="85.58" speed="2.89" harmonicMeanSpeed="0.34" length="5.00" nVehEntered="7"/>
    <interval begin="38100.00" end="38200.00" id="inductionLoop.S1" nVehContrib="7" flow="252.00" occupancy="86.78" speed="3.19" harmonicMeanSpeed="0.54" length="5.00" nVehEntered="7"/>
    <interval begin="38200.00" end="38300.00" id="inductionLoop.S1" nVehContrib="13" flow="468.00" occupancy="76.91" speed="6.36" harmonicMeanSpeed="0.75" length="5.00" nVehEntered="13"/>
    <interval begin="38300.00" end="38400.00" id="inductionLoop.S1" nVehContrib="12" flow="432.00" occupancy="78.51" speed="7.10" harmonicMeanSpeed="0.70" length="5.00" nVehEntered="12"/>
    <interval begin="38400.00" end="38500.00" id="inductionLoop.S1" nVehContrib="13" flow="468.00" occupancy="77.16" speed="5.85" harmonicMeanSpeed="0.79" length="5.00" nVehEntered="12"/>
    <interval begin="38500.00" end="38600.00" id="inductionLoop.S1" nVehContrib="8" flow="288.00" occupancy="84.09" speed="4.02" harmonicMeanSpeed="0.49" length="5.00" nVehEntered="9"/>
    <interval begin="38600.00" end="38700.00" id="inductionLoop.S1" nVehContrib="12" flow="432.00" occupancy="75.79" speed="4.46" harmonicMeanSpeed="0.77" length="5.00" nVehEntered="11"/>
    <interval begin="38700.00" end="38800.00" id="inductionLoop.S1" nVehContrib="10" flow="360.00" occupancy="32.76" speed="7.35" harmonicMeanSpeed="2.22" length="5.00" nVehEntered="11"/>
    <interval begin="38800.00" end="38900.00" id="inductionLoop.S1" nVehContrib="12" flow="432.00" occupancy="81.17" speed="5.96" harmonicMeanSpeed="0.66" length="5.00" nVehEntered="11"/>
    <interval begin="38900.00" end="39000.00" id="inductionLoop.S1" nVehContrib="11" flow="396.00" occupancy="79.85" speed="6.12" harmonicMeanSpeed="0.69" length="5.00" nVehEntered="12"/>
    <interval begin="39000.00" end="39100.00" id="inductionLoop.S1" nVehContrib="10" flow="360.00" occupancy="80.62" speed="4.28" harmonicMeanSpeed="0.93" length="5.00" nVehEntered="10"/>
    <interval begin="39100.00" end="39200.00" id="inductionLoop.S1" nVehContrib="18" flow="648.00" occupancy="69.57" speed="7.34" harmonicMeanSpeed="0.93" length="5.00" nVehEntered="17"/>
    <interval begin="39200.00" end="39300.00" id="inductionLoop.S1" nVehContrib="11" flow="396.00" occupancy="76.48" speed="4.73" harmonicMeanSpeed="0.81" length="5.00" nVehEntered="12"/>
    <interval begin="39300.00" end="39400.00" id="inductionLoop.S1" nVehContrib="8" flow="288.00" occupancy="85.99" speed="6.51" harmonicMeanSpeed="0.55" length="5.00" nVehEntered="8"/>
    <interval begin="39400.00" end="39500.00" id="inductionLoop.S1" nVehContrib="15" flow="540.00" occupancy="75.80" speed="8.52" harmonicMeanSpeed="1.87" length="5.00" nVehEntered="15"/>
    <interval begin="39500.00" end="39600.00" id="inductionLoop.S1" nVehContrib="11" flow="396.00" occupancy="81.18" speed="6.56" harmonicMeanSpeed="0.40" length="5.00" nVehEntered="11"/>
    <interval begin="39600.00" end="39700.00" id="inductionLoop.S1" nVehContrib="9" flow="324.00" occupancy="86.80" speed="11.87" harmonicMeanSpeed="10.35" length="5.00" nVehEntered="9"/>
    <interval begin="39700.00" end="39800.00" id="inductionLoop.S1" nVehContrib="14" flow="504.00" occupancy="58.84" speed="3.76" harmonicMeanSpeed="0.50" length="5.00" nVehEntered="14"/>
    <interval begin="39800.00" end="39900.00" id="inductionLoop.S1" nVehContrib="11" flow="396.00" occupancy="82.53" speed="10.26" harmonicMeanSpeed="1.86" length="5.00" nVehEntered="11"/>
    <interval begin="39900.00" end="40000.00" id="inductionLoop.S1" nVehContrib="8" flow="288.00" occupancy="84.39" speed="4.61" harmonicMeanSpeed="0.32" length="5.00" nVehEntered="8"/>
    <interval begin="40000.00" end="40100.00" id="inductionLoop.S1" nVehContrib="17" flow="612.00" occupancy="72.12" speed="8.35" harmonicMeanSpeed="1.40" length="5.00" nVehEntered="17"/>
    <interval begin="40100.00" end="40200.00" id="inductionLoop.S1" nVehContrib="18" flow="648.00" occupancy="69.56" speed="6.06" harmonicMeanSpeed="0.96" length="5.00" nVehEntered="17"/>
    <interval begin="40200.00" end="40300.00" id="inductionLoop.S1" nVehContrib="9" flow="324.00" occupancy="35.53" speed="4.49" harmonicMeanSpeed="1.27" length="5.00" nVehEntered="9"/>
    <interval begin="40300.00" end="40400.00" id="inductionLoop.S1" nVehContrib="19" flow="684.00" occupancy="29.23" speed="10.17" harmonicMeanSpeed="3.27" length="5.00" nVehEntered="20"/>
    <interval begin="40400.00" end="40500.00" id="inductionLoop.S1" nVehContrib="10" flow="360.00" occupancy="79.71" speed="8.94" harmonicMeanSpeed="0.63" length="5.00" nVehEntered="9"/>
    <interval begin="40500.00" end="40600.00" id="inductionLoop.S1" nVehContrib="11" flow="396.00" occupancy="44.14" speed="4.71" harmonicMeanSpeed="2.02" length="5.00" nVehEntered="13"/>
    <interval begin="40600.00" end="40700.00" id="inductionLoop.S1" nVehContrib="6" flow="216.00" occupancy="87.70" speed="3.85" harmonicMeanSpeed="0.39" length="5.00" nVehEntered="6"/>
    <interval begin="40700.00" end="40800.00" id="inductionLoop.S1" nVehContrib="15" flow="540.00" occupancy="74.12" speed="6.21" harmonicMeanSpeed="0.80" length="5.00" nVehEntered="14"/>
    <interval begin="40800.00" end="40900.00" id="inductionLoop.S1" nVehContrib="9" flow="324.00" occupancy="84.55" speed="11.85" harmonicMeanSpeed="11.53" length="5.00" nVehEntered="10"/>
    <interval begin="40900.00" end="41000.00" id="inductionLoop.S1" nVehContrib="17" flow="612.00" occupancy="72.74" speed="9.09" harmonicMeanSpeed="0.55" length="5.00" nVehEntered="16"/>
    <interval begin="41000.00" end="41100.00" id="inductionLoop.S1" nVehContrib="4" flow="144.00" occupancy="90.70" speed="7.82" harmonicMeanSpeed="0.90" length="5.00" nVehEntered="5"/>
    <interval begin="41100.00" end="41200.00" id="inductionLoop.S1" nVehContrib="27" flow="972.00" occupancy="54.12" speed="9.73" harmonicMeanSpeed="1.10" length="5.00" nVehEntered="26"/>
    <interval begin="41200.00" end="41300.00" id="inductionLoop.S1" nVehContrib="15" flow="540.00" occupancy="67.69" speed="7.74" harmonicMeanSpeed="1.31" length="5.00" nVehEntered="16"/>
    <interval begin="41300.00" end="41400.00" id="inductionLoop.S1" nVehContrib="5" flow="180.00" occupancy="90.04" speed="2.84" harmonicMeanSpeed="0.29" length="5.00" nVehEntered="5"/>
    <interval begin="41400.00" end="41500.00" id="inductionLoop.S1" nVehContrib="5" flow="180.00" occupancy="89.36" speed="4.68" harmonicMeanSpeed="0.79" length="5.00" nVehEntered="5"/>
    <interval begin="41500.00" end="41600.00" id="inductionLoop.S1" nVehContrib="12" flow="432.00" occupancy="78.97" speed="7.47" harmonicMeanSpeed="0.44" length="5.00" nVehEntered="12"/>
    <interval begin="41600.00" end="41700.00" id="inductionLoop.S1" nVehContrib="33" flow="1188.00" occupancy="51.34" speed="10.49" harmonicMeanSpeed="3.32" length="5.00" nVehEntered="33"/>
    <interval begin="41700.00" end="41800.00" id="inductionLoop.S1" nVehContrib="4" flow="144.00" occupancy="91.83" speed="1.78" harmonicMeanSpeed="0.19" length="5.00" nVehEntered="4"/>
    <interval begin="41800.00" end="41900.00" id="inductionLoop.S1" nVehContrib="3" flow="108.00" occupancy="95.48" speed="6.98" harmonicMeanSpeed="6.81" length="5.00" nVehEntered="3"/>
    <interval begin="41900.00" end="42000.00" id="inductionLoop.S1" nVehContrib="4" flow="144.00" occupancy="83.54" speed="3.40" harmonicMeanSpeed="0.14" length="5.00" nVehEntered="4"/>
    <interval begin="42000.00" end="42100.00" id="inductionLoop.S1" nVehContrib="20" flow="720.00" occupancy="66.46" speed="8.47" harmonicMeanSpeed="2.31" length="5.00" nVehEntered="20"/>
    <interval begin="42100.00" end="42200.00" id="inductionLoop.S1" nVehContrib="6" flow="216.00" occupancy="88.59" speed="5.51" harmonicMeanSpeed="0.38" length="5.00" nVehEntered="6"/>
    <interval begin="42200.00" end="42300.00" id="inductionLoop.S1" nVehContrib="31" flow="1116.00" occupancy="50.47" speed="9.45" harmonicMeanSpeed="1.45" length="5.00" nVehEntered="31"/>
    <interval begin="42300.00" end="42400.00" id="inductionLoop.S1" nVehContrib="1" flow="36.00" occupancy="97.41" speed="0.19" harmonicMeanSpeed="0.19" length="5.00" nVehEntered="1"/>
    <interval begin="42400.00" end="42500.00" id="inductionLoop.S1" nVehContrib="16" flow="576.00" occupancy="73.56" speed="9.01" harmonicMeanSpeed="0.72" length="5.00" nVehEntered="16"/>
    <interval begin="42500.00" end="42600.00" id="inductionLoop.S1" nVehContrib="5" flow="180.00" occupancy="26.47" speed="3.50" harmonicMeanSpeed="0.37" length="5.00" nVehEntered="4"/>
    <interval begin="42600.00" end="42700.00" id="inductionLoop.S1" nVehContrib="8" flow="288.00" occupancy="82.09" speed="6.23" harmonicMeanSpeed="0.66" length="5.00" nVehEntered="9"/>
    <interval begin="42700.00" end="42800.00" id="inductionLoop.S1" nVehContrib="1" flow="36.00" occupancy="97.76" speed="0.13" harmonicMeanSpeed="0.13" length="5.00" nVehEntered="1"/>
    <interval begin="42800.00" end="42900.00" id="inductionLoop.S1" nVehContrib="29" flow="1044.00" occupancy="46.66" speed="9.15" harmonicMeanSpeed="1.39" length="5.00" nVehEntered="30"/>
    <interval begin="42900.00" end="43000.00" id="inductionLoop.S1" nVehContrib="7" flow="252.00" occupancy="86.11" speed="4.63" harmonicMeanSpeed="0.83" length="5.00" nVehEntered="7"/>
    <interval begin="43000.00" end="43100.00" id="inductionLoop.S1" nVehContrib="7" flow="252.00" occupancy="81.90" speed="4.64" harmonicMeanSpeed="0.31" length="5.00" nVehEntered="7"/>
    <interval begin="43100.00" end="43200.00" id="inductionLoop.S1" nVehContrib="12" flow="432.00" occupancy="78.75" speed="6.36" harmonicMeanSpeed="0.68" length="5.00" nVehEntered="12"/>
    <interval begin="43200.00" end="43300.00" id="inductionLoop.S1" nVehContrib="1" flow="36.00" occupancy="97.48" speed="0.15" harmonicMeanSpeed="0.15" length="5.00" nVehEntered="1"/>
    <interval begin="43300.00" end="43400.00" id="inductionLoop.S1" nVehContrib="13" flow="468.00" occupancy="76.68" speed="5.88" harmonicMeanSpeed="0.43" length="5.00" nVehEntered="12"/>
    <interval begin="43400.00" end="43500.00" id="inductionLoop.S1" nVehContrib="13" flow="468.00" occupancy="73.48" speed="8.84" harmonicMeanSpeed="1.93" length="5.00" nVehEntered="14"/>
    <interval begin="43500.00" end="43600.00" id="inductionLoop.S1" nVehContrib="11" flow="396.00" occupancy="23.27" speed="5.34" harmonicMeanSpeed="0.87" length="5.00" nVehEntered="10"/>
    <interval begin="43600.00" end="43700.00" id="inductionLoop.S1" nVehContrib="14" flow="504.00" occupancy="41.16" speed="7.85" harmonicMeanSpeed="1.70" length="5.00" nVehEntered="14"/>
    <interval begin="43700.00" end="43800.00" id="inductionLoop.S1" nVehContrib="6" flow="216.00" occupancy="85.82" speed="3.13" harmonicMeanSpeed="1.03" length="5.00" nVehEntered="7"/>
    <interval begin="43800.00" end="43900.00" id="inductionLoop.S1" nVehContrib="5" flow="180.00" occupancy="65.10" speed="2.88" harmonicMeanSpeed="0.23" length="5.00" nVehEntered="5"/>
    <interval begin="43900.00" end="44000.00" id="inductionLoop.S1" nVehContrib="9" flow="324.00" occupancy="80.31" speed="3.07" harmonicMeanSpeed="0.59" length="5.00" nVehEntered="9"/>
    <interval begin="44000.00" end="44100.00" id="inductionLoop.S1" nVehContrib="8" flow="288.00" occupancy="32.83" speed="4.74" harmonicMeanSpeed="0.79" length="5.00" nVehEntered="7"/>
    <interval begin="44100.00" end="44200.00" id="inductionLoop.S1" nVehContrib="11" flow="396.00" occupancy="51.18" speed="7.11" harmonicMeanSpeed="1.08" length="5.00" nVehEntered="12"/>
    <interval begin="44200.00" end="44300.00" id="inductionLoop.S1" nVehContrib="10" flow="360.00" occupancy="78.75" speed="6.36" harmonicMeanSpeed="0.86" length="5.00" nVehEntered="10"/>
    <interval begin="44300.00" end="44400.00" id="inductionLoop.S1" nVehContrib="9" flow="324.00" occupancy="83.13" speed="6.67" harmonicMeanSpeed="1.59" length="5.00" nVehEntered="9"/>
    <interval begin="44400.00" end="44500.00" id="inductionLoop.S1" nVehContrib="20" flow="720.00" occupancy="57.65" speed="9.10" harmonicMeanSpeed="0.78" length="5.00" nVehEntered="20"/>
    <interval begin="44500.00" end="44600.00" id="inductionLoop.S1" nVehContrib="0" flow="0.00" occupancy="100.00" speed="-1.00" harmonicMeanSpeed="-1.00" length="-1.00" nVehEntered="0"/>
    <interval begin="44600.00" end="44700.00" id="inductionLoop.S1" nVehContrib="27" flow="972.00" occupancy="33.53" speed="7.24" harmonicMeanSpeed="0.99" length="5.00" nVehEntered="27"/>
    <interval begin="44700.00" end="44800.00" id="inductionLoop.S1" nVehContrib="24" flow="864.00" occupancy="61.50" speed="9.61" harmonicMeanSpeed="7.11" length="5.00" nVehEntered="24"/>
    <interval begin="44800.00" end="44900.00" id="inductionLoop.S1" nVehContrib="10" flow="360.00" occupancy="78.55" speed="4.03" harmonicMeanSpeed="0.43" length="5.00" nVehEntered="11"/>
    <interval begin="44900.00" end="45000.00" id="inductionLoop.S1" nVehContrib="13" flow="468.00" occupancy="72.69" speed="6.87" harmonicMeanSpeed="1.59" length="5.00" nVehEntered="13"/>
    <interval begin="45000.00" end="45100.00" id="inductionLoop.S1" nVehContrib="7" flow="252.00" occupancy="80.14" speed="2.77" harmonicMeanSpeed="0.33" length="5.00" nVehEntered="7"/>
    <interval begin="45100.00" end="45200.00" id="inductionLoop.S1" nVehContrib="7" flow="252.00" occupancy="84.17" speed="5.28" harmonicMeanSpeed="1.26" length="5.00" nVehEntered="7"/>
    <interval begin="45200.00" end="45300.00" id="inductionLoop.S1" nVehContrib="10" flow="360.00" occupancy="42.25" speed="5.33" harmonicMeanSpeed="0.61" length="5.00" nVehEntered="10"/>
    <interval begin="45300.00" end="45400.00" id="inductionLoop.S1" nVehContrib="16" flow="576.00" occupancy="73.58" speed="8.68" harmonicMeanSpeed="1.15" length="5.00" nVehEntered="16"/>
    <interval begin="45400.00" end="45500.00" id="inductionLoop.S1" nVehContrib="1" flow="36.00" occupancy="99.18" speed="0.04" harmonicMeanSpeed="0.04" length="5.00" nVehEntered="0"/>
    <interval begin="45500.00" end="45600.00" id="inductionLoop.S1" nVehContrib="18" flow="648.00" occupancy="64.17" speed="8.35" harmonicMeanSpeed="2.22" length="5.00" nVehEntered="19"/>
    <interval begin="45600.00" end="45700.00" id="inductionLoop.S1" nVehContrib="8" flow="288.00" occupancy="84.62" speed="5.02" harmonicMeanSpeed="0.44" length="5.00" nVehEntered="8"/>
    <interval begin="45700.00" end="45800.00" id="inductionLoop.S1" nVehContrib="14" flow="504.00" occupancy="73.74" speed="6.17" harmonicMeanSpeed="1.55" length="5.00" nVehEntered="14"/>
    <interval begin="45800.00" end="45900.00" id="inductionLoop.S1" nVehContrib="0" flow="0.00" occupancy="100.00" speed="-1.00" harmonicMeanSpeed="-1.00" length="-1.00" nVehEntered="0"/>
    <interval begin="45900.00" end="46000.00" id="inductionLoop.S1" nVehContrib="17" flow="612.00" occupancy="67.05" speed="5.61" harmonicMeanSpeed="0.40" length="5.00" nVehEntered="17"/>
    <interval begin="46000.00" end="46100.00" id="inductionLoop.S1" nVehContrib="37" flow="1332.00" occupancy="42.89" speed="11.39" harmonicMeanSpeed="11.20" length="5.00" nVehEntered="37"/>
    <interval begin="46100.00" end="46200.00" id="inductionLoop.S1" nVehContrib="1" flow="36.00" occupancy="98.10" speed="0.04" harmonicMeanSpeed="0.04" length="5.00" nVehEntered="0"/>
    <interval begin="46200.00" end="46300.00" id="inductionLoop.S1" nVehContrib="21" flow="756.00" occupancy="57.68" speed="7.31" harmonicMeanSpeed="3.80" length="5.00" nVehEntered="22"/>
    <interval begin="46300.00" end="46400.00" id="inductionLoop.S1" nVehContrib="11" flow="396.00" occupancy="82.46" speed="6.25" harmonicMeanSpeed="0.49" length="5.00" nVehEntered="10"/>
    <interval begin="46400.00" end="46500.00" id="inductionLoop.S1" nVehContrib="6" flow="216.00" occupancy="86.88" speed="2.29" harmonicMeanSpeed="1.00" length="5.00" nVehEntered="7"/>
    <interval begin="46500.00" end="46600.00" id="inductionLoop.S1" nVehContrib="6" flow="216.00" occupancy="87.16" speed="4.00" harmonicMeanSpeed="0.24" length="5.00" nVehEntered="6"/>
    <interval begin="46600.00" end="46700.00" id="inductionLoop.S1" nVehContrib="13" flow="468.00" occupancy="77.18" speed="5.51" harmonicMeanSpeed="1.11" length="5.00" nVehEntered="13"/>
    <interval begin="46700.00" end="46800.00" id="inductionLoop.S1" nVehContrib="3" flow="108.00" occupancy="92.91" speed="0.13" harmonicMeanSpeed="0.11" length="5.00" nVehEntered="2"/>
    <interval begin="46800.00" end="46900.00" id="inductionLoop.S1" nVehContrib="33" flow="1188.00" occupancy="45.17" speed="10.01" harmonicMeanSpeed="9.14" length="5.00" nVehEntered="34"/>
    <interval begin="46900.00" end="47000.00" id="inductionLoop.S1" nVehContrib="2" flow="72.00" occupancy="95.53" speed="1.98" harmonicMeanSpeed="0.11" length="5.00" nVehEntered="2"/>
    <interval begin="47000.00" end="47100.00" id="inductionLoop.S1" nVehContrib="28" flow="1008.00" occupancy="54.73" speed="8.80" harmonicMeanSpeed="1.57" length="5.00" nVehEntered="27"/>
    <interval begin="47100.00" end="47200.00" id="inductionLoop.S1" nVehContrib="6" flow="216.00" occupancy="87.77" speed="7.83" harmonicMeanSpeed="0.43" length="5.00" nVehEntered="7"/>
    <interval begin="47200.00" end="47300.00" id="inductionLoop.S1" nVehContrib="11" flow="396.00" occupancy="77.96" speed="8.41" harmonicMeanSpeed="1.21" length="5.00" nVehEntered="11"/>
    <interval begin="47300.00" end="47400.00" id="inductionLoop.S1" nVehContrib="17" flow="612.00" occupancy="52.82" speed="6.41" harmonicMeanSpeed="0.82" length="5.00" nVehEntered="16"/>
    <interval begin="47400.00" end="47500.00" id="inductionLoop.S1" nVehContrib="1" flow="36.00" occupancy="97.31" speed="6.98" harmonicMeanSpeed="6.98" length="5.00" nVehEntered="2"/>
    <interval begin="47500.00" end="47600.00" id="inductionLoop.S1" nVehContrib="7" flow="252.00" occupancy="82.39" speed="1.33" harmonicMeanSpeed="0.20" length="5.00" nVehEntered="7"/>
    <interval begin="47600.00" end="47700.00" id="inductionLoop.S1" nVehContrib="16" flow="576.00" occupancy="67.84" speed="8.23" harmonicMeanSpeed="6.20" length="5.00" nVehEntered="19"/>
    <interval begin="47700.00" end="47800.00" id="inductionLoop.S1" nVehContrib="10" flow="360.00" occupancy="82.20" speed="7.40" harmonicMeanSpeed="0.59" length="5.00" nVehEntered="10"/>
    <interval begin="47800.00" end="47900.00" id="inductionLoop.S1" nVehContrib="15" flow="540.00" occupancy="69.07" speed="6.63" harmonicMeanSpeed="1.59" length="5.00" nVehEntered="15"/>
    <interval begin="47900.00" end="48000.00" id="inductionLoop.S1" nVehContrib="13" flow="468.00" occupancy="71.69" speed="4.67" harmonicMeanSpeed="0.55" length="5.00" nVehEntered="12"/>
    <interval begin="48000.00" end="48100.00" id="inductionLoop.S1" nVehContrib="19" flow="684.00" occupancy="71.29" speed="8.89" harmonicMeanSpeed="1.33" length="5.00" nVehEntered="19"/>
    <interval begin="48100.00" end="48200.00" id="inductionLoop.S1" nVehContrib="5" flow="180.00" occupancy="38.92" speed="3.85" harmonicMeanSpeed="0.64" length="5.00" nVehEntered="5"/>
    <interval begin="48200.00" end="48300.00" id="inductionLoop.S1" nVehContrib="5" flow="180.00" occupancy="76.51" speed="3.55" harmonicMeanSpeed="0.33" length="5.00" nVehEntered="5"/>
    <interval begin="48300.00" end="48400.00" id="inductionLoop.S1" nVehContrib="18" flow="648.00" occupancy="72.99" speed="10.71" harmonicMeanSpeed="3.30" length="5.00" nVehEntered="19"/>
    <interval begin="48400.00" end="48500.00" id="inductionLoop.S1" nVehContrib="9" flow="324.00" occupancy="78.89" speed="2.71" harmonicMeanSpeed="0.60" length="5.00" nVehEntered="9"/>
    <interval begin="48500.00" end="48600.00" id="inductionLoop.S1" nVehContrib="17" flow="612.00" occupancy="52.40" speed="8.69" harmonicMeanSpeed="0.89" length="5.00" nVehEntered="17"/>
    <interval begin="48600.00" end="48700.00" id="inductionLoop.S1" nVehContrib="8" flow="288.00" occupancy="87.11" speed="6.91" harmonicMeanSpeed="0.43" length="5.00" nVehEntered="7"/>
    <interval begin="48700.00" end="48800.00" id="inductionLoop.S1" nVehContrib="13" flow="468.00" occupancy="57.11" speed="6.30" harmonicMeanSpeed="1.94" length="5.00" nVehEntered="15"/>
    <interval begin="48800.00" end="48900.00" id="inductionLoop.S1" nVehContrib="25" flow="900.00" occupancy="62.88" speed="11.04" harmonicMeanSpeed="9.78" length="5.00" nVehEntered="26"/>
    <interval begin="48900.00" end="49000.00" id="inductionLoop.S1" nVehContrib="0" flow="0.00" occupancy="100.00" speed="-1.00" harmonicMeanSpeed="-1.00" length="-1.00" nVehEntered="0"/>
    <interval begin="49000.00" end="49100.00" id="inductionLoop.S1" nVehContrib="6" flow="216.00" occupancy="87.21" speed="1.56" harmonicMeanSpeed="0.13" length="5.00" nVehEntered="5"/>
    <interval begin="49100.00" end="49200.00" id="inductionLoop.S1" nVehContrib="46" flow="1656.00" occupancy="27.06" speed="10.56" harmonicMeanSpeed="8.50" length="5.00" nVehEntered="46"/>
    <interval begin="49200.00" end="49300.00" id="inductionLoop.S1" nVehContrib="2" flow="72.00" occupancy="94.89" speed="6.59" harmonicMeanSpeed="6.59" length="5.00" nVehEntered="3"/>
    <interval begin="49300.00" end="49400.00" id="inductionLoop.S1" nVehContrib="1" flow="36.00" occupancy="46.76" speed="0.04" harmonicMeanSpeed="0.04" length="5.00" nVehEntered="0"/>
    <interval begin="49400.00" end="49500.00" id="inductionLoop.S1" nVehContrib="2" flow="72.00" occupancy="25.44" speed="1.82" harmonicMeanSpeed="0.58" length="5.00" nVehEntered="3"/>
    <interval begin="49500.00" end="49600.00" id="inductionLoop.S1" nVehContrib="12" flow="432.00" occupancy="74.00" speed="4.62" harmonicMeanSpeed="0.90" length="5.00" nVehEntered="12"/>
    <interval begin="49600.00" end="49700.00" id="inductionLoop.S1" nVehContrib="2" flow="72.00" occupancy="15.98" speed="0.73" harmonicMeanSpeed="0.32" length="5.00" nVehEntered="1"/>
    <interval begin="49700.00" end="49800.00" id="inductionLoop.S1" nVehContrib="8" flow="288.00" occupancy="33.06" speed="7.28" harmonicMeanSpeed="1.21" length="5.00" nVehEntered="8"/>
    <interval begin="49800.00" end="49900.00" id="inductionLoop.S1" nVehContrib="22" flow="792.00" occupancy="50.76" speed="7.99" harmonicMeanSpeed="2.17" length="5.00" nVehEntered="22"/>
    <interval begin="49900.00" end="50000.00" id="inductionLoop.S1" nVehContrib="0" flow="0.00" occupancy="0.00" speed="-1.00" harmonicMeanSpeed="-1.00" length="-1.00" nVehEntered="0"/>
    <interval begin="50000.00" end="50010.00" id="inductionLoop.S1" nVehContrib="0" flow="0.00" occupancy="0.00" speed="-1.00" harmonicMeanSpeed="-1.00" length="-1.00" nVehEntered="0"/>
</detector>
