<?xml version="1.0" encoding="UTF-8"?>

<!-- generated on 2023-07-22 11:17:52 by Eclipse SUMO sumo Version 1.12.0
<configuration xmlns:xsi="http://www.w3.org/2001/XMLSchema-instance" xsi:noNamespaceSchemaLocation="http://sumo.dlr.de/xsd/sumoConfiguration.xsd">

    <input>
        <net-file value="Data0-13/intersection.net.xml"/>
        <route-files value="Data0-13/intersection.rou.xml"/>
        <additional-files value="Data0-13/intersection.det.xml"/>
    </input>

    <output>
        <tripinfo-output value="Data0-13/tripinfo.xml"/>
    </output>

    <time>
        <begin value="0"/>
    </time>

    <processing>
        <time-to-teleport value="-1"/>
        <waiting-time-memory value="60000"/>
    </processing>

    <report>
        <verbose value="true"/>
        <no-step-log value="true"/>
    </report>

    <emissions>
        <device.emissions.probability value="1"/>
    </emissions>

    <traci_server>
        <remote-port value="50275"/>
    </traci_server>

    <gui_only>
        <gui-settings-file value="Data0-13/intersection.settings.xml"/>
    </gui_only>

</configuration>
-->

<detector xmlns:xsi="http://www.w3.org/2001/XMLSchema-instance" xsi:noNamespaceSchemaLocation="http://sumo.dlr.de/xsd/det_e1_file.xsd">
    <interval begin="0.00" end="100.00" id="inductionLoop.N3" nVehContrib="0" flow="0.00" occupancy="0.00" speed="-1.00" harmonicMeanSpeed="-1.00" length="-1.00" nVehEntered="0"/>
    <interval begin="100.00" end="200.00" id="inductionLoop.N3" nVehContrib="1" flow="36.00" occupancy="2.14" speed="4.40" harmonicMeanSpeed="4.40" length="5.00" nVehEntered="2"/>
    <interval begin="200.00" end="300.00" id="inductionLoop.N3" nVehContrib="8" flow="288.00" occupancy="7.48" speed="5.78" harmonicMeanSpeed="4.72" length="5.00" nVehEntered="7"/>
    <interval begin="300.00" end="400.00" id="inductionLoop.N3" nVehContrib="4" flow="144.00" occupancy="15.83" speed="3.43" harmonicMeanSpeed="1.26" length="5.00" nVehEntered="4"/>
    <interval begin="400.00" end="500.00" id="inductionLoop.N3" nVehContrib="5" flow="180.00" occupancy="4.92" speed="7.02" harmonicMeanSpeed="5.08" length="5.00" nVehEntered="5"/>
    <interval begin="500.00" end="600.00" id="inductionLoop.N3" nVehContrib="8" flow="288.00" occupancy="27.68" speed="4.77" harmonicMeanSpeed="1.44" length="5.00" nVehEntered="8"/>
    <interval begin="600.00" end="700.00" id="inductionLoop.N3" nVehContrib="2" flow="72.00" occupancy="1.43" speed="8.62" harmonicMeanSpeed="6.99" length="5.00" nVehEntered="2"/>
    <interval begin="700.00" end="800.00" id="inductionLoop.N3" nVehContrib="0" flow="0.00" occupancy="0.00" speed="-1.00" harmonicMeanSpeed="-1.00" length="-1.00" nVehEntered="0"/>
    <interval begin="800.00" end="900.00" id="inductionLoop.N3" nVehContrib="7" flow="252.00" occupancy="14.40" speed="8.63" harmonicMeanSpeed="2.43" length="5.00" nVehEntered="7"/>
    <interval begin="900.00" end="1000.00" id="inductionLoop.N3" nVehContrib="5" flow="180.00" occupancy="6.94" speed="4.48" harmonicMeanSpeed="3.60" length="5.00" nVehEntered="5"/>
    <interval begin="1000.00" end="1100.00" id="inductionLoop.N3" nVehContrib="1" flow="36.00" occupancy="0.41" speed="12.27" harmonicMeanSpeed="12.27" length="5.00" nVehEntered="1"/>
    <interval begin="1100.00" end="1200.00" id="inductionLoop.N3" nVehContrib="3" flow="108.00" occupancy="1.31" speed="11.81" harmonicMeanSpeed="11.42" length="5.00" nVehEntered="3"/>
    <interval begin="1200.00" end="1300.00" id="inductionLoop.N3" nVehContrib="3" flow="108.00" occupancy="2.09" speed="9.13" harmonicMeanSpeed="7.18" length="5.00" nVehEntered="3"/>
    <interval begin="1300.00" end="1400.00" id="inductionLoop.N3" nVehContrib="6" flow="216.00" occupancy="7.67" speed="7.30" harmonicMeanSpeed="3.91" length="5.00" nVehEntered="6"/>
    <interval begin="1400.00" end="1500.00" id="inductionLoop.N3" nVehContrib="3" flow="108.00" occupancy="3.32" speed="6.18" harmonicMeanSpeed="4.52" length="5.00" nVehEntered="3"/>
    <interval begin="1500.00" end="1600.00" id="inductionLoop.N3" nVehContrib="1" flow="36.00" occupancy="0.41" speed="12.22" harmonicMeanSpeed="12.22" length="5.00" nVehEntered="1"/>
    <interval begin="1600.00" end="1700.00" id="inductionLoop.N3" nVehContrib="5" flow="180.00" occupancy="4.54" speed="7.13" harmonicMeanSpeed="5.50" length="5.00" nVehEntered="5"/>
    <interval begin="1700.00" end="1800.00" id="inductionLoop.N3" nVehContrib="0" flow="0.00" occupancy="0.00" speed="-1.00" harmonicMeanSpeed="-1.00" length="-1.00" nVehEntered="0"/>
    <interval begin="1800.00" end="1900.00" id="inductionLoop.N3" nVehContrib="1" flow="36.00" occupancy="0.65" speed="13.21" harmonicMeanSpeed="13.21" length="5.00" nVehEntered="2"/>
    <interval begin="1900.00" end="2000.00" id="inductionLoop.N3" nVehContrib="5" flow="180.00" occupancy="5.45" speed="6.06" harmonicMeanSpeed="4.37" length="5.00" nVehEntered="4"/>
    <interval begin="2000.00" end="2100.00" id="inductionLoop.N3" nVehContrib="2" flow="72.00" occupancy="1.18" speed="10.27" harmonicMeanSpeed="8.48" length="5.00" nVehEntered="2"/>
    <interval begin="2100.00" end="2200.00" id="inductionLoop.N3" nVehContrib="2" flow="72.00" occupancy="0.81" speed="12.29" harmonicMeanSpeed="12.29" length="5.00" nVehEntered="2"/>
    <interval begin="2200.00" end="2300.00" id="inductionLoop.N3" nVehContrib="6" flow="216.00" occupancy="15.55" speed="8.41" harmonicMeanSpeed="1.93" length="5.00" nVehEntered="6"/>
    <interval begin="2300.00" end="2400.00" id="inductionLoop.N3" nVehContrib="8" flow="288.00" occupancy="9.18" speed="7.21" harmonicMeanSpeed="4.36" length="5.00" nVehEntered="8"/>
    <interval begin="2400.00" end="2500.00" id="inductionLoop.N3" nVehContrib="5" flow="180.00" occupancy="10.96" speed="4.17" harmonicMeanSpeed="2.28" length="5.00" nVehEntered="5"/>
    <interval begin="2500.00" end="2600.00" id="inductionLoop.N3" nVehContrib="2" flow="72.00" occupancy="1.83" speed="7.40" harmonicMeanSpeed="5.46" length="5.00" nVehEntered="2"/>
    <interval begin="2600.00" end="2700.00" id="inductionLoop.N3" nVehContrib="2" flow="72.00" occupancy="1.10" speed="9.46" harmonicMeanSpeed="9.12" length="5.00" nVehEntered="2"/>
    <interval begin="2700.00" end="2800.00" id="inductionLoop.N3" nVehContrib="0" flow="0.00" occupancy="1.00" speed="-1.00" harmonicMeanSpeed="-1.00" length="-1.00" nVehEntered="1"/>
    <interval begin="2800.00" end="2900.00" id="inductionLoop.N3" nVehContrib="3" flow="108.00" occupancy="0.90" speed="10.15" harmonicMeanSpeed="7.90" length="5.00" nVehEntered="2"/>
    <interval begin="2900.00" end="3000.00" id="inductionLoop.N3" nVehContrib="1" flow="36.00" occupancy="0.54" speed="9.27" harmonicMeanSpeed="9.27" length="5.00" nVehEntered="1"/>
    <interval begin="3000.00" end="3100.00" id="inductionLoop.N3" nVehContrib="1" flow="36.00" occupancy="0.37" speed="13.37" harmonicMeanSpeed="13.37" length="5.00" nVehEntered="1"/>
    <interval begin="3100.00" end="3200.00" id="inductionLoop.N3" nVehContrib="1" flow="36.00" occupancy="0.42" speed="11.97" harmonicMeanSpeed="11.97" length="5.00" nVehEntered="1"/>
    <interval begin="3200.00" end="3300.00" id="inductionLoop.N3" nVehContrib="1" flow="36.00" occupancy="0.35" speed="14.44" harmonicMeanSpeed="14.44" length="5.00" nVehEntered="1"/>
    <interval begin="3300.00" end="3400.00" id="inductionLoop.N3" nVehContrib="1" flow="36.00" occupancy="2.83" speed="1.77" harmonicMeanSpeed="1.77" length="5.00" nVehEntered="1"/>
    <interval begin="3400.00" end="3500.00" id="inductionLoop.N3" nVehContrib="3" flow="108.00" occupancy="3.78" speed="8.63" harmonicMeanSpeed="3.97" length="5.00" nVehEntered="3"/>
    <interval begin="3500.00" end="3600.00" id="inductionLoop.N3" nVehContrib="3" flow="108.00" occupancy="2.63" speed="6.84" harmonicMeanSpeed="5.70" length="5.00" nVehEntered="3"/>
    <interval begin="3600.00" end="3700.00" id="inductionLoop.N3" nVehContrib="1" flow="36.00" occupancy="0.37" speed="13.62" harmonicMeanSpeed="13.62" length="5.00" nVehEntered="1"/>
    <interval begin="3700.00" end="3800.00" id="inductionLoop.N3" nVehContrib="2" flow="72.00" occupancy="1.68" speed="7.51" harmonicMeanSpeed="5.96" length="5.00" nVehEntered="2"/>
    <interval begin="3800.00" end="3900.00" id="inductionLoop.N3" nVehContrib="5" flow="180.00" occupancy="7.84" speed="5.39" harmonicMeanSpeed="3.62" length="5.00" nVehEntered="6"/>
    <interval begin="3900.00" end="4000.00" id="inductionLoop.N3" nVehContrib="3" flow="108.00" occupancy="1.00" speed="8.88" harmonicMeanSpeed="7.74" length="5.00" nVehEntered="2"/>
    <interval begin="4000.00" end="4100.00" id="inductionLoop.N3" nVehContrib="2" flow="72.00" occupancy="0.76" speed="13.22" harmonicMeanSpeed="13.21" length="5.00" nVehEntered="2"/>
    <interval begin="4100.00" end="4200.00" id="inductionLoop.N3" nVehContrib="2" flow="72.00" occupancy="0.77" speed="12.96" harmonicMeanSpeed="12.94" length="5.00" nVehEntered="2"/>
    <interval begin="4200.00" end="4300.00" id="inductionLoop.N3" nVehContrib="1" flow="36.00" occupancy="0.42" speed="11.86" harmonicMeanSpeed="11.86" length="5.00" nVehEntered="1"/>
    <interval begin="4300.00" end="4400.00" id="inductionLoop.N3" nVehContrib="3" flow="108.00" occupancy="2.21" speed="9.11" harmonicMeanSpeed="6.78" length="5.00" nVehEntered="3"/>
    <interval begin="4400.00" end="4500.00" id="inductionLoop.N3" nVehContrib="4" flow="144.00" occupancy="5.23" speed="7.25" harmonicMeanSpeed="3.82" length="5.00" nVehEntered="4"/>
    <interval begin="4500.00" end="4600.00" id="inductionLoop.N3" nVehContrib="1" flow="36.00" occupancy="0.38" speed="13.22" harmonicMeanSpeed="13.22" length="5.00" nVehEntered="1"/>
    <interval begin="4600.00" end="4700.00" id="inductionLoop.N3" nVehContrib="1" flow="36.00" occupancy="0.32" speed="15.59" harmonicMeanSpeed="15.59" length="5.00" nVehEntered="1"/>
    <interval begin="4700.00" end="4800.00" id="inductionLoop.N3" nVehContrib="1" flow="36.00" occupancy="0.39" speed="12.78" harmonicMeanSpeed="12.78" length="5.00" nVehEntered="1"/>
    <interval begin="4800.00" end="4900.00" id="inductionLoop.N3" nVehContrib="0" flow="0.00" occupancy="0.00" speed="-1.00" harmonicMeanSpeed="-1.00" length="-1.00" nVehEntered="0"/>
    <interval begin="4900.00" end="5000.00" id="inductionLoop.N3" nVehContrib="0" flow="0.00" occupancy="0.00" speed="-1.00" harmonicMeanSpeed="-1.00" length="-1.00" nVehEntered="0"/>
    <interval begin="5000.00" end="5100.00" id="inductionLoop.N3" nVehContrib="0" flow="0.00" occupancy="0.00" speed="-1.00" harmonicMeanSpeed="-1.00" length="-1.00" nVehEntered="0"/>
    <interval begin="5100.00" end="5200.00" id="inductionLoop.N3" nVehContrib="4" flow="144.00" occupancy="1.71" speed="12.02" harmonicMeanSpeed="11.72" length="5.00" nVehEntered="4"/>
    <interval begin="5200.00" end="5300.00" id="inductionLoop.N3" nVehContrib="2" flow="72.00" occupancy="1.42" speed="9.46" harmonicMeanSpeed="7.05" length="5.00" nVehEntered="2"/>
    <interval begin="5300.00" end="5400.00" id="inductionLoop.N3" nVehContrib="0" flow="0.00" occupancy="0.00" speed="-1.00" harmonicMeanSpeed="-1.00" length="-1.00" nVehEntered="0"/>
    <interval begin="5400.00" end="5500.00" id="inductionLoop.N3" nVehContrib="2" flow="72.00" occupancy="1.84" speed="7.78" harmonicMeanSpeed="5.45" length="5.00" nVehEntered="2"/>
    <interval begin="5500.00" end="5600.00" id="inductionLoop.N3" nVehContrib="1" flow="36.00" occupancy="1.13" speed="4.44" harmonicMeanSpeed="4.44" length="5.00" nVehEntered="1"/>
    <interval begin="5600.00" end="5700.00" id="inductionLoop.N3" nVehContrib="2" flow="72.00" occupancy="0.79" speed="12.70" harmonicMeanSpeed="12.68" length="5.00" nVehEntered="2"/>
    <interval begin="5700.00" end="5800.00" id="inductionLoop.N3" nVehContrib="3" flow="108.00" occupancy="1.40" speed="10.77" harmonicMeanSpeed="10.70" length="5.00" nVehEntered="3"/>
    <interval begin="5800.00" end="5900.00" id="inductionLoop.N3" nVehContrib="0" flow="0.00" occupancy="0.00" speed="-1.00" harmonicMeanSpeed="-1.00" length="-1.00" nVehEntered="0"/>
    <interval begin="5900.00" end="6000.00" id="inductionLoop.N3" nVehContrib="1" flow="36.00" occupancy="0.36" speed="13.87" harmonicMeanSpeed="13.87" length="5.00" nVehEntered="1"/>
    <interval begin="6000.00" end="6100.00" id="inductionLoop.N3" nVehContrib="5" flow="180.00" occupancy="4.77" speed="6.35" harmonicMeanSpeed="5.24" length="5.00" nVehEntered="5"/>
    <interval begin="6100.00" end="6200.00" id="inductionLoop.N3" nVehContrib="2" flow="72.00" occupancy="1.05" speed="9.62" harmonicMeanSpeed="9.49" length="5.00" nVehEntered="2"/>
    <interval begin="6200.00" end="6300.00" id="inductionLoop.N3" nVehContrib="2" flow="72.00" occupancy="1.60" speed="8.70" harmonicMeanSpeed="6.27" length="5.00" nVehEntered="2"/>
    <interval begin="6300.00" end="6400.00" id="inductionLoop.N3" nVehContrib="2" flow="72.00" occupancy="0.70" speed="14.23" harmonicMeanSpeed="14.21" length="5.00" nVehEntered="2"/>
    <interval begin="6400.00" end="6500.00" id="inductionLoop.N3" nVehContrib="2" flow="72.00" occupancy="1.36" speed="10.24" harmonicMeanSpeed="7.36" length="5.00" nVehEntered="2"/>
    <interval begin="6500.00" end="6600.00" id="inductionLoop.N3" nVehContrib="3" flow="108.00" occupancy="3.34" speed="6.04" harmonicMeanSpeed="4.49" length="5.00" nVehEntered="3"/>
    <interval begin="6600.00" end="6700.00" id="inductionLoop.N3" nVehContrib="2" flow="72.00" occupancy="0.97" speed="10.55" harmonicMeanSpeed="10.28" length="5.00" nVehEntered="2"/>
    <interval begin="6700.00" end="6800.00" id="inductionLoop.N3" nVehContrib="1" flow="36.00" occupancy="1.33" speed="3.76" harmonicMeanSpeed="3.76" length="5.00" nVehEntered="1"/>
    <interval begin="6800.00" end="6900.00" id="inductionLoop.N3" nVehContrib="1" flow="36.00" occupancy="0.43" speed="11.62" harmonicMeanSpeed="11.62" length="5.00" nVehEntered="1"/>
    <interval begin="6900.00" end="7000.00" id="inductionLoop.N3" nVehContrib="2" flow="72.00" occupancy="2.48" speed="4.05" harmonicMeanSpeed="4.03" length="5.00" nVehEntered="2"/>
    <interval begin="7000.00" end="7100.00" id="inductionLoop.N3" nVehContrib="4" flow="144.00" occupancy="1.71" speed="11.77" harmonicMeanSpeed="11.69" length="5.00" nVehEntered="4"/>
    <interval begin="7100.00" end="7200.00" id="inductionLoop.N3" nVehContrib="3" flow="108.00" occupancy="2.05" speed="9.04" harmonicMeanSpeed="7.33" length="5.00" nVehEntered="3"/>
    <interval begin="7200.00" end="7300.00" id="inductionLoop.N3" nVehContrib="0" flow="0.00" occupancy="0.00" speed="-1.00" harmonicMeanSpeed="-1.00" length="-1.00" nVehEntered="0"/>
    <interval begin="7300.00" end="7400.00" id="inductionLoop.N3" nVehContrib="1" flow="36.00" occupancy="1.02" speed="4.91" harmonicMeanSpeed="4.91" length="5.00" nVehEntered="1"/>
    <interval begin="7400.00" end="7500.00" id="inductionLoop.N3" nVehContrib="1" flow="36.00" occupancy="1.22" speed="4.11" harmonicMeanSpeed="4.11" length="5.00" nVehEntered="1"/>
    <interval begin="7500.00" end="7600.00" id="inductionLoop.N3" nVehContrib="0" flow="0.00" occupancy="0.00" speed="-1.00" harmonicMeanSpeed="-1.00" length="-1.00" nVehEntered="0"/>
    <interval begin="7600.00" end="7700.00" id="inductionLoop.N3" nVehContrib="2" flow="72.00" occupancy="1.79" speed="7.45" harmonicMeanSpeed="5.58" length="5.00" nVehEntered="2"/>
    <interval begin="7700.00" end="7800.00" id="inductionLoop.N3" nVehContrib="1" flow="36.00" occupancy="1.27" speed="3.95" harmonicMeanSpeed="3.95" length="5.00" nVehEntered="1"/>
    <interval begin="7800.00" end="7900.00" id="inductionLoop.N3" nVehContrib="0" flow="0.00" occupancy="0.00" speed="-1.00" harmonicMeanSpeed="-1.00" length="-1.00" nVehEntered="0"/>
    <interval begin="7900.00" end="8000.00" id="inductionLoop.N3" nVehContrib="0" flow="0.00" occupancy="0.00" speed="-1.00" harmonicMeanSpeed="-1.00" length="-1.00" nVehEntered="0"/>
    <interval begin="8000.00" end="8100.00" id="inductionLoop.N3" nVehContrib="0" flow="0.00" occupancy="0.00" speed="-1.00" harmonicMeanSpeed="-1.00" length="-1.00" nVehEntered="0"/>
    <interval begin="8100.00" end="8200.00" id="inductionLoop.N3" nVehContrib="2" flow="72.00" occupancy="1.70" speed="7.93" harmonicMeanSpeed="5.88" length="5.00" nVehEntered="2"/>
    <interval begin="8200.00" end="8300.00" id="inductionLoop.N3" nVehContrib="0" flow="0.00" occupancy="0.00" speed="-1.00" harmonicMeanSpeed="-1.00" length="-1.00" nVehEntered="0"/>
    <interval begin="8300.00" end="8400.00" id="inductionLoop.N3" nVehContrib="2" flow="72.00" occupancy="1.49" speed="8.19" harmonicMeanSpeed="6.72" length="5.00" nVehEntered="2"/>
    <interval begin="8400.00" end="8500.00" id="inductionLoop.N3" nVehContrib="0" flow="0.00" occupancy="0.00" speed="-1.00" harmonicMeanSpeed="-1.00" length="-1.00" nVehEntered="0"/>
    <interval begin="8500.00" end="8600.00" id="inductionLoop.N3" nVehContrib="1" flow="36.00" occupancy="0.36" speed="13.96" harmonicMeanSpeed="13.96" length="5.00" nVehEntered="1"/>
    <interval begin="8600.00" end="8700.00" id="inductionLoop.N3" nVehContrib="0" flow="0.00" occupancy="0.00" speed="-1.00" harmonicMeanSpeed="-1.00" length="-1.00" nVehEntered="0"/>
    <interval begin="8700.00" end="8800.00" id="inductionLoop.N3" nVehContrib="1" flow="36.00" occupancy="1.27" speed="3.95" harmonicMeanSpeed="3.95" length="5.00" nVehEntered="1"/>
    <interval begin="8800.00" end="8900.00" id="inductionLoop.N3" nVehContrib="0" flow="0.00" occupancy="0.00" speed="-1.00" harmonicMeanSpeed="-1.00" length="-1.00" nVehEntered="0"/>
    <interval begin="8900.00" end="9000.00" id="inductionLoop.N3" nVehContrib="1" flow="36.00" occupancy="0.36" speed="13.88" harmonicMeanSpeed="13.88" length="5.00" nVehEntered="1"/>
    <interval begin="9000.00" end="9100.00" id="inductionLoop.N3" nVehContrib="0" flow="0.00" occupancy="0.00" speed="-1.00" harmonicMeanSpeed="-1.00" length="-1.00" nVehEntered="0"/>
    <interval begin="9100.00" end="9200.00" id="inductionLoop.N3" nVehContrib="0" flow="0.00" occupancy="0.00" speed="-1.00" harmonicMeanSpeed="-1.00" length="-1.00" nVehEntered="0"/>
    <interval begin="9200.00" end="9300.00" id="inductionLoop.N3" nVehContrib="0" flow="0.00" occupancy="0.00" speed="-1.00" harmonicMeanSpeed="-1.00" length="-1.00" nVehEntered="0"/>
    <interval begin="9300.00" end="9400.00" id="inductionLoop.N3" nVehContrib="2" flow="72.00" occupancy="2.25" speed="4.44" harmonicMeanSpeed="4.44" length="5.00" nVehEntered="2"/>
    <interval begin="9400.00" end="9500.00" id="inductionLoop.N3" nVehContrib="2" flow="72.00" occupancy="1.72" speed="8.38" harmonicMeanSpeed="5.81" length="5.00" nVehEntered="2"/>
    <interval begin="9500.00" end="9600.00" id="inductionLoop.N3" nVehContrib="2" flow="72.00" occupancy="0.87" speed="11.59" harmonicMeanSpeed="11.48" length="5.00" nVehEntered="2"/>
    <interval begin="9600.00" end="9700.00" id="inductionLoop.N3" nVehContrib="1" flow="36.00" occupancy="0.38" speed="13.23" harmonicMeanSpeed="13.23" length="5.00" nVehEntered="1"/>
    <interval begin="9700.00" end="9800.00" id="inductionLoop.N3" nVehContrib="0" flow="0.00" occupancy="0.00" speed="-1.00" harmonicMeanSpeed="-1.00" length="-1.00" nVehEntered="0"/>
    <interval begin="9800.00" end="9900.00" id="inductionLoop.N3" nVehContrib="1" flow="36.00" occupancy="0.39" speed="12.83" harmonicMeanSpeed="12.83" length="5.00" nVehEntered="1"/>
    <interval begin="9900.00" end="10000.00" id="inductionLoop.N3" nVehContrib="5" flow="180.00" occupancy="5.13" speed="8.31" harmonicMeanSpeed="5.84" length="5.00" nVehEntered="6"/>
    <interval begin="10000.00" end="10100.00" id="inductionLoop.N3" nVehContrib="2" flow="72.00" occupancy="2.40" speed="7.03" harmonicMeanSpeed="3.08" length="5.00" nVehEntered="1"/>
    <interval begin="10100.00" end="10200.00" id="inductionLoop.N3" nVehContrib="1" flow="36.00" occupancy="0.35" speed="14.24" harmonicMeanSpeed="14.24" length="5.00" nVehEntered="1"/>
    <interval begin="10200.00" end="10300.00" id="inductionLoop.N3" nVehContrib="1" flow="36.00" occupancy="1.09" speed="4.58" harmonicMeanSpeed="4.58" length="5.00" nVehEntered="1"/>
    <interval begin="10300.00" end="10400.00" id="inductionLoop.N3" nVehContrib="1" flow="36.00" occupancy="0.32" speed="15.66" harmonicMeanSpeed="15.66" length="5.00" nVehEntered="1"/>
    <interval begin="10400.00" end="10500.00" id="inductionLoop.N3" nVehContrib="3" flow="108.00" occupancy="2.74" speed="7.70" harmonicMeanSpeed="5.47" length="5.00" nVehEntered="3"/>
    <interval begin="10500.00" end="10600.00" id="inductionLoop.N3" nVehContrib="0" flow="0.00" occupancy="0.00" speed="-1.00" harmonicMeanSpeed="-1.00" length="-1.00" nVehEntered="0"/>
    <interval begin="10600.00" end="10700.00" id="inductionLoop.N3" nVehContrib="1" flow="36.00" occupancy="0.39" speed="12.88" harmonicMeanSpeed="12.88" length="5.00" nVehEntered="1"/>
    <interval begin="10700.00" end="10800.00" id="inductionLoop.N3" nVehContrib="2" flow="72.00" occupancy="1.83" speed="8.32" harmonicMeanSpeed="5.47" length="5.00" nVehEntered="2"/>
    <interval begin="10800.00" end="10900.00" id="inductionLoop.N3" nVehContrib="1" flow="36.00" occupancy="0.41" speed="12.20" harmonicMeanSpeed="12.20" length="5.00" nVehEntered="1"/>
    <interval begin="10900.00" end="11000.00" id="inductionLoop.N3" nVehContrib="0" flow="0.00" occupancy="0.00" speed="-1.00" harmonicMeanSpeed="-1.00" length="-1.00" nVehEntered="0"/>
    <interval begin="11000.00" end="11100.00" id="inductionLoop.N3" nVehContrib="1" flow="36.00" occupancy="1.11" speed="4.49" harmonicMeanSpeed="4.49" length="5.00" nVehEntered="1"/>
    <interval begin="11100.00" end="11200.00" id="inductionLoop.N3" nVehContrib="0" flow="0.00" occupancy="0.00" speed="-1.00" harmonicMeanSpeed="-1.00" length="-1.00" nVehEntered="0"/>
    <interval begin="11200.00" end="11300.00" id="inductionLoop.N3" nVehContrib="1" flow="36.00" occupancy="0.38" speed="12.99" harmonicMeanSpeed="12.99" length="5.00" nVehEntered="1"/>
    <interval begin="11300.00" end="11400.00" id="inductionLoop.N3" nVehContrib="0" flow="0.00" occupancy="0.00" speed="-1.00" harmonicMeanSpeed="-1.00" length="-1.00" nVehEntered="0"/>
    <interval begin="11400.00" end="11500.00" id="inductionLoop.N3" nVehContrib="1" flow="36.00" occupancy="0.35" speed="14.13" harmonicMeanSpeed="14.13" length="5.00" nVehEntered="1"/>
    <interval begin="11500.00" end="11600.00" id="inductionLoop.N3" nVehContrib="1" flow="36.00" occupancy="0.36" speed="13.89" harmonicMeanSpeed="13.89" length="5.00" nVehEntered="1"/>
    <interval begin="11600.00" end="11700.00" id="inductionLoop.N3" nVehContrib="0" flow="0.00" occupancy="0.00" speed="-1.00" harmonicMeanSpeed="-1.00" length="-1.00" nVehEntered="0"/>
    <interval begin="11700.00" end="11800.00" id="inductionLoop.N3" nVehContrib="1" flow="36.00" occupancy="1.06" speed="4.74" harmonicMeanSpeed="4.74" length="5.00" nVehEntered="1"/>
    <interval begin="11800.00" end="11900.00" id="inductionLoop.N3" nVehContrib="1" flow="36.00" occupancy="0.45" speed="11.11" harmonicMeanSpeed="11.11" length="5.00" nVehEntered="1"/>
    <interval begin="11900.00" end="12000.00" id="inductionLoop.N3" nVehContrib="0" flow="0.00" occupancy="0.00" speed="-1.00" harmonicMeanSpeed="-1.00" length="-1.00" nVehEntered="0"/>
    <interval begin="12000.00" end="12100.00" id="inductionLoop.N3" nVehContrib="0" flow="0.00" occupancy="0.00" speed="-1.00" harmonicMeanSpeed="-1.00" length="-1.00" nVehEntered="0"/>
    <interval begin="12100.00" end="12200.00" id="inductionLoop.N3" nVehContrib="0" flow="0.00" occupancy="0.00" speed="-1.00" harmonicMeanSpeed="-1.00" length="-1.00" nVehEntered="0"/>
    <interval begin="12200.00" end="12300.00" id="inductionLoop.N3" nVehContrib="1" flow="36.00" occupancy="1.12" speed="4.46" harmonicMeanSpeed="4.46" length="5.00" nVehEntered="1"/>
    <interval begin="12300.00" end="12400.00" id="inductionLoop.N3" nVehContrib="4" flow="144.00" occupancy="3.99" speed="6.52" harmonicMeanSpeed="5.01" length="5.00" nVehEntered="4"/>
    <interval begin="12400.00" end="12500.00" id="inductionLoop.N3" nVehContrib="2" flow="72.00" occupancy="1.39" speed="8.89" harmonicMeanSpeed="7.18" length="5.00" nVehEntered="2"/>
    <interval begin="12500.00" end="12600.00" id="inductionLoop.N3" nVehContrib="2" flow="72.00" occupancy="2.40" speed="4.17" harmonicMeanSpeed="4.16" length="5.00" nVehEntered="2"/>
    <interval begin="12600.00" end="12700.00" id="inductionLoop.N3" nVehContrib="1" flow="36.00" occupancy="0.38" speed="13.30" harmonicMeanSpeed="13.30" length="5.00" nVehEntered="1"/>
    <interval begin="12700.00" end="12800.00" id="inductionLoop.N3" nVehContrib="0" flow="0.00" occupancy="0.00" speed="-1.00" harmonicMeanSpeed="-1.00" length="-1.00" nVehEntered="0"/>
    <interval begin="12800.00" end="12900.00" id="inductionLoop.N3" nVehContrib="1" flow="36.00" occupancy="1.23" speed="4.05" harmonicMeanSpeed="4.05" length="5.00" nVehEntered="1"/>
    <interval begin="12900.00" end="13000.00" id="inductionLoop.N3" nVehContrib="0" flow="0.00" occupancy="0.00" speed="-1.00" harmonicMeanSpeed="-1.00" length="-1.00" nVehEntered="0"/>
    <interval begin="13000.00" end="13100.00" id="inductionLoop.N3" nVehContrib="0" flow="0.00" occupancy="0.00" speed="-1.00" harmonicMeanSpeed="-1.00" length="-1.00" nVehEntered="0"/>
    <interval begin="13100.00" end="13200.00" id="inductionLoop.N3" nVehContrib="2" flow="72.00" occupancy="2.18" speed="4.62" harmonicMeanSpeed="4.59" length="5.00" nVehEntered="2"/>
    <interval begin="13200.00" end="13300.00" id="inductionLoop.N3" nVehContrib="0" flow="0.00" occupancy="0.00" speed="-1.00" harmonicMeanSpeed="-1.00" length="-1.00" nVehEntered="0"/>
    <interval begin="13300.00" end="13400.00" id="inductionLoop.N3" nVehContrib="1" flow="36.00" occupancy="0.38" speed="13.11" harmonicMeanSpeed="13.11" length="5.00" nVehEntered="1"/>
    <interval begin="13400.00" end="13500.00" id="inductionLoop.N3" nVehContrib="0" flow="0.00" occupancy="0.00" speed="-1.00" harmonicMeanSpeed="-1.00" length="-1.00" nVehEntered="0"/>
    <interval begin="13500.00" end="13600.00" id="inductionLoop.N3" nVehContrib="1" flow="36.00" occupancy="1.12" speed="4.47" harmonicMeanSpeed="4.47" length="5.00" nVehEntered="1"/>
    <interval begin="13600.00" end="13700.00" id="inductionLoop.N3" nVehContrib="1" flow="36.00" occupancy="0.34" speed="14.59" harmonicMeanSpeed="14.59" length="5.00" nVehEntered="1"/>
    <interval begin="13700.00" end="13800.00" id="inductionLoop.N3" nVehContrib="1" flow="36.00" occupancy="0.36" speed="13.80" harmonicMeanSpeed="13.80" length="5.00" nVehEntered="1"/>
    <interval begin="13800.00" end="13900.00" id="inductionLoop.N3" nVehContrib="0" flow="0.00" occupancy="0.00" speed="-1.00" harmonicMeanSpeed="-1.00" length="-1.00" nVehEntered="0"/>
    <interval begin="13900.00" end="14000.00" id="inductionLoop.N3" nVehContrib="2" flow="72.00" occupancy="1.68" speed="8.69" harmonicMeanSpeed="5.94" length="5.00" nVehEntered="2"/>
    <interval begin="14000.00" end="14100.00" id="inductionLoop.N3" nVehContrib="0" flow="0.00" occupancy="0.00" speed="-1.00" harmonicMeanSpeed="-1.00" length="-1.00" nVehEntered="0"/>
    <interval begin="14100.00" end="14200.00" id="inductionLoop.N3" nVehContrib="0" flow="0.00" occupancy="0.00" speed="-1.00" harmonicMeanSpeed="-1.00" length="-1.00" nVehEntered="0"/>
    <interval begin="14200.00" end="14300.00" id="inductionLoop.N3" nVehContrib="0" flow="0.00" occupancy="0.00" speed="-1.00" harmonicMeanSpeed="-1.00" length="-1.00" nVehEntered="0"/>
    <interval begin="14300.00" end="14400.00" id="inductionLoop.N3" nVehContrib="2" flow="72.00" occupancy="2.46" speed="4.06" harmonicMeanSpeed="4.06" length="5.00" nVehEntered="2"/>
    <interval begin="14400.00" end="14500.00" id="inductionLoop.N3" nVehContrib="1" flow="36.00" occupancy="1.24" speed="4.02" harmonicMeanSpeed="4.02" length="5.00" nVehEntered="1"/>
    <interval begin="14500.00" end="14600.00" id="inductionLoop.N3" nVehContrib="3" flow="108.00" occupancy="2.13" speed="10.39" harmonicMeanSpeed="7.03" length="5.00" nVehEntered="3"/>
    <interval begin="14600.00" end="14700.00" id="inductionLoop.N3" nVehContrib="1" flow="36.00" occupancy="0.31" speed="16.39" harmonicMeanSpeed="16.39" length="5.00" nVehEntered="1"/>
    <interval begin="14700.00" end="14800.00" id="inductionLoop.N3" nVehContrib="1" flow="36.00" occupancy="1.24" speed="4.04" harmonicMeanSpeed="4.04" length="5.00" nVehEntered="1"/>
    <interval begin="14800.00" end="14900.00" id="inductionLoop.N3" nVehContrib="0" flow="0.00" occupancy="0.00" speed="-1.00" harmonicMeanSpeed="-1.00" length="-1.00" nVehEntered="0"/>
    <interval begin="14900.00" end="15000.00" id="inductionLoop.N3" nVehContrib="1" flow="36.00" occupancy="1.18" speed="4.23" harmonicMeanSpeed="4.23" length="5.00" nVehEntered="1"/>
    <interval begin="15000.00" end="15100.00" id="inductionLoop.N3" nVehContrib="0" flow="0.00" occupancy="0.00" speed="-1.00" harmonicMeanSpeed="-1.00" length="-1.00" nVehEntered="0"/>
    <interval begin="15100.00" end="15200.00" id="inductionLoop.N3" nVehContrib="0" flow="0.00" occupancy="0.00" speed="-1.00" harmonicMeanSpeed="-1.00" length="-1.00" nVehEntered="0"/>
    <interval begin="15200.00" end="15300.00" id="inductionLoop.N3" nVehContrib="0" flow="0.00" occupancy="0.00" speed="-1.00" harmonicMeanSpeed="-1.00" length="-1.00" nVehEntered="0"/>
    <interval begin="15300.00" end="15400.00" id="inductionLoop.N3" nVehContrib="1" flow="36.00" occupancy="0.37" speed="13.55" harmonicMeanSpeed="13.55" length="5.00" nVehEntered="1"/>
    <interval begin="15400.00" end="15500.00" id="inductionLoop.N3" nVehContrib="0" flow="0.00" occupancy="0.00" speed="-1.00" harmonicMeanSpeed="-1.00" length="-1.00" nVehEntered="0"/>
    <interval begin="15500.00" end="15600.00" id="inductionLoop.N3" nVehContrib="0" flow="0.00" occupancy="0.00" speed="-1.00" harmonicMeanSpeed="-1.00" length="-1.00" nVehEntered="0"/>
    <interval begin="15600.00" end="15700.00" id="inductionLoop.N3" nVehContrib="2" flow="72.00" occupancy="0.75" speed="13.44" harmonicMeanSpeed="13.40" length="5.00" nVehEntered="2"/>
    <interval begin="15700.00" end="15800.00" id="inductionLoop.N3" nVehContrib="2" flow="72.00" occupancy="0.78" speed="12.92" harmonicMeanSpeed="12.81" length="5.00" nVehEntered="2"/>
    <interval begin="15800.00" end="15900.00" id="inductionLoop.N3" nVehContrib="1" flow="36.00" occupancy="1.29" speed="3.86" harmonicMeanSpeed="3.86" length="5.00" nVehEntered="1"/>
    <interval begin="15900.00" end="16000.00" id="inductionLoop.N3" nVehContrib="4" flow="144.00" occupancy="4.22" speed="5.65" harmonicMeanSpeed="4.74" length="5.00" nVehEntered="4"/>
    <interval begin="16000.00" end="16100.00" id="inductionLoop.N3" nVehContrib="1" flow="36.00" occupancy="1.23" speed="4.07" harmonicMeanSpeed="4.07" length="5.00" nVehEntered="1"/>
    <interval begin="16100.00" end="16200.00" id="inductionLoop.N3" nVehContrib="0" flow="0.00" occupancy="0.00" speed="-1.00" harmonicMeanSpeed="-1.00" length="-1.00" nVehEntered="0"/>
    <interval begin="16200.00" end="16300.00" id="inductionLoop.N3" nVehContrib="0" flow="0.00" occupancy="0.00" speed="-1.00" harmonicMeanSpeed="-1.00" length="-1.00" nVehEntered="0"/>
    <interval begin="16300.00" end="16400.00" id="inductionLoop.N3" nVehContrib="2" flow="72.00" occupancy="1.01" speed="10.62" harmonicMeanSpeed="9.94" length="5.00" nVehEntered="2"/>
    <interval begin="16400.00" end="16500.00" id="inductionLoop.N3" nVehContrib="2" flow="72.00" occupancy="2.52" speed="3.98" harmonicMeanSpeed="3.97" length="5.00" nVehEntered="2"/>
    <interval begin="16500.00" end="16600.00" id="inductionLoop.N3" nVehContrib="1" flow="36.00" occupancy="0.46" speed="10.76" harmonicMeanSpeed="10.76" length="5.00" nVehEntered="1"/>
    <interval begin="16600.00" end="16700.00" id="inductionLoop.N3" nVehContrib="2" flow="72.00" occupancy="1.41" speed="8.89" harmonicMeanSpeed="7.09" length="5.00" nVehEntered="2"/>
    <interval begin="16700.00" end="16800.00" id="inductionLoop.N3" nVehContrib="1" flow="36.00" occupancy="1.34" speed="3.73" harmonicMeanSpeed="3.73" length="5.00" nVehEntered="1"/>
    <interval begin="16800.00" end="16900.00" id="inductionLoop.N3" nVehContrib="1" flow="36.00" occupancy="0.35" speed="14.12" harmonicMeanSpeed="14.12" length="5.00" nVehEntered="1"/>
    <interval begin="16900.00" end="17000.00" id="inductionLoop.N3" nVehContrib="2" flow="72.00" occupancy="1.38" speed="9.36" harmonicMeanSpeed="7.26" length="5.00" nVehEntered="2"/>
    <interval begin="17000.00" end="17100.00" id="inductionLoop.N3" nVehContrib="0" flow="0.00" occupancy="0.00" speed="-1.00" harmonicMeanSpeed="-1.00" length="-1.00" nVehEntered="0"/>
    <interval begin="17100.00" end="17200.00" id="inductionLoop.N3" nVehContrib="1" flow="36.00" occupancy="0.59" speed="8.46" harmonicMeanSpeed="8.46" length="5.00" nVehEntered="1"/>
    <interval begin="17200.00" end="17300.00" id="inductionLoop.N3" nVehContrib="1" flow="36.00" occupancy="0.43" speed="11.63" harmonicMeanSpeed="11.63" length="5.00" nVehEntered="1"/>
    <interval begin="17300.00" end="17400.00" id="inductionLoop.N3" nVehContrib="2" flow="72.00" occupancy="1.37" speed="9.47" harmonicMeanSpeed="7.28" length="5.00" nVehEntered="2"/>
    <interval begin="17400.00" end="17500.00" id="inductionLoop.N3" nVehContrib="2" flow="72.00" occupancy="2.65" speed="3.82" harmonicMeanSpeed="3.78" length="5.00" nVehEntered="2"/>
    <interval begin="17500.00" end="17600.00" id="inductionLoop.N3" nVehContrib="1" flow="36.00" occupancy="0.32" speed="15.68" harmonicMeanSpeed="15.68" length="5.00" nVehEntered="1"/>
    <interval begin="17600.00" end="17700.00" id="inductionLoop.N3" nVehContrib="2" flow="72.00" occupancy="0.95" speed="10.90" harmonicMeanSpeed="10.52" length="5.00" nVehEntered="2"/>
    <interval begin="17700.00" end="17800.00" id="inductionLoop.N3" nVehContrib="1" flow="36.00" occupancy="0.41" speed="12.24" harmonicMeanSpeed="12.24" length="5.00" nVehEntered="1"/>
    <interval begin="17800.00" end="17900.00" id="inductionLoop.N3" nVehContrib="2" flow="72.00" occupancy="1.74" speed="8.26" harmonicMeanSpeed="5.76" length="5.00" nVehEntered="2"/>
    <interval begin="17900.00" end="18000.00" id="inductionLoop.N3" nVehContrib="1" flow="36.00" occupancy="33.11" speed="3.04" harmonicMeanSpeed="3.04" length="5.00" nVehEntered="2"/>
    <interval begin="18000.00" end="18100.00" id="inductionLoop.N3" nVehContrib="3" flow="108.00" occupancy="8.36" speed="8.41" harmonicMeanSpeed="0.38" length="5.00" nVehEntered="2"/>
    <interval begin="18100.00" end="18200.00" id="inductionLoop.N3" nVehContrib="5" flow="180.00" occupancy="2.97" speed="9.42" harmonicMeanSpeed="8.41" length="5.00" nVehEntered="5"/>
    <interval begin="18200.00" end="18300.00" id="inductionLoop.N3" nVehContrib="3" flow="108.00" occupancy="3.14" speed="8.36" harmonicMeanSpeed="4.78" length="5.00" nVehEntered="3"/>
    <interval begin="18300.00" end="18400.00" id="inductionLoop.N3" nVehContrib="3" flow="108.00" occupancy="1.35" speed="11.44" harmonicMeanSpeed="11.13" length="5.00" nVehEntered="3"/>
    <interval begin="18400.00" end="18500.00" id="inductionLoop.N3" nVehContrib="3" flow="108.00" occupancy="2.15" speed="9.14" harmonicMeanSpeed="6.96" length="5.00" nVehEntered="3"/>
    <interval begin="18500.00" end="18600.00" id="inductionLoop.N3" nVehContrib="1" flow="36.00" occupancy="1.58" speed="3.17" harmonicMeanSpeed="3.17" length="5.00" nVehEntered="1"/>
    <interval begin="18600.00" end="18700.00" id="inductionLoop.N3" nVehContrib="3" flow="108.00" occupancy="1.42" speed="11.21" harmonicMeanSpeed="10.54" length="5.00" nVehEntered="3"/>
    <interval begin="18700.00" end="18800.00" id="inductionLoop.N3" nVehContrib="3" flow="108.00" occupancy="4.19" speed="3.64" harmonicMeanSpeed="3.58" length="5.00" nVehEntered="3"/>
    <interval begin="18800.00" end="18900.00" id="inductionLoop.N3" nVehContrib="3" flow="108.00" occupancy="3.05" speed="9.30" harmonicMeanSpeed="7.78" length="5.00" nVehEntered="4"/>
    <interval begin="18900.00" end="19000.00" id="inductionLoop.N3" nVehContrib="1" flow="36.00" occupancy="0.03" speed="4.35" harmonicMeanSpeed="4.35" length="5.00" nVehEntered="0"/>
    <interval begin="19000.00" end="19100.00" id="inductionLoop.N3" nVehContrib="5" flow="180.00" occupancy="17.35" speed="7.25" harmonicMeanSpeed="1.44" length="5.00" nVehEntered="5"/>
    <interval begin="19100.00" end="19200.00" id="inductionLoop.N3" nVehContrib="2" flow="72.00" occupancy="2.58" speed="4.56" harmonicMeanSpeed="4.56" length="5.00" nVehEntered="3"/>
    <interval begin="19200.00" end="19300.00" id="inductionLoop.N3" nVehContrib="3" flow="108.00" occupancy="2.87" speed="7.31" harmonicMeanSpeed="4.60" length="5.00" nVehEntered="2"/>
    <interval begin="19300.00" end="19400.00" id="inductionLoop.N3" nVehContrib="1" flow="36.00" occupancy="1.58" speed="3.16" harmonicMeanSpeed="3.16" length="5.00" nVehEntered="1"/>
    <interval begin="19400.00" end="19500.00" id="inductionLoop.N3" nVehContrib="1" flow="36.00" occupancy="11.30" speed="0.44" harmonicMeanSpeed="0.44" length="5.00" nVehEntered="1"/>
    <interval begin="19500.00" end="19600.00" id="inductionLoop.N3" nVehContrib="2" flow="72.00" occupancy="1.53" speed="8.79" harmonicMeanSpeed="6.54" length="5.00" nVehEntered="2"/>
    <interval begin="19600.00" end="19700.00" id="inductionLoop.N3" nVehContrib="4" flow="144.00" occupancy="3.58" speed="8.47" harmonicMeanSpeed="5.59" length="5.00" nVehEntered="4"/>
    <interval begin="19700.00" end="19800.00" id="inductionLoop.N3" nVehContrib="1" flow="36.00" occupancy="0.37" speed="13.41" harmonicMeanSpeed="13.41" length="5.00" nVehEntered="1"/>
    <interval begin="19800.00" end="19900.00" id="inductionLoop.N3" nVehContrib="4" flow="144.00" occupancy="4.01" speed="6.89" harmonicMeanSpeed="4.99" length="5.00" nVehEntered="4"/>
    <interval begin="19900.00" end="20000.00" id="inductionLoop.N3" nVehContrib="7" flow="252.00" occupancy="9.14" speed="4.57" harmonicMeanSpeed="3.83" length="5.00" nVehEntered="7"/>
    <interval begin="20000.00" end="20100.00" id="inductionLoop.N3" nVehContrib="2" flow="72.00" occupancy="1.81" speed="6.90" harmonicMeanSpeed="5.52" length="5.00" nVehEntered="2"/>
    <interval begin="20100.00" end="20200.00" id="inductionLoop.N3" nVehContrib="5" flow="180.00" occupancy="7.52" speed="5.23" harmonicMeanSpeed="3.32" length="5.00" nVehEntered="5"/>
    <interval begin="20200.00" end="20300.00" id="inductionLoop.N3" nVehContrib="7" flow="252.00" occupancy="9.95" speed="5.76" harmonicMeanSpeed="3.52" length="5.00" nVehEntered="7"/>
    <interval begin="20300.00" end="20400.00" id="inductionLoop.N3" nVehContrib="7" flow="252.00" occupancy="17.69" speed="4.34" harmonicMeanSpeed="1.98" length="5.00" nVehEntered="7"/>
    <interval begin="20400.00" end="20500.00" id="inductionLoop.N3" nVehContrib="6" flow="216.00" occupancy="47.80" speed="3.00" harmonicMeanSpeed="0.63" length="5.00" nVehEntered="7"/>
    <interval begin="20500.00" end="20600.00" id="inductionLoop.N3" nVehContrib="6" flow="216.00" occupancy="8.25" speed="4.44" harmonicMeanSpeed="3.51" length="5.00" nVehEntered="5"/>
    <interval begin="20600.00" end="20700.00" id="inductionLoop.N3" nVehContrib="6" flow="216.00" occupancy="27.64" speed="4.16" harmonicMeanSpeed="3.25" length="5.00" nVehEntered="7"/>
    <interval begin="20700.00" end="20800.00" id="inductionLoop.N3" nVehContrib="6" flow="216.00" occupancy="65.77" speed="5.21" harmonicMeanSpeed="0.65" length="5.00" nVehEntered="6"/>
    <interval begin="20800.00" end="20900.00" id="inductionLoop.N3" nVehContrib="4" flow="144.00" occupancy="73.90" speed="2.13" harmonicMeanSpeed="0.45" length="5.00" nVehEntered="4"/>
    <interval begin="20900.00" end="21000.00" id="inductionLoop.N3" nVehContrib="12" flow="432.00" occupancy="60.27" speed="4.05" harmonicMeanSpeed="0.47" length="5.00" nVehEntered="11"/>
    <interval begin="21000.00" end="21100.00" id="inductionLoop.N3" nVehContrib="8" flow="288.00" occupancy="43.44" speed="3.90" harmonicMeanSpeed="0.92" length="5.00" nVehEntered="8"/>
    <interval begin="21100.00" end="21200.00" id="inductionLoop.N3" nVehContrib="7" flow="252.00" occupancy="12.80" speed="4.43" harmonicMeanSpeed="3.23" length="5.00" nVehEntered="8"/>
    <interval begin="21200.00" end="21300.00" id="inductionLoop.N3" nVehContrib="3" flow="108.00" occupancy="5.49" speed="3.55" harmonicMeanSpeed="3.04" length="5.00" nVehEntered="3"/>
    <interval begin="21300.00" end="21400.00" id="inductionLoop.N3" nVehContrib="8" flow="288.00" occupancy="7.89" speed="5.47" harmonicMeanSpeed="3.84" length="5.00" nVehEntered="7"/>
    <interval begin="21400.00" end="21500.00" id="inductionLoop.N3" nVehContrib="6" flow="216.00" occupancy="8.69" speed="4.06" harmonicMeanSpeed="3.45" length="5.00" nVehEntered="6"/>
    <interval begin="21500.00" end="21600.00" id="inductionLoop.N3" nVehContrib="7" flow="252.00" occupancy="48.79" speed="4.33" harmonicMeanSpeed="0.72" length="5.00" nVehEntered="7"/>
    <interval begin="21600.00" end="21700.00" id="inductionLoop.N3" nVehContrib="5" flow="180.00" occupancy="42.22" speed="4.51" harmonicMeanSpeed="0.60" length="5.00" nVehEntered="6"/>
    <interval begin="21700.00" end="21800.00" id="inductionLoop.N3" nVehContrib="10" flow="360.00" occupancy="37.30" speed="4.64" harmonicMeanSpeed="1.32" length="5.00" nVehEntered="9"/>
    <interval begin="21800.00" end="21900.00" id="inductionLoop.N3" nVehContrib="7" flow="252.00" occupancy="9.36" speed="5.29" harmonicMeanSpeed="3.74" length="5.00" nVehEntered="7"/>
    <interval begin="21900.00" end="22000.00" id="inductionLoop.N3" nVehContrib="13" flow="468.00" occupancy="14.68" speed="6.33" harmonicMeanSpeed="4.43" length="5.00" nVehEntered="13"/>
    <interval begin="22000.00" end="22100.00" id="inductionLoop.N3" nVehContrib="5" flow="180.00" occupancy="40.70" speed="3.66" harmonicMeanSpeed="1.61" length="5.00" nVehEntered="6"/>
    <interval begin="22100.00" end="22200.00" id="inductionLoop.N3" nVehContrib="12" flow="432.00" occupancy="35.10" speed="7.49" harmonicMeanSpeed="1.00" length="5.00" nVehEntered="11"/>
    <interval begin="22200.00" end="22300.00" id="inductionLoop.N3" nVehContrib="5" flow="180.00" occupancy="6.44" speed="4.87" harmonicMeanSpeed="3.88" length="5.00" nVehEntered="5"/>
    <interval begin="22300.00" end="22400.00" id="inductionLoop.N3" nVehContrib="10" flow="360.00" occupancy="49.61" speed="5.84" harmonicMeanSpeed="4.56" length="5.00" nVehEntered="11"/>
    <interval begin="22400.00" end="22500.00" id="inductionLoop.N3" nVehContrib="11" flow="396.00" occupancy="60.98" speed="6.33" harmonicMeanSpeed="0.55" length="5.00" nVehEntered="10"/>
    <interval begin="22500.00" end="22600.00" id="inductionLoop.N3" nVehContrib="16" flow="576.00" occupancy="60.89" speed="6.30" harmonicMeanSpeed="1.32" length="5.00" nVehEntered="17"/>
    <interval begin="22600.00" end="22700.00" id="inductionLoop.N3" nVehContrib="12" flow="432.00" occupancy="68.77" speed="6.60" harmonicMeanSpeed="1.20" length="5.00" nVehEntered="12"/>
    <interval begin="22700.00" end="22800.00" id="inductionLoop.N3" nVehContrib="8" flow="288.00" occupancy="34.98" speed="3.52" harmonicMeanSpeed="0.78" length="5.00" nVehEntered="8"/>
    <interval begin="22800.00" end="22900.00" id="inductionLoop.N3" nVehContrib="10" flow="360.00" occupancy="14.28" speed="4.42" harmonicMeanSpeed="2.94" length="5.00" nVehEntered="9"/>
    <interval begin="22900.00" end="23000.00" id="inductionLoop.N3" nVehContrib="14" flow="504.00" occupancy="19.28" speed="6.70" harmonicMeanSpeed="5.43" length="5.00" nVehEntered="15"/>
    <interval begin="23000.00" end="23100.00" id="inductionLoop.N3" nVehContrib="6" flow="216.00" occupancy="87.45" speed="5.18" harmonicMeanSpeed="0.55" length="5.00" nVehEntered="6"/>
    <interval begin="23100.00" end="23200.00" id="inductionLoop.N3" nVehContrib="7" flow="252.00" occupancy="34.86" speed="4.15" harmonicMeanSpeed="0.47" length="5.00" nVehEntered="6"/>
    <interval begin="23200.00" end="23300.00" id="inductionLoop.N3" nVehContrib="8" flow="288.00" occupancy="7.34" speed="7.29" harmonicMeanSpeed="5.45" length="5.00" nVehEntered="8"/>
    <interval begin="23300.00" end="23400.00" id="inductionLoop.N3" nVehContrib="16" flow="576.00" occupancy="16.20" speed="7.21" harmonicMeanSpeed="4.94" length="5.00" nVehEntered="16"/>
    <interval begin="23400.00" end="23500.00" id="inductionLoop.N3" nVehContrib="10" flow="360.00" occupancy="79.54" speed="4.87" harmonicMeanSpeed="0.63" length="5.00" nVehEntered="10"/>
    <interval begin="23500.00" end="23600.00" id="inductionLoop.N3" nVehContrib="9" flow="324.00" occupancy="13.51" speed="4.91" harmonicMeanSpeed="3.33" length="5.00" nVehEntered="9"/>
    <interval begin="23600.00" end="23700.00" id="inductionLoop.N3" nVehContrib="14" flow="504.00" occupancy="35.52" speed="7.22" harmonicMeanSpeed="5.91" length="5.00" nVehEntered="15"/>
    <interval begin="23700.00" end="23800.00" id="inductionLoop.N3" nVehContrib="10" flow="360.00" occupancy="82.71" speed="6.97" harmonicMeanSpeed="0.67" length="5.00" nVehEntered="10"/>
    <interval begin="23800.00" end="23900.00" id="inductionLoop.N3" nVehContrib="11" flow="396.00" occupancy="28.40" speed="4.10" harmonicMeanSpeed="0.93" length="5.00" nVehEntered="11"/>
    <interval begin="23900.00" end="24000.00" id="inductionLoop.N3" nVehContrib="21" flow="756.00" occupancy="53.16" speed="7.61" harmonicMeanSpeed="2.08" length="5.00" nVehEntered="21"/>
    <interval begin="24000.00" end="24100.00" id="inductionLoop.N3" nVehContrib="7" flow="252.00" occupancy="39.37" speed="3.81" harmonicMeanSpeed="0.82" length="5.00" nVehEntered="6"/>
    <interval begin="24100.00" end="24200.00" id="inductionLoop.N3" nVehContrib="17" flow="612.00" occupancy="19.90" speed="7.44" harmonicMeanSpeed="5.71" length="5.00" nVehEntered="18"/>
    <interval begin="24200.00" end="24300.00" id="inductionLoop.N3" nVehContrib="8" flow="288.00" occupancy="69.41" speed="6.29" harmonicMeanSpeed="0.98" length="5.00" nVehEntered="8"/>
    <interval begin="24300.00" end="24400.00" id="inductionLoop.N3" nVehContrib="11" flow="396.00" occupancy="63.85" speed="4.22" harmonicMeanSpeed="0.64" length="5.00" nVehEntered="11"/>
    <interval begin="24400.00" end="24500.00" id="inductionLoop.N3" nVehContrib="7" flow="252.00" occupancy="76.97" speed="5.18" harmonicMeanSpeed="0.78" length="5.00" nVehEntered="7"/>
    <interval begin="24500.00" end="24600.00" id="inductionLoop.N3" nVehContrib="16" flow="576.00" occupancy="20.81" speed="5.99" harmonicMeanSpeed="1.25" length="5.00" nVehEntered="15"/>
    <interval begin="24600.00" end="24700.00" id="inductionLoop.N3" nVehContrib="13" flow="468.00" occupancy="34.25" speed="6.50" harmonicMeanSpeed="6.01" length="5.00" nVehEntered="14"/>
    <interval begin="24700.00" end="24800.00" id="inductionLoop.N3" nVehContrib="17" flow="612.00" occupancy="74.29" speed="8.60" harmonicMeanSpeed="0.87" length="5.00" nVehEntered="16"/>
    <interval begin="24800.00" end="24900.00" id="inductionLoop.N3" nVehContrib="17" flow="612.00" occupancy="15.40" speed="6.75" harmonicMeanSpeed="6.30" length="5.00" nVehEntered="18"/>
    <interval begin="24900.00" end="25000.00" id="inductionLoop.N3" nVehContrib="11" flow="396.00" occupancy="11.85" speed="6.76" harmonicMeanSpeed="4.00" length="5.00" nVehEntered="10"/>
    <interval begin="25000.00" end="25100.00" id="inductionLoop.N3" nVehContrib="15" flow="540.00" occupancy="54.95" speed="6.99" harmonicMeanSpeed="1.52" length="5.00" nVehEntered="16"/>
    <interval begin="25100.00" end="25200.00" id="inductionLoop.N3" nVehContrib="13" flow="468.00" occupancy="64.68" speed="4.86" harmonicMeanSpeed="1.08" length="5.00" nVehEntered="13"/>
    <interval begin="25200.00" end="25300.00" id="inductionLoop.N3" nVehContrib="15" flow="540.00" occupancy="57.90" speed="6.44" harmonicMeanSpeed="1.14" length="5.00" nVehEntered="15"/>
    <interval begin="25300.00" end="25400.00" id="inductionLoop.N3" nVehContrib="13" flow="468.00" occupancy="14.05" speed="5.96" harmonicMeanSpeed="3.88" length="5.00" nVehEntered="12"/>
    <interval begin="25400.00" end="25500.00" id="inductionLoop.N3" nVehContrib="15" flow="540.00" occupancy="64.68" speed="7.69" harmonicMeanSpeed="1.16" length="5.00" nVehEntered="15"/>
    <interval begin="25500.00" end="25600.00" id="inductionLoop.N3" nVehContrib="13" flow="468.00" occupancy="25.98" speed="9.39" harmonicMeanSpeed="7.57" length="5.00" nVehEntered="14"/>
    <interval begin="25600.00" end="25700.00" id="inductionLoop.N3" nVehContrib="10" flow="360.00" occupancy="71.56" speed="5.01" harmonicMeanSpeed="0.56" length="5.00" nVehEntered="9"/>
    <interval begin="25700.00" end="25800.00" id="inductionLoop.N3" nVehContrib="12" flow="432.00" occupancy="13.17" speed="6.78" harmonicMeanSpeed="4.93" length="5.00" nVehEntered="13"/>
    <interval begin="25800.00" end="25900.00" id="inductionLoop.N3" nVehContrib="16" flow="576.00" occupancy="55.78" speed="7.89" harmonicMeanSpeed="6.06" length="5.00" nVehEntered="16"/>
    <interval begin="25900.00" end="26000.00" id="inductionLoop.N3" nVehContrib="12" flow="432.00" occupancy="17.89" speed="7.82" harmonicMeanSpeed="0.98" length="5.00" nVehEntered="11"/>
    <interval begin="26000.00" end="26100.00" id="inductionLoop.N3" nVehContrib="15" flow="540.00" occupancy="41.22" speed="7.00" harmonicMeanSpeed="5.40" length="5.00" nVehEntered="16"/>
    <interval begin="26100.00" end="26200.00" id="inductionLoop.N3" nVehContrib="15" flow="540.00" occupancy="73.66" speed="6.16" harmonicMeanSpeed="1.16" length="5.00" nVehEntered="15"/>
    <interval begin="26200.00" end="26300.00" id="inductionLoop.N3" nVehContrib="17" flow="612.00" occupancy="61.12" speed="7.96" harmonicMeanSpeed="1.09" length="5.00" nVehEntered="17"/>
    <interval begin="26300.00" end="26400.00" id="inductionLoop.N3" nVehContrib="10" flow="360.00" occupancy="73.54" speed="6.98" harmonicMeanSpeed="0.91" length="5.00" nVehEntered="10"/>
    <interval begin="26400.00" end="26500.00" id="inductionLoop.N3" nVehContrib="8" flow="288.00" occupancy="16.64" speed="5.66" harmonicMeanSpeed="0.74" length="5.00" nVehEntered="7"/>
    <interval begin="26500.00" end="26600.00" id="inductionLoop.N3" nVehContrib="8" flow="288.00" occupancy="49.93" speed="6.09" harmonicMeanSpeed="0.82" length="5.00" nVehEntered="9"/>
    <interval begin="26600.00" end="26700.00" id="inductionLoop.N3" nVehContrib="6" flow="216.00" occupancy="89.52" speed="5.62" harmonicMeanSpeed="0.82" length="5.00" nVehEntered="6"/>
    <interval begin="26700.00" end="26800.00" id="inductionLoop.N3" nVehContrib="9" flow="324.00" occupancy="29.92" speed="4.20" harmonicMeanSpeed="0.54" length="5.00" nVehEntered="8"/>
    <interval begin="26800.00" end="26900.00" id="inductionLoop.N3" nVehContrib="13" flow="468.00" occupancy="15.52" speed="5.97" harmonicMeanSpeed="4.19" length="5.00" nVehEntered="13"/>
    <interval begin="26900.00" end="27000.00" id="inductionLoop.N3" nVehContrib="5" flow="180.00" occupancy="8.40" speed="4.95" harmonicMeanSpeed="2.98" length="5.00" nVehEntered="5"/>
    <interval begin="27000.00" end="27100.00" id="inductionLoop.N3" nVehContrib="12" flow="432.00" occupancy="62.46" speed="7.31" harmonicMeanSpeed="0.96" length="5.00" nVehEntered="12"/>
    <interval begin="27100.00" end="27200.00" id="inductionLoop.N3" nVehContrib="15" flow="540.00" occupancy="57.42" speed="6.93" harmonicMeanSpeed="1.31" length="5.00" nVehEntered="15"/>
    <interval begin="27200.00" end="27300.00" id="inductionLoop.N3" nVehContrib="8" flow="288.00" occupancy="9.34" speed="6.20" harmonicMeanSpeed="4.28" length="5.00" nVehEntered="8"/>
    <interval begin="27300.00" end="27400.00" id="inductionLoop.N3" nVehContrib="8" flow="288.00" occupancy="65.11" speed="4.75" harmonicMeanSpeed="0.65" length="5.00" nVehEntered="9"/>
    <interval begin="27400.00" end="27500.00" id="inductionLoop.N3" nVehContrib="11" flow="396.00" occupancy="49.99" speed="5.79" harmonicMeanSpeed="1.34" length="5.00" nVehEntered="11"/>
    <interval begin="27500.00" end="27600.00" id="inductionLoop.N3" nVehContrib="10" flow="360.00" occupancy="81.33" speed="6.91" harmonicMeanSpeed="0.72" length="5.00" nVehEntered="10"/>
    <interval begin="27600.00" end="27700.00" id="inductionLoop.N3" nVehContrib="10" flow="360.00" occupancy="46.74" speed="4.72" harmonicMeanSpeed="0.72" length="5.00" nVehEntered="10"/>
    <interval begin="27700.00" end="27800.00" id="inductionLoop.N3" nVehContrib="13" flow="468.00" occupancy="59.99" speed="5.89" harmonicMeanSpeed="1.06" length="5.00" nVehEntered="12"/>
    <interval begin="27800.00" end="27900.00" id="inductionLoop.N3" nVehContrib="15" flow="540.00" occupancy="62.95" speed="7.64" harmonicMeanSpeed="1.19" length="5.00" nVehEntered="15"/>
    <interval begin="27900.00" end="28000.00" id="inductionLoop.N3" nVehContrib="8" flow="288.00" occupancy="7.32" speed="6.74" harmonicMeanSpeed="5.46" length="5.00" nVehEntered="8"/>
    <interval begin="28000.00" end="28100.00" id="inductionLoop.N3" nVehContrib="6" flow="216.00" occupancy="54.22" speed="4.51" harmonicMeanSpeed="0.55" length="5.00" nVehEntered="6"/>
    <interval begin="28100.00" end="28200.00" id="inductionLoop.N3" nVehContrib="17" flow="612.00" occupancy="22.87" speed="7.24" harmonicMeanSpeed="3.72" length="5.00" nVehEntered="17"/>
    <interval begin="28200.00" end="28300.00" id="inductionLoop.N3" nVehContrib="5" flow="180.00" occupancy="52.03" speed="3.45" harmonicMeanSpeed="0.48" length="5.00" nVehEntered="5"/>
    <interval begin="28300.00" end="28400.00" id="inductionLoop.N3" nVehContrib="4" flow="144.00" occupancy="25.29" speed="5.97" harmonicMeanSpeed="5.51" length="5.00" nVehEntered="5"/>
    <interval begin="28400.00" end="28500.00" id="inductionLoop.N3" nVehContrib="7" flow="252.00" occupancy="64.24" speed="4.58" harmonicMeanSpeed="0.41" length="5.00" nVehEntered="6"/>
    <interval begin="28500.00" end="28600.00" id="inductionLoop.N3" nVehContrib="2" flow="72.00" occupancy="0.84" speed="11.89" harmonicMeanSpeed="11.88" length="5.00" nVehEntered="2"/>
    <interval begin="28600.00" end="28700.00" id="inductionLoop.N3" nVehContrib="2" flow="72.00" occupancy="2.33" speed="4.33" harmonicMeanSpeed="4.29" length="5.00" nVehEntered="2"/>
    <interval begin="28700.00" end="28800.00" id="inductionLoop.N3" nVehContrib="6" flow="216.00" occupancy="24.78" speed="5.87" harmonicMeanSpeed="1.21" length="5.00" nVehEntered="6"/>
    <interval begin="28800.00" end="28900.00" id="inductionLoop.N3" nVehContrib="4" flow="144.00" occupancy="3.81" speed="5.66" harmonicMeanSpeed="5.25" length="5.00" nVehEntered="4"/>
    <interval begin="28900.00" end="29000.00" id="inductionLoop.N3" nVehContrib="4" flow="144.00" occupancy="46.36" speed="8.83" harmonicMeanSpeed="0.43" length="5.00" nVehEntered="4"/>
    <interval begin="29000.00" end="29100.00" id="inductionLoop.N3" nVehContrib="9" flow="324.00" occupancy="8.43" speed="7.64" harmonicMeanSpeed="5.34" length="5.00" nVehEntered="9"/>
    <interval begin="29100.00" end="29200.00" id="inductionLoop.N3" nVehContrib="10" flow="360.00" occupancy="9.09" speed="6.89" harmonicMeanSpeed="5.50" length="5.00" nVehEntered="10"/>
    <interval begin="29200.00" end="29300.00" id="inductionLoop.N3" nVehContrib="3" flow="108.00" occupancy="63.91" speed="2.55" harmonicMeanSpeed="0.23" length="5.00" nVehEntered="3"/>
    <interval begin="29300.00" end="29400.00" id="inductionLoop.N3" nVehContrib="11" flow="396.00" occupancy="48.36" speed="7.75" harmonicMeanSpeed="5.84" length="5.00" nVehEntered="12"/>
    <interval begin="29400.00" end="29500.00" id="inductionLoop.N3" nVehContrib="9" flow="324.00" occupancy="71.30" speed="5.59" harmonicMeanSpeed="0.41" length="5.00" nVehEntered="8"/>
    <interval begin="29500.00" end="29600.00" id="inductionLoop.N3" nVehContrib="6" flow="216.00" occupancy="4.67" speed="7.49" harmonicMeanSpeed="6.43" length="5.00" nVehEntered="6"/>
    <interval begin="29600.00" end="29700.00" id="inductionLoop.N3" nVehContrib="7" flow="252.00" occupancy="49.00" speed="6.05" harmonicMeanSpeed="0.91" length="5.00" nVehEntered="8"/>
    <interval begin="29700.00" end="29800.00" id="inductionLoop.N3" nVehContrib="7" flow="252.00" occupancy="65.56" speed="4.63" harmonicMeanSpeed="0.46" length="5.00" nVehEntered="6"/>
    <interval begin="29800.00" end="29900.00" id="inductionLoop.N3" nVehContrib="3" flow="108.00" occupancy="52.32" speed="4.50" harmonicMeanSpeed="4.14" length="5.00" nVehEntered="4"/>
    <interval begin="29900.00" end="30000.00" id="inductionLoop.N3" nVehContrib="9" flow="324.00" occupancy="56.34" speed="5.75" harmonicMeanSpeed="0.43" length="5.00" nVehEntered="8"/>
    <interval begin="30000.00" end="30100.00" id="inductionLoop.N3" nVehContrib="2" flow="72.00" occupancy="3.03" speed="3.60" harmonicMeanSpeed="3.30" length="5.00" nVehEntered="2"/>
    <interval begin="30100.00" end="30200.00" id="inductionLoop.N3" nVehContrib="4" flow="144.00" occupancy="5.58" speed="4.72" harmonicMeanSpeed="3.58" length="5.00" nVehEntered="4"/>
    <interval begin="30200.00" end="30300.00" id="inductionLoop.N3" nVehContrib="7" flow="252.00" occupancy="5.54" speed="7.62" harmonicMeanSpeed="6.31" length="5.00" nVehEntered="7"/>
    <interval begin="30300.00" end="30400.00" id="inductionLoop.N3" nVehContrib="5" flow="180.00" occupancy="3.09" speed="9.68" harmonicMeanSpeed="8.09" length="5.00" nVehEntered="5"/>
    <interval begin="30400.00" end="30500.00" id="inductionLoop.N3" nVehContrib="2" flow="72.00" occupancy="8.69" speed="2.24" harmonicMeanSpeed="1.15" length="5.00" nVehEntered="2"/>
    <interval begin="30500.00" end="30600.00" id="inductionLoop.N3" nVehContrib="2" flow="72.00" occupancy="1.89" speed="8.43" harmonicMeanSpeed="5.30" length="5.00" nVehEntered="2"/>
    <interval begin="30600.00" end="30700.00" id="inductionLoop.N3" nVehContrib="1" flow="36.00" occupancy="1.52" speed="3.29" harmonicMeanSpeed="3.29" length="5.00" nVehEntered="1"/>
    <interval begin="30700.00" end="30800.00" id="inductionLoop.N3" nVehContrib="0" flow="0.00" occupancy="0.00" speed="-1.00" harmonicMeanSpeed="-1.00" length="-1.00" nVehEntered="0"/>
    <interval begin="30800.00" end="30900.00" id="inductionLoop.N3" nVehContrib="0" flow="0.00" occupancy="0.00" speed="-1.00" harmonicMeanSpeed="-1.00" length="-1.00" nVehEntered="0"/>
    <interval begin="30900.00" end="31000.00" id="inductionLoop.N3" nVehContrib="0" flow="0.00" occupancy="0.00" speed="-1.00" harmonicMeanSpeed="-1.00" length="-1.00" nVehEntered="0"/>
    <interval begin="31000.00" end="31100.00" id="inductionLoop.N3" nVehContrib="0" flow="0.00" occupancy="0.00" speed="-1.00" harmonicMeanSpeed="-1.00" length="-1.00" nVehEntered="0"/>
    <interval begin="31100.00" end="31200.00" id="inductionLoop.N3" nVehContrib="0" flow="0.00" occupancy="0.00" speed="-1.00" harmonicMeanSpeed="-1.00" length="-1.00" nVehEntered="0"/>
    <interval begin="31200.00" end="31300.00" id="inductionLoop.N3" nVehContrib="0" flow="0.00" occupancy="0.00" speed="-1.00" harmonicMeanSpeed="-1.00" length="-1.00" nVehEntered="0"/>
    <interval begin="31300.00" end="31400.00" id="inductionLoop.N3" nVehContrib="0" flow="0.00" occupancy="0.00" speed="-1.00" harmonicMeanSpeed="-1.00" length="-1.00" nVehEntered="0"/>
    <interval begin="31400.00" end="31500.00" id="inductionLoop.N3" nVehContrib="0" flow="0.00" occupancy="0.00" speed="-1.00" harmonicMeanSpeed="-1.00" length="-1.00" nVehEntered="0"/>
    <interval begin="31500.00" end="31600.00" id="inductionLoop.N3" nVehContrib="0" flow="0.00" occupancy="0.00" speed="-1.00" harmonicMeanSpeed="-1.00" length="-1.00" nVehEntered="0"/>
    <interval begin="31600.00" end="31700.00" id="inductionLoop.N3" nVehContrib="0" flow="0.00" occupancy="0.00" speed="-1.00" harmonicMeanSpeed="-1.00" length="-1.00" nVehEntered="0"/>
    <interval begin="31700.00" end="31800.00" id="inductionLoop.N3" nVehContrib="0" flow="0.00" occupancy="0.00" speed="-1.00" harmonicMeanSpeed="-1.00" length="-1.00" nVehEntered="0"/>
    <interval begin="31800.00" end="31900.00" id="inductionLoop.N3" nVehContrib="0" flow="0.00" occupancy="0.00" speed="-1.00" harmonicMeanSpeed="-1.00" length="-1.00" nVehEntered="0"/>
    <interval begin="31900.00" end="32000.00" id="inductionLoop.N3" nVehContrib="0" flow="0.00" occupancy="0.00" speed="-1.00" harmonicMeanSpeed="-1.00" length="-1.00" nVehEntered="0"/>
    <interval begin="32000.00" end="32100.00" id="inductionLoop.N3" nVehContrib="0" flow="0.00" occupancy="0.00" speed="-1.00" harmonicMeanSpeed="-1.00" length="-1.00" nVehEntered="0"/>
    <interval begin="32100.00" end="32200.00" id="inductionLoop.N3" nVehContrib="1" flow="36.00" occupancy="0.40" speed="12.40" harmonicMeanSpeed="12.40" length="5.00" nVehEntered="1"/>
    <interval begin="32200.00" end="32300.00" id="inductionLoop.N3" nVehContrib="4" flow="144.00" occupancy="3.68" speed="8.09" harmonicMeanSpeed="5.44" length="5.00" nVehEntered="4"/>
    <interval begin="32300.00" end="32400.00" id="inductionLoop.N3" nVehContrib="0" flow="0.00" occupancy="0.00" speed="-1.00" harmonicMeanSpeed="-1.00" length="-1.00" nVehEntered="0"/>
    <interval begin="32400.00" end="32500.00" id="inductionLoop.N3" nVehContrib="1" flow="36.00" occupancy="1.37" speed="3.66" harmonicMeanSpeed="3.66" length="5.00" nVehEntered="1"/>
    <interval begin="32500.00" end="32600.00" id="inductionLoop.N3" nVehContrib="0" flow="0.00" occupancy="0.00" speed="-1.00" harmonicMeanSpeed="-1.00" length="-1.00" nVehEntered="0"/>
    <interval begin="32600.00" end="32700.00" id="inductionLoop.N3" nVehContrib="1" flow="36.00" occupancy="0.45" speed="11.08" harmonicMeanSpeed="11.08" length="5.00" nVehEntered="1"/>
    <interval begin="32700.00" end="32800.00" id="inductionLoop.N3" nVehContrib="3" flow="108.00" occupancy="3.50" speed="6.33" harmonicMeanSpeed="4.96" length="5.00" nVehEntered="4"/>
    <interval begin="32800.00" end="32900.00" id="inductionLoop.N3" nVehContrib="8" flow="288.00" occupancy="13.29" speed="5.54" harmonicMeanSpeed="2.91" length="5.00" nVehEntered="7"/>
    <interval begin="32900.00" end="33000.00" id="inductionLoop.N3" nVehContrib="8" flow="288.00" occupancy="27.48" speed="7.76" harmonicMeanSpeed="1.46" length="5.00" nVehEntered="8"/>
    <interval begin="33000.00" end="33100.00" id="inductionLoop.N3" nVehContrib="9" flow="324.00" occupancy="9.88" speed="6.27" harmonicMeanSpeed="4.56" length="5.00" nVehEntered="9"/>
    <interval begin="33100.00" end="33200.00" id="inductionLoop.N3" nVehContrib="6" flow="216.00" occupancy="9.91" speed="4.79" harmonicMeanSpeed="3.03" length="5.00" nVehEntered="6"/>
    <interval begin="33200.00" end="33300.00" id="inductionLoop.N3" nVehContrib="3" flow="108.00" occupancy="4.40" speed="4.78" harmonicMeanSpeed="3.41" length="5.00" nVehEntered="3"/>
    <interval begin="33300.00" end="33400.00" id="inductionLoop.N3" nVehContrib="2" flow="72.00" occupancy="2.08" speed="6.31" harmonicMeanSpeed="4.80" length="5.00" nVehEntered="2"/>
    <interval begin="33400.00" end="33500.00" id="inductionLoop.N3" nVehContrib="5" flow="180.00" occupancy="5.07" speed="6.18" harmonicMeanSpeed="4.93" length="5.00" nVehEntered="5"/>
    <interval begin="33500.00" end="33600.00" id="inductionLoop.N3" nVehContrib="1" flow="36.00" occupancy="0.40" speed="12.44" harmonicMeanSpeed="12.44" length="5.00" nVehEntered="1"/>
    <interval begin="33600.00" end="33700.00" id="inductionLoop.N3" nVehContrib="1" flow="36.00" occupancy="1.11" speed="4.52" harmonicMeanSpeed="4.52" length="5.00" nVehEntered="1"/>
    <interval begin="33700.00" end="33800.00" id="inductionLoop.N3" nVehContrib="0" flow="0.00" occupancy="0.00" speed="-1.00" harmonicMeanSpeed="-1.00" length="-1.00" nVehEntered="0"/>
    <interval begin="33800.00" end="33900.00" id="inductionLoop.N3" nVehContrib="0" flow="0.00" occupancy="0.00" speed="-1.00" harmonicMeanSpeed="-1.00" length="-1.00" nVehEntered="0"/>
    <interval begin="33900.00" end="34000.00" id="inductionLoop.N3" nVehContrib="0" flow="0.00" occupancy="0.00" speed="-1.00" harmonicMeanSpeed="-1.00" length="-1.00" nVehEntered="0"/>
    <interval begin="34000.00" end="34100.00" id="inductionLoop.N3" nVehContrib="0" flow="0.00" occupancy="0.00" speed="-1.00" harmonicMeanSpeed="-1.00" length="-1.00" nVehEntered="0"/>
    <interval begin="34100.00" end="34200.00" id="inductionLoop.N3" nVehContrib="0" flow="0.00" occupancy="0.00" speed="-1.00" harmonicMeanSpeed="-1.00" length="-1.00" nVehEntered="0"/>
    <interval begin="34200.00" end="34300.00" id="inductionLoop.N3" nVehContrib="2" flow="72.00" occupancy="0.81" speed="12.39" harmonicMeanSpeed="12.37" length="5.00" nVehEntered="2"/>
    <interval begin="34300.00" end="34400.00" id="inductionLoop.N3" nVehContrib="2" flow="72.00" occupancy="13.21" speed="1.79" harmonicMeanSpeed="0.76" length="5.00" nVehEntered="2"/>
    <interval begin="34400.00" end="34500.00" id="inductionLoop.N3" nVehContrib="1" flow="36.00" occupancy="0.42" speed="11.79" harmonicMeanSpeed="11.79" length="5.00" nVehEntered="1"/>
    <interval begin="34500.00" end="34600.00" id="inductionLoop.N3" nVehContrib="4" flow="144.00" occupancy="3.60" speed="8.07" harmonicMeanSpeed="5.55" length="5.00" nVehEntered="4"/>
    <interval begin="34600.00" end="34700.00" id="inductionLoop.N3" nVehContrib="11" flow="396.00" occupancy="33.69" speed="5.95" harmonicMeanSpeed="1.63" length="5.00" nVehEntered="11"/>
    <interval begin="34700.00" end="34800.00" id="inductionLoop.N3" nVehContrib="6" flow="216.00" occupancy="43.57" speed="5.03" harmonicMeanSpeed="0.79" length="5.00" nVehEntered="7"/>
    <interval begin="34800.00" end="34900.00" id="inductionLoop.N3" nVehContrib="7" flow="252.00" occupancy="72.74" speed="3.46" harmonicMeanSpeed="0.45" length="5.00" nVehEntered="6"/>
    <interval begin="34900.00" end="35000.00" id="inductionLoop.N3" nVehContrib="15" flow="540.00" occupancy="16.02" speed="6.65" harmonicMeanSpeed="4.68" length="5.00" nVehEntered="15"/>
    <interval begin="35000.00" end="35100.00" id="inductionLoop.N3" nVehContrib="10" flow="360.00" occupancy="19.57" speed="4.16" harmonicMeanSpeed="2.94" length="5.00" nVehEntered="11"/>
    <interval begin="35100.00" end="35200.00" id="inductionLoop.N3" nVehContrib="12" flow="432.00" occupancy="51.23" speed="5.92" harmonicMeanSpeed="1.12" length="5.00" nVehEntered="11"/>
    <interval begin="35200.00" end="35300.00" id="inductionLoop.N3" nVehContrib="11" flow="396.00" occupancy="15.88" speed="6.08" harmonicMeanSpeed="4.60" length="5.00" nVehEntered="12"/>
    <interval begin="35300.00" end="35400.00" id="inductionLoop.N3" nVehContrib="7" flow="252.00" occupancy="38.95" speed="5.72" harmonicMeanSpeed="3.64" length="5.00" nVehEntered="7"/>
    <interval begin="35400.00" end="35500.00" id="inductionLoop.N3" nVehContrib="11" flow="396.00" occupancy="75.00" speed="4.24" harmonicMeanSpeed="0.51" length="5.00" nVehEntered="10"/>
    <interval begin="35500.00" end="35600.00" id="inductionLoop.N3" nVehContrib="6" flow="216.00" occupancy="18.23" speed="4.06" harmonicMeanSpeed="2.93" length="5.00" nVehEntered="7"/>
    <interval begin="35600.00" end="35700.00" id="inductionLoop.N3" nVehContrib="12" flow="432.00" occupancy="44.14" speed="4.41" harmonicMeanSpeed="1.15" length="5.00" nVehEntered="11"/>
    <interval begin="35700.00" end="35800.00" id="inductionLoop.N3" nVehContrib="18" flow="648.00" occupancy="54.07" speed="6.40" harmonicMeanSpeed="1.73" length="5.00" nVehEntered="19"/>
    <interval begin="35800.00" end="35900.00" id="inductionLoop.N3" nVehContrib="6" flow="216.00" occupancy="6.12" speed="5.72" harmonicMeanSpeed="3.71" length="5.00" nVehEntered="5"/>
    <interval begin="35900.00" end="36000.00" id="inductionLoop.N3" nVehContrib="5" flow="180.00" occupancy="7.88" speed="4.55" harmonicMeanSpeed="3.17" length="5.00" nVehEntered="5"/>
    <interval begin="36000.00" end="36100.00" id="inductionLoop.N3" nVehContrib="5" flow="180.00" occupancy="7.35" speed="4.21" harmonicMeanSpeed="3.40" length="5.00" nVehEntered="5"/>
    <interval begin="36100.00" end="36200.00" id="inductionLoop.N3" nVehContrib="3" flow="108.00" occupancy="5.01" speed="3.41" harmonicMeanSpeed="2.99" length="5.00" nVehEntered="3"/>
    <interval begin="36200.00" end="36300.00" id="inductionLoop.N3" nVehContrib="5" flow="180.00" occupancy="35.86" speed="3.05" harmonicMeanSpeed="0.70" length="5.00" nVehEntered="5"/>
    <interval begin="36300.00" end="36400.00" id="inductionLoop.N3" nVehContrib="20" flow="720.00" occupancy="65.43" speed="5.41" harmonicMeanSpeed="1.58" length="5.00" nVehEntered="21"/>
    <interval begin="36400.00" end="36500.00" id="inductionLoop.N3" nVehContrib="12" flow="432.00" occupancy="78.85" speed="6.97" harmonicMeanSpeed="0.74" length="5.00" nVehEntered="11"/>
    <interval begin="36500.00" end="36600.00" id="inductionLoop.N3" nVehContrib="6" flow="216.00" occupancy="9.21" speed="5.36" harmonicMeanSpeed="3.26" length="5.00" nVehEntered="6"/>
    <interval begin="36600.00" end="36700.00" id="inductionLoop.N3" nVehContrib="8" flow="288.00" occupancy="9.41" speed="6.18" harmonicMeanSpeed="5.22" length="5.00" nVehEntered="9"/>
    <interval begin="36700.00" end="36800.00" id="inductionLoop.N3" nVehContrib="9" flow="324.00" occupancy="62.63" speed="4.72" harmonicMeanSpeed="0.87" length="5.00" nVehEntered="9"/>
    <interval begin="36800.00" end="36900.00" id="inductionLoop.N3" nVehContrib="12" flow="432.00" occupancy="56.01" speed="7.46" harmonicMeanSpeed="1.38" length="5.00" nVehEntered="12"/>
    <interval begin="36900.00" end="37000.00" id="inductionLoop.N3" nVehContrib="15" flow="540.00" occupancy="54.38" speed="7.53" harmonicMeanSpeed="0.94" length="5.00" nVehEntered="14"/>
    <interval begin="37000.00" end="37100.00" id="inductionLoop.N3" nVehContrib="3" flow="108.00" occupancy="35.67" speed="2.93" harmonicMeanSpeed="0.42" length="5.00" nVehEntered="3"/>
    <interval begin="37100.00" end="37200.00" id="inductionLoop.N3" nVehContrib="13" flow="468.00" occupancy="73.90" speed="6.17" harmonicMeanSpeed="0.88" length="5.00" nVehEntered="14"/>
    <interval begin="37200.00" end="37300.00" id="inductionLoop.N3" nVehContrib="7" flow="252.00" occupancy="24.02" speed="3.46" harmonicMeanSpeed="1.46" length="5.00" nVehEntered="6"/>
    <interval begin="37300.00" end="37400.00" id="inductionLoop.N3" nVehContrib="9" flow="324.00" occupancy="13.40" speed="6.00" harmonicMeanSpeed="3.36" length="5.00" nVehEntered="9"/>
    <interval begin="37400.00" end="37500.00" id="inductionLoop.N3" nVehContrib="6" flow="216.00" occupancy="51.95" speed="4.92" harmonicMeanSpeed="0.58" length="5.00" nVehEntered="6"/>
    <interval begin="37500.00" end="37600.00" id="inductionLoop.N3" nVehContrib="13" flow="468.00" occupancy="13.09" speed="6.51" harmonicMeanSpeed="4.97" length="5.00" nVehEntered="13"/>
    <interval begin="37600.00" end="37700.00" id="inductionLoop.N3" nVehContrib="19" flow="684.00" occupancy="52.64" speed="8.79" harmonicMeanSpeed="1.84" length="5.00" nVehEntered="20"/>
    <interval begin="37700.00" end="37800.00" id="inductionLoop.N3" nVehContrib="9" flow="324.00" occupancy="60.92" speed="6.91" harmonicMeanSpeed="0.97" length="5.00" nVehEntered="9"/>
    <interval begin="37800.00" end="37900.00" id="inductionLoop.N3" nVehContrib="13" flow="468.00" occupancy="42.44" speed="5.48" harmonicMeanSpeed="1.23" length="5.00" nVehEntered="13"/>
    <interval begin="37900.00" end="38000.00" id="inductionLoop.N3" nVehContrib="6" flow="216.00" occupancy="5.57" speed="4.98" harmonicMeanSpeed="2.81" length="5.00" nVehEntered="5"/>
    <interval begin="38000.00" end="38100.00" id="inductionLoop.N3" nVehContrib="13" flow="468.00" occupancy="22.57" speed="7.69" harmonicMeanSpeed="2.88" length="5.00" nVehEntered="13"/>
    <interval begin="38100.00" end="38200.00" id="inductionLoop.N3" nVehContrib="15" flow="540.00" occupancy="40.17" speed="6.05" harmonicMeanSpeed="1.87" length="5.00" nVehEntered="15"/>
    <interval begin="38200.00" end="38300.00" id="inductionLoop.N3" nVehContrib="14" flow="504.00" occupancy="27.99" speed="8.99" harmonicMeanSpeed="7.83" length="5.00" nVehEntered="15"/>
    <interval begin="38300.00" end="38400.00" id="inductionLoop.N3" nVehContrib="13" flow="468.00" occupancy="54.00" speed="7.33" harmonicMeanSpeed="0.89" length="5.00" nVehEntered="12"/>
    <interval begin="38400.00" end="38500.00" id="inductionLoop.N3" nVehContrib="11" flow="396.00" occupancy="13.34" speed="5.98" harmonicMeanSpeed="4.77" length="5.00" nVehEntered="12"/>
    <interval begin="38500.00" end="38600.00" id="inductionLoop.N3" nVehContrib="13" flow="468.00" occupancy="63.69" speed="5.84" harmonicMeanSpeed="1.04" length="5.00" nVehEntered="13"/>
    <interval begin="38600.00" end="38700.00" id="inductionLoop.N3" nVehContrib="10" flow="360.00" occupancy="52.53" speed="6.70" harmonicMeanSpeed="0.90" length="5.00" nVehEntered="9"/>
    <interval begin="38700.00" end="38800.00" id="inductionLoop.N3" nVehContrib="12" flow="432.00" occupancy="11.84" speed="6.62" harmonicMeanSpeed="5.07" length="5.00" nVehEntered="12"/>
    <interval begin="38800.00" end="38900.00" id="inductionLoop.N3" nVehContrib="11" flow="396.00" occupancy="70.33" speed="6.80" harmonicMeanSpeed="0.78" length="5.00" nVehEntered="11"/>
    <interval begin="38900.00" end="39000.00" id="inductionLoop.N3" nVehContrib="9" flow="324.00" occupancy="58.11" speed="7.11" harmonicMeanSpeed="0.77" length="5.00" nVehEntered="9"/>
    <interval begin="39000.00" end="39100.00" id="inductionLoop.N3" nVehContrib="18" flow="648.00" occupancy="51.75" speed="7.43" harmonicMeanSpeed="5.17" length="5.00" nVehEntered="19"/>
    <interval begin="39100.00" end="39200.00" id="inductionLoop.N3" nVehContrib="13" flow="468.00" occupancy="56.48" speed="7.40" harmonicMeanSpeed="0.72" length="5.00" nVehEntered="12"/>
    <interval begin="39200.00" end="39300.00" id="inductionLoop.N3" nVehContrib="14" flow="504.00" occupancy="14.12" speed="7.54" harmonicMeanSpeed="5.74" length="5.00" nVehEntered="15"/>
    <interval begin="39300.00" end="39400.00" id="inductionLoop.N3" nVehContrib="11" flow="396.00" occupancy="80.03" speed="8.02" harmonicMeanSpeed="0.67" length="5.00" nVehEntered="10"/>
    <interval begin="39400.00" end="39500.00" id="inductionLoop.N3" nVehContrib="15" flow="540.00" occupancy="17.43" speed="8.71" harmonicMeanSpeed="5.77" length="5.00" nVehEntered="16"/>
    <interval begin="39500.00" end="39600.00" id="inductionLoop.N3" nVehContrib="7" flow="252.00" occupancy="72.46" speed="4.78" harmonicMeanSpeed="0.46" length="5.00" nVehEntered="6"/>
    <interval begin="39600.00" end="39700.00" id="inductionLoop.N3" nVehContrib="8" flow="288.00" occupancy="7.01" speed="6.24" harmonicMeanSpeed="5.71" length="5.00" nVehEntered="8"/>
    <interval begin="39700.00" end="39800.00" id="inductionLoop.N3" nVehContrib="26" flow="936.00" occupancy="21.80" speed="8.17" harmonicMeanSpeed="5.96" length="5.00" nVehEntered="26"/>
    <interval begin="39800.00" end="39900.00" id="inductionLoop.N3" nVehContrib="0" flow="0.00" occupancy="21.07" speed="-1.00" harmonicMeanSpeed="-1.00" length="-1.00" nVehEntered="1"/>
    <interval begin="39900.00" end="40000.00" id="inductionLoop.N3" nVehContrib="5" flow="180.00" occupancy="87.63" speed="4.75" harmonicMeanSpeed="0.23" length="5.00" nVehEntered="4"/>
    <interval begin="40000.00" end="40100.00" id="inductionLoop.N3" nVehContrib="19" flow="684.00" occupancy="16.21" speed="9.27" harmonicMeanSpeed="5.86" length="5.00" nVehEntered="19"/>
    <interval begin="40100.00" end="40200.00" id="inductionLoop.N3" nVehContrib="11" flow="396.00" occupancy="11.29" speed="7.15" harmonicMeanSpeed="4.87" length="5.00" nVehEntered="11"/>
    <interval begin="40200.00" end="40300.00" id="inductionLoop.N3" nVehContrib="14" flow="504.00" occupancy="11.30" speed="7.76" harmonicMeanSpeed="6.20" length="5.00" nVehEntered="14"/>
    <interval begin="40300.00" end="40400.00" id="inductionLoop.N3" nVehContrib="4" flow="144.00" occupancy="45.74" speed="3.77" harmonicMeanSpeed="0.44" length="5.00" nVehEntered="4"/>
    <interval begin="40400.00" end="40500.00" id="inductionLoop.N3" nVehContrib="11" flow="396.00" occupancy="61.71" speed="7.31" harmonicMeanSpeed="0.97" length="5.00" nVehEntered="12"/>
    <interval begin="40500.00" end="40600.00" id="inductionLoop.N3" nVehContrib="17" flow="612.00" occupancy="21.37" speed="8.13" harmonicMeanSpeed="3.25" length="5.00" nVehEntered="16"/>
    <interval begin="40600.00" end="40700.00" id="inductionLoop.N3" nVehContrib="6" flow="216.00" occupancy="31.70" speed="6.39" harmonicMeanSpeed="5.69" length="5.00" nVehEntered="7"/>
    <interval begin="40700.00" end="40800.00" id="inductionLoop.N3" nVehContrib="10" flow="360.00" occupancy="67.80" speed="7.09" harmonicMeanSpeed="0.66" length="5.00" nVehEntered="10"/>
    <interval begin="40800.00" end="40900.00" id="inductionLoop.N3" nVehContrib="12" flow="432.00" occupancy="81.09" speed="7.58" harmonicMeanSpeed="0.61" length="5.00" nVehEntered="12"/>
    <interval begin="40900.00" end="41000.00" id="inductionLoop.N3" nVehContrib="35" flow="1260.00" occupancy="19.77" speed="9.97" harmonicMeanSpeed="8.61" length="5.00" nVehEntered="34"/>
    <interval begin="41000.00" end="41100.00" id="inductionLoop.N3" nVehContrib="0" flow="0.00" occupancy="0.00" speed="-1.00" harmonicMeanSpeed="-1.00" length="-1.00" nVehEntered="0"/>
    <interval begin="41100.00" end="41200.00" id="inductionLoop.N3" nVehContrib="16" flow="576.00" occupancy="13.17" speed="9.36" harmonicMeanSpeed="6.07" length="5.00" nVehEntered="16"/>
    <interval begin="41200.00" end="41300.00" id="inductionLoop.N3" nVehContrib="3" flow="108.00" occupancy="54.84" speed="3.11" harmonicMeanSpeed="0.31" length="5.00" nVehEntered="4"/>
    <interval begin="41300.00" end="41400.00" id="inductionLoop.N3" nVehContrib="7" flow="252.00" occupancy="24.58" speed="5.61" harmonicMeanSpeed="1.11" length="5.00" nVehEntered="6"/>
    <interval begin="41400.00" end="41500.00" id="inductionLoop.N3" nVehContrib="19" flow="684.00" occupancy="68.36" speed="8.44" harmonicMeanSpeed="3.55" length="5.00" nVehEntered="20"/>
    <interval begin="41500.00" end="41600.00" id="inductionLoop.N3" nVehContrib="6" flow="216.00" occupancy="69.30" speed="5.23" harmonicMeanSpeed="0.27" length="5.00" nVehEntered="6"/>
    <interval begin="41600.00" end="41700.00" id="inductionLoop.N3" nVehContrib="13" flow="468.00" occupancy="8.72" speed="10.40" harmonicMeanSpeed="7.18" length="5.00" nVehEntered="12"/>
    <interval begin="41700.00" end="41800.00" id="inductionLoop.N3" nVehContrib="23" flow="828.00" occupancy="16.00" speed="8.90" harmonicMeanSpeed="7.19" length="5.00" nVehEntered="23"/>
    <interval begin="41800.00" end="41900.00" id="inductionLoop.N3" nVehContrib="2" flow="72.00" occupancy="2.81" speed="3.99" harmonicMeanSpeed="3.55" length="5.00" nVehEntered="2"/>
    <interval begin="41900.00" end="42000.00" id="inductionLoop.N3" nVehContrib="37" flow="1332.00" occupancy="43.77" speed="8.70" harmonicMeanSpeed="4.23" length="5.00" nVehEntered="37"/>
    <interval begin="42000.00" end="42100.00" id="inductionLoop.N3" nVehContrib="1" flow="36.00" occupancy="3.97" speed="1.26" harmonicMeanSpeed="1.26" length="5.00" nVehEntered="1"/>
    <interval begin="42100.00" end="42200.00" id="inductionLoop.N3" nVehContrib="20" flow="720.00" occupancy="31.92" speed="9.49" harmonicMeanSpeed="8.73" length="5.00" nVehEntered="21"/>
    <interval begin="42200.00" end="42300.00" id="inductionLoop.N3" nVehContrib="1" flow="36.00" occupancy="97.56" speed="0.12" harmonicMeanSpeed="0.12" length="5.00" nVehEntered="1"/>
    <interval begin="42300.00" end="42400.00" id="inductionLoop.N3" nVehContrib="6" flow="216.00" occupancy="26.07" speed="5.63" harmonicMeanSpeed="0.29" length="5.00" nVehEntered="6"/>
    <interval begin="42400.00" end="42500.00" id="inductionLoop.N3" nVehContrib="29" flow="1044.00" occupancy="21.69" speed="7.71" harmonicMeanSpeed="6.80" length="5.00" nVehEntered="29"/>
    <interval begin="42500.00" end="42600.00" id="inductionLoop.N3" nVehContrib="2" flow="72.00" occupancy="96.43" speed="1.97" harmonicMeanSpeed="0.10" length="5.00" nVehEntered="1"/>
    <interval begin="42600.00" end="42700.00" id="inductionLoop.N3" nVehContrib="37" flow="1332.00" occupancy="20.69" speed="10.52" harmonicMeanSpeed="8.94" length="5.00" nVehEntered="37"/>
    <interval begin="42700.00" end="42800.00" id="inductionLoop.N3" nVehContrib="18" flow="648.00" occupancy="71.69" speed="8.66" harmonicMeanSpeed="1.26" length="5.00" nVehEntered="18"/>
    <interval begin="42800.00" end="42900.00" id="inductionLoop.N3" nVehContrib="14" flow="504.00" occupancy="12.52" speed="7.97" harmonicMeanSpeed="5.59" length="5.00" nVehEntered="14"/>
    <interval begin="42900.00" end="43000.00" id="inductionLoop.N3" nVehContrib="12" flow="432.00" occupancy="77.87" speed="6.79" harmonicMeanSpeed="0.80" length="5.00" nVehEntered="13"/>
    <interval begin="43000.00" end="43100.00" id="inductionLoop.N3" nVehContrib="9" flow="324.00" occupancy="81.05" speed="6.05" harmonicMeanSpeed="1.03" length="5.00" nVehEntered="9"/>
    <interval begin="43100.00" end="43200.00" id="inductionLoop.N3" nVehContrib="20" flow="720.00" occupancy="64.49" speed="7.62" harmonicMeanSpeed="0.95" length="5.00" nVehEntered="19"/>
    <interval begin="43200.00" end="43300.00" id="inductionLoop.N3" nVehContrib="8" flow="288.00" occupancy="83.25" speed="8.50" harmonicMeanSpeed="7.67" length="5.00" nVehEntered="9"/>
    <interval begin="43300.00" end="43400.00" id="inductionLoop.N3" nVehContrib="22" flow="792.00" occupancy="43.94" speed="9.57" harmonicMeanSpeed="0.90" length="5.00" nVehEntered="21"/>
    <interval begin="43400.00" end="43500.00" id="inductionLoop.N3" nVehContrib="13" flow="468.00" occupancy="7.86" speed="9.73" harmonicMeanSpeed="8.27" length="5.00" nVehEntered="13"/>
    <interval begin="43500.00" end="43600.00" id="inductionLoop.N3" nVehContrib="7" flow="252.00" occupancy="89.43" speed="9.90" harmonicMeanSpeed="9.65" length="5.00" nVehEntered="8"/>
    <interval begin="43600.00" end="43700.00" id="inductionLoop.N3" nVehContrib="16" flow="576.00" occupancy="37.19" speed="7.21" harmonicMeanSpeed="0.65" length="5.00" nVehEntered="15"/>
    <interval begin="43700.00" end="43800.00" id="inductionLoop.N3" nVehContrib="22" flow="792.00" occupancy="55.67" speed="7.68" harmonicMeanSpeed="3.91" length="5.00" nVehEntered="23"/>
    <interval begin="43800.00" end="43900.00" id="inductionLoop.N3" nVehContrib="9" flow="324.00" occupancy="70.40" speed="5.67" harmonicMeanSpeed="0.46" length="5.00" nVehEntered="8"/>
    <interval begin="43900.00" end="44000.00" id="inductionLoop.N3" nVehContrib="11" flow="396.00" occupancy="11.17" speed="7.86" harmonicMeanSpeed="4.92" length="5.00" nVehEntered="11"/>
    <interval begin="44000.00" end="44100.00" id="inductionLoop.N3" nVehContrib="11" flow="396.00" occupancy="6.42" speed="9.66" harmonicMeanSpeed="8.57" length="5.00" nVehEntered="11"/>
    <interval begin="44100.00" end="44200.00" id="inductionLoop.N3" nVehContrib="19" flow="684.00" occupancy="19.89" speed="7.09" harmonicMeanSpeed="4.78" length="5.00" nVehEntered="19"/>
    <interval begin="44200.00" end="44300.00" id="inductionLoop.N3" nVehContrib="10" flow="360.00" occupancy="69.33" speed="7.14" harmonicMeanSpeed="6.33" length="5.00" nVehEntered="11"/>
    <interval begin="44300.00" end="44400.00" id="inductionLoop.N3" nVehContrib="1" flow="36.00" occupancy="3.54" speed="0.08" harmonicMeanSpeed="0.08" length="5.00" nVehEntered="0"/>
    <interval begin="44400.00" end="44500.00" id="inductionLoop.N3" nVehContrib="13" flow="468.00" occupancy="11.99" speed="7.46" harmonicMeanSpeed="5.65" length="5.00" nVehEntered="14"/>
    <interval begin="44500.00" end="44600.00" id="inductionLoop.N3" nVehContrib="17" flow="612.00" occupancy="75.14" speed="8.81" harmonicMeanSpeed="8.49" length="5.00" nVehEntered="17"/>
    <interval begin="44600.00" end="44700.00" id="inductionLoop.N3" nVehContrib="11" flow="396.00" occupancy="19.47" speed="4.65" harmonicMeanSpeed="0.65" length="5.00" nVehEntered="10"/>
    <interval begin="44700.00" end="44800.00" id="inductionLoop.N3" nVehContrib="2" flow="72.00" occupancy="3.45" speed="4.82" harmonicMeanSpeed="2.90" length="5.00" nVehEntered="2"/>
    <interval begin="44800.00" end="44900.00" id="inductionLoop.N3" nVehContrib="25" flow="900.00" occupancy="15.87" speed="9.22" harmonicMeanSpeed="7.88" length="5.00" nVehEntered="25"/>
    <interval begin="44900.00" end="45000.00" id="inductionLoop.N3" nVehContrib="16" flow="576.00" occupancy="12.03" speed="8.98" harmonicMeanSpeed="6.65" length="5.00" nVehEntered="16"/>
    <interval begin="45000.00" end="45100.00" id="inductionLoop.N3" nVehContrib="6" flow="216.00" occupancy="9.19" speed="6.02" harmonicMeanSpeed="3.26" length="5.00" nVehEntered="6"/>
    <interval begin="45100.00" end="45200.00" id="inductionLoop.N3" nVehContrib="10" flow="360.00" occupancy="67.55" speed="8.75" harmonicMeanSpeed="5.62" length="5.00" nVehEntered="11"/>
    <interval begin="45200.00" end="45300.00" id="inductionLoop.N3" nVehContrib="13" flow="468.00" occupancy="34.17" speed="7.46" harmonicMeanSpeed="0.70" length="5.00" nVehEntered="12"/>
    <interval begin="45300.00" end="45400.00" id="inductionLoop.N3" nVehContrib="9" flow="324.00" occupancy="6.38" speed="10.20" harmonicMeanSpeed="7.05" length="5.00" nVehEntered="9"/>
    <interval begin="45400.00" end="45500.00" id="inductionLoop.N3" nVehContrib="34" flow="1224.00" occupancy="17.78" speed="10.46" harmonicMeanSpeed="9.83" length="5.00" nVehEntered="35"/>
    <interval begin="45500.00" end="45600.00" id="inductionLoop.N3" nVehContrib="1" flow="36.00" occupancy="3.87" speed="1.15" harmonicMeanSpeed="1.15" length="5.00" nVehEntered="0"/>
    <interval begin="45600.00" end="45700.00" id="inductionLoop.N3" nVehContrib="8" flow="288.00" occupancy="5.96" speed="7.60" harmonicMeanSpeed="6.72" length="5.00" nVehEntered="8"/>
    <interval begin="45700.00" end="45800.00" id="inductionLoop.N3" nVehContrib="5" flow="180.00" occupancy="25.78" speed="6.94" harmonicMeanSpeed="0.97" length="5.00" nVehEntered="5"/>
    <interval begin="45800.00" end="45900.00" id="inductionLoop.N3" nVehContrib="10" flow="360.00" occupancy="32.26" speed="5.44" harmonicMeanSpeed="1.75" length="5.00" nVehEntered="11"/>
    <interval begin="45900.00" end="46000.00" id="inductionLoop.N3" nVehContrib="14" flow="504.00" occupancy="51.65" speed="7.33" harmonicMeanSpeed="1.27" length="5.00" nVehEntered="13"/>
    <interval begin="46000.00" end="46100.00" id="inductionLoop.N3" nVehContrib="0" flow="0.00" occupancy="0.00" speed="-1.00" harmonicMeanSpeed="-1.00" length="-1.00" nVehEntered="0"/>
    <interval begin="46100.00" end="46200.00" id="inductionLoop.N3" nVehContrib="20" flow="720.00" occupancy="11.60" speed="10.11" harmonicMeanSpeed="8.62" length="5.00" nVehEntered="20"/>
    <interval begin="46200.00" end="46300.00" id="inductionLoop.N3" nVehContrib="4" flow="144.00" occupancy="7.80" speed="3.60" harmonicMeanSpeed="2.56" length="5.00" nVehEntered="4"/>
    <interval begin="46300.00" end="46400.00" id="inductionLoop.N3" nVehContrib="24" flow="864.00" occupancy="13.23" speed="10.39" harmonicMeanSpeed="9.30" length="5.00" nVehEntered="25"/>
    <interval begin="46400.00" end="46500.00" id="inductionLoop.N3" nVehContrib="7" flow="252.00" occupancy="14.29" speed="3.41" harmonicMeanSpeed="2.39" length="5.00" nVehEntered="6"/>
    <interval begin="46500.00" end="46600.00" id="inductionLoop.N3" nVehContrib="9" flow="324.00" occupancy="7.48" speed="6.81" harmonicMeanSpeed="6.13" length="5.00" nVehEntered="10"/>
    <interval begin="46600.00" end="46700.00" id="inductionLoop.N3" nVehContrib="14" flow="504.00" occupancy="13.78" speed="8.87" harmonicMeanSpeed="5.03" length="5.00" nVehEntered="13"/>
    <interval begin="46700.00" end="46800.00" id="inductionLoop.N3" nVehContrib="32" flow="1152.00" occupancy="24.78" speed="8.23" harmonicMeanSpeed="6.87" length="5.00" nVehEntered="33"/>
    <interval begin="46800.00" end="46900.00" id="inductionLoop.N3" nVehContrib="1" flow="36.00" occupancy="2.09" speed="1.39" harmonicMeanSpeed="1.39" length="5.00" nVehEntered="0"/>
    <interval begin="46900.00" end="47000.00" id="inductionLoop.N3" nVehContrib="14" flow="504.00" occupancy="8.42" speed="9.81" harmonicMeanSpeed="8.31" length="5.00" nVehEntered="14"/>
    <interval begin="47000.00" end="47100.00" id="inductionLoop.N3" nVehContrib="21" flow="756.00" occupancy="17.19" speed="8.63" harmonicMeanSpeed="6.11" length="5.00" nVehEntered="21"/>
    <interval begin="47100.00" end="47200.00" id="inductionLoop.N3" nVehContrib="7" flow="252.00" occupancy="5.08" speed="8.11" harmonicMeanSpeed="6.89" length="5.00" nVehEntered="7"/>
    <interval begin="47200.00" end="47300.00" id="inductionLoop.N3" nVehContrib="20" flow="720.00" occupancy="44.52" speed="8.95" harmonicMeanSpeed="4.66" length="5.00" nVehEntered="21"/>
    <interval begin="47300.00" end="47400.00" id="inductionLoop.N3" nVehContrib="12" flow="432.00" occupancy="39.59" speed="7.12" harmonicMeanSpeed="0.96" length="5.00" nVehEntered="11"/>
    <interval begin="47400.00" end="47500.00" id="inductionLoop.N3" nVehContrib="0" flow="0.00" occupancy="0.00" speed="-1.00" harmonicMeanSpeed="-1.00" length="-1.00" nVehEntered="0"/>
    <interval begin="47500.00" end="47600.00" id="inductionLoop.N3" nVehContrib="26" flow="936.00" occupancy="28.30" speed="7.85" harmonicMeanSpeed="4.89" length="5.00" nVehEntered="27"/>
    <interval begin="47600.00" end="47700.00" id="inductionLoop.N3" nVehContrib="16" flow="576.00" occupancy="35.58" speed="8.24" harmonicMeanSpeed="6.16" length="5.00" nVehEntered="16"/>
    <interval begin="47700.00" end="47800.00" id="inductionLoop.N3" nVehContrib="12" flow="432.00" occupancy="78.80" speed="8.31" harmonicMeanSpeed="0.58" length="5.00" nVehEntered="12"/>
    <interval begin="47800.00" end="47900.00" id="inductionLoop.N3" nVehContrib="14" flow="504.00" occupancy="46.44" speed="6.68" harmonicMeanSpeed="3.75" length="5.00" nVehEntered="14"/>
    <interval begin="47900.00" end="48000.00" id="inductionLoop.N3" nVehContrib="18" flow="648.00" occupancy="21.56" speed="7.46" harmonicMeanSpeed="1.81" length="5.00" nVehEntered="17"/>
    <interval begin="48000.00" end="48100.00" id="inductionLoop.N3" nVehContrib="0" flow="0.00" occupancy="0.00" speed="-1.00" harmonicMeanSpeed="-1.00" length="-1.00" nVehEntered="0"/>
    <interval begin="48100.00" end="48200.00" id="inductionLoop.N3" nVehContrib="15" flow="540.00" occupancy="54.49" speed="8.90" harmonicMeanSpeed="7.21" length="5.00" nVehEntered="16"/>
    <interval begin="48200.00" end="48300.00" id="inductionLoop.N3" nVehContrib="5" flow="180.00" occupancy="84.70" speed="3.47" harmonicMeanSpeed="0.19" length="5.00" nVehEntered="4"/>
    <interval begin="48300.00" end="48400.00" id="inductionLoop.N3" nVehContrib="29" flow="1044.00" occupancy="21.60" speed="8.07" harmonicMeanSpeed="6.71" length="5.00" nVehEntered="29"/>
    <interval begin="48400.00" end="48500.00" id="inductionLoop.N3" nVehContrib="12" flow="432.00" occupancy="69.43" speed="7.84" harmonicMeanSpeed="5.04" length="5.00" nVehEntered="13"/>
    <interval begin="48500.00" end="48600.00" id="inductionLoop.N3" nVehContrib="18" flow="648.00" occupancy="16.98" speed="7.94" harmonicMeanSpeed="1.21" length="5.00" nVehEntered="17"/>
    <interval begin="48600.00" end="48700.00" id="inductionLoop.N3" nVehContrib="0" flow="0.00" occupancy="0.00" speed="-1.00" harmonicMeanSpeed="-1.00" length="-1.00" nVehEntered="0"/>
    <interval begin="48700.00" end="48800.00" id="inductionLoop.N3" nVehContrib="21" flow="756.00" occupancy="50.41" speed="8.51" harmonicMeanSpeed="4.86" length="5.00" nVehEntered="22"/>
    <interval begin="48800.00" end="48900.00" id="inductionLoop.N3" nVehContrib="1" flow="36.00" occupancy="97.63" speed="0.05" harmonicMeanSpeed="0.05" length="5.00" nVehEntered="1"/>
    <interval begin="48900.00" end="49000.00" id="inductionLoop.N3" nVehContrib="0" flow="0.00" occupancy="100.00" speed="-1.00" harmonicMeanSpeed="-1.00" length="-1.00" nVehEntered="0"/>
    <interval begin="49000.00" end="49100.00" id="inductionLoop.N3" nVehContrib="38" flow="1368.00" occupancy="38.78" speed="9.11" harmonicMeanSpeed="1.18" length="5.00" nVehEntered="38"/>
    <interval begin="49100.00" end="49200.00" id="inductionLoop.N3" nVehContrib="2" flow="72.00" occupancy="4.26" speed="3.65" harmonicMeanSpeed="2.02" length="5.00" nVehEntered="1"/>
    <interval begin="49200.00" end="49300.00" id="inductionLoop.N3" nVehContrib="27" flow="972.00" occupancy="26.05" speed="6.45" harmonicMeanSpeed="5.34" length="5.00" nVehEntered="28"/>
    <interval begin="49300.00" end="49400.00" id="inductionLoop.N3" nVehContrib="4" flow="144.00" occupancy="42.15" speed="4.28" harmonicMeanSpeed="0.47" length="5.00" nVehEntered="3"/>
    <interval begin="49400.00" end="49500.00" id="inductionLoop.N3" nVehContrib="7" flow="252.00" occupancy="15.75" speed="5.01" harmonicMeanSpeed="2.26" length="5.00" nVehEntered="8"/>
    <interval begin="49500.00" end="49600.00" id="inductionLoop.N3" nVehContrib="30" flow="1080.00" occupancy="22.65" speed="8.30" harmonicMeanSpeed="6.55" length="5.00" nVehEntered="29"/>
    <interval begin="49600.00" end="49700.00" id="inductionLoop.N3" nVehContrib="8" flow="288.00" occupancy="78.47" speed="7.77" harmonicMeanSpeed="5.08" length="5.00" nVehEntered="9"/>
    <interval begin="49700.00" end="49800.00" id="inductionLoop.N3" nVehContrib="13" flow="468.00" occupancy="78.90" speed="8.48" harmonicMeanSpeed="0.51" length="5.00" nVehEntered="13"/>
    <interval begin="49800.00" end="49900.00" id="inductionLoop.N3" nVehContrib="17" flow="612.00" occupancy="29.83" speed="7.95" harmonicMeanSpeed="1.66" length="5.00" nVehEntered="16"/>
    <interval begin="49900.00" end="50000.00" id="inductionLoop.N3" nVehContrib="0" flow="0.00" occupancy="98.41" speed="-1.00" harmonicMeanSpeed="-1.00" length="-1.00" nVehEntered="1"/>
    <interval begin="50000.00" end="50010.00" id="inductionLoop.N3" nVehContrib="0" flow="0.00" occupancy="100.00" speed="-1.00" harmonicMeanSpeed="-1.00" length="-1.00" nVehEntered="0"/>
</detector>
