<?xml version="1.0" encoding="UTF-8"?>

<!-- generated on 2023-07-22 11:17:52 by Eclipse SUMO sumo Version 1.12.0
<configuration xmlns:xsi="http://www.w3.org/2001/XMLSchema-instance" xsi:noNamespaceSchemaLocation="http://sumo.dlr.de/xsd/sumoConfiguration.xsd">

    <input>
        <net-file value="Data0-13/intersection.net.xml"/>
        <route-files value="Data0-13/intersection.rou.xml"/>
        <additional-files value="Data0-13/intersection.det.xml"/>
    </input>

    <output>
        <tripinfo-output value="Data0-13/tripinfo.xml"/>
    </output>

    <time>
        <begin value="0"/>
    </time>

    <processing>
        <time-to-teleport value="-1"/>
        <waiting-time-memory value="60000"/>
    </processing>

    <report>
        <verbose value="true"/>
        <no-step-log value="true"/>
    </report>

    <emissions>
        <device.emissions.probability value="1"/>
    </emissions>

    <traci_server>
        <remote-port value="50275"/>
    </traci_server>

    <gui_only>
        <gui-settings-file value="Data0-13/intersection.settings.xml"/>
    </gui_only>

</configuration>
-->

<detector xmlns:xsi="http://www.w3.org/2001/XMLSchema-instance" xsi:noNamespaceSchemaLocation="http://sumo.dlr.de/xsd/det_e1_file.xsd">
    <interval begin="0.00" end="100.00" id="inductionLoop.S0" nVehContrib="3" flow="108.00" occupancy="5.73" speed="11.14" harmonicMeanSpeed="11.06" length="5.00" nVehEntered="4"/>
    <interval begin="100.00" end="200.00" id="inductionLoop.S0" nVehContrib="11" flow="396.00" occupancy="44.98" speed="6.31" harmonicMeanSpeed="2.26" length="5.00" nVehEntered="11"/>
    <interval begin="200.00" end="300.00" id="inductionLoop.S0" nVehContrib="17" flow="612.00" occupancy="44.52" speed="3.98" harmonicMeanSpeed="1.22" length="5.00" nVehEntered="16"/>
    <interval begin="300.00" end="400.00" id="inductionLoop.S0" nVehContrib="13" flow="468.00" occupancy="48.60" speed="3.47" harmonicMeanSpeed="1.34" length="5.00" nVehEntered="13"/>
    <interval begin="400.00" end="500.00" id="inductionLoop.S0" nVehContrib="11" flow="396.00" occupancy="73.73" speed="2.71" harmonicMeanSpeed="0.75" length="5.00" nVehEntered="11"/>
    <interval begin="500.00" end="600.00" id="inductionLoop.S0" nVehContrib="9" flow="324.00" occupancy="76.10" speed="2.09" harmonicMeanSpeed="0.86" length="5.00" nVehEntered="10"/>
    <interval begin="600.00" end="700.00" id="inductionLoop.S0" nVehContrib="19" flow="684.00" occupancy="59.90" speed="4.77" harmonicMeanSpeed="1.14" length="5.00" nVehEntered="18"/>
    <interval begin="700.00" end="800.00" id="inductionLoop.S0" nVehContrib="12" flow="432.00" occupancy="47.34" speed="3.02" harmonicMeanSpeed="2.04" length="5.00" nVehEntered="13"/>
    <interval begin="800.00" end="900.00" id="inductionLoop.S0" nVehContrib="17" flow="612.00" occupancy="59.81" speed="5.08" harmonicMeanSpeed="1.09" length="5.00" nVehEntered="16"/>
    <interval begin="900.00" end="1000.00" id="inductionLoop.S0" nVehContrib="15" flow="540.00" occupancy="37.77" speed="6.04" harmonicMeanSpeed="1.99" length="5.00" nVehEntered="15"/>
    <interval begin="1000.00" end="1100.00" id="inductionLoop.S0" nVehContrib="13" flow="468.00" occupancy="50.91" speed="4.40" harmonicMeanSpeed="1.28" length="5.00" nVehEntered="13"/>
    <interval begin="1100.00" end="1200.00" id="inductionLoop.S0" nVehContrib="14" flow="504.00" occupancy="28.49" speed="5.04" harmonicMeanSpeed="2.92" length="5.00" nVehEntered="16"/>
    <interval begin="1200.00" end="1300.00" id="inductionLoop.S0" nVehContrib="15" flow="540.00" occupancy="37.73" speed="6.12" harmonicMeanSpeed="1.78" length="5.00" nVehEntered="14"/>
    <interval begin="1300.00" end="1400.00" id="inductionLoop.S0" nVehContrib="9" flow="324.00" occupancy="16.38" speed="10.21" harmonicMeanSpeed="2.75" length="5.00" nVehEntered="9"/>
    <interval begin="1400.00" end="1500.00" id="inductionLoop.S0" nVehContrib="13" flow="468.00" occupancy="23.28" speed="8.27" harmonicMeanSpeed="4.98" length="5.00" nVehEntered="15"/>
    <interval begin="1500.00" end="1600.00" id="inductionLoop.S0" nVehContrib="13" flow="468.00" occupancy="70.55" speed="4.40" harmonicMeanSpeed="0.82" length="5.00" nVehEntered="13"/>
    <interval begin="1600.00" end="1700.00" id="inductionLoop.S0" nVehContrib="12" flow="432.00" occupancy="26.15" speed="5.47" harmonicMeanSpeed="2.26" length="5.00" nVehEntered="11"/>
    <interval begin="1700.00" end="1800.00" id="inductionLoop.S0" nVehContrib="10" flow="360.00" occupancy="8.76" speed="8.95" harmonicMeanSpeed="5.99" length="5.00" nVehEntered="12"/>
    <interval begin="1800.00" end="1900.00" id="inductionLoop.S0" nVehContrib="14" flow="504.00" occupancy="47.68" speed="6.91" harmonicMeanSpeed="1.47" length="5.00" nVehEntered="14"/>
    <interval begin="1900.00" end="2000.00" id="inductionLoop.S0" nVehContrib="11" flow="396.00" occupancy="11.34" speed="8.04" harmonicMeanSpeed="4.85" length="5.00" nVehEntered="11"/>
    <interval begin="2000.00" end="2100.00" id="inductionLoop.S0" nVehContrib="12" flow="432.00" occupancy="12.59" speed="9.33" harmonicMeanSpeed="4.77" length="5.00" nVehEntered="12"/>
    <interval begin="2100.00" end="2200.00" id="inductionLoop.S0" nVehContrib="10" flow="360.00" occupancy="33.31" speed="5.31" harmonicMeanSpeed="1.50" length="5.00" nVehEntered="10"/>
    <interval begin="2200.00" end="2300.00" id="inductionLoop.S0" nVehContrib="10" flow="360.00" occupancy="12.65" speed="10.55" harmonicMeanSpeed="3.95" length="5.00" nVehEntered="10"/>
    <interval begin="2300.00" end="2400.00" id="inductionLoop.S0" nVehContrib="13" flow="468.00" occupancy="32.50" speed="7.07" harmonicMeanSpeed="2.00" length="5.00" nVehEntered="13"/>
    <interval begin="2400.00" end="2500.00" id="inductionLoop.S0" nVehContrib="12" flow="432.00" occupancy="31.35" speed="4.58" harmonicMeanSpeed="1.91" length="5.00" nVehEntered="12"/>
    <interval begin="2500.00" end="2600.00" id="inductionLoop.S0" nVehContrib="14" flow="504.00" occupancy="30.90" speed="5.24" harmonicMeanSpeed="2.30" length="5.00" nVehEntered="16"/>
    <interval begin="2600.00" end="2700.00" id="inductionLoop.S0" nVehContrib="13" flow="468.00" occupancy="29.96" speed="5.33" harmonicMeanSpeed="2.17" length="5.00" nVehEntered="14"/>
    <interval begin="2700.00" end="2800.00" id="inductionLoop.S0" nVehContrib="13" flow="468.00" occupancy="45.20" speed="5.16" harmonicMeanSpeed="1.44" length="5.00" nVehEntered="13"/>
    <interval begin="2800.00" end="2900.00" id="inductionLoop.S0" nVehContrib="10" flow="360.00" occupancy="30.95" speed="5.64" harmonicMeanSpeed="1.62" length="5.00" nVehEntered="10"/>
    <interval begin="2900.00" end="3000.00" id="inductionLoop.S0" nVehContrib="12" flow="432.00" occupancy="9.07" speed="8.46" harmonicMeanSpeed="6.83" length="5.00" nVehEntered="13"/>
    <interval begin="3000.00" end="3100.00" id="inductionLoop.S0" nVehContrib="11" flow="396.00" occupancy="46.33" speed="6.76" harmonicMeanSpeed="2.06" length="5.00" nVehEntered="12"/>
    <interval begin="3100.00" end="3200.00" id="inductionLoop.S0" nVehContrib="14" flow="504.00" occupancy="49.73" speed="5.04" harmonicMeanSpeed="1.01" length="5.00" nVehEntered="13"/>
    <interval begin="3200.00" end="3300.00" id="inductionLoop.S0" nVehContrib="9" flow="324.00" occupancy="15.62" speed="4.49" harmonicMeanSpeed="2.88" length="5.00" nVehEntered="9"/>
    <interval begin="3300.00" end="3400.00" id="inductionLoop.S0" nVehContrib="10" flow="360.00" occupancy="36.38" speed="6.86" harmonicMeanSpeed="1.37" length="5.00" nVehEntered="10"/>
    <interval begin="3400.00" end="3500.00" id="inductionLoop.S0" nVehContrib="9" flow="324.00" occupancy="12.94" speed="9.60" harmonicMeanSpeed="3.78" length="5.00" nVehEntered="10"/>
    <interval begin="3500.00" end="3600.00" id="inductionLoop.S0" nVehContrib="8" flow="288.00" occupancy="19.67" speed="7.28" harmonicMeanSpeed="2.43" length="5.00" nVehEntered="9"/>
    <interval begin="3600.00" end="3700.00" id="inductionLoop.S0" nVehContrib="9" flow="324.00" occupancy="10.30" speed="9.07" harmonicMeanSpeed="8.28" length="5.00" nVehEntered="10"/>
    <interval begin="3700.00" end="3800.00" id="inductionLoop.S0" nVehContrib="16" flow="576.00" occupancy="48.79" speed="7.80" harmonicMeanSpeed="1.64" length="5.00" nVehEntered="16"/>
    <interval begin="3800.00" end="3900.00" id="inductionLoop.S0" nVehContrib="12" flow="432.00" occupancy="45.70" speed="3.84" harmonicMeanSpeed="1.50" length="5.00" nVehEntered="14"/>
    <interval begin="3900.00" end="4000.00" id="inductionLoop.S0" nVehContrib="13" flow="468.00" occupancy="39.60" speed="2.40" harmonicMeanSpeed="1.53" length="5.00" nVehEntered="13"/>
    <interval begin="4000.00" end="4100.00" id="inductionLoop.S0" nVehContrib="13" flow="468.00" occupancy="17.42" speed="8.22" harmonicMeanSpeed="3.57" length="5.00" nVehEntered="12"/>
    <interval begin="4100.00" end="4200.00" id="inductionLoop.S0" nVehContrib="15" flow="540.00" occupancy="38.87" speed="6.90" harmonicMeanSpeed="1.93" length="5.00" nVehEntered="15"/>
    <interval begin="4200.00" end="4300.00" id="inductionLoop.S0" nVehContrib="12" flow="432.00" occupancy="32.56" speed="8.52" harmonicMeanSpeed="4.22" length="5.00" nVehEntered="15"/>
    <interval begin="4300.00" end="4400.00" id="inductionLoop.S0" nVehContrib="14" flow="504.00" occupancy="39.30" speed="7.21" harmonicMeanSpeed="1.89" length="5.00" nVehEntered="14"/>
    <interval begin="4400.00" end="4500.00" id="inductionLoop.S0" nVehContrib="11" flow="396.00" occupancy="43.30" speed="6.68" harmonicMeanSpeed="1.17" length="5.00" nVehEntered="11"/>
    <interval begin="4500.00" end="4600.00" id="inductionLoop.S0" nVehContrib="11" flow="396.00" occupancy="44.13" speed="4.41" harmonicMeanSpeed="0.93" length="5.00" nVehEntered="11"/>
    <interval begin="4600.00" end="4700.00" id="inductionLoop.S0" nVehContrib="14" flow="504.00" occupancy="33.14" speed="6.42" harmonicMeanSpeed="2.11" length="5.00" nVehEntered="14"/>
    <interval begin="4700.00" end="4800.00" id="inductionLoop.S0" nVehContrib="12" flow="432.00" occupancy="28.91" speed="7.26" harmonicMeanSpeed="2.08" length="5.00" nVehEntered="12"/>
    <interval begin="4800.00" end="4900.00" id="inductionLoop.S0" nVehContrib="9" flow="324.00" occupancy="9.93" speed="9.18" harmonicMeanSpeed="6.61" length="5.00" nVehEntered="10"/>
    <interval begin="4900.00" end="5000.00" id="inductionLoop.S0" nVehContrib="11" flow="396.00" occupancy="14.43" speed="8.20" harmonicMeanSpeed="3.81" length="5.00" nVehEntered="11"/>
    <interval begin="5000.00" end="5100.00" id="inductionLoop.S0" nVehContrib="8" flow="288.00" occupancy="10.84" speed="10.10" harmonicMeanSpeed="9.77" length="5.00" nVehEntered="10"/>
    <interval begin="5100.00" end="5200.00" id="inductionLoop.S0" nVehContrib="14" flow="504.00" occupancy="50.09" speed="6.23" harmonicMeanSpeed="1.24" length="5.00" nVehEntered="13"/>
    <interval begin="5200.00" end="5300.00" id="inductionLoop.S0" nVehContrib="10" flow="360.00" occupancy="44.75" speed="7.70" harmonicMeanSpeed="1.12" length="5.00" nVehEntered="10"/>
    <interval begin="5300.00" end="5400.00" id="inductionLoop.S0" nVehContrib="13" flow="468.00" occupancy="40.60" speed="5.08" harmonicMeanSpeed="1.60" length="5.00" nVehEntered="13"/>
    <interval begin="5400.00" end="5500.00" id="inductionLoop.S0" nVehContrib="12" flow="432.00" occupancy="32.97" speed="7.32" harmonicMeanSpeed="1.84" length="5.00" nVehEntered="14"/>
    <interval begin="5500.00" end="5600.00" id="inductionLoop.S0" nVehContrib="8" flow="288.00" occupancy="6.34" speed="9.99" harmonicMeanSpeed="9.69" length="5.00" nVehEntered="10"/>
    <interval begin="5600.00" end="5700.00" id="inductionLoop.S0" nVehContrib="9" flow="324.00" occupancy="20.97" speed="8.67" harmonicMeanSpeed="2.04" length="5.00" nVehEntered="8"/>
    <interval begin="5700.00" end="5800.00" id="inductionLoop.S0" nVehContrib="12" flow="432.00" occupancy="34.47" speed="10.58" harmonicMeanSpeed="9.93" length="5.00" nVehEntered="13"/>
    <interval begin="5800.00" end="5900.00" id="inductionLoop.S0" nVehContrib="9" flow="324.00" occupancy="46.97" speed="5.13" harmonicMeanSpeed="0.60" length="5.00" nVehEntered="8"/>
    <interval begin="5900.00" end="6000.00" id="inductionLoop.S0" nVehContrib="9" flow="324.00" occupancy="24.71" speed="6.61" harmonicMeanSpeed="1.91" length="5.00" nVehEntered="11"/>
    <interval begin="6000.00" end="6100.00" id="inductionLoop.S0" nVehContrib="14" flow="504.00" occupancy="31.32" speed="5.51" harmonicMeanSpeed="2.29" length="5.00" nVehEntered="15"/>
    <interval begin="6100.00" end="6200.00" id="inductionLoop.S0" nVehContrib="11" flow="396.00" occupancy="52.81" speed="6.84" harmonicMeanSpeed="1.38" length="5.00" nVehEntered="11"/>
    <interval begin="6200.00" end="6300.00" id="inductionLoop.S0" nVehContrib="9" flow="324.00" occupancy="14.16" speed="8.22" harmonicMeanSpeed="1.83" length="5.00" nVehEntered="10"/>
    <interval begin="6300.00" end="6400.00" id="inductionLoop.S0" nVehContrib="10" flow="360.00" occupancy="23.75" speed="6.68" harmonicMeanSpeed="2.00" length="5.00" nVehEntered="11"/>
    <interval begin="6400.00" end="6500.00" id="inductionLoop.S0" nVehContrib="12" flow="432.00" occupancy="56.94" speed="5.81" harmonicMeanSpeed="1.05" length="5.00" nVehEntered="12"/>
    <interval begin="6500.00" end="6600.00" id="inductionLoop.S0" nVehContrib="7" flow="252.00" occupancy="44.84" speed="7.29" harmonicMeanSpeed="2.53" length="5.00" nVehEntered="9"/>
    <interval begin="6600.00" end="6700.00" id="inductionLoop.S0" nVehContrib="11" flow="396.00" occupancy="36.24" speed="5.22" harmonicMeanSpeed="1.24" length="5.00" nVehEntered="12"/>
    <interval begin="6700.00" end="6800.00" id="inductionLoop.S0" nVehContrib="11" flow="396.00" occupancy="47.28" speed="4.78" harmonicMeanSpeed="0.84" length="5.00" nVehEntered="10"/>
    <interval begin="6800.00" end="6900.00" id="inductionLoop.S0" nVehContrib="12" flow="432.00" occupancy="20.93" speed="7.47" harmonicMeanSpeed="2.87" length="5.00" nVehEntered="12"/>
    <interval begin="6900.00" end="7000.00" id="inductionLoop.S0" nVehContrib="12" flow="432.00" occupancy="33.35" speed="5.25" harmonicMeanSpeed="1.92" length="5.00" nVehEntered="14"/>
    <interval begin="7000.00" end="7100.00" id="inductionLoop.S0" nVehContrib="6" flow="216.00" occupancy="2.77" speed="10.95" harmonicMeanSpeed="10.82" length="5.00" nVehEntered="6"/>
    <interval begin="7100.00" end="7200.00" id="inductionLoop.S0" nVehContrib="6" flow="216.00" occupancy="4.82" speed="11.12" harmonicMeanSpeed="10.88" length="5.00" nVehEntered="8"/>
    <interval begin="7200.00" end="7300.00" id="inductionLoop.S0" nVehContrib="10" flow="360.00" occupancy="40.53" speed="6.56" harmonicMeanSpeed="1.22" length="5.00" nVehEntered="10"/>
    <interval begin="7300.00" end="7400.00" id="inductionLoop.S0" nVehContrib="8" flow="288.00" occupancy="16.91" speed="8.74" harmonicMeanSpeed="2.20" length="5.00" nVehEntered="8"/>
    <interval begin="7400.00" end="7500.00" id="inductionLoop.S0" nVehContrib="8" flow="288.00" occupancy="29.06" speed="6.29" harmonicMeanSpeed="1.37" length="5.00" nVehEntered="7"/>
    <interval begin="7500.00" end="7600.00" id="inductionLoop.S0" nVehContrib="5" flow="180.00" occupancy="21.66" speed="6.36" harmonicMeanSpeed="3.91" length="5.00" nVehEntered="7"/>
    <interval begin="7600.00" end="7700.00" id="inductionLoop.S0" nVehContrib="12" flow="432.00" occupancy="18.19" speed="5.03" harmonicMeanSpeed="1.80" length="5.00" nVehEntered="11"/>
    <interval begin="7700.00" end="7800.00" id="inductionLoop.S0" nVehContrib="10" flow="360.00" occupancy="35.32" speed="6.42" harmonicMeanSpeed="1.42" length="5.00" nVehEntered="10"/>
    <interval begin="7800.00" end="7900.00" id="inductionLoop.S0" nVehContrib="13" flow="468.00" occupancy="23.98" speed="6.17" harmonicMeanSpeed="2.71" length="5.00" nVehEntered="13"/>
    <interval begin="7900.00" end="8000.00" id="inductionLoop.S0" nVehContrib="8" flow="288.00" occupancy="19.69" speed="6.52" harmonicMeanSpeed="3.40" length="5.00" nVehEntered="10"/>
    <interval begin="8000.00" end="8100.00" id="inductionLoop.S0" nVehContrib="13" flow="468.00" occupancy="12.78" speed="8.70" harmonicMeanSpeed="3.16" length="5.00" nVehEntered="12"/>
    <interval begin="8100.00" end="8200.00" id="inductionLoop.S0" nVehContrib="8" flow="288.00" occupancy="19.61" speed="8.86" harmonicMeanSpeed="2.04" length="5.00" nVehEntered="8"/>
    <interval begin="8200.00" end="8300.00" id="inductionLoop.S0" nVehContrib="9" flow="324.00" occupancy="21.32" speed="6.26" harmonicMeanSpeed="2.11" length="5.00" nVehEntered="9"/>
    <interval begin="8300.00" end="8400.00" id="inductionLoop.S0" nVehContrib="12" flow="432.00" occupancy="43.80" speed="6.33" harmonicMeanSpeed="1.42" length="5.00" nVehEntered="13"/>
    <interval begin="8400.00" end="8500.00" id="inductionLoop.S0" nVehContrib="8" flow="288.00" occupancy="30.63" speed="4.25" harmonicMeanSpeed="1.36" length="5.00" nVehEntered="10"/>
    <interval begin="8500.00" end="8600.00" id="inductionLoop.S0" nVehContrib="12" flow="432.00" occupancy="37.27" speed="8.23" harmonicMeanSpeed="1.74" length="5.00" nVehEntered="13"/>
    <interval begin="8600.00" end="8700.00" id="inductionLoop.S0" nVehContrib="10" flow="360.00" occupancy="4.41" speed="11.64" harmonicMeanSpeed="11.34" length="5.00" nVehEntered="10"/>
    <interval begin="8700.00" end="8800.00" id="inductionLoop.S0" nVehContrib="6" flow="216.00" occupancy="2.82" speed="11.19" harmonicMeanSpeed="10.64" length="5.00" nVehEntered="6"/>
    <interval begin="8800.00" end="8900.00" id="inductionLoop.S0" nVehContrib="12" flow="432.00" occupancy="12.25" speed="8.55" harmonicMeanSpeed="4.90" length="5.00" nVehEntered="12"/>
    <interval begin="8900.00" end="9000.00" id="inductionLoop.S0" nVehContrib="10" flow="360.00" occupancy="10.32" speed="8.85" harmonicMeanSpeed="6.55" length="5.00" nVehEntered="12"/>
    <interval begin="9000.00" end="9100.00" id="inductionLoop.S0" nVehContrib="12" flow="432.00" occupancy="18.45" speed="8.93" harmonicMeanSpeed="2.99" length="5.00" nVehEntered="11"/>
    <interval begin="9100.00" end="9200.00" id="inductionLoop.S0" nVehContrib="11" flow="396.00" occupancy="16.75" speed="9.02" harmonicMeanSpeed="3.36" length="5.00" nVehEntered="12"/>
    <interval begin="9200.00" end="9300.00" id="inductionLoop.S0" nVehContrib="10" flow="360.00" occupancy="4.94" speed="9.85" harmonicMeanSpeed="9.35" length="5.00" nVehEntered="9"/>
    <interval begin="9300.00" end="9400.00" id="inductionLoop.S0" nVehContrib="7" flow="252.00" occupancy="17.48" speed="10.44" harmonicMeanSpeed="2.00" length="5.00" nVehEntered="7"/>
    <interval begin="9400.00" end="9500.00" id="inductionLoop.S0" nVehContrib="7" flow="252.00" occupancy="17.59" speed="8.06" harmonicMeanSpeed="2.03" length="5.00" nVehEntered="8"/>
    <interval begin="9500.00" end="9600.00" id="inductionLoop.S0" nVehContrib="10" flow="360.00" occupancy="16.27" speed="8.55" harmonicMeanSpeed="3.07" length="5.00" nVehEntered="10"/>
    <interval begin="9600.00" end="9700.00" id="inductionLoop.S0" nVehContrib="9" flow="324.00" occupancy="11.73" speed="9.87" harmonicMeanSpeed="3.84" length="5.00" nVehEntered="9"/>
    <interval begin="9700.00" end="9800.00" id="inductionLoop.S0" nVehContrib="8" flow="288.00" occupancy="12.76" speed="10.68" harmonicMeanSpeed="10.49" length="5.00" nVehEntered="11"/>
    <interval begin="9800.00" end="9900.00" id="inductionLoop.S0" nVehContrib="12" flow="432.00" occupancy="38.18" speed="7.33" harmonicMeanSpeed="1.31" length="5.00" nVehEntered="11"/>
    <interval begin="9900.00" end="10000.00" id="inductionLoop.S0" nVehContrib="11" flow="396.00" occupancy="32.97" speed="6.45" harmonicMeanSpeed="1.67" length="5.00" nVehEntered="11"/>
    <interval begin="10000.00" end="10100.00" id="inductionLoop.S0" nVehContrib="9" flow="324.00" occupancy="16.37" speed="7.99" harmonicMeanSpeed="2.75" length="5.00" nVehEntered="9"/>
    <interval begin="10100.00" end="10200.00" id="inductionLoop.S0" nVehContrib="10" flow="360.00" occupancy="29.03" speed="7.76" harmonicMeanSpeed="1.72" length="5.00" nVehEntered="10"/>
    <interval begin="10200.00" end="10300.00" id="inductionLoop.S0" nVehContrib="7" flow="252.00" occupancy="14.54" speed="6.93" harmonicMeanSpeed="2.41" length="5.00" nVehEntered="7"/>
    <interval begin="10300.00" end="10400.00" id="inductionLoop.S0" nVehContrib="2" flow="72.00" occupancy="0.91" speed="15.21" harmonicMeanSpeed="15.19" length="5.00" nVehEntered="3"/>
    <interval begin="10400.00" end="10500.00" id="inductionLoop.S0" nVehContrib="7" flow="252.00" occupancy="3.43" speed="10.53" harmonicMeanSpeed="10.19" length="5.00" nVehEntered="7"/>
    <interval begin="10500.00" end="10600.00" id="inductionLoop.S0" nVehContrib="8" flow="288.00" occupancy="5.99" speed="10.21" harmonicMeanSpeed="6.89" length="5.00" nVehEntered="10"/>
    <interval begin="10600.00" end="10700.00" id="inductionLoop.S0" nVehContrib="14" flow="504.00" occupancy="13.31" speed="9.86" harmonicMeanSpeed="5.26" length="5.00" nVehEntered="13"/>
    <interval begin="10700.00" end="10800.00" id="inductionLoop.S0" nVehContrib="9" flow="324.00" occupancy="17.98" speed="9.70" harmonicMeanSpeed="2.50" length="5.00" nVehEntered="9"/>
    <interval begin="10800.00" end="10900.00" id="inductionLoop.S0" nVehContrib="8" flow="288.00" occupancy="16.25" speed="8.96" harmonicMeanSpeed="2.46" length="5.00" nVehEntered="8"/>
    <interval begin="10900.00" end="11000.00" id="inductionLoop.S0" nVehContrib="7" flow="252.00" occupancy="2.86" speed="12.38" harmonicMeanSpeed="12.22" length="5.00" nVehEntered="7"/>
    <interval begin="11000.00" end="11100.00" id="inductionLoop.S0" nVehContrib="8" flow="288.00" occupancy="4.47" speed="10.24" harmonicMeanSpeed="8.95" length="5.00" nVehEntered="8"/>
    <interval begin="11100.00" end="11200.00" id="inductionLoop.S0" nVehContrib="8" flow="288.00" occupancy="7.69" speed="10.09" harmonicMeanSpeed="9.71" length="5.00" nVehEntered="10"/>
    <interval begin="11200.00" end="11300.00" id="inductionLoop.S0" nVehContrib="13" flow="468.00" occupancy="5.38" speed="11.27" harmonicMeanSpeed="9.37" length="5.00" nVehEntered="12"/>
    <interval begin="11300.00" end="11400.00" id="inductionLoop.S0" nVehContrib="7" flow="252.00" occupancy="2.86" speed="12.44" harmonicMeanSpeed="12.22" length="5.00" nVehEntered="7"/>
    <interval begin="11400.00" end="11500.00" id="inductionLoop.S0" nVehContrib="9" flow="324.00" occupancy="4.03" speed="11.54" harmonicMeanSpeed="11.18" length="5.00" nVehEntered="9"/>
    <interval begin="11500.00" end="11600.00" id="inductionLoop.S0" nVehContrib="7" flow="252.00" occupancy="3.23" speed="11.19" harmonicMeanSpeed="10.84" length="5.00" nVehEntered="7"/>
    <interval begin="11600.00" end="11700.00" id="inductionLoop.S0" nVehContrib="9" flow="324.00" occupancy="3.68" speed="12.49" harmonicMeanSpeed="12.24" length="5.00" nVehEntered="9"/>
    <interval begin="11700.00" end="11800.00" id="inductionLoop.S0" nVehContrib="10" flow="360.00" occupancy="4.06" speed="12.43" harmonicMeanSpeed="12.31" length="5.00" nVehEntered="10"/>
    <interval begin="11800.00" end="11900.00" id="inductionLoop.S0" nVehContrib="9" flow="324.00" occupancy="24.43" speed="9.37" harmonicMeanSpeed="1.84" length="5.00" nVehEntered="9"/>
    <interval begin="11900.00" end="12000.00" id="inductionLoop.S0" nVehContrib="5" flow="180.00" occupancy="2.11" speed="12.16" harmonicMeanSpeed="11.83" length="5.00" nVehEntered="5"/>
    <interval begin="12000.00" end="12100.00" id="inductionLoop.S0" nVehContrib="7" flow="252.00" occupancy="3.07" speed="11.64" harmonicMeanSpeed="11.41" length="5.00" nVehEntered="7"/>
    <interval begin="12100.00" end="12200.00" id="inductionLoop.S0" nVehContrib="5" flow="180.00" occupancy="2.06" speed="12.37" harmonicMeanSpeed="12.12" length="5.00" nVehEntered="5"/>
    <interval begin="12200.00" end="12300.00" id="inductionLoop.S0" nVehContrib="5" flow="180.00" occupancy="2.05" speed="12.21" harmonicMeanSpeed="12.18" length="5.00" nVehEntered="5"/>
    <interval begin="12300.00" end="12400.00" id="inductionLoop.S0" nVehContrib="11" flow="396.00" occupancy="4.99" speed="11.78" harmonicMeanSpeed="11.03" length="5.00" nVehEntered="11"/>
    <interval begin="12400.00" end="12500.00" id="inductionLoop.S0" nVehContrib="9" flow="324.00" occupancy="12.42" speed="10.13" harmonicMeanSpeed="3.70" length="5.00" nVehEntered="10"/>
    <interval begin="12500.00" end="12600.00" id="inductionLoop.S0" nVehContrib="5" flow="180.00" occupancy="2.50" speed="10.36" harmonicMeanSpeed="9.99" length="5.00" nVehEntered="5"/>
    <interval begin="12600.00" end="12700.00" id="inductionLoop.S0" nVehContrib="9" flow="324.00" occupancy="6.04" speed="10.72" harmonicMeanSpeed="7.46" length="5.00" nVehEntered="9"/>
    <interval begin="12700.00" end="12800.00" id="inductionLoop.S0" nVehContrib="7" flow="252.00" occupancy="5.48" speed="10.24" harmonicMeanSpeed="6.39" length="5.00" nVehEntered="7"/>
    <interval begin="12800.00" end="12900.00" id="inductionLoop.S0" nVehContrib="6" flow="216.00" occupancy="6.79" speed="9.41" harmonicMeanSpeed="4.42" length="5.00" nVehEntered="6"/>
    <interval begin="12900.00" end="13000.00" id="inductionLoop.S0" nVehContrib="10" flow="360.00" occupancy="4.89" speed="11.58" harmonicMeanSpeed="11.27" length="5.00" nVehEntered="11"/>
    <interval begin="13000.00" end="13100.00" id="inductionLoop.S0" nVehContrib="11" flow="396.00" occupancy="4.48" speed="12.51" harmonicMeanSpeed="12.27" length="5.00" nVehEntered="11"/>
    <interval begin="13100.00" end="13200.00" id="inductionLoop.S0" nVehContrib="10" flow="360.00" occupancy="9.95" speed="10.57" harmonicMeanSpeed="5.02" length="5.00" nVehEntered="10"/>
    <interval begin="13200.00" end="13300.00" id="inductionLoop.S0" nVehContrib="7" flow="252.00" occupancy="3.55" speed="11.20" harmonicMeanSpeed="10.92" length="5.00" nVehEntered="8"/>
    <interval begin="13300.00" end="13400.00" id="inductionLoop.S0" nVehContrib="5" flow="180.00" occupancy="2.17" speed="11.96" harmonicMeanSpeed="11.54" length="5.00" nVehEntered="5"/>
    <interval begin="13400.00" end="13500.00" id="inductionLoop.S0" nVehContrib="7" flow="252.00" occupancy="3.14" speed="11.97" harmonicMeanSpeed="11.93" length="5.00" nVehEntered="8"/>
    <interval begin="13500.00" end="13600.00" id="inductionLoop.S0" nVehContrib="7" flow="252.00" occupancy="7.18" speed="9.14" harmonicMeanSpeed="5.66" length="5.00" nVehEntered="8"/>
    <interval begin="13600.00" end="13700.00" id="inductionLoop.S0" nVehContrib="8" flow="288.00" occupancy="4.76" speed="9.17" harmonicMeanSpeed="8.41" length="5.00" nVehEntered="8"/>
    <interval begin="13700.00" end="13800.00" id="inductionLoop.S0" nVehContrib="9" flow="324.00" occupancy="4.49" speed="11.08" harmonicMeanSpeed="10.88" length="5.00" nVehEntered="10"/>
    <interval begin="13800.00" end="13900.00" id="inductionLoop.S0" nVehContrib="9" flow="324.00" occupancy="3.88" speed="12.02" harmonicMeanSpeed="11.60" length="5.00" nVehEntered="9"/>
    <interval begin="13900.00" end="14000.00" id="inductionLoop.S0" nVehContrib="4" flow="144.00" occupancy="1.63" speed="12.90" harmonicMeanSpeed="12.87" length="5.00" nVehEntered="5"/>
    <interval begin="14000.00" end="14100.00" id="inductionLoop.S0" nVehContrib="8" flow="288.00" occupancy="3.37" speed="12.19" harmonicMeanSpeed="11.87" length="5.00" nVehEntered="8"/>
    <interval begin="14100.00" end="14200.00" id="inductionLoop.S0" nVehContrib="8" flow="288.00" occupancy="6.26" speed="9.55" harmonicMeanSpeed="8.77" length="5.00" nVehEntered="9"/>
    <interval begin="14200.00" end="14300.00" id="inductionLoop.S0" nVehContrib="11" flow="396.00" occupancy="24.46" speed="6.50" harmonicMeanSpeed="2.10" length="5.00" nVehEntered="10"/>
    <interval begin="14300.00" end="14400.00" id="inductionLoop.S0" nVehContrib="7" flow="252.00" occupancy="2.96" speed="12.25" harmonicMeanSpeed="11.84" length="5.00" nVehEntered="7"/>
    <interval begin="14400.00" end="14500.00" id="inductionLoop.S0" nVehContrib="10" flow="360.00" occupancy="4.73" speed="10.82" harmonicMeanSpeed="10.56" length="5.00" nVehEntered="10"/>
    <interval begin="14500.00" end="14600.00" id="inductionLoop.S0" nVehContrib="5" flow="180.00" occupancy="1.93" speed="13.10" harmonicMeanSpeed="12.95" length="5.00" nVehEntered="5"/>
    <interval begin="14600.00" end="14700.00" id="inductionLoop.S0" nVehContrib="6" flow="216.00" occupancy="3.12" speed="11.77" harmonicMeanSpeed="11.67" length="5.00" nVehEntered="7"/>
    <interval begin="14700.00" end="14800.00" id="inductionLoop.S0" nVehContrib="6" flow="216.00" occupancy="2.62" speed="11.66" harmonicMeanSpeed="11.46" length="5.00" nVehEntered="6"/>
    <interval begin="14800.00" end="14900.00" id="inductionLoop.S0" nVehContrib="10" flow="360.00" occupancy="28.28" speed="9.07" harmonicMeanSpeed="1.77" length="5.00" nVehEntered="10"/>
    <interval begin="14900.00" end="15000.00" id="inductionLoop.S0" nVehContrib="7" flow="252.00" occupancy="16.34" speed="9.34" harmonicMeanSpeed="2.49" length="5.00" nVehEntered="9"/>
    <interval begin="15000.00" end="15100.00" id="inductionLoop.S0" nVehContrib="5" flow="180.00" occupancy="2.04" speed="12.45" harmonicMeanSpeed="12.27" length="5.00" nVehEntered="5"/>
    <interval begin="15100.00" end="15200.00" id="inductionLoop.S0" nVehContrib="9" flow="324.00" occupancy="15.49" speed="9.39" harmonicMeanSpeed="3.41" length="5.00" nVehEntered="10"/>
    <interval begin="15200.00" end="15300.00" id="inductionLoop.S0" nVehContrib="7" flow="252.00" occupancy="5.04" speed="10.82" harmonicMeanSpeed="10.54" length="5.00" nVehEntered="9"/>
    <interval begin="15300.00" end="15400.00" id="inductionLoop.S0" nVehContrib="7" flow="252.00" occupancy="4.37" speed="9.90" harmonicMeanSpeed="8.01" length="5.00" nVehEntered="7"/>
    <interval begin="15400.00" end="15500.00" id="inductionLoop.S0" nVehContrib="3" flow="108.00" occupancy="1.26" speed="11.93" harmonicMeanSpeed="11.91" length="5.00" nVehEntered="3"/>
    <interval begin="15500.00" end="15600.00" id="inductionLoop.S0" nVehContrib="11" flow="396.00" occupancy="8.48" speed="10.32" harmonicMeanSpeed="6.48" length="5.00" nVehEntered="11"/>
    <interval begin="15600.00" end="15700.00" id="inductionLoop.S0" nVehContrib="9" flow="324.00" occupancy="6.24" speed="8.98" harmonicMeanSpeed="7.21" length="5.00" nVehEntered="9"/>
    <interval begin="15700.00" end="15800.00" id="inductionLoop.S0" nVehContrib="5" flow="180.00" occupancy="2.97" speed="10.21" harmonicMeanSpeed="9.93" length="5.00" nVehEntered="7"/>
    <interval begin="15800.00" end="15900.00" id="inductionLoop.S0" nVehContrib="8" flow="288.00" occupancy="19.73" speed="5.62" harmonicMeanSpeed="2.15" length="5.00" nVehEntered="9"/>
    <interval begin="15900.00" end="16000.00" id="inductionLoop.S0" nVehContrib="6" flow="216.00" occupancy="17.87" speed="7.64" harmonicMeanSpeed="1.68" length="5.00" nVehEntered="6"/>
    <interval begin="16000.00" end="16100.00" id="inductionLoop.S0" nVehContrib="9" flow="324.00" occupancy="13.97" speed="8.27" harmonicMeanSpeed="6.08" length="5.00" nVehEntered="10"/>
    <interval begin="16100.00" end="16200.00" id="inductionLoop.S0" nVehContrib="15" flow="540.00" occupancy="48.13" speed="5.25" harmonicMeanSpeed="1.52" length="5.00" nVehEntered="16"/>
    <interval begin="16200.00" end="16300.00" id="inductionLoop.S0" nVehContrib="9" flow="324.00" occupancy="9.36" speed="6.86" harmonicMeanSpeed="4.26" length="5.00" nVehEntered="8"/>
    <interval begin="16300.00" end="16400.00" id="inductionLoop.S0" nVehContrib="6" flow="216.00" occupancy="3.48" speed="9.87" harmonicMeanSpeed="8.63" length="5.00" nVehEntered="6"/>
    <interval begin="16400.00" end="16500.00" id="inductionLoop.S0" nVehContrib="9" flow="324.00" occupancy="21.21" speed="7.39" harmonicMeanSpeed="2.68" length="5.00" nVehEntered="11"/>
    <interval begin="16500.00" end="16600.00" id="inductionLoop.S0" nVehContrib="6" flow="216.00" occupancy="3.71" speed="10.37" harmonicMeanSpeed="10.03" length="5.00" nVehEntered="7"/>
    <interval begin="16600.00" end="16700.00" id="inductionLoop.S0" nVehContrib="11" flow="396.00" occupancy="14.29" speed="6.18" harmonicMeanSpeed="3.85" length="5.00" nVehEntered="11"/>
    <interval begin="16700.00" end="16800.00" id="inductionLoop.S0" nVehContrib="9" flow="324.00" occupancy="45.86" speed="6.94" harmonicMeanSpeed="0.98" length="5.00" nVehEntered="10"/>
    <interval begin="16800.00" end="16900.00" id="inductionLoop.S0" nVehContrib="7" flow="252.00" occupancy="7.85" speed="11.03" harmonicMeanSpeed="10.81" length="5.00" nVehEntered="9"/>
    <interval begin="16900.00" end="17000.00" id="inductionLoop.S0" nVehContrib="8" flow="288.00" occupancy="4.58" speed="9.27" harmonicMeanSpeed="8.74" length="5.00" nVehEntered="8"/>
    <interval begin="17000.00" end="17100.00" id="inductionLoop.S0" nVehContrib="13" flow="468.00" occupancy="9.82" speed="10.45" harmonicMeanSpeed="6.75" length="5.00" nVehEntered="14"/>
    <interval begin="17100.00" end="17200.00" id="inductionLoop.S0" nVehContrib="5" flow="180.00" occupancy="23.30" speed="9.61" harmonicMeanSpeed="9.40" length="5.00" nVehEntered="8"/>
    <interval begin="17200.00" end="17300.00" id="inductionLoop.S0" nVehContrib="12" flow="432.00" occupancy="24.48" speed="8.30" harmonicMeanSpeed="1.35" length="5.00" nVehEntered="12"/>
    <interval begin="17300.00" end="17400.00" id="inductionLoop.S0" nVehContrib="5" flow="180.00" occupancy="7.52" speed="9.02" harmonicMeanSpeed="8.90" length="5.00" nVehEntered="7"/>
    <interval begin="17400.00" end="17500.00" id="inductionLoop.S0" nVehContrib="6" flow="216.00" occupancy="22.59" speed="7.75" harmonicMeanSpeed="1.22" length="5.00" nVehEntered="5"/>
    <interval begin="17500.00" end="17600.00" id="inductionLoop.S0" nVehContrib="10" flow="360.00" occupancy="17.60" speed="8.60" harmonicMeanSpeed="2.84" length="5.00" nVehEntered="10"/>
    <interval begin="17600.00" end="17700.00" id="inductionLoop.S0" nVehContrib="6" flow="216.00" occupancy="8.72" speed="6.31" harmonicMeanSpeed="3.91" length="5.00" nVehEntered="8"/>
    <interval begin="17700.00" end="17800.00" id="inductionLoop.S0" nVehContrib="10" flow="360.00" occupancy="34.53" speed="4.37" harmonicMeanSpeed="1.45" length="5.00" nVehEntered="10"/>
    <interval begin="17800.00" end="17900.00" id="inductionLoop.S0" nVehContrib="5" flow="180.00" occupancy="2.11" speed="11.88" harmonicMeanSpeed="11.83" length="5.00" nVehEntered="5"/>
    <interval begin="17900.00" end="18000.00" id="inductionLoop.S0" nVehContrib="8" flow="288.00" occupancy="11.06" speed="9.34" harmonicMeanSpeed="4.13" length="5.00" nVehEntered="9"/>
    <interval begin="18000.00" end="18100.00" id="inductionLoop.S0" nVehContrib="7" flow="252.00" occupancy="26.57" speed="8.27" harmonicMeanSpeed="7.99" length="5.00" nVehEntered="8"/>
    <interval begin="18100.00" end="18200.00" id="inductionLoop.S0" nVehContrib="8" flow="288.00" occupancy="26.92" speed="7.04" harmonicMeanSpeed="0.85" length="5.00" nVehEntered="8"/>
    <interval begin="18200.00" end="18300.00" id="inductionLoop.S0" nVehContrib="5" flow="180.00" occupancy="2.36" speed="10.77" harmonicMeanSpeed="10.58" length="5.00" nVehEntered="5"/>
    <interval begin="18300.00" end="18400.00" id="inductionLoop.S0" nVehContrib="7" flow="252.00" occupancy="28.72" speed="8.30" harmonicMeanSpeed="1.22" length="5.00" nVehEntered="7"/>
    <interval begin="18400.00" end="18500.00" id="inductionLoop.S0" nVehContrib="6" flow="216.00" occupancy="2.92" speed="10.86" harmonicMeanSpeed="10.28" length="5.00" nVehEntered="6"/>
    <interval begin="18500.00" end="18600.00" id="inductionLoop.S0" nVehContrib="6" flow="216.00" occupancy="26.40" speed="7.35" harmonicMeanSpeed="1.15" length="5.00" nVehEntered="7"/>
    <interval begin="18600.00" end="18700.00" id="inductionLoop.S0" nVehContrib="6" flow="216.00" occupancy="3.00" speed="10.27" harmonicMeanSpeed="10.00" length="5.00" nVehEntered="6"/>
    <interval begin="18700.00" end="18800.00" id="inductionLoop.S0" nVehContrib="10" flow="360.00" occupancy="32.15" speed="7.38" harmonicMeanSpeed="1.57" length="5.00" nVehEntered="12"/>
    <interval begin="18800.00" end="18900.00" id="inductionLoop.S0" nVehContrib="7" flow="252.00" occupancy="44.76" speed="7.79" harmonicMeanSpeed="0.78" length="5.00" nVehEntered="7"/>
    <interval begin="18900.00" end="19000.00" id="inductionLoop.S0" nVehContrib="7" flow="252.00" occupancy="47.65" speed="7.44" harmonicMeanSpeed="0.98" length="5.00" nVehEntered="8"/>
    <interval begin="19000.00" end="19100.00" id="inductionLoop.S0" nVehContrib="6" flow="216.00" occupancy="69.83" speed="2.08" harmonicMeanSpeed="0.37" length="5.00" nVehEntered="5"/>
    <interval begin="19100.00" end="19200.00" id="inductionLoop.S0" nVehContrib="5" flow="180.00" occupancy="49.56" speed="6.62" harmonicMeanSpeed="0.50" length="5.00" nVehEntered="5"/>
    <interval begin="19200.00" end="19300.00" id="inductionLoop.S0" nVehContrib="6" flow="216.00" occupancy="2.62" speed="11.76" harmonicMeanSpeed="11.46" length="5.00" nVehEntered="6"/>
    <interval begin="19300.00" end="19400.00" id="inductionLoop.S0" nVehContrib="8" flow="288.00" occupancy="8.15" speed="9.65" harmonicMeanSpeed="5.13" length="5.00" nVehEntered="9"/>
    <interval begin="19400.00" end="19500.00" id="inductionLoop.S0" nVehContrib="9" flow="324.00" occupancy="34.46" speed="3.49" harmonicMeanSpeed="1.33" length="5.00" nVehEntered="10"/>
    <interval begin="19500.00" end="19600.00" id="inductionLoop.S0" nVehContrib="5" flow="180.00" occupancy="56.77" speed="3.99" harmonicMeanSpeed="1.48" length="5.00" nVehEntered="6"/>
    <interval begin="19600.00" end="19700.00" id="inductionLoop.S0" nVehContrib="11" flow="396.00" occupancy="37.16" speed="4.13" harmonicMeanSpeed="0.79" length="5.00" nVehEntered="11"/>
    <interval begin="19700.00" end="19800.00" id="inductionLoop.S0" nVehContrib="9" flow="324.00" occupancy="43.90" speed="6.02" harmonicMeanSpeed="0.88" length="5.00" nVehEntered="8"/>
    <interval begin="19800.00" end="19900.00" id="inductionLoop.S0" nVehContrib="9" flow="324.00" occupancy="51.98" speed="4.80" harmonicMeanSpeed="0.87" length="5.00" nVehEntered="9"/>
    <interval begin="19900.00" end="20000.00" id="inductionLoop.S0" nVehContrib="11" flow="396.00" occupancy="41.55" speed="2.25" harmonicMeanSpeed="1.78" length="5.00" nVehEntered="12"/>
    <interval begin="20000.00" end="20100.00" id="inductionLoop.S0" nVehContrib="10" flow="360.00" occupancy="54.40" speed="5.15" harmonicMeanSpeed="0.84" length="5.00" nVehEntered="10"/>
    <interval begin="20100.00" end="20200.00" id="inductionLoop.S0" nVehContrib="8" flow="288.00" occupancy="21.67" speed="9.98" harmonicMeanSpeed="1.97" length="5.00" nVehEntered="10"/>
    <interval begin="20200.00" end="20300.00" id="inductionLoop.S0" nVehContrib="5" flow="180.00" occupancy="85.34" speed="1.32" harmonicMeanSpeed="0.44" length="5.00" nVehEntered="5"/>
    <interval begin="20300.00" end="20400.00" id="inductionLoop.S0" nVehContrib="14" flow="504.00" occupancy="36.26" speed="4.00" harmonicMeanSpeed="1.21" length="5.00" nVehEntered="14"/>
    <interval begin="20400.00" end="20500.00" id="inductionLoop.S0" nVehContrib="6" flow="216.00" occupancy="84.83" speed="2.51" harmonicMeanSpeed="0.35" length="5.00" nVehEntered="6"/>
    <interval begin="20500.00" end="20600.00" id="inductionLoop.S0" nVehContrib="13" flow="468.00" occupancy="42.94" speed="2.14" harmonicMeanSpeed="1.32" length="5.00" nVehEntered="12"/>
    <interval begin="20600.00" end="20700.00" id="inductionLoop.S0" nVehContrib="12" flow="432.00" occupancy="45.82" speed="3.12" harmonicMeanSpeed="1.31" length="5.00" nVehEntered="12"/>
    <interval begin="20700.00" end="20800.00" id="inductionLoop.S0" nVehContrib="6" flow="216.00" occupancy="63.09" speed="3.25" harmonicMeanSpeed="2.15" length="5.00" nVehEntered="7"/>
    <interval begin="20800.00" end="20900.00" id="inductionLoop.S0" nVehContrib="8" flow="288.00" occupancy="83.20" speed="4.02" harmonicMeanSpeed="0.44" length="5.00" nVehEntered="8"/>
    <interval begin="20900.00" end="21000.00" id="inductionLoop.S0" nVehContrib="12" flow="432.00" occupancy="47.26" speed="2.91" harmonicMeanSpeed="0.71" length="5.00" nVehEntered="12"/>
    <interval begin="21000.00" end="21100.00" id="inductionLoop.S0" nVehContrib="13" flow="468.00" occupancy="47.96" speed="3.70" harmonicMeanSpeed="2.23" length="5.00" nVehEntered="13"/>
    <interval begin="21100.00" end="21200.00" id="inductionLoop.S0" nVehContrib="8" flow="288.00" occupancy="82.67" speed="1.84" harmonicMeanSpeed="0.38" length="5.00" nVehEntered="7"/>
    <interval begin="21200.00" end="21300.00" id="inductionLoop.S0" nVehContrib="8" flow="288.00" occupancy="82.29" speed="2.71" harmonicMeanSpeed="0.49" length="5.00" nVehEntered="8"/>
    <interval begin="21300.00" end="21400.00" id="inductionLoop.S0" nVehContrib="6" flow="216.00" occupancy="87.17" speed="2.96" harmonicMeanSpeed="0.48" length="5.00" nVehEntered="7"/>
    <interval begin="21400.00" end="21500.00" id="inductionLoop.S0" nVehContrib="10" flow="360.00" occupancy="82.67" speed="3.23" harmonicMeanSpeed="0.47" length="5.00" nVehEntered="9"/>
    <interval begin="21500.00" end="21600.00" id="inductionLoop.S0" nVehContrib="13" flow="468.00" occupancy="74.42" speed="4.22" harmonicMeanSpeed="0.87" length="5.00" nVehEntered="13"/>
    <interval begin="21600.00" end="21700.00" id="inductionLoop.S0" nVehContrib="7" flow="252.00" occupancy="81.52" speed="2.93" harmonicMeanSpeed="0.44" length="5.00" nVehEntered="8"/>
    <interval begin="21700.00" end="21800.00" id="inductionLoop.S0" nVehContrib="7" flow="252.00" occupancy="60.63" speed="1.29" harmonicMeanSpeed="0.56" length="5.00" nVehEntered="6"/>
    <interval begin="21800.00" end="21900.00" id="inductionLoop.S0" nVehContrib="13" flow="468.00" occupancy="37.18" speed="3.14" harmonicMeanSpeed="1.96" length="5.00" nVehEntered="14"/>
    <interval begin="21900.00" end="22000.00" id="inductionLoop.S0" nVehContrib="10" flow="360.00" occupancy="78.43" speed="3.40" harmonicMeanSpeed="0.67" length="5.00" nVehEntered="10"/>
    <interval begin="22000.00" end="22100.00" id="inductionLoop.S0" nVehContrib="9" flow="324.00" occupancy="80.52" speed="4.03" harmonicMeanSpeed="0.82" length="5.00" nVehEntered="9"/>
    <interval begin="22100.00" end="22200.00" id="inductionLoop.S0" nVehContrib="11" flow="396.00" occupancy="78.11" speed="3.79" harmonicMeanSpeed="0.61" length="5.00" nVehEntered="11"/>
    <interval begin="22200.00" end="22300.00" id="inductionLoop.S0" nVehContrib="14" flow="504.00" occupancy="74.04" speed="5.49" harmonicMeanSpeed="1.05" length="5.00" nVehEntered="14"/>
    <interval begin="22300.00" end="22400.00" id="inductionLoop.S0" nVehContrib="7" flow="252.00" occupancy="85.82" speed="4.35" harmonicMeanSpeed="0.48" length="5.00" nVehEntered="7"/>
    <interval begin="22400.00" end="22500.00" id="inductionLoop.S0" nVehContrib="15" flow="540.00" occupancy="45.49" speed="4.04" harmonicMeanSpeed="0.86" length="5.00" nVehEntered="15"/>
    <interval begin="22500.00" end="22600.00" id="inductionLoop.S0" nVehContrib="7" flow="252.00" occupancy="81.43" speed="3.78" harmonicMeanSpeed="0.53" length="5.00" nVehEntered="7"/>
    <interval begin="22600.00" end="22700.00" id="inductionLoop.S0" nVehContrib="11" flow="396.00" occupancy="52.33" speed="2.88" harmonicMeanSpeed="1.14" length="5.00" nVehEntered="11"/>
    <interval begin="22700.00" end="22800.00" id="inductionLoop.S0" nVehContrib="8" flow="288.00" occupancy="82.91" speed="2.24" harmonicMeanSpeed="0.39" length="5.00" nVehEntered="7"/>
    <interval begin="22800.00" end="22900.00" id="inductionLoop.S0" nVehContrib="16" flow="576.00" occupancy="34.78" speed="4.12" harmonicMeanSpeed="2.30" length="5.00" nVehEntered="16"/>
    <interval begin="22900.00" end="23000.00" id="inductionLoop.S0" nVehContrib="13" flow="468.00" occupancy="45.94" speed="2.30" harmonicMeanSpeed="1.52" length="5.00" nVehEntered="14"/>
    <interval begin="23000.00" end="23100.00" id="inductionLoop.S0" nVehContrib="8" flow="288.00" occupancy="64.61" speed="3.78" harmonicMeanSpeed="0.81" length="5.00" nVehEntered="8"/>
    <interval begin="23100.00" end="23200.00" id="inductionLoop.S0" nVehContrib="9" flow="324.00" occupancy="52.22" speed="3.12" harmonicMeanSpeed="0.64" length="5.00" nVehEntered="8"/>
    <interval begin="23200.00" end="23300.00" id="inductionLoop.S0" nVehContrib="9" flow="324.00" occupancy="82.40" speed="3.86" harmonicMeanSpeed="0.55" length="5.00" nVehEntered="10"/>
    <interval begin="23300.00" end="23400.00" id="inductionLoop.S0" nVehContrib="12" flow="432.00" occupancy="74.05" speed="4.08" harmonicMeanSpeed="0.87" length="5.00" nVehEntered="12"/>
    <interval begin="23400.00" end="23500.00" id="inductionLoop.S0" nVehContrib="2" flow="72.00" occupancy="93.42" speed="0.41" harmonicMeanSpeed="0.10" length="5.00" nVehEntered="2"/>
    <interval begin="23500.00" end="23600.00" id="inductionLoop.S0" nVehContrib="6" flow="216.00" occupancy="88.21" speed="3.72" harmonicMeanSpeed="0.44" length="5.00" nVehEntered="6"/>
    <interval begin="23600.00" end="23700.00" id="inductionLoop.S0" nVehContrib="15" flow="540.00" occupancy="70.96" speed="3.81" harmonicMeanSpeed="1.34" length="5.00" nVehEntered="15"/>
    <interval begin="23700.00" end="23800.00" id="inductionLoop.S0" nVehContrib="12" flow="432.00" occupancy="79.52" speed="6.12" harmonicMeanSpeed="0.95" length="5.00" nVehEntered="12"/>
    <interval begin="23800.00" end="23900.00" id="inductionLoop.S0" nVehContrib="14" flow="504.00" occupancy="50.98" speed="2.66" harmonicMeanSpeed="0.66" length="5.00" nVehEntered="13"/>
    <interval begin="23900.00" end="24000.00" id="inductionLoop.S0" nVehContrib="9" flow="324.00" occupancy="77.53" speed="4.06" harmonicMeanSpeed="0.78" length="5.00" nVehEntered="10"/>
    <interval begin="24000.00" end="24100.00" id="inductionLoop.S0" nVehContrib="8" flow="288.00" occupancy="66.06" speed="2.14" harmonicMeanSpeed="0.50" length="5.00" nVehEntered="8"/>
    <interval begin="24100.00" end="24200.00" id="inductionLoop.S0" nVehContrib="12" flow="432.00" occupancy="71.94" speed="3.35" harmonicMeanSpeed="0.78" length="5.00" nVehEntered="12"/>
    <interval begin="24200.00" end="24300.00" id="inductionLoop.S0" nVehContrib="11" flow="396.00" occupancy="75.92" speed="4.83" harmonicMeanSpeed="1.16" length="5.00" nVehEntered="11"/>
    <interval begin="24300.00" end="24400.00" id="inductionLoop.S0" nVehContrib="17" flow="612.00" occupancy="66.26" speed="3.29" harmonicMeanSpeed="0.88" length="5.00" nVehEntered="16"/>
    <interval begin="24400.00" end="24500.00" id="inductionLoop.S0" nVehContrib="8" flow="288.00" occupancy="60.56" speed="3.42" harmonicMeanSpeed="0.66" length="5.00" nVehEntered="9"/>
    <interval begin="24500.00" end="24600.00" id="inductionLoop.S0" nVehContrib="11" flow="396.00" occupancy="36.58" speed="4.67" harmonicMeanSpeed="1.50" length="5.00" nVehEntered="11"/>
    <interval begin="24600.00" end="24700.00" id="inductionLoop.S0" nVehContrib="7" flow="252.00" occupancy="35.57" speed="10.95" harmonicMeanSpeed="10.72" length="5.00" nVehEntered="8"/>
    <interval begin="24700.00" end="24800.00" id="inductionLoop.S0" nVehContrib="13" flow="468.00" occupancy="49.21" speed="5.27" harmonicMeanSpeed="0.81" length="5.00" nVehEntered="13"/>
    <interval begin="24800.00" end="24900.00" id="inductionLoop.S0" nVehContrib="9" flow="324.00" occupancy="60.14" speed="4.08" harmonicMeanSpeed="0.73" length="5.00" nVehEntered="8"/>
    <interval begin="24900.00" end="25000.00" id="inductionLoop.S0" nVehContrib="11" flow="396.00" occupancy="79.51" speed="4.75" harmonicMeanSpeed="0.81" length="5.00" nVehEntered="12"/>
    <interval begin="25000.00" end="25100.00" id="inductionLoop.S0" nVehContrib="13" flow="468.00" occupancy="49.54" speed="1.59" harmonicMeanSpeed="1.06" length="5.00" nVehEntered="12"/>
    <interval begin="25100.00" end="25200.00" id="inductionLoop.S0" nVehContrib="9" flow="324.00" occupancy="58.18" speed="3.54" harmonicMeanSpeed="0.81" length="5.00" nVehEntered="10"/>
    <interval begin="25200.00" end="25300.00" id="inductionLoop.S0" nVehContrib="10" flow="360.00" occupancy="79.95" speed="3.62" harmonicMeanSpeed="0.61" length="5.00" nVehEntered="9"/>
    <interval begin="25300.00" end="25400.00" id="inductionLoop.S0" nVehContrib="11" flow="396.00" occupancy="77.86" speed="4.50" harmonicMeanSpeed="0.72" length="5.00" nVehEntered="12"/>
    <interval begin="25400.00" end="25500.00" id="inductionLoop.S0" nVehContrib="6" flow="216.00" occupancy="86.59" speed="2.48" harmonicMeanSpeed="0.34" length="5.00" nVehEntered="5"/>
    <interval begin="25500.00" end="25600.00" id="inductionLoop.S0" nVehContrib="8" flow="288.00" occupancy="82.52" speed="3.54" harmonicMeanSpeed="0.99" length="5.00" nVehEntered="9"/>
    <interval begin="25600.00" end="25700.00" id="inductionLoop.S0" nVehContrib="10" flow="360.00" occupancy="58.16" speed="1.80" harmonicMeanSpeed="0.54" length="5.00" nVehEntered="10"/>
    <interval begin="25700.00" end="25800.00" id="inductionLoop.S0" nVehContrib="8" flow="288.00" occupancy="83.86" speed="4.18" harmonicMeanSpeed="0.44" length="5.00" nVehEntered="7"/>
    <interval begin="25800.00" end="25900.00" id="inductionLoop.S0" nVehContrib="14" flow="504.00" occupancy="72.68" speed="4.93" harmonicMeanSpeed="1.94" length="5.00" nVehEntered="15"/>
    <interval begin="25900.00" end="26000.00" id="inductionLoop.S0" nVehContrib="14" flow="504.00" occupancy="73.45" speed="5.08" harmonicMeanSpeed="0.86" length="5.00" nVehEntered="14"/>
    <interval begin="26000.00" end="26100.00" id="inductionLoop.S0" nVehContrib="12" flow="432.00" occupancy="57.72" speed="2.71" harmonicMeanSpeed="0.70" length="5.00" nVehEntered="11"/>
    <interval begin="26100.00" end="26200.00" id="inductionLoop.S0" nVehContrib="5" flow="180.00" occupancy="80.07" speed="5.06" harmonicMeanSpeed="3.30" length="5.00" nVehEntered="6"/>
    <interval begin="26200.00" end="26300.00" id="inductionLoop.S0" nVehContrib="10" flow="360.00" occupancy="75.22" speed="3.22" harmonicMeanSpeed="0.49" length="5.00" nVehEntered="10"/>
    <interval begin="26300.00" end="26400.00" id="inductionLoop.S0" nVehContrib="8" flow="288.00" occupancy="83.15" speed="3.48" harmonicMeanSpeed="0.39" length="5.00" nVehEntered="8"/>
    <interval begin="26400.00" end="26500.00" id="inductionLoop.S0" nVehContrib="12" flow="432.00" occupancy="62.53" speed="3.56" harmonicMeanSpeed="0.67" length="5.00" nVehEntered="11"/>
    <interval begin="26500.00" end="26600.00" id="inductionLoop.S0" nVehContrib="15" flow="540.00" occupancy="45.56" speed="2.97" harmonicMeanSpeed="1.65" length="5.00" nVehEntered="15"/>
    <interval begin="26600.00" end="26700.00" id="inductionLoop.S0" nVehContrib="9" flow="324.00" occupancy="32.43" speed="1.42" harmonicMeanSpeed="1.39" length="5.00" nVehEntered="9"/>
    <interval begin="26700.00" end="26800.00" id="inductionLoop.S0" nVehContrib="16" flow="576.00" occupancy="62.97" speed="3.44" harmonicMeanSpeed="1.27" length="5.00" nVehEntered="16"/>
    <interval begin="26800.00" end="26900.00" id="inductionLoop.S0" nVehContrib="11" flow="396.00" occupancy="48.26" speed="3.38" harmonicMeanSpeed="1.14" length="5.00" nVehEntered="11"/>
    <interval begin="26900.00" end="27000.00" id="inductionLoop.S0" nVehContrib="8" flow="288.00" occupancy="84.23" speed="4.56" harmonicMeanSpeed="0.47" length="5.00" nVehEntered="9"/>
    <interval begin="27000.00" end="27100.00" id="inductionLoop.S0" nVehContrib="8" flow="288.00" occupancy="85.37" speed="4.76" harmonicMeanSpeed="0.47" length="5.00" nVehEntered="7"/>
    <interval begin="27100.00" end="27200.00" id="inductionLoop.S0" nVehContrib="10" flow="360.00" occupancy="41.63" speed="1.80" harmonicMeanSpeed="1.26" length="5.00" nVehEntered="11"/>
    <interval begin="27200.00" end="27300.00" id="inductionLoop.S0" nVehContrib="8" flow="288.00" occupancy="54.99" speed="2.15" harmonicMeanSpeed="1.68" length="5.00" nVehEntered="8"/>
    <interval begin="27300.00" end="27400.00" id="inductionLoop.S0" nVehContrib="11" flow="396.00" occupancy="76.50" speed="2.93" harmonicMeanSpeed="0.51" length="5.00" nVehEntered="11"/>
    <interval begin="27400.00" end="27500.00" id="inductionLoop.S0" nVehContrib="17" flow="612.00" occupancy="43.48" speed="3.17" harmonicMeanSpeed="1.90" length="5.00" nVehEntered="16"/>
    <interval begin="27500.00" end="27600.00" id="inductionLoop.S0" nVehContrib="14" flow="504.00" occupancy="54.69" speed="3.72" harmonicMeanSpeed="1.78" length="5.00" nVehEntered="15"/>
    <interval begin="27600.00" end="27700.00" id="inductionLoop.S0" nVehContrib="17" flow="612.00" occupancy="70.69" speed="6.02" harmonicMeanSpeed="1.20" length="5.00" nVehEntered="17"/>
    <interval begin="27700.00" end="27800.00" id="inductionLoop.S0" nVehContrib="14" flow="504.00" occupancy="71.86" speed="4.01" harmonicMeanSpeed="0.81" length="5.00" nVehEntered="13"/>
    <interval begin="27800.00" end="27900.00" id="inductionLoop.S0" nVehContrib="12" flow="432.00" occupancy="75.08" speed="5.05" harmonicMeanSpeed="0.80" length="5.00" nVehEntered="12"/>
    <interval begin="27900.00" end="28000.00" id="inductionLoop.S0" nVehContrib="14" flow="504.00" occupancy="71.99" speed="4.82" harmonicMeanSpeed="0.98" length="5.00" nVehEntered="15"/>
    <interval begin="28000.00" end="28100.00" id="inductionLoop.S0" nVehContrib="18" flow="648.00" occupancy="66.65" speed="4.61" harmonicMeanSpeed="1.34" length="5.00" nVehEntered="17"/>
    <interval begin="28100.00" end="28200.00" id="inductionLoop.S0" nVehContrib="12" flow="432.00" occupancy="68.26" speed="2.40" harmonicMeanSpeed="1.35" length="5.00" nVehEntered="13"/>
    <interval begin="28200.00" end="28300.00" id="inductionLoop.S0" nVehContrib="20" flow="720.00" occupancy="64.12" speed="5.19" harmonicMeanSpeed="1.14" length="5.00" nVehEntered="19"/>
    <interval begin="28300.00" end="28400.00" id="inductionLoop.S0" nVehContrib="12" flow="432.00" occupancy="74.88" speed="3.73" harmonicMeanSpeed="1.07" length="5.00" nVehEntered="13"/>
    <interval begin="28400.00" end="28500.00" id="inductionLoop.S0" nVehContrib="21" flow="756.00" occupancy="63.39" speed="5.54" harmonicMeanSpeed="1.30" length="5.00" nVehEntered="21"/>
    <interval begin="28500.00" end="28600.00" id="inductionLoop.S0" nVehContrib="17" flow="612.00" occupancy="70.62" speed="5.82" harmonicMeanSpeed="1.17" length="5.00" nVehEntered="16"/>
    <interval begin="28600.00" end="28700.00" id="inductionLoop.S0" nVehContrib="8" flow="288.00" occupancy="80.16" speed="3.84" harmonicMeanSpeed="0.50" length="5.00" nVehEntered="9"/>
    <interval begin="28700.00" end="28800.00" id="inductionLoop.S0" nVehContrib="33" flow="1188.00" occupancy="44.35" speed="6.74" harmonicMeanSpeed="4.84" length="5.00" nVehEntered="33"/>
    <interval begin="28800.00" end="28900.00" id="inductionLoop.S0" nVehContrib="15" flow="540.00" occupancy="73.98" speed="5.75" harmonicMeanSpeed="0.89" length="5.00" nVehEntered="14"/>
    <interval begin="28900.00" end="29000.00" id="inductionLoop.S0" nVehContrib="4" flow="144.00" occupancy="91.59" speed="2.61" harmonicMeanSpeed="0.22" length="5.00" nVehEntered="4"/>
    <interval begin="29000.00" end="29100.00" id="inductionLoop.S0" nVehContrib="29" flow="1044.00" occupancy="53.73" speed="7.70" harmonicMeanSpeed="3.71" length="5.00" nVehEntered="30"/>
    <interval begin="29100.00" end="29200.00" id="inductionLoop.S0" nVehContrib="17" flow="612.00" occupancy="66.76" speed="6.02" harmonicMeanSpeed="1.05" length="5.00" nVehEntered="17"/>
    <interval begin="29200.00" end="29300.00" id="inductionLoop.S0" nVehContrib="17" flow="612.00" occupancy="60.26" speed="3.37" harmonicMeanSpeed="1.40" length="5.00" nVehEntered="16"/>
    <interval begin="29300.00" end="29400.00" id="inductionLoop.S0" nVehContrib="7" flow="252.00" occupancy="82.50" speed="2.35" harmonicMeanSpeed="1.34" length="5.00" nVehEntered="8"/>
    <interval begin="29400.00" end="29500.00" id="inductionLoop.S0" nVehContrib="25" flow="900.00" occupancy="57.39" speed="5.63" harmonicMeanSpeed="1.13" length="5.00" nVehEntered="25"/>
    <interval begin="29500.00" end="29600.00" id="inductionLoop.S0" nVehContrib="16" flow="576.00" occupancy="70.64" speed="7.00" harmonicMeanSpeed="1.11" length="5.00" nVehEntered="16"/>
    <interval begin="29600.00" end="29700.00" id="inductionLoop.S0" nVehContrib="8" flow="288.00" occupancy="83.82" speed="3.69" harmonicMeanSpeed="0.64" length="5.00" nVehEntered="8"/>
    <interval begin="29700.00" end="29800.00" id="inductionLoop.S0" nVehContrib="14" flow="504.00" occupancy="73.40" speed="4.86" harmonicMeanSpeed="0.76" length="5.00" nVehEntered="14"/>
    <interval begin="29800.00" end="29900.00" id="inductionLoop.S0" nVehContrib="7" flow="252.00" occupancy="71.59" speed="1.23" harmonicMeanSpeed="1.21" length="5.00" nVehEntered="7"/>
    <interval begin="29900.00" end="30000.00" id="inductionLoop.S0" nVehContrib="10" flow="360.00" occupancy="81.21" speed="5.65" harmonicMeanSpeed="0.40" length="5.00" nVehEntered="10"/>
    <interval begin="30000.00" end="30100.00" id="inductionLoop.S0" nVehContrib="8" flow="288.00" occupancy="28.60" speed="5.60" harmonicMeanSpeed="1.49" length="5.00" nVehEntered="9"/>
    <interval begin="30100.00" end="30200.00" id="inductionLoop.S0" nVehContrib="10" flow="360.00" occupancy="58.87" speed="5.97" harmonicMeanSpeed="0.79" length="5.00" nVehEntered="9"/>
    <interval begin="30200.00" end="30300.00" id="inductionLoop.S0" nVehContrib="8" flow="288.00" occupancy="16.07" speed="9.53" harmonicMeanSpeed="5.93" length="5.00" nVehEntered="9"/>
    <interval begin="30300.00" end="30400.00" id="inductionLoop.S0" nVehContrib="8" flow="288.00" occupancy="35.68" speed="6.77" harmonicMeanSpeed="0.89" length="5.00" nVehEntered="7"/>
    <interval begin="30400.00" end="30500.00" id="inductionLoop.S0" nVehContrib="3" flow="108.00" occupancy="1.54" speed="10.12" harmonicMeanSpeed="9.75" length="5.00" nVehEntered="3"/>
    <interval begin="30500.00" end="30600.00" id="inductionLoop.S0" nVehContrib="7" flow="252.00" occupancy="12.28" speed="10.61" harmonicMeanSpeed="10.13" length="5.00" nVehEntered="8"/>
    <interval begin="30600.00" end="30700.00" id="inductionLoop.S0" nVehContrib="2" flow="72.00" occupancy="1.09" speed="9.43" harmonicMeanSpeed="9.17" length="5.00" nVehEntered="2"/>
    <interval begin="30700.00" end="30800.00" id="inductionLoop.S0" nVehContrib="2" flow="72.00" occupancy="0.80" speed="12.57" harmonicMeanSpeed="12.54" length="5.00" nVehEntered="2"/>
    <interval begin="30800.00" end="30900.00" id="inductionLoop.S0" nVehContrib="1" flow="36.00" occupancy="0.39" speed="12.76" harmonicMeanSpeed="12.76" length="5.00" nVehEntered="1"/>
    <interval begin="30900.00" end="31000.00" id="inductionLoop.S0" nVehContrib="6" flow="216.00" occupancy="2.43" speed="12.46" harmonicMeanSpeed="12.33" length="5.00" nVehEntered="6"/>
    <interval begin="31000.00" end="31100.00" id="inductionLoop.S0" nVehContrib="12" flow="432.00" occupancy="15.00" speed="8.14" harmonicMeanSpeed="4.00" length="5.00" nVehEntered="12"/>
    <interval begin="31100.00" end="31200.00" id="inductionLoop.S0" nVehContrib="5" flow="180.00" occupancy="75.40" speed="6.63" harmonicMeanSpeed="0.69" length="5.00" nVehEntered="6"/>
    <interval begin="31200.00" end="31300.00" id="inductionLoop.S0" nVehContrib="16" flow="576.00" occupancy="38.05" speed="4.70" harmonicMeanSpeed="1.03" length="5.00" nVehEntered="15"/>
    <interval begin="31300.00" end="31400.00" id="inductionLoop.S0" nVehContrib="17" flow="612.00" occupancy="34.72" speed="7.20" harmonicMeanSpeed="2.45" length="5.00" nVehEntered="17"/>
    <interval begin="31400.00" end="31500.00" id="inductionLoop.S0" nVehContrib="9" flow="324.00" occupancy="60.73" speed="5.99" harmonicMeanSpeed="1.23" length="5.00" nVehEntered="10"/>
    <interval begin="31500.00" end="31600.00" id="inductionLoop.S0" nVehContrib="15" flow="540.00" occupancy="42.07" speed="5.19" harmonicMeanSpeed="1.13" length="5.00" nVehEntered="14"/>
    <interval begin="31600.00" end="31700.00" id="inductionLoop.S0" nVehContrib="7" flow="252.00" occupancy="8.80" speed="8.78" harmonicMeanSpeed="4.08" length="5.00" nVehEntered="9"/>
    <interval begin="31700.00" end="31800.00" id="inductionLoop.S0" nVehContrib="7" flow="252.00" occupancy="3.19" speed="11.25" harmonicMeanSpeed="10.98" length="5.00" nVehEntered="7"/>
    <interval begin="31800.00" end="31900.00" id="inductionLoop.S0" nVehContrib="10" flow="360.00" occupancy="19.82" speed="8.50" harmonicMeanSpeed="2.52" length="5.00" nVehEntered="10"/>
    <interval begin="31900.00" end="32000.00" id="inductionLoop.S0" nVehContrib="4" flow="144.00" occupancy="2.14" speed="9.79" harmonicMeanSpeed="9.35" length="5.00" nVehEntered="4"/>
    <interval begin="32000.00" end="32100.00" id="inductionLoop.S0" nVehContrib="8" flow="288.00" occupancy="39.49" speed="8.51" harmonicMeanSpeed="1.01" length="5.00" nVehEntered="8"/>
    <interval begin="32100.00" end="32200.00" id="inductionLoop.S0" nVehContrib="7" flow="252.00" occupancy="13.32" speed="10.00" harmonicMeanSpeed="5.37" length="5.00" nVehEntered="8"/>
    <interval begin="32200.00" end="32300.00" id="inductionLoop.S0" nVehContrib="6" flow="216.00" occupancy="3.63" speed="11.51" harmonicMeanSpeed="11.11" length="5.00" nVehEntered="7"/>
    <interval begin="32300.00" end="32400.00" id="inductionLoop.S0" nVehContrib="6" flow="216.00" occupancy="23.27" speed="7.68" harmonicMeanSpeed="1.45" length="5.00" nVehEntered="7"/>
    <interval begin="32400.00" end="32500.00" id="inductionLoop.S0" nVehContrib="5" flow="180.00" occupancy="22.01" speed="11.13" harmonicMeanSpeed="10.91" length="5.00" nVehEntered="6"/>
    <interval begin="32500.00" end="32600.00" id="inductionLoop.S0" nVehContrib="13" flow="468.00" occupancy="46.31" speed="5.66" harmonicMeanSpeed="1.47" length="5.00" nVehEntered="13"/>
    <interval begin="32600.00" end="32700.00" id="inductionLoop.S0" nVehContrib="10" flow="360.00" occupancy="73.16" speed="4.29" harmonicMeanSpeed="0.54" length="5.00" nVehEntered="10"/>
    <interval begin="32700.00" end="32800.00" id="inductionLoop.S0" nVehContrib="17" flow="612.00" occupancy="58.11" speed="3.25" harmonicMeanSpeed="1.40" length="5.00" nVehEntered="16"/>
    <interval begin="32800.00" end="32900.00" id="inductionLoop.S0" nVehContrib="1" flow="36.00" occupancy="0.38" speed="13.02" harmonicMeanSpeed="13.02" length="5.00" nVehEntered="1"/>
    <interval begin="32900.00" end="33000.00" id="inductionLoop.S0" nVehContrib="7" flow="252.00" occupancy="2.96" speed="11.97" harmonicMeanSpeed="11.81" length="5.00" nVehEntered="7"/>
    <interval begin="33000.00" end="33100.00" id="inductionLoop.S0" nVehContrib="9" flow="324.00" occupancy="15.25" speed="6.86" harmonicMeanSpeed="2.95" length="5.00" nVehEntered="9"/>
    <interval begin="33100.00" end="33200.00" id="inductionLoop.S0" nVehContrib="11" flow="396.00" occupancy="57.69" speed="3.47" harmonicMeanSpeed="0.95" length="5.00" nVehEntered="11"/>
    <interval begin="33200.00" end="33300.00" id="inductionLoop.S0" nVehContrib="10" flow="360.00" occupancy="62.05" speed="4.34" harmonicMeanSpeed="1.15" length="5.00" nVehEntered="12"/>
    <interval begin="33300.00" end="33400.00" id="inductionLoop.S0" nVehContrib="11" flow="396.00" occupancy="70.34" speed="1.94" harmonicMeanSpeed="0.92" length="5.00" nVehEntered="11"/>
    <interval begin="33400.00" end="33500.00" id="inductionLoop.S0" nVehContrib="12" flow="432.00" occupancy="76.31" speed="3.93" harmonicMeanSpeed="0.57" length="5.00" nVehEntered="11"/>
    <interval begin="33500.00" end="33600.00" id="inductionLoop.S0" nVehContrib="13" flow="468.00" occupancy="36.86" speed="6.81" harmonicMeanSpeed="2.26" length="5.00" nVehEntered="14"/>
    <interval begin="33600.00" end="33700.00" id="inductionLoop.S0" nVehContrib="12" flow="432.00" occupancy="62.49" speed="5.95" harmonicMeanSpeed="0.85" length="5.00" nVehEntered="11"/>
    <interval begin="33700.00" end="33800.00" id="inductionLoop.S0" nVehContrib="6" flow="216.00" occupancy="25.23" speed="7.44" harmonicMeanSpeed="1.20" length="5.00" nVehEntered="7"/>
    <interval begin="33800.00" end="33900.00" id="inductionLoop.S0" nVehContrib="12" flow="432.00" occupancy="36.08" speed="6.62" harmonicMeanSpeed="1.65" length="5.00" nVehEntered="11"/>
    <interval begin="33900.00" end="34000.00" id="inductionLoop.S0" nVehContrib="10" flow="360.00" occupancy="44.45" speed="6.32" harmonicMeanSpeed="1.18" length="5.00" nVehEntered="11"/>
    <interval begin="34000.00" end="34100.00" id="inductionLoop.S0" nVehContrib="10" flow="360.00" occupancy="29.73" speed="6.97" harmonicMeanSpeed="1.74" length="5.00" nVehEntered="11"/>
    <interval begin="34100.00" end="34200.00" id="inductionLoop.S0" nVehContrib="12" flow="432.00" occupancy="29.62" speed="4.95" harmonicMeanSpeed="2.07" length="5.00" nVehEntered="13"/>
    <interval begin="34200.00" end="34300.00" id="inductionLoop.S0" nVehContrib="10" flow="360.00" occupancy="35.57" speed="8.44" harmonicMeanSpeed="2.58" length="5.00" nVehEntered="11"/>
    <interval begin="34300.00" end="34400.00" id="inductionLoop.S0" nVehContrib="15" flow="540.00" occupancy="57.57" speed="3.75" harmonicMeanSpeed="1.02" length="5.00" nVehEntered="15"/>
    <interval begin="34400.00" end="34500.00" id="inductionLoop.S0" nVehContrib="11" flow="396.00" occupancy="52.12" speed="6.56" harmonicMeanSpeed="1.27" length="5.00" nVehEntered="12"/>
    <interval begin="34500.00" end="34600.00" id="inductionLoop.S0" nVehContrib="12" flow="432.00" occupancy="75.64" speed="4.76" harmonicMeanSpeed="0.79" length="5.00" nVehEntered="12"/>
    <interval begin="34600.00" end="34700.00" id="inductionLoop.S0" nVehContrib="13" flow="468.00" occupancy="68.35" speed="4.77" harmonicMeanSpeed="0.89" length="5.00" nVehEntered="12"/>
    <interval begin="34700.00" end="34800.00" id="inductionLoop.S0" nVehContrib="9" flow="324.00" occupancy="69.90" speed="4.83" harmonicMeanSpeed="0.92" length="5.00" nVehEntered="10"/>
    <interval begin="34800.00" end="34900.00" id="inductionLoop.S0" nVehContrib="13" flow="468.00" occupancy="64.38" speed="3.35" harmonicMeanSpeed="0.76" length="5.00" nVehEntered="13"/>
    <interval begin="34900.00" end="35000.00" id="inductionLoop.S0" nVehContrib="9" flow="324.00" occupancy="81.35" speed="2.20" harmonicMeanSpeed="0.55" length="5.00" nVehEntered="9"/>
    <interval begin="35000.00" end="35100.00" id="inductionLoop.S0" nVehContrib="17" flow="612.00" occupancy="46.08" speed="3.76" harmonicMeanSpeed="2.35" length="5.00" nVehEntered="17"/>
    <interval begin="35100.00" end="35200.00" id="inductionLoop.S0" nVehContrib="10" flow="360.00" occupancy="80.04" speed="4.03" harmonicMeanSpeed="0.70" length="5.00" nVehEntered="10"/>
    <interval begin="35200.00" end="35300.00" id="inductionLoop.S0" nVehContrib="9" flow="324.00" occupancy="83.59" speed="3.35" harmonicMeanSpeed="0.44" length="5.00" nVehEntered="8"/>
    <interval begin="35300.00" end="35400.00" id="inductionLoop.S0" nVehContrib="16" flow="576.00" occupancy="53.75" speed="3.45" harmonicMeanSpeed="1.49" length="5.00" nVehEntered="16"/>
    <interval begin="35400.00" end="35500.00" id="inductionLoop.S0" nVehContrib="5" flow="180.00" occupancy="61.20" speed="1.23" harmonicMeanSpeed="0.46" length="5.00" nVehEntered="6"/>
    <interval begin="35500.00" end="35600.00" id="inductionLoop.S0" nVehContrib="6" flow="216.00" occupancy="88.70" speed="3.26" harmonicMeanSpeed="0.39" length="5.00" nVehEntered="6"/>
    <interval begin="35600.00" end="35700.00" id="inductionLoop.S0" nVehContrib="2" flow="72.00" occupancy="60.99" speed="1.72" harmonicMeanSpeed="0.13" length="5.00" nVehEntered="3"/>
    <interval begin="35700.00" end="35800.00" id="inductionLoop.S0" nVehContrib="6" flow="216.00" occupancy="57.03" speed="5.62" harmonicMeanSpeed="0.54" length="5.00" nVehEntered="6"/>
    <interval begin="35800.00" end="35900.00" id="inductionLoop.S0" nVehContrib="12" flow="432.00" occupancy="46.01" speed="3.64" harmonicMeanSpeed="1.71" length="5.00" nVehEntered="12"/>
    <interval begin="35900.00" end="36000.00" id="inductionLoop.S0" nVehContrib="9" flow="324.00" occupancy="82.37" speed="3.11" harmonicMeanSpeed="0.73" length="5.00" nVehEntered="9"/>
    <interval begin="36000.00" end="36100.00" id="inductionLoop.S0" nVehContrib="17" flow="612.00" occupancy="70.50" speed="5.05" harmonicMeanSpeed="0.82" length="5.00" nVehEntered="16"/>
    <interval begin="36100.00" end="36200.00" id="inductionLoop.S0" nVehContrib="6" flow="216.00" occupancy="38.74" speed="4.09" harmonicMeanSpeed="0.77" length="5.00" nVehEntered="6"/>
    <interval begin="36200.00" end="36300.00" id="inductionLoop.S0" nVehContrib="1" flow="36.00" occupancy="0.49" speed="10.30" harmonicMeanSpeed="10.30" length="5.00" nVehEntered="1"/>
    <interval begin="36300.00" end="36400.00" id="inductionLoop.S0" nVehContrib="5" flow="180.00" occupancy="24.67" speed="11.43" harmonicMeanSpeed="10.88" length="5.00" nVehEntered="6"/>
    <interval begin="36400.00" end="36500.00" id="inductionLoop.S0" nVehContrib="0" flow="0.00" occupancy="100.00" speed="-1.00" harmonicMeanSpeed="-1.00" length="-1.00" nVehEntered="0"/>
    <interval begin="36500.00" end="36600.00" id="inductionLoop.S0" nVehContrib="15" flow="540.00" occupancy="49.11" speed="3.62" harmonicMeanSpeed="0.45" length="5.00" nVehEntered="15"/>
    <interval begin="36600.00" end="36700.00" id="inductionLoop.S0" nVehContrib="19" flow="684.00" occupancy="27.06" speed="5.74" harmonicMeanSpeed="3.14" length="5.00" nVehEntered="18"/>
    <interval begin="36700.00" end="36800.00" id="inductionLoop.S0" nVehContrib="13" flow="468.00" occupancy="45.88" speed="4.29" harmonicMeanSpeed="1.84" length="5.00" nVehEntered="14"/>
    <interval begin="36800.00" end="36900.00" id="inductionLoop.S0" nVehContrib="10" flow="360.00" occupancy="81.45" speed="5.04" harmonicMeanSpeed="1.13" length="5.00" nVehEntered="10"/>
    <interval begin="36900.00" end="37000.00" id="inductionLoop.S0" nVehContrib="13" flow="468.00" occupancy="72.48" speed="2.66" harmonicMeanSpeed="0.54" length="5.00" nVehEntered="12"/>
    <interval begin="37000.00" end="37100.00" id="inductionLoop.S0" nVehContrib="12" flow="432.00" occupancy="50.87" speed="4.27" harmonicMeanSpeed="2.57" length="5.00" nVehEntered="13"/>
    <interval begin="37100.00" end="37200.00" id="inductionLoop.S0" nVehContrib="10" flow="360.00" occupancy="83.01" speed="6.42" harmonicMeanSpeed="0.48" length="5.00" nVehEntered="10"/>
    <interval begin="37200.00" end="37300.00" id="inductionLoop.S0" nVehContrib="12" flow="432.00" occupancy="76.53" speed="4.29" harmonicMeanSpeed="0.74" length="5.00" nVehEntered="12"/>
    <interval begin="37300.00" end="37400.00" id="inductionLoop.S0" nVehContrib="14" flow="504.00" occupancy="72.86" speed="4.14" harmonicMeanSpeed="0.95" length="5.00" nVehEntered="13"/>
    <interval begin="37400.00" end="37500.00" id="inductionLoop.S0" nVehContrib="9" flow="324.00" occupancy="71.98" speed="4.14" harmonicMeanSpeed="0.63" length="5.00" nVehEntered="9"/>
    <interval begin="37500.00" end="37600.00" id="inductionLoop.S0" nVehContrib="13" flow="468.00" occupancy="47.27" speed="4.41" harmonicMeanSpeed="1.99" length="5.00" nVehEntered="14"/>
    <interval begin="37600.00" end="37700.00" id="inductionLoop.S0" nVehContrib="13" flow="468.00" occupancy="71.68" speed="3.87" harmonicMeanSpeed="0.76" length="5.00" nVehEntered="13"/>
    <interval begin="37700.00" end="37800.00" id="inductionLoop.S0" nVehContrib="12" flow="432.00" occupancy="56.99" speed="5.64" harmonicMeanSpeed="3.13" length="5.00" nVehEntered="12"/>
    <interval begin="37800.00" end="37900.00" id="inductionLoop.S0" nVehContrib="15" flow="540.00" occupancy="59.28" speed="2.83" harmonicMeanSpeed="0.80" length="5.00" nVehEntered="15"/>
    <interval begin="37900.00" end="38000.00" id="inductionLoop.S0" nVehContrib="10" flow="360.00" occupancy="55.22" speed="3.15" harmonicMeanSpeed="1.17" length="5.00" nVehEntered="10"/>
    <interval begin="38000.00" end="38100.00" id="inductionLoop.S0" nVehContrib="10" flow="360.00" occupancy="54.11" speed="2.83" harmonicMeanSpeed="0.71" length="5.00" nVehEntered="9"/>
    <interval begin="38100.00" end="38200.00" id="inductionLoop.S0" nVehContrib="11" flow="396.00" occupancy="70.61" speed="2.34" harmonicMeanSpeed="1.02" length="5.00" nVehEntered="12"/>
    <interval begin="38200.00" end="38300.00" id="inductionLoop.S0" nVehContrib="13" flow="468.00" occupancy="73.99" speed="4.92" harmonicMeanSpeed="0.82" length="5.00" nVehEntered="13"/>
    <interval begin="38300.00" end="38400.00" id="inductionLoop.S0" nVehContrib="15" flow="540.00" occupancy="68.36" speed="5.44" harmonicMeanSpeed="1.02" length="5.00" nVehEntered="15"/>
    <interval begin="38400.00" end="38500.00" id="inductionLoop.S0" nVehContrib="14" flow="504.00" occupancy="71.92" speed="4.28" harmonicMeanSpeed="0.90" length="5.00" nVehEntered="14"/>
    <interval begin="38500.00" end="38600.00" id="inductionLoop.S0" nVehContrib="11" flow="396.00" occupancy="43.09" speed="3.71" harmonicMeanSpeed="1.35" length="5.00" nVehEntered="11"/>
    <interval begin="38600.00" end="38700.00" id="inductionLoop.S0" nVehContrib="16" flow="576.00" occupancy="38.54" speed="5.15" harmonicMeanSpeed="2.15" length="5.00" nVehEntered="16"/>
    <interval begin="38700.00" end="38800.00" id="inductionLoop.S0" nVehContrib="11" flow="396.00" occupancy="78.79" speed="4.45" harmonicMeanSpeed="0.70" length="5.00" nVehEntered="11"/>
    <interval begin="38800.00" end="38900.00" id="inductionLoop.S0" nVehContrib="12" flow="432.00" occupancy="74.23" speed="3.80" harmonicMeanSpeed="0.78" length="5.00" nVehEntered="12"/>
    <interval begin="38900.00" end="39000.00" id="inductionLoop.S0" nVehContrib="13" flow="468.00" occupancy="77.01" speed="5.51" harmonicMeanSpeed="0.84" length="5.00" nVehEntered="13"/>
    <interval begin="39000.00" end="39100.00" id="inductionLoop.S0" nVehContrib="12" flow="432.00" occupancy="73.13" speed="3.03" harmonicMeanSpeed="1.28" length="5.00" nVehEntered="12"/>
    <interval begin="39100.00" end="39200.00" id="inductionLoop.S0" nVehContrib="17" flow="612.00" occupancy="71.60" speed="4.87" harmonicMeanSpeed="0.86" length="5.00" nVehEntered="16"/>
    <interval begin="39200.00" end="39300.00" id="inductionLoop.S0" nVehContrib="14" flow="504.00" occupancy="40.57" speed="3.99" harmonicMeanSpeed="1.85" length="5.00" nVehEntered="15"/>
    <interval begin="39300.00" end="39400.00" id="inductionLoop.S0" nVehContrib="11" flow="396.00" occupancy="76.63" speed="3.86" harmonicMeanSpeed="0.71" length="5.00" nVehEntered="11"/>
    <interval begin="39400.00" end="39500.00" id="inductionLoop.S0" nVehContrib="15" flow="540.00" occupancy="55.91" speed="5.88" harmonicMeanSpeed="2.79" length="5.00" nVehEntered="15"/>
    <interval begin="39500.00" end="39600.00" id="inductionLoop.S0" nVehContrib="10" flow="360.00" occupancy="82.79" speed="4.77" harmonicMeanSpeed="0.44" length="5.00" nVehEntered="10"/>
    <interval begin="39600.00" end="39700.00" id="inductionLoop.S0" nVehContrib="8" flow="288.00" occupancy="87.96" speed="7.54" harmonicMeanSpeed="7.27" length="5.00" nVehEntered="8"/>
    <interval begin="39700.00" end="39800.00" id="inductionLoop.S0" nVehContrib="18" flow="648.00" occupancy="64.94" speed="4.37" harmonicMeanSpeed="0.61" length="5.00" nVehEntered="17"/>
    <interval begin="39800.00" end="39900.00" id="inductionLoop.S0" nVehContrib="10" flow="360.00" occupancy="81.91" speed="5.96" harmonicMeanSpeed="1.76" length="5.00" nVehEntered="11"/>
    <interval begin="39900.00" end="40000.00" id="inductionLoop.S0" nVehContrib="9" flow="324.00" occupancy="81.08" speed="4.13" harmonicMeanSpeed="0.37" length="5.00" nVehEntered="9"/>
    <interval begin="40000.00" end="40100.00" id="inductionLoop.S0" nVehContrib="16" flow="576.00" occupancy="71.10" speed="6.07" harmonicMeanSpeed="1.25" length="5.00" nVehEntered="16"/>
    <interval begin="40100.00" end="40200.00" id="inductionLoop.S0" nVehContrib="17" flow="612.00" occupancy="71.66" speed="5.59" harmonicMeanSpeed="0.93" length="5.00" nVehEntered="16"/>
    <interval begin="40200.00" end="40300.00" id="inductionLoop.S0" nVehContrib="13" flow="468.00" occupancy="70.72" speed="4.57" harmonicMeanSpeed="2.32" length="5.00" nVehEntered="14"/>
    <interval begin="40300.00" end="40400.00" id="inductionLoop.S0" nVehContrib="29" flow="1044.00" occupancy="52.47" speed="6.73" harmonicMeanSpeed="1.52" length="5.00" nVehEntered="28"/>
    <interval begin="40400.00" end="40500.00" id="inductionLoop.S0" nVehContrib="10" flow="360.00" occupancy="81.87" speed="5.62" harmonicMeanSpeed="0.61" length="5.00" nVehEntered="11"/>
    <interval begin="40500.00" end="40600.00" id="inductionLoop.S0" nVehContrib="14" flow="504.00" occupancy="73.84" speed="5.87" harmonicMeanSpeed="1.08" length="5.00" nVehEntered="14"/>
    <interval begin="40600.00" end="40700.00" id="inductionLoop.S0" nVehContrib="12" flow="432.00" occupancy="68.58" speed="2.53" harmonicMeanSpeed="0.77" length="5.00" nVehEntered="11"/>
    <interval begin="40700.00" end="40800.00" id="inductionLoop.S0" nVehContrib="14" flow="504.00" occupancy="41.87" speed="5.23" harmonicMeanSpeed="1.67" length="5.00" nVehEntered="14"/>
    <interval begin="40800.00" end="40900.00" id="inductionLoop.S0" nVehContrib="7" flow="252.00" occupancy="88.23" speed="6.49" harmonicMeanSpeed="6.42" length="5.00" nVehEntered="8"/>
    <interval begin="40900.00" end="41000.00" id="inductionLoop.S0" nVehContrib="16" flow="576.00" occupancy="72.66" speed="8.19" harmonicMeanSpeed="0.51" length="5.00" nVehEntered="15"/>
    <interval begin="41000.00" end="41100.00" id="inductionLoop.S0" nVehContrib="5" flow="180.00" occupancy="83.34" speed="3.76" harmonicMeanSpeed="1.72" length="5.00" nVehEntered="6"/>
    <interval begin="41100.00" end="41200.00" id="inductionLoop.S0" nVehContrib="25" flow="900.00" occupancy="50.08" speed="6.84" harmonicMeanSpeed="1.05" length="5.00" nVehEntered="24"/>
    <interval begin="41200.00" end="41300.00" id="inductionLoop.S0" nVehContrib="17" flow="612.00" occupancy="59.51" speed="7.16" harmonicMeanSpeed="1.44" length="5.00" nVehEntered="18"/>
    <interval begin="41300.00" end="41400.00" id="inductionLoop.S0" nVehContrib="5" flow="180.00" occupancy="88.90" speed="1.89" harmonicMeanSpeed="0.35" length="5.00" nVehEntered="5"/>
    <interval begin="41400.00" end="41500.00" id="inductionLoop.S0" nVehContrib="5" flow="180.00" occupancy="91.31" speed="4.02" harmonicMeanSpeed="0.72" length="5.00" nVehEntered="5"/>
    <interval begin="41500.00" end="41600.00" id="inductionLoop.S0" nVehContrib="12" flow="432.00" occupancy="78.72" speed="6.81" harmonicMeanSpeed="0.43" length="5.00" nVehEntered="12"/>
    <interval begin="41600.00" end="41700.00" id="inductionLoop.S0" nVehContrib="26" flow="936.00" occupancy="55.98" speed="5.94" harmonicMeanSpeed="2.13" length="5.00" nVehEntered="26"/>
    <interval begin="41700.00" end="41800.00" id="inductionLoop.S0" nVehContrib="5" flow="180.00" occupancy="91.72" speed="2.61" harmonicMeanSpeed="0.25" length="5.00" nVehEntered="4"/>
    <interval begin="41800.00" end="41900.00" id="inductionLoop.S0" nVehContrib="5" flow="180.00" occupancy="15.35" speed="3.08" harmonicMeanSpeed="1.99" length="5.00" nVehEntered="6"/>
    <interval begin="41900.00" end="42000.00" id="inductionLoop.S0" nVehContrib="15" flow="540.00" occupancy="64.83" speed="3.85" harmonicMeanSpeed="1.75" length="5.00" nVehEntered="15"/>
    <interval begin="42000.00" end="42100.00" id="inductionLoop.S0" nVehContrib="17" flow="612.00" occupancy="69.44" speed="5.96" harmonicMeanSpeed="2.17" length="5.00" nVehEntered="17"/>
    <interval begin="42100.00" end="42200.00" id="inductionLoop.S0" nVehContrib="13" flow="468.00" occupancy="68.75" speed="3.19" harmonicMeanSpeed="0.62" length="5.00" nVehEntered="13"/>
    <interval begin="42200.00" end="42300.00" id="inductionLoop.S0" nVehContrib="28" flow="1008.00" occupancy="50.42" speed="6.68" harmonicMeanSpeed="2.09" length="5.00" nVehEntered="28"/>
    <interval begin="42300.00" end="42400.00" id="inductionLoop.S0" nVehContrib="7" flow="252.00" occupancy="23.19" speed="1.44" harmonicMeanSpeed="1.41" length="5.00" nVehEntered="6"/>
    <interval begin="42400.00" end="42500.00" id="inductionLoop.S0" nVehContrib="15" flow="540.00" occupancy="73.43" speed="6.05" harmonicMeanSpeed="2.01" length="5.00" nVehEntered="16"/>
    <interval begin="42500.00" end="42600.00" id="inductionLoop.S0" nVehContrib="10" flow="360.00" occupancy="39.98" speed="3.60" harmonicMeanSpeed="0.68" length="5.00" nVehEntered="10"/>
    <interval begin="42600.00" end="42700.00" id="inductionLoop.S0" nVehContrib="16" flow="576.00" occupancy="61.35" speed="3.41" harmonicMeanSpeed="1.76" length="5.00" nVehEntered="16"/>
    <interval begin="42700.00" end="42800.00" id="inductionLoop.S0" nVehContrib="1" flow="36.00" occupancy="97.40" speed="0.14" harmonicMeanSpeed="0.14" length="5.00" nVehEntered="1"/>
    <interval begin="42800.00" end="42900.00" id="inductionLoop.S0" nVehContrib="28" flow="1008.00" occupancy="51.40" speed="6.62" harmonicMeanSpeed="1.33" length="5.00" nVehEntered="28"/>
    <interval begin="42900.00" end="43000.00" id="inductionLoop.S0" nVehContrib="8" flow="288.00" occupancy="81.20" speed="5.46" harmonicMeanSpeed="0.66" length="5.00" nVehEntered="8"/>
    <interval begin="43000.00" end="43100.00" id="inductionLoop.S0" nVehContrib="9" flow="324.00" occupancy="81.95" speed="4.09" harmonicMeanSpeed="0.42" length="5.00" nVehEntered="9"/>
    <interval begin="43100.00" end="43200.00" id="inductionLoop.S0" nVehContrib="11" flow="396.00" occupancy="79.28" speed="5.04" harmonicMeanSpeed="0.62" length="5.00" nVehEntered="11"/>
    <interval begin="43200.00" end="43300.00" id="inductionLoop.S0" nVehContrib="1" flow="36.00" occupancy="97.69" speed="0.14" harmonicMeanSpeed="0.14" length="5.00" nVehEntered="1"/>
    <interval begin="43300.00" end="43400.00" id="inductionLoop.S0" nVehContrib="13" flow="468.00" occupancy="74.16" speed="4.67" harmonicMeanSpeed="0.44" length="5.00" nVehEntered="13"/>
    <interval begin="43400.00" end="43500.00" id="inductionLoop.S0" nVehContrib="13" flow="468.00" occupancy="76.39" speed="7.15" harmonicMeanSpeed="1.73" length="5.00" nVehEntered="13"/>
    <interval begin="43500.00" end="43600.00" id="inductionLoop.S0" nVehContrib="12" flow="432.00" occupancy="27.27" speed="6.00" harmonicMeanSpeed="0.90" length="5.00" nVehEntered="11"/>
    <interval begin="43600.00" end="43700.00" id="inductionLoop.S0" nVehContrib="20" flow="720.00" occupancy="48.74" speed="5.95" harmonicMeanSpeed="2.05" length="5.00" nVehEntered="20"/>
    <interval begin="43700.00" end="43800.00" id="inductionLoop.S0" nVehContrib="8" flow="288.00" occupancy="84.41" speed="5.54" harmonicMeanSpeed="1.59" length="5.00" nVehEntered="9"/>
    <interval begin="43800.00" end="43900.00" id="inductionLoop.S0" nVehContrib="15" flow="540.00" occupancy="71.17" speed="6.45" harmonicMeanSpeed="0.66" length="5.00" nVehEntered="15"/>
    <interval begin="43900.00" end="44000.00" id="inductionLoop.S0" nVehContrib="10" flow="360.00" occupancy="77.87" speed="3.70" harmonicMeanSpeed="0.63" length="5.00" nVehEntered="10"/>
    <interval begin="44000.00" end="44100.00" id="inductionLoop.S0" nVehContrib="12" flow="432.00" occupancy="77.71" speed="6.91" harmonicMeanSpeed="1.27" length="5.00" nVehEntered="12"/>
    <interval begin="44100.00" end="44200.00" id="inductionLoop.S0" nVehContrib="14" flow="504.00" occupancy="71.83" speed="4.99" harmonicMeanSpeed="0.60" length="5.00" nVehEntered="13"/>
    <interval begin="44200.00" end="44300.00" id="inductionLoop.S0" nVehContrib="11" flow="396.00" occupancy="75.24" speed="6.27" harmonicMeanSpeed="1.02" length="5.00" nVehEntered="12"/>
    <interval begin="44300.00" end="44400.00" id="inductionLoop.S0" nVehContrib="9" flow="324.00" occupancy="82.39" speed="6.16" harmonicMeanSpeed="1.53" length="5.00" nVehEntered="9"/>
    <interval begin="44400.00" end="44500.00" id="inductionLoop.S0" nVehContrib="21" flow="756.00" occupancy="64.41" speed="5.84" harmonicMeanSpeed="0.80" length="5.00" nVehEntered="21"/>
    <interval begin="44500.00" end="44600.00" id="inductionLoop.S0" nVehContrib="0" flow="0.00" occupancy="100.00" speed="-1.00" harmonicMeanSpeed="-1.00" length="-1.00" nVehEntered="0"/>
    <interval begin="44600.00" end="44700.00" id="inductionLoop.S0" nVehContrib="31" flow="1116.00" occupancy="46.76" speed="6.39" harmonicMeanSpeed="1.15" length="5.00" nVehEntered="31"/>
    <interval begin="44700.00" end="44800.00" id="inductionLoop.S0" nVehContrib="21" flow="756.00" occupancy="64.79" speed="6.17" harmonicMeanSpeed="2.88" length="5.00" nVehEntered="21"/>
    <interval begin="44800.00" end="44900.00" id="inductionLoop.S0" nVehContrib="10" flow="360.00" occupancy="83.00" speed="5.12" harmonicMeanSpeed="0.38" length="5.00" nVehEntered="9"/>
    <interval begin="44900.00" end="45000.00" id="inductionLoop.S0" nVehContrib="10" flow="360.00" occupancy="79.53" speed="6.28" harmonicMeanSpeed="1.13" length="5.00" nVehEntered="11"/>
    <interval begin="45000.00" end="45100.00" id="inductionLoop.S0" nVehContrib="10" flow="360.00" occupancy="76.44" speed="4.57" harmonicMeanSpeed="0.45" length="5.00" nVehEntered="10"/>
    <interval begin="45100.00" end="45200.00" id="inductionLoop.S0" nVehContrib="6" flow="216.00" occupancy="83.77" speed="4.86" harmonicMeanSpeed="1.34" length="5.00" nVehEntered="6"/>
    <interval begin="45200.00" end="45300.00" id="inductionLoop.S0" nVehContrib="28" flow="1008.00" occupancy="46.40" speed="6.22" harmonicMeanSpeed="1.42" length="5.00" nVehEntered="28"/>
    <interval begin="45300.00" end="45400.00" id="inductionLoop.S0" nVehContrib="15" flow="540.00" occupancy="57.68" speed="4.18" harmonicMeanSpeed="1.10" length="5.00" nVehEntered="14"/>
    <interval begin="45400.00" end="45500.00" id="inductionLoop.S0" nVehContrib="1" flow="36.00" occupancy="85.04" speed="0.06" harmonicMeanSpeed="0.06" length="5.00" nVehEntered="1"/>
    <interval begin="45500.00" end="45600.00" id="inductionLoop.S0" nVehContrib="15" flow="540.00" occupancy="71.04" speed="5.31" harmonicMeanSpeed="1.56" length="5.00" nVehEntered="16"/>
    <interval begin="45600.00" end="45700.00" id="inductionLoop.S0" nVehContrib="10" flow="360.00" occupancy="75.05" speed="3.43" harmonicMeanSpeed="0.55" length="5.00" nVehEntered="10"/>
    <interval begin="45700.00" end="45800.00" id="inductionLoop.S0" nVehContrib="14" flow="504.00" occupancy="71.50" speed="8.18" harmonicMeanSpeed="2.34" length="5.00" nVehEntered="14"/>
    <interval begin="45800.00" end="45900.00" id="inductionLoop.S0" nVehContrib="0" flow="0.00" occupancy="100.00" speed="-1.00" harmonicMeanSpeed="-1.00" length="-1.00" nVehEntered="0"/>
    <interval begin="45900.00" end="46000.00" id="inductionLoop.S0" nVehContrib="16" flow="576.00" occupancy="67.41" speed="6.03" harmonicMeanSpeed="0.37" length="5.00" nVehEntered="15"/>
    <interval begin="46000.00" end="46100.00" id="inductionLoop.S0" nVehContrib="32" flow="1152.00" occupancy="49.20" speed="7.87" harmonicMeanSpeed="7.46" length="5.00" nVehEntered="33"/>
    <interval begin="46100.00" end="46200.00" id="inductionLoop.S0" nVehContrib="1" flow="36.00" occupancy="98.18" speed="0.04" harmonicMeanSpeed="0.04" length="5.00" nVehEntered="0"/>
    <interval begin="46200.00" end="46300.00" id="inductionLoop.S0" nVehContrib="21" flow="756.00" occupancy="56.10" speed="5.77" harmonicMeanSpeed="3.37" length="5.00" nVehEntered="22"/>
    <interval begin="46300.00" end="46400.00" id="inductionLoop.S0" nVehContrib="12" flow="432.00" occupancy="76.04" speed="3.63" harmonicMeanSpeed="0.59" length="5.00" nVehEntered="11"/>
    <interval begin="46400.00" end="46500.00" id="inductionLoop.S0" nVehContrib="9" flow="324.00" occupancy="34.13" speed="2.97" harmonicMeanSpeed="1.32" length="5.00" nVehEntered="9"/>
    <interval begin="46500.00" end="46600.00" id="inductionLoop.S0" nVehContrib="7" flow="252.00" occupancy="35.88" speed="4.81" harmonicMeanSpeed="2.21" length="5.00" nVehEntered="8"/>
    <interval begin="46600.00" end="46700.00" id="inductionLoop.S0" nVehContrib="14" flow="504.00" occupancy="44.51" speed="4.84" harmonicMeanSpeed="1.08" length="5.00" nVehEntered="13"/>
    <interval begin="46700.00" end="46800.00" id="inductionLoop.S0" nVehContrib="5" flow="180.00" occupancy="84.58" speed="0.74" harmonicMeanSpeed="0.30" length="5.00" nVehEntered="5"/>
    <interval begin="46800.00" end="46900.00" id="inductionLoop.S0" nVehContrib="31" flow="1116.00" occupancy="48.83" speed="7.89" harmonicMeanSpeed="7.30" length="5.00" nVehEntered="32"/>
    <interval begin="46900.00" end="47000.00" id="inductionLoop.S0" nVehContrib="4" flow="144.00" occupancy="89.41" speed="1.49" harmonicMeanSpeed="0.20" length="5.00" nVehEntered="4"/>
    <interval begin="47000.00" end="47100.00" id="inductionLoop.S0" nVehContrib="24" flow="864.00" occupancy="56.81" speed="5.34" harmonicMeanSpeed="1.60" length="5.00" nVehEntered="24"/>
    <interval begin="47100.00" end="47200.00" id="inductionLoop.S0" nVehContrib="7" flow="252.00" occupancy="84.48" speed="3.33" harmonicMeanSpeed="0.42" length="5.00" nVehEntered="7"/>
    <interval begin="47200.00" end="47300.00" id="inductionLoop.S0" nVehContrib="11" flow="396.00" occupancy="81.16" speed="5.87" harmonicMeanSpeed="1.73" length="5.00" nVehEntered="11"/>
    <interval begin="47300.00" end="47400.00" id="inductionLoop.S0" nVehContrib="23" flow="828.00" occupancy="57.52" speed="5.81" harmonicMeanSpeed="1.05" length="5.00" nVehEntered="22"/>
    <interval begin="47400.00" end="47500.00" id="inductionLoop.S0" nVehContrib="1" flow="36.00" occupancy="97.47" speed="7.51" harmonicMeanSpeed="7.51" length="5.00" nVehEntered="2"/>
    <interval begin="47500.00" end="47600.00" id="inductionLoop.S0" nVehContrib="6" flow="216.00" occupancy="88.70" speed="1.55" harmonicMeanSpeed="0.16" length="5.00" nVehEntered="5"/>
    <interval begin="47600.00" end="47700.00" id="inductionLoop.S0" nVehContrib="17" flow="612.00" occupancy="69.24" speed="7.35" harmonicMeanSpeed="6.92" length="5.00" nVehEntered="18"/>
    <interval begin="47700.00" end="47800.00" id="inductionLoop.S0" nVehContrib="10" flow="360.00" occupancy="83.82" speed="7.16" harmonicMeanSpeed="0.43" length="5.00" nVehEntered="10"/>
    <interval begin="47800.00" end="47900.00" id="inductionLoop.S0" nVehContrib="15" flow="540.00" occupancy="73.51" speed="5.73" harmonicMeanSpeed="1.73" length="5.00" nVehEntered="15"/>
    <interval begin="47900.00" end="48000.00" id="inductionLoop.S0" nVehContrib="17" flow="612.00" occupancy="61.65" speed="4.67" harmonicMeanSpeed="0.73" length="5.00" nVehEntered="16"/>
    <interval begin="48000.00" end="48100.00" id="inductionLoop.S0" nVehContrib="17" flow="612.00" occupancy="71.06" speed="5.45" harmonicMeanSpeed="1.20" length="5.00" nVehEntered="17"/>
    <interval begin="48100.00" end="48200.00" id="inductionLoop.S0" nVehContrib="12" flow="432.00" occupancy="77.22" speed="5.31" harmonicMeanSpeed="0.79" length="5.00" nVehEntered="13"/>
    <interval begin="48200.00" end="48300.00" id="inductionLoop.S0" nVehContrib="9" flow="324.00" occupancy="84.06" speed="5.10" harmonicMeanSpeed="0.53" length="5.00" nVehEntered="9"/>
    <interval begin="48300.00" end="48400.00" id="inductionLoop.S0" nVehContrib="15" flow="540.00" occupancy="74.33" speed="5.70" harmonicMeanSpeed="2.14" length="5.00" nVehEntered="15"/>
    <interval begin="48400.00" end="48500.00" id="inductionLoop.S0" nVehContrib="7" flow="252.00" occupancy="86.97" speed="4.07" harmonicMeanSpeed="0.45" length="5.00" nVehEntered="7"/>
    <interval begin="48500.00" end="48600.00" id="inductionLoop.S0" nVehContrib="23" flow="828.00" occupancy="60.60" speed="6.37" harmonicMeanSpeed="1.13" length="5.00" nVehEntered="23"/>
    <interval begin="48600.00" end="48700.00" id="inductionLoop.S0" nVehContrib="8" flow="288.00" occupancy="87.17" speed="6.36" harmonicMeanSpeed="0.42" length="5.00" nVehEntered="7"/>
    <interval begin="48700.00" end="48800.00" id="inductionLoop.S0" nVehContrib="18" flow="648.00" occupancy="64.61" speed="5.20" harmonicMeanSpeed="1.39" length="5.00" nVehEntered="18"/>
    <interval begin="48800.00" end="48900.00" id="inductionLoop.S0" nVehContrib="24" flow="864.00" occupancy="64.10" speed="9.25" harmonicMeanSpeed="8.89" length="5.00" nVehEntered="25"/>
    <interval begin="48900.00" end="49000.00" id="inductionLoop.S0" nVehContrib="0" flow="0.00" occupancy="100.00" speed="-1.00" harmonicMeanSpeed="-1.00" length="-1.00" nVehEntered="0"/>
    <interval begin="49000.00" end="49100.00" id="inductionLoop.S0" nVehContrib="6" flow="216.00" occupancy="87.49" speed="1.12" harmonicMeanSpeed="0.13" length="5.00" nVehEntered="5"/>
    <interval begin="49100.00" end="49200.00" id="inductionLoop.S0" nVehContrib="40" flow="1440.00" occupancy="34.07" speed="6.56" harmonicMeanSpeed="5.87" length="5.00" nVehEntered="40"/>
    <interval begin="49200.00" end="49300.00" id="inductionLoop.S0" nVehContrib="9" flow="324.00" occupancy="84.88" speed="6.11" harmonicMeanSpeed="6.05" length="5.00" nVehEntered="10"/>
    <interval begin="49300.00" end="49400.00" id="inductionLoop.S0" nVehContrib="2" flow="72.00" occupancy="95.17" speed="0.69" harmonicMeanSpeed="0.08" length="5.00" nVehEntered="2"/>
    <interval begin="49400.00" end="49500.00" id="inductionLoop.S0" nVehContrib="5" flow="180.00" occupancy="89.96" speed="1.49" harmonicMeanSpeed="0.18" length="5.00" nVehEntered="4"/>
    <interval begin="49500.00" end="49600.00" id="inductionLoop.S0" nVehContrib="21" flow="756.00" occupancy="57.95" speed="4.85" harmonicMeanSpeed="1.81" length="5.00" nVehEntered="21"/>
    <interval begin="49600.00" end="49700.00" id="inductionLoop.S0" nVehContrib="9" flow="324.00" occupancy="82.99" speed="5.29" harmonicMeanSpeed="2.51" length="5.00" nVehEntered="10"/>
    <interval begin="49700.00" end="49800.00" id="inductionLoop.S0" nVehContrib="15" flow="540.00" occupancy="72.55" speed="4.63" harmonicMeanSpeed="0.55" length="5.00" nVehEntered="15"/>
    <interval begin="49800.00" end="49900.00" id="inductionLoop.S0" nVehContrib="33" flow="1188.00" occupancy="39.99" speed="6.10" harmonicMeanSpeed="4.11" length="5.00" nVehEntered="33"/>
    <interval begin="49900.00" end="50000.00" id="inductionLoop.S0" nVehContrib="2" flow="72.00" occupancy="96.66" speed="5.57" harmonicMeanSpeed="5.57" length="5.00" nVehEntered="2"/>
    <interval begin="50000.00" end="50010.00" id="inductionLoop.S0" nVehContrib="1" flow="360.00" occupancy="80.30" speed="0.05" harmonicMeanSpeed="0.05" length="5.00" nVehEntered="0"/>
</detector>
