<?xml version="1.0" encoding="UTF-8"?>

<!-- generated on 2023-07-22 11:17:52 by Eclipse SUMO sumo Version 1.12.0
<configuration xmlns:xsi="http://www.w3.org/2001/XMLSchema-instance" xsi:noNamespaceSchemaLocation="http://sumo.dlr.de/xsd/sumoConfiguration.xsd">

    <input>
        <net-file value="Data0-13/intersection.net.xml"/>
        <route-files value="Data0-13/intersection.rou.xml"/>
        <additional-files value="Data0-13/intersection.det.xml"/>
    </input>

    <output>
        <tripinfo-output value="Data0-13/tripinfo.xml"/>
    </output>

    <time>
        <begin value="0"/>
    </time>

    <processing>
        <time-to-teleport value="-1"/>
        <waiting-time-memory value="60000"/>
    </processing>

    <report>
        <verbose value="true"/>
        <no-step-log value="true"/>
    </report>

    <emissions>
        <device.emissions.probability value="1"/>
    </emissions>

    <traci_server>
        <remote-port value="50275"/>
    </traci_server>

    <gui_only>
        <gui-settings-file value="Data0-13/intersection.settings.xml"/>
    </gui_only>

</configuration>
-->

<detector xmlns:xsi="http://www.w3.org/2001/XMLSchema-instance" xsi:noNamespaceSchemaLocation="http://sumo.dlr.de/xsd/det_e1_file.xsd">
    <interval begin="0.00" end="100.00" id="inductionLoop.W2" nVehContrib="5" flow="180.00" occupancy="2.73" speed="11.83" harmonicMeanSpeed="11.17" length="5.00" nVehEntered="6"/>
    <interval begin="100.00" end="200.00" id="inductionLoop.W2" nVehContrib="8" flow="288.00" occupancy="7.01" speed="7.84" harmonicMeanSpeed="6.05" length="5.00" nVehEntered="9"/>
    <interval begin="200.00" end="300.00" id="inductionLoop.W2" nVehContrib="8" flow="288.00" occupancy="8.58" speed="7.99" harmonicMeanSpeed="5.15" length="5.00" nVehEntered="11"/>
    <interval begin="300.00" end="400.00" id="inductionLoop.W2" nVehContrib="8" flow="288.00" occupancy="6.60" speed="6.94" harmonicMeanSpeed="6.06" length="5.00" nVehEntered="8"/>
    <interval begin="400.00" end="500.00" id="inductionLoop.W2" nVehContrib="10" flow="360.00" occupancy="26.17" speed="8.23" harmonicMeanSpeed="2.02" length="5.00" nVehEntered="12"/>
    <interval begin="500.00" end="600.00" id="inductionLoop.W2" nVehContrib="10" flow="360.00" occupancy="37.53" speed="5.86" harmonicMeanSpeed="1.49" length="5.00" nVehEntered="12"/>
    <interval begin="600.00" end="700.00" id="inductionLoop.W2" nVehContrib="11" flow="396.00" occupancy="24.04" speed="7.81" harmonicMeanSpeed="3.21" length="5.00" nVehEntered="14"/>
    <interval begin="700.00" end="800.00" id="inductionLoop.W2" nVehContrib="10" flow="360.00" occupancy="34.77" speed="7.17" harmonicMeanSpeed="1.23" length="5.00" nVehEntered="10"/>
    <interval begin="800.00" end="900.00" id="inductionLoop.W2" nVehContrib="6" flow="216.00" occupancy="4.41" speed="8.75" harmonicMeanSpeed="6.80" length="5.00" nVehEntered="6"/>
    <interval begin="900.00" end="1000.00" id="inductionLoop.W2" nVehContrib="13" flow="468.00" occupancy="12.46" speed="7.88" harmonicMeanSpeed="5.96" length="5.00" nVehEntered="15"/>
    <interval begin="1000.00" end="1100.00" id="inductionLoop.W2" nVehContrib="10" flow="360.00" occupancy="19.71" speed="7.85" harmonicMeanSpeed="2.44" length="5.00" nVehEntered="11"/>
    <interval begin="1100.00" end="1200.00" id="inductionLoop.W2" nVehContrib="10" flow="360.00" occupancy="9.09" speed="7.38" harmonicMeanSpeed="5.70" length="5.00" nVehEntered="11"/>
    <interval begin="1200.00" end="1300.00" id="inductionLoop.W2" nVehContrib="12" flow="432.00" occupancy="12.57" speed="8.83" harmonicMeanSpeed="5.25" length="5.00" nVehEntered="15"/>
    <interval begin="1300.00" end="1400.00" id="inductionLoop.W2" nVehContrib="11" flow="396.00" occupancy="14.32" speed="7.88" harmonicMeanSpeed="6.09" length="5.00" nVehEntered="14"/>
    <interval begin="1400.00" end="1500.00" id="inductionLoop.W2" nVehContrib="6" flow="216.00" occupancy="6.18" speed="7.47" harmonicMeanSpeed="5.70" length="5.00" nVehEntered="8"/>
    <interval begin="1500.00" end="1600.00" id="inductionLoop.W2" nVehContrib="11" flow="396.00" occupancy="8.64" speed="8.51" harmonicMeanSpeed="6.59" length="5.00" nVehEntered="12"/>
    <interval begin="1600.00" end="1700.00" id="inductionLoop.W2" nVehContrib="15" flow="540.00" occupancy="18.72" speed="8.46" harmonicMeanSpeed="4.15" length="5.00" nVehEntered="16"/>
    <interval begin="1700.00" end="1800.00" id="inductionLoop.W2" nVehContrib="10" flow="360.00" occupancy="20.94" speed="8.52" harmonicMeanSpeed="2.39" length="5.00" nVehEntered="10"/>
    <interval begin="1800.00" end="1900.00" id="inductionLoop.W2" nVehContrib="13" flow="468.00" occupancy="30.26" speed="8.14" harmonicMeanSpeed="2.37" length="5.00" nVehEntered="14"/>
    <interval begin="1900.00" end="2000.00" id="inductionLoop.W2" nVehContrib="10" flow="360.00" occupancy="18.17" speed="6.65" harmonicMeanSpeed="2.94" length="5.00" nVehEntered="12"/>
    <interval begin="2000.00" end="2100.00" id="inductionLoop.W2" nVehContrib="10" flow="360.00" occupancy="10.72" speed="6.33" harmonicMeanSpeed="4.75" length="5.00" nVehEntered="11"/>
    <interval begin="2100.00" end="2200.00" id="inductionLoop.W2" nVehContrib="11" flow="396.00" occupancy="7.71" speed="10.40" harmonicMeanSpeed="7.63" length="5.00" nVehEntered="13"/>
    <interval begin="2200.00" end="2300.00" id="inductionLoop.W2" nVehContrib="10" flow="360.00" occupancy="8.01" speed="8.82" harmonicMeanSpeed="6.49" length="5.00" nVehEntered="12"/>
    <interval begin="2300.00" end="2400.00" id="inductionLoop.W2" nVehContrib="13" flow="468.00" occupancy="16.98" speed="6.89" harmonicMeanSpeed="3.83" length="5.00" nVehEntered="13"/>
    <interval begin="2400.00" end="2500.00" id="inductionLoop.W2" nVehContrib="11" flow="396.00" occupancy="12.31" speed="7.68" harmonicMeanSpeed="4.47" length="5.00" nVehEntered="11"/>
    <interval begin="2500.00" end="2600.00" id="inductionLoop.W2" nVehContrib="8" flow="288.00" occupancy="12.13" speed="5.97" harmonicMeanSpeed="3.45" length="5.00" nVehEntered="10"/>
    <interval begin="2600.00" end="2700.00" id="inductionLoop.W2" nVehContrib="7" flow="252.00" occupancy="9.12" speed="7.03" harmonicMeanSpeed="4.01" length="5.00" nVehEntered="9"/>
    <interval begin="2700.00" end="2800.00" id="inductionLoop.W2" nVehContrib="12" flow="432.00" occupancy="6.78" speed="10.07" harmonicMeanSpeed="8.85" length="5.00" nVehEntered="12"/>
    <interval begin="2800.00" end="2900.00" id="inductionLoop.W2" nVehContrib="5" flow="180.00" occupancy="10.06" speed="8.77" harmonicMeanSpeed="3.31" length="5.00" nVehEntered="6"/>
    <interval begin="2900.00" end="3000.00" id="inductionLoop.W2" nVehContrib="8" flow="288.00" occupancy="5.09" speed="9.47" harmonicMeanSpeed="7.86" length="5.00" nVehEntered="8"/>
    <interval begin="3000.00" end="3100.00" id="inductionLoop.W2" nVehContrib="12" flow="432.00" occupancy="32.18" speed="6.46" harmonicMeanSpeed="2.06" length="5.00" nVehEntered="14"/>
    <interval begin="3100.00" end="3200.00" id="inductionLoop.W2" nVehContrib="9" flow="324.00" occupancy="6.52" speed="9.08" harmonicMeanSpeed="7.21" length="5.00" nVehEntered="10"/>
    <interval begin="3200.00" end="3300.00" id="inductionLoop.W2" nVehContrib="10" flow="360.00" occupancy="7.67" speed="10.59" harmonicMeanSpeed="7.60" length="5.00" nVehEntered="12"/>
    <interval begin="3300.00" end="3400.00" id="inductionLoop.W2" nVehContrib="12" flow="432.00" occupancy="8.34" speed="8.94" harmonicMeanSpeed="6.53" length="5.00" nVehEntered="12"/>
    <interval begin="3400.00" end="3500.00" id="inductionLoop.W2" nVehContrib="10" flow="360.00" occupancy="5.35" speed="10.54" harmonicMeanSpeed="9.98" length="5.00" nVehEntered="11"/>
    <interval begin="3500.00" end="3600.00" id="inductionLoop.W2" nVehContrib="9" flow="324.00" occupancy="8.08" speed="7.25" harmonicMeanSpeed="6.08" length="5.00" nVehEntered="13"/>
    <interval begin="3600.00" end="3700.00" id="inductionLoop.W2" nVehContrib="3" flow="108.00" occupancy="1.09" speed="13.81" harmonicMeanSpeed="13.78" length="5.00" nVehEntered="3"/>
    <interval begin="3700.00" end="3800.00" id="inductionLoop.W2" nVehContrib="6" flow="216.00" occupancy="3.17" speed="11.87" harmonicMeanSpeed="11.62" length="5.00" nVehEntered="8"/>
    <interval begin="3800.00" end="3900.00" id="inductionLoop.W2" nVehContrib="13" flow="468.00" occupancy="10.98" speed="7.87" harmonicMeanSpeed="5.75" length="5.00" nVehEntered="12"/>
    <interval begin="3900.00" end="4000.00" id="inductionLoop.W2" nVehContrib="7" flow="252.00" occupancy="4.01" speed="10.01" harmonicMeanSpeed="8.73" length="5.00" nVehEntered="7"/>
    <interval begin="4000.00" end="4100.00" id="inductionLoop.W2" nVehContrib="9" flow="324.00" occupancy="5.77" speed="9.99" harmonicMeanSpeed="7.80" length="5.00" nVehEntered="9"/>
    <interval begin="4100.00" end="4200.00" id="inductionLoop.W2" nVehContrib="10" flow="360.00" occupancy="8.79" speed="8.81" harmonicMeanSpeed="6.76" length="5.00" nVehEntered="12"/>
    <interval begin="4200.00" end="4300.00" id="inductionLoop.W2" nVehContrib="9" flow="324.00" occupancy="16.14" speed="6.85" harmonicMeanSpeed="2.87" length="5.00" nVehEntered="10"/>
    <interval begin="4300.00" end="4400.00" id="inductionLoop.W2" nVehContrib="9" flow="324.00" occupancy="5.77" speed="10.70" harmonicMeanSpeed="8.05" length="5.00" nVehEntered="10"/>
    <interval begin="4400.00" end="4500.00" id="inductionLoop.W2" nVehContrib="11" flow="396.00" occupancy="6.72" speed="10.15" harmonicMeanSpeed="8.42" length="5.00" nVehEntered="13"/>
    <interval begin="4500.00" end="4600.00" id="inductionLoop.W2" nVehContrib="9" flow="324.00" occupancy="11.87" speed="7.73" harmonicMeanSpeed="4.38" length="5.00" nVehEntered="14"/>
    <interval begin="4600.00" end="4700.00" id="inductionLoop.W2" nVehContrib="10" flow="360.00" occupancy="8.27" speed="7.91" harmonicMeanSpeed="6.04" length="5.00" nVehEntered="10"/>
    <interval begin="4700.00" end="4800.00" id="inductionLoop.W2" nVehContrib="10" flow="360.00" occupancy="10.03" speed="7.71" harmonicMeanSpeed="5.43" length="5.00" nVehEntered="12"/>
    <interval begin="4800.00" end="4900.00" id="inductionLoop.W2" nVehContrib="5" flow="180.00" occupancy="7.71" speed="8.86" harmonicMeanSpeed="6.94" length="5.00" nVehEntered="8"/>
    <interval begin="4900.00" end="5000.00" id="inductionLoop.W2" nVehContrib="10" flow="360.00" occupancy="9.49" speed="7.01" harmonicMeanSpeed="5.38" length="5.00" nVehEntered="11"/>
    <interval begin="5000.00" end="5100.00" id="inductionLoop.W2" nVehContrib="9" flow="324.00" occupancy="6.72" speed="9.11" harmonicMeanSpeed="7.20" length="5.00" nVehEntered="11"/>
    <interval begin="5100.00" end="5200.00" id="inductionLoop.W2" nVehContrib="6" flow="216.00" occupancy="8.48" speed="8.14" harmonicMeanSpeed="6.35" length="5.00" nVehEntered="10"/>
    <interval begin="5200.00" end="5300.00" id="inductionLoop.W2" nVehContrib="12" flow="432.00" occupancy="12.45" speed="7.19" harmonicMeanSpeed="4.03" length="5.00" nVehEntered="13"/>
    <interval begin="5300.00" end="5400.00" id="inductionLoop.W2" nVehContrib="6" flow="216.00" occupancy="4.23" speed="9.67" harmonicMeanSpeed="7.09" length="5.00" nVehEntered="6"/>
    <interval begin="5400.00" end="5500.00" id="inductionLoop.W2" nVehContrib="7" flow="252.00" occupancy="4.66" speed="9.38" harmonicMeanSpeed="7.51" length="5.00" nVehEntered="7"/>
    <interval begin="5500.00" end="5600.00" id="inductionLoop.W2" nVehContrib="8" flow="288.00" occupancy="4.84" speed="9.96" harmonicMeanSpeed="8.26" length="5.00" nVehEntered="8"/>
    <interval begin="5600.00" end="5700.00" id="inductionLoop.W2" nVehContrib="3" flow="108.00" occupancy="1.86" speed="11.52" harmonicMeanSpeed="8.06" length="5.00" nVehEntered="3"/>
    <interval begin="5700.00" end="5800.00" id="inductionLoop.W2" nVehContrib="5" flow="180.00" occupancy="3.41" speed="9.47" harmonicMeanSpeed="7.34" length="5.00" nVehEntered="5"/>
    <interval begin="5800.00" end="5900.00" id="inductionLoop.W2" nVehContrib="8" flow="288.00" occupancy="6.75" speed="7.81" harmonicMeanSpeed="5.93" length="5.00" nVehEntered="8"/>
    <interval begin="5900.00" end="6000.00" id="inductionLoop.W2" nVehContrib="9" flow="324.00" occupancy="6.26" speed="9.00" harmonicMeanSpeed="7.19" length="5.00" nVehEntered="9"/>
    <interval begin="6000.00" end="6100.00" id="inductionLoop.W2" nVehContrib="3" flow="108.00" occupancy="1.34" speed="11.58" harmonicMeanSpeed="11.19" length="5.00" nVehEntered="3"/>
    <interval begin="6100.00" end="6200.00" id="inductionLoop.W2" nVehContrib="4" flow="144.00" occupancy="1.78" speed="11.68" harmonicMeanSpeed="11.23" length="5.00" nVehEntered="4"/>
    <interval begin="6200.00" end="6300.00" id="inductionLoop.W2" nVehContrib="1" flow="36.00" occupancy="1.34" speed="3.73" harmonicMeanSpeed="3.73" length="5.00" nVehEntered="1"/>
    <interval begin="6300.00" end="6400.00" id="inductionLoop.W2" nVehContrib="3" flow="108.00" occupancy="1.92" speed="9.40" harmonicMeanSpeed="7.83" length="5.00" nVehEntered="3"/>
    <interval begin="6400.00" end="6500.00" id="inductionLoop.W2" nVehContrib="7" flow="252.00" occupancy="4.73" speed="9.71" harmonicMeanSpeed="7.85" length="5.00" nVehEntered="8"/>
    <interval begin="6500.00" end="6600.00" id="inductionLoop.W2" nVehContrib="6" flow="216.00" occupancy="2.52" speed="12.02" harmonicMeanSpeed="11.92" length="5.00" nVehEntered="6"/>
    <interval begin="6600.00" end="6700.00" id="inductionLoop.W2" nVehContrib="8" flow="288.00" occupancy="6.54" speed="8.71" harmonicMeanSpeed="6.12" length="5.00" nVehEntered="8"/>
    <interval begin="6700.00" end="6800.00" id="inductionLoop.W2" nVehContrib="7" flow="252.00" occupancy="5.76" speed="8.23" harmonicMeanSpeed="6.07" length="5.00" nVehEntered="7"/>
    <interval begin="6800.00" end="6900.00" id="inductionLoop.W2" nVehContrib="7" flow="252.00" occupancy="4.85" speed="9.64" harmonicMeanSpeed="8.04" length="5.00" nVehEntered="9"/>
    <interval begin="6900.00" end="7000.00" id="inductionLoop.W2" nVehContrib="9" flow="324.00" occupancy="7.05" speed="8.89" harmonicMeanSpeed="6.73" length="5.00" nVehEntered="11"/>
    <interval begin="7000.00" end="7100.00" id="inductionLoop.W2" nVehContrib="2" flow="72.00" occupancy="1.07" speed="10.02" harmonicMeanSpeed="9.48" length="5.00" nVehEntered="3"/>
    <interval begin="7100.00" end="7200.00" id="inductionLoop.W2" nVehContrib="9" flow="324.00" occupancy="3.75" speed="12.18" harmonicMeanSpeed="12.00" length="5.00" nVehEntered="9"/>
    <interval begin="7200.00" end="7300.00" id="inductionLoop.W2" nVehContrib="8" flow="288.00" occupancy="5.93" speed="8.69" harmonicMeanSpeed="6.75" length="5.00" nVehEntered="8"/>
    <interval begin="7300.00" end="7400.00" id="inductionLoop.W2" nVehContrib="2" flow="72.00" occupancy="1.47" speed="9.62" harmonicMeanSpeed="6.82" length="5.00" nVehEntered="2"/>
    <interval begin="7400.00" end="7500.00" id="inductionLoop.W2" nVehContrib="1" flow="36.00" occupancy="0.32" speed="15.49" harmonicMeanSpeed="15.49" length="5.00" nVehEntered="1"/>
    <interval begin="7500.00" end="7600.00" id="inductionLoop.W2" nVehContrib="4" flow="144.00" occupancy="3.19" speed="9.20" harmonicMeanSpeed="6.27" length="5.00" nVehEntered="4"/>
    <interval begin="7600.00" end="7700.00" id="inductionLoop.W2" nVehContrib="5" flow="180.00" occupancy="3.44" speed="9.70" harmonicMeanSpeed="7.26" length="5.00" nVehEntered="5"/>
    <interval begin="7700.00" end="7800.00" id="inductionLoop.W2" nVehContrib="2" flow="72.00" occupancy="1.40" speed="8.84" harmonicMeanSpeed="7.13" length="5.00" nVehEntered="2"/>
    <interval begin="7800.00" end="7900.00" id="inductionLoop.W2" nVehContrib="7" flow="252.00" occupancy="4.85" speed="9.31" harmonicMeanSpeed="7.22" length="5.00" nVehEntered="7"/>
    <interval begin="7900.00" end="8000.00" id="inductionLoop.W2" nVehContrib="3" flow="108.00" occupancy="1.80" speed="10.76" harmonicMeanSpeed="8.33" length="5.00" nVehEntered="3"/>
    <interval begin="8000.00" end="8100.00" id="inductionLoop.W2" nVehContrib="5" flow="180.00" occupancy="3.21" speed="9.42" harmonicMeanSpeed="7.79" length="5.00" nVehEntered="5"/>
    <interval begin="8100.00" end="8200.00" id="inductionLoop.W2" nVehContrib="4" flow="144.00" occupancy="4.27" speed="5.72" harmonicMeanSpeed="4.68" length="5.00" nVehEntered="4"/>
    <interval begin="8200.00" end="8300.00" id="inductionLoop.W2" nVehContrib="3" flow="108.00" occupancy="1.43" speed="12.84" harmonicMeanSpeed="12.78" length="5.00" nVehEntered="4"/>
    <interval begin="8300.00" end="8400.00" id="inductionLoop.W2" nVehContrib="4" flow="144.00" occupancy="1.96" speed="10.85" harmonicMeanSpeed="10.41" length="5.00" nVehEntered="5"/>
    <interval begin="8400.00" end="8500.00" id="inductionLoop.W2" nVehContrib="3" flow="108.00" occupancy="2.51" speed="10.47" harmonicMeanSpeed="7.25" length="5.00" nVehEntered="5"/>
    <interval begin="8500.00" end="8600.00" id="inductionLoop.W2" nVehContrib="3" flow="108.00" occupancy="1.89" speed="9.72" harmonicMeanSpeed="7.93" length="5.00" nVehEntered="3"/>
    <interval begin="8600.00" end="8700.00" id="inductionLoop.W2" nVehContrib="7" flow="252.00" occupancy="5.06" speed="10.18" harmonicMeanSpeed="8.15" length="5.00" nVehEntered="9"/>
    <interval begin="8700.00" end="8800.00" id="inductionLoop.W2" nVehContrib="6" flow="216.00" occupancy="5.59" speed="7.35" harmonicMeanSpeed="5.37" length="5.00" nVehEntered="6"/>
    <interval begin="8800.00" end="8900.00" id="inductionLoop.W2" nVehContrib="3" flow="108.00" occupancy="2.09" speed="12.36" harmonicMeanSpeed="12.29" length="5.00" nVehEntered="5"/>
    <interval begin="8900.00" end="9000.00" id="inductionLoop.W2" nVehContrib="8" flow="288.00" occupancy="6.22" speed="9.14" harmonicMeanSpeed="7.09" length="5.00" nVehEntered="10"/>
    <interval begin="9000.00" end="9100.00" id="inductionLoop.W2" nVehContrib="3" flow="108.00" occupancy="2.77" speed="7.00" harmonicMeanSpeed="5.42" length="5.00" nVehEntered="3"/>
    <interval begin="9100.00" end="9200.00" id="inductionLoop.W2" nVehContrib="3" flow="108.00" occupancy="3.05" speed="6.40" harmonicMeanSpeed="5.50" length="5.00" nVehEntered="4"/>
    <interval begin="9200.00" end="9300.00" id="inductionLoop.W2" nVehContrib="6" flow="216.00" occupancy="5.55" speed="7.66" harmonicMeanSpeed="5.40" length="5.00" nVehEntered="6"/>
    <interval begin="9300.00" end="9400.00" id="inductionLoop.W2" nVehContrib="5" flow="180.00" occupancy="3.08" speed="10.64" harmonicMeanSpeed="8.15" length="5.00" nVehEntered="6"/>
    <interval begin="9400.00" end="9500.00" id="inductionLoop.W2" nVehContrib="5" flow="180.00" occupancy="3.04" speed="10.83" harmonicMeanSpeed="8.22" length="5.00" nVehEntered="5"/>
    <interval begin="9500.00" end="9600.00" id="inductionLoop.W2" nVehContrib="4" flow="144.00" occupancy="1.88" speed="11.06" harmonicMeanSpeed="10.62" length="5.00" nVehEntered="4"/>
    <interval begin="9600.00" end="9700.00" id="inductionLoop.W2" nVehContrib="3" flow="108.00" occupancy="3.27" speed="5.08" harmonicMeanSpeed="4.59" length="5.00" nVehEntered="3"/>
    <interval begin="9700.00" end="9800.00" id="inductionLoop.W2" nVehContrib="2" flow="72.00" occupancy="1.16" speed="14.32" harmonicMeanSpeed="14.32" length="5.00" nVehEntered="4"/>
    <interval begin="9800.00" end="9900.00" id="inductionLoop.W2" nVehContrib="5" flow="180.00" occupancy="2.24" speed="11.54" harmonicMeanSpeed="11.14" length="5.00" nVehEntered="5"/>
    <interval begin="9900.00" end="10000.00" id="inductionLoop.W2" nVehContrib="9" flow="324.00" occupancy="8.44" speed="6.87" harmonicMeanSpeed="5.33" length="5.00" nVehEntered="9"/>
    <interval begin="10000.00" end="10100.00" id="inductionLoop.W2" nVehContrib="8" flow="288.00" occupancy="6.60" speed="8.62" harmonicMeanSpeed="6.09" length="5.00" nVehEntered="9"/>
    <interval begin="10100.00" end="10200.00" id="inductionLoop.W2" nVehContrib="3" flow="108.00" occupancy="1.55" speed="13.67" harmonicMeanSpeed="13.59" length="5.00" nVehEntered="5"/>
    <interval begin="10200.00" end="10300.00" id="inductionLoop.W2" nVehContrib="5" flow="180.00" occupancy="3.32" speed="8.94" harmonicMeanSpeed="6.97" length="5.00" nVehEntered="4"/>
    <interval begin="10300.00" end="10400.00" id="inductionLoop.W2" nVehContrib="0" flow="0.00" occupancy="0.00" speed="-1.00" harmonicMeanSpeed="-1.00" length="-1.00" nVehEntered="0"/>
    <interval begin="10400.00" end="10500.00" id="inductionLoop.W2" nVehContrib="3" flow="108.00" occupancy="2.03" speed="11.08" harmonicMeanSpeed="7.38" length="5.00" nVehEntered="3"/>
    <interval begin="10500.00" end="10600.00" id="inductionLoop.W2" nVehContrib="1" flow="36.00" occupancy="0.80" speed="11.19" harmonicMeanSpeed="11.19" length="5.00" nVehEntered="2"/>
    <interval begin="10600.00" end="10700.00" id="inductionLoop.W2" nVehContrib="9" flow="324.00" occupancy="5.88" speed="9.81" harmonicMeanSpeed="7.65" length="5.00" nVehEntered="9"/>
    <interval begin="10700.00" end="10800.00" id="inductionLoop.W2" nVehContrib="6" flow="216.00" occupancy="3.27" speed="12.01" harmonicMeanSpeed="9.17" length="5.00" nVehEntered="6"/>
    <interval begin="10800.00" end="10900.00" id="inductionLoop.W2" nVehContrib="4" flow="144.00" occupancy="3.36" speed="7.52" harmonicMeanSpeed="5.95" length="5.00" nVehEntered="4"/>
    <interval begin="10900.00" end="11000.00" id="inductionLoop.W2" nVehContrib="1" flow="36.00" occupancy="1.39" speed="3.60" harmonicMeanSpeed="3.60" length="5.00" nVehEntered="1"/>
    <interval begin="11000.00" end="11100.00" id="inductionLoop.W2" nVehContrib="4" flow="144.00" occupancy="2.68" speed="10.40" harmonicMeanSpeed="7.51" length="5.00" nVehEntered="5"/>
    <interval begin="11100.00" end="11200.00" id="inductionLoop.W2" nVehContrib="9" flow="324.00" occupancy="7.31" speed="8.04" harmonicMeanSpeed="6.23" length="5.00" nVehEntered="10"/>
    <interval begin="11200.00" end="11300.00" id="inductionLoop.W2" nVehContrib="1" flow="36.00" occupancy="0.39" speed="12.96" harmonicMeanSpeed="12.96" length="5.00" nVehEntered="1"/>
    <interval begin="11300.00" end="11400.00" id="inductionLoop.W2" nVehContrib="4" flow="144.00" occupancy="3.50" speed="8.86" harmonicMeanSpeed="6.31" length="5.00" nVehEntered="5"/>
    <interval begin="11400.00" end="11500.00" id="inductionLoop.W2" nVehContrib="2" flow="72.00" occupancy="3.00" speed="3.34" harmonicMeanSpeed="3.34" length="5.00" nVehEntered="2"/>
    <interval begin="11500.00" end="11600.00" id="inductionLoop.W2" nVehContrib="3" flow="108.00" occupancy="1.33" speed="11.86" harmonicMeanSpeed="11.29" length="5.00" nVehEntered="3"/>
    <interval begin="11600.00" end="11700.00" id="inductionLoop.W2" nVehContrib="3" flow="108.00" occupancy="2.24" speed="9.48" harmonicMeanSpeed="9.09" length="5.00" nVehEntered="5"/>
    <interval begin="11700.00" end="11800.00" id="inductionLoop.W2" nVehContrib="5" flow="180.00" occupancy="5.02" speed="8.10" harmonicMeanSpeed="6.21" length="5.00" nVehEntered="6"/>
    <interval begin="11800.00" end="11900.00" id="inductionLoop.W2" nVehContrib="6" flow="216.00" occupancy="4.01" speed="8.33" harmonicMeanSpeed="5.99" length="5.00" nVehEntered="5"/>
    <interval begin="11900.00" end="12000.00" id="inductionLoop.W2" nVehContrib="5" flow="180.00" occupancy="2.70" speed="11.22" harmonicMeanSpeed="9.25" length="5.00" nVehEntered="5"/>
    <interval begin="12000.00" end="12100.00" id="inductionLoop.W2" nVehContrib="6" flow="216.00" occupancy="2.53" speed="12.33" harmonicMeanSpeed="11.86" length="5.00" nVehEntered="6"/>
    <interval begin="12100.00" end="12200.00" id="inductionLoop.W2" nVehContrib="0" flow="0.00" occupancy="0.00" speed="-1.00" harmonicMeanSpeed="-1.00" length="-1.00" nVehEntered="0"/>
    <interval begin="12200.00" end="12300.00" id="inductionLoop.W2" nVehContrib="4" flow="144.00" occupancy="1.71" speed="11.78" harmonicMeanSpeed="11.67" length="5.00" nVehEntered="4"/>
    <interval begin="12300.00" end="12400.00" id="inductionLoop.W2" nVehContrib="2" flow="72.00" occupancy="1.44" speed="8.41" harmonicMeanSpeed="6.93" length="5.00" nVehEntered="2"/>
    <interval begin="12400.00" end="12500.00" id="inductionLoop.W2" nVehContrib="5" flow="180.00" occupancy="2.72" speed="11.53" harmonicMeanSpeed="9.20" length="5.00" nVehEntered="5"/>
    <interval begin="12500.00" end="12600.00" id="inductionLoop.W2" nVehContrib="6" flow="216.00" occupancy="4.40" speed="9.18" harmonicMeanSpeed="7.41" length="5.00" nVehEntered="7"/>
    <interval begin="12600.00" end="12700.00" id="inductionLoop.W2" nVehContrib="6" flow="216.00" occupancy="4.77" speed="8.58" harmonicMeanSpeed="6.29" length="5.00" nVehEntered="6"/>
    <interval begin="12700.00" end="12800.00" id="inductionLoop.W2" nVehContrib="4" flow="144.00" occupancy="1.70" speed="11.93" harmonicMeanSpeed="11.78" length="5.00" nVehEntered="4"/>
    <interval begin="12800.00" end="12900.00" id="inductionLoop.W2" nVehContrib="2" flow="72.00" occupancy="1.62" speed="9.07" harmonicMeanSpeed="6.15" length="5.00" nVehEntered="2"/>
    <interval begin="12900.00" end="13000.00" id="inductionLoop.W2" nVehContrib="1" flow="36.00" occupancy="1.35" speed="3.70" harmonicMeanSpeed="3.70" length="5.00" nVehEntered="1"/>
    <interval begin="13000.00" end="13100.00" id="inductionLoop.W2" nVehContrib="3" flow="108.00" occupancy="1.19" speed="12.73" harmonicMeanSpeed="12.65" length="5.00" nVehEntered="3"/>
    <interval begin="13100.00" end="13200.00" id="inductionLoop.W2" nVehContrib="1" flow="36.00" occupancy="0.37" speed="13.48" harmonicMeanSpeed="13.48" length="5.00" nVehEntered="1"/>
    <interval begin="13200.00" end="13300.00" id="inductionLoop.W2" nVehContrib="5" flow="180.00" occupancy="4.67" speed="6.71" harmonicMeanSpeed="5.36" length="5.00" nVehEntered="5"/>
    <interval begin="13300.00" end="13400.00" id="inductionLoop.W2" nVehContrib="1" flow="36.00" occupancy="0.36" speed="14.03" harmonicMeanSpeed="14.03" length="5.00" nVehEntered="1"/>
    <interval begin="13400.00" end="13500.00" id="inductionLoop.W2" nVehContrib="4" flow="144.00" occupancy="2.43" speed="10.47" harmonicMeanSpeed="8.23" length="5.00" nVehEntered="4"/>
    <interval begin="13500.00" end="13600.00" id="inductionLoop.W2" nVehContrib="4" flow="144.00" occupancy="1.46" speed="13.76" harmonicMeanSpeed="13.73" length="5.00" nVehEntered="4"/>
    <interval begin="13600.00" end="13700.00" id="inductionLoop.W2" nVehContrib="6" flow="216.00" occupancy="4.93" speed="9.00" harmonicMeanSpeed="6.67" length="5.00" nVehEntered="7"/>
    <interval begin="13700.00" end="13800.00" id="inductionLoop.W2" nVehContrib="7" flow="252.00" occupancy="5.15" speed="9.14" harmonicMeanSpeed="6.79" length="5.00" nVehEntered="7"/>
    <interval begin="13800.00" end="13900.00" id="inductionLoop.W2" nVehContrib="3" flow="108.00" occupancy="1.17" speed="12.85" harmonicMeanSpeed="12.85" length="5.00" nVehEntered="3"/>
    <interval begin="13900.00" end="14000.00" id="inductionLoop.W2" nVehContrib="7" flow="252.00" occupancy="3.92" speed="11.28" harmonicMeanSpeed="8.92" length="5.00" nVehEntered="7"/>
    <interval begin="14000.00" end="14100.00" id="inductionLoop.W2" nVehContrib="1" flow="36.00" occupancy="0.35" speed="14.20" harmonicMeanSpeed="14.20" length="5.00" nVehEntered="1"/>
    <interval begin="14100.00" end="14200.00" id="inductionLoop.W2" nVehContrib="1" flow="36.00" occupancy="0.34" speed="14.61" harmonicMeanSpeed="14.61" length="5.00" nVehEntered="1"/>
    <interval begin="14200.00" end="14300.00" id="inductionLoop.W2" nVehContrib="6" flow="216.00" occupancy="3.97" speed="10.53" harmonicMeanSpeed="8.84" length="5.00" nVehEntered="8"/>
    <interval begin="14300.00" end="14400.00" id="inductionLoop.W2" nVehContrib="7" flow="252.00" occupancy="6.59" speed="7.22" harmonicMeanSpeed="5.35" length="5.00" nVehEntered="9"/>
    <interval begin="14400.00" end="14500.00" id="inductionLoop.W2" nVehContrib="5" flow="180.00" occupancy="3.24" speed="9.44" harmonicMeanSpeed="7.71" length="5.00" nVehEntered="5"/>
    <interval begin="14500.00" end="14600.00" id="inductionLoop.W2" nVehContrib="6" flow="216.00" occupancy="5.60" speed="8.02" harmonicMeanSpeed="5.35" length="5.00" nVehEntered="6"/>
    <interval begin="14600.00" end="14700.00" id="inductionLoop.W2" nVehContrib="6" flow="216.00" occupancy="3.75" speed="10.09" harmonicMeanSpeed="7.99" length="5.00" nVehEntered="6"/>
    <interval begin="14700.00" end="14800.00" id="inductionLoop.W2" nVehContrib="7" flow="252.00" occupancy="5.65" speed="8.41" harmonicMeanSpeed="6.26" length="5.00" nVehEntered="9"/>
    <interval begin="14800.00" end="14900.00" id="inductionLoop.W2" nVehContrib="2" flow="72.00" occupancy="1.85" speed="7.84" harmonicMeanSpeed="6.05" length="5.00" nVehEntered="3"/>
    <interval begin="14900.00" end="15000.00" id="inductionLoop.W2" nVehContrib="3" flow="108.00" occupancy="1.19" speed="12.81" harmonicMeanSpeed="12.65" length="5.00" nVehEntered="3"/>
    <interval begin="15000.00" end="15100.00" id="inductionLoop.W2" nVehContrib="5" flow="180.00" occupancy="3.54" speed="9.06" harmonicMeanSpeed="7.54" length="5.00" nVehEntered="6"/>
    <interval begin="15100.00" end="15200.00" id="inductionLoop.W2" nVehContrib="3" flow="108.00" occupancy="1.08" speed="13.90" harmonicMeanSpeed="13.86" length="5.00" nVehEntered="3"/>
    <interval begin="15200.00" end="15300.00" id="inductionLoop.W2" nVehContrib="2" flow="72.00" occupancy="0.88" speed="11.34" harmonicMeanSpeed="11.33" length="5.00" nVehEntered="2"/>
    <interval begin="15300.00" end="15400.00" id="inductionLoop.W2" nVehContrib="2" flow="72.00" occupancy="1.35" speed="10.25" harmonicMeanSpeed="7.40" length="5.00" nVehEntered="2"/>
    <interval begin="15400.00" end="15500.00" id="inductionLoop.W2" nVehContrib="6" flow="216.00" occupancy="2.33" speed="12.99" harmonicMeanSpeed="12.89" length="5.00" nVehEntered="6"/>
    <interval begin="15500.00" end="15600.00" id="inductionLoop.W2" nVehContrib="1" flow="36.00" occupancy="0.49" speed="10.15" harmonicMeanSpeed="10.15" length="5.00" nVehEntered="1"/>
    <interval begin="15600.00" end="15700.00" id="inductionLoop.W2" nVehContrib="8" flow="288.00" occupancy="4.51" speed="11.00" harmonicMeanSpeed="8.87" length="5.00" nVehEntered="8"/>
    <interval begin="15700.00" end="15800.00" id="inductionLoop.W2" nVehContrib="4" flow="144.00" occupancy="2.78" speed="10.67" harmonicMeanSpeed="7.20" length="5.00" nVehEntered="4"/>
    <interval begin="15800.00" end="15900.00" id="inductionLoop.W2" nVehContrib="5" flow="180.00" occupancy="2.86" speed="9.84" harmonicMeanSpeed="8.74" length="5.00" nVehEntered="5"/>
    <interval begin="15900.00" end="16000.00" id="inductionLoop.W2" nVehContrib="2" flow="72.00" occupancy="2.49" speed="7.85" harmonicMeanSpeed="6.70" length="5.00" nVehEntered="3"/>
    <interval begin="16000.00" end="16100.00" id="inductionLoop.W2" nVehContrib="5" flow="180.00" occupancy="2.75" speed="9.26" harmonicMeanSpeed="6.66" length="5.00" nVehEntered="4"/>
    <interval begin="16100.00" end="16200.00" id="inductionLoop.W2" nVehContrib="3" flow="108.00" occupancy="3.17" speed="7.15" harmonicMeanSpeed="4.74" length="5.00" nVehEntered="3"/>
    <interval begin="16200.00" end="16300.00" id="inductionLoop.W2" nVehContrib="3" flow="108.00" occupancy="2.25" speed="8.52" harmonicMeanSpeed="6.66" length="5.00" nVehEntered="3"/>
    <interval begin="16300.00" end="16400.00" id="inductionLoop.W2" nVehContrib="3" flow="108.00" occupancy="1.03" speed="14.57" harmonicMeanSpeed="14.54" length="5.00" nVehEntered="3"/>
    <interval begin="16400.00" end="16500.00" id="inductionLoop.W2" nVehContrib="3" flow="108.00" occupancy="2.43" speed="9.05" harmonicMeanSpeed="6.68" length="5.00" nVehEntered="4"/>
    <interval begin="16500.00" end="16600.00" id="inductionLoop.W2" nVehContrib="2" flow="72.00" occupancy="0.70" speed="14.22" harmonicMeanSpeed="14.22" length="5.00" nVehEntered="2"/>
    <interval begin="16600.00" end="16700.00" id="inductionLoop.W2" nVehContrib="1" flow="36.00" occupancy="0.36" speed="13.85" harmonicMeanSpeed="13.85" length="5.00" nVehEntered="1"/>
    <interval begin="16700.00" end="16800.00" id="inductionLoop.W2" nVehContrib="7" flow="252.00" occupancy="2.57" speed="13.69" harmonicMeanSpeed="13.61" length="5.00" nVehEntered="7"/>
    <interval begin="16800.00" end="16900.00" id="inductionLoop.W2" nVehContrib="7" flow="252.00" occupancy="3.85" speed="10.91" harmonicMeanSpeed="9.09" length="5.00" nVehEntered="7"/>
    <interval begin="16900.00" end="17000.00" id="inductionLoop.W2" nVehContrib="7" flow="252.00" occupancy="3.47" speed="11.88" harmonicMeanSpeed="10.09" length="5.00" nVehEntered="7"/>
    <interval begin="17000.00" end="17100.00" id="inductionLoop.W2" nVehContrib="6" flow="216.00" occupancy="4.42" speed="9.58" harmonicMeanSpeed="7.36" length="5.00" nVehEntered="8"/>
    <interval begin="17100.00" end="17200.00" id="inductionLoop.W2" nVehContrib="9" flow="324.00" occupancy="5.51" speed="10.18" harmonicMeanSpeed="8.30" length="5.00" nVehEntered="10"/>
    <interval begin="17200.00" end="17300.00" id="inductionLoop.W2" nVehContrib="6" flow="216.00" occupancy="4.50" speed="8.75" harmonicMeanSpeed="6.67" length="5.00" nVehEntered="6"/>
    <interval begin="17300.00" end="17400.00" id="inductionLoop.W2" nVehContrib="6" flow="216.00" occupancy="5.80" speed="7.42" harmonicMeanSpeed="5.68" length="5.00" nVehEntered="7"/>
    <interval begin="17400.00" end="17500.00" id="inductionLoop.W2" nVehContrib="9" flow="324.00" occupancy="5.38" speed="10.68" harmonicMeanSpeed="8.36" length="5.00" nVehEntered="9"/>
    <interval begin="17500.00" end="17600.00" id="inductionLoop.W2" nVehContrib="5" flow="180.00" occupancy="3.43" speed="9.66" harmonicMeanSpeed="7.29" length="5.00" nVehEntered="5"/>
    <interval begin="17600.00" end="17700.00" id="inductionLoop.W2" nVehContrib="4" flow="144.00" occupancy="1.51" speed="13.37" harmonicMeanSpeed="13.28" length="5.00" nVehEntered="4"/>
    <interval begin="17700.00" end="17800.00" id="inductionLoop.W2" nVehContrib="6" flow="216.00" occupancy="2.76" speed="11.30" harmonicMeanSpeed="10.87" length="5.00" nVehEntered="6"/>
    <interval begin="17800.00" end="17900.00" id="inductionLoop.W2" nVehContrib="1" flow="36.00" occupancy="1.26" speed="3.96" harmonicMeanSpeed="3.96" length="5.00" nVehEntered="1"/>
    <interval begin="17900.00" end="18000.00" id="inductionLoop.W2" nVehContrib="4" flow="144.00" occupancy="1.48" speed="13.62" harmonicMeanSpeed="13.54" length="5.00" nVehEntered="4"/>
    <interval begin="18000.00" end="18100.00" id="inductionLoop.W2" nVehContrib="3" flow="108.00" occupancy="1.28" speed="11.93" harmonicMeanSpeed="11.74" length="5.00" nVehEntered="3"/>
    <interval begin="18100.00" end="18200.00" id="inductionLoop.W2" nVehContrib="6" flow="216.00" occupancy="3.73" speed="10.30" harmonicMeanSpeed="8.04" length="5.00" nVehEntered="6"/>
    <interval begin="18200.00" end="18300.00" id="inductionLoop.W2" nVehContrib="7" flow="252.00" occupancy="5.14" speed="9.47" harmonicMeanSpeed="6.81" length="5.00" nVehEntered="7"/>
    <interval begin="18300.00" end="18400.00" id="inductionLoop.W2" nVehContrib="7" flow="252.00" occupancy="6.01" speed="8.28" harmonicMeanSpeed="5.82" length="5.00" nVehEntered="7"/>
    <interval begin="18400.00" end="18500.00" id="inductionLoop.W2" nVehContrib="6" flow="216.00" occupancy="4.95" speed="8.33" harmonicMeanSpeed="6.06" length="5.00" nVehEntered="6"/>
    <interval begin="18500.00" end="18600.00" id="inductionLoop.W2" nVehContrib="4" flow="144.00" occupancy="1.78" speed="11.67" harmonicMeanSpeed="11.23" length="5.00" nVehEntered="4"/>
    <interval begin="18600.00" end="18700.00" id="inductionLoop.W2" nVehContrib="6" flow="216.00" occupancy="3.03" speed="12.13" harmonicMeanSpeed="11.61" length="5.00" nVehEntered="7"/>
    <interval begin="18700.00" end="18800.00" id="inductionLoop.W2" nVehContrib="10" flow="360.00" occupancy="8.72" speed="9.30" harmonicMeanSpeed="6.35" length="5.00" nVehEntered="12"/>
    <interval begin="18800.00" end="18900.00" id="inductionLoop.W2" nVehContrib="6" flow="216.00" occupancy="9.54" speed="6.68" harmonicMeanSpeed="4.81" length="5.00" nVehEntered="7"/>
    <interval begin="18900.00" end="19000.00" id="inductionLoop.W2" nVehContrib="8" flow="288.00" occupancy="5.31" speed="9.43" harmonicMeanSpeed="7.59" length="5.00" nVehEntered="9"/>
    <interval begin="19000.00" end="19100.00" id="inductionLoop.W2" nVehContrib="12" flow="432.00" occupancy="9.61" speed="9.23" harmonicMeanSpeed="6.24" length="5.00" nVehEntered="12"/>
    <interval begin="19100.00" end="19200.00" id="inductionLoop.W2" nVehContrib="5" flow="180.00" occupancy="11.76" speed="7.89" harmonicMeanSpeed="2.30" length="5.00" nVehEntered="6"/>
    <interval begin="19200.00" end="19300.00" id="inductionLoop.W2" nVehContrib="9" flow="324.00" occupancy="6.69" speed="8.48" harmonicMeanSpeed="6.72" length="5.00" nVehEntered="9"/>
    <interval begin="19300.00" end="19400.00" id="inductionLoop.W2" nVehContrib="10" flow="360.00" occupancy="6.52" speed="9.67" harmonicMeanSpeed="7.67" length="5.00" nVehEntered="10"/>
    <interval begin="19400.00" end="19500.00" id="inductionLoop.W2" nVehContrib="6" flow="216.00" occupancy="4.16" speed="9.57" harmonicMeanSpeed="7.21" length="5.00" nVehEntered="6"/>
    <interval begin="19500.00" end="19600.00" id="inductionLoop.W2" nVehContrib="5" flow="180.00" occupancy="2.20" speed="13.86" harmonicMeanSpeed="13.60" length="5.00" nVehEntered="6"/>
    <interval begin="19600.00" end="19700.00" id="inductionLoop.W2" nVehContrib="11" flow="396.00" occupancy="8.80" speed="8.77" harmonicMeanSpeed="6.59" length="5.00" nVehEntered="13"/>
    <interval begin="19700.00" end="19800.00" id="inductionLoop.W2" nVehContrib="14" flow="504.00" occupancy="26.68" speed="6.68" harmonicMeanSpeed="2.67" length="5.00" nVehEntered="16"/>
    <interval begin="19800.00" end="19900.00" id="inductionLoop.W2" nVehContrib="9" flow="324.00" occupancy="6.77" speed="9.06" harmonicMeanSpeed="6.65" length="5.00" nVehEntered="9"/>
    <interval begin="19900.00" end="20000.00" id="inductionLoop.W2" nVehContrib="9" flow="324.00" occupancy="12.54" speed="8.57" harmonicMeanSpeed="3.59" length="5.00" nVehEntered="9"/>
    <interval begin="20000.00" end="20100.00" id="inductionLoop.W2" nVehContrib="4" flow="144.00" occupancy="3.84" speed="8.41" harmonicMeanSpeed="5.36" length="5.00" nVehEntered="5"/>
    <interval begin="20100.00" end="20200.00" id="inductionLoop.W2" nVehContrib="7" flow="252.00" occupancy="2.93" speed="12.35" harmonicMeanSpeed="11.93" length="5.00" nVehEntered="7"/>
    <interval begin="20200.00" end="20300.00" id="inductionLoop.W2" nVehContrib="11" flow="396.00" occupancy="8.40" speed="8.66" harmonicMeanSpeed="7.01" length="5.00" nVehEntered="12"/>
    <interval begin="20300.00" end="20400.00" id="inductionLoop.W2" nVehContrib="3" flow="108.00" occupancy="2.20" speed="7.73" harmonicMeanSpeed="6.80" length="5.00" nVehEntered="3"/>
    <interval begin="20400.00" end="20500.00" id="inductionLoop.W2" nVehContrib="12" flow="432.00" occupancy="31.08" speed="9.73" harmonicMeanSpeed="2.19" length="5.00" nVehEntered="15"/>
    <interval begin="20500.00" end="20600.00" id="inductionLoop.W2" nVehContrib="10" flow="360.00" occupancy="28.65" speed="7.34" harmonicMeanSpeed="1.83" length="5.00" nVehEntered="11"/>
    <interval begin="20600.00" end="20700.00" id="inductionLoop.W2" nVehContrib="10" flow="360.00" occupancy="41.00" speed="5.84" harmonicMeanSpeed="1.11" length="5.00" nVehEntered="11"/>
    <interval begin="20700.00" end="20800.00" id="inductionLoop.W2" nVehContrib="8" flow="288.00" occupancy="3.36" speed="12.34" harmonicMeanSpeed="11.90" length="5.00" nVehEntered="8"/>
    <interval begin="20800.00" end="20900.00" id="inductionLoop.W2" nVehContrib="8" flow="288.00" occupancy="27.74" speed="4.40" harmonicMeanSpeed="1.57" length="5.00" nVehEntered="13"/>
    <interval begin="20900.00" end="21000.00" id="inductionLoop.W2" nVehContrib="7" flow="252.00" occupancy="7.85" speed="8.74" harmonicMeanSpeed="4.85" length="5.00" nVehEntered="8"/>
    <interval begin="21000.00" end="21100.00" id="inductionLoop.W2" nVehContrib="12" flow="432.00" occupancy="12.33" speed="8.51" harmonicMeanSpeed="5.30" length="5.00" nVehEntered="16"/>
    <interval begin="21100.00" end="21200.00" id="inductionLoop.W2" nVehContrib="14" flow="504.00" occupancy="21.58" speed="8.19" harmonicMeanSpeed="3.82" length="5.00" nVehEntered="17"/>
    <interval begin="21200.00" end="21300.00" id="inductionLoop.W2" nVehContrib="14" flow="504.00" occupancy="46.69" speed="8.20" harmonicMeanSpeed="1.49" length="5.00" nVehEntered="13"/>
    <interval begin="21300.00" end="21400.00" id="inductionLoop.W2" nVehContrib="11" flow="396.00" occupancy="32.27" speed="6.39" harmonicMeanSpeed="1.72" length="5.00" nVehEntered="12"/>
    <interval begin="21400.00" end="21500.00" id="inductionLoop.W2" nVehContrib="8" flow="288.00" occupancy="37.05" speed="7.37" harmonicMeanSpeed="1.11" length="5.00" nVehEntered="9"/>
    <interval begin="21500.00" end="21600.00" id="inductionLoop.W2" nVehContrib="10" flow="360.00" occupancy="17.22" speed="6.41" harmonicMeanSpeed="3.21" length="5.00" nVehEntered="13"/>
    <interval begin="21600.00" end="21700.00" id="inductionLoop.W2" nVehContrib="11" flow="396.00" occupancy="25.25" speed="6.49" harmonicMeanSpeed="2.08" length="5.00" nVehEntered="11"/>
    <interval begin="21700.00" end="21800.00" id="inductionLoop.W2" nVehContrib="9" flow="324.00" occupancy="18.09" speed="10.17" harmonicMeanSpeed="2.57" length="5.00" nVehEntered="11"/>
    <interval begin="21800.00" end="21900.00" id="inductionLoop.W2" nVehContrib="11" flow="396.00" occupancy="25.72" speed="8.33" harmonicMeanSpeed="2.14" length="5.00" nVehEntered="11"/>
    <interval begin="21900.00" end="22000.00" id="inductionLoop.W2" nVehContrib="8" flow="288.00" occupancy="28.77" speed="7.09" harmonicMeanSpeed="1.59" length="5.00" nVehEntered="11"/>
    <interval begin="22000.00" end="22100.00" id="inductionLoop.W2" nVehContrib="11" flow="396.00" occupancy="37.04" speed="7.15" harmonicMeanSpeed="1.51" length="5.00" nVehEntered="13"/>
    <interval begin="22100.00" end="22200.00" id="inductionLoop.W2" nVehContrib="8" flow="288.00" occupancy="19.16" speed="8.28" harmonicMeanSpeed="2.09" length="5.00" nVehEntered="9"/>
    <interval begin="22200.00" end="22300.00" id="inductionLoop.W2" nVehContrib="10" flow="360.00" occupancy="34.37" speed="8.23" harmonicMeanSpeed="1.47" length="5.00" nVehEntered="12"/>
    <interval begin="22300.00" end="22400.00" id="inductionLoop.W2" nVehContrib="7" flow="252.00" occupancy="19.10" speed="8.04" harmonicMeanSpeed="1.94" length="5.00" nVehEntered="11"/>
    <interval begin="22400.00" end="22500.00" id="inductionLoop.W2" nVehContrib="11" flow="396.00" occupancy="23.36" speed="8.26" harmonicMeanSpeed="2.47" length="5.00" nVehEntered="13"/>
    <interval begin="22500.00" end="22600.00" id="inductionLoop.W2" nVehContrib="8" flow="288.00" occupancy="32.58" speed="8.60" harmonicMeanSpeed="1.23" length="5.00" nVehEntered="8"/>
    <interval begin="22600.00" end="22700.00" id="inductionLoop.W2" nVehContrib="13" flow="468.00" occupancy="12.56" speed="9.58" harmonicMeanSpeed="5.84" length="5.00" nVehEntered="17"/>
    <interval begin="22700.00" end="22800.00" id="inductionLoop.W2" nVehContrib="11" flow="396.00" occupancy="32.86" speed="10.61" harmonicMeanSpeed="1.77" length="5.00" nVehEntered="14"/>
    <interval begin="22800.00" end="22900.00" id="inductionLoop.W2" nVehContrib="12" flow="432.00" occupancy="33.44" speed="7.94" harmonicMeanSpeed="2.06" length="5.00" nVehEntered="15"/>
    <interval begin="22900.00" end="23000.00" id="inductionLoop.W2" nVehContrib="10" flow="360.00" occupancy="63.60" speed="7.56" harmonicMeanSpeed="1.25" length="5.00" nVehEntered="11"/>
    <interval begin="23000.00" end="23100.00" id="inductionLoop.W2" nVehContrib="12" flow="432.00" occupancy="56.21" speed="6.04" harmonicMeanSpeed="0.75" length="5.00" nVehEntered="12"/>
    <interval begin="23100.00" end="23200.00" id="inductionLoop.W2" nVehContrib="15" flow="540.00" occupancy="38.94" speed="8.31" harmonicMeanSpeed="1.94" length="5.00" nVehEntered="17"/>
    <interval begin="23200.00" end="23300.00" id="inductionLoop.W2" nVehContrib="11" flow="396.00" occupancy="37.74" speed="9.72" harmonicMeanSpeed="1.62" length="5.00" nVehEntered="13"/>
    <interval begin="23300.00" end="23400.00" id="inductionLoop.W2" nVehContrib="10" flow="360.00" occupancy="47.27" speed="7.76" harmonicMeanSpeed="0.99" length="5.00" nVehEntered="10"/>
    <interval begin="23400.00" end="23500.00" id="inductionLoop.W2" nVehContrib="9" flow="324.00" occupancy="14.73" speed="8.25" harmonicMeanSpeed="3.19" length="5.00" nVehEntered="11"/>
    <interval begin="23500.00" end="23600.00" id="inductionLoop.W2" nVehContrib="10" flow="360.00" occupancy="34.59" speed="8.64" harmonicMeanSpeed="1.46" length="5.00" nVehEntered="11"/>
    <interval begin="23600.00" end="23700.00" id="inductionLoop.W2" nVehContrib="10" flow="360.00" occupancy="11.26" speed="7.30" harmonicMeanSpeed="4.88" length="5.00" nVehEntered="11"/>
    <interval begin="23700.00" end="23800.00" id="inductionLoop.W2" nVehContrib="12" flow="432.00" occupancy="45.19" speed="7.52" harmonicMeanSpeed="1.33" length="5.00" nVehEntered="12"/>
    <interval begin="23800.00" end="23900.00" id="inductionLoop.W2" nVehContrib="9" flow="324.00" occupancy="45.90" speed="6.66" harmonicMeanSpeed="0.98" length="5.00" nVehEntered="10"/>
    <interval begin="23900.00" end="24000.00" id="inductionLoop.W2" nVehContrib="9" flow="324.00" occupancy="34.21" speed="7.95" harmonicMeanSpeed="1.97" length="5.00" nVehEntered="14"/>
    <interval begin="24000.00" end="24100.00" id="inductionLoop.W2" nVehContrib="14" flow="504.00" occupancy="34.03" speed="6.31" harmonicMeanSpeed="1.63" length="5.00" nVehEntered="17"/>
    <interval begin="24100.00" end="24200.00" id="inductionLoop.W2" nVehContrib="10" flow="360.00" occupancy="68.86" speed="6.42" harmonicMeanSpeed="1.22" length="5.00" nVehEntered="10"/>
    <interval begin="24200.00" end="24300.00" id="inductionLoop.W2" nVehContrib="17" flow="612.00" occupancy="40.41" speed="7.52" harmonicMeanSpeed="1.27" length="5.00" nVehEntered="17"/>
    <interval begin="24300.00" end="24400.00" id="inductionLoop.W2" nVehContrib="9" flow="324.00" occupancy="68.39" speed="4.58" harmonicMeanSpeed="0.66" length="5.00" nVehEntered="10"/>
    <interval begin="24400.00" end="24500.00" id="inductionLoop.W2" nVehContrib="18" flow="648.00" occupancy="57.25" speed="7.39" harmonicMeanSpeed="1.73" length="5.00" nVehEntered="19"/>
    <interval begin="24500.00" end="24600.00" id="inductionLoop.W2" nVehContrib="9" flow="324.00" occupancy="61.19" speed="7.01" harmonicMeanSpeed="1.02" length="5.00" nVehEntered="10"/>
    <interval begin="24600.00" end="24700.00" id="inductionLoop.W2" nVehContrib="13" flow="468.00" occupancy="59.48" speed="5.83" harmonicMeanSpeed="0.82" length="5.00" nVehEntered="12"/>
    <interval begin="24700.00" end="24800.00" id="inductionLoop.W2" nVehContrib="10" flow="360.00" occupancy="68.94" speed="7.08" harmonicMeanSpeed="1.40" length="5.00" nVehEntered="11"/>
    <interval begin="24800.00" end="24900.00" id="inductionLoop.W2" nVehContrib="11" flow="396.00" occupancy="59.00" speed="8.01" harmonicMeanSpeed="0.92" length="5.00" nVehEntered="12"/>
    <interval begin="24900.00" end="25000.00" id="inductionLoop.W2" nVehContrib="11" flow="396.00" occupancy="74.04" speed="6.69" harmonicMeanSpeed="0.53" length="5.00" nVehEntered="12"/>
    <interval begin="25000.00" end="25100.00" id="inductionLoop.W2" nVehContrib="6" flow="216.00" occupancy="88.70" speed="5.76" harmonicMeanSpeed="0.69" length="5.00" nVehEntered="6"/>
    <interval begin="25100.00" end="25200.00" id="inductionLoop.W2" nVehContrib="10" flow="360.00" occupancy="81.99" speed="7.13" harmonicMeanSpeed="0.92" length="5.00" nVehEntered="10"/>
    <interval begin="25200.00" end="25300.00" id="inductionLoop.W2" nVehContrib="12" flow="432.00" occupancy="76.19" speed="8.26" harmonicMeanSpeed="0.69" length="5.00" nVehEntered="12"/>
    <interval begin="25300.00" end="25400.00" id="inductionLoop.W2" nVehContrib="13" flow="468.00" occupancy="78.17" speed="8.85" harmonicMeanSpeed="0.80" length="5.00" nVehEntered="13"/>
    <interval begin="25400.00" end="25500.00" id="inductionLoop.W2" nVehContrib="18" flow="648.00" occupancy="71.76" speed="9.61" harmonicMeanSpeed="1.09" length="5.00" nVehEntered="18"/>
    <interval begin="25500.00" end="25600.00" id="inductionLoop.W2" nVehContrib="10" flow="360.00" occupancy="81.66" speed="5.44" harmonicMeanSpeed="0.40" length="5.00" nVehEntered="10"/>
    <interval begin="25600.00" end="25700.00" id="inductionLoop.W2" nVehContrib="19" flow="684.00" occupancy="70.02" speed="9.56" harmonicMeanSpeed="1.79" length="5.00" nVehEntered="19"/>
    <interval begin="25700.00" end="25800.00" id="inductionLoop.W2" nVehContrib="16" flow="576.00" occupancy="75.00" speed="9.02" harmonicMeanSpeed="1.05" length="5.00" nVehEntered="16"/>
    <interval begin="25800.00" end="25900.00" id="inductionLoop.W2" nVehContrib="16" flow="576.00" occupancy="76.23" speed="8.95" harmonicMeanSpeed="0.84" length="5.00" nVehEntered="15"/>
    <interval begin="25900.00" end="26000.00" id="inductionLoop.W2" nVehContrib="12" flow="432.00" occupancy="80.05" speed="8.94" harmonicMeanSpeed="0.75" length="5.00" nVehEntered="12"/>
    <interval begin="26000.00" end="26100.00" id="inductionLoop.W2" nVehContrib="12" flow="432.00" occupancy="80.16" speed="7.89" harmonicMeanSpeed="0.75" length="5.00" nVehEntered="12"/>
    <interval begin="26100.00" end="26200.00" id="inductionLoop.W2" nVehContrib="17" flow="612.00" occupancy="74.01" speed="9.09" harmonicMeanSpeed="1.15" length="5.00" nVehEntered="17"/>
    <interval begin="26200.00" end="26300.00" id="inductionLoop.W2" nVehContrib="6" flow="216.00" occupancy="87.18" speed="3.39" harmonicMeanSpeed="0.34" length="5.00" nVehEntered="6"/>
    <interval begin="26300.00" end="26400.00" id="inductionLoop.W2" nVehContrib="21" flow="756.00" occupancy="66.18" speed="9.75" harmonicMeanSpeed="1.59" length="5.00" nVehEntered="22"/>
    <interval begin="26400.00" end="26500.00" id="inductionLoop.W2" nVehContrib="10" flow="360.00" occupancy="82.66" speed="6.32" harmonicMeanSpeed="0.61" length="5.00" nVehEntered="10"/>
    <interval begin="26500.00" end="26600.00" id="inductionLoop.W2" nVehContrib="11" flow="396.00" occupancy="81.98" speed="8.71" harmonicMeanSpeed="0.85" length="5.00" nVehEntered="11"/>
    <interval begin="26600.00" end="26700.00" id="inductionLoop.W2" nVehContrib="24" flow="864.00" occupancy="62.98" speed="9.15" harmonicMeanSpeed="1.49" length="5.00" nVehEntered="23"/>
    <interval begin="26700.00" end="26800.00" id="inductionLoop.W2" nVehContrib="2" flow="72.00" occupancy="94.19" speed="0.14" harmonicMeanSpeed="0.12" length="5.00" nVehEntered="3"/>
    <interval begin="26800.00" end="26900.00" id="inductionLoop.W2" nVehContrib="13" flow="468.00" occupancy="78.99" speed="8.22" harmonicMeanSpeed="2.23" length="5.00" nVehEntered="13"/>
    <interval begin="26900.00" end="27000.00" id="inductionLoop.W2" nVehContrib="17" flow="612.00" occupancy="70.52" speed="8.35" harmonicMeanSpeed="0.89" length="5.00" nVehEntered="17"/>
    <interval begin="27000.00" end="27100.00" id="inductionLoop.W2" nVehContrib="18" flow="648.00" occupancy="72.21" speed="9.63" harmonicMeanSpeed="1.15" length="5.00" nVehEntered="18"/>
    <interval begin="27100.00" end="27200.00" id="inductionLoop.W2" nVehContrib="14" flow="504.00" occupancy="77.24" speed="7.70" harmonicMeanSpeed="0.66" length="5.00" nVehEntered="13"/>
    <interval begin="27200.00" end="27300.00" id="inductionLoop.W2" nVehContrib="22" flow="792.00" occupancy="61.84" speed="8.28" harmonicMeanSpeed="1.96" length="5.00" nVehEntered="23"/>
    <interval begin="27300.00" end="27400.00" id="inductionLoop.W2" nVehContrib="11" flow="396.00" occupancy="80.91" speed="7.51" harmonicMeanSpeed="0.98" length="5.00" nVehEntered="11"/>
    <interval begin="27400.00" end="27500.00" id="inductionLoop.W2" nVehContrib="11" flow="396.00" occupancy="80.98" speed="7.79" harmonicMeanSpeed="0.99" length="5.00" nVehEntered="11"/>
    <interval begin="27500.00" end="27600.00" id="inductionLoop.W2" nVehContrib="16" flow="576.00" occupancy="73.13" speed="7.39" harmonicMeanSpeed="0.62" length="5.00" nVehEntered="16"/>
    <interval begin="27600.00" end="27700.00" id="inductionLoop.W2" nVehContrib="13" flow="468.00" occupancy="80.64" speed="10.78" harmonicMeanSpeed="10.30" length="5.00" nVehEntered="13"/>
    <interval begin="27700.00" end="27800.00" id="inductionLoop.W2" nVehContrib="13" flow="468.00" occupancy="79.01" speed="8.52" harmonicMeanSpeed="0.74" length="5.00" nVehEntered="13"/>
    <interval begin="27800.00" end="27900.00" id="inductionLoop.W2" nVehContrib="15" flow="540.00" occupancy="75.73" speed="8.83" harmonicMeanSpeed="0.85" length="5.00" nVehEntered="15"/>
    <interval begin="27900.00" end="28000.00" id="inductionLoop.W2" nVehContrib="15" flow="540.00" occupancy="76.69" speed="8.65" harmonicMeanSpeed="0.96" length="5.00" nVehEntered="15"/>
    <interval begin="28000.00" end="28100.00" id="inductionLoop.W2" nVehContrib="17" flow="612.00" occupancy="72.99" speed="9.85" harmonicMeanSpeed="0.94" length="5.00" nVehEntered="17"/>
    <interval begin="28100.00" end="28200.00" id="inductionLoop.W2" nVehContrib="3" flow="108.00" occupancy="93.81" speed="1.37" harmonicMeanSpeed="0.12" length="5.00" nVehEntered="2"/>
    <interval begin="28200.00" end="28300.00" id="inductionLoop.W2" nVehContrib="16" flow="576.00" occupancy="75.31" speed="10.32" harmonicMeanSpeed="9.64" length="5.00" nVehEntered="17"/>
    <interval begin="28300.00" end="28400.00" id="inductionLoop.W2" nVehContrib="13" flow="468.00" occupancy="78.44" speed="6.21" harmonicMeanSpeed="0.45" length="5.00" nVehEntered="12"/>
    <interval begin="28400.00" end="28500.00" id="inductionLoop.W2" nVehContrib="16" flow="576.00" occupancy="75.88" speed="10.99" harmonicMeanSpeed="10.67" length="5.00" nVehEntered="17"/>
    <interval begin="28500.00" end="28600.00" id="inductionLoop.W2" nVehContrib="6" flow="216.00" occupancy="87.99" speed="2.99" harmonicMeanSpeed="0.25" length="5.00" nVehEntered="6"/>
    <interval begin="28600.00" end="28700.00" id="inductionLoop.W2" nVehContrib="23" flow="828.00" occupancy="61.49" speed="9.49" harmonicMeanSpeed="1.36" length="5.00" nVehEntered="23"/>
    <interval begin="28700.00" end="28800.00" id="inductionLoop.W2" nVehContrib="1" flow="36.00" occupancy="98.15" speed="0.04" harmonicMeanSpeed="0.04" length="5.00" nVehEntered="0"/>
    <interval begin="28800.00" end="28900.00" id="inductionLoop.W2" nVehContrib="17" flow="612.00" occupancy="73.78" speed="10.23" harmonicMeanSpeed="8.83" length="5.00" nVehEntered="18"/>
    <interval begin="28900.00" end="29000.00" id="inductionLoop.W2" nVehContrib="27" flow="972.00" occupancy="57.27" speed="8.79" harmonicMeanSpeed="1.25" length="5.00" nVehEntered="27"/>
    <interval begin="29000.00" end="29100.00" id="inductionLoop.W2" nVehContrib="2" flow="72.00" occupancy="96.76" speed="1.62" harmonicMeanSpeed="0.09" length="5.00" nVehEntered="1"/>
    <interval begin="29100.00" end="29200.00" id="inductionLoop.W2" nVehContrib="16" flow="576.00" occupancy="75.09" speed="10.11" harmonicMeanSpeed="9.62" length="5.00" nVehEntered="17"/>
    <interval begin="29200.00" end="29300.00" id="inductionLoop.W2" nVehContrib="15" flow="540.00" occupancy="74.24" speed="7.74" harmonicMeanSpeed="0.57" length="5.00" nVehEntered="15"/>
    <interval begin="29300.00" end="29400.00" id="inductionLoop.W2" nVehContrib="15" flow="540.00" occupancy="75.83" speed="8.34" harmonicMeanSpeed="0.87" length="5.00" nVehEntered="14"/>
    <interval begin="29400.00" end="29500.00" id="inductionLoop.W2" nVehContrib="11" flow="396.00" occupancy="82.29" speed="11.32" harmonicMeanSpeed="11.13" length="5.00" nVehEntered="12"/>
    <interval begin="29500.00" end="29600.00" id="inductionLoop.W2" nVehContrib="20" flow="720.00" occupancy="68.43" speed="9.05" harmonicMeanSpeed="1.06" length="5.00" nVehEntered="20"/>
    <interval begin="29600.00" end="29700.00" id="inductionLoop.W2" nVehContrib="8" flow="288.00" occupancy="84.44" speed="3.81" harmonicMeanSpeed="0.29" length="5.00" nVehEntered="7"/>
    <interval begin="29700.00" end="29800.00" id="inductionLoop.W2" nVehContrib="21" flow="756.00" occupancy="66.67" speed="10.53" harmonicMeanSpeed="9.54" length="5.00" nVehEntered="22"/>
    <interval begin="29800.00" end="29900.00" id="inductionLoop.W2" nVehContrib="27" flow="972.00" occupancy="55.15" speed="8.78" harmonicMeanSpeed="1.24" length="5.00" nVehEntered="27"/>
    <interval begin="29900.00" end="30000.00" id="inductionLoop.W2" nVehContrib="16" flow="576.00" occupancy="74.51" speed="9.06" harmonicMeanSpeed="1.32" length="5.00" nVehEntered="16"/>
    <interval begin="30000.00" end="30100.00" id="inductionLoop.W2" nVehContrib="18" flow="648.00" occupancy="69.81" speed="7.36" harmonicMeanSpeed="1.06" length="5.00" nVehEntered="18"/>
    <interval begin="30100.00" end="30200.00" id="inductionLoop.W2" nVehContrib="18" flow="648.00" occupancy="64.52" speed="8.75" harmonicMeanSpeed="1.92" length="5.00" nVehEntered="18"/>
    <interval begin="30200.00" end="30300.00" id="inductionLoop.W2" nVehContrib="18" flow="648.00" occupancy="65.54" speed="7.37" harmonicMeanSpeed="1.08" length="5.00" nVehEntered="17"/>
    <interval begin="30300.00" end="30400.00" id="inductionLoop.W2" nVehContrib="13" flow="468.00" occupancy="57.51" speed="7.63" harmonicMeanSpeed="1.84" length="5.00" nVehEntered="15"/>
    <interval begin="30400.00" end="30500.00" id="inductionLoop.W2" nVehContrib="20" flow="720.00" occupancy="54.10" speed="8.45" harmonicMeanSpeed="1.37" length="5.00" nVehEntered="21"/>
    <interval begin="30500.00" end="30600.00" id="inductionLoop.W2" nVehContrib="17" flow="612.00" occupancy="70.88" speed="7.16" harmonicMeanSpeed="1.15" length="5.00" nVehEntered="17"/>
    <interval begin="30600.00" end="30700.00" id="inductionLoop.W2" nVehContrib="24" flow="864.00" occupancy="49.48" speed="9.24" harmonicMeanSpeed="2.52" length="5.00" nVehEntered="25"/>
    <interval begin="30700.00" end="30800.00" id="inductionLoop.W2" nVehContrib="20" flow="720.00" occupancy="49.68" speed="9.45" harmonicMeanSpeed="1.93" length="5.00" nVehEntered="19"/>
    <interval begin="30800.00" end="30900.00" id="inductionLoop.W2" nVehContrib="19" flow="684.00" occupancy="28.27" speed="9.57" harmonicMeanSpeed="3.57" length="5.00" nVehEntered="22"/>
    <interval begin="30900.00" end="31000.00" id="inductionLoop.W2" nVehContrib="19" flow="684.00" occupancy="14.05" speed="11.84" harmonicMeanSpeed="6.76" length="5.00" nVehEntered="19"/>
    <interval begin="31000.00" end="31100.00" id="inductionLoop.W2" nVehContrib="16" flow="576.00" occupancy="33.50" speed="9.50" harmonicMeanSpeed="2.49" length="5.00" nVehEntered="17"/>
    <interval begin="31100.00" end="31200.00" id="inductionLoop.W2" nVehContrib="32" flow="1152.00" occupancy="45.64" speed="9.75" harmonicMeanSpeed="3.95" length="5.00" nVehEntered="32"/>
    <interval begin="31200.00" end="31300.00" id="inductionLoop.W2" nVehContrib="23" flow="828.00" occupancy="56.67" speed="8.31" harmonicMeanSpeed="1.82" length="5.00" nVehEntered="22"/>
    <interval begin="31300.00" end="31400.00" id="inductionLoop.W2" nVehContrib="6" flow="216.00" occupancy="80.16" speed="4.50" harmonicMeanSpeed="1.28" length="5.00" nVehEntered="7"/>
    <interval begin="31400.00" end="31500.00" id="inductionLoop.W2" nVehContrib="25" flow="900.00" occupancy="50.71" speed="8.71" harmonicMeanSpeed="1.16" length="5.00" nVehEntered="24"/>
    <interval begin="31500.00" end="31600.00" id="inductionLoop.W2" nVehContrib="17" flow="612.00" occupancy="56.04" speed="7.71" harmonicMeanSpeed="1.52" length="5.00" nVehEntered="17"/>
    <interval begin="31600.00" end="31700.00" id="inductionLoop.W2" nVehContrib="13" flow="468.00" occupancy="17.62" speed="8.89" harmonicMeanSpeed="4.97" length="5.00" nVehEntered="18"/>
    <interval begin="31700.00" end="31800.00" id="inductionLoop.W2" nVehContrib="11" flow="396.00" occupancy="51.95" speed="6.06" harmonicMeanSpeed="1.90" length="5.00" nVehEntered="15"/>
    <interval begin="31800.00" end="31900.00" id="inductionLoop.W2" nVehContrib="20" flow="720.00" occupancy="45.42" speed="7.30" harmonicMeanSpeed="1.53" length="5.00" nVehEntered="22"/>
    <interval begin="31900.00" end="32000.00" id="inductionLoop.W2" nVehContrib="21" flow="756.00" occupancy="37.96" speed="9.53" harmonicMeanSpeed="2.73" length="5.00" nVehEntered="21"/>
    <interval begin="32000.00" end="32100.00" id="inductionLoop.W2" nVehContrib="17" flow="612.00" occupancy="54.19" speed="8.87" harmonicMeanSpeed="1.94" length="5.00" nVehEntered="18"/>
    <interval begin="32100.00" end="32200.00" id="inductionLoop.W2" nVehContrib="18" flow="648.00" occupancy="47.00" speed="7.83" harmonicMeanSpeed="1.59" length="5.00" nVehEntered="19"/>
    <interval begin="32200.00" end="32300.00" id="inductionLoop.W2" nVehContrib="13" flow="468.00" occupancy="58.25" speed="7.14" harmonicMeanSpeed="1.59" length="5.00" nVehEntered="15"/>
    <interval begin="32300.00" end="32400.00" id="inductionLoop.W2" nVehContrib="19" flow="684.00" occupancy="46.56" speed="7.38" harmonicMeanSpeed="1.50" length="5.00" nVehEntered="20"/>
    <interval begin="32400.00" end="32500.00" id="inductionLoop.W2" nVehContrib="16" flow="576.00" occupancy="38.96" speed="8.69" harmonicMeanSpeed="2.13" length="5.00" nVehEntered="20"/>
    <interval begin="32500.00" end="32600.00" id="inductionLoop.W2" nVehContrib="16" flow="576.00" occupancy="64.37" speed="6.63" harmonicMeanSpeed="1.24" length="5.00" nVehEntered="16"/>
    <interval begin="32600.00" end="32700.00" id="inductionLoop.W2" nVehContrib="16" flow="576.00" occupancy="60.94" speed="8.76" harmonicMeanSpeed="1.58" length="5.00" nVehEntered="17"/>
    <interval begin="32700.00" end="32800.00" id="inductionLoop.W2" nVehContrib="17" flow="612.00" occupancy="70.30" speed="8.42" harmonicMeanSpeed="1.19" length="5.00" nVehEntered="17"/>
    <interval begin="32800.00" end="32900.00" id="inductionLoop.W2" nVehContrib="19" flow="684.00" occupancy="67.87" speed="7.46" harmonicMeanSpeed="1.23" length="5.00" nVehEntered="18"/>
    <interval begin="32900.00" end="33000.00" id="inductionLoop.W2" nVehContrib="14" flow="504.00" occupancy="54.47" speed="7.48" harmonicMeanSpeed="1.29" length="5.00" nVehEntered="14"/>
    <interval begin="33000.00" end="33100.00" id="inductionLoop.W2" nVehContrib="17" flow="612.00" occupancy="69.52" speed="6.20" harmonicMeanSpeed="1.22" length="5.00" nVehEntered="17"/>
    <interval begin="33100.00" end="33200.00" id="inductionLoop.W2" nVehContrib="11" flow="396.00" occupancy="62.24" speed="7.29" harmonicMeanSpeed="1.30" length="5.00" nVehEntered="13"/>
    <interval begin="33200.00" end="33300.00" id="inductionLoop.W2" nVehContrib="15" flow="540.00" occupancy="52.87" speed="6.66" harmonicMeanSpeed="1.18" length="5.00" nVehEntered="17"/>
    <interval begin="33300.00" end="33400.00" id="inductionLoop.W2" nVehContrib="17" flow="612.00" occupancy="73.00" speed="7.33" harmonicMeanSpeed="1.06" length="5.00" nVehEntered="16"/>
    <interval begin="33400.00" end="33500.00" id="inductionLoop.W2" nVehContrib="15" flow="540.00" occupancy="70.68" speed="8.17" harmonicMeanSpeed="1.20" length="5.00" nVehEntered="16"/>
    <interval begin="33500.00" end="33600.00" id="inductionLoop.W2" nVehContrib="14" flow="504.00" occupancy="74.21" speed="6.18" harmonicMeanSpeed="0.86" length="5.00" nVehEntered="14"/>
    <interval begin="33600.00" end="33700.00" id="inductionLoop.W2" nVehContrib="14" flow="504.00" occupancy="65.25" speed="7.76" harmonicMeanSpeed="1.06" length="5.00" nVehEntered="14"/>
    <interval begin="33700.00" end="33800.00" id="inductionLoop.W2" nVehContrib="20" flow="720.00" occupancy="30.17" speed="9.37" harmonicMeanSpeed="4.20" length="5.00" nVehEntered="24"/>
    <interval begin="33800.00" end="33900.00" id="inductionLoop.W2" nVehContrib="12" flow="432.00" occupancy="63.32" speed="6.30" harmonicMeanSpeed="1.15" length="5.00" nVehEntered="12"/>
    <interval begin="33900.00" end="34000.00" id="inductionLoop.W2" nVehContrib="18" flow="648.00" occupancy="37.08" speed="7.98" harmonicMeanSpeed="1.66" length="5.00" nVehEntered="17"/>
    <interval begin="34000.00" end="34100.00" id="inductionLoop.W2" nVehContrib="14" flow="504.00" occupancy="58.76" speed="6.67" harmonicMeanSpeed="1.50" length="5.00" nVehEntered="15"/>
    <interval begin="34100.00" end="34200.00" id="inductionLoop.W2" nVehContrib="18" flow="648.00" occupancy="53.06" speed="7.75" harmonicMeanSpeed="1.51" length="5.00" nVehEntered="19"/>
    <interval begin="34200.00" end="34300.00" id="inductionLoop.W2" nVehContrib="12" flow="432.00" occupancy="65.59" speed="5.33" harmonicMeanSpeed="0.85" length="5.00" nVehEntered="12"/>
    <interval begin="34300.00" end="34400.00" id="inductionLoop.W2" nVehContrib="16" flow="576.00" occupancy="54.10" speed="7.72" harmonicMeanSpeed="3.69" length="5.00" nVehEntered="19"/>
    <interval begin="34400.00" end="34500.00" id="inductionLoop.W2" nVehContrib="11" flow="396.00" occupancy="75.06" speed="4.38" harmonicMeanSpeed="0.54" length="5.00" nVehEntered="11"/>
    <interval begin="34500.00" end="34600.00" id="inductionLoop.W2" nVehContrib="16" flow="576.00" occupancy="74.92" speed="8.76" harmonicMeanSpeed="2.08" length="5.00" nVehEntered="16"/>
    <interval begin="34600.00" end="34700.00" id="inductionLoop.W2" nVehContrib="12" flow="432.00" occupancy="79.59" speed="8.20" harmonicMeanSpeed="1.01" length="5.00" nVehEntered="12"/>
    <interval begin="34700.00" end="34800.00" id="inductionLoop.W2" nVehContrib="22" flow="792.00" occupancy="66.43" speed="8.36" harmonicMeanSpeed="0.89" length="5.00" nVehEntered="21"/>
    <interval begin="34800.00" end="34900.00" id="inductionLoop.W2" nVehContrib="12" flow="432.00" occupancy="79.72" speed="8.00" harmonicMeanSpeed="0.88" length="5.00" nVehEntered="13"/>
    <interval begin="34900.00" end="35000.00" id="inductionLoop.W2" nVehContrib="11" flow="396.00" occupancy="81.51" speed="7.87" harmonicMeanSpeed="1.14" length="5.00" nVehEntered="11"/>
    <interval begin="35000.00" end="35100.00" id="inductionLoop.W2" nVehContrib="12" flow="432.00" occupancy="79.66" speed="8.26" harmonicMeanSpeed="0.96" length="5.00" nVehEntered="12"/>
    <interval begin="35100.00" end="35200.00" id="inductionLoop.W2" nVehContrib="14" flow="504.00" occupancy="76.67" speed="6.30" harmonicMeanSpeed="0.51" length="5.00" nVehEntered="13"/>
    <interval begin="35200.00" end="35300.00" id="inductionLoop.W2" nVehContrib="9" flow="324.00" occupancy="82.34" speed="6.87" harmonicMeanSpeed="0.80" length="5.00" nVehEntered="10"/>
    <interval begin="35300.00" end="35400.00" id="inductionLoop.W2" nVehContrib="7" flow="252.00" occupancy="86.77" speed="3.18" harmonicMeanSpeed="0.31" length="5.00" nVehEntered="6"/>
    <interval begin="35400.00" end="35500.00" id="inductionLoop.W2" nVehContrib="20" flow="720.00" occupancy="69.09" speed="10.53" harmonicMeanSpeed="9.52" length="5.00" nVehEntered="21"/>
    <interval begin="35500.00" end="35600.00" id="inductionLoop.W2" nVehContrib="24" flow="864.00" occupancy="64.35" speed="9.26" harmonicMeanSpeed="0.98" length="5.00" nVehEntered="23"/>
    <interval begin="35600.00" end="35700.00" id="inductionLoop.W2" nVehContrib="21" flow="756.00" occupancy="66.21" speed="8.36" harmonicMeanSpeed="1.59" length="5.00" nVehEntered="21"/>
    <interval begin="35700.00" end="35800.00" id="inductionLoop.W2" nVehContrib="8" flow="288.00" occupancy="86.14" speed="5.91" harmonicMeanSpeed="0.74" length="5.00" nVehEntered="9"/>
    <interval begin="35800.00" end="35900.00" id="inductionLoop.W2" nVehContrib="17" flow="612.00" occupancy="73.04" speed="8.17" harmonicMeanSpeed="0.81" length="5.00" nVehEntered="16"/>
    <interval begin="35900.00" end="36000.00" id="inductionLoop.W2" nVehContrib="17" flow="612.00" occupancy="70.12" speed="8.24" harmonicMeanSpeed="1.32" length="5.00" nVehEntered="18"/>
    <interval begin="36000.00" end="36100.00" id="inductionLoop.W2" nVehContrib="15" flow="540.00" occupancy="76.69" speed="8.55" harmonicMeanSpeed="1.46" length="5.00" nVehEntered="15"/>
    <interval begin="36100.00" end="36200.00" id="inductionLoop.W2" nVehContrib="5" flow="180.00" occupancy="88.09" speed="1.39" harmonicMeanSpeed="0.24" length="5.00" nVehEntered="5"/>
    <interval begin="36200.00" end="36300.00" id="inductionLoop.W2" nVehContrib="17" flow="612.00" occupancy="72.13" speed="8.75" harmonicMeanSpeed="1.62" length="5.00" nVehEntered="17"/>
    <interval begin="36300.00" end="36400.00" id="inductionLoop.W2" nVehContrib="11" flow="396.00" occupancy="81.63" speed="7.93" harmonicMeanSpeed="0.95" length="5.00" nVehEntered="11"/>
    <interval begin="36400.00" end="36500.00" id="inductionLoop.W2" nVehContrib="19" flow="684.00" occupancy="41.80" speed="7.30" harmonicMeanSpeed="0.97" length="5.00" nVehEntered="18"/>
    <interval begin="36500.00" end="36600.00" id="inductionLoop.W2" nVehContrib="10" flow="360.00" occupancy="55.95" speed="6.83" harmonicMeanSpeed="0.89" length="5.00" nVehEntered="10"/>
    <interval begin="36600.00" end="36700.00" id="inductionLoop.W2" nVehContrib="22" flow="792.00" occupancy="63.96" speed="10.60" harmonicMeanSpeed="9.54" length="5.00" nVehEntered="23"/>
    <interval begin="36700.00" end="36800.00" id="inductionLoop.W2" nVehContrib="12" flow="432.00" occupancy="80.27" speed="7.23" harmonicMeanSpeed="0.45" length="5.00" nVehEntered="11"/>
    <interval begin="36800.00" end="36900.00" id="inductionLoop.W2" nVehContrib="13" flow="468.00" occupancy="76.26" speed="6.82" harmonicMeanSpeed="0.85" length="5.00" nVehEntered="13"/>
    <interval begin="36900.00" end="37000.00" id="inductionLoop.W2" nVehContrib="17" flow="612.00" occupancy="75.13" speed="11.41" harmonicMeanSpeed="11.21" length="5.00" nVehEntered="18"/>
    <interval begin="37000.00" end="37100.00" id="inductionLoop.W2" nVehContrib="19" flow="684.00" occupancy="68.88" speed="7.32" harmonicMeanSpeed="0.75" length="5.00" nVehEntered="19"/>
    <interval begin="37100.00" end="37200.00" id="inductionLoop.W2" nVehContrib="13" flow="468.00" occupancy="79.19" speed="8.43" harmonicMeanSpeed="1.32" length="5.00" nVehEntered="13"/>
    <interval begin="37200.00" end="37300.00" id="inductionLoop.W2" nVehContrib="13" flow="468.00" occupancy="78.18" speed="8.56" harmonicMeanSpeed="1.03" length="5.00" nVehEntered="13"/>
    <interval begin="37300.00" end="37400.00" id="inductionLoop.W2" nVehContrib="13" flow="468.00" occupancy="77.34" speed="6.78" harmonicMeanSpeed="0.49" length="5.00" nVehEntered="12"/>
    <interval begin="37400.00" end="37500.00" id="inductionLoop.W2" nVehContrib="16" flow="576.00" occupancy="72.95" speed="8.29" harmonicMeanSpeed="1.64" length="5.00" nVehEntered="17"/>
    <interval begin="37500.00" end="37600.00" id="inductionLoop.W2" nVehContrib="12" flow="432.00" occupancy="79.06" speed="8.20" harmonicMeanSpeed="0.84" length="5.00" nVehEntered="12"/>
    <interval begin="37600.00" end="37700.00" id="inductionLoop.W2" nVehContrib="10" flow="360.00" occupancy="82.77" speed="7.67" harmonicMeanSpeed="0.81" length="5.00" nVehEntered="10"/>
    <interval begin="37700.00" end="37800.00" id="inductionLoop.W2" nVehContrib="15" flow="540.00" occupancy="61.04" speed="7.19" harmonicMeanSpeed="0.66" length="5.00" nVehEntered="15"/>
    <interval begin="37800.00" end="37900.00" id="inductionLoop.W2" nVehContrib="9" flow="324.00" occupancy="63.13" speed="7.52" harmonicMeanSpeed="3.94" length="5.00" nVehEntered="12"/>
    <interval begin="37900.00" end="38000.00" id="inductionLoop.W2" nVehContrib="17" flow="612.00" occupancy="71.41" speed="7.45" harmonicMeanSpeed="0.90" length="5.00" nVehEntered="17"/>
    <interval begin="38000.00" end="38100.00" id="inductionLoop.W2" nVehContrib="13" flow="468.00" occupancy="78.26" speed="8.44" harmonicMeanSpeed="0.75" length="5.00" nVehEntered="13"/>
    <interval begin="38100.00" end="38200.00" id="inductionLoop.W2" nVehContrib="8" flow="288.00" occupancy="85.22" speed="4.82" harmonicMeanSpeed="0.39" length="5.00" nVehEntered="7"/>
    <interval begin="38200.00" end="38300.00" id="inductionLoop.W2" nVehContrib="11" flow="396.00" occupancy="83.74" speed="10.41" harmonicMeanSpeed="0.66" length="5.00" nVehEntered="11"/>
    <interval begin="38300.00" end="38400.00" id="inductionLoop.W2" nVehContrib="15" flow="540.00" occupancy="76.07" speed="8.96" harmonicMeanSpeed="8.15" length="5.00" nVehEntered="16"/>
    <interval begin="38400.00" end="38500.00" id="inductionLoop.W2" nVehContrib="13" flow="468.00" occupancy="79.09" speed="8.47" harmonicMeanSpeed="0.83" length="5.00" nVehEntered="13"/>
    <interval begin="38500.00" end="38600.00" id="inductionLoop.W2" nVehContrib="14" flow="504.00" occupancy="77.32" speed="8.52" harmonicMeanSpeed="0.83" length="5.00" nVehEntered="14"/>
    <interval begin="38600.00" end="38700.00" id="inductionLoop.W2" nVehContrib="13" flow="468.00" occupancy="78.36" speed="8.72" harmonicMeanSpeed="0.86" length="5.00" nVehEntered="13"/>
    <interval begin="38700.00" end="38800.00" id="inductionLoop.W2" nVehContrib="15" flow="540.00" occupancy="75.83" speed="9.03" harmonicMeanSpeed="1.00" length="5.00" nVehEntered="15"/>
    <interval begin="38800.00" end="38900.00" id="inductionLoop.W2" nVehContrib="16" flow="576.00" occupancy="73.15" speed="9.82" harmonicMeanSpeed="0.86" length="5.00" nVehEntered="16"/>
    <interval begin="38900.00" end="39000.00" id="inductionLoop.W2" nVehContrib="18" flow="648.00" occupancy="71.38" speed="9.91" harmonicMeanSpeed="1.02" length="5.00" nVehEntered="18"/>
    <interval begin="39000.00" end="39100.00" id="inductionLoop.W2" nVehContrib="9" flow="324.00" occupancy="87.22" speed="7.51" harmonicMeanSpeed="0.39" length="5.00" nVehEntered="8"/>
    <interval begin="39100.00" end="39200.00" id="inductionLoop.W2" nVehContrib="12" flow="432.00" occupancy="79.25" speed="12.05" harmonicMeanSpeed="11.80" length="5.00" nVehEntered="13"/>
    <interval begin="39200.00" end="39300.00" id="inductionLoop.W2" nVehContrib="7" flow="252.00" occupancy="88.37" speed="6.12" harmonicMeanSpeed="0.39" length="5.00" nVehEntered="7"/>
    <interval begin="39300.00" end="39400.00" id="inductionLoop.W2" nVehContrib="21" flow="756.00" occupancy="67.27" speed="9.58" harmonicMeanSpeed="1.16" length="5.00" nVehEntered="21"/>
    <interval begin="39400.00" end="39500.00" id="inductionLoop.W2" nVehContrib="7" flow="252.00" occupancy="87.77" speed="5.96" harmonicMeanSpeed="0.34" length="5.00" nVehEntered="7"/>
    <interval begin="39500.00" end="39600.00" id="inductionLoop.W2" nVehContrib="21" flow="756.00" occupancy="67.49" speed="9.78" harmonicMeanSpeed="2.21" length="5.00" nVehEntered="21"/>
    <interval begin="39600.00" end="39700.00" id="inductionLoop.W2" nVehContrib="22" flow="792.00" occupancy="65.18" speed="9.95" harmonicMeanSpeed="1.21" length="5.00" nVehEntered="22"/>
    <interval begin="39700.00" end="39800.00" id="inductionLoop.W2" nVehContrib="0" flow="0.00" occupancy="100.00" speed="-1.00" harmonicMeanSpeed="-1.00" length="-1.00" nVehEntered="0"/>
    <interval begin="39800.00" end="39900.00" id="inductionLoop.W2" nVehContrib="11" flow="396.00" occupancy="79.08" speed="4.14" harmonicMeanSpeed="0.27" length="5.00" nVehEntered="11"/>
    <interval begin="39900.00" end="40000.00" id="inductionLoop.W2" nVehContrib="23" flow="828.00" occupancy="66.43" speed="9.35" harmonicMeanSpeed="2.52" length="5.00" nVehEntered="23"/>
    <interval begin="40000.00" end="40100.00" id="inductionLoop.W2" nVehContrib="7" flow="252.00" occupancy="88.80" speed="6.27" harmonicMeanSpeed="0.30" length="5.00" nVehEntered="6"/>
    <interval begin="40100.00" end="40200.00" id="inductionLoop.W2" nVehContrib="14" flow="504.00" occupancy="78.29" speed="10.84" harmonicMeanSpeed="10.77" length="5.00" nVehEntered="15"/>
    <interval begin="40200.00" end="40300.00" id="inductionLoop.W2" nVehContrib="16" flow="576.00" occupancy="76.02" speed="8.96" harmonicMeanSpeed="0.54" length="5.00" nVehEntered="16"/>
    <interval begin="40300.00" end="40400.00" id="inductionLoop.W2" nVehContrib="4" flow="144.00" occupancy="93.64" speed="9.71" harmonicMeanSpeed="9.22" length="5.00" nVehEntered="4"/>
    <interval begin="40400.00" end="40500.00" id="inductionLoop.W2" nVehContrib="16" flow="576.00" occupancy="74.64" speed="9.01" harmonicMeanSpeed="0.54" length="5.00" nVehEntered="16"/>
    <interval begin="40500.00" end="40600.00" id="inductionLoop.W2" nVehContrib="2" flow="72.00" occupancy="95.78" speed="1.69" harmonicMeanSpeed="0.11" length="5.00" nVehEntered="2"/>
    <interval begin="40600.00" end="40700.00" id="inductionLoop.W2" nVehContrib="18" flow="648.00" occupancy="69.23" speed="7.84" harmonicMeanSpeed="1.00" length="5.00" nVehEntered="18"/>
    <interval begin="40700.00" end="40800.00" id="inductionLoop.W2" nVehContrib="15" flow="540.00" occupancy="77.71" speed="10.30" harmonicMeanSpeed="10.18" length="5.00" nVehEntered="15"/>
    <interval begin="40800.00" end="40900.00" id="inductionLoop.W2" nVehContrib="20" flow="720.00" occupancy="68.79" speed="9.73" harmonicMeanSpeed="0.94" length="5.00" nVehEntered="20"/>
    <interval begin="40900.00" end="41000.00" id="inductionLoop.W2" nVehContrib="0" flow="0.00" occupancy="100.00" speed="-1.00" harmonicMeanSpeed="-1.00" length="-1.00" nVehEntered="0"/>
    <interval begin="41000.00" end="41100.00" id="inductionLoop.W2" nVehContrib="31" flow="1116.00" occupancy="52.33" speed="8.86" harmonicMeanSpeed="0.84" length="5.00" nVehEntered="30"/>
    <interval begin="41100.00" end="41200.00" id="inductionLoop.W2" nVehContrib="0" flow="0.00" occupancy="99.78" speed="-1.00" harmonicMeanSpeed="-1.00" length="-1.00" nVehEntered="1"/>
    <interval begin="41200.00" end="41300.00" id="inductionLoop.W2" nVehContrib="6" flow="216.00" occupancy="88.48" speed="5.81" harmonicMeanSpeed="0.26" length="5.00" nVehEntered="6"/>
    <interval begin="41300.00" end="41400.00" id="inductionLoop.W2" nVehContrib="20" flow="720.00" occupancy="68.55" speed="8.84" harmonicMeanSpeed="0.94" length="5.00" nVehEntered="20"/>
    <interval begin="41400.00" end="41500.00" id="inductionLoop.W2" nVehContrib="16" flow="576.00" occupancy="75.17" speed="9.78" harmonicMeanSpeed="0.73" length="5.00" nVehEntered="15"/>
    <interval begin="41500.00" end="41600.00" id="inductionLoop.W2" nVehContrib="25" flow="900.00" occupancy="63.06" speed="11.36" harmonicMeanSpeed="11.20" length="5.00" nVehEntered="26"/>
    <interval begin="41600.00" end="41700.00" id="inductionLoop.W2" nVehContrib="3" flow="108.00" occupancy="94.20" speed="3.00" harmonicMeanSpeed="0.10" length="5.00" nVehEntered="3"/>
    <interval begin="41700.00" end="41800.00" id="inductionLoop.W2" nVehContrib="16" flow="576.00" occupancy="76.26" speed="10.24" harmonicMeanSpeed="10.05" length="5.00" nVehEntered="16"/>
    <interval begin="41800.00" end="41900.00" id="inductionLoop.W2" nVehContrib="35" flow="1260.00" occupancy="46.60" speed="9.89" harmonicMeanSpeed="1.72" length="5.00" nVehEntered="35"/>
    <interval begin="41900.00" end="42000.00" id="inductionLoop.W2" nVehContrib="0" flow="0.00" occupancy="100.00" speed="-1.00" harmonicMeanSpeed="-1.00" length="-1.00" nVehEntered="0"/>
    <interval begin="42000.00" end="42100.00" id="inductionLoop.W2" nVehContrib="22" flow="792.00" occupancy="66.60" speed="9.62" harmonicMeanSpeed="0.61" length="5.00" nVehEntered="21"/>
    <interval begin="42100.00" end="42200.00" id="inductionLoop.W2" nVehContrib="11" flow="396.00" occupancy="80.80" speed="7.97" harmonicMeanSpeed="0.68" length="5.00" nVehEntered="11"/>
    <interval begin="42200.00" end="42300.00" id="inductionLoop.W2" nVehContrib="2" flow="72.00" occupancy="96.79" speed="3.56" harmonicMeanSpeed="0.10" length="5.00" nVehEntered="2"/>
    <interval begin="42300.00" end="42400.00" id="inductionLoop.W2" nVehContrib="26" flow="936.00" occupancy="57.52" speed="9.32" harmonicMeanSpeed="3.80" length="5.00" nVehEntered="27"/>
    <interval begin="42400.00" end="42500.00" id="inductionLoop.W2" nVehContrib="0" flow="0.00" occupancy="100.00" speed="-1.00" harmonicMeanSpeed="-1.00" length="-1.00" nVehEntered="0"/>
    <interval begin="42500.00" end="42600.00" id="inductionLoop.W2" nVehContrib="20" flow="720.00" occupancy="58.38" speed="8.73" harmonicMeanSpeed="0.55" length="5.00" nVehEntered="19"/>
    <interval begin="42600.00" end="42700.00" id="inductionLoop.W2" nVehContrib="0" flow="0.00" occupancy="0.00" speed="-1.00" harmonicMeanSpeed="-1.00" length="-1.00" nVehEntered="0"/>
    <interval begin="42700.00" end="42800.00" id="inductionLoop.W2" nVehContrib="3" flow="108.00" occupancy="3.46" speed="4.85" harmonicMeanSpeed="4.33" length="5.00" nVehEntered="3"/>
    <interval begin="42800.00" end="42900.00" id="inductionLoop.W2" nVehContrib="0" flow="0.00" occupancy="0.00" speed="-1.00" harmonicMeanSpeed="-1.00" length="-1.00" nVehEntered="0"/>
    <interval begin="42900.00" end="43000.00" id="inductionLoop.W2" nVehContrib="0" flow="0.00" occupancy="0.00" speed="-1.00" harmonicMeanSpeed="-1.00" length="-1.00" nVehEntered="0"/>
    <interval begin="43000.00" end="43100.00" id="inductionLoop.W2" nVehContrib="0" flow="0.00" occupancy="0.00" speed="-1.00" harmonicMeanSpeed="-1.00" length="-1.00" nVehEntered="0"/>
    <interval begin="43100.00" end="43200.00" id="inductionLoop.W2" nVehContrib="0" flow="0.00" occupancy="0.00" speed="-1.00" harmonicMeanSpeed="-1.00" length="-1.00" nVehEntered="0"/>
    <interval begin="43200.00" end="43300.00" id="inductionLoop.W2" nVehContrib="7" flow="252.00" occupancy="2.55" speed="13.76" harmonicMeanSpeed="13.71" length="5.00" nVehEntered="7"/>
    <interval begin="43300.00" end="43400.00" id="inductionLoop.W2" nVehContrib="4" flow="144.00" occupancy="64.30" speed="11.30" harmonicMeanSpeed="10.69" length="5.00" nVehEntered="5"/>
    <interval begin="43400.00" end="43500.00" id="inductionLoop.W2" nVehContrib="5" flow="180.00" occupancy="91.35" speed="4.36" harmonicMeanSpeed="0.27" length="5.00" nVehEntered="5"/>
    <interval begin="43500.00" end="43600.00" id="inductionLoop.W2" nVehContrib="24" flow="864.00" occupancy="61.18" speed="9.81" harmonicMeanSpeed="0.98" length="5.00" nVehEntered="23"/>
    <interval begin="43600.00" end="43700.00" id="inductionLoop.W2" nVehContrib="7" flow="252.00" occupancy="77.70" speed="10.41" harmonicMeanSpeed="10.00" length="5.00" nVehEntered="9"/>
    <interval begin="43700.00" end="43800.00" id="inductionLoop.W2" nVehContrib="9" flow="324.00" occupancy="85.76" speed="7.09" harmonicMeanSpeed="0.28" length="5.00" nVehEntered="8"/>
    <interval begin="43800.00" end="43900.00" id="inductionLoop.W2" nVehContrib="19" flow="684.00" occupancy="72.20" speed="11.35" harmonicMeanSpeed="11.17" length="5.00" nVehEntered="20"/>
    <interval begin="43900.00" end="44000.00" id="inductionLoop.W2" nVehContrib="9" flow="324.00" occupancy="84.78" speed="6.21" harmonicMeanSpeed="0.40" length="5.00" nVehEntered="9"/>
    <interval begin="44000.00" end="44100.00" id="inductionLoop.W2" nVehContrib="19" flow="684.00" occupancy="71.60" speed="10.24" harmonicMeanSpeed="0.88" length="5.00" nVehEntered="18"/>
    <interval begin="44100.00" end="44200.00" id="inductionLoop.W2" nVehContrib="3" flow="108.00" occupancy="92.88" speed="10.49" harmonicMeanSpeed="10.30" length="5.00" nVehEntered="4"/>
    <interval begin="44200.00" end="44300.00" id="inductionLoop.W2" nVehContrib="4" flow="144.00" occupancy="90.08" speed="1.81" harmonicMeanSpeed="0.11" length="5.00" nVehEntered="4"/>
    <interval begin="44300.00" end="44400.00" id="inductionLoop.W2" nVehContrib="35" flow="1260.00" occupancy="49.27" speed="10.34" harmonicMeanSpeed="3.13" length="5.00" nVehEntered="34"/>
    <interval begin="44400.00" end="44500.00" id="inductionLoop.W2" nVehContrib="4" flow="144.00" occupancy="92.78" speed="10.34" harmonicMeanSpeed="9.74" length="5.00" nVehEntered="5"/>
    <interval begin="44500.00" end="44600.00" id="inductionLoop.W2" nVehContrib="26" flow="936.00" occupancy="60.09" speed="9.88" harmonicMeanSpeed="0.89" length="5.00" nVehEntered="26"/>
    <interval begin="44600.00" end="44700.00" id="inductionLoop.W2" nVehContrib="0" flow="0.00" occupancy="100.00" speed="-1.00" harmonicMeanSpeed="-1.00" length="-1.00" nVehEntered="0"/>
    <interval begin="44700.00" end="44800.00" id="inductionLoop.W2" nVehContrib="19" flow="684.00" occupancy="71.60" speed="8.94" harmonicMeanSpeed="0.54" length="5.00" nVehEntered="18"/>
    <interval begin="44800.00" end="44900.00" id="inductionLoop.W2" nVehContrib="5" flow="180.00" occupancy="92.12" speed="10.36" harmonicMeanSpeed="10.09" length="5.00" nVehEntered="6"/>
    <interval begin="44900.00" end="45000.00" id="inductionLoop.W2" nVehContrib="13" flow="468.00" occupancy="80.75" speed="8.91" harmonicMeanSpeed="0.38" length="5.00" nVehEntered="12"/>
    <interval begin="45000.00" end="45100.00" id="inductionLoop.W2" nVehContrib="25" flow="900.00" occupancy="57.01" speed="11.85" harmonicMeanSpeed="11.72" length="5.00" nVehEntered="26"/>
    <interval begin="45100.00" end="45200.00" id="inductionLoop.W2" nVehContrib="25" flow="900.00" occupancy="63.63" speed="10.24" harmonicMeanSpeed="1.14" length="5.00" nVehEntered="24"/>
    <interval begin="45200.00" end="45300.00" id="inductionLoop.W2" nVehContrib="0" flow="0.00" occupancy="98.54" speed="-1.00" harmonicMeanSpeed="-1.00" length="-1.00" nVehEntered="1"/>
    <interval begin="45300.00" end="45400.00" id="inductionLoop.W2" nVehContrib="10" flow="360.00" occupancy="83.14" speed="5.69" harmonicMeanSpeed="0.28" length="5.00" nVehEntered="9"/>
    <interval begin="45400.00" end="45500.00" id="inductionLoop.W2" nVehContrib="4" flow="144.00" occupancy="92.23" speed="9.46" harmonicMeanSpeed="9.06" length="5.00" nVehEntered="5"/>
    <interval begin="45500.00" end="45600.00" id="inductionLoop.W2" nVehContrib="8" flow="288.00" occupancy="84.89" speed="4.51" harmonicMeanSpeed="0.24" length="5.00" nVehEntered="8"/>
    <interval begin="45600.00" end="45700.00" id="inductionLoop.W2" nVehContrib="21" flow="756.00" occupancy="67.67" speed="9.96" harmonicMeanSpeed="3.29" length="5.00" nVehEntered="21"/>
    <interval begin="45700.00" end="45800.00" id="inductionLoop.W2" nVehContrib="19" flow="684.00" occupancy="70.36" speed="9.62" harmonicMeanSpeed="0.83" length="5.00" nVehEntered="18"/>
    <interval begin="45800.00" end="45900.00" id="inductionLoop.W2" nVehContrib="22" flow="792.00" occupancy="66.74" speed="10.81" harmonicMeanSpeed="2.74" length="5.00" nVehEntered="23"/>
    <interval begin="45900.00" end="46000.00" id="inductionLoop.W2" nVehContrib="5" flow="180.00" occupancy="90.71" speed="4.33" harmonicMeanSpeed="0.27" length="5.00" nVehEntered="5"/>
    <interval begin="46000.00" end="46100.00" id="inductionLoop.W2" nVehContrib="9" flow="324.00" occupancy="87.04" speed="7.34" harmonicMeanSpeed="0.40" length="5.00" nVehEntered="8"/>
    <interval begin="46100.00" end="46200.00" id="inductionLoop.W2" nVehContrib="23" flow="828.00" occupancy="61.47" speed="12.39" harmonicMeanSpeed="12.23" length="5.00" nVehEntered="24"/>
    <interval begin="46200.00" end="46300.00" id="inductionLoop.W2" nVehContrib="11" flow="396.00" occupancy="82.10" speed="8.61" harmonicMeanSpeed="0.41" length="5.00" nVehEntered="10"/>
    <interval begin="46300.00" end="46400.00" id="inductionLoop.W2" nVehContrib="9" flow="324.00" occupancy="86.06" speed="12.60" harmonicMeanSpeed="12.29" length="5.00" nVehEntered="10"/>
    <interval begin="46400.00" end="46500.00" id="inductionLoop.W2" nVehContrib="23" flow="828.00" occupancy="64.61" speed="10.21" harmonicMeanSpeed="0.78" length="5.00" nVehEntered="23"/>
    <interval begin="46500.00" end="46600.00" id="inductionLoop.W2" nVehContrib="28" flow="1008.00" occupancy="59.78" speed="10.67" harmonicMeanSpeed="10.55" length="5.00" nVehEntered="28"/>
    <interval begin="46600.00" end="46700.00" id="inductionLoop.W2" nVehContrib="14" flow="504.00" occupancy="76.62" speed="9.27" harmonicMeanSpeed="0.57" length="5.00" nVehEntered="13"/>
    <interval begin="46700.00" end="46800.00" id="inductionLoop.W2" nVehContrib="6" flow="216.00" occupancy="90.19" speed="11.65" harmonicMeanSpeed="11.17" length="5.00" nVehEntered="7"/>
    <interval begin="46800.00" end="46900.00" id="inductionLoop.W2" nVehContrib="10" flow="360.00" occupancy="84.58" speed="8.13" harmonicMeanSpeed="0.29" length="5.00" nVehEntered="9"/>
    <interval begin="46900.00" end="47000.00" id="inductionLoop.W2" nVehContrib="27" flow="972.00" occupancy="58.85" speed="11.39" harmonicMeanSpeed="11.24" length="5.00" nVehEntered="28"/>
    <interval begin="47000.00" end="47100.00" id="inductionLoop.W2" nVehContrib="0" flow="0.00" occupancy="100.00" speed="-1.00" harmonicMeanSpeed="-1.00" length="-1.00" nVehEntered="0"/>
    <interval begin="47100.00" end="47200.00" id="inductionLoop.W2" nVehContrib="26" flow="936.00" occupancy="60.94" speed="10.48" harmonicMeanSpeed="0.74" length="5.00" nVehEntered="26"/>
    <interval begin="47200.00" end="47300.00" id="inductionLoop.W2" nVehContrib="7" flow="252.00" occupancy="88.65" speed="6.43" harmonicMeanSpeed="0.29" length="5.00" nVehEntered="6"/>
    <interval begin="47300.00" end="47400.00" id="inductionLoop.W2" nVehContrib="11" flow="396.00" occupancy="82.96" speed="11.59" harmonicMeanSpeed="11.47" length="5.00" nVehEntered="12"/>
    <interval begin="47400.00" end="47500.00" id="inductionLoop.W2" nVehContrib="46" flow="1656.00" occupancy="32.45" speed="10.21" harmonicMeanSpeed="2.08" length="5.00" nVehEntered="45"/>
    <interval begin="47500.00" end="47600.00" id="inductionLoop.W2" nVehContrib="6" flow="216.00" occupancy="88.78" speed="11.16" harmonicMeanSpeed="10.85" length="5.00" nVehEntered="7"/>
    <interval begin="47600.00" end="47700.00" id="inductionLoop.W2" nVehContrib="6" flow="216.00" occupancy="87.64" speed="5.35" harmonicMeanSpeed="0.17" length="5.00" nVehEntered="5"/>
    <interval begin="47700.00" end="47800.00" id="inductionLoop.W2" nVehContrib="23" flow="828.00" occupancy="65.77" speed="11.04" harmonicMeanSpeed="10.89" length="5.00" nVehEntered="24"/>
    <interval begin="47800.00" end="47900.00" id="inductionLoop.W2" nVehContrib="6" flow="216.00" occupancy="89.40" speed="5.31" harmonicMeanSpeed="0.21" length="5.00" nVehEntered="6"/>
    <interval begin="47900.00" end="48000.00" id="inductionLoop.W2" nVehContrib="2" flow="72.00" occupancy="95.10" speed="1.98" harmonicMeanSpeed="0.11" length="5.00" nVehEntered="2"/>
    <interval begin="48000.00" end="48100.00" id="inductionLoop.W2" nVehContrib="20" flow="720.00" occupancy="69.10" speed="8.82" harmonicMeanSpeed="3.13" length="5.00" nVehEntered="20"/>
    <interval begin="48100.00" end="48200.00" id="inductionLoop.W2" nVehContrib="10" flow="360.00" occupancy="83.85" speed="7.00" harmonicMeanSpeed="0.42" length="5.00" nVehEntered="10"/>
    <interval begin="48200.00" end="48300.00" id="inductionLoop.W2" nVehContrib="25" flow="900.00" occupancy="60.43" speed="9.95" harmonicMeanSpeed="2.35" length="5.00" nVehEntered="25"/>
    <interval begin="48300.00" end="48400.00" id="inductionLoop.W2" nVehContrib="0" flow="0.00" occupancy="100.00" speed="-1.00" harmonicMeanSpeed="-1.00" length="-1.00" nVehEntered="0"/>
    <interval begin="48400.00" end="48500.00" id="inductionLoop.W2" nVehContrib="17" flow="612.00" occupancy="72.78" speed="9.70" harmonicMeanSpeed="0.45" length="5.00" nVehEntered="17"/>
    <interval begin="48500.00" end="48600.00" id="inductionLoop.W2" nVehContrib="0" flow="0.00" occupancy="100.00" speed="-1.00" harmonicMeanSpeed="-1.00" length="-1.00" nVehEntered="0"/>
    <interval begin="48600.00" end="48700.00" id="inductionLoop.W2" nVehContrib="37" flow="1332.00" occupancy="44.60" speed="10.04" harmonicMeanSpeed="1.49" length="5.00" nVehEntered="37"/>
    <interval begin="48700.00" end="48800.00" id="inductionLoop.W2" nVehContrib="0" flow="0.00" occupancy="100.00" speed="-1.00" harmonicMeanSpeed="-1.00" length="-1.00" nVehEntered="0"/>
    <interval begin="48800.00" end="48900.00" id="inductionLoop.W2" nVehContrib="8" flow="288.00" occupancy="84.76" speed="4.34" harmonicMeanSpeed="0.19" length="5.00" nVehEntered="7"/>
    <interval begin="48900.00" end="49000.00" id="inductionLoop.W2" nVehContrib="51" flow="1836.00" occupancy="24.39" speed="10.89" harmonicMeanSpeed="10.78" length="5.00" nVehEntered="52"/>
    <interval begin="49000.00" end="49100.00" id="inductionLoop.W2" nVehContrib="0" flow="0.00" occupancy="100.00" speed="-1.00" harmonicMeanSpeed="-1.00" length="-1.00" nVehEntered="0"/>
    <interval begin="49100.00" end="49200.00" id="inductionLoop.W2" nVehContrib="0" flow="0.00" occupancy="100.00" speed="-1.00" harmonicMeanSpeed="-1.00" length="-1.00" nVehEntered="0"/>
    <interval begin="49200.00" end="49300.00" id="inductionLoop.W2" nVehContrib="0" flow="0.00" occupancy="100.00" speed="-1.00" harmonicMeanSpeed="-1.00" length="-1.00" nVehEntered="0"/>
    <interval begin="49300.00" end="49400.00" id="inductionLoop.W2" nVehContrib="29" flow="1044.00" occupancy="53.83" speed="8.81" harmonicMeanSpeed="0.41" length="5.00" nVehEntered="28"/>
    <interval begin="49400.00" end="49500.00" id="inductionLoop.W2" nVehContrib="29" flow="1044.00" occupancy="57.18" speed="10.86" harmonicMeanSpeed="10.68" length="5.00" nVehEntered="30"/>
    <interval begin="49500.00" end="49600.00" id="inductionLoop.W2" nVehContrib="0" flow="0.00" occupancy="100.00" speed="-1.00" harmonicMeanSpeed="-1.00" length="-1.00" nVehEntered="0"/>
    <interval begin="49600.00" end="49700.00" id="inductionLoop.W2" nVehContrib="26" flow="936.00" occupancy="58.76" speed="9.88" harmonicMeanSpeed="0.64" length="5.00" nVehEntered="25"/>
    <interval begin="49700.00" end="49800.00" id="inductionLoop.W2" nVehContrib="12" flow="432.00" occupancy="81.73" speed="10.90" harmonicMeanSpeed="10.77" length="5.00" nVehEntered="13"/>
    <interval begin="49800.00" end="49900.00" id="inductionLoop.W2" nVehContrib="0" flow="0.00" occupancy="100.00" speed="-1.00" harmonicMeanSpeed="-1.00" length="-1.00" nVehEntered="0"/>
    <interval begin="49900.00" end="50000.00" id="inductionLoop.W2" nVehContrib="44" flow="1584.00" occupancy="35.09" speed="10.05" harmonicMeanSpeed="1.05" length="5.00" nVehEntered="44"/>
    <interval begin="50000.00" end="50010.00" id="inductionLoop.W2" nVehContrib="1" flow="360.00" occupancy="43.24" speed="0.93" harmonicMeanSpeed="0.93" length="5.00" nVehEntered="0"/>
</detector>
