<?xml version="1.0" encoding="UTF-8"?>

<!-- generated on 2023-07-22 11:17:52 by Eclipse SUMO sumo Version 1.12.0
<configuration xmlns:xsi="http://www.w3.org/2001/XMLSchema-instance" xsi:noNamespaceSchemaLocation="http://sumo.dlr.de/xsd/sumoConfiguration.xsd">

    <input>
        <net-file value="Data0-13/intersection.net.xml"/>
        <route-files value="Data0-13/intersection.rou.xml"/>
        <additional-files value="Data0-13/intersection.det.xml"/>
    </input>

    <output>
        <tripinfo-output value="Data0-13/tripinfo.xml"/>
    </output>

    <time>
        <begin value="0"/>
    </time>

    <processing>
        <time-to-teleport value="-1"/>
        <waiting-time-memory value="60000"/>
    </processing>

    <report>
        <verbose value="true"/>
        <no-step-log value="true"/>
    </report>

    <emissions>
        <device.emissions.probability value="1"/>
    </emissions>

    <traci_server>
        <remote-port value="50275"/>
    </traci_server>

    <gui_only>
        <gui-settings-file value="Data0-13/intersection.settings.xml"/>
    </gui_only>

</configuration>
-->

<detector xmlns:xsi="http://www.w3.org/2001/XMLSchema-instance" xsi:noNamespaceSchemaLocation="http://sumo.dlr.de/xsd/det_e1_file.xsd">
    <interval begin="0.00" end="100.00" id="inductionLoop.S2" nVehContrib="3" flow="108.00" occupancy="2.36" speed="7.93" harmonicMeanSpeed="6.36" length="5.00" nVehEntered="3"/>
    <interval begin="100.00" end="200.00" id="inductionLoop.S2" nVehContrib="10" flow="360.00" occupancy="6.75" speed="9.44" harmonicMeanSpeed="7.41" length="5.00" nVehEntered="10"/>
    <interval begin="200.00" end="300.00" id="inductionLoop.S2" nVehContrib="8" flow="288.00" occupancy="9.15" speed="9.07" harmonicMeanSpeed="4.37" length="5.00" nVehEntered="8"/>
    <interval begin="300.00" end="400.00" id="inductionLoop.S2" nVehContrib="9" flow="324.00" occupancy="10.84" speed="8.60" harmonicMeanSpeed="4.19" length="5.00" nVehEntered="11"/>
    <interval begin="400.00" end="500.00" id="inductionLoop.S2" nVehContrib="8" flow="288.00" occupancy="34.20" speed="6.44" harmonicMeanSpeed="1.19" length="5.00" nVehEntered="9"/>
    <interval begin="500.00" end="600.00" id="inductionLoop.S2" nVehContrib="8" flow="288.00" occupancy="12.95" speed="5.93" harmonicMeanSpeed="3.09" length="5.00" nVehEntered="8"/>
    <interval begin="600.00" end="700.00" id="inductionLoop.S2" nVehContrib="5" flow="180.00" occupancy="14.24" speed="7.48" harmonicMeanSpeed="4.08" length="5.00" nVehEntered="7"/>
    <interval begin="700.00" end="800.00" id="inductionLoop.S2" nVehContrib="8" flow="288.00" occupancy="10.32" speed="8.18" harmonicMeanSpeed="2.31" length="5.00" nVehEntered="8"/>
    <interval begin="800.00" end="900.00" id="inductionLoop.S2" nVehContrib="10" flow="360.00" occupancy="20.48" speed="7.02" harmonicMeanSpeed="2.58" length="5.00" nVehEntered="12"/>
    <interval begin="900.00" end="1000.00" id="inductionLoop.S2" nVehContrib="8" flow="288.00" occupancy="3.49" speed="11.71" harmonicMeanSpeed="11.45" length="5.00" nVehEntered="8"/>
    <interval begin="1000.00" end="1100.00" id="inductionLoop.S2" nVehContrib="8" flow="288.00" occupancy="7.01" speed="9.27" harmonicMeanSpeed="7.67" length="5.00" nVehEntered="10"/>
    <interval begin="1100.00" end="1200.00" id="inductionLoop.S2" nVehContrib="5" flow="180.00" occupancy="6.55" speed="7.96" harmonicMeanSpeed="6.28" length="5.00" nVehEntered="7"/>
    <interval begin="1200.00" end="1300.00" id="inductionLoop.S2" nVehContrib="8" flow="288.00" occupancy="6.79" speed="7.40" harmonicMeanSpeed="4.83" length="5.00" nVehEntered="9"/>
    <interval begin="1300.00" end="1400.00" id="inductionLoop.S2" nVehContrib="2" flow="72.00" occupancy="0.86" speed="12.69" harmonicMeanSpeed="12.58" length="5.00" nVehEntered="3"/>
    <interval begin="1400.00" end="1500.00" id="inductionLoop.S2" nVehContrib="6" flow="216.00" occupancy="3.70" speed="9.77" harmonicMeanSpeed="8.10" length="5.00" nVehEntered="6"/>
    <interval begin="1500.00" end="1600.00" id="inductionLoop.S2" nVehContrib="5" flow="180.00" occupancy="2.33" speed="10.87" harmonicMeanSpeed="10.72" length="5.00" nVehEntered="5"/>
    <interval begin="1600.00" end="1700.00" id="inductionLoop.S2" nVehContrib="7" flow="252.00" occupancy="3.62" speed="11.23" harmonicMeanSpeed="9.68" length="5.00" nVehEntered="7"/>
    <interval begin="1700.00" end="1800.00" id="inductionLoop.S2" nVehContrib="6" flow="216.00" occupancy="3.26" speed="11.36" harmonicMeanSpeed="9.19" length="5.00" nVehEntered="6"/>
    <interval begin="1800.00" end="1900.00" id="inductionLoop.S2" nVehContrib="7" flow="252.00" occupancy="6.32" speed="10.30" harmonicMeanSpeed="8.78" length="5.00" nVehEntered="9"/>
    <interval begin="1900.00" end="2000.00" id="inductionLoop.S2" nVehContrib="3" flow="108.00" occupancy="1.83" speed="10.46" harmonicMeanSpeed="8.18" length="5.00" nVehEntered="3"/>
    <interval begin="2000.00" end="2100.00" id="inductionLoop.S2" nVehContrib="7" flow="252.00" occupancy="4.82" speed="9.07" harmonicMeanSpeed="7.27" length="5.00" nVehEntered="7"/>
    <interval begin="2100.00" end="2200.00" id="inductionLoop.S2" nVehContrib="4" flow="144.00" occupancy="2.33" speed="10.98" harmonicMeanSpeed="8.58" length="5.00" nVehEntered="4"/>
    <interval begin="2200.00" end="2300.00" id="inductionLoop.S2" nVehContrib="3" flow="108.00" occupancy="1.76" speed="10.54" harmonicMeanSpeed="8.50" length="5.00" nVehEntered="3"/>
    <interval begin="2300.00" end="2400.00" id="inductionLoop.S2" nVehContrib="3" flow="108.00" occupancy="1.18" speed="12.79" harmonicMeanSpeed="12.67" length="5.00" nVehEntered="3"/>
    <interval begin="2400.00" end="2500.00" id="inductionLoop.S2" nVehContrib="7" flow="252.00" occupancy="5.16" speed="8.35" harmonicMeanSpeed="6.90" length="5.00" nVehEntered="8"/>
    <interval begin="2500.00" end="2600.00" id="inductionLoop.S2" nVehContrib="7" flow="252.00" occupancy="6.55" speed="8.57" harmonicMeanSpeed="5.68" length="5.00" nVehEntered="8"/>
    <interval begin="2600.00" end="2700.00" id="inductionLoop.S2" nVehContrib="6" flow="216.00" occupancy="3.37" speed="10.62" harmonicMeanSpeed="8.89" length="5.00" nVehEntered="6"/>
    <interval begin="2700.00" end="2800.00" id="inductionLoop.S2" nVehContrib="8" flow="288.00" occupancy="4.74" speed="9.54" harmonicMeanSpeed="8.44" length="5.00" nVehEntered="8"/>
    <interval begin="2800.00" end="2900.00" id="inductionLoop.S2" nVehContrib="6" flow="216.00" occupancy="3.28" speed="10.94" harmonicMeanSpeed="9.17" length="5.00" nVehEntered="7"/>
    <interval begin="2900.00" end="3000.00" id="inductionLoop.S2" nVehContrib="10" flow="360.00" occupancy="6.13" speed="10.21" harmonicMeanSpeed="8.16" length="5.00" nVehEntered="10"/>
    <interval begin="3000.00" end="3100.00" id="inductionLoop.S2" nVehContrib="9" flow="324.00" occupancy="5.65" speed="9.41" harmonicMeanSpeed="7.96" length="5.00" nVehEntered="9"/>
    <interval begin="3100.00" end="3200.00" id="inductionLoop.S2" nVehContrib="9" flow="324.00" occupancy="4.94" speed="10.46" harmonicMeanSpeed="9.10" length="5.00" nVehEntered="9"/>
    <interval begin="3200.00" end="3300.00" id="inductionLoop.S2" nVehContrib="9" flow="324.00" occupancy="5.90" speed="9.84" harmonicMeanSpeed="7.63" length="5.00" nVehEntered="9"/>
    <interval begin="3300.00" end="3400.00" id="inductionLoop.S2" nVehContrib="3" flow="108.00" occupancy="2.82" speed="7.38" harmonicMeanSpeed="5.31" length="5.00" nVehEntered="3"/>
    <interval begin="3400.00" end="3500.00" id="inductionLoop.S2" nVehContrib="4" flow="144.00" occupancy="2.44" speed="10.94" harmonicMeanSpeed="8.18" length="5.00" nVehEntered="4"/>
    <interval begin="3500.00" end="3600.00" id="inductionLoop.S2" nVehContrib="4" flow="144.00" occupancy="3.08" speed="7.91" harmonicMeanSpeed="6.50" length="5.00" nVehEntered="4"/>
    <interval begin="3600.00" end="3700.00" id="inductionLoop.S2" nVehContrib="4" flow="144.00" occupancy="2.49" speed="9.16" harmonicMeanSpeed="8.04" length="5.00" nVehEntered="4"/>
    <interval begin="3700.00" end="3800.00" id="inductionLoop.S2" nVehContrib="8" flow="288.00" occupancy="3.60" speed="11.41" harmonicMeanSpeed="11.10" length="5.00" nVehEntered="8"/>
    <interval begin="3800.00" end="3900.00" id="inductionLoop.S2" nVehContrib="5" flow="180.00" occupancy="2.38" speed="12.19" harmonicMeanSpeed="12.13" length="5.00" nVehEntered="6"/>
    <interval begin="3900.00" end="4000.00" id="inductionLoop.S2" nVehContrib="8" flow="288.00" occupancy="5.52" speed="9.99" harmonicMeanSpeed="8.24" length="5.00" nVehEntered="10"/>
    <interval begin="4000.00" end="4100.00" id="inductionLoop.S2" nVehContrib="9" flow="324.00" occupancy="5.36" speed="10.10" harmonicMeanSpeed="8.40" length="5.00" nVehEntered="9"/>
    <interval begin="4100.00" end="4200.00" id="inductionLoop.S2" nVehContrib="11" flow="396.00" occupancy="6.32" speed="10.29" harmonicMeanSpeed="9.15" length="5.00" nVehEntered="12"/>
    <interval begin="4200.00" end="4300.00" id="inductionLoop.S2" nVehContrib="7" flow="252.00" occupancy="4.13" speed="9.57" harmonicMeanSpeed="8.51" length="5.00" nVehEntered="7"/>
    <interval begin="4300.00" end="4400.00" id="inductionLoop.S2" nVehContrib="4" flow="144.00" occupancy="2.62" speed="8.74" harmonicMeanSpeed="7.65" length="5.00" nVehEntered="4"/>
    <interval begin="4400.00" end="4500.00" id="inductionLoop.S2" nVehContrib="8" flow="288.00" occupancy="3.32" speed="12.12" harmonicMeanSpeed="12.03" length="5.00" nVehEntered="8"/>
    <interval begin="4500.00" end="4600.00" id="inductionLoop.S2" nVehContrib="2" flow="72.00" occupancy="1.50" speed="8.86" harmonicMeanSpeed="6.67" length="5.00" nVehEntered="2"/>
    <interval begin="4600.00" end="4700.00" id="inductionLoop.S2" nVehContrib="7" flow="252.00" occupancy="5.52" speed="8.24" harmonicMeanSpeed="6.34" length="5.00" nVehEntered="7"/>
    <interval begin="4700.00" end="4800.00" id="inductionLoop.S2" nVehContrib="9" flow="324.00" occupancy="7.28" speed="9.32" harmonicMeanSpeed="6.68" length="5.00" nVehEntered="10"/>
    <interval begin="4800.00" end="4900.00" id="inductionLoop.S2" nVehContrib="8" flow="288.00" occupancy="4.41" speed="10.72" harmonicMeanSpeed="9.06" length="5.00" nVehEntered="8"/>
    <interval begin="4900.00" end="5000.00" id="inductionLoop.S2" nVehContrib="1" flow="36.00" occupancy="0.39" speed="12.97" harmonicMeanSpeed="12.97" length="5.00" nVehEntered="1"/>
    <interval begin="5000.00" end="5100.00" id="inductionLoop.S2" nVehContrib="2" flow="72.00" occupancy="0.80" speed="12.54" harmonicMeanSpeed="12.49" length="5.00" nVehEntered="2"/>
    <interval begin="5100.00" end="5200.00" id="inductionLoop.S2" nVehContrib="10" flow="360.00" occupancy="7.08" speed="9.01" harmonicMeanSpeed="7.40" length="5.00" nVehEntered="11"/>
    <interval begin="5200.00" end="5300.00" id="inductionLoop.S2" nVehContrib="9" flow="324.00" occupancy="7.86" speed="7.20" harmonicMeanSpeed="5.74" length="5.00" nVehEntered="10"/>
    <interval begin="5300.00" end="5400.00" id="inductionLoop.S2" nVehContrib="8" flow="288.00" occupancy="3.81" speed="11.99" harmonicMeanSpeed="10.49" length="5.00" nVehEntered="8"/>
    <interval begin="5400.00" end="5500.00" id="inductionLoop.S2" nVehContrib="7" flow="252.00" occupancy="4.45" speed="9.99" harmonicMeanSpeed="7.87" length="5.00" nVehEntered="7"/>
    <interval begin="5500.00" end="5600.00" id="inductionLoop.S2" nVehContrib="2" flow="72.00" occupancy="1.52" speed="8.01" harmonicMeanSpeed="6.59" length="5.00" nVehEntered="2"/>
    <interval begin="5600.00" end="5700.00" id="inductionLoop.S2" nVehContrib="4" flow="144.00" occupancy="2.44" speed="10.58" harmonicMeanSpeed="8.21" length="5.00" nVehEntered="4"/>
    <interval begin="5700.00" end="5800.00" id="inductionLoop.S2" nVehContrib="2" flow="72.00" occupancy="1.51" speed="8.71" harmonicMeanSpeed="6.62" length="5.00" nVehEntered="2"/>
    <interval begin="5800.00" end="5900.00" id="inductionLoop.S2" nVehContrib="7" flow="252.00" occupancy="4.27" speed="9.79" harmonicMeanSpeed="8.20" length="5.00" nVehEntered="7"/>
    <interval begin="5900.00" end="6000.00" id="inductionLoop.S2" nVehContrib="4" flow="144.00" occupancy="3.41" speed="10.13" harmonicMeanSpeed="7.57" length="5.00" nVehEntered="7"/>
    <interval begin="6000.00" end="6100.00" id="inductionLoop.S2" nVehContrib="9" flow="324.00" occupancy="7.93" speed="8.80" harmonicMeanSpeed="7.22" length="5.00" nVehEntered="10"/>
    <interval begin="6100.00" end="6200.00" id="inductionLoop.S2" nVehContrib="5" flow="180.00" occupancy="2.00" speed="12.75" harmonicMeanSpeed="12.73" length="5.00" nVehEntered="6"/>
    <interval begin="6200.00" end="6300.00" id="inductionLoop.S2" nVehContrib="4" flow="144.00" occupancy="2.60" speed="9.90" harmonicMeanSpeed="8.23" length="5.00" nVehEntered="5"/>
    <interval begin="6300.00" end="6400.00" id="inductionLoop.S2" nVehContrib="6" flow="216.00" occupancy="4.17" speed="9.61" harmonicMeanSpeed="7.49" length="5.00" nVehEntered="7"/>
    <interval begin="6400.00" end="6500.00" id="inductionLoop.S2" nVehContrib="6" flow="216.00" occupancy="2.88" speed="11.42" harmonicMeanSpeed="9.87" length="5.00" nVehEntered="5"/>
    <interval begin="6500.00" end="6600.00" id="inductionLoop.S2" nVehContrib="8" flow="288.00" occupancy="4.79" speed="9.79" harmonicMeanSpeed="8.36" length="5.00" nVehEntered="8"/>
    <interval begin="6600.00" end="6700.00" id="inductionLoop.S2" nVehContrib="5" flow="180.00" occupancy="2.08" speed="12.14" harmonicMeanSpeed="12.02" length="5.00" nVehEntered="5"/>
    <interval begin="6700.00" end="6800.00" id="inductionLoop.S2" nVehContrib="8" flow="288.00" occupancy="7.69" speed="8.15" harmonicMeanSpeed="5.44" length="5.00" nVehEntered="9"/>
    <interval begin="6800.00" end="6900.00" id="inductionLoop.S2" nVehContrib="3" flow="108.00" occupancy="2.44" speed="9.34" harmonicMeanSpeed="6.85" length="5.00" nVehEntered="4"/>
    <interval begin="6900.00" end="7000.00" id="inductionLoop.S2" nVehContrib="6" flow="216.00" occupancy="3.17" speed="10.99" harmonicMeanSpeed="9.45" length="5.00" nVehEntered="6"/>
    <interval begin="7000.00" end="7100.00" id="inductionLoop.S2" nVehContrib="1" flow="36.00" occupancy="1.06" speed="4.73" harmonicMeanSpeed="4.73" length="5.00" nVehEntered="1"/>
    <interval begin="7100.00" end="7200.00" id="inductionLoop.S2" nVehContrib="2" flow="72.00" occupancy="1.65" speed="9.25" harmonicMeanSpeed="6.07" length="5.00" nVehEntered="2"/>
    <interval begin="7200.00" end="7300.00" id="inductionLoop.S2" nVehContrib="5" flow="180.00" occupancy="1.90" speed="13.33" harmonicMeanSpeed="13.13" length="5.00" nVehEntered="5"/>
    <interval begin="7300.00" end="7400.00" id="inductionLoop.S2" nVehContrib="2" flow="72.00" occupancy="1.10" speed="12.65" harmonicMeanSpeed="12.38" length="5.00" nVehEntered="3"/>
    <interval begin="7400.00" end="7500.00" id="inductionLoop.S2" nVehContrib="3" flow="108.00" occupancy="3.33" speed="6.38" harmonicMeanSpeed="5.11" length="5.00" nVehEntered="4"/>
    <interval begin="7500.00" end="7600.00" id="inductionLoop.S2" nVehContrib="3" flow="108.00" occupancy="1.21" speed="12.47" harmonicMeanSpeed="12.39" length="5.00" nVehEntered="3"/>
    <interval begin="7600.00" end="7700.00" id="inductionLoop.S2" nVehContrib="7" flow="252.00" occupancy="18.69" speed="7.78" harmonicMeanSpeed="1.90" length="5.00" nVehEntered="8"/>
    <interval begin="7700.00" end="7800.00" id="inductionLoop.S2" nVehContrib="5" flow="180.00" occupancy="1.94" speed="13.06" harmonicMeanSpeed="12.89" length="5.00" nVehEntered="5"/>
    <interval begin="7800.00" end="7900.00" id="inductionLoop.S2" nVehContrib="2" flow="72.00" occupancy="1.31" speed="12.67" harmonicMeanSpeed="12.67" length="5.00" nVehEntered="4"/>
    <interval begin="7900.00" end="8000.00" id="inductionLoop.S2" nVehContrib="4" flow="144.00" occupancy="1.60" speed="12.59" harmonicMeanSpeed="12.49" length="5.00" nVehEntered="4"/>
    <interval begin="8000.00" end="8100.00" id="inductionLoop.S2" nVehContrib="2" flow="72.00" occupancy="0.96" speed="14.25" harmonicMeanSpeed="14.25" length="5.00" nVehEntered="3"/>
    <interval begin="8100.00" end="8200.00" id="inductionLoop.S2" nVehContrib="2" flow="72.00" occupancy="0.88" speed="11.44" harmonicMeanSpeed="11.43" length="5.00" nVehEntered="2"/>
    <interval begin="8200.00" end="8300.00" id="inductionLoop.S2" nVehContrib="8" flow="288.00" occupancy="6.12" speed="10.00" harmonicMeanSpeed="8.10" length="5.00" nVehEntered="10"/>
    <interval begin="8300.00" end="8400.00" id="inductionLoop.S2" nVehContrib="11" flow="396.00" occupancy="8.07" speed="9.51" harmonicMeanSpeed="7.28" length="5.00" nVehEntered="12"/>
    <interval begin="8400.00" end="8500.00" id="inductionLoop.S2" nVehContrib="4" flow="144.00" occupancy="2.70" speed="9.88" harmonicMeanSpeed="7.41" length="5.00" nVehEntered="4"/>
    <interval begin="8500.00" end="8600.00" id="inductionLoop.S2" nVehContrib="6" flow="216.00" occupancy="4.63" speed="9.30" harmonicMeanSpeed="6.85" length="5.00" nVehEntered="7"/>
    <interval begin="8600.00" end="8700.00" id="inductionLoop.S2" nVehContrib="3" flow="108.00" occupancy="1.10" speed="13.65" harmonicMeanSpeed="13.64" length="5.00" nVehEntered="3"/>
    <interval begin="8700.00" end="8800.00" id="inductionLoop.S2" nVehContrib="6" flow="216.00" occupancy="3.60" speed="11.21" harmonicMeanSpeed="8.32" length="5.00" nVehEntered="6"/>
    <interval begin="8800.00" end="8900.00" id="inductionLoop.S2" nVehContrib="6" flow="216.00" occupancy="3.41" speed="10.76" harmonicMeanSpeed="8.79" length="5.00" nVehEntered="6"/>
    <interval begin="8900.00" end="9000.00" id="inductionLoop.S2" nVehContrib="7" flow="252.00" occupancy="3.92" speed="11.29" harmonicMeanSpeed="8.94" length="5.00" nVehEntered="7"/>
    <interval begin="9000.00" end="9100.00" id="inductionLoop.S2" nVehContrib="7" flow="252.00" occupancy="4.60" speed="10.14" harmonicMeanSpeed="7.87" length="5.00" nVehEntered="8"/>
    <interval begin="9100.00" end="9200.00" id="inductionLoop.S2" nVehContrib="3" flow="108.00" occupancy="2.27" speed="8.79" harmonicMeanSpeed="6.61" length="5.00" nVehEntered="3"/>
    <interval begin="9200.00" end="9300.00" id="inductionLoop.S2" nVehContrib="2" flow="72.00" occupancy="0.85" speed="11.92" harmonicMeanSpeed="11.76" length="5.00" nVehEntered="2"/>
    <interval begin="9300.00" end="9400.00" id="inductionLoop.S2" nVehContrib="2" flow="72.00" occupancy="0.86" speed="12.63" harmonicMeanSpeed="12.34" length="5.00" nVehEntered="3"/>
    <interval begin="9400.00" end="9500.00" id="inductionLoop.S2" nVehContrib="5" flow="180.00" occupancy="2.05" speed="12.56" harmonicMeanSpeed="12.22" length="5.00" nVehEntered="5"/>
    <interval begin="9500.00" end="9600.00" id="inductionLoop.S2" nVehContrib="3" flow="108.00" occupancy="2.34" speed="9.50" harmonicMeanSpeed="6.41" length="5.00" nVehEntered="3"/>
    <interval begin="9600.00" end="9700.00" id="inductionLoop.S2" nVehContrib="7" flow="252.00" occupancy="3.37" speed="11.78" harmonicMeanSpeed="11.23" length="5.00" nVehEntered="8"/>
    <interval begin="9700.00" end="9800.00" id="inductionLoop.S2" nVehContrib="3" flow="108.00" occupancy="1.27" speed="11.82" harmonicMeanSpeed="11.77" length="5.00" nVehEntered="3"/>
    <interval begin="9800.00" end="9900.00" id="inductionLoop.S2" nVehContrib="3" flow="108.00" occupancy="1.77" speed="10.83" harmonicMeanSpeed="8.46" length="5.00" nVehEntered="3"/>
    <interval begin="9900.00" end="10000.00" id="inductionLoop.S2" nVehContrib="4" flow="144.00" occupancy="1.53" speed="13.18" harmonicMeanSpeed="13.07" length="5.00" nVehEntered="4"/>
    <interval begin="10000.00" end="10100.00" id="inductionLoop.S2" nVehContrib="6" flow="216.00" occupancy="3.86" speed="10.32" harmonicMeanSpeed="7.77" length="5.00" nVehEntered="6"/>
    <interval begin="10100.00" end="10200.00" id="inductionLoop.S2" nVehContrib="2" flow="72.00" occupancy="0.73" speed="13.66" harmonicMeanSpeed="13.64" length="5.00" nVehEntered="2"/>
    <interval begin="10200.00" end="10300.00" id="inductionLoop.S2" nVehContrib="3" flow="108.00" occupancy="2.21" speed="12.54" harmonicMeanSpeed="12.44" length="5.00" nVehEntered="4"/>
    <interval begin="10300.00" end="10400.00" id="inductionLoop.S2" nVehContrib="4" flow="144.00" occupancy="2.45" speed="8.85" harmonicMeanSpeed="5.79" length="5.00" nVehEntered="3"/>
    <interval begin="10400.00" end="10500.00" id="inductionLoop.S2" nVehContrib="0" flow="0.00" occupancy="0.00" speed="-1.00" harmonicMeanSpeed="-1.00" length="-1.00" nVehEntered="0"/>
    <interval begin="10500.00" end="10600.00" id="inductionLoop.S2" nVehContrib="1" flow="36.00" occupancy="0.39" speed="12.78" harmonicMeanSpeed="12.78" length="5.00" nVehEntered="1"/>
    <interval begin="10600.00" end="10700.00" id="inductionLoop.S2" nVehContrib="2" flow="72.00" occupancy="0.79" speed="12.64" harmonicMeanSpeed="12.61" length="5.00" nVehEntered="2"/>
    <interval begin="10700.00" end="10800.00" id="inductionLoop.S2" nVehContrib="2" flow="72.00" occupancy="0.83" speed="12.20" harmonicMeanSpeed="12.10" length="5.00" nVehEntered="2"/>
    <interval begin="10800.00" end="10900.00" id="inductionLoop.S2" nVehContrib="4" flow="144.00" occupancy="4.60" speed="5.54" harmonicMeanSpeed="4.34" length="5.00" nVehEntered="4"/>
    <interval begin="10900.00" end="11000.00" id="inductionLoop.S2" nVehContrib="1" flow="36.00" occupancy="1.27" speed="3.93" harmonicMeanSpeed="3.93" length="5.00" nVehEntered="1"/>
    <interval begin="11000.00" end="11100.00" id="inductionLoop.S2" nVehContrib="0" flow="0.00" occupancy="0.00" speed="-1.00" harmonicMeanSpeed="-1.00" length="-1.00" nVehEntered="0"/>
    <interval begin="11100.00" end="11200.00" id="inductionLoop.S2" nVehContrib="3" flow="108.00" occupancy="1.10" speed="13.64" harmonicMeanSpeed="13.64" length="5.00" nVehEntered="3"/>
    <interval begin="11200.00" end="11300.00" id="inductionLoop.S2" nVehContrib="3" flow="108.00" occupancy="2.65" speed="6.81" harmonicMeanSpeed="5.66" length="5.00" nVehEntered="3"/>
    <interval begin="11300.00" end="11400.00" id="inductionLoop.S2" nVehContrib="1" flow="36.00" occupancy="1.43" speed="4.13" harmonicMeanSpeed="4.13" length="5.00" nVehEntered="2"/>
    <interval begin="11400.00" end="11500.00" id="inductionLoop.S2" nVehContrib="3" flow="108.00" occupancy="2.21" speed="10.02" harmonicMeanSpeed="6.80" length="5.00" nVehEntered="3"/>
    <interval begin="11500.00" end="11600.00" id="inductionLoop.S2" nVehContrib="2" flow="72.00" occupancy="2.37" speed="4.23" harmonicMeanSpeed="4.23" length="5.00" nVehEntered="2"/>
    <interval begin="11600.00" end="11700.00" id="inductionLoop.S2" nVehContrib="0" flow="0.00" occupancy="0.00" speed="-1.00" harmonicMeanSpeed="-1.00" length="-1.00" nVehEntered="0"/>
    <interval begin="11700.00" end="11800.00" id="inductionLoop.S2" nVehContrib="0" flow="0.00" occupancy="0.00" speed="-1.00" harmonicMeanSpeed="-1.00" length="-1.00" nVehEntered="0"/>
    <interval begin="11800.00" end="11900.00" id="inductionLoop.S2" nVehContrib="3" flow="108.00" occupancy="1.18" speed="12.81" harmonicMeanSpeed="12.70" length="5.00" nVehEntered="3"/>
    <interval begin="11900.00" end="12000.00" id="inductionLoop.S2" nVehContrib="1" flow="36.00" occupancy="0.36" speed="14.72" harmonicMeanSpeed="14.72" length="5.00" nVehEntered="2"/>
    <interval begin="12000.00" end="12100.00" id="inductionLoop.S2" nVehContrib="0" flow="0.00" occupancy="0.06" speed="-1.00" harmonicMeanSpeed="-1.00" length="-1.00" nVehEntered="1"/>
    <interval begin="12100.00" end="12200.00" id="inductionLoop.S2" nVehContrib="3" flow="108.00" occupancy="3.39" speed="4.44" harmonicMeanSpeed="4.42" length="5.00" nVehEntered="3"/>
    <interval begin="12200.00" end="12300.00" id="inductionLoop.S2" nVehContrib="1" flow="36.00" occupancy="1.50" speed="3.86" harmonicMeanSpeed="3.86" length="5.00" nVehEntered="2"/>
    <interval begin="12300.00" end="12400.00" id="inductionLoop.S2" nVehContrib="1" flow="36.00" occupancy="1.25" speed="4.01" harmonicMeanSpeed="4.01" length="5.00" nVehEntered="1"/>
    <interval begin="12400.00" end="12500.00" id="inductionLoop.S2" nVehContrib="3" flow="108.00" occupancy="1.16" speed="13.15" harmonicMeanSpeed="12.96" length="5.00" nVehEntered="3"/>
    <interval begin="12500.00" end="12600.00" id="inductionLoop.S2" nVehContrib="2" flow="72.00" occupancy="1.65" speed="8.89" harmonicMeanSpeed="6.05" length="5.00" nVehEntered="2"/>
    <interval begin="12600.00" end="12700.00" id="inductionLoop.S2" nVehContrib="3" flow="108.00" occupancy="1.48" speed="13.99" harmonicMeanSpeed="13.98" length="5.00" nVehEntered="4"/>
    <interval begin="12700.00" end="12800.00" id="inductionLoop.S2" nVehContrib="3" flow="108.00" occupancy="2.75" speed="7.31" harmonicMeanSpeed="5.46" length="5.00" nVehEntered="3"/>
    <interval begin="12800.00" end="12900.00" id="inductionLoop.S2" nVehContrib="0" flow="0.00" occupancy="0.00" speed="-1.00" harmonicMeanSpeed="-1.00" length="-1.00" nVehEntered="0"/>
    <interval begin="12900.00" end="13000.00" id="inductionLoop.S2" nVehContrib="3" flow="108.00" occupancy="2.70" speed="7.70" harmonicMeanSpeed="5.55" length="5.00" nVehEntered="3"/>
    <interval begin="13000.00" end="13100.00" id="inductionLoop.S2" nVehContrib="0" flow="0.00" occupancy="0.00" speed="-1.00" harmonicMeanSpeed="-1.00" length="-1.00" nVehEntered="0"/>
    <interval begin="13100.00" end="13200.00" id="inductionLoop.S2" nVehContrib="0" flow="0.00" occupancy="0.00" speed="-1.00" harmonicMeanSpeed="-1.00" length="-1.00" nVehEntered="0"/>
    <interval begin="13200.00" end="13300.00" id="inductionLoop.S2" nVehContrib="2" flow="72.00" occupancy="1.50" speed="9.16" harmonicMeanSpeed="6.65" length="5.00" nVehEntered="2"/>
    <interval begin="13300.00" end="13400.00" id="inductionLoop.S2" nVehContrib="1" flow="36.00" occupancy="0.36" speed="13.70" harmonicMeanSpeed="13.70" length="5.00" nVehEntered="1"/>
    <interval begin="13400.00" end="13500.00" id="inductionLoop.S2" nVehContrib="1" flow="36.00" occupancy="0.39" speed="12.85" harmonicMeanSpeed="12.85" length="5.00" nVehEntered="1"/>
    <interval begin="13500.00" end="13600.00" id="inductionLoop.S2" nVehContrib="3" flow="108.00" occupancy="2.11" speed="10.13" harmonicMeanSpeed="7.12" length="5.00" nVehEntered="3"/>
    <interval begin="13600.00" end="13700.00" id="inductionLoop.S2" nVehContrib="2" flow="72.00" occupancy="2.45" speed="4.22" harmonicMeanSpeed="4.22" length="5.00" nVehEntered="3"/>
    <interval begin="13700.00" end="13800.00" id="inductionLoop.S2" nVehContrib="2" flow="72.00" occupancy="1.81" speed="8.58" harmonicMeanSpeed="6.42" length="5.00" nVehEntered="2"/>
    <interval begin="13800.00" end="13900.00" id="inductionLoop.S2" nVehContrib="1" flow="36.00" occupancy="0.38" speed="13.30" harmonicMeanSpeed="13.30" length="5.00" nVehEntered="1"/>
    <interval begin="13900.00" end="14000.00" id="inductionLoop.S2" nVehContrib="1" flow="36.00" occupancy="0.35" speed="14.13" harmonicMeanSpeed="14.13" length="5.00" nVehEntered="1"/>
    <interval begin="14000.00" end="14100.00" id="inductionLoop.S2" nVehContrib="3" flow="108.00" occupancy="1.11" speed="13.47" harmonicMeanSpeed="13.46" length="5.00" nVehEntered="3"/>
    <interval begin="14100.00" end="14200.00" id="inductionLoop.S2" nVehContrib="1" flow="36.00" occupancy="0.48" speed="10.47" harmonicMeanSpeed="10.47" length="5.00" nVehEntered="1"/>
    <interval begin="14200.00" end="14300.00" id="inductionLoop.S2" nVehContrib="2" flow="72.00" occupancy="1.43" speed="9.62" harmonicMeanSpeed="7.00" length="5.00" nVehEntered="2"/>
    <interval begin="14300.00" end="14400.00" id="inductionLoop.S2" nVehContrib="1" flow="36.00" occupancy="1.06" speed="4.73" harmonicMeanSpeed="4.73" length="5.00" nVehEntered="1"/>
    <interval begin="14400.00" end="14500.00" id="inductionLoop.S2" nVehContrib="1" flow="36.00" occupancy="0.33" speed="15.01" harmonicMeanSpeed="15.01" length="5.00" nVehEntered="1"/>
    <interval begin="14500.00" end="14600.00" id="inductionLoop.S2" nVehContrib="1" flow="36.00" occupancy="1.25" speed="4.00" harmonicMeanSpeed="4.00" length="5.00" nVehEntered="1"/>
    <interval begin="14600.00" end="14700.00" id="inductionLoop.S2" nVehContrib="1" flow="36.00" occupancy="0.36" speed="13.97" harmonicMeanSpeed="13.97" length="5.00" nVehEntered="1"/>
    <interval begin="14700.00" end="14800.00" id="inductionLoop.S2" nVehContrib="0" flow="0.00" occupancy="0.00" speed="-1.00" harmonicMeanSpeed="-1.00" length="-1.00" nVehEntered="0"/>
    <interval begin="14800.00" end="14900.00" id="inductionLoop.S2" nVehContrib="1" flow="36.00" occupancy="0.39" speed="12.94" harmonicMeanSpeed="12.94" length="5.00" nVehEntered="1"/>
    <interval begin="14900.00" end="15000.00" id="inductionLoop.S2" nVehContrib="1" flow="36.00" occupancy="0.40" speed="12.45" harmonicMeanSpeed="12.45" length="5.00" nVehEntered="1"/>
    <interval begin="15000.00" end="15100.00" id="inductionLoop.S2" nVehContrib="1" flow="36.00" occupancy="0.36" speed="14.00" harmonicMeanSpeed="14.00" length="5.00" nVehEntered="1"/>
    <interval begin="15100.00" end="15200.00" id="inductionLoop.S2" nVehContrib="2" flow="72.00" occupancy="0.80" speed="12.62" harmonicMeanSpeed="12.54" length="5.00" nVehEntered="2"/>
    <interval begin="15200.00" end="15300.00" id="inductionLoop.S2" nVehContrib="0" flow="0.00" occupancy="0.00" speed="-1.00" harmonicMeanSpeed="-1.00" length="-1.00" nVehEntered="0"/>
    <interval begin="15300.00" end="15400.00" id="inductionLoop.S2" nVehContrib="0" flow="0.00" occupancy="0.00" speed="-1.00" harmonicMeanSpeed="-1.00" length="-1.00" nVehEntered="0"/>
    <interval begin="15400.00" end="15500.00" id="inductionLoop.S2" nVehContrib="0" flow="0.00" occupancy="0.00" speed="-1.00" harmonicMeanSpeed="-1.00" length="-1.00" nVehEntered="0"/>
    <interval begin="15500.00" end="15600.00" id="inductionLoop.S2" nVehContrib="4" flow="144.00" occupancy="3.88" speed="6.25" harmonicMeanSpeed="5.15" length="5.00" nVehEntered="4"/>
    <interval begin="15600.00" end="15700.00" id="inductionLoop.S2" nVehContrib="3" flow="108.00" occupancy="1.87" speed="10.32" harmonicMeanSpeed="8.01" length="5.00" nVehEntered="3"/>
    <interval begin="15700.00" end="15800.00" id="inductionLoop.S2" nVehContrib="3" flow="108.00" occupancy="1.99" speed="9.15" harmonicMeanSpeed="7.53" length="5.00" nVehEntered="3"/>
    <interval begin="15800.00" end="15900.00" id="inductionLoop.S2" nVehContrib="2" flow="72.00" occupancy="1.68" speed="9.54" harmonicMeanSpeed="5.96" length="5.00" nVehEntered="2"/>
    <interval begin="15900.00" end="16000.00" id="inductionLoop.S2" nVehContrib="3" flow="108.00" occupancy="1.17" speed="12.94" harmonicMeanSpeed="12.85" length="5.00" nVehEntered="3"/>
    <interval begin="16000.00" end="16100.00" id="inductionLoop.S2" nVehContrib="5" flow="180.00" occupancy="3.00" speed="9.44" harmonicMeanSpeed="8.33" length="5.00" nVehEntered="5"/>
    <interval begin="16100.00" end="16200.00" id="inductionLoop.S2" nVehContrib="7" flow="252.00" occupancy="4.96" speed="8.98" harmonicMeanSpeed="7.06" length="5.00" nVehEntered="7"/>
    <interval begin="16200.00" end="16300.00" id="inductionLoop.S2" nVehContrib="4" flow="144.00" occupancy="2.12" speed="12.60" harmonicMeanSpeed="12.51" length="5.00" nVehEntered="6"/>
    <interval begin="16300.00" end="16400.00" id="inductionLoop.S2" nVehContrib="0" flow="0.00" occupancy="0.00" speed="-1.00" harmonicMeanSpeed="-1.00" length="-1.00" nVehEntered="0"/>
    <interval begin="16400.00" end="16500.00" id="inductionLoop.S2" nVehContrib="1" flow="36.00" occupancy="0.52" speed="10.62" harmonicMeanSpeed="10.62" length="5.00" nVehEntered="2"/>
    <interval begin="16500.00" end="16600.00" id="inductionLoop.S2" nVehContrib="4" flow="144.00" occupancy="2.37" speed="10.17" harmonicMeanSpeed="8.43" length="5.00" nVehEntered="4"/>
    <interval begin="16600.00" end="16700.00" id="inductionLoop.S2" nVehContrib="8" flow="288.00" occupancy="4.49" speed="10.63" harmonicMeanSpeed="8.90" length="5.00" nVehEntered="8"/>
    <interval begin="16700.00" end="16800.00" id="inductionLoop.S2" nVehContrib="3" flow="108.00" occupancy="2.11" speed="10.23" harmonicMeanSpeed="7.11" length="5.00" nVehEntered="3"/>
    <interval begin="16800.00" end="16900.00" id="inductionLoop.S2" nVehContrib="2" flow="72.00" occupancy="1.38" speed="9.10" harmonicMeanSpeed="7.23" length="5.00" nVehEntered="2"/>
    <interval begin="16900.00" end="17000.00" id="inductionLoop.S2" nVehContrib="0" flow="0.00" occupancy="0.00" speed="-1.00" harmonicMeanSpeed="-1.00" length="-1.00" nVehEntered="0"/>
    <interval begin="17000.00" end="17100.00" id="inductionLoop.S2" nVehContrib="1" flow="36.00" occupancy="0.34" speed="14.54" harmonicMeanSpeed="14.54" length="5.00" nVehEntered="1"/>
    <interval begin="17100.00" end="17200.00" id="inductionLoop.S2" nVehContrib="2" flow="72.00" occupancy="0.78" speed="12.88" harmonicMeanSpeed="12.87" length="5.00" nVehEntered="2"/>
    <interval begin="17200.00" end="17300.00" id="inductionLoop.S2" nVehContrib="4" flow="144.00" occupancy="2.45" speed="10.38" harmonicMeanSpeed="8.15" length="5.00" nVehEntered="4"/>
    <interval begin="17300.00" end="17400.00" id="inductionLoop.S2" nVehContrib="4" flow="144.00" occupancy="2.56" speed="10.26" harmonicMeanSpeed="8.46" length="5.00" nVehEntered="5"/>
    <interval begin="17400.00" end="17500.00" id="inductionLoop.S2" nVehContrib="2" flow="72.00" occupancy="0.85" speed="11.92" harmonicMeanSpeed="11.70" length="5.00" nVehEntered="2"/>
    <interval begin="17500.00" end="17600.00" id="inductionLoop.S2" nVehContrib="4" flow="144.00" occupancy="3.20" speed="9.20" harmonicMeanSpeed="6.25" length="5.00" nVehEntered="4"/>
    <interval begin="17600.00" end="17700.00" id="inductionLoop.S2" nVehContrib="1" flow="36.00" occupancy="1.02" speed="4.90" harmonicMeanSpeed="4.90" length="5.00" nVehEntered="1"/>
    <interval begin="17700.00" end="17800.00" id="inductionLoop.S2" nVehContrib="4" flow="144.00" occupancy="1.99" speed="11.99" harmonicMeanSpeed="11.93" length="5.00" nVehEntered="5"/>
    <interval begin="17800.00" end="17900.00" id="inductionLoop.S2" nVehContrib="1" flow="36.00" occupancy="0.45" speed="11.21" harmonicMeanSpeed="11.21" length="5.00" nVehEntered="1"/>
    <interval begin="17900.00" end="18000.00" id="inductionLoop.S2" nVehContrib="3" flow="108.00" occupancy="1.34" speed="11.58" harmonicMeanSpeed="11.21" length="5.00" nVehEntered="3"/>
    <interval begin="18000.00" end="18100.00" id="inductionLoop.S2" nVehContrib="3" flow="108.00" occupancy="1.14" speed="13.19" harmonicMeanSpeed="13.16" length="5.00" nVehEntered="3"/>
    <interval begin="18100.00" end="18200.00" id="inductionLoop.S2" nVehContrib="4" flow="144.00" occupancy="2.40" speed="10.77" harmonicMeanSpeed="8.35" length="5.00" nVehEntered="4"/>
    <interval begin="18200.00" end="18300.00" id="inductionLoop.S2" nVehContrib="1" flow="36.00" occupancy="0.39" speed="12.96" harmonicMeanSpeed="12.96" length="5.00" nVehEntered="1"/>
    <interval begin="18300.00" end="18400.00" id="inductionLoop.S2" nVehContrib="1" flow="36.00" occupancy="0.46" speed="10.76" harmonicMeanSpeed="10.76" length="5.00" nVehEntered="1"/>
    <interval begin="18400.00" end="18500.00" id="inductionLoop.S2" nVehContrib="0" flow="0.00" occupancy="0.00" speed="-1.00" harmonicMeanSpeed="-1.00" length="-1.00" nVehEntered="0"/>
    <interval begin="18500.00" end="18600.00" id="inductionLoop.S2" nVehContrib="3" flow="108.00" occupancy="1.05" speed="14.32" harmonicMeanSpeed="14.23" length="5.00" nVehEntered="3"/>
    <interval begin="18600.00" end="18700.00" id="inductionLoop.S2" nVehContrib="2" flow="72.00" occupancy="0.81" speed="12.38" harmonicMeanSpeed="12.38" length="5.00" nVehEntered="2"/>
    <interval begin="18700.00" end="18800.00" id="inductionLoop.S2" nVehContrib="4" flow="144.00" occupancy="2.51" speed="10.05" harmonicMeanSpeed="7.96" length="5.00" nVehEntered="4"/>
    <interval begin="18800.00" end="18900.00" id="inductionLoop.S2" nVehContrib="6" flow="216.00" occupancy="2.83" speed="11.06" harmonicMeanSpeed="10.61" length="5.00" nVehEntered="6"/>
    <interval begin="18900.00" end="19000.00" id="inductionLoop.S2" nVehContrib="2" flow="72.00" occupancy="0.99" speed="12.38" harmonicMeanSpeed="12.38" length="5.00" nVehEntered="3"/>
    <interval begin="19000.00" end="19100.00" id="inductionLoop.S2" nVehContrib="8" flow="288.00" occupancy="24.87" speed="9.94" harmonicMeanSpeed="1.61" length="5.00" nVehEntered="8"/>
    <interval begin="19100.00" end="19200.00" id="inductionLoop.S2" nVehContrib="1" flow="36.00" occupancy="0.74" speed="11.76" harmonicMeanSpeed="11.76" length="5.00" nVehEntered="2"/>
    <interval begin="19200.00" end="19300.00" id="inductionLoop.S2" nVehContrib="1" flow="36.00" occupancy="0.35" speed="14.14" harmonicMeanSpeed="14.14" length="5.00" nVehEntered="1"/>
    <interval begin="19300.00" end="19400.00" id="inductionLoop.S2" nVehContrib="0" flow="0.00" occupancy="0.00" speed="-1.00" harmonicMeanSpeed="-1.00" length="-1.00" nVehEntered="0"/>
    <interval begin="19400.00" end="19500.00" id="inductionLoop.S2" nVehContrib="5" flow="180.00" occupancy="3.86" speed="8.65" harmonicMeanSpeed="6.48" length="5.00" nVehEntered="5"/>
    <interval begin="19500.00" end="19600.00" id="inductionLoop.S2" nVehContrib="9" flow="324.00" occupancy="22.83" speed="7.92" harmonicMeanSpeed="2.42" length="5.00" nVehEntered="11"/>
    <interval begin="19600.00" end="19700.00" id="inductionLoop.S2" nVehContrib="9" flow="324.00" occupancy="3.69" speed="11.12" harmonicMeanSpeed="6.51" length="5.00" nVehEntered="8"/>
    <interval begin="19700.00" end="19800.00" id="inductionLoop.S2" nVehContrib="9" flow="324.00" occupancy="29.44" speed="7.39" harmonicMeanSpeed="1.55" length="5.00" nVehEntered="10"/>
    <interval begin="19800.00" end="19900.00" id="inductionLoop.S2" nVehContrib="6" flow="216.00" occupancy="4.31" speed="8.77" harmonicMeanSpeed="6.95" length="5.00" nVehEntered="6"/>
    <interval begin="19900.00" end="20000.00" id="inductionLoop.S2" nVehContrib="9" flow="324.00" occupancy="18.56" speed="9.24" harmonicMeanSpeed="2.55" length="5.00" nVehEntered="10"/>
    <interval begin="20000.00" end="20100.00" id="inductionLoop.S2" nVehContrib="5" flow="180.00" occupancy="2.81" speed="10.76" harmonicMeanSpeed="8.90" length="5.00" nVehEntered="5"/>
    <interval begin="20100.00" end="20200.00" id="inductionLoop.S2" nVehContrib="1" flow="36.00" occupancy="0.43" speed="11.76" harmonicMeanSpeed="11.76" length="5.00" nVehEntered="1"/>
    <interval begin="20200.00" end="20300.00" id="inductionLoop.S2" nVehContrib="8" flow="288.00" occupancy="3.64" speed="12.29" harmonicMeanSpeed="12.13" length="5.00" nVehEntered="9"/>
    <interval begin="20300.00" end="20400.00" id="inductionLoop.S2" nVehContrib="6" flow="216.00" occupancy="4.59" speed="8.34" harmonicMeanSpeed="6.54" length="5.00" nVehEntered="6"/>
    <interval begin="20400.00" end="20500.00" id="inductionLoop.S2" nVehContrib="5" flow="180.00" occupancy="4.98" speed="7.85" harmonicMeanSpeed="5.95" length="5.00" nVehEntered="6"/>
    <interval begin="20500.00" end="20600.00" id="inductionLoop.S2" nVehContrib="9" flow="324.00" occupancy="9.07" speed="7.24" harmonicMeanSpeed="5.13" length="5.00" nVehEntered="10"/>
    <interval begin="20600.00" end="20700.00" id="inductionLoop.S2" nVehContrib="6" flow="216.00" occupancy="5.85" speed="8.42" harmonicMeanSpeed="5.68" length="5.00" nVehEntered="7"/>
    <interval begin="20700.00" end="20800.00" id="inductionLoop.S2" nVehContrib="8" flow="288.00" occupancy="32.07" speed="9.43" harmonicMeanSpeed="7.85" length="5.00" nVehEntered="10"/>
    <interval begin="20800.00" end="20900.00" id="inductionLoop.S2" nVehContrib="9" flow="324.00" occupancy="10.74" speed="4.72" harmonicMeanSpeed="1.20" length="5.00" nVehEntered="9"/>
    <interval begin="20900.00" end="21000.00" id="inductionLoop.S2" nVehContrib="8" flow="288.00" occupancy="22.52" speed="7.64" harmonicMeanSpeed="1.80" length="5.00" nVehEntered="10"/>
    <interval begin="21000.00" end="21100.00" id="inductionLoop.S2" nVehContrib="4" flow="144.00" occupancy="2.11" speed="10.10" harmonicMeanSpeed="9.95" length="5.00" nVehEntered="5"/>
    <interval begin="21100.00" end="21200.00" id="inductionLoop.S2" nVehContrib="7" flow="252.00" occupancy="3.61" speed="10.29" harmonicMeanSpeed="9.92" length="5.00" nVehEntered="8"/>
    <interval begin="21200.00" end="21300.00" id="inductionLoop.S2" nVehContrib="5" flow="180.00" occupancy="2.21" speed="12.28" harmonicMeanSpeed="12.08" length="5.00" nVehEntered="6"/>
    <interval begin="21300.00" end="21400.00" id="inductionLoop.S2" nVehContrib="10" flow="360.00" occupancy="23.08" speed="10.83" harmonicMeanSpeed="10.60" length="5.00" nVehEntered="11"/>
    <interval begin="21400.00" end="21500.00" id="inductionLoop.S2" nVehContrib="6" flow="216.00" occupancy="23.06" speed="1.92" harmonicMeanSpeed="0.72" length="5.00" nVehEntered="5"/>
    <interval begin="21500.00" end="21600.00" id="inductionLoop.S2" nVehContrib="11" flow="396.00" occupancy="26.96" speed="2.66" harmonicMeanSpeed="2.04" length="5.00" nVehEntered="11"/>
    <interval begin="21600.00" end="21700.00" id="inductionLoop.S2" nVehContrib="6" flow="216.00" occupancy="7.60" speed="4.81" harmonicMeanSpeed="4.15" length="5.00" nVehEntered="8"/>
    <interval begin="21700.00" end="21800.00" id="inductionLoop.S2" nVehContrib="6" flow="216.00" occupancy="13.03" speed="2.99" harmonicMeanSpeed="2.43" length="5.00" nVehEntered="6"/>
    <interval begin="21800.00" end="21900.00" id="inductionLoop.S2" nVehContrib="9" flow="324.00" occupancy="16.70" speed="5.03" harmonicMeanSpeed="3.21" length="5.00" nVehEntered="10"/>
    <interval begin="21900.00" end="22000.00" id="inductionLoop.S2" nVehContrib="10" flow="360.00" occupancy="13.56" speed="5.88" harmonicMeanSpeed="3.08" length="5.00" nVehEntered="9"/>
    <interval begin="22000.00" end="22100.00" id="inductionLoop.S2" nVehContrib="8" flow="288.00" occupancy="6.67" speed="9.08" harmonicMeanSpeed="6.61" length="5.00" nVehEntered="9"/>
    <interval begin="22100.00" end="22200.00" id="inductionLoop.S2" nVehContrib="5" flow="180.00" occupancy="2.61" speed="9.99" harmonicMeanSpeed="9.75" length="5.00" nVehEntered="6"/>
    <interval begin="22200.00" end="22300.00" id="inductionLoop.S2" nVehContrib="8" flow="288.00" occupancy="3.70" speed="11.38" harmonicMeanSpeed="11.03" length="5.00" nVehEntered="9"/>
    <interval begin="22300.00" end="22400.00" id="inductionLoop.S2" nVehContrib="6" flow="216.00" occupancy="2.88" speed="10.62" harmonicMeanSpeed="10.43" length="5.00" nVehEntered="6"/>
    <interval begin="22400.00" end="22500.00" id="inductionLoop.S2" nVehContrib="5" flow="180.00" occupancy="2.12" speed="12.11" harmonicMeanSpeed="11.82" length="5.00" nVehEntered="5"/>
    <interval begin="22500.00" end="22600.00" id="inductionLoop.S2" nVehContrib="9" flow="324.00" occupancy="4.91" speed="10.33" harmonicMeanSpeed="9.17" length="5.00" nVehEntered="9"/>
    <interval begin="22600.00" end="22700.00" id="inductionLoop.S2" nVehContrib="7" flow="252.00" occupancy="32.83" speed="7.38" harmonicMeanSpeed="1.46" length="5.00" nVehEntered="10"/>
    <interval begin="22700.00" end="22800.00" id="inductionLoop.S2" nVehContrib="6" flow="216.00" occupancy="32.53" speed="2.84" harmonicMeanSpeed="0.74" length="5.00" nVehEntered="6"/>
    <interval begin="22800.00" end="22900.00" id="inductionLoop.S2" nVehContrib="9" flow="324.00" occupancy="19.61" speed="4.95" harmonicMeanSpeed="2.43" length="5.00" nVehEntered="10"/>
    <interval begin="22900.00" end="23000.00" id="inductionLoop.S2" nVehContrib="10" flow="360.00" occupancy="49.53" speed="7.09" harmonicMeanSpeed="1.01" length="5.00" nVehEntered="11"/>
    <interval begin="23000.00" end="23100.00" id="inductionLoop.S2" nVehContrib="8" flow="288.00" occupancy="34.99" speed="6.36" harmonicMeanSpeed="2.19" length="5.00" nVehEntered="10"/>
    <interval begin="23100.00" end="23200.00" id="inductionLoop.S2" nVehContrib="5" flow="180.00" occupancy="30.95" speed="3.41" harmonicMeanSpeed="0.53" length="5.00" nVehEntered="5"/>
    <interval begin="23200.00" end="23300.00" id="inductionLoop.S2" nVehContrib="7" flow="252.00" occupancy="10.78" speed="7.26" harmonicMeanSpeed="3.52" length="5.00" nVehEntered="9"/>
    <interval begin="23300.00" end="23400.00" id="inductionLoop.S2" nVehContrib="11" flow="396.00" occupancy="24.72" speed="9.22" harmonicMeanSpeed="2.23" length="5.00" nVehEntered="11"/>
    <interval begin="23400.00" end="23500.00" id="inductionLoop.S2" nVehContrib="6" flow="216.00" occupancy="32.85" speed="7.60" harmonicMeanSpeed="0.93" length="5.00" nVehEntered="8"/>
    <interval begin="23500.00" end="23600.00" id="inductionLoop.S2" nVehContrib="8" flow="288.00" occupancy="6.53" speed="8.13" harmonicMeanSpeed="6.13" length="5.00" nVehEntered="8"/>
    <interval begin="23600.00" end="23700.00" id="inductionLoop.S2" nVehContrib="8" flow="288.00" occupancy="4.77" speed="10.08" harmonicMeanSpeed="8.38" length="5.00" nVehEntered="8"/>
    <interval begin="23700.00" end="23800.00" id="inductionLoop.S2" nVehContrib="7" flow="252.00" occupancy="5.93" speed="9.38" harmonicMeanSpeed="7.12" length="5.00" nVehEntered="8"/>
    <interval begin="23800.00" end="23900.00" id="inductionLoop.S2" nVehContrib="6" flow="216.00" occupancy="9.85" speed="8.47" harmonicMeanSpeed="3.63" length="5.00" nVehEntered="7"/>
    <interval begin="23900.00" end="24000.00" id="inductionLoop.S2" nVehContrib="6" flow="216.00" occupancy="2.50" speed="12.14" harmonicMeanSpeed="11.99" length="5.00" nVehEntered="6"/>
    <interval begin="24000.00" end="24100.00" id="inductionLoop.S2" nVehContrib="5" flow="180.00" occupancy="3.33" speed="10.20" harmonicMeanSpeed="8.27" length="5.00" nVehEntered="6"/>
    <interval begin="24100.00" end="24200.00" id="inductionLoop.S2" nVehContrib="10" flow="360.00" occupancy="10.71" speed="8.74" harmonicMeanSpeed="4.88" length="5.00" nVehEntered="11"/>
    <interval begin="24200.00" end="24300.00" id="inductionLoop.S2" nVehContrib="7" flow="252.00" occupancy="22.25" speed="6.49" harmonicMeanSpeed="1.61" length="5.00" nVehEntered="9"/>
    <interval begin="24300.00" end="24400.00" id="inductionLoop.S2" nVehContrib="7" flow="252.00" occupancy="3.43" speed="10.50" harmonicMeanSpeed="10.19" length="5.00" nVehEntered="7"/>
    <interval begin="24400.00" end="24500.00" id="inductionLoop.S2" nVehContrib="4" flow="144.00" occupancy="2.09" speed="10.60" harmonicMeanSpeed="10.28" length="5.00" nVehEntered="5"/>
    <interval begin="24500.00" end="24600.00" id="inductionLoop.S2" nVehContrib="3" flow="108.00" occupancy="1.24" speed="12.15" harmonicMeanSpeed="12.10" length="5.00" nVehEntered="3"/>
    <interval begin="24600.00" end="24700.00" id="inductionLoop.S2" nVehContrib="4" flow="144.00" occupancy="2.46" speed="9.91" harmonicMeanSpeed="8.13" length="5.00" nVehEntered="4"/>
    <interval begin="24700.00" end="24800.00" id="inductionLoop.S2" nVehContrib="8" flow="288.00" occupancy="6.48" speed="10.00" harmonicMeanSpeed="6.86" length="5.00" nVehEntered="10"/>
    <interval begin="24800.00" end="24900.00" id="inductionLoop.S2" nVehContrib="4" flow="144.00" occupancy="4.27" speed="6.78" harmonicMeanSpeed="5.09" length="5.00" nVehEntered="5"/>
    <interval begin="24900.00" end="25000.00" id="inductionLoop.S2" nVehContrib="9" flow="324.00" occupancy="48.72" speed="5.96" harmonicMeanSpeed="0.92" length="5.00" nVehEntered="9"/>
    <interval begin="25000.00" end="25100.00" id="inductionLoop.S2" nVehContrib="9" flow="324.00" occupancy="11.19" speed="8.29" harmonicMeanSpeed="4.64" length="5.00" nVehEntered="11"/>
    <interval begin="25100.00" end="25200.00" id="inductionLoop.S2" nVehContrib="6" flow="216.00" occupancy="22.93" speed="6.87" harmonicMeanSpeed="1.35" length="5.00" nVehEntered="7"/>
    <interval begin="25200.00" end="25300.00" id="inductionLoop.S2" nVehContrib="11" flow="396.00" occupancy="8.28" speed="8.08" harmonicMeanSpeed="6.73" length="5.00" nVehEntered="12"/>
    <interval begin="25300.00" end="25400.00" id="inductionLoop.S2" nVehContrib="7" flow="252.00" occupancy="6.39" speed="9.50" harmonicMeanSpeed="5.48" length="5.00" nVehEntered="7"/>
    <interval begin="25400.00" end="25500.00" id="inductionLoop.S2" nVehContrib="8" flow="288.00" occupancy="23.77" speed="7.05" harmonicMeanSpeed="1.71" length="5.00" nVehEntered="10"/>
    <interval begin="25500.00" end="25600.00" id="inductionLoop.S2" nVehContrib="15" flow="540.00" occupancy="10.64" speed="10.34" harmonicMeanSpeed="7.32" length="5.00" nVehEntered="16"/>
    <interval begin="25600.00" end="25700.00" id="inductionLoop.S2" nVehContrib="7" flow="252.00" occupancy="19.90" speed="4.99" harmonicMeanSpeed="1.73" length="5.00" nVehEntered="6"/>
    <interval begin="25700.00" end="25800.00" id="inductionLoop.S2" nVehContrib="7" flow="252.00" occupancy="10.50" speed="4.40" harmonicMeanSpeed="3.41" length="5.00" nVehEntered="9"/>
    <interval begin="25800.00" end="25900.00" id="inductionLoop.S2" nVehContrib="14" flow="504.00" occupancy="14.10" speed="7.08" harmonicMeanSpeed="5.26" length="5.00" nVehEntered="14"/>
    <interval begin="25900.00" end="26000.00" id="inductionLoop.S2" nVehContrib="8" flow="288.00" occupancy="15.01" speed="8.32" harmonicMeanSpeed="2.78" length="5.00" nVehEntered="11"/>
    <interval begin="26000.00" end="26100.00" id="inductionLoop.S2" nVehContrib="8" flow="288.00" occupancy="4.44" speed="11.10" harmonicMeanSpeed="9.01" length="5.00" nVehEntered="8"/>
    <interval begin="26100.00" end="26200.00" id="inductionLoop.S2" nVehContrib="4" flow="144.00" occupancy="16.42" speed="7.17" harmonicMeanSpeed="5.72" length="5.00" nVehEntered="7"/>
    <interval begin="26200.00" end="26300.00" id="inductionLoop.S2" nVehContrib="10" flow="360.00" occupancy="20.15" speed="7.78" harmonicMeanSpeed="1.53" length="5.00" nVehEntered="9"/>
    <interval begin="26300.00" end="26400.00" id="inductionLoop.S2" nVehContrib="7" flow="252.00" occupancy="32.41" speed="7.26" harmonicMeanSpeed="1.13" length="5.00" nVehEntered="9"/>
    <interval begin="26400.00" end="26500.00" id="inductionLoop.S2" nVehContrib="6" flow="216.00" occupancy="9.51" speed="7.60" harmonicMeanSpeed="3.27" length="5.00" nVehEntered="7"/>
    <interval begin="26500.00" end="26600.00" id="inductionLoop.S2" nVehContrib="6" flow="216.00" occupancy="6.84" speed="8.15" harmonicMeanSpeed="6.70" length="5.00" nVehEntered="9"/>
    <interval begin="26600.00" end="26700.00" id="inductionLoop.S2" nVehContrib="7" flow="252.00" occupancy="13.62" speed="10.51" harmonicMeanSpeed="6.16" length="5.00" nVehEntered="9"/>
    <interval begin="26700.00" end="26800.00" id="inductionLoop.S2" nVehContrib="6" flow="216.00" occupancy="15.24" speed="5.61" harmonicMeanSpeed="1.24" length="5.00" nVehEntered="5"/>
    <interval begin="26800.00" end="26900.00" id="inductionLoop.S2" nVehContrib="4" flow="144.00" occupancy="23.49" speed="7.59" harmonicMeanSpeed="0.88" length="5.00" nVehEntered="5"/>
    <interval begin="26900.00" end="27000.00" id="inductionLoop.S2" nVehContrib="8" flow="288.00" occupancy="4.31" speed="10.28" harmonicMeanSpeed="9.70" length="5.00" nVehEntered="9"/>
    <interval begin="27000.00" end="27100.00" id="inductionLoop.S2" nVehContrib="4" flow="144.00" occupancy="1.69" speed="12.00" harmonicMeanSpeed="11.87" length="5.00" nVehEntered="4"/>
    <interval begin="27100.00" end="27200.00" id="inductionLoop.S2" nVehContrib="6" flow="216.00" occupancy="2.41" speed="12.49" harmonicMeanSpeed="12.43" length="5.00" nVehEntered="6"/>
    <interval begin="27200.00" end="27300.00" id="inductionLoop.S2" nVehContrib="7" flow="252.00" occupancy="3.67" speed="11.50" harmonicMeanSpeed="11.25" length="5.00" nVehEntered="9"/>
    <interval begin="27300.00" end="27400.00" id="inductionLoop.S2" nVehContrib="7" flow="252.00" occupancy="4.74" speed="9.69" harmonicMeanSpeed="8.91" length="5.00" nVehEntered="9"/>
    <interval begin="27400.00" end="27500.00" id="inductionLoop.S2" nVehContrib="10" flow="360.00" occupancy="28.26" speed="5.79" harmonicMeanSpeed="1.77" length="5.00" nVehEntered="10"/>
    <interval begin="27500.00" end="27600.00" id="inductionLoop.S2" nVehContrib="8" flow="288.00" occupancy="13.61" speed="4.81" harmonicMeanSpeed="2.94" length="5.00" nVehEntered="8"/>
    <interval begin="27600.00" end="27700.00" id="inductionLoop.S2" nVehContrib="11" flow="396.00" occupancy="33.87" speed="3.00" harmonicMeanSpeed="1.85" length="5.00" nVehEntered="13"/>
    <interval begin="27700.00" end="27800.00" id="inductionLoop.S2" nVehContrib="11" flow="396.00" occupancy="63.24" speed="3.44" harmonicMeanSpeed="0.82" length="5.00" nVehEntered="10"/>
    <interval begin="27800.00" end="27900.00" id="inductionLoop.S2" nVehContrib="12" flow="432.00" occupancy="62.58" speed="6.47" harmonicMeanSpeed="1.00" length="5.00" nVehEntered="13"/>
    <interval begin="27900.00" end="28000.00" id="inductionLoop.S2" nVehContrib="8" flow="288.00" occupancy="17.80" speed="3.22" harmonicMeanSpeed="1.94" length="5.00" nVehEntered="7"/>
    <interval begin="28000.00" end="28100.00" id="inductionLoop.S2" nVehContrib="4" flow="144.00" occupancy="12.93" speed="2.00" harmonicMeanSpeed="1.65" length="5.00" nVehEntered="5"/>
    <interval begin="28100.00" end="28200.00" id="inductionLoop.S2" nVehContrib="15" flow="540.00" occupancy="41.04" speed="4.08" harmonicMeanSpeed="2.64" length="5.00" nVehEntered="15"/>
    <interval begin="28200.00" end="28300.00" id="inductionLoop.S2" nVehContrib="7" flow="252.00" occupancy="60.70" speed="1.54" harmonicMeanSpeed="0.47" length="5.00" nVehEntered="6"/>
    <interval begin="28300.00" end="28400.00" id="inductionLoop.S2" nVehContrib="10" flow="360.00" occupancy="33.52" speed="4.03" harmonicMeanSpeed="3.24" length="5.00" nVehEntered="11"/>
    <interval begin="28400.00" end="28500.00" id="inductionLoop.S2" nVehContrib="12" flow="432.00" occupancy="61.34" speed="3.49" harmonicMeanSpeed="0.76" length="5.00" nVehEntered="11"/>
    <interval begin="28500.00" end="28600.00" id="inductionLoop.S2" nVehContrib="7" flow="252.00" occupancy="43.44" speed="2.86" harmonicMeanSpeed="0.81" length="5.00" nVehEntered="7"/>
    <interval begin="28600.00" end="28700.00" id="inductionLoop.S2" nVehContrib="2" flow="72.00" occupancy="6.15" speed="2.27" harmonicMeanSpeed="1.71" length="5.00" nVehEntered="3"/>
    <interval begin="28700.00" end="28800.00" id="inductionLoop.S2" nVehContrib="16" flow="576.00" occupancy="31.98" speed="3.81" harmonicMeanSpeed="2.48" length="5.00" nVehEntered="15"/>
    <interval begin="28800.00" end="28900.00" id="inductionLoop.S2" nVehContrib="8" flow="288.00" occupancy="11.69" speed="5.85" harmonicMeanSpeed="3.42" length="5.00" nVehEntered="8"/>
    <interval begin="28900.00" end="29000.00" id="inductionLoop.S2" nVehContrib="1" flow="36.00" occupancy="1.99" speed="2.90" harmonicMeanSpeed="2.90" length="5.00" nVehEntered="2"/>
    <interval begin="29000.00" end="29100.00" id="inductionLoop.S2" nVehContrib="12" flow="432.00" occupancy="30.51" speed="4.06" harmonicMeanSpeed="1.95" length="5.00" nVehEntered="11"/>
    <interval begin="29100.00" end="29200.00" id="inductionLoop.S2" nVehContrib="11" flow="396.00" occupancy="23.48" speed="3.90" harmonicMeanSpeed="2.34" length="5.00" nVehEntered="11"/>
    <interval begin="29200.00" end="29300.00" id="inductionLoop.S2" nVehContrib="2" flow="72.00" occupancy="32.88" speed="1.40" harmonicMeanSpeed="1.39" length="5.00" nVehEntered="3"/>
    <interval begin="29300.00" end="29400.00" id="inductionLoop.S2" nVehContrib="11" flow="396.00" occupancy="56.76" speed="5.46" harmonicMeanSpeed="1.27" length="5.00" nVehEntered="11"/>
    <interval begin="29400.00" end="29500.00" id="inductionLoop.S2" nVehContrib="8" flow="288.00" occupancy="47.45" speed="2.24" harmonicMeanSpeed="0.46" length="5.00" nVehEntered="7"/>
    <interval begin="29500.00" end="29600.00" id="inductionLoop.S2" nVehContrib="7" flow="252.00" occupancy="17.34" speed="3.11" harmonicMeanSpeed="2.02" length="5.00" nVehEntered="7"/>
    <interval begin="29600.00" end="29700.00" id="inductionLoop.S2" nVehContrib="7" flow="252.00" occupancy="79.87" speed="4.43" harmonicMeanSpeed="0.51" length="5.00" nVehEntered="8"/>
    <interval begin="29700.00" end="29800.00" id="inductionLoop.S2" nVehContrib="12" flow="432.00" occupancy="66.73" speed="4.60" harmonicMeanSpeed="0.77" length="5.00" nVehEntered="11"/>
    <interval begin="29800.00" end="29900.00" id="inductionLoop.S2" nVehContrib="1" flow="36.00" occupancy="0.64" speed="7.83" harmonicMeanSpeed="7.83" length="5.00" nVehEntered="1"/>
    <interval begin="29900.00" end="30000.00" id="inductionLoop.S2" nVehContrib="5" flow="180.00" occupancy="2.43" speed="10.61" harmonicMeanSpeed="10.28" length="5.00" nVehEntered="5"/>
    <interval begin="30000.00" end="30100.00" id="inductionLoop.S2" nVehContrib="1" flow="36.00" occupancy="0.64" speed="12.93" harmonicMeanSpeed="12.93" length="5.00" nVehEntered="2"/>
    <interval begin="30100.00" end="30200.00" id="inductionLoop.S2" nVehContrib="4" flow="144.00" occupancy="2.60" speed="10.67" harmonicMeanSpeed="7.70" length="5.00" nVehEntered="4"/>
    <interval begin="30200.00" end="30300.00" id="inductionLoop.S2" nVehContrib="1" flow="36.00" occupancy="0.38" speed="13.21" harmonicMeanSpeed="13.21" length="5.00" nVehEntered="1"/>
    <interval begin="30300.00" end="30400.00" id="inductionLoop.S2" nVehContrib="2" flow="72.00" occupancy="1.07" speed="13.33" harmonicMeanSpeed="13.32" length="5.00" nVehEntered="3"/>
    <interval begin="30400.00" end="30500.00" id="inductionLoop.S2" nVehContrib="1" flow="36.00" occupancy="1.43" speed="3.93" harmonicMeanSpeed="3.93" length="5.00" nVehEntered="2"/>
    <interval begin="30500.00" end="30600.00" id="inductionLoop.S2" nVehContrib="1" flow="36.00" occupancy="0.42" speed="11.81" harmonicMeanSpeed="11.81" length="5.00" nVehEntered="1"/>
    <interval begin="30600.00" end="30700.00" id="inductionLoop.S2" nVehContrib="1" flow="36.00" occupancy="0.41" speed="12.09" harmonicMeanSpeed="12.09" length="5.00" nVehEntered="1"/>
    <interval begin="30700.00" end="30800.00" id="inductionLoop.S2" nVehContrib="0" flow="0.00" occupancy="0.00" speed="-1.00" harmonicMeanSpeed="-1.00" length="-1.00" nVehEntered="0"/>
    <interval begin="30800.00" end="30900.00" id="inductionLoop.S2" nVehContrib="0" flow="0.00" occupancy="0.00" speed="-1.00" harmonicMeanSpeed="-1.00" length="-1.00" nVehEntered="0"/>
    <interval begin="30900.00" end="31000.00" id="inductionLoop.S2" nVehContrib="1" flow="36.00" occupancy="0.36" speed="13.90" harmonicMeanSpeed="13.90" length="5.00" nVehEntered="1"/>
    <interval begin="31000.00" end="31100.00" id="inductionLoop.S2" nVehContrib="3" flow="108.00" occupancy="3.13" speed="6.80" harmonicMeanSpeed="4.79" length="5.00" nVehEntered="3"/>
    <interval begin="31100.00" end="31200.00" id="inductionLoop.S2" nVehContrib="8" flow="288.00" occupancy="5.67" speed="9.13" harmonicMeanSpeed="7.76" length="5.00" nVehEntered="9"/>
    <interval begin="31200.00" end="31300.00" id="inductionLoop.S2" nVehContrib="8" flow="288.00" occupancy="5.20" speed="9.58" harmonicMeanSpeed="7.70" length="5.00" nVehEntered="8"/>
    <interval begin="31300.00" end="31400.00" id="inductionLoop.S2" nVehContrib="7" flow="252.00" occupancy="3.05" speed="12.01" harmonicMeanSpeed="11.47" length="5.00" nVehEntered="7"/>
    <interval begin="31400.00" end="31500.00" id="inductionLoop.S2" nVehContrib="9" flow="324.00" occupancy="4.13" speed="11.45" harmonicMeanSpeed="10.91" length="5.00" nVehEntered="9"/>
    <interval begin="31500.00" end="31600.00" id="inductionLoop.S2" nVehContrib="7" flow="252.00" occupancy="9.47" speed="8.79" harmonicMeanSpeed="3.70" length="5.00" nVehEntered="7"/>
    <interval begin="31600.00" end="31700.00" id="inductionLoop.S2" nVehContrib="4" flow="144.00" occupancy="3.27" speed="10.57" harmonicMeanSpeed="8.80" length="5.00" nVehEntered="5"/>
    <interval begin="31700.00" end="31800.00" id="inductionLoop.S2" nVehContrib="2" flow="72.00" occupancy="1.53" speed="4.07" harmonicMeanSpeed="4.07" length="5.00" nVehEntered="2"/>
    <interval begin="31800.00" end="31900.00" id="inductionLoop.S2" nVehContrib="2" flow="72.00" occupancy="1.55" speed="7.88" harmonicMeanSpeed="6.46" length="5.00" nVehEntered="2"/>
    <interval begin="31900.00" end="32000.00" id="inductionLoop.S2" nVehContrib="5" flow="180.00" occupancy="2.91" speed="9.83" harmonicMeanSpeed="8.60" length="5.00" nVehEntered="5"/>
    <interval begin="32000.00" end="32100.00" id="inductionLoop.S2" nVehContrib="3" flow="108.00" occupancy="3.17" speed="7.37" harmonicMeanSpeed="5.34" length="5.00" nVehEntered="4"/>
    <interval begin="32100.00" end="32200.00" id="inductionLoop.S2" nVehContrib="2" flow="72.00" occupancy="1.72" speed="8.32" harmonicMeanSpeed="5.80" length="5.00" nVehEntered="2"/>
    <interval begin="32200.00" end="32300.00" id="inductionLoop.S2" nVehContrib="2" flow="72.00" occupancy="1.61" speed="8.74" harmonicMeanSpeed="6.19" length="5.00" nVehEntered="2"/>
    <interval begin="32300.00" end="32400.00" id="inductionLoop.S2" nVehContrib="2" flow="72.00" occupancy="1.67" speed="8.97" harmonicMeanSpeed="6.53" length="5.00" nVehEntered="3"/>
    <interval begin="32400.00" end="32500.00" id="inductionLoop.S2" nVehContrib="4" flow="144.00" occupancy="4.27" speed="8.67" harmonicMeanSpeed="7.21" length="5.00" nVehEntered="6"/>
    <interval begin="32500.00" end="32600.00" id="inductionLoop.S2" nVehContrib="13" flow="468.00" occupancy="13.10" speed="8.73" harmonicMeanSpeed="6.41" length="5.00" nVehEntered="15"/>
    <interval begin="32600.00" end="32700.00" id="inductionLoop.S2" nVehContrib="6" flow="216.00" occupancy="51.13" speed="3.66" harmonicMeanSpeed="0.59" length="5.00" nVehEntered="7"/>
    <interval begin="32700.00" end="32800.00" id="inductionLoop.S2" nVehContrib="7" flow="252.00" occupancy="9.43" speed="5.90" harmonicMeanSpeed="3.71" length="5.00" nVehEntered="7"/>
    <interval begin="32800.00" end="32900.00" id="inductionLoop.S2" nVehContrib="0" flow="0.00" occupancy="0.00" speed="-1.00" harmonicMeanSpeed="-1.00" length="-1.00" nVehEntered="0"/>
    <interval begin="32900.00" end="33000.00" id="inductionLoop.S2" nVehContrib="0" flow="0.00" occupancy="0.00" speed="-1.00" harmonicMeanSpeed="-1.00" length="-1.00" nVehEntered="0"/>
    <interval begin="33000.00" end="33100.00" id="inductionLoop.S2" nVehContrib="2" flow="72.00" occupancy="1.39" speed="9.24" harmonicMeanSpeed="7.20" length="5.00" nVehEntered="2"/>
    <interval begin="33100.00" end="33200.00" id="inductionLoop.S2" nVehContrib="10" flow="360.00" occupancy="6.41" speed="9.16" harmonicMeanSpeed="8.03" length="5.00" nVehEntered="11"/>
    <interval begin="33200.00" end="33300.00" id="inductionLoop.S2" nVehContrib="7" flow="252.00" occupancy="6.60" speed="8.75" harmonicMeanSpeed="6.17" length="5.00" nVehEntered="8"/>
    <interval begin="33300.00" end="33400.00" id="inductionLoop.S2" nVehContrib="4" flow="144.00" occupancy="16.43" speed="8.86" harmonicMeanSpeed="8.75" length="5.00" nVehEntered="5"/>
    <interval begin="33400.00" end="33500.00" id="inductionLoop.S2" nVehContrib="10" flow="360.00" occupancy="33.99" speed="4.58" harmonicMeanSpeed="1.06" length="5.00" nVehEntered="10"/>
    <interval begin="33500.00" end="33600.00" id="inductionLoop.S2" nVehContrib="11" flow="396.00" occupancy="7.74" speed="8.33" harmonicMeanSpeed="6.52" length="5.00" nVehEntered="11"/>
    <interval begin="33600.00" end="33700.00" id="inductionLoop.S2" nVehContrib="7" flow="252.00" occupancy="3.88" speed="10.39" harmonicMeanSpeed="9.01" length="5.00" nVehEntered="7"/>
    <interval begin="33700.00" end="33800.00" id="inductionLoop.S2" nVehContrib="1" flow="36.00" occupancy="0.42" speed="12.00" harmonicMeanSpeed="12.00" length="5.00" nVehEntered="1"/>
    <interval begin="33800.00" end="33900.00" id="inductionLoop.S2" nVehContrib="6" flow="216.00" occupancy="3.80" speed="10.23" harmonicMeanSpeed="7.89" length="5.00" nVehEntered="6"/>
    <interval begin="33900.00" end="34000.00" id="inductionLoop.S2" nVehContrib="6" flow="216.00" occupancy="9.38" speed="4.63" harmonicMeanSpeed="3.25" length="5.00" nVehEntered="7"/>
    <interval begin="34000.00" end="34100.00" id="inductionLoop.S2" nVehContrib="4" flow="144.00" occupancy="3.43" speed="10.04" harmonicMeanSpeed="7.18" length="5.00" nVehEntered="6"/>
    <interval begin="34100.00" end="34200.00" id="inductionLoop.S2" nVehContrib="6" flow="216.00" occupancy="3.07" speed="10.62" harmonicMeanSpeed="9.78" length="5.00" nVehEntered="6"/>
    <interval begin="34200.00" end="34300.00" id="inductionLoop.S2" nVehContrib="4" flow="144.00" occupancy="2.16" speed="11.47" harmonicMeanSpeed="9.27" length="5.00" nVehEntered="4"/>
    <interval begin="34300.00" end="34400.00" id="inductionLoop.S2" nVehContrib="8" flow="288.00" occupancy="17.47" speed="7.49" harmonicMeanSpeed="2.39" length="5.00" nVehEntered="11"/>
    <interval begin="34400.00" end="34500.00" id="inductionLoop.S2" nVehContrib="4" flow="144.00" occupancy="4.59" speed="7.91" harmonicMeanSpeed="5.08" length="5.00" nVehEntered="6"/>
    <interval begin="34500.00" end="34600.00" id="inductionLoop.S2" nVehContrib="7" flow="252.00" occupancy="47.61" speed="1.90" harmonicMeanSpeed="0.74" length="5.00" nVehEntered="8"/>
    <interval begin="34600.00" end="34700.00" id="inductionLoop.S2" nVehContrib="8" flow="288.00" occupancy="67.73" speed="1.68" harmonicMeanSpeed="0.59" length="5.00" nVehEntered="9"/>
    <interval begin="34700.00" end="34800.00" id="inductionLoop.S2" nVehContrib="4" flow="144.00" occupancy="5.02" speed="6.48" harmonicMeanSpeed="4.15" length="5.00" nVehEntered="5"/>
    <interval begin="34800.00" end="34900.00" id="inductionLoop.S2" nVehContrib="7" flow="252.00" occupancy="23.53" speed="8.50" harmonicMeanSpeed="5.69" length="5.00" nVehEntered="8"/>
    <interval begin="34900.00" end="35000.00" id="inductionLoop.S2" nVehContrib="12" flow="432.00" occupancy="24.36" speed="3.49" harmonicMeanSpeed="1.47" length="5.00" nVehEntered="11"/>
    <interval begin="35000.00" end="35100.00" id="inductionLoop.S2" nVehContrib="5" flow="180.00" occupancy="22.13" speed="1.51" harmonicMeanSpeed="1.13" length="5.00" nVehEntered="5"/>
    <interval begin="35100.00" end="35200.00" id="inductionLoop.S2" nVehContrib="7" flow="252.00" occupancy="40.02" speed="5.38" harmonicMeanSpeed="1.42" length="5.00" nVehEntered="9"/>
    <interval begin="35200.00" end="35300.00" id="inductionLoop.S2" nVehContrib="8" flow="288.00" occupancy="30.16" speed="3.64" harmonicMeanSpeed="0.94" length="5.00" nVehEntered="8"/>
    <interval begin="35300.00" end="35400.00" id="inductionLoop.S2" nVehContrib="7" flow="252.00" occupancy="10.67" speed="4.34" harmonicMeanSpeed="2.65" length="5.00" nVehEntered="6"/>
    <interval begin="35400.00" end="35500.00" id="inductionLoop.S2" nVehContrib="3" flow="108.00" occupancy="5.33" speed="3.14" harmonicMeanSpeed="2.82" length="5.00" nVehEntered="3"/>
    <interval begin="35500.00" end="35600.00" id="inductionLoop.S2" nVehContrib="3" flow="108.00" occupancy="1.13" speed="13.28" harmonicMeanSpeed="13.25" length="5.00" nVehEntered="3"/>
    <interval begin="35600.00" end="35700.00" id="inductionLoop.S2" nVehContrib="7" flow="252.00" occupancy="4.81" speed="9.41" harmonicMeanSpeed="7.28" length="5.00" nVehEntered="7"/>
    <interval begin="35700.00" end="35800.00" id="inductionLoop.S2" nVehContrib="1" flow="36.00" occupancy="0.34" speed="14.88" harmonicMeanSpeed="14.88" length="5.00" nVehEntered="1"/>
    <interval begin="35800.00" end="35900.00" id="inductionLoop.S2" nVehContrib="11" flow="396.00" occupancy="5.33" speed="10.64" harmonicMeanSpeed="10.32" length="5.00" nVehEntered="11"/>
    <interval begin="35900.00" end="36000.00" id="inductionLoop.S2" nVehContrib="4" flow="144.00" occupancy="68.44" speed="1.06" harmonicMeanSpeed="0.61" length="5.00" nVehEntered="6"/>
    <interval begin="36000.00" end="36100.00" id="inductionLoop.S2" nVehContrib="9" flow="324.00" occupancy="13.55" speed="3.63" harmonicMeanSpeed="0.91" length="5.00" nVehEntered="8"/>
    <interval begin="36100.00" end="36200.00" id="inductionLoop.S2" nVehContrib="1" flow="36.00" occupancy="0.38" speed="13.22" harmonicMeanSpeed="13.22" length="5.00" nVehEntered="1"/>
    <interval begin="36200.00" end="36300.00" id="inductionLoop.S2" nVehContrib="1" flow="36.00" occupancy="0.38" speed="13.24" harmonicMeanSpeed="13.24" length="5.00" nVehEntered="1"/>
    <interval begin="36300.00" end="36400.00" id="inductionLoop.S2" nVehContrib="4" flow="144.00" occupancy="4.34" speed="7.34" harmonicMeanSpeed="4.61" length="5.00" nVehEntered="4"/>
    <interval begin="36400.00" end="36500.00" id="inductionLoop.S2" nVehContrib="9" flow="324.00" occupancy="6.67" speed="7.88" harmonicMeanSpeed="6.74" length="5.00" nVehEntered="9"/>
    <interval begin="36500.00" end="36600.00" id="inductionLoop.S2" nVehContrib="8" flow="288.00" occupancy="14.55" speed="4.30" harmonicMeanSpeed="2.75" length="5.00" nVehEntered="8"/>
    <interval begin="36600.00" end="36700.00" id="inductionLoop.S2" nVehContrib="9" flow="324.00" occupancy="21.70" speed="2.66" harmonicMeanSpeed="2.07" length="5.00" nVehEntered="9"/>
    <interval begin="36700.00" end="36800.00" id="inductionLoop.S2" nVehContrib="7" flow="252.00" occupancy="35.94" speed="3.98" harmonicMeanSpeed="0.97" length="5.00" nVehEntered="7"/>
    <interval begin="36800.00" end="36900.00" id="inductionLoop.S2" nVehContrib="6" flow="216.00" occupancy="10.56" speed="8.39" harmonicMeanSpeed="6.21" length="5.00" nVehEntered="7"/>
    <interval begin="36900.00" end="37000.00" id="inductionLoop.S2" nVehContrib="12" flow="432.00" occupancy="52.18" speed="6.92" harmonicMeanSpeed="1.04" length="5.00" nVehEntered="11"/>
    <interval begin="37000.00" end="37100.00" id="inductionLoop.S2" nVehContrib="3" flow="108.00" occupancy="9.71" speed="1.72" harmonicMeanSpeed="1.63" length="5.00" nVehEntered="4"/>
    <interval begin="37100.00" end="37200.00" id="inductionLoop.S2" nVehContrib="8" flow="288.00" occupancy="43.05" speed="7.36" harmonicMeanSpeed="0.92" length="5.00" nVehEntered="7"/>
    <interval begin="37200.00" end="37300.00" id="inductionLoop.S2" nVehContrib="9" flow="324.00" occupancy="43.65" speed="5.02" harmonicMeanSpeed="1.04" length="5.00" nVehEntered="11"/>
    <interval begin="37300.00" end="37400.00" id="inductionLoop.S2" nVehContrib="6" flow="216.00" occupancy="6.51" speed="9.05" harmonicMeanSpeed="4.61" length="5.00" nVehEntered="6"/>
    <interval begin="37400.00" end="37500.00" id="inductionLoop.S2" nVehContrib="7" flow="252.00" occupancy="3.70" speed="9.65" harmonicMeanSpeed="9.45" length="5.00" nVehEntered="7"/>
    <interval begin="37500.00" end="37600.00" id="inductionLoop.S2" nVehContrib="6" flow="216.00" occupancy="2.46" speed="12.48" harmonicMeanSpeed="12.21" length="5.00" nVehEntered="6"/>
    <interval begin="37600.00" end="37700.00" id="inductionLoop.S2" nVehContrib="8" flow="288.00" occupancy="4.88" speed="10.35" harmonicMeanSpeed="8.35" length="5.00" nVehEntered="9"/>
    <interval begin="37700.00" end="37800.00" id="inductionLoop.S2" nVehContrib="11" flow="396.00" occupancy="6.36" speed="11.14" harmonicMeanSpeed="10.67" length="5.00" nVehEntered="13"/>
    <interval begin="37800.00" end="37900.00" id="inductionLoop.S2" nVehContrib="10" flow="360.00" occupancy="7.65" speed="10.28" harmonicMeanSpeed="6.96" length="5.00" nVehEntered="12"/>
    <interval begin="37900.00" end="38000.00" id="inductionLoop.S2" nVehContrib="2" flow="72.00" occupancy="78.24" speed="4.38" harmonicMeanSpeed="0.13" length="5.00" nVehEntered="2"/>
    <interval begin="38000.00" end="38100.00" id="inductionLoop.S2" nVehContrib="13" flow="468.00" occupancy="19.73" speed="5.62" harmonicMeanSpeed="3.29" length="5.00" nVehEntered="13"/>
    <interval begin="38100.00" end="38200.00" id="inductionLoop.S2" nVehContrib="12" flow="432.00" occupancy="69.80" speed="4.72" harmonicMeanSpeed="1.54" length="5.00" nVehEntered="13"/>
    <interval begin="38200.00" end="38300.00" id="inductionLoop.S2" nVehContrib="13" flow="468.00" occupancy="40.55" speed="6.45" harmonicMeanSpeed="0.91" length="5.00" nVehEntered="12"/>
    <interval begin="38300.00" end="38400.00" id="inductionLoop.S2" nVehContrib="4" flow="144.00" occupancy="13.28" speed="3.00" harmonicMeanSpeed="1.51" length="5.00" nVehEntered="4"/>
    <interval begin="38400.00" end="38500.00" id="inductionLoop.S2" nVehContrib="10" flow="360.00" occupancy="23.83" speed="6.33" harmonicMeanSpeed="2.13" length="5.00" nVehEntered="11"/>
    <interval begin="38500.00" end="38600.00" id="inductionLoop.S2" nVehContrib="8" flow="288.00" occupancy="27.16" speed="2.08" harmonicMeanSpeed="1.52" length="5.00" nVehEntered="9"/>
    <interval begin="38600.00" end="38700.00" id="inductionLoop.S2" nVehContrib="9" flow="324.00" occupancy="18.83" speed="5.59" harmonicMeanSpeed="3.50" length="5.00" nVehEntered="10"/>
    <interval begin="38700.00" end="38800.00" id="inductionLoop.S2" nVehContrib="7" flow="252.00" occupancy="53.83" speed="3.94" harmonicMeanSpeed="0.59" length="5.00" nVehEntered="6"/>
    <interval begin="38800.00" end="38900.00" id="inductionLoop.S2" nVehContrib="10" flow="360.00" occupancy="74.74" speed="3.04" harmonicMeanSpeed="0.67" length="5.00" nVehEntered="10"/>
    <interval begin="38900.00" end="39000.00" id="inductionLoop.S2" nVehContrib="7" flow="252.00" occupancy="66.00" speed="3.32" harmonicMeanSpeed="0.53" length="5.00" nVehEntered="7"/>
    <interval begin="39000.00" end="39100.00" id="inductionLoop.S2" nVehContrib="16" flow="576.00" occupancy="20.70" speed="5.84" harmonicMeanSpeed="3.86" length="5.00" nVehEntered="16"/>
    <interval begin="39100.00" end="39200.00" id="inductionLoop.S2" nVehContrib="11" flow="396.00" occupancy="20.68" speed="4.88" harmonicMeanSpeed="2.66" length="5.00" nVehEntered="11"/>
    <interval begin="39200.00" end="39300.00" id="inductionLoop.S2" nVehContrib="12" flow="432.00" occupancy="20.78" speed="5.62" harmonicMeanSpeed="3.35" length="5.00" nVehEntered="13"/>
    <interval begin="39300.00" end="39400.00" id="inductionLoop.S2" nVehContrib="9" flow="324.00" occupancy="68.96" speed="5.32" harmonicMeanSpeed="0.63" length="5.00" nVehEntered="8"/>
    <interval begin="39400.00" end="39500.00" id="inductionLoop.S2" nVehContrib="14" flow="504.00" occupancy="16.21" speed="7.40" harmonicMeanSpeed="6.43" length="5.00" nVehEntered="15"/>
    <interval begin="39500.00" end="39600.00" id="inductionLoop.S2" nVehContrib="9" flow="324.00" occupancy="67.61" speed="4.86" harmonicMeanSpeed="0.62" length="5.00" nVehEntered="8"/>
    <interval begin="39600.00" end="39700.00" id="inductionLoop.S2" nVehContrib="1" flow="36.00" occupancy="3.93" speed="1.27" harmonicMeanSpeed="1.27" length="5.00" nVehEntered="1"/>
    <interval begin="39700.00" end="39800.00" id="inductionLoop.S2" nVehContrib="19" flow="684.00" occupancy="20.89" speed="7.04" harmonicMeanSpeed="4.55" length="5.00" nVehEntered="19"/>
    <interval begin="39800.00" end="39900.00" id="inductionLoop.S2" nVehContrib="1" flow="36.00" occupancy="28.82" speed="0.17" harmonicMeanSpeed="0.17" length="5.00" nVehEntered="1"/>
    <interval begin="39900.00" end="40000.00" id="inductionLoop.S2" nVehContrib="6" flow="216.00" occupancy="17.32" speed="2.19" harmonicMeanSpeed="1.79" length="5.00" nVehEntered="7"/>
    <interval begin="40000.00" end="40100.00" id="inductionLoop.S2" nVehContrib="16" flow="576.00" occupancy="13.11" speed="8.16" harmonicMeanSpeed="5.87" length="5.00" nVehEntered="15"/>
    <interval begin="40100.00" end="40200.00" id="inductionLoop.S2" nVehContrib="9" flow="324.00" occupancy="12.45" speed="5.61" harmonicMeanSpeed="3.61" length="5.00" nVehEntered="9"/>
    <interval begin="40200.00" end="40300.00" id="inductionLoop.S2" nVehContrib="14" flow="504.00" occupancy="16.38" speed="6.32" harmonicMeanSpeed="4.27" length="5.00" nVehEntered="14"/>
    <interval begin="40300.00" end="40400.00" id="inductionLoop.S2" nVehContrib="6" flow="216.00" occupancy="19.73" speed="3.20" harmonicMeanSpeed="1.52" length="5.00" nVehEntered="6"/>
    <interval begin="40400.00" end="40500.00" id="inductionLoop.S2" nVehContrib="9" flow="324.00" occupancy="60.81" speed="6.14" harmonicMeanSpeed="0.74" length="5.00" nVehEntered="9"/>
    <interval begin="40500.00" end="40600.00" id="inductionLoop.S2" nVehContrib="11" flow="396.00" occupancy="18.72" speed="5.28" harmonicMeanSpeed="3.71" length="5.00" nVehEntered="12"/>
    <interval begin="40600.00" end="40700.00" id="inductionLoop.S2" nVehContrib="4" flow="144.00" occupancy="34.79" speed="4.11" harmonicMeanSpeed="2.48" length="5.00" nVehEntered="5"/>
    <interval begin="40700.00" end="40800.00" id="inductionLoop.S2" nVehContrib="10" flow="360.00" occupancy="52.11" speed="5.37" harmonicMeanSpeed="0.63" length="5.00" nVehEntered="9"/>
    <interval begin="40800.00" end="40900.00" id="inductionLoop.S2" nVehContrib="7" flow="252.00" occupancy="5.06" speed="8.08" harmonicMeanSpeed="6.92" length="5.00" nVehEntered="7"/>
    <interval begin="40900.00" end="41000.00" id="inductionLoop.S2" nVehContrib="2" flow="72.00" occupancy="0.85" speed="11.83" harmonicMeanSpeed="11.81" length="5.00" nVehEntered="2"/>
    <interval begin="41000.00" end="41100.00" id="inductionLoop.S2" nVehContrib="2" flow="72.00" occupancy="75.43" speed="8.45" harmonicMeanSpeed="7.83" length="5.00" nVehEntered="3"/>
    <interval begin="41100.00" end="41200.00" id="inductionLoop.S2" nVehContrib="10" flow="360.00" occupancy="17.81" speed="6.78" harmonicMeanSpeed="0.54" length="5.00" nVehEntered="9"/>
    <interval begin="41200.00" end="41300.00" id="inductionLoop.S2" nVehContrib="4" flow="144.00" occupancy="8.16" speed="2.99" harmonicMeanSpeed="2.45" length="5.00" nVehEntered="4"/>
    <interval begin="41300.00" end="41400.00" id="inductionLoop.S2" nVehContrib="3" flow="108.00" occupancy="5.78" speed="2.76" harmonicMeanSpeed="2.59" length="5.00" nVehEntered="3"/>
    <interval begin="41400.00" end="41500.00" id="inductionLoop.S2" nVehContrib="9" flow="324.00" occupancy="23.35" speed="5.59" harmonicMeanSpeed="4.02" length="5.00" nVehEntered="10"/>
    <interval begin="41500.00" end="41600.00" id="inductionLoop.S2" nVehContrib="4" flow="144.00" occupancy="62.17" speed="3.80" harmonicMeanSpeed="0.27" length="5.00" nVehEntered="3"/>
    <interval begin="41600.00" end="41700.00" id="inductionLoop.S2" nVehContrib="12" flow="432.00" occupancy="11.74" speed="9.74" harmonicMeanSpeed="5.43" length="5.00" nVehEntered="13"/>
    <interval begin="41700.00" end="41800.00" id="inductionLoop.S2" nVehContrib="9" flow="324.00" occupancy="19.00" speed="7.70" harmonicMeanSpeed="2.37" length="5.00" nVehEntered="9"/>
    <interval begin="41800.00" end="41900.00" id="inductionLoop.S2" nVehContrib="0" flow="0.00" occupancy="0.00" speed="-1.00" harmonicMeanSpeed="-1.00" length="-1.00" nVehEntered="0"/>
    <interval begin="41900.00" end="42000.00" id="inductionLoop.S2" nVehContrib="8" flow="288.00" occupancy="11.37" speed="5.44" harmonicMeanSpeed="3.52" length="5.00" nVehEntered="8"/>
    <interval begin="42000.00" end="42100.00" id="inductionLoop.S2" nVehContrib="3" flow="108.00" occupancy="6.85" speed="4.02" harmonicMeanSpeed="2.90" length="5.00" nVehEntered="4"/>
    <interval begin="42100.00" end="42200.00" id="inductionLoop.S2" nVehContrib="7" flow="252.00" occupancy="60.79" speed="6.52" harmonicMeanSpeed="1.56" length="5.00" nVehEntered="8"/>
    <interval begin="42200.00" end="42300.00" id="inductionLoop.S2" nVehContrib="3" flow="108.00" occupancy="37.41" speed="10.66" harmonicMeanSpeed="10.22" length="5.00" nVehEntered="4"/>
    <interval begin="42300.00" end="42400.00" id="inductionLoop.S2" nVehContrib="3" flow="108.00" occupancy="93.62" speed="3.16" harmonicMeanSpeed="0.13" length="5.00" nVehEntered="3"/>
    <interval begin="42400.00" end="42500.00" id="inductionLoop.S2" nVehContrib="12" flow="432.00" occupancy="10.46" speed="7.62" harmonicMeanSpeed="5.43" length="5.00" nVehEntered="11"/>
    <interval begin="42500.00" end="42600.00" id="inductionLoop.S2" nVehContrib="1" flow="36.00" occupancy="20.51" speed="0.24" harmonicMeanSpeed="0.24" length="5.00" nVehEntered="1"/>
    <interval begin="42600.00" end="42700.00" id="inductionLoop.S2" nVehContrib="15" flow="540.00" occupancy="8.70" speed="9.92" harmonicMeanSpeed="8.62" length="5.00" nVehEntered="15"/>
    <interval begin="42700.00" end="42800.00" id="inductionLoop.S2" nVehContrib="8" flow="288.00" occupancy="9.25" speed="6.97" harmonicMeanSpeed="4.32" length="5.00" nVehEntered="8"/>
    <interval begin="42800.00" end="42900.00" id="inductionLoop.S2" nVehContrib="8" flow="288.00" occupancy="16.17" speed="4.53" harmonicMeanSpeed="4.00" length="5.00" nVehEntered="10"/>
    <interval begin="42900.00" end="43000.00" id="inductionLoop.S2" nVehContrib="4" flow="144.00" occupancy="25.78" speed="8.48" harmonicMeanSpeed="6.64" length="5.00" nVehEntered="6"/>
    <interval begin="43000.00" end="43100.00" id="inductionLoop.S2" nVehContrib="9" flow="324.00" occupancy="44.71" speed="5.25" harmonicMeanSpeed="0.67" length="5.00" nVehEntered="8"/>
    <interval begin="43100.00" end="43200.00" id="inductionLoop.S2" nVehContrib="15" flow="540.00" occupancy="16.45" speed="7.05" harmonicMeanSpeed="4.56" length="5.00" nVehEntered="16"/>
    <interval begin="43200.00" end="43300.00" id="inductionLoop.S2" nVehContrib="3" flow="108.00" occupancy="3.81" speed="4.10" harmonicMeanSpeed="3.92" length="5.00" nVehEntered="2"/>
    <interval begin="43300.00" end="43400.00" id="inductionLoop.S2" nVehContrib="7" flow="252.00" occupancy="5.33" speed="9.20" harmonicMeanSpeed="6.56" length="5.00" nVehEntered="7"/>
    <interval begin="43400.00" end="43500.00" id="inductionLoop.S2" nVehContrib="12" flow="432.00" occupancy="13.68" speed="7.45" harmonicMeanSpeed="4.39" length="5.00" nVehEntered="12"/>
    <interval begin="43500.00" end="43600.00" id="inductionLoop.S2" nVehContrib="2" flow="72.00" occupancy="1.43" speed="8.83" harmonicMeanSpeed="6.97" length="5.00" nVehEntered="2"/>
    <interval begin="43600.00" end="43700.00" id="inductionLoop.S2" nVehContrib="9" flow="324.00" occupancy="10.88" speed="7.85" harmonicMeanSpeed="4.14" length="5.00" nVehEntered="9"/>
    <interval begin="43700.00" end="43800.00" id="inductionLoop.S2" nVehContrib="13" flow="468.00" occupancy="17.19" speed="8.69" harmonicMeanSpeed="5.60" length="5.00" nVehEntered="14"/>
    <interval begin="43800.00" end="43900.00" id="inductionLoop.S2" nVehContrib="7" flow="252.00" occupancy="44.11" speed="4.49" harmonicMeanSpeed="0.80" length="5.00" nVehEntered="8"/>
    <interval begin="43900.00" end="44000.00" id="inductionLoop.S2" nVehContrib="3" flow="108.00" occupancy="33.84" speed="7.36" harmonicMeanSpeed="5.99" length="5.00" nVehEntered="3"/>
    <interval begin="44000.00" end="44100.00" id="inductionLoop.S2" nVehContrib="2" flow="72.00" occupancy="7.05" speed="5.52" harmonicMeanSpeed="3.86" length="5.00" nVehEntered="3"/>
    <interval begin="44100.00" end="44200.00" id="inductionLoop.S2" nVehContrib="4" flow="144.00" occupancy="8.15" speed="5.54" harmonicMeanSpeed="2.45" length="5.00" nVehEntered="4"/>
    <interval begin="44200.00" end="44300.00" id="inductionLoop.S2" nVehContrib="7" flow="252.00" occupancy="39.34" speed="11.13" harmonicMeanSpeed="8.63" length="5.00" nVehEntered="9"/>
    <interval begin="44300.00" end="44400.00" id="inductionLoop.S2" nVehContrib="3" flow="108.00" occupancy="10.72" speed="0.89" harmonicMeanSpeed="0.48" length="5.00" nVehEntered="2"/>
    <interval begin="44400.00" end="44500.00" id="inductionLoop.S2" nVehContrib="13" flow="468.00" occupancy="20.89" speed="6.44" harmonicMeanSpeed="3.11" length="5.00" nVehEntered="13"/>
    <interval begin="44500.00" end="44600.00" id="inductionLoop.S2" nVehContrib="5" flow="180.00" occupancy="5.42" speed="5.35" harmonicMeanSpeed="4.61" length="5.00" nVehEntered="5"/>
    <interval begin="44600.00" end="44700.00" id="inductionLoop.S2" nVehContrib="10" flow="360.00" occupancy="15.70" speed="5.22" harmonicMeanSpeed="3.44" length="5.00" nVehEntered="11"/>
    <interval begin="44700.00" end="44800.00" id="inductionLoop.S2" nVehContrib="3" flow="108.00" occupancy="9.33" speed="1.72" harmonicMeanSpeed="1.61" length="5.00" nVehEntered="3"/>
    <interval begin="44800.00" end="44900.00" id="inductionLoop.S2" nVehContrib="24" flow="864.00" occupancy="17.87" speed="8.52" harmonicMeanSpeed="6.72" length="5.00" nVehEntered="24"/>
    <interval begin="44900.00" end="45000.00" id="inductionLoop.S2" nVehContrib="12" flow="432.00" occupancy="13.15" speed="6.95" harmonicMeanSpeed="4.56" length="5.00" nVehEntered="12"/>
    <interval begin="45000.00" end="45100.00" id="inductionLoop.S2" nVehContrib="6" flow="216.00" occupancy="12.05" speed="3.42" harmonicMeanSpeed="2.49" length="5.00" nVehEntered="6"/>
    <interval begin="45100.00" end="45200.00" id="inductionLoop.S2" nVehContrib="2" flow="72.00" occupancy="28.32" speed="7.51" harmonicMeanSpeed="5.78" length="5.00" nVehEntered="3"/>
    <interval begin="45200.00" end="45300.00" id="inductionLoop.S2" nVehContrib="14" flow="504.00" occupancy="27.14" speed="6.24" harmonicMeanSpeed="1.30" length="5.00" nVehEntered="13"/>
    <interval begin="45300.00" end="45400.00" id="inductionLoop.S2" nVehContrib="9" flow="324.00" occupancy="32.98" speed="8.84" harmonicMeanSpeed="6.26" length="5.00" nVehEntered="10"/>
    <interval begin="45400.00" end="45500.00" id="inductionLoop.S2" nVehContrib="12" flow="432.00" occupancy="30.76" speed="8.95" harmonicMeanSpeed="1.06" length="5.00" nVehEntered="11"/>
    <interval begin="45500.00" end="45600.00" id="inductionLoop.S2" nVehContrib="4" flow="144.00" occupancy="7.60" speed="8.62" harmonicMeanSpeed="4.97" length="5.00" nVehEntered="5"/>
    <interval begin="45600.00" end="45700.00" id="inductionLoop.S2" nVehContrib="8" flow="288.00" occupancy="10.04" speed="5.74" harmonicMeanSpeed="3.98" length="5.00" nVehEntered="8"/>
    <interval begin="45700.00" end="45800.00" id="inductionLoop.S2" nVehContrib="11" flow="396.00" occupancy="20.91" speed="5.99" harmonicMeanSpeed="2.63" length="5.00" nVehEntered="11"/>
    <interval begin="45800.00" end="45900.00" id="inductionLoop.S2" nVehContrib="11" flow="396.00" occupancy="20.94" speed="5.44" harmonicMeanSpeed="2.63" length="5.00" nVehEntered="11"/>
    <interval begin="45900.00" end="46000.00" id="inductionLoop.S2" nVehContrib="5" flow="180.00" occupancy="14.15" speed="2.82" harmonicMeanSpeed="1.79" length="5.00" nVehEntered="6"/>
    <interval begin="46000.00" end="46100.00" id="inductionLoop.S2" nVehContrib="3" flow="108.00" occupancy="26.45" speed="11.40" harmonicMeanSpeed="11.08" length="5.00" nVehEntered="5"/>
    <interval begin="46100.00" end="46200.00" id="inductionLoop.S2" nVehContrib="19" flow="684.00" occupancy="63.91" speed="8.80" harmonicMeanSpeed="1.07" length="5.00" nVehEntered="18"/>
    <interval begin="46200.00" end="46300.00" id="inductionLoop.S2" nVehContrib="4" flow="144.00" occupancy="12.31" speed="2.02" harmonicMeanSpeed="1.62" length="5.00" nVehEntered="4"/>
    <interval begin="46300.00" end="46400.00" id="inductionLoop.S2" nVehContrib="11" flow="396.00" occupancy="36.62" speed="6.89" harmonicMeanSpeed="3.93" length="5.00" nVehEntered="12"/>
    <interval begin="46400.00" end="46500.00" id="inductionLoop.S2" nVehContrib="0" flow="0.00" occupancy="19.00" speed="-1.00" harmonicMeanSpeed="-1.00" length="-1.00" nVehEntered="0"/>
    <interval begin="46500.00" end="46600.00" id="inductionLoop.S2" nVehContrib="2" flow="72.00" occupancy="20.75" speed="1.89" harmonicMeanSpeed="0.50" length="5.00" nVehEntered="3"/>
    <interval begin="46600.00" end="46700.00" id="inductionLoop.S2" nVehContrib="7" flow="252.00" occupancy="4.88" speed="9.89" harmonicMeanSpeed="7.17" length="5.00" nVehEntered="7"/>
    <interval begin="46700.00" end="46800.00" id="inductionLoop.S2" nVehContrib="19" flow="684.00" occupancy="25.31" speed="8.13" harmonicMeanSpeed="3.75" length="5.00" nVehEntered="19"/>
    <interval begin="46800.00" end="46900.00" id="inductionLoop.S2" nVehContrib="2" flow="72.00" occupancy="2.17" speed="6.56" harmonicMeanSpeed="4.61" length="5.00" nVehEntered="2"/>
    <interval begin="46900.00" end="47000.00" id="inductionLoop.S2" nVehContrib="13" flow="468.00" occupancy="14.25" speed="7.90" harmonicMeanSpeed="4.96" length="5.00" nVehEntered="14"/>
    <interval begin="47000.00" end="47100.00" id="inductionLoop.S2" nVehContrib="8" flow="288.00" occupancy="14.24" speed="6.60" harmonicMeanSpeed="2.63" length="5.00" nVehEntered="8"/>
    <interval begin="47100.00" end="47200.00" id="inductionLoop.S2" nVehContrib="6" flow="216.00" occupancy="8.52" speed="4.77" harmonicMeanSpeed="3.44" length="5.00" nVehEntered="6"/>
    <interval begin="47200.00" end="47300.00" id="inductionLoop.S2" nVehContrib="23" flow="828.00" occupancy="42.68" speed="8.09" harmonicMeanSpeed="5.95" length="5.00" nVehEntered="23"/>
    <interval begin="47300.00" end="47400.00" id="inductionLoop.S2" nVehContrib="8" flow="288.00" occupancy="45.76" speed="5.39" harmonicMeanSpeed="0.58" length="5.00" nVehEntered="7"/>
    <interval begin="47400.00" end="47500.00" id="inductionLoop.S2" nVehContrib="0" flow="0.00" occupancy="0.00" speed="-1.00" harmonicMeanSpeed="-1.00" length="-1.00" nVehEntered="0"/>
    <interval begin="47500.00" end="47600.00" id="inductionLoop.S2" nVehContrib="20" flow="720.00" occupancy="31.99" speed="6.97" harmonicMeanSpeed="4.13" length="5.00" nVehEntered="21"/>
    <interval begin="47600.00" end="47700.00" id="inductionLoop.S2" nVehContrib="14" flow="504.00" occupancy="34.25" speed="6.20" harmonicMeanSpeed="3.00" length="5.00" nVehEntered="14"/>
    <interval begin="47700.00" end="47800.00" id="inductionLoop.S2" nVehContrib="11" flow="396.00" occupancy="63.78" speed="6.98" harmonicMeanSpeed="0.67" length="5.00" nVehEntered="10"/>
    <interval begin="47800.00" end="47900.00" id="inductionLoop.S2" nVehContrib="14" flow="504.00" occupancy="43.83" speed="6.49" harmonicMeanSpeed="4.40" length="5.00" nVehEntered="15"/>
    <interval begin="47900.00" end="48000.00" id="inductionLoop.S2" nVehContrib="16" flow="576.00" occupancy="24.84" speed="7.82" harmonicMeanSpeed="1.52" length="5.00" nVehEntered="15"/>
    <interval begin="48000.00" end="48100.00" id="inductionLoop.S2" nVehContrib="2" flow="72.00" occupancy="63.09" speed="0.81" harmonicMeanSpeed="0.16" length="5.00" nVehEntered="2"/>
    <interval begin="48100.00" end="48200.00" id="inductionLoop.S2" nVehContrib="14" flow="504.00" occupancy="15.23" speed="7.10" harmonicMeanSpeed="4.59" length="5.00" nVehEntered="14"/>
    <interval begin="48200.00" end="48300.00" id="inductionLoop.S2" nVehContrib="2" flow="72.00" occupancy="86.55" speed="1.77" harmonicMeanSpeed="1.72" length="5.00" nVehEntered="3"/>
    <interval begin="48300.00" end="48400.00" id="inductionLoop.S2" nVehContrib="28" flow="1008.00" occupancy="54.17" speed="7.58" harmonicMeanSpeed="1.04" length="5.00" nVehEntered="27"/>
    <interval begin="48400.00" end="48500.00" id="inductionLoop.S2" nVehContrib="11" flow="396.00" occupancy="11.94" speed="6.30" harmonicMeanSpeed="4.61" length="5.00" nVehEntered="11"/>
    <interval begin="48500.00" end="48600.00" id="inductionLoop.S2" nVehContrib="6" flow="216.00" occupancy="11.10" speed="5.30" harmonicMeanSpeed="2.70" length="5.00" nVehEntered="6"/>
    <interval begin="48600.00" end="48700.00" id="inductionLoop.S2" nVehContrib="1" flow="36.00" occupancy="2.94" speed="1.70" harmonicMeanSpeed="1.70" length="5.00" nVehEntered="1"/>
    <interval begin="48700.00" end="48800.00" id="inductionLoop.S2" nVehContrib="13" flow="468.00" occupancy="53.41" speed="6.47" harmonicMeanSpeed="4.48" length="5.00" nVehEntered="15"/>
    <interval begin="48800.00" end="48900.00" id="inductionLoop.S2" nVehContrib="1" flow="36.00" occupancy="95.84" speed="0.18" harmonicMeanSpeed="0.18" length="5.00" nVehEntered="2"/>
    <interval begin="48900.00" end="49000.00" id="inductionLoop.S2" nVehContrib="0" flow="0.00" occupancy="100.00" speed="-1.00" harmonicMeanSpeed="-1.00" length="-1.00" nVehEntered="0"/>
    <interval begin="49000.00" end="49100.00" id="inductionLoop.S2" nVehContrib="19" flow="684.00" occupancy="21.87" speed="7.58" harmonicMeanSpeed="0.65" length="5.00" nVehEntered="18"/>
    <interval begin="49100.00" end="49200.00" id="inductionLoop.S2" nVehContrib="4" flow="144.00" occupancy="16.81" speed="7.80" harmonicMeanSpeed="1.19" length="5.00" nVehEntered="4"/>
    <interval begin="49200.00" end="49300.00" id="inductionLoop.S2" nVehContrib="0" flow="0.00" occupancy="98.41" speed="-1.00" harmonicMeanSpeed="-1.00" length="-1.00" nVehEntered="1"/>
    <interval begin="49300.00" end="49400.00" id="inductionLoop.S2" nVehContrib="1" flow="36.00" occupancy="46.66" speed="0.03" harmonicMeanSpeed="0.03" length="5.00" nVehEntered="0"/>
    <interval begin="49400.00" end="49500.00" id="inductionLoop.S2" nVehContrib="9" flow="324.00" occupancy="11.36" speed="5.89" harmonicMeanSpeed="4.03" length="5.00" nVehEntered="10"/>
    <interval begin="49500.00" end="49600.00" id="inductionLoop.S2" nVehContrib="23" flow="828.00" occupancy="29.95" speed="6.96" harmonicMeanSpeed="3.82" length="5.00" nVehEntered="22"/>
    <interval begin="49600.00" end="49700.00" id="inductionLoop.S2" nVehContrib="7" flow="252.00" occupancy="5.64" speed="8.24" harmonicMeanSpeed="6.20" length="5.00" nVehEntered="7"/>
    <interval begin="49700.00" end="49800.00" id="inductionLoop.S2" nVehContrib="11" flow="396.00" occupancy="12.84" speed="6.50" harmonicMeanSpeed="4.28" length="5.00" nVehEntered="11"/>
    <interval begin="49800.00" end="49900.00" id="inductionLoop.S2" nVehContrib="15" flow="540.00" occupancy="18.01" speed="6.90" harmonicMeanSpeed="4.17" length="5.00" nVehEntered="15"/>
    <interval begin="49900.00" end="50000.00" id="inductionLoop.S2" nVehContrib="0" flow="0.00" occupancy="0.00" speed="-1.00" harmonicMeanSpeed="-1.00" length="-1.00" nVehEntered="0"/>
    <interval begin="50000.00" end="50010.00" id="inductionLoop.S2" nVehContrib="0" flow="0.00" occupancy="0.00" speed="-1.00" harmonicMeanSpeed="-1.00" length="-1.00" nVehEntered="0"/>
</detector>
