<?xml version="1.0" encoding="UTF-8"?>

<!-- generated on 2023-07-22 11:17:52 by Eclipse SUMO sumo Version 1.12.0
<configuration xmlns:xsi="http://www.w3.org/2001/XMLSchema-instance" xsi:noNamespaceSchemaLocation="http://sumo.dlr.de/xsd/sumoConfiguration.xsd">

    <input>
        <net-file value="Data0-13/intersection.net.xml"/>
        <route-files value="Data0-13/intersection.rou.xml"/>
        <additional-files value="Data0-13/intersection.det.xml"/>
    </input>

    <output>
        <tripinfo-output value="Data0-13/tripinfo.xml"/>
    </output>

    <time>
        <begin value="0"/>
    </time>

    <processing>
        <time-to-teleport value="-1"/>
        <waiting-time-memory value="60000"/>
    </processing>

    <report>
        <verbose value="true"/>
        <no-step-log value="true"/>
    </report>

    <emissions>
        <device.emissions.probability value="1"/>
    </emissions>

    <traci_server>
        <remote-port value="50275"/>
    </traci_server>

    <gui_only>
        <gui-settings-file value="Data0-13/intersection.settings.xml"/>
    </gui_only>

</configuration>
-->

<detector xmlns:xsi="http://www.w3.org/2001/XMLSchema-instance" xsi:noNamespaceSchemaLocation="http://sumo.dlr.de/xsd/det_e1_file.xsd">
    <interval begin="0.00" end="100.00" id="inductionLoop.S3" nVehContrib="1" flow="36.00" occupancy="0.37" speed="13.58" harmonicMeanSpeed="13.58" length="5.00" nVehEntered="1"/>
    <interval begin="100.00" end="200.00" id="inductionLoop.S3" nVehContrib="4" flow="144.00" occupancy="2.03" speed="11.13" harmonicMeanSpeed="9.83" length="5.00" nVehEntered="4"/>
    <interval begin="200.00" end="300.00" id="inductionLoop.S3" nVehContrib="1" flow="36.00" occupancy="0.77" speed="6.48" harmonicMeanSpeed="6.48" length="5.00" nVehEntered="1"/>
    <interval begin="300.00" end="400.00" id="inductionLoop.S3" nVehContrib="6" flow="216.00" occupancy="5.65" speed="7.44" harmonicMeanSpeed="5.31" length="5.00" nVehEntered="6"/>
    <interval begin="400.00" end="500.00" id="inductionLoop.S3" nVehContrib="4" flow="144.00" occupancy="18.62" speed="4.32" harmonicMeanSpeed="1.07" length="5.00" nVehEntered="4"/>
    <interval begin="500.00" end="600.00" id="inductionLoop.S3" nVehContrib="8" flow="288.00" occupancy="15.63" speed="6.87" harmonicMeanSpeed="2.56" length="5.00" nVehEntered="8"/>
    <interval begin="600.00" end="700.00" id="inductionLoop.S3" nVehContrib="3" flow="108.00" occupancy="2.69" speed="6.27" harmonicMeanSpeed="5.57" length="5.00" nVehEntered="3"/>
    <interval begin="700.00" end="800.00" id="inductionLoop.S3" nVehContrib="5" flow="180.00" occupancy="5.11" speed="5.49" harmonicMeanSpeed="4.90" length="5.00" nVehEntered="5"/>
    <interval begin="800.00" end="900.00" id="inductionLoop.S3" nVehContrib="7" flow="252.00" occupancy="9.08" speed="5.47" harmonicMeanSpeed="3.85" length="5.00" nVehEntered="7"/>
    <interval begin="900.00" end="1000.00" id="inductionLoop.S3" nVehContrib="0" flow="0.00" occupancy="0.00" speed="-1.00" harmonicMeanSpeed="-1.00" length="-1.00" nVehEntered="0"/>
    <interval begin="1000.00" end="1100.00" id="inductionLoop.S3" nVehContrib="2" flow="72.00" occupancy="2.57" speed="4.05" harmonicMeanSpeed="3.88" length="5.00" nVehEntered="2"/>
    <interval begin="1100.00" end="1200.00" id="inductionLoop.S3" nVehContrib="4" flow="144.00" occupancy="3.85" speed="8.15" harmonicMeanSpeed="5.20" length="5.00" nVehEntered="4"/>
    <interval begin="1200.00" end="1300.00" id="inductionLoop.S3" nVehContrib="3" flow="108.00" occupancy="3.31" speed="6.02" harmonicMeanSpeed="4.53" length="5.00" nVehEntered="3"/>
    <interval begin="1300.00" end="1400.00" id="inductionLoop.S3" nVehContrib="1" flow="36.00" occupancy="1.33" speed="3.76" harmonicMeanSpeed="3.76" length="5.00" nVehEntered="1"/>
    <interval begin="1400.00" end="1500.00" id="inductionLoop.S3" nVehContrib="0" flow="0.00" occupancy="0.00" speed="-1.00" harmonicMeanSpeed="-1.00" length="-1.00" nVehEntered="0"/>
    <interval begin="1500.00" end="1600.00" id="inductionLoop.S3" nVehContrib="1" flow="36.00" occupancy="0.42" speed="12.00" harmonicMeanSpeed="12.00" length="5.00" nVehEntered="1"/>
    <interval begin="1600.00" end="1700.00" id="inductionLoop.S3" nVehContrib="2" flow="72.00" occupancy="0.67" speed="15.03" harmonicMeanSpeed="14.95" length="5.00" nVehEntered="2"/>
    <interval begin="1700.00" end="1800.00" id="inductionLoop.S3" nVehContrib="0" flow="0.00" occupancy="0.00" speed="-1.00" harmonicMeanSpeed="-1.00" length="-1.00" nVehEntered="0"/>
    <interval begin="1800.00" end="1900.00" id="inductionLoop.S3" nVehContrib="2" flow="72.00" occupancy="2.21" speed="4.52" harmonicMeanSpeed="4.52" length="5.00" nVehEntered="2"/>
    <interval begin="1900.00" end="2000.00" id="inductionLoop.S3" nVehContrib="0" flow="0.00" occupancy="0.00" speed="-1.00" harmonicMeanSpeed="-1.00" length="-1.00" nVehEntered="0"/>
    <interval begin="2000.00" end="2100.00" id="inductionLoop.S3" nVehContrib="1" flow="36.00" occupancy="0.35" speed="14.10" harmonicMeanSpeed="14.10" length="5.00" nVehEntered="1"/>
    <interval begin="2100.00" end="2200.00" id="inductionLoop.S3" nVehContrib="0" flow="0.00" occupancy="0.00" speed="-1.00" harmonicMeanSpeed="-1.00" length="-1.00" nVehEntered="0"/>
    <interval begin="2200.00" end="2300.00" id="inductionLoop.S3" nVehContrib="0" flow="0.00" occupancy="0.00" speed="-1.00" harmonicMeanSpeed="-1.00" length="-1.00" nVehEntered="0"/>
    <interval begin="2300.00" end="2400.00" id="inductionLoop.S3" nVehContrib="1" flow="36.00" occupancy="0.39" speed="12.74" harmonicMeanSpeed="12.74" length="5.00" nVehEntered="1"/>
    <interval begin="2400.00" end="2500.00" id="inductionLoop.S3" nVehContrib="2" flow="72.00" occupancy="2.04" speed="6.78" harmonicMeanSpeed="4.91" length="5.00" nVehEntered="2"/>
    <interval begin="2500.00" end="2600.00" id="inductionLoop.S3" nVehContrib="3" flow="108.00" occupancy="2.09" speed="10.29" harmonicMeanSpeed="7.19" length="5.00" nVehEntered="3"/>
    <interval begin="2600.00" end="2700.00" id="inductionLoop.S3" nVehContrib="0" flow="0.00" occupancy="0.00" speed="-1.00" harmonicMeanSpeed="-1.00" length="-1.00" nVehEntered="0"/>
    <interval begin="2700.00" end="2800.00" id="inductionLoop.S3" nVehContrib="0" flow="0.00" occupancy="0.00" speed="-1.00" harmonicMeanSpeed="-1.00" length="-1.00" nVehEntered="0"/>
    <interval begin="2800.00" end="2900.00" id="inductionLoop.S3" nVehContrib="2" flow="72.00" occupancy="2.12" speed="7.26" harmonicMeanSpeed="4.73" length="5.00" nVehEntered="2"/>
    <interval begin="2900.00" end="3000.00" id="inductionLoop.S3" nVehContrib="2" flow="72.00" occupancy="2.30" speed="4.36" harmonicMeanSpeed="4.34" length="5.00" nVehEntered="2"/>
    <interval begin="3000.00" end="3100.00" id="inductionLoop.S3" nVehContrib="1" flow="36.00" occupancy="0.35" speed="14.42" harmonicMeanSpeed="14.42" length="5.00" nVehEntered="1"/>
    <interval begin="3100.00" end="3200.00" id="inductionLoop.S3" nVehContrib="1" flow="36.00" occupancy="0.55" speed="9.14" harmonicMeanSpeed="9.14" length="5.00" nVehEntered="1"/>
    <interval begin="3200.00" end="3300.00" id="inductionLoop.S3" nVehContrib="0" flow="0.00" occupancy="0.00" speed="-1.00" harmonicMeanSpeed="-1.00" length="-1.00" nVehEntered="0"/>
    <interval begin="3300.00" end="3400.00" id="inductionLoop.S3" nVehContrib="0" flow="0.00" occupancy="0.00" speed="-1.00" harmonicMeanSpeed="-1.00" length="-1.00" nVehEntered="0"/>
    <interval begin="3400.00" end="3500.00" id="inductionLoop.S3" nVehContrib="0" flow="0.00" occupancy="0.00" speed="-1.00" harmonicMeanSpeed="-1.00" length="-1.00" nVehEntered="0"/>
    <interval begin="3500.00" end="3600.00" id="inductionLoop.S3" nVehContrib="0" flow="0.00" occupancy="0.00" speed="-1.00" harmonicMeanSpeed="-1.00" length="-1.00" nVehEntered="0"/>
    <interval begin="3600.00" end="3700.00" id="inductionLoop.S3" nVehContrib="1" flow="36.00" occupancy="0.39" speed="12.89" harmonicMeanSpeed="12.89" length="5.00" nVehEntered="1"/>
    <interval begin="3700.00" end="3800.00" id="inductionLoop.S3" nVehContrib="1" flow="36.00" occupancy="0.36" speed="14.05" harmonicMeanSpeed="14.05" length="5.00" nVehEntered="1"/>
    <interval begin="3800.00" end="3900.00" id="inductionLoop.S3" nVehContrib="1" flow="36.00" occupancy="1.26" speed="3.96" harmonicMeanSpeed="3.96" length="5.00" nVehEntered="1"/>
    <interval begin="3900.00" end="4000.00" id="inductionLoop.S3" nVehContrib="4" flow="144.00" occupancy="3.42" speed="6.53" harmonicMeanSpeed="5.84" length="5.00" nVehEntered="4"/>
    <interval begin="4000.00" end="4100.00" id="inductionLoop.S3" nVehContrib="0" flow="0.00" occupancy="0.00" speed="-1.00" harmonicMeanSpeed="-1.00" length="-1.00" nVehEntered="0"/>
    <interval begin="4100.00" end="4200.00" id="inductionLoop.S3" nVehContrib="3" flow="108.00" occupancy="1.24" speed="12.40" harmonicMeanSpeed="12.14" length="5.00" nVehEntered="3"/>
    <interval begin="4200.00" end="4300.00" id="inductionLoop.S3" nVehContrib="1" flow="36.00" occupancy="1.24" speed="4.03" harmonicMeanSpeed="4.03" length="5.00" nVehEntered="1"/>
    <interval begin="4300.00" end="4400.00" id="inductionLoop.S3" nVehContrib="0" flow="0.00" occupancy="0.00" speed="-1.00" harmonicMeanSpeed="-1.00" length="-1.00" nVehEntered="0"/>
    <interval begin="4400.00" end="4500.00" id="inductionLoop.S3" nVehContrib="1" flow="36.00" occupancy="0.37" speed="13.46" harmonicMeanSpeed="13.46" length="5.00" nVehEntered="1"/>
    <interval begin="4500.00" end="4600.00" id="inductionLoop.S3" nVehContrib="0" flow="0.00" occupancy="0.00" speed="-1.00" harmonicMeanSpeed="-1.00" length="-1.00" nVehEntered="0"/>
    <interval begin="4600.00" end="4700.00" id="inductionLoop.S3" nVehContrib="0" flow="0.00" occupancy="0.00" speed="-1.00" harmonicMeanSpeed="-1.00" length="-1.00" nVehEntered="0"/>
    <interval begin="4700.00" end="4800.00" id="inductionLoop.S3" nVehContrib="1" flow="36.00" occupancy="1.00" speed="4.99" harmonicMeanSpeed="4.99" length="5.00" nVehEntered="1"/>
    <interval begin="4800.00" end="4900.00" id="inductionLoop.S3" nVehContrib="0" flow="0.00" occupancy="0.00" speed="-1.00" harmonicMeanSpeed="-1.00" length="-1.00" nVehEntered="0"/>
    <interval begin="4900.00" end="5000.00" id="inductionLoop.S3" nVehContrib="0" flow="0.00" occupancy="0.00" speed="-1.00" harmonicMeanSpeed="-1.00" length="-1.00" nVehEntered="0"/>
    <interval begin="5000.00" end="5100.00" id="inductionLoop.S3" nVehContrib="0" flow="0.00" occupancy="0.00" speed="-1.00" harmonicMeanSpeed="-1.00" length="-1.00" nVehEntered="0"/>
    <interval begin="5100.00" end="5200.00" id="inductionLoop.S3" nVehContrib="3" flow="108.00" occupancy="2.15" speed="8.01" harmonicMeanSpeed="6.97" length="5.00" nVehEntered="3"/>
    <interval begin="5200.00" end="5300.00" id="inductionLoop.S3" nVehContrib="2" flow="72.00" occupancy="1.94" speed="9.60" harmonicMeanSpeed="5.16" length="5.00" nVehEntered="2"/>
    <interval begin="5300.00" end="5400.00" id="inductionLoop.S3" nVehContrib="0" flow="0.00" occupancy="0.00" speed="-1.00" harmonicMeanSpeed="-1.00" length="-1.00" nVehEntered="0"/>
    <interval begin="5400.00" end="5500.00" id="inductionLoop.S3" nVehContrib="0" flow="0.00" occupancy="0.00" speed="-1.00" harmonicMeanSpeed="-1.00" length="-1.00" nVehEntered="0"/>
    <interval begin="5500.00" end="5600.00" id="inductionLoop.S3" nVehContrib="0" flow="0.00" occupancy="0.00" speed="-1.00" harmonicMeanSpeed="-1.00" length="-1.00" nVehEntered="0"/>
    <interval begin="5600.00" end="5700.00" id="inductionLoop.S3" nVehContrib="0" flow="0.00" occupancy="0.00" speed="-1.00" harmonicMeanSpeed="-1.00" length="-1.00" nVehEntered="0"/>
    <interval begin="5700.00" end="5800.00" id="inductionLoop.S3" nVehContrib="0" flow="0.00" occupancy="0.00" speed="-1.00" harmonicMeanSpeed="-1.00" length="-1.00" nVehEntered="0"/>
    <interval begin="5800.00" end="5900.00" id="inductionLoop.S3" nVehContrib="0" flow="0.00" occupancy="0.00" speed="-1.00" harmonicMeanSpeed="-1.00" length="-1.00" nVehEntered="0"/>
    <interval begin="5900.00" end="6000.00" id="inductionLoop.S3" nVehContrib="3" flow="108.00" occupancy="3.40" speed="4.46" harmonicMeanSpeed="4.41" length="5.00" nVehEntered="3"/>
    <interval begin="6000.00" end="6100.00" id="inductionLoop.S3" nVehContrib="1" flow="36.00" occupancy="1.45" speed="3.44" harmonicMeanSpeed="3.44" length="5.00" nVehEntered="1"/>
    <interval begin="6100.00" end="6200.00" id="inductionLoop.S3" nVehContrib="1" flow="36.00" occupancy="1.37" speed="3.66" harmonicMeanSpeed="3.66" length="5.00" nVehEntered="1"/>
    <interval begin="6200.00" end="6300.00" id="inductionLoop.S3" nVehContrib="1" flow="36.00" occupancy="1.20" speed="4.15" harmonicMeanSpeed="4.15" length="5.00" nVehEntered="1"/>
    <interval begin="6300.00" end="6400.00" id="inductionLoop.S3" nVehContrib="0" flow="0.00" occupancy="0.00" speed="-1.00" harmonicMeanSpeed="-1.00" length="-1.00" nVehEntered="0"/>
    <interval begin="6400.00" end="6500.00" id="inductionLoop.S3" nVehContrib="1" flow="36.00" occupancy="0.37" speed="13.68" harmonicMeanSpeed="13.68" length="5.00" nVehEntered="1"/>
    <interval begin="6500.00" end="6600.00" id="inductionLoop.S3" nVehContrib="1" flow="36.00" occupancy="0.34" speed="14.80" harmonicMeanSpeed="14.80" length="5.00" nVehEntered="1"/>
    <interval begin="6600.00" end="6700.00" id="inductionLoop.S3" nVehContrib="1" flow="36.00" occupancy="0.41" speed="12.15" harmonicMeanSpeed="12.15" length="5.00" nVehEntered="1"/>
    <interval begin="6700.00" end="6800.00" id="inductionLoop.S3" nVehContrib="1" flow="36.00" occupancy="1.04" speed="4.81" harmonicMeanSpeed="4.81" length="5.00" nVehEntered="1"/>
    <interval begin="6800.00" end="6900.00" id="inductionLoop.S3" nVehContrib="1" flow="36.00" occupancy="1.16" speed="4.33" harmonicMeanSpeed="4.33" length="5.00" nVehEntered="1"/>
    <interval begin="6900.00" end="7000.00" id="inductionLoop.S3" nVehContrib="1" flow="36.00" occupancy="0.39" speed="12.87" harmonicMeanSpeed="12.87" length="5.00" nVehEntered="1"/>
    <interval begin="7000.00" end="7100.00" id="inductionLoop.S3" nVehContrib="0" flow="0.00" occupancy="0.00" speed="-1.00" harmonicMeanSpeed="-1.00" length="-1.00" nVehEntered="0"/>
    <interval begin="7100.00" end="7200.00" id="inductionLoop.S3" nVehContrib="0" flow="0.00" occupancy="0.00" speed="-1.00" harmonicMeanSpeed="-1.00" length="-1.00" nVehEntered="0"/>
    <interval begin="7200.00" end="7300.00" id="inductionLoop.S3" nVehContrib="0" flow="0.00" occupancy="0.00" speed="-1.00" harmonicMeanSpeed="-1.00" length="-1.00" nVehEntered="0"/>
    <interval begin="7300.00" end="7400.00" id="inductionLoop.S3" nVehContrib="1" flow="36.00" occupancy="1.09" speed="4.61" harmonicMeanSpeed="4.61" length="5.00" nVehEntered="1"/>
    <interval begin="7400.00" end="7500.00" id="inductionLoop.S3" nVehContrib="1" flow="36.00" occupancy="1.00" speed="4.99" harmonicMeanSpeed="4.99" length="5.00" nVehEntered="1"/>
    <interval begin="7500.00" end="7600.00" id="inductionLoop.S3" nVehContrib="0" flow="0.00" occupancy="0.00" speed="-1.00" harmonicMeanSpeed="-1.00" length="-1.00" nVehEntered="0"/>
    <interval begin="7600.00" end="7700.00" id="inductionLoop.S3" nVehContrib="1" flow="36.00" occupancy="1.47" speed="3.39" harmonicMeanSpeed="3.39" length="5.00" nVehEntered="1"/>
    <interval begin="7700.00" end="7800.00" id="inductionLoop.S3" nVehContrib="0" flow="0.00" occupancy="0.00" speed="-1.00" harmonicMeanSpeed="-1.00" length="-1.00" nVehEntered="0"/>
    <interval begin="7800.00" end="7900.00" id="inductionLoop.S3" nVehContrib="2" flow="72.00" occupancy="2.54" speed="4.10" harmonicMeanSpeed="3.93" length="5.00" nVehEntered="2"/>
    <interval begin="7900.00" end="8000.00" id="inductionLoop.S3" nVehContrib="1" flow="36.00" occupancy="0.33" speed="15.02" harmonicMeanSpeed="15.02" length="5.00" nVehEntered="1"/>
    <interval begin="8000.00" end="8100.00" id="inductionLoop.S3" nVehContrib="1" flow="36.00" occupancy="1.15" speed="4.35" harmonicMeanSpeed="4.35" length="5.00" nVehEntered="1"/>
    <interval begin="8100.00" end="8200.00" id="inductionLoop.S3" nVehContrib="0" flow="0.00" occupancy="0.00" speed="-1.00" harmonicMeanSpeed="-1.00" length="-1.00" nVehEntered="0"/>
    <interval begin="8200.00" end="8300.00" id="inductionLoop.S3" nVehContrib="3" flow="108.00" occupancy="2.71" speed="7.12" harmonicMeanSpeed="5.53" length="5.00" nVehEntered="3"/>
    <interval begin="8300.00" end="8400.00" id="inductionLoop.S3" nVehContrib="2" flow="72.00" occupancy="1.37" speed="10.07" harmonicMeanSpeed="7.31" length="5.00" nVehEntered="2"/>
    <interval begin="8400.00" end="8500.00" id="inductionLoop.S3" nVehContrib="0" flow="0.00" occupancy="0.00" speed="-1.00" harmonicMeanSpeed="-1.00" length="-1.00" nVehEntered="0"/>
    <interval begin="8500.00" end="8600.00" id="inductionLoop.S3" nVehContrib="1" flow="36.00" occupancy="1.48" speed="3.39" harmonicMeanSpeed="3.39" length="5.00" nVehEntered="1"/>
    <interval begin="8600.00" end="8700.00" id="inductionLoop.S3" nVehContrib="1" flow="36.00" occupancy="0.37" speed="13.66" harmonicMeanSpeed="13.66" length="5.00" nVehEntered="1"/>
    <interval begin="8700.00" end="8800.00" id="inductionLoop.S3" nVehContrib="0" flow="0.00" occupancy="0.00" speed="-1.00" harmonicMeanSpeed="-1.00" length="-1.00" nVehEntered="0"/>
    <interval begin="8800.00" end="8900.00" id="inductionLoop.S3" nVehContrib="0" flow="0.00" occupancy="0.00" speed="-1.00" harmonicMeanSpeed="-1.00" length="-1.00" nVehEntered="0"/>
    <interval begin="8900.00" end="9000.00" id="inductionLoop.S3" nVehContrib="0" flow="0.00" occupancy="0.00" speed="-1.00" harmonicMeanSpeed="-1.00" length="-1.00" nVehEntered="0"/>
    <interval begin="9000.00" end="9100.00" id="inductionLoop.S3" nVehContrib="1" flow="36.00" occupancy="1.55" speed="3.23" harmonicMeanSpeed="3.23" length="5.00" nVehEntered="1"/>
    <interval begin="9100.00" end="9200.00" id="inductionLoop.S3" nVehContrib="0" flow="0.00" occupancy="0.00" speed="-1.00" harmonicMeanSpeed="-1.00" length="-1.00" nVehEntered="0"/>
    <interval begin="9200.00" end="9300.00" id="inductionLoop.S3" nVehContrib="1" flow="36.00" occupancy="0.37" speed="13.63" harmonicMeanSpeed="13.63" length="5.00" nVehEntered="1"/>
    <interval begin="9300.00" end="9400.00" id="inductionLoop.S3" nVehContrib="2" flow="72.00" occupancy="1.77" speed="7.51" harmonicMeanSpeed="5.64" length="5.00" nVehEntered="2"/>
    <interval begin="9400.00" end="9500.00" id="inductionLoop.S3" nVehContrib="0" flow="0.00" occupancy="0.00" speed="-1.00" harmonicMeanSpeed="-1.00" length="-1.00" nVehEntered="0"/>
    <interval begin="9500.00" end="9600.00" id="inductionLoop.S3" nVehContrib="0" flow="0.00" occupancy="0.00" speed="-1.00" harmonicMeanSpeed="-1.00" length="-1.00" nVehEntered="0"/>
    <interval begin="9600.00" end="9700.00" id="inductionLoop.S3" nVehContrib="2" flow="72.00" occupancy="2.40" speed="4.18" harmonicMeanSpeed="4.17" length="5.00" nVehEntered="2"/>
    <interval begin="9700.00" end="9800.00" id="inductionLoop.S3" nVehContrib="0" flow="0.00" occupancy="0.00" speed="-1.00" harmonicMeanSpeed="-1.00" length="-1.00" nVehEntered="0"/>
    <interval begin="9800.00" end="9900.00" id="inductionLoop.S3" nVehContrib="0" flow="0.00" occupancy="0.00" speed="-1.00" harmonicMeanSpeed="-1.00" length="-1.00" nVehEntered="0"/>
    <interval begin="9900.00" end="10000.00" id="inductionLoop.S3" nVehContrib="0" flow="0.00" occupancy="0.00" speed="-1.00" harmonicMeanSpeed="-1.00" length="-1.00" nVehEntered="0"/>
    <interval begin="10000.00" end="10100.00" id="inductionLoop.S3" nVehContrib="0" flow="0.00" occupancy="0.00" speed="-1.00" harmonicMeanSpeed="-1.00" length="-1.00" nVehEntered="0"/>
    <interval begin="10100.00" end="10200.00" id="inductionLoop.S3" nVehContrib="0" flow="0.00" occupancy="0.00" speed="-1.00" harmonicMeanSpeed="-1.00" length="-1.00" nVehEntered="0"/>
    <interval begin="10200.00" end="10300.00" id="inductionLoop.S3" nVehContrib="0" flow="0.00" occupancy="0.00" speed="-1.00" harmonicMeanSpeed="-1.00" length="-1.00" nVehEntered="0"/>
    <interval begin="10300.00" end="10400.00" id="inductionLoop.S3" nVehContrib="1" flow="36.00" occupancy="0.39" speed="12.86" harmonicMeanSpeed="12.86" length="5.00" nVehEntered="1"/>
    <interval begin="10400.00" end="10500.00" id="inductionLoop.S3" nVehContrib="0" flow="0.00" occupancy="0.00" speed="-1.00" harmonicMeanSpeed="-1.00" length="-1.00" nVehEntered="0"/>
    <interval begin="10500.00" end="10600.00" id="inductionLoop.S3" nVehContrib="0" flow="0.00" occupancy="0.00" speed="-1.00" harmonicMeanSpeed="-1.00" length="-1.00" nVehEntered="0"/>
    <interval begin="10600.00" end="10700.00" id="inductionLoop.S3" nVehContrib="0" flow="0.00" occupancy="0.00" speed="-1.00" harmonicMeanSpeed="-1.00" length="-1.00" nVehEntered="0"/>
    <interval begin="10700.00" end="10800.00" id="inductionLoop.S3" nVehContrib="0" flow="0.00" occupancy="0.00" speed="-1.00" harmonicMeanSpeed="-1.00" length="-1.00" nVehEntered="0"/>
    <interval begin="10800.00" end="10900.00" id="inductionLoop.S3" nVehContrib="0" flow="0.00" occupancy="0.00" speed="-1.00" harmonicMeanSpeed="-1.00" length="-1.00" nVehEntered="0"/>
    <interval begin="10900.00" end="11000.00" id="inductionLoop.S3" nVehContrib="0" flow="0.00" occupancy="0.00" speed="-1.00" harmonicMeanSpeed="-1.00" length="-1.00" nVehEntered="0"/>
    <interval begin="11000.00" end="11100.00" id="inductionLoop.S3" nVehContrib="0" flow="0.00" occupancy="0.00" speed="-1.00" harmonicMeanSpeed="-1.00" length="-1.00" nVehEntered="0"/>
    <interval begin="11100.00" end="11200.00" id="inductionLoop.S3" nVehContrib="0" flow="0.00" occupancy="0.00" speed="-1.00" harmonicMeanSpeed="-1.00" length="-1.00" nVehEntered="0"/>
    <interval begin="11200.00" end="11300.00" id="inductionLoop.S3" nVehContrib="0" flow="0.00" occupancy="0.00" speed="-1.00" harmonicMeanSpeed="-1.00" length="-1.00" nVehEntered="0"/>
    <interval begin="11300.00" end="11400.00" id="inductionLoop.S3" nVehContrib="1" flow="36.00" occupancy="1.17" speed="4.28" harmonicMeanSpeed="4.28" length="5.00" nVehEntered="1"/>
    <interval begin="11400.00" end="11500.00" id="inductionLoop.S3" nVehContrib="0" flow="0.00" occupancy="0.00" speed="-1.00" harmonicMeanSpeed="-1.00" length="-1.00" nVehEntered="0"/>
    <interval begin="11500.00" end="11600.00" id="inductionLoop.S3" nVehContrib="0" flow="0.00" occupancy="0.00" speed="-1.00" harmonicMeanSpeed="-1.00" length="-1.00" nVehEntered="0"/>
    <interval begin="11600.00" end="11700.00" id="inductionLoop.S3" nVehContrib="0" flow="0.00" occupancy="0.00" speed="-1.00" harmonicMeanSpeed="-1.00" length="-1.00" nVehEntered="0"/>
    <interval begin="11700.00" end="11800.00" id="inductionLoop.S3" nVehContrib="0" flow="0.00" occupancy="0.00" speed="-1.00" harmonicMeanSpeed="-1.00" length="-1.00" nVehEntered="0"/>
    <interval begin="11800.00" end="11900.00" id="inductionLoop.S3" nVehContrib="1" flow="36.00" occupancy="0.37" speed="13.61" harmonicMeanSpeed="13.61" length="5.00" nVehEntered="1"/>
    <interval begin="11900.00" end="12000.00" id="inductionLoop.S3" nVehContrib="1" flow="36.00" occupancy="1.36" speed="3.67" harmonicMeanSpeed="3.67" length="5.00" nVehEntered="1"/>
    <interval begin="12000.00" end="12100.00" id="inductionLoop.S3" nVehContrib="1" flow="36.00" occupancy="1.31" speed="3.81" harmonicMeanSpeed="3.81" length="5.00" nVehEntered="1"/>
    <interval begin="12100.00" end="12200.00" id="inductionLoop.S3" nVehContrib="0" flow="0.00" occupancy="0.00" speed="-1.00" harmonicMeanSpeed="-1.00" length="-1.00" nVehEntered="0"/>
    <interval begin="12200.00" end="12300.00" id="inductionLoop.S3" nVehContrib="1" flow="36.00" occupancy="1.18" speed="4.22" harmonicMeanSpeed="4.22" length="5.00" nVehEntered="1"/>
    <interval begin="12300.00" end="12400.00" id="inductionLoop.S3" nVehContrib="0" flow="0.00" occupancy="0.00" speed="-1.00" harmonicMeanSpeed="-1.00" length="-1.00" nVehEntered="0"/>
    <interval begin="12400.00" end="12500.00" id="inductionLoop.S3" nVehContrib="0" flow="0.00" occupancy="0.00" speed="-1.00" harmonicMeanSpeed="-1.00" length="-1.00" nVehEntered="0"/>
    <interval begin="12500.00" end="12600.00" id="inductionLoop.S3" nVehContrib="0" flow="0.00" occupancy="0.00" speed="-1.00" harmonicMeanSpeed="-1.00" length="-1.00" nVehEntered="0"/>
    <interval begin="12600.00" end="12700.00" id="inductionLoop.S3" nVehContrib="1" flow="36.00" occupancy="1.00" speed="4.98" harmonicMeanSpeed="4.98" length="5.00" nVehEntered="1"/>
    <interval begin="12700.00" end="12800.00" id="inductionLoop.S3" nVehContrib="1" flow="36.00" occupancy="0.37" speed="13.55" harmonicMeanSpeed="13.55" length="5.00" nVehEntered="1"/>
    <interval begin="12800.00" end="12900.00" id="inductionLoop.S3" nVehContrib="0" flow="0.00" occupancy="0.00" speed="-1.00" harmonicMeanSpeed="-1.00" length="-1.00" nVehEntered="0"/>
    <interval begin="12900.00" end="13000.00" id="inductionLoop.S3" nVehContrib="0" flow="0.00" occupancy="0.00" speed="-1.00" harmonicMeanSpeed="-1.00" length="-1.00" nVehEntered="0"/>
    <interval begin="13000.00" end="13100.00" id="inductionLoop.S3" nVehContrib="0" flow="0.00" occupancy="0.00" speed="-1.00" harmonicMeanSpeed="-1.00" length="-1.00" nVehEntered="0"/>
    <interval begin="13100.00" end="13200.00" id="inductionLoop.S3" nVehContrib="0" flow="0.00" occupancy="0.00" speed="-1.00" harmonicMeanSpeed="-1.00" length="-1.00" nVehEntered="0"/>
    <interval begin="13200.00" end="13300.00" id="inductionLoop.S3" nVehContrib="0" flow="0.00" occupancy="0.00" speed="-1.00" harmonicMeanSpeed="-1.00" length="-1.00" nVehEntered="0"/>
    <interval begin="13300.00" end="13400.00" id="inductionLoop.S3" nVehContrib="0" flow="0.00" occupancy="0.00" speed="-1.00" harmonicMeanSpeed="-1.00" length="-1.00" nVehEntered="0"/>
    <interval begin="13400.00" end="13500.00" id="inductionLoop.S3" nVehContrib="0" flow="0.00" occupancy="0.00" speed="-1.00" harmonicMeanSpeed="-1.00" length="-1.00" nVehEntered="0"/>
    <interval begin="13500.00" end="13600.00" id="inductionLoop.S3" nVehContrib="0" flow="0.00" occupancy="0.00" speed="-1.00" harmonicMeanSpeed="-1.00" length="-1.00" nVehEntered="0"/>
    <interval begin="13600.00" end="13700.00" id="inductionLoop.S3" nVehContrib="0" flow="0.00" occupancy="0.00" speed="-1.00" harmonicMeanSpeed="-1.00" length="-1.00" nVehEntered="0"/>
    <interval begin="13700.00" end="13800.00" id="inductionLoop.S3" nVehContrib="1" flow="36.00" occupancy="1.06" speed="4.72" harmonicMeanSpeed="4.72" length="5.00" nVehEntered="1"/>
    <interval begin="13800.00" end="13900.00" id="inductionLoop.S3" nVehContrib="0" flow="0.00" occupancy="0.00" speed="-1.00" harmonicMeanSpeed="-1.00" length="-1.00" nVehEntered="0"/>
    <interval begin="13900.00" end="14000.00" id="inductionLoop.S3" nVehContrib="0" flow="0.00" occupancy="0.00" speed="-1.00" harmonicMeanSpeed="-1.00" length="-1.00" nVehEntered="0"/>
    <interval begin="14000.00" end="14100.00" id="inductionLoop.S3" nVehContrib="0" flow="0.00" occupancy="0.00" speed="-1.00" harmonicMeanSpeed="-1.00" length="-1.00" nVehEntered="0"/>
    <interval begin="14100.00" end="14200.00" id="inductionLoop.S3" nVehContrib="0" flow="0.00" occupancy="0.00" speed="-1.00" harmonicMeanSpeed="-1.00" length="-1.00" nVehEntered="0"/>
    <interval begin="14200.00" end="14300.00" id="inductionLoop.S3" nVehContrib="0" flow="0.00" occupancy="0.00" speed="-1.00" harmonicMeanSpeed="-1.00" length="-1.00" nVehEntered="0"/>
    <interval begin="14300.00" end="14400.00" id="inductionLoop.S3" nVehContrib="0" flow="0.00" occupancy="0.00" speed="-1.00" harmonicMeanSpeed="-1.00" length="-1.00" nVehEntered="0"/>
    <interval begin="14400.00" end="14500.00" id="inductionLoop.S3" nVehContrib="0" flow="0.00" occupancy="0.00" speed="-1.00" harmonicMeanSpeed="-1.00" length="-1.00" nVehEntered="0"/>
    <interval begin="14500.00" end="14600.00" id="inductionLoop.S3" nVehContrib="0" flow="0.00" occupancy="0.00" speed="-1.00" harmonicMeanSpeed="-1.00" length="-1.00" nVehEntered="0"/>
    <interval begin="14600.00" end="14700.00" id="inductionLoop.S3" nVehContrib="0" flow="0.00" occupancy="0.00" speed="-1.00" harmonicMeanSpeed="-1.00" length="-1.00" nVehEntered="0"/>
    <interval begin="14700.00" end="14800.00" id="inductionLoop.S3" nVehContrib="0" flow="0.00" occupancy="0.00" speed="-1.00" harmonicMeanSpeed="-1.00" length="-1.00" nVehEntered="0"/>
    <interval begin="14800.00" end="14900.00" id="inductionLoop.S3" nVehContrib="0" flow="0.00" occupancy="0.00" speed="-1.00" harmonicMeanSpeed="-1.00" length="-1.00" nVehEntered="0"/>
    <interval begin="14900.00" end="15000.00" id="inductionLoop.S3" nVehContrib="0" flow="0.00" occupancy="0.00" speed="-1.00" harmonicMeanSpeed="-1.00" length="-1.00" nVehEntered="0"/>
    <interval begin="15000.00" end="15100.00" id="inductionLoop.S3" nVehContrib="0" flow="0.00" occupancy="0.00" speed="-1.00" harmonicMeanSpeed="-1.00" length="-1.00" nVehEntered="0"/>
    <interval begin="15100.00" end="15200.00" id="inductionLoop.S3" nVehContrib="0" flow="0.00" occupancy="0.00" speed="-1.00" harmonicMeanSpeed="-1.00" length="-1.00" nVehEntered="0"/>
    <interval begin="15200.00" end="15300.00" id="inductionLoop.S3" nVehContrib="0" flow="0.00" occupancy="0.00" speed="-1.00" harmonicMeanSpeed="-1.00" length="-1.00" nVehEntered="0"/>
    <interval begin="15300.00" end="15400.00" id="inductionLoop.S3" nVehContrib="0" flow="0.00" occupancy="0.00" speed="-1.00" harmonicMeanSpeed="-1.00" length="-1.00" nVehEntered="0"/>
    <interval begin="15400.00" end="15500.00" id="inductionLoop.S3" nVehContrib="0" flow="0.00" occupancy="0.00" speed="-1.00" harmonicMeanSpeed="-1.00" length="-1.00" nVehEntered="0"/>
    <interval begin="15500.00" end="15600.00" id="inductionLoop.S3" nVehContrib="0" flow="0.00" occupancy="0.00" speed="-1.00" harmonicMeanSpeed="-1.00" length="-1.00" nVehEntered="0"/>
    <interval begin="15600.00" end="15700.00" id="inductionLoop.S3" nVehContrib="1" flow="36.00" occupancy="0.40" speed="12.39" harmonicMeanSpeed="12.39" length="5.00" nVehEntered="1"/>
    <interval begin="15700.00" end="15800.00" id="inductionLoop.S3" nVehContrib="0" flow="0.00" occupancy="0.00" speed="-1.00" harmonicMeanSpeed="-1.00" length="-1.00" nVehEntered="0"/>
    <interval begin="15800.00" end="15900.00" id="inductionLoop.S3" nVehContrib="0" flow="0.00" occupancy="0.00" speed="-1.00" harmonicMeanSpeed="-1.00" length="-1.00" nVehEntered="0"/>
    <interval begin="15900.00" end="16000.00" id="inductionLoop.S3" nVehContrib="0" flow="0.00" occupancy="0.00" speed="-1.00" harmonicMeanSpeed="-1.00" length="-1.00" nVehEntered="0"/>
    <interval begin="16000.00" end="16100.00" id="inductionLoop.S3" nVehContrib="0" flow="0.00" occupancy="0.00" speed="-1.00" harmonicMeanSpeed="-1.00" length="-1.00" nVehEntered="0"/>
    <interval begin="16100.00" end="16200.00" id="inductionLoop.S3" nVehContrib="0" flow="0.00" occupancy="0.00" speed="-1.00" harmonicMeanSpeed="-1.00" length="-1.00" nVehEntered="0"/>
    <interval begin="16200.00" end="16300.00" id="inductionLoop.S3" nVehContrib="2" flow="72.00" occupancy="2.28" speed="4.41" harmonicMeanSpeed="4.38" length="5.00" nVehEntered="2"/>
    <interval begin="16300.00" end="16400.00" id="inductionLoop.S3" nVehContrib="0" flow="0.00" occupancy="0.00" speed="-1.00" harmonicMeanSpeed="-1.00" length="-1.00" nVehEntered="0"/>
    <interval begin="16400.00" end="16500.00" id="inductionLoop.S3" nVehContrib="1" flow="36.00" occupancy="1.34" speed="3.73" harmonicMeanSpeed="3.73" length="5.00" nVehEntered="1"/>
    <interval begin="16500.00" end="16600.00" id="inductionLoop.S3" nVehContrib="0" flow="0.00" occupancy="0.00" speed="-1.00" harmonicMeanSpeed="-1.00" length="-1.00" nVehEntered="0"/>
    <interval begin="16600.00" end="16700.00" id="inductionLoop.S3" nVehContrib="1" flow="36.00" occupancy="0.62" speed="8.06" harmonicMeanSpeed="8.06" length="5.00" nVehEntered="1"/>
    <interval begin="16700.00" end="16800.00" id="inductionLoop.S3" nVehContrib="0" flow="0.00" occupancy="0.00" speed="-1.00" harmonicMeanSpeed="-1.00" length="-1.00" nVehEntered="0"/>
    <interval begin="16800.00" end="16900.00" id="inductionLoop.S3" nVehContrib="0" flow="0.00" occupancy="0.00" speed="-1.00" harmonicMeanSpeed="-1.00" length="-1.00" nVehEntered="0"/>
    <interval begin="16900.00" end="17000.00" id="inductionLoop.S3" nVehContrib="0" flow="0.00" occupancy="0.00" speed="-1.00" harmonicMeanSpeed="-1.00" length="-1.00" nVehEntered="0"/>
    <interval begin="17000.00" end="17100.00" id="inductionLoop.S3" nVehContrib="0" flow="0.00" occupancy="0.00" speed="-1.00" harmonicMeanSpeed="-1.00" length="-1.00" nVehEntered="0"/>
    <interval begin="17100.00" end="17200.00" id="inductionLoop.S3" nVehContrib="0" flow="0.00" occupancy="0.00" speed="-1.00" harmonicMeanSpeed="-1.00" length="-1.00" nVehEntered="0"/>
    <interval begin="17200.00" end="17300.00" id="inductionLoop.S3" nVehContrib="0" flow="0.00" occupancy="0.00" speed="-1.00" harmonicMeanSpeed="-1.00" length="-1.00" nVehEntered="0"/>
    <interval begin="17300.00" end="17400.00" id="inductionLoop.S3" nVehContrib="1" flow="36.00" occupancy="1.19" speed="4.19" harmonicMeanSpeed="4.19" length="5.00" nVehEntered="1"/>
    <interval begin="17400.00" end="17500.00" id="inductionLoop.S3" nVehContrib="0" flow="0.00" occupancy="0.00" speed="-1.00" harmonicMeanSpeed="-1.00" length="-1.00" nVehEntered="0"/>
    <interval begin="17500.00" end="17600.00" id="inductionLoop.S3" nVehContrib="0" flow="0.00" occupancy="0.00" speed="-1.00" harmonicMeanSpeed="-1.00" length="-1.00" nVehEntered="0"/>
    <interval begin="17600.00" end="17700.00" id="inductionLoop.S3" nVehContrib="0" flow="0.00" occupancy="0.00" speed="-1.00" harmonicMeanSpeed="-1.00" length="-1.00" nVehEntered="0"/>
    <interval begin="17700.00" end="17800.00" id="inductionLoop.S3" nVehContrib="1" flow="36.00" occupancy="1.11" speed="4.50" harmonicMeanSpeed="4.50" length="5.00" nVehEntered="1"/>
    <interval begin="17800.00" end="17900.00" id="inductionLoop.S3" nVehContrib="0" flow="0.00" occupancy="0.00" speed="-1.00" harmonicMeanSpeed="-1.00" length="-1.00" nVehEntered="0"/>
    <interval begin="17900.00" end="18000.00" id="inductionLoop.S3" nVehContrib="0" flow="0.00" occupancy="0.00" speed="-1.00" harmonicMeanSpeed="-1.00" length="-1.00" nVehEntered="0"/>
    <interval begin="18000.00" end="18100.00" id="inductionLoop.S3" nVehContrib="0" flow="0.00" occupancy="0.00" speed="-1.00" harmonicMeanSpeed="-1.00" length="-1.00" nVehEntered="0"/>
    <interval begin="18100.00" end="18200.00" id="inductionLoop.S3" nVehContrib="0" flow="0.00" occupancy="0.00" speed="-1.00" harmonicMeanSpeed="-1.00" length="-1.00" nVehEntered="0"/>
    <interval begin="18200.00" end="18300.00" id="inductionLoop.S3" nVehContrib="0" flow="0.00" occupancy="0.00" speed="-1.00" harmonicMeanSpeed="-1.00" length="-1.00" nVehEntered="0"/>
    <interval begin="18300.00" end="18400.00" id="inductionLoop.S3" nVehContrib="0" flow="0.00" occupancy="0.00" speed="-1.00" harmonicMeanSpeed="-1.00" length="-1.00" nVehEntered="0"/>
    <interval begin="18400.00" end="18500.00" id="inductionLoop.S3" nVehContrib="0" flow="0.00" occupancy="0.00" speed="-1.00" harmonicMeanSpeed="-1.00" length="-1.00" nVehEntered="0"/>
    <interval begin="18500.00" end="18600.00" id="inductionLoop.S3" nVehContrib="0" flow="0.00" occupancy="0.00" speed="-1.00" harmonicMeanSpeed="-1.00" length="-1.00" nVehEntered="0"/>
    <interval begin="18600.00" end="18700.00" id="inductionLoop.S3" nVehContrib="0" flow="0.00" occupancy="0.00" speed="-1.00" harmonicMeanSpeed="-1.00" length="-1.00" nVehEntered="0"/>
    <interval begin="18700.00" end="18800.00" id="inductionLoop.S3" nVehContrib="0" flow="0.00" occupancy="0.00" speed="-1.00" harmonicMeanSpeed="-1.00" length="-1.00" nVehEntered="0"/>
    <interval begin="18800.00" end="18900.00" id="inductionLoop.S3" nVehContrib="1" flow="36.00" occupancy="0.35" speed="14.29" harmonicMeanSpeed="14.29" length="5.00" nVehEntered="1"/>
    <interval begin="18900.00" end="19000.00" id="inductionLoop.S3" nVehContrib="1" flow="36.00" occupancy="1.22" speed="4.10" harmonicMeanSpeed="4.10" length="5.00" nVehEntered="1"/>
    <interval begin="19000.00" end="19100.00" id="inductionLoop.S3" nVehContrib="2" flow="72.00" occupancy="2.53" speed="5.92" harmonicMeanSpeed="3.95" length="5.00" nVehEntered="2"/>
    <interval begin="19100.00" end="19200.00" id="inductionLoop.S3" nVehContrib="1" flow="36.00" occupancy="1.08" speed="4.64" harmonicMeanSpeed="4.64" length="5.00" nVehEntered="1"/>
    <interval begin="19200.00" end="19300.00" id="inductionLoop.S3" nVehContrib="0" flow="0.00" occupancy="0.00" speed="-1.00" harmonicMeanSpeed="-1.00" length="-1.00" nVehEntered="0"/>
    <interval begin="19300.00" end="19400.00" id="inductionLoop.S3" nVehContrib="0" flow="0.00" occupancy="0.00" speed="-1.00" harmonicMeanSpeed="-1.00" length="-1.00" nVehEntered="0"/>
    <interval begin="19400.00" end="19500.00" id="inductionLoop.S3" nVehContrib="0" flow="0.00" occupancy="0.00" speed="-1.00" harmonicMeanSpeed="-1.00" length="-1.00" nVehEntered="0"/>
    <interval begin="19500.00" end="19600.00" id="inductionLoop.S3" nVehContrib="3" flow="108.00" occupancy="8.24" speed="4.64" harmonicMeanSpeed="1.82" length="5.00" nVehEntered="3"/>
    <interval begin="19600.00" end="19700.00" id="inductionLoop.S3" nVehContrib="1" flow="36.00" occupancy="0.33" speed="15.06" harmonicMeanSpeed="15.06" length="5.00" nVehEntered="1"/>
    <interval begin="19700.00" end="19800.00" id="inductionLoop.S3" nVehContrib="3" flow="108.00" occupancy="17.17" speed="6.36" harmonicMeanSpeed="0.87" length="5.00" nVehEntered="3"/>
    <interval begin="19800.00" end="19900.00" id="inductionLoop.S3" nVehContrib="0" flow="0.00" occupancy="0.00" speed="-1.00" harmonicMeanSpeed="-1.00" length="-1.00" nVehEntered="0"/>
    <interval begin="19900.00" end="20000.00" id="inductionLoop.S3" nVehContrib="3" flow="108.00" occupancy="5.97" speed="5.84" harmonicMeanSpeed="2.51" length="5.00" nVehEntered="3"/>
    <interval begin="20000.00" end="20100.00" id="inductionLoop.S3" nVehContrib="1" flow="36.00" occupancy="0.38" speed="13.21" harmonicMeanSpeed="13.21" length="5.00" nVehEntered="1"/>
    <interval begin="20100.00" end="20200.00" id="inductionLoop.S3" nVehContrib="0" flow="0.00" occupancy="0.00" speed="-1.00" harmonicMeanSpeed="-1.00" length="-1.00" nVehEntered="0"/>
    <interval begin="20200.00" end="20300.00" id="inductionLoop.S3" nVehContrib="1" flow="36.00" occupancy="1.06" speed="4.71" harmonicMeanSpeed="4.71" length="5.00" nVehEntered="1"/>
    <interval begin="20300.00" end="20400.00" id="inductionLoop.S3" nVehContrib="0" flow="0.00" occupancy="0.00" speed="-1.00" harmonicMeanSpeed="-1.00" length="-1.00" nVehEntered="0"/>
    <interval begin="20400.00" end="20500.00" id="inductionLoop.S3" nVehContrib="1" flow="36.00" occupancy="1.13" speed="4.43" harmonicMeanSpeed="4.43" length="5.00" nVehEntered="1"/>
    <interval begin="20500.00" end="20600.00" id="inductionLoop.S3" nVehContrib="4" flow="144.00" occupancy="3.29" speed="7.03" harmonicMeanSpeed="6.08" length="5.00" nVehEntered="4"/>
    <interval begin="20600.00" end="20700.00" id="inductionLoop.S3" nVehContrib="3" flow="108.00" occupancy="4.11" speed="3.66" harmonicMeanSpeed="3.65" length="5.00" nVehEntered="3"/>
    <interval begin="20700.00" end="20800.00" id="inductionLoop.S3" nVehContrib="3" flow="108.00" occupancy="25.52" speed="7.24" harmonicMeanSpeed="6.27" length="5.00" nVehEntered="4"/>
    <interval begin="20800.00" end="20900.00" id="inductionLoop.S3" nVehContrib="5" flow="180.00" occupancy="5.67" speed="4.26" harmonicMeanSpeed="0.87" length="5.00" nVehEntered="4"/>
    <interval begin="20900.00" end="21000.00" id="inductionLoop.S3" nVehContrib="7" flow="252.00" occupancy="16.77" speed="5.62" harmonicMeanSpeed="2.09" length="5.00" nVehEntered="7"/>
    <interval begin="21000.00" end="21100.00" id="inductionLoop.S3" nVehContrib="2" flow="72.00" occupancy="1.94" speed="6.99" harmonicMeanSpeed="5.14" length="5.00" nVehEntered="2"/>
    <interval begin="21100.00" end="21200.00" id="inductionLoop.S3" nVehContrib="1" flow="36.00" occupancy="1.31" speed="3.82" harmonicMeanSpeed="3.82" length="5.00" nVehEntered="1"/>
    <interval begin="21200.00" end="21300.00" id="inductionLoop.S3" nVehContrib="2" flow="72.00" occupancy="1.70" speed="7.67" harmonicMeanSpeed="5.89" length="5.00" nVehEntered="2"/>
    <interval begin="21300.00" end="21400.00" id="inductionLoop.S3" nVehContrib="1" flow="36.00" occupancy="15.99" speed="9.14" harmonicMeanSpeed="9.14" length="5.00" nVehEntered="2"/>
    <interval begin="21400.00" end="21500.00" id="inductionLoop.S3" nVehContrib="6" flow="216.00" occupancy="76.92" speed="1.80" harmonicMeanSpeed="0.32" length="5.00" nVehEntered="5"/>
    <interval begin="21500.00" end="21600.00" id="inductionLoop.S3" nVehContrib="9" flow="324.00" occupancy="55.46" speed="2.19" harmonicMeanSpeed="0.81" length="5.00" nVehEntered="9"/>
    <interval begin="21600.00" end="21700.00" id="inductionLoop.S3" nVehContrib="6" flow="216.00" occupancy="7.23" speed="5.24" harmonicMeanSpeed="4.44" length="5.00" nVehEntered="7"/>
    <interval begin="21700.00" end="21800.00" id="inductionLoop.S3" nVehContrib="6" flow="216.00" occupancy="10.66" speed="4.11" harmonicMeanSpeed="2.70" length="5.00" nVehEntered="5"/>
    <interval begin="21800.00" end="21900.00" id="inductionLoop.S3" nVehContrib="6" flow="216.00" occupancy="13.54" speed="3.85" harmonicMeanSpeed="2.80" length="5.00" nVehEntered="7"/>
    <interval begin="21900.00" end="22000.00" id="inductionLoop.S3" nVehContrib="6" flow="216.00" occupancy="9.60" speed="4.02" harmonicMeanSpeed="2.41" length="5.00" nVehEntered="5"/>
    <interval begin="22000.00" end="22100.00" id="inductionLoop.S3" nVehContrib="5" flow="180.00" occupancy="3.78" speed="8.83" harmonicMeanSpeed="6.61" length="5.00" nVehEntered="5"/>
    <interval begin="22100.00" end="22200.00" id="inductionLoop.S3" nVehContrib="2" flow="72.00" occupancy="1.73" speed="7.53" harmonicMeanSpeed="5.77" length="5.00" nVehEntered="2"/>
    <interval begin="22200.00" end="22300.00" id="inductionLoop.S3" nVehContrib="2" flow="72.00" occupancy="1.85" speed="7.38" harmonicMeanSpeed="5.41" length="5.00" nVehEntered="2"/>
    <interval begin="22300.00" end="22400.00" id="inductionLoop.S3" nVehContrib="1" flow="36.00" occupancy="0.37" speed="13.34" harmonicMeanSpeed="13.34" length="5.00" nVehEntered="1"/>
    <interval begin="22400.00" end="22500.00" id="inductionLoop.S3" nVehContrib="1" flow="36.00" occupancy="0.42" speed="12.01" harmonicMeanSpeed="12.01" length="5.00" nVehEntered="1"/>
    <interval begin="22500.00" end="22600.00" id="inductionLoop.S3" nVehContrib="0" flow="0.00" occupancy="0.00" speed="-1.00" harmonicMeanSpeed="-1.00" length="-1.00" nVehEntered="0"/>
    <interval begin="22600.00" end="22700.00" id="inductionLoop.S3" nVehContrib="6" flow="216.00" occupancy="7.92" speed="7.04" harmonicMeanSpeed="5.21" length="5.00" nVehEntered="7"/>
    <interval begin="22700.00" end="22800.00" id="inductionLoop.S3" nVehContrib="6" flow="216.00" occupancy="28.90" speed="3.80" harmonicMeanSpeed="0.97" length="5.00" nVehEntered="5"/>
    <interval begin="22800.00" end="22900.00" id="inductionLoop.S3" nVehContrib="7" flow="252.00" occupancy="33.23" speed="2.26" harmonicMeanSpeed="1.05" length="5.00" nVehEntered="7"/>
    <interval begin="22900.00" end="23000.00" id="inductionLoop.S3" nVehContrib="8" flow="288.00" occupancy="40.92" speed="6.29" harmonicMeanSpeed="0.98" length="5.00" nVehEntered="8"/>
    <interval begin="23000.00" end="23100.00" id="inductionLoop.S3" nVehContrib="5" flow="180.00" occupancy="4.93" speed="7.48" harmonicMeanSpeed="5.07" length="5.00" nVehEntered="5"/>
    <interval begin="23100.00" end="23200.00" id="inductionLoop.S3" nVehContrib="6" flow="216.00" occupancy="24.45" speed="3.24" harmonicMeanSpeed="1.23" length="5.00" nVehEntered="6"/>
    <interval begin="23200.00" end="23300.00" id="inductionLoop.S3" nVehContrib="5" flow="180.00" occupancy="7.09" speed="4.08" harmonicMeanSpeed="3.53" length="5.00" nVehEntered="5"/>
    <interval begin="23300.00" end="23400.00" id="inductionLoop.S3" nVehContrib="4" flow="144.00" occupancy="19.16" speed="8.87" harmonicMeanSpeed="1.04" length="5.00" nVehEntered="4"/>
    <interval begin="23400.00" end="23500.00" id="inductionLoop.S3" nVehContrib="3" flow="108.00" occupancy="17.03" speed="2.73" harmonicMeanSpeed="0.88" length="5.00" nVehEntered="4"/>
    <interval begin="23500.00" end="23600.00" id="inductionLoop.S3" nVehContrib="7" flow="252.00" occupancy="6.64" speed="7.01" harmonicMeanSpeed="5.22" length="5.00" nVehEntered="6"/>
    <interval begin="23600.00" end="23700.00" id="inductionLoop.S3" nVehContrib="2" flow="72.00" occupancy="3.10" speed="3.34" harmonicMeanSpeed="3.22" length="5.00" nVehEntered="2"/>
    <interval begin="23700.00" end="23800.00" id="inductionLoop.S3" nVehContrib="3" flow="108.00" occupancy="3.98" speed="7.24" harmonicMeanSpeed="3.77" length="5.00" nVehEntered="3"/>
    <interval begin="23800.00" end="23900.00" id="inductionLoop.S3" nVehContrib="4" flow="144.00" occupancy="4.74" speed="6.86" harmonicMeanSpeed="4.22" length="5.00" nVehEntered="4"/>
    <interval begin="23900.00" end="24000.00" id="inductionLoop.S3" nVehContrib="0" flow="0.00" occupancy="0.00" speed="-1.00" harmonicMeanSpeed="-1.00" length="-1.00" nVehEntered="0"/>
    <interval begin="24000.00" end="24100.00" id="inductionLoop.S3" nVehContrib="3" flow="108.00" occupancy="3.01" speed="5.69" harmonicMeanSpeed="4.99" length="5.00" nVehEntered="3"/>
    <interval begin="24100.00" end="24200.00" id="inductionLoop.S3" nVehContrib="4" flow="144.00" occupancy="4.53" speed="5.28" harmonicMeanSpeed="4.42" length="5.00" nVehEntered="4"/>
    <interval begin="24200.00" end="24300.00" id="inductionLoop.S3" nVehContrib="5" flow="180.00" occupancy="17.00" speed="2.25" harmonicMeanSpeed="1.47" length="5.00" nVehEntered="5"/>
    <interval begin="24300.00" end="24400.00" id="inductionLoop.S3" nVehContrib="3" flow="108.00" occupancy="1.38" speed="10.91" harmonicMeanSpeed="10.90" length="5.00" nVehEntered="3"/>
    <interval begin="24400.00" end="24500.00" id="inductionLoop.S3" nVehContrib="3" flow="108.00" occupancy="2.04" speed="9.72" harmonicMeanSpeed="7.34" length="5.00" nVehEntered="3"/>
    <interval begin="24500.00" end="24600.00" id="inductionLoop.S3" nVehContrib="0" flow="0.00" occupancy="0.00" speed="-1.00" harmonicMeanSpeed="-1.00" length="-1.00" nVehEntered="0"/>
    <interval begin="24600.00" end="24700.00" id="inductionLoop.S3" nVehContrib="0" flow="0.00" occupancy="0.00" speed="-1.00" harmonicMeanSpeed="-1.00" length="-1.00" nVehEntered="0"/>
    <interval begin="24700.00" end="24800.00" id="inductionLoop.S3" nVehContrib="2" flow="72.00" occupancy="2.93" speed="3.43" harmonicMeanSpeed="3.42" length="5.00" nVehEntered="2"/>
    <interval begin="24800.00" end="24900.00" id="inductionLoop.S3" nVehContrib="5" flow="180.00" occupancy="6.62" speed="6.84" harmonicMeanSpeed="3.78" length="5.00" nVehEntered="5"/>
    <interval begin="24900.00" end="25000.00" id="inductionLoop.S3" nVehContrib="7" flow="252.00" occupancy="43.77" speed="5.74" harmonicMeanSpeed="0.80" length="5.00" nVehEntered="7"/>
    <interval begin="25000.00" end="25100.00" id="inductionLoop.S3" nVehContrib="5" flow="180.00" occupancy="7.75" speed="5.43" harmonicMeanSpeed="3.23" length="5.00" nVehEntered="5"/>
    <interval begin="25100.00" end="25200.00" id="inductionLoop.S3" nVehContrib="6" flow="216.00" occupancy="19.82" speed="4.85" harmonicMeanSpeed="1.51" length="5.00" nVehEntered="6"/>
    <interval begin="25200.00" end="25300.00" id="inductionLoop.S3" nVehContrib="5" flow="180.00" occupancy="6.54" speed="5.19" harmonicMeanSpeed="3.82" length="5.00" nVehEntered="5"/>
    <interval begin="25300.00" end="25400.00" id="inductionLoop.S3" nVehContrib="5" flow="180.00" occupancy="31.90" speed="7.64" harmonicMeanSpeed="0.78" length="5.00" nVehEntered="5"/>
    <interval begin="25400.00" end="25500.00" id="inductionLoop.S3" nVehContrib="7" flow="252.00" occupancy="12.79" speed="6.47" harmonicMeanSpeed="2.97" length="5.00" nVehEntered="8"/>
    <interval begin="25500.00" end="25600.00" id="inductionLoop.S3" nVehContrib="3" flow="108.00" occupancy="2.44" speed="5.49" harmonicMeanSpeed="4.36" length="5.00" nVehEntered="2"/>
    <interval begin="25600.00" end="25700.00" id="inductionLoop.S3" nVehContrib="7" flow="252.00" occupancy="53.90" speed="3.73" harmonicMeanSpeed="0.65" length="5.00" nVehEntered="7"/>
    <interval begin="25700.00" end="25800.00" id="inductionLoop.S3" nVehContrib="7" flow="252.00" occupancy="10.27" speed="3.95" harmonicMeanSpeed="3.54" length="5.00" nVehEntered="8"/>
    <interval begin="25800.00" end="25900.00" id="inductionLoop.S3" nVehContrib="12" flow="432.00" occupancy="18.31" speed="7.21" harmonicMeanSpeed="5.86" length="5.00" nVehEntered="12"/>
    <interval begin="25900.00" end="26000.00" id="inductionLoop.S3" nVehContrib="6" flow="216.00" occupancy="25.16" speed="2.87" harmonicMeanSpeed="1.10" length="5.00" nVehEntered="6"/>
    <interval begin="26000.00" end="26100.00" id="inductionLoop.S3" nVehContrib="3" flow="108.00" occupancy="19.21" speed="5.23" harmonicMeanSpeed="0.59" length="5.00" nVehEntered="2"/>
    <interval begin="26100.00" end="26200.00" id="inductionLoop.S3" nVehContrib="4" flow="144.00" occupancy="11.95" speed="6.53" harmonicMeanSpeed="5.12" length="5.00" nVehEntered="5"/>
    <interval begin="26200.00" end="26300.00" id="inductionLoop.S3" nVehContrib="7" flow="252.00" occupancy="18.50" speed="5.45" harmonicMeanSpeed="1.32" length="5.00" nVehEntered="6"/>
    <interval begin="26300.00" end="26400.00" id="inductionLoop.S3" nVehContrib="5" flow="180.00" occupancy="8.29" speed="4.87" harmonicMeanSpeed="3.02" length="5.00" nVehEntered="5"/>
    <interval begin="26400.00" end="26500.00" id="inductionLoop.S3" nVehContrib="5" flow="180.00" occupancy="11.09" speed="6.38" harmonicMeanSpeed="2.48" length="5.00" nVehEntered="6"/>
    <interval begin="26500.00" end="26600.00" id="inductionLoop.S3" nVehContrib="4" flow="144.00" occupancy="8.50" speed="3.35" harmonicMeanSpeed="2.68" length="5.00" nVehEntered="4"/>
    <interval begin="26600.00" end="26700.00" id="inductionLoop.S3" nVehContrib="3" flow="108.00" occupancy="3.96" speed="3.10" harmonicMeanSpeed="2.51" length="5.00" nVehEntered="2"/>
    <interval begin="26700.00" end="26800.00" id="inductionLoop.S3" nVehContrib="5" flow="180.00" occupancy="6.52" speed="9.09" harmonicMeanSpeed="3.83" length="5.00" nVehEntered="5"/>
    <interval begin="26800.00" end="26900.00" id="inductionLoop.S3" nVehContrib="2" flow="72.00" occupancy="21.90" speed="2.22" harmonicMeanSpeed="0.46" length="5.00" nVehEntered="2"/>
    <interval begin="26900.00" end="27000.00" id="inductionLoop.S3" nVehContrib="1" flow="36.00" occupancy="1.52" speed="3.29" harmonicMeanSpeed="3.29" length="5.00" nVehEntered="1"/>
    <interval begin="27000.00" end="27100.00" id="inductionLoop.S3" nVehContrib="0" flow="0.00" occupancy="0.00" speed="-1.00" harmonicMeanSpeed="-1.00" length="-1.00" nVehEntered="0"/>
    <interval begin="27100.00" end="27200.00" id="inductionLoop.S3" nVehContrib="0" flow="0.00" occupancy="0.00" speed="-1.00" harmonicMeanSpeed="-1.00" length="-1.00" nVehEntered="0"/>
    <interval begin="27200.00" end="27300.00" id="inductionLoop.S3" nVehContrib="2" flow="72.00" occupancy="2.25" speed="4.46" harmonicMeanSpeed="4.44" length="5.00" nVehEntered="2"/>
    <interval begin="27300.00" end="27400.00" id="inductionLoop.S3" nVehContrib="2" flow="72.00" occupancy="2.40" speed="4.20" harmonicMeanSpeed="4.16" length="5.00" nVehEntered="2"/>
    <interval begin="27400.00" end="27500.00" id="inductionLoop.S3" nVehContrib="9" flow="324.00" occupancy="25.14" speed="5.22" harmonicMeanSpeed="1.79" length="5.00" nVehEntered="9"/>
    <interval begin="27500.00" end="27600.00" id="inductionLoop.S3" nVehContrib="7" flow="252.00" occupancy="13.81" speed="4.01" harmonicMeanSpeed="2.53" length="5.00" nVehEntered="7"/>
    <interval begin="27600.00" end="27700.00" id="inductionLoop.S3" nVehContrib="10" flow="360.00" occupancy="38.48" speed="2.46" harmonicMeanSpeed="1.43" length="5.00" nVehEntered="11"/>
    <interval begin="27700.00" end="27800.00" id="inductionLoop.S3" nVehContrib="11" flow="396.00" occupancy="62.86" speed="3.44" harmonicMeanSpeed="0.83" length="5.00" nVehEntered="10"/>
    <interval begin="27800.00" end="27900.00" id="inductionLoop.S3" nVehContrib="12" flow="432.00" occupancy="63.10" speed="5.77" harmonicMeanSpeed="0.95" length="5.00" nVehEntered="12"/>
    <interval begin="27900.00" end="28000.00" id="inductionLoop.S3" nVehContrib="7" flow="252.00" occupancy="14.26" speed="3.91" harmonicMeanSpeed="2.45" length="5.00" nVehEntered="7"/>
    <interval begin="28000.00" end="28100.00" id="inductionLoop.S3" nVehContrib="4" flow="144.00" occupancy="12.84" speed="1.83" harmonicMeanSpeed="1.61" length="5.00" nVehEntered="5"/>
    <interval begin="28100.00" end="28200.00" id="inductionLoop.S3" nVehContrib="16" flow="576.00" occupancy="41.29" speed="4.55" harmonicMeanSpeed="2.82" length="5.00" nVehEntered="16"/>
    <interval begin="28200.00" end="28300.00" id="inductionLoop.S3" nVehContrib="7" flow="252.00" occupancy="60.69" speed="1.54" harmonicMeanSpeed="0.47" length="5.00" nVehEntered="6"/>
    <interval begin="28300.00" end="28400.00" id="inductionLoop.S3" nVehContrib="10" flow="360.00" occupancy="37.66" speed="3.97" harmonicMeanSpeed="2.81" length="5.00" nVehEntered="11"/>
    <interval begin="28400.00" end="28500.00" id="inductionLoop.S3" nVehContrib="13" flow="468.00" occupancy="60.48" speed="3.91" harmonicMeanSpeed="0.81" length="5.00" nVehEntered="12"/>
    <interval begin="28500.00" end="28600.00" id="inductionLoop.S3" nVehContrib="8" flow="288.00" occupancy="43.16" speed="3.59" harmonicMeanSpeed="0.93" length="5.00" nVehEntered="8"/>
    <interval begin="28600.00" end="28700.00" id="inductionLoop.S3" nVehContrib="2" flow="72.00" occupancy="6.22" speed="2.11" harmonicMeanSpeed="1.61" length="5.00" nVehEntered="2"/>
    <interval begin="28700.00" end="28800.00" id="inductionLoop.S3" nVehContrib="16" flow="576.00" occupancy="30.59" speed="4.15" harmonicMeanSpeed="2.62" length="5.00" nVehEntered="16"/>
    <interval begin="28800.00" end="28900.00" id="inductionLoop.S3" nVehContrib="7" flow="252.00" occupancy="10.55" speed="5.22" harmonicMeanSpeed="3.32" length="5.00" nVehEntered="7"/>
    <interval begin="28900.00" end="29000.00" id="inductionLoop.S3" nVehContrib="1" flow="36.00" occupancy="1.96" speed="3.35" harmonicMeanSpeed="3.35" length="5.00" nVehEntered="2"/>
    <interval begin="29000.00" end="29100.00" id="inductionLoop.S3" nVehContrib="13" flow="468.00" occupancy="31.76" speed="4.61" harmonicMeanSpeed="2.02" length="5.00" nVehEntered="12"/>
    <interval begin="29100.00" end="29200.00" id="inductionLoop.S3" nVehContrib="12" flow="432.00" occupancy="22.86" speed="4.28" harmonicMeanSpeed="2.62" length="5.00" nVehEntered="12"/>
    <interval begin="29200.00" end="29300.00" id="inductionLoop.S3" nVehContrib="3" flow="108.00" occupancy="10.86" speed="1.38" harmonicMeanSpeed="1.38" length="5.00" nVehEntered="3"/>
    <interval begin="29300.00" end="29400.00" id="inductionLoop.S3" nVehContrib="10" flow="360.00" occupancy="51.86" speed="5.80" harmonicMeanSpeed="3.84" length="5.00" nVehEntered="11"/>
    <interval begin="29400.00" end="29500.00" id="inductionLoop.S3" nVehContrib="9" flow="324.00" occupancy="52.01" speed="2.15" harmonicMeanSpeed="0.50" length="5.00" nVehEntered="8"/>
    <interval begin="29500.00" end="29600.00" id="inductionLoop.S3" nVehContrib="7" flow="252.00" occupancy="16.95" speed="3.12" harmonicMeanSpeed="2.06" length="5.00" nVehEntered="7"/>
    <interval begin="29600.00" end="29700.00" id="inductionLoop.S3" nVehContrib="7" flow="252.00" occupancy="63.59" speed="4.36" harmonicMeanSpeed="0.68" length="5.00" nVehEntered="8"/>
    <interval begin="29700.00" end="29800.00" id="inductionLoop.S3" nVehContrib="10" flow="360.00" occupancy="66.03" speed="3.81" harmonicMeanSpeed="0.64" length="5.00" nVehEntered="9"/>
    <interval begin="29800.00" end="29900.00" id="inductionLoop.S3" nVehContrib="0" flow="0.00" occupancy="0.00" speed="-1.00" harmonicMeanSpeed="-1.00" length="-1.00" nVehEntered="0"/>
    <interval begin="29900.00" end="30000.00" id="inductionLoop.S3" nVehContrib="0" flow="0.00" occupancy="0.00" speed="-1.00" harmonicMeanSpeed="-1.00" length="-1.00" nVehEntered="0"/>
    <interval begin="30000.00" end="30100.00" id="inductionLoop.S3" nVehContrib="1" flow="36.00" occupancy="1.12" speed="4.47" harmonicMeanSpeed="4.47" length="5.00" nVehEntered="1"/>
    <interval begin="30100.00" end="30200.00" id="inductionLoop.S3" nVehContrib="0" flow="0.00" occupancy="0.00" speed="-1.00" harmonicMeanSpeed="-1.00" length="-1.00" nVehEntered="0"/>
    <interval begin="30200.00" end="30300.00" id="inductionLoop.S3" nVehContrib="0" flow="0.00" occupancy="0.00" speed="-1.00" harmonicMeanSpeed="-1.00" length="-1.00" nVehEntered="0"/>
    <interval begin="30300.00" end="30400.00" id="inductionLoop.S3" nVehContrib="1" flow="36.00" occupancy="1.07" speed="4.68" harmonicMeanSpeed="4.68" length="5.00" nVehEntered="1"/>
    <interval begin="30400.00" end="30500.00" id="inductionLoop.S3" nVehContrib="1" flow="36.00" occupancy="1.18" speed="4.24" harmonicMeanSpeed="4.24" length="5.00" nVehEntered="1"/>
    <interval begin="30500.00" end="30600.00" id="inductionLoop.S3" nVehContrib="0" flow="0.00" occupancy="0.00" speed="-1.00" harmonicMeanSpeed="-1.00" length="-1.00" nVehEntered="0"/>
    <interval begin="30600.00" end="30700.00" id="inductionLoop.S3" nVehContrib="1" flow="36.00" occupancy="0.39" speed="12.76" harmonicMeanSpeed="12.76" length="5.00" nVehEntered="1"/>
    <interval begin="30700.00" end="30800.00" id="inductionLoop.S3" nVehContrib="0" flow="0.00" occupancy="0.00" speed="-1.00" harmonicMeanSpeed="-1.00" length="-1.00" nVehEntered="0"/>
    <interval begin="30800.00" end="30900.00" id="inductionLoop.S3" nVehContrib="0" flow="0.00" occupancy="0.00" speed="-1.00" harmonicMeanSpeed="-1.00" length="-1.00" nVehEntered="0"/>
    <interval begin="30900.00" end="31000.00" id="inductionLoop.S3" nVehContrib="0" flow="0.00" occupancy="0.00" speed="-1.00" harmonicMeanSpeed="-1.00" length="-1.00" nVehEntered="0"/>
    <interval begin="31000.00" end="31100.00" id="inductionLoop.S3" nVehContrib="0" flow="0.00" occupancy="0.00" speed="-1.00" harmonicMeanSpeed="-1.00" length="-1.00" nVehEntered="0"/>
    <interval begin="31100.00" end="31200.00" id="inductionLoop.S3" nVehContrib="1" flow="36.00" occupancy="1.47" speed="10.58" harmonicMeanSpeed="10.58" length="5.00" nVehEntered="2"/>
    <interval begin="31200.00" end="31300.00" id="inductionLoop.S3" nVehContrib="1" flow="36.00" occupancy="0.36" speed="3.69" harmonicMeanSpeed="3.69" length="5.00" nVehEntered="0"/>
    <interval begin="31300.00" end="31400.00" id="inductionLoop.S3" nVehContrib="1" flow="36.00" occupancy="0.50" speed="10.00" harmonicMeanSpeed="10.00" length="5.00" nVehEntered="1"/>
    <interval begin="31400.00" end="31500.00" id="inductionLoop.S3" nVehContrib="0" flow="0.00" occupancy="0.00" speed="-1.00" harmonicMeanSpeed="-1.00" length="-1.00" nVehEntered="0"/>
    <interval begin="31500.00" end="31600.00" id="inductionLoop.S3" nVehContrib="4" flow="144.00" occupancy="4.18" speed="6.32" harmonicMeanSpeed="4.79" length="5.00" nVehEntered="4"/>
    <interval begin="31600.00" end="31700.00" id="inductionLoop.S3" nVehContrib="0" flow="0.00" occupancy="0.00" speed="-1.00" harmonicMeanSpeed="-1.00" length="-1.00" nVehEntered="0"/>
    <interval begin="31700.00" end="31800.00" id="inductionLoop.S3" nVehContrib="1" flow="36.00" occupancy="1.32" speed="3.80" harmonicMeanSpeed="3.80" length="5.00" nVehEntered="1"/>
    <interval begin="31800.00" end="31900.00" id="inductionLoop.S3" nVehContrib="0" flow="0.00" occupancy="0.00" speed="-1.00" harmonicMeanSpeed="-1.00" length="-1.00" nVehEntered="0"/>
    <interval begin="31900.00" end="32000.00" id="inductionLoop.S3" nVehContrib="0" flow="0.00" occupancy="0.00" speed="-1.00" harmonicMeanSpeed="-1.00" length="-1.00" nVehEntered="0"/>
    <interval begin="32000.00" end="32100.00" id="inductionLoop.S3" nVehContrib="1" flow="36.00" occupancy="1.02" speed="4.90" harmonicMeanSpeed="4.90" length="5.00" nVehEntered="1"/>
    <interval begin="32100.00" end="32200.00" id="inductionLoop.S3" nVehContrib="0" flow="0.00" occupancy="0.00" speed="-1.00" harmonicMeanSpeed="-1.00" length="-1.00" nVehEntered="0"/>
    <interval begin="32200.00" end="32300.00" id="inductionLoop.S3" nVehContrib="0" flow="0.00" occupancy="0.00" speed="-1.00" harmonicMeanSpeed="-1.00" length="-1.00" nVehEntered="0"/>
    <interval begin="32300.00" end="32400.00" id="inductionLoop.S3" nVehContrib="1" flow="36.00" occupancy="1.26" speed="3.97" harmonicMeanSpeed="3.97" length="5.00" nVehEntered="1"/>
    <interval begin="32400.00" end="32500.00" id="inductionLoop.S3" nVehContrib="1" flow="36.00" occupancy="1.40" speed="3.56" harmonicMeanSpeed="3.56" length="5.00" nVehEntered="1"/>
    <interval begin="32500.00" end="32600.00" id="inductionLoop.S3" nVehContrib="5" flow="180.00" occupancy="5.30" speed="6.52" harmonicMeanSpeed="4.72" length="5.00" nVehEntered="5"/>
    <interval begin="32600.00" end="32700.00" id="inductionLoop.S3" nVehContrib="6" flow="216.00" occupancy="23.92" speed="3.22" harmonicMeanSpeed="1.25" length="5.00" nVehEntered="6"/>
    <interval begin="32700.00" end="32800.00" id="inductionLoop.S3" nVehContrib="4" flow="144.00" occupancy="5.56" speed="4.40" harmonicMeanSpeed="3.60" length="5.00" nVehEntered="4"/>
    <interval begin="32800.00" end="32900.00" id="inductionLoop.S3" nVehContrib="0" flow="0.00" occupancy="0.00" speed="-1.00" harmonicMeanSpeed="-1.00" length="-1.00" nVehEntered="0"/>
    <interval begin="32900.00" end="33000.00" id="inductionLoop.S3" nVehContrib="0" flow="0.00" occupancy="0.00" speed="-1.00" harmonicMeanSpeed="-1.00" length="-1.00" nVehEntered="0"/>
    <interval begin="33000.00" end="33100.00" id="inductionLoop.S3" nVehContrib="0" flow="0.00" occupancy="0.00" speed="-1.00" harmonicMeanSpeed="-1.00" length="-1.00" nVehEntered="0"/>
    <interval begin="33100.00" end="33200.00" id="inductionLoop.S3" nVehContrib="1" flow="36.00" occupancy="1.35" speed="3.71" harmonicMeanSpeed="3.71" length="5.00" nVehEntered="1"/>
    <interval begin="33200.00" end="33300.00" id="inductionLoop.S3" nVehContrib="1" flow="36.00" occupancy="1.15" speed="4.34" harmonicMeanSpeed="4.34" length="5.00" nVehEntered="1"/>
    <interval begin="33300.00" end="33400.00" id="inductionLoop.S3" nVehContrib="1" flow="36.00" occupancy="9.48" speed="7.97" harmonicMeanSpeed="7.97" length="5.00" nVehEntered="2"/>
    <interval begin="33400.00" end="33500.00" id="inductionLoop.S3" nVehContrib="8" flow="288.00" occupancy="23.40" speed="3.39" harmonicMeanSpeed="1.26" length="5.00" nVehEntered="8"/>
    <interval begin="33500.00" end="33600.00" id="inductionLoop.S3" nVehContrib="7" flow="252.00" occupancy="6.25" speed="6.12" harmonicMeanSpeed="5.17" length="5.00" nVehEntered="6"/>
    <interval begin="33600.00" end="33700.00" id="inductionLoop.S3" nVehContrib="0" flow="0.00" occupancy="0.00" speed="-1.00" harmonicMeanSpeed="-1.00" length="-1.00" nVehEntered="0"/>
    <interval begin="33700.00" end="33800.00" id="inductionLoop.S3" nVehContrib="1" flow="36.00" occupancy="0.38" speed="13.10" harmonicMeanSpeed="13.10" length="5.00" nVehEntered="1"/>
    <interval begin="33800.00" end="33900.00" id="inductionLoop.S3" nVehContrib="0" flow="0.00" occupancy="0.00" speed="-1.00" harmonicMeanSpeed="-1.00" length="-1.00" nVehEntered="0"/>
    <interval begin="33900.00" end="34000.00" id="inductionLoop.S3" nVehContrib="1" flow="36.00" occupancy="1.52" speed="3.28" harmonicMeanSpeed="3.28" length="5.00" nVehEntered="1"/>
    <interval begin="34000.00" end="34100.00" id="inductionLoop.S3" nVehContrib="2" flow="72.00" occupancy="2.14" speed="4.66" harmonicMeanSpeed="4.66" length="5.00" nVehEntered="2"/>
    <interval begin="34100.00" end="34200.00" id="inductionLoop.S3" nVehContrib="0" flow="0.00" occupancy="0.00" speed="-1.00" harmonicMeanSpeed="-1.00" length="-1.00" nVehEntered="0"/>
    <interval begin="34200.00" end="34300.00" id="inductionLoop.S3" nVehContrib="0" flow="0.00" occupancy="0.00" speed="-1.00" harmonicMeanSpeed="-1.00" length="-1.00" nVehEntered="0"/>
    <interval begin="34300.00" end="34400.00" id="inductionLoop.S3" nVehContrib="4" flow="144.00" occupancy="13.04" speed="3.01" harmonicMeanSpeed="1.53" length="5.00" nVehEntered="4"/>
    <interval begin="34400.00" end="34500.00" id="inductionLoop.S3" nVehContrib="3" flow="108.00" occupancy="2.47" speed="8.02" harmonicMeanSpeed="6.07" length="5.00" nVehEntered="3"/>
    <interval begin="34500.00" end="34600.00" id="inductionLoop.S3" nVehContrib="8" flow="288.00" occupancy="36.31" speed="4.37" harmonicMeanSpeed="1.10" length="5.00" nVehEntered="9"/>
    <interval begin="34600.00" end="34700.00" id="inductionLoop.S3" nVehContrib="10" flow="360.00" occupancy="60.65" speed="2.68" harmonicMeanSpeed="0.82" length="5.00" nVehEntered="9"/>
    <interval begin="34700.00" end="34800.00" id="inductionLoop.S3" nVehContrib="1" flow="36.00" occupancy="0.59" speed="8.43" harmonicMeanSpeed="8.43" length="5.00" nVehEntered="1"/>
    <interval begin="34800.00" end="34900.00" id="inductionLoop.S3" nVehContrib="6" flow="216.00" occupancy="14.46" speed="9.99" harmonicMeanSpeed="7.16" length="5.00" nVehEntered="7"/>
    <interval begin="34900.00" end="35000.00" id="inductionLoop.S3" nVehContrib="12" flow="432.00" occupancy="20.01" speed="4.04" harmonicMeanSpeed="1.98" length="5.00" nVehEntered="11"/>
    <interval begin="35000.00" end="35100.00" id="inductionLoop.S3" nVehContrib="4" flow="144.00" occupancy="17.39" speed="1.70" harmonicMeanSpeed="1.15" length="5.00" nVehEntered="4"/>
    <interval begin="35100.00" end="35200.00" id="inductionLoop.S3" nVehContrib="9" flow="324.00" occupancy="41.33" speed="5.92" harmonicMeanSpeed="1.47" length="5.00" nVehEntered="10"/>
    <interval begin="35200.00" end="35300.00" id="inductionLoop.S3" nVehContrib="9" flow="324.00" occupancy="36.72" speed="3.64" harmonicMeanSpeed="0.95" length="5.00" nVehEntered="8"/>
    <interval begin="35300.00" end="35400.00" id="inductionLoop.S3" nVehContrib="6" flow="216.00" occupancy="11.88" speed="3.04" harmonicMeanSpeed="2.53" length="5.00" nVehEntered="6"/>
    <interval begin="35400.00" end="35500.00" id="inductionLoop.S3" nVehContrib="2" flow="72.00" occupancy="3.73" speed="2.71" harmonicMeanSpeed="2.68" length="5.00" nVehEntered="2"/>
    <interval begin="35500.00" end="35600.00" id="inductionLoop.S3" nVehContrib="0" flow="0.00" occupancy="0.00" speed="-1.00" harmonicMeanSpeed="-1.00" length="-1.00" nVehEntered="0"/>
    <interval begin="35600.00" end="35700.00" id="inductionLoop.S3" nVehContrib="1" flow="36.00" occupancy="0.38" speed="13.33" harmonicMeanSpeed="13.33" length="5.00" nVehEntered="1"/>
    <interval begin="35700.00" end="35800.00" id="inductionLoop.S3" nVehContrib="0" flow="0.00" occupancy="0.00" speed="-1.00" harmonicMeanSpeed="-1.00" length="-1.00" nVehEntered="0"/>
    <interval begin="35800.00" end="35900.00" id="inductionLoop.S3" nVehContrib="5" flow="180.00" occupancy="1.87" speed="13.40" harmonicMeanSpeed="13.34" length="5.00" nVehEntered="5"/>
    <interval begin="35900.00" end="36000.00" id="inductionLoop.S3" nVehContrib="6" flow="216.00" occupancy="14.78" speed="2.20" harmonicMeanSpeed="2.03" length="5.00" nVehEntered="6"/>
    <interval begin="36000.00" end="36100.00" id="inductionLoop.S3" nVehContrib="9" flow="324.00" occupancy="42.92" speed="5.18" harmonicMeanSpeed="1.05" length="5.00" nVehEntered="9"/>
    <interval begin="36100.00" end="36200.00" id="inductionLoop.S3" nVehContrib="0" flow="0.00" occupancy="0.00" speed="-1.00" harmonicMeanSpeed="-1.00" length="-1.00" nVehEntered="0"/>
    <interval begin="36200.00" end="36300.00" id="inductionLoop.S3" nVehContrib="0" flow="0.00" occupancy="0.00" speed="-1.00" harmonicMeanSpeed="-1.00" length="-1.00" nVehEntered="0"/>
    <interval begin="36300.00" end="36400.00" id="inductionLoop.S3" nVehContrib="2" flow="72.00" occupancy="16.34" speed="11.05" harmonicMeanSpeed="10.32" length="5.00" nVehEntered="3"/>
    <interval begin="36400.00" end="36500.00" id="inductionLoop.S3" nVehContrib="10" flow="360.00" occupancy="81.74" speed="7.14" harmonicMeanSpeed="0.51" length="5.00" nVehEntered="9"/>
    <interval begin="36500.00" end="36600.00" id="inductionLoop.S3" nVehContrib="9" flow="324.00" occupancy="21.72" speed="6.12" harmonicMeanSpeed="5.48" length="5.00" nVehEntered="10"/>
    <interval begin="36600.00" end="36700.00" id="inductionLoop.S3" nVehContrib="8" flow="288.00" occupancy="71.55" speed="1.96" harmonicMeanSpeed="0.47" length="5.00" nVehEntered="7"/>
    <interval begin="36700.00" end="36800.00" id="inductionLoop.S3" nVehContrib="6" flow="216.00" occupancy="28.10" speed="2.24" harmonicMeanSpeed="1.07" length="5.00" nVehEntered="6"/>
    <interval begin="36800.00" end="36900.00" id="inductionLoop.S3" nVehContrib="5" flow="180.00" occupancy="11.56" speed="5.98" harmonicMeanSpeed="3.07" length="5.00" nVehEntered="6"/>
    <interval begin="36900.00" end="37000.00" id="inductionLoop.S3" nVehContrib="8" flow="288.00" occupancy="49.66" speed="6.25" harmonicMeanSpeed="0.76" length="5.00" nVehEntered="8"/>
    <interval begin="37000.00" end="37100.00" id="inductionLoop.S3" nVehContrib="4" flow="144.00" occupancy="9.52" speed="3.56" harmonicMeanSpeed="2.00" length="5.00" nVehEntered="3"/>
    <interval begin="37100.00" end="37200.00" id="inductionLoop.S3" nVehContrib="6" flow="216.00" occupancy="22.98" speed="4.99" harmonicMeanSpeed="1.31" length="5.00" nVehEntered="6"/>
    <interval begin="37200.00" end="37300.00" id="inductionLoop.S3" nVehContrib="10" flow="360.00" occupancy="29.49" speed="4.04" harmonicMeanSpeed="1.70" length="5.00" nVehEntered="10"/>
    <interval begin="37300.00" end="37400.00" id="inductionLoop.S3" nVehContrib="3" flow="108.00" occupancy="6.08" speed="3.14" harmonicMeanSpeed="2.47" length="5.00" nVehEntered="3"/>
    <interval begin="37400.00" end="37500.00" id="inductionLoop.S3" nVehContrib="1" flow="36.00" occupancy="0.56" speed="8.95" harmonicMeanSpeed="8.95" length="5.00" nVehEntered="1"/>
    <interval begin="37500.00" end="37600.00" id="inductionLoop.S3" nVehContrib="0" flow="0.00" occupancy="0.00" speed="-1.00" harmonicMeanSpeed="-1.00" length="-1.00" nVehEntered="0"/>
    <interval begin="37600.00" end="37700.00" id="inductionLoop.S3" nVehContrib="3" flow="108.00" occupancy="3.70" speed="4.59" harmonicMeanSpeed="4.05" length="5.00" nVehEntered="3"/>
    <interval begin="37700.00" end="37800.00" id="inductionLoop.S3" nVehContrib="3" flow="108.00" occupancy="2.83" speed="6.29" harmonicMeanSpeed="5.31" length="5.00" nVehEntered="3"/>
    <interval begin="37800.00" end="37900.00" id="inductionLoop.S3" nVehContrib="4" flow="144.00" occupancy="5.97" speed="3.55" harmonicMeanSpeed="3.35" length="5.00" nVehEntered="4"/>
    <interval begin="37900.00" end="38000.00" id="inductionLoop.S3" nVehContrib="3" flow="108.00" occupancy="76.69" speed="6.73" harmonicMeanSpeed="0.20" length="5.00" nVehEntered="3"/>
    <interval begin="38000.00" end="38100.00" id="inductionLoop.S3" nVehContrib="12" flow="432.00" occupancy="59.70" speed="5.57" harmonicMeanSpeed="1.01" length="5.00" nVehEntered="12"/>
    <interval begin="38100.00" end="38200.00" id="inductionLoop.S3" nVehContrib="12" flow="432.00" occupancy="44.10" speed="4.18" harmonicMeanSpeed="1.36" length="5.00" nVehEntered="12"/>
    <interval begin="38200.00" end="38300.00" id="inductionLoop.S3" nVehContrib="14" flow="504.00" occupancy="16.11" speed="6.69" harmonicMeanSpeed="4.34" length="5.00" nVehEntered="14"/>
    <interval begin="38300.00" end="38400.00" id="inductionLoop.S3" nVehContrib="6" flow="216.00" occupancy="14.12" speed="4.44" harmonicMeanSpeed="2.12" length="5.00" nVehEntered="6"/>
    <interval begin="38400.00" end="38500.00" id="inductionLoop.S3" nVehContrib="7" flow="252.00" occupancy="15.40" speed="4.18" harmonicMeanSpeed="2.27" length="5.00" nVehEntered="7"/>
    <interval begin="38500.00" end="38600.00" id="inductionLoop.S3" nVehContrib="8" flow="288.00" occupancy="26.34" speed="2.38" harmonicMeanSpeed="1.80" length="5.00" nVehEntered="9"/>
    <interval begin="38600.00" end="38700.00" id="inductionLoop.S3" nVehContrib="10" flow="360.00" occupancy="20.08" speed="4.86" harmonicMeanSpeed="2.66" length="5.00" nVehEntered="10"/>
    <interval begin="38700.00" end="38800.00" id="inductionLoop.S3" nVehContrib="8" flow="288.00" occupancy="54.49" speed="4.38" harmonicMeanSpeed="0.67" length="5.00" nVehEntered="7"/>
    <interval begin="38800.00" end="38900.00" id="inductionLoop.S3" nVehContrib="11" flow="396.00" occupancy="71.96" speed="3.28" harmonicMeanSpeed="0.76" length="5.00" nVehEntered="11"/>
    <interval begin="38900.00" end="39000.00" id="inductionLoop.S3" nVehContrib="7" flow="252.00" occupancy="67.20" speed="3.68" harmonicMeanSpeed="0.52" length="5.00" nVehEntered="7"/>
    <interval begin="39000.00" end="39100.00" id="inductionLoop.S3" nVehContrib="17" flow="612.00" occupancy="24.33" speed="5.91" harmonicMeanSpeed="3.49" length="5.00" nVehEntered="17"/>
    <interval begin="39100.00" end="39200.00" id="inductionLoop.S3" nVehContrib="11" flow="396.00" occupancy="19.35" speed="5.20" harmonicMeanSpeed="2.84" length="5.00" nVehEntered="11"/>
    <interval begin="39200.00" end="39300.00" id="inductionLoop.S3" nVehContrib="12" flow="432.00" occupancy="23.89" speed="5.58" harmonicMeanSpeed="2.80" length="5.00" nVehEntered="13"/>
    <interval begin="39300.00" end="39400.00" id="inductionLoop.S3" nVehContrib="9" flow="324.00" occupancy="68.88" speed="5.93" harmonicMeanSpeed="0.63" length="5.00" nVehEntered="8"/>
    <interval begin="39400.00" end="39500.00" id="inductionLoop.S3" nVehContrib="15" flow="540.00" occupancy="17.70" speed="8.23" harmonicMeanSpeed="5.82" length="5.00" nVehEntered="16"/>
    <interval begin="39500.00" end="39600.00" id="inductionLoop.S3" nVehContrib="8" flow="288.00" occupancy="67.37" speed="4.03" harmonicMeanSpeed="0.55" length="5.00" nVehEntered="7"/>
    <interval begin="39600.00" end="39700.00" id="inductionLoop.S3" nVehContrib="1" flow="36.00" occupancy="6.05" speed="0.83" harmonicMeanSpeed="0.83" length="5.00" nVehEntered="1"/>
    <interval begin="39700.00" end="39800.00" id="inductionLoop.S3" nVehContrib="20" flow="720.00" occupancy="22.87" speed="7.05" harmonicMeanSpeed="4.37" length="5.00" nVehEntered="20"/>
    <interval begin="39800.00" end="39900.00" id="inductionLoop.S3" nVehContrib="1" flow="36.00" occupancy="82.17" speed="0.17" harmonicMeanSpeed="0.17" length="5.00" nVehEntered="2"/>
    <interval begin="39900.00" end="40000.00" id="inductionLoop.S3" nVehContrib="5" flow="180.00" occupancy="81.84" speed="1.29" harmonicMeanSpeed="0.19" length="5.00" nVehEntered="5"/>
    <interval begin="40000.00" end="40100.00" id="inductionLoop.S3" nVehContrib="16" flow="576.00" occupancy="19.50" speed="8.38" harmonicMeanSpeed="3.96" length="5.00" nVehEntered="15"/>
    <interval begin="40100.00" end="40200.00" id="inductionLoop.S3" nVehContrib="11" flow="396.00" occupancy="14.69" speed="5.76" harmonicMeanSpeed="3.75" length="5.00" nVehEntered="11"/>
    <interval begin="40200.00" end="40300.00" id="inductionLoop.S3" nVehContrib="12" flow="432.00" occupancy="13.65" speed="6.78" harmonicMeanSpeed="4.40" length="5.00" nVehEntered="12"/>
    <interval begin="40300.00" end="40400.00" id="inductionLoop.S3" nVehContrib="6" flow="216.00" occupancy="21.27" speed="3.07" harmonicMeanSpeed="1.41" length="5.00" nVehEntered="6"/>
    <interval begin="40400.00" end="40500.00" id="inductionLoop.S3" nVehContrib="10" flow="360.00" occupancy="64.23" speed="5.00" harmonicMeanSpeed="0.78" length="5.00" nVehEntered="10"/>
    <interval begin="40500.00" end="40600.00" id="inductionLoop.S3" nVehContrib="13" flow="468.00" occupancy="13.64" speed="8.00" harmonicMeanSpeed="5.07" length="5.00" nVehEntered="14"/>
    <interval begin="40600.00" end="40700.00" id="inductionLoop.S3" nVehContrib="4" flow="144.00" occupancy="33.99" speed="3.90" harmonicMeanSpeed="2.72" length="5.00" nVehEntered="5"/>
    <interval begin="40700.00" end="40800.00" id="inductionLoop.S3" nVehContrib="10" flow="360.00" occupancy="49.58" speed="5.40" harmonicMeanSpeed="0.66" length="5.00" nVehEntered="9"/>
    <interval begin="40800.00" end="40900.00" id="inductionLoop.S3" nVehContrib="11" flow="396.00" occupancy="7.04" speed="9.13" harmonicMeanSpeed="7.81" length="5.00" nVehEntered="11"/>
    <interval begin="40900.00" end="41000.00" id="inductionLoop.S3" nVehContrib="6" flow="216.00" occupancy="2.24" speed="13.53" harmonicMeanSpeed="13.40" length="5.00" nVehEntered="6"/>
    <interval begin="41000.00" end="41100.00" id="inductionLoop.S3" nVehContrib="3" flow="108.00" occupancy="84.42" speed="11.11" harmonicMeanSpeed="10.81" length="5.00" nVehEntered="4"/>
    <interval begin="41100.00" end="41200.00" id="inductionLoop.S3" nVehContrib="13" flow="468.00" occupancy="19.02" speed="7.96" harmonicMeanSpeed="0.64" length="5.00" nVehEntered="12"/>
    <interval begin="41200.00" end="41300.00" id="inductionLoop.S3" nVehContrib="11" flow="396.00" occupancy="18.62" speed="4.04" harmonicMeanSpeed="2.95" length="5.00" nVehEntered="11"/>
    <interval begin="41300.00" end="41400.00" id="inductionLoop.S3" nVehContrib="2" flow="72.00" occupancy="9.48" speed="1.89" harmonicMeanSpeed="1.55" length="5.00" nVehEntered="3"/>
    <interval begin="41400.00" end="41500.00" id="inductionLoop.S3" nVehContrib="13" flow="468.00" occupancy="40.26" speed="7.20" harmonicMeanSpeed="4.06" length="5.00" nVehEntered="16"/>
    <interval begin="41500.00" end="41600.00" id="inductionLoop.S3" nVehContrib="4" flow="144.00" occupancy="62.05" speed="3.85" harmonicMeanSpeed="0.24" length="5.00" nVehEntered="3"/>
    <interval begin="41600.00" end="41700.00" id="inductionLoop.S3" nVehContrib="12" flow="432.00" occupancy="8.98" speed="9.58" harmonicMeanSpeed="6.68" length="5.00" nVehEntered="12"/>
    <interval begin="41700.00" end="41800.00" id="inductionLoop.S3" nVehContrib="17" flow="612.00" occupancy="15.47" speed="8.98" harmonicMeanSpeed="5.93" length="5.00" nVehEntered="18"/>
    <interval begin="41800.00" end="41900.00" id="inductionLoop.S3" nVehContrib="2" flow="72.00" occupancy="4.50" speed="1.84" harmonicMeanSpeed="1.78" length="5.00" nVehEntered="1"/>
    <interval begin="41900.00" end="42000.00" id="inductionLoop.S3" nVehContrib="20" flow="720.00" occupancy="50.49" speed="7.40" harmonicMeanSpeed="1.98" length="5.00" nVehEntered="20"/>
    <interval begin="42000.00" end="42100.00" id="inductionLoop.S3" nVehContrib="6" flow="216.00" occupancy="4.86" speed="9.75" harmonicMeanSpeed="6.67" length="5.00" nVehEntered="7"/>
    <interval begin="42100.00" end="42200.00" id="inductionLoop.S3" nVehContrib="8" flow="288.00" occupancy="22.83" speed="7.12" harmonicMeanSpeed="1.75" length="5.00" nVehEntered="8"/>
    <interval begin="42200.00" end="42300.00" id="inductionLoop.S3" nVehContrib="3" flow="108.00" occupancy="28.12" speed="10.51" harmonicMeanSpeed="9.82" length="5.00" nVehEntered="4"/>
    <interval begin="42300.00" end="42400.00" id="inductionLoop.S3" nVehContrib="4" flow="144.00" occupancy="93.96" speed="4.10" harmonicMeanSpeed="0.17" length="5.00" nVehEntered="3"/>
    <interval begin="42400.00" end="42500.00" id="inductionLoop.S3" nVehContrib="15" flow="540.00" occupancy="14.78" speed="8.93" harmonicMeanSpeed="5.65" length="5.00" nVehEntered="16"/>
    <interval begin="42500.00" end="42600.00" id="inductionLoop.S3" nVehContrib="1" flow="36.00" occupancy="22.48" speed="0.21" harmonicMeanSpeed="0.21" length="5.00" nVehEntered="0"/>
    <interval begin="42600.00" end="42700.00" id="inductionLoop.S3" nVehContrib="31" flow="1116.00" occupancy="18.57" speed="9.60" harmonicMeanSpeed="8.35" length="5.00" nVehEntered="31"/>
    <interval begin="42700.00" end="42800.00" id="inductionLoop.S3" nVehContrib="17" flow="612.00" occupancy="59.44" speed="10.42" harmonicMeanSpeed="1.48" length="5.00" nVehEntered="18"/>
    <interval begin="42800.00" end="42900.00" id="inductionLoop.S3" nVehContrib="10" flow="360.00" occupancy="12.84" speed="7.03" harmonicMeanSpeed="4.16" length="5.00" nVehEntered="11"/>
    <interval begin="42900.00" end="43000.00" id="inductionLoop.S3" nVehContrib="7" flow="252.00" occupancy="39.49" speed="10.28" harmonicMeanSpeed="8.71" length="5.00" nVehEntered="9"/>
    <interval begin="43000.00" end="43100.00" id="inductionLoop.S3" nVehContrib="9" flow="324.00" occupancy="50.67" speed="3.96" harmonicMeanSpeed="0.56" length="5.00" nVehEntered="9"/>
    <interval begin="43100.00" end="43200.00" id="inductionLoop.S3" nVehContrib="16" flow="576.00" occupancy="21.56" speed="7.52" harmonicMeanSpeed="3.79" length="5.00" nVehEntered="17"/>
    <interval begin="43200.00" end="43300.00" id="inductionLoop.S3" nVehContrib="10" flow="360.00" occupancy="9.39" speed="8.22" harmonicMeanSpeed="5.82" length="5.00" nVehEntered="11"/>
    <interval begin="43300.00" end="43400.00" id="inductionLoop.S3" nVehContrib="18" flow="648.00" occupancy="15.94" speed="9.89" harmonicMeanSpeed="6.45" length="5.00" nVehEntered="19"/>
    <interval begin="43400.00" end="43500.00" id="inductionLoop.S3" nVehContrib="14" flow="504.00" occupancy="22.75" speed="8.45" harmonicMeanSpeed="3.40" length="5.00" nVehEntered="15"/>
    <interval begin="43500.00" end="43600.00" id="inductionLoop.S3" nVehContrib="11" flow="396.00" occupancy="13.37" speed="8.78" harmonicMeanSpeed="4.83" length="5.00" nVehEntered="12"/>
    <interval begin="43600.00" end="43700.00" id="inductionLoop.S3" nVehContrib="15" flow="540.00" occupancy="16.79" speed="7.75" harmonicMeanSpeed="4.88" length="5.00" nVehEntered="16"/>
    <interval begin="43700.00" end="43800.00" id="inductionLoop.S3" nVehContrib="16" flow="576.00" occupancy="14.91" speed="9.04" harmonicMeanSpeed="6.59" length="5.00" nVehEntered="17"/>
    <interval begin="43800.00" end="43900.00" id="inductionLoop.S3" nVehContrib="7" flow="252.00" occupancy="44.60" speed="6.15" harmonicMeanSpeed="0.88" length="5.00" nVehEntered="8"/>
    <interval begin="43900.00" end="44000.00" id="inductionLoop.S3" nVehContrib="9" flow="324.00" occupancy="14.54" speed="9.05" harmonicMeanSpeed="5.83" length="5.00" nVehEntered="11"/>
    <interval begin="44000.00" end="44100.00" id="inductionLoop.S3" nVehContrib="12" flow="432.00" occupancy="8.47" speed="10.31" harmonicMeanSpeed="7.08" length="5.00" nVehEntered="12"/>
    <interval begin="44100.00" end="44200.00" id="inductionLoop.S3" nVehContrib="10" flow="360.00" occupancy="11.67" speed="8.21" harmonicMeanSpeed="4.28" length="5.00" nVehEntered="10"/>
    <interval begin="44200.00" end="44300.00" id="inductionLoop.S3" nVehContrib="11" flow="396.00" occupancy="32.18" speed="10.38" harmonicMeanSpeed="6.91" length="5.00" nVehEntered="12"/>
    <interval begin="44300.00" end="44400.00" id="inductionLoop.S3" nVehContrib="2" flow="72.00" occupancy="85.77" speed="0.68" harmonicMeanSpeed="0.32" length="5.00" nVehEntered="2"/>
    <interval begin="44400.00" end="44500.00" id="inductionLoop.S3" nVehContrib="12" flow="432.00" occupancy="31.72" speed="5.96" harmonicMeanSpeed="0.54" length="5.00" nVehEntered="11"/>
    <interval begin="44500.00" end="44600.00" id="inductionLoop.S3" nVehContrib="10" flow="360.00" occupancy="62.75" speed="8.63" harmonicMeanSpeed="7.35" length="5.00" nVehEntered="12"/>
    <interval begin="44600.00" end="44700.00" id="inductionLoop.S3" nVehContrib="8" flow="288.00" occupancy="14.32" speed="4.68" harmonicMeanSpeed="0.59" length="5.00" nVehEntered="8"/>
    <interval begin="44700.00" end="44800.00" id="inductionLoop.S3" nVehContrib="3" flow="108.00" occupancy="10.14" speed="2.45" harmonicMeanSpeed="1.48" length="5.00" nVehEntered="2"/>
    <interval begin="44800.00" end="44900.00" id="inductionLoop.S3" nVehContrib="28" flow="1008.00" occupancy="17.45" speed="9.49" harmonicMeanSpeed="8.02" length="5.00" nVehEntered="28"/>
    <interval begin="44900.00" end="45000.00" id="inductionLoop.S3" nVehContrib="15" flow="540.00" occupancy="12.61" speed="8.19" harmonicMeanSpeed="5.95" length="5.00" nVehEntered="15"/>
    <interval begin="45000.00" end="45100.00" id="inductionLoop.S3" nVehContrib="5" flow="180.00" occupancy="9.34" speed="3.83" harmonicMeanSpeed="2.68" length="5.00" nVehEntered="5"/>
    <interval begin="45100.00" end="45200.00" id="inductionLoop.S3" nVehContrib="9" flow="324.00" occupancy="41.01" speed="11.09" harmonicMeanSpeed="10.62" length="5.00" nVehEntered="11"/>
    <interval begin="45200.00" end="45300.00" id="inductionLoop.S3" nVehContrib="12" flow="432.00" occupancy="24.45" speed="6.01" harmonicMeanSpeed="1.01" length="5.00" nVehEntered="12"/>
    <interval begin="45300.00" end="45400.00" id="inductionLoop.S3" nVehContrib="11" flow="396.00" occupancy="36.32" speed="8.81" harmonicMeanSpeed="5.20" length="5.00" nVehEntered="11"/>
    <interval begin="45400.00" end="45500.00" id="inductionLoop.S3" nVehContrib="15" flow="540.00" occupancy="31.60" speed="9.39" harmonicMeanSpeed="1.30" length="5.00" nVehEntered="14"/>
    <interval begin="45500.00" end="45600.00" id="inductionLoop.S3" nVehContrib="5" flow="180.00" occupancy="6.13" speed="7.84" harmonicMeanSpeed="4.08" length="5.00" nVehEntered="5"/>
    <interval begin="45600.00" end="45700.00" id="inductionLoop.S3" nVehContrib="8" flow="288.00" occupancy="11.90" speed="5.98" harmonicMeanSpeed="3.36" length="5.00" nVehEntered="8"/>
    <interval begin="45700.00" end="45800.00" id="inductionLoop.S3" nVehContrib="11" flow="396.00" occupancy="19.08" speed="6.85" harmonicMeanSpeed="2.88" length="5.00" nVehEntered="11"/>
    <interval begin="45800.00" end="45900.00" id="inductionLoop.S3" nVehContrib="10" flow="360.00" occupancy="29.99" speed="5.29" harmonicMeanSpeed="2.10" length="5.00" nVehEntered="12"/>
    <interval begin="45900.00" end="46000.00" id="inductionLoop.S3" nVehContrib="4" flow="144.00" occupancy="11.72" speed="3.81" harmonicMeanSpeed="1.31" length="5.00" nVehEntered="3"/>
    <interval begin="46000.00" end="46100.00" id="inductionLoop.S3" nVehContrib="3" flow="108.00" occupancy="26.32" speed="9.23" harmonicMeanSpeed="6.84" length="5.00" nVehEntered="4"/>
    <interval begin="46100.00" end="46200.00" id="inductionLoop.S3" nVehContrib="21" flow="756.00" occupancy="64.28" speed="9.47" harmonicMeanSpeed="1.19" length="5.00" nVehEntered="20"/>
    <interval begin="46200.00" end="46300.00" id="inductionLoop.S3" nVehContrib="3" flow="108.00" occupancy="8.10" speed="3.89" harmonicMeanSpeed="2.07" length="5.00" nVehEntered="4"/>
    <interval begin="46300.00" end="46400.00" id="inductionLoop.S3" nVehContrib="13" flow="468.00" occupancy="13.99" speed="7.02" harmonicMeanSpeed="4.64" length="5.00" nVehEntered="13"/>
    <interval begin="46400.00" end="46500.00" id="inductionLoop.S3" nVehContrib="4" flow="144.00" occupancy="2.03" speed="10.20" harmonicMeanSpeed="9.87" length="5.00" nVehEntered="4"/>
    <interval begin="46500.00" end="46600.00" id="inductionLoop.S3" nVehContrib="2" flow="72.00" occupancy="78.78" speed="4.10" harmonicMeanSpeed="0.13" length="5.00" nVehEntered="3"/>
    <interval begin="46600.00" end="46700.00" id="inductionLoop.S3" nVehContrib="6" flow="216.00" occupancy="3.82" speed="10.40" harmonicMeanSpeed="7.85" length="5.00" nVehEntered="6"/>
    <interval begin="46700.00" end="46800.00" id="inductionLoop.S3" nVehContrib="23" flow="828.00" occupancy="31.65" speed="8.30" harmonicMeanSpeed="3.81" length="5.00" nVehEntered="24"/>
    <interval begin="46800.00" end="46900.00" id="inductionLoop.S3" nVehContrib="5" flow="180.00" occupancy="5.66" speed="8.45" harmonicMeanSpeed="4.42" length="5.00" nVehEntered="5"/>
    <interval begin="46900.00" end="47000.00" id="inductionLoop.S3" nVehContrib="12" flow="432.00" occupancy="16.16" speed="6.75" harmonicMeanSpeed="4.62" length="5.00" nVehEntered="13"/>
    <interval begin="47000.00" end="47100.00" id="inductionLoop.S3" nVehContrib="10" flow="360.00" occupancy="17.32" speed="6.34" harmonicMeanSpeed="2.44" length="5.00" nVehEntered="9"/>
    <interval begin="47100.00" end="47200.00" id="inductionLoop.S3" nVehContrib="5" flow="180.00" occupancy="6.51" speed="4.75" harmonicMeanSpeed="3.84" length="5.00" nVehEntered="5"/>
    <interval begin="47200.00" end="47300.00" id="inductionLoop.S3" nVehContrib="20" flow="720.00" occupancy="40.07" speed="8.02" harmonicMeanSpeed="5.55" length="5.00" nVehEntered="21"/>
    <interval begin="47300.00" end="47400.00" id="inductionLoop.S3" nVehContrib="9" flow="324.00" occupancy="48.67" speed="5.06" harmonicMeanSpeed="0.64" length="5.00" nVehEntered="8"/>
    <interval begin="47400.00" end="47500.00" id="inductionLoop.S3" nVehContrib="0" flow="0.00" occupancy="0.00" speed="-1.00" harmonicMeanSpeed="-1.00" length="-1.00" nVehEntered="0"/>
    <interval begin="47500.00" end="47600.00" id="inductionLoop.S3" nVehContrib="23" flow="828.00" occupancy="32.89" speed="7.15" harmonicMeanSpeed="4.59" length="5.00" nVehEntered="24"/>
    <interval begin="47600.00" end="47700.00" id="inductionLoop.S3" nVehContrib="14" flow="504.00" occupancy="38.92" speed="7.63" harmonicMeanSpeed="3.23" length="5.00" nVehEntered="14"/>
    <interval begin="47700.00" end="47800.00" id="inductionLoop.S3" nVehContrib="11" flow="396.00" occupancy="63.29" speed="6.41" harmonicMeanSpeed="0.62" length="5.00" nVehEntered="10"/>
    <interval begin="47800.00" end="47900.00" id="inductionLoop.S3" nVehContrib="13" flow="468.00" occupancy="41.53" speed="7.09" harmonicMeanSpeed="4.38" length="5.00" nVehEntered="14"/>
    <interval begin="47900.00" end="48000.00" id="inductionLoop.S3" nVehContrib="16" flow="576.00" occupancy="23.24" speed="7.73" harmonicMeanSpeed="1.60" length="5.00" nVehEntered="15"/>
    <interval begin="48000.00" end="48100.00" id="inductionLoop.S3" nVehContrib="2" flow="72.00" occupancy="63.48" speed="0.74" harmonicMeanSpeed="0.16" length="5.00" nVehEntered="2"/>
    <interval begin="48100.00" end="48200.00" id="inductionLoop.S3" nVehContrib="14" flow="504.00" occupancy="13.71" speed="7.47" harmonicMeanSpeed="5.11" length="5.00" nVehEntered="14"/>
    <interval begin="48200.00" end="48300.00" id="inductionLoop.S3" nVehContrib="2" flow="72.00" occupancy="86.42" speed="2.04" harmonicMeanSpeed="1.80" length="5.00" nVehEntered="3"/>
    <interval begin="48300.00" end="48400.00" id="inductionLoop.S3" nVehContrib="28" flow="1008.00" occupancy="51.50" speed="8.31" harmonicMeanSpeed="1.06" length="5.00" nVehEntered="28"/>
    <interval begin="48400.00" end="48500.00" id="inductionLoop.S3" nVehContrib="13" flow="468.00" occupancy="17.64" speed="6.05" harmonicMeanSpeed="3.61" length="5.00" nVehEntered="12"/>
    <interval begin="48500.00" end="48600.00" id="inductionLoop.S3" nVehContrib="15" flow="540.00" occupancy="15.76" speed="7.87" harmonicMeanSpeed="4.76" length="5.00" nVehEntered="15"/>
    <interval begin="48600.00" end="48700.00" id="inductionLoop.S3" nVehContrib="1" flow="36.00" occupancy="3.44" speed="1.45" harmonicMeanSpeed="1.45" length="5.00" nVehEntered="1"/>
    <interval begin="48700.00" end="48800.00" id="inductionLoop.S3" nVehContrib="20" flow="720.00" occupancy="36.15" speed="8.81" harmonicMeanSpeed="5.76" length="5.00" nVehEntered="21"/>
    <interval begin="48800.00" end="48900.00" id="inductionLoop.S3" nVehContrib="1" flow="36.00" occupancy="97.55" speed="0.05" harmonicMeanSpeed="0.05" length="5.00" nVehEntered="1"/>
    <interval begin="48900.00" end="49000.00" id="inductionLoop.S3" nVehContrib="0" flow="0.00" occupancy="100.00" speed="-1.00" harmonicMeanSpeed="-1.00" length="-1.00" nVehEntered="0"/>
    <interval begin="49000.00" end="49100.00" id="inductionLoop.S3" nVehContrib="25" flow="900.00" occupancy="30.16" speed="7.71" harmonicMeanSpeed="0.82" length="5.00" nVehEntered="26"/>
    <interval begin="49100.00" end="49200.00" id="inductionLoop.S3" nVehContrib="3" flow="108.00" occupancy="13.39" speed="11.04" harmonicMeanSpeed="10.57" length="5.00" nVehEntered="4"/>
    <interval begin="49200.00" end="49300.00" id="inductionLoop.S3" nVehContrib="0" flow="0.00" occupancy="100.00" speed="-1.00" harmonicMeanSpeed="-1.00" length="-1.00" nVehEntered="0"/>
    <interval begin="49300.00" end="49400.00" id="inductionLoop.S3" nVehContrib="1" flow="36.00" occupancy="46.55" speed="0.03" harmonicMeanSpeed="0.03" length="5.00" nVehEntered="0"/>
    <interval begin="49400.00" end="49500.00" id="inductionLoop.S3" nVehContrib="9" flow="324.00" occupancy="13.48" speed="5.77" harmonicMeanSpeed="3.35" length="5.00" nVehEntered="10"/>
    <interval begin="49500.00" end="49600.00" id="inductionLoop.S3" nVehContrib="22" flow="792.00" occupancy="30.40" speed="7.05" harmonicMeanSpeed="3.61" length="5.00" nVehEntered="21"/>
    <interval begin="49600.00" end="49700.00" id="inductionLoop.S3" nVehContrib="8" flow="288.00" occupancy="8.59" speed="8.38" harmonicMeanSpeed="6.53" length="5.00" nVehEntered="9"/>
    <interval begin="49700.00" end="49800.00" id="inductionLoop.S3" nVehContrib="11" flow="396.00" occupancy="12.53" speed="6.34" harmonicMeanSpeed="4.39" length="5.00" nVehEntered="11"/>
    <interval begin="49800.00" end="49900.00" id="inductionLoop.S3" nVehContrib="15" flow="540.00" occupancy="20.79" speed="6.32" harmonicMeanSpeed="3.61" length="5.00" nVehEntered="15"/>
    <interval begin="49900.00" end="50000.00" id="inductionLoop.S3" nVehContrib="0" flow="0.00" occupancy="0.00" speed="-1.00" harmonicMeanSpeed="-1.00" length="-1.00" nVehEntered="0"/>
    <interval begin="50000.00" end="50010.00" id="inductionLoop.S3" nVehContrib="0" flow="0.00" occupancy="0.00" speed="-1.00" harmonicMeanSpeed="-1.00" length="-1.00" nVehEntered="0"/>
</detector>
