<?xml version="1.0" encoding="UTF-8"?>

<!-- generated on 2023-07-22 11:17:52 by Eclipse SUMO sumo Version 1.12.0
<configuration xmlns:xsi="http://www.w3.org/2001/XMLSchema-instance" xsi:noNamespaceSchemaLocation="http://sumo.dlr.de/xsd/sumoConfiguration.xsd">

    <input>
        <net-file value="Data0-13/intersection.net.xml"/>
        <route-files value="Data0-13/intersection.rou.xml"/>
        <additional-files value="Data0-13/intersection.det.xml"/>
    </input>

    <output>
        <tripinfo-output value="Data0-13/tripinfo.xml"/>
    </output>

    <time>
        <begin value="0"/>
    </time>

    <processing>
        <time-to-teleport value="-1"/>
        <waiting-time-memory value="60000"/>
    </processing>

    <report>
        <verbose value="true"/>
        <no-step-log value="true"/>
    </report>

    <emissions>
        <device.emissions.probability value="1"/>
    </emissions>

    <traci_server>
        <remote-port value="50275"/>
    </traci_server>

    <gui_only>
        <gui-settings-file value="Data0-13/intersection.settings.xml"/>
    </gui_only>

</configuration>
-->

<detector xmlns:xsi="http://www.w3.org/2001/XMLSchema-instance" xsi:noNamespaceSchemaLocation="http://sumo.dlr.de/xsd/det_e1_file.xsd">
    <interval begin="0.00" end="100.00" id="inductionLoop.W1" nVehContrib="8" flow="288.00" occupancy="4.08" speed="10.11" harmonicMeanSpeed="9.79" length="5.00" nVehEntered="8"/>
    <interval begin="100.00" end="200.00" id="inductionLoop.W1" nVehContrib="7" flow="252.00" occupancy="17.61" speed="7.87" harmonicMeanSpeed="2.09" length="5.00" nVehEntered="10"/>
    <interval begin="200.00" end="300.00" id="inductionLoop.W1" nVehContrib="9" flow="324.00" occupancy="13.49" speed="9.25" harmonicMeanSpeed="3.41" length="5.00" nVehEntered="12"/>
    <interval begin="300.00" end="400.00" id="inductionLoop.W1" nVehContrib="12" flow="432.00" occupancy="21.11" speed="9.05" harmonicMeanSpeed="3.42" length="5.00" nVehEntered="14"/>
    <interval begin="400.00" end="500.00" id="inductionLoop.W1" nVehContrib="10" flow="360.00" occupancy="38.70" speed="7.08" harmonicMeanSpeed="1.30" length="5.00" nVehEntered="11"/>
    <interval begin="500.00" end="600.00" id="inductionLoop.W1" nVehContrib="8" flow="288.00" occupancy="58.95" speed="5.83" harmonicMeanSpeed="0.72" length="5.00" nVehEntered="8"/>
    <interval begin="600.00" end="700.00" id="inductionLoop.W1" nVehContrib="7" flow="252.00" occupancy="39.98" speed="7.69" harmonicMeanSpeed="1.12" length="5.00" nVehEntered="11"/>
    <interval begin="700.00" end="800.00" id="inductionLoop.W1" nVehContrib="11" flow="396.00" occupancy="43.00" speed="6.84" harmonicMeanSpeed="1.11" length="5.00" nVehEntered="10"/>
    <interval begin="800.00" end="900.00" id="inductionLoop.W1" nVehContrib="8" flow="288.00" occupancy="6.62" speed="10.29" harmonicMeanSpeed="9.93" length="5.00" nVehEntered="10"/>
    <interval begin="900.00" end="1000.00" id="inductionLoop.W1" nVehContrib="7" flow="252.00" occupancy="30.65" speed="8.87" harmonicMeanSpeed="3.70" length="5.00" nVehEntered="12"/>
    <interval begin="1000.00" end="1100.00" id="inductionLoop.W1" nVehContrib="11" flow="396.00" occupancy="23.27" speed="8.45" harmonicMeanSpeed="1.53" length="5.00" nVehEntered="13"/>
    <interval begin="1100.00" end="1200.00" id="inductionLoop.W1" nVehContrib="9" flow="324.00" occupancy="29.15" speed="9.14" harmonicMeanSpeed="1.95" length="5.00" nVehEntered="13"/>
    <interval begin="1200.00" end="1300.00" id="inductionLoop.W1" nVehContrib="9" flow="324.00" occupancy="34.10" speed="6.07" harmonicMeanSpeed="1.45" length="5.00" nVehEntered="10"/>
    <interval begin="1300.00" end="1400.00" id="inductionLoop.W1" nVehContrib="11" flow="396.00" occupancy="25.16" speed="7.96" harmonicMeanSpeed="2.38" length="5.00" nVehEntered="13"/>
    <interval begin="1400.00" end="1500.00" id="inductionLoop.W1" nVehContrib="9" flow="324.00" occupancy="6.81" speed="10.91" harmonicMeanSpeed="9.45" length="5.00" nVehEntered="11"/>
    <interval begin="1500.00" end="1600.00" id="inductionLoop.W1" nVehContrib="12" flow="432.00" occupancy="21.02" speed="8.17" harmonicMeanSpeed="3.07" length="5.00" nVehEntered="16"/>
    <interval begin="1600.00" end="1700.00" id="inductionLoop.W1" nVehContrib="11" flow="396.00" occupancy="25.79" speed="7.24" harmonicMeanSpeed="2.23" length="5.00" nVehEntered="13"/>
    <interval begin="1700.00" end="1800.00" id="inductionLoop.W1" nVehContrib="11" flow="396.00" occupancy="54.14" speed="7.78" harmonicMeanSpeed="1.03" length="5.00" nVehEntered="11"/>
    <interval begin="1800.00" end="1900.00" id="inductionLoop.W1" nVehContrib="8" flow="288.00" occupancy="40.27" speed="8.34" harmonicMeanSpeed="1.31" length="5.00" nVehEntered="11"/>
    <interval begin="1900.00" end="2000.00" id="inductionLoop.W1" nVehContrib="11" flow="396.00" occupancy="26.11" speed="7.96" harmonicMeanSpeed="2.16" length="5.00" nVehEntered="15"/>
    <interval begin="2000.00" end="2100.00" id="inductionLoop.W1" nVehContrib="10" flow="360.00" occupancy="17.58" speed="9.22" harmonicMeanSpeed="3.61" length="5.00" nVehEntered="16"/>
    <interval begin="2100.00" end="2200.00" id="inductionLoop.W1" nVehContrib="11" flow="396.00" occupancy="38.44" speed="8.41" harmonicMeanSpeed="1.48" length="5.00" nVehEntered="12"/>
    <interval begin="2200.00" end="2300.00" id="inductionLoop.W1" nVehContrib="8" flow="288.00" occupancy="13.85" speed="10.11" harmonicMeanSpeed="4.37" length="5.00" nVehEntered="11"/>
    <interval begin="2300.00" end="2400.00" id="inductionLoop.W1" nVehContrib="11" flow="396.00" occupancy="26.90" speed="7.72" harmonicMeanSpeed="2.35" length="5.00" nVehEntered="14"/>
    <interval begin="2400.00" end="2500.00" id="inductionLoop.W1" nVehContrib="11" flow="396.00" occupancy="21.45" speed="8.62" harmonicMeanSpeed="3.07" length="5.00" nVehEntered="16"/>
    <interval begin="2500.00" end="2600.00" id="inductionLoop.W1" nVehContrib="7" flow="252.00" occupancy="20.55" speed="7.21" harmonicMeanSpeed="1.91" length="5.00" nVehEntered="10"/>
    <interval begin="2600.00" end="2700.00" id="inductionLoop.W1" nVehContrib="8" flow="288.00" occupancy="32.04" speed="7.70" harmonicMeanSpeed="1.25" length="5.00" nVehEntered="8"/>
    <interval begin="2700.00" end="2800.00" id="inductionLoop.W1" nVehContrib="12" flow="432.00" occupancy="9.70" speed="8.56" harmonicMeanSpeed="6.70" length="5.00" nVehEntered="13"/>
    <interval begin="2800.00" end="2900.00" id="inductionLoop.W1" nVehContrib="10" flow="360.00" occupancy="27.18" speed="8.40" harmonicMeanSpeed="1.84" length="5.00" nVehEntered="10"/>
    <interval begin="2900.00" end="3000.00" id="inductionLoop.W1" nVehContrib="10" flow="360.00" occupancy="6.02" speed="10.15" harmonicMeanSpeed="9.86" length="5.00" nVehEntered="12"/>
    <interval begin="3000.00" end="3100.00" id="inductionLoop.W1" nVehContrib="10" flow="360.00" occupancy="31.47" speed="6.84" harmonicMeanSpeed="1.67" length="5.00" nVehEntered="14"/>
    <interval begin="3100.00" end="3200.00" id="inductionLoop.W1" nVehContrib="8" flow="288.00" occupancy="16.52" speed="8.77" harmonicMeanSpeed="2.48" length="5.00" nVehEntered="10"/>
    <interval begin="3200.00" end="3300.00" id="inductionLoop.W1" nVehContrib="11" flow="396.00" occupancy="11.86" speed="10.44" harmonicMeanSpeed="9.07" length="5.00" nVehEntered="14"/>
    <interval begin="3300.00" end="3400.00" id="inductionLoop.W1" nVehContrib="7" flow="252.00" occupancy="18.37" speed="9.52" harmonicMeanSpeed="8.71" length="5.00" nVehEntered="11"/>
    <interval begin="3400.00" end="3500.00" id="inductionLoop.W1" nVehContrib="13" flow="468.00" occupancy="10.14" speed="9.64" harmonicMeanSpeed="3.18" length="5.00" nVehEntered="12"/>
    <interval begin="3500.00" end="3600.00" id="inductionLoop.W1" nVehContrib="12" flow="432.00" occupancy="22.32" speed="9.28" harmonicMeanSpeed="3.51" length="5.00" nVehEntered="15"/>
    <interval begin="3600.00" end="3700.00" id="inductionLoop.W1" nVehContrib="8" flow="288.00" occupancy="13.55" speed="10.38" harmonicMeanSpeed="2.54" length="5.00" nVehEntered="8"/>
    <interval begin="3700.00" end="3800.00" id="inductionLoop.W1" nVehContrib="9" flow="324.00" occupancy="4.04" speed="10.78" harmonicMeanSpeed="10.33" length="5.00" nVehEntered="8"/>
    <interval begin="3800.00" end="3900.00" id="inductionLoop.W1" nVehContrib="6" flow="216.00" occupancy="4.80" speed="10.39" harmonicMeanSpeed="9.92" length="5.00" nVehEntered="12"/>
    <interval begin="3900.00" end="4000.00" id="inductionLoop.W1" nVehContrib="9" flow="324.00" occupancy="8.23" speed="9.78" harmonicMeanSpeed="6.30" length="5.00" nVehEntered="10"/>
    <interval begin="4000.00" end="4100.00" id="inductionLoop.W1" nVehContrib="11" flow="396.00" occupancy="5.67" speed="10.92" harmonicMeanSpeed="10.48" length="5.00" nVehEntered="13"/>
    <interval begin="4100.00" end="4200.00" id="inductionLoop.W1" nVehContrib="13" flow="468.00" occupancy="21.69" speed="9.70" harmonicMeanSpeed="3.90" length="5.00" nVehEntered="17"/>
    <interval begin="4200.00" end="4300.00" id="inductionLoop.W1" nVehContrib="9" flow="324.00" occupancy="29.03" speed="7.89" harmonicMeanSpeed="1.59" length="5.00" nVehEntered="10"/>
    <interval begin="4300.00" end="4400.00" id="inductionLoop.W1" nVehContrib="10" flow="360.00" occupancy="17.95" speed="9.28" harmonicMeanSpeed="3.02" length="5.00" nVehEntered="12"/>
    <interval begin="4400.00" end="4500.00" id="inductionLoop.W1" nVehContrib="6" flow="216.00" occupancy="24.63" speed="8.04" harmonicMeanSpeed="1.32" length="5.00" nVehEntered="8"/>
    <interval begin="4500.00" end="4600.00" id="inductionLoop.W1" nVehContrib="7" flow="252.00" occupancy="28.43" speed="5.42" harmonicMeanSpeed="1.26" length="5.00" nVehEntered="8"/>
    <interval begin="4600.00" end="4700.00" id="inductionLoop.W1" nVehContrib="8" flow="288.00" occupancy="8.90" speed="10.11" harmonicMeanSpeed="8.02" length="5.00" nVehEntered="13"/>
    <interval begin="4700.00" end="4800.00" id="inductionLoop.W1" nVehContrib="11" flow="396.00" occupancy="16.03" speed="9.07" harmonicMeanSpeed="4.03" length="5.00" nVehEntered="16"/>
    <interval begin="4800.00" end="4900.00" id="inductionLoop.W1" nVehContrib="9" flow="324.00" occupancy="9.28" speed="10.57" harmonicMeanSpeed="9.86" length="5.00" nVehEntered="12"/>
    <interval begin="4900.00" end="5000.00" id="inductionLoop.W1" nVehContrib="10" flow="360.00" occupancy="9.08" speed="11.14" harmonicMeanSpeed="10.76" length="5.00" nVehEntered="16"/>
    <interval begin="5000.00" end="5100.00" id="inductionLoop.W1" nVehContrib="11" flow="396.00" occupancy="13.43" speed="9.47" harmonicMeanSpeed="5.40" length="5.00" nVehEntered="13"/>
    <interval begin="5100.00" end="5200.00" id="inductionLoop.W1" nVehContrib="9" flow="324.00" occupancy="8.81" speed="8.40" harmonicMeanSpeed="5.74" length="5.00" nVehEntered="11"/>
    <interval begin="5200.00" end="5300.00" id="inductionLoop.W1" nVehContrib="7" flow="252.00" occupancy="15.85" speed="7.40" harmonicMeanSpeed="2.80" length="5.00" nVehEntered="11"/>
    <interval begin="5300.00" end="5400.00" id="inductionLoop.W1" nVehContrib="7" flow="252.00" occupancy="3.92" speed="10.51" harmonicMeanSpeed="10.19" length="5.00" nVehEntered="9"/>
    <interval begin="5400.00" end="5500.00" id="inductionLoop.W1" nVehContrib="6" flow="216.00" occupancy="4.47" speed="10.82" harmonicMeanSpeed="10.69" length="5.00" nVehEntered="8"/>
    <interval begin="5500.00" end="5600.00" id="inductionLoop.W1" nVehContrib="7" flow="252.00" occupancy="3.49" speed="10.93" harmonicMeanSpeed="10.65" length="5.00" nVehEntered="8"/>
    <interval begin="5600.00" end="5700.00" id="inductionLoop.W1" nVehContrib="7" flow="252.00" occupancy="3.67" speed="10.55" harmonicMeanSpeed="10.30" length="5.00" nVehEntered="8"/>
    <interval begin="5700.00" end="5800.00" id="inductionLoop.W1" nVehContrib="6" flow="216.00" occupancy="4.16" speed="11.11" harmonicMeanSpeed="10.74" length="5.00" nVehEntered="8"/>
    <interval begin="5800.00" end="5900.00" id="inductionLoop.W1" nVehContrib="10" flow="360.00" occupancy="5.16" speed="11.70" harmonicMeanSpeed="11.34" length="5.00" nVehEntered="13"/>
    <interval begin="5900.00" end="6000.00" id="inductionLoop.W1" nVehContrib="11" flow="396.00" occupancy="8.58" speed="10.59" harmonicMeanSpeed="7.40" length="5.00" nVehEntered="13"/>
    <interval begin="6000.00" end="6100.00" id="inductionLoop.W1" nVehContrib="12" flow="432.00" occupancy="5.93" speed="10.55" harmonicMeanSpeed="10.12" length="5.00" nVehEntered="12"/>
    <interval begin="6100.00" end="6200.00" id="inductionLoop.W1" nVehContrib="8" flow="288.00" occupancy="3.68" speed="11.24" harmonicMeanSpeed="10.86" length="5.00" nVehEntered="8"/>
    <interval begin="6200.00" end="6300.00" id="inductionLoop.W1" nVehContrib="10" flow="360.00" occupancy="4.61" speed="11.20" harmonicMeanSpeed="10.96" length="5.00" nVehEntered="11"/>
    <interval begin="6300.00" end="6400.00" id="inductionLoop.W1" nVehContrib="9" flow="324.00" occupancy="4.76" speed="11.24" harmonicMeanSpeed="10.95" length="5.00" nVehEntered="11"/>
    <interval begin="6400.00" end="6500.00" id="inductionLoop.W1" nVehContrib="9" flow="324.00" occupancy="4.25" speed="10.24" harmonicMeanSpeed="10.05" length="5.00" nVehEntered="9"/>
    <interval begin="6500.00" end="6600.00" id="inductionLoop.W1" nVehContrib="9" flow="324.00" occupancy="4.19" speed="11.05" harmonicMeanSpeed="10.73" length="5.00" nVehEntered="9"/>
    <interval begin="6600.00" end="6700.00" id="inductionLoop.W1" nVehContrib="7" flow="252.00" occupancy="6.07" speed="9.14" harmonicMeanSpeed="8.66" length="5.00" nVehEntered="10"/>
    <interval begin="6700.00" end="6800.00" id="inductionLoop.W1" nVehContrib="7" flow="252.00" occupancy="4.03" speed="10.59" harmonicMeanSpeed="10.15" length="5.00" nVehEntered="10"/>
    <interval begin="6800.00" end="6900.00" id="inductionLoop.W1" nVehContrib="14" flow="504.00" occupancy="7.98" speed="10.05" harmonicMeanSpeed="9.20" length="5.00" nVehEntered="15"/>
    <interval begin="6900.00" end="7000.00" id="inductionLoop.W1" nVehContrib="5" flow="180.00" occupancy="5.47" speed="11.02" harmonicMeanSpeed="10.75" length="5.00" nVehEntered="8"/>
    <interval begin="7000.00" end="7100.00" id="inductionLoop.W1" nVehContrib="13" flow="468.00" occupancy="17.30" speed="9.32" harmonicMeanSpeed="3.85" length="5.00" nVehEntered="14"/>
    <interval begin="7100.00" end="7200.00" id="inductionLoop.W1" nVehContrib="10" flow="360.00" occupancy="4.05" speed="11.43" harmonicMeanSpeed="11.15" length="5.00" nVehEntered="9"/>
    <interval begin="7200.00" end="7300.00" id="inductionLoop.W1" nVehContrib="10" flow="360.00" occupancy="9.49" speed="10.64" harmonicMeanSpeed="6.74" length="5.00" nVehEntered="13"/>
    <interval begin="7300.00" end="7400.00" id="inductionLoop.W1" nVehContrib="9" flow="324.00" occupancy="4.70" speed="10.51" harmonicMeanSpeed="10.14" length="5.00" nVehEntered="10"/>
    <interval begin="7400.00" end="7500.00" id="inductionLoop.W1" nVehContrib="10" flow="360.00" occupancy="3.93" speed="12.78" harmonicMeanSpeed="12.71" length="5.00" nVehEntered="10"/>
    <interval begin="7500.00" end="7600.00" id="inductionLoop.W1" nVehContrib="10" flow="360.00" occupancy="5.23" speed="11.18" harmonicMeanSpeed="10.77" length="5.00" nVehEntered="12"/>
    <interval begin="7600.00" end="7700.00" id="inductionLoop.W1" nVehContrib="5" flow="180.00" occupancy="2.86" speed="11.60" harmonicMeanSpeed="11.28" length="5.00" nVehEntered="7"/>
    <interval begin="7700.00" end="7800.00" id="inductionLoop.W1" nVehContrib="9" flow="324.00" occupancy="4.56" speed="11.29" harmonicMeanSpeed="11.12" length="5.00" nVehEntered="10"/>
    <interval begin="7800.00" end="7900.00" id="inductionLoop.W1" nVehContrib="9" flow="324.00" occupancy="16.49" speed="8.41" harmonicMeanSpeed="2.83" length="5.00" nVehEntered="11"/>
    <interval begin="7900.00" end="8000.00" id="inductionLoop.W1" nVehContrib="11" flow="396.00" occupancy="5.51" speed="11.19" harmonicMeanSpeed="10.88" length="5.00" nVehEntered="12"/>
    <interval begin="8000.00" end="8100.00" id="inductionLoop.W1" nVehContrib="11" flow="396.00" occupancy="6.81" speed="10.87" harmonicMeanSpeed="10.44" length="5.00" nVehEntered="12"/>
    <interval begin="8100.00" end="8200.00" id="inductionLoop.W1" nVehContrib="7" flow="252.00" occupancy="4.03" speed="10.96" harmonicMeanSpeed="10.44" length="5.00" nVehEntered="10"/>
    <interval begin="8200.00" end="8300.00" id="inductionLoop.W1" nVehContrib="5" flow="180.00" occupancy="2.20" speed="11.54" harmonicMeanSpeed="11.38" length="5.00" nVehEntered="5"/>
    <interval begin="8300.00" end="8400.00" id="inductionLoop.W1" nVehContrib="12" flow="432.00" occupancy="5.86" speed="10.66" harmonicMeanSpeed="10.24" length="5.00" nVehEntered="12"/>
    <interval begin="8400.00" end="8500.00" id="inductionLoop.W1" nVehContrib="7" flow="252.00" occupancy="3.27" speed="11.37" harmonicMeanSpeed="10.84" length="5.00" nVehEntered="8"/>
    <interval begin="8500.00" end="8600.00" id="inductionLoop.W1" nVehContrib="7" flow="252.00" occupancy="3.57" speed="11.42" harmonicMeanSpeed="10.88" length="5.00" nVehEntered="8"/>
    <interval begin="8600.00" end="8700.00" id="inductionLoop.W1" nVehContrib="9" flow="324.00" occupancy="5.01" speed="10.79" harmonicMeanSpeed="10.44" length="5.00" nVehEntered="11"/>
    <interval begin="8700.00" end="8800.00" id="inductionLoop.W1" nVehContrib="7" flow="252.00" occupancy="4.13" speed="12.38" harmonicMeanSpeed="12.15" length="5.00" nVehEntered="10"/>
    <interval begin="8800.00" end="8900.00" id="inductionLoop.W1" nVehContrib="7" flow="252.00" occupancy="3.26" speed="11.06" harmonicMeanSpeed="10.72" length="5.00" nVehEntered="7"/>
    <interval begin="8900.00" end="9000.00" id="inductionLoop.W1" nVehContrib="10" flow="360.00" occupancy="23.43" speed="8.71" harmonicMeanSpeed="2.25" length="5.00" nVehEntered="12"/>
    <interval begin="9000.00" end="9100.00" id="inductionLoop.W1" nVehContrib="10" flow="360.00" occupancy="6.63" speed="10.68" harmonicMeanSpeed="10.30" length="5.00" nVehEntered="12"/>
    <interval begin="9100.00" end="9200.00" id="inductionLoop.W1" nVehContrib="8" flow="288.00" occupancy="4.72" speed="10.23" harmonicMeanSpeed="9.94" length="5.00" nVehEntered="10"/>
    <interval begin="9200.00" end="9300.00" id="inductionLoop.W1" nVehContrib="8" flow="288.00" occupancy="11.89" speed="8.62" harmonicMeanSpeed="3.83" length="5.00" nVehEntered="11"/>
    <interval begin="9300.00" end="9400.00" id="inductionLoop.W1" nVehContrib="13" flow="468.00" occupancy="7.24" speed="11.69" harmonicMeanSpeed="11.23" length="5.00" nVehEntered="14"/>
    <interval begin="9400.00" end="9500.00" id="inductionLoop.W1" nVehContrib="10" flow="360.00" occupancy="4.71" speed="11.88" harmonicMeanSpeed="11.32" length="5.00" nVehEntered="11"/>
    <interval begin="9500.00" end="9600.00" id="inductionLoop.W1" nVehContrib="6" flow="216.00" occupancy="2.67" speed="11.58" harmonicMeanSpeed="11.25" length="5.00" nVehEntered="6"/>
    <interval begin="9600.00" end="9700.00" id="inductionLoop.W1" nVehContrib="6" flow="216.00" occupancy="3.30" speed="11.37" harmonicMeanSpeed="11.10" length="5.00" nVehEntered="8"/>
    <interval begin="9700.00" end="9800.00" id="inductionLoop.W1" nVehContrib="11" flow="396.00" occupancy="5.35" speed="10.59" harmonicMeanSpeed="10.28" length="5.00" nVehEntered="11"/>
    <interval begin="9800.00" end="9900.00" id="inductionLoop.W1" nVehContrib="9" flow="324.00" occupancy="4.55" speed="10.19" harmonicMeanSpeed="9.88" length="5.00" nVehEntered="9"/>
    <interval begin="9900.00" end="10000.00" id="inductionLoop.W1" nVehContrib="9" flow="324.00" occupancy="7.00" speed="10.48" harmonicMeanSpeed="10.15" length="5.00" nVehEntered="14"/>
    <interval begin="10000.00" end="10100.00" id="inductionLoop.W1" nVehContrib="6" flow="216.00" occupancy="19.10" speed="7.69" harmonicMeanSpeed="1.65" length="5.00" nVehEntered="9"/>
    <interval begin="10100.00" end="10200.00" id="inductionLoop.W1" nVehContrib="7" flow="252.00" occupancy="3.70" speed="9.77" harmonicMeanSpeed="9.45" length="5.00" nVehEntered="7"/>
    <interval begin="10200.00" end="10300.00" id="inductionLoop.W1" nVehContrib="6" flow="216.00" occupancy="4.06" speed="11.97" harmonicMeanSpeed="11.55" length="5.00" nVehEntered="8"/>
    <interval begin="10300.00" end="10400.00" id="inductionLoop.W1" nVehContrib="6" flow="216.00" occupancy="2.39" speed="12.64" harmonicMeanSpeed="12.56" length="5.00" nVehEntered="6"/>
    <interval begin="10400.00" end="10500.00" id="inductionLoop.W1" nVehContrib="11" flow="396.00" occupancy="4.78" speed="12.07" harmonicMeanSpeed="11.64" length="5.00" nVehEntered="12"/>
    <interval begin="10500.00" end="10600.00" id="inductionLoop.W1" nVehContrib="9" flow="324.00" occupancy="3.94" speed="11.86" harmonicMeanSpeed="11.43" length="5.00" nVehEntered="9"/>
    <interval begin="10600.00" end="10700.00" id="inductionLoop.W1" nVehContrib="10" flow="360.00" occupancy="10.82" speed="10.03" harmonicMeanSpeed="4.80" length="5.00" nVehEntered="12"/>
    <interval begin="10700.00" end="10800.00" id="inductionLoop.W1" nVehContrib="8" flow="288.00" occupancy="3.96" speed="10.42" harmonicMeanSpeed="10.24" length="5.00" nVehEntered="9"/>
    <interval begin="10800.00" end="10900.00" id="inductionLoop.W1" nVehContrib="10" flow="360.00" occupancy="5.23" speed="11.52" harmonicMeanSpeed="11.25" length="5.00" nVehEntered="12"/>
    <interval begin="10900.00" end="11000.00" id="inductionLoop.W1" nVehContrib="9" flow="324.00" occupancy="4.06" speed="11.43" harmonicMeanSpeed="11.15" length="5.00" nVehEntered="10"/>
    <interval begin="11000.00" end="11100.00" id="inductionLoop.W1" nVehContrib="11" flow="396.00" occupancy="5.58" speed="10.72" harmonicMeanSpeed="10.30" length="5.00" nVehEntered="12"/>
    <interval begin="11100.00" end="11200.00" id="inductionLoop.W1" nVehContrib="9" flow="324.00" occupancy="7.22" speed="10.77" harmonicMeanSpeed="9.16" length="5.00" nVehEntered="13"/>
    <interval begin="11200.00" end="11300.00" id="inductionLoop.W1" nVehContrib="8" flow="288.00" occupancy="3.59" speed="12.01" harmonicMeanSpeed="11.14" length="5.00" nVehEntered="8"/>
    <interval begin="11300.00" end="11400.00" id="inductionLoop.W1" nVehContrib="7" flow="252.00" occupancy="5.97" speed="10.37" harmonicMeanSpeed="10.03" length="5.00" nVehEntered="9"/>
    <interval begin="11400.00" end="11500.00" id="inductionLoop.W1" nVehContrib="6" flow="216.00" occupancy="3.07" speed="11.82" harmonicMeanSpeed="11.26" length="5.00" nVehEntered="8"/>
    <interval begin="11500.00" end="11600.00" id="inductionLoop.W1" nVehContrib="9" flow="324.00" occupancy="4.13" speed="11.20" harmonicMeanSpeed="10.91" length="5.00" nVehEntered="9"/>
    <interval begin="11600.00" end="11700.00" id="inductionLoop.W1" nVehContrib="10" flow="360.00" occupancy="18.03" speed="8.79" harmonicMeanSpeed="2.77" length="5.00" nVehEntered="10"/>
    <interval begin="11700.00" end="11800.00" id="inductionLoop.W1" nVehContrib="8" flow="288.00" occupancy="7.25" speed="10.89" harmonicMeanSpeed="10.49" length="5.00" nVehEntered="11"/>
    <interval begin="11800.00" end="11900.00" id="inductionLoop.W1" nVehContrib="8" flow="288.00" occupancy="5.07" speed="10.62" harmonicMeanSpeed="10.19" length="5.00" nVehEntered="10"/>
    <interval begin="11900.00" end="12000.00" id="inductionLoop.W1" nVehContrib="9" flow="324.00" occupancy="4.37" speed="11.38" harmonicMeanSpeed="10.94" length="5.00" nVehEntered="10"/>
    <interval begin="12000.00" end="12100.00" id="inductionLoop.W1" nVehContrib="8" flow="288.00" occupancy="3.77" speed="10.92" harmonicMeanSpeed="10.60" length="5.00" nVehEntered="8"/>
    <interval begin="12100.00" end="12200.00" id="inductionLoop.W1" nVehContrib="8" flow="288.00" occupancy="3.30" speed="12.35" harmonicMeanSpeed="12.11" length="5.00" nVehEntered="8"/>
    <interval begin="12200.00" end="12300.00" id="inductionLoop.W1" nVehContrib="7" flow="252.00" occupancy="3.28" speed="10.92" harmonicMeanSpeed="10.68" length="5.00" nVehEntered="7"/>
    <interval begin="12300.00" end="12400.00" id="inductionLoop.W1" nVehContrib="7" flow="252.00" occupancy="3.94" speed="10.14" harmonicMeanSpeed="9.82" length="5.00" nVehEntered="8"/>
    <interval begin="12400.00" end="12500.00" id="inductionLoop.W1" nVehContrib="8" flow="288.00" occupancy="4.41" speed="11.30" harmonicMeanSpeed="11.00" length="5.00" nVehEntered="9"/>
    <interval begin="12500.00" end="12600.00" id="inductionLoop.W1" nVehContrib="5" flow="180.00" occupancy="3.84" speed="10.67" harmonicMeanSpeed="10.27" length="5.00" nVehEntered="7"/>
    <interval begin="12600.00" end="12700.00" id="inductionLoop.W1" nVehContrib="9" flow="324.00" occupancy="8.34" speed="9.94" harmonicMeanSpeed="8.22" length="5.00" nVehEntered="11"/>
    <interval begin="12700.00" end="12800.00" id="inductionLoop.W1" nVehContrib="8" flow="288.00" occupancy="3.84" speed="10.76" harmonicMeanSpeed="10.43" length="5.00" nVehEntered="8"/>
    <interval begin="12800.00" end="12900.00" id="inductionLoop.W1" nVehContrib="6" flow="216.00" occupancy="2.66" speed="12.03" harmonicMeanSpeed="11.88" length="5.00" nVehEntered="7"/>
    <interval begin="12900.00" end="13000.00" id="inductionLoop.W1" nVehContrib="4" flow="144.00" occupancy="1.68" speed="12.30" harmonicMeanSpeed="12.17" length="5.00" nVehEntered="5"/>
    <interval begin="13000.00" end="13100.00" id="inductionLoop.W1" nVehContrib="5" flow="180.00" occupancy="2.33" speed="10.98" harmonicMeanSpeed="10.71" length="5.00" nVehEntered="5"/>
    <interval begin="13100.00" end="13200.00" id="inductionLoop.W1" nVehContrib="12" flow="432.00" occupancy="5.55" speed="11.20" harmonicMeanSpeed="10.81" length="5.00" nVehEntered="12"/>
    <interval begin="13200.00" end="13300.00" id="inductionLoop.W1" nVehContrib="6" flow="216.00" occupancy="5.30" speed="10.55" harmonicMeanSpeed="10.37" length="5.00" nVehEntered="9"/>
    <interval begin="13300.00" end="13400.00" id="inductionLoop.W1" nVehContrib="9" flow="324.00" occupancy="3.98" speed="11.61" harmonicMeanSpeed="11.31" length="5.00" nVehEntered="9"/>
    <interval begin="13400.00" end="13500.00" id="inductionLoop.W1" nVehContrib="9" flow="324.00" occupancy="4.32" speed="11.19" harmonicMeanSpeed="10.80" length="5.00" nVehEntered="10"/>
    <interval begin="13500.00" end="13600.00" id="inductionLoop.W1" nVehContrib="6" flow="216.00" occupancy="2.57" speed="12.06" harmonicMeanSpeed="11.68" length="5.00" nVehEntered="6"/>
    <interval begin="13600.00" end="13700.00" id="inductionLoop.W1" nVehContrib="8" flow="288.00" occupancy="4.48" speed="10.04" harmonicMeanSpeed="9.75" length="5.00" nVehEntered="10"/>
    <interval begin="13700.00" end="13800.00" id="inductionLoop.W1" nVehContrib="7" flow="252.00" occupancy="4.04" speed="10.17" harmonicMeanSpeed="9.90" length="5.00" nVehEntered="9"/>
    <interval begin="13800.00" end="13900.00" id="inductionLoop.W1" nVehContrib="6" flow="216.00" occupancy="2.78" speed="11.73" harmonicMeanSpeed="11.31" length="5.00" nVehEntered="7"/>
    <interval begin="13900.00" end="14000.00" id="inductionLoop.W1" nVehContrib="10" flow="360.00" occupancy="5.22" speed="10.17" harmonicMeanSpeed="9.87" length="5.00" nVehEntered="10"/>
    <interval begin="14000.00" end="14100.00" id="inductionLoop.W1" nVehContrib="4" flow="144.00" occupancy="1.61" speed="12.63" harmonicMeanSpeed="12.46" length="5.00" nVehEntered="4"/>
    <interval begin="14100.00" end="14200.00" id="inductionLoop.W1" nVehContrib="10" flow="360.00" occupancy="4.20" speed="12.17" harmonicMeanSpeed="11.90" length="5.00" nVehEntered="10"/>
    <interval begin="14200.00" end="14300.00" id="inductionLoop.W1" nVehContrib="11" flow="396.00" occupancy="16.11" speed="9.50" harmonicMeanSpeed="3.64" length="5.00" nVehEntered="12"/>
    <interval begin="14300.00" end="14400.00" id="inductionLoop.W1" nVehContrib="9" flow="324.00" occupancy="7.10" speed="9.58" harmonicMeanSpeed="8.54" length="5.00" nVehEntered="13"/>
    <interval begin="14400.00" end="14500.00" id="inductionLoop.W1" nVehContrib="7" flow="252.00" occupancy="3.87" speed="10.67" harmonicMeanSpeed="10.30" length="5.00" nVehEntered="8"/>
    <interval begin="14500.00" end="14600.00" id="inductionLoop.W1" nVehContrib="11" flow="396.00" occupancy="5.49" speed="11.05" harmonicMeanSpeed="10.76" length="5.00" nVehEntered="14"/>
    <interval begin="14600.00" end="14700.00" id="inductionLoop.W1" nVehContrib="8" flow="288.00" occupancy="5.13" speed="8.45" harmonicMeanSpeed="8.14" length="5.00" nVehEntered="9"/>
    <interval begin="14700.00" end="14800.00" id="inductionLoop.W1" nVehContrib="9" flow="324.00" occupancy="7.10" speed="10.41" harmonicMeanSpeed="10.15" length="5.00" nVehEntered="11"/>
    <interval begin="14800.00" end="14900.00" id="inductionLoop.W1" nVehContrib="9" flow="324.00" occupancy="4.29" speed="11.47" harmonicMeanSpeed="10.96" length="5.00" nVehEntered="10"/>
    <interval begin="14900.00" end="15000.00" id="inductionLoop.W1" nVehContrib="8" flow="288.00" occupancy="3.76" speed="11.02" harmonicMeanSpeed="10.64" length="5.00" nVehEntered="8"/>
    <interval begin="15000.00" end="15100.00" id="inductionLoop.W1" nVehContrib="9" flow="324.00" occupancy="9.44" speed="9.68" harmonicMeanSpeed="5.10" length="5.00" nVehEntered="10"/>
    <interval begin="15100.00" end="15200.00" id="inductionLoop.W1" nVehContrib="8" flow="288.00" occupancy="3.28" speed="12.29" harmonicMeanSpeed="12.18" length="5.00" nVehEntered="8"/>
    <interval begin="15200.00" end="15300.00" id="inductionLoop.W1" nVehContrib="9" flow="324.00" occupancy="3.92" speed="11.85" harmonicMeanSpeed="11.47" length="5.00" nVehEntered="9"/>
    <interval begin="15300.00" end="15400.00" id="inductionLoop.W1" nVehContrib="5" flow="180.00" occupancy="2.54" speed="11.64" harmonicMeanSpeed="11.51" length="5.00" nVehEntered="6"/>
    <interval begin="15400.00" end="15500.00" id="inductionLoop.W1" nVehContrib="10" flow="360.00" occupancy="4.50" speed="11.44" harmonicMeanSpeed="11.11" length="5.00" nVehEntered="10"/>
    <interval begin="15500.00" end="15600.00" id="inductionLoop.W1" nVehContrib="10" flow="360.00" occupancy="4.93" speed="10.40" harmonicMeanSpeed="10.15" length="5.00" nVehEntered="10"/>
    <interval begin="15600.00" end="15700.00" id="inductionLoop.W1" nVehContrib="9" flow="324.00" occupancy="4.78" speed="10.04" harmonicMeanSpeed="9.75" length="5.00" nVehEntered="10"/>
    <interval begin="15700.00" end="15800.00" id="inductionLoop.W1" nVehContrib="12" flow="432.00" occupancy="5.61" speed="11.15" harmonicMeanSpeed="10.80" length="5.00" nVehEntered="13"/>
    <interval begin="15800.00" end="15900.00" id="inductionLoop.W1" nVehContrib="8" flow="288.00" occupancy="3.96" speed="11.90" harmonicMeanSpeed="11.78" length="5.00" nVehEntered="9"/>
    <interval begin="15900.00" end="16000.00" id="inductionLoop.W1" nVehContrib="9" flow="324.00" occupancy="4.63" speed="11.91" harmonicMeanSpeed="11.51" length="5.00" nVehEntered="11"/>
    <interval begin="16000.00" end="16100.00" id="inductionLoop.W1" nVehContrib="9" flow="324.00" occupancy="5.09" speed="11.55" harmonicMeanSpeed="11.20" length="5.00" nVehEntered="11"/>
    <interval begin="16100.00" end="16200.00" id="inductionLoop.W1" nVehContrib="10" flow="360.00" occupancy="5.22" speed="10.83" harmonicMeanSpeed="10.42" length="5.00" nVehEntered="11"/>
    <interval begin="16200.00" end="16300.00" id="inductionLoop.W1" nVehContrib="10" flow="360.00" occupancy="6.01" speed="11.57" harmonicMeanSpeed="11.09" length="5.00" nVehEntered="11"/>
    <interval begin="16300.00" end="16400.00" id="inductionLoop.W1" nVehContrib="6" flow="216.00" occupancy="2.31" speed="13.14" harmonicMeanSpeed="13.01" length="5.00" nVehEntered="6"/>
    <interval begin="16400.00" end="16500.00" id="inductionLoop.W1" nVehContrib="7" flow="252.00" occupancy="3.35" speed="10.73" harmonicMeanSpeed="10.48" length="5.00" nVehEntered="8"/>
    <interval begin="16500.00" end="16600.00" id="inductionLoop.W1" nVehContrib="7" flow="252.00" occupancy="2.98" speed="11.88" harmonicMeanSpeed="11.73" length="5.00" nVehEntered="7"/>
    <interval begin="16600.00" end="16700.00" id="inductionLoop.W1" nVehContrib="6" flow="216.00" occupancy="2.61" speed="11.75" harmonicMeanSpeed="11.51" length="5.00" nVehEntered="6"/>
    <interval begin="16700.00" end="16800.00" id="inductionLoop.W1" nVehContrib="11" flow="396.00" occupancy="5.38" speed="11.25" harmonicMeanSpeed="10.76" length="5.00" nVehEntered="12"/>
    <interval begin="16800.00" end="16900.00" id="inductionLoop.W1" nVehContrib="13" flow="468.00" occupancy="6.19" speed="10.80" harmonicMeanSpeed="10.42" length="5.00" nVehEntered="13"/>
    <interval begin="16900.00" end="17000.00" id="inductionLoop.W1" nVehContrib="12" flow="432.00" occupancy="6.56" speed="10.71" harmonicMeanSpeed="10.40" length="5.00" nVehEntered="13"/>
    <interval begin="17000.00" end="17100.00" id="inductionLoop.W1" nVehContrib="10" flow="360.00" occupancy="5.68" speed="9.90" harmonicMeanSpeed="9.62" length="5.00" nVehEntered="12"/>
    <interval begin="17100.00" end="17200.00" id="inductionLoop.W1" nVehContrib="10" flow="360.00" occupancy="20.46" speed="10.58" harmonicMeanSpeed="2.69" length="5.00" nVehEntered="12"/>
    <interval begin="17200.00" end="17300.00" id="inductionLoop.W1" nVehContrib="14" flow="504.00" occupancy="7.31" speed="11.07" harmonicMeanSpeed="10.52" length="5.00" nVehEntered="16"/>
    <interval begin="17300.00" end="17400.00" id="inductionLoop.W1" nVehContrib="10" flow="360.00" occupancy="9.49" speed="9.56" harmonicMeanSpeed="5.64" length="5.00" nVehEntered="13"/>
    <interval begin="17400.00" end="17500.00" id="inductionLoop.W1" nVehContrib="13" flow="468.00" occupancy="6.48" speed="11.67" harmonicMeanSpeed="11.33" length="5.00" nVehEntered="15"/>
    <interval begin="17500.00" end="17600.00" id="inductionLoop.W1" nVehContrib="8" flow="288.00" occupancy="4.99" speed="11.98" harmonicMeanSpeed="11.53" length="5.00" nVehEntered="10"/>
    <interval begin="17600.00" end="17700.00" id="inductionLoop.W1" nVehContrib="11" flow="396.00" occupancy="5.25" speed="10.72" harmonicMeanSpeed="10.47" length="5.00" nVehEntered="11"/>
    <interval begin="17700.00" end="17800.00" id="inductionLoop.W1" nVehContrib="8" flow="288.00" occupancy="3.43" speed="12.08" harmonicMeanSpeed="11.68" length="5.00" nVehEntered="8"/>
    <interval begin="17800.00" end="17900.00" id="inductionLoop.W1" nVehContrib="13" flow="468.00" occupancy="5.78" speed="12.21" harmonicMeanSpeed="11.64" length="5.00" nVehEntered="14"/>
    <interval begin="17900.00" end="18000.00" id="inductionLoop.W1" nVehContrib="12" flow="432.00" occupancy="5.58" speed="11.90" harmonicMeanSpeed="11.62" length="5.00" nVehEntered="13"/>
    <interval begin="18000.00" end="18100.00" id="inductionLoop.W1" nVehContrib="9" flow="324.00" occupancy="3.65" speed="11.48" harmonicMeanSpeed="11.06" length="5.00" nVehEntered="8"/>
    <interval begin="18100.00" end="18200.00" id="inductionLoop.W1" nVehContrib="10" flow="360.00" occupancy="7.74" speed="10.98" harmonicMeanSpeed="10.57" length="5.00" nVehEntered="11"/>
    <interval begin="18200.00" end="18300.00" id="inductionLoop.W1" nVehContrib="11" flow="396.00" occupancy="5.67" speed="11.17" harmonicMeanSpeed="10.82" length="5.00" nVehEntered="13"/>
    <interval begin="18300.00" end="18400.00" id="inductionLoop.W1" nVehContrib="11" flow="396.00" occupancy="6.04" speed="10.37" harmonicMeanSpeed="10.11" length="5.00" nVehEntered="14"/>
    <interval begin="18400.00" end="18500.00" id="inductionLoop.W1" nVehContrib="9" flow="324.00" occupancy="4.86" speed="10.09" harmonicMeanSpeed="9.93" length="5.00" nVehEntered="11"/>
    <interval begin="18500.00" end="18600.00" id="inductionLoop.W1" nVehContrib="9" flow="324.00" occupancy="3.97" speed="11.58" harmonicMeanSpeed="11.33" length="5.00" nVehEntered="9"/>
    <interval begin="18600.00" end="18700.00" id="inductionLoop.W1" nVehContrib="12" flow="432.00" occupancy="8.62" speed="9.73" harmonicMeanSpeed="6.96" length="5.00" nVehEntered="12"/>
    <interval begin="18700.00" end="18800.00" id="inductionLoop.W1" nVehContrib="12" flow="432.00" occupancy="26.38" speed="9.43" harmonicMeanSpeed="5.65" length="5.00" nVehEntered="17"/>
    <interval begin="18800.00" end="18900.00" id="inductionLoop.W1" nVehContrib="10" flow="360.00" occupancy="15.16" speed="8.33" harmonicMeanSpeed="1.76" length="5.00" nVehEntered="11"/>
    <interval begin="18900.00" end="19000.00" id="inductionLoop.W1" nVehContrib="9" flow="324.00" occupancy="6.02" speed="9.76" harmonicMeanSpeed="8.93" length="5.00" nVehEntered="11"/>
    <interval begin="19000.00" end="19100.00" id="inductionLoop.W1" nVehContrib="10" flow="360.00" occupancy="6.51" speed="11.01" harmonicMeanSpeed="10.57" length="5.00" nVehEntered="15"/>
    <interval begin="19100.00" end="19200.00" id="inductionLoop.W1" nVehContrib="10" flow="360.00" occupancy="18.18" speed="10.33" harmonicMeanSpeed="2.82" length="5.00" nVehEntered="11"/>
    <interval begin="19200.00" end="19300.00" id="inductionLoop.W1" nVehContrib="8" flow="288.00" occupancy="5.81" speed="10.80" harmonicMeanSpeed="10.44" length="5.00" nVehEntered="11"/>
    <interval begin="19300.00" end="19400.00" id="inductionLoop.W1" nVehContrib="12" flow="432.00" occupancy="7.45" speed="11.39" harmonicMeanSpeed="11.00" length="5.00" nVehEntered="15"/>
    <interval begin="19400.00" end="19500.00" id="inductionLoop.W1" nVehContrib="9" flow="324.00" occupancy="4.82" speed="11.43" harmonicMeanSpeed="11.04" length="5.00" nVehEntered="11"/>
    <interval begin="19500.00" end="19600.00" id="inductionLoop.W1" nVehContrib="9" flow="324.00" occupancy="4.15" speed="11.29" harmonicMeanSpeed="10.85" length="5.00" nVehEntered="9"/>
    <interval begin="19600.00" end="19700.00" id="inductionLoop.W1" nVehContrib="10" flow="360.00" occupancy="26.34" speed="10.81" harmonicMeanSpeed="3.29" length="5.00" nVehEntered="14"/>
    <interval begin="19700.00" end="19800.00" id="inductionLoop.W1" nVehContrib="14" flow="504.00" occupancy="40.01" speed="7.32" harmonicMeanSpeed="1.46" length="5.00" nVehEntered="16"/>
    <interval begin="19800.00" end="19900.00" id="inductionLoop.W1" nVehContrib="9" flow="324.00" occupancy="6.22" speed="10.10" harmonicMeanSpeed="9.57" length="5.00" nVehEntered="13"/>
    <interval begin="19900.00" end="20000.00" id="inductionLoop.W1" nVehContrib="10" flow="360.00" occupancy="14.16" speed="8.88" harmonicMeanSpeed="3.53" length="5.00" nVehEntered="10"/>
    <interval begin="20000.00" end="20100.00" id="inductionLoop.W1" nVehContrib="7" flow="252.00" occupancy="3.83" speed="10.98" harmonicMeanSpeed="10.43" length="5.00" nVehEntered="10"/>
    <interval begin="20100.00" end="20200.00" id="inductionLoop.W1" nVehContrib="12" flow="432.00" occupancy="7.35" speed="11.01" harmonicMeanSpeed="7.82" length="5.00" nVehEntered="11"/>
    <interval begin="20200.00" end="20300.00" id="inductionLoop.W1" nVehContrib="10" flow="360.00" occupancy="10.33" speed="9.20" harmonicMeanSpeed="5.80" length="5.00" nVehEntered="13"/>
    <interval begin="20300.00" end="20400.00" id="inductionLoop.W1" nVehContrib="8" flow="288.00" occupancy="5.41" speed="9.32" harmonicMeanSpeed="9.10" length="5.00" nVehEntered="9"/>
    <interval begin="20400.00" end="20500.00" id="inductionLoop.W1" nVehContrib="13" flow="468.00" occupancy="23.81" speed="9.89" harmonicMeanSpeed="3.53" length="5.00" nVehEntered="16"/>
    <interval begin="20500.00" end="20600.00" id="inductionLoop.W1" nVehContrib="8" flow="288.00" occupancy="61.25" speed="5.98" harmonicMeanSpeed="0.88" length="5.00" nVehEntered="10"/>
    <interval begin="20600.00" end="20700.00" id="inductionLoop.W1" nVehContrib="11" flow="396.00" occupancy="50.00" speed="7.15" harmonicMeanSpeed="0.86" length="5.00" nVehEntered="11"/>
    <interval begin="20700.00" end="20800.00" id="inductionLoop.W1" nVehContrib="11" flow="396.00" occupancy="5.37" speed="11.05" harmonicMeanSpeed="10.24" length="5.00" nVehEntered="11"/>
    <interval begin="20800.00" end="20900.00" id="inductionLoop.W1" nVehContrib="8" flow="288.00" occupancy="49.51" speed="6.47" harmonicMeanSpeed="0.88" length="5.00" nVehEntered="11"/>
    <interval begin="20900.00" end="21000.00" id="inductionLoop.W1" nVehContrib="12" flow="432.00" occupancy="23.63" speed="9.13" harmonicMeanSpeed="3.23" length="5.00" nVehEntered="13"/>
    <interval begin="21000.00" end="21100.00" id="inductionLoop.W1" nVehContrib="11" flow="396.00" occupancy="34.14" speed="8.18" harmonicMeanSpeed="1.73" length="5.00" nVehEntered="14"/>
    <interval begin="21100.00" end="21200.00" id="inductionLoop.W1" nVehContrib="12" flow="432.00" occupancy="40.33" speed="8.86" harmonicMeanSpeed="2.30" length="5.00" nVehEntered="15"/>
    <interval begin="21200.00" end="21300.00" id="inductionLoop.W1" nVehContrib="13" flow="468.00" occupancy="49.77" speed="8.31" harmonicMeanSpeed="1.25" length="5.00" nVehEntered="15"/>
    <interval begin="21300.00" end="21400.00" id="inductionLoop.W1" nVehContrib="13" flow="468.00" occupancy="45.72" speed="9.02" harmonicMeanSpeed="1.29" length="5.00" nVehEntered="14"/>
    <interval begin="21400.00" end="21500.00" id="inductionLoop.W1" nVehContrib="11" flow="396.00" occupancy="41.25" speed="8.61" harmonicMeanSpeed="1.36" length="5.00" nVehEntered="13"/>
    <interval begin="21500.00" end="21600.00" id="inductionLoop.W1" nVehContrib="7" flow="252.00" occupancy="39.00" speed="7.33" harmonicMeanSpeed="1.09" length="5.00" nVehEntered="10"/>
    <interval begin="21600.00" end="21700.00" id="inductionLoop.W1" nVehContrib="11" flow="396.00" occupancy="37.40" speed="7.16" harmonicMeanSpeed="1.49" length="5.00" nVehEntered="13"/>
    <interval begin="21700.00" end="21800.00" id="inductionLoop.W1" nVehContrib="11" flow="396.00" occupancy="32.23" speed="8.81" harmonicMeanSpeed="1.55" length="5.00" nVehEntered="10"/>
    <interval begin="21800.00" end="21900.00" id="inductionLoop.W1" nVehContrib="12" flow="432.00" occupancy="27.18" speed="9.65" harmonicMeanSpeed="2.49" length="5.00" nVehEntered="14"/>
    <interval begin="21900.00" end="22000.00" id="inductionLoop.W1" nVehContrib="5" flow="180.00" occupancy="54.70" speed="7.29" harmonicMeanSpeed="0.96" length="5.00" nVehEntered="7"/>
    <interval begin="22000.00" end="22100.00" id="inductionLoop.W1" nVehContrib="12" flow="432.00" occupancy="46.13" speed="6.91" harmonicMeanSpeed="0.82" length="5.00" nVehEntered="12"/>
    <interval begin="22100.00" end="22200.00" id="inductionLoop.W1" nVehContrib="10" flow="360.00" occupancy="33.44" speed="9.40" harmonicMeanSpeed="1.51" length="5.00" nVehEntered="11"/>
    <interval begin="22200.00" end="22300.00" id="inductionLoop.W1" nVehContrib="12" flow="432.00" occupancy="45.73" speed="8.89" harmonicMeanSpeed="1.38" length="5.00" nVehEntered="14"/>
    <interval begin="22300.00" end="22400.00" id="inductionLoop.W1" nVehContrib="11" flow="396.00" occupancy="32.98" speed="9.67" harmonicMeanSpeed="1.68" length="5.00" nVehEntered="12"/>
    <interval begin="22400.00" end="22500.00" id="inductionLoop.W1" nVehContrib="9" flow="324.00" occupancy="36.24" speed="8.54" harmonicMeanSpeed="1.60" length="5.00" nVehEntered="12"/>
    <interval begin="22500.00" end="22600.00" id="inductionLoop.W1" nVehContrib="10" flow="360.00" occupancy="36.13" speed="9.02" harmonicMeanSpeed="1.33" length="5.00" nVehEntered="10"/>
    <interval begin="22600.00" end="22700.00" id="inductionLoop.W1" nVehContrib="12" flow="432.00" occupancy="33.25" speed="8.46" harmonicMeanSpeed="1.82" length="5.00" nVehEntered="12"/>
    <interval begin="22700.00" end="22800.00" id="inductionLoop.W1" nVehContrib="14" flow="504.00" occupancy="44.60" speed="9.83" harmonicMeanSpeed="1.57" length="5.00" nVehEntered="14"/>
    <interval begin="22800.00" end="22900.00" id="inductionLoop.W1" nVehContrib="9" flow="324.00" occupancy="43.80" speed="7.55" harmonicMeanSpeed="1.26" length="5.00" nVehEntered="12"/>
    <interval begin="22900.00" end="23000.00" id="inductionLoop.W1" nVehContrib="10" flow="360.00" occupancy="66.35" speed="7.61" harmonicMeanSpeed="1.14" length="5.00" nVehEntered="10"/>
    <interval begin="23000.00" end="23100.00" id="inductionLoop.W1" nVehContrib="11" flow="396.00" occupancy="64.84" speed="4.70" harmonicMeanSpeed="0.58" length="5.00" nVehEntered="11"/>
    <interval begin="23100.00" end="23200.00" id="inductionLoop.W1" nVehContrib="16" flow="576.00" occupancy="52.54" speed="8.76" harmonicMeanSpeed="1.51" length="5.00" nVehEntered="15"/>
    <interval begin="23200.00" end="23300.00" id="inductionLoop.W1" nVehContrib="13" flow="468.00" occupancy="39.71" speed="9.29" harmonicMeanSpeed="2.02" length="5.00" nVehEntered="14"/>
    <interval begin="23300.00" end="23400.00" id="inductionLoop.W1" nVehContrib="9" flow="324.00" occupancy="59.76" speed="8.05" harmonicMeanSpeed="0.83" length="5.00" nVehEntered="9"/>
    <interval begin="23400.00" end="23500.00" id="inductionLoop.W1" nVehContrib="14" flow="504.00" occupancy="38.55" speed="10.76" harmonicMeanSpeed="2.00" length="5.00" nVehEntered="15"/>
    <interval begin="23500.00" end="23600.00" id="inductionLoop.W1" nVehContrib="13" flow="468.00" occupancy="41.25" speed="9.26" harmonicMeanSpeed="1.24" length="5.00" nVehEntered="13"/>
    <interval begin="23600.00" end="23700.00" id="inductionLoop.W1" nVehContrib="9" flow="324.00" occupancy="71.04" speed="7.50" harmonicMeanSpeed="0.68" length="5.00" nVehEntered="10"/>
    <interval begin="23700.00" end="23800.00" id="inductionLoop.W1" nVehContrib="10" flow="360.00" occupancy="55.07" speed="7.51" harmonicMeanSpeed="0.92" length="5.00" nVehEntered="11"/>
    <interval begin="23800.00" end="23900.00" id="inductionLoop.W1" nVehContrib="12" flow="432.00" occupancy="42.71" speed="8.40" harmonicMeanSpeed="1.47" length="5.00" nVehEntered="14"/>
    <interval begin="23900.00" end="24000.00" id="inductionLoop.W1" nVehContrib="8" flow="288.00" occupancy="55.25" speed="7.26" harmonicMeanSpeed="1.13" length="5.00" nVehEntered="8"/>
    <interval begin="24000.00" end="24100.00" id="inductionLoop.W1" nVehContrib="13" flow="468.00" occupancy="39.84" speed="6.83" harmonicMeanSpeed="1.09" length="5.00" nVehEntered="15"/>
    <interval begin="24100.00" end="24200.00" id="inductionLoop.W1" nVehContrib="8" flow="288.00" occupancy="37.65" speed="6.70" harmonicMeanSpeed="5.05" length="5.00" nVehEntered="11"/>
    <interval begin="24200.00" end="24300.00" id="inductionLoop.W1" nVehContrib="17" flow="612.00" occupancy="47.15" speed="7.58" harmonicMeanSpeed="1.16" length="5.00" nVehEntered="17"/>
    <interval begin="24300.00" end="24400.00" id="inductionLoop.W1" nVehContrib="6" flow="216.00" occupancy="76.61" speed="3.75" harmonicMeanSpeed="0.42" length="5.00" nVehEntered="9"/>
    <interval begin="24400.00" end="24500.00" id="inductionLoop.W1" nVehContrib="18" flow="648.00" occupancy="66.48" speed="7.62" harmonicMeanSpeed="1.55" length="5.00" nVehEntered="18"/>
    <interval begin="24500.00" end="24600.00" id="inductionLoop.W1" nVehContrib="11" flow="396.00" occupancy="72.14" speed="7.33" harmonicMeanSpeed="1.08" length="5.00" nVehEntered="11"/>
    <interval begin="24600.00" end="24700.00" id="inductionLoop.W1" nVehContrib="13" flow="468.00" occupancy="62.84" speed="5.96" harmonicMeanSpeed="0.73" length="5.00" nVehEntered="13"/>
    <interval begin="24700.00" end="24800.00" id="inductionLoop.W1" nVehContrib="8" flow="288.00" occupancy="78.03" speed="6.20" harmonicMeanSpeed="1.16" length="5.00" nVehEntered="10"/>
    <interval begin="24800.00" end="24900.00" id="inductionLoop.W1" nVehContrib="11" flow="396.00" occupancy="29.03" speed="6.57" harmonicMeanSpeed="0.77" length="5.00" nVehEntered="10"/>
    <interval begin="24900.00" end="25000.00" id="inductionLoop.W1" nVehContrib="10" flow="360.00" occupancy="49.64" speed="7.34" harmonicMeanSpeed="1.01" length="5.00" nVehEntered="11"/>
    <interval begin="25000.00" end="25100.00" id="inductionLoop.W1" nVehContrib="7" flow="252.00" occupancy="87.30" speed="5.99" harmonicMeanSpeed="0.80" length="5.00" nVehEntered="7"/>
    <interval begin="25100.00" end="25200.00" id="inductionLoop.W1" nVehContrib="10" flow="360.00" occupancy="83.42" speed="7.24" harmonicMeanSpeed="0.96" length="5.00" nVehEntered="10"/>
    <interval begin="25200.00" end="25300.00" id="inductionLoop.W1" nVehContrib="12" flow="432.00" occupancy="80.48" speed="8.20" harmonicMeanSpeed="0.67" length="5.00" nVehEntered="12"/>
    <interval begin="25300.00" end="25400.00" id="inductionLoop.W1" nVehContrib="12" flow="432.00" occupancy="80.34" speed="7.90" harmonicMeanSpeed="0.70" length="5.00" nVehEntered="12"/>
    <interval begin="25400.00" end="25500.00" id="inductionLoop.W1" nVehContrib="16" flow="576.00" occupancy="73.05" speed="8.51" harmonicMeanSpeed="0.96" length="5.00" nVehEntered="16"/>
    <interval begin="25500.00" end="25600.00" id="inductionLoop.W1" nVehContrib="10" flow="360.00" occupancy="80.81" speed="5.47" harmonicMeanSpeed="0.39" length="5.00" nVehEntered="10"/>
    <interval begin="25600.00" end="25700.00" id="inductionLoop.W1" nVehContrib="19" flow="684.00" occupancy="70.01" speed="8.64" harmonicMeanSpeed="1.79" length="5.00" nVehEntered="19"/>
    <interval begin="25700.00" end="25800.00" id="inductionLoop.W1" nVehContrib="15" flow="540.00" occupancy="75.08" speed="8.43" harmonicMeanSpeed="0.99" length="5.00" nVehEntered="15"/>
    <interval begin="25800.00" end="25900.00" id="inductionLoop.W1" nVehContrib="15" flow="540.00" occupancy="76.66" speed="8.07" harmonicMeanSpeed="0.78" length="5.00" nVehEntered="15"/>
    <interval begin="25900.00" end="26000.00" id="inductionLoop.W1" nVehContrib="13" flow="468.00" occupancy="80.37" speed="8.33" harmonicMeanSpeed="0.80" length="5.00" nVehEntered="12"/>
    <interval begin="26000.00" end="26100.00" id="inductionLoop.W1" nVehContrib="12" flow="432.00" occupancy="78.32" speed="8.09" harmonicMeanSpeed="0.77" length="5.00" nVehEntered="12"/>
    <interval begin="26100.00" end="26200.00" id="inductionLoop.W1" nVehContrib="16" flow="576.00" occupancy="73.54" speed="8.94" harmonicMeanSpeed="1.09" length="5.00" nVehEntered="16"/>
    <interval begin="26200.00" end="26300.00" id="inductionLoop.W1" nVehContrib="7" flow="252.00" occupancy="86.83" speed="4.11" harmonicMeanSpeed="0.40" length="5.00" nVehEntered="7"/>
    <interval begin="26300.00" end="26400.00" id="inductionLoop.W1" nVehContrib="21" flow="756.00" occupancy="66.81" speed="8.86" harmonicMeanSpeed="1.57" length="5.00" nVehEntered="21"/>
    <interval begin="26400.00" end="26500.00" id="inductionLoop.W1" nVehContrib="10" flow="360.00" occupancy="82.12" speed="6.43" harmonicMeanSpeed="0.61" length="5.00" nVehEntered="10"/>
    <interval begin="26500.00" end="26600.00" id="inductionLoop.W1" nVehContrib="10" flow="360.00" occupancy="83.03" speed="8.42" harmonicMeanSpeed="0.79" length="5.00" nVehEntered="11"/>
    <interval begin="26600.00" end="26700.00" id="inductionLoop.W1" nVehContrib="22" flow="792.00" occupancy="64.59" speed="7.68" harmonicMeanSpeed="1.32" length="5.00" nVehEntered="22"/>
    <interval begin="26700.00" end="26800.00" id="inductionLoop.W1" nVehContrib="2" flow="72.00" occupancy="94.55" speed="0.14" harmonicMeanSpeed="0.12" length="5.00" nVehEntered="2"/>
    <interval begin="26800.00" end="26900.00" id="inductionLoop.W1" nVehContrib="13" flow="468.00" occupancy="79.91" speed="7.84" harmonicMeanSpeed="2.28" length="5.00" nVehEntered="13"/>
    <interval begin="26900.00" end="27000.00" id="inductionLoop.W1" nVehContrib="17" flow="612.00" occupancy="71.19" speed="7.93" harmonicMeanSpeed="0.88" length="5.00" nVehEntered="17"/>
    <interval begin="27000.00" end="27100.00" id="inductionLoop.W1" nVehContrib="17" flow="612.00" occupancy="72.27" speed="9.23" harmonicMeanSpeed="1.08" length="5.00" nVehEntered="17"/>
    <interval begin="27100.00" end="27200.00" id="inductionLoop.W1" nVehContrib="14" flow="504.00" occupancy="78.10" speed="7.57" harmonicMeanSpeed="0.65" length="5.00" nVehEntered="13"/>
    <interval begin="27200.00" end="27300.00" id="inductionLoop.W1" nVehContrib="22" flow="792.00" occupancy="62.73" speed="8.20" harmonicMeanSpeed="1.94" length="5.00" nVehEntered="23"/>
    <interval begin="27300.00" end="27400.00" id="inductionLoop.W1" nVehContrib="11" flow="396.00" occupancy="82.13" speed="7.70" harmonicMeanSpeed="0.99" length="5.00" nVehEntered="11"/>
    <interval begin="27400.00" end="27500.00" id="inductionLoop.W1" nVehContrib="12" flow="432.00" occupancy="80.88" speed="8.40" harmonicMeanSpeed="1.05" length="5.00" nVehEntered="12"/>
    <interval begin="27500.00" end="27600.00" id="inductionLoop.W1" nVehContrib="16" flow="576.00" occupancy="72.25" speed="7.45" harmonicMeanSpeed="0.62" length="5.00" nVehEntered="16"/>
    <interval begin="27600.00" end="27700.00" id="inductionLoop.W1" nVehContrib="12" flow="432.00" occupancy="8.32" speed="8.94" harmonicMeanSpeed="7.04" length="5.00" nVehEntered="11"/>
    <interval begin="27700.00" end="27800.00" id="inductionLoop.W1" nVehContrib="12" flow="432.00" occupancy="73.51" speed="8.51" harmonicMeanSpeed="7.43" length="5.00" nVehEntered="13"/>
    <interval begin="27800.00" end="27900.00" id="inductionLoop.W1" nVehContrib="15" flow="540.00" occupancy="76.23" speed="8.97" harmonicMeanSpeed="0.86" length="5.00" nVehEntered="15"/>
    <interval begin="27900.00" end="28000.00" id="inductionLoop.W1" nVehContrib="14" flow="504.00" occupancy="77.21" speed="8.00" harmonicMeanSpeed="0.89" length="5.00" nVehEntered="14"/>
    <interval begin="28000.00" end="28100.00" id="inductionLoop.W1" nVehContrib="16" flow="576.00" occupancy="73.32" speed="8.73" harmonicMeanSpeed="0.87" length="5.00" nVehEntered="16"/>
    <interval begin="28100.00" end="28200.00" id="inductionLoop.W1" nVehContrib="3" flow="108.00" occupancy="93.74" speed="1.43" harmonicMeanSpeed="0.12" length="5.00" nVehEntered="2"/>
    <interval begin="28200.00" end="28300.00" id="inductionLoop.W1" nVehContrib="16" flow="576.00" occupancy="74.74" speed="10.61" harmonicMeanSpeed="9.94" length="5.00" nVehEntered="17"/>
    <interval begin="28300.00" end="28400.00" id="inductionLoop.W1" nVehContrib="12" flow="432.00" occupancy="79.84" speed="5.52" harmonicMeanSpeed="0.41" length="5.00" nVehEntered="11"/>
    <interval begin="28400.00" end="28500.00" id="inductionLoop.W1" nVehContrib="15" flow="540.00" occupancy="10.01" speed="9.16" harmonicMeanSpeed="7.49" length="5.00" nVehEntered="15"/>
    <interval begin="28500.00" end="28600.00" id="inductionLoop.W1" nVehContrib="5" flow="180.00" occupancy="65.20" speed="3.69" harmonicMeanSpeed="0.86" length="5.00" nVehEntered="6"/>
    <interval begin="28600.00" end="28700.00" id="inductionLoop.W1" nVehContrib="22" flow="792.00" occupancy="47.21" speed="8.09" harmonicMeanSpeed="1.62" length="5.00" nVehEntered="22"/>
    <interval begin="28700.00" end="28800.00" id="inductionLoop.W1" nVehContrib="1" flow="36.00" occupancy="98.19" speed="0.04" harmonicMeanSpeed="0.04" length="5.00" nVehEntered="0"/>
    <interval begin="28800.00" end="28900.00" id="inductionLoop.W1" nVehContrib="16" flow="576.00" occupancy="74.50" speed="9.00" harmonicMeanSpeed="8.51" length="5.00" nVehEntered="17"/>
    <interval begin="28900.00" end="29000.00" id="inductionLoop.W1" nVehContrib="26" flow="936.00" occupancy="58.32" speed="8.21" harmonicMeanSpeed="1.19" length="5.00" nVehEntered="26"/>
    <interval begin="29000.00" end="29100.00" id="inductionLoop.W1" nVehContrib="2" flow="72.00" occupancy="96.07" speed="1.85" harmonicMeanSpeed="0.09" length="5.00" nVehEntered="1"/>
    <interval begin="29100.00" end="29200.00" id="inductionLoop.W1" nVehContrib="16" flow="576.00" occupancy="75.37" speed="10.12" harmonicMeanSpeed="9.62" length="5.00" nVehEntered="17"/>
    <interval begin="29200.00" end="29300.00" id="inductionLoop.W1" nVehContrib="15" flow="540.00" occupancy="74.38" speed="7.83" harmonicMeanSpeed="0.57" length="5.00" nVehEntered="15"/>
    <interval begin="29300.00" end="29400.00" id="inductionLoop.W1" nVehContrib="14" flow="504.00" occupancy="76.16" speed="8.13" harmonicMeanSpeed="0.80" length="5.00" nVehEntered="14"/>
    <interval begin="29400.00" end="29500.00" id="inductionLoop.W1" nVehContrib="10" flow="360.00" occupancy="84.05" speed="10.69" harmonicMeanSpeed="10.64" length="5.00" nVehEntered="10"/>
    <interval begin="29500.00" end="29600.00" id="inductionLoop.W1" nVehContrib="21" flow="756.00" occupancy="67.13" speed="9.48" harmonicMeanSpeed="1.09" length="5.00" nVehEntered="21"/>
    <interval begin="29600.00" end="29700.00" id="inductionLoop.W1" nVehContrib="9" flow="324.00" occupancy="83.59" speed="4.78" harmonicMeanSpeed="0.34" length="5.00" nVehEntered="8"/>
    <interval begin="29700.00" end="29800.00" id="inductionLoop.W1" nVehContrib="21" flow="756.00" occupancy="67.62" speed="9.92" harmonicMeanSpeed="9.24" length="5.00" nVehEntered="22"/>
    <interval begin="29800.00" end="29900.00" id="inductionLoop.W1" nVehContrib="28" flow="1008.00" occupancy="55.41" speed="8.55" harmonicMeanSpeed="1.27" length="5.00" nVehEntered="28"/>
    <interval begin="29900.00" end="30000.00" id="inductionLoop.W1" nVehContrib="16" flow="576.00" occupancy="73.93" speed="8.94" harmonicMeanSpeed="1.32" length="5.00" nVehEntered="16"/>
    <interval begin="30000.00" end="30100.00" id="inductionLoop.W1" nVehContrib="19" flow="684.00" occupancy="70.33" speed="7.56" harmonicMeanSpeed="1.11" length="5.00" nVehEntered="18"/>
    <interval begin="30100.00" end="30200.00" id="inductionLoop.W1" nVehContrib="15" flow="540.00" occupancy="68.65" speed="8.34" harmonicMeanSpeed="1.68" length="5.00" nVehEntered="16"/>
    <interval begin="30200.00" end="30300.00" id="inductionLoop.W1" nVehContrib="19" flow="684.00" occupancy="57.83" speed="7.30" harmonicMeanSpeed="1.16" length="5.00" nVehEntered="18"/>
    <interval begin="30300.00" end="30400.00" id="inductionLoop.W1" nVehContrib="11" flow="396.00" occupancy="55.09" speed="7.95" harmonicMeanSpeed="1.52" length="5.00" nVehEntered="13"/>
    <interval begin="30400.00" end="30500.00" id="inductionLoop.W1" nVehContrib="18" flow="648.00" occupancy="53.97" speed="7.29" harmonicMeanSpeed="1.29" length="5.00" nVehEntered="18"/>
    <interval begin="30500.00" end="30600.00" id="inductionLoop.W1" nVehContrib="18" flow="648.00" occupancy="71.85" speed="7.52" harmonicMeanSpeed="1.20" length="5.00" nVehEntered="17"/>
    <interval begin="30600.00" end="30700.00" id="inductionLoop.W1" nVehContrib="24" flow="864.00" occupancy="55.65" speed="9.36" harmonicMeanSpeed="2.57" length="5.00" nVehEntered="25"/>
    <interval begin="30700.00" end="30800.00" id="inductionLoop.W1" nVehContrib="22" flow="792.00" occupancy="50.21" speed="8.91" harmonicMeanSpeed="1.86" length="5.00" nVehEntered="21"/>
    <interval begin="30800.00" end="30900.00" id="inductionLoop.W1" nVehContrib="16" flow="576.00" occupancy="40.32" speed="8.46" harmonicMeanSpeed="2.00" length="5.00" nVehEntered="17"/>
    <interval begin="30900.00" end="31000.00" id="inductionLoop.W1" nVehContrib="25" flow="900.00" occupancy="15.87" speed="11.43" harmonicMeanSpeed="7.70" length="5.00" nVehEntered="24"/>
    <interval begin="31000.00" end="31100.00" id="inductionLoop.W1" nVehContrib="17" flow="612.00" occupancy="41.72" speed="9.90" harmonicMeanSpeed="2.22" length="5.00" nVehEntered="19"/>
    <interval begin="31100.00" end="31200.00" id="inductionLoop.W1" nVehContrib="30" flow="1080.00" occupancy="47.15" speed="8.96" harmonicMeanSpeed="3.72" length="5.00" nVehEntered="31"/>
    <interval begin="31200.00" end="31300.00" id="inductionLoop.W1" nVehContrib="21" flow="756.00" occupancy="56.94" speed="7.93" harmonicMeanSpeed="1.65" length="5.00" nVehEntered="20"/>
    <interval begin="31300.00" end="31400.00" id="inductionLoop.W1" nVehContrib="6" flow="216.00" occupancy="74.82" speed="5.64" harmonicMeanSpeed="1.55" length="5.00" nVehEntered="8"/>
    <interval begin="31400.00" end="31500.00" id="inductionLoop.W1" nVehContrib="26" flow="936.00" occupancy="55.05" speed="8.66" harmonicMeanSpeed="1.18" length="5.00" nVehEntered="25"/>
    <interval begin="31500.00" end="31600.00" id="inductionLoop.W1" nVehContrib="15" flow="540.00" occupancy="59.33" speed="6.55" harmonicMeanSpeed="1.26" length="5.00" nVehEntered="15"/>
    <interval begin="31600.00" end="31700.00" id="inductionLoop.W1" nVehContrib="19" flow="684.00" occupancy="29.99" speed="8.54" harmonicMeanSpeed="3.63" length="5.00" nVehEntered="22"/>
    <interval begin="31700.00" end="31800.00" id="inductionLoop.W1" nVehContrib="12" flow="432.00" occupancy="64.91" speed="7.12" harmonicMeanSpeed="1.35" length="5.00" nVehEntered="13"/>
    <interval begin="31800.00" end="31900.00" id="inductionLoop.W1" nVehContrib="18" flow="648.00" occupancy="61.26" speed="6.89" harmonicMeanSpeed="1.15" length="5.00" nVehEntered="19"/>
    <interval begin="31900.00" end="32000.00" id="inductionLoop.W1" nVehContrib="25" flow="900.00" occupancy="40.25" speed="9.07" harmonicMeanSpeed="3.09" length="5.00" nVehEntered="24"/>
    <interval begin="32000.00" end="32100.00" id="inductionLoop.W1" nVehContrib="16" flow="576.00" occupancy="48.98" speed="9.05" harmonicMeanSpeed="1.89" length="5.00" nVehEntered="18"/>
    <interval begin="32100.00" end="32200.00" id="inductionLoop.W1" nVehContrib="19" flow="684.00" occupancy="50.43" speed="7.80" harmonicMeanSpeed="1.67" length="5.00" nVehEntered="18"/>
    <interval begin="32200.00" end="32300.00" id="inductionLoop.W1" nVehContrib="13" flow="468.00" occupancy="65.06" speed="5.69" harmonicMeanSpeed="1.49" length="5.00" nVehEntered="14"/>
    <interval begin="32300.00" end="32400.00" id="inductionLoop.W1" nVehContrib="20" flow="720.00" occupancy="56.26" speed="7.52" harmonicMeanSpeed="1.30" length="5.00" nVehEntered="21"/>
    <interval begin="32400.00" end="32500.00" id="inductionLoop.W1" nVehContrib="16" flow="576.00" occupancy="51.56" speed="7.43" harmonicMeanSpeed="1.52" length="5.00" nVehEntered="15"/>
    <interval begin="32500.00" end="32600.00" id="inductionLoop.W1" nVehContrib="15" flow="540.00" occupancy="71.02" speed="6.24" harmonicMeanSpeed="1.06" length="5.00" nVehEntered="15"/>
    <interval begin="32600.00" end="32700.00" id="inductionLoop.W1" nVehContrib="17" flow="612.00" occupancy="55.13" speed="8.54" harmonicMeanSpeed="1.88" length="5.00" nVehEntered="18"/>
    <interval begin="32700.00" end="32800.00" id="inductionLoop.W1" nVehContrib="17" flow="612.00" occupancy="71.73" speed="8.01" harmonicMeanSpeed="1.18" length="5.00" nVehEntered="17"/>
    <interval begin="32800.00" end="32900.00" id="inductionLoop.W1" nVehContrib="19" flow="684.00" occupancy="65.11" speed="7.56" harmonicMeanSpeed="1.27" length="5.00" nVehEntered="19"/>
    <interval begin="32900.00" end="33000.00" id="inductionLoop.W1" nVehContrib="13" flow="468.00" occupancy="62.74" speed="7.32" harmonicMeanSpeed="1.04" length="5.00" nVehEntered="13"/>
    <interval begin="33000.00" end="33100.00" id="inductionLoop.W1" nVehContrib="16" flow="576.00" occupancy="46.36" speed="6.06" harmonicMeanSpeed="1.73" length="5.00" nVehEntered="16"/>
    <interval begin="33100.00" end="33200.00" id="inductionLoop.W1" nVehContrib="10" flow="360.00" occupancy="64.46" speed="7.34" harmonicMeanSpeed="1.13" length="5.00" nVehEntered="11"/>
    <interval begin="33200.00" end="33300.00" id="inductionLoop.W1" nVehContrib="15" flow="540.00" occupancy="62.39" speed="6.75" harmonicMeanSpeed="0.98" length="5.00" nVehEntered="15"/>
    <interval begin="33300.00" end="33400.00" id="inductionLoop.W1" nVehContrib="17" flow="612.00" occupancy="72.86" speed="7.47" harmonicMeanSpeed="1.07" length="5.00" nVehEntered="16"/>
    <interval begin="33400.00" end="33500.00" id="inductionLoop.W1" nVehContrib="13" flow="468.00" occupancy="77.83" speed="8.18" harmonicMeanSpeed="1.08" length="5.00" nVehEntered="14"/>
    <interval begin="33500.00" end="33600.00" id="inductionLoop.W1" nVehContrib="15" flow="540.00" occupancy="73.93" speed="6.46" harmonicMeanSpeed="0.83" length="5.00" nVehEntered="15"/>
    <interval begin="33600.00" end="33700.00" id="inductionLoop.W1" nVehContrib="14" flow="504.00" occupancy="71.15" speed="8.13" harmonicMeanSpeed="0.97" length="5.00" nVehEntered="14"/>
    <interval begin="33700.00" end="33800.00" id="inductionLoop.W1" nVehContrib="14" flow="504.00" occupancy="57.33" speed="7.19" harmonicMeanSpeed="1.99" length="5.00" nVehEntered="14"/>
    <interval begin="33800.00" end="33900.00" id="inductionLoop.W1" nVehContrib="12" flow="432.00" occupancy="55.68" speed="6.43" harmonicMeanSpeed="0.95" length="5.00" nVehEntered="13"/>
    <interval begin="33900.00" end="34000.00" id="inductionLoop.W1" nVehContrib="24" flow="864.00" occupancy="45.64" speed="8.76" harmonicMeanSpeed="1.98" length="5.00" nVehEntered="23"/>
    <interval begin="34000.00" end="34100.00" id="inductionLoop.W1" nVehContrib="12" flow="432.00" occupancy="67.66" speed="6.61" harmonicMeanSpeed="1.13" length="5.00" nVehEntered="14"/>
    <interval begin="34100.00" end="34200.00" id="inductionLoop.W1" nVehContrib="18" flow="648.00" occupancy="56.33" speed="7.34" harmonicMeanSpeed="1.50" length="5.00" nVehEntered="19"/>
    <interval begin="34200.00" end="34300.00" id="inductionLoop.W1" nVehContrib="13" flow="468.00" occupancy="64.14" speed="5.72" harmonicMeanSpeed="0.88" length="5.00" nVehEntered="13"/>
    <interval begin="34300.00" end="34400.00" id="inductionLoop.W1" nVehContrib="14" flow="504.00" occupancy="69.27" speed="7.34" harmonicMeanSpeed="2.32" length="5.00" nVehEntered="15"/>
    <interval begin="34400.00" end="34500.00" id="inductionLoop.W1" nVehContrib="11" flow="396.00" occupancy="78.76" speed="4.41" harmonicMeanSpeed="0.47" length="5.00" nVehEntered="10"/>
    <interval begin="34500.00" end="34600.00" id="inductionLoop.W1" nVehContrib="15" flow="540.00" occupancy="75.71" speed="8.57" harmonicMeanSpeed="2.01" length="5.00" nVehEntered="16"/>
    <interval begin="34600.00" end="34700.00" id="inductionLoop.W1" nVehContrib="12" flow="432.00" occupancy="76.94" speed="8.07" harmonicMeanSpeed="0.99" length="5.00" nVehEntered="12"/>
    <interval begin="34700.00" end="34800.00" id="inductionLoop.W1" nVehContrib="19" flow="684.00" occupancy="68.12" speed="7.09" harmonicMeanSpeed="0.77" length="5.00" nVehEntered="19"/>
    <interval begin="34800.00" end="34900.00" id="inductionLoop.W1" nVehContrib="12" flow="432.00" occupancy="80.19" speed="7.45" harmonicMeanSpeed="0.86" length="5.00" nVehEntered="12"/>
    <interval begin="34900.00" end="35000.00" id="inductionLoop.W1" nVehContrib="11" flow="396.00" occupancy="81.64" speed="7.52" harmonicMeanSpeed="1.16" length="5.00" nVehEntered="11"/>
    <interval begin="35000.00" end="35100.00" id="inductionLoop.W1" nVehContrib="11" flow="396.00" occupancy="82.64" speed="7.47" harmonicMeanSpeed="0.87" length="5.00" nVehEntered="11"/>
    <interval begin="35100.00" end="35200.00" id="inductionLoop.W1" nVehContrib="14" flow="504.00" occupancy="76.25" speed="6.74" harmonicMeanSpeed="0.50" length="5.00" nVehEntered="13"/>
    <interval begin="35200.00" end="35300.00" id="inductionLoop.W1" nVehContrib="10" flow="360.00" occupancy="81.13" speed="7.00" harmonicMeanSpeed="0.91" length="5.00" nVehEntered="11"/>
    <interval begin="35300.00" end="35400.00" id="inductionLoop.W1" nVehContrib="7" flow="252.00" occupancy="86.77" speed="3.29" harmonicMeanSpeed="0.31" length="5.00" nVehEntered="6"/>
    <interval begin="35400.00" end="35500.00" id="inductionLoop.W1" nVehContrib="18" flow="648.00" occupancy="70.37" speed="8.99" harmonicMeanSpeed="8.16" length="5.00" nVehEntered="19"/>
    <interval begin="35500.00" end="35600.00" id="inductionLoop.W1" nVehContrib="23" flow="828.00" occupancy="65.36" speed="8.22" harmonicMeanSpeed="0.92" length="5.00" nVehEntered="22"/>
    <interval begin="35600.00" end="35700.00" id="inductionLoop.W1" nVehContrib="21" flow="756.00" occupancy="65.17" speed="8.42" harmonicMeanSpeed="1.61" length="5.00" nVehEntered="21"/>
    <interval begin="35700.00" end="35800.00" id="inductionLoop.W1" nVehContrib="7" flow="252.00" occupancy="86.36" speed="5.51" harmonicMeanSpeed="0.65" length="5.00" nVehEntered="8"/>
    <interval begin="35800.00" end="35900.00" id="inductionLoop.W1" nVehContrib="17" flow="612.00" occupancy="73.68" speed="7.78" harmonicMeanSpeed="0.80" length="5.00" nVehEntered="16"/>
    <interval begin="35900.00" end="36000.00" id="inductionLoop.W1" nVehContrib="15" flow="540.00" occupancy="74.55" speed="6.88" harmonicMeanSpeed="1.13" length="5.00" nVehEntered="16"/>
    <interval begin="36000.00" end="36100.00" id="inductionLoop.W1" nVehContrib="15" flow="540.00" occupancy="49.41" speed="7.92" harmonicMeanSpeed="1.31" length="5.00" nVehEntered="14"/>
    <interval begin="36100.00" end="36200.00" id="inductionLoop.W1" nVehContrib="4" flow="144.00" occupancy="65.50" speed="1.79" harmonicMeanSpeed="0.39" length="5.00" nVehEntered="5"/>
    <interval begin="36200.00" end="36300.00" id="inductionLoop.W1" nVehContrib="17" flow="612.00" occupancy="71.47" speed="8.60" harmonicMeanSpeed="1.61" length="5.00" nVehEntered="17"/>
    <interval begin="36300.00" end="36400.00" id="inductionLoop.W1" nVehContrib="12" flow="432.00" occupancy="80.85" speed="7.91" harmonicMeanSpeed="1.02" length="5.00" nVehEntered="12"/>
    <interval begin="36400.00" end="36500.00" id="inductionLoop.W1" nVehContrib="18" flow="648.00" occupancy="70.17" speed="8.81" harmonicMeanSpeed="0.98" length="5.00" nVehEntered="18"/>
    <interval begin="36500.00" end="36600.00" id="inductionLoop.W1" nVehContrib="11" flow="396.00" occupancy="80.86" speed="6.81" harmonicMeanSpeed="0.48" length="5.00" nVehEntered="10"/>
    <interval begin="36600.00" end="36700.00" id="inductionLoop.W1" nVehContrib="21" flow="756.00" occupancy="63.81" speed="9.78" harmonicMeanSpeed="9.07" length="5.00" nVehEntered="22"/>
    <interval begin="36700.00" end="36800.00" id="inductionLoop.W1" nVehContrib="12" flow="432.00" occupancy="80.62" speed="7.26" harmonicMeanSpeed="0.45" length="5.00" nVehEntered="11"/>
    <interval begin="36800.00" end="36900.00" id="inductionLoop.W1" nVehContrib="12" flow="432.00" occupancy="77.61" speed="6.12" harmonicMeanSpeed="0.78" length="5.00" nVehEntered="13"/>
    <interval begin="36900.00" end="37000.00" id="inductionLoop.W1" nVehContrib="17" flow="612.00" occupancy="75.31" speed="10.13" harmonicMeanSpeed="10.05" length="5.00" nVehEntered="17"/>
    <interval begin="37000.00" end="37100.00" id="inductionLoop.W1" nVehContrib="20" flow="720.00" occupancy="67.54" speed="7.30" harmonicMeanSpeed="0.79" length="5.00" nVehEntered="20"/>
    <interval begin="37100.00" end="37200.00" id="inductionLoop.W1" nVehContrib="13" flow="468.00" occupancy="79.10" speed="8.10" harmonicMeanSpeed="1.37" length="5.00" nVehEntered="13"/>
    <interval begin="37200.00" end="37300.00" id="inductionLoop.W1" nVehContrib="13" flow="468.00" occupancy="78.82" speed="7.82" harmonicMeanSpeed="1.03" length="5.00" nVehEntered="13"/>
    <interval begin="37300.00" end="37400.00" id="inductionLoop.W1" nVehContrib="14" flow="504.00" occupancy="78.11" speed="7.33" harmonicMeanSpeed="0.53" length="5.00" nVehEntered="13"/>
    <interval begin="37400.00" end="37500.00" id="inductionLoop.W1" nVehContrib="16" flow="576.00" occupancy="72.78" speed="7.95" harmonicMeanSpeed="1.65" length="5.00" nVehEntered="17"/>
    <interval begin="37500.00" end="37600.00" id="inductionLoop.W1" nVehContrib="11" flow="396.00" occupancy="81.81" speed="7.86" harmonicMeanSpeed="0.78" length="5.00" nVehEntered="11"/>
    <interval begin="37600.00" end="37700.00" id="inductionLoop.W1" nVehContrib="10" flow="360.00" occupancy="83.42" speed="7.52" harmonicMeanSpeed="0.77" length="5.00" nVehEntered="10"/>
    <interval begin="37700.00" end="37800.00" id="inductionLoop.W1" nVehContrib="14" flow="504.00" occupancy="76.75" speed="6.67" harmonicMeanSpeed="0.54" length="5.00" nVehEntered="13"/>
    <interval begin="37800.00" end="37900.00" id="inductionLoop.W1" nVehContrib="9" flow="324.00" occupancy="77.09" speed="7.86" harmonicMeanSpeed="1.98" length="5.00" nVehEntered="10"/>
    <interval begin="37900.00" end="38000.00" id="inductionLoop.W1" nVehContrib="16" flow="576.00" occupancy="71.94" speed="6.72" harmonicMeanSpeed="0.81" length="5.00" nVehEntered="16"/>
    <interval begin="38000.00" end="38100.00" id="inductionLoop.W1" nVehContrib="12" flow="432.00" occupancy="79.30" speed="7.68" harmonicMeanSpeed="0.68" length="5.00" nVehEntered="12"/>
    <interval begin="38100.00" end="38200.00" id="inductionLoop.W1" nVehContrib="8" flow="288.00" occupancy="85.86" speed="4.70" harmonicMeanSpeed="0.38" length="5.00" nVehEntered="8"/>
    <interval begin="38200.00" end="38300.00" id="inductionLoop.W1" nVehContrib="10" flow="360.00" occupancy="84.72" speed="8.77" harmonicMeanSpeed="0.59" length="5.00" nVehEntered="9"/>
    <interval begin="38300.00" end="38400.00" id="inductionLoop.W1" nVehContrib="15" flow="540.00" occupancy="74.90" speed="8.93" harmonicMeanSpeed="8.16" length="5.00" nVehEntered="16"/>
    <interval begin="38400.00" end="38500.00" id="inductionLoop.W1" nVehContrib="13" flow="468.00" occupancy="78.32" speed="8.96" harmonicMeanSpeed="0.84" length="5.00" nVehEntered="13"/>
    <interval begin="38500.00" end="38600.00" id="inductionLoop.W1" nVehContrib="14" flow="504.00" occupancy="77.32" speed="8.51" harmonicMeanSpeed="0.83" length="5.00" nVehEntered="14"/>
    <interval begin="38600.00" end="38700.00" id="inductionLoop.W1" nVehContrib="13" flow="468.00" occupancy="79.54" speed="7.87" harmonicMeanSpeed="0.86" length="5.00" nVehEntered="13"/>
    <interval begin="38700.00" end="38800.00" id="inductionLoop.W1" nVehContrib="14" flow="504.00" occupancy="76.43" speed="8.22" harmonicMeanSpeed="0.92" length="5.00" nVehEntered="14"/>
    <interval begin="38800.00" end="38900.00" id="inductionLoop.W1" nVehContrib="16" flow="576.00" occupancy="74.95" speed="8.64" harmonicMeanSpeed="0.85" length="5.00" nVehEntered="16"/>
    <interval begin="38900.00" end="39000.00" id="inductionLoop.W1" nVehContrib="18" flow="648.00" occupancy="72.25" speed="9.00" harmonicMeanSpeed="1.00" length="5.00" nVehEntered="18"/>
    <interval begin="39000.00" end="39100.00" id="inductionLoop.W1" nVehContrib="8" flow="288.00" occupancy="87.51" speed="6.98" harmonicMeanSpeed="0.35" length="5.00" nVehEntered="7"/>
    <interval begin="39100.00" end="39200.00" id="inductionLoop.W1" nVehContrib="13" flow="468.00" occupancy="78.87" speed="11.83" harmonicMeanSpeed="11.65" length="5.00" nVehEntered="14"/>
    <interval begin="39200.00" end="39300.00" id="inductionLoop.W1" nVehContrib="6" flow="216.00" occupancy="89.50" speed="5.60" harmonicMeanSpeed="0.34" length="5.00" nVehEntered="6"/>
    <interval begin="39300.00" end="39400.00" id="inductionLoop.W1" nVehContrib="20" flow="720.00" occupancy="66.42" speed="9.88" harmonicMeanSpeed="1.10" length="5.00" nVehEntered="20"/>
    <interval begin="39400.00" end="39500.00" id="inductionLoop.W1" nVehContrib="6" flow="216.00" occupancy="89.71" speed="4.70" harmonicMeanSpeed="0.29" length="5.00" nVehEntered="6"/>
    <interval begin="39500.00" end="39600.00" id="inductionLoop.W1" nVehContrib="21" flow="756.00" occupancy="67.14" speed="9.56" harmonicMeanSpeed="2.10" length="5.00" nVehEntered="21"/>
    <interval begin="39600.00" end="39700.00" id="inductionLoop.W1" nVehContrib="23" flow="828.00" occupancy="64.97" speed="9.05" harmonicMeanSpeed="1.26" length="5.00" nVehEntered="23"/>
    <interval begin="39700.00" end="39800.00" id="inductionLoop.W1" nVehContrib="0" flow="0.00" occupancy="100.00" speed="-1.00" harmonicMeanSpeed="-1.00" length="-1.00" nVehEntered="0"/>
    <interval begin="39800.00" end="39900.00" id="inductionLoop.W1" nVehContrib="10" flow="360.00" occupancy="79.26" speed="3.48" harmonicMeanSpeed="0.25" length="5.00" nVehEntered="10"/>
    <interval begin="39900.00" end="40000.00" id="inductionLoop.W1" nVehContrib="22" flow="792.00" occupancy="65.03" speed="9.10" harmonicMeanSpeed="2.48" length="5.00" nVehEntered="22"/>
    <interval begin="40000.00" end="40100.00" id="inductionLoop.W1" nVehContrib="7" flow="252.00" occupancy="88.31" speed="6.88" harmonicMeanSpeed="0.31" length="5.00" nVehEntered="6"/>
    <interval begin="40100.00" end="40200.00" id="inductionLoop.W1" nVehContrib="13" flow="468.00" occupancy="78.95" speed="10.55" harmonicMeanSpeed="10.34" length="5.00" nVehEntered="14"/>
    <interval begin="40200.00" end="40300.00" id="inductionLoop.W1" nVehContrib="15" flow="540.00" occupancy="75.75" speed="8.45" harmonicMeanSpeed="0.51" length="5.00" nVehEntered="15"/>
    <interval begin="40300.00" end="40400.00" id="inductionLoop.W1" nVehContrib="4" flow="144.00" occupancy="94.01" speed="9.86" harmonicMeanSpeed="9.59" length="5.00" nVehEntered="4"/>
    <interval begin="40400.00" end="40500.00" id="inductionLoop.W1" nVehContrib="16" flow="576.00" occupancy="74.13" speed="8.66" harmonicMeanSpeed="0.54" length="5.00" nVehEntered="16"/>
    <interval begin="40500.00" end="40600.00" id="inductionLoop.W1" nVehContrib="2" flow="72.00" occupancy="94.88" speed="1.87" harmonicMeanSpeed="0.11" length="5.00" nVehEntered="2"/>
    <interval begin="40600.00" end="40700.00" id="inductionLoop.W1" nVehContrib="18" flow="648.00" occupancy="70.32" speed="7.38" harmonicMeanSpeed="0.99" length="5.00" nVehEntered="17"/>
    <interval begin="40700.00" end="40800.00" id="inductionLoop.W1" nVehContrib="15" flow="540.00" occupancy="76.81" speed="10.26" harmonicMeanSpeed="10.08" length="5.00" nVehEntered="16"/>
    <interval begin="40800.00" end="40900.00" id="inductionLoop.W1" nVehContrib="19" flow="684.00" occupancy="69.57" speed="8.52" harmonicMeanSpeed="0.90" length="5.00" nVehEntered="19"/>
    <interval begin="40900.00" end="41000.00" id="inductionLoop.W1" nVehContrib="0" flow="0.00" occupancy="100.00" speed="-1.00" harmonicMeanSpeed="-1.00" length="-1.00" nVehEntered="0"/>
    <interval begin="41000.00" end="41100.00" id="inductionLoop.W1" nVehContrib="30" flow="1080.00" occupancy="53.33" speed="8.60" harmonicMeanSpeed="0.81" length="5.00" nVehEntered="30"/>
    <interval begin="41100.00" end="41200.00" id="inductionLoop.W1" nVehContrib="0" flow="0.00" occupancy="100.00" speed="-1.00" harmonicMeanSpeed="-1.00" length="-1.00" nVehEntered="0"/>
    <interval begin="41200.00" end="41300.00" id="inductionLoop.W1" nVehContrib="7" flow="252.00" occupancy="86.93" speed="6.15" harmonicMeanSpeed="0.30" length="5.00" nVehEntered="7"/>
    <interval begin="41300.00" end="41400.00" id="inductionLoop.W1" nVehContrib="20" flow="720.00" occupancy="67.32" speed="7.90" harmonicMeanSpeed="0.95" length="5.00" nVehEntered="20"/>
    <interval begin="41400.00" end="41500.00" id="inductionLoop.W1" nVehContrib="16" flow="576.00" occupancy="75.33" speed="9.25" harmonicMeanSpeed="0.74" length="5.00" nVehEntered="15"/>
    <interval begin="41500.00" end="41600.00" id="inductionLoop.W1" nVehContrib="25" flow="900.00" occupancy="59.67" speed="10.42" harmonicMeanSpeed="10.36" length="5.00" nVehEntered="26"/>
    <interval begin="41600.00" end="41700.00" id="inductionLoop.W1" nVehContrib="3" flow="108.00" occupancy="94.31" speed="3.22" harmonicMeanSpeed="0.11" length="5.00" nVehEntered="3"/>
    <interval begin="41700.00" end="41800.00" id="inductionLoop.W1" nVehContrib="17" flow="612.00" occupancy="75.63" speed="9.84" harmonicMeanSpeed="9.72" length="5.00" nVehEntered="17"/>
    <interval begin="41800.00" end="41900.00" id="inductionLoop.W1" nVehContrib="34" flow="1224.00" occupancy="48.41" speed="9.36" harmonicMeanSpeed="1.69" length="5.00" nVehEntered="34"/>
    <interval begin="41900.00" end="42000.00" id="inductionLoop.W1" nVehContrib="0" flow="0.00" occupancy="100.00" speed="-1.00" harmonicMeanSpeed="-1.00" length="-1.00" nVehEntered="0"/>
    <interval begin="42000.00" end="42100.00" id="inductionLoop.W1" nVehContrib="22" flow="792.00" occupancy="66.37" speed="9.24" harmonicMeanSpeed="0.61" length="5.00" nVehEntered="21"/>
    <interval begin="42100.00" end="42200.00" id="inductionLoop.W1" nVehContrib="12" flow="432.00" occupancy="80.19" speed="8.15" harmonicMeanSpeed="0.75" length="5.00" nVehEntered="13"/>
    <interval begin="42200.00" end="42300.00" id="inductionLoop.W1" nVehContrib="3" flow="108.00" occupancy="94.83" speed="5.39" harmonicMeanSpeed="0.16" length="5.00" nVehEntered="2"/>
    <interval begin="42300.00" end="42400.00" id="inductionLoop.W1" nVehContrib="26" flow="936.00" occupancy="57.71" speed="8.47" harmonicMeanSpeed="3.69" length="5.00" nVehEntered="27"/>
    <interval begin="42400.00" end="42500.00" id="inductionLoop.W1" nVehContrib="0" flow="0.00" occupancy="100.00" speed="-1.00" harmonicMeanSpeed="-1.00" length="-1.00" nVehEntered="0"/>
    <interval begin="42500.00" end="42600.00" id="inductionLoop.W1" nVehContrib="19" flow="684.00" occupancy="67.97" speed="8.33" harmonicMeanSpeed="0.54" length="5.00" nVehEntered="19"/>
    <interval begin="42600.00" end="42700.00" id="inductionLoop.W1" nVehContrib="0" flow="0.00" occupancy="100.00" speed="-1.00" harmonicMeanSpeed="-1.00" length="-1.00" nVehEntered="0"/>
    <interval begin="42700.00" end="42800.00" id="inductionLoop.W1" nVehContrib="4" flow="144.00" occupancy="33.27" speed="3.67" harmonicMeanSpeed="0.14" length="5.00" nVehEntered="3"/>
    <interval begin="42800.00" end="42900.00" id="inductionLoop.W1" nVehContrib="0" flow="0.00" occupancy="0.00" speed="-1.00" harmonicMeanSpeed="-1.00" length="-1.00" nVehEntered="0"/>
    <interval begin="42900.00" end="43000.00" id="inductionLoop.W1" nVehContrib="0" flow="0.00" occupancy="0.00" speed="-1.00" harmonicMeanSpeed="-1.00" length="-1.00" nVehEntered="0"/>
    <interval begin="43000.00" end="43100.00" id="inductionLoop.W1" nVehContrib="0" flow="0.00" occupancy="0.00" speed="-1.00" harmonicMeanSpeed="-1.00" length="-1.00" nVehEntered="0"/>
    <interval begin="43100.00" end="43200.00" id="inductionLoop.W1" nVehContrib="0" flow="0.00" occupancy="0.00" speed="-1.00" harmonicMeanSpeed="-1.00" length="-1.00" nVehEntered="0"/>
    <interval begin="43200.00" end="43300.00" id="inductionLoop.W1" nVehContrib="9" flow="324.00" occupancy="3.55" speed="12.79" harmonicMeanSpeed="12.67" length="5.00" nVehEntered="9"/>
    <interval begin="43300.00" end="43400.00" id="inductionLoop.W1" nVehContrib="5" flow="180.00" occupancy="70.72" speed="10.34" harmonicMeanSpeed="10.09" length="5.00" nVehEntered="6"/>
    <interval begin="43400.00" end="43500.00" id="inductionLoop.W1" nVehContrib="5" flow="180.00" occupancy="90.97" speed="4.60" harmonicMeanSpeed="0.26" length="5.00" nVehEntered="5"/>
    <interval begin="43500.00" end="43600.00" id="inductionLoop.W1" nVehContrib="24" flow="864.00" occupancy="63.69" speed="7.70" harmonicMeanSpeed="0.96" length="5.00" nVehEntered="23"/>
    <interval begin="43600.00" end="43700.00" id="inductionLoop.W1" nVehContrib="3" flow="108.00" occupancy="79.10" speed="9.62" harmonicMeanSpeed="9.54" length="5.00" nVehEntered="4"/>
    <interval begin="43700.00" end="43800.00" id="inductionLoop.W1" nVehContrib="9" flow="324.00" occupancy="85.17" speed="7.48" harmonicMeanSpeed="0.28" length="5.00" nVehEntered="8"/>
    <interval begin="43800.00" end="43900.00" id="inductionLoop.W1" nVehContrib="17" flow="612.00" occupancy="72.17" speed="10.31" harmonicMeanSpeed="10.17" length="5.00" nVehEntered="18"/>
    <interval begin="43900.00" end="44000.00" id="inductionLoop.W1" nVehContrib="10" flow="360.00" occupancy="82.95" speed="7.50" harmonicMeanSpeed="0.45" length="5.00" nVehEntered="10"/>
    <interval begin="44000.00" end="44100.00" id="inductionLoop.W1" nVehContrib="18" flow="648.00" occupancy="71.91" speed="8.71" harmonicMeanSpeed="0.84" length="5.00" nVehEntered="17"/>
    <interval begin="44100.00" end="44200.00" id="inductionLoop.W1" nVehContrib="4" flow="144.00" occupancy="93.56" speed="9.10" harmonicMeanSpeed="9.01" length="5.00" nVehEntered="5"/>
    <interval begin="44200.00" end="44300.00" id="inductionLoop.W1" nVehContrib="4" flow="144.00" occupancy="91.32" speed="2.05" harmonicMeanSpeed="0.11" length="5.00" nVehEntered="4"/>
    <interval begin="44300.00" end="44400.00" id="inductionLoop.W1" nVehContrib="32" flow="1152.00" occupancy="48.08" speed="10.03" harmonicMeanSpeed="2.88" length="5.00" nVehEntered="31"/>
    <interval begin="44400.00" end="44500.00" id="inductionLoop.W1" nVehContrib="4" flow="144.00" occupancy="94.02" speed="9.08" harmonicMeanSpeed="8.93" length="5.00" nVehEntered="5"/>
    <interval begin="44500.00" end="44600.00" id="inductionLoop.W1" nVehContrib="24" flow="864.00" occupancy="61.70" speed="9.20" harmonicMeanSpeed="0.82" length="5.00" nVehEntered="24"/>
    <interval begin="44600.00" end="44700.00" id="inductionLoop.W1" nVehContrib="0" flow="0.00" occupancy="100.00" speed="-1.00" harmonicMeanSpeed="-1.00" length="-1.00" nVehEntered="0"/>
    <interval begin="44700.00" end="44800.00" id="inductionLoop.W1" nVehContrib="19" flow="684.00" occupancy="70.74" speed="10.05" harmonicMeanSpeed="0.54" length="5.00" nVehEntered="18"/>
    <interval begin="44800.00" end="44900.00" id="inductionLoop.W1" nVehContrib="5" flow="180.00" occupancy="91.07" speed="10.44" harmonicMeanSpeed="9.97" length="5.00" nVehEntered="6"/>
    <interval begin="44900.00" end="45000.00" id="inductionLoop.W1" nVehContrib="12" flow="432.00" occupancy="81.31" speed="7.62" harmonicMeanSpeed="0.35" length="5.00" nVehEntered="11"/>
    <interval begin="45000.00" end="45100.00" id="inductionLoop.W1" nVehContrib="26" flow="936.00" occupancy="60.86" speed="9.84" harmonicMeanSpeed="9.76" length="5.00" nVehEntered="27"/>
    <interval begin="45100.00" end="45200.00" id="inductionLoop.W1" nVehContrib="24" flow="864.00" occupancy="64.06" speed="9.14" harmonicMeanSpeed="1.08" length="5.00" nVehEntered="23"/>
    <interval begin="45200.00" end="45300.00" id="inductionLoop.W1" nVehContrib="0" flow="0.00" occupancy="99.64" speed="-1.00" harmonicMeanSpeed="-1.00" length="-1.00" nVehEntered="1"/>
    <interval begin="45300.00" end="45400.00" id="inductionLoop.W1" nVehContrib="10" flow="360.00" occupancy="82.88" speed="6.12" harmonicMeanSpeed="0.27" length="5.00" nVehEntered="10"/>
    <interval begin="45400.00" end="45500.00" id="inductionLoop.W1" nVehContrib="5" flow="180.00" occupancy="92.18" speed="11.42" harmonicMeanSpeed="11.24" length="5.00" nVehEntered="5"/>
    <interval begin="45500.00" end="45600.00" id="inductionLoop.W1" nVehContrib="9" flow="324.00" occupancy="83.22" speed="5.04" harmonicMeanSpeed="0.27" length="5.00" nVehEntered="9"/>
    <interval begin="45600.00" end="45700.00" id="inductionLoop.W1" nVehContrib="21" flow="756.00" occupancy="67.85" speed="9.08" harmonicMeanSpeed="3.24" length="5.00" nVehEntered="21"/>
    <interval begin="45700.00" end="45800.00" id="inductionLoop.W1" nVehContrib="20" flow="720.00" occupancy="70.88" speed="9.27" harmonicMeanSpeed="0.87" length="5.00" nVehEntered="19"/>
    <interval begin="45800.00" end="45900.00" id="inductionLoop.W1" nVehContrib="20" flow="720.00" occupancy="66.84" speed="9.65" harmonicMeanSpeed="2.47" length="5.00" nVehEntered="21"/>
    <interval begin="45900.00" end="46000.00" id="inductionLoop.W1" nVehContrib="5" flow="180.00" occupancy="91.11" speed="4.20" harmonicMeanSpeed="0.27" length="5.00" nVehEntered="5"/>
    <interval begin="46000.00" end="46100.00" id="inductionLoop.W1" nVehContrib="9" flow="324.00" occupancy="86.62" speed="7.52" harmonicMeanSpeed="0.40" length="5.00" nVehEntered="8"/>
    <interval begin="46100.00" end="46200.00" id="inductionLoop.W1" nVehContrib="23" flow="828.00" occupancy="62.91" speed="11.54" harmonicMeanSpeed="11.27" length="5.00" nVehEntered="24"/>
    <interval begin="46200.00" end="46300.00" id="inductionLoop.W1" nVehContrib="11" flow="396.00" occupancy="82.72" speed="7.99" harmonicMeanSpeed="0.41" length="5.00" nVehEntered="10"/>
    <interval begin="46300.00" end="46400.00" id="inductionLoop.W1" nVehContrib="8" flow="288.00" occupancy="87.05" speed="10.57" harmonicMeanSpeed="10.40" length="5.00" nVehEntered="9"/>
    <interval begin="46400.00" end="46500.00" id="inductionLoop.W1" nVehContrib="23" flow="828.00" occupancy="64.70" speed="10.06" harmonicMeanSpeed="0.78" length="5.00" nVehEntered="22"/>
    <interval begin="46500.00" end="46600.00" id="inductionLoop.W1" nVehContrib="28" flow="1008.00" occupancy="60.06" speed="10.09" harmonicMeanSpeed="10.01" length="5.00" nVehEntered="29"/>
    <interval begin="46600.00" end="46700.00" id="inductionLoop.W1" nVehContrib="13" flow="468.00" occupancy="76.77" speed="8.37" harmonicMeanSpeed="0.53" length="5.00" nVehEntered="12"/>
    <interval begin="46700.00" end="46800.00" id="inductionLoop.W1" nVehContrib="5" flow="180.00" occupancy="91.04" speed="9.75" harmonicMeanSpeed="9.64" length="5.00" nVehEntered="6"/>
    <interval begin="46800.00" end="46900.00" id="inductionLoop.W1" nVehContrib="10" flow="360.00" occupancy="84.65" speed="8.29" harmonicMeanSpeed="0.29" length="5.00" nVehEntered="9"/>
    <interval begin="46900.00" end="47000.00" id="inductionLoop.W1" nVehContrib="26" flow="936.00" occupancy="59.15" speed="11.32" harmonicMeanSpeed="11.26" length="5.00" nVehEntered="27"/>
    <interval begin="47000.00" end="47100.00" id="inductionLoop.W1" nVehContrib="0" flow="0.00" occupancy="100.00" speed="-1.00" harmonicMeanSpeed="-1.00" length="-1.00" nVehEntered="0"/>
    <interval begin="47100.00" end="47200.00" id="inductionLoop.W1" nVehContrib="25" flow="900.00" occupancy="61.11" speed="9.20" harmonicMeanSpeed="0.71" length="5.00" nVehEntered="25"/>
    <interval begin="47200.00" end="47300.00" id="inductionLoop.W1" nVehContrib="7" flow="252.00" occupancy="88.99" speed="6.27" harmonicMeanSpeed="0.29" length="5.00" nVehEntered="6"/>
    <interval begin="47300.00" end="47400.00" id="inductionLoop.W1" nVehContrib="9" flow="324.00" occupancy="83.81" speed="9.77" harmonicMeanSpeed="9.45" length="5.00" nVehEntered="10"/>
    <interval begin="47400.00" end="47500.00" id="inductionLoop.W1" nVehContrib="46" flow="1656.00" occupancy="32.69" speed="10.13" harmonicMeanSpeed="2.06" length="5.00" nVehEntered="45"/>
    <interval begin="47500.00" end="47600.00" id="inductionLoop.W1" nVehContrib="5" flow="180.00" occupancy="90.80" speed="9.91" harmonicMeanSpeed="9.90" length="5.00" nVehEntered="6"/>
    <interval begin="47600.00" end="47700.00" id="inductionLoop.W1" nVehContrib="6" flow="216.00" occupancy="87.15" speed="4.83" harmonicMeanSpeed="0.17" length="5.00" nVehEntered="5"/>
    <interval begin="47700.00" end="47800.00" id="inductionLoop.W1" nVehContrib="23" flow="828.00" occupancy="65.80" speed="10.80" harmonicMeanSpeed="10.66" length="5.00" nVehEntered="24"/>
    <interval begin="47800.00" end="47900.00" id="inductionLoop.W1" nVehContrib="7" flow="252.00" occupancy="87.89" speed="5.88" harmonicMeanSpeed="0.25" length="5.00" nVehEntered="7"/>
    <interval begin="47900.00" end="48000.00" id="inductionLoop.W1" nVehContrib="2" flow="72.00" occupancy="95.90" speed="1.96" harmonicMeanSpeed="0.12" length="5.00" nVehEntered="2"/>
    <interval begin="48000.00" end="48100.00" id="inductionLoop.W1" nVehContrib="20" flow="720.00" occupancy="68.33" speed="9.18" harmonicMeanSpeed="3.13" length="5.00" nVehEntered="20"/>
    <interval begin="48100.00" end="48200.00" id="inductionLoop.W1" nVehContrib="10" flow="360.00" occupancy="82.94" speed="7.21" harmonicMeanSpeed="0.42" length="5.00" nVehEntered="10"/>
    <interval begin="48200.00" end="48300.00" id="inductionLoop.W1" nVehContrib="24" flow="864.00" occupancy="62.23" speed="8.83" harmonicMeanSpeed="2.23" length="5.00" nVehEntered="24"/>
    <interval begin="48300.00" end="48400.00" id="inductionLoop.W1" nVehContrib="0" flow="0.00" occupancy="100.00" speed="-1.00" harmonicMeanSpeed="-1.00" length="-1.00" nVehEntered="0"/>
    <interval begin="48400.00" end="48500.00" id="inductionLoop.W1" nVehContrib="16" flow="576.00" occupancy="74.22" speed="8.71" harmonicMeanSpeed="0.42" length="5.00" nVehEntered="16"/>
    <interval begin="48500.00" end="48600.00" id="inductionLoop.W1" nVehContrib="0" flow="0.00" occupancy="100.00" speed="-1.00" harmonicMeanSpeed="-1.00" length="-1.00" nVehEntered="0"/>
    <interval begin="48600.00" end="48700.00" id="inductionLoop.W1" nVehContrib="36" flow="1296.00" occupancy="46.46" speed="9.53" harmonicMeanSpeed="1.44" length="5.00" nVehEntered="36"/>
    <interval begin="48700.00" end="48800.00" id="inductionLoop.W1" nVehContrib="0" flow="0.00" occupancy="100.00" speed="-1.00" harmonicMeanSpeed="-1.00" length="-1.00" nVehEntered="0"/>
    <interval begin="48800.00" end="48900.00" id="inductionLoop.W1" nVehContrib="8" flow="288.00" occupancy="83.10" speed="4.50" harmonicMeanSpeed="0.19" length="5.00" nVehEntered="7"/>
    <interval begin="48900.00" end="49000.00" id="inductionLoop.W1" nVehContrib="51" flow="1836.00" occupancy="26.39" speed="10.12" harmonicMeanSpeed="10.08" length="5.00" nVehEntered="52"/>
    <interval begin="49000.00" end="49100.00" id="inductionLoop.W1" nVehContrib="0" flow="0.00" occupancy="100.00" speed="-1.00" harmonicMeanSpeed="-1.00" length="-1.00" nVehEntered="0"/>
    <interval begin="49100.00" end="49200.00" id="inductionLoop.W1" nVehContrib="0" flow="0.00" occupancy="100.00" speed="-1.00" harmonicMeanSpeed="-1.00" length="-1.00" nVehEntered="0"/>
    <interval begin="49200.00" end="49300.00" id="inductionLoop.W1" nVehContrib="0" flow="0.00" occupancy="100.00" speed="-1.00" harmonicMeanSpeed="-1.00" length="-1.00" nVehEntered="0"/>
    <interval begin="49300.00" end="49400.00" id="inductionLoop.W1" nVehContrib="28" flow="1008.00" occupancy="54.45" speed="8.32" harmonicMeanSpeed="0.39" length="5.00" nVehEntered="27"/>
    <interval begin="49400.00" end="49500.00" id="inductionLoop.W1" nVehContrib="28" flow="1008.00" occupancy="56.40" speed="10.09" harmonicMeanSpeed="9.99" length="5.00" nVehEntered="29"/>
    <interval begin="49500.00" end="49600.00" id="inductionLoop.W1" nVehContrib="0" flow="0.00" occupancy="100.00" speed="-1.00" harmonicMeanSpeed="-1.00" length="-1.00" nVehEntered="0"/>
    <interval begin="49600.00" end="49700.00" id="inductionLoop.W1" nVehContrib="24" flow="864.00" occupancy="59.42" speed="9.69" harmonicMeanSpeed="0.60" length="5.00" nVehEntered="24"/>
    <interval begin="49700.00" end="49800.00" id="inductionLoop.W1" nVehContrib="13" flow="468.00" occupancy="81.35" speed="10.44" harmonicMeanSpeed="10.25" length="5.00" nVehEntered="13"/>
    <interval begin="49800.00" end="49900.00" id="inductionLoop.W1" nVehContrib="0" flow="0.00" occupancy="100.00" speed="-1.00" harmonicMeanSpeed="-1.00" length="-1.00" nVehEntered="0"/>
    <interval begin="49900.00" end="50000.00" id="inductionLoop.W1" nVehContrib="43" flow="1548.00" occupancy="33.00" speed="10.46" harmonicMeanSpeed="1.03" length="5.00" nVehEntered="42"/>
    <interval begin="50000.00" end="50010.00" id="inductionLoop.W1" nVehContrib="0" flow="0.00" occupancy="99.56" speed="-1.00" harmonicMeanSpeed="-1.00" length="-1.00" nVehEntered="1"/>
</detector>
