<?xml version="1.0" encoding="UTF-8"?>

<!-- generated on 2023-07-22 11:17:52 by Eclipse SUMO sumo Version 1.12.0
<configuration xmlns:xsi="http://www.w3.org/2001/XMLSchema-instance" xsi:noNamespaceSchemaLocation="http://sumo.dlr.de/xsd/sumoConfiguration.xsd">

    <input>
        <net-file value="Data0-13/intersection.net.xml"/>
        <route-files value="Data0-13/intersection.rou.xml"/>
        <additional-files value="Data0-13/intersection.det.xml"/>
    </input>

    <output>
        <tripinfo-output value="Data0-13/tripinfo.xml"/>
    </output>

    <time>
        <begin value="0"/>
    </time>

    <processing>
        <time-to-teleport value="-1"/>
        <waiting-time-memory value="60000"/>
    </processing>

    <report>
        <verbose value="true"/>
        <no-step-log value="true"/>
    </report>

    <emissions>
        <device.emissions.probability value="1"/>
    </emissions>

    <traci_server>
        <remote-port value="50275"/>
    </traci_server>

    <gui_only>
        <gui-settings-file value="Data0-13/intersection.settings.xml"/>
    </gui_only>

</configuration>
-->

<detector xmlns:xsi="http://www.w3.org/2001/XMLSchema-instance" xsi:noNamespaceSchemaLocation="http://sumo.dlr.de/xsd/det_e1_file.xsd">
    <interval begin="0.00" end="100.00" id="inductionLoop.N2" nVehContrib="1" flow="36.00" occupancy="0.42" speed="11.97" harmonicMeanSpeed="11.97" length="5.00" nVehEntered="1"/>
    <interval begin="100.00" end="200.00" id="inductionLoop.N2" nVehContrib="6" flow="216.00" occupancy="3.22" speed="11.95" harmonicMeanSpeed="11.68" length="5.00" nVehEntered="8"/>
    <interval begin="200.00" end="300.00" id="inductionLoop.N2" nVehContrib="7" flow="252.00" occupancy="22.32" speed="7.30" harmonicMeanSpeed="5.47" length="5.00" nVehEntered="9"/>
    <interval begin="300.00" end="400.00" id="inductionLoop.N2" nVehContrib="8" flow="288.00" occupancy="18.96" speed="6.25" harmonicMeanSpeed="1.18" length="5.00" nVehEntered="7"/>
    <interval begin="400.00" end="500.00" id="inductionLoop.N2" nVehContrib="9" flow="324.00" occupancy="15.98" speed="6.58" harmonicMeanSpeed="2.82" length="5.00" nVehEntered="9"/>
    <interval begin="500.00" end="600.00" id="inductionLoop.N2" nVehContrib="9" flow="324.00" occupancy="10.00" speed="6.32" harmonicMeanSpeed="5.01" length="5.00" nVehEntered="10"/>
    <interval begin="600.00" end="700.00" id="inductionLoop.N2" nVehContrib="5" flow="180.00" occupancy="4.16" speed="10.09" harmonicMeanSpeed="7.94" length="5.00" nVehEntered="6"/>
    <interval begin="700.00" end="800.00" id="inductionLoop.N2" nVehContrib="7" flow="252.00" occupancy="3.32" speed="10.86" harmonicMeanSpeed="10.54" length="5.00" nVehEntered="7"/>
    <interval begin="800.00" end="900.00" id="inductionLoop.N2" nVehContrib="9" flow="324.00" occupancy="9.97" speed="7.65" harmonicMeanSpeed="4.51" length="5.00" nVehEntered="9"/>
    <interval begin="900.00" end="1000.00" id="inductionLoop.N2" nVehContrib="6" flow="216.00" occupancy="8.72" speed="5.06" harmonicMeanSpeed="3.64" length="5.00" nVehEntered="7"/>
    <interval begin="1000.00" end="1100.00" id="inductionLoop.N2" nVehContrib="7" flow="252.00" occupancy="3.22" speed="11.31" harmonicMeanSpeed="10.87" length="5.00" nVehEntered="7"/>
    <interval begin="1100.00" end="1200.00" id="inductionLoop.N2" nVehContrib="8" flow="288.00" occupancy="3.71" speed="11.25" harmonicMeanSpeed="10.77" length="5.00" nVehEntered="8"/>
    <interval begin="1200.00" end="1300.00" id="inductionLoop.N2" nVehContrib="3" flow="108.00" occupancy="1.42" speed="12.10" harmonicMeanSpeed="12.07" length="5.00" nVehEntered="5"/>
    <interval begin="1300.00" end="1400.00" id="inductionLoop.N2" nVehContrib="7" flow="252.00" occupancy="14.13" speed="5.53" harmonicMeanSpeed="2.47" length="5.00" nVehEntered="6"/>
    <interval begin="1400.00" end="1500.00" id="inductionLoop.N2" nVehContrib="5" flow="180.00" occupancy="4.14" speed="9.75" harmonicMeanSpeed="6.70" length="5.00" nVehEntered="7"/>
    <interval begin="1500.00" end="1600.00" id="inductionLoop.N2" nVehContrib="5" flow="180.00" occupancy="2.33" speed="10.97" harmonicMeanSpeed="10.72" length="5.00" nVehEntered="5"/>
    <interval begin="1600.00" end="1700.00" id="inductionLoop.N2" nVehContrib="3" flow="108.00" occupancy="5.62" speed="6.30" harmonicMeanSpeed="3.82" length="5.00" nVehEntered="5"/>
    <interval begin="1700.00" end="1800.00" id="inductionLoop.N2" nVehContrib="8" flow="288.00" occupancy="3.40" speed="12.01" harmonicMeanSpeed="11.78" length="5.00" nVehEntered="8"/>
    <interval begin="1800.00" end="1900.00" id="inductionLoop.N2" nVehContrib="2" flow="72.00" occupancy="0.78" speed="12.78" harmonicMeanSpeed="12.76" length="5.00" nVehEntered="2"/>
    <interval begin="1900.00" end="2000.00" id="inductionLoop.N2" nVehContrib="6" flow="216.00" occupancy="7.80" speed="6.50" harmonicMeanSpeed="4.05" length="5.00" nVehEntered="7"/>
    <interval begin="2000.00" end="2100.00" id="inductionLoop.N2" nVehContrib="5" flow="180.00" occupancy="2.05" speed="12.47" harmonicMeanSpeed="12.22" length="5.00" nVehEntered="5"/>
    <interval begin="2100.00" end="2200.00" id="inductionLoop.N2" nVehContrib="8" flow="288.00" occupancy="3.56" speed="11.54" harmonicMeanSpeed="11.24" length="5.00" nVehEntered="8"/>
    <interval begin="2200.00" end="2300.00" id="inductionLoop.N2" nVehContrib="10" flow="360.00" occupancy="21.05" speed="9.05" harmonicMeanSpeed="4.03" length="5.00" nVehEntered="12"/>
    <interval begin="2300.00" end="2400.00" id="inductionLoop.N2" nVehContrib="7" flow="252.00" occupancy="8.80" speed="8.52" harmonicMeanSpeed="5.01" length="5.00" nVehEntered="8"/>
    <interval begin="2400.00" end="2500.00" id="inductionLoop.N2" nVehContrib="9" flow="324.00" occupancy="24.38" speed="7.23" harmonicMeanSpeed="1.91" length="5.00" nVehEntered="10"/>
    <interval begin="2500.00" end="2600.00" id="inductionLoop.N2" nVehContrib="5" flow="180.00" occupancy="2.32" speed="11.06" harmonicMeanSpeed="10.81" length="5.00" nVehEntered="6"/>
    <interval begin="2600.00" end="2700.00" id="inductionLoop.N2" nVehContrib="8" flow="288.00" occupancy="5.32" speed="10.37" harmonicMeanSpeed="7.52" length="5.00" nVehEntered="8"/>
    <interval begin="2700.00" end="2800.00" id="inductionLoop.N2" nVehContrib="6" flow="216.00" occupancy="3.11" speed="11.35" harmonicMeanSpeed="11.06" length="5.00" nVehEntered="7"/>
    <interval begin="2800.00" end="2900.00" id="inductionLoop.N2" nVehContrib="6" flow="216.00" occupancy="3.08" speed="11.63" harmonicMeanSpeed="11.52" length="5.00" nVehEntered="7"/>
    <interval begin="2900.00" end="3000.00" id="inductionLoop.N2" nVehContrib="7" flow="252.00" occupancy="2.67" speed="11.24" harmonicMeanSpeed="11.14" length="5.00" nVehEntered="6"/>
    <interval begin="3000.00" end="3100.00" id="inductionLoop.N2" nVehContrib="4" flow="144.00" occupancy="1.63" speed="12.29" harmonicMeanSpeed="12.28" length="5.00" nVehEntered="4"/>
    <interval begin="3100.00" end="3200.00" id="inductionLoop.N2" nVehContrib="6" flow="216.00" occupancy="2.92" speed="10.49" harmonicMeanSpeed="10.27" length="5.00" nVehEntered="6"/>
    <interval begin="3200.00" end="3300.00" id="inductionLoop.N2" nVehContrib="8" flow="288.00" occupancy="3.60" speed="11.47" harmonicMeanSpeed="11.11" length="5.00" nVehEntered="8"/>
    <interval begin="3300.00" end="3400.00" id="inductionLoop.N2" nVehContrib="9" flow="324.00" occupancy="5.99" speed="9.14" harmonicMeanSpeed="7.52" length="5.00" nVehEntered="9"/>
    <interval begin="3400.00" end="3500.00" id="inductionLoop.N2" nVehContrib="6" flow="216.00" occupancy="3.10" speed="9.91" harmonicMeanSpeed="9.66" length="5.00" nVehEntered="6"/>
    <interval begin="3500.00" end="3600.00" id="inductionLoop.N2" nVehContrib="6" flow="216.00" occupancy="6.94" speed="9.22" harmonicMeanSpeed="5.78" length="5.00" nVehEntered="8"/>
    <interval begin="3600.00" end="3700.00" id="inductionLoop.N2" nVehContrib="5" flow="180.00" occupancy="2.12" speed="11.85" harmonicMeanSpeed="11.81" length="5.00" nVehEntered="5"/>
    <interval begin="3700.00" end="3800.00" id="inductionLoop.N2" nVehContrib="8" flow="288.00" occupancy="4.28" speed="11.47" harmonicMeanSpeed="11.24" length="5.00" nVehEntered="9"/>
    <interval begin="3800.00" end="3900.00" id="inductionLoop.N2" nVehContrib="8" flow="288.00" occupancy="12.44" speed="4.96" harmonicMeanSpeed="3.22" length="5.00" nVehEntered="8"/>
    <interval begin="3900.00" end="4000.00" id="inductionLoop.N2" nVehContrib="6" flow="216.00" occupancy="5.77" speed="10.06" harmonicMeanSpeed="5.20" length="5.00" nVehEntered="6"/>
    <interval begin="4000.00" end="4100.00" id="inductionLoop.N2" nVehContrib="8" flow="288.00" occupancy="3.64" speed="11.12" harmonicMeanSpeed="10.98" length="5.00" nVehEntered="8"/>
    <interval begin="4100.00" end="4200.00" id="inductionLoop.N2" nVehContrib="4" flow="144.00" occupancy="1.84" speed="11.49" harmonicMeanSpeed="10.89" length="5.00" nVehEntered="4"/>
    <interval begin="4200.00" end="4300.00" id="inductionLoop.N2" nVehContrib="5" flow="180.00" occupancy="2.26" speed="11.29" harmonicMeanSpeed="11.08" length="5.00" nVehEntered="5"/>
    <interval begin="4300.00" end="4400.00" id="inductionLoop.N2" nVehContrib="8" flow="288.00" occupancy="3.65" speed="11.24" harmonicMeanSpeed="10.96" length="5.00" nVehEntered="9"/>
    <interval begin="4400.00" end="4500.00" id="inductionLoop.N2" nVehContrib="5" flow="180.00" occupancy="3.95" speed="9.55" harmonicMeanSpeed="7.28" length="5.00" nVehEntered="6"/>
    <interval begin="4500.00" end="4600.00" id="inductionLoop.N2" nVehContrib="6" flow="216.00" occupancy="2.56" speed="11.90" harmonicMeanSpeed="11.71" length="5.00" nVehEntered="6"/>
    <interval begin="4600.00" end="4700.00" id="inductionLoop.N2" nVehContrib="5" flow="180.00" occupancy="2.20" speed="11.59" harmonicMeanSpeed="11.39" length="5.00" nVehEntered="5"/>
    <interval begin="4700.00" end="4800.00" id="inductionLoop.N2" nVehContrib="7" flow="252.00" occupancy="3.04" speed="11.64" harmonicMeanSpeed="11.51" length="5.00" nVehEntered="7"/>
    <interval begin="4800.00" end="4900.00" id="inductionLoop.N2" nVehContrib="6" flow="216.00" occupancy="2.61" speed="11.53" harmonicMeanSpeed="11.48" length="5.00" nVehEntered="6"/>
    <interval begin="4900.00" end="5000.00" id="inductionLoop.N2" nVehContrib="4" flow="144.00" occupancy="1.80" speed="11.20" harmonicMeanSpeed="11.10" length="5.00" nVehEntered="4"/>
    <interval begin="5000.00" end="5100.00" id="inductionLoop.N2" nVehContrib="4" flow="144.00" occupancy="1.69" speed="11.85" harmonicMeanSpeed="11.82" length="5.00" nVehEntered="4"/>
    <interval begin="5100.00" end="5200.00" id="inductionLoop.N2" nVehContrib="9" flow="324.00" occupancy="5.19" speed="9.48" harmonicMeanSpeed="8.67" length="5.00" nVehEntered="9"/>
    <interval begin="5200.00" end="5300.00" id="inductionLoop.N2" nVehContrib="7" flow="252.00" occupancy="3.38" speed="11.64" harmonicMeanSpeed="11.46" length="5.00" nVehEntered="8"/>
    <interval begin="5300.00" end="5400.00" id="inductionLoop.N2" nVehContrib="6" flow="216.00" occupancy="3.06" speed="10.12" harmonicMeanSpeed="9.79" length="5.00" nVehEntered="6"/>
    <interval begin="5400.00" end="5500.00" id="inductionLoop.N2" nVehContrib="5" flow="180.00" occupancy="2.53" speed="11.92" harmonicMeanSpeed="11.59" length="5.00" nVehEntered="6"/>
    <interval begin="5500.00" end="5600.00" id="inductionLoop.N2" nVehContrib="6" flow="216.00" occupancy="2.69" speed="12.61" harmonicMeanSpeed="12.38" length="5.00" nVehEntered="7"/>
    <interval begin="5600.00" end="5700.00" id="inductionLoop.N2" nVehContrib="6" flow="216.00" occupancy="2.89" speed="10.78" harmonicMeanSpeed="10.39" length="5.00" nVehEntered="6"/>
    <interval begin="5700.00" end="5800.00" id="inductionLoop.N2" nVehContrib="8" flow="288.00" occupancy="3.60" speed="11.38" harmonicMeanSpeed="11.12" length="5.00" nVehEntered="8"/>
    <interval begin="5800.00" end="5900.00" id="inductionLoop.N2" nVehContrib="6" flow="216.00" occupancy="2.52" speed="12.02" harmonicMeanSpeed="11.90" length="5.00" nVehEntered="6"/>
    <interval begin="5900.00" end="6000.00" id="inductionLoop.N2" nVehContrib="8" flow="288.00" occupancy="3.55" speed="11.65" harmonicMeanSpeed="11.27" length="5.00" nVehEntered="8"/>
    <interval begin="6000.00" end="6100.00" id="inductionLoop.N2" nVehContrib="6" flow="216.00" occupancy="5.95" speed="7.99" harmonicMeanSpeed="7.51" length="5.00" nVehEntered="9"/>
    <interval begin="6100.00" end="6200.00" id="inductionLoop.N2" nVehContrib="3" flow="108.00" occupancy="3.47" speed="7.22" harmonicMeanSpeed="4.33" length="5.00" nVehEntered="3"/>
    <interval begin="6200.00" end="6300.00" id="inductionLoop.N2" nVehContrib="3" flow="108.00" occupancy="1.34" speed="12.67" harmonicMeanSpeed="12.66" length="5.00" nVehEntered="4"/>
    <interval begin="6300.00" end="6400.00" id="inductionLoop.N2" nVehContrib="6" flow="216.00" occupancy="2.83" speed="10.81" harmonicMeanSpeed="10.58" length="5.00" nVehEntered="6"/>
    <interval begin="6400.00" end="6500.00" id="inductionLoop.N2" nVehContrib="4" flow="144.00" occupancy="1.99" speed="12.21" harmonicMeanSpeed="12.09" length="5.00" nVehEntered="5"/>
    <interval begin="6500.00" end="6600.00" id="inductionLoop.N2" nVehContrib="6" flow="216.00" occupancy="3.03" speed="10.79" harmonicMeanSpeed="10.55" length="5.00" nVehEntered="8"/>
    <interval begin="6600.00" end="6700.00" id="inductionLoop.N2" nVehContrib="7" flow="252.00" occupancy="3.43" speed="10.78" harmonicMeanSpeed="10.22" length="5.00" nVehEntered="7"/>
    <interval begin="6700.00" end="6800.00" id="inductionLoop.N2" nVehContrib="1" flow="36.00" occupancy="0.78" speed="14.43" harmonicMeanSpeed="14.43" length="5.00" nVehEntered="2"/>
    <interval begin="6800.00" end="6900.00" id="inductionLoop.N2" nVehContrib="4" flow="144.00" occupancy="1.77" speed="11.55" harmonicMeanSpeed="11.28" length="5.00" nVehEntered="4"/>
    <interval begin="6900.00" end="7000.00" id="inductionLoop.N2" nVehContrib="5" flow="180.00" occupancy="3.19" speed="11.26" harmonicMeanSpeed="10.96" length="5.00" nVehEntered="7"/>
    <interval begin="7000.00" end="7100.00" id="inductionLoop.N2" nVehContrib="8" flow="288.00" occupancy="3.96" speed="10.99" harmonicMeanSpeed="10.72" length="5.00" nVehEntered="9"/>
    <interval begin="7100.00" end="7200.00" id="inductionLoop.N2" nVehContrib="3" flow="108.00" occupancy="1.99" speed="10.92" harmonicMeanSpeed="10.50" length="5.00" nVehEntered="3"/>
    <interval begin="7200.00" end="7300.00" id="inductionLoop.N2" nVehContrib="5" flow="180.00" occupancy="2.53" speed="10.03" harmonicMeanSpeed="9.87" length="5.00" nVehEntered="5"/>
    <interval begin="7300.00" end="7400.00" id="inductionLoop.N2" nVehContrib="4" flow="144.00" occupancy="2.19" speed="11.69" harmonicMeanSpeed="11.62" length="5.00" nVehEntered="5"/>
    <interval begin="7400.00" end="7500.00" id="inductionLoop.N2" nVehContrib="2" flow="72.00" occupancy="0.92" speed="13.77" harmonicMeanSpeed="13.76" length="5.00" nVehEntered="3"/>
    <interval begin="7500.00" end="7600.00" id="inductionLoop.N2" nVehContrib="4" flow="144.00" occupancy="1.62" speed="12.41" harmonicMeanSpeed="12.36" length="5.00" nVehEntered="4"/>
    <interval begin="7600.00" end="7700.00" id="inductionLoop.N2" nVehContrib="4" flow="144.00" occupancy="1.64" speed="12.63" harmonicMeanSpeed="12.62" length="5.00" nVehEntered="5"/>
    <interval begin="7700.00" end="7800.00" id="inductionLoop.N2" nVehContrib="2" flow="72.00" occupancy="0.94" speed="13.01" harmonicMeanSpeed="12.98" length="5.00" nVehEntered="3"/>
    <interval begin="7800.00" end="7900.00" id="inductionLoop.N2" nVehContrib="4" flow="144.00" occupancy="1.68" speed="11.92" harmonicMeanSpeed="11.90" length="5.00" nVehEntered="4"/>
    <interval begin="7900.00" end="8000.00" id="inductionLoop.N2" nVehContrib="3" flow="108.00" occupancy="1.22" speed="12.29" harmonicMeanSpeed="12.26" length="5.00" nVehEntered="3"/>
    <interval begin="8000.00" end="8100.00" id="inductionLoop.N2" nVehContrib="1" flow="36.00" occupancy="0.40" speed="12.38" harmonicMeanSpeed="12.38" length="5.00" nVehEntered="1"/>
    <interval begin="8100.00" end="8200.00" id="inductionLoop.N2" nVehContrib="5" flow="180.00" occupancy="2.39" speed="11.07" harmonicMeanSpeed="11.00" length="5.00" nVehEntered="6"/>
    <interval begin="8200.00" end="8300.00" id="inductionLoop.N2" nVehContrib="1" flow="36.00" occupancy="0.37" speed="13.67" harmonicMeanSpeed="13.67" length="5.00" nVehEntered="1"/>
    <interval begin="8300.00" end="8400.00" id="inductionLoop.N2" nVehContrib="4" flow="144.00" occupancy="2.06" speed="11.47" harmonicMeanSpeed="11.43" length="5.00" nVehEntered="5"/>
    <interval begin="8400.00" end="8500.00" id="inductionLoop.N2" nVehContrib="3" flow="108.00" occupancy="1.13" speed="13.45" harmonicMeanSpeed="13.25" length="5.00" nVehEntered="3"/>
    <interval begin="8500.00" end="8600.00" id="inductionLoop.N2" nVehContrib="1" flow="36.00" occupancy="0.43" speed="11.69" harmonicMeanSpeed="11.69" length="5.00" nVehEntered="1"/>
    <interval begin="8600.00" end="8700.00" id="inductionLoop.N2" nVehContrib="5" flow="180.00" occupancy="2.19" speed="11.48" harmonicMeanSpeed="11.41" length="5.00" nVehEntered="5"/>
    <interval begin="8700.00" end="8800.00" id="inductionLoop.N2" nVehContrib="4" flow="144.00" occupancy="1.72" speed="12.59" harmonicMeanSpeed="12.52" length="5.00" nVehEntered="5"/>
    <interval begin="8800.00" end="8900.00" id="inductionLoop.N2" nVehContrib="4" flow="144.00" occupancy="1.75" speed="11.51" harmonicMeanSpeed="11.45" length="5.00" nVehEntered="4"/>
    <interval begin="8900.00" end="9000.00" id="inductionLoop.N2" nVehContrib="3" flow="108.00" occupancy="1.36" speed="11.24" harmonicMeanSpeed="11.01" length="5.00" nVehEntered="3"/>
    <interval begin="9000.00" end="9100.00" id="inductionLoop.N2" nVehContrib="2" flow="72.00" occupancy="0.77" speed="12.94" harmonicMeanSpeed="12.93" length="5.00" nVehEntered="2"/>
    <interval begin="9100.00" end="9200.00" id="inductionLoop.N2" nVehContrib="8" flow="288.00" occupancy="3.29" speed="12.32" harmonicMeanSpeed="12.17" length="5.00" nVehEntered="8"/>
    <interval begin="9200.00" end="9300.00" id="inductionLoop.N2" nVehContrib="4" flow="144.00" occupancy="1.57" speed="12.86" harmonicMeanSpeed="12.70" length="5.00" nVehEntered="4"/>
    <interval begin="9300.00" end="9400.00" id="inductionLoop.N2" nVehContrib="5" flow="180.00" occupancy="3.27" speed="9.67" harmonicMeanSpeed="9.53" length="5.00" nVehEntered="7"/>
    <interval begin="9400.00" end="9500.00" id="inductionLoop.N2" nVehContrib="6" flow="216.00" occupancy="3.10" speed="10.38" harmonicMeanSpeed="10.13" length="5.00" nVehEntered="7"/>
    <interval begin="9500.00" end="9600.00" id="inductionLoop.N2" nVehContrib="5" flow="180.00" occupancy="2.10" speed="12.02" harmonicMeanSpeed="11.91" length="5.00" nVehEntered="5"/>
    <interval begin="9600.00" end="9700.00" id="inductionLoop.N2" nVehContrib="2" flow="72.00" occupancy="0.76" speed="13.39" harmonicMeanSpeed="13.22" length="5.00" nVehEntered="2"/>
    <interval begin="9700.00" end="9800.00" id="inductionLoop.N2" nVehContrib="2" flow="72.00" occupancy="0.88" speed="11.53" harmonicMeanSpeed="11.32" length="5.00" nVehEntered="2"/>
    <interval begin="9800.00" end="9900.00" id="inductionLoop.N2" nVehContrib="3" flow="108.00" occupancy="1.19" speed="12.63" harmonicMeanSpeed="12.62" length="5.00" nVehEntered="3"/>
    <interval begin="9900.00" end="10000.00" id="inductionLoop.N2" nVehContrib="4" flow="144.00" occupancy="5.40" speed="8.64" harmonicMeanSpeed="7.64" length="5.00" nVehEntered="7"/>
    <interval begin="10000.00" end="10100.00" id="inductionLoop.N2" nVehContrib="3" flow="108.00" occupancy="1.15" speed="8.08" harmonicMeanSpeed="4.26" length="5.00" nVehEntered="2"/>
    <interval begin="10100.00" end="10200.00" id="inductionLoop.N2" nVehContrib="11" flow="396.00" occupancy="5.11" speed="11.13" harmonicMeanSpeed="10.75" length="5.00" nVehEntered="11"/>
    <interval begin="10200.00" end="10300.00" id="inductionLoop.N2" nVehContrib="3" flow="108.00" occupancy="1.50" speed="12.61" harmonicMeanSpeed="12.44" length="5.00" nVehEntered="4"/>
    <interval begin="10300.00" end="10400.00" id="inductionLoop.N2" nVehContrib="7" flow="252.00" occupancy="2.86" speed="12.42" harmonicMeanSpeed="12.25" length="5.00" nVehEntered="7"/>
    <interval begin="10400.00" end="10500.00" id="inductionLoop.N2" nVehContrib="4" flow="144.00" occupancy="2.69" speed="9.38" harmonicMeanSpeed="9.22" length="5.00" nVehEntered="6"/>
    <interval begin="10500.00" end="10600.00" id="inductionLoop.N2" nVehContrib="6" flow="216.00" occupancy="2.57" speed="11.85" harmonicMeanSpeed="11.66" length="5.00" nVehEntered="6"/>
    <interval begin="10600.00" end="10700.00" id="inductionLoop.N2" nVehContrib="2" flow="72.00" occupancy="1.02" speed="10.07" harmonicMeanSpeed="9.85" length="5.00" nVehEntered="2"/>
    <interval begin="10700.00" end="10800.00" id="inductionLoop.N2" nVehContrib="5" flow="180.00" occupancy="4.28" speed="8.78" harmonicMeanSpeed="6.15" length="5.00" nVehEntered="6"/>
    <interval begin="10800.00" end="10900.00" id="inductionLoop.N2" nVehContrib="8" flow="288.00" occupancy="3.92" speed="10.67" harmonicMeanSpeed="10.21" length="5.00" nVehEntered="8"/>
    <interval begin="10900.00" end="11000.00" id="inductionLoop.N2" nVehContrib="4" flow="144.00" occupancy="1.94" speed="12.67" harmonicMeanSpeed="12.46" length="5.00" nVehEntered="5"/>
    <interval begin="11000.00" end="11100.00" id="inductionLoop.N2" nVehContrib="5" flow="180.00" occupancy="1.97" speed="12.39" harmonicMeanSpeed="12.25" length="5.00" nVehEntered="5"/>
    <interval begin="11100.00" end="11200.00" id="inductionLoop.N2" nVehContrib="7" flow="252.00" occupancy="3.06" speed="11.80" harmonicMeanSpeed="11.45" length="5.00" nVehEntered="7"/>
    <interval begin="11200.00" end="11300.00" id="inductionLoop.N2" nVehContrib="2" flow="72.00" occupancy="0.84" speed="11.93" harmonicMeanSpeed="11.84" length="5.00" nVehEntered="2"/>
    <interval begin="11300.00" end="11400.00" id="inductionLoop.N2" nVehContrib="3" flow="108.00" occupancy="1.35" speed="11.43" harmonicMeanSpeed="11.13" length="5.00" nVehEntered="3"/>
    <interval begin="11400.00" end="11500.00" id="inductionLoop.N2" nVehContrib="2" flow="72.00" occupancy="0.79" speed="12.71" harmonicMeanSpeed="12.69" length="5.00" nVehEntered="2"/>
    <interval begin="11500.00" end="11600.00" id="inductionLoop.N2" nVehContrib="1" flow="36.00" occupancy="0.41" speed="12.29" harmonicMeanSpeed="12.29" length="5.00" nVehEntered="1"/>
    <interval begin="11600.00" end="11700.00" id="inductionLoop.N2" nVehContrib="3" flow="108.00" occupancy="1.11" speed="13.60" harmonicMeanSpeed="13.47" length="5.00" nVehEntered="3"/>
    <interval begin="11700.00" end="11800.00" id="inductionLoop.N2" nVehContrib="4" flow="144.00" occupancy="2.13" speed="11.52" harmonicMeanSpeed="11.16" length="5.00" nVehEntered="5"/>
    <interval begin="11800.00" end="11900.00" id="inductionLoop.N2" nVehContrib="5" flow="180.00" occupancy="2.03" speed="12.40" harmonicMeanSpeed="12.35" length="5.00" nVehEntered="5"/>
    <interval begin="11900.00" end="12000.00" id="inductionLoop.N2" nVehContrib="3" flow="108.00" occupancy="1.40" speed="10.99" harmonicMeanSpeed="10.73" length="5.00" nVehEntered="3"/>
    <interval begin="12000.00" end="12100.00" id="inductionLoop.N2" nVehContrib="4" flow="144.00" occupancy="1.48" speed="13.52" harmonicMeanSpeed="13.48" length="5.00" nVehEntered="4"/>
    <interval begin="12100.00" end="12200.00" id="inductionLoop.N2" nVehContrib="4" flow="144.00" occupancy="1.51" speed="13.26" harmonicMeanSpeed="13.24" length="5.00" nVehEntered="4"/>
    <interval begin="12200.00" end="12300.00" id="inductionLoop.N2" nVehContrib="4" flow="144.00" occupancy="1.92" speed="12.56" harmonicMeanSpeed="12.46" length="5.00" nVehEntered="6"/>
    <interval begin="12300.00" end="12400.00" id="inductionLoop.N2" nVehContrib="4" flow="144.00" occupancy="6.26" speed="7.93" harmonicMeanSpeed="3.96" length="5.00" nVehEntered="6"/>
    <interval begin="12400.00" end="12500.00" id="inductionLoop.N2" nVehContrib="4" flow="144.00" occupancy="2.41" speed="10.88" harmonicMeanSpeed="10.62" length="5.00" nVehEntered="6"/>
    <interval begin="12500.00" end="12600.00" id="inductionLoop.N2" nVehContrib="3" flow="108.00" occupancy="1.38" speed="13.50" harmonicMeanSpeed="13.26" length="5.00" nVehEntered="4"/>
    <interval begin="12600.00" end="12700.00" id="inductionLoop.N2" nVehContrib="2" flow="72.00" occupancy="0.76" speed="13.25" harmonicMeanSpeed="13.24" length="5.00" nVehEntered="2"/>
    <interval begin="12700.00" end="12800.00" id="inductionLoop.N2" nVehContrib="5" flow="180.00" occupancy="2.08" speed="12.08" harmonicMeanSpeed="12.01" length="5.00" nVehEntered="5"/>
    <interval begin="12800.00" end="12900.00" id="inductionLoop.N2" nVehContrib="1" flow="36.00" occupancy="0.60" speed="11.15" harmonicMeanSpeed="11.15" length="5.00" nVehEntered="2"/>
    <interval begin="12900.00" end="13000.00" id="inductionLoop.N2" nVehContrib="4" flow="144.00" occupancy="1.66" speed="12.13" harmonicMeanSpeed="12.05" length="5.00" nVehEntered="4"/>
    <interval begin="13000.00" end="13100.00" id="inductionLoop.N2" nVehContrib="7" flow="252.00" occupancy="3.12" speed="11.33" harmonicMeanSpeed="11.20" length="5.00" nVehEntered="7"/>
    <interval begin="13100.00" end="13200.00" id="inductionLoop.N2" nVehContrib="4" flow="144.00" occupancy="2.54" speed="10.59" harmonicMeanSpeed="10.36" length="5.00" nVehEntered="6"/>
    <interval begin="13200.00" end="13300.00" id="inductionLoop.N2" nVehContrib="4" flow="144.00" occupancy="1.63" speed="12.38" harmonicMeanSpeed="12.26" length="5.00" nVehEntered="4"/>
    <interval begin="13300.00" end="13400.00" id="inductionLoop.N2" nVehContrib="4" flow="144.00" occupancy="1.44" speed="14.09" harmonicMeanSpeed="13.92" length="5.00" nVehEntered="4"/>
    <interval begin="13400.00" end="13500.00" id="inductionLoop.N2" nVehContrib="5" flow="180.00" occupancy="2.08" speed="12.09" harmonicMeanSpeed="12.00" length="5.00" nVehEntered="5"/>
    <interval begin="13500.00" end="13600.00" id="inductionLoop.N2" nVehContrib="4" flow="144.00" occupancy="1.94" speed="12.10" harmonicMeanSpeed="12.02" length="5.00" nVehEntered="5"/>
    <interval begin="13600.00" end="13700.00" id="inductionLoop.N2" nVehContrib="3" flow="108.00" occupancy="1.32" speed="11.53" harmonicMeanSpeed="11.40" length="5.00" nVehEntered="3"/>
    <interval begin="13700.00" end="13800.00" id="inductionLoop.N2" nVehContrib="5" flow="180.00" occupancy="2.26" speed="11.41" harmonicMeanSpeed="11.09" length="5.00" nVehEntered="5"/>
    <interval begin="13800.00" end="13900.00" id="inductionLoop.N2" nVehContrib="6" flow="216.00" occupancy="2.63" speed="11.53" harmonicMeanSpeed="11.43" length="5.00" nVehEntered="6"/>
    <interval begin="13900.00" end="14000.00" id="inductionLoop.N2" nVehContrib="3" flow="108.00" occupancy="1.28" speed="12.63" harmonicMeanSpeed="12.61" length="5.00" nVehEntered="4"/>
    <interval begin="14000.00" end="14100.00" id="inductionLoop.N2" nVehContrib="3" flow="108.00" occupancy="1.16" speed="12.94" harmonicMeanSpeed="12.94" length="5.00" nVehEntered="3"/>
    <interval begin="14100.00" end="14200.00" id="inductionLoop.N2" nVehContrib="4" flow="144.00" occupancy="1.82" speed="11.00" harmonicMeanSpeed="10.97" length="5.00" nVehEntered="4"/>
    <interval begin="14200.00" end="14300.00" id="inductionLoop.N2" nVehContrib="6" flow="216.00" occupancy="3.03" speed="10.32" harmonicMeanSpeed="9.89" length="5.00" nVehEntered="6"/>
    <interval begin="14300.00" end="14400.00" id="inductionLoop.N2" nVehContrib="5" flow="180.00" occupancy="2.57" speed="11.29" harmonicMeanSpeed="11.03" length="5.00" nVehEntered="7"/>
    <interval begin="14400.00" end="14500.00" id="inductionLoop.N2" nVehContrib="6" flow="216.00" occupancy="2.74" speed="11.74" harmonicMeanSpeed="11.53" length="5.00" nVehEntered="7"/>
    <interval begin="14500.00" end="14600.00" id="inductionLoop.N2" nVehContrib="11" flow="396.00" occupancy="5.38" speed="11.18" harmonicMeanSpeed="10.84" length="5.00" nVehEntered="12"/>
    <interval begin="14600.00" end="14700.00" id="inductionLoop.N2" nVehContrib="5" flow="180.00" occupancy="1.80" speed="14.04" harmonicMeanSpeed="13.92" length="5.00" nVehEntered="5"/>
    <interval begin="14700.00" end="14800.00" id="inductionLoop.N2" nVehContrib="1" flow="36.00" occupancy="0.65" speed="10.05" harmonicMeanSpeed="10.05" length="5.00" nVehEntered="2"/>
    <interval begin="14800.00" end="14900.00" id="inductionLoop.N2" nVehContrib="3" flow="108.00" occupancy="1.10" speed="13.63" harmonicMeanSpeed="13.62" length="5.00" nVehEntered="3"/>
    <interval begin="14900.00" end="15000.00" id="inductionLoop.N2" nVehContrib="3" flow="108.00" occupancy="1.55" speed="11.29" harmonicMeanSpeed="11.09" length="5.00" nVehEntered="4"/>
    <interval begin="15000.00" end="15100.00" id="inductionLoop.N2" nVehContrib="2" flow="72.00" occupancy="0.82" speed="12.27" harmonicMeanSpeed="12.26" length="5.00" nVehEntered="2"/>
    <interval begin="15100.00" end="15200.00" id="inductionLoop.N2" nVehContrib="3" flow="108.00" occupancy="1.21" speed="12.42" harmonicMeanSpeed="12.40" length="5.00" nVehEntered="3"/>
    <interval begin="15200.00" end="15300.00" id="inductionLoop.N2" nVehContrib="2" flow="72.00" occupancy="0.83" speed="12.18" harmonicMeanSpeed="12.11" length="5.00" nVehEntered="2"/>
    <interval begin="15300.00" end="15400.00" id="inductionLoop.N2" nVehContrib="5" flow="180.00" occupancy="2.13" speed="11.79" harmonicMeanSpeed="11.73" length="5.00" nVehEntered="5"/>
    <interval begin="15400.00" end="15500.00" id="inductionLoop.N2" nVehContrib="5" flow="180.00" occupancy="2.10" speed="11.90" harmonicMeanSpeed="11.88" length="5.00" nVehEntered="5"/>
    <interval begin="15500.00" end="15600.00" id="inductionLoop.N2" nVehContrib="0" flow="0.00" occupancy="0.00" speed="-1.00" harmonicMeanSpeed="-1.00" length="-1.00" nVehEntered="0"/>
    <interval begin="15600.00" end="15700.00" id="inductionLoop.N2" nVehContrib="4" flow="144.00" occupancy="1.63" speed="12.33" harmonicMeanSpeed="12.27" length="5.00" nVehEntered="4"/>
    <interval begin="15700.00" end="15800.00" id="inductionLoop.N2" nVehContrib="4" flow="144.00" occupancy="1.78" speed="11.62" harmonicMeanSpeed="11.21" length="5.00" nVehEntered="4"/>
    <interval begin="15800.00" end="15900.00" id="inductionLoop.N2" nVehContrib="6" flow="216.00" occupancy="2.86" speed="12.24" harmonicMeanSpeed="12.11" length="5.00" nVehEntered="8"/>
    <interval begin="15900.00" end="16000.00" id="inductionLoop.N2" nVehContrib="5" flow="180.00" occupancy="3.04" speed="10.92" harmonicMeanSpeed="10.63" length="5.00" nVehEntered="7"/>
    <interval begin="16000.00" end="16100.00" id="inductionLoop.N2" nVehContrib="3" flow="108.00" occupancy="1.37" speed="12.58" harmonicMeanSpeed="12.47" length="5.00" nVehEntered="4"/>
    <interval begin="16100.00" end="16200.00" id="inductionLoop.N2" nVehContrib="3" flow="108.00" occupancy="1.32" speed="11.38" harmonicMeanSpeed="11.35" length="5.00" nVehEntered="3"/>
    <interval begin="16200.00" end="16300.00" id="inductionLoop.N2" nVehContrib="5" flow="180.00" occupancy="2.22" speed="11.67" harmonicMeanSpeed="11.28" length="5.00" nVehEntered="5"/>
    <interval begin="16300.00" end="16400.00" id="inductionLoop.N2" nVehContrib="6" flow="216.00" occupancy="11.64" speed="8.74" harmonicMeanSpeed="2.58" length="5.00" nVehEntered="6"/>
    <interval begin="16400.00" end="16500.00" id="inductionLoop.N2" nVehContrib="3" flow="108.00" occupancy="1.45" speed="12.54" harmonicMeanSpeed="12.51" length="5.00" nVehEntered="5"/>
    <interval begin="16500.00" end="16600.00" id="inductionLoop.N2" nVehContrib="4" flow="144.00" occupancy="1.62" speed="12.39" harmonicMeanSpeed="12.31" length="5.00" nVehEntered="4"/>
    <interval begin="16600.00" end="16700.00" id="inductionLoop.N2" nVehContrib="6" flow="216.00" occupancy="2.90" speed="12.09" harmonicMeanSpeed="12.00" length="5.00" nVehEntered="7"/>
    <interval begin="16700.00" end="16800.00" id="inductionLoop.N2" nVehContrib="0" flow="0.00" occupancy="0.15" speed="-1.00" harmonicMeanSpeed="-1.00" length="-1.00" nVehEntered="1"/>
    <interval begin="16800.00" end="16900.00" id="inductionLoop.N2" nVehContrib="7" flow="252.00" occupancy="3.29" speed="12.08" harmonicMeanSpeed="11.90" length="5.00" nVehEntered="8"/>
    <interval begin="16900.00" end="17000.00" id="inductionLoop.N2" nVehContrib="3" flow="108.00" occupancy="1.43" speed="11.92" harmonicMeanSpeed="11.87" length="5.00" nVehEntered="3"/>
    <interval begin="17000.00" end="17100.00" id="inductionLoop.N2" nVehContrib="4" flow="144.00" occupancy="2.27" speed="10.21" harmonicMeanSpeed="10.03" length="5.00" nVehEntered="5"/>
    <interval begin="17100.00" end="17200.00" id="inductionLoop.N2" nVehContrib="7" flow="252.00" occupancy="7.51" speed="9.02" harmonicMeanSpeed="4.49" length="5.00" nVehEntered="6"/>
    <interval begin="17200.00" end="17300.00" id="inductionLoop.N2" nVehContrib="7" flow="252.00" occupancy="2.96" speed="12.10" harmonicMeanSpeed="11.82" length="5.00" nVehEntered="7"/>
    <interval begin="17300.00" end="17400.00" id="inductionLoop.N2" nVehContrib="5" flow="180.00" occupancy="2.46" speed="12.11" harmonicMeanSpeed="11.99" length="5.00" nVehEntered="6"/>
    <interval begin="17400.00" end="17500.00" id="inductionLoop.N2" nVehContrib="5" flow="180.00" occupancy="9.22" speed="8.76" harmonicMeanSpeed="2.90" length="5.00" nVehEntered="7"/>
    <interval begin="17500.00" end="17600.00" id="inductionLoop.N2" nVehContrib="7" flow="252.00" occupancy="3.34" speed="10.80" harmonicMeanSpeed="10.47" length="5.00" nVehEntered="7"/>
    <interval begin="17600.00" end="17700.00" id="inductionLoop.N2" nVehContrib="5" flow="180.00" occupancy="2.43" speed="10.66" harmonicMeanSpeed="10.29" length="5.00" nVehEntered="5"/>
    <interval begin="17700.00" end="17800.00" id="inductionLoop.N2" nVehContrib="7" flow="252.00" occupancy="2.99" speed="12.10" harmonicMeanSpeed="11.70" length="5.00" nVehEntered="7"/>
    <interval begin="17800.00" end="17900.00" id="inductionLoop.N2" nVehContrib="5" flow="180.00" occupancy="2.65" speed="11.43" harmonicMeanSpeed="11.21" length="5.00" nVehEntered="6"/>
    <interval begin="17900.00" end="18000.00" id="inductionLoop.N2" nVehContrib="4" flow="144.00" occupancy="39.68" speed="9.68" harmonicMeanSpeed="9.50" length="5.00" nVehEntered="6"/>
    <interval begin="18000.00" end="18100.00" id="inductionLoop.N2" nVehContrib="8" flow="288.00" occupancy="13.73" speed="6.43" harmonicMeanSpeed="0.78" length="5.00" nVehEntered="7"/>
    <interval begin="18100.00" end="18200.00" id="inductionLoop.N2" nVehContrib="10" flow="360.00" occupancy="8.60" speed="8.29" harmonicMeanSpeed="6.66" length="5.00" nVehEntered="11"/>
    <interval begin="18200.00" end="18300.00" id="inductionLoop.N2" nVehContrib="2" flow="72.00" occupancy="2.17" speed="5.88" harmonicMeanSpeed="4.61" length="5.00" nVehEntered="2"/>
    <interval begin="18300.00" end="18400.00" id="inductionLoop.N2" nVehContrib="6" flow="216.00" occupancy="3.24" speed="9.85" harmonicMeanSpeed="9.27" length="5.00" nVehEntered="6"/>
    <interval begin="18400.00" end="18500.00" id="inductionLoop.N2" nVehContrib="8" flow="288.00" occupancy="7.30" speed="9.88" harmonicMeanSpeed="5.63" length="5.00" nVehEntered="9"/>
    <interval begin="18500.00" end="18600.00" id="inductionLoop.N2" nVehContrib="6" flow="216.00" occupancy="2.89" speed="10.84" harmonicMeanSpeed="10.54" length="5.00" nVehEntered="7"/>
    <interval begin="18600.00" end="18700.00" id="inductionLoop.N2" nVehContrib="7" flow="252.00" occupancy="3.34" speed="10.79" harmonicMeanSpeed="10.49" length="5.00" nVehEntered="7"/>
    <interval begin="18700.00" end="18800.00" id="inductionLoop.N2" nVehContrib="6" flow="216.00" occupancy="5.32" speed="9.58" harmonicMeanSpeed="6.40" length="5.00" nVehEntered="9"/>
    <interval begin="18800.00" end="18900.00" id="inductionLoop.N2" nVehContrib="7" flow="252.00" occupancy="6.84" speed="8.70" harmonicMeanSpeed="5.99" length="5.00" nVehEntered="8"/>
    <interval begin="18900.00" end="19000.00" id="inductionLoop.N2" nVehContrib="7" flow="252.00" occupancy="3.13" speed="11.35" harmonicMeanSpeed="11.18" length="5.00" nVehEntered="7"/>
    <interval begin="19000.00" end="19100.00" id="inductionLoop.N2" nVehContrib="6" flow="216.00" occupancy="5.02" speed="7.34" harmonicMeanSpeed="5.97" length="5.00" nVehEntered="6"/>
    <interval begin="19100.00" end="19200.00" id="inductionLoop.N2" nVehContrib="5" flow="180.00" occupancy="5.28" speed="8.47" harmonicMeanSpeed="6.08" length="5.00" nVehEntered="7"/>
    <interval begin="19200.00" end="19300.00" id="inductionLoop.N2" nVehContrib="5" flow="180.00" occupancy="2.40" speed="11.03" harmonicMeanSpeed="10.44" length="5.00" nVehEntered="5"/>
    <interval begin="19300.00" end="19400.00" id="inductionLoop.N2" nVehContrib="5" flow="180.00" occupancy="5.34" speed="10.30" harmonicMeanSpeed="10.18" length="5.00" nVehEntered="7"/>
    <interval begin="19400.00" end="19500.00" id="inductionLoop.N2" nVehContrib="4" flow="144.00" occupancy="18.38" speed="8.40" harmonicMeanSpeed="0.95" length="5.00" nVehEntered="3"/>
    <interval begin="19500.00" end="19600.00" id="inductionLoop.N2" nVehContrib="5" flow="180.00" occupancy="2.46" speed="11.32" harmonicMeanSpeed="11.23" length="5.00" nVehEntered="6"/>
    <interval begin="19600.00" end="19700.00" id="inductionLoop.N2" nVehContrib="6" flow="216.00" occupancy="5.26" speed="7.58" harmonicMeanSpeed="5.70" length="5.00" nVehEntered="6"/>
    <interval begin="19700.00" end="19800.00" id="inductionLoop.N2" nVehContrib="3" flow="108.00" occupancy="1.39" speed="11.04" harmonicMeanSpeed="10.82" length="5.00" nVehEntered="3"/>
    <interval begin="19800.00" end="19900.00" id="inductionLoop.N2" nVehContrib="7" flow="252.00" occupancy="22.62" speed="8.28" harmonicMeanSpeed="1.95" length="5.00" nVehEntered="8"/>
    <interval begin="19900.00" end="20000.00" id="inductionLoop.N2" nVehContrib="9" flow="324.00" occupancy="23.06" speed="6.00" harmonicMeanSpeed="1.65" length="5.00" nVehEntered="10"/>
    <interval begin="20000.00" end="20100.00" id="inductionLoop.N2" nVehContrib="7" flow="252.00" occupancy="3.61" speed="10.50" harmonicMeanSpeed="10.26" length="5.00" nVehEntered="8"/>
    <interval begin="20100.00" end="20200.00" id="inductionLoop.N2" nVehContrib="7" flow="252.00" occupancy="8.14" speed="7.85" harmonicMeanSpeed="5.24" length="5.00" nVehEntered="9"/>
    <interval begin="20200.00" end="20300.00" id="inductionLoop.N2" nVehContrib="10" flow="360.00" occupancy="7.40" speed="8.70" harmonicMeanSpeed="7.37" length="5.00" nVehEntered="12"/>
    <interval begin="20300.00" end="20400.00" id="inductionLoop.N2" nVehContrib="10" flow="360.00" occupancy="19.54" speed="5.75" harmonicMeanSpeed="2.49" length="5.00" nVehEntered="9"/>
    <interval begin="20400.00" end="20500.00" id="inductionLoop.N2" nVehContrib="7" flow="252.00" occupancy="50.68" speed="3.64" harmonicMeanSpeed="0.69" length="5.00" nVehEntered="8"/>
    <interval begin="20500.00" end="20600.00" id="inductionLoop.N2" nVehContrib="6" flow="216.00" occupancy="9.43" speed="4.47" harmonicMeanSpeed="3.18" length="5.00" nVehEntered="6"/>
    <interval begin="20600.00" end="20700.00" id="inductionLoop.N2" nVehContrib="6" flow="216.00" occupancy="11.32" speed="3.41" harmonicMeanSpeed="2.65" length="5.00" nVehEntered="6"/>
    <interval begin="20700.00" end="20800.00" id="inductionLoop.N2" nVehContrib="6" flow="216.00" occupancy="34.04" speed="6.98" harmonicMeanSpeed="6.07" length="5.00" nVehEntered="7"/>
    <interval begin="20800.00" end="20900.00" id="inductionLoop.N2" nVehContrib="4" flow="144.00" occupancy="74.04" speed="2.05" harmonicMeanSpeed="0.56" length="5.00" nVehEntered="4"/>
    <interval begin="20900.00" end="21000.00" id="inductionLoop.N2" nVehContrib="13" flow="468.00" occupancy="66.08" speed="5.06" harmonicMeanSpeed="0.49" length="5.00" nVehEntered="12"/>
    <interval begin="21000.00" end="21100.00" id="inductionLoop.N2" nVehContrib="8" flow="288.00" occupancy="13.54" speed="4.46" harmonicMeanSpeed="2.95" length="5.00" nVehEntered="8"/>
    <interval begin="21100.00" end="21200.00" id="inductionLoop.N2" nVehContrib="9" flow="324.00" occupancy="47.40" speed="5.42" harmonicMeanSpeed="0.95" length="5.00" nVehEntered="10"/>
    <interval begin="21200.00" end="21300.00" id="inductionLoop.N2" nVehContrib="4" flow="144.00" occupancy="4.39" speed="4.91" harmonicMeanSpeed="4.63" length="5.00" nVehEntered="4"/>
    <interval begin="21300.00" end="21400.00" id="inductionLoop.N2" nVehContrib="8" flow="288.00" occupancy="11.44" speed="5.54" harmonicMeanSpeed="3.42" length="5.00" nVehEntered="7"/>
    <interval begin="21400.00" end="21500.00" id="inductionLoop.N2" nVehContrib="6" flow="216.00" occupancy="20.03" speed="4.72" harmonicMeanSpeed="1.60" length="5.00" nVehEntered="8"/>
    <interval begin="21500.00" end="21600.00" id="inductionLoop.N2" nVehContrib="10" flow="360.00" occupancy="44.90" speed="5.18" harmonicMeanSpeed="1.11" length="5.00" nVehEntered="10"/>
    <interval begin="21600.00" end="21700.00" id="inductionLoop.N2" nVehContrib="6" flow="216.00" occupancy="47.55" speed="5.32" harmonicMeanSpeed="0.65" length="5.00" nVehEntered="7"/>
    <interval begin="21700.00" end="21800.00" id="inductionLoop.N2" nVehContrib="9" flow="324.00" occupancy="46.64" speed="5.53" harmonicMeanSpeed="4.15" length="5.00" nVehEntered="10"/>
    <interval begin="21800.00" end="21900.00" id="inductionLoop.N2" nVehContrib="8" flow="288.00" occupancy="24.71" speed="4.79" harmonicMeanSpeed="0.66" length="5.00" nVehEntered="7"/>
    <interval begin="21900.00" end="22000.00" id="inductionLoop.N2" nVehContrib="13" flow="468.00" occupancy="66.71" speed="6.17" harmonicMeanSpeed="0.97" length="5.00" nVehEntered="13"/>
    <interval begin="22000.00" end="22100.00" id="inductionLoop.N2" nVehContrib="7" flow="252.00" occupancy="19.49" speed="3.80" harmonicMeanSpeed="1.80" length="5.00" nVehEntered="7"/>
    <interval begin="22100.00" end="22200.00" id="inductionLoop.N2" nVehContrib="11" flow="396.00" occupancy="9.20" speed="8.21" harmonicMeanSpeed="5.98" length="5.00" nVehEntered="11"/>
    <interval begin="22200.00" end="22300.00" id="inductionLoop.N2" nVehContrib="5" flow="180.00" occupancy="7.37" speed="4.86" harmonicMeanSpeed="3.39" length="5.00" nVehEntered="5"/>
    <interval begin="22300.00" end="22400.00" id="inductionLoop.N2" nVehContrib="9" flow="324.00" occupancy="49.45" speed="6.09" harmonicMeanSpeed="4.98" length="5.00" nVehEntered="10"/>
    <interval begin="22400.00" end="22500.00" id="inductionLoop.N2" nVehContrib="10" flow="360.00" occupancy="59.32" speed="6.28" harmonicMeanSpeed="0.50" length="5.00" nVehEntered="9"/>
    <interval begin="22500.00" end="22600.00" id="inductionLoop.N2" nVehContrib="16" flow="576.00" occupancy="61.26" speed="6.25" harmonicMeanSpeed="1.31" length="5.00" nVehEntered="16"/>
    <interval begin="22600.00" end="22700.00" id="inductionLoop.N2" nVehContrib="11" flow="396.00" occupancy="51.23" speed="6.06" harmonicMeanSpeed="1.07" length="5.00" nVehEntered="11"/>
    <interval begin="22700.00" end="22800.00" id="inductionLoop.N2" nVehContrib="8" flow="288.00" occupancy="16.27" speed="4.65" harmonicMeanSpeed="3.06" length="5.00" nVehEntered="9"/>
    <interval begin="22800.00" end="22900.00" id="inductionLoop.N2" nVehContrib="11" flow="396.00" occupancy="57.25" speed="4.54" harmonicMeanSpeed="0.91" length="5.00" nVehEntered="10"/>
    <interval begin="22900.00" end="23000.00" id="inductionLoop.N2" nVehContrib="15" flow="540.00" occupancy="18.40" speed="6.38" harmonicMeanSpeed="4.08" length="5.00" nVehEntered="15"/>
    <interval begin="23000.00" end="23100.00" id="inductionLoop.N2" nVehContrib="5" flow="180.00" occupancy="44.39" speed="6.36" harmonicMeanSpeed="5.79" length="5.00" nVehEntered="6"/>
    <interval begin="23100.00" end="23200.00" id="inductionLoop.N2" nVehContrib="7" flow="252.00" occupancy="34.11" speed="4.68" harmonicMeanSpeed="0.47" length="5.00" nVehEntered="6"/>
    <interval begin="23200.00" end="23300.00" id="inductionLoop.N2" nVehContrib="8" flow="288.00" occupancy="8.51" speed="6.63" harmonicMeanSpeed="4.70" length="5.00" nVehEntered="8"/>
    <interval begin="23300.00" end="23400.00" id="inductionLoop.N2" nVehContrib="16" flow="576.00" occupancy="17.84" speed="6.83" harmonicMeanSpeed="4.49" length="5.00" nVehEntered="16"/>
    <interval begin="23400.00" end="23500.00" id="inductionLoop.N2" nVehContrib="9" flow="324.00" occupancy="82.10" speed="4.61" harmonicMeanSpeed="0.55" length="5.00" nVehEntered="10"/>
    <interval begin="23500.00" end="23600.00" id="inductionLoop.N2" nVehContrib="10" flow="360.00" occupancy="14.37" speed="4.81" harmonicMeanSpeed="3.37" length="5.00" nVehEntered="9"/>
    <interval begin="23600.00" end="23700.00" id="inductionLoop.N2" nVehContrib="15" flow="540.00" occupancy="40.97" speed="6.93" harmonicMeanSpeed="4.65" length="5.00" nVehEntered="16"/>
    <interval begin="23700.00" end="23800.00" id="inductionLoop.N2" nVehContrib="9" flow="324.00" occupancy="83.85" speed="6.51" harmonicMeanSpeed="0.59" length="5.00" nVehEntered="9"/>
    <interval begin="23800.00" end="23900.00" id="inductionLoop.N2" nVehContrib="12" flow="432.00" occupancy="29.33" speed="3.64" harmonicMeanSpeed="0.97" length="5.00" nVehEntered="11"/>
    <interval begin="23900.00" end="24000.00" id="inductionLoop.N2" nVehContrib="20" flow="720.00" occupancy="52.25" speed="7.85" harmonicMeanSpeed="2.03" length="5.00" nVehEntered="21"/>
    <interval begin="24000.00" end="24100.00" id="inductionLoop.N2" nVehContrib="8" flow="288.00" occupancy="40.25" speed="4.22" harmonicMeanSpeed="0.93" length="5.00" nVehEntered="7"/>
    <interval begin="24100.00" end="24200.00" id="inductionLoop.N2" nVehContrib="15" flow="540.00" occupancy="21.51" speed="6.95" harmonicMeanSpeed="5.03" length="5.00" nVehEntered="16"/>
    <interval begin="24200.00" end="24300.00" id="inductionLoop.N2" nVehContrib="8" flow="288.00" occupancy="69.58" speed="6.53" harmonicMeanSpeed="0.94" length="5.00" nVehEntered="8"/>
    <interval begin="24300.00" end="24400.00" id="inductionLoop.N2" nVehContrib="11" flow="396.00" occupancy="63.19" speed="4.20" harmonicMeanSpeed="0.65" length="5.00" nVehEntered="11"/>
    <interval begin="24400.00" end="24500.00" id="inductionLoop.N2" nVehContrib="7" flow="252.00" occupancy="77.55" speed="6.10" harmonicMeanSpeed="0.77" length="5.00" nVehEntered="7"/>
    <interval begin="24500.00" end="24600.00" id="inductionLoop.N2" nVehContrib="17" flow="612.00" occupancy="20.15" speed="6.49" harmonicMeanSpeed="1.32" length="5.00" nVehEntered="16"/>
    <interval begin="24600.00" end="24700.00" id="inductionLoop.N2" nVehContrib="13" flow="468.00" occupancy="33.84" speed="6.26" harmonicMeanSpeed="5.85" length="5.00" nVehEntered="14"/>
    <interval begin="24700.00" end="24800.00" id="inductionLoop.N2" nVehContrib="16" flow="576.00" occupancy="74.17" speed="8.53" harmonicMeanSpeed="0.83" length="5.00" nVehEntered="15"/>
    <interval begin="24800.00" end="24900.00" id="inductionLoop.N2" nVehContrib="18" flow="648.00" occupancy="15.70" speed="6.25" harmonicMeanSpeed="5.73" length="5.00" nVehEntered="18"/>
    <interval begin="24900.00" end="25000.00" id="inductionLoop.N2" nVehContrib="11" flow="396.00" occupancy="13.92" speed="6.99" harmonicMeanSpeed="3.95" length="5.00" nVehEntered="11"/>
    <interval begin="25000.00" end="25100.00" id="inductionLoop.N2" nVehContrib="15" flow="540.00" occupancy="18.18" speed="7.28" harmonicMeanSpeed="5.51" length="5.00" nVehEntered="16"/>
    <interval begin="25100.00" end="25200.00" id="inductionLoop.N2" nVehContrib="13" flow="468.00" occupancy="58.15" speed="4.84" harmonicMeanSpeed="1.22" length="5.00" nVehEntered="13"/>
    <interval begin="25200.00" end="25300.00" id="inductionLoop.N2" nVehContrib="16" flow="576.00" occupancy="59.70" speed="6.20" harmonicMeanSpeed="1.15" length="5.00" nVehEntered="15"/>
    <interval begin="25300.00" end="25400.00" id="inductionLoop.N2" nVehContrib="12" flow="432.00" occupancy="12.34" speed="6.44" harmonicMeanSpeed="4.86" length="5.00" nVehEntered="12"/>
    <interval begin="25400.00" end="25500.00" id="inductionLoop.N2" nVehContrib="14" flow="504.00" occupancy="68.65" speed="6.65" harmonicMeanSpeed="1.08" length="5.00" nVehEntered="15"/>
    <interval begin="25500.00" end="25600.00" id="inductionLoop.N2" nVehContrib="15" flow="540.00" occupancy="25.78" speed="8.66" harmonicMeanSpeed="5.64" length="5.00" nVehEntered="15"/>
    <interval begin="25600.00" end="25700.00" id="inductionLoop.N2" nVehContrib="10" flow="360.00" occupancy="75.71" speed="4.64" harmonicMeanSpeed="0.54" length="5.00" nVehEntered="9"/>
    <interval begin="25700.00" end="25800.00" id="inductionLoop.N2" nVehContrib="13" flow="468.00" occupancy="12.06" speed="6.80" harmonicMeanSpeed="5.39" length="5.00" nVehEntered="13"/>
    <interval begin="25800.00" end="25900.00" id="inductionLoop.N2" nVehContrib="17" flow="612.00" occupancy="17.76" speed="7.25" harmonicMeanSpeed="4.79" length="5.00" nVehEntered="17"/>
    <interval begin="25900.00" end="26000.00" id="inductionLoop.N2" nVehContrib="11" flow="396.00" occupancy="10.21" speed="7.55" harmonicMeanSpeed="5.39" length="5.00" nVehEntered="11"/>
    <interval begin="26000.00" end="26100.00" id="inductionLoop.N2" nVehContrib="16" flow="576.00" occupancy="43.54" speed="7.55" harmonicMeanSpeed="5.28" length="5.00" nVehEntered="17"/>
    <interval begin="26100.00" end="26200.00" id="inductionLoop.N2" nVehContrib="16" flow="576.00" occupancy="73.52" speed="6.39" harmonicMeanSpeed="1.20" length="5.00" nVehEntered="16"/>
    <interval begin="26200.00" end="26300.00" id="inductionLoop.N2" nVehContrib="17" flow="612.00" occupancy="61.86" speed="8.08" harmonicMeanSpeed="1.09" length="5.00" nVehEntered="17"/>
    <interval begin="26300.00" end="26400.00" id="inductionLoop.N2" nVehContrib="11" flow="396.00" occupancy="37.84" speed="6.77" harmonicMeanSpeed="0.96" length="5.00" nVehEntered="10"/>
    <interval begin="26400.00" end="26500.00" id="inductionLoop.N2" nVehContrib="6" flow="216.00" occupancy="8.29" speed="5.44" harmonicMeanSpeed="3.62" length="5.00" nVehEntered="6"/>
    <interval begin="26500.00" end="26600.00" id="inductionLoop.N2" nVehContrib="9" flow="324.00" occupancy="9.58" speed="6.15" harmonicMeanSpeed="4.70" length="5.00" nVehEntered="9"/>
    <interval begin="26600.00" end="26700.00" id="inductionLoop.N2" nVehContrib="5" flow="180.00" occupancy="89.14" speed="5.28" harmonicMeanSpeed="0.70" length="5.00" nVehEntered="6"/>
    <interval begin="26700.00" end="26800.00" id="inductionLoop.N2" nVehContrib="9" flow="324.00" occupancy="20.35" speed="5.43" harmonicMeanSpeed="0.61" length="5.00" nVehEntered="8"/>
    <interval begin="26800.00" end="26900.00" id="inductionLoop.N2" nVehContrib="13" flow="468.00" occupancy="23.00" speed="6.31" harmonicMeanSpeed="3.36" length="5.00" nVehEntered="14"/>
    <interval begin="26900.00" end="27000.00" id="inductionLoop.N2" nVehContrib="6" flow="216.00" occupancy="84.32" speed="3.92" harmonicMeanSpeed="0.34" length="5.00" nVehEntered="5"/>
    <interval begin="27000.00" end="27100.00" id="inductionLoop.N2" nVehContrib="12" flow="432.00" occupancy="62.76" speed="6.91" harmonicMeanSpeed="0.96" length="5.00" nVehEntered="13"/>
    <interval begin="27100.00" end="27200.00" id="inductionLoop.N2" nVehContrib="15" flow="540.00" occupancy="56.75" speed="6.83" harmonicMeanSpeed="1.32" length="5.00" nVehEntered="14"/>
    <interval begin="27200.00" end="27300.00" id="inductionLoop.N2" nVehContrib="8" flow="288.00" occupancy="43.96" speed="7.68" harmonicMeanSpeed="6.92" length="5.00" nVehEntered="9"/>
    <interval begin="27300.00" end="27400.00" id="inductionLoop.N2" nVehContrib="9" flow="324.00" occupancy="68.00" speed="3.89" harmonicMeanSpeed="0.44" length="5.00" nVehEntered="9"/>
    <interval begin="27400.00" end="27500.00" id="inductionLoop.N2" nVehContrib="12" flow="432.00" occupancy="48.28" speed="5.40" harmonicMeanSpeed="1.17" length="5.00" nVehEntered="11"/>
    <interval begin="27500.00" end="27600.00" id="inductionLoop.N2" nVehContrib="9" flow="324.00" occupancy="9.24" speed="6.83" harmonicMeanSpeed="4.87" length="5.00" nVehEntered="9"/>
    <interval begin="27600.00" end="27700.00" id="inductionLoop.N2" nVehContrib="10" flow="360.00" occupancy="15.81" speed="5.27" harmonicMeanSpeed="3.29" length="5.00" nVehEntered="11"/>
    <interval begin="27700.00" end="27800.00" id="inductionLoop.N2" nVehContrib="13" flow="468.00" occupancy="58.57" speed="5.50" harmonicMeanSpeed="1.10" length="5.00" nVehEntered="12"/>
    <interval begin="27800.00" end="27900.00" id="inductionLoop.N2" nVehContrib="14" flow="504.00" occupancy="66.17" speed="7.52" harmonicMeanSpeed="1.06" length="5.00" nVehEntered="14"/>
    <interval begin="27900.00" end="28000.00" id="inductionLoop.N2" nVehContrib="8" flow="288.00" occupancy="8.22" speed="6.49" harmonicMeanSpeed="4.87" length="5.00" nVehEntered="8"/>
    <interval begin="28000.00" end="28100.00" id="inductionLoop.N2" nVehContrib="6" flow="216.00" occupancy="7.94" speed="4.49" harmonicMeanSpeed="3.78" length="5.00" nVehEntered="6"/>
    <interval begin="28100.00" end="28200.00" id="inductionLoop.N2" nVehContrib="17" flow="612.00" occupancy="22.70" speed="7.39" harmonicMeanSpeed="4.11" length="5.00" nVehEntered="20"/>
    <interval begin="28200.00" end="28300.00" id="inductionLoop.N2" nVehContrib="6" flow="216.00" occupancy="55.91" speed="3.70" harmonicMeanSpeed="0.54" length="5.00" nVehEntered="6"/>
    <interval begin="28300.00" end="28400.00" id="inductionLoop.N2" nVehContrib="4" flow="144.00" occupancy="22.29" speed="6.06" harmonicMeanSpeed="5.25" length="5.00" nVehEntered="5"/>
    <interval begin="28400.00" end="28500.00" id="inductionLoop.N2" nVehContrib="8" flow="288.00" occupancy="63.84" speed="4.84" harmonicMeanSpeed="0.49" length="5.00" nVehEntered="7"/>
    <interval begin="28500.00" end="28600.00" id="inductionLoop.N2" nVehContrib="5" flow="180.00" occupancy="2.47" speed="10.51" harmonicMeanSpeed="10.10" length="5.00" nVehEntered="5"/>
    <interval begin="28600.00" end="28700.00" id="inductionLoop.N2" nVehContrib="2" flow="72.00" occupancy="2.72" speed="6.60" harmonicMeanSpeed="5.78" length="5.00" nVehEntered="3"/>
    <interval begin="28700.00" end="28800.00" id="inductionLoop.N2" nVehContrib="10" flow="360.00" occupancy="27.04" speed="7.93" harmonicMeanSpeed="1.85" length="5.00" nVehEntered="10"/>
    <interval begin="28800.00" end="28900.00" id="inductionLoop.N2" nVehContrib="6" flow="216.00" occupancy="13.92" speed="6.90" harmonicMeanSpeed="2.26" length="5.00" nVehEntered="7"/>
    <interval begin="28900.00" end="29000.00" id="inductionLoop.N2" nVehContrib="4" flow="144.00" occupancy="52.25" speed="8.19" harmonicMeanSpeed="0.38" length="5.00" nVehEntered="4"/>
    <interval begin="29000.00" end="29100.00" id="inductionLoop.N2" nVehContrib="10" flow="360.00" occupancy="7.96" speed="8.17" harmonicMeanSpeed="6.28" length="5.00" nVehEntered="10"/>
    <interval begin="29100.00" end="29200.00" id="inductionLoop.N2" nVehContrib="11" flow="396.00" occupancy="9.53" speed="7.12" harmonicMeanSpeed="5.77" length="5.00" nVehEntered="11"/>
    <interval begin="29200.00" end="29300.00" id="inductionLoop.N2" nVehContrib="2" flow="72.00" occupancy="62.57" speed="0.79" harmonicMeanSpeed="0.16" length="5.00" nVehEntered="2"/>
    <interval begin="29300.00" end="29400.00" id="inductionLoop.N2" nVehContrib="11" flow="396.00" occupancy="46.05" speed="7.92" harmonicMeanSpeed="6.81" length="5.00" nVehEntered="13"/>
    <interval begin="29400.00" end="29500.00" id="inductionLoop.N2" nVehContrib="9" flow="324.00" occupancy="67.47" speed="5.60" harmonicMeanSpeed="0.43" length="5.00" nVehEntered="8"/>
    <interval begin="29500.00" end="29600.00" id="inductionLoop.N2" nVehContrib="5" flow="180.00" occupancy="4.97" speed="6.19" harmonicMeanSpeed="5.31" length="5.00" nVehEntered="6"/>
    <interval begin="29600.00" end="29700.00" id="inductionLoop.N2" nVehContrib="8" flow="288.00" occupancy="49.64" speed="6.22" harmonicMeanSpeed="1.01" length="5.00" nVehEntered="8"/>
    <interval begin="29700.00" end="29800.00" id="inductionLoop.N2" nVehContrib="6" flow="216.00" occupancy="66.56" speed="5.47" harmonicMeanSpeed="0.42" length="5.00" nVehEntered="6"/>
    <interval begin="29800.00" end="29900.00" id="inductionLoop.N2" nVehContrib="5" flow="180.00" occupancy="88.21" speed="4.71" harmonicMeanSpeed="0.55" length="5.00" nVehEntered="5"/>
    <interval begin="29900.00" end="30000.00" id="inductionLoop.N2" nVehContrib="10" flow="360.00" occupancy="59.32" speed="6.69" harmonicMeanSpeed="0.47" length="5.00" nVehEntered="10"/>
    <interval begin="30000.00" end="30100.00" id="inductionLoop.N2" nVehContrib="6" flow="216.00" occupancy="6.07" speed="7.13" harmonicMeanSpeed="5.64" length="5.00" nVehEntered="6"/>
    <interval begin="30100.00" end="30200.00" id="inductionLoop.N2" nVehContrib="4" flow="144.00" occupancy="5.33" speed="7.21" harmonicMeanSpeed="5.11" length="5.00" nVehEntered="6"/>
    <interval begin="30200.00" end="30300.00" id="inductionLoop.N2" nVehContrib="9" flow="324.00" occupancy="6.71" speed="9.26" harmonicMeanSpeed="7.15" length="5.00" nVehEntered="10"/>
    <interval begin="30300.00" end="30400.00" id="inductionLoop.N2" nVehContrib="7" flow="252.00" occupancy="3.79" speed="10.36" harmonicMeanSpeed="9.66" length="5.00" nVehEntered="8"/>
    <interval begin="30400.00" end="30500.00" id="inductionLoop.N2" nVehContrib="7" flow="252.00" occupancy="20.26" speed="8.79" harmonicMeanSpeed="1.77" length="5.00" nVehEntered="8"/>
    <interval begin="30500.00" end="30600.00" id="inductionLoop.N2" nVehContrib="6" flow="216.00" occupancy="2.80" speed="11.59" harmonicMeanSpeed="11.37" length="5.00" nVehEntered="7"/>
    <interval begin="30600.00" end="30700.00" id="inductionLoop.N2" nVehContrib="2" flow="72.00" occupancy="1.14" speed="10.92" harmonicMeanSpeed="10.22" length="5.00" nVehEntered="3"/>
    <interval begin="30700.00" end="30800.00" id="inductionLoop.N2" nVehContrib="0" flow="0.00" occupancy="0.00" speed="-1.00" harmonicMeanSpeed="-1.00" length="-1.00" nVehEntered="0"/>
    <interval begin="30800.00" end="30900.00" id="inductionLoop.N2" nVehContrib="0" flow="0.00" occupancy="0.00" speed="-1.00" harmonicMeanSpeed="-1.00" length="-1.00" nVehEntered="0"/>
    <interval begin="30900.00" end="31000.00" id="inductionLoop.N2" nVehContrib="0" flow="0.00" occupancy="0.00" speed="-1.00" harmonicMeanSpeed="-1.00" length="-1.00" nVehEntered="0"/>
    <interval begin="31000.00" end="31100.00" id="inductionLoop.N2" nVehContrib="0" flow="0.00" occupancy="0.00" speed="-1.00" harmonicMeanSpeed="-1.00" length="-1.00" nVehEntered="0"/>
    <interval begin="31100.00" end="31200.00" id="inductionLoop.N2" nVehContrib="0" flow="0.00" occupancy="0.00" speed="-1.00" harmonicMeanSpeed="-1.00" length="-1.00" nVehEntered="0"/>
    <interval begin="31200.00" end="31300.00" id="inductionLoop.N2" nVehContrib="0" flow="0.00" occupancy="0.00" speed="-1.00" harmonicMeanSpeed="-1.00" length="-1.00" nVehEntered="0"/>
    <interval begin="31300.00" end="31400.00" id="inductionLoop.N2" nVehContrib="0" flow="0.00" occupancy="0.00" speed="-1.00" harmonicMeanSpeed="-1.00" length="-1.00" nVehEntered="0"/>
    <interval begin="31400.00" end="31500.00" id="inductionLoop.N2" nVehContrib="0" flow="0.00" occupancy="0.00" speed="-1.00" harmonicMeanSpeed="-1.00" length="-1.00" nVehEntered="0"/>
    <interval begin="31500.00" end="31600.00" id="inductionLoop.N2" nVehContrib="1" flow="36.00" occupancy="0.38" speed="13.17" harmonicMeanSpeed="13.17" length="5.00" nVehEntered="1"/>
    <interval begin="31600.00" end="31700.00" id="inductionLoop.N2" nVehContrib="1" flow="36.00" occupancy="0.40" speed="12.45" harmonicMeanSpeed="12.45" length="5.00" nVehEntered="1"/>
    <interval begin="31700.00" end="31800.00" id="inductionLoop.N2" nVehContrib="0" flow="0.00" occupancy="0.00" speed="-1.00" harmonicMeanSpeed="-1.00" length="-1.00" nVehEntered="0"/>
    <interval begin="31800.00" end="31900.00" id="inductionLoop.N2" nVehContrib="2" flow="72.00" occupancy="0.73" speed="13.67" harmonicMeanSpeed="13.61" length="5.00" nVehEntered="2"/>
    <interval begin="31900.00" end="32000.00" id="inductionLoop.N2" nVehContrib="5" flow="180.00" occupancy="2.12" speed="11.92" harmonicMeanSpeed="11.80" length="5.00" nVehEntered="5"/>
    <interval begin="32000.00" end="32100.00" id="inductionLoop.N2" nVehContrib="4" flow="144.00" occupancy="1.84" speed="11.04" harmonicMeanSpeed="10.85" length="5.00" nVehEntered="4"/>
    <interval begin="32100.00" end="32200.00" id="inductionLoop.N2" nVehContrib="5" flow="180.00" occupancy="2.50" speed="10.24" harmonicMeanSpeed="10.01" length="5.00" nVehEntered="5"/>
    <interval begin="32200.00" end="32300.00" id="inductionLoop.N2" nVehContrib="6" flow="216.00" occupancy="5.01" speed="8.59" harmonicMeanSpeed="6.56" length="5.00" nVehEntered="8"/>
    <interval begin="32300.00" end="32400.00" id="inductionLoop.N2" nVehContrib="7" flow="252.00" occupancy="3.21" speed="11.17" harmonicMeanSpeed="10.90" length="5.00" nVehEntered="7"/>
    <interval begin="32400.00" end="32500.00" id="inductionLoop.N2" nVehContrib="6" flow="216.00" occupancy="3.20" speed="10.02" harmonicMeanSpeed="9.84" length="5.00" nVehEntered="7"/>
    <interval begin="32500.00" end="32600.00" id="inductionLoop.N2" nVehContrib="2" flow="72.00" occupancy="0.76" speed="13.21" harmonicMeanSpeed="13.20" length="5.00" nVehEntered="2"/>
    <interval begin="32600.00" end="32700.00" id="inductionLoop.N2" nVehContrib="3" flow="108.00" occupancy="1.39" speed="11.35" harmonicMeanSpeed="10.81" length="5.00" nVehEntered="3"/>
    <interval begin="32700.00" end="32800.00" id="inductionLoop.N2" nVehContrib="4" flow="144.00" occupancy="3.61" speed="8.41" harmonicMeanSpeed="6.06" length="5.00" nVehEntered="5"/>
    <interval begin="32800.00" end="32900.00" id="inductionLoop.N2" nVehContrib="10" flow="360.00" occupancy="30.07" speed="8.02" harmonicMeanSpeed="2.07" length="5.00" nVehEntered="13"/>
    <interval begin="32900.00" end="33000.00" id="inductionLoop.N2" nVehContrib="8" flow="288.00" occupancy="40.96" speed="6.19" harmonicMeanSpeed="0.89" length="5.00" nVehEntered="9"/>
    <interval begin="33000.00" end="33100.00" id="inductionLoop.N2" nVehContrib="8" flow="288.00" occupancy="16.59" speed="5.66" harmonicMeanSpeed="3.17" length="5.00" nVehEntered="8"/>
    <interval begin="33100.00" end="33200.00" id="inductionLoop.N2" nVehContrib="9" flow="324.00" occupancy="25.44" speed="6.07" harmonicMeanSpeed="1.58" length="5.00" nVehEntered="9"/>
    <interval begin="33200.00" end="33300.00" id="inductionLoop.N2" nVehContrib="10" flow="360.00" occupancy="11.38" speed="9.78" harmonicMeanSpeed="7.51" length="5.00" nVehEntered="11"/>
    <interval begin="33300.00" end="33400.00" id="inductionLoop.N2" nVehContrib="10" flow="360.00" occupancy="10.36" speed="8.91" harmonicMeanSpeed="3.31" length="5.00" nVehEntered="9"/>
    <interval begin="33400.00" end="33500.00" id="inductionLoop.N2" nVehContrib="10" flow="360.00" occupancy="20.31" speed="7.85" harmonicMeanSpeed="2.46" length="5.00" nVehEntered="10"/>
    <interval begin="33500.00" end="33600.00" id="inductionLoop.N2" nVehContrib="5" flow="180.00" occupancy="2.52" speed="10.17" harmonicMeanSpeed="9.94" length="5.00" nVehEntered="5"/>
    <interval begin="33600.00" end="33700.00" id="inductionLoop.N2" nVehContrib="5" flow="180.00" occupancy="4.01" speed="9.72" harmonicMeanSpeed="8.02" length="5.00" nVehEntered="6"/>
    <interval begin="33700.00" end="33800.00" id="inductionLoop.N2" nVehContrib="0" flow="0.00" occupancy="0.00" speed="-1.00" harmonicMeanSpeed="-1.00" length="-1.00" nVehEntered="0"/>
    <interval begin="33800.00" end="33900.00" id="inductionLoop.N2" nVehContrib="0" flow="0.00" occupancy="0.00" speed="-1.00" harmonicMeanSpeed="-1.00" length="-1.00" nVehEntered="0"/>
    <interval begin="33900.00" end="34000.00" id="inductionLoop.N2" nVehContrib="0" flow="0.00" occupancy="0.00" speed="-1.00" harmonicMeanSpeed="-1.00" length="-1.00" nVehEntered="0"/>
    <interval begin="34000.00" end="34100.00" id="inductionLoop.N2" nVehContrib="0" flow="0.00" occupancy="0.00" speed="-1.00" harmonicMeanSpeed="-1.00" length="-1.00" nVehEntered="0"/>
    <interval begin="34100.00" end="34200.00" id="inductionLoop.N2" nVehContrib="0" flow="0.00" occupancy="0.00" speed="-1.00" harmonicMeanSpeed="-1.00" length="-1.00" nVehEntered="0"/>
    <interval begin="34200.00" end="34300.00" id="inductionLoop.N2" nVehContrib="3" flow="108.00" occupancy="1.28" speed="11.96" harmonicMeanSpeed="11.76" length="5.00" nVehEntered="3"/>
    <interval begin="34300.00" end="34400.00" id="inductionLoop.N2" nVehContrib="3" flow="108.00" occupancy="11.85" speed="7.06" harmonicMeanSpeed="1.27" length="5.00" nVehEntered="4"/>
    <interval begin="34400.00" end="34500.00" id="inductionLoop.N2" nVehContrib="4" flow="144.00" occupancy="1.74" speed="11.67" harmonicMeanSpeed="11.52" length="5.00" nVehEntered="4"/>
    <interval begin="34500.00" end="34600.00" id="inductionLoop.N2" nVehContrib="7" flow="252.00" occupancy="24.40" speed="7.30" harmonicMeanSpeed="1.47" length="5.00" nVehEntered="8"/>
    <interval begin="34600.00" end="34700.00" id="inductionLoop.N2" nVehContrib="11" flow="396.00" occupancy="35.58" speed="5.94" harmonicMeanSpeed="1.55" length="5.00" nVehEntered="11"/>
    <interval begin="34700.00" end="34800.00" id="inductionLoop.N2" nVehContrib="8" flow="288.00" occupancy="44.71" speed="5.56" harmonicMeanSpeed="0.89" length="5.00" nVehEntered="8"/>
    <interval begin="34800.00" end="34900.00" id="inductionLoop.N2" nVehContrib="6" flow="216.00" occupancy="11.53" speed="4.33" harmonicMeanSpeed="2.60" length="5.00" nVehEntered="6"/>
    <interval begin="34900.00" end="35000.00" id="inductionLoop.N2" nVehContrib="13" flow="468.00" occupancy="13.32" speed="6.35" harmonicMeanSpeed="4.88" length="5.00" nVehEntered="13"/>
    <interval begin="35000.00" end="35100.00" id="inductionLoop.N2" nVehContrib="11" flow="396.00" occupancy="16.86" speed="4.56" harmonicMeanSpeed="3.45" length="5.00" nVehEntered="12"/>
    <interval begin="35100.00" end="35200.00" id="inductionLoop.N2" nVehContrib="12" flow="432.00" occupancy="69.69" speed="6.58" harmonicMeanSpeed="1.18" length="5.00" nVehEntered="12"/>
    <interval begin="35200.00" end="35300.00" id="inductionLoop.N2" nVehContrib="14" flow="504.00" occupancy="68.76" speed="5.32" harmonicMeanSpeed="0.79" length="5.00" nVehEntered="13"/>
    <interval begin="35300.00" end="35400.00" id="inductionLoop.N2" nVehContrib="6" flow="216.00" occupancy="10.60" speed="5.36" harmonicMeanSpeed="2.83" length="5.00" nVehEntered="6"/>
    <interval begin="35400.00" end="35500.00" id="inductionLoop.N2" nVehContrib="11" flow="396.00" occupancy="24.94" speed="5.62" harmonicMeanSpeed="2.84" length="5.00" nVehEntered="12"/>
    <interval begin="35500.00" end="35600.00" id="inductionLoop.N2" nVehContrib="6" flow="216.00" occupancy="76.63" speed="3.22" harmonicMeanSpeed="0.42" length="5.00" nVehEntered="6"/>
    <interval begin="35600.00" end="35700.00" id="inductionLoop.N2" nVehContrib="13" flow="468.00" occupancy="42.52" speed="5.08" harmonicMeanSpeed="1.24" length="5.00" nVehEntered="12"/>
    <interval begin="35700.00" end="35800.00" id="inductionLoop.N2" nVehContrib="19" flow="684.00" occupancy="52.43" speed="6.21" harmonicMeanSpeed="1.89" length="5.00" nVehEntered="20"/>
    <interval begin="35800.00" end="35900.00" id="inductionLoop.N2" nVehContrib="7" flow="252.00" occupancy="7.30" speed="5.43" harmonicMeanSpeed="3.70" length="5.00" nVehEntered="6"/>
    <interval begin="35900.00" end="36000.00" id="inductionLoop.N2" nVehContrib="7" flow="252.00" occupancy="8.44" speed="6.78" harmonicMeanSpeed="4.47" length="5.00" nVehEntered="8"/>
    <interval begin="36000.00" end="36100.00" id="inductionLoop.N2" nVehContrib="6" flow="216.00" occupancy="26.36" speed="4.11" harmonicMeanSpeed="1.34" length="5.00" nVehEntered="6"/>
    <interval begin="36100.00" end="36200.00" id="inductionLoop.N2" nVehContrib="4" flow="144.00" occupancy="32.10" speed="4.08" harmonicMeanSpeed="0.62" length="5.00" nVehEntered="4"/>
    <interval begin="36200.00" end="36300.00" id="inductionLoop.N2" nVehContrib="5" flow="180.00" occupancy="37.98" speed="2.87" harmonicMeanSpeed="0.67" length="5.00" nVehEntered="6"/>
    <interval begin="36300.00" end="36400.00" id="inductionLoop.N2" nVehContrib="21" flow="756.00" occupancy="65.77" speed="5.61" harmonicMeanSpeed="1.67" length="5.00" nVehEntered="21"/>
    <interval begin="36400.00" end="36500.00" id="inductionLoop.N2" nVehContrib="12" flow="432.00" occupancy="79.20" speed="6.87" harmonicMeanSpeed="0.72" length="5.00" nVehEntered="11"/>
    <interval begin="36500.00" end="36600.00" id="inductionLoop.N2" nVehContrib="10" flow="360.00" occupancy="9.58" speed="8.29" harmonicMeanSpeed="5.22" length="5.00" nVehEntered="10"/>
    <interval begin="36600.00" end="36700.00" id="inductionLoop.N2" nVehContrib="7" flow="252.00" occupancy="10.04" speed="5.18" harmonicMeanSpeed="3.61" length="5.00" nVehEntered="8"/>
    <interval begin="36700.00" end="36800.00" id="inductionLoop.N2" nVehContrib="8" flow="288.00" occupancy="21.30" speed="5.38" harmonicMeanSpeed="4.32" length="5.00" nVehEntered="9"/>
    <interval begin="36800.00" end="36900.00" id="inductionLoop.N2" nVehContrib="12" flow="432.00" occupancy="56.89" speed="7.45" harmonicMeanSpeed="1.38" length="5.00" nVehEntered="12"/>
    <interval begin="36900.00" end="37000.00" id="inductionLoop.N2" nVehContrib="15" flow="540.00" occupancy="52.13" speed="7.99" harmonicMeanSpeed="0.97" length="5.00" nVehEntered="14"/>
    <interval begin="37000.00" end="37100.00" id="inductionLoop.N2" nVehContrib="3" flow="108.00" occupancy="35.73" speed="2.58" harmonicMeanSpeed="0.42" length="5.00" nVehEntered="3"/>
    <interval begin="37100.00" end="37200.00" id="inductionLoop.N2" nVehContrib="13" flow="468.00" occupancy="74.16" speed="6.22" harmonicMeanSpeed="0.88" length="5.00" nVehEntered="13"/>
    <interval begin="37200.00" end="37300.00" id="inductionLoop.N2" nVehContrib="7" flow="252.00" occupancy="23.15" speed="3.32" harmonicMeanSpeed="1.51" length="5.00" nVehEntered="7"/>
    <interval begin="37300.00" end="37400.00" id="inductionLoop.N2" nVehContrib="9" flow="324.00" occupancy="12.52" speed="5.88" harmonicMeanSpeed="3.60" length="5.00" nVehEntered="9"/>
    <interval begin="37400.00" end="37500.00" id="inductionLoop.N2" nVehContrib="7" flow="252.00" occupancy="49.45" speed="5.74" harmonicMeanSpeed="0.71" length="5.00" nVehEntered="7"/>
    <interval begin="37500.00" end="37600.00" id="inductionLoop.N2" nVehContrib="14" flow="504.00" occupancy="54.45" speed="6.75" harmonicMeanSpeed="1.29" length="5.00" nVehEntered="14"/>
    <interval begin="37600.00" end="37700.00" id="inductionLoop.N2" nVehContrib="17" flow="612.00" occupancy="54.71" speed="8.33" harmonicMeanSpeed="1.63" length="5.00" nVehEntered="18"/>
    <interval begin="37700.00" end="37800.00" id="inductionLoop.N2" nVehContrib="9" flow="324.00" occupancy="62.16" speed="6.93" harmonicMeanSpeed="0.91" length="5.00" nVehEntered="9"/>
    <interval begin="37800.00" end="37900.00" id="inductionLoop.N2" nVehContrib="13" flow="468.00" occupancy="39.56" speed="5.68" harmonicMeanSpeed="1.29" length="5.00" nVehEntered="13"/>
    <interval begin="37900.00" end="38000.00" id="inductionLoop.N2" nVehContrib="7" flow="252.00" occupancy="29.94" speed="5.57" harmonicMeanSpeed="1.01" length="5.00" nVehEntered="6"/>
    <interval begin="38000.00" end="38100.00" id="inductionLoop.N2" nVehContrib="13" flow="468.00" occupancy="21.09" speed="7.43" harmonicMeanSpeed="3.08" length="5.00" nVehEntered="13"/>
    <interval begin="38100.00" end="38200.00" id="inductionLoop.N2" nVehContrib="16" flow="576.00" occupancy="37.75" speed="6.24" harmonicMeanSpeed="2.12" length="5.00" nVehEntered="16"/>
    <interval begin="38200.00" end="38300.00" id="inductionLoop.N2" nVehContrib="13" flow="468.00" occupancy="27.90" speed="8.61" harmonicMeanSpeed="7.40" length="5.00" nVehEntered="14"/>
    <interval begin="38300.00" end="38400.00" id="inductionLoop.N2" nVehContrib="13" flow="468.00" occupancy="53.75" speed="7.15" harmonicMeanSpeed="0.89" length="5.00" nVehEntered="12"/>
    <interval begin="38400.00" end="38500.00" id="inductionLoop.N2" nVehContrib="12" flow="432.00" occupancy="13.53" speed="6.47" harmonicMeanSpeed="5.34" length="5.00" nVehEntered="13"/>
    <interval begin="38500.00" end="38600.00" id="inductionLoop.N2" nVehContrib="12" flow="432.00" occupancy="20.11" speed="5.21" harmonicMeanSpeed="3.17" length="5.00" nVehEntered="12"/>
    <interval begin="38600.00" end="38700.00" id="inductionLoop.N2" nVehContrib="10" flow="360.00" occupancy="9.94" speed="6.36" harmonicMeanSpeed="3.72" length="5.00" nVehEntered="9"/>
    <interval begin="38700.00" end="38800.00" id="inductionLoop.N2" nVehContrib="13" flow="468.00" occupancy="12.80" speed="6.51" harmonicMeanSpeed="5.08" length="5.00" nVehEntered="13"/>
    <interval begin="38800.00" end="38900.00" id="inductionLoop.N2" nVehContrib="11" flow="396.00" occupancy="68.43" speed="7.19" harmonicMeanSpeed="0.80" length="5.00" nVehEntered="11"/>
    <interval begin="38900.00" end="39000.00" id="inductionLoop.N2" nVehContrib="8" flow="288.00" occupancy="60.83" speed="6.32" harmonicMeanSpeed="0.66" length="5.00" nVehEntered="8"/>
    <interval begin="39000.00" end="39100.00" id="inductionLoop.N2" nVehContrib="18" flow="648.00" occupancy="51.04" speed="7.49" harmonicMeanSpeed="5.54" length="5.00" nVehEntered="19"/>
    <interval begin="39100.00" end="39200.00" id="inductionLoop.N2" nVehContrib="12" flow="432.00" occupancy="56.44" speed="7.09" harmonicMeanSpeed="0.66" length="5.00" nVehEntered="11"/>
    <interval begin="39200.00" end="39300.00" id="inductionLoop.N2" nVehContrib="15" flow="540.00" occupancy="13.77" speed="7.77" harmonicMeanSpeed="5.90" length="5.00" nVehEntered="16"/>
    <interval begin="39300.00" end="39400.00" id="inductionLoop.N2" nVehContrib="12" flow="432.00" occupancy="81.63" speed="7.99" harmonicMeanSpeed="0.73" length="5.00" nVehEntered="11"/>
    <interval begin="39400.00" end="39500.00" id="inductionLoop.N2" nVehContrib="14" flow="504.00" occupancy="16.45" speed="8.15" harmonicMeanSpeed="6.24" length="5.00" nVehEntered="15"/>
    <interval begin="39500.00" end="39600.00" id="inductionLoop.N2" nVehContrib="7" flow="252.00" occupancy="73.05" speed="5.12" harmonicMeanSpeed="0.45" length="5.00" nVehEntered="6"/>
    <interval begin="39600.00" end="39700.00" id="inductionLoop.N2" nVehContrib="8" flow="288.00" occupancy="6.79" speed="6.35" harmonicMeanSpeed="5.89" length="5.00" nVehEntered="8"/>
    <interval begin="39700.00" end="39800.00" id="inductionLoop.N2" nVehContrib="27" flow="972.00" occupancy="20.54" speed="8.48" harmonicMeanSpeed="6.57" length="5.00" nVehEntered="27"/>
    <interval begin="39800.00" end="39900.00" id="inductionLoop.N2" nVehContrib="0" flow="0.00" occupancy="20.80" speed="-1.00" harmonicMeanSpeed="-1.00" length="-1.00" nVehEntered="1"/>
    <interval begin="39900.00" end="40000.00" id="inductionLoop.N2" nVehContrib="5" flow="180.00" occupancy="87.91" speed="4.61" harmonicMeanSpeed="0.23" length="5.00" nVehEntered="4"/>
    <interval begin="40000.00" end="40100.00" id="inductionLoop.N2" nVehContrib="19" flow="684.00" occupancy="15.64" speed="8.85" harmonicMeanSpeed="6.07" length="5.00" nVehEntered="19"/>
    <interval begin="40100.00" end="40200.00" id="inductionLoop.N2" nVehContrib="11" flow="396.00" occupancy="10.02" speed="8.37" harmonicMeanSpeed="5.49" length="5.00" nVehEntered="11"/>
    <interval begin="40200.00" end="40300.00" id="inductionLoop.N2" nVehContrib="14" flow="504.00" occupancy="12.89" speed="8.34" harmonicMeanSpeed="5.43" length="5.00" nVehEntered="14"/>
    <interval begin="40300.00" end="40400.00" id="inductionLoop.N2" nVehContrib="4" flow="144.00" occupancy="45.40" speed="4.05" harmonicMeanSpeed="0.44" length="5.00" nVehEntered="4"/>
    <interval begin="40400.00" end="40500.00" id="inductionLoop.N2" nVehContrib="8" flow="288.00" occupancy="66.38" speed="5.07" harmonicMeanSpeed="0.66" length="5.00" nVehEntered="9"/>
    <interval begin="40500.00" end="40600.00" id="inductionLoop.N2" nVehContrib="17" flow="612.00" occupancy="21.69" speed="7.52" harmonicMeanSpeed="3.06" length="5.00" nVehEntered="16"/>
    <interval begin="40600.00" end="40700.00" id="inductionLoop.N2" nVehContrib="6" flow="216.00" occupancy="8.10" speed="5.27" harmonicMeanSpeed="3.70" length="5.00" nVehEntered="6"/>
    <interval begin="40700.00" end="40800.00" id="inductionLoop.N2" nVehContrib="8" flow="288.00" occupancy="27.33" speed="7.35" harmonicMeanSpeed="6.27" length="5.00" nVehEntered="9"/>
    <interval begin="40800.00" end="40900.00" id="inductionLoop.N2" nVehContrib="12" flow="432.00" occupancy="80.80" speed="7.95" harmonicMeanSpeed="0.59" length="5.00" nVehEntered="12"/>
    <interval begin="40900.00" end="41000.00" id="inductionLoop.N2" nVehContrib="33" flow="1188.00" occupancy="18.85" speed="9.83" harmonicMeanSpeed="8.55" length="5.00" nVehEntered="32"/>
    <interval begin="41000.00" end="41100.00" id="inductionLoop.N2" nVehContrib="0" flow="0.00" occupancy="0.00" speed="-1.00" harmonicMeanSpeed="-1.00" length="-1.00" nVehEntered="0"/>
    <interval begin="41100.00" end="41200.00" id="inductionLoop.N2" nVehContrib="16" flow="576.00" occupancy="12.58" speed="8.77" harmonicMeanSpeed="6.36" length="5.00" nVehEntered="16"/>
    <interval begin="41200.00" end="41300.00" id="inductionLoop.N2" nVehContrib="4" flow="144.00" occupancy="54.33" speed="4.06" harmonicMeanSpeed="0.43" length="5.00" nVehEntered="5"/>
    <interval begin="41300.00" end="41400.00" id="inductionLoop.N2" nVehContrib="7" flow="252.00" occupancy="23.78" speed="5.72" harmonicMeanSpeed="1.12" length="5.00" nVehEntered="6"/>
    <interval begin="41400.00" end="41500.00" id="inductionLoop.N2" nVehContrib="20" flow="720.00" occupancy="66.82" speed="8.71" harmonicMeanSpeed="3.85" length="5.00" nVehEntered="21"/>
    <interval begin="41500.00" end="41600.00" id="inductionLoop.N2" nVehContrib="6" flow="216.00" occupancy="69.38" speed="5.50" harmonicMeanSpeed="0.27" length="5.00" nVehEntered="6"/>
    <interval begin="41600.00" end="41700.00" id="inductionLoop.N2" nVehContrib="13" flow="468.00" occupancy="8.99" speed="9.09" harmonicMeanSpeed="6.99" length="5.00" nVehEntered="12"/>
    <interval begin="41700.00" end="41800.00" id="inductionLoop.N2" nVehContrib="23" flow="828.00" occupancy="15.98" speed="8.70" harmonicMeanSpeed="7.20" length="5.00" nVehEntered="23"/>
    <interval begin="41800.00" end="41900.00" id="inductionLoop.N2" nVehContrib="1" flow="36.00" occupancy="2.72" speed="2.79" harmonicMeanSpeed="2.79" length="5.00" nVehEntered="2"/>
    <interval begin="41900.00" end="42000.00" id="inductionLoop.N2" nVehContrib="36" flow="1296.00" occupancy="44.36" speed="8.55" harmonicMeanSpeed="3.98" length="5.00" nVehEntered="35"/>
    <interval begin="42000.00" end="42100.00" id="inductionLoop.N2" nVehContrib="1" flow="36.00" occupancy="2.84" speed="1.76" harmonicMeanSpeed="1.76" length="5.00" nVehEntered="1"/>
    <interval begin="42100.00" end="42200.00" id="inductionLoop.N2" nVehContrib="20" flow="720.00" occupancy="32.35" speed="9.08" harmonicMeanSpeed="8.24" length="5.00" nVehEntered="21"/>
    <interval begin="42200.00" end="42300.00" id="inductionLoop.N2" nVehContrib="1" flow="36.00" occupancy="97.10" speed="0.12" harmonicMeanSpeed="0.12" length="5.00" nVehEntered="1"/>
    <interval begin="42300.00" end="42400.00" id="inductionLoop.N2" nVehContrib="6" flow="216.00" occupancy="24.88" speed="5.70" harmonicMeanSpeed="0.30" length="5.00" nVehEntered="6"/>
    <interval begin="42400.00" end="42500.00" id="inductionLoop.N2" nVehContrib="30" flow="1080.00" occupancy="22.80" speed="8.18" harmonicMeanSpeed="6.64" length="5.00" nVehEntered="30"/>
    <interval begin="42500.00" end="42600.00" id="inductionLoop.N2" nVehContrib="2" flow="72.00" occupancy="96.23" speed="1.75" harmonicMeanSpeed="0.10" length="5.00" nVehEntered="1"/>
    <interval begin="42600.00" end="42700.00" id="inductionLoop.N2" nVehContrib="37" flow="1332.00" occupancy="25.13" speed="10.14" harmonicMeanSpeed="7.36" length="5.00" nVehEntered="37"/>
    <interval begin="42700.00" end="42800.00" id="inductionLoop.N2" nVehContrib="17" flow="612.00" occupancy="70.87" speed="8.88" harmonicMeanSpeed="1.21" length="5.00" nVehEntered="18"/>
    <interval begin="42800.00" end="42900.00" id="inductionLoop.N2" nVehContrib="9" flow="324.00" occupancy="40.40" speed="5.66" harmonicMeanSpeed="1.10" length="5.00" nVehEntered="8"/>
    <interval begin="42900.00" end="43000.00" id="inductionLoop.N2" nVehContrib="12" flow="432.00" occupancy="77.86" speed="6.14" harmonicMeanSpeed="0.81" length="5.00" nVehEntered="13"/>
    <interval begin="43000.00" end="43100.00" id="inductionLoop.N2" nVehContrib="6" flow="216.00" occupancy="88.11" speed="3.02" harmonicMeanSpeed="0.59" length="5.00" nVehEntered="6"/>
    <interval begin="43100.00" end="43200.00" id="inductionLoop.N2" nVehContrib="20" flow="720.00" occupancy="62.98" speed="7.60" harmonicMeanSpeed="0.96" length="5.00" nVehEntered="20"/>
    <interval begin="43200.00" end="43300.00" id="inductionLoop.N2" nVehContrib="4" flow="144.00" occupancy="83.39" speed="8.28" harmonicMeanSpeed="8.21" length="5.00" nVehEntered="5"/>
    <interval begin="43300.00" end="43400.00" id="inductionLoop.N2" nVehContrib="20" flow="720.00" occupancy="42.17" speed="8.37" harmonicMeanSpeed="0.81" length="5.00" nVehEntered="19"/>
    <interval begin="43400.00" end="43500.00" id="inductionLoop.N2" nVehContrib="14" flow="504.00" occupancy="8.95" speed="8.94" harmonicMeanSpeed="8.13" length="5.00" nVehEntered="15"/>
    <interval begin="43500.00" end="43600.00" id="inductionLoop.N2" nVehContrib="7" flow="252.00" occupancy="7.55" speed="6.62" harmonicMeanSpeed="4.44" length="5.00" nVehEntered="6"/>
    <interval begin="43600.00" end="43700.00" id="inductionLoop.N2" nVehContrib="16" flow="576.00" occupancy="13.81" speed="8.11" harmonicMeanSpeed="5.79" length="5.00" nVehEntered="16"/>
    <interval begin="43700.00" end="43800.00" id="inductionLoop.N2" nVehContrib="17" flow="612.00" occupancy="37.86" speed="6.70" harmonicMeanSpeed="5.72" length="5.00" nVehEntered="18"/>
    <interval begin="43800.00" end="43900.00" id="inductionLoop.N2" nVehContrib="6" flow="216.00" occupancy="71.02" speed="2.67" harmonicMeanSpeed="0.32" length="5.00" nVehEntered="5"/>
    <interval begin="43900.00" end="44000.00" id="inductionLoop.N2" nVehContrib="11" flow="396.00" occupancy="12.65" speed="6.51" harmonicMeanSpeed="4.35" length="5.00" nVehEntered="11"/>
    <interval begin="44000.00" end="44100.00" id="inductionLoop.N2" nVehContrib="10" flow="360.00" occupancy="7.58" speed="8.98" harmonicMeanSpeed="6.59" length="5.00" nVehEntered="10"/>
    <interval begin="44100.00" end="44200.00" id="inductionLoop.N2" nVehContrib="15" flow="540.00" occupancy="16.00" speed="7.63" harmonicMeanSpeed="4.69" length="5.00" nVehEntered="15"/>
    <interval begin="44200.00" end="44300.00" id="inductionLoop.N2" nVehContrib="10" flow="360.00" occupancy="70.08" speed="6.39" harmonicMeanSpeed="5.32" length="5.00" nVehEntered="11"/>
    <interval begin="44300.00" end="44400.00" id="inductionLoop.N2" nVehContrib="1" flow="36.00" occupancy="4.53" speed="0.08" harmonicMeanSpeed="0.08" length="5.00" nVehEntered="0"/>
    <interval begin="44400.00" end="44500.00" id="inductionLoop.N2" nVehContrib="13" flow="468.00" occupancy="10.95" speed="7.86" harmonicMeanSpeed="6.05" length="5.00" nVehEntered="14"/>
    <interval begin="44500.00" end="44600.00" id="inductionLoop.N2" nVehContrib="17" flow="612.00" occupancy="74.66" speed="9.51" harmonicMeanSpeed="8.94" length="5.00" nVehEntered="17"/>
    <interval begin="44600.00" end="44700.00" id="inductionLoop.N2" nVehContrib="9" flow="324.00" occupancy="21.17" speed="3.49" harmonicMeanSpeed="0.52" length="5.00" nVehEntered="9"/>
    <interval begin="44700.00" end="44800.00" id="inductionLoop.N2" nVehContrib="2" flow="72.00" occupancy="1.30" speed="5.67" harmonicMeanSpeed="5.61" length="5.00" nVehEntered="1"/>
    <interval begin="44800.00" end="44900.00" id="inductionLoop.N2" nVehContrib="23" flow="828.00" occupancy="18.87" speed="9.77" harmonicMeanSpeed="6.09" length="5.00" nVehEntered="23"/>
    <interval begin="44900.00" end="45000.00" id="inductionLoop.N2" nVehContrib="15" flow="540.00" occupancy="11.53" speed="8.56" harmonicMeanSpeed="6.51" length="5.00" nVehEntered="15"/>
    <interval begin="45000.00" end="45100.00" id="inductionLoop.N2" nVehContrib="4" flow="144.00" occupancy="7.92" speed="3.66" harmonicMeanSpeed="2.71" length="5.00" nVehEntered="5"/>
    <interval begin="45100.00" end="45200.00" id="inductionLoop.N2" nVehContrib="11" flow="396.00" occupancy="68.59" speed="6.95" harmonicMeanSpeed="5.28" length="5.00" nVehEntered="11"/>
    <interval begin="45200.00" end="45300.00" id="inductionLoop.N2" nVehContrib="10" flow="360.00" occupancy="35.57" speed="6.83" harmonicMeanSpeed="0.53" length="5.00" nVehEntered="9"/>
    <interval begin="45300.00" end="45400.00" id="inductionLoop.N2" nVehContrib="9" flow="324.00" occupancy="6.06" speed="9.98" harmonicMeanSpeed="7.42" length="5.00" nVehEntered="9"/>
    <interval begin="45400.00" end="45500.00" id="inductionLoop.N2" nVehContrib="30" flow="1080.00" occupancy="17.32" speed="9.18" harmonicMeanSpeed="8.66" length="5.00" nVehEntered="30"/>
    <interval begin="45500.00" end="45600.00" id="inductionLoop.N2" nVehContrib="2" flow="72.00" occupancy="3.29" speed="5.65" harmonicMeanSpeed="3.04" length="5.00" nVehEntered="2"/>
    <interval begin="45600.00" end="45700.00" id="inductionLoop.N2" nVehContrib="8" flow="288.00" occupancy="6.12" speed="8.05" harmonicMeanSpeed="6.53" length="5.00" nVehEntered="8"/>
    <interval begin="45700.00" end="45800.00" id="inductionLoop.N2" nVehContrib="6" flow="216.00" occupancy="24.26" speed="8.33" harmonicMeanSpeed="1.24" length="5.00" nVehEntered="6"/>
    <interval begin="45800.00" end="45900.00" id="inductionLoop.N2" nVehContrib="11" flow="396.00" occupancy="30.88" speed="5.98" harmonicMeanSpeed="2.04" length="5.00" nVehEntered="12"/>
    <interval begin="45900.00" end="46000.00" id="inductionLoop.N2" nVehContrib="14" flow="504.00" occupancy="50.94" speed="6.55" harmonicMeanSpeed="1.28" length="5.00" nVehEntered="13"/>
    <interval begin="46000.00" end="46100.00" id="inductionLoop.N2" nVehContrib="0" flow="0.00" occupancy="0.00" speed="-1.00" harmonicMeanSpeed="-1.00" length="-1.00" nVehEntered="0"/>
    <interval begin="46100.00" end="46200.00" id="inductionLoop.N2" nVehContrib="14" flow="504.00" occupancy="8.89" speed="9.08" harmonicMeanSpeed="7.94" length="5.00" nVehEntered="15"/>
    <interval begin="46200.00" end="46300.00" id="inductionLoop.N2" nVehContrib="5" flow="180.00" occupancy="3.94" speed="8.24" harmonicMeanSpeed="6.22" length="5.00" nVehEntered="4"/>
    <interval begin="46300.00" end="46400.00" id="inductionLoop.N2" nVehContrib="24" flow="864.00" occupancy="13.25" speed="9.82" harmonicMeanSpeed="9.05" length="5.00" nVehEntered="24"/>
    <interval begin="46400.00" end="46500.00" id="inductionLoop.N2" nVehContrib="8" flow="288.00" occupancy="11.94" speed="4.86" harmonicMeanSpeed="3.35" length="5.00" nVehEntered="8"/>
    <interval begin="46500.00" end="46600.00" id="inductionLoop.N2" nVehContrib="9" flow="324.00" occupancy="7.59" speed="7.06" harmonicMeanSpeed="6.35" length="5.00" nVehEntered="10"/>
    <interval begin="46600.00" end="46700.00" id="inductionLoop.N2" nVehContrib="11" flow="396.00" occupancy="62.12" speed="7.46" harmonicMeanSpeed="5.28" length="5.00" nVehEntered="11"/>
    <interval begin="46700.00" end="46800.00" id="inductionLoop.N2" nVehContrib="33" flow="1188.00" occupancy="45.66" speed="8.88" harmonicMeanSpeed="1.71" length="5.00" nVehEntered="33"/>
    <interval begin="46800.00" end="46900.00" id="inductionLoop.N2" nVehContrib="1" flow="36.00" occupancy="2.95" speed="1.18" harmonicMeanSpeed="1.18" length="5.00" nVehEntered="0"/>
    <interval begin="46900.00" end="47000.00" id="inductionLoop.N2" nVehContrib="13" flow="468.00" occupancy="7.95" speed="9.85" harmonicMeanSpeed="8.18" length="5.00" nVehEntered="13"/>
    <interval begin="47000.00" end="47100.00" id="inductionLoop.N2" nVehContrib="21" flow="756.00" occupancy="19.85" speed="7.99" harmonicMeanSpeed="5.29" length="5.00" nVehEntered="21"/>
    <interval begin="47100.00" end="47200.00" id="inductionLoop.N2" nVehContrib="7" flow="252.00" occupancy="4.84" speed="8.20" harmonicMeanSpeed="7.24" length="5.00" nVehEntered="7"/>
    <interval begin="47200.00" end="47300.00" id="inductionLoop.N2" nVehContrib="21" flow="756.00" occupancy="40.08" speed="8.96" harmonicMeanSpeed="4.98" length="5.00" nVehEntered="22"/>
    <interval begin="47300.00" end="47400.00" id="inductionLoop.N2" nVehContrib="12" flow="432.00" occupancy="41.14" speed="6.63" harmonicMeanSpeed="1.00" length="5.00" nVehEntered="11"/>
    <interval begin="47400.00" end="47500.00" id="inductionLoop.N2" nVehContrib="0" flow="0.00" occupancy="0.00" speed="-1.00" harmonicMeanSpeed="-1.00" length="-1.00" nVehEntered="0"/>
    <interval begin="47500.00" end="47600.00" id="inductionLoop.N2" nVehContrib="28" flow="1008.00" occupancy="25.82" speed="8.88" harmonicMeanSpeed="5.52" length="5.00" nVehEntered="29"/>
    <interval begin="47600.00" end="47700.00" id="inductionLoop.N2" nVehContrib="17" flow="612.00" occupancy="35.48" speed="8.41" harmonicMeanSpeed="6.00" length="5.00" nVehEntered="17"/>
    <interval begin="47700.00" end="47800.00" id="inductionLoop.N2" nVehContrib="12" flow="432.00" occupancy="78.89" speed="8.01" harmonicMeanSpeed="0.60" length="5.00" nVehEntered="11"/>
    <interval begin="47800.00" end="47900.00" id="inductionLoop.N2" nVehContrib="14" flow="504.00" occupancy="45.20" speed="8.88" harmonicMeanSpeed="3.77" length="5.00" nVehEntered="15"/>
    <interval begin="47900.00" end="48000.00" id="inductionLoop.N2" nVehContrib="18" flow="648.00" occupancy="19.49" speed="8.65" harmonicMeanSpeed="1.95" length="5.00" nVehEntered="17"/>
    <interval begin="48000.00" end="48100.00" id="inductionLoop.N2" nVehContrib="0" flow="0.00" occupancy="0.00" speed="-1.00" harmonicMeanSpeed="-1.00" length="-1.00" nVehEntered="0"/>
    <interval begin="48100.00" end="48200.00" id="inductionLoop.N2" nVehContrib="16" flow="576.00" occupancy="12.41" speed="8.64" harmonicMeanSpeed="6.45" length="5.00" nVehEntered="16"/>
    <interval begin="48200.00" end="48300.00" id="inductionLoop.N2" nVehContrib="5" flow="180.00" occupancy="77.94" speed="4.60" harmonicMeanSpeed="0.32" length="5.00" nVehEntered="5"/>
    <interval begin="48300.00" end="48400.00" id="inductionLoop.N2" nVehContrib="29" flow="1044.00" occupancy="19.12" speed="9.17" harmonicMeanSpeed="7.58" length="5.00" nVehEntered="29"/>
    <interval begin="48400.00" end="48500.00" id="inductionLoop.N2" nVehContrib="12" flow="432.00" occupancy="67.34" speed="7.60" harmonicMeanSpeed="5.70" length="5.00" nVehEntered="13"/>
    <interval begin="48500.00" end="48600.00" id="inductionLoop.N2" nVehContrib="18" flow="648.00" occupancy="20.55" speed="8.29" harmonicMeanSpeed="1.16" length="5.00" nVehEntered="17"/>
    <interval begin="48600.00" end="48700.00" id="inductionLoop.N2" nVehContrib="0" flow="0.00" occupancy="0.00" speed="-1.00" harmonicMeanSpeed="-1.00" length="-1.00" nVehEntered="0"/>
    <interval begin="48700.00" end="48800.00" id="inductionLoop.N2" nVehContrib="21" flow="756.00" occupancy="50.78" speed="8.35" harmonicMeanSpeed="4.74" length="5.00" nVehEntered="22"/>
    <interval begin="48800.00" end="48900.00" id="inductionLoop.N2" nVehContrib="1" flow="36.00" occupancy="97.10" speed="0.05" harmonicMeanSpeed="0.05" length="5.00" nVehEntered="1"/>
    <interval begin="48900.00" end="49000.00" id="inductionLoop.N2" nVehContrib="0" flow="0.00" occupancy="100.00" speed="-1.00" harmonicMeanSpeed="-1.00" length="-1.00" nVehEntered="0"/>
    <interval begin="49000.00" end="49100.00" id="inductionLoop.N2" nVehContrib="37" flow="1332.00" occupancy="42.32" speed="8.28" harmonicMeanSpeed="1.13" length="5.00" nVehEntered="37"/>
    <interval begin="49100.00" end="49200.00" id="inductionLoop.N2" nVehContrib="1" flow="36.00" occupancy="1.81" speed="1.32" harmonicMeanSpeed="1.32" length="5.00" nVehEntered="0"/>
    <interval begin="49200.00" end="49300.00" id="inductionLoop.N2" nVehContrib="26" flow="936.00" occupancy="27.72" speed="5.95" harmonicMeanSpeed="4.69" length="5.00" nVehEntered="26"/>
    <interval begin="49300.00" end="49400.00" id="inductionLoop.N2" nVehContrib="3" flow="108.00" occupancy="93.52" speed="3.22" harmonicMeanSpeed="0.36" length="5.00" nVehEntered="4"/>
    <interval begin="49400.00" end="49500.00" id="inductionLoop.N2" nVehContrib="8" flow="288.00" occupancy="84.24" speed="3.69" harmonicMeanSpeed="0.29" length="5.00" nVehEntered="7"/>
    <interval begin="49500.00" end="49600.00" id="inductionLoop.N2" nVehContrib="31" flow="1116.00" occupancy="21.29" speed="8.93" harmonicMeanSpeed="7.28" length="5.00" nVehEntered="31"/>
    <interval begin="49600.00" end="49700.00" id="inductionLoop.N2" nVehContrib="8" flow="288.00" occupancy="9.50" speed="8.27" harmonicMeanSpeed="4.21" length="5.00" nVehEntered="8"/>
    <interval begin="49700.00" end="49800.00" id="inductionLoop.N2" nVehContrib="11" flow="396.00" occupancy="29.76" speed="8.59" harmonicMeanSpeed="7.49" length="5.00" nVehEntered="12"/>
    <interval begin="49800.00" end="49900.00" id="inductionLoop.N2" nVehContrib="18" flow="648.00" occupancy="30.63" speed="7.60" harmonicMeanSpeed="1.70" length="5.00" nVehEntered="17"/>
    <interval begin="49900.00" end="50000.00" id="inductionLoop.N2" nVehContrib="0" flow="0.00" occupancy="98.75" speed="-1.00" harmonicMeanSpeed="-1.00" length="-1.00" nVehEntered="1"/>
    <interval begin="50000.00" end="50010.00" id="inductionLoop.N2" nVehContrib="0" flow="0.00" occupancy="100.00" speed="-1.00" harmonicMeanSpeed="-1.00" length="-1.00" nVehEntered="0"/>
</detector>
