<?xml version="1.0" encoding="UTF-8"?>

<!-- generated on 2023-07-22 11:17:52 by Eclipse SUMO sumo Version 1.12.0
<configuration xmlns:xsi="http://www.w3.org/2001/XMLSchema-instance" xsi:noNamespaceSchemaLocation="http://sumo.dlr.de/xsd/sumoConfiguration.xsd">

    <input>
        <net-file value="Data0-13/intersection.net.xml"/>
        <route-files value="Data0-13/intersection.rou.xml"/>
        <additional-files value="Data0-13/intersection.det.xml"/>
    </input>

    <output>
        <tripinfo-output value="Data0-13/tripinfo.xml"/>
    </output>

    <time>
        <begin value="0"/>
    </time>

    <processing>
        <time-to-teleport value="-1"/>
        <waiting-time-memory value="60000"/>
    </processing>

    <report>
        <verbose value="true"/>
        <no-step-log value="true"/>
    </report>

    <emissions>
        <device.emissions.probability value="1"/>
    </emissions>

    <traci_server>
        <remote-port value="50275"/>
    </traci_server>

    <gui_only>
        <gui-settings-file value="Data0-13/intersection.settings.xml"/>
    </gui_only>

</configuration>
-->

<detector xmlns:xsi="http://www.w3.org/2001/XMLSchema-instance" xsi:noNamespaceSchemaLocation="http://sumo.dlr.de/xsd/det_e1_file.xsd">
    <interval begin="0.00" end="100.00" id="inductionLoop.W4" nVehContrib="1" flow="36.00" occupancy="1.17" speed="4.28" harmonicMeanSpeed="4.28" length="5.00" nVehEntered="1"/>
    <interval begin="100.00" end="200.00" id="inductionLoop.W4" nVehContrib="0" flow="0.00" occupancy="0.00" speed="-1.00" harmonicMeanSpeed="-1.00" length="-1.00" nVehEntered="0"/>
    <interval begin="200.00" end="300.00" id="inductionLoop.W4" nVehContrib="0" flow="0.00" occupancy="0.00" speed="-1.00" harmonicMeanSpeed="-1.00" length="-1.00" nVehEntered="0"/>
    <interval begin="300.00" end="400.00" id="inductionLoop.W4" nVehContrib="0" flow="0.00" occupancy="0.00" speed="-1.00" harmonicMeanSpeed="-1.00" length="-1.00" nVehEntered="0"/>
    <interval begin="400.00" end="500.00" id="inductionLoop.W4" nVehContrib="3" flow="108.00" occupancy="4.33" speed="3.48" harmonicMeanSpeed="3.46" length="5.00" nVehEntered="3"/>
    <interval begin="500.00" end="600.00" id="inductionLoop.W4" nVehContrib="3" flow="108.00" occupancy="13.16" speed="4.99" harmonicMeanSpeed="1.14" length="5.00" nVehEntered="3"/>
    <interval begin="600.00" end="700.00" id="inductionLoop.W4" nVehContrib="3" flow="108.00" occupancy="4.08" speed="3.80" harmonicMeanSpeed="3.68" length="5.00" nVehEntered="3"/>
    <interval begin="700.00" end="800.00" id="inductionLoop.W4" nVehContrib="5" flow="180.00" occupancy="10.86" speed="5.84" harmonicMeanSpeed="2.30" length="5.00" nVehEntered="5"/>
    <interval begin="800.00" end="900.00" id="inductionLoop.W4" nVehContrib="0" flow="0.00" occupancy="0.00" speed="-1.00" harmonicMeanSpeed="-1.00" length="-1.00" nVehEntered="0"/>
    <interval begin="900.00" end="1000.00" id="inductionLoop.W4" nVehContrib="2" flow="72.00" occupancy="0.92" speed="10.93" harmonicMeanSpeed="10.87" length="5.00" nVehEntered="2"/>
    <interval begin="1000.00" end="1100.00" id="inductionLoop.W4" nVehContrib="0" flow="0.00" occupancy="0.00" speed="-1.00" harmonicMeanSpeed="-1.00" length="-1.00" nVehEntered="0"/>
    <interval begin="1100.00" end="1200.00" id="inductionLoop.W4" nVehContrib="0" flow="0.00" occupancy="0.00" speed="-1.00" harmonicMeanSpeed="-1.00" length="-1.00" nVehEntered="0"/>
    <interval begin="1200.00" end="1300.00" id="inductionLoop.W4" nVehContrib="2" flow="72.00" occupancy="2.79" speed="3.62" harmonicMeanSpeed="3.58" length="5.00" nVehEntered="2"/>
    <interval begin="1300.00" end="1400.00" id="inductionLoop.W4" nVehContrib="0" flow="0.00" occupancy="0.00" speed="-1.00" harmonicMeanSpeed="-1.00" length="-1.00" nVehEntered="0"/>
    <interval begin="1400.00" end="1500.00" id="inductionLoop.W4" nVehContrib="0" flow="0.00" occupancy="0.00" speed="-1.00" harmonicMeanSpeed="-1.00" length="-1.00" nVehEntered="0"/>
    <interval begin="1500.00" end="1600.00" id="inductionLoop.W4" nVehContrib="1" flow="36.00" occupancy="0.33" speed="14.97" harmonicMeanSpeed="14.97" length="5.00" nVehEntered="1"/>
    <interval begin="1600.00" end="1700.00" id="inductionLoop.W4" nVehContrib="2" flow="72.00" occupancy="1.81" speed="6.79" harmonicMeanSpeed="5.53" length="5.00" nVehEntered="2"/>
    <interval begin="1700.00" end="1800.00" id="inductionLoop.W4" nVehContrib="4" flow="144.00" occupancy="3.50" speed="8.23" harmonicMeanSpeed="5.72" length="5.00" nVehEntered="4"/>
    <interval begin="1800.00" end="1900.00" id="inductionLoop.W4" nVehContrib="2" flow="72.00" occupancy="1.77" speed="6.00" harmonicMeanSpeed="5.63" length="5.00" nVehEntered="2"/>
    <interval begin="1900.00" end="2000.00" id="inductionLoop.W4" nVehContrib="2" flow="72.00" occupancy="1.83" speed="9.05" harmonicMeanSpeed="5.46" length="5.00" nVehEntered="2"/>
    <interval begin="2000.00" end="2100.00" id="inductionLoop.W4" nVehContrib="0" flow="0.00" occupancy="0.00" speed="-1.00" harmonicMeanSpeed="-1.00" length="-1.00" nVehEntered="0"/>
    <interval begin="2100.00" end="2200.00" id="inductionLoop.W4" nVehContrib="1" flow="36.00" occupancy="1.16" speed="4.31" harmonicMeanSpeed="4.31" length="5.00" nVehEntered="1"/>
    <interval begin="2200.00" end="2300.00" id="inductionLoop.W4" nVehContrib="1" flow="36.00" occupancy="1.19" speed="4.21" harmonicMeanSpeed="4.21" length="5.00" nVehEntered="1"/>
    <interval begin="2300.00" end="2400.00" id="inductionLoop.W4" nVehContrib="1" flow="36.00" occupancy="1.42" speed="3.52" harmonicMeanSpeed="3.52" length="5.00" nVehEntered="1"/>
    <interval begin="2400.00" end="2500.00" id="inductionLoop.W4" nVehContrib="2" flow="72.00" occupancy="2.81" speed="3.60" harmonicMeanSpeed="3.56" length="5.00" nVehEntered="2"/>
    <interval begin="2500.00" end="2600.00" id="inductionLoop.W4" nVehContrib="0" flow="0.00" occupancy="0.00" speed="-1.00" harmonicMeanSpeed="-1.00" length="-1.00" nVehEntered="0"/>
    <interval begin="2600.00" end="2700.00" id="inductionLoop.W4" nVehContrib="2" flow="72.00" occupancy="2.71" speed="3.69" harmonicMeanSpeed="3.69" length="5.00" nVehEntered="2"/>
    <interval begin="2700.00" end="2800.00" id="inductionLoop.W4" nVehContrib="0" flow="0.00" occupancy="0.00" speed="-1.00" harmonicMeanSpeed="-1.00" length="-1.00" nVehEntered="0"/>
    <interval begin="2800.00" end="2900.00" id="inductionLoop.W4" nVehContrib="0" flow="0.00" occupancy="0.00" speed="-1.00" harmonicMeanSpeed="-1.00" length="-1.00" nVehEntered="0"/>
    <interval begin="2900.00" end="3000.00" id="inductionLoop.W4" nVehContrib="0" flow="0.00" occupancy="0.00" speed="-1.00" harmonicMeanSpeed="-1.00" length="-1.00" nVehEntered="0"/>
    <interval begin="3000.00" end="3100.00" id="inductionLoop.W4" nVehContrib="3" flow="108.00" occupancy="3.01" speed="5.98" harmonicMeanSpeed="4.99" length="5.00" nVehEntered="3"/>
    <interval begin="3100.00" end="3200.00" id="inductionLoop.W4" nVehContrib="1" flow="36.00" occupancy="1.14" speed="4.38" harmonicMeanSpeed="4.38" length="5.00" nVehEntered="1"/>
    <interval begin="3200.00" end="3300.00" id="inductionLoop.W4" nVehContrib="0" flow="0.00" occupancy="0.00" speed="-1.00" harmonicMeanSpeed="-1.00" length="-1.00" nVehEntered="0"/>
    <interval begin="3300.00" end="3400.00" id="inductionLoop.W4" nVehContrib="0" flow="0.00" occupancy="0.00" speed="-1.00" harmonicMeanSpeed="-1.00" length="-1.00" nVehEntered="0"/>
    <interval begin="3400.00" end="3500.00" id="inductionLoop.W4" nVehContrib="0" flow="0.00" occupancy="0.00" speed="-1.00" harmonicMeanSpeed="-1.00" length="-1.00" nVehEntered="0"/>
    <interval begin="3500.00" end="3600.00" id="inductionLoop.W4" nVehContrib="0" flow="0.00" occupancy="0.00" speed="-1.00" harmonicMeanSpeed="-1.00" length="-1.00" nVehEntered="0"/>
    <interval begin="3600.00" end="3700.00" id="inductionLoop.W4" nVehContrib="0" flow="0.00" occupancy="0.00" speed="-1.00" harmonicMeanSpeed="-1.00" length="-1.00" nVehEntered="0"/>
    <interval begin="3700.00" end="3800.00" id="inductionLoop.W4" nVehContrib="0" flow="0.00" occupancy="0.00" speed="-1.00" harmonicMeanSpeed="-1.00" length="-1.00" nVehEntered="0"/>
    <interval begin="3800.00" end="3900.00" id="inductionLoop.W4" nVehContrib="0" flow="0.00" occupancy="0.00" speed="-1.00" harmonicMeanSpeed="-1.00" length="-1.00" nVehEntered="0"/>
    <interval begin="3900.00" end="4000.00" id="inductionLoop.W4" nVehContrib="0" flow="0.00" occupancy="0.00" speed="-1.00" harmonicMeanSpeed="-1.00" length="-1.00" nVehEntered="0"/>
    <interval begin="4000.00" end="4100.00" id="inductionLoop.W4" nVehContrib="0" flow="0.00" occupancy="0.00" speed="-1.00" harmonicMeanSpeed="-1.00" length="-1.00" nVehEntered="0"/>
    <interval begin="4100.00" end="4200.00" id="inductionLoop.W4" nVehContrib="1" flow="36.00" occupancy="1.11" speed="4.51" harmonicMeanSpeed="4.51" length="5.00" nVehEntered="1"/>
    <interval begin="4200.00" end="4300.00" id="inductionLoop.W4" nVehContrib="3" flow="108.00" occupancy="3.14" speed="6.05" harmonicMeanSpeed="4.78" length="5.00" nVehEntered="3"/>
    <interval begin="4300.00" end="4400.00" id="inductionLoop.W4" nVehContrib="0" flow="0.00" occupancy="0.00" speed="-1.00" harmonicMeanSpeed="-1.00" length="-1.00" nVehEntered="0"/>
    <interval begin="4400.00" end="4500.00" id="inductionLoop.W4" nVehContrib="0" flow="0.00" occupancy="0.00" speed="-1.00" harmonicMeanSpeed="-1.00" length="-1.00" nVehEntered="0"/>
    <interval begin="4500.00" end="4600.00" id="inductionLoop.W4" nVehContrib="2" flow="72.00" occupancy="2.65" speed="3.77" harmonicMeanSpeed="3.77" length="5.00" nVehEntered="2"/>
    <interval begin="4600.00" end="4700.00" id="inductionLoop.W4" nVehContrib="0" flow="0.00" occupancy="0.00" speed="-1.00" harmonicMeanSpeed="-1.00" length="-1.00" nVehEntered="0"/>
    <interval begin="4700.00" end="4800.00" id="inductionLoop.W4" nVehContrib="0" flow="0.00" occupancy="0.00" speed="-1.00" harmonicMeanSpeed="-1.00" length="-1.00" nVehEntered="0"/>
    <interval begin="4800.00" end="4900.00" id="inductionLoop.W4" nVehContrib="1" flow="36.00" occupancy="0.37" speed="13.34" harmonicMeanSpeed="13.34" length="5.00" nVehEntered="1"/>
    <interval begin="4900.00" end="5000.00" id="inductionLoop.W4" nVehContrib="0" flow="0.00" occupancy="0.00" speed="-1.00" harmonicMeanSpeed="-1.00" length="-1.00" nVehEntered="0"/>
    <interval begin="5000.00" end="5100.00" id="inductionLoop.W4" nVehContrib="1" flow="36.00" occupancy="1.17" speed="4.28" harmonicMeanSpeed="4.28" length="5.00" nVehEntered="1"/>
    <interval begin="5100.00" end="5200.00" id="inductionLoop.W4" nVehContrib="1" flow="36.00" occupancy="0.32" speed="15.39" harmonicMeanSpeed="15.39" length="5.00" nVehEntered="1"/>
    <interval begin="5200.00" end="5300.00" id="inductionLoop.W4" nVehContrib="0" flow="0.00" occupancy="0.00" speed="-1.00" harmonicMeanSpeed="-1.00" length="-1.00" nVehEntered="0"/>
    <interval begin="5300.00" end="5400.00" id="inductionLoop.W4" nVehContrib="0" flow="0.00" occupancy="0.00" speed="-1.00" harmonicMeanSpeed="-1.00" length="-1.00" nVehEntered="0"/>
    <interval begin="5400.00" end="5500.00" id="inductionLoop.W4" nVehContrib="0" flow="0.00" occupancy="0.00" speed="-1.00" harmonicMeanSpeed="-1.00" length="-1.00" nVehEntered="0"/>
    <interval begin="5500.00" end="5600.00" id="inductionLoop.W4" nVehContrib="0" flow="0.00" occupancy="0.00" speed="-1.00" harmonicMeanSpeed="-1.00" length="-1.00" nVehEntered="0"/>
    <interval begin="5600.00" end="5700.00" id="inductionLoop.W4" nVehContrib="0" flow="0.00" occupancy="0.00" speed="-1.00" harmonicMeanSpeed="-1.00" length="-1.00" nVehEntered="0"/>
    <interval begin="5700.00" end="5800.00" id="inductionLoop.W4" nVehContrib="0" flow="0.00" occupancy="0.00" speed="-1.00" harmonicMeanSpeed="-1.00" length="-1.00" nVehEntered="0"/>
    <interval begin="5800.00" end="5900.00" id="inductionLoop.W4" nVehContrib="0" flow="0.00" occupancy="0.00" speed="-1.00" harmonicMeanSpeed="-1.00" length="-1.00" nVehEntered="0"/>
    <interval begin="5900.00" end="6000.00" id="inductionLoop.W4" nVehContrib="1" flow="36.00" occupancy="1.14" speed="4.38" harmonicMeanSpeed="4.38" length="5.00" nVehEntered="1"/>
    <interval begin="6000.00" end="6100.00" id="inductionLoop.W4" nVehContrib="1" flow="36.00" occupancy="0.36" speed="13.99" harmonicMeanSpeed="13.99" length="5.00" nVehEntered="1"/>
    <interval begin="6100.00" end="6200.00" id="inductionLoop.W4" nVehContrib="0" flow="0.00" occupancy="0.00" speed="-1.00" harmonicMeanSpeed="-1.00" length="-1.00" nVehEntered="0"/>
    <interval begin="6200.00" end="6300.00" id="inductionLoop.W4" nVehContrib="0" flow="0.00" occupancy="0.00" speed="-1.00" harmonicMeanSpeed="-1.00" length="-1.00" nVehEntered="0"/>
    <interval begin="6300.00" end="6400.00" id="inductionLoop.W4" nVehContrib="0" flow="0.00" occupancy="0.00" speed="-1.00" harmonicMeanSpeed="-1.00" length="-1.00" nVehEntered="0"/>
    <interval begin="6400.00" end="6500.00" id="inductionLoop.W4" nVehContrib="0" flow="0.00" occupancy="0.00" speed="-1.00" harmonicMeanSpeed="-1.00" length="-1.00" nVehEntered="0"/>
    <interval begin="6500.00" end="6600.00" id="inductionLoop.W4" nVehContrib="0" flow="0.00" occupancy="0.00" speed="-1.00" harmonicMeanSpeed="-1.00" length="-1.00" nVehEntered="0"/>
    <interval begin="6600.00" end="6700.00" id="inductionLoop.W4" nVehContrib="0" flow="0.00" occupancy="0.00" speed="-1.00" harmonicMeanSpeed="-1.00" length="-1.00" nVehEntered="0"/>
    <interval begin="6700.00" end="6800.00" id="inductionLoop.W4" nVehContrib="0" flow="0.00" occupancy="0.00" speed="-1.00" harmonicMeanSpeed="-1.00" length="-1.00" nVehEntered="0"/>
    <interval begin="6800.00" end="6900.00" id="inductionLoop.W4" nVehContrib="1" flow="36.00" occupancy="0.30" speed="16.49" harmonicMeanSpeed="16.49" length="5.00" nVehEntered="1"/>
    <interval begin="6900.00" end="7000.00" id="inductionLoop.W4" nVehContrib="0" flow="0.00" occupancy="0.00" speed="-1.00" harmonicMeanSpeed="-1.00" length="-1.00" nVehEntered="0"/>
    <interval begin="7000.00" end="7100.00" id="inductionLoop.W4" nVehContrib="1" flow="36.00" occupancy="0.38" speed="13.25" harmonicMeanSpeed="13.25" length="5.00" nVehEntered="1"/>
    <interval begin="7100.00" end="7200.00" id="inductionLoop.W4" nVehContrib="1" flow="36.00" occupancy="0.36" speed="13.81" harmonicMeanSpeed="13.81" length="5.00" nVehEntered="1"/>
    <interval begin="7200.00" end="7300.00" id="inductionLoop.W4" nVehContrib="1" flow="36.00" occupancy="0.34" speed="14.84" harmonicMeanSpeed="14.84" length="5.00" nVehEntered="1"/>
    <interval begin="7300.00" end="7400.00" id="inductionLoop.W4" nVehContrib="0" flow="0.00" occupancy="0.00" speed="-1.00" harmonicMeanSpeed="-1.00" length="-1.00" nVehEntered="0"/>
    <interval begin="7400.00" end="7500.00" id="inductionLoop.W4" nVehContrib="0" flow="0.00" occupancy="0.00" speed="-1.00" harmonicMeanSpeed="-1.00" length="-1.00" nVehEntered="0"/>
    <interval begin="7500.00" end="7600.00" id="inductionLoop.W4" nVehContrib="0" flow="0.00" occupancy="0.00" speed="-1.00" harmonicMeanSpeed="-1.00" length="-1.00" nVehEntered="0"/>
    <interval begin="7600.00" end="7700.00" id="inductionLoop.W4" nVehContrib="0" flow="0.00" occupancy="0.00" speed="-1.00" harmonicMeanSpeed="-1.00" length="-1.00" nVehEntered="0"/>
    <interval begin="7700.00" end="7800.00" id="inductionLoop.W4" nVehContrib="0" flow="0.00" occupancy="0.00" speed="-1.00" harmonicMeanSpeed="-1.00" length="-1.00" nVehEntered="0"/>
    <interval begin="7800.00" end="7900.00" id="inductionLoop.W4" nVehContrib="0" flow="0.00" occupancy="0.00" speed="-1.00" harmonicMeanSpeed="-1.00" length="-1.00" nVehEntered="0"/>
    <interval begin="7900.00" end="8000.00" id="inductionLoop.W4" nVehContrib="0" flow="0.00" occupancy="0.00" speed="-1.00" harmonicMeanSpeed="-1.00" length="-1.00" nVehEntered="0"/>
    <interval begin="8000.00" end="8100.00" id="inductionLoop.W4" nVehContrib="0" flow="0.00" occupancy="0.00" speed="-1.00" harmonicMeanSpeed="-1.00" length="-1.00" nVehEntered="0"/>
    <interval begin="8100.00" end="8200.00" id="inductionLoop.W4" nVehContrib="0" flow="0.00" occupancy="0.00" speed="-1.00" harmonicMeanSpeed="-1.00" length="-1.00" nVehEntered="0"/>
    <interval begin="8200.00" end="8300.00" id="inductionLoop.W4" nVehContrib="0" flow="0.00" occupancy="0.00" speed="-1.00" harmonicMeanSpeed="-1.00" length="-1.00" nVehEntered="0"/>
    <interval begin="8300.00" end="8400.00" id="inductionLoop.W4" nVehContrib="0" flow="0.00" occupancy="0.00" speed="-1.00" harmonicMeanSpeed="-1.00" length="-1.00" nVehEntered="0"/>
    <interval begin="8400.00" end="8500.00" id="inductionLoop.W4" nVehContrib="0" flow="0.00" occupancy="0.00" speed="-1.00" harmonicMeanSpeed="-1.00" length="-1.00" nVehEntered="0"/>
    <interval begin="8500.00" end="8600.00" id="inductionLoop.W4" nVehContrib="0" flow="0.00" occupancy="0.00" speed="-1.00" harmonicMeanSpeed="-1.00" length="-1.00" nVehEntered="0"/>
    <interval begin="8600.00" end="8700.00" id="inductionLoop.W4" nVehContrib="0" flow="0.00" occupancy="0.00" speed="-1.00" harmonicMeanSpeed="-1.00" length="-1.00" nVehEntered="0"/>
    <interval begin="8700.00" end="8800.00" id="inductionLoop.W4" nVehContrib="0" flow="0.00" occupancy="0.00" speed="-1.00" harmonicMeanSpeed="-1.00" length="-1.00" nVehEntered="0"/>
    <interval begin="8800.00" end="8900.00" id="inductionLoop.W4" nVehContrib="0" flow="0.00" occupancy="0.00" speed="-1.00" harmonicMeanSpeed="-1.00" length="-1.00" nVehEntered="0"/>
    <interval begin="8900.00" end="9000.00" id="inductionLoop.W4" nVehContrib="0" flow="0.00" occupancy="0.00" speed="-1.00" harmonicMeanSpeed="-1.00" length="-1.00" nVehEntered="0"/>
    <interval begin="9000.00" end="9100.00" id="inductionLoop.W4" nVehContrib="0" flow="0.00" occupancy="0.00" speed="-1.00" harmonicMeanSpeed="-1.00" length="-1.00" nVehEntered="0"/>
    <interval begin="9100.00" end="9200.00" id="inductionLoop.W4" nVehContrib="0" flow="0.00" occupancy="0.00" speed="-1.00" harmonicMeanSpeed="-1.00" length="-1.00" nVehEntered="0"/>
    <interval begin="9200.00" end="9300.00" id="inductionLoop.W4" nVehContrib="0" flow="0.00" occupancy="0.00" speed="-1.00" harmonicMeanSpeed="-1.00" length="-1.00" nVehEntered="0"/>
    <interval begin="9300.00" end="9400.00" id="inductionLoop.W4" nVehContrib="0" flow="0.00" occupancy="0.00" speed="-1.00" harmonicMeanSpeed="-1.00" length="-1.00" nVehEntered="0"/>
    <interval begin="9400.00" end="9500.00" id="inductionLoop.W4" nVehContrib="1" flow="36.00" occupancy="1.28" speed="3.91" harmonicMeanSpeed="3.91" length="5.00" nVehEntered="1"/>
    <interval begin="9500.00" end="9600.00" id="inductionLoop.W4" nVehContrib="0" flow="0.00" occupancy="0.00" speed="-1.00" harmonicMeanSpeed="-1.00" length="-1.00" nVehEntered="0"/>
    <interval begin="9600.00" end="9700.00" id="inductionLoop.W4" nVehContrib="0" flow="0.00" occupancy="0.00" speed="-1.00" harmonicMeanSpeed="-1.00" length="-1.00" nVehEntered="0"/>
    <interval begin="9700.00" end="9800.00" id="inductionLoop.W4" nVehContrib="0" flow="0.00" occupancy="0.00" speed="-1.00" harmonicMeanSpeed="-1.00" length="-1.00" nVehEntered="0"/>
    <interval begin="9800.00" end="9900.00" id="inductionLoop.W4" nVehContrib="0" flow="0.00" occupancy="0.00" speed="-1.00" harmonicMeanSpeed="-1.00" length="-1.00" nVehEntered="0"/>
    <interval begin="9900.00" end="10000.00" id="inductionLoop.W4" nVehContrib="0" flow="0.00" occupancy="0.00" speed="-1.00" harmonicMeanSpeed="-1.00" length="-1.00" nVehEntered="0"/>
    <interval begin="10000.00" end="10100.00" id="inductionLoop.W4" nVehContrib="0" flow="0.00" occupancy="0.00" speed="-1.00" harmonicMeanSpeed="-1.00" length="-1.00" nVehEntered="0"/>
    <interval begin="10100.00" end="10200.00" id="inductionLoop.W4" nVehContrib="0" flow="0.00" occupancy="0.00" speed="-1.00" harmonicMeanSpeed="-1.00" length="-1.00" nVehEntered="0"/>
    <interval begin="10200.00" end="10300.00" id="inductionLoop.W4" nVehContrib="0" flow="0.00" occupancy="0.00" speed="-1.00" harmonicMeanSpeed="-1.00" length="-1.00" nVehEntered="0"/>
    <interval begin="10300.00" end="10400.00" id="inductionLoop.W4" nVehContrib="0" flow="0.00" occupancy="0.00" speed="-1.00" harmonicMeanSpeed="-1.00" length="-1.00" nVehEntered="0"/>
    <interval begin="10400.00" end="10500.00" id="inductionLoop.W4" nVehContrib="0" flow="0.00" occupancy="0.00" speed="-1.00" harmonicMeanSpeed="-1.00" length="-1.00" nVehEntered="0"/>
    <interval begin="10500.00" end="10600.00" id="inductionLoop.W4" nVehContrib="0" flow="0.00" occupancy="0.00" speed="-1.00" harmonicMeanSpeed="-1.00" length="-1.00" nVehEntered="0"/>
    <interval begin="10600.00" end="10700.00" id="inductionLoop.W4" nVehContrib="0" flow="0.00" occupancy="0.00" speed="-1.00" harmonicMeanSpeed="-1.00" length="-1.00" nVehEntered="0"/>
    <interval begin="10700.00" end="10800.00" id="inductionLoop.W4" nVehContrib="0" flow="0.00" occupancy="0.00" speed="-1.00" harmonicMeanSpeed="-1.00" length="-1.00" nVehEntered="0"/>
    <interval begin="10800.00" end="10900.00" id="inductionLoop.W4" nVehContrib="0" flow="0.00" occupancy="0.00" speed="-1.00" harmonicMeanSpeed="-1.00" length="-1.00" nVehEntered="0"/>
    <interval begin="10900.00" end="11000.00" id="inductionLoop.W4" nVehContrib="0" flow="0.00" occupancy="0.00" speed="-1.00" harmonicMeanSpeed="-1.00" length="-1.00" nVehEntered="0"/>
    <interval begin="11000.00" end="11100.00" id="inductionLoop.W4" nVehContrib="0" flow="0.00" occupancy="0.00" speed="-1.00" harmonicMeanSpeed="-1.00" length="-1.00" nVehEntered="0"/>
    <interval begin="11100.00" end="11200.00" id="inductionLoop.W4" nVehContrib="1" flow="36.00" occupancy="1.10" speed="4.54" harmonicMeanSpeed="4.54" length="5.00" nVehEntered="1"/>
    <interval begin="11200.00" end="11300.00" id="inductionLoop.W4" nVehContrib="0" flow="0.00" occupancy="0.00" speed="-1.00" harmonicMeanSpeed="-1.00" length="-1.00" nVehEntered="0"/>
    <interval begin="11300.00" end="11400.00" id="inductionLoop.W4" nVehContrib="0" flow="0.00" occupancy="0.00" speed="-1.00" harmonicMeanSpeed="-1.00" length="-1.00" nVehEntered="0"/>
    <interval begin="11400.00" end="11500.00" id="inductionLoop.W4" nVehContrib="0" flow="0.00" occupancy="0.00" speed="-1.00" harmonicMeanSpeed="-1.00" length="-1.00" nVehEntered="0"/>
    <interval begin="11500.00" end="11600.00" id="inductionLoop.W4" nVehContrib="0" flow="0.00" occupancy="0.00" speed="-1.00" harmonicMeanSpeed="-1.00" length="-1.00" nVehEntered="0"/>
    <interval begin="11600.00" end="11700.00" id="inductionLoop.W4" nVehContrib="0" flow="0.00" occupancy="0.00" speed="-1.00" harmonicMeanSpeed="-1.00" length="-1.00" nVehEntered="0"/>
    <interval begin="11700.00" end="11800.00" id="inductionLoop.W4" nVehContrib="0" flow="0.00" occupancy="0.00" speed="-1.00" harmonicMeanSpeed="-1.00" length="-1.00" nVehEntered="0"/>
    <interval begin="11800.00" end="11900.00" id="inductionLoop.W4" nVehContrib="0" flow="0.00" occupancy="0.00" speed="-1.00" harmonicMeanSpeed="-1.00" length="-1.00" nVehEntered="0"/>
    <interval begin="11900.00" end="12000.00" id="inductionLoop.W4" nVehContrib="0" flow="0.00" occupancy="0.00" speed="-1.00" harmonicMeanSpeed="-1.00" length="-1.00" nVehEntered="0"/>
    <interval begin="12000.00" end="12100.00" id="inductionLoop.W4" nVehContrib="0" flow="0.00" occupancy="0.00" speed="-1.00" harmonicMeanSpeed="-1.00" length="-1.00" nVehEntered="0"/>
    <interval begin="12100.00" end="12200.00" id="inductionLoop.W4" nVehContrib="0" flow="0.00" occupancy="0.00" speed="-1.00" harmonicMeanSpeed="-1.00" length="-1.00" nVehEntered="0"/>
    <interval begin="12200.00" end="12300.00" id="inductionLoop.W4" nVehContrib="0" flow="0.00" occupancy="0.00" speed="-1.00" harmonicMeanSpeed="-1.00" length="-1.00" nVehEntered="0"/>
    <interval begin="12300.00" end="12400.00" id="inductionLoop.W4" nVehContrib="0" flow="0.00" occupancy="0.00" speed="-1.00" harmonicMeanSpeed="-1.00" length="-1.00" nVehEntered="0"/>
    <interval begin="12400.00" end="12500.00" id="inductionLoop.W4" nVehContrib="0" flow="0.00" occupancy="0.00" speed="-1.00" harmonicMeanSpeed="-1.00" length="-1.00" nVehEntered="0"/>
    <interval begin="12500.00" end="12600.00" id="inductionLoop.W4" nVehContrib="0" flow="0.00" occupancy="0.00" speed="-1.00" harmonicMeanSpeed="-1.00" length="-1.00" nVehEntered="0"/>
    <interval begin="12600.00" end="12700.00" id="inductionLoop.W4" nVehContrib="0" flow="0.00" occupancy="0.00" speed="-1.00" harmonicMeanSpeed="-1.00" length="-1.00" nVehEntered="0"/>
    <interval begin="12700.00" end="12800.00" id="inductionLoop.W4" nVehContrib="0" flow="0.00" occupancy="0.00" speed="-1.00" harmonicMeanSpeed="-1.00" length="-1.00" nVehEntered="0"/>
    <interval begin="12800.00" end="12900.00" id="inductionLoop.W4" nVehContrib="0" flow="0.00" occupancy="0.00" speed="-1.00" harmonicMeanSpeed="-1.00" length="-1.00" nVehEntered="0"/>
    <interval begin="12900.00" end="13000.00" id="inductionLoop.W4" nVehContrib="0" flow="0.00" occupancy="0.00" speed="-1.00" harmonicMeanSpeed="-1.00" length="-1.00" nVehEntered="0"/>
    <interval begin="13000.00" end="13100.00" id="inductionLoop.W4" nVehContrib="0" flow="0.00" occupancy="0.00" speed="-1.00" harmonicMeanSpeed="-1.00" length="-1.00" nVehEntered="0"/>
    <interval begin="13100.00" end="13200.00" id="inductionLoop.W4" nVehContrib="0" flow="0.00" occupancy="0.00" speed="-1.00" harmonicMeanSpeed="-1.00" length="-1.00" nVehEntered="0"/>
    <interval begin="13200.00" end="13300.00" id="inductionLoop.W4" nVehContrib="0" flow="0.00" occupancy="0.00" speed="-1.00" harmonicMeanSpeed="-1.00" length="-1.00" nVehEntered="0"/>
    <interval begin="13300.00" end="13400.00" id="inductionLoop.W4" nVehContrib="0" flow="0.00" occupancy="0.00" speed="-1.00" harmonicMeanSpeed="-1.00" length="-1.00" nVehEntered="0"/>
    <interval begin="13400.00" end="13500.00" id="inductionLoop.W4" nVehContrib="0" flow="0.00" occupancy="0.00" speed="-1.00" harmonicMeanSpeed="-1.00" length="-1.00" nVehEntered="0"/>
    <interval begin="13500.00" end="13600.00" id="inductionLoop.W4" nVehContrib="0" flow="0.00" occupancy="0.00" speed="-1.00" harmonicMeanSpeed="-1.00" length="-1.00" nVehEntered="0"/>
    <interval begin="13600.00" end="13700.00" id="inductionLoop.W4" nVehContrib="0" flow="0.00" occupancy="0.00" speed="-1.00" harmonicMeanSpeed="-1.00" length="-1.00" nVehEntered="0"/>
    <interval begin="13700.00" end="13800.00" id="inductionLoop.W4" nVehContrib="0" flow="0.00" occupancy="0.00" speed="-1.00" harmonicMeanSpeed="-1.00" length="-1.00" nVehEntered="0"/>
    <interval begin="13800.00" end="13900.00" id="inductionLoop.W4" nVehContrib="1" flow="36.00" occupancy="1.20" speed="4.16" harmonicMeanSpeed="4.16" length="5.00" nVehEntered="1"/>
    <interval begin="13900.00" end="14000.00" id="inductionLoop.W4" nVehContrib="0" flow="0.00" occupancy="0.00" speed="-1.00" harmonicMeanSpeed="-1.00" length="-1.00" nVehEntered="0"/>
    <interval begin="14000.00" end="14100.00" id="inductionLoop.W4" nVehContrib="0" flow="0.00" occupancy="0.00" speed="-1.00" harmonicMeanSpeed="-1.00" length="-1.00" nVehEntered="0"/>
    <interval begin="14100.00" end="14200.00" id="inductionLoop.W4" nVehContrib="0" flow="0.00" occupancy="0.00" speed="-1.00" harmonicMeanSpeed="-1.00" length="-1.00" nVehEntered="0"/>
    <interval begin="14200.00" end="14300.00" id="inductionLoop.W4" nVehContrib="0" flow="0.00" occupancy="0.00" speed="-1.00" harmonicMeanSpeed="-1.00" length="-1.00" nVehEntered="0"/>
    <interval begin="14300.00" end="14400.00" id="inductionLoop.W4" nVehContrib="0" flow="0.00" occupancy="0.00" speed="-1.00" harmonicMeanSpeed="-1.00" length="-1.00" nVehEntered="0"/>
    <interval begin="14400.00" end="14500.00" id="inductionLoop.W4" nVehContrib="0" flow="0.00" occupancy="0.00" speed="-1.00" harmonicMeanSpeed="-1.00" length="-1.00" nVehEntered="0"/>
    <interval begin="14500.00" end="14600.00" id="inductionLoop.W4" nVehContrib="0" flow="0.00" occupancy="0.00" speed="-1.00" harmonicMeanSpeed="-1.00" length="-1.00" nVehEntered="0"/>
    <interval begin="14600.00" end="14700.00" id="inductionLoop.W4" nVehContrib="0" flow="0.00" occupancy="0.00" speed="-1.00" harmonicMeanSpeed="-1.00" length="-1.00" nVehEntered="0"/>
    <interval begin="14700.00" end="14800.00" id="inductionLoop.W4" nVehContrib="0" flow="0.00" occupancy="0.00" speed="-1.00" harmonicMeanSpeed="-1.00" length="-1.00" nVehEntered="0"/>
    <interval begin="14800.00" end="14900.00" id="inductionLoop.W4" nVehContrib="0" flow="0.00" occupancy="0.00" speed="-1.00" harmonicMeanSpeed="-1.00" length="-1.00" nVehEntered="0"/>
    <interval begin="14900.00" end="15000.00" id="inductionLoop.W4" nVehContrib="0" flow="0.00" occupancy="0.00" speed="-1.00" harmonicMeanSpeed="-1.00" length="-1.00" nVehEntered="0"/>
    <interval begin="15000.00" end="15100.00" id="inductionLoop.W4" nVehContrib="0" flow="0.00" occupancy="0.00" speed="-1.00" harmonicMeanSpeed="-1.00" length="-1.00" nVehEntered="0"/>
    <interval begin="15100.00" end="15200.00" id="inductionLoop.W4" nVehContrib="0" flow="0.00" occupancy="0.00" speed="-1.00" harmonicMeanSpeed="-1.00" length="-1.00" nVehEntered="0"/>
    <interval begin="15200.00" end="15300.00" id="inductionLoop.W4" nVehContrib="0" flow="0.00" occupancy="0.00" speed="-1.00" harmonicMeanSpeed="-1.00" length="-1.00" nVehEntered="0"/>
    <interval begin="15300.00" end="15400.00" id="inductionLoop.W4" nVehContrib="0" flow="0.00" occupancy="0.00" speed="-1.00" harmonicMeanSpeed="-1.00" length="-1.00" nVehEntered="0"/>
    <interval begin="15400.00" end="15500.00" id="inductionLoop.W4" nVehContrib="0" flow="0.00" occupancy="0.00" speed="-1.00" harmonicMeanSpeed="-1.00" length="-1.00" nVehEntered="0"/>
    <interval begin="15500.00" end="15600.00" id="inductionLoop.W4" nVehContrib="0" flow="0.00" occupancy="0.00" speed="-1.00" harmonicMeanSpeed="-1.00" length="-1.00" nVehEntered="0"/>
    <interval begin="15600.00" end="15700.00" id="inductionLoop.W4" nVehContrib="0" flow="0.00" occupancy="0.00" speed="-1.00" harmonicMeanSpeed="-1.00" length="-1.00" nVehEntered="0"/>
    <interval begin="15700.00" end="15800.00" id="inductionLoop.W4" nVehContrib="0" flow="0.00" occupancy="0.00" speed="-1.00" harmonicMeanSpeed="-1.00" length="-1.00" nVehEntered="0"/>
    <interval begin="15800.00" end="15900.00" id="inductionLoop.W4" nVehContrib="0" flow="0.00" occupancy="0.00" speed="-1.00" harmonicMeanSpeed="-1.00" length="-1.00" nVehEntered="0"/>
    <interval begin="15900.00" end="16000.00" id="inductionLoop.W4" nVehContrib="0" flow="0.00" occupancy="0.00" speed="-1.00" harmonicMeanSpeed="-1.00" length="-1.00" nVehEntered="0"/>
    <interval begin="16000.00" end="16100.00" id="inductionLoop.W4" nVehContrib="0" flow="0.00" occupancy="0.00" speed="-1.00" harmonicMeanSpeed="-1.00" length="-1.00" nVehEntered="0"/>
    <interval begin="16100.00" end="16200.00" id="inductionLoop.W4" nVehContrib="0" flow="0.00" occupancy="0.00" speed="-1.00" harmonicMeanSpeed="-1.00" length="-1.00" nVehEntered="0"/>
    <interval begin="16200.00" end="16300.00" id="inductionLoop.W4" nVehContrib="0" flow="0.00" occupancy="0.00" speed="-1.00" harmonicMeanSpeed="-1.00" length="-1.00" nVehEntered="0"/>
    <interval begin="16300.00" end="16400.00" id="inductionLoop.W4" nVehContrib="0" flow="0.00" occupancy="0.00" speed="-1.00" harmonicMeanSpeed="-1.00" length="-1.00" nVehEntered="0"/>
    <interval begin="16400.00" end="16500.00" id="inductionLoop.W4" nVehContrib="0" flow="0.00" occupancy="0.00" speed="-1.00" harmonicMeanSpeed="-1.00" length="-1.00" nVehEntered="0"/>
    <interval begin="16500.00" end="16600.00" id="inductionLoop.W4" nVehContrib="0" flow="0.00" occupancy="0.00" speed="-1.00" harmonicMeanSpeed="-1.00" length="-1.00" nVehEntered="0"/>
    <interval begin="16600.00" end="16700.00" id="inductionLoop.W4" nVehContrib="0" flow="0.00" occupancy="0.00" speed="-1.00" harmonicMeanSpeed="-1.00" length="-1.00" nVehEntered="0"/>
    <interval begin="16700.00" end="16800.00" id="inductionLoop.W4" nVehContrib="0" flow="0.00" occupancy="0.00" speed="-1.00" harmonicMeanSpeed="-1.00" length="-1.00" nVehEntered="0"/>
    <interval begin="16800.00" end="16900.00" id="inductionLoop.W4" nVehContrib="3" flow="108.00" occupancy="3.06" speed="6.28" harmonicMeanSpeed="4.90" length="5.00" nVehEntered="3"/>
    <interval begin="16900.00" end="17000.00" id="inductionLoop.W4" nVehContrib="0" flow="0.00" occupancy="0.00" speed="-1.00" harmonicMeanSpeed="-1.00" length="-1.00" nVehEntered="0"/>
    <interval begin="17000.00" end="17100.00" id="inductionLoop.W4" nVehContrib="0" flow="0.00" occupancy="0.00" speed="-1.00" harmonicMeanSpeed="-1.00" length="-1.00" nVehEntered="0"/>
    <interval begin="17100.00" end="17200.00" id="inductionLoop.W4" nVehContrib="0" flow="0.00" occupancy="0.00" speed="-1.00" harmonicMeanSpeed="-1.00" length="-1.00" nVehEntered="0"/>
    <interval begin="17200.00" end="17300.00" id="inductionLoop.W4" nVehContrib="0" flow="0.00" occupancy="0.00" speed="-1.00" harmonicMeanSpeed="-1.00" length="-1.00" nVehEntered="0"/>
    <interval begin="17300.00" end="17400.00" id="inductionLoop.W4" nVehContrib="0" flow="0.00" occupancy="0.00" speed="-1.00" harmonicMeanSpeed="-1.00" length="-1.00" nVehEntered="0"/>
    <interval begin="17400.00" end="17500.00" id="inductionLoop.W4" nVehContrib="0" flow="0.00" occupancy="0.00" speed="-1.00" harmonicMeanSpeed="-1.00" length="-1.00" nVehEntered="0"/>
    <interval begin="17500.00" end="17600.00" id="inductionLoop.W4" nVehContrib="0" flow="0.00" occupancy="0.00" speed="-1.00" harmonicMeanSpeed="-1.00" length="-1.00" nVehEntered="0"/>
    <interval begin="17600.00" end="17700.00" id="inductionLoop.W4" nVehContrib="0" flow="0.00" occupancy="0.00" speed="-1.00" harmonicMeanSpeed="-1.00" length="-1.00" nVehEntered="0"/>
    <interval begin="17700.00" end="17800.00" id="inductionLoop.W4" nVehContrib="0" flow="0.00" occupancy="0.00" speed="-1.00" harmonicMeanSpeed="-1.00" length="-1.00" nVehEntered="0"/>
    <interval begin="17800.00" end="17900.00" id="inductionLoop.W4" nVehContrib="0" flow="0.00" occupancy="0.00" speed="-1.00" harmonicMeanSpeed="-1.00" length="-1.00" nVehEntered="0"/>
    <interval begin="17900.00" end="18000.00" id="inductionLoop.W4" nVehContrib="0" flow="0.00" occupancy="0.00" speed="-1.00" harmonicMeanSpeed="-1.00" length="-1.00" nVehEntered="0"/>
    <interval begin="18000.00" end="18100.00" id="inductionLoop.W4" nVehContrib="0" flow="0.00" occupancy="0.00" speed="-1.00" harmonicMeanSpeed="-1.00" length="-1.00" nVehEntered="0"/>
    <interval begin="18100.00" end="18200.00" id="inductionLoop.W4" nVehContrib="0" flow="0.00" occupancy="0.00" speed="-1.00" harmonicMeanSpeed="-1.00" length="-1.00" nVehEntered="0"/>
    <interval begin="18200.00" end="18300.00" id="inductionLoop.W4" nVehContrib="0" flow="0.00" occupancy="0.00" speed="-1.00" harmonicMeanSpeed="-1.00" length="-1.00" nVehEntered="0"/>
    <interval begin="18300.00" end="18400.00" id="inductionLoop.W4" nVehContrib="0" flow="0.00" occupancy="0.00" speed="-1.00" harmonicMeanSpeed="-1.00" length="-1.00" nVehEntered="0"/>
    <interval begin="18400.00" end="18500.00" id="inductionLoop.W4" nVehContrib="0" flow="0.00" occupancy="0.00" speed="-1.00" harmonicMeanSpeed="-1.00" length="-1.00" nVehEntered="0"/>
    <interval begin="18500.00" end="18600.00" id="inductionLoop.W4" nVehContrib="1" flow="36.00" occupancy="0.37" speed="13.35" harmonicMeanSpeed="13.35" length="5.00" nVehEntered="1"/>
    <interval begin="18600.00" end="18700.00" id="inductionLoop.W4" nVehContrib="0" flow="0.00" occupancy="0.00" speed="-1.00" harmonicMeanSpeed="-1.00" length="-1.00" nVehEntered="0"/>
    <interval begin="18700.00" end="18800.00" id="inductionLoop.W4" nVehContrib="2" flow="72.00" occupancy="1.43" speed="9.28" harmonicMeanSpeed="6.97" length="5.00" nVehEntered="2"/>
    <interval begin="18800.00" end="18900.00" id="inductionLoop.W4" nVehContrib="0" flow="0.00" occupancy="0.00" speed="-1.00" harmonicMeanSpeed="-1.00" length="-1.00" nVehEntered="0"/>
    <interval begin="18900.00" end="19000.00" id="inductionLoop.W4" nVehContrib="1" flow="36.00" occupancy="1.27" speed="3.94" harmonicMeanSpeed="3.94" length="5.00" nVehEntered="1"/>
    <interval begin="19000.00" end="19100.00" id="inductionLoop.W4" nVehContrib="1" flow="36.00" occupancy="0.38" speed="13.17" harmonicMeanSpeed="13.17" length="5.00" nVehEntered="1"/>
    <interval begin="19100.00" end="19200.00" id="inductionLoop.W4" nVehContrib="0" flow="0.00" occupancy="0.00" speed="-1.00" harmonicMeanSpeed="-1.00" length="-1.00" nVehEntered="0"/>
    <interval begin="19200.00" end="19300.00" id="inductionLoop.W4" nVehContrib="0" flow="0.00" occupancy="0.00" speed="-1.00" harmonicMeanSpeed="-1.00" length="-1.00" nVehEntered="0"/>
    <interval begin="19300.00" end="19400.00" id="inductionLoop.W4" nVehContrib="0" flow="0.00" occupancy="0.00" speed="-1.00" harmonicMeanSpeed="-1.00" length="-1.00" nVehEntered="0"/>
    <interval begin="19400.00" end="19500.00" id="inductionLoop.W4" nVehContrib="0" flow="0.00" occupancy="0.00" speed="-1.00" harmonicMeanSpeed="-1.00" length="-1.00" nVehEntered="0"/>
    <interval begin="19500.00" end="19600.00" id="inductionLoop.W4" nVehContrib="0" flow="0.00" occupancy="0.00" speed="-1.00" harmonicMeanSpeed="-1.00" length="-1.00" nVehEntered="0"/>
    <interval begin="19600.00" end="19700.00" id="inductionLoop.W4" nVehContrib="1" flow="36.00" occupancy="0.39" speed="12.82" harmonicMeanSpeed="12.82" length="5.00" nVehEntered="1"/>
    <interval begin="19700.00" end="19800.00" id="inductionLoop.W4" nVehContrib="7" flow="252.00" occupancy="6.87" speed="8.94" harmonicMeanSpeed="5.09" length="5.00" nVehEntered="7"/>
    <interval begin="19800.00" end="19900.00" id="inductionLoop.W4" nVehContrib="0" flow="0.00" occupancy="0.00" speed="-1.00" harmonicMeanSpeed="-1.00" length="-1.00" nVehEntered="0"/>
    <interval begin="19900.00" end="20000.00" id="inductionLoop.W4" nVehContrib="2" flow="72.00" occupancy="0.80" speed="12.61" harmonicMeanSpeed="12.50" length="5.00" nVehEntered="2"/>
    <interval begin="20000.00" end="20100.00" id="inductionLoop.W4" nVehContrib="0" flow="0.00" occupancy="0.00" speed="-1.00" harmonicMeanSpeed="-1.00" length="-1.00" nVehEntered="0"/>
    <interval begin="20100.00" end="20200.00" id="inductionLoop.W4" nVehContrib="0" flow="0.00" occupancy="0.00" speed="-1.00" harmonicMeanSpeed="-1.00" length="-1.00" nVehEntered="0"/>
    <interval begin="20200.00" end="20300.00" id="inductionLoop.W4" nVehContrib="0" flow="0.00" occupancy="0.00" speed="-1.00" harmonicMeanSpeed="-1.00" length="-1.00" nVehEntered="0"/>
    <interval begin="20300.00" end="20400.00" id="inductionLoop.W4" nVehContrib="1" flow="36.00" occupancy="0.36" speed="13.97" harmonicMeanSpeed="13.97" length="5.00" nVehEntered="1"/>
    <interval begin="20400.00" end="20500.00" id="inductionLoop.W4" nVehContrib="2" flow="72.00" occupancy="0.64" speed="15.61" harmonicMeanSpeed="15.56" length="5.00" nVehEntered="2"/>
    <interval begin="20500.00" end="20600.00" id="inductionLoop.W4" nVehContrib="4" flow="144.00" occupancy="4.90" speed="4.90" harmonicMeanSpeed="4.08" length="5.00" nVehEntered="4"/>
    <interval begin="20600.00" end="20700.00" id="inductionLoop.W4" nVehContrib="5" flow="180.00" occupancy="10.04" speed="6.91" harmonicMeanSpeed="2.49" length="5.00" nVehEntered="5"/>
    <interval begin="20700.00" end="20800.00" id="inductionLoop.W4" nVehContrib="1" flow="36.00" occupancy="0.30" speed="16.63" harmonicMeanSpeed="16.63" length="5.00" nVehEntered="1"/>
    <interval begin="20800.00" end="20900.00" id="inductionLoop.W4" nVehContrib="2" flow="72.00" occupancy="2.70" speed="3.72" harmonicMeanSpeed="3.70" length="5.00" nVehEntered="2"/>
    <interval begin="20900.00" end="21000.00" id="inductionLoop.W4" nVehContrib="0" flow="0.00" occupancy="0.00" speed="-1.00" harmonicMeanSpeed="-1.00" length="-1.00" nVehEntered="0"/>
    <interval begin="21000.00" end="21100.00" id="inductionLoop.W4" nVehContrib="0" flow="0.00" occupancy="0.00" speed="-1.00" harmonicMeanSpeed="-1.00" length="-1.00" nVehEntered="0"/>
    <interval begin="21100.00" end="21200.00" id="inductionLoop.W4" nVehContrib="2" flow="72.00" occupancy="1.83" speed="6.17" harmonicMeanSpeed="5.46" length="5.00" nVehEntered="2"/>
    <interval begin="21200.00" end="21300.00" id="inductionLoop.W4" nVehContrib="4" flow="144.00" occupancy="5.81" speed="3.58" harmonicMeanSpeed="3.44" length="5.00" nVehEntered="4"/>
    <interval begin="21300.00" end="21400.00" id="inductionLoop.W4" nVehContrib="3" flow="108.00" occupancy="4.90" speed="5.29" harmonicMeanSpeed="3.06" length="5.00" nVehEntered="3"/>
    <interval begin="21400.00" end="21500.00" id="inductionLoop.W4" nVehContrib="4" flow="144.00" occupancy="3.29" speed="7.40" harmonicMeanSpeed="6.07" length="5.00" nVehEntered="4"/>
    <interval begin="21500.00" end="21600.00" id="inductionLoop.W4" nVehContrib="3" flow="108.00" occupancy="2.16" speed="8.89" harmonicMeanSpeed="6.94" length="5.00" nVehEntered="3"/>
    <interval begin="21600.00" end="21700.00" id="inductionLoop.W4" nVehContrib="5" flow="180.00" occupancy="3.97" speed="8.22" harmonicMeanSpeed="6.30" length="5.00" nVehEntered="5"/>
    <interval begin="21700.00" end="21800.00" id="inductionLoop.W4" nVehContrib="4" flow="144.00" occupancy="7.16" speed="7.49" harmonicMeanSpeed="2.79" length="5.00" nVehEntered="4"/>
    <interval begin="21800.00" end="21900.00" id="inductionLoop.W4" nVehContrib="2" flow="72.00" occupancy="4.46" speed="5.25" harmonicMeanSpeed="2.24" length="5.00" nVehEntered="2"/>
    <interval begin="21900.00" end="22000.00" id="inductionLoop.W4" nVehContrib="3" flow="108.00" occupancy="12.73" speed="8.86" harmonicMeanSpeed="6.29" length="5.00" nVehEntered="5"/>
    <interval begin="22000.00" end="22100.00" id="inductionLoop.W4" nVehContrib="5" flow="180.00" occupancy="8.67" speed="2.52" harmonicMeanSpeed="1.34" length="5.00" nVehEntered="4"/>
    <interval begin="22100.00" end="22200.00" id="inductionLoop.W4" nVehContrib="2" flow="72.00" occupancy="2.39" speed="4.53" harmonicMeanSpeed="4.19" length="5.00" nVehEntered="2"/>
    <interval begin="22200.00" end="22300.00" id="inductionLoop.W4" nVehContrib="3" flow="108.00" occupancy="11.37" speed="5.48" harmonicMeanSpeed="1.32" length="5.00" nVehEntered="3"/>
    <interval begin="22300.00" end="22400.00" id="inductionLoop.W4" nVehContrib="2" flow="72.00" occupancy="5.00" speed="2.35" harmonicMeanSpeed="2.00" length="5.00" nVehEntered="2"/>
    <interval begin="22400.00" end="22500.00" id="inductionLoop.W4" nVehContrib="2" flow="72.00" occupancy="1.79" speed="6.00" harmonicMeanSpeed="5.58" length="5.00" nVehEntered="2"/>
    <interval begin="22500.00" end="22600.00" id="inductionLoop.W4" nVehContrib="2" flow="72.00" occupancy="5.99" speed="2.17" harmonicMeanSpeed="1.67" length="5.00" nVehEntered="2"/>
    <interval begin="22600.00" end="22700.00" id="inductionLoop.W4" nVehContrib="1" flow="36.00" occupancy="1.44" speed="3.48" harmonicMeanSpeed="3.48" length="5.00" nVehEntered="1"/>
    <interval begin="22700.00" end="22800.00" id="inductionLoop.W4" nVehContrib="1" flow="36.00" occupancy="1.39" speed="3.59" harmonicMeanSpeed="3.59" length="5.00" nVehEntered="1"/>
    <interval begin="22800.00" end="22900.00" id="inductionLoop.W4" nVehContrib="3" flow="108.00" occupancy="2.62" speed="7.26" harmonicMeanSpeed="5.73" length="5.00" nVehEntered="3"/>
    <interval begin="22900.00" end="23000.00" id="inductionLoop.W4" nVehContrib="10" flow="360.00" occupancy="33.09" speed="7.24" harmonicMeanSpeed="1.79" length="5.00" nVehEntered="11"/>
    <interval begin="23000.00" end="23100.00" id="inductionLoop.W4" nVehContrib="8" flow="288.00" occupancy="46.38" speed="4.41" harmonicMeanSpeed="0.78" length="5.00" nVehEntered="7"/>
    <interval begin="23100.00" end="23200.00" id="inductionLoop.W4" nVehContrib="9" flow="324.00" occupancy="23.84" speed="6.68" harmonicMeanSpeed="1.89" length="5.00" nVehEntered="9"/>
    <interval begin="23200.00" end="23300.00" id="inductionLoop.W4" nVehContrib="5" flow="180.00" occupancy="6.83" speed="8.33" harmonicMeanSpeed="3.66" length="5.00" nVehEntered="5"/>
    <interval begin="23300.00" end="23400.00" id="inductionLoop.W4" nVehContrib="3" flow="108.00" occupancy="26.37" speed="2.34" harmonicMeanSpeed="0.57" length="5.00" nVehEntered="3"/>
    <interval begin="23400.00" end="23500.00" id="inductionLoop.W4" nVehContrib="2" flow="72.00" occupancy="2.24" speed="4.99" harmonicMeanSpeed="4.46" length="5.00" nVehEntered="2"/>
    <interval begin="23500.00" end="23600.00" id="inductionLoop.W4" nVehContrib="4" flow="144.00" occupancy="8.11" speed="3.16" harmonicMeanSpeed="2.47" length="5.00" nVehEntered="4"/>
    <interval begin="23600.00" end="23700.00" id="inductionLoop.W4" nVehContrib="6" flow="216.00" occupancy="44.02" speed="4.67" harmonicMeanSpeed="0.68" length="5.00" nVehEntered="6"/>
    <interval begin="23700.00" end="23800.00" id="inductionLoop.W4" nVehContrib="5" flow="180.00" occupancy="31.75" speed="4.16" harmonicMeanSpeed="0.79" length="5.00" nVehEntered="5"/>
    <interval begin="23800.00" end="23900.00" id="inductionLoop.W4" nVehContrib="8" flow="288.00" occupancy="32.98" speed="7.39" harmonicMeanSpeed="1.21" length="5.00" nVehEntered="8"/>
    <interval begin="23900.00" end="24000.00" id="inductionLoop.W4" nVehContrib="5" flow="180.00" occupancy="5.70" speed="5.38" harmonicMeanSpeed="4.39" length="5.00" nVehEntered="5"/>
    <interval begin="24000.00" end="24100.00" id="inductionLoop.W4" nVehContrib="5" flow="180.00" occupancy="8.22" speed="8.95" harmonicMeanSpeed="3.04" length="5.00" nVehEntered="5"/>
    <interval begin="24100.00" end="24200.00" id="inductionLoop.W4" nVehContrib="6" flow="216.00" occupancy="34.88" speed="4.40" harmonicMeanSpeed="1.63" length="5.00" nVehEntered="7"/>
    <interval begin="24200.00" end="24300.00" id="inductionLoop.W4" nVehContrib="9" flow="324.00" occupancy="22.39" speed="5.75" harmonicMeanSpeed="1.16" length="5.00" nVehEntered="8"/>
    <interval begin="24300.00" end="24400.00" id="inductionLoop.W4" nVehContrib="7" flow="252.00" occupancy="52.09" speed="4.69" harmonicMeanSpeed="0.68" length="5.00" nVehEntered="8"/>
    <interval begin="24400.00" end="24500.00" id="inductionLoop.W4" nVehContrib="15" flow="540.00" occupancy="33.28" speed="7.13" harmonicMeanSpeed="2.41" length="5.00" nVehEntered="15"/>
    <interval begin="24500.00" end="24600.00" id="inductionLoop.W4" nVehContrib="10" flow="360.00" occupancy="42.96" speed="7.70" harmonicMeanSpeed="1.51" length="5.00" nVehEntered="11"/>
    <interval begin="24600.00" end="24700.00" id="inductionLoop.W4" nVehContrib="12" flow="432.00" occupancy="43.50" speed="6.37" harmonicMeanSpeed="1.13" length="5.00" nVehEntered="11"/>
    <interval begin="24700.00" end="24800.00" id="inductionLoop.W4" nVehContrib="7" flow="252.00" occupancy="60.15" speed="5.75" harmonicMeanSpeed="0.87" length="5.00" nVehEntered="8"/>
    <interval begin="24800.00" end="24900.00" id="inductionLoop.W4" nVehContrib="8" flow="288.00" occupancy="41.91" speed="6.01" harmonicMeanSpeed="0.86" length="5.00" nVehEntered="8"/>
    <interval begin="24900.00" end="25000.00" id="inductionLoop.W4" nVehContrib="10" flow="360.00" occupancy="58.07" speed="6.18" harmonicMeanSpeed="0.68" length="5.00" nVehEntered="9"/>
    <interval begin="25000.00" end="25100.00" id="inductionLoop.W4" nVehContrib="7" flow="252.00" occupancy="87.83" speed="5.50" harmonicMeanSpeed="0.80" length="5.00" nVehEntered="8"/>
    <interval begin="25100.00" end="25200.00" id="inductionLoop.W4" nVehContrib="10" flow="360.00" occupancy="72.99" speed="7.69" harmonicMeanSpeed="0.95" length="5.00" nVehEntered="10"/>
    <interval begin="25200.00" end="25300.00" id="inductionLoop.W4" nVehContrib="11" flow="396.00" occupancy="73.32" speed="7.59" harmonicMeanSpeed="0.70" length="5.00" nVehEntered="11"/>
    <interval begin="25300.00" end="25400.00" id="inductionLoop.W4" nVehContrib="12" flow="432.00" occupancy="79.81" speed="7.45" harmonicMeanSpeed="0.76" length="5.00" nVehEntered="12"/>
    <interval begin="25400.00" end="25500.00" id="inductionLoop.W4" nVehContrib="19" flow="684.00" occupancy="70.67" speed="10.31" harmonicMeanSpeed="1.14" length="5.00" nVehEntered="19"/>
    <interval begin="25500.00" end="25600.00" id="inductionLoop.W4" nVehContrib="10" flow="360.00" occupancy="80.96" speed="5.80" harmonicMeanSpeed="0.40" length="5.00" nVehEntered="10"/>
    <interval begin="25600.00" end="25700.00" id="inductionLoop.W4" nVehContrib="19" flow="684.00" occupancy="69.97" speed="9.67" harmonicMeanSpeed="1.81" length="5.00" nVehEntered="19"/>
    <interval begin="25700.00" end="25800.00" id="inductionLoop.W4" nVehContrib="16" flow="576.00" occupancy="73.97" speed="8.81" harmonicMeanSpeed="1.04" length="5.00" nVehEntered="16"/>
    <interval begin="25800.00" end="25900.00" id="inductionLoop.W4" nVehContrib="16" flow="576.00" occupancy="75.63" speed="9.72" harmonicMeanSpeed="0.86" length="5.00" nVehEntered="15"/>
    <interval begin="25900.00" end="26000.00" id="inductionLoop.W4" nVehContrib="11" flow="396.00" occupancy="80.16" speed="8.39" harmonicMeanSpeed="0.69" length="5.00" nVehEntered="11"/>
    <interval begin="26000.00" end="26100.00" id="inductionLoop.W4" nVehContrib="12" flow="432.00" occupancy="80.91" speed="8.30" harmonicMeanSpeed="0.74" length="5.00" nVehEntered="13"/>
    <interval begin="26100.00" end="26200.00" id="inductionLoop.W4" nVehContrib="18" flow="648.00" occupancy="71.81" speed="9.67" harmonicMeanSpeed="1.25" length="5.00" nVehEntered="17"/>
    <interval begin="26200.00" end="26300.00" id="inductionLoop.W4" nVehContrib="7" flow="252.00" occupancy="85.91" speed="4.36" harmonicMeanSpeed="0.41" length="5.00" nVehEntered="7"/>
    <interval begin="26300.00" end="26400.00" id="inductionLoop.W4" nVehContrib="22" flow="792.00" occupancy="65.90" speed="9.89" harmonicMeanSpeed="1.67" length="5.00" nVehEntered="22"/>
    <interval begin="26400.00" end="26500.00" id="inductionLoop.W4" nVehContrib="10" flow="360.00" occupancy="82.46" speed="6.15" harmonicMeanSpeed="0.61" length="5.00" nVehEntered="10"/>
    <interval begin="26500.00" end="26600.00" id="inductionLoop.W4" nVehContrib="11" flow="396.00" occupancy="80.37" speed="8.80" harmonicMeanSpeed="0.86" length="5.00" nVehEntered="12"/>
    <interval begin="26600.00" end="26700.00" id="inductionLoop.W4" nVehContrib="24" flow="864.00" occupancy="63.48" speed="9.48" harmonicMeanSpeed="1.50" length="5.00" nVehEntered="23"/>
    <interval begin="26700.00" end="26800.00" id="inductionLoop.W4" nVehContrib="2" flow="72.00" occupancy="94.12" speed="0.14" harmonicMeanSpeed="0.12" length="5.00" nVehEntered="3"/>
    <interval begin="26800.00" end="26900.00" id="inductionLoop.W4" nVehContrib="13" flow="468.00" occupancy="77.91" speed="8.86" harmonicMeanSpeed="2.29" length="5.00" nVehEntered="13"/>
    <interval begin="26900.00" end="27000.00" id="inductionLoop.W4" nVehContrib="17" flow="612.00" occupancy="72.05" speed="8.32" harmonicMeanSpeed="0.90" length="5.00" nVehEntered="17"/>
    <interval begin="27000.00" end="27100.00" id="inductionLoop.W4" nVehContrib="18" flow="648.00" occupancy="71.33" speed="10.17" harmonicMeanSpeed="1.14" length="5.00" nVehEntered="18"/>
    <interval begin="27100.00" end="27200.00" id="inductionLoop.W4" nVehContrib="15" flow="540.00" occupancy="77.97" speed="8.49" harmonicMeanSpeed="0.71" length="5.00" nVehEntered="14"/>
    <interval begin="27200.00" end="27300.00" id="inductionLoop.W4" nVehContrib="23" flow="828.00" occupancy="53.88" speed="8.84" harmonicMeanSpeed="2.36" length="5.00" nVehEntered="24"/>
    <interval begin="27300.00" end="27400.00" id="inductionLoop.W4" nVehContrib="12" flow="432.00" occupancy="80.65" speed="8.10" harmonicMeanSpeed="1.09" length="5.00" nVehEntered="12"/>
    <interval begin="27400.00" end="27500.00" id="inductionLoop.W4" nVehContrib="12" flow="432.00" occupancy="76.66" speed="8.34" harmonicMeanSpeed="1.06" length="5.00" nVehEntered="12"/>
    <interval begin="27500.00" end="27600.00" id="inductionLoop.W4" nVehContrib="16" flow="576.00" occupancy="73.23" speed="7.52" harmonicMeanSpeed="0.64" length="5.00" nVehEntered="15"/>
    <interval begin="27600.00" end="27700.00" id="inductionLoop.W4" nVehContrib="12" flow="432.00" occupancy="80.10" speed="11.07" harmonicMeanSpeed="10.35" length="5.00" nVehEntered="13"/>
    <interval begin="27700.00" end="27800.00" id="inductionLoop.W4" nVehContrib="14" flow="504.00" occupancy="78.66" speed="8.84" harmonicMeanSpeed="0.80" length="5.00" nVehEntered="14"/>
    <interval begin="27800.00" end="27900.00" id="inductionLoop.W4" nVehContrib="15" flow="540.00" occupancy="76.27" speed="8.88" harmonicMeanSpeed="0.86" length="5.00" nVehEntered="15"/>
    <interval begin="27900.00" end="28000.00" id="inductionLoop.W4" nVehContrib="15" flow="540.00" occupancy="75.30" speed="9.60" harmonicMeanSpeed="0.97" length="5.00" nVehEntered="15"/>
    <interval begin="28000.00" end="28100.00" id="inductionLoop.W4" nVehContrib="17" flow="612.00" occupancy="73.67" speed="9.71" harmonicMeanSpeed="0.94" length="5.00" nVehEntered="17"/>
    <interval begin="28100.00" end="28200.00" id="inductionLoop.W4" nVehContrib="3" flow="108.00" occupancy="94.22" speed="1.19" harmonicMeanSpeed="0.12" length="5.00" nVehEntered="2"/>
    <interval begin="28200.00" end="28300.00" id="inductionLoop.W4" nVehContrib="17" flow="612.00" occupancy="74.52" speed="11.22" harmonicMeanSpeed="10.45" length="5.00" nVehEntered="18"/>
    <interval begin="28300.00" end="28400.00" id="inductionLoop.W4" nVehContrib="13" flow="468.00" occupancy="77.90" speed="6.19" harmonicMeanSpeed="0.45" length="5.00" nVehEntered="12"/>
    <interval begin="28400.00" end="28500.00" id="inductionLoop.W4" nVehContrib="16" flow="576.00" occupancy="75.58" speed="12.53" harmonicMeanSpeed="12.17" length="5.00" nVehEntered="17"/>
    <interval begin="28500.00" end="28600.00" id="inductionLoop.W4" nVehContrib="7" flow="252.00" occupancy="85.71" speed="3.46" harmonicMeanSpeed="0.29" length="5.00" nVehEntered="7"/>
    <interval begin="28600.00" end="28700.00" id="inductionLoop.W4" nVehContrib="24" flow="864.00" occupancy="62.28" speed="9.59" harmonicMeanSpeed="1.44" length="5.00" nVehEntered="24"/>
    <interval begin="28700.00" end="28800.00" id="inductionLoop.W4" nVehContrib="1" flow="36.00" occupancy="98.04" speed="0.04" harmonicMeanSpeed="0.04" length="5.00" nVehEntered="0"/>
    <interval begin="28800.00" end="28900.00" id="inductionLoop.W4" nVehContrib="17" flow="612.00" occupancy="73.70" speed="10.63" harmonicMeanSpeed="9.01" length="5.00" nVehEntered="18"/>
    <interval begin="28900.00" end="29000.00" id="inductionLoop.W4" nVehContrib="26" flow="936.00" occupancy="58.45" speed="8.85" harmonicMeanSpeed="1.20" length="5.00" nVehEntered="26"/>
    <interval begin="29000.00" end="29100.00" id="inductionLoop.W4" nVehContrib="2" flow="72.00" occupancy="96.40" speed="1.83" harmonicMeanSpeed="0.09" length="5.00" nVehEntered="1"/>
    <interval begin="29100.00" end="29200.00" id="inductionLoop.W4" nVehContrib="16" flow="576.00" occupancy="75.20" speed="10.71" harmonicMeanSpeed="10.13" length="5.00" nVehEntered="17"/>
    <interval begin="29200.00" end="29300.00" id="inductionLoop.W4" nVehContrib="15" flow="540.00" occupancy="74.28" speed="7.63" harmonicMeanSpeed="0.57" length="5.00" nVehEntered="15"/>
    <interval begin="29300.00" end="29400.00" id="inductionLoop.W4" nVehContrib="15" flow="540.00" occupancy="75.79" speed="8.89" harmonicMeanSpeed="0.87" length="5.00" nVehEntered="14"/>
    <interval begin="29400.00" end="29500.00" id="inductionLoop.W4" nVehContrib="10" flow="360.00" occupancy="84.25" speed="11.04" harmonicMeanSpeed="10.73" length="5.00" nVehEntered="11"/>
    <interval begin="29500.00" end="29600.00" id="inductionLoop.W4" nVehContrib="21" flow="756.00" occupancy="66.49" speed="9.80" harmonicMeanSpeed="1.09" length="5.00" nVehEntered="21"/>
    <interval begin="29600.00" end="29700.00" id="inductionLoop.W4" nVehContrib="8" flow="288.00" occupancy="84.14" speed="4.15" harmonicMeanSpeed="0.30" length="5.00" nVehEntered="7"/>
    <interval begin="29700.00" end="29800.00" id="inductionLoop.W4" nVehContrib="22" flow="792.00" occupancy="66.81" speed="11.05" harmonicMeanSpeed="9.89" length="5.00" nVehEntered="23"/>
    <interval begin="29800.00" end="29900.00" id="inductionLoop.W4" nVehContrib="29" flow="1044.00" occupancy="53.34" speed="9.54" harmonicMeanSpeed="1.35" length="5.00" nVehEntered="29"/>
    <interval begin="29900.00" end="30000.00" id="inductionLoop.W4" nVehContrib="17" flow="612.00" occupancy="71.67" speed="9.93" harmonicMeanSpeed="1.41" length="5.00" nVehEntered="17"/>
    <interval begin="30000.00" end="30100.00" id="inductionLoop.W4" nVehContrib="17" flow="612.00" occupancy="70.75" speed="7.11" harmonicMeanSpeed="1.02" length="5.00" nVehEntered="16"/>
    <interval begin="30100.00" end="30200.00" id="inductionLoop.W4" nVehContrib="13" flow="468.00" occupancy="49.54" speed="7.96" harmonicMeanSpeed="1.67" length="5.00" nVehEntered="14"/>
    <interval begin="30200.00" end="30300.00" id="inductionLoop.W4" nVehContrib="15" flow="540.00" occupancy="49.51" speed="6.93" harmonicMeanSpeed="1.25" length="5.00" nVehEntered="14"/>
    <interval begin="30300.00" end="30400.00" id="inductionLoop.W4" nVehContrib="8" flow="288.00" occupancy="32.31" speed="4.58" harmonicMeanSpeed="1.59" length="5.00" nVehEntered="9"/>
    <interval begin="30400.00" end="30500.00" id="inductionLoop.W4" nVehContrib="12" flow="432.00" occupancy="39.58" speed="6.36" harmonicMeanSpeed="1.36" length="5.00" nVehEntered="12"/>
    <interval begin="30500.00" end="30600.00" id="inductionLoop.W4" nVehContrib="19" flow="684.00" occupancy="71.11" speed="8.04" harmonicMeanSpeed="1.29" length="5.00" nVehEntered="18"/>
    <interval begin="30600.00" end="30700.00" id="inductionLoop.W4" nVehContrib="21" flow="756.00" occupancy="28.66" speed="9.67" harmonicMeanSpeed="3.66" length="5.00" nVehEntered="21"/>
    <interval begin="30700.00" end="30800.00" id="inductionLoop.W4" nVehContrib="14" flow="504.00" occupancy="40.15" speed="8.64" harmonicMeanSpeed="1.74" length="5.00" nVehEntered="14"/>
    <interval begin="30800.00" end="30900.00" id="inductionLoop.W4" nVehContrib="5" flow="180.00" occupancy="6.32" speed="7.50" harmonicMeanSpeed="3.96" length="5.00" nVehEntered="5"/>
    <interval begin="30900.00" end="31000.00" id="inductionLoop.W4" nVehContrib="7" flow="252.00" occupancy="3.61" speed="12.95" harmonicMeanSpeed="9.69" length="5.00" nVehEntered="7"/>
    <interval begin="31000.00" end="31100.00" id="inductionLoop.W4" nVehContrib="9" flow="324.00" occupancy="16.85" speed="10.19" harmonicMeanSpeed="2.89" length="5.00" nVehEntered="10"/>
    <interval begin="31100.00" end="31200.00" id="inductionLoop.W4" nVehContrib="31" flow="1116.00" occupancy="41.73" speed="9.84" harmonicMeanSpeed="4.08" length="5.00" nVehEntered="31"/>
    <interval begin="31200.00" end="31300.00" id="inductionLoop.W4" nVehContrib="20" flow="720.00" occupancy="50.80" speed="7.77" harmonicMeanSpeed="1.79" length="5.00" nVehEntered="19"/>
    <interval begin="31300.00" end="31400.00" id="inductionLoop.W4" nVehContrib="6" flow="216.00" occupancy="59.50" speed="6.54" harmonicMeanSpeed="2.52" length="5.00" nVehEntered="7"/>
    <interval begin="31400.00" end="31500.00" id="inductionLoop.W4" nVehContrib="23" flow="828.00" occupancy="39.91" speed="8.74" harmonicMeanSpeed="1.31" length="5.00" nVehEntered="22"/>
    <interval begin="31500.00" end="31600.00" id="inductionLoop.W4" nVehContrib="12" flow="432.00" occupancy="30.42" speed="6.59" harmonicMeanSpeed="1.97" length="5.00" nVehEntered="12"/>
    <interval begin="31600.00" end="31700.00" id="inductionLoop.W4" nVehContrib="6" flow="216.00" occupancy="3.10" speed="12.23" harmonicMeanSpeed="9.68" length="5.00" nVehEntered="6"/>
    <interval begin="31700.00" end="31800.00" id="inductionLoop.W4" nVehContrib="9" flow="324.00" occupancy="37.77" speed="6.93" harmonicMeanSpeed="2.42" length="5.00" nVehEntered="10"/>
    <interval begin="31800.00" end="31900.00" id="inductionLoop.W4" nVehContrib="14" flow="504.00" occupancy="28.30" speed="7.27" harmonicMeanSpeed="1.49" length="5.00" nVehEntered="14"/>
    <interval begin="31900.00" end="32000.00" id="inductionLoop.W4" nVehContrib="13" flow="468.00" occupancy="25.83" speed="8.89" harmonicMeanSpeed="2.48" length="5.00" nVehEntered="12"/>
    <interval begin="32000.00" end="32100.00" id="inductionLoop.W4" nVehContrib="14" flow="504.00" occupancy="36.40" speed="8.09" harmonicMeanSpeed="1.98" length="5.00" nVehEntered="15"/>
    <interval begin="32100.00" end="32200.00" id="inductionLoop.W4" nVehContrib="11" flow="396.00" occupancy="31.72" speed="7.64" harmonicMeanSpeed="1.68" length="5.00" nVehEntered="10"/>
    <interval begin="32200.00" end="32300.00" id="inductionLoop.W4" nVehContrib="12" flow="432.00" occupancy="31.83" speed="7.93" harmonicMeanSpeed="3.27" length="5.00" nVehEntered="13"/>
    <interval begin="32300.00" end="32400.00" id="inductionLoop.W4" nVehContrib="15" flow="540.00" occupancy="34.21" speed="7.52" harmonicMeanSpeed="1.57" length="5.00" nVehEntered="14"/>
    <interval begin="32400.00" end="32500.00" id="inductionLoop.W4" nVehContrib="11" flow="396.00" occupancy="23.88" speed="8.05" harmonicMeanSpeed="2.30" length="5.00" nVehEntered="11"/>
    <interval begin="32500.00" end="32600.00" id="inductionLoop.W4" nVehContrib="15" flow="540.00" occupancy="43.28" speed="6.52" harmonicMeanSpeed="1.73" length="5.00" nVehEntered="15"/>
    <interval begin="32600.00" end="32700.00" id="inductionLoop.W4" nVehContrib="13" flow="468.00" occupancy="35.31" speed="9.28" harmonicMeanSpeed="1.84" length="5.00" nVehEntered="13"/>
    <interval begin="32700.00" end="32800.00" id="inductionLoop.W4" nVehContrib="18" flow="648.00" occupancy="59.49" speed="9.34" harmonicMeanSpeed="1.80" length="5.00" nVehEntered="19"/>
    <interval begin="32800.00" end="32900.00" id="inductionLoop.W4" nVehContrib="17" flow="612.00" occupancy="61.96" speed="7.29" harmonicMeanSpeed="1.19" length="5.00" nVehEntered="16"/>
    <interval begin="32900.00" end="33000.00" id="inductionLoop.W4" nVehContrib="11" flow="396.00" occupancy="26.28" speed="6.87" harmonicMeanSpeed="2.09" length="5.00" nVehEntered="11"/>
    <interval begin="33000.00" end="33100.00" id="inductionLoop.W4" nVehContrib="16" flow="576.00" occupancy="58.97" speed="6.42" harmonicMeanSpeed="1.36" length="5.00" nVehEntered="16"/>
    <interval begin="33100.00" end="33200.00" id="inductionLoop.W4" nVehContrib="11" flow="396.00" occupancy="36.85" speed="7.05" harmonicMeanSpeed="1.91" length="5.00" nVehEntered="12"/>
    <interval begin="33200.00" end="33300.00" id="inductionLoop.W4" nVehContrib="12" flow="432.00" occupancy="39.25" speed="5.75" harmonicMeanSpeed="1.27" length="5.00" nVehEntered="11"/>
    <interval begin="33300.00" end="33400.00" id="inductionLoop.W4" nVehContrib="16" flow="576.00" occupancy="69.97" speed="7.92" harmonicMeanSpeed="1.14" length="5.00" nVehEntered="16"/>
    <interval begin="33400.00" end="33500.00" id="inductionLoop.W4" nVehContrib="13" flow="468.00" occupancy="62.57" speed="8.53" harmonicMeanSpeed="1.09" length="5.00" nVehEntered="14"/>
    <interval begin="33500.00" end="33600.00" id="inductionLoop.W4" nVehContrib="15" flow="540.00" occupancy="66.42" speed="6.30" harmonicMeanSpeed="1.11" length="5.00" nVehEntered="15"/>
    <interval begin="33600.00" end="33700.00" id="inductionLoop.W4" nVehContrib="12" flow="432.00" occupancy="52.83" speed="7.44" harmonicMeanSpeed="1.11" length="5.00" nVehEntered="12"/>
    <interval begin="33700.00" end="33800.00" id="inductionLoop.W4" nVehContrib="7" flow="252.00" occupancy="5.08" speed="8.22" harmonicMeanSpeed="6.29" length="5.00" nVehEntered="6"/>
    <interval begin="33800.00" end="33900.00" id="inductionLoop.W4" nVehContrib="9" flow="324.00" occupancy="33.75" speed="7.45" harmonicMeanSpeed="2.82" length="5.00" nVehEntered="10"/>
    <interval begin="33900.00" end="34000.00" id="inductionLoop.W4" nVehContrib="10" flow="360.00" occupancy="25.75" speed="5.97" harmonicMeanSpeed="1.15" length="5.00" nVehEntered="9"/>
    <interval begin="34000.00" end="34100.00" id="inductionLoop.W4" nVehContrib="10" flow="360.00" occupancy="29.84" speed="6.84" harmonicMeanSpeed="2.15" length="5.00" nVehEntered="11"/>
    <interval begin="34100.00" end="34200.00" id="inductionLoop.W4" nVehContrib="14" flow="504.00" occupancy="35.51" speed="7.30" harmonicMeanSpeed="1.77" length="5.00" nVehEntered="14"/>
    <interval begin="34200.00" end="34300.00" id="inductionLoop.W4" nVehContrib="10" flow="360.00" occupancy="38.77" speed="5.16" harmonicMeanSpeed="1.22" length="5.00" nVehEntered="10"/>
    <interval begin="34300.00" end="34400.00" id="inductionLoop.W4" nVehContrib="13" flow="468.00" occupancy="18.57" speed="8.47" harmonicMeanSpeed="6.13" length="5.00" nVehEntered="13"/>
    <interval begin="34400.00" end="34500.00" id="inductionLoop.W4" nVehContrib="11" flow="396.00" occupancy="39.40" speed="4.82" harmonicMeanSpeed="1.15" length="5.00" nVehEntered="10"/>
    <interval begin="34500.00" end="34600.00" id="inductionLoop.W4" nVehContrib="15" flow="540.00" occupancy="64.15" speed="8.99" harmonicMeanSpeed="1.94" length="5.00" nVehEntered="16"/>
    <interval begin="34600.00" end="34700.00" id="inductionLoop.W4" nVehContrib="11" flow="396.00" occupancy="77.22" speed="7.75" harmonicMeanSpeed="1.15" length="5.00" nVehEntered="11"/>
    <interval begin="34700.00" end="34800.00" id="inductionLoop.W4" nVehContrib="21" flow="756.00" occupancy="64.37" speed="8.79" harmonicMeanSpeed="0.88" length="5.00" nVehEntered="21"/>
    <interval begin="34800.00" end="34900.00" id="inductionLoop.W4" nVehContrib="13" flow="468.00" occupancy="63.91" speed="8.32" harmonicMeanSpeed="1.23" length="5.00" nVehEntered="13"/>
    <interval begin="34900.00" end="35000.00" id="inductionLoop.W4" nVehContrib="12" flow="432.00" occupancy="80.62" speed="8.31" harmonicMeanSpeed="1.25" length="5.00" nVehEntered="12"/>
    <interval begin="35000.00" end="35100.00" id="inductionLoop.W4" nVehContrib="11" flow="396.00" occupancy="69.86" speed="7.25" harmonicMeanSpeed="0.88" length="5.00" nVehEntered="11"/>
    <interval begin="35100.00" end="35200.00" id="inductionLoop.W4" nVehContrib="14" flow="504.00" occupancy="77.24" speed="6.63" harmonicMeanSpeed="0.55" length="5.00" nVehEntered="13"/>
    <interval begin="35200.00" end="35300.00" id="inductionLoop.W4" nVehContrib="9" flow="324.00" occupancy="83.88" speed="6.62" harmonicMeanSpeed="0.79" length="5.00" nVehEntered="10"/>
    <interval begin="35300.00" end="35400.00" id="inductionLoop.W4" nVehContrib="7" flow="252.00" occupancy="85.70" speed="3.59" harmonicMeanSpeed="0.31" length="5.00" nVehEntered="6"/>
    <interval begin="35400.00" end="35500.00" id="inductionLoop.W4" nVehContrib="20" flow="720.00" occupancy="68.82" speed="10.97" harmonicMeanSpeed="9.60" length="5.00" nVehEntered="21"/>
    <interval begin="35500.00" end="35600.00" id="inductionLoop.W4" nVehContrib="23" flow="828.00" occupancy="64.10" speed="10.14" harmonicMeanSpeed="0.94" length="5.00" nVehEntered="22"/>
    <interval begin="35600.00" end="35700.00" id="inductionLoop.W4" nVehContrib="21" flow="756.00" occupancy="65.51" speed="8.46" harmonicMeanSpeed="1.60" length="5.00" nVehEntered="21"/>
    <interval begin="35700.00" end="35800.00" id="inductionLoop.W4" nVehContrib="7" flow="252.00" occupancy="86.76" speed="5.82" harmonicMeanSpeed="0.65" length="5.00" nVehEntered="8"/>
    <interval begin="35800.00" end="35900.00" id="inductionLoop.W4" nVehContrib="16" flow="576.00" occupancy="73.13" speed="8.66" harmonicMeanSpeed="0.77" length="5.00" nVehEntered="16"/>
    <interval begin="35900.00" end="36000.00" id="inductionLoop.W4" nVehContrib="18" flow="648.00" occupancy="71.18" speed="7.65" harmonicMeanSpeed="1.36" length="5.00" nVehEntered="18"/>
    <interval begin="36000.00" end="36100.00" id="inductionLoop.W4" nVehContrib="15" flow="540.00" occupancy="72.16" speed="9.55" harmonicMeanSpeed="1.48" length="5.00" nVehEntered="15"/>
    <interval begin="36100.00" end="36200.00" id="inductionLoop.W4" nVehContrib="5" flow="180.00" occupancy="89.07" speed="1.56" harmonicMeanSpeed="0.24" length="5.00" nVehEntered="5"/>
    <interval begin="36200.00" end="36300.00" id="inductionLoop.W4" nVehContrib="17" flow="612.00" occupancy="72.83" speed="8.51" harmonicMeanSpeed="1.58" length="5.00" nVehEntered="17"/>
    <interval begin="36300.00" end="36400.00" id="inductionLoop.W4" nVehContrib="11" flow="396.00" occupancy="81.66" speed="7.90" harmonicMeanSpeed="0.95" length="5.00" nVehEntered="11"/>
    <interval begin="36400.00" end="36500.00" id="inductionLoop.W4" nVehContrib="19" flow="684.00" occupancy="69.25" speed="9.38" harmonicMeanSpeed="1.02" length="5.00" nVehEntered="19"/>
    <interval begin="36500.00" end="36600.00" id="inductionLoop.W4" nVehContrib="11" flow="396.00" occupancy="82.18" speed="6.43" harmonicMeanSpeed="0.48" length="5.00" nVehEntered="10"/>
    <interval begin="36600.00" end="36700.00" id="inductionLoop.W4" nVehContrib="22" flow="792.00" occupancy="45.97" speed="10.97" harmonicMeanSpeed="9.01" length="5.00" nVehEntered="23"/>
    <interval begin="36700.00" end="36800.00" id="inductionLoop.W4" nVehContrib="12" flow="432.00" occupancy="81.27" speed="7.40" harmonicMeanSpeed="0.52" length="5.00" nVehEntered="11"/>
    <interval begin="36800.00" end="36900.00" id="inductionLoop.W4" nVehContrib="13" flow="468.00" occupancy="77.56" speed="6.91" harmonicMeanSpeed="0.84" length="5.00" nVehEntered="13"/>
    <interval begin="36900.00" end="37000.00" id="inductionLoop.W4" nVehContrib="17" flow="612.00" occupancy="73.74" speed="12.33" harmonicMeanSpeed="12.15" length="5.00" nVehEntered="18"/>
    <interval begin="37000.00" end="37100.00" id="inductionLoop.W4" nVehContrib="20" flow="720.00" occupancy="66.66" speed="7.65" harmonicMeanSpeed="0.80" length="5.00" nVehEntered="20"/>
    <interval begin="37100.00" end="37200.00" id="inductionLoop.W4" nVehContrib="13" flow="468.00" occupancy="78.94" speed="8.78" harmonicMeanSpeed="1.37" length="5.00" nVehEntered="13"/>
    <interval begin="37200.00" end="37300.00" id="inductionLoop.W4" nVehContrib="13" flow="468.00" occupancy="79.92" speed="8.45" harmonicMeanSpeed="1.03" length="5.00" nVehEntered="13"/>
    <interval begin="37300.00" end="37400.00" id="inductionLoop.W4" nVehContrib="14" flow="504.00" occupancy="77.01" speed="7.50" harmonicMeanSpeed="0.53" length="5.00" nVehEntered="13"/>
    <interval begin="37400.00" end="37500.00" id="inductionLoop.W4" nVehContrib="17" flow="612.00" occupancy="61.46" speed="8.72" harmonicMeanSpeed="1.76" length="5.00" nVehEntered="18"/>
    <interval begin="37500.00" end="37600.00" id="inductionLoop.W4" nVehContrib="11" flow="396.00" occupancy="70.71" speed="7.52" harmonicMeanSpeed="0.91" length="5.00" nVehEntered="11"/>
    <interval begin="37600.00" end="37700.00" id="inductionLoop.W4" nVehContrib="10" flow="360.00" occupancy="75.13" speed="7.45" harmonicMeanSpeed="0.94" length="5.00" nVehEntered="10"/>
    <interval begin="37700.00" end="37800.00" id="inductionLoop.W4" nVehContrib="13" flow="468.00" occupancy="45.39" speed="6.13" harmonicMeanSpeed="0.72" length="5.00" nVehEntered="12"/>
    <interval begin="37800.00" end="37900.00" id="inductionLoop.W4" nVehContrib="6" flow="216.00" occupancy="40.60" speed="7.19" harmonicMeanSpeed="5.66" length="5.00" nVehEntered="7"/>
    <interval begin="37900.00" end="38000.00" id="inductionLoop.W4" nVehContrib="16" flow="576.00" occupancy="72.54" speed="7.61" harmonicMeanSpeed="0.98" length="5.00" nVehEntered="16"/>
    <interval begin="38000.00" end="38100.00" id="inductionLoop.W4" nVehContrib="14" flow="504.00" occupancy="77.63" speed="8.53" harmonicMeanSpeed="0.80" length="5.00" nVehEntered="14"/>
    <interval begin="38100.00" end="38200.00" id="inductionLoop.W4" nVehContrib="8" flow="288.00" occupancy="84.86" speed="4.43" harmonicMeanSpeed="0.39" length="5.00" nVehEntered="8"/>
    <interval begin="38200.00" end="38300.00" id="inductionLoop.W4" nVehContrib="12" flow="432.00" occupancy="82.87" speed="11.11" harmonicMeanSpeed="0.72" length="5.00" nVehEntered="11"/>
    <interval begin="38300.00" end="38400.00" id="inductionLoop.W4" nVehContrib="15" flow="540.00" occupancy="75.30" speed="10.58" harmonicMeanSpeed="9.31" length="5.00" nVehEntered="16"/>
    <interval begin="38400.00" end="38500.00" id="inductionLoop.W4" nVehContrib="14" flow="504.00" occupancy="77.53" speed="8.94" harmonicMeanSpeed="0.90" length="5.00" nVehEntered="14"/>
    <interval begin="38500.00" end="38600.00" id="inductionLoop.W4" nVehContrib="15" flow="540.00" occupancy="75.87" speed="9.01" harmonicMeanSpeed="0.89" length="5.00" nVehEntered="15"/>
    <interval begin="38600.00" end="38700.00" id="inductionLoop.W4" nVehContrib="13" flow="468.00" occupancy="79.05" speed="8.48" harmonicMeanSpeed="0.88" length="5.00" nVehEntered="13"/>
    <interval begin="38700.00" end="38800.00" id="inductionLoop.W4" nVehContrib="14" flow="504.00" occupancy="76.71" speed="8.94" harmonicMeanSpeed="0.93" length="5.00" nVehEntered="14"/>
    <interval begin="38800.00" end="38900.00" id="inductionLoop.W4" nVehContrib="16" flow="576.00" occupancy="73.86" speed="9.71" harmonicMeanSpeed="0.85" length="5.00" nVehEntered="16"/>
    <interval begin="38900.00" end="39000.00" id="inductionLoop.W4" nVehContrib="18" flow="648.00" occupancy="72.32" speed="9.72" harmonicMeanSpeed="1.01" length="5.00" nVehEntered="18"/>
    <interval begin="39000.00" end="39100.00" id="inductionLoop.W4" nVehContrib="8" flow="288.00" occupancy="86.87" speed="7.37" harmonicMeanSpeed="0.35" length="5.00" nVehEntered="7"/>
    <interval begin="39100.00" end="39200.00" id="inductionLoop.W4" nVehContrib="13" flow="468.00" occupancy="79.68" speed="12.69" harmonicMeanSpeed="12.38" length="5.00" nVehEntered="14"/>
    <interval begin="39200.00" end="39300.00" id="inductionLoop.W4" nVehContrib="7" flow="252.00" occupancy="87.69" speed="5.93" harmonicMeanSpeed="0.39" length="5.00" nVehEntered="7"/>
    <interval begin="39300.00" end="39400.00" id="inductionLoop.W4" nVehContrib="21" flow="756.00" occupancy="67.50" speed="10.20" harmonicMeanSpeed="1.17" length="5.00" nVehEntered="21"/>
    <interval begin="39400.00" end="39500.00" id="inductionLoop.W4" nVehContrib="6" flow="216.00" occupancy="89.65" speed="5.15" harmonicMeanSpeed="0.29" length="5.00" nVehEntered="6"/>
    <interval begin="39500.00" end="39600.00" id="inductionLoop.W4" nVehContrib="22" flow="792.00" occupancy="66.13" speed="10.50" harmonicMeanSpeed="2.21" length="5.00" nVehEntered="22"/>
    <interval begin="39600.00" end="39700.00" id="inductionLoop.W4" nVehContrib="23" flow="828.00" occupancy="64.49" speed="11.06" harmonicMeanSpeed="1.29" length="5.00" nVehEntered="23"/>
    <interval begin="39700.00" end="39800.00" id="inductionLoop.W4" nVehContrib="0" flow="0.00" occupancy="100.00" speed="-1.00" harmonicMeanSpeed="-1.00" length="-1.00" nVehEntered="0"/>
    <interval begin="39800.00" end="39900.00" id="inductionLoop.W4" nVehContrib="10" flow="360.00" occupancy="79.46" speed="3.61" harmonicMeanSpeed="0.25" length="5.00" nVehEntered="10"/>
    <interval begin="39900.00" end="40000.00" id="inductionLoop.W4" nVehContrib="23" flow="828.00" occupancy="65.16" speed="10.23" harmonicMeanSpeed="2.62" length="5.00" nVehEntered="23"/>
    <interval begin="40000.00" end="40100.00" id="inductionLoop.W4" nVehContrib="7" flow="252.00" occupancy="88.61" speed="6.57" harmonicMeanSpeed="0.31" length="5.00" nVehEntered="6"/>
    <interval begin="40100.00" end="40200.00" id="inductionLoop.W4" nVehContrib="14" flow="504.00" occupancy="78.59" speed="11.93" harmonicMeanSpeed="11.68" length="5.00" nVehEntered="15"/>
    <interval begin="40200.00" end="40300.00" id="inductionLoop.W4" nVehContrib="16" flow="576.00" occupancy="74.78" speed="10.41" harmonicMeanSpeed="0.54" length="5.00" nVehEntered="15"/>
    <interval begin="40300.00" end="40400.00" id="inductionLoop.W4" nVehContrib="4" flow="144.00" occupancy="93.01" speed="11.71" harmonicMeanSpeed="11.23" length="5.00" nVehEntered="5"/>
    <interval begin="40400.00" end="40500.00" id="inductionLoop.W4" nVehContrib="17" flow="612.00" occupancy="73.45" speed="10.01" harmonicMeanSpeed="0.58" length="5.00" nVehEntered="17"/>
    <interval begin="40500.00" end="40600.00" id="inductionLoop.W4" nVehContrib="3" flow="108.00" occupancy="95.21" speed="1.12" harmonicMeanSpeed="0.13" length="5.00" nVehEntered="2"/>
    <interval begin="40600.00" end="40700.00" id="inductionLoop.W4" nVehContrib="19" flow="684.00" occupancy="67.73" speed="9.16" harmonicMeanSpeed="1.40" length="5.00" nVehEntered="20"/>
    <interval begin="40700.00" end="40800.00" id="inductionLoop.W4" nVehContrib="16" flow="576.00" occupancy="77.06" speed="11.79" harmonicMeanSpeed="11.47" length="5.00" nVehEntered="16"/>
    <interval begin="40800.00" end="40900.00" id="inductionLoop.W4" nVehContrib="19" flow="684.00" occupancy="69.59" speed="10.05" harmonicMeanSpeed="0.91" length="5.00" nVehEntered="19"/>
    <interval begin="40900.00" end="41000.00" id="inductionLoop.W4" nVehContrib="0" flow="0.00" occupancy="100.00" speed="-1.00" harmonicMeanSpeed="-1.00" length="-1.00" nVehEntered="0"/>
    <interval begin="41000.00" end="41100.00" id="inductionLoop.W4" nVehContrib="32" flow="1152.00" occupancy="51.00" speed="9.76" harmonicMeanSpeed="0.86" length="5.00" nVehEntered="31"/>
    <interval begin="41100.00" end="41200.00" id="inductionLoop.W4" nVehContrib="0" flow="0.00" occupancy="99.92" speed="-1.00" harmonicMeanSpeed="-1.00" length="-1.00" nVehEntered="1"/>
    <interval begin="41200.00" end="41300.00" id="inductionLoop.W4" nVehContrib="6" flow="216.00" occupancy="88.25" speed="5.18" harmonicMeanSpeed="0.26" length="5.00" nVehEntered="6"/>
    <interval begin="41300.00" end="41400.00" id="inductionLoop.W4" nVehContrib="20" flow="720.00" occupancy="66.37" speed="9.54" harmonicMeanSpeed="0.95" length="5.00" nVehEntered="20"/>
    <interval begin="41400.00" end="41500.00" id="inductionLoop.W4" nVehContrib="16" flow="576.00" occupancy="75.09" speed="10.04" harmonicMeanSpeed="0.74" length="5.00" nVehEntered="15"/>
    <interval begin="41500.00" end="41600.00" id="inductionLoop.W4" nVehContrib="28" flow="1008.00" occupancy="61.25" speed="13.01" harmonicMeanSpeed="12.89" length="5.00" nVehEntered="29"/>
    <interval begin="41600.00" end="41700.00" id="inductionLoop.W4" nVehContrib="3" flow="108.00" occupancy="94.78" speed="3.00" harmonicMeanSpeed="0.10" length="5.00" nVehEntered="2"/>
    <interval begin="41700.00" end="41800.00" id="inductionLoop.W4" nVehContrib="17" flow="612.00" occupancy="73.98" speed="11.44" harmonicMeanSpeed="10.97" length="5.00" nVehEntered="18"/>
    <interval begin="41800.00" end="41900.00" id="inductionLoop.W4" nVehContrib="37" flow="1332.00" occupancy="45.75" speed="11.93" harmonicMeanSpeed="1.90" length="5.00" nVehEntered="37"/>
    <interval begin="41900.00" end="42000.00" id="inductionLoop.W4" nVehContrib="0" flow="0.00" occupancy="100.00" speed="-1.00" harmonicMeanSpeed="-1.00" length="-1.00" nVehEntered="0"/>
    <interval begin="42000.00" end="42100.00" id="inductionLoop.W4" nVehContrib="23" flow="828.00" occupancy="65.89" speed="10.70" harmonicMeanSpeed="0.64" length="5.00" nVehEntered="22"/>
    <interval begin="42100.00" end="42200.00" id="inductionLoop.W4" nVehContrib="12" flow="432.00" occupancy="79.54" speed="8.83" harmonicMeanSpeed="0.76" length="5.00" nVehEntered="13"/>
    <interval begin="42200.00" end="42300.00" id="inductionLoop.W4" nVehContrib="3" flow="108.00" occupancy="94.45" speed="5.61" harmonicMeanSpeed="0.16" length="5.00" nVehEntered="2"/>
    <interval begin="42300.00" end="42400.00" id="inductionLoop.W4" nVehContrib="28" flow="1008.00" occupancy="55.81" speed="10.46" harmonicMeanSpeed="4.09" length="5.00" nVehEntered="29"/>
    <interval begin="42400.00" end="42500.00" id="inductionLoop.W4" nVehContrib="0" flow="0.00" occupancy="100.00" speed="-1.00" harmonicMeanSpeed="-1.00" length="-1.00" nVehEntered="0"/>
    <interval begin="42500.00" end="42600.00" id="inductionLoop.W4" nVehContrib="21" flow="756.00" occupancy="62.30" speed="9.93" harmonicMeanSpeed="0.60" length="5.00" nVehEntered="21"/>
    <interval begin="42600.00" end="42700.00" id="inductionLoop.W4" nVehContrib="0" flow="0.00" occupancy="100.00" speed="-1.00" harmonicMeanSpeed="-1.00" length="-1.00" nVehEntered="0"/>
    <interval begin="42700.00" end="42800.00" id="inductionLoop.W4" nVehContrib="4" flow="144.00" occupancy="33.05" speed="4.11" harmonicMeanSpeed="0.14" length="5.00" nVehEntered="3"/>
    <interval begin="42800.00" end="42900.00" id="inductionLoop.W4" nVehContrib="0" flow="0.00" occupancy="0.00" speed="-1.00" harmonicMeanSpeed="-1.00" length="-1.00" nVehEntered="0"/>
    <interval begin="42900.00" end="43000.00" id="inductionLoop.W4" nVehContrib="0" flow="0.00" occupancy="0.00" speed="-1.00" harmonicMeanSpeed="-1.00" length="-1.00" nVehEntered="0"/>
    <interval begin="43000.00" end="43100.00" id="inductionLoop.W4" nVehContrib="0" flow="0.00" occupancy="0.00" speed="-1.00" harmonicMeanSpeed="-1.00" length="-1.00" nVehEntered="0"/>
    <interval begin="43100.00" end="43200.00" id="inductionLoop.W4" nVehContrib="0" flow="0.00" occupancy="0.00" speed="-1.00" harmonicMeanSpeed="-1.00" length="-1.00" nVehEntered="0"/>
    <interval begin="43200.00" end="43300.00" id="inductionLoop.W4" nVehContrib="0" flow="0.00" occupancy="0.00" speed="-1.00" harmonicMeanSpeed="-1.00" length="-1.00" nVehEntered="0"/>
    <interval begin="43300.00" end="43400.00" id="inductionLoop.W4" nVehContrib="1" flow="36.00" occupancy="44.50" speed="8.82" harmonicMeanSpeed="8.82" length="5.00" nVehEntered="2"/>
    <interval begin="43400.00" end="43500.00" id="inductionLoop.W4" nVehContrib="5" flow="180.00" occupancy="89.96" speed="4.53" harmonicMeanSpeed="0.34" length="5.00" nVehEntered="5"/>
    <interval begin="43500.00" end="43600.00" id="inductionLoop.W4" nVehContrib="26" flow="936.00" occupancy="61.17" speed="11.18" harmonicMeanSpeed="1.07" length="5.00" nVehEntered="25"/>
    <interval begin="43600.00" end="43700.00" id="inductionLoop.W4" nVehContrib="5" flow="180.00" occupancy="65.60" speed="11.33" harmonicMeanSpeed="8.67" length="5.00" nVehEntered="6"/>
    <interval begin="43700.00" end="43800.00" id="inductionLoop.W4" nVehContrib="9" flow="324.00" occupancy="85.77" speed="7.54" harmonicMeanSpeed="0.30" length="5.00" nVehEntered="8"/>
    <interval begin="43800.00" end="43900.00" id="inductionLoop.W4" nVehContrib="19" flow="684.00" occupancy="71.59" speed="12.19" harmonicMeanSpeed="11.91" length="5.00" nVehEntered="20"/>
    <interval begin="43900.00" end="44000.00" id="inductionLoop.W4" nVehContrib="10" flow="360.00" occupancy="83.69" speed="6.86" harmonicMeanSpeed="0.44" length="5.00" nVehEntered="10"/>
    <interval begin="44000.00" end="44100.00" id="inductionLoop.W4" nVehContrib="19" flow="684.00" occupancy="71.26" speed="10.47" harmonicMeanSpeed="0.89" length="5.00" nVehEntered="18"/>
    <interval begin="44100.00" end="44200.00" id="inductionLoop.W4" nVehContrib="4" flow="144.00" occupancy="93.14" speed="11.92" harmonicMeanSpeed="11.68" length="5.00" nVehEntered="5"/>
    <interval begin="44200.00" end="44300.00" id="inductionLoop.W4" nVehContrib="4" flow="144.00" occupancy="90.79" speed="1.90" harmonicMeanSpeed="0.11" length="5.00" nVehEntered="4"/>
    <interval begin="44300.00" end="44400.00" id="inductionLoop.W4" nVehContrib="36" flow="1296.00" occupancy="48.29" speed="11.74" harmonicMeanSpeed="3.28" length="5.00" nVehEntered="35"/>
    <interval begin="44400.00" end="44500.00" id="inductionLoop.W4" nVehContrib="4" flow="144.00" occupancy="93.61" speed="10.81" harmonicMeanSpeed="9.82" length="5.00" nVehEntered="5"/>
    <interval begin="44500.00" end="44600.00" id="inductionLoop.W4" nVehContrib="27" flow="972.00" occupancy="59.17" speed="10.58" harmonicMeanSpeed="0.92" length="5.00" nVehEntered="27"/>
    <interval begin="44600.00" end="44700.00" id="inductionLoop.W4" nVehContrib="0" flow="0.00" occupancy="100.00" speed="-1.00" harmonicMeanSpeed="-1.00" length="-1.00" nVehEntered="0"/>
    <interval begin="44700.00" end="44800.00" id="inductionLoop.W4" nVehContrib="19" flow="684.00" occupancy="71.36" speed="9.65" harmonicMeanSpeed="0.54" length="5.00" nVehEntered="18"/>
    <interval begin="44800.00" end="44900.00" id="inductionLoop.W4" nVehContrib="5" flow="180.00" occupancy="92.21" speed="10.43" harmonicMeanSpeed="10.03" length="5.00" nVehEntered="6"/>
    <interval begin="44900.00" end="45000.00" id="inductionLoop.W4" nVehContrib="12" flow="432.00" occupancy="80.26" speed="9.22" harmonicMeanSpeed="0.35" length="5.00" nVehEntered="12"/>
    <interval begin="45000.00" end="45100.00" id="inductionLoop.W4" nVehContrib="29" flow="1044.00" occupancy="58.79" speed="12.85" harmonicMeanSpeed="12.68" length="5.00" nVehEntered="29"/>
    <interval begin="45100.00" end="45200.00" id="inductionLoop.W4" nVehContrib="24" flow="864.00" occupancy="63.67" speed="10.07" harmonicMeanSpeed="1.08" length="5.00" nVehEntered="24"/>
    <interval begin="45200.00" end="45300.00" id="inductionLoop.W4" nVehContrib="0" flow="0.00" occupancy="100.00" speed="-1.00" harmonicMeanSpeed="-1.00" length="-1.00" nVehEntered="0"/>
    <interval begin="45300.00" end="45400.00" id="inductionLoop.W4" nVehContrib="10" flow="360.00" occupancy="82.78" speed="5.78" harmonicMeanSpeed="0.27" length="5.00" nVehEntered="9"/>
    <interval begin="45400.00" end="45500.00" id="inductionLoop.W4" nVehContrib="5" flow="180.00" occupancy="92.20" speed="11.82" harmonicMeanSpeed="11.53" length="5.00" nVehEntered="6"/>
    <interval begin="45500.00" end="45600.00" id="inductionLoop.W4" nVehContrib="9" flow="324.00" occupancy="82.84" speed="5.29" harmonicMeanSpeed="0.27" length="5.00" nVehEntered="9"/>
    <interval begin="45600.00" end="45700.00" id="inductionLoop.W4" nVehContrib="22" flow="792.00" occupancy="66.55" speed="10.01" harmonicMeanSpeed="3.31" length="5.00" nVehEntered="22"/>
    <interval begin="45700.00" end="45800.00" id="inductionLoop.W4" nVehContrib="20" flow="720.00" occupancy="69.32" speed="11.10" harmonicMeanSpeed="0.90" length="5.00" nVehEntered="19"/>
    <interval begin="45800.00" end="45900.00" id="inductionLoop.W4" nVehContrib="21" flow="756.00" occupancy="67.03" speed="11.67" harmonicMeanSpeed="2.60" length="5.00" nVehEntered="22"/>
    <interval begin="45900.00" end="46000.00" id="inductionLoop.W4" nVehContrib="5" flow="180.00" occupancy="90.76" speed="4.54" harmonicMeanSpeed="0.27" length="5.00" nVehEntered="5"/>
    <interval begin="46000.00" end="46100.00" id="inductionLoop.W4" nVehContrib="8" flow="288.00" occupancy="86.96" speed="6.50" harmonicMeanSpeed="0.35" length="5.00" nVehEntered="7"/>
    <interval begin="46100.00" end="46200.00" id="inductionLoop.W4" nVehContrib="26" flow="936.00" occupancy="63.37" speed="13.16" harmonicMeanSpeed="13.04" length="5.00" nVehEntered="27"/>
    <interval begin="46200.00" end="46300.00" id="inductionLoop.W4" nVehContrib="11" flow="396.00" occupancy="82.74" speed="8.64" harmonicMeanSpeed="0.40" length="5.00" nVehEntered="10"/>
    <interval begin="46300.00" end="46400.00" id="inductionLoop.W4" nVehContrib="9" flow="324.00" occupancy="85.06" speed="13.47" harmonicMeanSpeed="13.07" length="5.00" nVehEntered="10"/>
    <interval begin="46400.00" end="46500.00" id="inductionLoop.W4" nVehContrib="24" flow="864.00" occupancy="64.33" speed="10.59" harmonicMeanSpeed="0.82" length="5.00" nVehEntered="23"/>
    <interval begin="46500.00" end="46600.00" id="inductionLoop.W4" nVehContrib="27" flow="972.00" occupancy="57.87" speed="11.19" harmonicMeanSpeed="10.98" length="5.00" nVehEntered="28"/>
    <interval begin="46600.00" end="46700.00" id="inductionLoop.W4" nVehContrib="14" flow="504.00" occupancy="77.09" speed="9.16" harmonicMeanSpeed="0.57" length="5.00" nVehEntered="14"/>
    <interval begin="46700.00" end="46800.00" id="inductionLoop.W4" nVehContrib="7" flow="252.00" occupancy="89.29" speed="10.82" harmonicMeanSpeed="10.58" length="5.00" nVehEntered="7"/>
    <interval begin="46800.00" end="46900.00" id="inductionLoop.W4" nVehContrib="10" flow="360.00" occupancy="84.97" speed="7.72" harmonicMeanSpeed="0.29" length="5.00" nVehEntered="9"/>
    <interval begin="46900.00" end="47000.00" id="inductionLoop.W4" nVehContrib="28" flow="1008.00" occupancy="59.19" speed="11.53" harmonicMeanSpeed="11.38" length="5.00" nVehEntered="29"/>
    <interval begin="47000.00" end="47100.00" id="inductionLoop.W4" nVehContrib="0" flow="0.00" occupancy="100.00" speed="-1.00" harmonicMeanSpeed="-1.00" length="-1.00" nVehEntered="0"/>
    <interval begin="47100.00" end="47200.00" id="inductionLoop.W4" nVehContrib="27" flow="972.00" occupancy="59.26" speed="10.74" harmonicMeanSpeed="0.77" length="5.00" nVehEntered="27"/>
    <interval begin="47200.00" end="47300.00" id="inductionLoop.W4" nVehContrib="7" flow="252.00" occupancy="88.90" speed="6.37" harmonicMeanSpeed="0.29" length="5.00" nVehEntered="6"/>
    <interval begin="47300.00" end="47400.00" id="inductionLoop.W4" nVehContrib="10" flow="360.00" occupancy="84.15" speed="11.41" harmonicMeanSpeed="11.16" length="5.00" nVehEntered="11"/>
    <interval begin="47400.00" end="47500.00" id="inductionLoop.W4" nVehContrib="47" flow="1692.00" occupancy="31.08" speed="11.37" harmonicMeanSpeed="2.12" length="5.00" nVehEntered="46"/>
    <interval begin="47500.00" end="47600.00" id="inductionLoop.W4" nVehContrib="7" flow="252.00" occupancy="89.40" speed="10.94" harmonicMeanSpeed="10.65" length="5.00" nVehEntered="8"/>
    <interval begin="47600.00" end="47700.00" id="inductionLoop.W4" nVehContrib="8" flow="288.00" occupancy="87.92" speed="7.36" harmonicMeanSpeed="0.23" length="5.00" nVehEntered="7"/>
    <interval begin="47700.00" end="47800.00" id="inductionLoop.W4" nVehContrib="22" flow="792.00" occupancy="65.46" speed="12.02" harmonicMeanSpeed="11.87" length="5.00" nVehEntered="23"/>
    <interval begin="47800.00" end="47900.00" id="inductionLoop.W4" nVehContrib="6" flow="216.00" occupancy="88.63" speed="5.31" harmonicMeanSpeed="0.21" length="5.00" nVehEntered="6"/>
    <interval begin="47900.00" end="48000.00" id="inductionLoop.W4" nVehContrib="2" flow="72.00" occupancy="95.77" speed="1.79" harmonicMeanSpeed="0.11" length="5.00" nVehEntered="2"/>
    <interval begin="48000.00" end="48100.00" id="inductionLoop.W4" nVehContrib="22" flow="792.00" occupancy="65.44" speed="10.84" harmonicMeanSpeed="3.46" length="5.00" nVehEntered="22"/>
    <interval begin="48100.00" end="48200.00" id="inductionLoop.W4" nVehContrib="10" flow="360.00" occupancy="83.73" speed="7.61" harmonicMeanSpeed="0.43" length="5.00" nVehEntered="10"/>
    <interval begin="48200.00" end="48300.00" id="inductionLoop.W4" nVehContrib="26" flow="936.00" occupancy="58.64" speed="11.09" harmonicMeanSpeed="2.45" length="5.00" nVehEntered="26"/>
    <interval begin="48300.00" end="48400.00" id="inductionLoop.W4" nVehContrib="0" flow="0.00" occupancy="100.00" speed="-1.00" harmonicMeanSpeed="-1.00" length="-1.00" nVehEntered="0"/>
    <interval begin="48400.00" end="48500.00" id="inductionLoop.W4" nVehContrib="17" flow="612.00" occupancy="73.33" speed="9.82" harmonicMeanSpeed="0.46" length="5.00" nVehEntered="17"/>
    <interval begin="48500.00" end="48600.00" id="inductionLoop.W4" nVehContrib="0" flow="0.00" occupancy="100.00" speed="-1.00" harmonicMeanSpeed="-1.00" length="-1.00" nVehEntered="0"/>
    <interval begin="48600.00" end="48700.00" id="inductionLoop.W4" nVehContrib="36" flow="1296.00" occupancy="43.84" speed="11.21" harmonicMeanSpeed="1.47" length="5.00" nVehEntered="36"/>
    <interval begin="48700.00" end="48800.00" id="inductionLoop.W4" nVehContrib="0" flow="0.00" occupancy="100.00" speed="-1.00" harmonicMeanSpeed="-1.00" length="-1.00" nVehEntered="0"/>
    <interval begin="48800.00" end="48900.00" id="inductionLoop.W4" nVehContrib="10" flow="360.00" occupancy="82.99" speed="5.05" harmonicMeanSpeed="0.24" length="5.00" nVehEntered="9"/>
    <interval begin="48900.00" end="49000.00" id="inductionLoop.W4" nVehContrib="51" flow="1836.00" occupancy="24.04" speed="11.41" harmonicMeanSpeed="11.19" length="5.00" nVehEntered="52"/>
    <interval begin="49000.00" end="49100.00" id="inductionLoop.W4" nVehContrib="0" flow="0.00" occupancy="100.00" speed="-1.00" harmonicMeanSpeed="-1.00" length="-1.00" nVehEntered="0"/>
    <interval begin="49100.00" end="49200.00" id="inductionLoop.W4" nVehContrib="0" flow="0.00" occupancy="100.00" speed="-1.00" harmonicMeanSpeed="-1.00" length="-1.00" nVehEntered="0"/>
    <interval begin="49200.00" end="49300.00" id="inductionLoop.W4" nVehContrib="0" flow="0.00" occupancy="100.00" speed="-1.00" harmonicMeanSpeed="-1.00" length="-1.00" nVehEntered="0"/>
    <interval begin="49300.00" end="49400.00" id="inductionLoop.W4" nVehContrib="30" flow="1080.00" occupancy="50.02" speed="9.43" harmonicMeanSpeed="0.43" length="5.00" nVehEntered="31"/>
    <interval begin="49400.00" end="49500.00" id="inductionLoop.W4" nVehContrib="31" flow="1116.00" occupancy="57.20" speed="11.05" harmonicMeanSpeed="10.99" length="5.00" nVehEntered="31"/>
    <interval begin="49500.00" end="49600.00" id="inductionLoop.W4" nVehContrib="0" flow="0.00" occupancy="100.00" speed="-1.00" harmonicMeanSpeed="-1.00" length="-1.00" nVehEntered="0"/>
    <interval begin="49600.00" end="49700.00" id="inductionLoop.W4" nVehContrib="28" flow="1008.00" occupancy="57.36" speed="11.42" harmonicMeanSpeed="0.70" length="5.00" nVehEntered="27"/>
    <interval begin="49700.00" end="49800.00" id="inductionLoop.W4" nVehContrib="12" flow="432.00" occupancy="80.99" speed="10.98" harmonicMeanSpeed="10.90" length="5.00" nVehEntered="13"/>
    <interval begin="49800.00" end="49900.00" id="inductionLoop.W4" nVehContrib="0" flow="0.00" occupancy="100.00" speed="-1.00" harmonicMeanSpeed="-1.00" length="-1.00" nVehEntered="0"/>
    <interval begin="49900.00" end="50000.00" id="inductionLoop.W4" nVehContrib="45" flow="1620.00" occupancy="32.21" speed="11.01" harmonicMeanSpeed="1.08" length="5.00" nVehEntered="44"/>
    <interval begin="50000.00" end="50010.00" id="inductionLoop.W4" nVehContrib="0" flow="0.00" occupancy="97.49" speed="-1.00" harmonicMeanSpeed="-1.00" length="-1.00" nVehEntered="1"/>
</detector>
