<?xml version="1.0" encoding="UTF-8"?>

<!-- generated on 2023-07-31 23:07:06 by Eclipse SUMO sumo Version 1.12.0
<configuration xmlns:xsi="http://www.w3.org/2001/XMLSchema-instance" xsi:noNamespaceSchemaLocation="http://sumo.dlr.de/xsd/sumoConfiguration.xsd">

    <input>
        <net-file value="Data0-39/intersection.net.xml"/>
        <route-files value="Data0-39/intersection.rou.xml"/>
        <additional-files value="Data0-39/intersection.det.xml"/>
    </input>

    <output>
        <tripinfo-output value="Data0-39/tripinfo.xml"/>
    </output>

    <time>
        <begin value="0"/>
    </time>

    <processing>
        <time-to-teleport value="-1"/>
        <waiting-time-memory value="60000"/>
    </processing>

    <report>
        <verbose value="true"/>
        <no-step-log value="true"/>
    </report>

    <emissions>
        <device.emissions.probability value="1"/>
    </emissions>

    <traci_server>
        <remote-port value="47883"/>
    </traci_server>

    <gui_only>
        <gui-settings-file value="Data0-39/intersection.settings.xml"/>
    </gui_only>

</configuration>
-->

<detector xmlns:xsi="http://www.w3.org/2001/XMLSchema-instance" xsi:noNamespaceSchemaLocation="http://sumo.dlr.de/xsd/det_e1_file.xsd">
    <interval begin="0.00" end="100.00" id="inductionLoop.S0" nVehContrib="6" flow="216.00" occupancy="2.17" speed="13.90" harmonicMeanSpeed="13.85" length="5.00" nVehEntered="6"/>
    <interval begin="100.00" end="200.00" id="inductionLoop.S0" nVehContrib="13" flow="468.00" occupancy="63.06" speed="4.73" harmonicMeanSpeed="1.11" length="5.00" nVehEntered="14"/>
    <interval begin="200.00" end="300.00" id="inductionLoop.S0" nVehContrib="13" flow="468.00" occupancy="53.24" speed="4.23" harmonicMeanSpeed="1.13" length="5.00" nVehEntered="12"/>
    <interval begin="300.00" end="400.00" id="inductionLoop.S0" nVehContrib="13" flow="468.00" occupancy="46.25" speed="4.41" harmonicMeanSpeed="1.42" length="5.00" nVehEntered="14"/>
    <interval begin="400.00" end="500.00" id="inductionLoop.S0" nVehContrib="16" flow="576.00" occupancy="36.15" speed="6.15" harmonicMeanSpeed="2.85" length="5.00" nVehEntered="17"/>
    <interval begin="500.00" end="600.00" id="inductionLoop.S0" nVehContrib="14" flow="504.00" occupancy="36.89" speed="6.59" harmonicMeanSpeed="1.54" length="5.00" nVehEntered="13"/>
    <interval begin="600.00" end="700.00" id="inductionLoop.S0" nVehContrib="12" flow="432.00" occupancy="51.26" speed="4.58" harmonicMeanSpeed="1.17" length="5.00" nVehEntered="12"/>
    <interval begin="700.00" end="800.00" id="inductionLoop.S0" nVehContrib="13" flow="468.00" occupancy="64.25" speed="5.51" harmonicMeanSpeed="1.18" length="5.00" nVehEntered="14"/>
    <interval begin="800.00" end="900.00" id="inductionLoop.S0" nVehContrib="11" flow="396.00" occupancy="73.21" speed="4.45" harmonicMeanSpeed="0.68" length="5.00" nVehEntered="11"/>
    <interval begin="900.00" end="1000.00" id="inductionLoop.S0" nVehContrib="13" flow="468.00" occupancy="56.44" speed="5.09" harmonicMeanSpeed="1.26" length="5.00" nVehEntered="13"/>
    <interval begin="1000.00" end="1100.00" id="inductionLoop.S0" nVehContrib="12" flow="432.00" occupancy="23.49" speed="7.69" harmonicMeanSpeed="2.06" length="5.00" nVehEntered="12"/>
    <interval begin="1100.00" end="1200.00" id="inductionLoop.S0" nVehContrib="8" flow="288.00" occupancy="51.78" speed="4.82" harmonicMeanSpeed="0.79" length="5.00" nVehEntered="8"/>
    <interval begin="1200.00" end="1300.00" id="inductionLoop.S0" nVehContrib="10" flow="360.00" occupancy="33.32" speed="5.43" harmonicMeanSpeed="1.39" length="5.00" nVehEntered="9"/>
    <interval begin="1300.00" end="1400.00" id="inductionLoop.S0" nVehContrib="15" flow="540.00" occupancy="49.56" speed="4.59" harmonicMeanSpeed="1.51" length="5.00" nVehEntered="15"/>
    <interval begin="1400.00" end="1500.00" id="inductionLoop.S0" nVehContrib="10" flow="360.00" occupancy="63.65" speed="5.43" harmonicMeanSpeed="0.79" length="5.00" nVehEntered="11"/>
    <interval begin="1500.00" end="1600.00" id="inductionLoop.S0" nVehContrib="15" flow="540.00" occupancy="12.67" speed="7.30" harmonicMeanSpeed="5.96" length="5.00" nVehEntered="16"/>
    <interval begin="1600.00" end="1700.00" id="inductionLoop.S0" nVehContrib="12" flow="432.00" occupancy="10.36" speed="9.43" harmonicMeanSpeed="6.99" length="5.00" nVehEntered="13"/>
    <interval begin="1700.00" end="1800.00" id="inductionLoop.S0" nVehContrib="14" flow="504.00" occupancy="25.23" speed="6.97" harmonicMeanSpeed="2.59" length="5.00" nVehEntered="13"/>
    <interval begin="1800.00" end="1900.00" id="inductionLoop.S0" nVehContrib="18" flow="648.00" occupancy="22.48" speed="9.27" harmonicMeanSpeed="4.00" length="5.00" nVehEntered="18"/>
    <interval begin="1900.00" end="2000.00" id="inductionLoop.S0" nVehContrib="10" flow="360.00" occupancy="9.69" speed="8.95" harmonicMeanSpeed="5.16" length="5.00" nVehEntered="10"/>
    <interval begin="2000.00" end="2100.00" id="inductionLoop.S0" nVehContrib="11" flow="396.00" occupancy="7.50" speed="9.12" harmonicMeanSpeed="7.33" length="5.00" nVehEntered="11"/>
    <interval begin="2100.00" end="2200.00" id="inductionLoop.S0" nVehContrib="13" flow="468.00" occupancy="34.80" speed="5.27" harmonicMeanSpeed="1.87" length="5.00" nVehEntered="13"/>
    <interval begin="2200.00" end="2300.00" id="inductionLoop.S0" nVehContrib="12" flow="432.00" occupancy="27.26" speed="6.91" harmonicMeanSpeed="2.24" length="5.00" nVehEntered="14"/>
    <interval begin="2300.00" end="2400.00" id="inductionLoop.S0" nVehContrib="14" flow="504.00" occupancy="36.79" speed="3.49" harmonicMeanSpeed="2.02" length="5.00" nVehEntered="15"/>
    <interval begin="2400.00" end="2500.00" id="inductionLoop.S0" nVehContrib="12" flow="432.00" occupancy="45.48" speed="6.50" harmonicMeanSpeed="1.56" length="5.00" nVehEntered="12"/>
    <interval begin="2500.00" end="2600.00" id="inductionLoop.S0" nVehContrib="12" flow="432.00" occupancy="43.21" speed="5.36" harmonicMeanSpeed="1.15" length="5.00" nVehEntered="13"/>
    <interval begin="2600.00" end="2700.00" id="inductionLoop.S0" nVehContrib="13" flow="468.00" occupancy="29.89" speed="9.72" harmonicMeanSpeed="2.17" length="5.00" nVehEntered="12"/>
    <interval begin="2700.00" end="2800.00" id="inductionLoop.S0" nVehContrib="12" flow="432.00" occupancy="43.16" speed="5.30" harmonicMeanSpeed="1.60" length="5.00" nVehEntered="14"/>
    <interval begin="2800.00" end="2900.00" id="inductionLoop.S0" nVehContrib="13" flow="468.00" occupancy="59.35" speed="5.51" harmonicMeanSpeed="1.06" length="5.00" nVehEntered="13"/>
    <interval begin="2900.00" end="3000.00" id="inductionLoop.S0" nVehContrib="16" flow="576.00" occupancy="32.76" speed="5.20" harmonicMeanSpeed="2.44" length="5.00" nVehEntered="16"/>
    <interval begin="3000.00" end="3100.00" id="inductionLoop.S0" nVehContrib="11" flow="396.00" occupancy="35.31" speed="7.23" harmonicMeanSpeed="1.58" length="5.00" nVehEntered="12"/>
    <interval begin="3100.00" end="3200.00" id="inductionLoop.S0" nVehContrib="14" flow="504.00" occupancy="46.88" speed="5.77" harmonicMeanSpeed="1.48" length="5.00" nVehEntered="13"/>
    <interval begin="3200.00" end="3300.00" id="inductionLoop.S0" nVehContrib="15" flow="540.00" occupancy="20.26" speed="6.21" harmonicMeanSpeed="3.70" length="5.00" nVehEntered="15"/>
    <interval begin="3300.00" end="3400.00" id="inductionLoop.S0" nVehContrib="12" flow="432.00" occupancy="17.58" speed="6.82" harmonicMeanSpeed="3.41" length="5.00" nVehEntered="12"/>
    <interval begin="3400.00" end="3500.00" id="inductionLoop.S0" nVehContrib="11" flow="396.00" occupancy="13.58" speed="9.65" harmonicMeanSpeed="4.05" length="5.00" nVehEntered="11"/>
    <interval begin="3500.00" end="3600.00" id="inductionLoop.S0" nVehContrib="9" flow="324.00" occupancy="9.98" speed="8.71" harmonicMeanSpeed="6.46" length="5.00" nVehEntered="10"/>
    <interval begin="3600.00" end="3700.00" id="inductionLoop.S0" nVehContrib="10" flow="360.00" occupancy="41.54" speed="8.78" harmonicMeanSpeed="1.41" length="5.00" nVehEntered="11"/>
    <interval begin="3700.00" end="3800.00" id="inductionLoop.S0" nVehContrib="14" flow="504.00" occupancy="25.08" speed="7.10" harmonicMeanSpeed="2.25" length="5.00" nVehEntered="13"/>
    <interval begin="3800.00" end="3900.00" id="inductionLoop.S0" nVehContrib="8" flow="288.00" occupancy="33.05" speed="7.23" harmonicMeanSpeed="2.38" length="5.00" nVehEntered="10"/>
    <interval begin="3900.00" end="4000.00" id="inductionLoop.S0" nVehContrib="9" flow="324.00" occupancy="31.80" speed="6.59" harmonicMeanSpeed="0.99" length="5.00" nVehEntered="8"/>
    <interval begin="4000.00" end="4100.00" id="inductionLoop.S0" nVehContrib="14" flow="504.00" occupancy="27.15" speed="6.84" harmonicMeanSpeed="2.79" length="5.00" nVehEntered="15"/>
    <interval begin="4100.00" end="4200.00" id="inductionLoop.S0" nVehContrib="16" flow="576.00" occupancy="31.63" speed="7.05" harmonicMeanSpeed="2.80" length="5.00" nVehEntered="18"/>
    <interval begin="4200.00" end="4300.00" id="inductionLoop.S0" nVehContrib="11" flow="396.00" occupancy="68.15" speed="5.65" harmonicMeanSpeed="0.81" length="5.00" nVehEntered="11"/>
    <interval begin="4300.00" end="4400.00" id="inductionLoop.S0" nVehContrib="14" flow="504.00" occupancy="31.24" speed="7.07" harmonicMeanSpeed="2.27" length="5.00" nVehEntered="15"/>
    <interval begin="4400.00" end="4500.00" id="inductionLoop.S0" nVehContrib="13" flow="468.00" occupancy="37.38" speed="5.71" harmonicMeanSpeed="1.74" length="5.00" nVehEntered="13"/>
    <interval begin="4500.00" end="4600.00" id="inductionLoop.S0" nVehContrib="10" flow="360.00" occupancy="25.35" speed="10.30" harmonicMeanSpeed="9.81" length="5.00" nVehEntered="11"/>
    <interval begin="4600.00" end="4700.00" id="inductionLoop.S0" nVehContrib="13" flow="468.00" occupancy="6.28" speed="10.75" harmonicMeanSpeed="10.35" length="5.00" nVehEntered="13"/>
    <interval begin="4700.00" end="4800.00" id="inductionLoop.S0" nVehContrib="11" flow="396.00" occupancy="53.52" speed="9.17" harmonicMeanSpeed="1.40" length="5.00" nVehEntered="12"/>
    <interval begin="4800.00" end="4900.00" id="inductionLoop.S0" nVehContrib="15" flow="540.00" occupancy="32.40" speed="5.88" harmonicMeanSpeed="1.64" length="5.00" nVehEntered="15"/>
    <interval begin="4900.00" end="5000.00" id="inductionLoop.S0" nVehContrib="9" flow="324.00" occupancy="15.80" speed="6.32" harmonicMeanSpeed="2.96" length="5.00" nVehEntered="10"/>
    <interval begin="5000.00" end="5100.00" id="inductionLoop.S0" nVehContrib="10" flow="360.00" occupancy="10.10" speed="9.72" harmonicMeanSpeed="6.09" length="5.00" nVehEntered="11"/>
    <interval begin="5100.00" end="5200.00" id="inductionLoop.S0" nVehContrib="8" flow="288.00" occupancy="36.18" speed="8.63" harmonicMeanSpeed="1.80" length="5.00" nVehEntered="9"/>
    <interval begin="5200.00" end="5300.00" id="inductionLoop.S0" nVehContrib="14" flow="504.00" occupancy="34.96" speed="5.93" harmonicMeanSpeed="1.44" length="5.00" nVehEntered="14"/>
    <interval begin="5300.00" end="5400.00" id="inductionLoop.S0" nVehContrib="16" flow="576.00" occupancy="32.62" speed="4.98" harmonicMeanSpeed="2.61" length="5.00" nVehEntered="16"/>
    <interval begin="5400.00" end="5500.00" id="inductionLoop.S0" nVehContrib="12" flow="432.00" occupancy="36.64" speed="7.24" harmonicMeanSpeed="1.68" length="5.00" nVehEntered="13"/>
    <interval begin="5500.00" end="5600.00" id="inductionLoop.S0" nVehContrib="7" flow="252.00" occupancy="47.47" speed="3.55" harmonicMeanSpeed="0.75" length="5.00" nVehEntered="8"/>
    <interval begin="5600.00" end="5700.00" id="inductionLoop.S0" nVehContrib="11" flow="396.00" occupancy="28.63" speed="7.90" harmonicMeanSpeed="1.95" length="5.00" nVehEntered="12"/>
    <interval begin="5700.00" end="5800.00" id="inductionLoop.S0" nVehContrib="13" flow="468.00" occupancy="41.18" speed="7.58" harmonicMeanSpeed="1.58" length="5.00" nVehEntered="13"/>
    <interval begin="5800.00" end="5900.00" id="inductionLoop.S0" nVehContrib="8" flow="288.00" occupancy="10.83" speed="7.98" harmonicMeanSpeed="3.69" length="5.00" nVehEntered="8"/>
    <interval begin="5900.00" end="6000.00" id="inductionLoop.S0" nVehContrib="8" flow="288.00" occupancy="21.25" speed="8.13" harmonicMeanSpeed="1.88" length="5.00" nVehEntered="8"/>
    <interval begin="6000.00" end="6100.00" id="inductionLoop.S0" nVehContrib="8" flow="288.00" occupancy="3.74" speed="10.96" harmonicMeanSpeed="10.69" length="5.00" nVehEntered="8"/>
    <interval begin="6100.00" end="6200.00" id="inductionLoop.S0" nVehContrib="13" flow="468.00" occupancy="11.90" speed="8.78" harmonicMeanSpeed="5.46" length="5.00" nVehEntered="13"/>
    <interval begin="6200.00" end="6300.00" id="inductionLoop.S0" nVehContrib="9" flow="324.00" occupancy="4.98" speed="10.12" harmonicMeanSpeed="9.04" length="5.00" nVehEntered="9"/>
    <interval begin="6300.00" end="6400.00" id="inductionLoop.S0" nVehContrib="9" flow="324.00" occupancy="26.40" speed="7.20" harmonicMeanSpeed="1.75" length="5.00" nVehEntered="11"/>
    <interval begin="6400.00" end="6500.00" id="inductionLoop.S0" nVehContrib="10" flow="360.00" occupancy="12.21" speed="8.91" harmonicMeanSpeed="4.10" length="5.00" nVehEntered="10"/>
    <interval begin="6500.00" end="6600.00" id="inductionLoop.S0" nVehContrib="11" flow="396.00" occupancy="35.71" speed="7.25" harmonicMeanSpeed="1.54" length="5.00" nVehEntered="11"/>
    <interval begin="6600.00" end="6700.00" id="inductionLoop.S0" nVehContrib="14" flow="504.00" occupancy="19.16" speed="9.91" harmonicMeanSpeed="8.31" length="5.00" nVehEntered="16"/>
    <interval begin="6700.00" end="6800.00" id="inductionLoop.S0" nVehContrib="12" flow="432.00" occupancy="51.63" speed="7.34" harmonicMeanSpeed="1.81" length="5.00" nVehEntered="13"/>
    <interval begin="6800.00" end="6900.00" id="inductionLoop.S0" nVehContrib="16" flow="576.00" occupancy="31.08" speed="5.64" harmonicMeanSpeed="1.61" length="5.00" nVehEntered="15"/>
    <interval begin="6900.00" end="7000.00" id="inductionLoop.S0" nVehContrib="13" flow="468.00" occupancy="21.96" speed="9.59" harmonicMeanSpeed="3.20" length="5.00" nVehEntered="14"/>
    <interval begin="7000.00" end="7100.00" id="inductionLoop.S0" nVehContrib="10" flow="360.00" occupancy="13.63" speed="7.92" harmonicMeanSpeed="3.28" length="5.00" nVehEntered="9"/>
    <interval begin="7100.00" end="7200.00" id="inductionLoop.S0" nVehContrib="7" flow="252.00" occupancy="4.17" speed="9.79" harmonicMeanSpeed="8.40" length="5.00" nVehEntered="7"/>
    <interval begin="7200.00" end="7300.00" id="inductionLoop.S0" nVehContrib="6" flow="216.00" occupancy="3.52" speed="10.14" harmonicMeanSpeed="8.52" length="5.00" nVehEntered="6"/>
    <interval begin="7300.00" end="7400.00" id="inductionLoop.S0" nVehContrib="5" flow="180.00" occupancy="2.01" speed="12.56" harmonicMeanSpeed="12.42" length="5.00" nVehEntered="5"/>
    <interval begin="7400.00" end="7500.00" id="inductionLoop.S0" nVehContrib="7" flow="252.00" occupancy="3.31" speed="10.72" harmonicMeanSpeed="10.58" length="5.00" nVehEntered="7"/>
    <interval begin="7500.00" end="7600.00" id="inductionLoop.S0" nVehContrib="8" flow="288.00" occupancy="3.44" speed="11.95" harmonicMeanSpeed="11.64" length="5.00" nVehEntered="8"/>
    <interval begin="7600.00" end="7700.00" id="inductionLoop.S0" nVehContrib="11" flow="396.00" occupancy="17.48" speed="10.01" harmonicMeanSpeed="3.15" length="5.00" nVehEntered="11"/>
    <interval begin="7700.00" end="7800.00" id="inductionLoop.S0" nVehContrib="13" flow="468.00" occupancy="32.05" speed="9.30" harmonicMeanSpeed="2.07" length="5.00" nVehEntered="14"/>
    <interval begin="7800.00" end="7900.00" id="inductionLoop.S0" nVehContrib="11" flow="396.00" occupancy="8.82" speed="7.75" harmonicMeanSpeed="6.53" length="5.00" nVehEntered="12"/>
    <interval begin="7900.00" end="8000.00" id="inductionLoop.S0" nVehContrib="10" flow="360.00" occupancy="11.64" speed="8.27" harmonicMeanSpeed="4.15" length="5.00" nVehEntered="9"/>
    <interval begin="8000.00" end="8100.00" id="inductionLoop.S0" nVehContrib="11" flow="396.00" occupancy="11.35" speed="7.95" harmonicMeanSpeed="5.09" length="5.00" nVehEntered="12"/>
    <interval begin="8100.00" end="8200.00" id="inductionLoop.S0" nVehContrib="13" flow="468.00" occupancy="13.59" speed="9.60" harmonicMeanSpeed="4.78" length="5.00" nVehEntered="13"/>
    <interval begin="8200.00" end="8300.00" id="inductionLoop.S0" nVehContrib="6" flow="216.00" occupancy="5.65" speed="9.85" harmonicMeanSpeed="6.01" length="5.00" nVehEntered="7"/>
    <interval begin="8300.00" end="8400.00" id="inductionLoop.S0" nVehContrib="9" flow="324.00" occupancy="9.99" speed="9.38" harmonicMeanSpeed="4.50" length="5.00" nVehEntered="9"/>
    <interval begin="8400.00" end="8500.00" id="inductionLoop.S0" nVehContrib="12" flow="432.00" occupancy="28.88" speed="7.89" harmonicMeanSpeed="2.20" length="5.00" nVehEntered="14"/>
    <interval begin="8500.00" end="8600.00" id="inductionLoop.S0" nVehContrib="16" flow="576.00" occupancy="29.68" speed="7.47" harmonicMeanSpeed="2.57" length="5.00" nVehEntered="16"/>
    <interval begin="8600.00" end="8700.00" id="inductionLoop.S0" nVehContrib="11" flow="396.00" occupancy="10.07" speed="8.33" harmonicMeanSpeed="5.46" length="5.00" nVehEntered="11"/>
    <interval begin="8700.00" end="8800.00" id="inductionLoop.S0" nVehContrib="11" flow="396.00" occupancy="11.27" speed="9.26" harmonicMeanSpeed="4.88" length="5.00" nVehEntered="11"/>
    <interval begin="8800.00" end="8900.00" id="inductionLoop.S0" nVehContrib="11" flow="396.00" occupancy="10.93" speed="10.55" harmonicMeanSpeed="5.03" length="5.00" nVehEntered="11"/>
    <interval begin="8900.00" end="9000.00" id="inductionLoop.S0" nVehContrib="11" flow="396.00" occupancy="17.30" speed="8.86" harmonicMeanSpeed="3.18" length="5.00" nVehEntered="11"/>
    <interval begin="9000.00" end="9100.00" id="inductionLoop.S0" nVehContrib="9" flow="324.00" occupancy="4.34" speed="10.72" harmonicMeanSpeed="10.36" length="5.00" nVehEntered="9"/>
    <interval begin="9100.00" end="9200.00" id="inductionLoop.S0" nVehContrib="9" flow="324.00" occupancy="4.33" speed="11.39" harmonicMeanSpeed="11.24" length="5.00" nVehEntered="10"/>
    <interval begin="9200.00" end="9300.00" id="inductionLoop.S0" nVehContrib="9" flow="324.00" occupancy="35.39" speed="7.51" harmonicMeanSpeed="1.28" length="5.00" nVehEntered="10"/>
    <interval begin="9300.00" end="9400.00" id="inductionLoop.S0" nVehContrib="10" flow="360.00" occupancy="4.66" speed="11.20" harmonicMeanSpeed="10.73" length="5.00" nVehEntered="10"/>
    <interval begin="9400.00" end="9500.00" id="inductionLoop.S0" nVehContrib="12" flow="432.00" occupancy="13.70" speed="8.34" harmonicMeanSpeed="4.68" length="5.00" nVehEntered="13"/>
    <interval begin="9500.00" end="9600.00" id="inductionLoop.S0" nVehContrib="6" flow="216.00" occupancy="2.50" speed="12.52" harmonicMeanSpeed="12.02" length="5.00" nVehEntered="6"/>
    <interval begin="9600.00" end="9700.00" id="inductionLoop.S0" nVehContrib="10" flow="360.00" occupancy="4.01" speed="12.62" harmonicMeanSpeed="12.48" length="5.00" nVehEntered="10"/>
    <interval begin="9700.00" end="9800.00" id="inductionLoop.S0" nVehContrib="7" flow="252.00" occupancy="2.98" speed="12.00" harmonicMeanSpeed="11.75" length="5.00" nVehEntered="7"/>
    <interval begin="9800.00" end="9900.00" id="inductionLoop.S0" nVehContrib="10" flow="360.00" occupancy="4.48" speed="11.36" harmonicMeanSpeed="11.24" length="5.00" nVehEntered="11"/>
    <interval begin="9900.00" end="10000.00" id="inductionLoop.S0" nVehContrib="10" flow="360.00" occupancy="17.44" speed="10.17" harmonicMeanSpeed="2.87" length="5.00" nVehEntered="10"/>
    <interval begin="10000.00" end="10100.00" id="inductionLoop.S0" nVehContrib="11" flow="396.00" occupancy="26.18" speed="7.45" harmonicMeanSpeed="2.10" length="5.00" nVehEntered="11"/>
    <interval begin="10100.00" end="10200.00" id="inductionLoop.S0" nVehContrib="7" flow="252.00" occupancy="3.92" speed="10.49" harmonicMeanSpeed="8.92" length="5.00" nVehEntered="7"/>
    <interval begin="10200.00" end="10300.00" id="inductionLoop.S0" nVehContrib="9" flow="324.00" occupancy="8.96" speed="10.44" harmonicMeanSpeed="5.02" length="5.00" nVehEntered="9"/>
    <interval begin="10300.00" end="10400.00" id="inductionLoop.S0" nVehContrib="6" flow="216.00" occupancy="2.63" speed="11.96" harmonicMeanSpeed="11.54" length="5.00" nVehEntered="7"/>
    <interval begin="10400.00" end="10500.00" id="inductionLoop.S0" nVehContrib="10" flow="360.00" occupancy="4.95" speed="10.97" harmonicMeanSpeed="10.63" length="5.00" nVehEntered="11"/>
    <interval begin="10500.00" end="10600.00" id="inductionLoop.S0" nVehContrib="6" flow="216.00" occupancy="7.65" speed="6.91" harmonicMeanSpeed="4.18" length="5.00" nVehEntered="7"/>
    <interval begin="10600.00" end="10700.00" id="inductionLoop.S0" nVehContrib="10" flow="360.00" occupancy="4.50" speed="11.50" harmonicMeanSpeed="11.12" length="5.00" nVehEntered="10"/>
    <interval begin="10700.00" end="10800.00" id="inductionLoop.S0" nVehContrib="7" flow="252.00" occupancy="3.32" speed="11.07" harmonicMeanSpeed="10.53" length="5.00" nVehEntered="7"/>
    <interval begin="10800.00" end="10900.00" id="inductionLoop.S0" nVehContrib="6" flow="216.00" occupancy="2.52" speed="11.95" harmonicMeanSpeed="11.89" length="5.00" nVehEntered="6"/>
    <interval begin="10900.00" end="11000.00" id="inductionLoop.S0" nVehContrib="5" flow="180.00" occupancy="2.21" speed="11.38" harmonicMeanSpeed="11.32" length="5.00" nVehEntered="5"/>
    <interval begin="11000.00" end="11100.00" id="inductionLoop.S0" nVehContrib="6" flow="216.00" occupancy="2.37" speed="12.69" harmonicMeanSpeed="12.68" length="5.00" nVehEntered="6"/>
    <interval begin="11100.00" end="11200.00" id="inductionLoop.S0" nVehContrib="8" flow="288.00" occupancy="3.56" speed="12.97" harmonicMeanSpeed="12.78" length="5.00" nVehEntered="9"/>
    <interval begin="11200.00" end="11300.00" id="inductionLoop.S0" nVehContrib="5" flow="180.00" occupancy="2.21" speed="11.63" harmonicMeanSpeed="11.33" length="5.00" nVehEntered="5"/>
    <interval begin="11300.00" end="11400.00" id="inductionLoop.S0" nVehContrib="6" flow="216.00" occupancy="2.67" speed="11.34" harmonicMeanSpeed="11.26" length="5.00" nVehEntered="6"/>
    <interval begin="11400.00" end="11500.00" id="inductionLoop.S0" nVehContrib="9" flow="324.00" occupancy="17.87" speed="9.48" harmonicMeanSpeed="2.52" length="5.00" nVehEntered="9"/>
    <interval begin="11500.00" end="11600.00" id="inductionLoop.S0" nVehContrib="1" flow="36.00" occupancy="0.35" speed="14.27" harmonicMeanSpeed="14.27" length="5.00" nVehEntered="1"/>
    <interval begin="11600.00" end="11700.00" id="inductionLoop.S0" nVehContrib="9" flow="324.00" occupancy="23.41" speed="8.35" harmonicMeanSpeed="1.92" length="5.00" nVehEntered="9"/>
    <interval begin="11700.00" end="11800.00" id="inductionLoop.S0" nVehContrib="9" flow="324.00" occupancy="4.43" speed="10.59" harmonicMeanSpeed="10.16" length="5.00" nVehEntered="9"/>
    <interval begin="11800.00" end="11900.00" id="inductionLoop.S0" nVehContrib="10" flow="360.00" occupancy="13.57" speed="9.64" harmonicMeanSpeed="3.68" length="5.00" nVehEntered="10"/>
    <interval begin="11900.00" end="12000.00" id="inductionLoop.S0" nVehContrib="5" flow="180.00" occupancy="8.10" speed="9.00" harmonicMeanSpeed="3.09" length="5.00" nVehEntered="5"/>
    <interval begin="12000.00" end="12100.00" id="inductionLoop.S0" nVehContrib="4" flow="144.00" occupancy="1.46" speed="13.80" harmonicMeanSpeed="13.69" length="5.00" nVehEntered="4"/>
    <interval begin="12100.00" end="12200.00" id="inductionLoop.S0" nVehContrib="5" flow="180.00" occupancy="2.47" speed="10.48" harmonicMeanSpeed="10.13" length="5.00" nVehEntered="5"/>
    <interval begin="12200.00" end="12300.00" id="inductionLoop.S0" nVehContrib="3" flow="108.00" occupancy="1.29" speed="11.83" harmonicMeanSpeed="11.67" length="5.00" nVehEntered="3"/>
    <interval begin="12300.00" end="12400.00" id="inductionLoop.S0" nVehContrib="4" flow="144.00" occupancy="2.14" speed="11.70" harmonicMeanSpeed="11.14" length="5.00" nVehEntered="5"/>
    <interval begin="12400.00" end="12500.00" id="inductionLoop.S0" nVehContrib="11" flow="396.00" occupancy="21.25" speed="10.78" harmonicMeanSpeed="2.59" length="5.00" nVehEntered="12"/>
    <interval begin="12500.00" end="12600.00" id="inductionLoop.S0" nVehContrib="8" flow="288.00" occupancy="4.65" speed="9.73" harmonicMeanSpeed="8.70" length="5.00" nVehEntered="9"/>
    <interval begin="12600.00" end="12700.00" id="inductionLoop.S0" nVehContrib="11" flow="396.00" occupancy="5.62" speed="10.84" harmonicMeanSpeed="9.78" length="5.00" nVehEntered="11"/>
    <interval begin="12700.00" end="12800.00" id="inductionLoop.S0" nVehContrib="7" flow="252.00" occupancy="3.49" speed="10.55" harmonicMeanSpeed="10.04" length="5.00" nVehEntered="7"/>
    <interval begin="12800.00" end="12900.00" id="inductionLoop.S0" nVehContrib="7" flow="252.00" occupancy="2.91" speed="12.25" harmonicMeanSpeed="12.02" length="5.00" nVehEntered="7"/>
    <interval begin="12900.00" end="13000.00" id="inductionLoop.S0" nVehContrib="7" flow="252.00" occupancy="3.11" speed="11.58" harmonicMeanSpeed="11.24" length="5.00" nVehEntered="7"/>
    <interval begin="13000.00" end="13100.00" id="inductionLoop.S0" nVehContrib="6" flow="216.00" occupancy="6.84" speed="10.83" harmonicMeanSpeed="10.42" length="5.00" nVehEntered="7"/>
    <interval begin="13100.00" end="13200.00" id="inductionLoop.S0" nVehContrib="7" flow="252.00" occupancy="2.65" speed="13.32" harmonicMeanSpeed="13.20" length="5.00" nVehEntered="7"/>
    <interval begin="13200.00" end="13300.00" id="inductionLoop.S0" nVehContrib="5" flow="180.00" occupancy="1.91" speed="13.14" harmonicMeanSpeed="13.08" length="5.00" nVehEntered="5"/>
    <interval begin="13300.00" end="13400.00" id="inductionLoop.S0" nVehContrib="5" flow="180.00" occupancy="2.19" speed="11.62" harmonicMeanSpeed="11.43" length="5.00" nVehEntered="5"/>
    <interval begin="13400.00" end="13500.00" id="inductionLoop.S0" nVehContrib="6" flow="216.00" occupancy="2.74" speed="11.12" harmonicMeanSpeed="10.95" length="5.00" nVehEntered="6"/>
    <interval begin="13500.00" end="13600.00" id="inductionLoop.S0" nVehContrib="3" flow="108.00" occupancy="1.31" speed="11.48" harmonicMeanSpeed="11.41" length="5.00" nVehEntered="3"/>
    <interval begin="13600.00" end="13700.00" id="inductionLoop.S0" nVehContrib="8" flow="288.00" occupancy="4.50" speed="11.22" harmonicMeanSpeed="8.90" length="5.00" nVehEntered="8"/>
    <interval begin="13700.00" end="13800.00" id="inductionLoop.S0" nVehContrib="7" flow="252.00" occupancy="2.94" speed="12.06" harmonicMeanSpeed="11.91" length="5.00" nVehEntered="7"/>
    <interval begin="13800.00" end="13900.00" id="inductionLoop.S0" nVehContrib="6" flow="216.00" occupancy="2.80" speed="11.87" harmonicMeanSpeed="11.57" length="5.00" nVehEntered="7"/>
    <interval begin="13900.00" end="14000.00" id="inductionLoop.S0" nVehContrib="8" flow="288.00" occupancy="8.74" speed="9.64" harmonicMeanSpeed="4.62" length="5.00" nVehEntered="9"/>
    <interval begin="14000.00" end="14100.00" id="inductionLoop.S0" nVehContrib="8" flow="288.00" occupancy="5.08" speed="9.61" harmonicMeanSpeed="7.87" length="5.00" nVehEntered="8"/>
    <interval begin="14100.00" end="14200.00" id="inductionLoop.S0" nVehContrib="3" flow="108.00" occupancy="2.81" speed="12.06" harmonicMeanSpeed="12.02" length="5.00" nVehEntered="6"/>
    <interval begin="14200.00" end="14300.00" id="inductionLoop.S0" nVehContrib="10" flow="360.00" occupancy="8.55" speed="8.46" harmonicMeanSpeed="5.85" length="5.00" nVehEntered="10"/>
    <interval begin="14300.00" end="14400.00" id="inductionLoop.S0" nVehContrib="8" flow="288.00" occupancy="14.89" speed="9.06" harmonicMeanSpeed="2.69" length="5.00" nVehEntered="8"/>
    <interval begin="14400.00" end="14500.00" id="inductionLoop.S0" nVehContrib="8" flow="288.00" occupancy="3.64" speed="11.50" harmonicMeanSpeed="11.00" length="5.00" nVehEntered="8"/>
    <interval begin="14500.00" end="14600.00" id="inductionLoop.S0" nVehContrib="9" flow="324.00" occupancy="6.60" speed="10.64" harmonicMeanSpeed="10.14" length="5.00" nVehEntered="11"/>
    <interval begin="14600.00" end="14700.00" id="inductionLoop.S0" nVehContrib="7" flow="252.00" occupancy="8.06" speed="8.21" harmonicMeanSpeed="4.34" length="5.00" nVehEntered="7"/>
    <interval begin="14700.00" end="14800.00" id="inductionLoop.S0" nVehContrib="9" flow="324.00" occupancy="12.44" speed="9.27" harmonicMeanSpeed="3.76" length="5.00" nVehEntered="10"/>
    <interval begin="14800.00" end="14900.00" id="inductionLoop.S0" nVehContrib="9" flow="324.00" occupancy="7.71" speed="10.58" harmonicMeanSpeed="8.70" length="5.00" nVehEntered="11"/>
    <interval begin="14900.00" end="15000.00" id="inductionLoop.S0" nVehContrib="10" flow="360.00" occupancy="26.03" speed="6.84" harmonicMeanSpeed="1.82" length="5.00" nVehEntered="11"/>
    <interval begin="15000.00" end="15100.00" id="inductionLoop.S0" nVehContrib="5" flow="180.00" occupancy="12.75" speed="8.15" harmonicMeanSpeed="1.96" length="5.00" nVehEntered="5"/>
    <interval begin="15100.00" end="15200.00" id="inductionLoop.S0" nVehContrib="7" flow="252.00" occupancy="2.89" speed="11.68" harmonicMeanSpeed="11.52" length="5.00" nVehEntered="6"/>
    <interval begin="15200.00" end="15300.00" id="inductionLoop.S0" nVehContrib="8" flow="288.00" occupancy="3.71" speed="11.19" harmonicMeanSpeed="10.78" length="5.00" nVehEntered="8"/>
    <interval begin="15300.00" end="15400.00" id="inductionLoop.S0" nVehContrib="6" flow="216.00" occupancy="7.17" speed="9.36" harmonicMeanSpeed="8.67" length="5.00" nVehEntered="7"/>
    <interval begin="15400.00" end="15500.00" id="inductionLoop.S0" nVehContrib="7" flow="252.00" occupancy="2.94" speed="12.27" harmonicMeanSpeed="11.89" length="5.00" nVehEntered="7"/>
    <interval begin="15500.00" end="15600.00" id="inductionLoop.S0" nVehContrib="9" flow="324.00" occupancy="15.80" speed="10.06" harmonicMeanSpeed="2.85" length="5.00" nVehEntered="9"/>
    <interval begin="15600.00" end="15700.00" id="inductionLoop.S0" nVehContrib="10" flow="360.00" occupancy="32.49" speed="7.49" harmonicMeanSpeed="1.54" length="5.00" nVehEntered="10"/>
    <interval begin="15700.00" end="15800.00" id="inductionLoop.S0" nVehContrib="6" flow="216.00" occupancy="14.50" speed="7.79" harmonicMeanSpeed="2.07" length="5.00" nVehEntered="6"/>
    <interval begin="15800.00" end="15900.00" id="inductionLoop.S0" nVehContrib="4" flow="144.00" occupancy="7.33" speed="7.95" harmonicMeanSpeed="3.82" length="5.00" nVehEntered="5"/>
    <interval begin="15900.00" end="16000.00" id="inductionLoop.S0" nVehContrib="7" flow="252.00" occupancy="3.42" speed="10.47" harmonicMeanSpeed="10.25" length="5.00" nVehEntered="7"/>
    <interval begin="16000.00" end="16100.00" id="inductionLoop.S0" nVehContrib="12" flow="432.00" occupancy="54.90" speed="4.26" harmonicMeanSpeed="1.09" length="5.00" nVehEntered="12"/>
    <interval begin="16100.00" end="16200.00" id="inductionLoop.S0" nVehContrib="9" flow="324.00" occupancy="22.55" speed="5.91" harmonicMeanSpeed="2.00" length="5.00" nVehEntered="9"/>
    <interval begin="16200.00" end="16300.00" id="inductionLoop.S0" nVehContrib="7" flow="252.00" occupancy="5.47" speed="9.70" harmonicMeanSpeed="6.40" length="5.00" nVehEntered="7"/>
    <interval begin="16300.00" end="16400.00" id="inductionLoop.S0" nVehContrib="6" flow="216.00" occupancy="19.61" speed="9.12" harmonicMeanSpeed="1.53" length="5.00" nVehEntered="6"/>
    <interval begin="16400.00" end="16500.00" id="inductionLoop.S0" nVehContrib="6" flow="216.00" occupancy="3.58" speed="10.31" harmonicMeanSpeed="9.83" length="5.00" nVehEntered="7"/>
    <interval begin="16500.00" end="16600.00" id="inductionLoop.S0" nVehContrib="7" flow="252.00" occupancy="43.28" speed="7.24" harmonicMeanSpeed="1.75" length="5.00" nVehEntered="9"/>
    <interval begin="16600.00" end="16700.00" id="inductionLoop.S0" nVehContrib="12" flow="432.00" occupancy="17.05" speed="6.49" harmonicMeanSpeed="1.49" length="5.00" nVehEntered="11"/>
    <interval begin="16700.00" end="16800.00" id="inductionLoop.S0" nVehContrib="8" flow="288.00" occupancy="13.38" speed="7.94" harmonicMeanSpeed="2.99" length="5.00" nVehEntered="8"/>
    <interval begin="16800.00" end="16900.00" id="inductionLoop.S0" nVehContrib="8" flow="288.00" occupancy="28.84" speed="8.08" harmonicMeanSpeed="1.39" length="5.00" nVehEntered="8"/>
    <interval begin="16900.00" end="17000.00" id="inductionLoop.S0" nVehContrib="5" flow="180.00" occupancy="23.08" speed="10.85" harmonicMeanSpeed="10.53" length="5.00" nVehEntered="6"/>
    <interval begin="17000.00" end="17100.00" id="inductionLoop.S0" nVehContrib="6" flow="216.00" occupancy="7.47" speed="9.43" harmonicMeanSpeed="1.06" length="5.00" nVehEntered="5"/>
    <interval begin="17100.00" end="17200.00" id="inductionLoop.S0" nVehContrib="7" flow="252.00" occupancy="10.01" speed="6.96" harmonicMeanSpeed="3.50" length="5.00" nVehEntered="7"/>
    <interval begin="17200.00" end="17300.00" id="inductionLoop.S0" nVehContrib="12" flow="432.00" occupancy="21.34" speed="9.67" harmonicMeanSpeed="2.81" length="5.00" nVehEntered="12"/>
    <interval begin="17300.00" end="17400.00" id="inductionLoop.S0" nVehContrib="5" flow="180.00" occupancy="3.82" speed="9.54" harmonicMeanSpeed="9.29" length="5.00" nVehEntered="7"/>
    <interval begin="17400.00" end="17500.00" id="inductionLoop.S0" nVehContrib="7" flow="252.00" occupancy="3.05" speed="11.64" harmonicMeanSpeed="11.47" length="5.00" nVehEntered="7"/>
    <interval begin="17500.00" end="17600.00" id="inductionLoop.S0" nVehContrib="7" flow="252.00" occupancy="45.77" speed="3.16" harmonicMeanSpeed="1.33" length="5.00" nVehEntered="9"/>
    <interval begin="17600.00" end="17700.00" id="inductionLoop.S0" nVehContrib="10" flow="360.00" occupancy="46.58" speed="4.13" harmonicMeanSpeed="0.76" length="5.00" nVehEntered="9"/>
    <interval begin="17700.00" end="17800.00" id="inductionLoop.S0" nVehContrib="7" flow="252.00" occupancy="38.94" speed="5.26" harmonicMeanSpeed="0.90" length="5.00" nVehEntered="7"/>
    <interval begin="17800.00" end="17900.00" id="inductionLoop.S0" nVehContrib="7" flow="252.00" occupancy="3.52" speed="10.26" harmonicMeanSpeed="9.96" length="5.00" nVehEntered="7"/>
    <interval begin="17900.00" end="18000.00" id="inductionLoop.S0" nVehContrib="8" flow="288.00" occupancy="4.44" speed="10.09" harmonicMeanSpeed="9.01" length="5.00" nVehEntered="8"/>
    <interval begin="18000.00" end="18100.00" id="inductionLoop.S0" nVehContrib="10" flow="360.00" occupancy="13.74" speed="8.83" harmonicMeanSpeed="5.82" length="5.00" nVehEntered="12"/>
    <interval begin="18100.00" end="18200.00" id="inductionLoop.S0" nVehContrib="8" flow="288.00" occupancy="54.97" speed="3.28" harmonicMeanSpeed="0.74" length="5.00" nVehEntered="8"/>
    <interval begin="18200.00" end="18300.00" id="inductionLoop.S0" nVehContrib="13" flow="468.00" occupancy="55.88" speed="3.57" harmonicMeanSpeed="1.16" length="5.00" nVehEntered="13"/>
    <interval begin="18300.00" end="18400.00" id="inductionLoop.S0" nVehContrib="10" flow="360.00" occupancy="14.13" speed="6.52" harmonicMeanSpeed="3.96" length="5.00" nVehEntered="11"/>
    <interval begin="18400.00" end="18500.00" id="inductionLoop.S0" nVehContrib="6" flow="216.00" occupancy="3.86" speed="9.78" harmonicMeanSpeed="7.77" length="5.00" nVehEntered="6"/>
    <interval begin="18500.00" end="18600.00" id="inductionLoop.S0" nVehContrib="8" flow="288.00" occupancy="13.28" speed="9.52" harmonicMeanSpeed="3.17" length="5.00" nVehEntered="9"/>
    <interval begin="18600.00" end="18700.00" id="inductionLoop.S0" nVehContrib="4" flow="144.00" occupancy="13.70" speed="9.45" harmonicMeanSpeed="9.14" length="5.00" nVehEntered="7"/>
    <interval begin="18700.00" end="18800.00" id="inductionLoop.S0" nVehContrib="6" flow="216.00" occupancy="30.34" speed="7.93" harmonicMeanSpeed="0.75" length="5.00" nVehEntered="5"/>
    <interval begin="18800.00" end="18900.00" id="inductionLoop.S0" nVehContrib="9" flow="324.00" occupancy="26.69" speed="5.12" harmonicMeanSpeed="1.75" length="5.00" nVehEntered="10"/>
    <interval begin="18900.00" end="19000.00" id="inductionLoop.S0" nVehContrib="11" flow="396.00" occupancy="17.57" speed="6.04" harmonicMeanSpeed="3.13" length="5.00" nVehEntered="11"/>
    <interval begin="19000.00" end="19100.00" id="inductionLoop.S0" nVehContrib="8" flow="288.00" occupancy="11.47" speed="7.63" harmonicMeanSpeed="3.52" length="5.00" nVehEntered="9"/>
    <interval begin="19100.00" end="19200.00" id="inductionLoop.S0" nVehContrib="8" flow="288.00" occupancy="14.91" speed="9.17" harmonicMeanSpeed="2.68" length="5.00" nVehEntered="8"/>
    <interval begin="19200.00" end="19300.00" id="inductionLoop.S0" nVehContrib="6" flow="216.00" occupancy="5.26" speed="9.02" harmonicMeanSpeed="8.10" length="5.00" nVehEntered="7"/>
    <interval begin="19300.00" end="19400.00" id="inductionLoop.S0" nVehContrib="5" flow="180.00" occupancy="17.75" speed="10.48" harmonicMeanSpeed="10.08" length="5.00" nVehEntered="9"/>
    <interval begin="19400.00" end="19500.00" id="inductionLoop.S0" nVehContrib="11" flow="396.00" occupancy="54.70" speed="5.44" harmonicMeanSpeed="0.92" length="5.00" nVehEntered="10"/>
    <interval begin="19500.00" end="19600.00" id="inductionLoop.S0" nVehContrib="9" flow="324.00" occupancy="14.85" speed="4.94" harmonicMeanSpeed="3.03" length="5.00" nVehEntered="9"/>
    <interval begin="19600.00" end="19700.00" id="inductionLoop.S0" nVehContrib="6" flow="216.00" occupancy="70.00" speed="4.46" harmonicMeanSpeed="0.49" length="5.00" nVehEntered="8"/>
    <interval begin="19700.00" end="19800.00" id="inductionLoop.S0" nVehContrib="6" flow="216.00" occupancy="52.58" speed="2.98" harmonicMeanSpeed="0.50" length="5.00" nVehEntered="5"/>
    <interval begin="19800.00" end="19900.00" id="inductionLoop.S0" nVehContrib="6" flow="216.00" occupancy="26.97" speed="6.60" harmonicMeanSpeed="1.23" length="5.00" nVehEntered="7"/>
    <interval begin="19900.00" end="20000.00" id="inductionLoop.S0" nVehContrib="6" flow="216.00" occupancy="2.86" speed="11.07" harmonicMeanSpeed="10.50" length="5.00" nVehEntered="6"/>
    <interval begin="20000.00" end="20100.00" id="inductionLoop.S0" nVehContrib="6" flow="216.00" occupancy="40.64" speed="5.53" harmonicMeanSpeed="0.75" length="5.00" nVehEntered="7"/>
    <interval begin="20100.00" end="20200.00" id="inductionLoop.S0" nVehContrib="13" flow="468.00" occupancy="15.58" speed="6.49" harmonicMeanSpeed="4.46" length="5.00" nVehEntered="14"/>
    <interval begin="20200.00" end="20300.00" id="inductionLoop.S0" nVehContrib="9" flow="324.00" occupancy="10.31" speed="8.24" harmonicMeanSpeed="4.36" length="5.00" nVehEntered="9"/>
    <interval begin="20300.00" end="20400.00" id="inductionLoop.S0" nVehContrib="10" flow="360.00" occupancy="14.52" speed="9.94" harmonicMeanSpeed="9.70" length="5.00" nVehEntered="11"/>
    <interval begin="20400.00" end="20500.00" id="inductionLoop.S0" nVehContrib="9" flow="324.00" occupancy="33.63" speed="3.43" harmonicMeanSpeed="1.05" length="5.00" nVehEntered="8"/>
    <interval begin="20500.00" end="20600.00" id="inductionLoop.S0" nVehContrib="10" flow="360.00" occupancy="23.54" speed="5.61" harmonicMeanSpeed="2.32" length="5.00" nVehEntered="12"/>
    <interval begin="20600.00" end="20700.00" id="inductionLoop.S0" nVehContrib="6" flow="216.00" occupancy="65.77" speed="2.07" harmonicMeanSpeed="0.45" length="5.00" nVehEntered="5"/>
    <interval begin="20700.00" end="20800.00" id="inductionLoop.S0" nVehContrib="4" flow="144.00" occupancy="47.83" speed="6.64" harmonicMeanSpeed="0.56" length="5.00" nVehEntered="5"/>
    <interval begin="20800.00" end="20900.00" id="inductionLoop.S0" nVehContrib="8" flow="288.00" occupancy="85.31" speed="3.02" harmonicMeanSpeed="0.41" length="5.00" nVehEntered="7"/>
    <interval begin="20900.00" end="21000.00" id="inductionLoop.S0" nVehContrib="15" flow="540.00" occupancy="42.27" speed="3.65" harmonicMeanSpeed="1.77" length="5.00" nVehEntered="15"/>
    <interval begin="21000.00" end="21100.00" id="inductionLoop.S0" nVehContrib="11" flow="396.00" occupancy="67.66" speed="2.60" harmonicMeanSpeed="0.81" length="5.00" nVehEntered="11"/>
    <interval begin="21100.00" end="21200.00" id="inductionLoop.S0" nVehContrib="8" flow="288.00" occupancy="56.52" speed="2.91" harmonicMeanSpeed="0.71" length="5.00" nVehEntered="8"/>
    <interval begin="21200.00" end="21300.00" id="inductionLoop.S0" nVehContrib="3" flow="108.00" occupancy="68.92" speed="1.13" harmonicMeanSpeed="0.38" length="5.00" nVehEntered="5"/>
    <interval begin="21300.00" end="21400.00" id="inductionLoop.S0" nVehContrib="12" flow="432.00" occupancy="46.03" speed="5.64" harmonicMeanSpeed="0.80" length="5.00" nVehEntered="12"/>
    <interval begin="21400.00" end="21500.00" id="inductionLoop.S0" nVehContrib="12" flow="432.00" occupancy="39.24" speed="4.60" harmonicMeanSpeed="1.51" length="5.00" nVehEntered="11"/>
    <interval begin="21500.00" end="21600.00" id="inductionLoop.S0" nVehContrib="13" flow="468.00" occupancy="40.49" speed="3.09" harmonicMeanSpeed="1.67" length="5.00" nVehEntered="14"/>
    <interval begin="21600.00" end="21700.00" id="inductionLoop.S0" nVehContrib="4" flow="144.00" occupancy="91.65" speed="2.07" harmonicMeanSpeed="0.41" length="5.00" nVehEntered="4"/>
    <interval begin="21700.00" end="21800.00" id="inductionLoop.S0" nVehContrib="9" flow="324.00" occupancy="59.50" speed="2.88" harmonicMeanSpeed="0.44" length="5.00" nVehEntered="9"/>
    <interval begin="21800.00" end="21900.00" id="inductionLoop.S0" nVehContrib="15" flow="540.00" occupancy="68.10" speed="4.24" harmonicMeanSpeed="1.10" length="5.00" nVehEntered="15"/>
    <interval begin="21900.00" end="22000.00" id="inductionLoop.S0" nVehContrib="2" flow="72.00" occupancy="73.26" speed="1.02" harmonicMeanSpeed="0.33" length="5.00" nVehEntered="3"/>
    <interval begin="22000.00" end="22100.00" id="inductionLoop.S0" nVehContrib="15" flow="540.00" occupancy="66.75" speed="3.01" harmonicMeanSpeed="0.69" length="5.00" nVehEntered="14"/>
    <interval begin="22100.00" end="22200.00" id="inductionLoop.S0" nVehContrib="12" flow="432.00" occupancy="63.23" speed="3.77" harmonicMeanSpeed="0.95" length="5.00" nVehEntered="12"/>
    <interval begin="22200.00" end="22300.00" id="inductionLoop.S0" nVehContrib="8" flow="288.00" occupancy="68.81" speed="3.39" harmonicMeanSpeed="0.62" length="5.00" nVehEntered="9"/>
    <interval begin="22300.00" end="22400.00" id="inductionLoop.S0" nVehContrib="9" flow="324.00" occupancy="54.71" speed="2.47" harmonicMeanSpeed="1.03" length="5.00" nVehEntered="9"/>
    <interval begin="22400.00" end="22500.00" id="inductionLoop.S0" nVehContrib="10" flow="360.00" occupancy="48.46" speed="2.00" harmonicMeanSpeed="0.78" length="5.00" nVehEntered="9"/>
    <interval begin="22500.00" end="22600.00" id="inductionLoop.S0" nVehContrib="16" flow="576.00" occupancy="65.04" speed="4.90" harmonicMeanSpeed="1.23" length="5.00" nVehEntered="16"/>
    <interval begin="22600.00" end="22700.00" id="inductionLoop.S0" nVehContrib="8" flow="288.00" occupancy="79.05" speed="2.54" harmonicMeanSpeed="0.60" length="5.00" nVehEntered="9"/>
    <interval begin="22700.00" end="22800.00" id="inductionLoop.S0" nVehContrib="11" flow="396.00" occupancy="76.79" speed="3.90" harmonicMeanSpeed="0.81" length="5.00" nVehEntered="11"/>
    <interval begin="22800.00" end="22900.00" id="inductionLoop.S0" nVehContrib="11" flow="396.00" occupancy="80.30" speed="4.87" harmonicMeanSpeed="1.05" length="5.00" nVehEntered="11"/>
    <interval begin="22900.00" end="23000.00" id="inductionLoop.S0" nVehContrib="12" flow="432.00" occupancy="73.48" speed="3.28" harmonicMeanSpeed="0.49" length="5.00" nVehEntered="11"/>
    <interval begin="23000.00" end="23100.00" id="inductionLoop.S0" nVehContrib="8" flow="288.00" occupancy="84.94" speed="5.06" harmonicMeanSpeed="0.60" length="5.00" nVehEntered="9"/>
    <interval begin="23100.00" end="23200.00" id="inductionLoop.S0" nVehContrib="14" flow="504.00" occupancy="69.41" speed="3.09" harmonicMeanSpeed="0.80" length="5.00" nVehEntered="13"/>
    <interval begin="23200.00" end="23300.00" id="inductionLoop.S0" nVehContrib="6" flow="216.00" occupancy="59.13" speed="3.46" harmonicMeanSpeed="2.29" length="5.00" nVehEntered="7"/>
    <interval begin="23300.00" end="23400.00" id="inductionLoop.S0" nVehContrib="12" flow="432.00" occupancy="79.31" speed="6.28" harmonicMeanSpeed="0.48" length="5.00" nVehEntered="11"/>
    <interval begin="23400.00" end="23500.00" id="inductionLoop.S0" nVehContrib="15" flow="540.00" occupancy="29.55" speed="4.02" harmonicMeanSpeed="2.59" length="5.00" nVehEntered="16"/>
    <interval begin="23500.00" end="23600.00" id="inductionLoop.S0" nVehContrib="12" flow="432.00" occupancy="72.64" speed="4.71" harmonicMeanSpeed="0.98" length="5.00" nVehEntered="12"/>
    <interval begin="23600.00" end="23700.00" id="inductionLoop.S0" nVehContrib="13" flow="468.00" occupancy="64.68" speed="4.71" harmonicMeanSpeed="0.88" length="5.00" nVehEntered="14"/>
    <interval begin="23700.00" end="23800.00" id="inductionLoop.S0" nVehContrib="9" flow="324.00" occupancy="80.39" speed="3.87" harmonicMeanSpeed="0.87" length="5.00" nVehEntered="9"/>
    <interval begin="23800.00" end="23900.00" id="inductionLoop.S0" nVehContrib="11" flow="396.00" occupancy="39.28" speed="6.35" harmonicMeanSpeed="1.00" length="5.00" nVehEntered="11"/>
    <interval begin="23900.00" end="24000.00" id="inductionLoop.S0" nVehContrib="11" flow="396.00" occupancy="51.54" speed="2.61" harmonicMeanSpeed="0.83" length="5.00" nVehEntered="10"/>
    <interval begin="24000.00" end="24100.00" id="inductionLoop.S0" nVehContrib="8" flow="288.00" occupancy="61.27" speed="3.55" harmonicMeanSpeed="1.17" length="5.00" nVehEntered="9"/>
    <interval begin="24100.00" end="24200.00" id="inductionLoop.S0" nVehContrib="15" flow="540.00" occupancy="48.96" speed="3.45" harmonicMeanSpeed="1.20" length="5.00" nVehEntered="15"/>
    <interval begin="24200.00" end="24300.00" id="inductionLoop.S0" nVehContrib="11" flow="396.00" occupancy="76.30" speed="2.97" harmonicMeanSpeed="0.61" length="5.00" nVehEntered="10"/>
    <interval begin="24300.00" end="24400.00" id="inductionLoop.S0" nVehContrib="15" flow="540.00" occupancy="72.17" speed="3.28" harmonicMeanSpeed="1.04" length="5.00" nVehEntered="15"/>
    <interval begin="24400.00" end="24500.00" id="inductionLoop.S0" nVehContrib="7" flow="252.00" occupancy="41.93" speed="1.81" harmonicMeanSpeed="0.83" length="5.00" nVehEntered="7"/>
    <interval begin="24500.00" end="24600.00" id="inductionLoop.S0" nVehContrib="7" flow="252.00" occupancy="62.57" speed="5.14" harmonicMeanSpeed="0.58" length="5.00" nVehEntered="9"/>
    <interval begin="24600.00" end="24700.00" id="inductionLoop.S0" nVehContrib="9" flow="324.00" occupancy="61.74" speed="3.86" harmonicMeanSpeed="0.78" length="5.00" nVehEntered="9"/>
    <interval begin="24700.00" end="24800.00" id="inductionLoop.S0" nVehContrib="10" flow="360.00" occupancy="81.13" speed="4.74" harmonicMeanSpeed="0.73" length="5.00" nVehEntered="10"/>
    <interval begin="24800.00" end="24900.00" id="inductionLoop.S0" nVehContrib="5" flow="180.00" occupancy="88.64" speed="2.78" harmonicMeanSpeed="0.33" length="5.00" nVehEntered="5"/>
    <interval begin="24900.00" end="25000.00" id="inductionLoop.S0" nVehContrib="16" flow="576.00" occupancy="66.92" speed="4.79" harmonicMeanSpeed="0.81" length="5.00" nVehEntered="16"/>
    <interval begin="25000.00" end="25100.00" id="inductionLoop.S0" nVehContrib="16" flow="576.00" occupancy="65.38" speed="4.60" harmonicMeanSpeed="1.38" length="5.00" nVehEntered="16"/>
    <interval begin="25100.00" end="25200.00" id="inductionLoop.S0" nVehContrib="8" flow="288.00" occupancy="81.42" speed="2.76" harmonicMeanSpeed="0.60" length="5.00" nVehEntered="8"/>
    <interval begin="25200.00" end="25300.00" id="inductionLoop.S0" nVehContrib="10" flow="360.00" occupancy="82.22" speed="6.11" harmonicMeanSpeed="1.08" length="5.00" nVehEntered="10"/>
    <interval begin="25300.00" end="25400.00" id="inductionLoop.S0" nVehContrib="13" flow="468.00" occupancy="76.98" speed="5.30" harmonicMeanSpeed="0.48" length="5.00" nVehEntered="13"/>
    <interval begin="25400.00" end="25500.00" id="inductionLoop.S0" nVehContrib="11" flow="396.00" occupancy="79.80" speed="5.03" harmonicMeanSpeed="0.73" length="5.00" nVehEntered="11"/>
    <interval begin="25500.00" end="25600.00" id="inductionLoop.S0" nVehContrib="6" flow="216.00" occupancy="90.70" speed="4.24" harmonicMeanSpeed="0.31" length="5.00" nVehEntered="5"/>
    <interval begin="25600.00" end="25700.00" id="inductionLoop.S0" nVehContrib="14" flow="504.00" occupancy="73.84" speed="6.41" harmonicMeanSpeed="0.98" length="5.00" nVehEntered="15"/>
    <interval begin="25700.00" end="25800.00" id="inductionLoop.S0" nVehContrib="9" flow="324.00" occupancy="80.87" speed="3.76" harmonicMeanSpeed="0.57" length="5.00" nVehEntered="9"/>
    <interval begin="25800.00" end="25900.00" id="inductionLoop.S0" nVehContrib="9" flow="324.00" occupancy="50.73" speed="2.39" harmonicMeanSpeed="0.91" length="5.00" nVehEntered="9"/>
    <interval begin="25900.00" end="26000.00" id="inductionLoop.S0" nVehContrib="16" flow="576.00" occupancy="72.68" speed="5.01" harmonicMeanSpeed="1.02" length="5.00" nVehEntered="15"/>
    <interval begin="26000.00" end="26100.00" id="inductionLoop.S0" nVehContrib="14" flow="504.00" occupancy="41.26" speed="3.07" harmonicMeanSpeed="2.15" length="5.00" nVehEntered="15"/>
    <interval begin="26100.00" end="26200.00" id="inductionLoop.S0" nVehContrib="11" flow="396.00" occupancy="54.50" speed="1.82" harmonicMeanSpeed="1.03" length="5.00" nVehEntered="11"/>
    <interval begin="26200.00" end="26300.00" id="inductionLoop.S0" nVehContrib="9" flow="324.00" occupancy="82.19" speed="3.58" harmonicMeanSpeed="0.59" length="5.00" nVehEntered="9"/>
    <interval begin="26300.00" end="26400.00" id="inductionLoop.S0" nVehContrib="13" flow="468.00" occupancy="75.54" speed="4.69" harmonicMeanSpeed="0.93" length="5.00" nVehEntered="13"/>
    <interval begin="26400.00" end="26500.00" id="inductionLoop.S0" nVehContrib="11" flow="396.00" occupancy="75.55" speed="3.01" harmonicMeanSpeed="0.57" length="5.00" nVehEntered="10"/>
    <interval begin="26500.00" end="26600.00" id="inductionLoop.S0" nVehContrib="15" flow="540.00" occupancy="43.39" speed="4.10" harmonicMeanSpeed="1.78" length="5.00" nVehEntered="16"/>
    <interval begin="26600.00" end="26700.00" id="inductionLoop.S0" nVehContrib="16" flow="576.00" occupancy="66.42" speed="4.84" harmonicMeanSpeed="1.19" length="5.00" nVehEntered="16"/>
    <interval begin="26700.00" end="26800.00" id="inductionLoop.S0" nVehContrib="13" flow="468.00" occupancy="74.38" speed="4.95" harmonicMeanSpeed="1.00" length="5.00" nVehEntered="13"/>
    <interval begin="26800.00" end="26900.00" id="inductionLoop.S0" nVehContrib="9" flow="324.00" occupancy="57.47" speed="3.07" harmonicMeanSpeed="0.67" length="5.00" nVehEntered="8"/>
    <interval begin="26900.00" end="27000.00" id="inductionLoop.S0" nVehContrib="9" flow="324.00" occupancy="79.09" speed="2.72" harmonicMeanSpeed="0.63" length="5.00" nVehEntered="10"/>
    <interval begin="27000.00" end="27100.00" id="inductionLoop.S0" nVehContrib="9" flow="324.00" occupancy="37.15" speed="3.07" harmonicMeanSpeed="1.00" length="5.00" nVehEntered="8"/>
    <interval begin="27100.00" end="27200.00" id="inductionLoop.S0" nVehContrib="3" flow="108.00" occupancy="55.08" speed="3.04" harmonicMeanSpeed="0.63" length="5.00" nVehEntered="5"/>
    <interval begin="27200.00" end="27300.00" id="inductionLoop.S0" nVehContrib="10" flow="360.00" occupancy="43.21" speed="6.92" harmonicMeanSpeed="0.69" length="5.00" nVehEntered="11"/>
    <interval begin="27300.00" end="27400.00" id="inductionLoop.S0" nVehContrib="7" flow="252.00" occupancy="62.08" speed="6.83" harmonicMeanSpeed="0.81" length="5.00" nVehEntered="7"/>
    <interval begin="27400.00" end="27500.00" id="inductionLoop.S0" nVehContrib="15" flow="540.00" occupancy="53.09" speed="4.22" harmonicMeanSpeed="1.02" length="5.00" nVehEntered="14"/>
    <interval begin="27500.00" end="27600.00" id="inductionLoop.S0" nVehContrib="10" flow="360.00" occupancy="62.98" speed="4.56" harmonicMeanSpeed="1.85" length="5.00" nVehEntered="11"/>
    <interval begin="27600.00" end="27700.00" id="inductionLoop.S0" nVehContrib="16" flow="576.00" occupancy="52.58" speed="3.11" harmonicMeanSpeed="0.93" length="5.00" nVehEntered="16"/>
    <interval begin="27700.00" end="27800.00" id="inductionLoop.S0" nVehContrib="14" flow="504.00" occupancy="73.82" speed="4.87" harmonicMeanSpeed="0.94" length="5.00" nVehEntered="14"/>
    <interval begin="27800.00" end="27900.00" id="inductionLoop.S0" nVehContrib="7" flow="252.00" occupancy="85.91" speed="3.32" harmonicMeanSpeed="0.50" length="5.00" nVehEntered="7"/>
    <interval begin="27900.00" end="28000.00" id="inductionLoop.S0" nVehContrib="14" flow="504.00" occupancy="67.26" speed="2.53" harmonicMeanSpeed="0.89" length="5.00" nVehEntered="14"/>
    <interval begin="28000.00" end="28100.00" id="inductionLoop.S0" nVehContrib="17" flow="612.00" occupancy="64.74" speed="4.97" harmonicMeanSpeed="1.24" length="5.00" nVehEntered="17"/>
    <interval begin="28100.00" end="28200.00" id="inductionLoop.S0" nVehContrib="17" flow="612.00" occupancy="58.43" speed="2.81" harmonicMeanSpeed="1.39" length="5.00" nVehEntered="16"/>
    <interval begin="28200.00" end="28300.00" id="inductionLoop.S0" nVehContrib="13" flow="468.00" occupancy="71.29" speed="3.89" harmonicMeanSpeed="0.92" length="5.00" nVehEntered="14"/>
    <interval begin="28300.00" end="28400.00" id="inductionLoop.S0" nVehContrib="18" flow="648.00" occupancy="70.24" speed="5.88" harmonicMeanSpeed="1.27" length="5.00" nVehEntered="17"/>
    <interval begin="28400.00" end="28500.00" id="inductionLoop.S0" nVehContrib="18" flow="648.00" occupancy="67.65" speed="5.48" harmonicMeanSpeed="1.33" length="5.00" nVehEntered="18"/>
    <interval begin="28500.00" end="28600.00" id="inductionLoop.S0" nVehContrib="27" flow="972.00" occupancy="45.22" speed="5.10" harmonicMeanSpeed="2.99" length="5.00" nVehEntered="27"/>
    <interval begin="28600.00" end="28700.00" id="inductionLoop.S0" nVehContrib="24" flow="864.00" occupancy="54.70" speed="5.16" harmonicMeanSpeed="2.19" length="5.00" nVehEntered="24"/>
    <interval begin="28700.00" end="28800.00" id="inductionLoop.S0" nVehContrib="16" flow="576.00" occupancy="67.19" speed="5.10" harmonicMeanSpeed="1.60" length="5.00" nVehEntered="17"/>
    <interval begin="28800.00" end="28900.00" id="inductionLoop.S0" nVehContrib="14" flow="504.00" occupancy="77.29" speed="6.01" harmonicMeanSpeed="1.13" length="5.00" nVehEntered="14"/>
    <interval begin="28900.00" end="29000.00" id="inductionLoop.S0" nVehContrib="10" flow="360.00" occupancy="81.21" speed="4.66" harmonicMeanSpeed="0.66" length="5.00" nVehEntered="10"/>
    <interval begin="29000.00" end="29100.00" id="inductionLoop.S0" nVehContrib="9" flow="324.00" occupancy="83.21" speed="4.14" harmonicMeanSpeed="0.64" length="5.00" nVehEntered="9"/>
    <interval begin="29100.00" end="29200.00" id="inductionLoop.S0" nVehContrib="20" flow="720.00" occupancy="62.11" speed="4.96" harmonicMeanSpeed="0.89" length="5.00" nVehEntered="19"/>
    <interval begin="29200.00" end="29300.00" id="inductionLoop.S0" nVehContrib="12" flow="432.00" occupancy="75.91" speed="4.11" harmonicMeanSpeed="0.79" length="5.00" nVehEntered="12"/>
    <interval begin="29300.00" end="29400.00" id="inductionLoop.S0" nVehContrib="13" flow="468.00" occupancy="73.57" speed="4.28" harmonicMeanSpeed="0.92" length="5.00" nVehEntered="14"/>
    <interval begin="29400.00" end="29500.00" id="inductionLoop.S0" nVehContrib="10" flow="360.00" occupancy="73.91" speed="2.47" harmonicMeanSpeed="0.73" length="5.00" nVehEntered="10"/>
    <interval begin="29500.00" end="29600.00" id="inductionLoop.S0" nVehContrib="10" flow="360.00" occupancy="71.88" speed="2.34" harmonicMeanSpeed="0.65" length="5.00" nVehEntered="10"/>
    <interval begin="29600.00" end="29700.00" id="inductionLoop.S0" nVehContrib="16" flow="576.00" occupancy="29.57" speed="4.05" harmonicMeanSpeed="2.40" length="5.00" nVehEntered="15"/>
    <interval begin="29700.00" end="29800.00" id="inductionLoop.S0" nVehContrib="6" flow="216.00" occupancy="30.11" speed="3.49" harmonicMeanSpeed="1.00" length="5.00" nVehEntered="6"/>
    <interval begin="29800.00" end="29900.00" id="inductionLoop.S0" nVehContrib="5" flow="180.00" occupancy="2.11" speed="12.26" harmonicMeanSpeed="11.83" length="5.00" nVehEntered="5"/>
    <interval begin="29900.00" end="30000.00" id="inductionLoop.S0" nVehContrib="6" flow="216.00" occupancy="2.62" speed="11.55" harmonicMeanSpeed="11.43" length="5.00" nVehEntered="6"/>
    <interval begin="30000.00" end="30100.00" id="inductionLoop.S0" nVehContrib="8" flow="288.00" occupancy="14.49" speed="9.58" harmonicMeanSpeed="2.77" length="5.00" nVehEntered="9"/>
    <interval begin="30100.00" end="30200.00" id="inductionLoop.S0" nVehContrib="10" flow="360.00" occupancy="4.79" speed="11.15" harmonicMeanSpeed="10.81" length="5.00" nVehEntered="11"/>
    <interval begin="30200.00" end="30300.00" id="inductionLoop.S0" nVehContrib="7" flow="252.00" occupancy="5.18" speed="8.53" harmonicMeanSpeed="6.93" length="5.00" nVehEntered="8"/>
    <interval begin="30300.00" end="30400.00" id="inductionLoop.S0" nVehContrib="7" flow="252.00" occupancy="14.32" speed="8.00" harmonicMeanSpeed="5.73" length="5.00" nVehEntered="9"/>
    <interval begin="30400.00" end="30500.00" id="inductionLoop.S0" nVehContrib="11" flow="396.00" occupancy="45.90" speed="6.56" harmonicMeanSpeed="1.20" length="5.00" nVehEntered="11"/>
    <interval begin="30500.00" end="30600.00" id="inductionLoop.S0" nVehContrib="8" flow="288.00" occupancy="3.40" speed="12.54" harmonicMeanSpeed="12.25" length="5.00" nVehEntered="9"/>
    <interval begin="30600.00" end="30700.00" id="inductionLoop.S0" nVehContrib="5" flow="180.00" occupancy="15.27" speed="7.82" harmonicMeanSpeed="1.64" length="5.00" nVehEntered="5"/>
    <interval begin="30700.00" end="30800.00" id="inductionLoop.S0" nVehContrib="0" flow="0.00" occupancy="0.00" speed="-1.00" harmonicMeanSpeed="-1.00" length="-1.00" nVehEntered="0"/>
    <interval begin="30800.00" end="30900.00" id="inductionLoop.S0" nVehContrib="0" flow="0.00" occupancy="0.00" speed="-1.00" harmonicMeanSpeed="-1.00" length="-1.00" nVehEntered="0"/>
    <interval begin="30900.00" end="31000.00" id="inductionLoop.S0" nVehContrib="4" flow="144.00" occupancy="1.81" speed="11.53" harmonicMeanSpeed="11.03" length="5.00" nVehEntered="4"/>
    <interval begin="31000.00" end="31100.00" id="inductionLoop.S0" nVehContrib="7" flow="252.00" occupancy="2.88" speed="12.46" harmonicMeanSpeed="12.16" length="5.00" nVehEntered="7"/>
    <interval begin="31100.00" end="31200.00" id="inductionLoop.S0" nVehContrib="11" flow="396.00" occupancy="21.45" speed="7.83" harmonicMeanSpeed="2.56" length="5.00" nVehEntered="11"/>
    <interval begin="31200.00" end="31300.00" id="inductionLoop.S0" nVehContrib="11" flow="396.00" occupancy="61.30" speed="5.99" harmonicMeanSpeed="0.90" length="5.00" nVehEntered="11"/>
    <interval begin="31300.00" end="31400.00" id="inductionLoop.S0" nVehContrib="15" flow="540.00" occupancy="49.47" speed="5.69" harmonicMeanSpeed="1.52" length="5.00" nVehEntered="15"/>
    <interval begin="31400.00" end="31500.00" id="inductionLoop.S0" nVehContrib="9" flow="324.00" occupancy="59.44" speed="5.28" harmonicMeanSpeed="1.03" length="5.00" nVehEntered="10"/>
    <interval begin="31500.00" end="31600.00" id="inductionLoop.S0" nVehContrib="14" flow="504.00" occupancy="28.31" speed="4.19" harmonicMeanSpeed="2.55" length="5.00" nVehEntered="15"/>
    <interval begin="31600.00" end="31700.00" id="inductionLoop.S0" nVehContrib="8" flow="288.00" occupancy="29.79" speed="8.22" harmonicMeanSpeed="1.81" length="5.00" nVehEntered="8"/>
    <interval begin="31700.00" end="31800.00" id="inductionLoop.S0" nVehContrib="7" flow="252.00" occupancy="19.21" speed="8.43" harmonicMeanSpeed="2.54" length="5.00" nVehEntered="7"/>
    <interval begin="31800.00" end="31900.00" id="inductionLoop.S0" nVehContrib="11" flow="396.00" occupancy="15.86" speed="8.64" harmonicMeanSpeed="1.84" length="5.00" nVehEntered="10"/>
    <interval begin="31900.00" end="32000.00" id="inductionLoop.S0" nVehContrib="6" flow="216.00" occupancy="2.38" speed="12.73" harmonicMeanSpeed="12.58" length="5.00" nVehEntered="6"/>
    <interval begin="32000.00" end="32100.00" id="inductionLoop.S0" nVehContrib="6" flow="216.00" occupancy="24.80" speed="9.62" harmonicMeanSpeed="1.32" length="5.00" nVehEntered="7"/>
    <interval begin="32100.00" end="32200.00" id="inductionLoop.S0" nVehContrib="7" flow="252.00" occupancy="3.23" speed="11.06" harmonicMeanSpeed="10.82" length="5.00" nVehEntered="7"/>
    <interval begin="32200.00" end="32300.00" id="inductionLoop.S0" nVehContrib="3" flow="108.00" occupancy="1.45" speed="10.72" harmonicMeanSpeed="10.35" length="5.00" nVehEntered="3"/>
    <interval begin="32300.00" end="32400.00" id="inductionLoop.S0" nVehContrib="9" flow="324.00" occupancy="3.73" speed="12.33" harmonicMeanSpeed="12.05" length="5.00" nVehEntered="9"/>
    <interval begin="32400.00" end="32500.00" id="inductionLoop.S0" nVehContrib="11" flow="396.00" occupancy="20.84" speed="6.98" harmonicMeanSpeed="2.77" length="5.00" nVehEntered="12"/>
    <interval begin="32500.00" end="32600.00" id="inductionLoop.S0" nVehContrib="17" flow="612.00" occupancy="38.44" speed="5.50" harmonicMeanSpeed="2.16" length="5.00" nVehEntered="16"/>
    <interval begin="32600.00" end="32700.00" id="inductionLoop.S0" nVehContrib="12" flow="432.00" occupancy="61.55" speed="5.69" harmonicMeanSpeed="1.24" length="5.00" nVehEntered="13"/>
    <interval begin="32700.00" end="32800.00" id="inductionLoop.S0" nVehContrib="9" flow="324.00" occupancy="66.50" speed="3.31" harmonicMeanSpeed="0.56" length="5.00" nVehEntered="8"/>
    <interval begin="32800.00" end="32900.00" id="inductionLoop.S0" nVehContrib="2" flow="72.00" occupancy="0.79" speed="12.75" harmonicMeanSpeed="12.72" length="5.00" nVehEntered="2"/>
    <interval begin="32900.00" end="33000.00" id="inductionLoop.S0" nVehContrib="2" flow="72.00" occupancy="0.82" speed="12.25" harmonicMeanSpeed="12.18" length="5.00" nVehEntered="2"/>
    <interval begin="33000.00" end="33100.00" id="inductionLoop.S0" nVehContrib="5" flow="180.00" occupancy="2.59" speed="11.34" harmonicMeanSpeed="9.64" length="5.00" nVehEntered="5"/>
    <interval begin="33100.00" end="33200.00" id="inductionLoop.S0" nVehContrib="10" flow="360.00" occupancy="69.63" speed="3.92" harmonicMeanSpeed="0.72" length="5.00" nVehEntered="10"/>
    <interval begin="33200.00" end="33300.00" id="inductionLoop.S0" nVehContrib="10" flow="360.00" occupancy="58.13" speed="3.70" harmonicMeanSpeed="0.88" length="5.00" nVehEntered="11"/>
    <interval begin="33300.00" end="33400.00" id="inductionLoop.S0" nVehContrib="16" flow="576.00" occupancy="61.33" speed="3.32" harmonicMeanSpeed="1.34" length="5.00" nVehEntered="16"/>
    <interval begin="33400.00" end="33500.00" id="inductionLoop.S0" nVehContrib="13" flow="468.00" occupancy="69.58" speed="3.35" harmonicMeanSpeed="1.12" length="5.00" nVehEntered="13"/>
    <interval begin="33500.00" end="33600.00" id="inductionLoop.S0" nVehContrib="17" flow="612.00" occupancy="50.02" speed="4.87" harmonicMeanSpeed="1.41" length="5.00" nVehEntered="19"/>
    <interval begin="33600.00" end="33700.00" id="inductionLoop.S0" nVehContrib="9" flow="324.00" occupancy="56.08" speed="4.07" harmonicMeanSpeed="0.76" length="5.00" nVehEntered="8"/>
    <interval begin="33700.00" end="33800.00" id="inductionLoop.S0" nVehContrib="7" flow="252.00" occupancy="16.84" speed="6.88" harmonicMeanSpeed="2.08" length="5.00" nVehEntered="7"/>
    <interval begin="33800.00" end="33900.00" id="inductionLoop.S0" nVehContrib="8" flow="288.00" occupancy="4.02" speed="10.82" harmonicMeanSpeed="9.94" length="5.00" nVehEntered="8"/>
    <interval begin="33900.00" end="34000.00" id="inductionLoop.S0" nVehContrib="7" flow="252.00" occupancy="2.97" speed="11.89" harmonicMeanSpeed="11.78" length="5.00" nVehEntered="7"/>
    <interval begin="34000.00" end="34100.00" id="inductionLoop.S0" nVehContrib="9" flow="324.00" occupancy="21.56" speed="8.45" harmonicMeanSpeed="2.09" length="5.00" nVehEntered="9"/>
    <interval begin="34100.00" end="34200.00" id="inductionLoop.S0" nVehContrib="9" flow="324.00" occupancy="12.29" speed="8.81" harmonicMeanSpeed="3.66" length="5.00" nVehEntered="9"/>
    <interval begin="34200.00" end="34300.00" id="inductionLoop.S0" nVehContrib="12" flow="432.00" occupancy="28.62" speed="8.46" harmonicMeanSpeed="2.18" length="5.00" nVehEntered="14"/>
    <interval begin="34300.00" end="34400.00" id="inductionLoop.S0" nVehContrib="10" flow="360.00" occupancy="45.70" speed="5.29" harmonicMeanSpeed="1.09" length="5.00" nVehEntered="10"/>
    <interval begin="34400.00" end="34500.00" id="inductionLoop.S0" nVehContrib="11" flow="396.00" occupancy="45.76" speed="5.73" harmonicMeanSpeed="1.50" length="5.00" nVehEntered="12"/>
    <interval begin="34500.00" end="34600.00" id="inductionLoop.S0" nVehContrib="10" flow="360.00" occupancy="60.87" speed="3.50" harmonicMeanSpeed="0.71" length="5.00" nVehEntered="9"/>
    <interval begin="34600.00" end="34700.00" id="inductionLoop.S0" nVehContrib="9" flow="324.00" occupancy="42.10" speed="4.31" harmonicMeanSpeed="1.11" length="5.00" nVehEntered="10"/>
    <interval begin="34700.00" end="34800.00" id="inductionLoop.S0" nVehContrib="14" flow="504.00" occupancy="53.18" speed="6.45" harmonicMeanSpeed="1.28" length="5.00" nVehEntered="13"/>
    <interval begin="34800.00" end="34900.00" id="inductionLoop.S0" nVehContrib="11" flow="396.00" occupancy="73.59" speed="3.44" harmonicMeanSpeed="0.95" length="5.00" nVehEntered="12"/>
    <interval begin="34900.00" end="35000.00" id="inductionLoop.S0" nVehContrib="11" flow="396.00" occupancy="57.58" speed="2.46" harmonicMeanSpeed="0.77" length="5.00" nVehEntered="11"/>
    <interval begin="35000.00" end="35100.00" id="inductionLoop.S0" nVehContrib="12" flow="432.00" occupancy="55.39" speed="3.03" harmonicMeanSpeed="1.06" length="5.00" nVehEntered="11"/>
    <interval begin="35100.00" end="35200.00" id="inductionLoop.S0" nVehContrib="15" flow="540.00" occupancy="74.03" speed="6.20" harmonicMeanSpeed="1.32" length="5.00" nVehEntered="16"/>
    <interval begin="35200.00" end="35300.00" id="inductionLoop.S0" nVehContrib="9" flow="324.00" occupancy="71.73" speed="3.35" harmonicMeanSpeed="0.51" length="5.00" nVehEntered="8"/>
    <interval begin="35300.00" end="35400.00" id="inductionLoop.S0" nVehContrib="11" flow="396.00" occupancy="64.54" speed="3.64" harmonicMeanSpeed="0.85" length="5.00" nVehEntered="11"/>
    <interval begin="35400.00" end="35500.00" id="inductionLoop.S0" nVehContrib="17" flow="612.00" occupancy="32.25" speed="4.72" harmonicMeanSpeed="2.64" length="5.00" nVehEntered="17"/>
    <interval begin="35500.00" end="35600.00" id="inductionLoop.S0" nVehContrib="4" flow="144.00" occupancy="23.55" speed="7.34" harmonicMeanSpeed="0.85" length="5.00" nVehEntered="4"/>
    <interval begin="35600.00" end="35700.00" id="inductionLoop.S0" nVehContrib="2" flow="72.00" occupancy="28.13" speed="5.16" harmonicMeanSpeed="0.64" length="5.00" nVehEntered="4"/>
    <interval begin="35700.00" end="35800.00" id="inductionLoop.S0" nVehContrib="7" flow="252.00" occupancy="6.18" speed="7.26" harmonicMeanSpeed="1.95" length="5.00" nVehEntered="6"/>
    <interval begin="35800.00" end="35900.00" id="inductionLoop.S0" nVehContrib="9" flow="324.00" occupancy="44.71" speed="1.79" harmonicMeanSpeed="1.01" length="5.00" nVehEntered="9"/>
    <interval begin="35900.00" end="36000.00" id="inductionLoop.S0" nVehContrib="14" flow="504.00" occupancy="70.78" speed="4.42" harmonicMeanSpeed="1.17" length="5.00" nVehEntered="15"/>
    <interval begin="36000.00" end="36100.00" id="inductionLoop.S0" nVehContrib="14" flow="504.00" occupancy="74.38" speed="4.70" harmonicMeanSpeed="0.82" length="5.00" nVehEntered="13"/>
    <interval begin="36100.00" end="36200.00" id="inductionLoop.S0" nVehContrib="2" flow="72.00" occupancy="3.85" speed="5.94" harmonicMeanSpeed="2.60" length="5.00" nVehEntered="2"/>
    <interval begin="36200.00" end="36300.00" id="inductionLoop.S0" nVehContrib="1" flow="36.00" occupancy="0.41" speed="12.14" harmonicMeanSpeed="12.14" length="5.00" nVehEntered="1"/>
    <interval begin="36300.00" end="36400.00" id="inductionLoop.S0" nVehContrib="5" flow="180.00" occupancy="25.65" speed="8.72" harmonicMeanSpeed="1.13" length="5.00" nVehEntered="6"/>
    <interval begin="36400.00" end="36500.00" id="inductionLoop.S0" nVehContrib="7" flow="252.00" occupancy="86.77" speed="2.15" harmonicMeanSpeed="0.39" length="5.00" nVehEntered="6"/>
    <interval begin="36500.00" end="36600.00" id="inductionLoop.S0" nVehContrib="19" flow="684.00" occupancy="62.79" speed="4.59" harmonicMeanSpeed="1.51" length="5.00" nVehEntered="19"/>
    <interval begin="36600.00" end="36700.00" id="inductionLoop.S0" nVehContrib="12" flow="432.00" occupancy="53.03" speed="3.90" harmonicMeanSpeed="2.36" length="5.00" nVehEntered="13"/>
    <interval begin="36700.00" end="36800.00" id="inductionLoop.S0" nVehContrib="14" flow="504.00" occupancy="75.36" speed="4.85" harmonicMeanSpeed="0.70" length="5.00" nVehEntered="14"/>
    <interval begin="36800.00" end="36900.00" id="inductionLoop.S0" nVehContrib="9" flow="324.00" occupancy="76.07" speed="2.18" harmonicMeanSpeed="0.66" length="5.00" nVehEntered="10"/>
    <interval begin="36900.00" end="37000.00" id="inductionLoop.S0" nVehContrib="14" flow="504.00" occupancy="53.65" speed="4.08" harmonicMeanSpeed="1.14" length="5.00" nVehEntered="13"/>
    <interval begin="37000.00" end="37100.00" id="inductionLoop.S0" nVehContrib="7" flow="252.00" occupancy="83.35" speed="1.49" harmonicMeanSpeed="0.42" length="5.00" nVehEntered="7"/>
    <interval begin="37100.00" end="37200.00" id="inductionLoop.S0" nVehContrib="13" flow="468.00" occupancy="68.74" speed="2.84" harmonicMeanSpeed="0.95" length="5.00" nVehEntered="13"/>
    <interval begin="37200.00" end="37300.00" id="inductionLoop.S0" nVehContrib="8" flow="288.00" occupancy="80.15" speed="2.29" harmonicMeanSpeed="0.78" length="5.00" nVehEntered="9"/>
    <interval begin="37300.00" end="37400.00" id="inductionLoop.S0" nVehContrib="12" flow="432.00" occupancy="77.06" speed="4.69" harmonicMeanSpeed="0.57" length="5.00" nVehEntered="11"/>
    <interval begin="37400.00" end="37500.00" id="inductionLoop.S0" nVehContrib="10" flow="360.00" occupancy="76.54" speed="3.42" harmonicMeanSpeed="0.70" length="5.00" nVehEntered="11"/>
    <interval begin="37500.00" end="37600.00" id="inductionLoop.S0" nVehContrib="10" flow="360.00" occupancy="42.39" speed="1.84" harmonicMeanSpeed="1.05" length="5.00" nVehEntered="9"/>
    <interval begin="37600.00" end="37700.00" id="inductionLoop.S0" nVehContrib="8" flow="288.00" occupancy="52.86" speed="1.95" harmonicMeanSpeed="0.88" length="5.00" nVehEntered="9"/>
    <interval begin="37700.00" end="37800.00" id="inductionLoop.S0" nVehContrib="12" flow="432.00" occupancy="77.96" speed="5.13" harmonicMeanSpeed="0.72" length="5.00" nVehEntered="12"/>
    <interval begin="37800.00" end="37900.00" id="inductionLoop.S0" nVehContrib="10" flow="360.00" occupancy="79.09" speed="2.81" harmonicMeanSpeed="0.70" length="5.00" nVehEntered="10"/>
    <interval begin="37900.00" end="38000.00" id="inductionLoop.S0" nVehContrib="13" flow="468.00" occupancy="73.42" speed="5.69" harmonicMeanSpeed="0.96" length="5.00" nVehEntered="13"/>
    <interval begin="38000.00" end="38100.00" id="inductionLoop.S0" nVehContrib="18" flow="648.00" occupancy="64.65" speed="3.85" harmonicMeanSpeed="1.13" length="5.00" nVehEntered="17"/>
    <interval begin="38100.00" end="38200.00" id="inductionLoop.S0" nVehContrib="16" flow="576.00" occupancy="40.80" speed="4.28" harmonicMeanSpeed="1.96" length="5.00" nVehEntered="16"/>
    <interval begin="38200.00" end="38300.00" id="inductionLoop.S0" nVehContrib="11" flow="396.00" occupancy="43.17" speed="3.04" harmonicMeanSpeed="2.00" length="5.00" nVehEntered="12"/>
    <interval begin="38300.00" end="38400.00" id="inductionLoop.S0" nVehContrib="16" flow="576.00" occupancy="69.11" speed="3.91" harmonicMeanSpeed="0.94" length="5.00" nVehEntered="15"/>
    <interval begin="38400.00" end="38500.00" id="inductionLoop.S0" nVehContrib="11" flow="396.00" occupancy="74.61" speed="3.15" harmonicMeanSpeed="0.75" length="5.00" nVehEntered="12"/>
    <interval begin="38500.00" end="38600.00" id="inductionLoop.S0" nVehContrib="15" flow="540.00" occupancy="47.02" speed="4.75" harmonicMeanSpeed="1.66" length="5.00" nVehEntered="15"/>
    <interval begin="38600.00" end="38700.00" id="inductionLoop.S0" nVehContrib="13" flow="468.00" occupancy="48.57" speed="3.56" harmonicMeanSpeed="1.49" length="5.00" nVehEntered="13"/>
    <interval begin="38700.00" end="38800.00" id="inductionLoop.S0" nVehContrib="11" flow="396.00" occupancy="76.75" speed="3.61" harmonicMeanSpeed="0.65" length="5.00" nVehEntered="10"/>
    <interval begin="38800.00" end="38900.00" id="inductionLoop.S0" nVehContrib="10" flow="360.00" occupancy="81.06" speed="4.60" harmonicMeanSpeed="0.79" length="5.00" nVehEntered="11"/>
    <interval begin="38900.00" end="39000.00" id="inductionLoop.S0" nVehContrib="16" flow="576.00" occupancy="45.80" speed="3.41" harmonicMeanSpeed="1.25" length="5.00" nVehEntered="15"/>
    <interval begin="39000.00" end="39100.00" id="inductionLoop.S0" nVehContrib="17" flow="612.00" occupancy="66.94" speed="5.23" harmonicMeanSpeed="3.56" length="5.00" nVehEntered="18"/>
    <interval begin="39100.00" end="39200.00" id="inductionLoop.S0" nVehContrib="20" flow="720.00" occupancy="63.77" speed="5.23" harmonicMeanSpeed="0.98" length="5.00" nVehEntered="20"/>
    <interval begin="39200.00" end="39300.00" id="inductionLoop.S0" nVehContrib="14" flow="504.00" occupancy="68.86" speed="2.81" harmonicMeanSpeed="0.95" length="5.00" nVehEntered="14"/>
    <interval begin="39300.00" end="39400.00" id="inductionLoop.S0" nVehContrib="15" flow="540.00" occupancy="72.45" speed="5.47" harmonicMeanSpeed="1.09" length="5.00" nVehEntered="15"/>
    <interval begin="39400.00" end="39500.00" id="inductionLoop.S0" nVehContrib="10" flow="360.00" occupancy="81.28" speed="4.43" harmonicMeanSpeed="2.05" length="5.00" nVehEntered="10"/>
    <interval begin="39500.00" end="39600.00" id="inductionLoop.S0" nVehContrib="23" flow="828.00" occupancy="53.82" speed="4.78" harmonicMeanSpeed="1.00" length="5.00" nVehEntered="22"/>
    <interval begin="39600.00" end="39700.00" id="inductionLoop.S0" nVehContrib="7" flow="252.00" occupancy="87.56" speed="4.43" harmonicMeanSpeed="0.40" length="5.00" nVehEntered="7"/>
    <interval begin="39700.00" end="39800.00" id="inductionLoop.S0" nVehContrib="9" flow="324.00" occupancy="81.71" speed="5.91" harmonicMeanSpeed="4.70" length="5.00" nVehEntered="10"/>
    <interval begin="39800.00" end="39900.00" id="inductionLoop.S0" nVehContrib="17" flow="612.00" occupancy="67.09" speed="5.67" harmonicMeanSpeed="0.85" length="5.00" nVehEntered="17"/>
    <interval begin="39900.00" end="40000.00" id="inductionLoop.S0" nVehContrib="17" flow="612.00" occupancy="71.36" speed="6.04" harmonicMeanSpeed="0.97" length="5.00" nVehEntered="17"/>
    <interval begin="40000.00" end="40100.00" id="inductionLoop.S0" nVehContrib="18" flow="648.00" occupancy="63.38" speed="5.37" harmonicMeanSpeed="1.04" length="5.00" nVehEntered="17"/>
    <interval begin="40100.00" end="40200.00" id="inductionLoop.S0" nVehContrib="11" flow="396.00" occupancy="36.05" speed="3.57" harmonicMeanSpeed="2.06" length="5.00" nVehEntered="12"/>
    <interval begin="40200.00" end="40300.00" id="inductionLoop.S0" nVehContrib="13" flow="468.00" occupancy="74.11" speed="3.65" harmonicMeanSpeed="0.78" length="5.00" nVehEntered="13"/>
    <interval begin="40300.00" end="40400.00" id="inductionLoop.S0" nVehContrib="16" flow="576.00" occupancy="65.47" speed="5.52" harmonicMeanSpeed="3.58" length="5.00" nVehEntered="16"/>
    <interval begin="40400.00" end="40500.00" id="inductionLoop.S0" nVehContrib="27" flow="972.00" occupancy="49.53" speed="5.40" harmonicMeanSpeed="1.46" length="5.00" nVehEntered="27"/>
    <interval begin="40500.00" end="40600.00" id="inductionLoop.S0" nVehContrib="14" flow="504.00" occupancy="35.46" speed="3.60" harmonicMeanSpeed="2.19" length="5.00" nVehEntered="14"/>
    <interval begin="40600.00" end="40700.00" id="inductionLoop.S0" nVehContrib="8" flow="288.00" occupancy="85.30" speed="4.50" harmonicMeanSpeed="0.45" length="5.00" nVehEntered="7"/>
    <interval begin="40700.00" end="40800.00" id="inductionLoop.S0" nVehContrib="18" flow="648.00" occupancy="69.65" speed="6.15" harmonicMeanSpeed="1.29" length="5.00" nVehEntered="18"/>
    <interval begin="40800.00" end="40900.00" id="inductionLoop.S0" nVehContrib="4" flow="144.00" occupancy="91.85" speed="8.83" harmonicMeanSpeed="8.71" length="5.00" nVehEntered="5"/>
    <interval begin="40900.00" end="41000.00" id="inductionLoop.S0" nVehContrib="16" flow="576.00" occupancy="68.79" speed="4.35" harmonicMeanSpeed="0.55" length="5.00" nVehEntered="16"/>
    <interval begin="41000.00" end="41100.00" id="inductionLoop.S0" nVehContrib="16" flow="576.00" occupancy="21.07" speed="6.29" harmonicMeanSpeed="2.35" length="5.00" nVehEntered="17"/>
    <interval begin="41100.00" end="41200.00" id="inductionLoop.S0" nVehContrib="26" flow="936.00" occupancy="48.52" speed="5.89" harmonicMeanSpeed="2.68" length="5.00" nVehEntered="25"/>
    <interval begin="41200.00" end="41300.00" id="inductionLoop.S0" nVehContrib="6" flow="216.00" occupancy="37.50" speed="4.64" harmonicMeanSpeed="4.14" length="5.00" nVehEntered="7"/>
    <interval begin="41300.00" end="41400.00" id="inductionLoop.S0" nVehContrib="10" flow="360.00" occupancy="79.39" speed="3.44" harmonicMeanSpeed="0.46" length="5.00" nVehEntered="9"/>
    <interval begin="41400.00" end="41500.00" id="inductionLoop.S0" nVehContrib="21" flow="756.00" occupancy="53.93" speed="7.18" harmonicMeanSpeed="1.95" length="5.00" nVehEntered="21"/>
    <interval begin="41500.00" end="41600.00" id="inductionLoop.S0" nVehContrib="10" flow="360.00" occupancy="33.88" speed="3.38" harmonicMeanSpeed="2.35" length="5.00" nVehEntered="11"/>
    <interval begin="41600.00" end="41700.00" id="inductionLoop.S0" nVehContrib="10" flow="360.00" occupancy="77.22" speed="6.94" harmonicMeanSpeed="1.51" length="5.00" nVehEntered="10"/>
    <interval begin="41700.00" end="41800.00" id="inductionLoop.S0" nVehContrib="18" flow="648.00" occupancy="64.51" speed="4.29" harmonicMeanSpeed="0.76" length="5.00" nVehEntered="18"/>
    <interval begin="41800.00" end="41900.00" id="inductionLoop.S0" nVehContrib="7" flow="252.00" occupancy="38.56" speed="3.07" harmonicMeanSpeed="1.88" length="5.00" nVehEntered="7"/>
    <interval begin="41900.00" end="42000.00" id="inductionLoop.S0" nVehContrib="9" flow="324.00" occupancy="76.50" speed="6.34" harmonicMeanSpeed="0.62" length="5.00" nVehEntered="9"/>
    <interval begin="42000.00" end="42100.00" id="inductionLoop.S0" nVehContrib="23" flow="828.00" occupancy="53.63" speed="4.61" harmonicMeanSpeed="1.45" length="5.00" nVehEntered="23"/>
    <interval begin="42100.00" end="42200.00" id="inductionLoop.S0" nVehContrib="13" flow="468.00" occupancy="42.10" speed="5.53" harmonicMeanSpeed="3.16" length="5.00" nVehEntered="14"/>
    <interval begin="42200.00" end="42300.00" id="inductionLoop.S0" nVehContrib="3" flow="108.00" occupancy="93.96" speed="1.27" harmonicMeanSpeed="0.13" length="5.00" nVehEntered="2"/>
    <interval begin="42300.00" end="42400.00" id="inductionLoop.S0" nVehContrib="14" flow="504.00" occupancy="38.28" speed="2.82" harmonicMeanSpeed="1.86" length="5.00" nVehEntered="15"/>
    <interval begin="42400.00" end="42500.00" id="inductionLoop.S0" nVehContrib="10" flow="360.00" occupancy="9.77" speed="5.87" harmonicMeanSpeed="4.82" length="5.00" nVehEntered="9"/>
    <interval begin="42500.00" end="42600.00" id="inductionLoop.S0" nVehContrib="17" flow="612.00" occupancy="67.80" speed="5.69" harmonicMeanSpeed="1.90" length="5.00" nVehEntered="18"/>
    <interval begin="42600.00" end="42700.00" id="inductionLoop.S0" nVehContrib="9" flow="324.00" occupancy="84.07" speed="5.67" harmonicMeanSpeed="0.50" length="5.00" nVehEntered="9"/>
    <interval begin="42700.00" end="42800.00" id="inductionLoop.S0" nVehContrib="19" flow="684.00" occupancy="43.19" speed="6.63" harmonicMeanSpeed="1.60" length="5.00" nVehEntered="18"/>
    <interval begin="42800.00" end="42900.00" id="inductionLoop.S0" nVehContrib="8" flow="288.00" occupancy="14.95" speed="3.99" harmonicMeanSpeed="2.68" length="5.00" nVehEntered="8"/>
    <interval begin="42900.00" end="43000.00" id="inductionLoop.S0" nVehContrib="18" flow="648.00" occupancy="66.17" speed="6.75" harmonicMeanSpeed="1.36" length="5.00" nVehEntered="18"/>
    <interval begin="43000.00" end="43100.00" id="inductionLoop.S0" nVehContrib="10" flow="360.00" occupancy="83.59" speed="7.04" harmonicMeanSpeed="0.60" length="5.00" nVehEntered="10"/>
    <interval begin="43100.00" end="43200.00" id="inductionLoop.S0" nVehContrib="35" flow="1260.00" occupancy="39.07" speed="5.65" harmonicMeanSpeed="4.48" length="5.00" nVehEntered="35"/>
    <interval begin="43200.00" end="43300.00" id="inductionLoop.S0" nVehContrib="8" flow="288.00" occupancy="80.06" speed="3.95" harmonicMeanSpeed="2.07" length="5.00" nVehEntered="9"/>
    <interval begin="43300.00" end="43400.00" id="inductionLoop.S0" nVehContrib="10" flow="360.00" occupancy="80.40" speed="4.20" harmonicMeanSpeed="0.36" length="5.00" nVehEntered="10"/>
    <interval begin="43400.00" end="43500.00" id="inductionLoop.S0" nVehContrib="7" flow="252.00" occupancy="84.19" speed="3.72" harmonicMeanSpeed="0.41" length="5.00" nVehEntered="6"/>
    <interval begin="43500.00" end="43600.00" id="inductionLoop.S0" nVehContrib="26" flow="936.00" occupancy="45.63" speed="6.98" harmonicMeanSpeed="4.26" length="5.00" nVehEntered="27"/>
    <interval begin="43600.00" end="43700.00" id="inductionLoop.S0" nVehContrib="14" flow="504.00" occupancy="66.18" speed="5.15" harmonicMeanSpeed="1.07" length="5.00" nVehEntered="14"/>
    <interval begin="43700.00" end="43800.00" id="inductionLoop.S0" nVehContrib="9" flow="324.00" occupancy="83.35" speed="4.74" harmonicMeanSpeed="0.45" length="5.00" nVehEntered="8"/>
    <interval begin="43800.00" end="43900.00" id="inductionLoop.S0" nVehContrib="11" flow="396.00" occupancy="36.24" speed="5.71" harmonicMeanSpeed="3.17" length="5.00" nVehEntered="12"/>
    <interval begin="43900.00" end="44000.00" id="inductionLoop.S0" nVehContrib="13" flow="468.00" occupancy="77.34" speed="6.27" harmonicMeanSpeed="2.08" length="5.00" nVehEntered="13"/>
    <interval begin="44000.00" end="44100.00" id="inductionLoop.S0" nVehContrib="16" flow="576.00" occupancy="70.16" speed="6.07" harmonicMeanSpeed="0.59" length="5.00" nVehEntered="15"/>
    <interval begin="44100.00" end="44200.00" id="inductionLoop.S0" nVehContrib="13" flow="468.00" occupancy="74.43" speed="5.57" harmonicMeanSpeed="1.35" length="5.00" nVehEntered="14"/>
    <interval begin="44200.00" end="44300.00" id="inductionLoop.S0" nVehContrib="7" flow="252.00" occupancy="84.30" speed="5.66" harmonicMeanSpeed="0.38" length="5.00" nVehEntered="7"/>
    <interval begin="44300.00" end="44400.00" id="inductionLoop.S0" nVehContrib="28" flow="1008.00" occupancy="40.45" speed="5.92" harmonicMeanSpeed="2.36" length="5.00" nVehEntered="27"/>
    <interval begin="44400.00" end="44500.00" id="inductionLoop.S0" nVehContrib="9" flow="324.00" occupancy="39.27" speed="5.55" harmonicMeanSpeed="4.59" length="5.00" nVehEntered="10"/>
    <interval begin="44500.00" end="44600.00" id="inductionLoop.S0" nVehContrib="38" flow="1368.00" occupancy="36.21" speed="6.24" harmonicMeanSpeed="2.89" length="5.00" nVehEntered="37"/>
    <interval begin="44600.00" end="44700.00" id="inductionLoop.S0" nVehContrib="9" flow="324.00" occupancy="37.64" speed="5.55" harmonicMeanSpeed="1.20" length="5.00" nVehEntered="9"/>
    <interval begin="44700.00" end="44800.00" id="inductionLoop.S0" nVehContrib="15" flow="540.00" occupancy="69.64" speed="8.28" harmonicMeanSpeed="2.12" length="5.00" nVehEntered="16"/>
    <interval begin="44800.00" end="44900.00" id="inductionLoop.S0" nVehContrib="6" flow="216.00" occupancy="85.73" speed="4.02" harmonicMeanSpeed="0.33" length="5.00" nVehEntered="6"/>
    <interval begin="44900.00" end="45000.00" id="inductionLoop.S0" nVehContrib="20" flow="720.00" occupancy="26.92" speed="5.70" harmonicMeanSpeed="1.83" length="5.00" nVehEntered="19"/>
    <interval begin="45000.00" end="45100.00" id="inductionLoop.S0" nVehContrib="10" flow="360.00" occupancy="55.32" speed="5.65" harmonicMeanSpeed="4.80" length="5.00" nVehEntered="11"/>
    <interval begin="45100.00" end="45200.00" id="inductionLoop.S0" nVehContrib="13" flow="468.00" occupancy="77.45" speed="5.22" harmonicMeanSpeed="1.02" length="5.00" nVehEntered="13"/>
    <interval begin="45200.00" end="45300.00" id="inductionLoop.S0" nVehContrib="10" flow="360.00" occupancy="80.72" speed="5.45" harmonicMeanSpeed="0.40" length="5.00" nVehEntered="10"/>
    <interval begin="45300.00" end="45400.00" id="inductionLoop.S0" nVehContrib="13" flow="468.00" occupancy="79.07" speed="6.58" harmonicMeanSpeed="1.76" length="5.00" nVehEntered="13"/>
    <interval begin="45400.00" end="45500.00" id="inductionLoop.S0" nVehContrib="14" flow="504.00" occupancy="73.60" speed="4.82" harmonicMeanSpeed="0.54" length="5.00" nVehEntered="13"/>
    <interval begin="45500.00" end="45600.00" id="inductionLoop.S0" nVehContrib="8" flow="288.00" occupancy="78.62" speed="4.73" harmonicMeanSpeed="0.51" length="5.00" nVehEntered="8"/>
    <interval begin="45600.00" end="45700.00" id="inductionLoop.S0" nVehContrib="28" flow="1008.00" occupancy="52.60" speed="6.02" harmonicMeanSpeed="2.66" length="5.00" nVehEntered="28"/>
    <interval begin="45700.00" end="45800.00" id="inductionLoop.S0" nVehContrib="14" flow="504.00" occupancy="74.66" speed="6.02" harmonicMeanSpeed="0.95" length="5.00" nVehEntered="15"/>
    <interval begin="45800.00" end="45900.00" id="inductionLoop.S0" nVehContrib="21" flow="756.00" occupancy="62.15" speed="5.10" harmonicMeanSpeed="1.67" length="5.00" nVehEntered="21"/>
    <interval begin="45900.00" end="46000.00" id="inductionLoop.S0" nVehContrib="11" flow="396.00" occupancy="21.38" speed="4.25" harmonicMeanSpeed="2.56" length="5.00" nVehEntered="10"/>
    <interval begin="46000.00" end="46100.00" id="inductionLoop.S0" nVehContrib="23" flow="828.00" occupancy="47.61" speed="5.84" harmonicMeanSpeed="2.42" length="5.00" nVehEntered="23"/>
    <interval begin="46100.00" end="46200.00" id="inductionLoop.S0" nVehContrib="13" flow="468.00" occupancy="24.51" speed="4.90" harmonicMeanSpeed="2.66" length="5.00" nVehEntered="14"/>
    <interval begin="46200.00" end="46300.00" id="inductionLoop.S0" nVehContrib="4" flow="144.00" occupancy="91.33" speed="2.60" harmonicMeanSpeed="0.34" length="5.00" nVehEntered="4"/>
    <interval begin="46300.00" end="46400.00" id="inductionLoop.S0" nVehContrib="11" flow="396.00" occupancy="81.54" speed="5.11" harmonicMeanSpeed="0.48" length="5.00" nVehEntered="10"/>
    <interval begin="46400.00" end="46500.00" id="inductionLoop.S0" nVehContrib="28" flow="1008.00" occupancy="50.13" speed="5.30" harmonicMeanSpeed="2.79" length="5.00" nVehEntered="28"/>
    <interval begin="46500.00" end="46600.00" id="inductionLoop.S0" nVehContrib="12" flow="432.00" occupancy="18.17" speed="4.83" harmonicMeanSpeed="3.30" length="5.00" nVehEntered="12"/>
    <interval begin="46600.00" end="46700.00" id="inductionLoop.S0" nVehContrib="12" flow="432.00" occupancy="66.99" speed="2.34" harmonicMeanSpeed="0.90" length="5.00" nVehEntered="13"/>
    <interval begin="46700.00" end="46800.00" id="inductionLoop.S0" nVehContrib="14" flow="504.00" occupancy="44.33" speed="5.87" harmonicMeanSpeed="4.06" length="5.00" nVehEntered="14"/>
    <interval begin="46800.00" end="46900.00" id="inductionLoop.S0" nVehContrib="8" flow="288.00" occupancy="86.61" speed="4.20" harmonicMeanSpeed="0.35" length="5.00" nVehEntered="7"/>
    <interval begin="46900.00" end="47000.00" id="inductionLoop.S0" nVehContrib="2" flow="72.00" occupancy="92.47" speed="1.16" harmonicMeanSpeed="1.14" length="5.00" nVehEntered="3"/>
    <interval begin="47000.00" end="47100.00" id="inductionLoop.S0" nVehContrib="23" flow="828.00" occupancy="59.75" speed="5.72" harmonicMeanSpeed="0.80" length="5.00" nVehEntered="22"/>
    <interval begin="47100.00" end="47200.00" id="inductionLoop.S0" nVehContrib="12" flow="432.00" occupancy="22.99" speed="5.60" harmonicMeanSpeed="3.23" length="5.00" nVehEntered="13"/>
    <interval begin="47200.00" end="47300.00" id="inductionLoop.S0" nVehContrib="10" flow="360.00" occupancy="47.40" speed="4.31" harmonicMeanSpeed="0.96" length="5.00" nVehEntered="9"/>
    <interval begin="47300.00" end="47400.00" id="inductionLoop.S0" nVehContrib="2" flow="72.00" occupancy="79.63" speed="0.69" harmonicMeanSpeed="0.13" length="5.00" nVehEntered="2"/>
    <interval begin="47400.00" end="47500.00" id="inductionLoop.S0" nVehContrib="16" flow="576.00" occupancy="72.91" speed="5.94" harmonicMeanSpeed="4.92" length="5.00" nVehEntered="17"/>
    <interval begin="47500.00" end="47600.00" id="inductionLoop.S0" nVehContrib="16" flow="576.00" occupancy="71.12" speed="5.12" harmonicMeanSpeed="0.83" length="5.00" nVehEntered="16"/>
    <interval begin="47600.00" end="47700.00" id="inductionLoop.S0" nVehContrib="15" flow="540.00" occupancy="75.13" speed="6.54" harmonicMeanSpeed="0.79" length="5.00" nVehEntered="15"/>
    <interval begin="47700.00" end="47800.00" id="inductionLoop.S0" nVehContrib="10" flow="360.00" occupancy="35.62" speed="5.55" harmonicMeanSpeed="1.07" length="5.00" nVehEntered="9"/>
    <interval begin="47800.00" end="47900.00" id="inductionLoop.S0" nVehContrib="14" flow="504.00" occupancy="65.86" speed="8.22" harmonicMeanSpeed="1.38" length="5.00" nVehEntered="15"/>
    <interval begin="47900.00" end="48000.00" id="inductionLoop.S0" nVehContrib="15" flow="540.00" occupancy="73.10" speed="5.52" harmonicMeanSpeed="1.71" length="5.00" nVehEntered="15"/>
    <interval begin="48000.00" end="48100.00" id="inductionLoop.S0" nVehContrib="13" flow="468.00" occupancy="76.50" speed="7.30" harmonicMeanSpeed="0.54" length="5.00" nVehEntered="13"/>
    <interval begin="48100.00" end="48200.00" id="inductionLoop.S0" nVehContrib="22" flow="792.00" occupancy="59.43" speed="7.07" harmonicMeanSpeed="5.14" length="5.00" nVehEntered="22"/>
    <interval begin="48200.00" end="48300.00" id="inductionLoop.S0" nVehContrib="14" flow="504.00" occupancy="71.71" speed="5.06" harmonicMeanSpeed="0.64" length="5.00" nVehEntered="14"/>
    <interval begin="48300.00" end="48400.00" id="inductionLoop.S0" nVehContrib="27" flow="972.00" occupancy="53.58" speed="7.70" harmonicMeanSpeed="3.54" length="5.00" nVehEntered="27"/>
    <interval begin="48400.00" end="48500.00" id="inductionLoop.S0" nVehContrib="5" flow="180.00" occupancy="90.88" speed="4.61" harmonicMeanSpeed="0.23" length="5.00" nVehEntered="5"/>
    <interval begin="48500.00" end="48600.00" id="inductionLoop.S0" nVehContrib="24" flow="864.00" occupancy="58.78" speed="6.27" harmonicMeanSpeed="2.25" length="5.00" nVehEntered="24"/>
    <interval begin="48600.00" end="48700.00" id="inductionLoop.S0" nVehContrib="12" flow="432.00" occupancy="37.64" speed="5.81" harmonicMeanSpeed="1.39" length="5.00" nVehEntered="11"/>
    <interval begin="48700.00" end="48800.00" id="inductionLoop.S0" nVehContrib="7" flow="252.00" occupancy="48.88" speed="3.05" harmonicMeanSpeed="0.72" length="5.00" nVehEntered="7"/>
    <interval begin="48800.00" end="48900.00" id="inductionLoop.S0" nVehContrib="35" flow="1260.00" occupancy="33.41" speed="6.64" harmonicMeanSpeed="5.24" length="5.00" nVehEntered="35"/>
    <interval begin="48900.00" end="49000.00" id="inductionLoop.S0" nVehContrib="0" flow="0.00" occupancy="56.92" speed="-1.00" harmonicMeanSpeed="-1.00" length="-1.00" nVehEntered="1"/>
    <interval begin="49000.00" end="49100.00" id="inductionLoop.S0" nVehContrib="19" flow="684.00" occupancy="67.36" speed="6.47" harmonicMeanSpeed="0.89" length="5.00" nVehEntered="19"/>
    <interval begin="49100.00" end="49200.00" id="inductionLoop.S0" nVehContrib="0" flow="0.00" occupancy="100.00" speed="-1.00" harmonicMeanSpeed="-1.00" length="-1.00" nVehEntered="0"/>
    <interval begin="49200.00" end="49300.00" id="inductionLoop.S0" nVehContrib="5" flow="180.00" occupancy="88.50" speed="4.82" harmonicMeanSpeed="0.18" length="5.00" nVehEntered="5"/>
    <interval begin="49300.00" end="49400.00" id="inductionLoop.S0" nVehContrib="9" flow="324.00" occupancy="84.52" speed="6.42" harmonicMeanSpeed="0.29" length="5.00" nVehEntered="9"/>
    <interval begin="49400.00" end="49500.00" id="inductionLoop.S0" nVehContrib="4" flow="144.00" occupancy="93.45" speed="6.61" harmonicMeanSpeed="6.60" length="5.00" nVehEntered="4"/>
    <interval begin="49500.00" end="49600.00" id="inductionLoop.S0" nVehContrib="16" flow="576.00" occupancy="74.55" speed="6.64" harmonicMeanSpeed="0.54" length="5.00" nVehEntered="16"/>
    <interval begin="49600.00" end="49700.00" id="inductionLoop.S0" nVehContrib="35" flow="1260.00" occupancy="35.77" speed="5.75" harmonicMeanSpeed="3.31" length="5.00" nVehEntered="34"/>
    <interval begin="49700.00" end="49800.00" id="inductionLoop.S0" nVehContrib="3" flow="108.00" occupancy="24.42" speed="1.32" harmonicMeanSpeed="1.29" length="5.00" nVehEntered="4"/>
    <interval begin="49800.00" end="49900.00" id="inductionLoop.S0" nVehContrib="20" flow="720.00" occupancy="63.99" speed="4.65" harmonicMeanSpeed="1.30" length="5.00" nVehEntered="19"/>
    <interval begin="49900.00" end="50000.00" id="inductionLoop.S0" nVehContrib="16" flow="576.00" occupancy="74.76" speed="6.47" harmonicMeanSpeed="6.27" length="5.00" nVehEntered="17"/>
    <interval begin="50000.00" end="50004.00" id="inductionLoop.S0" nVehContrib="0" flow="0.00" occupancy="100.00" speed="-1.00" harmonicMeanSpeed="-1.00" length="-1.00" nVehEntered="0"/>
</detector>
