<?xml version="1.0" encoding="UTF-8"?>

<!-- generated on 2023-07-31 23:07:06 by Eclipse SUMO sumo Version 1.12.0
<configuration xmlns:xsi="http://www.w3.org/2001/XMLSchema-instance" xsi:noNamespaceSchemaLocation="http://sumo.dlr.de/xsd/sumoConfiguration.xsd">

    <input>
        <net-file value="Data0-39/intersection.net.xml"/>
        <route-files value="Data0-39/intersection.rou.xml"/>
        <additional-files value="Data0-39/intersection.det.xml"/>
    </input>

    <output>
        <tripinfo-output value="Data0-39/tripinfo.xml"/>
    </output>

    <time>
        <begin value="0"/>
    </time>

    <processing>
        <time-to-teleport value="-1"/>
        <waiting-time-memory value="60000"/>
    </processing>

    <report>
        <verbose value="true"/>
        <no-step-log value="true"/>
    </report>

    <emissions>
        <device.emissions.probability value="1"/>
    </emissions>

    <traci_server>
        <remote-port value="47883"/>
    </traci_server>

    <gui_only>
        <gui-settings-file value="Data0-39/intersection.settings.xml"/>
    </gui_only>

</configuration>
-->

<detector xmlns:xsi="http://www.w3.org/2001/XMLSchema-instance" xsi:noNamespaceSchemaLocation="http://sumo.dlr.de/xsd/det_e1_file.xsd">
    <interval begin="0.00" end="100.00" id="inductionLoop.S2" nVehContrib="1" flow="36.00" occupancy="0.34" speed="14.50" harmonicMeanSpeed="14.50" length="5.00" nVehEntered="1"/>
    <interval begin="100.00" end="200.00" id="inductionLoop.S2" nVehContrib="8" flow="288.00" occupancy="5.27" speed="11.45" harmonicMeanSpeed="9.28" length="5.00" nVehEntered="11"/>
    <interval begin="200.00" end="300.00" id="inductionLoop.S2" nVehContrib="11" flow="396.00" occupancy="8.49" speed="8.73" harmonicMeanSpeed="6.51" length="5.00" nVehEntered="12"/>
    <interval begin="300.00" end="400.00" id="inductionLoop.S2" nVehContrib="7" flow="252.00" occupancy="36.30" speed="5.66" harmonicMeanSpeed="0.97" length="5.00" nVehEntered="8"/>
    <interval begin="400.00" end="500.00" id="inductionLoop.S2" nVehContrib="9" flow="324.00" occupancy="10.31" speed="5.66" harmonicMeanSpeed="4.37" length="5.00" nVehEntered="11"/>
    <interval begin="500.00" end="600.00" id="inductionLoop.S2" nVehContrib="4" flow="144.00" occupancy="2.49" speed="10.97" harmonicMeanSpeed="8.03" length="5.00" nVehEntered="4"/>
    <interval begin="600.00" end="700.00" id="inductionLoop.S2" nVehContrib="7" flow="252.00" occupancy="5.05" speed="9.38" harmonicMeanSpeed="6.93" length="5.00" nVehEntered="7"/>
    <interval begin="700.00" end="800.00" id="inductionLoop.S2" nVehContrib="7" flow="252.00" occupancy="6.18" speed="8.88" harmonicMeanSpeed="6.76" length="5.00" nVehEntered="8"/>
    <interval begin="800.00" end="900.00" id="inductionLoop.S2" nVehContrib="14" flow="504.00" occupancy="23.77" speed="8.54" harmonicMeanSpeed="3.09" length="5.00" nVehEntered="17"/>
    <interval begin="900.00" end="1000.00" id="inductionLoop.S2" nVehContrib="7" flow="252.00" occupancy="23.06" speed="7.90" harmonicMeanSpeed="1.52" length="5.00" nVehEntered="7"/>
    <interval begin="1000.00" end="1100.00" id="inductionLoop.S2" nVehContrib="6" flow="216.00" occupancy="3.24" speed="10.93" harmonicMeanSpeed="10.41" length="5.00" nVehEntered="7"/>
    <interval begin="1100.00" end="1200.00" id="inductionLoop.S2" nVehContrib="5" flow="180.00" occupancy="2.51" speed="11.76" harmonicMeanSpeed="11.55" length="5.00" nVehEntered="7"/>
    <interval begin="1200.00" end="1300.00" id="inductionLoop.S2" nVehContrib="7" flow="252.00" occupancy="6.64" speed="8.59" harmonicMeanSpeed="5.27" length="5.00" nVehEntered="7"/>
    <interval begin="1300.00" end="1400.00" id="inductionLoop.S2" nVehContrib="9" flow="324.00" occupancy="4.67" speed="11.01" harmonicMeanSpeed="10.01" length="5.00" nVehEntered="10"/>
    <interval begin="1400.00" end="1500.00" id="inductionLoop.S2" nVehContrib="7" flow="252.00" occupancy="3.26" speed="11.01" harmonicMeanSpeed="10.75" length="5.00" nVehEntered="7"/>
    <interval begin="1500.00" end="1600.00" id="inductionLoop.S2" nVehContrib="5" flow="180.00" occupancy="6.60" speed="7.37" harmonicMeanSpeed="3.93" length="5.00" nVehEntered="6"/>
    <interval begin="1600.00" end="1700.00" id="inductionLoop.S2" nVehContrib="10" flow="360.00" occupancy="8.16" speed="8.38" harmonicMeanSpeed="6.14" length="5.00" nVehEntered="11"/>
    <interval begin="1700.00" end="1800.00" id="inductionLoop.S2" nVehContrib="6" flow="216.00" occupancy="3.56" speed="9.92" harmonicMeanSpeed="8.70" length="5.00" nVehEntered="7"/>
    <interval begin="1800.00" end="1900.00" id="inductionLoop.S2" nVehContrib="5" flow="180.00" occupancy="4.94" speed="7.79" harmonicMeanSpeed="5.71" length="5.00" nVehEntered="7"/>
    <interval begin="1900.00" end="2000.00" id="inductionLoop.S2" nVehContrib="5" flow="180.00" occupancy="2.75" speed="11.17" harmonicMeanSpeed="10.53" length="5.00" nVehEntered="6"/>
    <interval begin="2000.00" end="2100.00" id="inductionLoop.S2" nVehContrib="4" flow="144.00" occupancy="1.78" speed="13.41" harmonicMeanSpeed="13.31" length="5.00" nVehEntered="5"/>
    <interval begin="2100.00" end="2200.00" id="inductionLoop.S2" nVehContrib="8" flow="288.00" occupancy="4.51" speed="10.52" harmonicMeanSpeed="8.86" length="5.00" nVehEntered="8"/>
    <interval begin="2200.00" end="2300.00" id="inductionLoop.S2" nVehContrib="4" flow="144.00" occupancy="3.25" speed="9.47" harmonicMeanSpeed="7.79" length="5.00" nVehEntered="6"/>
    <interval begin="2300.00" end="2400.00" id="inductionLoop.S2" nVehContrib="7" flow="252.00" occupancy="3.05" speed="11.62" harmonicMeanSpeed="11.47" length="5.00" nVehEntered="7"/>
    <interval begin="2400.00" end="2500.00" id="inductionLoop.S2" nVehContrib="7" flow="252.00" occupancy="3.07" speed="11.51" harmonicMeanSpeed="11.39" length="5.00" nVehEntered="7"/>
    <interval begin="2500.00" end="2600.00" id="inductionLoop.S2" nVehContrib="6" flow="216.00" occupancy="2.69" speed="12.63" harmonicMeanSpeed="12.56" length="5.00" nVehEntered="7"/>
    <interval begin="2600.00" end="2700.00" id="inductionLoop.S2" nVehContrib="7" flow="252.00" occupancy="8.96" speed="7.92" harmonicMeanSpeed="4.45" length="5.00" nVehEntered="9"/>
    <interval begin="2700.00" end="2800.00" id="inductionLoop.S2" nVehContrib="10" flow="360.00" occupancy="8.14" speed="8.61" harmonicMeanSpeed="6.14" length="5.00" nVehEntered="11"/>
    <interval begin="2800.00" end="2900.00" id="inductionLoop.S2" nVehContrib="7" flow="252.00" occupancy="4.26" speed="10.47" harmonicMeanSpeed="9.34" length="5.00" nVehEntered="9"/>
    <interval begin="2900.00" end="3000.00" id="inductionLoop.S2" nVehContrib="8" flow="288.00" occupancy="5.54" speed="9.88" harmonicMeanSpeed="7.54" length="5.00" nVehEntered="9"/>
    <interval begin="3000.00" end="3100.00" id="inductionLoop.S2" nVehContrib="4" flow="144.00" occupancy="2.53" speed="10.42" harmonicMeanSpeed="7.90" length="5.00" nVehEntered="4"/>
    <interval begin="3100.00" end="3200.00" id="inductionLoop.S2" nVehContrib="5" flow="180.00" occupancy="2.02" speed="12.50" harmonicMeanSpeed="12.39" length="5.00" nVehEntered="5"/>
    <interval begin="3200.00" end="3300.00" id="inductionLoop.S2" nVehContrib="8" flow="288.00" occupancy="4.42" speed="10.22" harmonicMeanSpeed="9.05" length="5.00" nVehEntered="8"/>
    <interval begin="3300.00" end="3400.00" id="inductionLoop.S2" nVehContrib="6" flow="216.00" occupancy="2.87" speed="10.92" harmonicMeanSpeed="10.44" length="5.00" nVehEntered="6"/>
    <interval begin="3400.00" end="3500.00" id="inductionLoop.S2" nVehContrib="3" flow="108.00" occupancy="1.70" speed="10.50" harmonicMeanSpeed="10.06" length="5.00" nVehEntered="4"/>
    <interval begin="3500.00" end="3600.00" id="inductionLoop.S2" nVehContrib="4" flow="144.00" occupancy="3.45" speed="8.07" harmonicMeanSpeed="5.80" length="5.00" nVehEntered="4"/>
    <interval begin="3600.00" end="3700.00" id="inductionLoop.S2" nVehContrib="5" flow="180.00" occupancy="2.17" speed="12.16" harmonicMeanSpeed="11.67" length="5.00" nVehEntered="6"/>
    <interval begin="3700.00" end="3800.00" id="inductionLoop.S2" nVehContrib="5" flow="180.00" occupancy="2.19" speed="11.64" harmonicMeanSpeed="11.42" length="5.00" nVehEntered="5"/>
    <interval begin="3800.00" end="3900.00" id="inductionLoop.S2" nVehContrib="8" flow="288.00" occupancy="8.05" speed="8.05" harmonicMeanSpeed="5.72" length="5.00" nVehEntered="11"/>
    <interval begin="3900.00" end="4000.00" id="inductionLoop.S2" nVehContrib="6" flow="216.00" occupancy="3.24" speed="10.49" harmonicMeanSpeed="9.94" length="5.00" nVehEntered="7"/>
    <interval begin="4000.00" end="4100.00" id="inductionLoop.S2" nVehContrib="10" flow="360.00" occupancy="5.88" speed="9.98" harmonicMeanSpeed="8.51" length="5.00" nVehEntered="10"/>
    <interval begin="4100.00" end="4200.00" id="inductionLoop.S2" nVehContrib="5" flow="180.00" occupancy="2.63" speed="12.73" harmonicMeanSpeed="11.15" length="5.00" nVehEntered="6"/>
    <interval begin="4200.00" end="4300.00" id="inductionLoop.S2" nVehContrib="7" flow="252.00" occupancy="29.44" speed="5.51" harmonicMeanSpeed="1.21" length="5.00" nVehEntered="9"/>
    <interval begin="4300.00" end="4400.00" id="inductionLoop.S2" nVehContrib="3" flow="108.00" occupancy="1.87" speed="12.84" harmonicMeanSpeed="12.78" length="5.00" nVehEntered="4"/>
    <interval begin="4400.00" end="4500.00" id="inductionLoop.S2" nVehContrib="7" flow="252.00" occupancy="20.21" speed="9.52" harmonicMeanSpeed="1.77" length="5.00" nVehEntered="8"/>
    <interval begin="4500.00" end="4600.00" id="inductionLoop.S2" nVehContrib="3" flow="108.00" occupancy="1.55" speed="12.10" harmonicMeanSpeed="12.04" length="5.00" nVehEntered="4"/>
    <interval begin="4600.00" end="4700.00" id="inductionLoop.S2" nVehContrib="6" flow="216.00" occupancy="4.31" speed="9.38" harmonicMeanSpeed="7.62" length="5.00" nVehEntered="7"/>
    <interval begin="4700.00" end="4800.00" id="inductionLoop.S2" nVehContrib="8" flow="288.00" occupancy="5.13" speed="9.31" harmonicMeanSpeed="7.80" length="5.00" nVehEntered="8"/>
    <interval begin="4800.00" end="4900.00" id="inductionLoop.S2" nVehContrib="8" flow="288.00" occupancy="6.17" speed="8.98" harmonicMeanSpeed="6.48" length="5.00" nVehEntered="8"/>
    <interval begin="4900.00" end="5000.00" id="inductionLoop.S2" nVehContrib="3" flow="108.00" occupancy="2.48" speed="9.03" harmonicMeanSpeed="6.04" length="5.00" nVehEntered="3"/>
    <interval begin="5000.00" end="5100.00" id="inductionLoop.S2" nVehContrib="4" flow="144.00" occupancy="3.10" speed="8.11" harmonicMeanSpeed="6.45" length="5.00" nVehEntered="4"/>
    <interval begin="5100.00" end="5200.00" id="inductionLoop.S2" nVehContrib="10" flow="360.00" occupancy="7.55" speed="9.08" harmonicMeanSpeed="6.62" length="5.00" nVehEntered="10"/>
    <interval begin="5200.00" end="5300.00" id="inductionLoop.S2" nVehContrib="3" flow="108.00" occupancy="1.65" speed="11.53" harmonicMeanSpeed="11.43" length="5.00" nVehEntered="4"/>
    <interval begin="5300.00" end="5400.00" id="inductionLoop.S2" nVehContrib="8" flow="288.00" occupancy="4.39" speed="10.68" harmonicMeanSpeed="9.49" length="5.00" nVehEntered="9"/>
    <interval begin="5400.00" end="5500.00" id="inductionLoop.S2" nVehContrib="7" flow="252.00" occupancy="3.82" speed="10.54" harmonicMeanSpeed="9.16" length="5.00" nVehEntered="7"/>
    <interval begin="5500.00" end="5600.00" id="inductionLoop.S2" nVehContrib="4" flow="144.00" occupancy="2.32" speed="11.05" harmonicMeanSpeed="9.72" length="5.00" nVehEntered="5"/>
    <interval begin="5600.00" end="5700.00" id="inductionLoop.S2" nVehContrib="6" flow="216.00" occupancy="4.40" speed="8.53" harmonicMeanSpeed="7.07" length="5.00" nVehEntered="7"/>
    <interval begin="5700.00" end="5800.00" id="inductionLoop.S2" nVehContrib="2" flow="72.00" occupancy="1.19" speed="10.33" harmonicMeanSpeed="10.28" length="5.00" nVehEntered="3"/>
    <interval begin="5800.00" end="5900.00" id="inductionLoop.S2" nVehContrib="5" flow="180.00" occupancy="2.94" speed="10.41" harmonicMeanSpeed="8.50" length="5.00" nVehEntered="5"/>
    <interval begin="5900.00" end="6000.00" id="inductionLoop.S2" nVehContrib="2" flow="72.00" occupancy="1.11" speed="12.70" harmonicMeanSpeed="12.66" length="5.00" nVehEntered="3"/>
    <interval begin="6000.00" end="6100.00" id="inductionLoop.S2" nVehContrib="3" flow="108.00" occupancy="1.85" speed="10.79" harmonicMeanSpeed="8.64" length="5.00" nVehEntered="4"/>
    <interval begin="6100.00" end="6200.00" id="inductionLoop.S2" nVehContrib="6" flow="216.00" occupancy="2.95" speed="11.63" harmonicMeanSpeed="10.17" length="5.00" nVehEntered="6"/>
    <interval begin="6200.00" end="6300.00" id="inductionLoop.S2" nVehContrib="8" flow="288.00" occupancy="6.10" speed="9.18" harmonicMeanSpeed="6.56" length="5.00" nVehEntered="8"/>
    <interval begin="6300.00" end="6400.00" id="inductionLoop.S2" nVehContrib="3" flow="108.00" occupancy="1.99" speed="10.19" harmonicMeanSpeed="7.80" length="5.00" nVehEntered="4"/>
    <interval begin="6400.00" end="6500.00" id="inductionLoop.S2" nVehContrib="1" flow="36.00" occupancy="0.45" speed="11.21" harmonicMeanSpeed="11.21" length="5.00" nVehEntered="1"/>
    <interval begin="6500.00" end="6600.00" id="inductionLoop.S2" nVehContrib="4" flow="144.00" occupancy="1.64" speed="12.23" harmonicMeanSpeed="12.20" length="5.00" nVehEntered="4"/>
    <interval begin="6600.00" end="6700.00" id="inductionLoop.S2" nVehContrib="7" flow="252.00" occupancy="5.72" speed="8.36" harmonicMeanSpeed="6.46" length="5.00" nVehEntered="9"/>
    <interval begin="6700.00" end="6800.00" id="inductionLoop.S2" nVehContrib="6" flow="216.00" occupancy="4.24" speed="9.41" harmonicMeanSpeed="7.08" length="5.00" nVehEntered="6"/>
    <interval begin="6800.00" end="6900.00" id="inductionLoop.S2" nVehContrib="11" flow="396.00" occupancy="6.34" speed="10.81" harmonicMeanSpeed="9.36" length="5.00" nVehEntered="12"/>
    <interval begin="6900.00" end="7000.00" id="inductionLoop.S2" nVehContrib="7" flow="252.00" occupancy="5.07" speed="9.72" harmonicMeanSpeed="6.91" length="5.00" nVehEntered="7"/>
    <interval begin="7000.00" end="7100.00" id="inductionLoop.S2" nVehContrib="3" flow="108.00" occupancy="1.33" speed="11.40" harmonicMeanSpeed="11.29" length="5.00" nVehEntered="3"/>
    <interval begin="7100.00" end="7200.00" id="inductionLoop.S2" nVehContrib="5" flow="180.00" occupancy="3.82" speed="9.66" harmonicMeanSpeed="6.55" length="5.00" nVehEntered="5"/>
    <interval begin="7200.00" end="7300.00" id="inductionLoop.S2" nVehContrib="2" flow="72.00" occupancy="1.50" speed="8.96" harmonicMeanSpeed="6.67" length="5.00" nVehEntered="2"/>
    <interval begin="7300.00" end="7400.00" id="inductionLoop.S2" nVehContrib="3" flow="108.00" occupancy="2.32" speed="10.10" harmonicMeanSpeed="7.24" length="5.00" nVehEntered="4"/>
    <interval begin="7400.00" end="7500.00" id="inductionLoop.S2" nVehContrib="1" flow="36.00" occupancy="1.08" speed="4.65" harmonicMeanSpeed="4.65" length="5.00" nVehEntered="1"/>
    <interval begin="7500.00" end="7600.00" id="inductionLoop.S2" nVehContrib="2" flow="72.00" occupancy="0.79" speed="12.73" harmonicMeanSpeed="12.70" length="5.00" nVehEntered="2"/>
    <interval begin="7600.00" end="7700.00" id="inductionLoop.S2" nVehContrib="3" flow="108.00" occupancy="2.11" speed="10.00" harmonicMeanSpeed="7.11" length="5.00" nVehEntered="3"/>
    <interval begin="7700.00" end="7800.00" id="inductionLoop.S2" nVehContrib="5" flow="180.00" occupancy="2.08" speed="12.11" harmonicMeanSpeed="12.04" length="5.00" nVehEntered="5"/>
    <interval begin="7800.00" end="7900.00" id="inductionLoop.S2" nVehContrib="2" flow="72.00" occupancy="1.76" speed="8.77" harmonicMeanSpeed="5.70" length="5.00" nVehEntered="2"/>
    <interval begin="7900.00" end="8000.00" id="inductionLoop.S2" nVehContrib="5" flow="180.00" occupancy="3.68" speed="9.00" harmonicMeanSpeed="6.79" length="5.00" nVehEntered="5"/>
    <interval begin="8000.00" end="8100.00" id="inductionLoop.S2" nVehContrib="8" flow="288.00" occupancy="4.71" speed="10.32" harmonicMeanSpeed="8.50" length="5.00" nVehEntered="8"/>
    <interval begin="8100.00" end="8200.00" id="inductionLoop.S2" nVehContrib="2" flow="72.00" occupancy="0.71" speed="14.03" harmonicMeanSpeed="14.03" length="5.00" nVehEntered="2"/>
    <interval begin="8200.00" end="8300.00" id="inductionLoop.S2" nVehContrib="1" flow="36.00" occupancy="0.38" speed="13.30" harmonicMeanSpeed="13.30" length="5.00" nVehEntered="1"/>
    <interval begin="8300.00" end="8400.00" id="inductionLoop.S2" nVehContrib="6" flow="216.00" occupancy="3.41" speed="10.45" harmonicMeanSpeed="8.80" length="5.00" nVehEntered="6"/>
    <interval begin="8400.00" end="8500.00" id="inductionLoop.S2" nVehContrib="7" flow="252.00" occupancy="5.44" speed="9.16" harmonicMeanSpeed="7.14" length="5.00" nVehEntered="9"/>
    <interval begin="8500.00" end="8600.00" id="inductionLoop.S2" nVehContrib="5" flow="180.00" occupancy="3.71" speed="9.37" harmonicMeanSpeed="6.75" length="5.00" nVehEntered="6"/>
    <interval begin="8600.00" end="8700.00" id="inductionLoop.S2" nVehContrib="8" flow="288.00" occupancy="5.59" speed="10.57" harmonicMeanSpeed="7.85" length="5.00" nVehEntered="10"/>
    <interval begin="8700.00" end="8800.00" id="inductionLoop.S2" nVehContrib="5" flow="180.00" occupancy="4.52" speed="6.79" harmonicMeanSpeed="5.68" length="5.00" nVehEntered="6"/>
    <interval begin="8800.00" end="8900.00" id="inductionLoop.S2" nVehContrib="1" flow="36.00" occupancy="0.42" speed="11.82" harmonicMeanSpeed="11.82" length="5.00" nVehEntered="1"/>
    <interval begin="8900.00" end="9000.00" id="inductionLoop.S2" nVehContrib="3" flow="108.00" occupancy="1.12" speed="13.43" harmonicMeanSpeed="13.41" length="5.00" nVehEntered="3"/>
    <interval begin="9000.00" end="9100.00" id="inductionLoop.S2" nVehContrib="3" flow="108.00" occupancy="1.18" speed="12.76" harmonicMeanSpeed="12.75" length="5.00" nVehEntered="3"/>
    <interval begin="9100.00" end="9200.00" id="inductionLoop.S2" nVehContrib="2" flow="72.00" occupancy="0.73" speed="13.61" harmonicMeanSpeed="13.61" length="5.00" nVehEntered="2"/>
    <interval begin="9200.00" end="9300.00" id="inductionLoop.S2" nVehContrib="8" flow="288.00" occupancy="7.38" speed="7.35" harmonicMeanSpeed="5.42" length="5.00" nVehEntered="8"/>
    <interval begin="9300.00" end="9400.00" id="inductionLoop.S2" nVehContrib="2" flow="72.00" occupancy="0.74" speed="13.75" harmonicMeanSpeed="13.54" length="5.00" nVehEntered="2"/>
    <interval begin="9400.00" end="9500.00" id="inductionLoop.S2" nVehContrib="4" flow="144.00" occupancy="2.22" speed="10.58" harmonicMeanSpeed="9.02" length="5.00" nVehEntered="4"/>
    <interval begin="9500.00" end="9600.00" id="inductionLoop.S2" nVehContrib="4" flow="144.00" occupancy="1.56" speed="12.93" harmonicMeanSpeed="12.86" length="5.00" nVehEntered="4"/>
    <interval begin="9600.00" end="9700.00" id="inductionLoop.S2" nVehContrib="1" flow="36.00" occupancy="0.38" speed="13.30" harmonicMeanSpeed="13.30" length="5.00" nVehEntered="1"/>
    <interval begin="9700.00" end="9800.00" id="inductionLoop.S2" nVehContrib="4" flow="144.00" occupancy="4.00" speed="7.79" harmonicMeanSpeed="5.00" length="5.00" nVehEntered="4"/>
    <interval begin="9800.00" end="9900.00" id="inductionLoop.S2" nVehContrib="0" flow="0.00" occupancy="0.00" speed="-1.00" harmonicMeanSpeed="-1.00" length="-1.00" nVehEntered="0"/>
    <interval begin="9900.00" end="10000.00" id="inductionLoop.S2" nVehContrib="5" flow="180.00" occupancy="3.60" speed="9.10" harmonicMeanSpeed="7.10" length="5.00" nVehEntered="6"/>
    <interval begin="10000.00" end="10100.00" id="inductionLoop.S2" nVehContrib="4" flow="144.00" occupancy="1.56" speed="12.94" harmonicMeanSpeed="12.85" length="5.00" nVehEntered="4"/>
    <interval begin="10100.00" end="10200.00" id="inductionLoop.S2" nVehContrib="3" flow="108.00" occupancy="2.74" speed="7.12" harmonicMeanSpeed="5.48" length="5.00" nVehEntered="3"/>
    <interval begin="10200.00" end="10300.00" id="inductionLoop.S2" nVehContrib="4" flow="144.00" occupancy="2.63" speed="10.36" harmonicMeanSpeed="7.60" length="5.00" nVehEntered="4"/>
    <interval begin="10300.00" end="10400.00" id="inductionLoop.S2" nVehContrib="0" flow="0.00" occupancy="0.00" speed="-1.00" harmonicMeanSpeed="-1.00" length="-1.00" nVehEntered="0"/>
    <interval begin="10400.00" end="10500.00" id="inductionLoop.S2" nVehContrib="0" flow="0.00" occupancy="0.00" speed="-1.00" harmonicMeanSpeed="-1.00" length="-1.00" nVehEntered="0"/>
    <interval begin="10500.00" end="10600.00" id="inductionLoop.S2" nVehContrib="1" flow="36.00" occupancy="1.27" speed="3.94" harmonicMeanSpeed="3.94" length="5.00" nVehEntered="1"/>
    <interval begin="10600.00" end="10700.00" id="inductionLoop.S2" nVehContrib="2" flow="72.00" occupancy="1.57" speed="8.90" harmonicMeanSpeed="6.37" length="5.00" nVehEntered="2"/>
    <interval begin="10700.00" end="10800.00" id="inductionLoop.S2" nVehContrib="1" flow="36.00" occupancy="0.44" speed="11.31" harmonicMeanSpeed="11.31" length="5.00" nVehEntered="1"/>
    <interval begin="10800.00" end="10900.00" id="inductionLoop.S2" nVehContrib="1" flow="36.00" occupancy="0.39" speed="12.94" harmonicMeanSpeed="12.94" length="5.00" nVehEntered="1"/>
    <interval begin="10900.00" end="11000.00" id="inductionLoop.S2" nVehContrib="0" flow="0.00" occupancy="0.00" speed="-1.00" harmonicMeanSpeed="-1.00" length="-1.00" nVehEntered="0"/>
    <interval begin="11000.00" end="11100.00" id="inductionLoop.S2" nVehContrib="1" flow="36.00" occupancy="1.20" speed="4.17" harmonicMeanSpeed="4.17" length="5.00" nVehEntered="1"/>
    <interval begin="11100.00" end="11200.00" id="inductionLoop.S2" nVehContrib="1" flow="36.00" occupancy="0.34" speed="14.86" harmonicMeanSpeed="14.86" length="5.00" nVehEntered="1"/>
    <interval begin="11200.00" end="11300.00" id="inductionLoop.S2" nVehContrib="1" flow="36.00" occupancy="0.36" speed="13.83" harmonicMeanSpeed="13.83" length="5.00" nVehEntered="1"/>
    <interval begin="11300.00" end="11400.00" id="inductionLoop.S2" nVehContrib="0" flow="0.00" occupancy="0.00" speed="-1.00" harmonicMeanSpeed="-1.00" length="-1.00" nVehEntered="0"/>
    <interval begin="11400.00" end="11500.00" id="inductionLoop.S2" nVehContrib="0" flow="0.00" occupancy="0.00" speed="-1.00" harmonicMeanSpeed="-1.00" length="-1.00" nVehEntered="0"/>
    <interval begin="11500.00" end="11600.00" id="inductionLoop.S2" nVehContrib="3" flow="108.00" occupancy="2.61" speed="7.51" harmonicMeanSpeed="5.75" length="5.00" nVehEntered="3"/>
    <interval begin="11600.00" end="11700.00" id="inductionLoop.S2" nVehContrib="1" flow="36.00" occupancy="0.35" speed="14.24" harmonicMeanSpeed="14.24" length="5.00" nVehEntered="1"/>
    <interval begin="11700.00" end="11800.00" id="inductionLoop.S2" nVehContrib="2" flow="72.00" occupancy="1.56" speed="9.28" harmonicMeanSpeed="6.42" length="5.00" nVehEntered="2"/>
    <interval begin="11800.00" end="11900.00" id="inductionLoop.S2" nVehContrib="0" flow="0.00" occupancy="0.00" speed="-1.00" harmonicMeanSpeed="-1.00" length="-1.00" nVehEntered="0"/>
    <interval begin="11900.00" end="12000.00" id="inductionLoop.S2" nVehContrib="3" flow="108.00" occupancy="1.21" speed="12.37" harmonicMeanSpeed="12.37" length="5.00" nVehEntered="3"/>
    <interval begin="12000.00" end="12100.00" id="inductionLoop.S2" nVehContrib="2" flow="72.00" occupancy="0.74" speed="13.64" harmonicMeanSpeed="13.60" length="5.00" nVehEntered="2"/>
    <interval begin="12100.00" end="12200.00" id="inductionLoop.S2" nVehContrib="0" flow="0.00" occupancy="0.00" speed="-1.00" harmonicMeanSpeed="-1.00" length="-1.00" nVehEntered="0"/>
    <interval begin="12200.00" end="12300.00" id="inductionLoop.S2" nVehContrib="1" flow="36.00" occupancy="1.11" speed="4.51" harmonicMeanSpeed="4.51" length="5.00" nVehEntered="1"/>
    <interval begin="12300.00" end="12400.00" id="inductionLoop.S2" nVehContrib="0" flow="0.00" occupancy="0.00" speed="-1.00" harmonicMeanSpeed="-1.00" length="-1.00" nVehEntered="0"/>
    <interval begin="12400.00" end="12500.00" id="inductionLoop.S2" nVehContrib="4" flow="144.00" occupancy="2.15" speed="11.71" harmonicMeanSpeed="9.31" length="5.00" nVehEntered="4"/>
    <interval begin="12500.00" end="12600.00" id="inductionLoop.S2" nVehContrib="3" flow="108.00" occupancy="2.08" speed="10.58" harmonicMeanSpeed="7.22" length="5.00" nVehEntered="3"/>
    <interval begin="12600.00" end="12700.00" id="inductionLoop.S2" nVehContrib="3" flow="108.00" occupancy="1.23" speed="12.32" harmonicMeanSpeed="12.23" length="5.00" nVehEntered="3"/>
    <interval begin="12700.00" end="12800.00" id="inductionLoop.S2" nVehContrib="6" flow="216.00" occupancy="3.06" speed="11.39" harmonicMeanSpeed="9.79" length="5.00" nVehEntered="6"/>
    <interval begin="12800.00" end="12900.00" id="inductionLoop.S2" nVehContrib="2" flow="72.00" occupancy="2.25" speed="4.50" harmonicMeanSpeed="4.45" length="5.00" nVehEntered="2"/>
    <interval begin="12900.00" end="13000.00" id="inductionLoop.S2" nVehContrib="1" flow="36.00" occupancy="0.35" speed="14.16" harmonicMeanSpeed="14.16" length="5.00" nVehEntered="1"/>
    <interval begin="13000.00" end="13100.00" id="inductionLoop.S2" nVehContrib="1" flow="36.00" occupancy="0.78" speed="12.15" harmonicMeanSpeed="12.15" length="5.00" nVehEntered="2"/>
    <interval begin="13100.00" end="13200.00" id="inductionLoop.S2" nVehContrib="3" flow="108.00" occupancy="1.07" speed="14.09" harmonicMeanSpeed="14.06" length="5.00" nVehEntered="3"/>
    <interval begin="13200.00" end="13300.00" id="inductionLoop.S2" nVehContrib="1" flow="36.00" occupancy="0.37" speed="13.40" harmonicMeanSpeed="13.40" length="5.00" nVehEntered="1"/>
    <interval begin="13300.00" end="13400.00" id="inductionLoop.S2" nVehContrib="1" flow="36.00" occupancy="0.35" speed="14.26" harmonicMeanSpeed="14.26" length="5.00" nVehEntered="1"/>
    <interval begin="13400.00" end="13500.00" id="inductionLoop.S2" nVehContrib="1" flow="36.00" occupancy="0.36" speed="14.05" harmonicMeanSpeed="14.05" length="5.00" nVehEntered="1"/>
    <interval begin="13500.00" end="13600.00" id="inductionLoop.S2" nVehContrib="1" flow="36.00" occupancy="1.37" speed="3.65" harmonicMeanSpeed="3.65" length="5.00" nVehEntered="1"/>
    <interval begin="13600.00" end="13700.00" id="inductionLoop.S2" nVehContrib="2" flow="72.00" occupancy="0.97" speed="10.50" harmonicMeanSpeed="10.29" length="5.00" nVehEntered="2"/>
    <interval begin="13700.00" end="13800.00" id="inductionLoop.S2" nVehContrib="0" flow="0.00" occupancy="0.00" speed="-1.00" harmonicMeanSpeed="-1.00" length="-1.00" nVehEntered="0"/>
    <interval begin="13800.00" end="13900.00" id="inductionLoop.S2" nVehContrib="0" flow="0.00" occupancy="0.04" speed="-1.00" harmonicMeanSpeed="-1.00" length="-1.00" nVehEntered="1"/>
    <interval begin="13900.00" end="14000.00" id="inductionLoop.S2" nVehContrib="1" flow="36.00" occupancy="0.37" speed="13.65" harmonicMeanSpeed="13.65" length="5.00" nVehEntered="1"/>
    <interval begin="14000.00" end="14100.00" id="inductionLoop.S2" nVehContrib="1" flow="36.00" occupancy="0.39" speed="12.88" harmonicMeanSpeed="12.88" length="5.00" nVehEntered="1"/>
    <interval begin="14100.00" end="14200.00" id="inductionLoop.S2" nVehContrib="3" flow="108.00" occupancy="2.86" speed="7.13" harmonicMeanSpeed="5.25" length="5.00" nVehEntered="3"/>
    <interval begin="14200.00" end="14300.00" id="inductionLoop.S2" nVehContrib="3" flow="108.00" occupancy="2.31" speed="10.07" harmonicMeanSpeed="7.57" length="5.00" nVehEntered="4"/>
    <interval begin="14300.00" end="14400.00" id="inductionLoop.S2" nVehContrib="0" flow="0.00" occupancy="0.00" speed="-1.00" harmonicMeanSpeed="-1.00" length="-1.00" nVehEntered="0"/>
    <interval begin="14400.00" end="14500.00" id="inductionLoop.S2" nVehContrib="2" flow="72.00" occupancy="1.62" speed="7.47" harmonicMeanSpeed="6.19" length="5.00" nVehEntered="2"/>
    <interval begin="14500.00" end="14600.00" id="inductionLoop.S2" nVehContrib="1" flow="36.00" occupancy="0.39" speed="12.92" harmonicMeanSpeed="12.92" length="5.00" nVehEntered="1"/>
    <interval begin="14600.00" end="14700.00" id="inductionLoop.S2" nVehContrib="2" flow="72.00" occupancy="1.45" speed="8.71" harmonicMeanSpeed="6.90" length="5.00" nVehEntered="2"/>
    <interval begin="14700.00" end="14800.00" id="inductionLoop.S2" nVehContrib="1" flow="36.00" occupancy="1.39" speed="3.59" harmonicMeanSpeed="3.59" length="5.00" nVehEntered="1"/>
    <interval begin="14800.00" end="14900.00" id="inductionLoop.S2" nVehContrib="2" flow="72.00" occupancy="0.69" speed="14.58" harmonicMeanSpeed="14.58" length="5.00" nVehEntered="2"/>
    <interval begin="14900.00" end="15000.00" id="inductionLoop.S2" nVehContrib="6" flow="216.00" occupancy="3.75" speed="10.23" harmonicMeanSpeed="8.00" length="5.00" nVehEntered="6"/>
    <interval begin="15000.00" end="15100.00" id="inductionLoop.S2" nVehContrib="2" flow="72.00" occupancy="1.93" speed="7.47" harmonicMeanSpeed="6.03" length="5.00" nVehEntered="3"/>
    <interval begin="15100.00" end="15200.00" id="inductionLoop.S2" nVehContrib="2" flow="72.00" occupancy="0.52" speed="12.65" harmonicMeanSpeed="12.63" length="5.00" nVehEntered="1"/>
    <interval begin="15200.00" end="15300.00" id="inductionLoop.S2" nVehContrib="2" flow="72.00" occupancy="0.87" speed="11.87" harmonicMeanSpeed="11.54" length="5.00" nVehEntered="2"/>
    <interval begin="15300.00" end="15400.00" id="inductionLoop.S2" nVehContrib="3" flow="108.00" occupancy="1.18" speed="12.88" harmonicMeanSpeed="12.68" length="5.00" nVehEntered="3"/>
    <interval begin="15400.00" end="15500.00" id="inductionLoop.S2" nVehContrib="2" flow="72.00" occupancy="2.15" speed="4.65" harmonicMeanSpeed="4.65" length="5.00" nVehEntered="2"/>
    <interval begin="15500.00" end="15600.00" id="inductionLoop.S2" nVehContrib="0" flow="0.00" occupancy="0.00" speed="-1.00" harmonicMeanSpeed="-1.00" length="-1.00" nVehEntered="0"/>
    <interval begin="15600.00" end="15700.00" id="inductionLoop.S2" nVehContrib="1" flow="36.00" occupancy="0.33" speed="15.26" harmonicMeanSpeed="15.26" length="5.00" nVehEntered="1"/>
    <interval begin="15700.00" end="15800.00" id="inductionLoop.S2" nVehContrib="2" flow="72.00" occupancy="1.57" speed="8.35" harmonicMeanSpeed="6.36" length="5.00" nVehEntered="2"/>
    <interval begin="15800.00" end="15900.00" id="inductionLoop.S2" nVehContrib="2" flow="72.00" occupancy="0.79" speed="12.60" harmonicMeanSpeed="12.60" length="5.00" nVehEntered="2"/>
    <interval begin="15900.00" end="16000.00" id="inductionLoop.S2" nVehContrib="1" flow="36.00" occupancy="0.58" speed="13.40" harmonicMeanSpeed="13.40" length="5.00" nVehEntered="2"/>
    <interval begin="16000.00" end="16100.00" id="inductionLoop.S2" nVehContrib="4" flow="144.00" occupancy="1.89" speed="10.93" harmonicMeanSpeed="10.59" length="5.00" nVehEntered="4"/>
    <interval begin="16100.00" end="16200.00" id="inductionLoop.S2" nVehContrib="6" flow="216.00" occupancy="5.02" speed="9.17" harmonicMeanSpeed="7.43" length="5.00" nVehEntered="8"/>
    <interval begin="16200.00" end="16300.00" id="inductionLoop.S2" nVehContrib="2" flow="72.00" occupancy="1.67" speed="8.91" harmonicMeanSpeed="5.98" length="5.00" nVehEntered="2"/>
    <interval begin="16300.00" end="16400.00" id="inductionLoop.S2" nVehContrib="7" flow="252.00" occupancy="5.26" speed="8.50" harmonicMeanSpeed="6.65" length="5.00" nVehEntered="7"/>
    <interval begin="16400.00" end="16500.00" id="inductionLoop.S2" nVehContrib="3" flow="108.00" occupancy="2.74" speed="7.20" harmonicMeanSpeed="5.47" length="5.00" nVehEntered="3"/>
    <interval begin="16500.00" end="16600.00" id="inductionLoop.S2" nVehContrib="5" flow="180.00" occupancy="3.91" speed="8.57" harmonicMeanSpeed="6.40" length="5.00" nVehEntered="5"/>
    <interval begin="16600.00" end="16700.00" id="inductionLoop.S2" nVehContrib="1" flow="36.00" occupancy="1.14" speed="4.39" harmonicMeanSpeed="4.39" length="5.00" nVehEntered="1"/>
    <interval begin="16700.00" end="16800.00" id="inductionLoop.S2" nVehContrib="3" flow="108.00" occupancy="1.19" speed="12.63" harmonicMeanSpeed="12.57" length="5.00" nVehEntered="3"/>
    <interval begin="16800.00" end="16900.00" id="inductionLoop.S2" nVehContrib="3" flow="108.00" occupancy="5.48" speed="7.56" harmonicMeanSpeed="4.31" length="5.00" nVehEntered="4"/>
    <interval begin="16900.00" end="17000.00" id="inductionLoop.S2" nVehContrib="2" flow="72.00" occupancy="1.77" speed="8.45" harmonicMeanSpeed="6.22" length="5.00" nVehEntered="3"/>
    <interval begin="17000.00" end="17100.00" id="inductionLoop.S2" nVehContrib="3" flow="108.00" occupancy="1.19" speed="12.66" harmonicMeanSpeed="12.56" length="5.00" nVehEntered="3"/>
    <interval begin="17100.00" end="17200.00" id="inductionLoop.S2" nVehContrib="0" flow="0.00" occupancy="0.17" speed="-1.00" harmonicMeanSpeed="-1.00" length="-1.00" nVehEntered="1"/>
    <interval begin="17200.00" end="17300.00" id="inductionLoop.S2" nVehContrib="1" flow="36.00" occupancy="0.43" speed="11.74" harmonicMeanSpeed="11.74" length="5.00" nVehEntered="1"/>
    <interval begin="17300.00" end="17400.00" id="inductionLoop.S2" nVehContrib="3" flow="108.00" occupancy="1.26" speed="13.21" harmonicMeanSpeed="13.11" length="5.00" nVehEntered="4"/>
    <interval begin="17400.00" end="17500.00" id="inductionLoop.S2" nVehContrib="2" flow="72.00" occupancy="1.60" speed="8.35" harmonicMeanSpeed="6.25" length="5.00" nVehEntered="2"/>
    <interval begin="17500.00" end="17600.00" id="inductionLoop.S2" nVehContrib="4" flow="144.00" occupancy="4.09" speed="6.32" harmonicMeanSpeed="5.28" length="5.00" nVehEntered="5"/>
    <interval begin="17600.00" end="17700.00" id="inductionLoop.S2" nVehContrib="2" flow="72.00" occupancy="0.99" speed="10.52" harmonicMeanSpeed="10.14" length="5.00" nVehEntered="2"/>
    <interval begin="17700.00" end="17800.00" id="inductionLoop.S2" nVehContrib="5" flow="180.00" occupancy="2.99" speed="10.60" harmonicMeanSpeed="8.35" length="5.00" nVehEntered="5"/>
    <interval begin="17800.00" end="17900.00" id="inductionLoop.S2" nVehContrib="1" flow="36.00" occupancy="0.37" speed="13.53" harmonicMeanSpeed="13.53" length="5.00" nVehEntered="1"/>
    <interval begin="17900.00" end="18000.00" id="inductionLoop.S2" nVehContrib="4" flow="144.00" occupancy="3.03" speed="7.98" harmonicMeanSpeed="6.60" length="5.00" nVehEntered="4"/>
    <interval begin="18000.00" end="18100.00" id="inductionLoop.S2" nVehContrib="3" flow="108.00" occupancy="1.35" speed="11.40" harmonicMeanSpeed="11.15" length="5.00" nVehEntered="3"/>
    <interval begin="18100.00" end="18200.00" id="inductionLoop.S2" nVehContrib="6" flow="216.00" occupancy="3.76" speed="9.47" harmonicMeanSpeed="7.98" length="5.00" nVehEntered="6"/>
    <interval begin="18200.00" end="18300.00" id="inductionLoop.S2" nVehContrib="5" flow="180.00" occupancy="2.35" speed="12.07" harmonicMeanSpeed="11.59" length="5.00" nVehEntered="6"/>
    <interval begin="18300.00" end="18400.00" id="inductionLoop.S2" nVehContrib="2" flow="72.00" occupancy="1.49" speed="8.23" harmonicMeanSpeed="6.73" length="5.00" nVehEntered="2"/>
    <interval begin="18400.00" end="18500.00" id="inductionLoop.S2" nVehContrib="2" flow="72.00" occupancy="1.56" speed="8.02" harmonicMeanSpeed="6.40" length="5.00" nVehEntered="2"/>
    <interval begin="18500.00" end="18600.00" id="inductionLoop.S2" nVehContrib="1" flow="36.00" occupancy="0.37" speed="13.45" harmonicMeanSpeed="13.45" length="5.00" nVehEntered="1"/>
    <interval begin="18600.00" end="18700.00" id="inductionLoop.S2" nVehContrib="4" flow="144.00" occupancy="2.35" speed="10.06" harmonicMeanSpeed="8.52" length="5.00" nVehEntered="4"/>
    <interval begin="18700.00" end="18800.00" id="inductionLoop.S2" nVehContrib="3" flow="108.00" occupancy="2.24" speed="8.25" harmonicMeanSpeed="6.71" length="5.00" nVehEntered="3"/>
    <interval begin="18800.00" end="18900.00" id="inductionLoop.S2" nVehContrib="4" flow="144.00" occupancy="2.73" speed="9.58" harmonicMeanSpeed="7.33" length="5.00" nVehEntered="4"/>
    <interval begin="18900.00" end="19000.00" id="inductionLoop.S2" nVehContrib="8" flow="288.00" occupancy="12.31" speed="7.01" harmonicMeanSpeed="3.29" length="5.00" nVehEntered="9"/>
    <interval begin="19000.00" end="19100.00" id="inductionLoop.S2" nVehContrib="2" flow="72.00" occupancy="0.76" speed="13.12" harmonicMeanSpeed="13.12" length="5.00" nVehEntered="2"/>
    <interval begin="19100.00" end="19200.00" id="inductionLoop.S2" nVehContrib="1" flow="36.00" occupancy="1.00" speed="4.99" harmonicMeanSpeed="4.99" length="5.00" nVehEntered="1"/>
    <interval begin="19200.00" end="19300.00" id="inductionLoop.S2" nVehContrib="3" flow="108.00" occupancy="2.89" speed="6.88" harmonicMeanSpeed="5.19" length="5.00" nVehEntered="3"/>
    <interval begin="19300.00" end="19400.00" id="inductionLoop.S2" nVehContrib="3" flow="108.00" occupancy="1.21" speed="12.52" harmonicMeanSpeed="12.43" length="5.00" nVehEntered="3"/>
    <interval begin="19400.00" end="19500.00" id="inductionLoop.S2" nVehContrib="2" flow="72.00" occupancy="0.77" speed="12.92" harmonicMeanSpeed="12.91" length="5.00" nVehEntered="2"/>
    <interval begin="19500.00" end="19600.00" id="inductionLoop.S2" nVehContrib="4" flow="144.00" occupancy="1.72" speed="11.69" harmonicMeanSpeed="11.65" length="5.00" nVehEntered="4"/>
    <interval begin="19600.00" end="19700.00" id="inductionLoop.S2" nVehContrib="5" flow="180.00" occupancy="2.89" speed="10.45" harmonicMeanSpeed="8.64" length="5.00" nVehEntered="5"/>
    <interval begin="19700.00" end="19800.00" id="inductionLoop.S2" nVehContrib="4" flow="144.00" occupancy="2.01" speed="10.37" harmonicMeanSpeed="9.94" length="5.00" nVehEntered="4"/>
    <interval begin="19800.00" end="19900.00" id="inductionLoop.S2" nVehContrib="6" flow="216.00" occupancy="4.58" speed="8.63" harmonicMeanSpeed="6.81" length="5.00" nVehEntered="7"/>
    <interval begin="19900.00" end="20000.00" id="inductionLoop.S2" nVehContrib="3" flow="108.00" occupancy="1.18" speed="12.92" harmonicMeanSpeed="12.74" length="5.00" nVehEntered="3"/>
    <interval begin="20000.00" end="20100.00" id="inductionLoop.S2" nVehContrib="6" flow="216.00" occupancy="4.50" speed="9.15" harmonicMeanSpeed="6.66" length="5.00" nVehEntered="6"/>
    <interval begin="20100.00" end="20200.00" id="inductionLoop.S2" nVehContrib="6" flow="216.00" occupancy="4.59" speed="9.71" harmonicMeanSpeed="6.97" length="5.00" nVehEntered="7"/>
    <interval begin="20200.00" end="20300.00" id="inductionLoop.S2" nVehContrib="2" flow="72.00" occupancy="1.73" speed="8.10" harmonicMeanSpeed="5.77" length="5.00" nVehEntered="2"/>
    <interval begin="20300.00" end="20400.00" id="inductionLoop.S2" nVehContrib="6" flow="216.00" occupancy="3.61" speed="10.12" harmonicMeanSpeed="8.30" length="5.00" nVehEntered="6"/>
    <interval begin="20400.00" end="20500.00" id="inductionLoop.S2" nVehContrib="9" flow="324.00" occupancy="5.68" speed="9.69" harmonicMeanSpeed="8.75" length="5.00" nVehEntered="10"/>
    <interval begin="20500.00" end="20600.00" id="inductionLoop.S2" nVehContrib="6" flow="216.00" occupancy="7.30" speed="6.74" harmonicMeanSpeed="4.23" length="5.00" nVehEntered="7"/>
    <interval begin="20600.00" end="20700.00" id="inductionLoop.S2" nVehContrib="9" flow="324.00" occupancy="4.69" speed="11.57" harmonicMeanSpeed="9.80" length="5.00" nVehEntered="10"/>
    <interval begin="20700.00" end="20800.00" id="inductionLoop.S2" nVehContrib="6" flow="216.00" occupancy="5.48" speed="8.01" harmonicMeanSpeed="6.09" length="5.00" nVehEntered="8"/>
    <interval begin="20800.00" end="20900.00" id="inductionLoop.S2" nVehContrib="9" flow="324.00" occupancy="18.35" speed="8.72" harmonicMeanSpeed="6.52" length="5.00" nVehEntered="10"/>
    <interval begin="20900.00" end="21000.00" id="inductionLoop.S2" nVehContrib="11" flow="396.00" occupancy="24.94" speed="4.73" harmonicMeanSpeed="1.51" length="5.00" nVehEntered="10"/>
    <interval begin="21000.00" end="21100.00" id="inductionLoop.S2" nVehContrib="6" flow="216.00" occupancy="9.02" speed="7.73" harmonicMeanSpeed="3.32" length="5.00" nVehEntered="6"/>
    <interval begin="21100.00" end="21200.00" id="inductionLoop.S2" nVehContrib="5" flow="180.00" occupancy="2.74" speed="10.45" harmonicMeanSpeed="10.36" length="5.00" nVehEntered="6"/>
    <interval begin="21200.00" end="21300.00" id="inductionLoop.S2" nVehContrib="9" flow="324.00" occupancy="4.33" speed="10.74" harmonicMeanSpeed="10.39" length="5.00" nVehEntered="9"/>
    <interval begin="21300.00" end="21400.00" id="inductionLoop.S2" nVehContrib="5" flow="180.00" occupancy="3.40" speed="9.81" harmonicMeanSpeed="7.36" length="5.00" nVehEntered="5"/>
    <interval begin="21400.00" end="21500.00" id="inductionLoop.S2" nVehContrib="9" flow="324.00" occupancy="6.36" speed="9.74" harmonicMeanSpeed="8.24" length="5.00" nVehEntered="11"/>
    <interval begin="21500.00" end="21600.00" id="inductionLoop.S2" nVehContrib="7" flow="252.00" occupancy="12.40" speed="6.68" harmonicMeanSpeed="3.01" length="5.00" nVehEntered="9"/>
    <interval begin="21600.00" end="21700.00" id="inductionLoop.S2" nVehContrib="10" flow="360.00" occupancy="6.38" speed="10.18" harmonicMeanSpeed="8.73" length="5.00" nVehEntered="11"/>
    <interval begin="21700.00" end="21800.00" id="inductionLoop.S2" nVehContrib="13" flow="468.00" occupancy="15.06" speed="7.86" harmonicMeanSpeed="4.71" length="5.00" nVehEntered="16"/>
    <interval begin="21800.00" end="21900.00" id="inductionLoop.S2" nVehContrib="7" flow="252.00" occupancy="24.60" speed="1.46" harmonicMeanSpeed="1.42" length="5.00" nVehEntered="7"/>
    <interval begin="21900.00" end="22000.00" id="inductionLoop.S2" nVehContrib="8" flow="288.00" occupancy="9.22" speed="8.05" harmonicMeanSpeed="4.97" length="5.00" nVehEntered="11"/>
    <interval begin="22000.00" end="22100.00" id="inductionLoop.S2" nVehContrib="7" flow="252.00" occupancy="5.14" speed="8.88" harmonicMeanSpeed="6.45" length="5.00" nVehEntered="6"/>
    <interval begin="22100.00" end="22200.00" id="inductionLoop.S2" nVehContrib="10" flow="360.00" occupancy="6.46" speed="10.12" harmonicMeanSpeed="8.14" length="5.00" nVehEntered="12"/>
    <interval begin="22200.00" end="22300.00" id="inductionLoop.S2" nVehContrib="8" flow="288.00" occupancy="4.87" speed="10.05" harmonicMeanSpeed="8.22" length="5.00" nVehEntered="8"/>
    <interval begin="22300.00" end="22400.00" id="inductionLoop.S2" nVehContrib="10" flow="360.00" occupancy="4.51" speed="11.45" harmonicMeanSpeed="11.08" length="5.00" nVehEntered="10"/>
    <interval begin="22400.00" end="22500.00" id="inductionLoop.S2" nVehContrib="3" flow="108.00" occupancy="2.17" speed="11.45" harmonicMeanSpeed="10.90" length="5.00" nVehEntered="5"/>
    <interval begin="22500.00" end="22600.00" id="inductionLoop.S2" nVehContrib="10" flow="360.00" occupancy="4.99" speed="10.25" harmonicMeanSpeed="10.01" length="5.00" nVehEntered="10"/>
    <interval begin="22600.00" end="22700.00" id="inductionLoop.S2" nVehContrib="6" flow="216.00" occupancy="2.78" speed="12.32" harmonicMeanSpeed="12.05" length="5.00" nVehEntered="7"/>
    <interval begin="22700.00" end="22800.00" id="inductionLoop.S2" nVehContrib="7" flow="252.00" occupancy="19.38" speed="7.33" harmonicMeanSpeed="1.81" length="5.00" nVehEntered="7"/>
    <interval begin="22800.00" end="22900.00" id="inductionLoop.S2" nVehContrib="4" flow="144.00" occupancy="1.66" speed="12.18" harmonicMeanSpeed="12.04" length="5.00" nVehEntered="4"/>
    <interval begin="22900.00" end="23000.00" id="inductionLoop.S2" nVehContrib="8" flow="288.00" occupancy="3.91" speed="10.72" harmonicMeanSpeed="10.22" length="5.00" nVehEntered="8"/>
    <interval begin="23000.00" end="23100.00" id="inductionLoop.S2" nVehContrib="9" flow="324.00" occupancy="9.28" speed="8.19" harmonicMeanSpeed="4.85" length="5.00" nVehEntered="9"/>
    <interval begin="23100.00" end="23200.00" id="inductionLoop.S2" nVehContrib="7" flow="252.00" occupancy="3.16" speed="11.40" harmonicMeanSpeed="11.09" length="5.00" nVehEntered="7"/>
    <interval begin="23200.00" end="23300.00" id="inductionLoop.S2" nVehContrib="9" flow="324.00" occupancy="6.31" speed="10.44" harmonicMeanSpeed="7.14" length="5.00" nVehEntered="9"/>
    <interval begin="23300.00" end="23400.00" id="inductionLoop.S2" nVehContrib="7" flow="252.00" occupancy="20.99" speed="9.14" harmonicMeanSpeed="1.68" length="5.00" nVehEntered="8"/>
    <interval begin="23400.00" end="23500.00" id="inductionLoop.S2" nVehContrib="9" flow="324.00" occupancy="24.80" speed="6.90" harmonicMeanSpeed="1.89" length="5.00" nVehEntered="10"/>
    <interval begin="23500.00" end="23600.00" id="inductionLoop.S2" nVehContrib="9" flow="324.00" occupancy="28.82" speed="6.15" harmonicMeanSpeed="1.56" length="5.00" nVehEntered="9"/>
    <interval begin="23600.00" end="23700.00" id="inductionLoop.S2" nVehContrib="9" flow="324.00" occupancy="20.44" speed="6.59" harmonicMeanSpeed="2.29" length="5.00" nVehEntered="12"/>
    <interval begin="23700.00" end="23800.00" id="inductionLoop.S2" nVehContrib="6" flow="216.00" occupancy="23.32" speed="7.33" harmonicMeanSpeed="1.30" length="5.00" nVehEntered="7"/>
    <interval begin="23800.00" end="23900.00" id="inductionLoop.S2" nVehContrib="6" flow="216.00" occupancy="3.91" speed="8.94" harmonicMeanSpeed="7.67" length="5.00" nVehEntered="6"/>
    <interval begin="23900.00" end="24000.00" id="inductionLoop.S2" nVehContrib="7" flow="252.00" occupancy="6.32" speed="9.65" harmonicMeanSpeed="6.63" length="5.00" nVehEntered="9"/>
    <interval begin="24000.00" end="24100.00" id="inductionLoop.S2" nVehContrib="10" flow="360.00" occupancy="12.60" speed="9.12" harmonicMeanSpeed="3.97" length="5.00" nVehEntered="10"/>
    <interval begin="24100.00" end="24200.00" id="inductionLoop.S2" nVehContrib="7" flow="252.00" occupancy="5.85" speed="8.06" harmonicMeanSpeed="7.37" length="5.00" nVehEntered="10"/>
    <interval begin="24200.00" end="24300.00" id="inductionLoop.S2" nVehContrib="5" flow="180.00" occupancy="15.09" speed="1.72" harmonicMeanSpeed="1.66" length="5.00" nVehEntered="5"/>
    <interval begin="24300.00" end="24400.00" id="inductionLoop.S2" nVehContrib="6" flow="216.00" occupancy="10.02" speed="3.57" harmonicMeanSpeed="2.99" length="5.00" nVehEntered="6"/>
    <interval begin="24400.00" end="24500.00" id="inductionLoop.S2" nVehContrib="9" flow="324.00" occupancy="4.54" speed="10.29" harmonicMeanSpeed="9.92" length="5.00" nVehEntered="9"/>
    <interval begin="24500.00" end="24600.00" id="inductionLoop.S2" nVehContrib="5" flow="180.00" occupancy="2.79" speed="10.56" harmonicMeanSpeed="8.96" length="5.00" nVehEntered="5"/>
    <interval begin="24600.00" end="24700.00" id="inductionLoop.S2" nVehContrib="10" flow="360.00" occupancy="7.98" speed="9.28" harmonicMeanSpeed="6.53" length="5.00" nVehEntered="11"/>
    <interval begin="24700.00" end="24800.00" id="inductionLoop.S2" nVehContrib="8" flow="288.00" occupancy="14.15" speed="7.10" harmonicMeanSpeed="2.83" length="5.00" nVehEntered="8"/>
    <interval begin="24800.00" end="24900.00" id="inductionLoop.S2" nVehContrib="11" flow="396.00" occupancy="8.87" speed="8.08" harmonicMeanSpeed="6.43" length="5.00" nVehEntered="13"/>
    <interval begin="24900.00" end="25000.00" id="inductionLoop.S2" nVehContrib="13" flow="468.00" occupancy="14.66" speed="7.09" harmonicMeanSpeed="4.61" length="5.00" nVehEntered="13"/>
    <interval begin="25000.00" end="25100.00" id="inductionLoop.S2" nVehContrib="8" flow="288.00" occupancy="46.58" speed="5.72" harmonicMeanSpeed="0.86" length="5.00" nVehEntered="8"/>
    <interval begin="25100.00" end="25200.00" id="inductionLoop.S2" nVehContrib="9" flow="324.00" occupancy="36.59" speed="7.20" harmonicMeanSpeed="1.24" length="5.00" nVehEntered="10"/>
    <interval begin="25200.00" end="25300.00" id="inductionLoop.S2" nVehContrib="10" flow="360.00" occupancy="6.77" speed="10.81" harmonicMeanSpeed="10.22" length="5.00" nVehEntered="12"/>
    <interval begin="25300.00" end="25400.00" id="inductionLoop.S2" nVehContrib="7" flow="252.00" occupancy="13.57" speed="7.18" harmonicMeanSpeed="2.58" length="5.00" nVehEntered="7"/>
    <interval begin="25400.00" end="25500.00" id="inductionLoop.S2" nVehContrib="10" flow="360.00" occupancy="35.97" speed="8.69" harmonicMeanSpeed="1.66" length="5.00" nVehEntered="11"/>
    <interval begin="25500.00" end="25600.00" id="inductionLoop.S2" nVehContrib="13" flow="468.00" occupancy="60.85" speed="5.25" harmonicMeanSpeed="0.98" length="5.00" nVehEntered="12"/>
    <interval begin="25600.00" end="25700.00" id="inductionLoop.S2" nVehContrib="6" flow="216.00" occupancy="54.95" speed="7.47" harmonicMeanSpeed="4.39" length="5.00" nVehEntered="8"/>
    <interval begin="25700.00" end="25800.00" id="inductionLoop.S2" nVehContrib="11" flow="396.00" occupancy="8.11" speed="9.04" harmonicMeanSpeed="0.99" length="5.00" nVehEntered="11"/>
    <interval begin="25800.00" end="25900.00" id="inductionLoop.S2" nVehContrib="7" flow="252.00" occupancy="12.38" speed="4.94" harmonicMeanSpeed="2.88" length="5.00" nVehEntered="8"/>
    <interval begin="25900.00" end="26000.00" id="inductionLoop.S2" nVehContrib="9" flow="324.00" occupancy="8.48" speed="7.33" harmonicMeanSpeed="5.79" length="5.00" nVehEntered="10"/>
    <interval begin="26000.00" end="26100.00" id="inductionLoop.S2" nVehContrib="6" flow="216.00" occupancy="5.65" speed="9.21" harmonicMeanSpeed="6.25" length="5.00" nVehEntered="7"/>
    <interval begin="26100.00" end="26200.00" id="inductionLoop.S2" nVehContrib="7" flow="252.00" occupancy="4.03" speed="10.72" harmonicMeanSpeed="10.42" length="5.00" nVehEntered="9"/>
    <interval begin="26200.00" end="26300.00" id="inductionLoop.S2" nVehContrib="6" flow="216.00" occupancy="10.27" speed="6.03" harmonicMeanSpeed="3.32" length="5.00" nVehEntered="7"/>
    <interval begin="26300.00" end="26400.00" id="inductionLoop.S2" nVehContrib="8" flow="288.00" occupancy="5.04" speed="10.01" harmonicMeanSpeed="9.20" length="5.00" nVehEntered="10"/>
    <interval begin="26400.00" end="26500.00" id="inductionLoop.S2" nVehContrib="6" flow="216.00" occupancy="2.90" speed="11.30" harmonicMeanSpeed="10.34" length="5.00" nVehEntered="6"/>
    <interval begin="26500.00" end="26600.00" id="inductionLoop.S2" nVehContrib="10" flow="360.00" occupancy="7.48" speed="10.65" harmonicMeanSpeed="7.51" length="5.00" nVehEntered="11"/>
    <interval begin="26600.00" end="26700.00" id="inductionLoop.S2" nVehContrib="8" flow="288.00" occupancy="9.46" speed="9.41" harmonicMeanSpeed="4.86" length="5.00" nVehEntered="10"/>
    <interval begin="26700.00" end="26800.00" id="inductionLoop.S2" nVehContrib="9" flow="324.00" occupancy="5.34" speed="9.77" harmonicMeanSpeed="8.97" length="5.00" nVehEntered="10"/>
    <interval begin="26800.00" end="26900.00" id="inductionLoop.S2" nVehContrib="3" flow="108.00" occupancy="1.96" speed="13.25" harmonicMeanSpeed="13.10" length="5.00" nVehEntered="6"/>
    <interval begin="26900.00" end="27000.00" id="inductionLoop.S2" nVehContrib="3" flow="108.00" occupancy="1.73" speed="11.31" harmonicMeanSpeed="10.98" length="5.00" nVehEntered="4"/>
    <interval begin="27000.00" end="27100.00" id="inductionLoop.S2" nVehContrib="4" flow="144.00" occupancy="1.91" speed="12.17" harmonicMeanSpeed="12.02" length="5.00" nVehEntered="5"/>
    <interval begin="27100.00" end="27200.00" id="inductionLoop.S2" nVehContrib="5" flow="180.00" occupancy="5.94" speed="6.78" harmonicMeanSpeed="4.99" length="5.00" nVehEntered="6"/>
    <interval begin="27200.00" end="27300.00" id="inductionLoop.S2" nVehContrib="3" flow="108.00" occupancy="3.56" speed="4.67" harmonicMeanSpeed="4.21" length="5.00" nVehEntered="3"/>
    <interval begin="27300.00" end="27400.00" id="inductionLoop.S2" nVehContrib="6" flow="216.00" occupancy="8.83" speed="7.49" harmonicMeanSpeed="4.63" length="5.00" nVehEntered="8"/>
    <interval begin="27400.00" end="27500.00" id="inductionLoop.S2" nVehContrib="8" flow="288.00" occupancy="12.37" speed="4.75" harmonicMeanSpeed="3.24" length="5.00" nVehEntered="9"/>
    <interval begin="27500.00" end="27600.00" id="inductionLoop.S2" nVehContrib="8" flow="288.00" occupancy="7.90" speed="7.25" harmonicMeanSpeed="5.15" length="5.00" nVehEntered="9"/>
    <interval begin="27600.00" end="27700.00" id="inductionLoop.S2" nVehContrib="10" flow="360.00" occupancy="50.98" speed="8.12" harmonicMeanSpeed="0.99" length="5.00" nVehEntered="11"/>
    <interval begin="27700.00" end="27800.00" id="inductionLoop.S2" nVehContrib="12" flow="432.00" occupancy="56.00" speed="4.03" harmonicMeanSpeed="1.10" length="5.00" nVehEntered="13"/>
    <interval begin="27800.00" end="27900.00" id="inductionLoop.S2" nVehContrib="14" flow="504.00" occupancy="50.74" speed="6.56" harmonicMeanSpeed="1.34" length="5.00" nVehEntered="13"/>
    <interval begin="27900.00" end="28000.00" id="inductionLoop.S2" nVehContrib="11" flow="396.00" occupancy="15.78" speed="5.96" harmonicMeanSpeed="3.53" length="5.00" nVehEntered="12"/>
    <interval begin="28000.00" end="28100.00" id="inductionLoop.S2" nVehContrib="7" flow="252.00" occupancy="29.58" speed="7.81" harmonicMeanSpeed="1.22" length="5.00" nVehEntered="8"/>
    <interval begin="28100.00" end="28200.00" id="inductionLoop.S2" nVehContrib="11" flow="396.00" occupancy="24.81" speed="8.01" harmonicMeanSpeed="2.43" length="5.00" nVehEntered="12"/>
    <interval begin="28200.00" end="28300.00" id="inductionLoop.S2" nVehContrib="11" flow="396.00" occupancy="27.42" speed="8.02" harmonicMeanSpeed="2.02" length="5.00" nVehEntered="12"/>
    <interval begin="28300.00" end="28400.00" id="inductionLoop.S2" nVehContrib="13" flow="468.00" occupancy="34.56" speed="8.63" harmonicMeanSpeed="1.98" length="5.00" nVehEntered="16"/>
    <interval begin="28400.00" end="28500.00" id="inductionLoop.S2" nVehContrib="9" flow="324.00" occupancy="18.57" speed="7.63" harmonicMeanSpeed="2.44" length="5.00" nVehEntered="10"/>
    <interval begin="28500.00" end="28600.00" id="inductionLoop.S2" nVehContrib="11" flow="396.00" occupancy="26.36" speed="5.81" harmonicMeanSpeed="2.09" length="5.00" nVehEntered="11"/>
    <interval begin="28600.00" end="28700.00" id="inductionLoop.S2" nVehContrib="10" flow="360.00" occupancy="13.02" speed="4.97" harmonicMeanSpeed="3.84" length="5.00" nVehEntered="10"/>
    <interval begin="28700.00" end="28800.00" id="inductionLoop.S2" nVehContrib="8" flow="288.00" occupancy="6.95" speed="8.28" harmonicMeanSpeed="5.95" length="5.00" nVehEntered="9"/>
    <interval begin="28800.00" end="28900.00" id="inductionLoop.S2" nVehContrib="11" flow="396.00" occupancy="25.80" speed="8.14" harmonicMeanSpeed="2.38" length="5.00" nVehEntered="13"/>
    <interval begin="28900.00" end="29000.00" id="inductionLoop.S2" nVehContrib="9" flow="324.00" occupancy="43.65" speed="1.91" harmonicMeanSpeed="0.98" length="5.00" nVehEntered="8"/>
    <interval begin="29000.00" end="29100.00" id="inductionLoop.S2" nVehContrib="11" flow="396.00" occupancy="9.83" speed="7.93" harmonicMeanSpeed="6.20" length="5.00" nVehEntered="14"/>
    <interval begin="29100.00" end="29200.00" id="inductionLoop.S2" nVehContrib="9" flow="324.00" occupancy="43.67" speed="4.17" harmonicMeanSpeed="1.03" length="5.00" nVehEntered="9"/>
    <interval begin="29200.00" end="29300.00" id="inductionLoop.S2" nVehContrib="6" flow="216.00" occupancy="3.43" speed="9.65" harmonicMeanSpeed="9.45" length="5.00" nVehEntered="7"/>
    <interval begin="29300.00" end="29400.00" id="inductionLoop.S2" nVehContrib="8" flow="288.00" occupancy="7.42" speed="7.87" harmonicMeanSpeed="5.60" length="5.00" nVehEntered="9"/>
    <interval begin="29400.00" end="29500.00" id="inductionLoop.S2" nVehContrib="9" flow="324.00" occupancy="4.10" speed="11.58" harmonicMeanSpeed="10.97" length="5.00" nVehEntered="9"/>
    <interval begin="29500.00" end="29600.00" id="inductionLoop.S2" nVehContrib="8" flow="288.00" occupancy="24.27" speed="7.70" harmonicMeanSpeed="1.67" length="5.00" nVehEntered="9"/>
    <interval begin="29600.00" end="29700.00" id="inductionLoop.S2" nVehContrib="6" flow="216.00" occupancy="4.45" speed="9.15" harmonicMeanSpeed="7.92" length="5.00" nVehEntered="9"/>
    <interval begin="29700.00" end="29800.00" id="inductionLoop.S2" nVehContrib="4" flow="144.00" occupancy="2.17" speed="9.62" harmonicMeanSpeed="9.21" length="5.00" nVehEntered="4"/>
    <interval begin="29800.00" end="29900.00" id="inductionLoop.S2" nVehContrib="1" flow="36.00" occupancy="1.09" speed="4.60" harmonicMeanSpeed="4.60" length="5.00" nVehEntered="1"/>
    <interval begin="29900.00" end="30000.00" id="inductionLoop.S2" nVehContrib="0" flow="0.00" occupancy="0.00" speed="-1.00" harmonicMeanSpeed="-1.00" length="-1.00" nVehEntered="0"/>
    <interval begin="30000.00" end="30100.00" id="inductionLoop.S2" nVehContrib="0" flow="0.00" occupancy="0.00" speed="-1.00" harmonicMeanSpeed="-1.00" length="-1.00" nVehEntered="0"/>
    <interval begin="30100.00" end="30200.00" id="inductionLoop.S2" nVehContrib="3" flow="108.00" occupancy="1.20" speed="12.54" harmonicMeanSpeed="12.45" length="5.00" nVehEntered="3"/>
    <interval begin="30200.00" end="30300.00" id="inductionLoop.S2" nVehContrib="2" flow="72.00" occupancy="1.08" speed="14.14" harmonicMeanSpeed="14.12" length="5.00" nVehEntered="3"/>
    <interval begin="30300.00" end="30400.00" id="inductionLoop.S2" nVehContrib="2" flow="72.00" occupancy="0.87" speed="11.62" harmonicMeanSpeed="11.52" length="5.00" nVehEntered="2"/>
    <interval begin="30400.00" end="30500.00" id="inductionLoop.S2" nVehContrib="2" flow="72.00" occupancy="1.65" speed="7.26" harmonicMeanSpeed="6.07" length="5.00" nVehEntered="2"/>
    <interval begin="30500.00" end="30600.00" id="inductionLoop.S2" nVehContrib="3" flow="108.00" occupancy="3.13" speed="6.22" harmonicMeanSpeed="5.22" length="5.00" nVehEntered="4"/>
    <interval begin="30600.00" end="30700.00" id="inductionLoop.S2" nVehContrib="0" flow="0.00" occupancy="0.00" speed="-1.00" harmonicMeanSpeed="-1.00" length="-1.00" nVehEntered="0"/>
    <interval begin="30700.00" end="30800.00" id="inductionLoop.S2" nVehContrib="0" flow="0.00" occupancy="0.00" speed="-1.00" harmonicMeanSpeed="-1.00" length="-1.00" nVehEntered="0"/>
    <interval begin="30800.00" end="30900.00" id="inductionLoop.S2" nVehContrib="0" flow="0.00" occupancy="0.00" speed="-1.00" harmonicMeanSpeed="-1.00" length="-1.00" nVehEntered="0"/>
    <interval begin="30900.00" end="31000.00" id="inductionLoop.S2" nVehContrib="0" flow="0.00" occupancy="0.00" speed="-1.00" harmonicMeanSpeed="-1.00" length="-1.00" nVehEntered="0"/>
    <interval begin="31000.00" end="31100.00" id="inductionLoop.S2" nVehContrib="2" flow="72.00" occupancy="0.76" speed="13.18" harmonicMeanSpeed="13.17" length="5.00" nVehEntered="2"/>
    <interval begin="31100.00" end="31200.00" id="inductionLoop.S2" nVehContrib="9" flow="324.00" occupancy="5.23" speed="10.19" harmonicMeanSpeed="8.68" length="5.00" nVehEntered="10"/>
    <interval begin="31200.00" end="31300.00" id="inductionLoop.S2" nVehContrib="6" flow="216.00" occupancy="2.68" speed="11.39" harmonicMeanSpeed="11.21" length="5.00" nVehEntered="6"/>
    <interval begin="31300.00" end="31400.00" id="inductionLoop.S2" nVehContrib="11" flow="396.00" occupancy="11.44" speed="9.09" harmonicMeanSpeed="5.82" length="5.00" nVehEntered="12"/>
    <interval begin="31400.00" end="31500.00" id="inductionLoop.S2" nVehContrib="9" flow="324.00" occupancy="10.96" speed="9.51" harmonicMeanSpeed="4.35" length="5.00" nVehEntered="11"/>
    <interval begin="31500.00" end="31600.00" id="inductionLoop.S2" nVehContrib="11" flow="396.00" occupancy="23.12" speed="7.31" harmonicMeanSpeed="2.39" length="5.00" nVehEntered="11"/>
    <interval begin="31600.00" end="31700.00" id="inductionLoop.S2" nVehContrib="2" flow="72.00" occupancy="1.57" speed="8.37" harmonicMeanSpeed="6.38" length="5.00" nVehEntered="2"/>
    <interval begin="31700.00" end="31800.00" id="inductionLoop.S2" nVehContrib="5" flow="180.00" occupancy="3.30" speed="11.06" harmonicMeanSpeed="8.52" length="5.00" nVehEntered="6"/>
    <interval begin="31800.00" end="31900.00" id="inductionLoop.S2" nVehContrib="4" flow="144.00" occupancy="2.31" speed="10.91" harmonicMeanSpeed="8.65" length="5.00" nVehEntered="4"/>
    <interval begin="31900.00" end="32000.00" id="inductionLoop.S2" nVehContrib="3" flow="108.00" occupancy="1.59" speed="9.55" harmonicMeanSpeed="9.44" length="5.00" nVehEntered="3"/>
    <interval begin="32000.00" end="32100.00" id="inductionLoop.S2" nVehContrib="3" flow="108.00" occupancy="1.34" speed="11.23" harmonicMeanSpeed="11.15" length="5.00" nVehEntered="3"/>
    <interval begin="32100.00" end="32200.00" id="inductionLoop.S2" nVehContrib="4" flow="144.00" occupancy="3.26" speed="8.84" harmonicMeanSpeed="6.13" length="5.00" nVehEntered="4"/>
    <interval begin="32200.00" end="32300.00" id="inductionLoop.S2" nVehContrib="2" flow="72.00" occupancy="0.89" speed="11.26" harmonicMeanSpeed="11.24" length="5.00" nVehEntered="2"/>
    <interval begin="32300.00" end="32400.00" id="inductionLoop.S2" nVehContrib="1" flow="36.00" occupancy="0.39" speed="12.98" harmonicMeanSpeed="12.98" length="5.00" nVehEntered="1"/>
    <interval begin="32400.00" end="32500.00" id="inductionLoop.S2" nVehContrib="5" flow="180.00" occupancy="3.61" speed="8.55" harmonicMeanSpeed="7.36" length="5.00" nVehEntered="6"/>
    <interval begin="32500.00" end="32600.00" id="inductionLoop.S2" nVehContrib="9" flow="324.00" occupancy="13.21" speed="8.72" harmonicMeanSpeed="7.20" length="5.00" nVehEntered="11"/>
    <interval begin="32600.00" end="32700.00" id="inductionLoop.S2" nVehContrib="7" flow="252.00" occupancy="12.84" speed="6.29" harmonicMeanSpeed="2.06" length="5.00" nVehEntered="10"/>
    <interval begin="32700.00" end="32800.00" id="inductionLoop.S2" nVehContrib="6" flow="216.00" occupancy="6.20" speed="7.81" harmonicMeanSpeed="4.84" length="5.00" nVehEntered="6"/>
    <interval begin="32800.00" end="32900.00" id="inductionLoop.S2" nVehContrib="1" flow="36.00" occupancy="1.38" speed="3.63" harmonicMeanSpeed="3.63" length="5.00" nVehEntered="1"/>
    <interval begin="32900.00" end="33000.00" id="inductionLoop.S2" nVehContrib="0" flow="0.00" occupancy="0.00" speed="-1.00" harmonicMeanSpeed="-1.00" length="-1.00" nVehEntered="0"/>
    <interval begin="33000.00" end="33100.00" id="inductionLoop.S2" nVehContrib="1" flow="36.00" occupancy="0.36" speed="13.80" harmonicMeanSpeed="13.80" length="5.00" nVehEntered="1"/>
    <interval begin="33100.00" end="33200.00" id="inductionLoop.S2" nVehContrib="6" flow="216.00" occupancy="4.20" speed="9.52" harmonicMeanSpeed="7.61" length="5.00" nVehEntered="7"/>
    <interval begin="33200.00" end="33300.00" id="inductionLoop.S2" nVehContrib="9" flow="324.00" occupancy="26.89" speed="7.10" harmonicMeanSpeed="1.68" length="5.00" nVehEntered="10"/>
    <interval begin="33300.00" end="33400.00" id="inductionLoop.S2" nVehContrib="13" flow="468.00" occupancy="13.59" speed="8.41" harmonicMeanSpeed="5.01" length="5.00" nVehEntered="14"/>
    <interval begin="33400.00" end="33500.00" id="inductionLoop.S2" nVehContrib="5" flow="180.00" occupancy="6.63" speed="9.00" harmonicMeanSpeed="6.25" length="5.00" nVehEntered="7"/>
    <interval begin="33500.00" end="33600.00" id="inductionLoop.S2" nVehContrib="5" flow="180.00" occupancy="3.80" speed="10.04" harmonicMeanSpeed="8.29" length="5.00" nVehEntered="7"/>
    <interval begin="33600.00" end="33700.00" id="inductionLoop.S2" nVehContrib="6" flow="216.00" occupancy="41.67" speed="3.95" harmonicMeanSpeed="0.74" length="5.00" nVehEntered="7"/>
    <interval begin="33700.00" end="33800.00" id="inductionLoop.S2" nVehContrib="4" flow="144.00" occupancy="2.44" speed="9.97" harmonicMeanSpeed="8.20" length="5.00" nVehEntered="4"/>
    <interval begin="33800.00" end="33900.00" id="inductionLoop.S2" nVehContrib="2" flow="72.00" occupancy="1.68" speed="7.66" harmonicMeanSpeed="5.96" length="5.00" nVehEntered="2"/>
    <interval begin="33900.00" end="34000.00" id="inductionLoop.S2" nVehContrib="1" flow="36.00" occupancy="0.36" speed="13.94" harmonicMeanSpeed="13.94" length="5.00" nVehEntered="1"/>
    <interval begin="34000.00" end="34100.00" id="inductionLoop.S2" nVehContrib="3" flow="108.00" occupancy="1.65" speed="11.92" harmonicMeanSpeed="11.68" length="5.00" nVehEntered="4"/>
    <interval begin="34100.00" end="34200.00" id="inductionLoop.S2" nVehContrib="2" flow="72.00" occupancy="1.67" speed="9.42" harmonicMeanSpeed="7.10" length="5.00" nVehEntered="3"/>
    <interval begin="34200.00" end="34300.00" id="inductionLoop.S2" nVehContrib="5" flow="180.00" occupancy="2.92" speed="9.70" harmonicMeanSpeed="8.55" length="5.00" nVehEntered="5"/>
    <interval begin="34300.00" end="34400.00" id="inductionLoop.S2" nVehContrib="3" flow="108.00" occupancy="1.25" speed="12.09" harmonicMeanSpeed="12.03" length="5.00" nVehEntered="3"/>
    <interval begin="34400.00" end="34500.00" id="inductionLoop.S2" nVehContrib="9" flow="324.00" occupancy="7.83" speed="8.36" harmonicMeanSpeed="6.67" length="5.00" nVehEntered="10"/>
    <interval begin="34500.00" end="34600.00" id="inductionLoop.S2" nVehContrib="7" flow="252.00" occupancy="5.84" speed="7.39" harmonicMeanSpeed="6.58" length="5.00" nVehEntered="9"/>
    <interval begin="34600.00" end="34700.00" id="inductionLoop.S2" nVehContrib="8" flow="288.00" occupancy="9.14" speed="7.59" harmonicMeanSpeed="4.68" length="5.00" nVehEntered="11"/>
    <interval begin="34700.00" end="34800.00" id="inductionLoop.S2" nVehContrib="5" flow="180.00" occupancy="3.03" speed="9.89" harmonicMeanSpeed="9.30" length="5.00" nVehEntered="7"/>
    <interval begin="34800.00" end="34900.00" id="inductionLoop.S2" nVehContrib="8" flow="288.00" occupancy="21.16" speed="3.25" harmonicMeanSpeed="1.88" length="5.00" nVehEntered="7"/>
    <interval begin="34900.00" end="35000.00" id="inductionLoop.S2" nVehContrib="6" flow="216.00" occupancy="55.21" speed="3.16" harmonicMeanSpeed="0.54" length="5.00" nVehEntered="6"/>
    <interval begin="35000.00" end="35100.00" id="inductionLoop.S2" nVehContrib="12" flow="432.00" occupancy="22.65" speed="4.73" harmonicMeanSpeed="2.77" length="5.00" nVehEntered="13"/>
    <interval begin="35100.00" end="35200.00" id="inductionLoop.S2" nVehContrib="8" flow="288.00" occupancy="13.01" speed="4.45" harmonicMeanSpeed="2.92" length="5.00" nVehEntered="8"/>
    <interval begin="35200.00" end="35300.00" id="inductionLoop.S2" nVehContrib="9" flow="324.00" occupancy="8.81" speed="9.48" harmonicMeanSpeed="5.52" length="5.00" nVehEntered="11"/>
    <interval begin="35300.00" end="35400.00" id="inductionLoop.S2" nVehContrib="10" flow="360.00" occupancy="14.11" speed="8.47" harmonicMeanSpeed="3.54" length="5.00" nVehEntered="10"/>
    <interval begin="35400.00" end="35500.00" id="inductionLoop.S2" nVehContrib="9" flow="324.00" occupancy="35.34" speed="8.10" harmonicMeanSpeed="1.29" length="5.00" nVehEntered="10"/>
    <interval begin="35500.00" end="35600.00" id="inductionLoop.S2" nVehContrib="2" flow="72.00" occupancy="1.47" speed="9.45" harmonicMeanSpeed="6.78" length="5.00" nVehEntered="2"/>
    <interval begin="35600.00" end="35700.00" id="inductionLoop.S2" nVehContrib="2" flow="72.00" occupancy="0.75" speed="13.42" harmonicMeanSpeed="13.42" length="5.00" nVehEntered="2"/>
    <interval begin="35700.00" end="35800.00" id="inductionLoop.S2" nVehContrib="5" flow="180.00" occupancy="3.47" speed="9.18" harmonicMeanSpeed="7.20" length="5.00" nVehEntered="5"/>
    <interval begin="35800.00" end="35900.00" id="inductionLoop.S2" nVehContrib="12" flow="432.00" occupancy="32.87" speed="5.43" harmonicMeanSpeed="1.84" length="5.00" nVehEntered="13"/>
    <interval begin="35900.00" end="36000.00" id="inductionLoop.S2" nVehContrib="13" flow="468.00" occupancy="38.90" speed="7.61" harmonicMeanSpeed="1.79" length="5.00" nVehEntered="14"/>
    <interval begin="36000.00" end="36100.00" id="inductionLoop.S2" nVehContrib="5" flow="180.00" occupancy="28.78" speed="2.21" harmonicMeanSpeed="0.87" length="5.00" nVehEntered="5"/>
    <interval begin="36100.00" end="36200.00" id="inductionLoop.S2" nVehContrib="0" flow="0.00" occupancy="0.00" speed="-1.00" harmonicMeanSpeed="-1.00" length="-1.00" nVehEntered="0"/>
    <interval begin="36200.00" end="36300.00" id="inductionLoop.S2" nVehContrib="0" flow="0.00" occupancy="0.00" speed="-1.00" harmonicMeanSpeed="-1.00" length="-1.00" nVehEntered="0"/>
    <interval begin="36300.00" end="36400.00" id="inductionLoop.S2" nVehContrib="5" flow="180.00" occupancy="5.09" speed="6.80" harmonicMeanSpeed="5.30" length="5.00" nVehEntered="6"/>
    <interval begin="36400.00" end="36500.00" id="inductionLoop.S2" nVehContrib="7" flow="252.00" occupancy="14.17" speed="7.21" harmonicMeanSpeed="5.05" length="5.00" nVehEntered="9"/>
    <interval begin="36500.00" end="36600.00" id="inductionLoop.S2" nVehContrib="9" flow="324.00" occupancy="30.08" speed="4.34" harmonicMeanSpeed="1.53" length="5.00" nVehEntered="12"/>
    <interval begin="36600.00" end="36700.00" id="inductionLoop.S2" nVehContrib="7" flow="252.00" occupancy="5.22" speed="9.15" harmonicMeanSpeed="7.02" length="5.00" nVehEntered="9"/>
    <interval begin="36700.00" end="36800.00" id="inductionLoop.S2" nVehContrib="11" flow="396.00" occupancy="10.94" speed="7.11" harmonicMeanSpeed="5.15" length="5.00" nVehEntered="12"/>
    <interval begin="36800.00" end="36900.00" id="inductionLoop.S2" nVehContrib="7" flow="252.00" occupancy="25.96" speed="8.45" harmonicMeanSpeed="1.35" length="5.00" nVehEntered="7"/>
    <interval begin="36900.00" end="37000.00" id="inductionLoop.S2" nVehContrib="8" flow="288.00" occupancy="15.79" speed="7.98" harmonicMeanSpeed="2.53" length="5.00" nVehEntered="8"/>
    <interval begin="37000.00" end="37100.00" id="inductionLoop.S2" nVehContrib="9" flow="324.00" occupancy="24.76" speed="7.43" harmonicMeanSpeed="1.82" length="5.00" nVehEntered="9"/>
    <interval begin="37100.00" end="37200.00" id="inductionLoop.S2" nVehContrib="8" flow="288.00" occupancy="4.01" speed="10.63" harmonicMeanSpeed="9.96" length="5.00" nVehEntered="8"/>
    <interval begin="37200.00" end="37300.00" id="inductionLoop.S2" nVehContrib="11" flow="396.00" occupancy="5.25" speed="11.08" harmonicMeanSpeed="10.47" length="5.00" nVehEntered="11"/>
    <interval begin="37300.00" end="37400.00" id="inductionLoop.S2" nVehContrib="7" flow="252.00" occupancy="12.83" speed="7.60" harmonicMeanSpeed="2.73" length="5.00" nVehEntered="7"/>
    <interval begin="37400.00" end="37500.00" id="inductionLoop.S2" nVehContrib="7" flow="252.00" occupancy="5.70" speed="8.42" harmonicMeanSpeed="6.96" length="5.00" nVehEntered="9"/>
    <interval begin="37500.00" end="37600.00" id="inductionLoop.S2" nVehContrib="11" flow="396.00" occupancy="5.36" speed="10.63" harmonicMeanSpeed="10.26" length="5.00" nVehEntered="11"/>
    <interval begin="37600.00" end="37700.00" id="inductionLoop.S2" nVehContrib="9" flow="324.00" occupancy="8.69" speed="9.64" harmonicMeanSpeed="5.18" length="5.00" nVehEntered="9"/>
    <interval begin="37700.00" end="37800.00" id="inductionLoop.S2" nVehContrib="9" flow="324.00" occupancy="4.84" speed="10.93" harmonicMeanSpeed="10.54" length="5.00" nVehEntered="10"/>
    <interval begin="37800.00" end="37900.00" id="inductionLoop.S2" nVehContrib="11" flow="396.00" occupancy="17.27" speed="9.68" harmonicMeanSpeed="3.19" length="5.00" nVehEntered="12"/>
    <interval begin="37900.00" end="38000.00" id="inductionLoop.S2" nVehContrib="10" flow="360.00" occupancy="33.97" speed="6.68" harmonicMeanSpeed="1.48" length="5.00" nVehEntered="11"/>
    <interval begin="38000.00" end="38100.00" id="inductionLoop.S2" nVehContrib="10" flow="360.00" occupancy="55.41" speed="7.82" harmonicMeanSpeed="0.90" length="5.00" nVehEntered="10"/>
    <interval begin="38100.00" end="38200.00" id="inductionLoop.S2" nVehContrib="9" flow="324.00" occupancy="51.55" speed="4.26" harmonicMeanSpeed="0.87" length="5.00" nVehEntered="9"/>
    <interval begin="38200.00" end="38300.00" id="inductionLoop.S2" nVehContrib="10" flow="360.00" occupancy="12.50" speed="6.03" harmonicMeanSpeed="4.09" length="5.00" nVehEntered="11"/>
    <interval begin="38300.00" end="38400.00" id="inductionLoop.S2" nVehContrib="6" flow="216.00" occupancy="10.60" speed="5.90" harmonicMeanSpeed="2.90" length="5.00" nVehEntered="6"/>
    <interval begin="38400.00" end="38500.00" id="inductionLoop.S2" nVehContrib="8" flow="288.00" occupancy="10.80" speed="7.39" harmonicMeanSpeed="3.72" length="5.00" nVehEntered="9"/>
    <interval begin="38500.00" end="38600.00" id="inductionLoop.S2" nVehContrib="10" flow="360.00" occupancy="10.75" speed="9.03" harmonicMeanSpeed="5.75" length="5.00" nVehEntered="11"/>
    <interval begin="38600.00" end="38700.00" id="inductionLoop.S2" nVehContrib="10" flow="360.00" occupancy="14.67" speed="5.82" harmonicMeanSpeed="2.99" length="5.00" nVehEntered="9"/>
    <interval begin="38700.00" end="38800.00" id="inductionLoop.S2" nVehContrib="12" flow="432.00" occupancy="20.93" speed="4.88" harmonicMeanSpeed="2.92" length="5.00" nVehEntered="13"/>
    <interval begin="38800.00" end="38900.00" id="inductionLoop.S2" nVehContrib="11" flow="396.00" occupancy="18.09" speed="4.97" harmonicMeanSpeed="2.98" length="5.00" nVehEntered="10"/>
    <interval begin="38900.00" end="39000.00" id="inductionLoop.S2" nVehContrib="10" flow="360.00" occupancy="18.67" speed="5.07" harmonicMeanSpeed="2.68" length="5.00" nVehEntered="10"/>
    <interval begin="39000.00" end="39100.00" id="inductionLoop.S2" nVehContrib="13" flow="468.00" occupancy="47.47" speed="6.66" harmonicMeanSpeed="4.04" length="5.00" nVehEntered="14"/>
    <interval begin="39100.00" end="39200.00" id="inductionLoop.S2" nVehContrib="9" flow="324.00" occupancy="35.92" speed="4.39" harmonicMeanSpeed="0.67" length="5.00" nVehEntered="8"/>
    <interval begin="39200.00" end="39300.00" id="inductionLoop.S2" nVehContrib="14" flow="504.00" occupancy="20.81" speed="5.73" harmonicMeanSpeed="3.40" length="5.00" nVehEntered="15"/>
    <interval begin="39300.00" end="39400.00" id="inductionLoop.S2" nVehContrib="8" flow="288.00" occupancy="22.29" speed="3.07" harmonicMeanSpeed="1.81" length="5.00" nVehEntered="8"/>
    <interval begin="39400.00" end="39500.00" id="inductionLoop.S2" nVehContrib="13" flow="468.00" occupancy="61.27" speed="6.07" harmonicMeanSpeed="3.83" length="5.00" nVehEntered="13"/>
    <interval begin="39500.00" end="39600.00" id="inductionLoop.S2" nVehContrib="18" flow="648.00" occupancy="41.96" speed="5.14" harmonicMeanSpeed="1.04" length="5.00" nVehEntered="17"/>
    <interval begin="39600.00" end="39700.00" id="inductionLoop.S2" nVehContrib="8" flow="288.00" occupancy="14.73" speed="5.84" harmonicMeanSpeed="2.72" length="5.00" nVehEntered="8"/>
    <interval begin="39700.00" end="39800.00" id="inductionLoop.S2" nVehContrib="10" flow="360.00" occupancy="62.54" speed="5.59" harmonicMeanSpeed="3.74" length="5.00" nVehEntered="11"/>
    <interval begin="39800.00" end="39900.00" id="inductionLoop.S2" nVehContrib="7" flow="252.00" occupancy="57.00" speed="1.77" harmonicMeanSpeed="0.50" length="5.00" nVehEntered="7"/>
    <interval begin="39900.00" end="40000.00" id="inductionLoop.S2" nVehContrib="14" flow="504.00" occupancy="40.07" speed="4.93" harmonicMeanSpeed="0.95" length="5.00" nVehEntered="14"/>
    <interval begin="40000.00" end="40100.00" id="inductionLoop.S2" nVehContrib="7" flow="252.00" occupancy="51.80" speed="4.18" harmonicMeanSpeed="0.66" length="5.00" nVehEntered="6"/>
    <interval begin="40100.00" end="40200.00" id="inductionLoop.S2" nVehContrib="7" flow="252.00" occupancy="63.20" speed="4.62" harmonicMeanSpeed="0.55" length="5.00" nVehEntered="8"/>
    <interval begin="40200.00" end="40300.00" id="inductionLoop.S2" nVehContrib="12" flow="432.00" occupancy="18.24" speed="4.88" harmonicMeanSpeed="3.28" length="5.00" nVehEntered="11"/>
    <interval begin="40300.00" end="40400.00" id="inductionLoop.S2" nVehContrib="8" flow="288.00" occupancy="12.91" speed="4.77" harmonicMeanSpeed="3.48" length="5.00" nVehEntered="9"/>
    <interval begin="40400.00" end="40500.00" id="inductionLoop.S2" nVehContrib="13" flow="468.00" occupancy="30.38" speed="4.92" harmonicMeanSpeed="2.06" length="5.00" nVehEntered="13"/>
    <interval begin="40500.00" end="40600.00" id="inductionLoop.S2" nVehContrib="14" flow="504.00" occupancy="12.02" speed="8.61" harmonicMeanSpeed="7.56" length="5.00" nVehEntered="15"/>
    <interval begin="40600.00" end="40700.00" id="inductionLoop.S2" nVehContrib="8" flow="288.00" occupancy="54.31" speed="4.44" harmonicMeanSpeed="0.70" length="5.00" nVehEntered="7"/>
    <interval begin="40700.00" end="40800.00" id="inductionLoop.S2" nVehContrib="4" flow="144.00" occupancy="75.66" speed="5.59" harmonicMeanSpeed="0.30" length="5.00" nVehEntered="5"/>
    <interval begin="40800.00" end="40900.00" id="inductionLoop.S2" nVehContrib="8" flow="288.00" occupancy="36.73" speed="5.90" harmonicMeanSpeed="1.31" length="5.00" nVehEntered="8"/>
    <interval begin="40900.00" end="41000.00" id="inductionLoop.S2" nVehContrib="6" flow="216.00" occupancy="17.39" speed="5.54" harmonicMeanSpeed="0.94" length="5.00" nVehEntered="5"/>
    <interval begin="41000.00" end="41100.00" id="inductionLoop.S2" nVehContrib="1" flow="36.00" occupancy="1.28" speed="3.92" harmonicMeanSpeed="3.92" length="5.00" nVehEntered="1"/>
    <interval begin="41100.00" end="41200.00" id="inductionLoop.S2" nVehContrib="1" flow="36.00" occupancy="31.91" speed="3.47" harmonicMeanSpeed="3.47" length="5.00" nVehEntered="5"/>
    <interval begin="41200.00" end="41300.00" id="inductionLoop.S2" nVehContrib="8" flow="288.00" occupancy="67.96" speed="4.43" harmonicMeanSpeed="0.48" length="5.00" nVehEntered="7"/>
    <interval begin="41300.00" end="41400.00" id="inductionLoop.S2" nVehContrib="2" flow="72.00" occupancy="72.78" speed="1.61" harmonicMeanSpeed="0.14" length="5.00" nVehEntered="3"/>
    <interval begin="41400.00" end="41500.00" id="inductionLoop.S2" nVehContrib="15" flow="540.00" occupancy="18.45" speed="7.64" harmonicMeanSpeed="5.08" length="5.00" nVehEntered="16"/>
    <interval begin="41500.00" end="41600.00" id="inductionLoop.S2" nVehContrib="6" flow="216.00" occupancy="55.67" speed="4.56" harmonicMeanSpeed="3.43" length="5.00" nVehEntered="8"/>
    <interval begin="41600.00" end="41700.00" id="inductionLoop.S2" nVehContrib="1" flow="36.00" occupancy="20.11" speed="3.17" harmonicMeanSpeed="3.17" length="5.00" nVehEntered="3"/>
    <interval begin="41700.00" end="41800.00" id="inductionLoop.S2" nVehContrib="12" flow="432.00" occupancy="28.23" speed="6.52" harmonicMeanSpeed="1.31" length="5.00" nVehEntered="11"/>
    <interval begin="41800.00" end="41900.00" id="inductionLoop.S2" nVehContrib="13" flow="468.00" occupancy="12.47" speed="7.70" harmonicMeanSpeed="5.37" length="5.00" nVehEntered="14"/>
    <interval begin="41900.00" end="42000.00" id="inductionLoop.S2" nVehContrib="6" flow="216.00" occupancy="21.76" speed="9.29" harmonicMeanSpeed="7.42" length="5.00" nVehEntered="7"/>
    <interval begin="42000.00" end="42100.00" id="inductionLoop.S2" nVehContrib="3" flow="108.00" occupancy="24.55" speed="1.85" harmonicMeanSpeed="0.36" length="5.00" nVehEntered="2"/>
    <interval begin="42100.00" end="42200.00" id="inductionLoop.S2" nVehContrib="4" flow="144.00" occupancy="39.89" speed="2.08" harmonicMeanSpeed="0.50" length="5.00" nVehEntered="4"/>
    <interval begin="42200.00" end="42300.00" id="inductionLoop.S2" nVehContrib="1" flow="36.00" occupancy="1.34" speed="3.74" harmonicMeanSpeed="3.74" length="5.00" nVehEntered="1"/>
    <interval begin="42300.00" end="42400.00" id="inductionLoop.S2" nVehContrib="7" flow="252.00" occupancy="12.29" speed="3.64" harmonicMeanSpeed="2.85" length="5.00" nVehEntered="7"/>
    <interval begin="42400.00" end="42500.00" id="inductionLoop.S2" nVehContrib="9" flow="324.00" occupancy="14.30" speed="5.51" harmonicMeanSpeed="3.40" length="5.00" nVehEntered="11"/>
    <interval begin="42500.00" end="42600.00" id="inductionLoop.S2" nVehContrib="14" flow="504.00" occupancy="17.36" speed="5.78" harmonicMeanSpeed="4.03" length="5.00" nVehEntered="14"/>
    <interval begin="42600.00" end="42700.00" id="inductionLoop.S2" nVehContrib="6" flow="216.00" occupancy="27.72" speed="4.47" harmonicMeanSpeed="1.08" length="5.00" nVehEntered="6"/>
    <interval begin="42700.00" end="42800.00" id="inductionLoop.S2" nVehContrib="3" flow="108.00" occupancy="1.19" speed="12.64" harmonicMeanSpeed="12.60" length="5.00" nVehEntered="3"/>
    <interval begin="42800.00" end="42900.00" id="inductionLoop.S2" nVehContrib="0" flow="0.00" occupancy="56.59" speed="-1.00" harmonicMeanSpeed="-1.00" length="-1.00" nVehEntered="1"/>
    <interval begin="42900.00" end="43000.00" id="inductionLoop.S2" nVehContrib="10" flow="360.00" occupancy="5.89" speed="12.57" harmonicMeanSpeed="12.12" length="5.00" nVehEntered="11"/>
    <interval begin="43000.00" end="43100.00" id="inductionLoop.S2" nVehContrib="1" flow="36.00" occupancy="81.69" speed="0.06" harmonicMeanSpeed="0.06" length="5.00" nVehEntered="1"/>
    <interval begin="43100.00" end="43200.00" id="inductionLoop.S2" nVehContrib="17" flow="612.00" occupancy="15.51" speed="7.15" harmonicMeanSpeed="5.48" length="5.00" nVehEntered="17"/>
    <interval begin="43200.00" end="43300.00" id="inductionLoop.S2" nVehContrib="9" flow="324.00" occupancy="36.29" speed="11.46" harmonicMeanSpeed="9.62" length="5.00" nVehEntered="10"/>
    <interval begin="43300.00" end="43400.00" id="inductionLoop.S2" nVehContrib="7" flow="252.00" occupancy="45.98" speed="4.56" harmonicMeanSpeed="0.48" length="5.00" nVehEntered="7"/>
    <interval begin="43400.00" end="43500.00" id="inductionLoop.S2" nVehContrib="5" flow="180.00" occupancy="13.43" speed="7.80" harmonicMeanSpeed="2.13" length="5.00" nVehEntered="6"/>
    <interval begin="43500.00" end="43600.00" id="inductionLoop.S2" nVehContrib="10" flow="360.00" occupancy="17.51" speed="4.10" harmonicMeanSpeed="2.61" length="5.00" nVehEntered="9"/>
    <interval begin="43600.00" end="43700.00" id="inductionLoop.S2" nVehContrib="12" flow="432.00" occupancy="14.48" speed="7.67" harmonicMeanSpeed="4.14" length="5.00" nVehEntered="12"/>
    <interval begin="43700.00" end="43800.00" id="inductionLoop.S2" nVehContrib="2" flow="72.00" occupancy="3.14" speed="6.23" harmonicMeanSpeed="3.80" length="5.00" nVehEntered="3"/>
    <interval begin="43800.00" end="43900.00" id="inductionLoop.S2" nVehContrib="9" flow="324.00" occupancy="13.87" speed="4.84" harmonicMeanSpeed="3.25" length="5.00" nVehEntered="9"/>
    <interval begin="43900.00" end="44000.00" id="inductionLoop.S2" nVehContrib="8" flow="288.00" occupancy="61.87" speed="4.99" harmonicMeanSpeed="0.73" length="5.00" nVehEntered="9"/>
    <interval begin="44000.00" end="44100.00" id="inductionLoop.S2" nVehContrib="2" flow="72.00" occupancy="11.74" speed="1.83" harmonicMeanSpeed="0.85" length="5.00" nVehEntered="2"/>
    <interval begin="44100.00" end="44200.00" id="inductionLoop.S2" nVehContrib="11" flow="396.00" occupancy="37.33" speed="6.85" harmonicMeanSpeed="5.47" length="5.00" nVehEntered="12"/>
    <interval begin="44200.00" end="44300.00" id="inductionLoop.S2" nVehContrib="6" flow="216.00" occupancy="14.90" speed="4.14" harmonicMeanSpeed="2.09" length="5.00" nVehEntered="7"/>
    <interval begin="44300.00" end="44400.00" id="inductionLoop.S2" nVehContrib="6" flow="216.00" occupancy="9.70" speed="3.16" harmonicMeanSpeed="3.09" length="5.00" nVehEntered="6"/>
    <interval begin="44400.00" end="44500.00" id="inductionLoop.S2" nVehContrib="7" flow="252.00" occupancy="10.37" speed="4.02" harmonicMeanSpeed="3.37" length="5.00" nVehEntered="7"/>
    <interval begin="44500.00" end="44600.00" id="inductionLoop.S2" nVehContrib="2" flow="72.00" occupancy="16.76" speed="4.96" harmonicMeanSpeed="4.96" length="5.00" nVehEntered="3"/>
    <interval begin="44600.00" end="44700.00" id="inductionLoop.S2" nVehContrib="9" flow="324.00" occupancy="59.96" speed="4.64" harmonicMeanSpeed="0.60" length="5.00" nVehEntered="8"/>
    <interval begin="44700.00" end="44800.00" id="inductionLoop.S2" nVehContrib="0" flow="0.00" occupancy="0.00" speed="-1.00" harmonicMeanSpeed="-1.00" length="-1.00" nVehEntered="0"/>
    <interval begin="44800.00" end="44900.00" id="inductionLoop.S2" nVehContrib="13" flow="468.00" occupancy="45.08" speed="8.12" harmonicMeanSpeed="1.44" length="5.00" nVehEntered="13"/>
    <interval begin="44900.00" end="45000.00" id="inductionLoop.S2" nVehContrib="3" flow="108.00" occupancy="4.30" speed="7.15" harmonicMeanSpeed="3.49" length="5.00" nVehEntered="3"/>
    <interval begin="45000.00" end="45100.00" id="inductionLoop.S2" nVehContrib="19" flow="684.00" occupancy="18.42" speed="8.67" harmonicMeanSpeed="5.26" length="5.00" nVehEntered="20"/>
    <interval begin="45100.00" end="45200.00" id="inductionLoop.S2" nVehContrib="4" flow="144.00" occupancy="2.69" speed="8.40" harmonicMeanSpeed="6.59" length="5.00" nVehEntered="3"/>
    <interval begin="45200.00" end="45300.00" id="inductionLoop.S2" nVehContrib="19" flow="684.00" occupancy="18.26" speed="7.29" harmonicMeanSpeed="5.20" length="5.00" nVehEntered="19"/>
    <interval begin="45300.00" end="45400.00" id="inductionLoop.S2" nVehContrib="5" flow="180.00" occupancy="55.24" speed="10.89" harmonicMeanSpeed="10.48" length="5.00" nVehEntered="6"/>
    <interval begin="45400.00" end="45500.00" id="inductionLoop.S2" nVehContrib="8" flow="288.00" occupancy="45.51" speed="4.71" harmonicMeanSpeed="0.42" length="5.00" nVehEntered="8"/>
    <interval begin="45500.00" end="45600.00" id="inductionLoop.S2" nVehContrib="2" flow="72.00" occupancy="7.32" speed="3.56" harmonicMeanSpeed="3.49" length="5.00" nVehEntered="4"/>
    <interval begin="45600.00" end="45700.00" id="inductionLoop.S2" nVehContrib="7" flow="252.00" occupancy="58.70" speed="2.92" harmonicMeanSpeed="0.62" length="5.00" nVehEntered="8"/>
    <interval begin="45700.00" end="45800.00" id="inductionLoop.S2" nVehContrib="2" flow="72.00" occupancy="77.68" speed="0.68" harmonicMeanSpeed="0.13" length="5.00" nVehEntered="1"/>
    <interval begin="45800.00" end="45900.00" id="inductionLoop.S2" nVehContrib="16" flow="576.00" occupancy="23.79" speed="6.53" harmonicMeanSpeed="3.99" length="5.00" nVehEntered="17"/>
    <interval begin="45900.00" end="46000.00" id="inductionLoop.S2" nVehContrib="3" flow="108.00" occupancy="7.79" speed="2.82" harmonicMeanSpeed="2.49" length="5.00" nVehEntered="4"/>
    <interval begin="46000.00" end="46100.00" id="inductionLoop.S2" nVehContrib="8" flow="288.00" occupancy="14.48" speed="4.78" harmonicMeanSpeed="2.76" length="5.00" nVehEntered="8"/>
    <interval begin="46100.00" end="46200.00" id="inductionLoop.S2" nVehContrib="4" flow="144.00" occupancy="3.34" speed="7.24" harmonicMeanSpeed="5.99" length="5.00" nVehEntered="4"/>
    <interval begin="46200.00" end="46300.00" id="inductionLoop.S2" nVehContrib="4" flow="144.00" occupancy="5.25" speed="8.00" harmonicMeanSpeed="3.81" length="5.00" nVehEntered="4"/>
    <interval begin="46300.00" end="46400.00" id="inductionLoop.S2" nVehContrib="4" flow="144.00" occupancy="7.66" speed="3.00" harmonicMeanSpeed="2.90" length="5.00" nVehEntered="5"/>
    <interval begin="46400.00" end="46500.00" id="inductionLoop.S2" nVehContrib="7" flow="252.00" occupancy="5.63" speed="8.92" harmonicMeanSpeed="6.22" length="5.00" nVehEntered="7"/>
    <interval begin="46500.00" end="46600.00" id="inductionLoop.S2" nVehContrib="0" flow="0.00" occupancy="79.79" speed="-1.00" harmonicMeanSpeed="-1.00" length="-1.00" nVehEntered="1"/>
    <interval begin="46600.00" end="46700.00" id="inductionLoop.S2" nVehContrib="5" flow="180.00" occupancy="38.36" speed="4.78" harmonicMeanSpeed="0.21" length="5.00" nVehEntered="5"/>
    <interval begin="46700.00" end="46800.00" id="inductionLoop.S2" nVehContrib="0" flow="0.00" occupancy="100.00" speed="-1.00" harmonicMeanSpeed="-1.00" length="-1.00" nVehEntered="0"/>
    <interval begin="46800.00" end="46900.00" id="inductionLoop.S2" nVehContrib="27" flow="972.00" occupancy="43.99" speed="9.71" harmonicMeanSpeed="0.99" length="5.00" nVehEntered="28"/>
    <interval begin="46900.00" end="47000.00" id="inductionLoop.S2" nVehContrib="6" flow="216.00" occupancy="17.39" speed="6.42" harmonicMeanSpeed="1.17" length="5.00" nVehEntered="5"/>
    <interval begin="47000.00" end="47100.00" id="inductionLoop.S2" nVehContrib="13" flow="468.00" occupancy="17.22" speed="5.74" harmonicMeanSpeed="3.95" length="5.00" nVehEntered="14"/>
    <interval begin="47100.00" end="47200.00" id="inductionLoop.S2" nVehContrib="2" flow="72.00" occupancy="5.95" speed="1.68" harmonicMeanSpeed="1.68" length="5.00" nVehEntered="2"/>
    <interval begin="47200.00" end="47300.00" id="inductionLoop.S2" nVehContrib="11" flow="396.00" occupancy="9.67" speed="7.88" harmonicMeanSpeed="5.69" length="5.00" nVehEntered="11"/>
    <interval begin="47300.00" end="47400.00" id="inductionLoop.S2" nVehContrib="6" flow="216.00" occupancy="4.67" speed="8.22" harmonicMeanSpeed="6.42" length="5.00" nVehEntered="6"/>
    <interval begin="47400.00" end="47500.00" id="inductionLoop.S2" nVehContrib="4" flow="144.00" occupancy="20.77" speed="2.67" harmonicMeanSpeed="0.96" length="5.00" nVehEntered="4"/>
    <interval begin="47500.00" end="47600.00" id="inductionLoop.S2" nVehContrib="18" flow="648.00" occupancy="21.11" speed="6.26" harmonicMeanSpeed="4.32" length="5.00" nVehEntered="19"/>
    <interval begin="47600.00" end="47700.00" id="inductionLoop.S2" nVehContrib="5" flow="180.00" occupancy="59.19" speed="3.07" harmonicMeanSpeed="0.42" length="5.00" nVehEntered="4"/>
    <interval begin="47700.00" end="47800.00" id="inductionLoop.S2" nVehContrib="12" flow="432.00" occupancy="8.18" speed="8.73" harmonicMeanSpeed="7.34" length="5.00" nVehEntered="12"/>
    <interval begin="47800.00" end="47900.00" id="inductionLoop.S2" nVehContrib="13" flow="468.00" occupancy="19.98" speed="5.10" harmonicMeanSpeed="3.33" length="5.00" nVehEntered="14"/>
    <interval begin="47900.00" end="48000.00" id="inductionLoop.S2" nVehContrib="7" flow="252.00" occupancy="4.29" speed="8.41" harmonicMeanSpeed="7.40" length="5.00" nVehEntered="6"/>
    <interval begin="48000.00" end="48100.00" id="inductionLoop.S2" nVehContrib="16" flow="576.00" occupancy="16.11" speed="8.23" harmonicMeanSpeed="4.96" length="5.00" nVehEntered="16"/>
    <interval begin="48100.00" end="48200.00" id="inductionLoop.S2" nVehContrib="8" flow="288.00" occupancy="50.04" speed="3.45" harmonicMeanSpeed="1.78" length="5.00" nVehEntered="10"/>
    <interval begin="48200.00" end="48300.00" id="inductionLoop.S2" nVehContrib="9" flow="324.00" occupancy="71.02" speed="4.55" harmonicMeanSpeed="0.46" length="5.00" nVehEntered="9"/>
    <interval begin="48300.00" end="48400.00" id="inductionLoop.S2" nVehContrib="11" flow="396.00" occupancy="12.36" speed="6.60" harmonicMeanSpeed="4.53" length="5.00" nVehEntered="11"/>
    <interval begin="48400.00" end="48500.00" id="inductionLoop.S2" nVehContrib="1" flow="36.00" occupancy="94.70" speed="8.95" harmonicMeanSpeed="8.95" length="5.00" nVehEntered="2"/>
    <interval begin="48500.00" end="48600.00" id="inductionLoop.S2" nVehContrib="19" flow="684.00" occupancy="38.15" speed="5.89" harmonicMeanSpeed="0.72" length="5.00" nVehEntered="18"/>
    <interval begin="48600.00" end="48700.00" id="inductionLoop.S2" nVehContrib="3" flow="108.00" occupancy="3.08" speed="6.13" harmonicMeanSpeed="4.87" length="5.00" nVehEntered="3"/>
    <interval begin="48700.00" end="48800.00" id="inductionLoop.S2" nVehContrib="3" flow="108.00" occupancy="7.27" speed="3.13" harmonicMeanSpeed="2.06" length="5.00" nVehEntered="3"/>
    <interval begin="48800.00" end="48900.00" id="inductionLoop.S2" nVehContrib="2" flow="72.00" occupancy="22.02" speed="7.48" harmonicMeanSpeed="4.47" length="5.00" nVehEntered="4"/>
    <interval begin="48900.00" end="49000.00" id="inductionLoop.S2" nVehContrib="4" flow="144.00" occupancy="63.89" speed="5.43" harmonicMeanSpeed="0.24" length="5.00" nVehEntered="3"/>
    <interval begin="49000.00" end="49100.00" id="inductionLoop.S2" nVehContrib="1" flow="36.00" occupancy="9.30" speed="3.39" harmonicMeanSpeed="3.39" length="5.00" nVehEntered="3"/>
    <interval begin="49100.00" end="49200.00" id="inductionLoop.S2" nVehContrib="0" flow="0.00" occupancy="0.00" speed="-1.00" harmonicMeanSpeed="-1.00" length="-1.00" nVehEntered="0"/>
    <interval begin="49200.00" end="49300.00" id="inductionLoop.S2" nVehContrib="2" flow="72.00" occupancy="3.15" speed="3.56" harmonicMeanSpeed="3.17" length="5.00" nVehEntered="2"/>
    <interval begin="49300.00" end="49400.00" id="inductionLoop.S2" nVehContrib="0" flow="0.00" occupancy="0.00" speed="-1.00" harmonicMeanSpeed="-1.00" length="-1.00" nVehEntered="0"/>
    <interval begin="49400.00" end="49500.00" id="inductionLoop.S2" nVehContrib="0" flow="0.00" occupancy="0.00" speed="-1.00" harmonicMeanSpeed="-1.00" length="-1.00" nVehEntered="0"/>
    <interval begin="49500.00" end="49600.00" id="inductionLoop.S2" nVehContrib="18" flow="648.00" occupancy="40.28" speed="6.85" harmonicMeanSpeed="2.35" length="5.00" nVehEntered="19"/>
    <interval begin="49600.00" end="49700.00" id="inductionLoop.S2" nVehContrib="3" flow="108.00" occupancy="47.18" speed="2.48" harmonicMeanSpeed="0.48" length="5.00" nVehEntered="3"/>
    <interval begin="49700.00" end="49800.00" id="inductionLoop.S2" nVehContrib="6" flow="216.00" occupancy="90.22" speed="5.54" harmonicMeanSpeed="0.28" length="5.00" nVehEntered="5"/>
    <interval begin="49800.00" end="49900.00" id="inductionLoop.S2" nVehContrib="22" flow="792.00" occupancy="37.53" speed="8.20" harmonicMeanSpeed="6.24" length="5.00" nVehEntered="23"/>
    <interval begin="49900.00" end="50000.00" id="inductionLoop.S2" nVehContrib="18" flow="648.00" occupancy="68.15" speed="7.46" harmonicMeanSpeed="2.40" length="5.00" nVehEntered="19"/>
    <interval begin="50000.00" end="50004.00" id="inductionLoop.S2" nVehContrib="0" flow="0.00" occupancy="100.00" speed="-1.00" harmonicMeanSpeed="-1.00" length="-1.00" nVehEntered="0"/>
</detector>
