<?xml version="1.0" encoding="UTF-8"?>

<!-- generated on 2023-07-31 23:07:06 by Eclipse SUMO sumo Version 1.12.0
<configuration xmlns:xsi="http://www.w3.org/2001/XMLSchema-instance" xsi:noNamespaceSchemaLocation="http://sumo.dlr.de/xsd/sumoConfiguration.xsd">

    <input>
        <net-file value="Data0-39/intersection.net.xml"/>
        <route-files value="Data0-39/intersection.rou.xml"/>
        <additional-files value="Data0-39/intersection.det.xml"/>
    </input>

    <output>
        <tripinfo-output value="Data0-39/tripinfo.xml"/>
    </output>

    <time>
        <begin value="0"/>
    </time>

    <processing>
        <time-to-teleport value="-1"/>
        <waiting-time-memory value="60000"/>
    </processing>

    <report>
        <verbose value="true"/>
        <no-step-log value="true"/>
    </report>

    <emissions>
        <device.emissions.probability value="1"/>
    </emissions>

    <traci_server>
        <remote-port value="47883"/>
    </traci_server>

    <gui_only>
        <gui-settings-file value="Data0-39/intersection.settings.xml"/>
    </gui_only>

</configuration>
-->

<detector xmlns:xsi="http://www.w3.org/2001/XMLSchema-instance" xsi:noNamespaceSchemaLocation="http://sumo.dlr.de/xsd/det_e1_file.xsd">
    <interval begin="0.00" end="100.00" id="inductionLoop.N0" nVehContrib="5" flow="180.00" occupancy="2.25" speed="11.38" harmonicMeanSpeed="11.11" length="5.00" nVehEntered="5"/>
    <interval begin="100.00" end="200.00" id="inductionLoop.N0" nVehContrib="10" flow="360.00" occupancy="5.41" speed="10.94" harmonicMeanSpeed="9.24" length="5.00" nVehEntered="10"/>
    <interval begin="200.00" end="300.00" id="inductionLoop.N0" nVehContrib="6" flow="216.00" occupancy="2.42" speed="13.00" harmonicMeanSpeed="12.88" length="5.00" nVehEntered="8"/>
    <interval begin="300.00" end="400.00" id="inductionLoop.N0" nVehContrib="13" flow="468.00" occupancy="5.69" speed="11.85" harmonicMeanSpeed="11.42" length="5.00" nVehEntered="13"/>
    <interval begin="400.00" end="500.00" id="inductionLoop.N0" nVehContrib="8" flow="288.00" occupancy="4.06" speed="10.70" harmonicMeanSpeed="9.85" length="5.00" nVehEntered="8"/>
    <interval begin="500.00" end="600.00" id="inductionLoop.N0" nVehContrib="11" flow="396.00" occupancy="6.28" speed="9.97" harmonicMeanSpeed="8.76" length="5.00" nVehEntered="11"/>
    <interval begin="600.00" end="700.00" id="inductionLoop.N0" nVehContrib="12" flow="432.00" occupancy="5.67" speed="11.17" harmonicMeanSpeed="10.90" length="5.00" nVehEntered="13"/>
    <interval begin="700.00" end="800.00" id="inductionLoop.N0" nVehContrib="10" flow="360.00" occupancy="4.45" speed="11.45" harmonicMeanSpeed="11.24" length="5.00" nVehEntered="10"/>
    <interval begin="800.00" end="900.00" id="inductionLoop.N0" nVehContrib="8" flow="288.00" occupancy="3.04" speed="13.28" harmonicMeanSpeed="13.18" length="5.00" nVehEntered="8"/>
    <interval begin="900.00" end="1000.00" id="inductionLoop.N0" nVehContrib="14" flow="504.00" occupancy="6.41" speed="11.07" harmonicMeanSpeed="10.93" length="5.00" nVehEntered="14"/>
    <interval begin="1000.00" end="1100.00" id="inductionLoop.N0" nVehContrib="8" flow="288.00" occupancy="3.69" speed="11.26" harmonicMeanSpeed="10.85" length="5.00" nVehEntered="8"/>
    <interval begin="1100.00" end="1200.00" id="inductionLoop.N0" nVehContrib="11" flow="396.00" occupancy="4.60" speed="12.28" harmonicMeanSpeed="11.97" length="5.00" nVehEntered="11"/>
    <interval begin="1200.00" end="1300.00" id="inductionLoop.N0" nVehContrib="9" flow="324.00" occupancy="3.97" speed="11.53" harmonicMeanSpeed="11.33" length="5.00" nVehEntered="9"/>
    <interval begin="1300.00" end="1400.00" id="inductionLoop.N0" nVehContrib="6" flow="216.00" occupancy="2.45" speed="12.40" harmonicMeanSpeed="12.27" length="5.00" nVehEntered="6"/>
    <interval begin="1400.00" end="1500.00" id="inductionLoop.N0" nVehContrib="7" flow="252.00" occupancy="2.95" speed="13.26" harmonicMeanSpeed="13.17" length="5.00" nVehEntered="8"/>
    <interval begin="1500.00" end="1600.00" id="inductionLoop.N0" nVehContrib="6" flow="216.00" occupancy="2.25" speed="13.47" harmonicMeanSpeed="13.35" length="5.00" nVehEntered="6"/>
    <interval begin="1600.00" end="1700.00" id="inductionLoop.N0" nVehContrib="9" flow="324.00" occupancy="5.17" speed="10.32" harmonicMeanSpeed="9.46" length="5.00" nVehEntered="11"/>
    <interval begin="1700.00" end="1800.00" id="inductionLoop.N0" nVehContrib="6" flow="216.00" occupancy="2.37" speed="12.86" harmonicMeanSpeed="12.67" length="5.00" nVehEntered="6"/>
    <interval begin="1800.00" end="1900.00" id="inductionLoop.N0" nVehContrib="8" flow="288.00" occupancy="3.10" speed="13.23" harmonicMeanSpeed="12.91" length="5.00" nVehEntered="8"/>
    <interval begin="1900.00" end="2000.00" id="inductionLoop.N0" nVehContrib="6" flow="216.00" occupancy="2.53" speed="12.26" harmonicMeanSpeed="11.87" length="5.00" nVehEntered="6"/>
    <interval begin="2000.00" end="2100.00" id="inductionLoop.N0" nVehContrib="8" flow="288.00" occupancy="3.21" speed="12.55" harmonicMeanSpeed="12.47" length="5.00" nVehEntered="8"/>
    <interval begin="2100.00" end="2200.00" id="inductionLoop.N0" nVehContrib="9" flow="324.00" occupancy="3.44" speed="13.15" harmonicMeanSpeed="13.09" length="5.00" nVehEntered="9"/>
    <interval begin="2200.00" end="2300.00" id="inductionLoop.N0" nVehContrib="11" flow="396.00" occupancy="7.15" speed="10.03" harmonicMeanSpeed="8.59" length="5.00" nVehEntered="12"/>
    <interval begin="2300.00" end="2400.00" id="inductionLoop.N0" nVehContrib="9" flow="324.00" occupancy="4.39" speed="11.13" harmonicMeanSpeed="10.80" length="5.00" nVehEntered="10"/>
    <interval begin="2400.00" end="2500.00" id="inductionLoop.N0" nVehContrib="9" flow="324.00" occupancy="3.82" speed="12.08" harmonicMeanSpeed="11.77" length="5.00" nVehEntered="9"/>
    <interval begin="2500.00" end="2600.00" id="inductionLoop.N0" nVehContrib="4" flow="144.00" occupancy="1.86" speed="12.97" harmonicMeanSpeed="12.97" length="5.00" nVehEntered="5"/>
    <interval begin="2600.00" end="2700.00" id="inductionLoop.N0" nVehContrib="6" flow="216.00" occupancy="2.35" speed="12.76" harmonicMeanSpeed="12.74" length="5.00" nVehEntered="6"/>
    <interval begin="2700.00" end="2800.00" id="inductionLoop.N0" nVehContrib="9" flow="324.00" occupancy="4.35" speed="10.69" harmonicMeanSpeed="10.35" length="5.00" nVehEntered="9"/>
    <interval begin="2800.00" end="2900.00" id="inductionLoop.N0" nVehContrib="6" flow="216.00" occupancy="2.27" speed="13.27" harmonicMeanSpeed="13.23" length="5.00" nVehEntered="6"/>
    <interval begin="2900.00" end="3000.00" id="inductionLoop.N0" nVehContrib="11" flow="396.00" occupancy="4.95" speed="12.10" harmonicMeanSpeed="11.81" length="5.00" nVehEntered="12"/>
    <interval begin="3000.00" end="3100.00" id="inductionLoop.N0" nVehContrib="6" flow="216.00" occupancy="2.36" speed="12.76" harmonicMeanSpeed="12.71" length="5.00" nVehEntered="6"/>
    <interval begin="3100.00" end="3200.00" id="inductionLoop.N0" nVehContrib="8" flow="288.00" occupancy="3.03" speed="13.38" harmonicMeanSpeed="13.21" length="5.00" nVehEntered="8"/>
    <interval begin="3200.00" end="3300.00" id="inductionLoop.N0" nVehContrib="6" flow="216.00" occupancy="2.42" speed="12.43" harmonicMeanSpeed="12.38" length="5.00" nVehEntered="6"/>
    <interval begin="3300.00" end="3400.00" id="inductionLoop.N0" nVehContrib="5" flow="180.00" occupancy="2.25" speed="11.29" harmonicMeanSpeed="11.09" length="5.00" nVehEntered="5"/>
    <interval begin="3400.00" end="3500.00" id="inductionLoop.N0" nVehContrib="9" flow="324.00" occupancy="3.61" speed="12.56" harmonicMeanSpeed="12.47" length="5.00" nVehEntered="9"/>
    <interval begin="3500.00" end="3600.00" id="inductionLoop.N0" nVehContrib="10" flow="360.00" occupancy="5.44" speed="11.81" harmonicMeanSpeed="11.58" length="5.00" nVehEntered="11"/>
    <interval begin="3600.00" end="3700.00" id="inductionLoop.N0" nVehContrib="2" flow="72.00" occupancy="0.80" speed="13.08" harmonicMeanSpeed="12.55" length="5.00" nVehEntered="2"/>
    <interval begin="3700.00" end="3800.00" id="inductionLoop.N0" nVehContrib="6" flow="216.00" occupancy="2.63" speed="12.15" harmonicMeanSpeed="12.05" length="5.00" nVehEntered="7"/>
    <interval begin="3800.00" end="3900.00" id="inductionLoop.N0" nVehContrib="7" flow="252.00" occupancy="2.74" speed="12.86" harmonicMeanSpeed="12.78" length="5.00" nVehEntered="7"/>
    <interval begin="3900.00" end="4000.00" id="inductionLoop.N0" nVehContrib="5" flow="180.00" occupancy="1.95" speed="12.98" harmonicMeanSpeed="12.82" length="5.00" nVehEntered="5"/>
    <interval begin="4000.00" end="4100.00" id="inductionLoop.N0" nVehContrib="2" flow="72.00" occupancy="0.76" speed="13.13" harmonicMeanSpeed="13.13" length="5.00" nVehEntered="2"/>
    <interval begin="4100.00" end="4200.00" id="inductionLoop.N0" nVehContrib="8" flow="288.00" occupancy="3.08" speed="13.15" harmonicMeanSpeed="12.97" length="5.00" nVehEntered="8"/>
    <interval begin="4200.00" end="4300.00" id="inductionLoop.N0" nVehContrib="7" flow="252.00" occupancy="2.85" speed="12.32" harmonicMeanSpeed="12.26" length="5.00" nVehEntered="7"/>
    <interval begin="4300.00" end="4400.00" id="inductionLoop.N0" nVehContrib="4" flow="144.00" occupancy="1.50" speed="13.36" harmonicMeanSpeed="13.34" length="5.00" nVehEntered="4"/>
    <interval begin="4400.00" end="4500.00" id="inductionLoop.N0" nVehContrib="10" flow="360.00" occupancy="3.76" speed="13.36" harmonicMeanSpeed="13.28" length="5.00" nVehEntered="10"/>
    <interval begin="4500.00" end="4600.00" id="inductionLoop.N0" nVehContrib="5" flow="180.00" occupancy="2.23" speed="11.91" harmonicMeanSpeed="11.77" length="5.00" nVehEntered="6"/>
    <interval begin="4600.00" end="4700.00" id="inductionLoop.N0" nVehContrib="6" flow="216.00" occupancy="2.51" speed="11.67" harmonicMeanSpeed="11.46" length="5.00" nVehEntered="5"/>
    <interval begin="4700.00" end="4800.00" id="inductionLoop.N0" nVehContrib="5" flow="180.00" occupancy="1.90" speed="13.26" harmonicMeanSpeed="13.15" length="5.00" nVehEntered="5"/>
    <interval begin="4800.00" end="4900.00" id="inductionLoop.N0" nVehContrib="4" flow="144.00" occupancy="1.59" speed="12.67" harmonicMeanSpeed="12.62" length="5.00" nVehEntered="4"/>
    <interval begin="4900.00" end="5000.00" id="inductionLoop.N0" nVehContrib="6" flow="216.00" occupancy="2.38" speed="12.67" harmonicMeanSpeed="12.60" length="5.00" nVehEntered="6"/>
    <interval begin="5000.00" end="5100.00" id="inductionLoop.N0" nVehContrib="6" flow="216.00" occupancy="2.49" speed="12.37" harmonicMeanSpeed="12.31" length="5.00" nVehEntered="7"/>
    <interval begin="5100.00" end="5200.00" id="inductionLoop.N0" nVehContrib="4" flow="144.00" occupancy="1.56" speed="12.93" harmonicMeanSpeed="12.85" length="5.00" nVehEntered="4"/>
    <interval begin="5200.00" end="5300.00" id="inductionLoop.N0" nVehContrib="11" flow="396.00" occupancy="4.37" speed="12.72" harmonicMeanSpeed="12.59" length="5.00" nVehEntered="11"/>
    <interval begin="5300.00" end="5400.00" id="inductionLoop.N0" nVehContrib="6" flow="216.00" occupancy="2.65" speed="11.81" harmonicMeanSpeed="11.33" length="5.00" nVehEntered="6"/>
    <interval begin="5400.00" end="5500.00" id="inductionLoop.N0" nVehContrib="7" flow="252.00" occupancy="3.01" speed="13.16" harmonicMeanSpeed="13.09" length="5.00" nVehEntered="8"/>
    <interval begin="5500.00" end="5600.00" id="inductionLoop.N0" nVehContrib="9" flow="324.00" occupancy="3.06" speed="13.27" harmonicMeanSpeed="13.25" length="5.00" nVehEntered="8"/>
    <interval begin="5600.00" end="5700.00" id="inductionLoop.N0" nVehContrib="8" flow="288.00" occupancy="3.22" speed="12.53" harmonicMeanSpeed="12.42" length="5.00" nVehEntered="8"/>
    <interval begin="5700.00" end="5800.00" id="inductionLoop.N0" nVehContrib="6" flow="216.00" occupancy="2.66" speed="12.63" harmonicMeanSpeed="12.55" length="5.00" nVehEntered="7"/>
    <interval begin="5800.00" end="5900.00" id="inductionLoop.N0" nVehContrib="3" flow="108.00" occupancy="1.34" speed="11.93" harmonicMeanSpeed="11.88" length="5.00" nVehEntered="4"/>
    <interval begin="5900.00" end="6000.00" id="inductionLoop.N0" nVehContrib="7" flow="252.00" occupancy="2.67" speed="13.15" harmonicMeanSpeed="13.12" length="5.00" nVehEntered="7"/>
    <interval begin="6000.00" end="6100.00" id="inductionLoop.N0" nVehContrib="5" flow="180.00" occupancy="1.94" speed="12.94" harmonicMeanSpeed="12.90" length="5.00" nVehEntered="5"/>
    <interval begin="6100.00" end="6200.00" id="inductionLoop.N0" nVehContrib="6" flow="216.00" occupancy="2.44" speed="12.44" harmonicMeanSpeed="12.27" length="5.00" nVehEntered="6"/>
    <interval begin="6200.00" end="6300.00" id="inductionLoop.N0" nVehContrib="7" flow="252.00" occupancy="2.89" speed="13.32" harmonicMeanSpeed="13.20" length="5.00" nVehEntered="9"/>
    <interval begin="6300.00" end="6400.00" id="inductionLoop.N0" nVehContrib="8" flow="288.00" occupancy="3.22" speed="12.23" harmonicMeanSpeed="12.14" length="5.00" nVehEntered="7"/>
    <interval begin="6400.00" end="6500.00" id="inductionLoop.N0" nVehContrib="3" flow="108.00" occupancy="1.21" speed="12.46" harmonicMeanSpeed="12.39" length="5.00" nVehEntered="3"/>
    <interval begin="6500.00" end="6600.00" id="inductionLoop.N0" nVehContrib="6" flow="216.00" occupancy="2.42" speed="12.57" harmonicMeanSpeed="12.39" length="5.00" nVehEntered="6"/>
    <interval begin="6600.00" end="6700.00" id="inductionLoop.N0" nVehContrib="3" flow="108.00" occupancy="1.07" speed="14.13" harmonicMeanSpeed="14.06" length="5.00" nVehEntered="3"/>
    <interval begin="6700.00" end="6800.00" id="inductionLoop.N0" nVehContrib="7" flow="252.00" occupancy="2.72" speed="12.99" harmonicMeanSpeed="12.85" length="5.00" nVehEntered="7"/>
    <interval begin="6800.00" end="6900.00" id="inductionLoop.N0" nVehContrib="6" flow="216.00" occupancy="2.32" speed="13.18" harmonicMeanSpeed="12.96" length="5.00" nVehEntered="6"/>
    <interval begin="6900.00" end="7000.00" id="inductionLoop.N0" nVehContrib="6" flow="216.00" occupancy="2.47" speed="12.35" harmonicMeanSpeed="12.16" length="5.00" nVehEntered="6"/>
    <interval begin="7000.00" end="7100.00" id="inductionLoop.N0" nVehContrib="6" flow="216.00" occupancy="2.54" speed="11.89" harmonicMeanSpeed="11.80" length="5.00" nVehEntered="6"/>
    <interval begin="7100.00" end="7200.00" id="inductionLoop.N0" nVehContrib="6" flow="216.00" occupancy="2.35" speed="12.92" harmonicMeanSpeed="12.78" length="5.00" nVehEntered="6"/>
    <interval begin="7200.00" end="7300.00" id="inductionLoop.N0" nVehContrib="5" flow="180.00" occupancy="2.16" speed="11.67" harmonicMeanSpeed="11.57" length="5.00" nVehEntered="5"/>
    <interval begin="7300.00" end="7400.00" id="inductionLoop.N0" nVehContrib="5" flow="180.00" occupancy="1.86" speed="13.46" harmonicMeanSpeed="13.41" length="5.00" nVehEntered="5"/>
    <interval begin="7400.00" end="7500.00" id="inductionLoop.N0" nVehContrib="3" flow="108.00" occupancy="1.15" speed="13.11" harmonicMeanSpeed="13.08" length="5.00" nVehEntered="3"/>
    <interval begin="7500.00" end="7600.00" id="inductionLoop.N0" nVehContrib="4" flow="144.00" occupancy="1.60" speed="12.73" harmonicMeanSpeed="12.48" length="5.00" nVehEntered="4"/>
    <interval begin="7600.00" end="7700.00" id="inductionLoop.N0" nVehContrib="6" flow="216.00" occupancy="2.48" speed="13.29" harmonicMeanSpeed="13.15" length="5.00" nVehEntered="7"/>
    <interval begin="7700.00" end="7800.00" id="inductionLoop.N0" nVehContrib="5" flow="180.00" occupancy="1.94" speed="13.00" harmonicMeanSpeed="12.91" length="5.00" nVehEntered="5"/>
    <interval begin="7800.00" end="7900.00" id="inductionLoop.N0" nVehContrib="4" flow="144.00" occupancy="1.53" speed="13.18" harmonicMeanSpeed="13.05" length="5.00" nVehEntered="4"/>
    <interval begin="7900.00" end="8000.00" id="inductionLoop.N0" nVehContrib="3" flow="108.00" occupancy="1.15" speed="13.07" harmonicMeanSpeed="13.01" length="5.00" nVehEntered="3"/>
    <interval begin="8000.00" end="8100.00" id="inductionLoop.N0" nVehContrib="1" flow="36.00" occupancy="0.35" speed="14.22" harmonicMeanSpeed="14.22" length="5.00" nVehEntered="1"/>
    <interval begin="8100.00" end="8200.00" id="inductionLoop.N0" nVehContrib="4" flow="144.00" occupancy="1.67" speed="12.38" harmonicMeanSpeed="11.96" length="5.00" nVehEntered="4"/>
    <interval begin="8200.00" end="8300.00" id="inductionLoop.N0" nVehContrib="5" flow="180.00" occupancy="1.86" speed="13.51" harmonicMeanSpeed="13.45" length="5.00" nVehEntered="5"/>
    <interval begin="8300.00" end="8400.00" id="inductionLoop.N0" nVehContrib="4" flow="144.00" occupancy="1.57" speed="12.73" harmonicMeanSpeed="12.71" length="5.00" nVehEntered="4"/>
    <interval begin="8400.00" end="8500.00" id="inductionLoop.N0" nVehContrib="6" flow="216.00" occupancy="2.26" speed="13.36" harmonicMeanSpeed="13.29" length="5.00" nVehEntered="6"/>
    <interval begin="8500.00" end="8600.00" id="inductionLoop.N0" nVehContrib="2" flow="72.00" occupancy="0.76" speed="13.25" harmonicMeanSpeed="13.23" length="5.00" nVehEntered="2"/>
    <interval begin="8600.00" end="8700.00" id="inductionLoop.N0" nVehContrib="1" flow="36.00" occupancy="0.40" speed="12.56" harmonicMeanSpeed="12.56" length="5.00" nVehEntered="1"/>
    <interval begin="8700.00" end="8800.00" id="inductionLoop.N0" nVehContrib="4" flow="144.00" occupancy="1.52" speed="13.32" harmonicMeanSpeed="13.14" length="5.00" nVehEntered="4"/>
    <interval begin="8800.00" end="8900.00" id="inductionLoop.N0" nVehContrib="3" flow="108.00" occupancy="1.15" speed="13.11" harmonicMeanSpeed="13.08" length="5.00" nVehEntered="3"/>
    <interval begin="8900.00" end="9000.00" id="inductionLoop.N0" nVehContrib="6" flow="216.00" occupancy="2.40" speed="12.58" harmonicMeanSpeed="12.49" length="5.00" nVehEntered="6"/>
    <interval begin="9000.00" end="9100.00" id="inductionLoop.N0" nVehContrib="5" flow="180.00" occupancy="2.28" speed="12.78" harmonicMeanSpeed="12.52" length="5.00" nVehEntered="6"/>
    <interval begin="9100.00" end="9200.00" id="inductionLoop.N0" nVehContrib="10" flow="360.00" occupancy="3.83" speed="13.08" harmonicMeanSpeed="13.06" length="5.00" nVehEntered="10"/>
    <interval begin="9200.00" end="9300.00" id="inductionLoop.N0" nVehContrib="5" flow="180.00" occupancy="1.88" speed="13.47" harmonicMeanSpeed="13.26" length="5.00" nVehEntered="5"/>
    <interval begin="9300.00" end="9400.00" id="inductionLoop.N0" nVehContrib="4" flow="144.00" occupancy="1.54" speed="13.06" harmonicMeanSpeed="12.98" length="5.00" nVehEntered="4"/>
    <interval begin="9400.00" end="9500.00" id="inductionLoop.N0" nVehContrib="4" flow="144.00" occupancy="1.61" speed="12.50" harmonicMeanSpeed="12.44" length="5.00" nVehEntered="4"/>
    <interval begin="9500.00" end="9600.00" id="inductionLoop.N0" nVehContrib="3" flow="108.00" occupancy="1.15" speed="13.11" harmonicMeanSpeed="13.09" length="5.00" nVehEntered="3"/>
    <interval begin="9600.00" end="9700.00" id="inductionLoop.N0" nVehContrib="4" flow="144.00" occupancy="1.57" speed="12.82" harmonicMeanSpeed="12.73" length="5.00" nVehEntered="4"/>
    <interval begin="9700.00" end="9800.00" id="inductionLoop.N0" nVehContrib="5" flow="180.00" occupancy="2.08" speed="12.13" harmonicMeanSpeed="12.01" length="5.00" nVehEntered="5"/>
    <interval begin="9800.00" end="9900.00" id="inductionLoop.N0" nVehContrib="5" flow="180.00" occupancy="1.92" speed="13.14" harmonicMeanSpeed="13.00" length="5.00" nVehEntered="5"/>
    <interval begin="9900.00" end="10000.00" id="inductionLoop.N0" nVehContrib="6" flow="216.00" occupancy="2.62" speed="13.03" harmonicMeanSpeed="12.92" length="5.00" nVehEntered="7"/>
    <interval begin="10000.00" end="10100.00" id="inductionLoop.N0" nVehContrib="6" flow="216.00" occupancy="2.53" speed="12.07" harmonicMeanSpeed="11.86" length="5.00" nVehEntered="6"/>
    <interval begin="10100.00" end="10200.00" id="inductionLoop.N0" nVehContrib="5" flow="180.00" occupancy="2.00" speed="12.54" harmonicMeanSpeed="12.49" length="5.00" nVehEntered="5"/>
    <interval begin="10200.00" end="10300.00" id="inductionLoop.N0" nVehContrib="7" flow="252.00" occupancy="2.91" speed="12.58" harmonicMeanSpeed="12.46" length="5.00" nVehEntered="8"/>
    <interval begin="10300.00" end="10400.00" id="inductionLoop.N0" nVehContrib="3" flow="108.00" occupancy="1.08" speed="13.86" harmonicMeanSpeed="13.86" length="5.00" nVehEntered="3"/>
    <interval begin="10400.00" end="10500.00" id="inductionLoop.N0" nVehContrib="1" flow="36.00" occupancy="0.37" speed="13.62" harmonicMeanSpeed="13.62" length="5.00" nVehEntered="1"/>
    <interval begin="10500.00" end="10600.00" id="inductionLoop.N0" nVehContrib="4" flow="144.00" occupancy="1.61" speed="13.21" harmonicMeanSpeed="13.19" length="5.00" nVehEntered="5"/>
    <interval begin="10600.00" end="10700.00" id="inductionLoop.N0" nVehContrib="6" flow="216.00" occupancy="2.48" speed="12.20" harmonicMeanSpeed="12.07" length="5.00" nVehEntered="6"/>
    <interval begin="10700.00" end="10800.00" id="inductionLoop.N0" nVehContrib="4" flow="144.00" occupancy="2.12" speed="12.67" harmonicMeanSpeed="12.38" length="5.00" nVehEntered="5"/>
    <interval begin="10800.00" end="10900.00" id="inductionLoop.N0" nVehContrib="5" flow="180.00" occupancy="2.02" speed="12.48" harmonicMeanSpeed="12.40" length="5.00" nVehEntered="5"/>
    <interval begin="10900.00" end="11000.00" id="inductionLoop.N0" nVehContrib="4" flow="144.00" occupancy="1.54" speed="13.12" harmonicMeanSpeed="13.00" length="5.00" nVehEntered="4"/>
    <interval begin="11000.00" end="11100.00" id="inductionLoop.N0" nVehContrib="6" flow="216.00" occupancy="2.41" speed="12.54" harmonicMeanSpeed="12.42" length="5.00" nVehEntered="6"/>
    <interval begin="11100.00" end="11200.00" id="inductionLoop.N0" nVehContrib="3" flow="108.00" occupancy="1.21" speed="12.41" harmonicMeanSpeed="12.40" length="5.00" nVehEntered="3"/>
    <interval begin="11200.00" end="11300.00" id="inductionLoop.N0" nVehContrib="6" flow="216.00" occupancy="2.24" speed="13.43" harmonicMeanSpeed="13.37" length="5.00" nVehEntered="6"/>
    <interval begin="11300.00" end="11400.00" id="inductionLoop.N0" nVehContrib="2" flow="72.00" occupancy="0.74" speed="13.45" harmonicMeanSpeed="13.44" length="5.00" nVehEntered="2"/>
    <interval begin="11400.00" end="11500.00" id="inductionLoop.N0" nVehContrib="2" flow="72.00" occupancy="1.01" speed="13.95" harmonicMeanSpeed="13.91" length="5.00" nVehEntered="3"/>
    <interval begin="11500.00" end="11600.00" id="inductionLoop.N0" nVehContrib="5" flow="180.00" occupancy="1.56" speed="13.66" harmonicMeanSpeed="13.52" length="5.00" nVehEntered="4"/>
    <interval begin="11600.00" end="11700.00" id="inductionLoop.N0" nVehContrib="2" flow="72.00" occupancy="0.78" speed="12.90" harmonicMeanSpeed="12.87" length="5.00" nVehEntered="2"/>
    <interval begin="11700.00" end="11800.00" id="inductionLoop.N0" nVehContrib="2" flow="72.00" occupancy="0.76" speed="13.09" harmonicMeanSpeed="13.09" length="5.00" nVehEntered="2"/>
    <interval begin="11800.00" end="11900.00" id="inductionLoop.N0" nVehContrib="4" flow="144.00" occupancy="1.61" speed="13.43" harmonicMeanSpeed="13.36" length="5.00" nVehEntered="5"/>
    <interval begin="11900.00" end="12000.00" id="inductionLoop.N0" nVehContrib="4" flow="144.00" occupancy="1.50" speed="13.38" harmonicMeanSpeed="13.29" length="5.00" nVehEntered="4"/>
    <interval begin="12000.00" end="12100.00" id="inductionLoop.N0" nVehContrib="4" flow="144.00" occupancy="1.50" speed="13.40" harmonicMeanSpeed="13.37" length="5.00" nVehEntered="4"/>
    <interval begin="12100.00" end="12200.00" id="inductionLoop.N0" nVehContrib="6" flow="216.00" occupancy="2.48" speed="12.87" harmonicMeanSpeed="12.82" length="5.00" nVehEntered="7"/>
    <interval begin="12200.00" end="12300.00" id="inductionLoop.N0" nVehContrib="2" flow="72.00" occupancy="0.78" speed="12.78" harmonicMeanSpeed="12.78" length="5.00" nVehEntered="2"/>
    <interval begin="12300.00" end="12400.00" id="inductionLoop.N0" nVehContrib="2" flow="72.00" occupancy="0.76" speed="13.11" harmonicMeanSpeed="13.08" length="5.00" nVehEntered="2"/>
    <interval begin="12400.00" end="12500.00" id="inductionLoop.N0" nVehContrib="4" flow="144.00" occupancy="1.53" speed="13.11" harmonicMeanSpeed="13.10" length="5.00" nVehEntered="4"/>
    <interval begin="12500.00" end="12600.00" id="inductionLoop.N0" nVehContrib="3" flow="108.00" occupancy="1.26" speed="12.09" harmonicMeanSpeed="11.88" length="5.00" nVehEntered="3"/>
    <interval begin="12600.00" end="12700.00" id="inductionLoop.N0" nVehContrib="5" flow="180.00" occupancy="2.06" speed="12.37" harmonicMeanSpeed="12.13" length="5.00" nVehEntered="5"/>
    <interval begin="12700.00" end="12800.00" id="inductionLoop.N0" nVehContrib="4" flow="144.00" occupancy="1.56" speed="12.82" harmonicMeanSpeed="12.79" length="5.00" nVehEntered="4"/>
    <interval begin="12800.00" end="12900.00" id="inductionLoop.N0" nVehContrib="3" flow="108.00" occupancy="1.12" speed="13.44" harmonicMeanSpeed="13.34" length="5.00" nVehEntered="3"/>
    <interval begin="12900.00" end="13000.00" id="inductionLoop.N0" nVehContrib="2" flow="72.00" occupancy="0.76" speed="13.19" harmonicMeanSpeed="13.15" length="5.00" nVehEntered="2"/>
    <interval begin="13000.00" end="13100.00" id="inductionLoop.N0" nVehContrib="4" flow="144.00" occupancy="1.60" speed="12.56" harmonicMeanSpeed="12.51" length="5.00" nVehEntered="4"/>
    <interval begin="13100.00" end="13200.00" id="inductionLoop.N0" nVehContrib="2" flow="72.00" occupancy="0.74" speed="13.54" harmonicMeanSpeed="13.50" length="5.00" nVehEntered="2"/>
    <interval begin="13200.00" end="13300.00" id="inductionLoop.N0" nVehContrib="2" flow="72.00" occupancy="0.73" speed="13.75" harmonicMeanSpeed="13.75" length="5.00" nVehEntered="2"/>
    <interval begin="13300.00" end="13400.00" id="inductionLoop.N0" nVehContrib="3" flow="108.00" occupancy="1.15" speed="13.13" harmonicMeanSpeed="13.09" length="5.00" nVehEntered="3"/>
    <interval begin="13400.00" end="13500.00" id="inductionLoop.N0" nVehContrib="6" flow="216.00" occupancy="2.38" speed="12.69" harmonicMeanSpeed="12.61" length="5.00" nVehEntered="6"/>
    <interval begin="13500.00" end="13600.00" id="inductionLoop.N0" nVehContrib="5" flow="180.00" occupancy="2.25" speed="11.27" harmonicMeanSpeed="11.13" length="5.00" nVehEntered="5"/>
    <interval begin="13600.00" end="13700.00" id="inductionLoop.N0" nVehContrib="8" flow="288.00" occupancy="3.13" speed="12.93" harmonicMeanSpeed="12.78" length="5.00" nVehEntered="8"/>
    <interval begin="13700.00" end="13800.00" id="inductionLoop.N0" nVehContrib="1" flow="36.00" occupancy="0.47" speed="10.62" harmonicMeanSpeed="10.62" length="5.00" nVehEntered="1"/>
    <interval begin="13800.00" end="13900.00" id="inductionLoop.N0" nVehContrib="6" flow="216.00" occupancy="2.37" speed="12.77" harmonicMeanSpeed="12.65" length="5.00" nVehEntered="6"/>
    <interval begin="13900.00" end="14000.00" id="inductionLoop.N0" nVehContrib="2" flow="72.00" occupancy="0.81" speed="12.46" harmonicMeanSpeed="12.36" length="5.00" nVehEntered="2"/>
    <interval begin="14000.00" end="14100.00" id="inductionLoop.N0" nVehContrib="5" flow="180.00" occupancy="1.81" speed="13.81" harmonicMeanSpeed="13.78" length="5.00" nVehEntered="5"/>
    <interval begin="14100.00" end="14200.00" id="inductionLoop.N0" nVehContrib="3" flow="108.00" occupancy="1.20" speed="12.60" harmonicMeanSpeed="12.49" length="5.00" nVehEntered="3"/>
    <interval begin="14200.00" end="14300.00" id="inductionLoop.N0" nVehContrib="4" flow="144.00" occupancy="1.60" speed="12.59" harmonicMeanSpeed="12.51" length="5.00" nVehEntered="4"/>
    <interval begin="14300.00" end="14400.00" id="inductionLoop.N0" nVehContrib="4" flow="144.00" occupancy="1.51" speed="13.35" harmonicMeanSpeed="13.27" length="5.00" nVehEntered="4"/>
    <interval begin="14400.00" end="14500.00" id="inductionLoop.N0" nVehContrib="3" flow="108.00" occupancy="1.12" speed="13.50" harmonicMeanSpeed="13.45" length="5.00" nVehEntered="3"/>
    <interval begin="14500.00" end="14600.00" id="inductionLoop.N0" nVehContrib="5" flow="180.00" occupancy="1.91" speed="13.14" harmonicMeanSpeed="13.10" length="5.00" nVehEntered="5"/>
    <interval begin="14600.00" end="14700.00" id="inductionLoop.N0" nVehContrib="6" flow="216.00" occupancy="2.38" speed="12.67" harmonicMeanSpeed="12.59" length="5.00" nVehEntered="6"/>
    <interval begin="14700.00" end="14800.00" id="inductionLoop.N0" nVehContrib="3" flow="108.00" occupancy="1.12" speed="13.43" harmonicMeanSpeed="13.43" length="5.00" nVehEntered="3"/>
    <interval begin="14800.00" end="14900.00" id="inductionLoop.N0" nVehContrib="4" flow="144.00" occupancy="1.57" speed="12.75" harmonicMeanSpeed="12.75" length="5.00" nVehEntered="4"/>
    <interval begin="14900.00" end="15000.00" id="inductionLoop.N0" nVehContrib="4" flow="144.00" occupancy="1.53" speed="13.06" harmonicMeanSpeed="13.06" length="5.00" nVehEntered="4"/>
    <interval begin="15000.00" end="15100.00" id="inductionLoop.N0" nVehContrib="4" flow="144.00" occupancy="1.55" speed="12.93" harmonicMeanSpeed="12.89" length="5.00" nVehEntered="4"/>
    <interval begin="15100.00" end="15200.00" id="inductionLoop.N0" nVehContrib="5" flow="180.00" occupancy="1.96" speed="12.80" harmonicMeanSpeed="12.72" length="5.00" nVehEntered="5"/>
    <interval begin="15200.00" end="15300.00" id="inductionLoop.N0" nVehContrib="4" flow="144.00" occupancy="1.57" speed="12.99" harmonicMeanSpeed="12.75" length="5.00" nVehEntered="4"/>
    <interval begin="15300.00" end="15400.00" id="inductionLoop.N0" nVehContrib="6" flow="216.00" occupancy="2.71" speed="11.68" harmonicMeanSpeed="11.07" length="5.00" nVehEntered="6"/>
    <interval begin="15400.00" end="15500.00" id="inductionLoop.N0" nVehContrib="5" flow="180.00" occupancy="1.96" speed="12.79" harmonicMeanSpeed="12.77" length="5.00" nVehEntered="5"/>
    <interval begin="15500.00" end="15600.00" id="inductionLoop.N0" nVehContrib="4" flow="144.00" occupancy="1.55" speed="12.95" harmonicMeanSpeed="12.88" length="5.00" nVehEntered="4"/>
    <interval begin="15600.00" end="15700.00" id="inductionLoop.N0" nVehContrib="6" flow="216.00" occupancy="2.38" speed="12.87" harmonicMeanSpeed="12.63" length="5.00" nVehEntered="6"/>
    <interval begin="15700.00" end="15800.00" id="inductionLoop.N0" nVehContrib="7" flow="252.00" occupancy="2.83" speed="12.49" harmonicMeanSpeed="12.37" length="5.00" nVehEntered="7"/>
    <interval begin="15800.00" end="15900.00" id="inductionLoop.N0" nVehContrib="4" flow="144.00" occupancy="1.73" speed="11.82" harmonicMeanSpeed="11.53" length="5.00" nVehEntered="4"/>
    <interval begin="15900.00" end="16000.00" id="inductionLoop.N0" nVehContrib="7" flow="252.00" occupancy="2.73" speed="12.88" harmonicMeanSpeed="12.83" length="5.00" nVehEntered="7"/>
    <interval begin="16000.00" end="16100.00" id="inductionLoop.N0" nVehContrib="7" flow="252.00" occupancy="3.06" speed="12.29" harmonicMeanSpeed="12.26" length="5.00" nVehEntered="8"/>
    <interval begin="16100.00" end="16200.00" id="inductionLoop.N0" nVehContrib="5" flow="180.00" occupancy="1.97" speed="12.60" harmonicMeanSpeed="12.53" length="5.00" nVehEntered="5"/>
    <interval begin="16200.00" end="16300.00" id="inductionLoop.N0" nVehContrib="5" flow="180.00" occupancy="2.29" speed="12.39" harmonicMeanSpeed="12.33" length="5.00" nVehEntered="6"/>
    <interval begin="16300.00" end="16400.00" id="inductionLoop.N0" nVehContrib="7" flow="252.00" occupancy="3.14" speed="12.62" harmonicMeanSpeed="12.57" length="5.00" nVehEntered="8"/>
    <interval begin="16400.00" end="16500.00" id="inductionLoop.N0" nVehContrib="5" flow="180.00" occupancy="2.17" speed="13.40" harmonicMeanSpeed="13.16" length="5.00" nVehEntered="6"/>
    <interval begin="16500.00" end="16600.00" id="inductionLoop.N0" nVehContrib="6" flow="216.00" occupancy="2.48" speed="12.32" harmonicMeanSpeed="12.08" length="5.00" nVehEntered="6"/>
    <interval begin="16600.00" end="16700.00" id="inductionLoop.N0" nVehContrib="5" flow="180.00" occupancy="1.98" speed="12.75" harmonicMeanSpeed="12.65" length="5.00" nVehEntered="5"/>
    <interval begin="16700.00" end="16800.00" id="inductionLoop.N0" nVehContrib="6" flow="216.00" occupancy="2.52" speed="11.99" harmonicMeanSpeed="11.92" length="5.00" nVehEntered="6"/>
    <interval begin="16800.00" end="16900.00" id="inductionLoop.N0" nVehContrib="3" flow="108.00" occupancy="1.17" speed="13.04" harmonicMeanSpeed="12.87" length="5.00" nVehEntered="3"/>
    <interval begin="16900.00" end="17000.00" id="inductionLoop.N0" nVehContrib="8" flow="288.00" occupancy="3.27" speed="12.41" harmonicMeanSpeed="12.22" length="5.00" nVehEntered="8"/>
    <interval begin="17000.00" end="17100.00" id="inductionLoop.N0" nVehContrib="5" flow="180.00" occupancy="1.93" speed="13.10" harmonicMeanSpeed="12.95" length="5.00" nVehEntered="5"/>
    <interval begin="17100.00" end="17200.00" id="inductionLoop.N0" nVehContrib="6" flow="216.00" occupancy="2.40" speed="12.62" harmonicMeanSpeed="12.51" length="5.00" nVehEntered="6"/>
    <interval begin="17200.00" end="17300.00" id="inductionLoop.N0" nVehContrib="10" flow="360.00" occupancy="5.26" speed="10.90" harmonicMeanSpeed="10.47" length="5.00" nVehEntered="11"/>
    <interval begin="17300.00" end="17400.00" id="inductionLoop.N0" nVehContrib="5" flow="180.00" occupancy="2.15" speed="11.69" harmonicMeanSpeed="11.65" length="5.00" nVehEntered="5"/>
    <interval begin="17400.00" end="17500.00" id="inductionLoop.N0" nVehContrib="10" flow="360.00" occupancy="4.27" speed="12.05" harmonicMeanSpeed="11.70" length="5.00" nVehEntered="10"/>
    <interval begin="17500.00" end="17600.00" id="inductionLoop.N0" nVehContrib="11" flow="396.00" occupancy="7.94" speed="8.76" harmonicMeanSpeed="6.93" length="5.00" nVehEntered="11"/>
    <interval begin="17600.00" end="17700.00" id="inductionLoop.N0" nVehContrib="7" flow="252.00" occupancy="2.84" speed="12.47" harmonicMeanSpeed="12.33" length="5.00" nVehEntered="7"/>
    <interval begin="17700.00" end="17800.00" id="inductionLoop.N0" nVehContrib="8" flow="288.00" occupancy="3.73" speed="12.08" harmonicMeanSpeed="11.87" length="5.00" nVehEntered="9"/>
    <interval begin="17800.00" end="17900.00" id="inductionLoop.N0" nVehContrib="5" flow="180.00" occupancy="2.00" speed="12.61" harmonicMeanSpeed="12.51" length="5.00" nVehEntered="5"/>
    <interval begin="17900.00" end="18000.00" id="inductionLoop.N0" nVehContrib="9" flow="324.00" occupancy="3.84" speed="11.89" harmonicMeanSpeed="11.72" length="5.00" nVehEntered="9"/>
    <interval begin="18000.00" end="18100.00" id="inductionLoop.N0" nVehContrib="6" flow="216.00" occupancy="2.41" speed="12.50" harmonicMeanSpeed="12.46" length="5.00" nVehEntered="6"/>
    <interval begin="18100.00" end="18200.00" id="inductionLoop.N0" nVehContrib="8" flow="288.00" occupancy="4.28" speed="11.17" harmonicMeanSpeed="9.34" length="5.00" nVehEntered="8"/>
    <interval begin="18200.00" end="18300.00" id="inductionLoop.N0" nVehContrib="6" flow="216.00" occupancy="2.51" speed="12.05" harmonicMeanSpeed="11.93" length="5.00" nVehEntered="6"/>
    <interval begin="18300.00" end="18400.00" id="inductionLoop.N0" nVehContrib="6" flow="216.00" occupancy="2.77" speed="10.98" harmonicMeanSpeed="10.82" length="5.00" nVehEntered="6"/>
    <interval begin="18400.00" end="18500.00" id="inductionLoop.N0" nVehContrib="4" flow="144.00" occupancy="1.68" speed="12.00" harmonicMeanSpeed="11.87" length="5.00" nVehEntered="4"/>
    <interval begin="18500.00" end="18600.00" id="inductionLoop.N0" nVehContrib="8" flow="288.00" occupancy="3.23" speed="12.50" harmonicMeanSpeed="12.39" length="5.00" nVehEntered="8"/>
    <interval begin="18600.00" end="18700.00" id="inductionLoop.N0" nVehContrib="5" flow="180.00" occupancy="2.00" speed="12.59" harmonicMeanSpeed="12.53" length="5.00" nVehEntered="5"/>
    <interval begin="18700.00" end="18800.00" id="inductionLoop.N0" nVehContrib="5" flow="180.00" occupancy="1.90" speed="13.28" harmonicMeanSpeed="13.28" length="5.00" nVehEntered="6"/>
    <interval begin="18800.00" end="18900.00" id="inductionLoop.N0" nVehContrib="10" flow="360.00" occupancy="4.17" speed="12.06" harmonicMeanSpeed="11.95" length="5.00" nVehEntered="9"/>
    <interval begin="18900.00" end="19000.00" id="inductionLoop.N0" nVehContrib="6" flow="216.00" occupancy="2.43" speed="12.39" harmonicMeanSpeed="12.34" length="5.00" nVehEntered="6"/>
    <interval begin="19000.00" end="19100.00" id="inductionLoop.N0" nVehContrib="4" flow="144.00" occupancy="1.51" speed="13.31" harmonicMeanSpeed="13.27" length="5.00" nVehEntered="4"/>
    <interval begin="19100.00" end="19200.00" id="inductionLoop.N0" nVehContrib="9" flow="324.00" occupancy="3.84" speed="11.85" harmonicMeanSpeed="11.73" length="5.00" nVehEntered="9"/>
    <interval begin="19200.00" end="19300.00" id="inductionLoop.N0" nVehContrib="8" flow="288.00" occupancy="3.49" speed="11.85" harmonicMeanSpeed="11.45" length="5.00" nVehEntered="8"/>
    <interval begin="19300.00" end="19400.00" id="inductionLoop.N0" nVehContrib="9" flow="324.00" occupancy="3.68" speed="12.36" harmonicMeanSpeed="12.23" length="5.00" nVehEntered="9"/>
    <interval begin="19400.00" end="19500.00" id="inductionLoop.N0" nVehContrib="8" flow="288.00" occupancy="3.21" speed="12.55" harmonicMeanSpeed="12.45" length="5.00" nVehEntered="8"/>
    <interval begin="19500.00" end="19600.00" id="inductionLoop.N0" nVehContrib="7" flow="252.00" occupancy="2.87" speed="12.38" harmonicMeanSpeed="12.19" length="5.00" nVehEntered="7"/>
    <interval begin="19600.00" end="19700.00" id="inductionLoop.N0" nVehContrib="6" flow="216.00" occupancy="2.44" speed="12.47" harmonicMeanSpeed="12.31" length="5.00" nVehEntered="6"/>
    <interval begin="19700.00" end="19800.00" id="inductionLoop.N0" nVehContrib="10" flow="360.00" occupancy="4.07" speed="12.47" harmonicMeanSpeed="12.28" length="5.00" nVehEntered="10"/>
    <interval begin="19800.00" end="19900.00" id="inductionLoop.N0" nVehContrib="7" flow="252.00" occupancy="2.96" speed="11.98" harmonicMeanSpeed="11.83" length="5.00" nVehEntered="7"/>
    <interval begin="19900.00" end="20000.00" id="inductionLoop.N0" nVehContrib="4" flow="144.00" occupancy="1.46" speed="13.74" harmonicMeanSpeed="13.69" length="5.00" nVehEntered="4"/>
    <interval begin="20000.00" end="20100.00" id="inductionLoop.N0" nVehContrib="14" flow="504.00" occupancy="6.46" speed="11.16" harmonicMeanSpeed="10.84" length="5.00" nVehEntered="14"/>
    <interval begin="20100.00" end="20200.00" id="inductionLoop.N0" nVehContrib="12" flow="432.00" occupancy="5.48" speed="11.22" harmonicMeanSpeed="10.96" length="5.00" nVehEntered="12"/>
    <interval begin="20200.00" end="20300.00" id="inductionLoop.N0" nVehContrib="13" flow="468.00" occupancy="8.11" speed="10.14" harmonicMeanSpeed="8.05" length="5.00" nVehEntered="15"/>
    <interval begin="20300.00" end="20400.00" id="inductionLoop.N0" nVehContrib="12" flow="432.00" occupancy="5.74" speed="11.52" harmonicMeanSpeed="11.31" length="5.00" nVehEntered="12"/>
    <interval begin="20400.00" end="20500.00" id="inductionLoop.N0" nVehContrib="12" flow="432.00" occupancy="9.48" speed="9.91" harmonicMeanSpeed="6.33" length="5.00" nVehEntered="12"/>
    <interval begin="20500.00" end="20600.00" id="inductionLoop.N0" nVehContrib="9" flow="324.00" occupancy="3.55" speed="12.80" harmonicMeanSpeed="12.68" length="5.00" nVehEntered="9"/>
    <interval begin="20600.00" end="20700.00" id="inductionLoop.N0" nVehContrib="11" flow="396.00" occupancy="4.57" speed="12.06" harmonicMeanSpeed="12.03" length="5.00" nVehEntered="11"/>
    <interval begin="20700.00" end="20800.00" id="inductionLoop.N0" nVehContrib="12" flow="432.00" occupancy="12.16" speed="7.49" harmonicMeanSpeed="4.93" length="5.00" nVehEntered="12"/>
    <interval begin="20800.00" end="20900.00" id="inductionLoop.N0" nVehContrib="11" flow="396.00" occupancy="11.54" speed="8.50" harmonicMeanSpeed="4.77" length="5.00" nVehEntered="11"/>
    <interval begin="20900.00" end="21000.00" id="inductionLoop.N0" nVehContrib="17" flow="612.00" occupancy="14.96" speed="8.50" harmonicMeanSpeed="5.83" length="5.00" nVehEntered="18"/>
    <interval begin="21000.00" end="21100.00" id="inductionLoop.N0" nVehContrib="9" flow="324.00" occupancy="12.93" speed="6.75" harmonicMeanSpeed="3.48" length="5.00" nVehEntered="9"/>
    <interval begin="21100.00" end="21200.00" id="inductionLoop.N0" nVehContrib="11" flow="396.00" occupancy="4.53" speed="12.37" harmonicMeanSpeed="12.14" length="5.00" nVehEntered="11"/>
    <interval begin="21200.00" end="21300.00" id="inductionLoop.N0" nVehContrib="10" flow="360.00" occupancy="4.60" speed="11.34" harmonicMeanSpeed="10.86" length="5.00" nVehEntered="10"/>
    <interval begin="21300.00" end="21400.00" id="inductionLoop.N0" nVehContrib="11" flow="396.00" occupancy="14.06" speed="8.19" harmonicMeanSpeed="3.91" length="5.00" nVehEntered="11"/>
    <interval begin="21400.00" end="21500.00" id="inductionLoop.N0" nVehContrib="13" flow="468.00" occupancy="37.61" speed="3.28" harmonicMeanSpeed="1.82" length="5.00" nVehEntered="14"/>
    <interval begin="21500.00" end="21600.00" id="inductionLoop.N0" nVehContrib="14" flow="504.00" occupancy="15.16" speed="6.76" harmonicMeanSpeed="4.11" length="5.00" nVehEntered="13"/>
    <interval begin="21600.00" end="21700.00" id="inductionLoop.N0" nVehContrib="9" flow="324.00" occupancy="21.28" speed="4.09" harmonicMeanSpeed="2.11" length="5.00" nVehEntered="9"/>
    <interval begin="21700.00" end="21800.00" id="inductionLoop.N0" nVehContrib="13" flow="468.00" occupancy="7.57" speed="10.20" harmonicMeanSpeed="8.59" length="5.00" nVehEntered="13"/>
    <interval begin="21800.00" end="21900.00" id="inductionLoop.N0" nVehContrib="9" flow="324.00" occupancy="6.32" speed="8.27" harmonicMeanSpeed="7.12" length="5.00" nVehEntered="9"/>
    <interval begin="21900.00" end="22000.00" id="inductionLoop.N0" nVehContrib="11" flow="396.00" occupancy="15.99" speed="5.16" harmonicMeanSpeed="3.44" length="5.00" nVehEntered="11"/>
    <interval begin="22000.00" end="22100.00" id="inductionLoop.N0" nVehContrib="10" flow="360.00" occupancy="5.85" speed="10.17" harmonicMeanSpeed="8.84" length="5.00" nVehEntered="11"/>
    <interval begin="22100.00" end="22200.00" id="inductionLoop.N0" nVehContrib="12" flow="432.00" occupancy="11.50" speed="9.05" harmonicMeanSpeed="5.22" length="5.00" nVehEntered="12"/>
    <interval begin="22200.00" end="22300.00" id="inductionLoop.N0" nVehContrib="12" flow="432.00" occupancy="5.87" speed="10.57" harmonicMeanSpeed="10.22" length="5.00" nVehEntered="12"/>
    <interval begin="22300.00" end="22400.00" id="inductionLoop.N0" nVehContrib="11" flow="396.00" occupancy="6.19" speed="10.10" harmonicMeanSpeed="8.89" length="5.00" nVehEntered="11"/>
    <interval begin="22400.00" end="22500.00" id="inductionLoop.N0" nVehContrib="14" flow="504.00" occupancy="8.32" speed="9.97" harmonicMeanSpeed="8.89" length="5.00" nVehEntered="15"/>
    <interval begin="22500.00" end="22600.00" id="inductionLoop.N0" nVehContrib="13" flow="468.00" occupancy="18.91" speed="5.38" harmonicMeanSpeed="3.44" length="5.00" nVehEntered="13"/>
    <interval begin="22600.00" end="22700.00" id="inductionLoop.N0" nVehContrib="10" flow="360.00" occupancy="5.94" speed="10.66" harmonicMeanSpeed="8.85" length="5.00" nVehEntered="11"/>
    <interval begin="22700.00" end="22800.00" id="inductionLoop.N0" nVehContrib="15" flow="540.00" occupancy="17.80" speed="6.46" harmonicMeanSpeed="4.21" length="5.00" nVehEntered="15"/>
    <interval begin="22800.00" end="22900.00" id="inductionLoop.N0" nVehContrib="14" flow="504.00" occupancy="18.11" speed="6.72" harmonicMeanSpeed="3.86" length="5.00" nVehEntered="14"/>
    <interval begin="22900.00" end="23000.00" id="inductionLoop.N0" nVehContrib="14" flow="504.00" occupancy="19.74" speed="5.26" harmonicMeanSpeed="3.55" length="5.00" nVehEntered="14"/>
    <interval begin="23000.00" end="23100.00" id="inductionLoop.N0" nVehContrib="12" flow="432.00" occupancy="15.78" speed="7.21" harmonicMeanSpeed="3.86" length="5.00" nVehEntered="13"/>
    <interval begin="23100.00" end="23200.00" id="inductionLoop.N0" nVehContrib="15" flow="540.00" occupancy="20.26" speed="5.32" harmonicMeanSpeed="3.66" length="5.00" nVehEntered="14"/>
    <interval begin="23200.00" end="23300.00" id="inductionLoop.N0" nVehContrib="13" flow="468.00" occupancy="19.11" speed="5.34" harmonicMeanSpeed="3.40" length="5.00" nVehEntered="13"/>
    <interval begin="23300.00" end="23400.00" id="inductionLoop.N0" nVehContrib="12" flow="432.00" occupancy="19.08" speed="5.45" harmonicMeanSpeed="3.15" length="5.00" nVehEntered="12"/>
    <interval begin="23400.00" end="23500.00" id="inductionLoop.N0" nVehContrib="15" flow="540.00" occupancy="31.03" speed="4.10" harmonicMeanSpeed="2.42" length="5.00" nVehEntered="15"/>
    <interval begin="23500.00" end="23600.00" id="inductionLoop.N0" nVehContrib="16" flow="576.00" occupancy="45.16" speed="3.13" harmonicMeanSpeed="1.85" length="5.00" nVehEntered="17"/>
    <interval begin="23600.00" end="23700.00" id="inductionLoop.N0" nVehContrib="18" flow="648.00" occupancy="31.54" speed="5.02" harmonicMeanSpeed="2.85" length="5.00" nVehEntered="19"/>
    <interval begin="23700.00" end="23800.00" id="inductionLoop.N0" nVehContrib="16" flow="576.00" occupancy="34.91" speed="3.97" harmonicMeanSpeed="2.20" length="5.00" nVehEntered="15"/>
    <interval begin="23800.00" end="23900.00" id="inductionLoop.N0" nVehContrib="18" flow="648.00" occupancy="26.40" speed="4.54" harmonicMeanSpeed="3.41" length="5.00" nVehEntered="18"/>
    <interval begin="23900.00" end="24000.00" id="inductionLoop.N0" nVehContrib="14" flow="504.00" occupancy="15.90" speed="7.27" harmonicMeanSpeed="4.40" length="5.00" nVehEntered="14"/>
    <interval begin="24000.00" end="24100.00" id="inductionLoop.N0" nVehContrib="11" flow="396.00" occupancy="5.85" speed="10.31" harmonicMeanSpeed="9.41" length="5.00" nVehEntered="11"/>
    <interval begin="24100.00" end="24200.00" id="inductionLoop.N0" nVehContrib="16" flow="576.00" occupancy="15.04" speed="8.25" harmonicMeanSpeed="5.85" length="5.00" nVehEntered="18"/>
    <interval begin="24200.00" end="24300.00" id="inductionLoop.N0" nVehContrib="15" flow="540.00" occupancy="15.34" speed="7.77" harmonicMeanSpeed="4.89" length="5.00" nVehEntered="15"/>
    <interval begin="24300.00" end="24400.00" id="inductionLoop.N0" nVehContrib="16" flow="576.00" occupancy="9.56" speed="9.97" harmonicMeanSpeed="8.37" length="5.00" nVehEntered="16"/>
    <interval begin="24400.00" end="24500.00" id="inductionLoop.N0" nVehContrib="12" flow="432.00" occupancy="17.86" speed="5.58" harmonicMeanSpeed="3.46" length="5.00" nVehEntered="13"/>
    <interval begin="24500.00" end="24600.00" id="inductionLoop.N0" nVehContrib="17" flow="612.00" occupancy="33.39" speed="4.38" harmonicMeanSpeed="2.55" length="5.00" nVehEntered="17"/>
    <interval begin="24600.00" end="24700.00" id="inductionLoop.N0" nVehContrib="16" flow="576.00" occupancy="15.39" speed="7.30" harmonicMeanSpeed="5.20" length="5.00" nVehEntered="16"/>
    <interval begin="24700.00" end="24800.00" id="inductionLoop.N0" nVehContrib="17" flow="612.00" occupancy="35.37" speed="4.00" harmonicMeanSpeed="2.40" length="5.00" nVehEntered="17"/>
    <interval begin="24800.00" end="24900.00" id="inductionLoop.N0" nVehContrib="15" flow="540.00" occupancy="32.15" speed="3.89" harmonicMeanSpeed="2.33" length="5.00" nVehEntered="15"/>
    <interval begin="24900.00" end="25000.00" id="inductionLoop.N0" nVehContrib="19" flow="684.00" occupancy="23.22" speed="5.44" harmonicMeanSpeed="4.09" length="5.00" nVehEntered="19"/>
    <interval begin="25000.00" end="25100.00" id="inductionLoop.N0" nVehContrib="17" flow="612.00" occupancy="32.17" speed="4.07" harmonicMeanSpeed="2.64" length="5.00" nVehEntered="17"/>
    <interval begin="25100.00" end="25200.00" id="inductionLoop.N0" nVehContrib="14" flow="504.00" occupancy="27.85" speed="4.17" harmonicMeanSpeed="2.52" length="5.00" nVehEntered="15"/>
    <interval begin="25200.00" end="25300.00" id="inductionLoop.N0" nVehContrib="16" flow="576.00" occupancy="37.48" speed="3.69" harmonicMeanSpeed="2.13" length="5.00" nVehEntered="16"/>
    <interval begin="25300.00" end="25400.00" id="inductionLoop.N0" nVehContrib="19" flow="684.00" occupancy="31.76" speed="4.21" harmonicMeanSpeed="2.99" length="5.00" nVehEntered="19"/>
    <interval begin="25400.00" end="25500.00" id="inductionLoop.N0" nVehContrib="18" flow="648.00" occupancy="32.25" speed="4.56" harmonicMeanSpeed="2.84" length="5.00" nVehEntered="19"/>
    <interval begin="25500.00" end="25600.00" id="inductionLoop.N0" nVehContrib="17" flow="612.00" occupancy="33.75" speed="4.05" harmonicMeanSpeed="2.48" length="5.00" nVehEntered="16"/>
    <interval begin="25600.00" end="25700.00" id="inductionLoop.N0" nVehContrib="18" flow="648.00" occupancy="32.11" speed="5.12" harmonicMeanSpeed="3.14" length="5.00" nVehEntered="19"/>
    <interval begin="25700.00" end="25800.00" id="inductionLoop.N0" nVehContrib="17" flow="612.00" occupancy="33.00" speed="4.19" harmonicMeanSpeed="2.33" length="5.00" nVehEntered="16"/>
    <interval begin="25800.00" end="25900.00" id="inductionLoop.N0" nVehContrib="17" flow="612.00" occupancy="31.19" speed="4.54" harmonicMeanSpeed="2.93" length="5.00" nVehEntered="18"/>
    <interval begin="25900.00" end="26000.00" id="inductionLoop.N0" nVehContrib="20" flow="720.00" occupancy="34.97" speed="4.24" harmonicMeanSpeed="2.79" length="5.00" nVehEntered="20"/>
    <interval begin="26000.00" end="26100.00" id="inductionLoop.N0" nVehContrib="15" flow="540.00" occupancy="38.25" speed="3.10" harmonicMeanSpeed="1.94" length="5.00" nVehEntered="15"/>
    <interval begin="26100.00" end="26200.00" id="inductionLoop.N0" nVehContrib="13" flow="468.00" occupancy="22.39" speed="5.37" harmonicMeanSpeed="2.80" length="5.00" nVehEntered="12"/>
    <interval begin="26200.00" end="26300.00" id="inductionLoop.N0" nVehContrib="11" flow="396.00" occupancy="8.32" speed="9.07" harmonicMeanSpeed="7.83" length="5.00" nVehEntered="12"/>
    <interval begin="26300.00" end="26400.00" id="inductionLoop.N0" nVehContrib="13" flow="468.00" occupancy="10.01" speed="9.27" harmonicMeanSpeed="6.64" length="5.00" nVehEntered="14"/>
    <interval begin="26400.00" end="26500.00" id="inductionLoop.N0" nVehContrib="10" flow="360.00" occupancy="4.99" speed="10.22" harmonicMeanSpeed="10.02" length="5.00" nVehEntered="10"/>
    <interval begin="26500.00" end="26600.00" id="inductionLoop.N0" nVehContrib="7" flow="252.00" occupancy="2.92" speed="12.11" harmonicMeanSpeed="11.98" length="5.00" nVehEntered="7"/>
    <interval begin="26600.00" end="26700.00" id="inductionLoop.N0" nVehContrib="10" flow="360.00" occupancy="9.12" speed="9.38" harmonicMeanSpeed="5.48" length="5.00" nVehEntered="10"/>
    <interval begin="26700.00" end="26800.00" id="inductionLoop.N0" nVehContrib="13" flow="468.00" occupancy="5.87" speed="11.41" harmonicMeanSpeed="11.07" length="5.00" nVehEntered="13"/>
    <interval begin="26800.00" end="26900.00" id="inductionLoop.N0" nVehContrib="9" flow="324.00" occupancy="11.74" speed="6.53" harmonicMeanSpeed="4.06" length="5.00" nVehEntered="10"/>
    <interval begin="26900.00" end="27000.00" id="inductionLoop.N0" nVehContrib="16" flow="576.00" occupancy="24.11" speed="4.92" harmonicMeanSpeed="3.47" length="5.00" nVehEntered="17"/>
    <interval begin="27000.00" end="27100.00" id="inductionLoop.N0" nVehContrib="15" flow="540.00" occupancy="29.80" speed="3.91" harmonicMeanSpeed="2.56" length="5.00" nVehEntered="16"/>
    <interval begin="27100.00" end="27200.00" id="inductionLoop.N0" nVehContrib="8" flow="288.00" occupancy="12.37" speed="4.34" harmonicMeanSpeed="3.23" length="5.00" nVehEntered="8"/>
    <interval begin="27200.00" end="27300.00" id="inductionLoop.N0" nVehContrib="15" flow="540.00" occupancy="19.77" speed="5.55" harmonicMeanSpeed="3.79" length="5.00" nVehEntered="15"/>
    <interval begin="27300.00" end="27400.00" id="inductionLoop.N0" nVehContrib="12" flow="432.00" occupancy="15.74" speed="5.81" harmonicMeanSpeed="3.81" length="5.00" nVehEntered="12"/>
    <interval begin="27400.00" end="27500.00" id="inductionLoop.N0" nVehContrib="9" flow="324.00" occupancy="6.63" speed="9.75" harmonicMeanSpeed="7.49" length="5.00" nVehEntered="11"/>
    <interval begin="27500.00" end="27600.00" id="inductionLoop.N0" nVehContrib="11" flow="396.00" occupancy="12.22" speed="8.32" harmonicMeanSpeed="4.97" length="5.00" nVehEntered="12"/>
    <interval begin="27600.00" end="27700.00" id="inductionLoop.N0" nVehContrib="15" flow="540.00" occupancy="19.83" speed="6.78" harmonicMeanSpeed="3.78" length="5.00" nVehEntered="15"/>
    <interval begin="27700.00" end="27800.00" id="inductionLoop.N0" nVehContrib="16" flow="576.00" occupancy="18.84" speed="7.29" harmonicMeanSpeed="4.36" length="5.00" nVehEntered="17"/>
    <interval begin="27800.00" end="27900.00" id="inductionLoop.N0" nVehContrib="13" flow="468.00" occupancy="27.45" speed="4.38" harmonicMeanSpeed="2.37" length="5.00" nVehEntered="13"/>
    <interval begin="27900.00" end="28000.00" id="inductionLoop.N0" nVehContrib="12" flow="432.00" occupancy="13.10" speed="7.57" harmonicMeanSpeed="4.58" length="5.00" nVehEntered="12"/>
    <interval begin="28000.00" end="28100.00" id="inductionLoop.N0" nVehContrib="15" flow="540.00" occupancy="18.31" speed="6.59" harmonicMeanSpeed="4.10" length="5.00" nVehEntered="15"/>
    <interval begin="28100.00" end="28200.00" id="inductionLoop.N0" nVehContrib="14" flow="504.00" occupancy="11.41" speed="9.16" harmonicMeanSpeed="6.13" length="5.00" nVehEntered="14"/>
    <interval begin="28200.00" end="28300.00" id="inductionLoop.N0" nVehContrib="11" flow="396.00" occupancy="6.54" speed="10.86" harmonicMeanSpeed="8.92" length="5.00" nVehEntered="12"/>
    <interval begin="28300.00" end="28400.00" id="inductionLoop.N0" nVehContrib="6" flow="216.00" occupancy="2.25" speed="13.46" harmonicMeanSpeed="13.34" length="5.00" nVehEntered="6"/>
    <interval begin="28400.00" end="28500.00" id="inductionLoop.N0" nVehContrib="3" flow="108.00" occupancy="1.16" speed="13.01" harmonicMeanSpeed="12.93" length="5.00" nVehEntered="3"/>
    <interval begin="28500.00" end="28600.00" id="inductionLoop.N0" nVehContrib="9" flow="324.00" occupancy="7.01" speed="9.33" harmonicMeanSpeed="6.82" length="5.00" nVehEntered="10"/>
    <interval begin="28600.00" end="28700.00" id="inductionLoop.N0" nVehContrib="10" flow="360.00" occupancy="4.10" speed="12.47" harmonicMeanSpeed="12.20" length="5.00" nVehEntered="10"/>
    <interval begin="28700.00" end="28800.00" id="inductionLoop.N0" nVehContrib="8" flow="288.00" occupancy="3.71" speed="12.08" harmonicMeanSpeed="11.92" length="5.00" nVehEntered="9"/>
    <interval begin="28800.00" end="28900.00" id="inductionLoop.N0" nVehContrib="8" flow="288.00" occupancy="3.40" speed="12.27" harmonicMeanSpeed="11.88" length="5.00" nVehEntered="9"/>
    <interval begin="28900.00" end="29000.00" id="inductionLoop.N0" nVehContrib="10" flow="360.00" occupancy="5.93" speed="10.07" harmonicMeanSpeed="8.39" length="5.00" nVehEntered="9"/>
    <interval begin="29000.00" end="29100.00" id="inductionLoop.N0" nVehContrib="10" flow="360.00" occupancy="8.94" speed="9.21" harmonicMeanSpeed="5.77" length="5.00" nVehEntered="11"/>
    <interval begin="29100.00" end="29200.00" id="inductionLoop.N0" nVehContrib="12" flow="432.00" occupancy="9.80" speed="8.38" harmonicMeanSpeed="6.12" length="5.00" nVehEntered="12"/>
    <interval begin="29200.00" end="29300.00" id="inductionLoop.N0" nVehContrib="13" flow="468.00" occupancy="9.09" speed="9.29" harmonicMeanSpeed="7.25" length="5.00" nVehEntered="14"/>
    <interval begin="29300.00" end="29400.00" id="inductionLoop.N0" nVehContrib="10" flow="360.00" occupancy="4.69" speed="11.98" harmonicMeanSpeed="11.48" length="5.00" nVehEntered="11"/>
    <interval begin="29400.00" end="29500.00" id="inductionLoop.N0" nVehContrib="12" flow="432.00" occupancy="7.56" speed="10.24" harmonicMeanSpeed="7.84" length="5.00" nVehEntered="12"/>
    <interval begin="29500.00" end="29600.00" id="inductionLoop.N0" nVehContrib="9" flow="324.00" occupancy="3.93" speed="11.61" harmonicMeanSpeed="11.45" length="5.00" nVehEntered="9"/>
    <interval begin="29600.00" end="29700.00" id="inductionLoop.N0" nVehContrib="10" flow="360.00" occupancy="4.21" speed="12.93" harmonicMeanSpeed="12.82" length="5.00" nVehEntered="11"/>
    <interval begin="29700.00" end="29800.00" id="inductionLoop.N0" nVehContrib="7" flow="252.00" occupancy="3.92" speed="10.81" harmonicMeanSpeed="10.52" length="5.00" nVehEntered="9"/>
    <interval begin="29800.00" end="29900.00" id="inductionLoop.N0" nVehContrib="13" flow="468.00" occupancy="5.63" speed="11.78" harmonicMeanSpeed="11.52" length="5.00" nVehEntered="12"/>
    <interval begin="29900.00" end="30000.00" id="inductionLoop.N0" nVehContrib="11" flow="396.00" occupancy="4.73" speed="11.95" harmonicMeanSpeed="11.63" length="5.00" nVehEntered="11"/>
    <interval begin="30000.00" end="30100.00" id="inductionLoop.N0" nVehContrib="6" flow="216.00" occupancy="2.61" speed="11.83" harmonicMeanSpeed="11.51" length="5.00" nVehEntered="6"/>
    <interval begin="30100.00" end="30200.00" id="inductionLoop.N0" nVehContrib="5" flow="180.00" occupancy="1.88" speed="13.40" harmonicMeanSpeed="13.29" length="5.00" nVehEntered="5"/>
    <interval begin="30200.00" end="30300.00" id="inductionLoop.N0" nVehContrib="6" flow="216.00" occupancy="2.62" speed="11.61" harmonicMeanSpeed="11.44" length="5.00" nVehEntered="6"/>
    <interval begin="30300.00" end="30400.00" id="inductionLoop.N0" nVehContrib="9" flow="324.00" occupancy="7.20" speed="10.08" harmonicMeanSpeed="6.25" length="5.00" nVehEntered="9"/>
    <interval begin="30400.00" end="30500.00" id="inductionLoop.N0" nVehContrib="7" flow="252.00" occupancy="2.91" speed="12.45" harmonicMeanSpeed="12.05" length="5.00" nVehEntered="7"/>
    <interval begin="30500.00" end="30600.00" id="inductionLoop.N0" nVehContrib="8" flow="288.00" occupancy="3.28" speed="12.33" harmonicMeanSpeed="12.21" length="5.00" nVehEntered="8"/>
    <interval begin="30600.00" end="30700.00" id="inductionLoop.N0" nVehContrib="5" flow="180.00" occupancy="2.28" speed="11.28" harmonicMeanSpeed="10.97" length="5.00" nVehEntered="5"/>
    <interval begin="30700.00" end="30800.00" id="inductionLoop.N0" nVehContrib="0" flow="0.00" occupancy="0.00" speed="-1.00" harmonicMeanSpeed="-1.00" length="-1.00" nVehEntered="0"/>
    <interval begin="30800.00" end="30900.00" id="inductionLoop.N0" nVehContrib="0" flow="0.00" occupancy="0.00" speed="-1.00" harmonicMeanSpeed="-1.00" length="-1.00" nVehEntered="0"/>
    <interval begin="30900.00" end="31000.00" id="inductionLoop.N0" nVehContrib="0" flow="0.00" occupancy="0.00" speed="-1.00" harmonicMeanSpeed="-1.00" length="-1.00" nVehEntered="0"/>
    <interval begin="31000.00" end="31100.00" id="inductionLoop.N0" nVehContrib="0" flow="0.00" occupancy="0.00" speed="-1.00" harmonicMeanSpeed="-1.00" length="-1.00" nVehEntered="0"/>
    <interval begin="31100.00" end="31200.00" id="inductionLoop.N0" nVehContrib="0" flow="0.00" occupancy="0.00" speed="-1.00" harmonicMeanSpeed="-1.00" length="-1.00" nVehEntered="0"/>
    <interval begin="31200.00" end="31300.00" id="inductionLoop.N0" nVehContrib="0" flow="0.00" occupancy="0.00" speed="-1.00" harmonicMeanSpeed="-1.00" length="-1.00" nVehEntered="0"/>
    <interval begin="31300.00" end="31400.00" id="inductionLoop.N0" nVehContrib="0" flow="0.00" occupancy="0.00" speed="-1.00" harmonicMeanSpeed="-1.00" length="-1.00" nVehEntered="0"/>
    <interval begin="31400.00" end="31500.00" id="inductionLoop.N0" nVehContrib="0" flow="0.00" occupancy="0.00" speed="-1.00" harmonicMeanSpeed="-1.00" length="-1.00" nVehEntered="0"/>
    <interval begin="31500.00" end="31600.00" id="inductionLoop.N0" nVehContrib="0" flow="0.00" occupancy="0.00" speed="-1.00" harmonicMeanSpeed="-1.00" length="-1.00" nVehEntered="0"/>
    <interval begin="31600.00" end="31700.00" id="inductionLoop.N0" nVehContrib="1" flow="36.00" occupancy="0.39" speed="12.89" harmonicMeanSpeed="12.89" length="5.00" nVehEntered="1"/>
    <interval begin="31700.00" end="31800.00" id="inductionLoop.N0" nVehContrib="1" flow="36.00" occupancy="0.35" speed="14.24" harmonicMeanSpeed="14.24" length="5.00" nVehEntered="1"/>
    <interval begin="31800.00" end="31900.00" id="inductionLoop.N0" nVehContrib="1" flow="36.00" occupancy="0.38" speed="13.28" harmonicMeanSpeed="13.28" length="5.00" nVehEntered="1"/>
    <interval begin="31900.00" end="32000.00" id="inductionLoop.N0" nVehContrib="4" flow="144.00" occupancy="1.58" speed="12.70" harmonicMeanSpeed="12.65" length="5.00" nVehEntered="4"/>
    <interval begin="32000.00" end="32100.00" id="inductionLoop.N0" nVehContrib="3" flow="108.00" occupancy="1.17" speed="12.88" harmonicMeanSpeed="12.86" length="5.00" nVehEntered="3"/>
    <interval begin="32100.00" end="32200.00" id="inductionLoop.N0" nVehContrib="3" flow="108.00" occupancy="1.13" speed="13.30" harmonicMeanSpeed="13.30" length="5.00" nVehEntered="3"/>
    <interval begin="32200.00" end="32300.00" id="inductionLoop.N0" nVehContrib="6" flow="216.00" occupancy="2.48" speed="12.18" harmonicMeanSpeed="12.10" length="5.00" nVehEntered="6"/>
    <interval begin="32300.00" end="32400.00" id="inductionLoop.N0" nVehContrib="4" flow="144.00" occupancy="1.54" speed="13.02" harmonicMeanSpeed="12.98" length="5.00" nVehEntered="4"/>
    <interval begin="32400.00" end="32500.00" id="inductionLoop.N0" nVehContrib="4" flow="144.00" occupancy="1.51" speed="13.31" harmonicMeanSpeed="13.26" length="5.00" nVehEntered="4"/>
    <interval begin="32500.00" end="32600.00" id="inductionLoop.N0" nVehContrib="6" flow="216.00" occupancy="2.64" speed="12.56" harmonicMeanSpeed="12.39" length="5.00" nVehEntered="7"/>
    <interval begin="32600.00" end="32700.00" id="inductionLoop.N0" nVehContrib="2" flow="72.00" occupancy="0.73" speed="13.70" harmonicMeanSpeed="13.68" length="5.00" nVehEntered="2"/>
    <interval begin="32700.00" end="32800.00" id="inductionLoop.N0" nVehContrib="5" flow="180.00" occupancy="1.98" speed="12.66" harmonicMeanSpeed="12.65" length="5.00" nVehEntered="5"/>
    <interval begin="32800.00" end="32900.00" id="inductionLoop.N0" nVehContrib="12" flow="432.00" occupancy="6.79" speed="10.92" harmonicMeanSpeed="9.56" length="5.00" nVehEntered="14"/>
    <interval begin="32900.00" end="33000.00" id="inductionLoop.N0" nVehContrib="9" flow="324.00" occupancy="4.90" speed="9.97" harmonicMeanSpeed="9.51" length="5.00" nVehEntered="10"/>
    <interval begin="33000.00" end="33100.00" id="inductionLoop.N0" nVehContrib="12" flow="432.00" occupancy="6.94" speed="10.50" harmonicMeanSpeed="9.26" length="5.00" nVehEntered="13"/>
    <interval begin="33100.00" end="33200.00" id="inductionLoop.N0" nVehContrib="12" flow="432.00" occupancy="5.06" speed="12.09" harmonicMeanSpeed="11.86" length="5.00" nVehEntered="12"/>
    <interval begin="33200.00" end="33300.00" id="inductionLoop.N0" nVehContrib="10" flow="360.00" occupancy="5.60" speed="10.48" harmonicMeanSpeed="9.48" length="5.00" nVehEntered="11"/>
    <interval begin="33300.00" end="33400.00" id="inductionLoop.N0" nVehContrib="10" flow="360.00" occupancy="6.01" speed="10.16" harmonicMeanSpeed="8.32" length="5.00" nVehEntered="10"/>
    <interval begin="33400.00" end="33500.00" id="inductionLoop.N0" nVehContrib="7" flow="252.00" occupancy="2.86" speed="12.55" harmonicMeanSpeed="12.26" length="5.00" nVehEntered="7"/>
    <interval begin="33500.00" end="33600.00" id="inductionLoop.N0" nVehContrib="6" flow="216.00" occupancy="2.25" speed="13.50" harmonicMeanSpeed="13.33" length="5.00" nVehEntered="6"/>
    <interval begin="33600.00" end="33700.00" id="inductionLoop.N0" nVehContrib="6" flow="216.00" occupancy="2.67" speed="11.48" harmonicMeanSpeed="11.25" length="5.00" nVehEntered="6"/>
    <interval begin="33700.00" end="33800.00" id="inductionLoop.N0" nVehContrib="0" flow="0.00" occupancy="0.00" speed="-1.00" harmonicMeanSpeed="-1.00" length="-1.00" nVehEntered="0"/>
    <interval begin="33800.00" end="33900.00" id="inductionLoop.N0" nVehContrib="0" flow="0.00" occupancy="0.00" speed="-1.00" harmonicMeanSpeed="-1.00" length="-1.00" nVehEntered="0"/>
    <interval begin="33900.00" end="34000.00" id="inductionLoop.N0" nVehContrib="0" flow="0.00" occupancy="0.00" speed="-1.00" harmonicMeanSpeed="-1.00" length="-1.00" nVehEntered="0"/>
    <interval begin="34000.00" end="34100.00" id="inductionLoop.N0" nVehContrib="0" flow="0.00" occupancy="0.00" speed="-1.00" harmonicMeanSpeed="-1.00" length="-1.00" nVehEntered="0"/>
    <interval begin="34100.00" end="34200.00" id="inductionLoop.N0" nVehContrib="0" flow="0.00" occupancy="0.00" speed="-1.00" harmonicMeanSpeed="-1.00" length="-1.00" nVehEntered="0"/>
    <interval begin="34200.00" end="34300.00" id="inductionLoop.N0" nVehContrib="4" flow="144.00" occupancy="1.68" speed="12.11" harmonicMeanSpeed="11.94" length="5.00" nVehEntered="4"/>
    <interval begin="34300.00" end="34400.00" id="inductionLoop.N0" nVehContrib="4" flow="144.00" occupancy="1.46" speed="13.75" harmonicMeanSpeed="13.73" length="5.00" nVehEntered="4"/>
    <interval begin="34400.00" end="34500.00" id="inductionLoop.N0" nVehContrib="7" flow="252.00" occupancy="3.13" speed="11.44" harmonicMeanSpeed="11.17" length="5.00" nVehEntered="7"/>
    <interval begin="34500.00" end="34600.00" id="inductionLoop.N0" nVehContrib="10" flow="360.00" occupancy="4.54" speed="11.34" harmonicMeanSpeed="11.02" length="5.00" nVehEntered="10"/>
    <interval begin="34600.00" end="34700.00" id="inductionLoop.N0" nVehContrib="12" flow="432.00" occupancy="8.97" speed="8.32" harmonicMeanSpeed="6.69" length="5.00" nVehEntered="12"/>
    <interval begin="34700.00" end="34800.00" id="inductionLoop.N0" nVehContrib="17" flow="612.00" occupancy="38.94" speed="3.27" harmonicMeanSpeed="2.18" length="5.00" nVehEntered="17"/>
    <interval begin="34800.00" end="34900.00" id="inductionLoop.N0" nVehContrib="15" flow="540.00" occupancy="21.81" speed="5.32" harmonicMeanSpeed="3.44" length="5.00" nVehEntered="15"/>
    <interval begin="34900.00" end="35000.00" id="inductionLoop.N0" nVehContrib="13" flow="468.00" occupancy="27.44" speed="4.21" harmonicMeanSpeed="2.46" length="5.00" nVehEntered="14"/>
    <interval begin="35000.00" end="35100.00" id="inductionLoop.N0" nVehContrib="18" flow="648.00" occupancy="23.53" speed="6.45" harmonicMeanSpeed="3.82" length="5.00" nVehEntered="18"/>
    <interval begin="35100.00" end="35200.00" id="inductionLoop.N0" nVehContrib="16" flow="576.00" occupancy="16.87" speed="8.28" harmonicMeanSpeed="4.84" length="5.00" nVehEntered="17"/>
    <interval begin="35200.00" end="35300.00" id="inductionLoop.N0" nVehContrib="12" flow="432.00" occupancy="12.29" speed="7.89" harmonicMeanSpeed="5.00" length="5.00" nVehEntered="13"/>
    <interval begin="35300.00" end="35400.00" id="inductionLoop.N0" nVehContrib="13" flow="468.00" occupancy="11.46" speed="7.95" harmonicMeanSpeed="5.67" length="5.00" nVehEntered="13"/>
    <interval begin="35400.00" end="35500.00" id="inductionLoop.N0" nVehContrib="13" flow="468.00" occupancy="17.14" speed="8.41" harmonicMeanSpeed="4.67" length="5.00" nVehEntered="14"/>
    <interval begin="35500.00" end="35600.00" id="inductionLoop.N0" nVehContrib="12" flow="432.00" occupancy="9.36" speed="8.03" harmonicMeanSpeed="4.76" length="5.00" nVehEntered="11"/>
    <interval begin="35600.00" end="35700.00" id="inductionLoop.N0" nVehContrib="11" flow="396.00" occupancy="29.08" speed="4.22" harmonicMeanSpeed="1.91" length="5.00" nVehEntered="13"/>
    <interval begin="35700.00" end="35800.00" id="inductionLoop.N0" nVehContrib="13" flow="468.00" occupancy="16.19" speed="5.30" harmonicMeanSpeed="3.95" length="5.00" nVehEntered="12"/>
    <interval begin="35800.00" end="35900.00" id="inductionLoop.N0" nVehContrib="6" flow="216.00" occupancy="3.54" speed="10.83" harmonicMeanSpeed="8.48" length="5.00" nVehEntered="6"/>
    <interval begin="35900.00" end="36000.00" id="inductionLoop.N0" nVehContrib="10" flow="360.00" occupancy="4.00" speed="12.60" harmonicMeanSpeed="12.49" length="5.00" nVehEntered="10"/>
    <interval begin="36000.00" end="36100.00" id="inductionLoop.N0" nVehContrib="17" flow="612.00" occupancy="11.38" speed="10.62" harmonicMeanSpeed="7.47" length="5.00" nVehEntered="17"/>
    <interval begin="36100.00" end="36200.00" id="inductionLoop.N0" nVehContrib="13" flow="468.00" occupancy="11.55" speed="8.58" harmonicMeanSpeed="5.80" length="5.00" nVehEntered="14"/>
    <interval begin="36200.00" end="36300.00" id="inductionLoop.N0" nVehContrib="13" flow="468.00" occupancy="15.83" speed="6.59" harmonicMeanSpeed="4.11" length="5.00" nVehEntered="13"/>
    <interval begin="36300.00" end="36400.00" id="inductionLoop.N0" nVehContrib="18" flow="648.00" occupancy="24.60" speed="5.32" harmonicMeanSpeed="3.66" length="5.00" nVehEntered="18"/>
    <interval begin="36400.00" end="36500.00" id="inductionLoop.N0" nVehContrib="12" flow="432.00" occupancy="8.13" speed="10.33" harmonicMeanSpeed="8.49" length="5.00" nVehEntered="13"/>
    <interval begin="36500.00" end="36600.00" id="inductionLoop.N0" nVehContrib="11" flow="396.00" occupancy="5.82" speed="11.88" harmonicMeanSpeed="11.73" length="5.00" nVehEntered="13"/>
    <interval begin="36600.00" end="36700.00" id="inductionLoop.N0" nVehContrib="10" flow="360.00" occupancy="8.35" speed="10.22" harmonicMeanSpeed="6.77" length="5.00" nVehEntered="12"/>
    <interval begin="36700.00" end="36800.00" id="inductionLoop.N0" nVehContrib="17" flow="612.00" occupancy="18.08" speed="7.44" harmonicMeanSpeed="4.85" length="5.00" nVehEntered="17"/>
    <interval begin="36800.00" end="36900.00" id="inductionLoop.N0" nVehContrib="13" flow="468.00" occupancy="14.22" speed="6.59" harmonicMeanSpeed="4.29" length="5.00" nVehEntered="12"/>
    <interval begin="36900.00" end="37000.00" id="inductionLoop.N0" nVehContrib="15" flow="540.00" occupancy="25.20" speed="4.89" harmonicMeanSpeed="2.98" length="5.00" nVehEntered="15"/>
    <interval begin="37000.00" end="37100.00" id="inductionLoop.N0" nVehContrib="10" flow="360.00" occupancy="22.81" speed="4.43" harmonicMeanSpeed="2.26" length="5.00" nVehEntered="11"/>
    <interval begin="37100.00" end="37200.00" id="inductionLoop.N0" nVehContrib="13" flow="468.00" occupancy="19.96" speed="4.29" harmonicMeanSpeed="3.26" length="5.00" nVehEntered="13"/>
    <interval begin="37200.00" end="37300.00" id="inductionLoop.N0" nVehContrib="13" flow="468.00" occupancy="20.20" speed="5.13" harmonicMeanSpeed="3.22" length="5.00" nVehEntered="14"/>
    <interval begin="37300.00" end="37400.00" id="inductionLoop.N0" nVehContrib="14" flow="504.00" occupancy="16.93" speed="5.74" harmonicMeanSpeed="4.13" length="5.00" nVehEntered="14"/>
    <interval begin="37400.00" end="37500.00" id="inductionLoop.N0" nVehContrib="14" flow="504.00" occupancy="14.14" speed="8.15" harmonicMeanSpeed="4.95" length="5.00" nVehEntered="14"/>
    <interval begin="37500.00" end="37600.00" id="inductionLoop.N0" nVehContrib="15" flow="540.00" occupancy="23.07" speed="5.92" harmonicMeanSpeed="3.33" length="5.00" nVehEntered="16"/>
    <interval begin="37600.00" end="37700.00" id="inductionLoop.N0" nVehContrib="14" flow="504.00" occupancy="25.11" speed="5.09" harmonicMeanSpeed="2.79" length="5.00" nVehEntered="14"/>
    <interval begin="37700.00" end="37800.00" id="inductionLoop.N0" nVehContrib="17" flow="612.00" occupancy="23.41" speed="6.16" harmonicMeanSpeed="3.63" length="5.00" nVehEntered="17"/>
    <interval begin="37800.00" end="37900.00" id="inductionLoop.N0" nVehContrib="14" flow="504.00" occupancy="13.09" speed="8.70" harmonicMeanSpeed="5.35" length="5.00" nVehEntered="14"/>
    <interval begin="37900.00" end="38000.00" id="inductionLoop.N0" nVehContrib="14" flow="504.00" occupancy="14.26" speed="7.32" harmonicMeanSpeed="5.09" length="5.00" nVehEntered="15"/>
    <interval begin="38000.00" end="38100.00" id="inductionLoop.N0" nVehContrib="17" flow="612.00" occupancy="19.63" speed="6.24" harmonicMeanSpeed="4.33" length="5.00" nVehEntered="17"/>
    <interval begin="38100.00" end="38200.00" id="inductionLoop.N0" nVehContrib="12" flow="432.00" occupancy="37.94" speed="1.94" harmonicMeanSpeed="1.60" length="5.00" nVehEntered="13"/>
    <interval begin="38200.00" end="38300.00" id="inductionLoop.N0" nVehContrib="17" flow="612.00" occupancy="27.63" speed="4.56" harmonicMeanSpeed="3.08" length="5.00" nVehEntered="17"/>
    <interval begin="38300.00" end="38400.00" id="inductionLoop.N0" nVehContrib="18" flow="648.00" occupancy="36.80" speed="4.00" harmonicMeanSpeed="2.44" length="5.00" nVehEntered="18"/>
    <interval begin="38400.00" end="38500.00" id="inductionLoop.N0" nVehContrib="15" flow="540.00" occupancy="24.36" speed="4.95" harmonicMeanSpeed="3.44" length="5.00" nVehEntered="15"/>
    <interval begin="38500.00" end="38600.00" id="inductionLoop.N0" nVehContrib="14" flow="504.00" occupancy="10.78" speed="7.79" harmonicMeanSpeed="5.16" length="5.00" nVehEntered="13"/>
    <interval begin="38600.00" end="38700.00" id="inductionLoop.N0" nVehContrib="16" flow="576.00" occupancy="21.53" speed="5.73" harmonicMeanSpeed="3.72" length="5.00" nVehEntered="16"/>
    <interval begin="38700.00" end="38800.00" id="inductionLoop.N0" nVehContrib="15" flow="540.00" occupancy="26.79" speed="6.50" harmonicMeanSpeed="3.13" length="5.00" nVehEntered="16"/>
    <interval begin="38800.00" end="38900.00" id="inductionLoop.N0" nVehContrib="13" flow="468.00" occupancy="32.46" speed="3.11" harmonicMeanSpeed="1.84" length="5.00" nVehEntered="12"/>
    <interval begin="38900.00" end="39000.00" id="inductionLoop.N0" nVehContrib="19" flow="684.00" occupancy="34.97" speed="4.37" harmonicMeanSpeed="2.74" length="5.00" nVehEntered="20"/>
    <interval begin="39000.00" end="39100.00" id="inductionLoop.N0" nVehContrib="19" flow="684.00" occupancy="44.38" speed="3.72" harmonicMeanSpeed="2.13" length="5.00" nVehEntered="18"/>
    <interval begin="39100.00" end="39200.00" id="inductionLoop.N0" nVehContrib="24" flow="864.00" occupancy="38.10" speed="4.84" harmonicMeanSpeed="3.15" length="5.00" nVehEntered="24"/>
    <interval begin="39200.00" end="39300.00" id="inductionLoop.N0" nVehContrib="14" flow="504.00" occupancy="34.98" speed="3.12" harmonicMeanSpeed="2.00" length="5.00" nVehEntered="14"/>
    <interval begin="39300.00" end="39400.00" id="inductionLoop.N0" nVehContrib="13" flow="468.00" occupancy="33.53" speed="3.49" harmonicMeanSpeed="2.13" length="5.00" nVehEntered="14"/>
    <interval begin="39400.00" end="39500.00" id="inductionLoop.N0" nVehContrib="15" flow="540.00" occupancy="35.20" speed="3.35" harmonicMeanSpeed="1.96" length="5.00" nVehEntered="14"/>
    <interval begin="39500.00" end="39600.00" id="inductionLoop.N0" nVehContrib="21" flow="756.00" occupancy="45.17" speed="3.59" harmonicMeanSpeed="2.33" length="5.00" nVehEntered="22"/>
    <interval begin="39600.00" end="39700.00" id="inductionLoop.N0" nVehContrib="12" flow="432.00" occupancy="27.77" speed="3.49" harmonicMeanSpeed="2.18" length="5.00" nVehEntered="12"/>
    <interval begin="39700.00" end="39800.00" id="inductionLoop.N0" nVehContrib="13" flow="468.00" occupancy="35.16" speed="2.76" harmonicMeanSpeed="1.92" length="5.00" nVehEntered="13"/>
    <interval begin="39800.00" end="39900.00" id="inductionLoop.N0" nVehContrib="21" flow="756.00" occupancy="37.84" speed="4.33" harmonicMeanSpeed="2.66" length="5.00" nVehEntered="20"/>
    <interval begin="39900.00" end="40000.00" id="inductionLoop.N0" nVehContrib="21" flow="756.00" occupancy="39.38" speed="4.28" harmonicMeanSpeed="2.77" length="5.00" nVehEntered="22"/>
    <interval begin="40000.00" end="40100.00" id="inductionLoop.N0" nVehContrib="22" flow="792.00" occupancy="32.32" speed="5.14" harmonicMeanSpeed="3.25" length="5.00" nVehEntered="21"/>
    <interval begin="40100.00" end="40200.00" id="inductionLoop.N0" nVehContrib="12" flow="432.00" occupancy="17.36" speed="6.20" harmonicMeanSpeed="3.86" length="5.00" nVehEntered="13"/>
    <interval begin="40200.00" end="40300.00" id="inductionLoop.N0" nVehContrib="18" flow="648.00" occupancy="39.86" speed="3.25" harmonicMeanSpeed="2.18" length="5.00" nVehEntered="18"/>
    <interval begin="40300.00" end="40400.00" id="inductionLoop.N0" nVehContrib="17" flow="612.00" occupancy="29.12" speed="4.36" harmonicMeanSpeed="2.92" length="5.00" nVehEntered="17"/>
    <interval begin="40400.00" end="40500.00" id="inductionLoop.N0" nVehContrib="22" flow="792.00" occupancy="26.41" speed="6.32" harmonicMeanSpeed="4.08" length="5.00" nVehEntered="21"/>
    <interval begin="40500.00" end="40600.00" id="inductionLoop.N0" nVehContrib="15" flow="540.00" occupancy="30.03" speed="4.42" harmonicMeanSpeed="2.87" length="5.00" nVehEntered="18"/>
    <interval begin="40600.00" end="40700.00" id="inductionLoop.N0" nVehContrib="15" flow="540.00" occupancy="35.23" speed="2.81" harmonicMeanSpeed="2.00" length="5.00" nVehEntered="14"/>
    <interval begin="40700.00" end="40800.00" id="inductionLoop.N0" nVehContrib="19" flow="684.00" occupancy="18.97" speed="6.97" harmonicMeanSpeed="5.01" length="5.00" nVehEntered="19"/>
    <interval begin="40800.00" end="40900.00" id="inductionLoop.N0" nVehContrib="15" flow="540.00" occupancy="34.50" speed="3.40" harmonicMeanSpeed="2.17" length="5.00" nVehEntered="15"/>
    <interval begin="40900.00" end="41000.00" id="inductionLoop.N0" nVehContrib="24" flow="864.00" occupancy="45.71" speed="4.09" harmonicMeanSpeed="2.74" length="5.00" nVehEntered="25"/>
    <interval begin="41000.00" end="41100.00" id="inductionLoop.N0" nVehContrib="15" flow="540.00" occupancy="23.61" speed="4.54" harmonicMeanSpeed="2.93" length="5.00" nVehEntered="14"/>
    <interval begin="41100.00" end="41200.00" id="inductionLoop.N0" nVehContrib="32" flow="1152.00" occupancy="42.37" speed="5.31" harmonicMeanSpeed="3.78" length="5.00" nVehEntered="32"/>
    <interval begin="41200.00" end="41300.00" id="inductionLoop.N0" nVehContrib="11" flow="396.00" occupancy="24.92" speed="3.95" harmonicMeanSpeed="2.57" length="5.00" nVehEntered="12"/>
    <interval begin="41300.00" end="41400.00" id="inductionLoop.N0" nVehContrib="14" flow="504.00" occupancy="25.07" speed="4.49" harmonicMeanSpeed="2.46" length="5.00" nVehEntered="14"/>
    <interval begin="41400.00" end="41500.00" id="inductionLoop.N0" nVehContrib="28" flow="1008.00" occupancy="47.09" speed="4.78" harmonicMeanSpeed="3.09" length="5.00" nVehEntered="28"/>
    <interval begin="41500.00" end="41600.00" id="inductionLoop.N0" nVehContrib="13" flow="468.00" occupancy="25.99" speed="3.76" harmonicMeanSpeed="2.33" length="5.00" nVehEntered="12"/>
    <interval begin="41600.00" end="41700.00" id="inductionLoop.N0" nVehContrib="16" flow="576.00" occupancy="24.85" speed="5.18" harmonicMeanSpeed="3.22" length="5.00" nVehEntered="16"/>
    <interval begin="41700.00" end="41800.00" id="inductionLoop.N0" nVehContrib="24" flow="864.00" occupancy="30.99" speed="5.56" harmonicMeanSpeed="3.87" length="5.00" nVehEntered="24"/>
    <interval begin="41800.00" end="41900.00" id="inductionLoop.N0" nVehContrib="12" flow="432.00" occupancy="27.30" speed="3.83" harmonicMeanSpeed="2.20" length="5.00" nVehEntered="12"/>
    <interval begin="41900.00" end="42000.00" id="inductionLoop.N0" nVehContrib="18" flow="648.00" occupancy="39.39" speed="3.67" harmonicMeanSpeed="2.28" length="5.00" nVehEntered="18"/>
    <interval begin="42000.00" end="42100.00" id="inductionLoop.N0" nVehContrib="18" flow="648.00" occupancy="43.18" speed="3.48" harmonicMeanSpeed="2.08" length="5.00" nVehEntered="18"/>
    <interval begin="42100.00" end="42200.00" id="inductionLoop.N0" nVehContrib="16" flow="576.00" occupancy="34.52" speed="3.35" harmonicMeanSpeed="2.32" length="5.00" nVehEntered="16"/>
    <interval begin="42200.00" end="42300.00" id="inductionLoop.N0" nVehContrib="21" flow="756.00" occupancy="35.91" speed="4.81" harmonicMeanSpeed="2.92" length="5.00" nVehEntered="21"/>
    <interval begin="42300.00" end="42400.00" id="inductionLoop.N0" nVehContrib="20" flow="720.00" occupancy="35.93" speed="4.61" harmonicMeanSpeed="2.85" length="5.00" nVehEntered="21"/>
    <interval begin="42400.00" end="42500.00" id="inductionLoop.N0" nVehContrib="13" flow="468.00" occupancy="38.56" speed="2.22" harmonicMeanSpeed="1.70" length="5.00" nVehEntered="13"/>
    <interval begin="42500.00" end="42600.00" id="inductionLoop.N0" nVehContrib="26" flow="936.00" occupancy="22.25" speed="7.77" harmonicMeanSpeed="5.58" length="5.00" nVehEntered="25"/>
    <interval begin="42600.00" end="42700.00" id="inductionLoop.N0" nVehContrib="20" flow="720.00" occupancy="31.66" speed="6.94" harmonicMeanSpeed="3.56" length="5.00" nVehEntered="22"/>
    <interval begin="42700.00" end="42800.00" id="inductionLoop.N0" nVehContrib="23" flow="828.00" occupancy="25.57" speed="7.31" harmonicMeanSpeed="4.15" length="5.00" nVehEntered="23"/>
    <interval begin="42800.00" end="42900.00" id="inductionLoop.N0" nVehContrib="16" flow="576.00" occupancy="37.45" speed="5.11" harmonicMeanSpeed="2.14" length="5.00" nVehEntered="17"/>
    <interval begin="42900.00" end="43000.00" id="inductionLoop.N0" nVehContrib="28" flow="1008.00" occupancy="41.91" speed="5.30" harmonicMeanSpeed="3.32" length="5.00" nVehEntered="28"/>
    <interval begin="43000.00" end="43100.00" id="inductionLoop.N0" nVehContrib="20" flow="720.00" occupancy="40.05" speed="3.99" harmonicMeanSpeed="2.50" length="5.00" nVehEntered="20"/>
    <interval begin="43100.00" end="43200.00" id="inductionLoop.N0" nVehContrib="12" flow="432.00" occupancy="6.43" speed="9.62" harmonicMeanSpeed="9.33" length="5.00" nVehEntered="12"/>
    <interval begin="43200.00" end="43300.00" id="inductionLoop.N0" nVehContrib="8" flow="288.00" occupancy="12.78" speed="6.82" harmonicMeanSpeed="3.13" length="5.00" nVehEntered="8"/>
    <interval begin="43300.00" end="43400.00" id="inductionLoop.N0" nVehContrib="18" flow="648.00" occupancy="38.96" speed="3.59" harmonicMeanSpeed="2.31" length="5.00" nVehEntered="18"/>
    <interval begin="43400.00" end="43500.00" id="inductionLoop.N0" nVehContrib="13" flow="468.00" occupancy="37.70" speed="2.88" harmonicMeanSpeed="1.83" length="5.00" nVehEntered="14"/>
    <interval begin="43500.00" end="43600.00" id="inductionLoop.N0" nVehContrib="23" flow="828.00" occupancy="46.62" speed="3.88" harmonicMeanSpeed="2.36" length="5.00" nVehEntered="22"/>
    <interval begin="43600.00" end="43700.00" id="inductionLoop.N0" nVehContrib="12" flow="432.00" occupancy="40.22" speed="1.82" harmonicMeanSpeed="1.57" length="5.00" nVehEntered="13"/>
    <interval begin="43700.00" end="43800.00" id="inductionLoop.N0" nVehContrib="23" flow="828.00" occupancy="22.04" speed="7.26" harmonicMeanSpeed="4.80" length="5.00" nVehEntered="22"/>
    <interval begin="43800.00" end="43900.00" id="inductionLoop.N0" nVehContrib="12" flow="432.00" occupancy="29.62" speed="4.65" harmonicMeanSpeed="2.03" length="5.00" nVehEntered="12"/>
    <interval begin="43900.00" end="44000.00" id="inductionLoop.N0" nVehContrib="16" flow="576.00" occupancy="25.36" speed="5.42" harmonicMeanSpeed="3.65" length="5.00" nVehEntered="17"/>
    <interval begin="44000.00" end="44100.00" id="inductionLoop.N0" nVehContrib="20" flow="720.00" occupancy="20.25" speed="6.76" harmonicMeanSpeed="4.29" length="5.00" nVehEntered="20"/>
    <interval begin="44100.00" end="44200.00" id="inductionLoop.N0" nVehContrib="25" flow="900.00" occupancy="46.91" speed="4.71" harmonicMeanSpeed="2.93" length="5.00" nVehEntered="26"/>
    <interval begin="44200.00" end="44300.00" id="inductionLoop.N0" nVehContrib="12" flow="432.00" occupancy="23.75" speed="4.39" harmonicMeanSpeed="2.53" length="5.00" nVehEntered="12"/>
    <interval begin="44300.00" end="44400.00" id="inductionLoop.N0" nVehContrib="23" flow="828.00" occupancy="20.05" speed="7.90" harmonicMeanSpeed="5.74" length="5.00" nVehEntered="23"/>
    <interval begin="44400.00" end="44500.00" id="inductionLoop.N0" nVehContrib="14" flow="504.00" occupancy="23.48" speed="5.60" harmonicMeanSpeed="3.19" length="5.00" nVehEntered="15"/>
    <interval begin="44500.00" end="44600.00" id="inductionLoop.N0" nVehContrib="28" flow="1008.00" occupancy="15.43" speed="9.26" harmonicMeanSpeed="8.27" length="5.00" nVehEntered="27"/>
    <interval begin="44600.00" end="44700.00" id="inductionLoop.N0" nVehContrib="16" flow="576.00" occupancy="23.80" speed="4.75" harmonicMeanSpeed="3.78" length="5.00" nVehEntered="18"/>
    <interval begin="44700.00" end="44800.00" id="inductionLoop.N0" nVehContrib="22" flow="792.00" occupancy="32.66" speed="4.65" harmonicMeanSpeed="3.12" length="5.00" nVehEntered="21"/>
    <interval begin="44800.00" end="44900.00" id="inductionLoop.N0" nVehContrib="17" flow="612.00" occupancy="20.39" speed="6.77" harmonicMeanSpeed="4.27" length="5.00" nVehEntered="18"/>
    <interval begin="44900.00" end="45000.00" id="inductionLoop.N0" nVehContrib="18" flow="648.00" occupancy="21.59" speed="7.02" harmonicMeanSpeed="4.08" length="5.00" nVehEntered="17"/>
    <interval begin="45000.00" end="45100.00" id="inductionLoop.N0" nVehContrib="18" flow="648.00" occupancy="34.74" speed="3.82" harmonicMeanSpeed="2.59" length="5.00" nVehEntered="18"/>
    <interval begin="45100.00" end="45200.00" id="inductionLoop.N0" nVehContrib="16" flow="576.00" occupancy="16.30" speed="7.44" harmonicMeanSpeed="4.91" length="5.00" nVehEntered="16"/>
    <interval begin="45200.00" end="45300.00" id="inductionLoop.N0" nVehContrib="18" flow="648.00" occupancy="47.60" speed="3.31" harmonicMeanSpeed="2.07" length="5.00" nVehEntered="20"/>
    <interval begin="45300.00" end="45400.00" id="inductionLoop.N0" nVehContrib="14" flow="504.00" occupancy="16.12" speed="6.47" harmonicMeanSpeed="3.97" length="5.00" nVehEntered="13"/>
    <interval begin="45400.00" end="45500.00" id="inductionLoop.N0" nVehContrib="19" flow="684.00" occupancy="29.08" speed="5.71" harmonicMeanSpeed="3.27" length="5.00" nVehEntered="19"/>
    <interval begin="45500.00" end="45600.00" id="inductionLoop.N0" nVehContrib="13" flow="468.00" occupancy="12.89" speed="7.15" harmonicMeanSpeed="5.04" length="5.00" nVehEntered="13"/>
    <interval begin="45600.00" end="45700.00" id="inductionLoop.N0" nVehContrib="20" flow="720.00" occupancy="8.57" speed="12.21" harmonicMeanSpeed="11.91" length="5.00" nVehEntered="22"/>
    <interval begin="45700.00" end="45800.00" id="inductionLoop.N0" nVehContrib="15" flow="540.00" occupancy="17.82" speed="6.56" harmonicMeanSpeed="4.21" length="5.00" nVehEntered="15"/>
    <interval begin="45800.00" end="45900.00" id="inductionLoop.N0" nVehContrib="26" flow="936.00" occupancy="35.06" speed="6.77" harmonicMeanSpeed="4.15" length="5.00" nVehEntered="28"/>
    <interval begin="45900.00" end="46000.00" id="inductionLoop.N0" nVehContrib="9" flow="324.00" occupancy="11.37" speed="5.22" harmonicMeanSpeed="3.96" length="5.00" nVehEntered="9"/>
    <interval begin="46000.00" end="46100.00" id="inductionLoop.N0" nVehContrib="30" flow="1080.00" occupancy="26.47" speed="8.82" harmonicMeanSpeed="5.75" length="5.00" nVehEntered="31"/>
    <interval begin="46100.00" end="46200.00" id="inductionLoop.N0" nVehContrib="13" flow="468.00" occupancy="15.41" speed="6.43" harmonicMeanSpeed="4.39" length="5.00" nVehEntered="14"/>
    <interval begin="46200.00" end="46300.00" id="inductionLoop.N0" nVehContrib="20" flow="720.00" occupancy="53.36" speed="3.09" harmonicMeanSpeed="1.95" length="5.00" nVehEntered="20"/>
    <interval begin="46300.00" end="46400.00" id="inductionLoop.N0" nVehContrib="12" flow="432.00" occupancy="28.80" speed="3.72" harmonicMeanSpeed="1.91" length="5.00" nVehEntered="11"/>
    <interval begin="46400.00" end="46500.00" id="inductionLoop.N0" nVehContrib="29" flow="1044.00" occupancy="33.25" speed="6.69" harmonicMeanSpeed="4.38" length="5.00" nVehEntered="30"/>
    <interval begin="46500.00" end="46600.00" id="inductionLoop.N0" nVehContrib="16" flow="576.00" occupancy="9.37" speed="10.15" harmonicMeanSpeed="8.38" length="5.00" nVehEntered="15"/>
    <interval begin="46600.00" end="46700.00" id="inductionLoop.N0" nVehContrib="25" flow="900.00" occupancy="40.35" speed="5.15" harmonicMeanSpeed="3.10" length="5.00" nVehEntered="25"/>
    <interval begin="46700.00" end="46800.00" id="inductionLoop.N0" nVehContrib="13" flow="468.00" occupancy="15.89" speed="5.27" harmonicMeanSpeed="4.09" length="5.00" nVehEntered="13"/>
    <interval begin="46800.00" end="46900.00" id="inductionLoop.N0" nVehContrib="22" flow="792.00" occupancy="44.71" speed="3.93" harmonicMeanSpeed="2.46" length="5.00" nVehEntered="22"/>
    <interval begin="46900.00" end="47000.00" id="inductionLoop.N0" nVehContrib="11" flow="396.00" occupancy="29.38" speed="3.29" harmonicMeanSpeed="1.87" length="5.00" nVehEntered="11"/>
    <interval begin="47000.00" end="47100.00" id="inductionLoop.N0" nVehContrib="26" flow="936.00" occupancy="45.72" speed="4.24" harmonicMeanSpeed="2.87" length="5.00" nVehEntered="27"/>
    <interval begin="47100.00" end="47200.00" id="inductionLoop.N0" nVehContrib="14" flow="504.00" occupancy="23.82" speed="4.40" harmonicMeanSpeed="2.96" length="5.00" nVehEntered="14"/>
    <interval begin="47200.00" end="47300.00" id="inductionLoop.N0" nVehContrib="15" flow="540.00" occupancy="35.03" speed="3.55" harmonicMeanSpeed="2.11" length="5.00" nVehEntered="14"/>
    <interval begin="47300.00" end="47400.00" id="inductionLoop.N0" nVehContrib="15" flow="540.00" occupancy="39.93" speed="2.72" harmonicMeanSpeed="1.88" length="5.00" nVehEntered="15"/>
    <interval begin="47400.00" end="47500.00" id="inductionLoop.N0" nVehContrib="20" flow="720.00" occupancy="22.39" speed="5.93" harmonicMeanSpeed="4.47" length="5.00" nVehEntered="20"/>
    <interval begin="47500.00" end="47600.00" id="inductionLoop.N0" nVehContrib="26" flow="936.00" occupancy="45.52" speed="4.70" harmonicMeanSpeed="2.97" length="5.00" nVehEntered="27"/>
    <interval begin="47600.00" end="47700.00" id="inductionLoop.N0" nVehContrib="19" flow="684.00" occupancy="27.30" speed="4.73" harmonicMeanSpeed="3.28" length="5.00" nVehEntered="18"/>
    <interval begin="47700.00" end="47800.00" id="inductionLoop.N0" nVehContrib="12" flow="432.00" occupancy="24.39" speed="3.83" harmonicMeanSpeed="2.46" length="5.00" nVehEntered="12"/>
    <interval begin="47800.00" end="47900.00" id="inductionLoop.N0" nVehContrib="17" flow="612.00" occupancy="46.16" speed="2.59" harmonicMeanSpeed="1.88" length="5.00" nVehEntered="18"/>
    <interval begin="47900.00" end="48000.00" id="inductionLoop.N0" nVehContrib="16" flow="576.00" occupancy="26.38" speed="4.59" harmonicMeanSpeed="2.93" length="5.00" nVehEntered="15"/>
    <interval begin="48000.00" end="48100.00" id="inductionLoop.N0" nVehContrib="19" flow="684.00" occupancy="35.95" speed="4.47" harmonicMeanSpeed="2.64" length="5.00" nVehEntered="19"/>
    <interval begin="48100.00" end="48200.00" id="inductionLoop.N0" nVehContrib="26" flow="936.00" occupancy="34.38" speed="5.59" harmonicMeanSpeed="3.78" length="5.00" nVehEntered="26"/>
    <interval begin="48200.00" end="48300.00" id="inductionLoop.N0" nVehContrib="14" flow="504.00" occupancy="24.24" speed="4.79" harmonicMeanSpeed="3.26" length="5.00" nVehEntered="15"/>
    <interval begin="48300.00" end="48400.00" id="inductionLoop.N0" nVehContrib="31" flow="1116.00" occupancy="41.62" speed="5.34" harmonicMeanSpeed="3.73" length="5.00" nVehEntered="31"/>
    <interval begin="48400.00" end="48500.00" id="inductionLoop.N0" nVehContrib="8" flow="288.00" occupancy="12.38" speed="4.21" harmonicMeanSpeed="2.62" length="5.00" nVehEntered="7"/>
    <interval begin="48500.00" end="48600.00" id="inductionLoop.N0" nVehContrib="29" flow="1044.00" occupancy="42.33" speed="4.97" harmonicMeanSpeed="3.43" length="5.00" nVehEntered="29"/>
    <interval begin="48600.00" end="48700.00" id="inductionLoop.N0" nVehContrib="15" flow="540.00" occupancy="31.98" speed="3.89" harmonicMeanSpeed="2.35" length="5.00" nVehEntered="15"/>
    <interval begin="48700.00" end="48800.00" id="inductionLoop.N0" nVehContrib="17" flow="612.00" occupancy="29.85" speed="4.54" harmonicMeanSpeed="3.00" length="5.00" nVehEntered="18"/>
    <interval begin="48800.00" end="48900.00" id="inductionLoop.N0" nVehContrib="35" flow="1260.00" occupancy="31.56" speed="6.20" harmonicMeanSpeed="5.29" length="5.00" nVehEntered="34"/>
    <interval begin="48900.00" end="49000.00" id="inductionLoop.N0" nVehContrib="11" flow="396.00" occupancy="29.21" speed="2.92" harmonicMeanSpeed="2.07" length="5.00" nVehEntered="12"/>
    <interval begin="49000.00" end="49100.00" id="inductionLoop.N0" nVehContrib="24" flow="864.00" occupancy="41.59" speed="4.30" harmonicMeanSpeed="2.71" length="5.00" nVehEntered="23"/>
    <interval begin="49100.00" end="49200.00" id="inductionLoop.N0" nVehContrib="11" flow="396.00" occupancy="25.41" speed="3.70" harmonicMeanSpeed="2.32" length="5.00" nVehEntered="12"/>
    <interval begin="49200.00" end="49300.00" id="inductionLoop.N0" nVehContrib="38" flow="1368.00" occupancy="37.17" speed="5.99" harmonicMeanSpeed="4.89" length="5.00" nVehEntered="37"/>
    <interval begin="49300.00" end="49400.00" id="inductionLoop.N0" nVehContrib="45" flow="1620.00" occupancy="25.04" speed="9.76" harmonicMeanSpeed="8.99" length="5.00" nVehEntered="45"/>
    <interval begin="49400.00" end="49500.00" id="inductionLoop.N0" nVehContrib="6" flow="216.00" occupancy="6.44" speed="7.17" harmonicMeanSpeed="4.66" length="5.00" nVehEntered="6"/>
    <interval begin="49500.00" end="49600.00" id="inductionLoop.N0" nVehContrib="23" flow="828.00" occupancy="42.53" speed="4.39" harmonicMeanSpeed="2.70" length="5.00" nVehEntered="23"/>
    <interval begin="49600.00" end="49700.00" id="inductionLoop.N0" nVehContrib="36" flow="1296.00" occupancy="31.15" speed="6.37" harmonicMeanSpeed="5.78" length="5.00" nVehEntered="36"/>
    <interval begin="49700.00" end="49800.00" id="inductionLoop.N0" nVehContrib="4" flow="144.00" occupancy="9.59" speed="2.40" harmonicMeanSpeed="2.09" length="5.00" nVehEntered="4"/>
    <interval begin="49800.00" end="49900.00" id="inductionLoop.N0" nVehContrib="26" flow="936.00" occupancy="45.58" speed="4.75" harmonicMeanSpeed="2.89" length="5.00" nVehEntered="27"/>
    <interval begin="49900.00" end="50000.00" id="inductionLoop.N0" nVehContrib="25" flow="900.00" occupancy="23.72" speed="7.55" harmonicMeanSpeed="5.15" length="5.00" nVehEntered="24"/>
    <interval begin="50000.00" end="50004.00" id="inductionLoop.N0" nVehContrib="0" flow="0.00" occupancy="0.00" speed="-1.00" harmonicMeanSpeed="-1.00" length="-1.00" nVehEntered="0"/>
</detector>
