<?xml version="1.0" encoding="UTF-8"?>

<!-- generated on 2023-07-31 23:07:06 by Eclipse SUMO sumo Version 1.12.0
<configuration xmlns:xsi="http://www.w3.org/2001/XMLSchema-instance" xsi:noNamespaceSchemaLocation="http://sumo.dlr.de/xsd/sumoConfiguration.xsd">

    <input>
        <net-file value="Data0-39/intersection.net.xml"/>
        <route-files value="Data0-39/intersection.rou.xml"/>
        <additional-files value="Data0-39/intersection.det.xml"/>
    </input>

    <output>
        <tripinfo-output value="Data0-39/tripinfo.xml"/>
    </output>

    <time>
        <begin value="0"/>
    </time>

    <processing>
        <time-to-teleport value="-1"/>
        <waiting-time-memory value="60000"/>
    </processing>

    <report>
        <verbose value="true"/>
        <no-step-log value="true"/>
    </report>

    <emissions>
        <device.emissions.probability value="1"/>
    </emissions>

    <traci_server>
        <remote-port value="47883"/>
    </traci_server>

    <gui_only>
        <gui-settings-file value="Data0-39/intersection.settings.xml"/>
    </gui_only>

</configuration>
-->

<detector xmlns:xsi="http://www.w3.org/2001/XMLSchema-instance" xsi:noNamespaceSchemaLocation="http://sumo.dlr.de/xsd/det_e1_file.xsd">
    <interval begin="0.00" end="100.00" id="inductionLoop.N1" nVehContrib="0" flow="0.00" occupancy="0.00" speed="-1.00" harmonicMeanSpeed="-1.00" length="-1.00" nVehEntered="0"/>
    <interval begin="100.00" end="200.00" id="inductionLoop.N1" nVehContrib="1" flow="36.00" occupancy="9.69" speed="7.80" harmonicMeanSpeed="7.80" length="5.00" nVehEntered="2"/>
    <interval begin="200.00" end="300.00" id="inductionLoop.N1" nVehContrib="3" flow="108.00" occupancy="3.00" speed="6.99" harmonicMeanSpeed="5.00" length="5.00" nVehEntered="3"/>
    <interval begin="300.00" end="400.00" id="inductionLoop.N1" nVehContrib="2" flow="72.00" occupancy="0.74" speed="13.67" harmonicMeanSpeed="13.59" length="5.00" nVehEntered="2"/>
    <interval begin="400.00" end="500.00" id="inductionLoop.N1" nVehContrib="5" flow="180.00" occupancy="2.31" speed="11.45" harmonicMeanSpeed="10.83" length="5.00" nVehEntered="5"/>
    <interval begin="500.00" end="600.00" id="inductionLoop.N1" nVehContrib="5" flow="180.00" occupancy="2.28" speed="11.05" harmonicMeanSpeed="10.94" length="5.00" nVehEntered="5"/>
    <interval begin="600.00" end="700.00" id="inductionLoop.N1" nVehContrib="5" flow="180.00" occupancy="3.06" speed="9.80" harmonicMeanSpeed="8.17" length="5.00" nVehEntered="5"/>
    <interval begin="700.00" end="800.00" id="inductionLoop.N1" nVehContrib="2" flow="72.00" occupancy="0.74" speed="13.43" harmonicMeanSpeed="13.42" length="5.00" nVehEntered="2"/>
    <interval begin="800.00" end="900.00" id="inductionLoop.N1" nVehContrib="1" flow="36.00" occupancy="0.37" speed="13.53" harmonicMeanSpeed="13.53" length="5.00" nVehEntered="1"/>
    <interval begin="900.00" end="1000.00" id="inductionLoop.N1" nVehContrib="3" flow="108.00" occupancy="1.18" speed="12.81" harmonicMeanSpeed="12.70" length="5.00" nVehEntered="3"/>
    <interval begin="1000.00" end="1100.00" id="inductionLoop.N1" nVehContrib="1" flow="36.00" occupancy="0.36" speed="13.72" harmonicMeanSpeed="13.72" length="5.00" nVehEntered="1"/>
    <interval begin="1100.00" end="1200.00" id="inductionLoop.N1" nVehContrib="2" flow="72.00" occupancy="0.73" speed="13.83" harmonicMeanSpeed="13.77" length="5.00" nVehEntered="2"/>
    <interval begin="1200.00" end="1300.00" id="inductionLoop.N1" nVehContrib="2" flow="72.00" occupancy="0.78" speed="12.84" harmonicMeanSpeed="12.83" length="5.00" nVehEntered="2"/>
    <interval begin="1300.00" end="1400.00" id="inductionLoop.N1" nVehContrib="3" flow="108.00" occupancy="1.10" speed="13.69" harmonicMeanSpeed="13.68" length="5.00" nVehEntered="3"/>
    <interval begin="1400.00" end="1500.00" id="inductionLoop.N1" nVehContrib="1" flow="36.00" occupancy="1.08" speed="4.62" harmonicMeanSpeed="4.62" length="5.00" nVehEntered="1"/>
    <interval begin="1500.00" end="1600.00" id="inductionLoop.N1" nVehContrib="1" flow="36.00" occupancy="0.34" speed="14.60" harmonicMeanSpeed="14.60" length="5.00" nVehEntered="1"/>
    <interval begin="1600.00" end="1700.00" id="inductionLoop.N1" nVehContrib="3" flow="108.00" occupancy="6.81" speed="2.93" harmonicMeanSpeed="2.20" length="5.00" nVehEntered="3"/>
    <interval begin="1700.00" end="1800.00" id="inductionLoop.N1" nVehContrib="1" flow="36.00" occupancy="0.40" speed="12.65" harmonicMeanSpeed="12.65" length="5.00" nVehEntered="1"/>
    <interval begin="1800.00" end="1900.00" id="inductionLoop.N1" nVehContrib="2" flow="72.00" occupancy="0.74" speed="13.49" harmonicMeanSpeed="13.48" length="5.00" nVehEntered="2"/>
    <interval begin="1900.00" end="2000.00" id="inductionLoop.N1" nVehContrib="1" flow="36.00" occupancy="0.36" speed="13.76" harmonicMeanSpeed="13.76" length="5.00" nVehEntered="1"/>
    <interval begin="2000.00" end="2100.00" id="inductionLoop.N1" nVehContrib="2" flow="72.00" occupancy="0.77" speed="13.04" harmonicMeanSpeed="12.91" length="5.00" nVehEntered="2"/>
    <interval begin="2100.00" end="2200.00" id="inductionLoop.N1" nVehContrib="1" flow="36.00" occupancy="0.35" speed="14.34" harmonicMeanSpeed="14.34" length="5.00" nVehEntered="1"/>
    <interval begin="2200.00" end="2300.00" id="inductionLoop.N1" nVehContrib="5" flow="180.00" occupancy="8.83" speed="6.95" harmonicMeanSpeed="2.83" length="5.00" nVehEntered="5"/>
    <interval begin="2300.00" end="2400.00" id="inductionLoop.N1" nVehContrib="5" flow="180.00" occupancy="2.99" speed="9.87" harmonicMeanSpeed="8.37" length="5.00" nVehEntered="5"/>
    <interval begin="2400.00" end="2500.00" id="inductionLoop.N1" nVehContrib="2" flow="72.00" occupancy="0.71" speed="14.03" harmonicMeanSpeed="14.01" length="5.00" nVehEntered="2"/>
    <interval begin="2500.00" end="2600.00" id="inductionLoop.N1" nVehContrib="1" flow="36.00" occupancy="1.08" speed="4.64" harmonicMeanSpeed="4.64" length="5.00" nVehEntered="1"/>
    <interval begin="2600.00" end="2700.00" id="inductionLoop.N1" nVehContrib="0" flow="0.00" occupancy="0.00" speed="-1.00" harmonicMeanSpeed="-1.00" length="-1.00" nVehEntered="0"/>
    <interval begin="2700.00" end="2800.00" id="inductionLoop.N1" nVehContrib="1" flow="36.00" occupancy="0.36" speed="13.74" harmonicMeanSpeed="13.74" length="5.00" nVehEntered="1"/>
    <interval begin="2800.00" end="2900.00" id="inductionLoop.N1" nVehContrib="0" flow="0.00" occupancy="0.00" speed="-1.00" harmonicMeanSpeed="-1.00" length="-1.00" nVehEntered="0"/>
    <interval begin="2900.00" end="3000.00" id="inductionLoop.N1" nVehContrib="1" flow="36.00" occupancy="1.12" speed="4.46" harmonicMeanSpeed="4.46" length="5.00" nVehEntered="1"/>
    <interval begin="3000.00" end="3100.00" id="inductionLoop.N1" nVehContrib="1" flow="36.00" occupancy="0.39" speed="12.84" harmonicMeanSpeed="12.84" length="5.00" nVehEntered="1"/>
    <interval begin="3100.00" end="3200.00" id="inductionLoop.N1" nVehContrib="0" flow="0.00" occupancy="0.00" speed="-1.00" harmonicMeanSpeed="-1.00" length="-1.00" nVehEntered="0"/>
    <interval begin="3200.00" end="3300.00" id="inductionLoop.N1" nVehContrib="2" flow="72.00" occupancy="0.81" speed="12.38" harmonicMeanSpeed="12.35" length="5.00" nVehEntered="2"/>
    <interval begin="3300.00" end="3400.00" id="inductionLoop.N1" nVehContrib="1" flow="36.00" occupancy="0.33" speed="15.26" harmonicMeanSpeed="15.26" length="5.00" nVehEntered="1"/>
    <interval begin="3400.00" end="3500.00" id="inductionLoop.N1" nVehContrib="1" flow="36.00" occupancy="0.35" speed="14.15" harmonicMeanSpeed="14.15" length="5.00" nVehEntered="1"/>
    <interval begin="3500.00" end="3600.00" id="inductionLoop.N1" nVehContrib="4" flow="144.00" occupancy="2.24" speed="10.65" harmonicMeanSpeed="8.94" length="5.00" nVehEntered="4"/>
    <interval begin="3600.00" end="3700.00" id="inductionLoop.N1" nVehContrib="0" flow="0.00" occupancy="0.00" speed="-1.00" harmonicMeanSpeed="-1.00" length="-1.00" nVehEntered="0"/>
    <interval begin="3700.00" end="3800.00" id="inductionLoop.N1" nVehContrib="3" flow="108.00" occupancy="2.06" speed="9.65" harmonicMeanSpeed="7.28" length="5.00" nVehEntered="3"/>
    <interval begin="3800.00" end="3900.00" id="inductionLoop.N1" nVehContrib="1" flow="36.00" occupancy="0.39" speed="12.93" harmonicMeanSpeed="12.93" length="5.00" nVehEntered="1"/>
    <interval begin="3900.00" end="4000.00" id="inductionLoop.N1" nVehContrib="2" flow="72.00" occupancy="0.84" speed="11.93" harmonicMeanSpeed="11.84" length="5.00" nVehEntered="2"/>
    <interval begin="4000.00" end="4100.00" id="inductionLoop.N1" nVehContrib="0" flow="0.00" occupancy="0.00" speed="-1.00" harmonicMeanSpeed="-1.00" length="-1.00" nVehEntered="0"/>
    <interval begin="4100.00" end="4200.00" id="inductionLoop.N1" nVehContrib="1" flow="36.00" occupancy="0.34" speed="14.67" harmonicMeanSpeed="14.67" length="5.00" nVehEntered="1"/>
    <interval begin="4200.00" end="4300.00" id="inductionLoop.N1" nVehContrib="1" flow="36.00" occupancy="0.36" speed="14.04" harmonicMeanSpeed="14.04" length="5.00" nVehEntered="1"/>
    <interval begin="4300.00" end="4400.00" id="inductionLoop.N1" nVehContrib="1" flow="36.00" occupancy="0.39" speed="12.82" harmonicMeanSpeed="12.82" length="5.00" nVehEntered="1"/>
    <interval begin="4400.00" end="4500.00" id="inductionLoop.N1" nVehContrib="2" flow="72.00" occupancy="0.70" speed="14.42" harmonicMeanSpeed="14.24" length="5.00" nVehEntered="2"/>
    <interval begin="4500.00" end="4600.00" id="inductionLoop.N1" nVehContrib="2" flow="72.00" occupancy="0.83" speed="12.05" harmonicMeanSpeed="11.99" length="5.00" nVehEntered="2"/>
    <interval begin="4600.00" end="4700.00" id="inductionLoop.N1" nVehContrib="0" flow="0.00" occupancy="0.00" speed="-1.00" harmonicMeanSpeed="-1.00" length="-1.00" nVehEntered="0"/>
    <interval begin="4700.00" end="4800.00" id="inductionLoop.N1" nVehContrib="0" flow="0.00" occupancy="0.00" speed="-1.00" harmonicMeanSpeed="-1.00" length="-1.00" nVehEntered="0"/>
    <interval begin="4800.00" end="4900.00" id="inductionLoop.N1" nVehContrib="0" flow="0.00" occupancy="0.00" speed="-1.00" harmonicMeanSpeed="-1.00" length="-1.00" nVehEntered="0"/>
    <interval begin="4900.00" end="5000.00" id="inductionLoop.N1" nVehContrib="1" flow="36.00" occupancy="0.35" speed="14.12" harmonicMeanSpeed="14.12" length="5.00" nVehEntered="1"/>
    <interval begin="5000.00" end="5100.00" id="inductionLoop.N1" nVehContrib="2" flow="72.00" occupancy="1.74" speed="9.06" harmonicMeanSpeed="5.76" length="5.00" nVehEntered="2"/>
    <interval begin="5100.00" end="5200.00" id="inductionLoop.N1" nVehContrib="0" flow="0.00" occupancy="0.00" speed="-1.00" harmonicMeanSpeed="-1.00" length="-1.00" nVehEntered="0"/>
    <interval begin="5200.00" end="5300.00" id="inductionLoop.N1" nVehContrib="1" flow="36.00" occupancy="0.40" speed="12.36" harmonicMeanSpeed="12.36" length="5.00" nVehEntered="1"/>
    <interval begin="5300.00" end="5400.00" id="inductionLoop.N1" nVehContrib="2" flow="72.00" occupancy="0.74" speed="13.54" harmonicMeanSpeed="13.54" length="5.00" nVehEntered="2"/>
    <interval begin="5400.00" end="5500.00" id="inductionLoop.N1" nVehContrib="3" flow="108.00" occupancy="1.04" speed="14.42" harmonicMeanSpeed="14.41" length="5.00" nVehEntered="3"/>
    <interval begin="5500.00" end="5600.00" id="inductionLoop.N1" nVehContrib="1" flow="36.00" occupancy="0.35" speed="14.11" harmonicMeanSpeed="14.11" length="5.00" nVehEntered="1"/>
    <interval begin="5600.00" end="5700.00" id="inductionLoop.N1" nVehContrib="2" flow="72.00" occupancy="0.81" speed="12.41" harmonicMeanSpeed="12.41" length="5.00" nVehEntered="2"/>
    <interval begin="5700.00" end="5800.00" id="inductionLoop.N1" nVehContrib="2" flow="72.00" occupancy="1.53" speed="8.26" harmonicMeanSpeed="6.56" length="5.00" nVehEntered="2"/>
    <interval begin="5800.00" end="5900.00" id="inductionLoop.N1" nVehContrib="1" flow="36.00" occupancy="1.32" speed="3.79" harmonicMeanSpeed="3.79" length="5.00" nVehEntered="1"/>
    <interval begin="5900.00" end="6000.00" id="inductionLoop.N1" nVehContrib="1" flow="36.00" occupancy="0.40" speed="12.47" harmonicMeanSpeed="12.47" length="5.00" nVehEntered="1"/>
    <interval begin="6000.00" end="6100.00" id="inductionLoop.N1" nVehContrib="0" flow="0.00" occupancy="0.00" speed="-1.00" harmonicMeanSpeed="-1.00" length="-1.00" nVehEntered="0"/>
    <interval begin="6100.00" end="6200.00" id="inductionLoop.N1" nVehContrib="1" flow="36.00" occupancy="0.35" speed="14.28" harmonicMeanSpeed="14.28" length="5.00" nVehEntered="1"/>
    <interval begin="6200.00" end="6300.00" id="inductionLoop.N1" nVehContrib="1" flow="36.00" occupancy="1.24" speed="4.04" harmonicMeanSpeed="4.04" length="5.00" nVehEntered="1"/>
    <interval begin="6300.00" end="6400.00" id="inductionLoop.N1" nVehContrib="0" flow="0.00" occupancy="0.00" speed="-1.00" harmonicMeanSpeed="-1.00" length="-1.00" nVehEntered="0"/>
    <interval begin="6400.00" end="6500.00" id="inductionLoop.N1" nVehContrib="0" flow="0.00" occupancy="0.00" speed="-1.00" harmonicMeanSpeed="-1.00" length="-1.00" nVehEntered="0"/>
    <interval begin="6500.00" end="6600.00" id="inductionLoop.N1" nVehContrib="0" flow="0.00" occupancy="0.00" speed="-1.00" harmonicMeanSpeed="-1.00" length="-1.00" nVehEntered="0"/>
    <interval begin="6600.00" end="6700.00" id="inductionLoop.N1" nVehContrib="0" flow="0.00" occupancy="0.00" speed="-1.00" harmonicMeanSpeed="-1.00" length="-1.00" nVehEntered="0"/>
    <interval begin="6700.00" end="6800.00" id="inductionLoop.N1" nVehContrib="0" flow="0.00" occupancy="0.00" speed="-1.00" harmonicMeanSpeed="-1.00" length="-1.00" nVehEntered="0"/>
    <interval begin="6800.00" end="6900.00" id="inductionLoop.N1" nVehContrib="1" flow="36.00" occupancy="0.43" speed="11.52" harmonicMeanSpeed="11.52" length="5.00" nVehEntered="1"/>
    <interval begin="6900.00" end="7000.00" id="inductionLoop.N1" nVehContrib="1" flow="36.00" occupancy="0.38" speed="13.20" harmonicMeanSpeed="13.20" length="5.00" nVehEntered="1"/>
    <interval begin="7000.00" end="7100.00" id="inductionLoop.N1" nVehContrib="0" flow="0.00" occupancy="0.00" speed="-1.00" harmonicMeanSpeed="-1.00" length="-1.00" nVehEntered="0"/>
    <interval begin="7100.00" end="7200.00" id="inductionLoop.N1" nVehContrib="1" flow="36.00" occupancy="0.41" speed="12.20" harmonicMeanSpeed="12.20" length="5.00" nVehEntered="1"/>
    <interval begin="7200.00" end="7300.00" id="inductionLoop.N1" nVehContrib="0" flow="0.00" occupancy="0.00" speed="-1.00" harmonicMeanSpeed="-1.00" length="-1.00" nVehEntered="0"/>
    <interval begin="7300.00" end="7400.00" id="inductionLoop.N1" nVehContrib="0" flow="0.00" occupancy="0.00" speed="-1.00" harmonicMeanSpeed="-1.00" length="-1.00" nVehEntered="0"/>
    <interval begin="7400.00" end="7500.00" id="inductionLoop.N1" nVehContrib="0" flow="0.00" occupancy="0.00" speed="-1.00" harmonicMeanSpeed="-1.00" length="-1.00" nVehEntered="0"/>
    <interval begin="7500.00" end="7600.00" id="inductionLoop.N1" nVehContrib="1" flow="36.00" occupancy="0.36" speed="13.71" harmonicMeanSpeed="13.71" length="5.00" nVehEntered="1"/>
    <interval begin="7600.00" end="7700.00" id="inductionLoop.N1" nVehContrib="1" flow="36.00" occupancy="1.17" speed="4.28" harmonicMeanSpeed="4.28" length="5.00" nVehEntered="1"/>
    <interval begin="7700.00" end="7800.00" id="inductionLoop.N1" nVehContrib="0" flow="0.00" occupancy="0.00" speed="-1.00" harmonicMeanSpeed="-1.00" length="-1.00" nVehEntered="0"/>
    <interval begin="7800.00" end="7900.00" id="inductionLoop.N1" nVehContrib="1" flow="36.00" occupancy="0.40" speed="12.63" harmonicMeanSpeed="12.63" length="5.00" nVehEntered="1"/>
    <interval begin="7900.00" end="8000.00" id="inductionLoop.N1" nVehContrib="1" flow="36.00" occupancy="0.37" speed="13.65" harmonicMeanSpeed="13.65" length="5.00" nVehEntered="1"/>
    <interval begin="8000.00" end="8100.00" id="inductionLoop.N1" nVehContrib="0" flow="0.00" occupancy="0.00" speed="-1.00" harmonicMeanSpeed="-1.00" length="-1.00" nVehEntered="0"/>
    <interval begin="8100.00" end="8200.00" id="inductionLoop.N1" nVehContrib="1" flow="36.00" occupancy="0.36" speed="13.80" harmonicMeanSpeed="13.80" length="5.00" nVehEntered="1"/>
    <interval begin="8200.00" end="8300.00" id="inductionLoop.N1" nVehContrib="0" flow="0.00" occupancy="0.00" speed="-1.00" harmonicMeanSpeed="-1.00" length="-1.00" nVehEntered="0"/>
    <interval begin="8300.00" end="8400.00" id="inductionLoop.N1" nVehContrib="0" flow="0.00" occupancy="0.00" speed="-1.00" harmonicMeanSpeed="-1.00" length="-1.00" nVehEntered="0"/>
    <interval begin="8400.00" end="8500.00" id="inductionLoop.N1" nVehContrib="0" flow="0.00" occupancy="0.00" speed="-1.00" harmonicMeanSpeed="-1.00" length="-1.00" nVehEntered="0"/>
    <interval begin="8500.00" end="8600.00" id="inductionLoop.N1" nVehContrib="0" flow="0.00" occupancy="0.00" speed="-1.00" harmonicMeanSpeed="-1.00" length="-1.00" nVehEntered="0"/>
    <interval begin="8600.00" end="8700.00" id="inductionLoop.N1" nVehContrib="0" flow="0.00" occupancy="0.00" speed="-1.00" harmonicMeanSpeed="-1.00" length="-1.00" nVehEntered="0"/>
    <interval begin="8700.00" end="8800.00" id="inductionLoop.N1" nVehContrib="0" flow="0.00" occupancy="0.00" speed="-1.00" harmonicMeanSpeed="-1.00" length="-1.00" nVehEntered="0"/>
    <interval begin="8800.00" end="8900.00" id="inductionLoop.N1" nVehContrib="0" flow="0.00" occupancy="0.00" speed="-1.00" harmonicMeanSpeed="-1.00" length="-1.00" nVehEntered="0"/>
    <interval begin="8900.00" end="9000.00" id="inductionLoop.N1" nVehContrib="2" flow="72.00" occupancy="0.76" speed="13.09" harmonicMeanSpeed="13.08" length="5.00" nVehEntered="2"/>
    <interval begin="9000.00" end="9100.00" id="inductionLoop.N1" nVehContrib="1" flow="36.00" occupancy="1.12" speed="4.46" harmonicMeanSpeed="4.46" length="5.00" nVehEntered="1"/>
    <interval begin="9100.00" end="9200.00" id="inductionLoop.N1" nVehContrib="0" flow="0.00" occupancy="0.00" speed="-1.00" harmonicMeanSpeed="-1.00" length="-1.00" nVehEntered="0"/>
    <interval begin="9200.00" end="9300.00" id="inductionLoop.N1" nVehContrib="1" flow="36.00" occupancy="0.36" speed="14.05" harmonicMeanSpeed="14.05" length="5.00" nVehEntered="1"/>
    <interval begin="9300.00" end="9400.00" id="inductionLoop.N1" nVehContrib="1" flow="36.00" occupancy="0.34" speed="14.80" harmonicMeanSpeed="14.80" length="5.00" nVehEntered="1"/>
    <interval begin="9400.00" end="9500.00" id="inductionLoop.N1" nVehContrib="0" flow="0.00" occupancy="0.00" speed="-1.00" harmonicMeanSpeed="-1.00" length="-1.00" nVehEntered="0"/>
    <interval begin="9500.00" end="9600.00" id="inductionLoop.N1" nVehContrib="0" flow="0.00" occupancy="0.00" speed="-1.00" harmonicMeanSpeed="-1.00" length="-1.00" nVehEntered="0"/>
    <interval begin="9600.00" end="9700.00" id="inductionLoop.N1" nVehContrib="0" flow="0.00" occupancy="0.00" speed="-1.00" harmonicMeanSpeed="-1.00" length="-1.00" nVehEntered="0"/>
    <interval begin="9700.00" end="9800.00" id="inductionLoop.N1" nVehContrib="0" flow="0.00" occupancy="0.00" speed="-1.00" harmonicMeanSpeed="-1.00" length="-1.00" nVehEntered="0"/>
    <interval begin="9800.00" end="9900.00" id="inductionLoop.N1" nVehContrib="0" flow="0.00" occupancy="0.00" speed="-1.00" harmonicMeanSpeed="-1.00" length="-1.00" nVehEntered="0"/>
    <interval begin="9900.00" end="10000.00" id="inductionLoop.N1" nVehContrib="1" flow="36.00" occupancy="1.08" speed="4.63" harmonicMeanSpeed="4.63" length="5.00" nVehEntered="1"/>
    <interval begin="10000.00" end="10100.00" id="inductionLoop.N1" nVehContrib="1" flow="36.00" occupancy="0.34" speed="14.54" harmonicMeanSpeed="14.54" length="5.00" nVehEntered="1"/>
    <interval begin="10100.00" end="10200.00" id="inductionLoop.N1" nVehContrib="0" flow="0.00" occupancy="0.00" speed="-1.00" harmonicMeanSpeed="-1.00" length="-1.00" nVehEntered="0"/>
    <interval begin="10200.00" end="10300.00" id="inductionLoop.N1" nVehContrib="3" flow="108.00" occupancy="2.18" speed="8.97" harmonicMeanSpeed="6.89" length="5.00" nVehEntered="3"/>
    <interval begin="10300.00" end="10400.00" id="inductionLoop.N1" nVehContrib="0" flow="0.00" occupancy="0.00" speed="-1.00" harmonicMeanSpeed="-1.00" length="-1.00" nVehEntered="0"/>
    <interval begin="10400.00" end="10500.00" id="inductionLoop.N1" nVehContrib="0" flow="0.00" occupancy="0.00" speed="-1.00" harmonicMeanSpeed="-1.00" length="-1.00" nVehEntered="0"/>
    <interval begin="10500.00" end="10600.00" id="inductionLoop.N1" nVehContrib="1" flow="36.00" occupancy="1.29" speed="3.88" harmonicMeanSpeed="3.88" length="5.00" nVehEntered="1"/>
    <interval begin="10600.00" end="10700.00" id="inductionLoop.N1" nVehContrib="1" flow="36.00" occupancy="0.38" speed="13.05" harmonicMeanSpeed="13.05" length="5.00" nVehEntered="1"/>
    <interval begin="10700.00" end="10800.00" id="inductionLoop.N1" nVehContrib="2" flow="72.00" occupancy="1.35" speed="9.82" harmonicMeanSpeed="7.41" length="5.00" nVehEntered="2"/>
    <interval begin="10800.00" end="10900.00" id="inductionLoop.N1" nVehContrib="0" flow="0.00" occupancy="0.00" speed="-1.00" harmonicMeanSpeed="-1.00" length="-1.00" nVehEntered="0"/>
    <interval begin="10900.00" end="11000.00" id="inductionLoop.N1" nVehContrib="2" flow="72.00" occupancy="0.71" speed="14.06" harmonicMeanSpeed="14.05" length="5.00" nVehEntered="2"/>
    <interval begin="11000.00" end="11100.00" id="inductionLoop.N1" nVehContrib="1" flow="36.00" occupancy="0.35" speed="14.28" harmonicMeanSpeed="14.28" length="5.00" nVehEntered="1"/>
    <interval begin="11100.00" end="11200.00" id="inductionLoop.N1" nVehContrib="0" flow="0.00" occupancy="0.00" speed="-1.00" harmonicMeanSpeed="-1.00" length="-1.00" nVehEntered="0"/>
    <interval begin="11200.00" end="11300.00" id="inductionLoop.N1" nVehContrib="0" flow="0.00" occupancy="0.00" speed="-1.00" harmonicMeanSpeed="-1.00" length="-1.00" nVehEntered="0"/>
    <interval begin="11300.00" end="11400.00" id="inductionLoop.N1" nVehContrib="0" flow="0.00" occupancy="0.00" speed="-1.00" harmonicMeanSpeed="-1.00" length="-1.00" nVehEntered="0"/>
    <interval begin="11400.00" end="11500.00" id="inductionLoop.N1" nVehContrib="0" flow="0.00" occupancy="0.00" speed="-1.00" harmonicMeanSpeed="-1.00" length="-1.00" nVehEntered="0"/>
    <interval begin="11500.00" end="11600.00" id="inductionLoop.N1" nVehContrib="0" flow="0.00" occupancy="0.00" speed="-1.00" harmonicMeanSpeed="-1.00" length="-1.00" nVehEntered="0"/>
    <interval begin="11600.00" end="11700.00" id="inductionLoop.N1" nVehContrib="0" flow="0.00" occupancy="0.00" speed="-1.00" harmonicMeanSpeed="-1.00" length="-1.00" nVehEntered="0"/>
    <interval begin="11700.00" end="11800.00" id="inductionLoop.N1" nVehContrib="0" flow="0.00" occupancy="0.00" speed="-1.00" harmonicMeanSpeed="-1.00" length="-1.00" nVehEntered="0"/>
    <interval begin="11800.00" end="11900.00" id="inductionLoop.N1" nVehContrib="1" flow="36.00" occupancy="1.28" speed="3.90" harmonicMeanSpeed="3.90" length="5.00" nVehEntered="1"/>
    <interval begin="11900.00" end="12000.00" id="inductionLoop.N1" nVehContrib="0" flow="0.00" occupancy="0.00" speed="-1.00" harmonicMeanSpeed="-1.00" length="-1.00" nVehEntered="0"/>
    <interval begin="12000.00" end="12100.00" id="inductionLoop.N1" nVehContrib="0" flow="0.00" occupancy="0.00" speed="-1.00" harmonicMeanSpeed="-1.00" length="-1.00" nVehEntered="0"/>
    <interval begin="12100.00" end="12200.00" id="inductionLoop.N1" nVehContrib="1" flow="36.00" occupancy="1.25" speed="4.00" harmonicMeanSpeed="4.00" length="5.00" nVehEntered="1"/>
    <interval begin="12200.00" end="12300.00" id="inductionLoop.N1" nVehContrib="0" flow="0.00" occupancy="0.00" speed="-1.00" harmonicMeanSpeed="-1.00" length="-1.00" nVehEntered="0"/>
    <interval begin="12300.00" end="12400.00" id="inductionLoop.N1" nVehContrib="0" flow="0.00" occupancy="0.00" speed="-1.00" harmonicMeanSpeed="-1.00" length="-1.00" nVehEntered="0"/>
    <interval begin="12400.00" end="12500.00" id="inductionLoop.N1" nVehContrib="0" flow="0.00" occupancy="0.00" speed="-1.00" harmonicMeanSpeed="-1.00" length="-1.00" nVehEntered="0"/>
    <interval begin="12500.00" end="12600.00" id="inductionLoop.N1" nVehContrib="0" flow="0.00" occupancy="0.00" speed="-1.00" harmonicMeanSpeed="-1.00" length="-1.00" nVehEntered="0"/>
    <interval begin="12600.00" end="12700.00" id="inductionLoop.N1" nVehContrib="0" flow="0.00" occupancy="0.00" speed="-1.00" harmonicMeanSpeed="-1.00" length="-1.00" nVehEntered="0"/>
    <interval begin="12700.00" end="12800.00" id="inductionLoop.N1" nVehContrib="1" flow="36.00" occupancy="0.37" speed="13.55" harmonicMeanSpeed="13.55" length="5.00" nVehEntered="1"/>
    <interval begin="12800.00" end="12900.00" id="inductionLoop.N1" nVehContrib="0" flow="0.00" occupancy="0.00" speed="-1.00" harmonicMeanSpeed="-1.00" length="-1.00" nVehEntered="0"/>
    <interval begin="12900.00" end="13000.00" id="inductionLoop.N1" nVehContrib="0" flow="0.00" occupancy="0.00" speed="-1.00" harmonicMeanSpeed="-1.00" length="-1.00" nVehEntered="0"/>
    <interval begin="13000.00" end="13100.00" id="inductionLoop.N1" nVehContrib="1" flow="36.00" occupancy="0.36" speed="13.74" harmonicMeanSpeed="13.74" length="5.00" nVehEntered="1"/>
    <interval begin="13100.00" end="13200.00" id="inductionLoop.N1" nVehContrib="0" flow="0.00" occupancy="0.00" speed="-1.00" harmonicMeanSpeed="-1.00" length="-1.00" nVehEntered="0"/>
    <interval begin="13200.00" end="13300.00" id="inductionLoop.N1" nVehContrib="0" flow="0.00" occupancy="0.00" speed="-1.00" harmonicMeanSpeed="-1.00" length="-1.00" nVehEntered="0"/>
    <interval begin="13300.00" end="13400.00" id="inductionLoop.N1" nVehContrib="1" flow="36.00" occupancy="0.36" speed="13.83" harmonicMeanSpeed="13.83" length="5.00" nVehEntered="1"/>
    <interval begin="13400.00" end="13500.00" id="inductionLoop.N1" nVehContrib="0" flow="0.00" occupancy="0.00" speed="-1.00" harmonicMeanSpeed="-1.00" length="-1.00" nVehEntered="0"/>
    <interval begin="13500.00" end="13600.00" id="inductionLoop.N1" nVehContrib="2" flow="72.00" occupancy="0.75" speed="13.39" harmonicMeanSpeed="13.39" length="5.00" nVehEntered="2"/>
    <interval begin="13600.00" end="13700.00" id="inductionLoop.N1" nVehContrib="3" flow="108.00" occupancy="1.25" speed="12.04" harmonicMeanSpeed="12.03" length="5.00" nVehEntered="3"/>
    <interval begin="13700.00" end="13800.00" id="inductionLoop.N1" nVehContrib="0" flow="0.00" occupancy="0.00" speed="-1.00" harmonicMeanSpeed="-1.00" length="-1.00" nVehEntered="0"/>
    <interval begin="13800.00" end="13900.00" id="inductionLoop.N1" nVehContrib="1" flow="36.00" occupancy="0.38" speed="13.12" harmonicMeanSpeed="13.12" length="5.00" nVehEntered="1"/>
    <interval begin="13900.00" end="14000.00" id="inductionLoop.N1" nVehContrib="0" flow="0.00" occupancy="0.00" speed="-1.00" harmonicMeanSpeed="-1.00" length="-1.00" nVehEntered="0"/>
    <interval begin="14000.00" end="14100.00" id="inductionLoop.N1" nVehContrib="0" flow="0.00" occupancy="0.00" speed="-1.00" harmonicMeanSpeed="-1.00" length="-1.00" nVehEntered="0"/>
    <interval begin="14100.00" end="14200.00" id="inductionLoop.N1" nVehContrib="0" flow="0.00" occupancy="0.00" speed="-1.00" harmonicMeanSpeed="-1.00" length="-1.00" nVehEntered="0"/>
    <interval begin="14200.00" end="14300.00" id="inductionLoop.N1" nVehContrib="0" flow="0.00" occupancy="0.00" speed="-1.00" harmonicMeanSpeed="-1.00" length="-1.00" nVehEntered="0"/>
    <interval begin="14300.00" end="14400.00" id="inductionLoop.N1" nVehContrib="0" flow="0.00" occupancy="0.00" speed="-1.00" harmonicMeanSpeed="-1.00" length="-1.00" nVehEntered="0"/>
    <interval begin="14400.00" end="14500.00" id="inductionLoop.N1" nVehContrib="0" flow="0.00" occupancy="0.00" speed="-1.00" harmonicMeanSpeed="-1.00" length="-1.00" nVehEntered="0"/>
    <interval begin="14500.00" end="14600.00" id="inductionLoop.N1" nVehContrib="1" flow="36.00" occupancy="0.34" speed="14.49" harmonicMeanSpeed="14.49" length="5.00" nVehEntered="1"/>
    <interval begin="14600.00" end="14700.00" id="inductionLoop.N1" nVehContrib="2" flow="72.00" occupancy="0.80" speed="12.66" harmonicMeanSpeed="12.51" length="5.00" nVehEntered="2"/>
    <interval begin="14700.00" end="14800.00" id="inductionLoop.N1" nVehContrib="0" flow="0.00" occupancy="0.00" speed="-1.00" harmonicMeanSpeed="-1.00" length="-1.00" nVehEntered="0"/>
    <interval begin="14800.00" end="14900.00" id="inductionLoop.N1" nVehContrib="0" flow="0.00" occupancy="0.00" speed="-1.00" harmonicMeanSpeed="-1.00" length="-1.00" nVehEntered="0"/>
    <interval begin="14900.00" end="15000.00" id="inductionLoop.N1" nVehContrib="0" flow="0.00" occupancy="0.00" speed="-1.00" harmonicMeanSpeed="-1.00" length="-1.00" nVehEntered="0"/>
    <interval begin="15000.00" end="15100.00" id="inductionLoop.N1" nVehContrib="0" flow="0.00" occupancy="0.00" speed="-1.00" harmonicMeanSpeed="-1.00" length="-1.00" nVehEntered="0"/>
    <interval begin="15100.00" end="15200.00" id="inductionLoop.N1" nVehContrib="1" flow="36.00" occupancy="0.33" speed="15.07" harmonicMeanSpeed="15.07" length="5.00" nVehEntered="1"/>
    <interval begin="15200.00" end="15300.00" id="inductionLoop.N1" nVehContrib="0" flow="0.00" occupancy="0.00" speed="-1.00" harmonicMeanSpeed="-1.00" length="-1.00" nVehEntered="0"/>
    <interval begin="15300.00" end="15400.00" id="inductionLoop.N1" nVehContrib="1" flow="36.00" occupancy="0.35" speed="14.27" harmonicMeanSpeed="14.27" length="5.00" nVehEntered="1"/>
    <interval begin="15400.00" end="15500.00" id="inductionLoop.N1" nVehContrib="0" flow="0.00" occupancy="0.00" speed="-1.00" harmonicMeanSpeed="-1.00" length="-1.00" nVehEntered="0"/>
    <interval begin="15500.00" end="15600.00" id="inductionLoop.N1" nVehContrib="1" flow="36.00" occupancy="0.39" speed="12.66" harmonicMeanSpeed="12.66" length="5.00" nVehEntered="1"/>
    <interval begin="15600.00" end="15700.00" id="inductionLoop.N1" nVehContrib="1" flow="36.00" occupancy="0.38" speed="13.13" harmonicMeanSpeed="13.13" length="5.00" nVehEntered="1"/>
    <interval begin="15700.00" end="15800.00" id="inductionLoop.N1" nVehContrib="1" flow="36.00" occupancy="0.36" speed="14.02" harmonicMeanSpeed="14.02" length="5.00" nVehEntered="1"/>
    <interval begin="15800.00" end="15900.00" id="inductionLoop.N1" nVehContrib="3" flow="108.00" occupancy="1.35" speed="11.62" harmonicMeanSpeed="11.14" length="5.00" nVehEntered="3"/>
    <interval begin="15900.00" end="16000.00" id="inductionLoop.N1" nVehContrib="0" flow="0.00" occupancy="0.00" speed="-1.00" harmonicMeanSpeed="-1.00" length="-1.00" nVehEntered="0"/>
    <interval begin="16000.00" end="16100.00" id="inductionLoop.N1" nVehContrib="1" flow="36.00" occupancy="0.38" speed="13.00" harmonicMeanSpeed="13.00" length="5.00" nVehEntered="1"/>
    <interval begin="16100.00" end="16200.00" id="inductionLoop.N1" nVehContrib="1" flow="36.00" occupancy="1.23" speed="4.08" harmonicMeanSpeed="4.08" length="5.00" nVehEntered="1"/>
    <interval begin="16200.00" end="16300.00" id="inductionLoop.N1" nVehContrib="1" flow="36.00" occupancy="1.12" speed="4.46" harmonicMeanSpeed="4.46" length="5.00" nVehEntered="1"/>
    <interval begin="16300.00" end="16400.00" id="inductionLoop.N1" nVehContrib="2" flow="72.00" occupancy="1.50" speed="7.69" harmonicMeanSpeed="6.66" length="5.00" nVehEntered="2"/>
    <interval begin="16400.00" end="16500.00" id="inductionLoop.N1" nVehContrib="1" flow="36.00" occupancy="1.10" speed="4.54" harmonicMeanSpeed="4.54" length="5.00" nVehEntered="1"/>
    <interval begin="16500.00" end="16600.00" id="inductionLoop.N1" nVehContrib="0" flow="0.00" occupancy="0.00" speed="-1.00" harmonicMeanSpeed="-1.00" length="-1.00" nVehEntered="0"/>
    <interval begin="16600.00" end="16700.00" id="inductionLoop.N1" nVehContrib="1" flow="36.00" occupancy="0.35" speed="14.31" harmonicMeanSpeed="14.31" length="5.00" nVehEntered="1"/>
    <interval begin="16700.00" end="16800.00" id="inductionLoop.N1" nVehContrib="0" flow="0.00" occupancy="0.00" speed="-1.00" harmonicMeanSpeed="-1.00" length="-1.00" nVehEntered="0"/>
    <interval begin="16800.00" end="16900.00" id="inductionLoop.N1" nVehContrib="2" flow="72.00" occupancy="0.80" speed="12.63" harmonicMeanSpeed="12.55" length="5.00" nVehEntered="2"/>
    <interval begin="16900.00" end="17000.00" id="inductionLoop.N1" nVehContrib="1" flow="36.00" occupancy="0.40" speed="12.61" harmonicMeanSpeed="12.61" length="5.00" nVehEntered="1"/>
    <interval begin="17000.00" end="17100.00" id="inductionLoop.N1" nVehContrib="1" flow="36.00" occupancy="0.43" speed="11.72" harmonicMeanSpeed="11.72" length="5.00" nVehEntered="1"/>
    <interval begin="17100.00" end="17200.00" id="inductionLoop.N1" nVehContrib="1" flow="36.00" occupancy="0.37" speed="13.43" harmonicMeanSpeed="13.43" length="5.00" nVehEntered="1"/>
    <interval begin="17200.00" end="17300.00" id="inductionLoop.N1" nVehContrib="3" flow="108.00" occupancy="2.16" speed="9.33" harmonicMeanSpeed="6.94" length="5.00" nVehEntered="3"/>
    <interval begin="17300.00" end="17400.00" id="inductionLoop.N1" nVehContrib="0" flow="0.00" occupancy="0.00" speed="-1.00" harmonicMeanSpeed="-1.00" length="-1.00" nVehEntered="0"/>
    <interval begin="17400.00" end="17500.00" id="inductionLoop.N1" nVehContrib="2" flow="72.00" occupancy="0.78" speed="12.83" harmonicMeanSpeed="12.81" length="5.00" nVehEntered="2"/>
    <interval begin="17500.00" end="17600.00" id="inductionLoop.N1" nVehContrib="4" flow="144.00" occupancy="2.73" speed="9.53" harmonicMeanSpeed="7.33" length="5.00" nVehEntered="4"/>
    <interval begin="17600.00" end="17700.00" id="inductionLoop.N1" nVehContrib="1" flow="36.00" occupancy="0.43" speed="11.75" harmonicMeanSpeed="11.75" length="5.00" nVehEntered="1"/>
    <interval begin="17700.00" end="17800.00" id="inductionLoop.N1" nVehContrib="1" flow="36.00" occupancy="1.09" speed="4.59" harmonicMeanSpeed="4.59" length="5.00" nVehEntered="1"/>
    <interval begin="17800.00" end="17900.00" id="inductionLoop.N1" nVehContrib="0" flow="0.00" occupancy="0.00" speed="-1.00" harmonicMeanSpeed="-1.00" length="-1.00" nVehEntered="0"/>
    <interval begin="17900.00" end="18000.00" id="inductionLoop.N1" nVehContrib="1" flow="36.00" occupancy="0.36" speed="14.00" harmonicMeanSpeed="14.00" length="5.00" nVehEntered="1"/>
    <interval begin="18000.00" end="18100.00" id="inductionLoop.N1" nVehContrib="2" flow="72.00" occupancy="0.70" speed="14.32" harmonicMeanSpeed="14.19" length="5.00" nVehEntered="2"/>
    <interval begin="18100.00" end="18200.00" id="inductionLoop.N1" nVehContrib="0" flow="0.00" occupancy="0.01" speed="-1.00" harmonicMeanSpeed="-1.00" length="-1.00" nVehEntered="1"/>
    <interval begin="18200.00" end="18300.00" id="inductionLoop.N1" nVehContrib="1" flow="36.00" occupancy="0.39" speed="12.78" harmonicMeanSpeed="12.78" length="5.00" nVehEntered="1"/>
    <interval begin="18300.00" end="18400.00" id="inductionLoop.N1" nVehContrib="1" flow="36.00" occupancy="0.39" speed="12.67" harmonicMeanSpeed="12.67" length="5.00" nVehEntered="1"/>
    <interval begin="18400.00" end="18500.00" id="inductionLoop.N1" nVehContrib="1" flow="36.00" occupancy="0.35" speed="14.44" harmonicMeanSpeed="14.44" length="5.00" nVehEntered="1"/>
    <interval begin="18500.00" end="18600.00" id="inductionLoop.N1" nVehContrib="0" flow="0.00" occupancy="0.00" speed="-1.00" harmonicMeanSpeed="-1.00" length="-1.00" nVehEntered="0"/>
    <interval begin="18600.00" end="18700.00" id="inductionLoop.N1" nVehContrib="1" flow="36.00" occupancy="0.36" speed="13.95" harmonicMeanSpeed="13.95" length="5.00" nVehEntered="1"/>
    <interval begin="18700.00" end="18800.00" id="inductionLoop.N1" nVehContrib="2" flow="72.00" occupancy="0.77" speed="13.07" harmonicMeanSpeed="13.07" length="5.00" nVehEntered="2"/>
    <interval begin="18800.00" end="18900.00" id="inductionLoop.N1" nVehContrib="1" flow="36.00" occupancy="0.40" speed="12.64" harmonicMeanSpeed="12.64" length="5.00" nVehEntered="1"/>
    <interval begin="18900.00" end="19000.00" id="inductionLoop.N1" nVehContrib="1" flow="36.00" occupancy="0.41" speed="12.33" harmonicMeanSpeed="12.33" length="5.00" nVehEntered="1"/>
    <interval begin="19000.00" end="19100.00" id="inductionLoop.N1" nVehContrib="1" flow="36.00" occupancy="0.34" speed="14.78" harmonicMeanSpeed="14.78" length="5.00" nVehEntered="1"/>
    <interval begin="19100.00" end="19200.00" id="inductionLoop.N1" nVehContrib="2" flow="72.00" occupancy="0.79" speed="12.60" harmonicMeanSpeed="12.60" length="5.00" nVehEntered="2"/>
    <interval begin="19200.00" end="19300.00" id="inductionLoop.N1" nVehContrib="2" flow="72.00" occupancy="0.78" speed="13.07" harmonicMeanSpeed="12.90" length="5.00" nVehEntered="2"/>
    <interval begin="19300.00" end="19400.00" id="inductionLoop.N1" nVehContrib="2" flow="72.00" occupancy="1.02" speed="10.17" harmonicMeanSpeed="9.78" length="5.00" nVehEntered="2"/>
    <interval begin="19400.00" end="19500.00" id="inductionLoop.N1" nVehContrib="3" flow="108.00" occupancy="1.38" speed="11.16" harmonicMeanSpeed="10.87" length="5.00" nVehEntered="3"/>
    <interval begin="19500.00" end="19600.00" id="inductionLoop.N1" nVehContrib="3" flow="108.00" occupancy="1.12" speed="13.48" harmonicMeanSpeed="13.44" length="5.00" nVehEntered="3"/>
    <interval begin="19600.00" end="19700.00" id="inductionLoop.N1" nVehContrib="4" flow="144.00" occupancy="1.53" speed="13.13" harmonicMeanSpeed="13.10" length="5.00" nVehEntered="4"/>
    <interval begin="19700.00" end="19800.00" id="inductionLoop.N1" nVehContrib="1" flow="36.00" occupancy="0.38" speed="13.09" harmonicMeanSpeed="13.09" length="5.00" nVehEntered="1"/>
    <interval begin="19800.00" end="19900.00" id="inductionLoop.N1" nVehContrib="2" flow="72.00" occupancy="0.80" speed="12.53" harmonicMeanSpeed="12.43" length="5.00" nVehEntered="2"/>
    <interval begin="19900.00" end="20000.00" id="inductionLoop.N1" nVehContrib="1" flow="36.00" occupancy="0.37" speed="13.50" harmonicMeanSpeed="13.50" length="5.00" nVehEntered="1"/>
    <interval begin="20000.00" end="20100.00" id="inductionLoop.N1" nVehContrib="3" flow="108.00" occupancy="1.42" speed="10.82" harmonicMeanSpeed="10.58" length="5.00" nVehEntered="3"/>
    <interval begin="20100.00" end="20200.00" id="inductionLoop.N1" nVehContrib="6" flow="216.00" occupancy="4.57" speed="10.43" harmonicMeanSpeed="6.56" length="5.00" nVehEntered="6"/>
    <interval begin="20200.00" end="20300.00" id="inductionLoop.N1" nVehContrib="6" flow="216.00" occupancy="3.61" speed="10.32" harmonicMeanSpeed="8.30" length="5.00" nVehEntered="6"/>
    <interval begin="20300.00" end="20400.00" id="inductionLoop.N1" nVehContrib="4" flow="144.00" occupancy="2.61" speed="8.78" harmonicMeanSpeed="7.65" length="5.00" nVehEntered="4"/>
    <interval begin="20400.00" end="20500.00" id="inductionLoop.N1" nVehContrib="3" flow="108.00" occupancy="1.51" speed="10.05" harmonicMeanSpeed="9.96" length="5.00" nVehEntered="3"/>
    <interval begin="20500.00" end="20600.00" id="inductionLoop.N1" nVehContrib="0" flow="0.00" occupancy="0.00" speed="-1.00" harmonicMeanSpeed="-1.00" length="-1.00" nVehEntered="0"/>
    <interval begin="20600.00" end="20700.00" id="inductionLoop.N1" nVehContrib="4" flow="144.00" occupancy="1.67" speed="12.12" harmonicMeanSpeed="12.00" length="5.00" nVehEntered="4"/>
    <interval begin="20700.00" end="20800.00" id="inductionLoop.N1" nVehContrib="7" flow="252.00" occupancy="5.48" speed="10.04" harmonicMeanSpeed="9.49" length="5.00" nVehEntered="8"/>
    <interval begin="20800.00" end="20900.00" id="inductionLoop.N1" nVehContrib="6" flow="216.00" occupancy="22.11" speed="5.80" harmonicMeanSpeed="2.10" length="5.00" nVehEntered="6"/>
    <interval begin="20900.00" end="21000.00" id="inductionLoop.N1" nVehContrib="9" flow="324.00" occupancy="25.39" speed="8.14" harmonicMeanSpeed="1.77" length="5.00" nVehEntered="9"/>
    <interval begin="21000.00" end="21100.00" id="inductionLoop.N1" nVehContrib="5" flow="180.00" occupancy="26.21" speed="4.52" harmonicMeanSpeed="1.84" length="5.00" nVehEntered="6"/>
    <interval begin="21100.00" end="21200.00" id="inductionLoop.N1" nVehContrib="5" flow="180.00" occupancy="2.07" speed="12.56" harmonicMeanSpeed="12.10" length="5.00" nVehEntered="5"/>
    <interval begin="21200.00" end="21300.00" id="inductionLoop.N1" nVehContrib="2" flow="72.00" occupancy="1.06" speed="9.68" harmonicMeanSpeed="9.40" length="5.00" nVehEntered="2"/>
    <interval begin="21300.00" end="21400.00" id="inductionLoop.N1" nVehContrib="7" flow="252.00" occupancy="23.12" speed="8.08" harmonicMeanSpeed="1.51" length="5.00" nVehEntered="7"/>
    <interval begin="21400.00" end="21500.00" id="inductionLoop.N1" nVehContrib="7" flow="252.00" occupancy="51.70" speed="5.29" harmonicMeanSpeed="0.68" length="5.00" nVehEntered="7"/>
    <interval begin="21500.00" end="21600.00" id="inductionLoop.N1" nVehContrib="6" flow="216.00" occupancy="28.67" speed="6.06" harmonicMeanSpeed="1.47" length="5.00" nVehEntered="8"/>
    <interval begin="21600.00" end="21700.00" id="inductionLoop.N1" nVehContrib="4" flow="144.00" occupancy="47.63" speed="1.83" harmonicMeanSpeed="0.42" length="5.00" nVehEntered="4"/>
    <interval begin="21700.00" end="21800.00" id="inductionLoop.N1" nVehContrib="3" flow="108.00" occupancy="14.53" speed="11.07" harmonicMeanSpeed="10.53" length="5.00" nVehEntered="4"/>
    <interval begin="21800.00" end="21900.00" id="inductionLoop.N1" nVehContrib="5" flow="180.00" occupancy="14.54" speed="6.59" harmonicMeanSpeed="0.90" length="5.00" nVehEntered="4"/>
    <interval begin="21900.00" end="22000.00" id="inductionLoop.N1" nVehContrib="3" flow="108.00" occupancy="51.63" speed="6.70" harmonicMeanSpeed="0.42" length="5.00" nVehEntered="4"/>
    <interval begin="22000.00" end="22100.00" id="inductionLoop.N1" nVehContrib="6" flow="216.00" occupancy="4.41" speed="7.42" harmonicMeanSpeed="1.45" length="5.00" nVehEntered="5"/>
    <interval begin="22100.00" end="22200.00" id="inductionLoop.N1" nVehContrib="4" flow="144.00" occupancy="24.78" speed="5.33" harmonicMeanSpeed="0.81" length="5.00" nVehEntered="4"/>
    <interval begin="22200.00" end="22300.00" id="inductionLoop.N1" nVehContrib="2" flow="72.00" occupancy="0.82" speed="12.16" harmonicMeanSpeed="12.13" length="5.00" nVehEntered="2"/>
    <interval begin="22300.00" end="22400.00" id="inductionLoop.N1" nVehContrib="5" flow="180.00" occupancy="2.40" speed="11.10" harmonicMeanSpeed="10.41" length="5.00" nVehEntered="5"/>
    <interval begin="22400.00" end="22500.00" id="inductionLoop.N1" nVehContrib="8" flow="288.00" occupancy="12.27" speed="6.88" harmonicMeanSpeed="3.26" length="5.00" nVehEntered="8"/>
    <interval begin="22500.00" end="22600.00" id="inductionLoop.N1" nVehContrib="7" flow="252.00" occupancy="37.74" speed="6.60" harmonicMeanSpeed="1.04" length="5.00" nVehEntered="8"/>
    <interval begin="22600.00" end="22700.00" id="inductionLoop.N1" nVehContrib="5" flow="180.00" occupancy="17.29" speed="6.55" harmonicMeanSpeed="1.45" length="5.00" nVehEntered="5"/>
    <interval begin="22700.00" end="22800.00" id="inductionLoop.N1" nVehContrib="8" flow="288.00" occupancy="31.60" speed="8.90" harmonicMeanSpeed="8.11" length="5.00" nVehEntered="10"/>
    <interval begin="22800.00" end="22900.00" id="inductionLoop.N1" nVehContrib="11" flow="396.00" occupancy="47.57" speed="6.93" harmonicMeanSpeed="1.03" length="5.00" nVehEntered="11"/>
    <interval begin="22900.00" end="23000.00" id="inductionLoop.N1" nVehContrib="9" flow="324.00" occupancy="43.91" speed="4.84" harmonicMeanSpeed="1.01" length="5.00" nVehEntered="9"/>
    <interval begin="23000.00" end="23100.00" id="inductionLoop.N1" nVehContrib="5" flow="180.00" occupancy="26.89" speed="6.71" harmonicMeanSpeed="2.75" length="5.00" nVehEntered="6"/>
    <interval begin="23100.00" end="23200.00" id="inductionLoop.N1" nVehContrib="9" flow="324.00" occupancy="76.55" speed="4.64" harmonicMeanSpeed="0.57" length="5.00" nVehEntered="9"/>
    <interval begin="23200.00" end="23300.00" id="inductionLoop.N1" nVehContrib="4" flow="144.00" occupancy="59.10" speed="3.74" harmonicMeanSpeed="0.41" length="5.00" nVehEntered="6"/>
    <interval begin="23300.00" end="23400.00" id="inductionLoop.N1" nVehContrib="7" flow="252.00" occupancy="52.92" speed="3.46" harmonicMeanSpeed="0.54" length="5.00" nVehEntered="7"/>
    <interval begin="23400.00" end="23500.00" id="inductionLoop.N1" nVehContrib="9" flow="324.00" occupancy="83.56" speed="5.57" harmonicMeanSpeed="0.54" length="5.00" nVehEntered="10"/>
    <interval begin="23500.00" end="23600.00" id="inductionLoop.N1" nVehContrib="8" flow="288.00" occupancy="85.80" speed="6.07" harmonicMeanSpeed="0.69" length="5.00" nVehEntered="8"/>
    <interval begin="23600.00" end="23700.00" id="inductionLoop.N1" nVehContrib="11" flow="396.00" occupancy="71.64" speed="5.64" harmonicMeanSpeed="0.56" length="5.00" nVehEntered="11"/>
    <interval begin="23700.00" end="23800.00" id="inductionLoop.N1" nVehContrib="6" flow="216.00" occupancy="89.29" speed="5.41" harmonicMeanSpeed="0.57" length="5.00" nVehEntered="6"/>
    <interval begin="23800.00" end="23900.00" id="inductionLoop.N1" nVehContrib="11" flow="396.00" occupancy="61.00" speed="5.43" harmonicMeanSpeed="0.55" length="5.00" nVehEntered="10"/>
    <interval begin="23900.00" end="24000.00" id="inductionLoop.N1" nVehContrib="7" flow="252.00" occupancy="38.78" speed="5.57" harmonicMeanSpeed="0.91" length="5.00" nVehEntered="8"/>
    <interval begin="24000.00" end="24100.00" id="inductionLoop.N1" nVehContrib="7" flow="252.00" occupancy="4.52" speed="10.21" harmonicMeanSpeed="7.32" length="5.00" nVehEntered="6"/>
    <interval begin="24100.00" end="24200.00" id="inductionLoop.N1" nVehContrib="8" flow="288.00" occupancy="18.13" speed="8.47" harmonicMeanSpeed="2.21" length="5.00" nVehEntered="8"/>
    <interval begin="24200.00" end="24300.00" id="inductionLoop.N1" nVehContrib="8" flow="288.00" occupancy="14.96" speed="7.65" harmonicMeanSpeed="2.67" length="5.00" nVehEntered="8"/>
    <interval begin="24300.00" end="24400.00" id="inductionLoop.N1" nVehContrib="6" flow="216.00" occupancy="13.55" speed="8.71" harmonicMeanSpeed="3.01" length="5.00" nVehEntered="7"/>
    <interval begin="24400.00" end="24500.00" id="inductionLoop.N1" nVehContrib="7" flow="252.00" occupancy="44.65" speed="5.64" harmonicMeanSpeed="1.85" length="5.00" nVehEntered="8"/>
    <interval begin="24500.00" end="24600.00" id="inductionLoop.N1" nVehContrib="14" flow="504.00" occupancy="70.05" speed="5.68" harmonicMeanSpeed="0.73" length="5.00" nVehEntered="13"/>
    <interval begin="24600.00" end="24700.00" id="inductionLoop.N1" nVehContrib="8" flow="288.00" occupancy="33.09" speed="7.32" harmonicMeanSpeed="2.15" length="5.00" nVehEntered="9"/>
    <interval begin="24700.00" end="24800.00" id="inductionLoop.N1" nVehContrib="10" flow="360.00" occupancy="81.44" speed="4.67" harmonicMeanSpeed="0.64" length="5.00" nVehEntered="10"/>
    <interval begin="24800.00" end="24900.00" id="inductionLoop.N1" nVehContrib="9" flow="324.00" occupancy="79.30" speed="5.10" harmonicMeanSpeed="0.70" length="5.00" nVehEntered="9"/>
    <interval begin="24900.00" end="25000.00" id="inductionLoop.N1" nVehContrib="14" flow="504.00" occupancy="57.11" speed="5.82" harmonicMeanSpeed="0.78" length="5.00" nVehEntered="13"/>
    <interval begin="25000.00" end="25100.00" id="inductionLoop.N1" nVehContrib="12" flow="432.00" occupancy="70.79" speed="7.26" harmonicMeanSpeed="0.85" length="5.00" nVehEntered="12"/>
    <interval begin="25100.00" end="25200.00" id="inductionLoop.N1" nVehContrib="6" flow="216.00" occupancy="74.87" speed="3.42" harmonicMeanSpeed="0.58" length="5.00" nVehEntered="7"/>
    <interval begin="25200.00" end="25300.00" id="inductionLoop.N1" nVehContrib="10" flow="360.00" occupancy="83.29" speed="6.69" harmonicMeanSpeed="1.08" length="5.00" nVehEntered="10"/>
    <interval begin="25300.00" end="25400.00" id="inductionLoop.N1" nVehContrib="15" flow="540.00" occupancy="74.45" speed="6.13" harmonicMeanSpeed="0.56" length="5.00" nVehEntered="14"/>
    <interval begin="25400.00" end="25500.00" id="inductionLoop.N1" nVehContrib="16" flow="576.00" occupancy="73.99" speed="7.18" harmonicMeanSpeed="1.08" length="5.00" nVehEntered="16"/>
    <interval begin="25500.00" end="25600.00" id="inductionLoop.N1" nVehContrib="10" flow="360.00" occupancy="82.44" speed="6.47" harmonicMeanSpeed="0.61" length="5.00" nVehEntered="10"/>
    <interval begin="25600.00" end="25700.00" id="inductionLoop.N1" nVehContrib="14" flow="504.00" occupancy="77.40" speed="7.09" harmonicMeanSpeed="0.94" length="5.00" nVehEntered="15"/>
    <interval begin="25700.00" end="25800.00" id="inductionLoop.N1" nVehContrib="10" flow="360.00" occupancy="83.57" speed="6.98" harmonicMeanSpeed="0.58" length="5.00" nVehEntered="10"/>
    <interval begin="25800.00" end="25900.00" id="inductionLoop.N1" nVehContrib="14" flow="504.00" occupancy="76.00" speed="6.69" harmonicMeanSpeed="0.95" length="5.00" nVehEntered="14"/>
    <interval begin="25900.00" end="26000.00" id="inductionLoop.N1" nVehContrib="16" flow="576.00" occupancy="67.40" speed="6.05" harmonicMeanSpeed="1.14" length="5.00" nVehEntered="15"/>
    <interval begin="26000.00" end="26100.00" id="inductionLoop.N1" nVehContrib="8" flow="288.00" occupancy="84.31" speed="5.41" harmonicMeanSpeed="0.66" length="5.00" nVehEntered="9"/>
    <interval begin="26100.00" end="26200.00" id="inductionLoop.N1" nVehContrib="11" flow="396.00" occupancy="50.17" speed="6.43" harmonicMeanSpeed="0.74" length="5.00" nVehEntered="10"/>
    <interval begin="26200.00" end="26300.00" id="inductionLoop.N1" nVehContrib="7" flow="252.00" occupancy="3.68" speed="10.71" harmonicMeanSpeed="9.52" length="5.00" nVehEntered="7"/>
    <interval begin="26300.00" end="26400.00" id="inductionLoop.N1" nVehContrib="8" flow="288.00" occupancy="13.19" speed="10.10" harmonicMeanSpeed="3.03" length="5.00" nVehEntered="8"/>
    <interval begin="26400.00" end="26500.00" id="inductionLoop.N1" nVehContrib="2" flow="72.00" occupancy="9.93" speed="4.77" harmonicMeanSpeed="1.01" length="5.00" nVehEntered="2"/>
    <interval begin="26500.00" end="26600.00" id="inductionLoop.N1" nVehContrib="1" flow="36.00" occupancy="0.34" speed="14.64" harmonicMeanSpeed="14.64" length="5.00" nVehEntered="1"/>
    <interval begin="26600.00" end="26700.00" id="inductionLoop.N1" nVehContrib="5" flow="180.00" occupancy="17.99" speed="8.77" harmonicMeanSpeed="1.39" length="5.00" nVehEntered="5"/>
    <interval begin="26700.00" end="26800.00" id="inductionLoop.N1" nVehContrib="5" flow="180.00" occupancy="1.99" speed="12.80" harmonicMeanSpeed="12.59" length="5.00" nVehEntered="5"/>
    <interval begin="26800.00" end="26900.00" id="inductionLoop.N1" nVehContrib="6" flow="216.00" occupancy="31.70" speed="6.25" harmonicMeanSpeed="0.95" length="5.00" nVehEntered="6"/>
    <interval begin="26900.00" end="27000.00" id="inductionLoop.N1" nVehContrib="8" flow="288.00" occupancy="33.07" speed="4.07" harmonicMeanSpeed="1.52" length="5.00" nVehEntered="9"/>
    <interval begin="27000.00" end="27100.00" id="inductionLoop.N1" nVehContrib="8" flow="288.00" occupancy="77.99" speed="2.98" harmonicMeanSpeed="0.54" length="5.00" nVehEntered="8"/>
    <interval begin="27100.00" end="27200.00" id="inductionLoop.N1" nVehContrib="7" flow="252.00" occupancy="68.78" speed="4.58" harmonicMeanSpeed="0.59" length="5.00" nVehEntered="7"/>
    <interval begin="27200.00" end="27300.00" id="inductionLoop.N1" nVehContrib="7" flow="252.00" occupancy="29.30" speed="4.04" harmonicMeanSpeed="0.74" length="5.00" nVehEntered="7"/>
    <interval begin="27300.00" end="27400.00" id="inductionLoop.N1" nVehContrib="6" flow="216.00" occupancy="43.04" speed="6.36" harmonicMeanSpeed="0.70" length="5.00" nVehEntered="7"/>
    <interval begin="27400.00" end="27500.00" id="inductionLoop.N1" nVehContrib="5" flow="180.00" occupancy="4.46" speed="7.07" harmonicMeanSpeed="5.82" length="5.00" nVehEntered="6"/>
    <interval begin="27500.00" end="27600.00" id="inductionLoop.N1" nVehContrib="6" flow="216.00" occupancy="19.60" speed="6.75" harmonicMeanSpeed="2.83" length="5.00" nVehEntered="6"/>
    <interval begin="27600.00" end="27700.00" id="inductionLoop.N1" nVehContrib="9" flow="324.00" occupancy="49.15" speed="4.43" harmonicMeanSpeed="0.77" length="5.00" nVehEntered="8"/>
    <interval begin="27700.00" end="27800.00" id="inductionLoop.N1" nVehContrib="11" flow="396.00" occupancy="30.61" speed="8.02" harmonicMeanSpeed="1.80" length="5.00" nVehEntered="11"/>
    <interval begin="27800.00" end="27900.00" id="inductionLoop.N1" nVehContrib="7" flow="252.00" occupancy="69.91" speed="4.82" harmonicMeanSpeed="0.71" length="5.00" nVehEntered="8"/>
    <interval begin="27900.00" end="28000.00" id="inductionLoop.N1" nVehContrib="13" flow="468.00" occupancy="25.90" speed="7.32" harmonicMeanSpeed="1.40" length="5.00" nVehEntered="12"/>
    <interval begin="28000.00" end="28100.00" id="inductionLoop.N1" nVehContrib="8" flow="288.00" occupancy="51.92" speed="4.86" harmonicMeanSpeed="0.77" length="5.00" nVehEntered="8"/>
    <interval begin="28100.00" end="28200.00" id="inductionLoop.N1" nVehContrib="5" flow="180.00" occupancy="21.39" speed="6.10" harmonicMeanSpeed="1.17" length="5.00" nVehEntered="5"/>
    <interval begin="28200.00" end="28300.00" id="inductionLoop.N1" nVehContrib="6" flow="216.00" occupancy="13.37" speed="8.19" harmonicMeanSpeed="2.24" length="5.00" nVehEntered="6"/>
    <interval begin="28300.00" end="28400.00" id="inductionLoop.N1" nVehContrib="0" flow="0.00" occupancy="0.00" speed="-1.00" harmonicMeanSpeed="-1.00" length="-1.00" nVehEntered="0"/>
    <interval begin="28400.00" end="28500.00" id="inductionLoop.N1" nVehContrib="2" flow="72.00" occupancy="0.75" speed="13.41" harmonicMeanSpeed="13.41" length="5.00" nVehEntered="2"/>
    <interval begin="28500.00" end="28600.00" id="inductionLoop.N1" nVehContrib="5" flow="180.00" occupancy="9.91" speed="8.13" harmonicMeanSpeed="2.52" length="5.00" nVehEntered="5"/>
    <interval begin="28600.00" end="28700.00" id="inductionLoop.N1" nVehContrib="1" flow="36.00" occupancy="0.35" speed="14.41" harmonicMeanSpeed="14.41" length="5.00" nVehEntered="1"/>
    <interval begin="28700.00" end="28800.00" id="inductionLoop.N1" nVehContrib="1" flow="36.00" occupancy="1.18" speed="4.24" harmonicMeanSpeed="4.24" length="5.00" nVehEntered="1"/>
    <interval begin="28800.00" end="28900.00" id="inductionLoop.N1" nVehContrib="1" flow="36.00" occupancy="0.35" speed="14.16" harmonicMeanSpeed="14.16" length="5.00" nVehEntered="1"/>
    <interval begin="28900.00" end="29000.00" id="inductionLoop.N1" nVehContrib="7" flow="252.00" occupancy="11.23" speed="11.62" harmonicMeanSpeed="11.29" length="5.00" nVehEntered="8"/>
    <interval begin="29000.00" end="29100.00" id="inductionLoop.N1" nVehContrib="5" flow="180.00" occupancy="20.38" speed="6.49" harmonicMeanSpeed="0.88" length="5.00" nVehEntered="4"/>
    <interval begin="29100.00" end="29200.00" id="inductionLoop.N1" nVehContrib="6" flow="216.00" occupancy="16.33" speed="7.64" harmonicMeanSpeed="1.84" length="5.00" nVehEntered="6"/>
    <interval begin="29200.00" end="29300.00" id="inductionLoop.N1" nVehContrib="8" flow="288.00" occupancy="15.40" speed="7.53" harmonicMeanSpeed="2.60" length="5.00" nVehEntered="8"/>
    <interval begin="29300.00" end="29400.00" id="inductionLoop.N1" nVehContrib="6" flow="216.00" occupancy="2.74" speed="11.89" harmonicMeanSpeed="10.96" length="5.00" nVehEntered="6"/>
    <interval begin="29400.00" end="29500.00" id="inductionLoop.N1" nVehContrib="6" flow="216.00" occupancy="10.47" speed="8.54" harmonicMeanSpeed="2.86" length="5.00" nVehEntered="6"/>
    <interval begin="29500.00" end="29600.00" id="inductionLoop.N1" nVehContrib="0" flow="0.00" occupancy="0.00" speed="-1.00" harmonicMeanSpeed="-1.00" length="-1.00" nVehEntered="0"/>
    <interval begin="29600.00" end="29700.00" id="inductionLoop.N1" nVehContrib="2" flow="72.00" occupancy="1.44" speed="9.52" harmonicMeanSpeed="6.94" length="5.00" nVehEntered="2"/>
    <interval begin="29700.00" end="29800.00" id="inductionLoop.N1" nVehContrib="1" flow="36.00" occupancy="1.27" speed="3.93" harmonicMeanSpeed="3.93" length="5.00" nVehEntered="1"/>
    <interval begin="29800.00" end="29900.00" id="inductionLoop.N1" nVehContrib="1" flow="36.00" occupancy="0.34" speed="14.79" harmonicMeanSpeed="14.79" length="5.00" nVehEntered="1"/>
    <interval begin="29900.00" end="30000.00" id="inductionLoop.N1" nVehContrib="3" flow="108.00" occupancy="1.07" speed="14.01" harmonicMeanSpeed="13.96" length="5.00" nVehEntered="3"/>
    <interval begin="30000.00" end="30100.00" id="inductionLoop.N1" nVehContrib="1" flow="36.00" occupancy="0.52" speed="9.66" harmonicMeanSpeed="9.66" length="5.00" nVehEntered="1"/>
    <interval begin="30100.00" end="30200.00" id="inductionLoop.N1" nVehContrib="1" flow="36.00" occupancy="0.35" speed="14.42" harmonicMeanSpeed="14.42" length="5.00" nVehEntered="1"/>
    <interval begin="30200.00" end="30300.00" id="inductionLoop.N1" nVehContrib="0" flow="0.00" occupancy="0.00" speed="-1.00" harmonicMeanSpeed="-1.00" length="-1.00" nVehEntered="0"/>
    <interval begin="30300.00" end="30400.00" id="inductionLoop.N1" nVehContrib="4" flow="144.00" occupancy="2.48" speed="9.30" harmonicMeanSpeed="8.07" length="5.00" nVehEntered="4"/>
    <interval begin="30400.00" end="30500.00" id="inductionLoop.N1" nVehContrib="3" flow="108.00" occupancy="1.29" speed="12.07" harmonicMeanSpeed="11.59" length="5.00" nVehEntered="3"/>
    <interval begin="30500.00" end="30600.00" id="inductionLoop.N1" nVehContrib="1" flow="36.00" occupancy="0.40" speed="12.47" harmonicMeanSpeed="12.47" length="5.00" nVehEntered="1"/>
    <interval begin="30600.00" end="30700.00" id="inductionLoop.N1" nVehContrib="1" flow="36.00" occupancy="0.38" speed="13.04" harmonicMeanSpeed="13.04" length="5.00" nVehEntered="1"/>
    <interval begin="30700.00" end="30800.00" id="inductionLoop.N1" nVehContrib="0" flow="0.00" occupancy="0.00" speed="-1.00" harmonicMeanSpeed="-1.00" length="-1.00" nVehEntered="0"/>
    <interval begin="30800.00" end="30900.00" id="inductionLoop.N1" nVehContrib="0" flow="0.00" occupancy="0.00" speed="-1.00" harmonicMeanSpeed="-1.00" length="-1.00" nVehEntered="0"/>
    <interval begin="30900.00" end="31000.00" id="inductionLoop.N1" nVehContrib="0" flow="0.00" occupancy="0.00" speed="-1.00" harmonicMeanSpeed="-1.00" length="-1.00" nVehEntered="0"/>
    <interval begin="31000.00" end="31100.00" id="inductionLoop.N1" nVehContrib="0" flow="0.00" occupancy="0.00" speed="-1.00" harmonicMeanSpeed="-1.00" length="-1.00" nVehEntered="0"/>
    <interval begin="31100.00" end="31200.00" id="inductionLoop.N1" nVehContrib="0" flow="0.00" occupancy="0.00" speed="-1.00" harmonicMeanSpeed="-1.00" length="-1.00" nVehEntered="0"/>
    <interval begin="31200.00" end="31300.00" id="inductionLoop.N1" nVehContrib="0" flow="0.00" occupancy="0.00" speed="-1.00" harmonicMeanSpeed="-1.00" length="-1.00" nVehEntered="0"/>
    <interval begin="31300.00" end="31400.00" id="inductionLoop.N1" nVehContrib="0" flow="0.00" occupancy="0.00" speed="-1.00" harmonicMeanSpeed="-1.00" length="-1.00" nVehEntered="0"/>
    <interval begin="31400.00" end="31500.00" id="inductionLoop.N1" nVehContrib="0" flow="0.00" occupancy="0.00" speed="-1.00" harmonicMeanSpeed="-1.00" length="-1.00" nVehEntered="0"/>
    <interval begin="31500.00" end="31600.00" id="inductionLoop.N1" nVehContrib="0" flow="0.00" occupancy="0.00" speed="-1.00" harmonicMeanSpeed="-1.00" length="-1.00" nVehEntered="0"/>
    <interval begin="31600.00" end="31700.00" id="inductionLoop.N1" nVehContrib="0" flow="0.00" occupancy="0.00" speed="-1.00" harmonicMeanSpeed="-1.00" length="-1.00" nVehEntered="0"/>
    <interval begin="31700.00" end="31800.00" id="inductionLoop.N1" nVehContrib="0" flow="0.00" occupancy="0.00" speed="-1.00" harmonicMeanSpeed="-1.00" length="-1.00" nVehEntered="0"/>
    <interval begin="31800.00" end="31900.00" id="inductionLoop.N1" nVehContrib="0" flow="0.00" occupancy="0.00" speed="-1.00" harmonicMeanSpeed="-1.00" length="-1.00" nVehEntered="0"/>
    <interval begin="31900.00" end="32000.00" id="inductionLoop.N1" nVehContrib="0" flow="0.00" occupancy="0.00" speed="-1.00" harmonicMeanSpeed="-1.00" length="-1.00" nVehEntered="0"/>
    <interval begin="32000.00" end="32100.00" id="inductionLoop.N1" nVehContrib="0" flow="0.00" occupancy="0.00" speed="-1.00" harmonicMeanSpeed="-1.00" length="-1.00" nVehEntered="0"/>
    <interval begin="32100.00" end="32200.00" id="inductionLoop.N1" nVehContrib="0" flow="0.00" occupancy="0.00" speed="-1.00" harmonicMeanSpeed="-1.00" length="-1.00" nVehEntered="0"/>
    <interval begin="32200.00" end="32300.00" id="inductionLoop.N1" nVehContrib="1" flow="36.00" occupancy="0.39" speed="12.93" harmonicMeanSpeed="12.93" length="5.00" nVehEntered="1"/>
    <interval begin="32300.00" end="32400.00" id="inductionLoop.N1" nVehContrib="1" flow="36.00" occupancy="0.38" speed="13.27" harmonicMeanSpeed="13.27" length="5.00" nVehEntered="1"/>
    <interval begin="32400.00" end="32500.00" id="inductionLoop.N1" nVehContrib="0" flow="0.00" occupancy="0.00" speed="-1.00" harmonicMeanSpeed="-1.00" length="-1.00" nVehEntered="0"/>
    <interval begin="32500.00" end="32600.00" id="inductionLoop.N1" nVehContrib="2" flow="72.00" occupancy="1.64" speed="7.43" harmonicMeanSpeed="6.10" length="5.00" nVehEntered="2"/>
    <interval begin="32600.00" end="32700.00" id="inductionLoop.N1" nVehContrib="0" flow="0.00" occupancy="0.00" speed="-1.00" harmonicMeanSpeed="-1.00" length="-1.00" nVehEntered="0"/>
    <interval begin="32700.00" end="32800.00" id="inductionLoop.N1" nVehContrib="0" flow="0.00" occupancy="0.00" speed="-1.00" harmonicMeanSpeed="-1.00" length="-1.00" nVehEntered="0"/>
    <interval begin="32800.00" end="32900.00" id="inductionLoop.N1" nVehContrib="4" flow="144.00" occupancy="3.31" speed="7.19" harmonicMeanSpeed="6.05" length="5.00" nVehEntered="4"/>
    <interval begin="32900.00" end="33000.00" id="inductionLoop.N1" nVehContrib="5" flow="180.00" occupancy="3.17" speed="9.81" harmonicMeanSpeed="7.88" length="5.00" nVehEntered="5"/>
    <interval begin="33000.00" end="33100.00" id="inductionLoop.N1" nVehContrib="2" flow="72.00" occupancy="1.78" speed="7.91" harmonicMeanSpeed="5.61" length="5.00" nVehEntered="2"/>
    <interval begin="33100.00" end="33200.00" id="inductionLoop.N1" nVehContrib="1" flow="36.00" occupancy="0.38" speed="13.15" harmonicMeanSpeed="13.15" length="5.00" nVehEntered="1"/>
    <interval begin="33200.00" end="33300.00" id="inductionLoop.N1" nVehContrib="5" flow="180.00" occupancy="2.99" speed="9.59" harmonicMeanSpeed="8.35" length="5.00" nVehEntered="5"/>
    <interval begin="33300.00" end="33400.00" id="inductionLoop.N1" nVehContrib="3" flow="108.00" occupancy="2.01" speed="9.96" harmonicMeanSpeed="9.29" length="5.00" nVehEntered="4"/>
    <interval begin="33400.00" end="33500.00" id="inductionLoop.N1" nVehContrib="1" flow="36.00" occupancy="0.41" speed="12.27" harmonicMeanSpeed="12.27" length="5.00" nVehEntered="1"/>
    <interval begin="33500.00" end="33600.00" id="inductionLoop.N1" nVehContrib="0" flow="0.00" occupancy="0.00" speed="-1.00" harmonicMeanSpeed="-1.00" length="-1.00" nVehEntered="0"/>
    <interval begin="33600.00" end="33700.00" id="inductionLoop.N1" nVehContrib="2" flow="72.00" occupancy="0.69" speed="14.67" harmonicMeanSpeed="14.54" length="5.00" nVehEntered="2"/>
    <interval begin="33700.00" end="33800.00" id="inductionLoop.N1" nVehContrib="0" flow="0.00" occupancy="0.00" speed="-1.00" harmonicMeanSpeed="-1.00" length="-1.00" nVehEntered="0"/>
    <interval begin="33800.00" end="33900.00" id="inductionLoop.N1" nVehContrib="0" flow="0.00" occupancy="0.00" speed="-1.00" harmonicMeanSpeed="-1.00" length="-1.00" nVehEntered="0"/>
    <interval begin="33900.00" end="34000.00" id="inductionLoop.N1" nVehContrib="0" flow="0.00" occupancy="0.00" speed="-1.00" harmonicMeanSpeed="-1.00" length="-1.00" nVehEntered="0"/>
    <interval begin="34000.00" end="34100.00" id="inductionLoop.N1" nVehContrib="0" flow="0.00" occupancy="0.00" speed="-1.00" harmonicMeanSpeed="-1.00" length="-1.00" nVehEntered="0"/>
    <interval begin="34100.00" end="34200.00" id="inductionLoop.N1" nVehContrib="0" flow="0.00" occupancy="0.00" speed="-1.00" harmonicMeanSpeed="-1.00" length="-1.00" nVehEntered="0"/>
    <interval begin="34200.00" end="34300.00" id="inductionLoop.N1" nVehContrib="1" flow="36.00" occupancy="0.33" speed="15.25" harmonicMeanSpeed="15.25" length="5.00" nVehEntered="1"/>
    <interval begin="34300.00" end="34400.00" id="inductionLoop.N1" nVehContrib="0" flow="0.00" occupancy="0.00" speed="-1.00" harmonicMeanSpeed="-1.00" length="-1.00" nVehEntered="0"/>
    <interval begin="34400.00" end="34500.00" id="inductionLoop.N1" nVehContrib="3" flow="108.00" occupancy="1.54" speed="10.36" harmonicMeanSpeed="9.77" length="5.00" nVehEntered="3"/>
    <interval begin="34500.00" end="34600.00" id="inductionLoop.N1" nVehContrib="3" flow="108.00" occupancy="1.55" speed="10.01" harmonicMeanSpeed="9.66" length="5.00" nVehEntered="3"/>
    <interval begin="34600.00" end="34700.00" id="inductionLoop.N1" nVehContrib="6" flow="216.00" occupancy="40.36" speed="6.98" harmonicMeanSpeed="5.81" length="5.00" nVehEntered="7"/>
    <interval begin="34700.00" end="34800.00" id="inductionLoop.N1" nVehContrib="13" flow="468.00" occupancy="75.91" speed="4.41" harmonicMeanSpeed="0.59" length="5.00" nVehEntered="12"/>
    <interval begin="34800.00" end="34900.00" id="inductionLoop.N1" nVehContrib="6" flow="216.00" occupancy="58.50" speed="2.66" harmonicMeanSpeed="0.51" length="5.00" nVehEntered="6"/>
    <interval begin="34900.00" end="35000.00" id="inductionLoop.N1" nVehContrib="8" flow="288.00" occupancy="74.58" speed="2.84" harmonicMeanSpeed="0.54" length="5.00" nVehEntered="8"/>
    <interval begin="35000.00" end="35100.00" id="inductionLoop.N1" nVehContrib="7" flow="252.00" occupancy="42.18" speed="3.20" harmonicMeanSpeed="0.90" length="5.00" nVehEntered="8"/>
    <interval begin="35100.00" end="35200.00" id="inductionLoop.N1" nVehContrib="5" flow="180.00" occupancy="28.36" speed="3.09" harmonicMeanSpeed="0.88" length="5.00" nVehEntered="5"/>
    <interval begin="35200.00" end="35300.00" id="inductionLoop.N1" nVehContrib="5" flow="180.00" occupancy="26.14" speed="6.52" harmonicMeanSpeed="0.96" length="5.00" nVehEntered="5"/>
    <interval begin="35300.00" end="35400.00" id="inductionLoop.N1" nVehContrib="5" flow="180.00" occupancy="10.57" speed="6.72" harmonicMeanSpeed="2.44" length="5.00" nVehEntered="6"/>
    <interval begin="35400.00" end="35500.00" id="inductionLoop.N1" nVehContrib="7" flow="252.00" occupancy="44.50" speed="8.55" harmonicMeanSpeed="0.99" length="5.00" nVehEntered="7"/>
    <interval begin="35500.00" end="35600.00" id="inductionLoop.N1" nVehContrib="7" flow="252.00" occupancy="23.20" speed="5.85" harmonicMeanSpeed="1.07" length="5.00" nVehEntered="6"/>
    <interval begin="35600.00" end="35700.00" id="inductionLoop.N1" nVehContrib="5" flow="180.00" occupancy="61.60" speed="3.84" harmonicMeanSpeed="0.41" length="5.00" nVehEntered="5"/>
    <interval begin="35700.00" end="35800.00" id="inductionLoop.N1" nVehContrib="6" flow="216.00" occupancy="25.25" speed="4.83" harmonicMeanSpeed="1.32" length="5.00" nVehEntered="7"/>
    <interval begin="35800.00" end="35900.00" id="inductionLoop.N1" nVehContrib="3" flow="108.00" occupancy="10.38" speed="8.09" harmonicMeanSpeed="1.45" length="5.00" nVehEntered="3"/>
    <interval begin="35900.00" end="36000.00" id="inductionLoop.N1" nVehContrib="0" flow="0.00" occupancy="0.00" speed="-1.00" harmonicMeanSpeed="-1.00" length="-1.00" nVehEntered="0"/>
    <interval begin="36000.00" end="36100.00" id="inductionLoop.N1" nVehContrib="4" flow="144.00" occupancy="24.48" speed="8.05" harmonicMeanSpeed="0.82" length="5.00" nVehEntered="4"/>
    <interval begin="36100.00" end="36200.00" id="inductionLoop.N1" nVehContrib="13" flow="468.00" occupancy="25.06" speed="8.13" harmonicMeanSpeed="2.59" length="5.00" nVehEntered="13"/>
    <interval begin="36200.00" end="36300.00" id="inductionLoop.N1" nVehContrib="8" flow="288.00" occupancy="46.92" speed="6.66" harmonicMeanSpeed="0.85" length="5.00" nVehEntered="8"/>
    <interval begin="36300.00" end="36400.00" id="inductionLoop.N1" nVehContrib="13" flow="468.00" occupancy="56.77" speed="6.38" harmonicMeanSpeed="1.15" length="5.00" nVehEntered="13"/>
    <interval begin="36400.00" end="36500.00" id="inductionLoop.N1" nVehContrib="2" flow="72.00" occupancy="11.74" speed="2.58" harmonicMeanSpeed="0.85" length="5.00" nVehEntered="2"/>
    <interval begin="36500.00" end="36600.00" id="inductionLoop.N1" nVehContrib="6" flow="216.00" occupancy="4.30" speed="8.69" harmonicMeanSpeed="6.97" length="5.00" nVehEntered="6"/>
    <interval begin="36600.00" end="36700.00" id="inductionLoop.N1" nVehContrib="4" flow="144.00" occupancy="22.78" speed="8.36" harmonicMeanSpeed="6.95" length="5.00" nVehEntered="5"/>
    <interval begin="36700.00" end="36800.00" id="inductionLoop.N1" nVehContrib="13" flow="468.00" occupancy="24.65" speed="7.05" harmonicMeanSpeed="1.46" length="5.00" nVehEntered="12"/>
    <interval begin="36800.00" end="36900.00" id="inductionLoop.N1" nVehContrib="6" flow="216.00" occupancy="35.38" speed="5.79" harmonicMeanSpeed="0.95" length="5.00" nVehEntered="8"/>
    <interval begin="36900.00" end="37000.00" id="inductionLoop.N1" nVehContrib="12" flow="432.00" occupancy="60.29" speed="5.73" harmonicMeanSpeed="1.14" length="5.00" nVehEntered="12"/>
    <interval begin="37000.00" end="37100.00" id="inductionLoop.N1" nVehContrib="5" flow="180.00" occupancy="62.53" speed="3.47" harmonicMeanSpeed="0.40" length="5.00" nVehEntered="5"/>
    <interval begin="37100.00" end="37200.00" id="inductionLoop.N1" nVehContrib="8" flow="288.00" occupancy="59.18" speed="3.61" harmonicMeanSpeed="0.57" length="5.00" nVehEntered="7"/>
    <interval begin="37200.00" end="37300.00" id="inductionLoop.N1" nVehContrib="5" flow="180.00" occupancy="29.47" speed="3.17" harmonicMeanSpeed="0.88" length="5.00" nVehEntered="6"/>
    <interval begin="37300.00" end="37400.00" id="inductionLoop.N1" nVehContrib="10" flow="360.00" occupancy="36.13" speed="5.34" harmonicMeanSpeed="1.35" length="5.00" nVehEntered="9"/>
    <interval begin="37400.00" end="37500.00" id="inductionLoop.N1" nVehContrib="5" flow="180.00" occupancy="29.66" speed="6.36" harmonicMeanSpeed="0.84" length="5.00" nVehEntered="5"/>
    <interval begin="37500.00" end="37600.00" id="inductionLoop.N1" nVehContrib="8" flow="288.00" occupancy="42.44" speed="4.73" harmonicMeanSpeed="1.01" length="5.00" nVehEntered="9"/>
    <interval begin="37600.00" end="37700.00" id="inductionLoop.N1" nVehContrib="6" flow="216.00" occupancy="66.95" speed="1.88" harmonicMeanSpeed="0.44" length="5.00" nVehEntered="6"/>
    <interval begin="37700.00" end="37800.00" id="inductionLoop.N1" nVehContrib="14" flow="504.00" occupancy="39.26" speed="7.24" harmonicMeanSpeed="1.73" length="5.00" nVehEntered="13"/>
    <interval begin="37800.00" end="37900.00" id="inductionLoop.N1" nVehContrib="11" flow="396.00" occupancy="22.53" speed="6.81" harmonicMeanSpeed="2.44" length="5.00" nVehEntered="11"/>
    <interval begin="37900.00" end="38000.00" id="inductionLoop.N1" nVehContrib="10" flow="360.00" occupancy="27.79" speed="7.09" harmonicMeanSpeed="1.80" length="5.00" nVehEntered="10"/>
    <interval begin="38000.00" end="38100.00" id="inductionLoop.N1" nVehContrib="11" flow="396.00" occupancy="42.71" speed="6.57" harmonicMeanSpeed="1.29" length="5.00" nVehEntered="11"/>
    <interval begin="38100.00" end="38200.00" id="inductionLoop.N1" nVehContrib="4" flow="144.00" occupancy="78.59" speed="0.36" harmonicMeanSpeed="0.26" length="5.00" nVehEntered="5"/>
    <interval begin="38200.00" end="38300.00" id="inductionLoop.N1" nVehContrib="11" flow="396.00" occupancy="74.44" speed="4.68" harmonicMeanSpeed="0.80" length="5.00" nVehEntered="11"/>
    <interval begin="38300.00" end="38400.00" id="inductionLoop.N1" nVehContrib="12" flow="432.00" occupancy="32.59" speed="4.68" harmonicMeanSpeed="1.84" length="5.00" nVehEntered="12"/>
    <interval begin="38400.00" end="38500.00" id="inductionLoop.N1" nVehContrib="11" flow="396.00" occupancy="51.71" speed="5.19" harmonicMeanSpeed="1.23" length="5.00" nVehEntered="12"/>
    <interval begin="38500.00" end="38600.00" id="inductionLoop.N1" nVehContrib="7" flow="252.00" occupancy="35.77" speed="8.24" harmonicMeanSpeed="0.82" length="5.00" nVehEntered="6"/>
    <interval begin="38600.00" end="38700.00" id="inductionLoop.N1" nVehContrib="11" flow="396.00" occupancy="60.15" speed="5.81" harmonicMeanSpeed="1.09" length="5.00" nVehEntered="12"/>
    <interval begin="38700.00" end="38800.00" id="inductionLoop.N1" nVehContrib="7" flow="252.00" occupancy="59.06" speed="5.41" harmonicMeanSpeed="0.81" length="5.00" nVehEntered="8"/>
    <interval begin="38800.00" end="38900.00" id="inductionLoop.N1" nVehContrib="7" flow="252.00" occupancy="65.52" speed="3.63" harmonicMeanSpeed="0.56" length="5.00" nVehEntered="7"/>
    <interval begin="38900.00" end="39000.00" id="inductionLoop.N1" nVehContrib="12" flow="432.00" occupancy="78.08" speed="4.13" harmonicMeanSpeed="0.62" length="5.00" nVehEntered="11"/>
    <interval begin="39000.00" end="39100.00" id="inductionLoop.N1" nVehContrib="15" flow="540.00" occupancy="75.43" speed="7.44" harmonicMeanSpeed="2.14" length="5.00" nVehEntered="16"/>
    <interval begin="39100.00" end="39200.00" id="inductionLoop.N1" nVehContrib="21" flow="756.00" occupancy="65.93" speed="6.35" harmonicMeanSpeed="1.13" length="5.00" nVehEntered="21"/>
    <interval begin="39200.00" end="39300.00" id="inductionLoop.N1" nVehContrib="7" flow="252.00" occupancy="60.53" speed="5.58" harmonicMeanSpeed="0.57" length="5.00" nVehEntered="7"/>
    <interval begin="39300.00" end="39400.00" id="inductionLoop.N1" nVehContrib="8" flow="288.00" occupancy="84.21" speed="4.33" harmonicMeanSpeed="0.48" length="5.00" nVehEntered="8"/>
    <interval begin="39400.00" end="39500.00" id="inductionLoop.N1" nVehContrib="7" flow="252.00" occupancy="86.16" speed="3.94" harmonicMeanSpeed="0.92" length="5.00" nVehEntered="7"/>
    <interval begin="39500.00" end="39600.00" id="inductionLoop.N1" nVehContrib="13" flow="468.00" occupancy="74.12" speed="3.39" harmonicMeanSpeed="0.48" length="5.00" nVehEntered="12"/>
    <interval begin="39600.00" end="39700.00" id="inductionLoop.N1" nVehContrib="6" flow="216.00" occupancy="90.35" speed="3.96" harmonicMeanSpeed="0.33" length="5.00" nVehEntered="6"/>
    <interval begin="39700.00" end="39800.00" id="inductionLoop.N1" nVehContrib="4" flow="144.00" occupancy="88.57" speed="2.53" harmonicMeanSpeed="1.31" length="5.00" nVehEntered="5"/>
    <interval begin="39800.00" end="39900.00" id="inductionLoop.N1" nVehContrib="17" flow="612.00" occupancy="71.51" speed="6.58" harmonicMeanSpeed="0.86" length="5.00" nVehEntered="17"/>
    <interval begin="39900.00" end="40000.00" id="inductionLoop.N1" nVehContrib="17" flow="612.00" occupancy="70.92" speed="6.46" harmonicMeanSpeed="0.91" length="5.00" nVehEntered="17"/>
    <interval begin="40000.00" end="40100.00" id="inductionLoop.N1" nVehContrib="18" flow="648.00" occupancy="70.49" speed="6.53" harmonicMeanSpeed="0.95" length="5.00" nVehEntered="18"/>
    <interval begin="40100.00" end="40200.00" id="inductionLoop.N1" nVehContrib="9" flow="324.00" occupancy="48.61" speed="7.24" harmonicMeanSpeed="1.11" length="5.00" nVehEntered="9"/>
    <interval begin="40200.00" end="40300.00" id="inductionLoop.N1" nVehContrib="11" flow="396.00" occupancy="80.19" speed="5.61" harmonicMeanSpeed="0.63" length="5.00" nVehEntered="11"/>
    <interval begin="40300.00" end="40400.00" id="inductionLoop.N1" nVehContrib="12" flow="432.00" occupancy="77.38" speed="6.44" harmonicMeanSpeed="2.18" length="5.00" nVehEntered="12"/>
    <interval begin="40400.00" end="40500.00" id="inductionLoop.N1" nVehContrib="20" flow="720.00" occupancy="40.53" speed="7.62" harmonicMeanSpeed="1.21" length="5.00" nVehEntered="21"/>
    <interval begin="40500.00" end="40600.00" id="inductionLoop.N1" nVehContrib="9" flow="324.00" occupancy="40.15" speed="4.71" harmonicMeanSpeed="1.55" length="5.00" nVehEntered="10"/>
    <interval begin="40600.00" end="40700.00" id="inductionLoop.N1" nVehContrib="7" flow="252.00" occupancy="87.39" speed="4.76" harmonicMeanSpeed="0.39" length="5.00" nVehEntered="6"/>
    <interval begin="40700.00" end="40800.00" id="inductionLoop.N1" nVehContrib="8" flow="288.00" occupancy="8.92" speed="7.66" harmonicMeanSpeed="6.87" length="5.00" nVehEntered="9"/>
    <interval begin="40800.00" end="40900.00" id="inductionLoop.N1" nVehContrib="3" flow="108.00" occupancy="69.22" speed="4.57" harmonicMeanSpeed="4.45" length="5.00" nVehEntered="5"/>
    <interval begin="40900.00" end="41000.00" id="inductionLoop.N1" nVehContrib="18" flow="648.00" occupancy="69.13" speed="6.37" harmonicMeanSpeed="0.85" length="5.00" nVehEntered="18"/>
    <interval begin="41000.00" end="41100.00" id="inductionLoop.N1" nVehContrib="14" flow="504.00" occupancy="76.96" speed="6.16" harmonicMeanSpeed="0.67" length="5.00" nVehEntered="13"/>
    <interval begin="41100.00" end="41200.00" id="inductionLoop.N1" nVehContrib="31" flow="1116.00" occupancy="51.18" speed="7.46" harmonicMeanSpeed="4.10" length="5.00" nVehEntered="32"/>
    <interval begin="41200.00" end="41300.00" id="inductionLoop.N1" nVehContrib="6" flow="216.00" occupancy="88.62" speed="5.61" harmonicMeanSpeed="0.42" length="5.00" nVehEntered="6"/>
    <interval begin="41300.00" end="41400.00" id="inductionLoop.N1" nVehContrib="11" flow="396.00" occupancy="80.66" speed="5.83" harmonicMeanSpeed="0.50" length="5.00" nVehEntered="10"/>
    <interval begin="41400.00" end="41500.00" id="inductionLoop.N1" nVehContrib="23" flow="828.00" occupancy="61.32" speed="7.26" harmonicMeanSpeed="2.20" length="5.00" nVehEntered="24"/>
    <interval begin="41500.00" end="41600.00" id="inductionLoop.N1" nVehContrib="7" flow="252.00" occupancy="87.32" speed="5.42" harmonicMeanSpeed="0.51" length="5.00" nVehEntered="7"/>
    <interval begin="41600.00" end="41700.00" id="inductionLoop.N1" nVehContrib="12" flow="432.00" occupancy="80.50" speed="6.00" harmonicMeanSpeed="1.19" length="5.00" nVehEntered="12"/>
    <interval begin="41700.00" end="41800.00" id="inductionLoop.N1" nVehContrib="23" flow="828.00" occupancy="52.45" speed="6.93" harmonicMeanSpeed="1.04" length="5.00" nVehEntered="22"/>
    <interval begin="41800.00" end="41900.00" id="inductionLoop.N1" nVehContrib="6" flow="216.00" occupancy="80.89" speed="5.37" harmonicMeanSpeed="0.58" length="5.00" nVehEntered="7"/>
    <interval begin="41900.00" end="42000.00" id="inductionLoop.N1" nVehContrib="9" flow="324.00" occupancy="85.26" speed="5.59" harmonicMeanSpeed="0.56" length="5.00" nVehEntered="9"/>
    <interval begin="42000.00" end="42100.00" id="inductionLoop.N1" nVehContrib="8" flow="288.00" occupancy="83.92" speed="4.10" harmonicMeanSpeed="0.34" length="5.00" nVehEntered="8"/>
    <interval begin="42100.00" end="42200.00" id="inductionLoop.N1" nVehContrib="8" flow="288.00" occupancy="84.44" speed="4.22" harmonicMeanSpeed="0.67" length="5.00" nVehEntered="8"/>
    <interval begin="42200.00" end="42300.00" id="inductionLoop.N1" nVehContrib="15" flow="540.00" occupancy="75.08" speed="6.51" harmonicMeanSpeed="0.75" length="5.00" nVehEntered="14"/>
    <interval begin="42300.00" end="42400.00" id="inductionLoop.N1" nVehContrib="16" flow="576.00" occupancy="73.90" speed="7.25" harmonicMeanSpeed="1.09" length="5.00" nVehEntered="17"/>
    <interval begin="42400.00" end="42500.00" id="inductionLoop.N1" nVehContrib="5" flow="180.00" occupancy="91.90" speed="3.96" harmonicMeanSpeed="0.27" length="5.00" nVehEntered="4"/>
    <interval begin="42500.00" end="42600.00" id="inductionLoop.N1" nVehContrib="26" flow="936.00" occupancy="30.37" speed="8.54" harmonicMeanSpeed="4.31" length="5.00" nVehEntered="27"/>
    <interval begin="42600.00" end="42700.00" id="inductionLoop.N1" nVehContrib="1" flow="36.00" occupancy="12.29" speed="4.13" harmonicMeanSpeed="4.13" length="5.00" nVehEntered="2"/>
    <interval begin="42700.00" end="42800.00" id="inductionLoop.N1" nVehContrib="17" flow="612.00" occupancy="43.13" speed="8.60" harmonicMeanSpeed="1.93" length="5.00" nVehEntered="17"/>
    <interval begin="42800.00" end="42900.00" id="inductionLoop.N1" nVehContrib="5" flow="180.00" occupancy="73.35" speed="5.24" harmonicMeanSpeed="2.13" length="5.00" nVehEntered="6"/>
    <interval begin="42900.00" end="43000.00" id="inductionLoop.N1" nVehContrib="11" flow="396.00" occupancy="75.37" speed="5.68" harmonicMeanSpeed="0.40" length="5.00" nVehEntered="10"/>
    <interval begin="43000.00" end="43100.00" id="inductionLoop.N1" nVehContrib="5" flow="180.00" occupancy="89.17" speed="8.87" harmonicMeanSpeed="8.64" length="5.00" nVehEntered="6"/>
    <interval begin="43100.00" end="43200.00" id="inductionLoop.N1" nVehContrib="3" flow="108.00" occupancy="30.73" speed="4.67" harmonicMeanSpeed="0.13" length="5.00" nVehEntered="2"/>
    <interval begin="43200.00" end="43300.00" id="inductionLoop.N1" nVehContrib="2" flow="72.00" occupancy="45.41" speed="9.00" harmonicMeanSpeed="8.71" length="5.00" nVehEntered="3"/>
    <interval begin="43300.00" end="43400.00" id="inductionLoop.N1" nVehContrib="11" flow="396.00" occupancy="82.45" speed="5.09" harmonicMeanSpeed="0.43" length="5.00" nVehEntered="10"/>
    <interval begin="43400.00" end="43500.00" id="inductionLoop.N1" nVehContrib="6" flow="216.00" occupancy="89.02" speed="6.29" harmonicMeanSpeed="0.37" length="5.00" nVehEntered="7"/>
    <interval begin="43500.00" end="43600.00" id="inductionLoop.N1" nVehContrib="16" flow="576.00" occupancy="72.33" speed="6.34" harmonicMeanSpeed="1.26" length="5.00" nVehEntered="16"/>
    <interval begin="43600.00" end="43700.00" id="inductionLoop.N1" nVehContrib="2" flow="72.00" occupancy="96.19" speed="1.85" harmonicMeanSpeed="0.14" length="5.00" nVehEntered="2"/>
    <interval begin="43700.00" end="43800.00" id="inductionLoop.N1" nVehContrib="19" flow="684.00" occupancy="55.21" speed="8.70" harmonicMeanSpeed="0.96" length="5.00" nVehEntered="18"/>
    <interval begin="43800.00" end="43900.00" id="inductionLoop.N1" nVehContrib="5" flow="180.00" occupancy="81.42" speed="9.66" harmonicMeanSpeed="0.46" length="5.00" nVehEntered="6"/>
    <interval begin="43900.00" end="44000.00" id="inductionLoop.N1" nVehContrib="12" flow="432.00" occupancy="64.20" speed="7.19" harmonicMeanSpeed="1.70" length="5.00" nVehEntered="13"/>
    <interval begin="44000.00" end="44100.00" id="inductionLoop.N1" nVehContrib="11" flow="396.00" occupancy="47.80" speed="7.29" harmonicMeanSpeed="0.77" length="5.00" nVehEntered="11"/>
    <interval begin="44100.00" end="44200.00" id="inductionLoop.N1" nVehContrib="12" flow="432.00" occupancy="70.10" speed="5.47" harmonicMeanSpeed="0.79" length="5.00" nVehEntered="12"/>
    <interval begin="44200.00" end="44300.00" id="inductionLoop.N1" nVehContrib="8" flow="288.00" occupancy="86.18" speed="6.11" harmonicMeanSpeed="0.43" length="5.00" nVehEntered="8"/>
    <interval begin="44300.00" end="44400.00" id="inductionLoop.N1" nVehContrib="21" flow="756.00" occupancy="35.08" speed="7.23" harmonicMeanSpeed="2.46" length="5.00" nVehEntered="22"/>
    <interval begin="44400.00" end="44500.00" id="inductionLoop.N1" nVehContrib="2" flow="72.00" occupancy="96.00" speed="2.13" harmonicMeanSpeed="0.12" length="5.00" nVehEntered="2"/>
    <interval begin="44500.00" end="44600.00" id="inductionLoop.N1" nVehContrib="19" flow="684.00" occupancy="57.69" speed="8.31" harmonicMeanSpeed="2.90" length="5.00" nVehEntered="19"/>
    <interval begin="44600.00" end="44700.00" id="inductionLoop.N1" nVehContrib="10" flow="360.00" occupancy="64.85" speed="5.28" harmonicMeanSpeed="0.45" length="5.00" nVehEntered="10"/>
    <interval begin="44700.00" end="44800.00" id="inductionLoop.N1" nVehContrib="14" flow="504.00" occupancy="77.59" speed="7.39" harmonicMeanSpeed="1.89" length="5.00" nVehEntered="14"/>
    <interval begin="44800.00" end="44900.00" id="inductionLoop.N1" nVehContrib="2" flow="72.00" occupancy="82.73" speed="4.95" harmonicMeanSpeed="0.09" length="5.00" nVehEntered="2"/>
    <interval begin="44900.00" end="45000.00" id="inductionLoop.N1" nVehContrib="10" flow="360.00" occupancy="72.69" speed="6.39" harmonicMeanSpeed="1.75" length="5.00" nVehEntered="10"/>
    <interval begin="45000.00" end="45100.00" id="inductionLoop.N1" nVehContrib="2" flow="72.00" occupancy="96.20" speed="2.11" harmonicMeanSpeed="0.08" length="5.00" nVehEntered="2"/>
    <interval begin="45100.00" end="45200.00" id="inductionLoop.N1" nVehContrib="12" flow="432.00" occupancy="75.26" speed="7.54" harmonicMeanSpeed="1.27" length="5.00" nVehEntered="12"/>
    <interval begin="45200.00" end="45300.00" id="inductionLoop.N1" nVehContrib="13" flow="468.00" occupancy="68.95" speed="5.47" harmonicMeanSpeed="0.59" length="5.00" nVehEntered="13"/>
    <interval begin="45300.00" end="45400.00" id="inductionLoop.N1" nVehContrib="9" flow="324.00" occupancy="46.77" speed="7.02" harmonicMeanSpeed="1.12" length="5.00" nVehEntered="9"/>
    <interval begin="45400.00" end="45500.00" id="inductionLoop.N1" nVehContrib="16" flow="576.00" occupancy="68.10" speed="4.90" harmonicMeanSpeed="0.83" length="5.00" nVehEntered="15"/>
    <interval begin="45500.00" end="45600.00" id="inductionLoop.N1" nVehContrib="5" flow="180.00" occupancy="70.03" speed="5.94" harmonicMeanSpeed="0.36" length="5.00" nVehEntered="6"/>
    <interval begin="45600.00" end="45700.00" id="inductionLoop.N1" nVehContrib="16" flow="576.00" occupancy="8.53" speed="11.25" harmonicMeanSpeed="9.37" length="5.00" nVehEntered="15"/>
    <interval begin="45700.00" end="45800.00" id="inductionLoop.N1" nVehContrib="4" flow="144.00" occupancy="54.90" speed="8.41" harmonicMeanSpeed="0.36" length="5.00" nVehEntered="4"/>
    <interval begin="45800.00" end="45900.00" id="inductionLoop.N1" nVehContrib="14" flow="504.00" occupancy="39.86" speed="5.77" harmonicMeanSpeed="1.87" length="5.00" nVehEntered="16"/>
    <interval begin="45900.00" end="46000.00" id="inductionLoop.N1" nVehContrib="4" flow="144.00" occupancy="92.91" speed="8.22" harmonicMeanSpeed="8.20" length="5.00" nVehEntered="4"/>
    <interval begin="46000.00" end="46100.00" id="inductionLoop.N1" nVehContrib="15" flow="540.00" occupancy="50.85" speed="7.24" harmonicMeanSpeed="0.53" length="5.00" nVehEntered="14"/>
    <interval begin="46100.00" end="46200.00" id="inductionLoop.N1" nVehContrib="0" flow="0.00" occupancy="93.13" speed="-1.00" harmonicMeanSpeed="-1.00" length="-1.00" nVehEntered="2"/>
    <interval begin="46200.00" end="46300.00" id="inductionLoop.N1" nVehContrib="13" flow="468.00" occupancy="74.84" speed="6.25" harmonicMeanSpeed="0.45" length="5.00" nVehEntered="13"/>
    <interval begin="46300.00" end="46400.00" id="inductionLoop.N1" nVehContrib="7" flow="252.00" occupancy="85.77" speed="5.09" harmonicMeanSpeed="0.33" length="5.00" nVehEntered="6"/>
    <interval begin="46400.00" end="46500.00" id="inductionLoop.N1" nVehContrib="20" flow="720.00" occupancy="39.31" speed="6.87" harmonicMeanSpeed="2.54" length="5.00" nVehEntered="20"/>
    <interval begin="46500.00" end="46600.00" id="inductionLoop.N1" nVehContrib="0" flow="0.00" occupancy="0.00" speed="-1.00" harmonicMeanSpeed="-1.00" length="-1.00" nVehEntered="0"/>
    <interval begin="46600.00" end="46700.00" id="inductionLoop.N1" nVehContrib="12" flow="432.00" occupancy="52.45" speed="6.21" harmonicMeanSpeed="1.14" length="5.00" nVehEntered="12"/>
    <interval begin="46700.00" end="46800.00" id="inductionLoop.N1" nVehContrib="10" flow="360.00" occupancy="83.16" speed="8.75" harmonicMeanSpeed="8.71" length="5.00" nVehEntered="11"/>
    <interval begin="46800.00" end="46900.00" id="inductionLoop.N1" nVehContrib="12" flow="432.00" occupancy="79.49" speed="5.61" harmonicMeanSpeed="0.38" length="5.00" nVehEntered="12"/>
    <interval begin="46900.00" end="47000.00" id="inductionLoop.N1" nVehContrib="5" flow="180.00" occupancy="5.72" speed="6.82" harmonicMeanSpeed="4.05" length="5.00" nVehEntered="4"/>
    <interval begin="47000.00" end="47100.00" id="inductionLoop.N1" nVehContrib="20" flow="720.00" occupancy="58.11" speed="6.54" harmonicMeanSpeed="1.73" length="5.00" nVehEntered="21"/>
    <interval begin="47100.00" end="47200.00" id="inductionLoop.N1" nVehContrib="11" flow="396.00" occupancy="81.75" speed="6.09" harmonicMeanSpeed="0.72" length="5.00" nVehEntered="11"/>
    <interval begin="47200.00" end="47300.00" id="inductionLoop.N1" nVehContrib="8" flow="288.00" occupancy="86.09" speed="6.13" harmonicMeanSpeed="0.85" length="5.00" nVehEntered="8"/>
    <interval begin="47300.00" end="47400.00" id="inductionLoop.N1" nVehContrib="6" flow="216.00" occupancy="88.51" speed="3.95" harmonicMeanSpeed="0.23" length="5.00" nVehEntered="5"/>
    <interval begin="47400.00" end="47500.00" id="inductionLoop.N1" nVehContrib="19" flow="684.00" occupancy="70.47" speed="7.32" harmonicMeanSpeed="6.99" length="5.00" nVehEntered="20"/>
    <interval begin="47500.00" end="47600.00" id="inductionLoop.N1" nVehContrib="20" flow="720.00" occupancy="66.63" speed="6.71" harmonicMeanSpeed="1.06" length="5.00" nVehEntered="20"/>
    <interval begin="47600.00" end="47700.00" id="inductionLoop.N1" nVehContrib="16" flow="576.00" occupancy="73.65" speed="7.62" harmonicMeanSpeed="0.87" length="5.00" nVehEntered="16"/>
    <interval begin="47700.00" end="47800.00" id="inductionLoop.N1" nVehContrib="8" flow="288.00" occupancy="86.36" speed="6.06" harmonicMeanSpeed="1.04" length="5.00" nVehEntered="8"/>
    <interval begin="47800.00" end="47900.00" id="inductionLoop.N1" nVehContrib="6" flow="216.00" occupancy="88.67" speed="3.72" harmonicMeanSpeed="0.24" length="5.00" nVehEntered="6"/>
    <interval begin="47900.00" end="48000.00" id="inductionLoop.N1" nVehContrib="12" flow="432.00" occupancy="78.70" speed="5.54" harmonicMeanSpeed="1.20" length="5.00" nVehEntered="12"/>
    <interval begin="48000.00" end="48100.00" id="inductionLoop.N1" nVehContrib="13" flow="468.00" occupancy="77.12" speed="6.06" harmonicMeanSpeed="0.51" length="5.00" nVehEntered="13"/>
    <interval begin="48100.00" end="48200.00" id="inductionLoop.N1" nVehContrib="22" flow="792.00" occupancy="65.57" speed="8.00" harmonicMeanSpeed="7.63" length="5.00" nVehEntered="22"/>
    <interval begin="48200.00" end="48300.00" id="inductionLoop.N1" nVehContrib="12" flow="432.00" occupancy="79.90" speed="6.97" harmonicMeanSpeed="0.54" length="5.00" nVehEntered="12"/>
    <interval begin="48300.00" end="48400.00" id="inductionLoop.N1" nVehContrib="29" flow="1044.00" occupancy="56.86" speed="7.72" harmonicMeanSpeed="2.72" length="5.00" nVehEntered="29"/>
    <interval begin="48400.00" end="48500.00" id="inductionLoop.N1" nVehContrib="5" flow="180.00" occupancy="90.72" speed="5.29" harmonicMeanSpeed="0.22" length="5.00" nVehEntered="5"/>
    <interval begin="48500.00" end="48600.00" id="inductionLoop.N1" nVehContrib="24" flow="864.00" occupancy="60.83" speed="7.93" harmonicMeanSpeed="2.51" length="5.00" nVehEntered="24"/>
    <interval begin="48600.00" end="48700.00" id="inductionLoop.N1" nVehContrib="11" flow="396.00" occupancy="82.44" speed="6.63" harmonicMeanSpeed="1.21" length="5.00" nVehEntered="11"/>
    <interval begin="48700.00" end="48800.00" id="inductionLoop.N1" nVehContrib="15" flow="540.00" occupancy="76.45" speed="5.83" harmonicMeanSpeed="0.59" length="5.00" nVehEntered="14"/>
    <interval begin="48800.00" end="48900.00" id="inductionLoop.N1" nVehContrib="36" flow="1296.00" occupancy="44.63" speed="8.22" harmonicMeanSpeed="8.04" length="5.00" nVehEntered="37"/>
    <interval begin="48900.00" end="49000.00" id="inductionLoop.N1" nVehContrib="5" flow="180.00" occupancy="89.83" speed="4.81" harmonicMeanSpeed="0.35" length="5.00" nVehEntered="5"/>
    <interval begin="49000.00" end="49100.00" id="inductionLoop.N1" nVehContrib="19" flow="684.00" occupancy="70.11" speed="7.77" harmonicMeanSpeed="1.12" length="5.00" nVehEntered="19"/>
    <interval begin="49100.00" end="49200.00" id="inductionLoop.N1" nVehContrib="8" flow="288.00" occupancy="84.64" speed="6.54" harmonicMeanSpeed="0.47" length="5.00" nVehEntered="8"/>
    <interval begin="49200.00" end="49300.00" id="inductionLoop.N1" nVehContrib="39" flow="1404.00" occupancy="40.96" speed="7.65" harmonicMeanSpeed="2.98" length="5.00" nVehEntered="38"/>
    <interval begin="49300.00" end="49400.00" id="inductionLoop.N1" nVehContrib="27" flow="972.00" occupancy="16.35" speed="9.02" harmonicMeanSpeed="8.51" length="5.00" nVehEntered="29"/>
    <interval begin="49400.00" end="49500.00" id="inductionLoop.N1" nVehContrib="5" flow="180.00" occupancy="81.69" speed="11.57" harmonicMeanSpeed="11.38" length="5.00" nVehEntered="5"/>
    <interval begin="49500.00" end="49600.00" id="inductionLoop.N1" nVehContrib="16" flow="576.00" occupancy="74.61" speed="7.28" harmonicMeanSpeed="0.59" length="5.00" nVehEntered="16"/>
    <interval begin="49600.00" end="49700.00" id="inductionLoop.N1" nVehContrib="31" flow="1116.00" occupancy="52.76" speed="7.55" harmonicMeanSpeed="3.80" length="5.00" nVehEntered="31"/>
    <interval begin="49700.00" end="49800.00" id="inductionLoop.N1" nVehContrib="3" flow="108.00" occupancy="94.30" speed="2.89" harmonicMeanSpeed="0.12" length="5.00" nVehEntered="2"/>
    <interval begin="49800.00" end="49900.00" id="inductionLoop.N1" nVehContrib="20" flow="720.00" occupancy="62.52" speed="6.18" harmonicMeanSpeed="1.60" length="5.00" nVehEntered="20"/>
    <interval begin="49900.00" end="50000.00" id="inductionLoop.N1" nVehContrib="19" flow="684.00" occupancy="29.26" speed="9.36" harmonicMeanSpeed="9.19" length="5.00" nVehEntered="21"/>
    <interval begin="50000.00" end="50004.00" id="inductionLoop.N1" nVehContrib="0" flow="0.00" occupancy="100.00" speed="-1.00" harmonicMeanSpeed="-1.00" length="-1.00" nVehEntered="0"/>
</detector>
