<?xml version="1.0" encoding="UTF-8"?>

<!-- generated on 2023-07-31 23:07:06 by Eclipse SUMO sumo Version 1.12.0
<configuration xmlns:xsi="http://www.w3.org/2001/XMLSchema-instance" xsi:noNamespaceSchemaLocation="http://sumo.dlr.de/xsd/sumoConfiguration.xsd">

    <input>
        <net-file value="Data0-39/intersection.net.xml"/>
        <route-files value="Data0-39/intersection.rou.xml"/>
        <additional-files value="Data0-39/intersection.det.xml"/>
    </input>

    <output>
        <tripinfo-output value="Data0-39/tripinfo.xml"/>
    </output>

    <time>
        <begin value="0"/>
    </time>

    <processing>
        <time-to-teleport value="-1"/>
        <waiting-time-memory value="60000"/>
    </processing>

    <report>
        <verbose value="true"/>
        <no-step-log value="true"/>
    </report>

    <emissions>
        <device.emissions.probability value="1"/>
    </emissions>

    <traci_server>
        <remote-port value="47883"/>
    </traci_server>

    <gui_only>
        <gui-settings-file value="Data0-39/intersection.settings.xml"/>
    </gui_only>

</configuration>
-->

<detector xmlns:xsi="http://www.w3.org/2001/XMLSchema-instance" xsi:noNamespaceSchemaLocation="http://sumo.dlr.de/xsd/det_e1_file.xsd">
    <interval begin="0.00" end="100.00" id="inductionLoop.E3" nVehContrib="4" flow="144.00" occupancy="1.49" speed="13.53" harmonicMeanSpeed="13.46" length="5.00" nVehEntered="4"/>
    <interval begin="100.00" end="200.00" id="inductionLoop.E3" nVehContrib="5" flow="180.00" occupancy="15.84" speed="3.20" harmonicMeanSpeed="1.58" length="5.00" nVehEntered="5"/>
    <interval begin="200.00" end="300.00" id="inductionLoop.E3" nVehContrib="5" flow="180.00" occupancy="4.32" speed="7.24" harmonicMeanSpeed="5.78" length="5.00" nVehEntered="5"/>
    <interval begin="300.00" end="400.00" id="inductionLoop.E3" nVehContrib="6" flow="216.00" occupancy="7.12" speed="10.02" harmonicMeanSpeed="4.22" length="5.00" nVehEntered="6"/>
    <interval begin="400.00" end="500.00" id="inductionLoop.E3" nVehContrib="8" flow="288.00" occupancy="26.06" speed="4.75" harmonicMeanSpeed="1.53" length="5.00" nVehEntered="8"/>
    <interval begin="500.00" end="600.00" id="inductionLoop.E3" nVehContrib="6" flow="216.00" occupancy="21.59" speed="6.33" harmonicMeanSpeed="1.39" length="5.00" nVehEntered="6"/>
    <interval begin="600.00" end="700.00" id="inductionLoop.E3" nVehContrib="6" flow="216.00" occupancy="13.40" speed="5.98" harmonicMeanSpeed="2.24" length="5.00" nVehEntered="6"/>
    <interval begin="700.00" end="800.00" id="inductionLoop.E3" nVehContrib="9" flow="324.00" occupancy="10.43" speed="6.95" harmonicMeanSpeed="4.31" length="5.00" nVehEntered="9"/>
    <interval begin="800.00" end="900.00" id="inductionLoop.E3" nVehContrib="6" flow="216.00" occupancy="8.35" speed="8.18" harmonicMeanSpeed="6.96" length="5.00" nVehEntered="7"/>
    <interval begin="900.00" end="1000.00" id="inductionLoop.E3" nVehContrib="5" flow="180.00" occupancy="10.63" speed="5.96" harmonicMeanSpeed="1.70" length="5.00" nVehEntered="4"/>
    <interval begin="1000.00" end="1100.00" id="inductionLoop.E3" nVehContrib="2" flow="72.00" occupancy="0.97" speed="10.46" harmonicMeanSpeed="10.32" length="5.00" nVehEntered="2"/>
    <interval begin="1100.00" end="1200.00" id="inductionLoop.E3" nVehContrib="6" flow="216.00" occupancy="3.73" speed="8.54" harmonicMeanSpeed="8.04" length="5.00" nVehEntered="6"/>
    <interval begin="1200.00" end="1300.00" id="inductionLoop.E3" nVehContrib="1" flow="36.00" occupancy="0.37" speed="13.36" harmonicMeanSpeed="13.36" length="5.00" nVehEntered="1"/>
    <interval begin="1300.00" end="1400.00" id="inductionLoop.E3" nVehContrib="4" flow="144.00" occupancy="2.65" speed="10.01" harmonicMeanSpeed="7.55" length="5.00" nVehEntered="4"/>
    <interval begin="1400.00" end="1500.00" id="inductionLoop.E3" nVehContrib="5" flow="180.00" occupancy="4.10" speed="8.51" harmonicMeanSpeed="6.09" length="5.00" nVehEntered="5"/>
    <interval begin="1500.00" end="1600.00" id="inductionLoop.E3" nVehContrib="3" flow="108.00" occupancy="5.12" speed="4.95" harmonicMeanSpeed="2.93" length="5.00" nVehEntered="3"/>
    <interval begin="1600.00" end="1700.00" id="inductionLoop.E3" nVehContrib="3" flow="108.00" occupancy="2.14" speed="10.15" harmonicMeanSpeed="7.01" length="5.00" nVehEntered="3"/>
    <interval begin="1700.00" end="1800.00" id="inductionLoop.E3" nVehContrib="2" flow="72.00" occupancy="2.31" speed="4.37" harmonicMeanSpeed="4.34" length="5.00" nVehEntered="2"/>
    <interval begin="1800.00" end="1900.00" id="inductionLoop.E3" nVehContrib="0" flow="0.00" occupancy="0.00" speed="-1.00" harmonicMeanSpeed="-1.00" length="-1.00" nVehEntered="0"/>
    <interval begin="1900.00" end="2000.00" id="inductionLoop.E3" nVehContrib="6" flow="216.00" occupancy="8.41" speed="7.74" harmonicMeanSpeed="3.57" length="5.00" nVehEntered="6"/>
    <interval begin="2000.00" end="2100.00" id="inductionLoop.E3" nVehContrib="4" flow="144.00" occupancy="3.32" speed="7.18" harmonicMeanSpeed="6.02" length="5.00" nVehEntered="4"/>
    <interval begin="2100.00" end="2200.00" id="inductionLoop.E3" nVehContrib="1" flow="36.00" occupancy="1.20" speed="4.17" harmonicMeanSpeed="4.17" length="5.00" nVehEntered="1"/>
    <interval begin="2200.00" end="2300.00" id="inductionLoop.E3" nVehContrib="7" flow="252.00" occupancy="19.26" speed="7.16" harmonicMeanSpeed="1.82" length="5.00" nVehEntered="7"/>
    <interval begin="2300.00" end="2400.00" id="inductionLoop.E3" nVehContrib="4" flow="144.00" occupancy="4.87" speed="7.00" harmonicMeanSpeed="4.11" length="5.00" nVehEntered="4"/>
    <interval begin="2400.00" end="2500.00" id="inductionLoop.E3" nVehContrib="5" flow="180.00" occupancy="10.20" speed="4.83" harmonicMeanSpeed="2.45" length="5.00" nVehEntered="5"/>
    <interval begin="2500.00" end="2600.00" id="inductionLoop.E3" nVehContrib="1" flow="36.00" occupancy="0.41" speed="12.07" harmonicMeanSpeed="12.07" length="5.00" nVehEntered="1"/>
    <interval begin="2600.00" end="2700.00" id="inductionLoop.E3" nVehContrib="4" flow="144.00" occupancy="10.37" speed="7.72" harmonicMeanSpeed="1.93" length="5.00" nVehEntered="4"/>
    <interval begin="2700.00" end="2800.00" id="inductionLoop.E3" nVehContrib="3" flow="108.00" occupancy="2.28" speed="9.89" harmonicMeanSpeed="6.58" length="5.00" nVehEntered="3"/>
    <interval begin="2800.00" end="2900.00" id="inductionLoop.E3" nVehContrib="3" flow="108.00" occupancy="10.96" speed="4.60" harmonicMeanSpeed="1.37" length="5.00" nVehEntered="3"/>
    <interval begin="2900.00" end="3000.00" id="inductionLoop.E3" nVehContrib="3" flow="108.00" occupancy="2.37" speed="9.38" harmonicMeanSpeed="6.32" length="5.00" nVehEntered="3"/>
    <interval begin="3000.00" end="3100.00" id="inductionLoop.E3" nVehContrib="2" flow="72.00" occupancy="1.74" speed="8.66" harmonicMeanSpeed="5.73" length="5.00" nVehEntered="2"/>
    <interval begin="3100.00" end="3200.00" id="inductionLoop.E3" nVehContrib="1" flow="36.00" occupancy="2.13" speed="2.35" harmonicMeanSpeed="2.35" length="5.00" nVehEntered="1"/>
    <interval begin="3200.00" end="3300.00" id="inductionLoop.E3" nVehContrib="2" flow="72.00" occupancy="1.88" speed="8.27" harmonicMeanSpeed="5.32" length="5.00" nVehEntered="2"/>
    <interval begin="3300.00" end="3400.00" id="inductionLoop.E3" nVehContrib="5" flow="180.00" occupancy="7.48" speed="5.45" harmonicMeanSpeed="3.34" length="5.00" nVehEntered="5"/>
    <interval begin="3400.00" end="3500.00" id="inductionLoop.E3" nVehContrib="1" flow="36.00" occupancy="0.36" speed="13.97" harmonicMeanSpeed="13.97" length="5.00" nVehEntered="1"/>
    <interval begin="3500.00" end="3600.00" id="inductionLoop.E3" nVehContrib="0" flow="0.00" occupancy="0.00" speed="-1.00" harmonicMeanSpeed="-1.00" length="-1.00" nVehEntered="0"/>
    <interval begin="3600.00" end="3700.00" id="inductionLoop.E3" nVehContrib="5" flow="180.00" occupancy="7.72" speed="10.54" harmonicMeanSpeed="3.24" length="5.00" nVehEntered="5"/>
    <interval begin="3700.00" end="3800.00" id="inductionLoop.E3" nVehContrib="4" flow="144.00" occupancy="1.50" speed="13.55" harmonicMeanSpeed="13.36" length="5.00" nVehEntered="4"/>
    <interval begin="3800.00" end="3900.00" id="inductionLoop.E3" nVehContrib="7" flow="252.00" occupancy="8.33" speed="8.10" harmonicMeanSpeed="4.20" length="5.00" nVehEntered="7"/>
    <interval begin="3900.00" end="4000.00" id="inductionLoop.E3" nVehContrib="4" flow="144.00" occupancy="13.16" speed="7.35" harmonicMeanSpeed="1.52" length="5.00" nVehEntered="4"/>
    <interval begin="4000.00" end="4100.00" id="inductionLoop.E3" nVehContrib="0" flow="0.00" occupancy="0.00" speed="-1.00" harmonicMeanSpeed="-1.00" length="-1.00" nVehEntered="0"/>
    <interval begin="4100.00" end="4200.00" id="inductionLoop.E3" nVehContrib="0" flow="0.00" occupancy="0.00" speed="-1.00" harmonicMeanSpeed="-1.00" length="-1.00" nVehEntered="0"/>
    <interval begin="4200.00" end="4300.00" id="inductionLoop.E3" nVehContrib="3" flow="108.00" occupancy="2.29" speed="10.24" harmonicMeanSpeed="6.54" length="5.00" nVehEntered="3"/>
    <interval begin="4300.00" end="4400.00" id="inductionLoop.E3" nVehContrib="0" flow="0.00" occupancy="0.00" speed="-1.00" harmonicMeanSpeed="-1.00" length="-1.00" nVehEntered="0"/>
    <interval begin="4400.00" end="4500.00" id="inductionLoop.E3" nVehContrib="0" flow="0.00" occupancy="0.00" speed="-1.00" harmonicMeanSpeed="-1.00" length="-1.00" nVehEntered="0"/>
    <interval begin="4500.00" end="4600.00" id="inductionLoop.E3" nVehContrib="1" flow="36.00" occupancy="0.36" speed="14.04" harmonicMeanSpeed="14.04" length="5.00" nVehEntered="1"/>
    <interval begin="4600.00" end="4700.00" id="inductionLoop.E3" nVehContrib="3" flow="108.00" occupancy="1.09" speed="13.77" harmonicMeanSpeed="13.74" length="5.00" nVehEntered="3"/>
    <interval begin="4700.00" end="4800.00" id="inductionLoop.E3" nVehContrib="5" flow="180.00" occupancy="4.61" speed="7.54" harmonicMeanSpeed="5.42" length="5.00" nVehEntered="5"/>
    <interval begin="4800.00" end="4900.00" id="inductionLoop.E3" nVehContrib="1" flow="36.00" occupancy="0.55" speed="9.09" harmonicMeanSpeed="9.09" length="5.00" nVehEntered="1"/>
    <interval begin="4900.00" end="5000.00" id="inductionLoop.E3" nVehContrib="0" flow="0.00" occupancy="0.00" speed="-1.00" harmonicMeanSpeed="-1.00" length="-1.00" nVehEntered="0"/>
    <interval begin="5000.00" end="5100.00" id="inductionLoop.E3" nVehContrib="0" flow="0.00" occupancy="0.00" speed="-1.00" harmonicMeanSpeed="-1.00" length="-1.00" nVehEntered="0"/>
    <interval begin="5100.00" end="5200.00" id="inductionLoop.E3" nVehContrib="2" flow="72.00" occupancy="0.81" speed="13.15" harmonicMeanSpeed="13.14" length="5.00" nVehEntered="3"/>
    <interval begin="5200.00" end="5300.00" id="inductionLoop.E3" nVehContrib="0" flow="0.00" occupancy="0.00" speed="-1.00" harmonicMeanSpeed="-1.00" length="-1.00" nVehEntered="0"/>
    <interval begin="5300.00" end="5400.00" id="inductionLoop.E3" nVehContrib="2" flow="72.00" occupancy="1.92" speed="8.44" harmonicMeanSpeed="5.22" length="5.00" nVehEntered="2"/>
    <interval begin="5400.00" end="5500.00" id="inductionLoop.E3" nVehContrib="0" flow="0.00" occupancy="0.00" speed="-1.00" harmonicMeanSpeed="-1.00" length="-1.00" nVehEntered="0"/>
    <interval begin="5500.00" end="5600.00" id="inductionLoop.E3" nVehContrib="0" flow="0.00" occupancy="0.00" speed="-1.00" harmonicMeanSpeed="-1.00" length="-1.00" nVehEntered="0"/>
    <interval begin="5600.00" end="5700.00" id="inductionLoop.E3" nVehContrib="0" flow="0.00" occupancy="0.00" speed="-1.00" harmonicMeanSpeed="-1.00" length="-1.00" nVehEntered="0"/>
    <interval begin="5700.00" end="5800.00" id="inductionLoop.E3" nVehContrib="2" flow="72.00" occupancy="0.98" speed="10.83" harmonicMeanSpeed="10.24" length="5.00" nVehEntered="2"/>
    <interval begin="5800.00" end="5900.00" id="inductionLoop.E3" nVehContrib="1" flow="36.00" occupancy="1.26" speed="3.98" harmonicMeanSpeed="3.98" length="5.00" nVehEntered="1"/>
    <interval begin="5900.00" end="6000.00" id="inductionLoop.E3" nVehContrib="0" flow="0.00" occupancy="0.00" speed="-1.00" harmonicMeanSpeed="-1.00" length="-1.00" nVehEntered="0"/>
    <interval begin="6000.00" end="6100.00" id="inductionLoop.E3" nVehContrib="1" flow="36.00" occupancy="0.36" speed="13.86" harmonicMeanSpeed="13.86" length="5.00" nVehEntered="1"/>
    <interval begin="6100.00" end="6200.00" id="inductionLoop.E3" nVehContrib="0" flow="0.00" occupancy="0.00" speed="-1.00" harmonicMeanSpeed="-1.00" length="-1.00" nVehEntered="0"/>
    <interval begin="6200.00" end="6300.00" id="inductionLoop.E3" nVehContrib="0" flow="0.00" occupancy="0.00" speed="-1.00" harmonicMeanSpeed="-1.00" length="-1.00" nVehEntered="0"/>
    <interval begin="6300.00" end="6400.00" id="inductionLoop.E3" nVehContrib="0" flow="0.00" occupancy="0.00" speed="-1.00" harmonicMeanSpeed="-1.00" length="-1.00" nVehEntered="0"/>
    <interval begin="6400.00" end="6500.00" id="inductionLoop.E3" nVehContrib="0" flow="0.00" occupancy="0.00" speed="-1.00" harmonicMeanSpeed="-1.00" length="-1.00" nVehEntered="0"/>
    <interval begin="6500.00" end="6600.00" id="inductionLoop.E3" nVehContrib="0" flow="0.00" occupancy="0.00" speed="-1.00" harmonicMeanSpeed="-1.00" length="-1.00" nVehEntered="0"/>
    <interval begin="6600.00" end="6700.00" id="inductionLoop.E3" nVehContrib="0" flow="0.00" occupancy="0.00" speed="-1.00" harmonicMeanSpeed="-1.00" length="-1.00" nVehEntered="0"/>
    <interval begin="6700.00" end="6800.00" id="inductionLoop.E3" nVehContrib="1" flow="36.00" occupancy="0.39" speed="12.88" harmonicMeanSpeed="12.88" length="5.00" nVehEntered="1"/>
    <interval begin="6800.00" end="6900.00" id="inductionLoop.E3" nVehContrib="1" flow="36.00" occupancy="1.33" speed="3.76" harmonicMeanSpeed="3.76" length="5.00" nVehEntered="1"/>
    <interval begin="6900.00" end="7000.00" id="inductionLoop.E3" nVehContrib="2" flow="72.00" occupancy="1.49" speed="7.08" harmonicMeanSpeed="6.71" length="5.00" nVehEntered="2"/>
    <interval begin="7000.00" end="7100.00" id="inductionLoop.E3" nVehContrib="0" flow="0.00" occupancy="0.00" speed="-1.00" harmonicMeanSpeed="-1.00" length="-1.00" nVehEntered="0"/>
    <interval begin="7100.00" end="7200.00" id="inductionLoop.E3" nVehContrib="0" flow="0.00" occupancy="0.00" speed="-1.00" harmonicMeanSpeed="-1.00" length="-1.00" nVehEntered="0"/>
    <interval begin="7200.00" end="7300.00" id="inductionLoop.E3" nVehContrib="0" flow="0.00" occupancy="0.00" speed="-1.00" harmonicMeanSpeed="-1.00" length="-1.00" nVehEntered="0"/>
    <interval begin="7300.00" end="7400.00" id="inductionLoop.E3" nVehContrib="0" flow="0.00" occupancy="0.00" speed="-1.00" harmonicMeanSpeed="-1.00" length="-1.00" nVehEntered="0"/>
    <interval begin="7400.00" end="7500.00" id="inductionLoop.E3" nVehContrib="0" flow="0.00" occupancy="0.00" speed="-1.00" harmonicMeanSpeed="-1.00" length="-1.00" nVehEntered="0"/>
    <interval begin="7500.00" end="7600.00" id="inductionLoop.E3" nVehContrib="1" flow="36.00" occupancy="1.19" speed="4.20" harmonicMeanSpeed="4.20" length="5.00" nVehEntered="1"/>
    <interval begin="7600.00" end="7700.00" id="inductionLoop.E3" nVehContrib="0" flow="0.00" occupancy="0.00" speed="-1.00" harmonicMeanSpeed="-1.00" length="-1.00" nVehEntered="0"/>
    <interval begin="7700.00" end="7800.00" id="inductionLoop.E3" nVehContrib="2" flow="72.00" occupancy="1.77" speed="7.94" harmonicMeanSpeed="5.64" length="5.00" nVehEntered="2"/>
    <interval begin="7800.00" end="7900.00" id="inductionLoop.E3" nVehContrib="1" flow="36.00" occupancy="1.17" speed="4.29" harmonicMeanSpeed="4.29" length="5.00" nVehEntered="1"/>
    <interval begin="7900.00" end="8000.00" id="inductionLoop.E3" nVehContrib="0" flow="0.00" occupancy="0.00" speed="-1.00" harmonicMeanSpeed="-1.00" length="-1.00" nVehEntered="0"/>
    <interval begin="8000.00" end="8100.00" id="inductionLoop.E3" nVehContrib="1" flow="36.00" occupancy="1.34" speed="3.74" harmonicMeanSpeed="3.74" length="5.00" nVehEntered="1"/>
    <interval begin="8100.00" end="8200.00" id="inductionLoop.E3" nVehContrib="2" flow="72.00" occupancy="0.66" speed="15.09" harmonicMeanSpeed="15.09" length="5.00" nVehEntered="2"/>
    <interval begin="8200.00" end="8300.00" id="inductionLoop.E3" nVehContrib="1" flow="36.00" occupancy="1.10" speed="4.54" harmonicMeanSpeed="4.54" length="5.00" nVehEntered="1"/>
    <interval begin="8300.00" end="8400.00" id="inductionLoop.E3" nVehContrib="0" flow="0.00" occupancy="0.00" speed="-1.00" harmonicMeanSpeed="-1.00" length="-1.00" nVehEntered="0"/>
    <interval begin="8400.00" end="8500.00" id="inductionLoop.E3" nVehContrib="0" flow="0.00" occupancy="0.00" speed="-1.00" harmonicMeanSpeed="-1.00" length="-1.00" nVehEntered="0"/>
    <interval begin="8500.00" end="8600.00" id="inductionLoop.E3" nVehContrib="0" flow="0.00" occupancy="0.00" speed="-1.00" harmonicMeanSpeed="-1.00" length="-1.00" nVehEntered="0"/>
    <interval begin="8600.00" end="8700.00" id="inductionLoop.E3" nVehContrib="0" flow="0.00" occupancy="0.00" speed="-1.00" harmonicMeanSpeed="-1.00" length="-1.00" nVehEntered="0"/>
    <interval begin="8700.00" end="8800.00" id="inductionLoop.E3" nVehContrib="1" flow="36.00" occupancy="1.20" speed="4.17" harmonicMeanSpeed="4.17" length="5.00" nVehEntered="1"/>
    <interval begin="8800.00" end="8900.00" id="inductionLoop.E3" nVehContrib="0" flow="0.00" occupancy="0.00" speed="-1.00" harmonicMeanSpeed="-1.00" length="-1.00" nVehEntered="0"/>
    <interval begin="8900.00" end="9000.00" id="inductionLoop.E3" nVehContrib="1" flow="36.00" occupancy="1.13" speed="4.41" harmonicMeanSpeed="4.41" length="5.00" nVehEntered="1"/>
    <interval begin="9000.00" end="9100.00" id="inductionLoop.E3" nVehContrib="0" flow="0.00" occupancy="0.00" speed="-1.00" harmonicMeanSpeed="-1.00" length="-1.00" nVehEntered="0"/>
    <interval begin="9100.00" end="9200.00" id="inductionLoop.E3" nVehContrib="0" flow="0.00" occupancy="0.00" speed="-1.00" harmonicMeanSpeed="-1.00" length="-1.00" nVehEntered="0"/>
    <interval begin="9200.00" end="9300.00" id="inductionLoop.E3" nVehContrib="0" flow="0.00" occupancy="0.00" speed="-1.00" harmonicMeanSpeed="-1.00" length="-1.00" nVehEntered="0"/>
    <interval begin="9300.00" end="9400.00" id="inductionLoop.E3" nVehContrib="0" flow="0.00" occupancy="0.00" speed="-1.00" harmonicMeanSpeed="-1.00" length="-1.00" nVehEntered="0"/>
    <interval begin="9400.00" end="9500.00" id="inductionLoop.E3" nVehContrib="0" flow="0.00" occupancy="0.00" speed="-1.00" harmonicMeanSpeed="-1.00" length="-1.00" nVehEntered="0"/>
    <interval begin="9500.00" end="9600.00" id="inductionLoop.E3" nVehContrib="0" flow="0.00" occupancy="0.00" speed="-1.00" harmonicMeanSpeed="-1.00" length="-1.00" nVehEntered="0"/>
    <interval begin="9600.00" end="9700.00" id="inductionLoop.E3" nVehContrib="0" flow="0.00" occupancy="0.00" speed="-1.00" harmonicMeanSpeed="-1.00" length="-1.00" nVehEntered="0"/>
    <interval begin="9700.00" end="9800.00" id="inductionLoop.E3" nVehContrib="0" flow="0.00" occupancy="0.00" speed="-1.00" harmonicMeanSpeed="-1.00" length="-1.00" nVehEntered="0"/>
    <interval begin="9800.00" end="9900.00" id="inductionLoop.E3" nVehContrib="0" flow="0.00" occupancy="0.00" speed="-1.00" harmonicMeanSpeed="-1.00" length="-1.00" nVehEntered="0"/>
    <interval begin="9900.00" end="10000.00" id="inductionLoop.E3" nVehContrib="0" flow="0.00" occupancy="0.00" speed="-1.00" harmonicMeanSpeed="-1.00" length="-1.00" nVehEntered="0"/>
    <interval begin="10000.00" end="10100.00" id="inductionLoop.E3" nVehContrib="1" flow="36.00" occupancy="1.18" speed="4.22" harmonicMeanSpeed="4.22" length="5.00" nVehEntered="1"/>
    <interval begin="10100.00" end="10200.00" id="inductionLoop.E3" nVehContrib="0" flow="0.00" occupancy="0.00" speed="-1.00" harmonicMeanSpeed="-1.00" length="-1.00" nVehEntered="0"/>
    <interval begin="10200.00" end="10300.00" id="inductionLoop.E3" nVehContrib="0" flow="0.00" occupancy="0.00" speed="-1.00" harmonicMeanSpeed="-1.00" length="-1.00" nVehEntered="0"/>
    <interval begin="10300.00" end="10400.00" id="inductionLoop.E3" nVehContrib="0" flow="0.00" occupancy="0.00" speed="-1.00" harmonicMeanSpeed="-1.00" length="-1.00" nVehEntered="0"/>
    <interval begin="10400.00" end="10500.00" id="inductionLoop.E3" nVehContrib="0" flow="0.00" occupancy="0.00" speed="-1.00" harmonicMeanSpeed="-1.00" length="-1.00" nVehEntered="0"/>
    <interval begin="10500.00" end="10600.00" id="inductionLoop.E3" nVehContrib="0" flow="0.00" occupancy="0.00" speed="-1.00" harmonicMeanSpeed="-1.00" length="-1.00" nVehEntered="0"/>
    <interval begin="10600.00" end="10700.00" id="inductionLoop.E3" nVehContrib="0" flow="0.00" occupancy="0.00" speed="-1.00" harmonicMeanSpeed="-1.00" length="-1.00" nVehEntered="0"/>
    <interval begin="10700.00" end="10800.00" id="inductionLoop.E3" nVehContrib="0" flow="0.00" occupancy="0.00" speed="-1.00" harmonicMeanSpeed="-1.00" length="-1.00" nVehEntered="0"/>
    <interval begin="10800.00" end="10900.00" id="inductionLoop.E3" nVehContrib="0" flow="0.00" occupancy="0.00" speed="-1.00" harmonicMeanSpeed="-1.00" length="-1.00" nVehEntered="0"/>
    <interval begin="10900.00" end="11000.00" id="inductionLoop.E3" nVehContrib="0" flow="0.00" occupancy="0.00" speed="-1.00" harmonicMeanSpeed="-1.00" length="-1.00" nVehEntered="0"/>
    <interval begin="11000.00" end="11100.00" id="inductionLoop.E3" nVehContrib="0" flow="0.00" occupancy="0.00" speed="-1.00" harmonicMeanSpeed="-1.00" length="-1.00" nVehEntered="0"/>
    <interval begin="11100.00" end="11200.00" id="inductionLoop.E3" nVehContrib="1" flow="36.00" occupancy="1.08" speed="4.64" harmonicMeanSpeed="4.64" length="5.00" nVehEntered="1"/>
    <interval begin="11200.00" end="11300.00" id="inductionLoop.E3" nVehContrib="0" flow="0.00" occupancy="0.00" speed="-1.00" harmonicMeanSpeed="-1.00" length="-1.00" nVehEntered="0"/>
    <interval begin="11300.00" end="11400.00" id="inductionLoop.E3" nVehContrib="0" flow="0.00" occupancy="0.00" speed="-1.00" harmonicMeanSpeed="-1.00" length="-1.00" nVehEntered="0"/>
    <interval begin="11400.00" end="11500.00" id="inductionLoop.E3" nVehContrib="0" flow="0.00" occupancy="0.00" speed="-1.00" harmonicMeanSpeed="-1.00" length="-1.00" nVehEntered="0"/>
    <interval begin="11500.00" end="11600.00" id="inductionLoop.E3" nVehContrib="0" flow="0.00" occupancy="0.00" speed="-1.00" harmonicMeanSpeed="-1.00" length="-1.00" nVehEntered="0"/>
    <interval begin="11600.00" end="11700.00" id="inductionLoop.E3" nVehContrib="0" flow="0.00" occupancy="0.00" speed="-1.00" harmonicMeanSpeed="-1.00" length="-1.00" nVehEntered="0"/>
    <interval begin="11700.00" end="11800.00" id="inductionLoop.E3" nVehContrib="0" flow="0.00" occupancy="0.00" speed="-1.00" harmonicMeanSpeed="-1.00" length="-1.00" nVehEntered="0"/>
    <interval begin="11800.00" end="11900.00" id="inductionLoop.E3" nVehContrib="0" flow="0.00" occupancy="0.00" speed="-1.00" harmonicMeanSpeed="-1.00" length="-1.00" nVehEntered="0"/>
    <interval begin="11900.00" end="12000.00" id="inductionLoop.E3" nVehContrib="1" flow="36.00" occupancy="1.16" speed="4.31" harmonicMeanSpeed="4.31" length="5.00" nVehEntered="1"/>
    <interval begin="12000.00" end="12100.00" id="inductionLoop.E3" nVehContrib="1" flow="36.00" occupancy="1.19" speed="4.20" harmonicMeanSpeed="4.20" length="5.00" nVehEntered="1"/>
    <interval begin="12100.00" end="12200.00" id="inductionLoop.E3" nVehContrib="4" flow="144.00" occupancy="5.43" speed="3.73" harmonicMeanSpeed="3.69" length="5.00" nVehEntered="4"/>
    <interval begin="12200.00" end="12300.00" id="inductionLoop.E3" nVehContrib="0" flow="0.00" occupancy="0.00" speed="-1.00" harmonicMeanSpeed="-1.00" length="-1.00" nVehEntered="0"/>
    <interval begin="12300.00" end="12400.00" id="inductionLoop.E3" nVehContrib="0" flow="0.00" occupancy="0.00" speed="-1.00" harmonicMeanSpeed="-1.00" length="-1.00" nVehEntered="0"/>
    <interval begin="12400.00" end="12500.00" id="inductionLoop.E3" nVehContrib="0" flow="0.00" occupancy="0.00" speed="-1.00" harmonicMeanSpeed="-1.00" length="-1.00" nVehEntered="0"/>
    <interval begin="12500.00" end="12600.00" id="inductionLoop.E3" nVehContrib="1" flow="36.00" occupancy="1.10" speed="4.55" harmonicMeanSpeed="4.55" length="5.00" nVehEntered="1"/>
    <interval begin="12600.00" end="12700.00" id="inductionLoop.E3" nVehContrib="0" flow="0.00" occupancy="0.00" speed="-1.00" harmonicMeanSpeed="-1.00" length="-1.00" nVehEntered="0"/>
    <interval begin="12700.00" end="12800.00" id="inductionLoop.E3" nVehContrib="0" flow="0.00" occupancy="0.00" speed="-1.00" harmonicMeanSpeed="-1.00" length="-1.00" nVehEntered="0"/>
    <interval begin="12800.00" end="12900.00" id="inductionLoop.E3" nVehContrib="0" flow="0.00" occupancy="0.00" speed="-1.00" harmonicMeanSpeed="-1.00" length="-1.00" nVehEntered="0"/>
    <interval begin="12900.00" end="13000.00" id="inductionLoop.E3" nVehContrib="1" flow="36.00" occupancy="1.09" speed="4.58" harmonicMeanSpeed="4.58" length="5.00" nVehEntered="1"/>
    <interval begin="13000.00" end="13100.00" id="inductionLoop.E3" nVehContrib="0" flow="0.00" occupancy="0.00" speed="-1.00" harmonicMeanSpeed="-1.00" length="-1.00" nVehEntered="0"/>
    <interval begin="13100.00" end="13200.00" id="inductionLoop.E3" nVehContrib="0" flow="0.00" occupancy="0.00" speed="-1.00" harmonicMeanSpeed="-1.00" length="-1.00" nVehEntered="0"/>
    <interval begin="13200.00" end="13300.00" id="inductionLoop.E3" nVehContrib="2" flow="72.00" occupancy="0.85" speed="12.02" harmonicMeanSpeed="11.78" length="5.00" nVehEntered="2"/>
    <interval begin="13300.00" end="13400.00" id="inductionLoop.E3" nVehContrib="0" flow="0.00" occupancy="0.00" speed="-1.00" harmonicMeanSpeed="-1.00" length="-1.00" nVehEntered="0"/>
    <interval begin="13400.00" end="13500.00" id="inductionLoop.E3" nVehContrib="1" flow="36.00" occupancy="0.34" speed="14.69" harmonicMeanSpeed="14.69" length="5.00" nVehEntered="1"/>
    <interval begin="13500.00" end="13600.00" id="inductionLoop.E3" nVehContrib="0" flow="0.00" occupancy="0.00" speed="-1.00" harmonicMeanSpeed="-1.00" length="-1.00" nVehEntered="0"/>
    <interval begin="13600.00" end="13700.00" id="inductionLoop.E3" nVehContrib="0" flow="0.00" occupancy="0.00" speed="-1.00" harmonicMeanSpeed="-1.00" length="-1.00" nVehEntered="0"/>
    <interval begin="13700.00" end="13800.00" id="inductionLoop.E3" nVehContrib="1" flow="36.00" occupancy="1.60" speed="3.12" harmonicMeanSpeed="3.12" length="5.00" nVehEntered="1"/>
    <interval begin="13800.00" end="13900.00" id="inductionLoop.E3" nVehContrib="1" flow="36.00" occupancy="1.31" speed="3.83" harmonicMeanSpeed="3.83" length="5.00" nVehEntered="1"/>
    <interval begin="13900.00" end="14000.00" id="inductionLoop.E3" nVehContrib="1" flow="36.00" occupancy="0.32" speed="15.64" harmonicMeanSpeed="15.64" length="5.00" nVehEntered="1"/>
    <interval begin="14000.00" end="14100.00" id="inductionLoop.E3" nVehContrib="1" flow="36.00" occupancy="0.35" speed="14.44" harmonicMeanSpeed="14.44" length="5.00" nVehEntered="1"/>
    <interval begin="14100.00" end="14200.00" id="inductionLoop.E3" nVehContrib="0" flow="0.00" occupancy="0.00" speed="-1.00" harmonicMeanSpeed="-1.00" length="-1.00" nVehEntered="0"/>
    <interval begin="14200.00" end="14300.00" id="inductionLoop.E3" nVehContrib="2" flow="72.00" occupancy="1.69" speed="8.59" harmonicMeanSpeed="5.90" length="5.00" nVehEntered="2"/>
    <interval begin="14300.00" end="14400.00" id="inductionLoop.E3" nVehContrib="0" flow="0.00" occupancy="0.00" speed="-1.00" harmonicMeanSpeed="-1.00" length="-1.00" nVehEntered="0"/>
    <interval begin="14400.00" end="14500.00" id="inductionLoop.E3" nVehContrib="0" flow="0.00" occupancy="0.00" speed="-1.00" harmonicMeanSpeed="-1.00" length="-1.00" nVehEntered="0"/>
    <interval begin="14500.00" end="14600.00" id="inductionLoop.E3" nVehContrib="2" flow="72.00" occupancy="1.91" speed="7.63" harmonicMeanSpeed="5.24" length="5.00" nVehEntered="2"/>
    <interval begin="14600.00" end="14700.00" id="inductionLoop.E3" nVehContrib="2" flow="72.00" occupancy="2.42" speed="4.14" harmonicMeanSpeed="4.14" length="5.00" nVehEntered="2"/>
    <interval begin="14700.00" end="14800.00" id="inductionLoop.E3" nVehContrib="1" flow="36.00" occupancy="0.36" speed="13.76" harmonicMeanSpeed="13.76" length="5.00" nVehEntered="1"/>
    <interval begin="14800.00" end="14900.00" id="inductionLoop.E3" nVehContrib="3" flow="108.00" occupancy="2.99" speed="7.94" harmonicMeanSpeed="5.02" length="5.00" nVehEntered="3"/>
    <interval begin="14900.00" end="15000.00" id="inductionLoop.E3" nVehContrib="1" flow="36.00" occupancy="0.67" speed="7.52" harmonicMeanSpeed="7.52" length="5.00" nVehEntered="1"/>
    <interval begin="15000.00" end="15100.00" id="inductionLoop.E3" nVehContrib="1" flow="36.00" occupancy="1.15" speed="4.37" harmonicMeanSpeed="4.37" length="5.00" nVehEntered="1"/>
    <interval begin="15100.00" end="15200.00" id="inductionLoop.E3" nVehContrib="1" flow="36.00" occupancy="0.40" speed="12.50" harmonicMeanSpeed="12.50" length="5.00" nVehEntered="1"/>
    <interval begin="15200.00" end="15300.00" id="inductionLoop.E3" nVehContrib="1" flow="36.00" occupancy="1.23" speed="4.08" harmonicMeanSpeed="4.08" length="5.00" nVehEntered="1"/>
    <interval begin="15300.00" end="15400.00" id="inductionLoop.E3" nVehContrib="0" flow="0.00" occupancy="0.00" speed="-1.00" harmonicMeanSpeed="-1.00" length="-1.00" nVehEntered="0"/>
    <interval begin="15400.00" end="15500.00" id="inductionLoop.E3" nVehContrib="3" flow="108.00" occupancy="1.35" speed="11.55" harmonicMeanSpeed="11.07" length="5.00" nVehEntered="3"/>
    <interval begin="15500.00" end="15600.00" id="inductionLoop.E3" nVehContrib="3" flow="108.00" occupancy="2.23" speed="10.12" harmonicMeanSpeed="6.74" length="5.00" nVehEntered="3"/>
    <interval begin="15600.00" end="15700.00" id="inductionLoop.E3" nVehContrib="2" flow="72.00" occupancy="2.40" speed="4.20" harmonicMeanSpeed="4.17" length="5.00" nVehEntered="2"/>
    <interval begin="15700.00" end="15800.00" id="inductionLoop.E3" nVehContrib="8" flow="288.00" occupancy="5.65" speed="9.99" harmonicMeanSpeed="7.07" length="5.00" nVehEntered="8"/>
    <interval begin="15800.00" end="15900.00" id="inductionLoop.E3" nVehContrib="2" flow="72.00" occupancy="7.79" speed="5.26" harmonicMeanSpeed="1.28" length="5.00" nVehEntered="2"/>
    <interval begin="15900.00" end="16000.00" id="inductionLoop.E3" nVehContrib="4" flow="144.00" occupancy="4.48" speed="5.37" harmonicMeanSpeed="4.47" length="5.00" nVehEntered="4"/>
    <interval begin="16000.00" end="16100.00" id="inductionLoop.E3" nVehContrib="1" flow="36.00" occupancy="0.44" speed="11.44" harmonicMeanSpeed="11.44" length="5.00" nVehEntered="1"/>
    <interval begin="16100.00" end="16200.00" id="inductionLoop.E3" nVehContrib="10" flow="360.00" occupancy="29.88" speed="6.84" harmonicMeanSpeed="1.67" length="5.00" nVehEntered="10"/>
    <interval begin="16200.00" end="16300.00" id="inductionLoop.E3" nVehContrib="5" flow="180.00" occupancy="3.56" speed="9.54" harmonicMeanSpeed="7.03" length="5.00" nVehEntered="5"/>
    <interval begin="16300.00" end="16400.00" id="inductionLoop.E3" nVehContrib="2" flow="72.00" occupancy="1.36" speed="8.21" harmonicMeanSpeed="7.34" length="5.00" nVehEntered="2"/>
    <interval begin="16400.00" end="16500.00" id="inductionLoop.E3" nVehContrib="6" flow="216.00" occupancy="3.13" speed="11.77" harmonicMeanSpeed="9.60" length="5.00" nVehEntered="6"/>
    <interval begin="16500.00" end="16600.00" id="inductionLoop.E3" nVehContrib="7" flow="252.00" occupancy="6.87" speed="9.14" harmonicMeanSpeed="5.09" length="5.00" nVehEntered="7"/>
    <interval begin="16600.00" end="16700.00" id="inductionLoop.E3" nVehContrib="6" flow="216.00" occupancy="5.18" speed="7.33" harmonicMeanSpeed="5.79" length="5.00" nVehEntered="6"/>
    <interval begin="16700.00" end="16800.00" id="inductionLoop.E3" nVehContrib="4" flow="144.00" occupancy="11.61" speed="5.87" harmonicMeanSpeed="1.72" length="5.00" nVehEntered="4"/>
    <interval begin="16800.00" end="16900.00" id="inductionLoop.E3" nVehContrib="5" flow="180.00" occupancy="2.99" speed="11.21" harmonicMeanSpeed="8.35" length="5.00" nVehEntered="5"/>
    <interval begin="16900.00" end="17000.00" id="inductionLoop.E3" nVehContrib="4" flow="144.00" occupancy="2.46" speed="10.93" harmonicMeanSpeed="8.13" length="5.00" nVehEntered="4"/>
    <interval begin="17000.00" end="17100.00" id="inductionLoop.E3" nVehContrib="5" flow="180.00" occupancy="3.83" speed="8.29" harmonicMeanSpeed="6.52" length="5.00" nVehEntered="5"/>
    <interval begin="17100.00" end="17200.00" id="inductionLoop.E3" nVehContrib="9" flow="324.00" occupancy="20.73" speed="8.77" harmonicMeanSpeed="2.17" length="5.00" nVehEntered="9"/>
    <interval begin="17200.00" end="17300.00" id="inductionLoop.E3" nVehContrib="7" flow="252.00" occupancy="6.99" speed="7.90" harmonicMeanSpeed="5.01" length="5.00" nVehEntered="7"/>
    <interval begin="17300.00" end="17400.00" id="inductionLoop.E3" nVehContrib="9" flow="324.00" occupancy="6.73" speed="8.60" harmonicMeanSpeed="6.69" length="5.00" nVehEntered="9"/>
    <interval begin="17400.00" end="17500.00" id="inductionLoop.E3" nVehContrib="8" flow="288.00" occupancy="4.19" speed="11.87" harmonicMeanSpeed="9.55" length="5.00" nVehEntered="8"/>
    <interval begin="17500.00" end="17600.00" id="inductionLoop.E3" nVehContrib="9" flow="324.00" occupancy="19.25" speed="6.29" harmonicMeanSpeed="2.34" length="5.00" nVehEntered="9"/>
    <interval begin="17600.00" end="17700.00" id="inductionLoop.E3" nVehContrib="6" flow="216.00" occupancy="4.71" speed="9.09" harmonicMeanSpeed="6.37" length="5.00" nVehEntered="6"/>
    <interval begin="17700.00" end="17800.00" id="inductionLoop.E3" nVehContrib="10" flow="360.00" occupancy="28.71" speed="6.34" harmonicMeanSpeed="1.74" length="5.00" nVehEntered="10"/>
    <interval begin="17800.00" end="17900.00" id="inductionLoop.E3" nVehContrib="8" flow="288.00" occupancy="13.31" speed="7.89" harmonicMeanSpeed="3.01" length="5.00" nVehEntered="8"/>
    <interval begin="17900.00" end="18000.00" id="inductionLoop.E3" nVehContrib="9" flow="324.00" occupancy="7.98" speed="8.21" harmonicMeanSpeed="5.64" length="5.00" nVehEntered="9"/>
    <interval begin="18000.00" end="18100.00" id="inductionLoop.E3" nVehContrib="9" flow="324.00" occupancy="32.61" speed="7.33" harmonicMeanSpeed="1.38" length="5.00" nVehEntered="9"/>
    <interval begin="18100.00" end="18200.00" id="inductionLoop.E3" nVehContrib="12" flow="432.00" occupancy="20.55" speed="7.44" harmonicMeanSpeed="2.96" length="5.00" nVehEntered="13"/>
    <interval begin="18200.00" end="18300.00" id="inductionLoop.E3" nVehContrib="12" flow="432.00" occupancy="42.34" speed="7.27" harmonicMeanSpeed="1.41" length="5.00" nVehEntered="11"/>
    <interval begin="18300.00" end="18400.00" id="inductionLoop.E3" nVehContrib="10" flow="360.00" occupancy="5.09" speed="10.52" harmonicMeanSpeed="9.99" length="5.00" nVehEntered="11"/>
    <interval begin="18400.00" end="18500.00" id="inductionLoop.E3" nVehContrib="9" flow="324.00" occupancy="8.33" speed="8.21" harmonicMeanSpeed="5.35" length="5.00" nVehEntered="8"/>
    <interval begin="18500.00" end="18600.00" id="inductionLoop.E3" nVehContrib="13" flow="468.00" occupancy="30.42" speed="9.05" harmonicMeanSpeed="2.14" length="5.00" nVehEntered="13"/>
    <interval begin="18600.00" end="18700.00" id="inductionLoop.E3" nVehContrib="18" flow="648.00" occupancy="38.98" speed="7.94" harmonicMeanSpeed="2.31" length="5.00" nVehEntered="18"/>
    <interval begin="18700.00" end="18800.00" id="inductionLoop.E3" nVehContrib="8" flow="288.00" occupancy="25.24" speed="8.17" harmonicMeanSpeed="1.58" length="5.00" nVehEntered="8"/>
    <interval begin="18800.00" end="18900.00" id="inductionLoop.E3" nVehContrib="13" flow="468.00" occupancy="51.54" speed="7.73" harmonicMeanSpeed="1.26" length="5.00" nVehEntered="13"/>
    <interval begin="18900.00" end="19000.00" id="inductionLoop.E3" nVehContrib="19" flow="684.00" occupancy="36.27" speed="8.96" harmonicMeanSpeed="2.62" length="5.00" nVehEntered="19"/>
    <interval begin="19000.00" end="19100.00" id="inductionLoop.E3" nVehContrib="13" flow="468.00" occupancy="32.32" speed="8.30" harmonicMeanSpeed="2.08" length="5.00" nVehEntered="14"/>
    <interval begin="19100.00" end="19200.00" id="inductionLoop.E3" nVehContrib="16" flow="576.00" occupancy="28.58" speed="7.25" harmonicMeanSpeed="2.69" length="5.00" nVehEntered="15"/>
    <interval begin="19200.00" end="19300.00" id="inductionLoop.E3" nVehContrib="10" flow="360.00" occupancy="33.42" speed="6.48" harmonicMeanSpeed="2.59" length="5.00" nVehEntered="11"/>
    <interval begin="19300.00" end="19400.00" id="inductionLoop.E3" nVehContrib="22" flow="792.00" occupancy="39.01" speed="6.90" harmonicMeanSpeed="2.07" length="5.00" nVehEntered="21"/>
    <interval begin="19400.00" end="19500.00" id="inductionLoop.E3" nVehContrib="14" flow="504.00" occupancy="32.96" speed="8.33" harmonicMeanSpeed="2.13" length="5.00" nVehEntered="15"/>
    <interval begin="19500.00" end="19600.00" id="inductionLoop.E3" nVehContrib="18" flow="648.00" occupancy="51.51" speed="7.14" harmonicMeanSpeed="2.14" length="5.00" nVehEntered="18"/>
    <interval begin="19600.00" end="19700.00" id="inductionLoop.E3" nVehContrib="19" flow="684.00" occupancy="58.68" speed="8.10" harmonicMeanSpeed="1.39" length="5.00" nVehEntered="18"/>
    <interval begin="19700.00" end="19800.00" id="inductionLoop.E3" nVehContrib="15" flow="540.00" occupancy="39.49" speed="8.63" harmonicMeanSpeed="2.41" length="5.00" nVehEntered="16"/>
    <interval begin="19800.00" end="19900.00" id="inductionLoop.E3" nVehContrib="19" flow="684.00" occupancy="56.70" speed="7.37" harmonicMeanSpeed="1.46" length="5.00" nVehEntered="18"/>
    <interval begin="19900.00" end="20000.00" id="inductionLoop.E3" nVehContrib="8" flow="288.00" occupancy="16.08" speed="8.10" harmonicMeanSpeed="2.49" length="5.00" nVehEntered="8"/>
    <interval begin="20000.00" end="20100.00" id="inductionLoop.E3" nVehContrib="10" flow="360.00" occupancy="17.67" speed="7.88" harmonicMeanSpeed="2.83" length="5.00" nVehEntered="10"/>
    <interval begin="20100.00" end="20200.00" id="inductionLoop.E3" nVehContrib="7" flow="252.00" occupancy="10.47" speed="5.05" harmonicMeanSpeed="3.34" length="5.00" nVehEntered="7"/>
    <interval begin="20200.00" end="20300.00" id="inductionLoop.E3" nVehContrib="12" flow="432.00" occupancy="28.17" speed="6.15" harmonicMeanSpeed="2.13" length="5.00" nVehEntered="12"/>
    <interval begin="20300.00" end="20400.00" id="inductionLoop.E3" nVehContrib="14" flow="504.00" occupancy="36.05" speed="7.16" harmonicMeanSpeed="1.94" length="5.00" nVehEntered="14"/>
    <interval begin="20400.00" end="20500.00" id="inductionLoop.E3" nVehContrib="8" flow="288.00" occupancy="17.74" speed="6.97" harmonicMeanSpeed="2.93" length="5.00" nVehEntered="9"/>
    <interval begin="20500.00" end="20600.00" id="inductionLoop.E3" nVehContrib="17" flow="612.00" occupancy="41.82" speed="7.60" harmonicMeanSpeed="2.25" length="5.00" nVehEntered="17"/>
    <interval begin="20600.00" end="20700.00" id="inductionLoop.E3" nVehContrib="17" flow="612.00" occupancy="59.43" speed="7.01" harmonicMeanSpeed="1.26" length="5.00" nVehEntered="16"/>
    <interval begin="20700.00" end="20800.00" id="inductionLoop.E3" nVehContrib="16" flow="576.00" occupancy="40.36" speed="8.32" harmonicMeanSpeed="1.98" length="5.00" nVehEntered="16"/>
    <interval begin="20800.00" end="20900.00" id="inductionLoop.E3" nVehContrib="10" flow="360.00" occupancy="50.63" speed="6.57" harmonicMeanSpeed="0.99" length="5.00" nVehEntered="10"/>
    <interval begin="20900.00" end="21000.00" id="inductionLoop.E3" nVehContrib="11" flow="396.00" occupancy="40.76" speed="7.41" harmonicMeanSpeed="1.45" length="5.00" nVehEntered="12"/>
    <interval begin="21000.00" end="21100.00" id="inductionLoop.E3" nVehContrib="10" flow="360.00" occupancy="55.08" speed="5.92" harmonicMeanSpeed="0.87" length="5.00" nVehEntered="9"/>
    <interval begin="21100.00" end="21200.00" id="inductionLoop.E3" nVehContrib="14" flow="504.00" occupancy="32.07" speed="7.49" harmonicMeanSpeed="2.61" length="5.00" nVehEntered="15"/>
    <interval begin="21200.00" end="21300.00" id="inductionLoop.E3" nVehContrib="16" flow="576.00" occupancy="29.93" speed="8.41" harmonicMeanSpeed="2.28" length="5.00" nVehEntered="15"/>
    <interval begin="21300.00" end="21400.00" id="inductionLoop.E3" nVehContrib="14" flow="504.00" occupancy="49.03" speed="9.06" harmonicMeanSpeed="1.43" length="5.00" nVehEntered="14"/>
    <interval begin="21400.00" end="21500.00" id="inductionLoop.E3" nVehContrib="13" flow="468.00" occupancy="44.43" speed="5.71" harmonicMeanSpeed="1.46" length="5.00" nVehEntered="13"/>
    <interval begin="21500.00" end="21600.00" id="inductionLoop.E3" nVehContrib="12" flow="432.00" occupancy="68.17" speed="6.57" harmonicMeanSpeed="0.88" length="5.00" nVehEntered="12"/>
    <interval begin="21600.00" end="21700.00" id="inductionLoop.E3" nVehContrib="18" flow="648.00" occupancy="52.54" speed="8.17" harmonicMeanSpeed="1.91" length="5.00" nVehEntered="19"/>
    <interval begin="21700.00" end="21800.00" id="inductionLoop.E3" nVehContrib="17" flow="612.00" occupancy="66.48" speed="7.22" harmonicMeanSpeed="1.18" length="5.00" nVehEntered="16"/>
    <interval begin="21800.00" end="21900.00" id="inductionLoop.E3" nVehContrib="10" flow="360.00" occupancy="67.36" speed="7.63" harmonicMeanSpeed="1.40" length="5.00" nVehEntered="11"/>
    <interval begin="21900.00" end="22000.00" id="inductionLoop.E3" nVehContrib="20" flow="720.00" occupancy="59.92" speed="7.75" harmonicMeanSpeed="1.09" length="5.00" nVehEntered="19"/>
    <interval begin="22000.00" end="22100.00" id="inductionLoop.E3" nVehContrib="11" flow="396.00" occupancy="59.97" speed="8.50" harmonicMeanSpeed="1.39" length="5.00" nVehEntered="12"/>
    <interval begin="22100.00" end="22200.00" id="inductionLoop.E3" nVehContrib="17" flow="612.00" occupancy="51.93" speed="7.29" harmonicMeanSpeed="1.18" length="5.00" nVehEntered="16"/>
    <interval begin="22200.00" end="22300.00" id="inductionLoop.E3" nVehContrib="14" flow="504.00" occupancy="60.68" speed="8.26" harmonicMeanSpeed="1.76" length="5.00" nVehEntered="15"/>
    <interval begin="22300.00" end="22400.00" id="inductionLoop.E3" nVehContrib="13" flow="468.00" occupancy="74.57" speed="7.76" harmonicMeanSpeed="0.69" length="5.00" nVehEntered="13"/>
    <interval begin="22400.00" end="22500.00" id="inductionLoop.E3" nVehContrib="21" flow="756.00" occupancy="66.80" speed="8.70" harmonicMeanSpeed="1.54" length="5.00" nVehEntered="20"/>
    <interval begin="22500.00" end="22600.00" id="inductionLoop.E3" nVehContrib="14" flow="504.00" occupancy="64.86" speed="8.21" harmonicMeanSpeed="1.33" length="5.00" nVehEntered="15"/>
    <interval begin="22600.00" end="22700.00" id="inductionLoop.E3" nVehContrib="10" flow="360.00" occupancy="63.85" speed="7.55" harmonicMeanSpeed="1.11" length="5.00" nVehEntered="10"/>
    <interval begin="22700.00" end="22800.00" id="inductionLoop.E3" nVehContrib="12" flow="432.00" occupancy="67.63" speed="5.54" harmonicMeanSpeed="0.61" length="5.00" nVehEntered="12"/>
    <interval begin="22800.00" end="22900.00" id="inductionLoop.E3" nVehContrib="19" flow="684.00" occupancy="69.25" speed="9.22" harmonicMeanSpeed="1.37" length="5.00" nVehEntered="19"/>
    <interval begin="22900.00" end="23000.00" id="inductionLoop.E3" nVehContrib="15" flow="540.00" occupancy="76.42" speed="9.07" harmonicMeanSpeed="1.26" length="5.00" nVehEntered="15"/>
    <interval begin="23000.00" end="23100.00" id="inductionLoop.E3" nVehContrib="13" flow="468.00" occupancy="77.99" speed="8.79" harmonicMeanSpeed="1.09" length="5.00" nVehEntered="13"/>
    <interval begin="23100.00" end="23200.00" id="inductionLoop.E3" nVehContrib="14" flow="504.00" occupancy="76.59" speed="7.01" harmonicMeanSpeed="0.63" length="5.00" nVehEntered="14"/>
    <interval begin="23200.00" end="23300.00" id="inductionLoop.E3" nVehContrib="22" flow="792.00" occupancy="66.22" speed="8.80" harmonicMeanSpeed="1.79" length="5.00" nVehEntered="22"/>
    <interval begin="23300.00" end="23400.00" id="inductionLoop.E3" nVehContrib="19" flow="684.00" occupancy="70.63" speed="8.84" harmonicMeanSpeed="1.51" length="5.00" nVehEntered="19"/>
    <interval begin="23400.00" end="23500.00" id="inductionLoop.E3" nVehContrib="18" flow="648.00" occupancy="71.77" speed="9.62" harmonicMeanSpeed="1.44" length="5.00" nVehEntered="18"/>
    <interval begin="23500.00" end="23600.00" id="inductionLoop.E3" nVehContrib="9" flow="324.00" occupancy="79.23" speed="6.12" harmonicMeanSpeed="0.44" length="5.00" nVehEntered="8"/>
    <interval begin="23600.00" end="23700.00" id="inductionLoop.E3" nVehContrib="11" flow="396.00" occupancy="47.63" speed="5.61" harmonicMeanSpeed="1.47" length="5.00" nVehEntered="12"/>
    <interval begin="23700.00" end="23800.00" id="inductionLoop.E3" nVehContrib="10" flow="360.00" occupancy="54.17" speed="5.21" harmonicMeanSpeed="0.78" length="5.00" nVehEntered="9"/>
    <interval begin="23800.00" end="23900.00" id="inductionLoop.E3" nVehContrib="7" flow="252.00" occupancy="25.26" speed="5.58" harmonicMeanSpeed="1.39" length="5.00" nVehEntered="7"/>
    <interval begin="23900.00" end="24000.00" id="inductionLoop.E3" nVehContrib="7" flow="252.00" occupancy="20.17" speed="6.31" harmonicMeanSpeed="1.74" length="5.00" nVehEntered="7"/>
    <interval begin="24000.00" end="24100.00" id="inductionLoop.E3" nVehContrib="7" flow="252.00" occupancy="15.36" speed="7.67" harmonicMeanSpeed="2.28" length="5.00" nVehEntered="7"/>
    <interval begin="24100.00" end="24200.00" id="inductionLoop.E3" nVehContrib="10" flow="360.00" occupancy="39.63" speed="5.61" harmonicMeanSpeed="1.26" length="5.00" nVehEntered="10"/>
    <interval begin="24200.00" end="24300.00" id="inductionLoop.E3" nVehContrib="8" flow="288.00" occupancy="38.85" speed="7.88" harmonicMeanSpeed="1.03" length="5.00" nVehEntered="8"/>
    <interval begin="24300.00" end="24400.00" id="inductionLoop.E3" nVehContrib="8" flow="288.00" occupancy="48.45" speed="6.47" harmonicMeanSpeed="1.37" length="5.00" nVehEntered="9"/>
    <interval begin="24400.00" end="24500.00" id="inductionLoop.E3" nVehContrib="11" flow="396.00" occupancy="16.05" speed="6.69" harmonicMeanSpeed="1.56" length="5.00" nVehEntered="10"/>
    <interval begin="24500.00" end="24600.00" id="inductionLoop.E3" nVehContrib="8" flow="288.00" occupancy="31.90" speed="5.46" harmonicMeanSpeed="1.34" length="5.00" nVehEntered="9"/>
    <interval begin="24600.00" end="24700.00" id="inductionLoop.E3" nVehContrib="7" flow="252.00" occupancy="54.63" speed="5.45" harmonicMeanSpeed="0.62" length="5.00" nVehEntered="7"/>
    <interval begin="24700.00" end="24800.00" id="inductionLoop.E3" nVehContrib="6" flow="216.00" occupancy="3.57" speed="8.68" harmonicMeanSpeed="7.19" length="5.00" nVehEntered="5"/>
    <interval begin="24800.00" end="24900.00" id="inductionLoop.E3" nVehContrib="5" flow="180.00" occupancy="12.56" speed="7.91" harmonicMeanSpeed="1.99" length="5.00" nVehEntered="5"/>
    <interval begin="24900.00" end="25000.00" id="inductionLoop.E3" nVehContrib="6" flow="216.00" occupancy="25.56" speed="8.40" harmonicMeanSpeed="1.17" length="5.00" nVehEntered="6"/>
    <interval begin="25000.00" end="25100.00" id="inductionLoop.E3" nVehContrib="6" flow="216.00" occupancy="8.39" speed="8.45" harmonicMeanSpeed="6.85" length="5.00" nVehEntered="7"/>
    <interval begin="25100.00" end="25200.00" id="inductionLoop.E3" nVehContrib="9" flow="324.00" occupancy="49.95" speed="4.46" harmonicMeanSpeed="0.83" length="5.00" nVehEntered="8"/>
    <interval begin="25200.00" end="25300.00" id="inductionLoop.E3" nVehContrib="8" flow="288.00" occupancy="25.14" speed="7.46" harmonicMeanSpeed="1.59" length="5.00" nVehEntered="8"/>
    <interval begin="25300.00" end="25400.00" id="inductionLoop.E3" nVehContrib="3" flow="108.00" occupancy="1.65" speed="10.37" harmonicMeanSpeed="9.10" length="5.00" nVehEntered="3"/>
    <interval begin="25400.00" end="25500.00" id="inductionLoop.E3" nVehContrib="6" flow="216.00" occupancy="20.39" speed="6.79" harmonicMeanSpeed="1.47" length="5.00" nVehEntered="6"/>
    <interval begin="25500.00" end="25600.00" id="inductionLoop.E3" nVehContrib="3" flow="108.00" occupancy="6.13" speed="2.87" harmonicMeanSpeed="2.45" length="5.00" nVehEntered="3"/>
    <interval begin="25600.00" end="25700.00" id="inductionLoop.E3" nVehContrib="1" flow="36.00" occupancy="1.24" speed="4.02" harmonicMeanSpeed="4.02" length="5.00" nVehEntered="1"/>
    <interval begin="25700.00" end="25800.00" id="inductionLoop.E3" nVehContrib="1" flow="36.00" occupancy="0.40" speed="12.53" harmonicMeanSpeed="12.53" length="5.00" nVehEntered="1"/>
    <interval begin="25800.00" end="25900.00" id="inductionLoop.E3" nVehContrib="3" flow="108.00" occupancy="1.31" speed="11.87" harmonicMeanSpeed="11.45" length="5.00" nVehEntered="3"/>
    <interval begin="25900.00" end="26000.00" id="inductionLoop.E3" nVehContrib="7" flow="252.00" occupancy="44.32" speed="6.16" harmonicMeanSpeed="0.87" length="5.00" nVehEntered="8"/>
    <interval begin="26000.00" end="26100.00" id="inductionLoop.E3" nVehContrib="8" flow="288.00" occupancy="41.91" speed="6.27" harmonicMeanSpeed="1.02" length="5.00" nVehEntered="8"/>
    <interval begin="26100.00" end="26200.00" id="inductionLoop.E3" nVehContrib="6" flow="216.00" occupancy="43.54" speed="4.83" harmonicMeanSpeed="1.05" length="5.00" nVehEntered="6"/>
    <interval begin="26200.00" end="26300.00" id="inductionLoop.E3" nVehContrib="11" flow="396.00" occupancy="36.99" speed="4.73" harmonicMeanSpeed="0.93" length="5.00" nVehEntered="10"/>
    <interval begin="26300.00" end="26400.00" id="inductionLoop.E3" nVehContrib="11" flow="396.00" occupancy="26.04" speed="7.11" harmonicMeanSpeed="2.11" length="5.00" nVehEntered="11"/>
    <interval begin="26400.00" end="26500.00" id="inductionLoop.E3" nVehContrib="6" flow="216.00" occupancy="24.96" speed="5.36" harmonicMeanSpeed="1.20" length="5.00" nVehEntered="6"/>
    <interval begin="26500.00" end="26600.00" id="inductionLoop.E3" nVehContrib="5" flow="180.00" occupancy="11.08" speed="6.10" harmonicMeanSpeed="2.26" length="5.00" nVehEntered="5"/>
    <interval begin="26600.00" end="26700.00" id="inductionLoop.E3" nVehContrib="7" flow="252.00" occupancy="16.40" speed="5.42" harmonicMeanSpeed="2.13" length="5.00" nVehEntered="7"/>
    <interval begin="26700.00" end="26800.00" id="inductionLoop.E3" nVehContrib="6" flow="216.00" occupancy="8.96" speed="6.19" harmonicMeanSpeed="3.35" length="5.00" nVehEntered="6"/>
    <interval begin="26800.00" end="26900.00" id="inductionLoop.E3" nVehContrib="4" flow="144.00" occupancy="14.52" speed="5.34" harmonicMeanSpeed="1.38" length="5.00" nVehEntered="4"/>
    <interval begin="26900.00" end="27000.00" id="inductionLoop.E3" nVehContrib="3" flow="108.00" occupancy="3.17" speed="5.86" harmonicMeanSpeed="4.73" length="5.00" nVehEntered="3"/>
    <interval begin="27000.00" end="27100.00" id="inductionLoop.E3" nVehContrib="5" flow="180.00" occupancy="11.82" speed="6.35" harmonicMeanSpeed="2.12" length="5.00" nVehEntered="5"/>
    <interval begin="27100.00" end="27200.00" id="inductionLoop.E3" nVehContrib="5" flow="180.00" occupancy="5.02" speed="8.74" harmonicMeanSpeed="4.98" length="5.00" nVehEntered="5"/>
    <interval begin="27200.00" end="27300.00" id="inductionLoop.E3" nVehContrib="2" flow="72.00" occupancy="1.00" speed="10.06" harmonicMeanSpeed="9.95" length="5.00" nVehEntered="2"/>
    <interval begin="27300.00" end="27400.00" id="inductionLoop.E3" nVehContrib="3" flow="108.00" occupancy="1.60" speed="10.31" harmonicMeanSpeed="9.39" length="5.00" nVehEntered="3"/>
    <interval begin="27400.00" end="27500.00" id="inductionLoop.E3" nVehContrib="0" flow="0.00" occupancy="0.00" speed="-1.00" harmonicMeanSpeed="-1.00" length="-1.00" nVehEntered="0"/>
    <interval begin="27500.00" end="27600.00" id="inductionLoop.E3" nVehContrib="1" flow="36.00" occupancy="1.11" speed="4.52" harmonicMeanSpeed="4.52" length="5.00" nVehEntered="1"/>
    <interval begin="27600.00" end="27700.00" id="inductionLoop.E3" nVehContrib="0" flow="0.00" occupancy="0.00" speed="-1.00" harmonicMeanSpeed="-1.00" length="-1.00" nVehEntered="0"/>
    <interval begin="27700.00" end="27800.00" id="inductionLoop.E3" nVehContrib="0" flow="0.00" occupancy="0.00" speed="-1.00" harmonicMeanSpeed="-1.00" length="-1.00" nVehEntered="0"/>
    <interval begin="27800.00" end="27900.00" id="inductionLoop.E3" nVehContrib="0" flow="0.00" occupancy="0.00" speed="-1.00" harmonicMeanSpeed="-1.00" length="-1.00" nVehEntered="0"/>
    <interval begin="27900.00" end="28000.00" id="inductionLoop.E3" nVehContrib="0" flow="0.00" occupancy="0.00" speed="-1.00" harmonicMeanSpeed="-1.00" length="-1.00" nVehEntered="0"/>
    <interval begin="28000.00" end="28100.00" id="inductionLoop.E3" nVehContrib="0" flow="0.00" occupancy="0.00" speed="-1.00" harmonicMeanSpeed="-1.00" length="-1.00" nVehEntered="0"/>
    <interval begin="28100.00" end="28200.00" id="inductionLoop.E3" nVehContrib="0" flow="0.00" occupancy="0.00" speed="-1.00" harmonicMeanSpeed="-1.00" length="-1.00" nVehEntered="0"/>
    <interval begin="28200.00" end="28300.00" id="inductionLoop.E3" nVehContrib="0" flow="0.00" occupancy="0.00" speed="-1.00" harmonicMeanSpeed="-1.00" length="-1.00" nVehEntered="0"/>
    <interval begin="28300.00" end="28400.00" id="inductionLoop.E3" nVehContrib="0" flow="0.00" occupancy="0.00" speed="-1.00" harmonicMeanSpeed="-1.00" length="-1.00" nVehEntered="0"/>
    <interval begin="28400.00" end="28500.00" id="inductionLoop.E3" nVehContrib="0" flow="0.00" occupancy="0.00" speed="-1.00" harmonicMeanSpeed="-1.00" length="-1.00" nVehEntered="0"/>
    <interval begin="28500.00" end="28600.00" id="inductionLoop.E3" nVehContrib="0" flow="0.00" occupancy="0.00" speed="-1.00" harmonicMeanSpeed="-1.00" length="-1.00" nVehEntered="0"/>
    <interval begin="28600.00" end="28700.00" id="inductionLoop.E3" nVehContrib="0" flow="0.00" occupancy="0.00" speed="-1.00" harmonicMeanSpeed="-1.00" length="-1.00" nVehEntered="0"/>
    <interval begin="28700.00" end="28800.00" id="inductionLoop.E3" nVehContrib="0" flow="0.00" occupancy="0.00" speed="-1.00" harmonicMeanSpeed="-1.00" length="-1.00" nVehEntered="0"/>
    <interval begin="28800.00" end="28900.00" id="inductionLoop.E3" nVehContrib="0" flow="0.00" occupancy="0.00" speed="-1.00" harmonicMeanSpeed="-1.00" length="-1.00" nVehEntered="0"/>
    <interval begin="28900.00" end="29000.00" id="inductionLoop.E3" nVehContrib="0" flow="0.00" occupancy="0.00" speed="-1.00" harmonicMeanSpeed="-1.00" length="-1.00" nVehEntered="0"/>
    <interval begin="29000.00" end="29100.00" id="inductionLoop.E3" nVehContrib="0" flow="0.00" occupancy="0.00" speed="-1.00" harmonicMeanSpeed="-1.00" length="-1.00" nVehEntered="0"/>
    <interval begin="29100.00" end="29200.00" id="inductionLoop.E3" nVehContrib="0" flow="0.00" occupancy="0.00" speed="-1.00" harmonicMeanSpeed="-1.00" length="-1.00" nVehEntered="0"/>
    <interval begin="29200.00" end="29300.00" id="inductionLoop.E3" nVehContrib="0" flow="0.00" occupancy="0.00" speed="-1.00" harmonicMeanSpeed="-1.00" length="-1.00" nVehEntered="0"/>
    <interval begin="29300.00" end="29400.00" id="inductionLoop.E3" nVehContrib="0" flow="0.00" occupancy="0.00" speed="-1.00" harmonicMeanSpeed="-1.00" length="-1.00" nVehEntered="0"/>
    <interval begin="29400.00" end="29500.00" id="inductionLoop.E3" nVehContrib="0" flow="0.00" occupancy="0.00" speed="-1.00" harmonicMeanSpeed="-1.00" length="-1.00" nVehEntered="0"/>
    <interval begin="29500.00" end="29600.00" id="inductionLoop.E3" nVehContrib="0" flow="0.00" occupancy="0.00" speed="-1.00" harmonicMeanSpeed="-1.00" length="-1.00" nVehEntered="0"/>
    <interval begin="29600.00" end="29700.00" id="inductionLoop.E3" nVehContrib="0" flow="0.00" occupancy="0.00" speed="-1.00" harmonicMeanSpeed="-1.00" length="-1.00" nVehEntered="0"/>
    <interval begin="29700.00" end="29800.00" id="inductionLoop.E3" nVehContrib="0" flow="0.00" occupancy="0.00" speed="-1.00" harmonicMeanSpeed="-1.00" length="-1.00" nVehEntered="0"/>
    <interval begin="29800.00" end="29900.00" id="inductionLoop.E3" nVehContrib="0" flow="0.00" occupancy="0.00" speed="-1.00" harmonicMeanSpeed="-1.00" length="-1.00" nVehEntered="0"/>
    <interval begin="29900.00" end="30000.00" id="inductionLoop.E3" nVehContrib="0" flow="0.00" occupancy="0.00" speed="-1.00" harmonicMeanSpeed="-1.00" length="-1.00" nVehEntered="0"/>
    <interval begin="30000.00" end="30100.00" id="inductionLoop.E3" nVehContrib="0" flow="0.00" occupancy="0.00" speed="-1.00" harmonicMeanSpeed="-1.00" length="-1.00" nVehEntered="0"/>
    <interval begin="30100.00" end="30200.00" id="inductionLoop.E3" nVehContrib="0" flow="0.00" occupancy="0.00" speed="-1.00" harmonicMeanSpeed="-1.00" length="-1.00" nVehEntered="0"/>
    <interval begin="30200.00" end="30300.00" id="inductionLoop.E3" nVehContrib="0" flow="0.00" occupancy="0.00" speed="-1.00" harmonicMeanSpeed="-1.00" length="-1.00" nVehEntered="0"/>
    <interval begin="30300.00" end="30400.00" id="inductionLoop.E3" nVehContrib="0" flow="0.00" occupancy="0.00" speed="-1.00" harmonicMeanSpeed="-1.00" length="-1.00" nVehEntered="0"/>
    <interval begin="30400.00" end="30500.00" id="inductionLoop.E3" nVehContrib="0" flow="0.00" occupancy="0.00" speed="-1.00" harmonicMeanSpeed="-1.00" length="-1.00" nVehEntered="0"/>
    <interval begin="30500.00" end="30600.00" id="inductionLoop.E3" nVehContrib="0" flow="0.00" occupancy="0.00" speed="-1.00" harmonicMeanSpeed="-1.00" length="-1.00" nVehEntered="0"/>
    <interval begin="30600.00" end="30700.00" id="inductionLoop.E3" nVehContrib="0" flow="0.00" occupancy="0.00" speed="-1.00" harmonicMeanSpeed="-1.00" length="-1.00" nVehEntered="0"/>
    <interval begin="30700.00" end="30800.00" id="inductionLoop.E3" nVehContrib="0" flow="0.00" occupancy="0.00" speed="-1.00" harmonicMeanSpeed="-1.00" length="-1.00" nVehEntered="0"/>
    <interval begin="30800.00" end="30900.00" id="inductionLoop.E3" nVehContrib="0" flow="0.00" occupancy="0.00" speed="-1.00" harmonicMeanSpeed="-1.00" length="-1.00" nVehEntered="0"/>
    <interval begin="30900.00" end="31000.00" id="inductionLoop.E3" nVehContrib="0" flow="0.00" occupancy="0.00" speed="-1.00" harmonicMeanSpeed="-1.00" length="-1.00" nVehEntered="0"/>
    <interval begin="31000.00" end="31100.00" id="inductionLoop.E3" nVehContrib="0" flow="0.00" occupancy="0.00" speed="-1.00" harmonicMeanSpeed="-1.00" length="-1.00" nVehEntered="0"/>
    <interval begin="31100.00" end="31200.00" id="inductionLoop.E3" nVehContrib="0" flow="0.00" occupancy="0.00" speed="-1.00" harmonicMeanSpeed="-1.00" length="-1.00" nVehEntered="0"/>
    <interval begin="31200.00" end="31300.00" id="inductionLoop.E3" nVehContrib="0" flow="0.00" occupancy="0.00" speed="-1.00" harmonicMeanSpeed="-1.00" length="-1.00" nVehEntered="0"/>
    <interval begin="31300.00" end="31400.00" id="inductionLoop.E3" nVehContrib="0" flow="0.00" occupancy="0.00" speed="-1.00" harmonicMeanSpeed="-1.00" length="-1.00" nVehEntered="0"/>
    <interval begin="31400.00" end="31500.00" id="inductionLoop.E3" nVehContrib="0" flow="0.00" occupancy="0.00" speed="-1.00" harmonicMeanSpeed="-1.00" length="-1.00" nVehEntered="0"/>
    <interval begin="31500.00" end="31600.00" id="inductionLoop.E3" nVehContrib="0" flow="0.00" occupancy="0.00" speed="-1.00" harmonicMeanSpeed="-1.00" length="-1.00" nVehEntered="0"/>
    <interval begin="31600.00" end="31700.00" id="inductionLoop.E3" nVehContrib="0" flow="0.00" occupancy="0.00" speed="-1.00" harmonicMeanSpeed="-1.00" length="-1.00" nVehEntered="0"/>
    <interval begin="31700.00" end="31800.00" id="inductionLoop.E3" nVehContrib="0" flow="0.00" occupancy="0.00" speed="-1.00" harmonicMeanSpeed="-1.00" length="-1.00" nVehEntered="0"/>
    <interval begin="31800.00" end="31900.00" id="inductionLoop.E3" nVehContrib="0" flow="0.00" occupancy="0.00" speed="-1.00" harmonicMeanSpeed="-1.00" length="-1.00" nVehEntered="0"/>
    <interval begin="31900.00" end="32000.00" id="inductionLoop.E3" nVehContrib="0" flow="0.00" occupancy="0.00" speed="-1.00" harmonicMeanSpeed="-1.00" length="-1.00" nVehEntered="0"/>
    <interval begin="32000.00" end="32100.00" id="inductionLoop.E3" nVehContrib="0" flow="0.00" occupancy="0.00" speed="-1.00" harmonicMeanSpeed="-1.00" length="-1.00" nVehEntered="0"/>
    <interval begin="32100.00" end="32200.00" id="inductionLoop.E3" nVehContrib="0" flow="0.00" occupancy="0.00" speed="-1.00" harmonicMeanSpeed="-1.00" length="-1.00" nVehEntered="0"/>
    <interval begin="32200.00" end="32300.00" id="inductionLoop.E3" nVehContrib="0" flow="0.00" occupancy="0.00" speed="-1.00" harmonicMeanSpeed="-1.00" length="-1.00" nVehEntered="0"/>
    <interval begin="32300.00" end="32400.00" id="inductionLoop.E3" nVehContrib="0" flow="0.00" occupancy="0.00" speed="-1.00" harmonicMeanSpeed="-1.00" length="-1.00" nVehEntered="0"/>
    <interval begin="32400.00" end="32500.00" id="inductionLoop.E3" nVehContrib="0" flow="0.00" occupancy="0.00" speed="-1.00" harmonicMeanSpeed="-1.00" length="-1.00" nVehEntered="0"/>
    <interval begin="32500.00" end="32600.00" id="inductionLoop.E3" nVehContrib="0" flow="0.00" occupancy="0.00" speed="-1.00" harmonicMeanSpeed="-1.00" length="-1.00" nVehEntered="0"/>
    <interval begin="32600.00" end="32700.00" id="inductionLoop.E3" nVehContrib="0" flow="0.00" occupancy="0.00" speed="-1.00" harmonicMeanSpeed="-1.00" length="-1.00" nVehEntered="0"/>
    <interval begin="32700.00" end="32800.00" id="inductionLoop.E3" nVehContrib="0" flow="0.00" occupancy="0.00" speed="-1.00" harmonicMeanSpeed="-1.00" length="-1.00" nVehEntered="0"/>
    <interval begin="32800.00" end="32900.00" id="inductionLoop.E3" nVehContrib="0" flow="0.00" occupancy="0.00" speed="-1.00" harmonicMeanSpeed="-1.00" length="-1.00" nVehEntered="0"/>
    <interval begin="32900.00" end="33000.00" id="inductionLoop.E3" nVehContrib="0" flow="0.00" occupancy="0.00" speed="-1.00" harmonicMeanSpeed="-1.00" length="-1.00" nVehEntered="0"/>
    <interval begin="33000.00" end="33100.00" id="inductionLoop.E3" nVehContrib="0" flow="0.00" occupancy="0.00" speed="-1.00" harmonicMeanSpeed="-1.00" length="-1.00" nVehEntered="0"/>
    <interval begin="33100.00" end="33200.00" id="inductionLoop.E3" nVehContrib="0" flow="0.00" occupancy="0.00" speed="-1.00" harmonicMeanSpeed="-1.00" length="-1.00" nVehEntered="0"/>
    <interval begin="33200.00" end="33300.00" id="inductionLoop.E3" nVehContrib="0" flow="0.00" occupancy="0.00" speed="-1.00" harmonicMeanSpeed="-1.00" length="-1.00" nVehEntered="0"/>
    <interval begin="33300.00" end="33400.00" id="inductionLoop.E3" nVehContrib="0" flow="0.00" occupancy="0.00" speed="-1.00" harmonicMeanSpeed="-1.00" length="-1.00" nVehEntered="0"/>
    <interval begin="33400.00" end="33500.00" id="inductionLoop.E3" nVehContrib="0" flow="0.00" occupancy="0.00" speed="-1.00" harmonicMeanSpeed="-1.00" length="-1.00" nVehEntered="0"/>
    <interval begin="33500.00" end="33600.00" id="inductionLoop.E3" nVehContrib="0" flow="0.00" occupancy="0.00" speed="-1.00" harmonicMeanSpeed="-1.00" length="-1.00" nVehEntered="0"/>
    <interval begin="33600.00" end="33700.00" id="inductionLoop.E3" nVehContrib="0" flow="0.00" occupancy="0.00" speed="-1.00" harmonicMeanSpeed="-1.00" length="-1.00" nVehEntered="0"/>
    <interval begin="33700.00" end="33800.00" id="inductionLoop.E3" nVehContrib="1" flow="36.00" occupancy="0.36" speed="13.81" harmonicMeanSpeed="13.81" length="5.00" nVehEntered="1"/>
    <interval begin="33800.00" end="33900.00" id="inductionLoop.E3" nVehContrib="0" flow="0.00" occupancy="0.00" speed="-1.00" harmonicMeanSpeed="-1.00" length="-1.00" nVehEntered="0"/>
    <interval begin="33900.00" end="34000.00" id="inductionLoop.E3" nVehContrib="0" flow="0.00" occupancy="0.00" speed="-1.00" harmonicMeanSpeed="-1.00" length="-1.00" nVehEntered="0"/>
    <interval begin="34000.00" end="34100.00" id="inductionLoop.E3" nVehContrib="0" flow="0.00" occupancy="0.00" speed="-1.00" harmonicMeanSpeed="-1.00" length="-1.00" nVehEntered="0"/>
    <interval begin="34100.00" end="34200.00" id="inductionLoop.E3" nVehContrib="0" flow="0.00" occupancy="0.00" speed="-1.00" harmonicMeanSpeed="-1.00" length="-1.00" nVehEntered="0"/>
    <interval begin="34200.00" end="34300.00" id="inductionLoop.E3" nVehContrib="0" flow="0.00" occupancy="0.00" speed="-1.00" harmonicMeanSpeed="-1.00" length="-1.00" nVehEntered="0"/>
    <interval begin="34300.00" end="34400.00" id="inductionLoop.E3" nVehContrib="0" flow="0.00" occupancy="0.00" speed="-1.00" harmonicMeanSpeed="-1.00" length="-1.00" nVehEntered="0"/>
    <interval begin="34400.00" end="34500.00" id="inductionLoop.E3" nVehContrib="0" flow="0.00" occupancy="0.00" speed="-1.00" harmonicMeanSpeed="-1.00" length="-1.00" nVehEntered="0"/>
    <interval begin="34500.00" end="34600.00" id="inductionLoop.E3" nVehContrib="0" flow="0.00" occupancy="0.00" speed="-1.00" harmonicMeanSpeed="-1.00" length="-1.00" nVehEntered="0"/>
    <interval begin="34600.00" end="34700.00" id="inductionLoop.E3" nVehContrib="0" flow="0.00" occupancy="0.00" speed="-1.00" harmonicMeanSpeed="-1.00" length="-1.00" nVehEntered="0"/>
    <interval begin="34700.00" end="34800.00" id="inductionLoop.E3" nVehContrib="0" flow="0.00" occupancy="0.00" speed="-1.00" harmonicMeanSpeed="-1.00" length="-1.00" nVehEntered="0"/>
    <interval begin="34800.00" end="34900.00" id="inductionLoop.E3" nVehContrib="0" flow="0.00" occupancy="0.00" speed="-1.00" harmonicMeanSpeed="-1.00" length="-1.00" nVehEntered="0"/>
    <interval begin="34900.00" end="35000.00" id="inductionLoop.E3" nVehContrib="1" flow="36.00" occupancy="1.17" speed="4.27" harmonicMeanSpeed="4.27" length="5.00" nVehEntered="1"/>
    <interval begin="35000.00" end="35100.00" id="inductionLoop.E3" nVehContrib="2" flow="72.00" occupancy="2.98" speed="3.36" harmonicMeanSpeed="3.36" length="5.00" nVehEntered="2"/>
    <interval begin="35100.00" end="35200.00" id="inductionLoop.E3" nVehContrib="1" flow="36.00" occupancy="7.96" speed="4.21" harmonicMeanSpeed="4.21" length="5.00" nVehEntered="2"/>
    <interval begin="35200.00" end="35300.00" id="inductionLoop.E3" nVehContrib="2" flow="72.00" occupancy="6.61" speed="4.92" harmonicMeanSpeed="0.75" length="5.00" nVehEntered="1"/>
    <interval begin="35300.00" end="35400.00" id="inductionLoop.E3" nVehContrib="3" flow="108.00" occupancy="3.13" speed="5.79" harmonicMeanSpeed="4.79" length="5.00" nVehEntered="3"/>
    <interval begin="35400.00" end="35500.00" id="inductionLoop.E3" nVehContrib="1" flow="36.00" occupancy="1.44" speed="3.47" harmonicMeanSpeed="3.47" length="5.00" nVehEntered="1"/>
    <interval begin="35500.00" end="35600.00" id="inductionLoop.E3" nVehContrib="12" flow="432.00" occupancy="29.68" speed="8.14" harmonicMeanSpeed="2.02" length="5.00" nVehEntered="12"/>
    <interval begin="35600.00" end="35700.00" id="inductionLoop.E3" nVehContrib="7" flow="252.00" occupancy="10.46" speed="5.41" harmonicMeanSpeed="3.34" length="5.00" nVehEntered="7"/>
    <interval begin="35700.00" end="35800.00" id="inductionLoop.E3" nVehContrib="2" flow="72.00" occupancy="2.74" speed="3.79" harmonicMeanSpeed="3.65" length="5.00" nVehEntered="2"/>
    <interval begin="35800.00" end="35900.00" id="inductionLoop.E3" nVehContrib="1" flow="36.00" occupancy="1.30" speed="3.84" harmonicMeanSpeed="3.84" length="5.00" nVehEntered="1"/>
    <interval begin="35900.00" end="36000.00" id="inductionLoop.E3" nVehContrib="3" flow="108.00" occupancy="3.09" speed="6.82" harmonicMeanSpeed="4.85" length="5.00" nVehEntered="3"/>
    <interval begin="36000.00" end="36100.00" id="inductionLoop.E3" nVehContrib="0" flow="0.00" occupancy="0.00" speed="-1.00" harmonicMeanSpeed="-1.00" length="-1.00" nVehEntered="0"/>
    <interval begin="36100.00" end="36200.00" id="inductionLoop.E3" nVehContrib="0" flow="0.00" occupancy="0.00" speed="-1.00" harmonicMeanSpeed="-1.00" length="-1.00" nVehEntered="0"/>
    <interval begin="36200.00" end="36300.00" id="inductionLoop.E3" nVehContrib="1" flow="36.00" occupancy="1.23" speed="4.06" harmonicMeanSpeed="4.06" length="5.00" nVehEntered="1"/>
    <interval begin="36300.00" end="36400.00" id="inductionLoop.E3" nVehContrib="0" flow="0.00" occupancy="0.00" speed="-1.00" harmonicMeanSpeed="-1.00" length="-1.00" nVehEntered="0"/>
    <interval begin="36400.00" end="36500.00" id="inductionLoop.E3" nVehContrib="3" flow="108.00" occupancy="2.45" speed="9.33" harmonicMeanSpeed="6.13" length="5.00" nVehEntered="3"/>
    <interval begin="36500.00" end="36600.00" id="inductionLoop.E3" nVehContrib="6" flow="216.00" occupancy="14.62" speed="3.46" harmonicMeanSpeed="2.05" length="5.00" nVehEntered="6"/>
    <interval begin="36600.00" end="36700.00" id="inductionLoop.E3" nVehContrib="4" flow="144.00" occupancy="4.48" speed="6.87" harmonicMeanSpeed="4.47" length="5.00" nVehEntered="4"/>
    <interval begin="36700.00" end="36800.00" id="inductionLoop.E3" nVehContrib="9" flow="324.00" occupancy="23.44" speed="7.01" harmonicMeanSpeed="1.92" length="5.00" nVehEntered="9"/>
    <interval begin="36800.00" end="36900.00" id="inductionLoop.E3" nVehContrib="8" flow="288.00" occupancy="37.50" speed="4.01" harmonicMeanSpeed="1.07" length="5.00" nVehEntered="9"/>
    <interval begin="36900.00" end="37000.00" id="inductionLoop.E3" nVehContrib="7" flow="252.00" occupancy="21.87" speed="6.10" harmonicMeanSpeed="1.60" length="5.00" nVehEntered="6"/>
    <interval begin="37000.00" end="37100.00" id="inductionLoop.E3" nVehContrib="2" flow="72.00" occupancy="1.82" speed="8.51" harmonicMeanSpeed="5.49" length="5.00" nVehEntered="2"/>
    <interval begin="37100.00" end="37200.00" id="inductionLoop.E3" nVehContrib="6" flow="216.00" occupancy="12.59" speed="9.16" harmonicMeanSpeed="6.66" length="5.00" nVehEntered="7"/>
    <interval begin="37200.00" end="37300.00" id="inductionLoop.E3" nVehContrib="8" flow="288.00" occupancy="20.30" speed="4.44" harmonicMeanSpeed="1.41" length="5.00" nVehEntered="7"/>
    <interval begin="37300.00" end="37400.00" id="inductionLoop.E3" nVehContrib="8" flow="288.00" occupancy="21.78" speed="6.96" harmonicMeanSpeed="1.84" length="5.00" nVehEntered="8"/>
    <interval begin="37400.00" end="37500.00" id="inductionLoop.E3" nVehContrib="4" flow="144.00" occupancy="10.67" speed="4.79" harmonicMeanSpeed="4.72" length="5.00" nVehEntered="5"/>
    <interval begin="37500.00" end="37600.00" id="inductionLoop.E3" nVehContrib="9" flow="324.00" occupancy="42.24" speed="5.22" harmonicMeanSpeed="0.92" length="5.00" nVehEntered="8"/>
    <interval begin="37600.00" end="37700.00" id="inductionLoop.E3" nVehContrib="6" flow="216.00" occupancy="20.75" speed="4.19" harmonicMeanSpeed="1.45" length="5.00" nVehEntered="6"/>
    <interval begin="37700.00" end="37800.00" id="inductionLoop.E3" nVehContrib="5" flow="180.00" occupancy="10.53" speed="5.93" harmonicMeanSpeed="2.74" length="5.00" nVehEntered="6"/>
    <interval begin="37800.00" end="37900.00" id="inductionLoop.E3" nVehContrib="6" flow="216.00" occupancy="44.39" speed="5.34" harmonicMeanSpeed="0.98" length="5.00" nVehEntered="6"/>
    <interval begin="37900.00" end="38000.00" id="inductionLoop.E3" nVehContrib="10" flow="360.00" occupancy="45.57" speed="5.72" harmonicMeanSpeed="0.82" length="5.00" nVehEntered="9"/>
    <interval begin="38000.00" end="38100.00" id="inductionLoop.E3" nVehContrib="7" flow="252.00" occupancy="38.98" speed="9.07" harmonicMeanSpeed="7.44" length="5.00" nVehEntered="8"/>
    <interval begin="38100.00" end="38200.00" id="inductionLoop.E3" nVehContrib="9" flow="324.00" occupancy="40.70" speed="5.89" harmonicMeanSpeed="0.98" length="5.00" nVehEntered="9"/>
    <interval begin="38200.00" end="38300.00" id="inductionLoop.E3" nVehContrib="14" flow="504.00" occupancy="50.61" speed="7.38" harmonicMeanSpeed="1.17" length="5.00" nVehEntered="14"/>
    <interval begin="38300.00" end="38400.00" id="inductionLoop.E3" nVehContrib="11" flow="396.00" occupancy="52.58" speed="8.08" harmonicMeanSpeed="0.99" length="5.00" nVehEntered="11"/>
    <interval begin="38400.00" end="38500.00" id="inductionLoop.E3" nVehContrib="11" flow="396.00" occupancy="46.85" speed="8.17" harmonicMeanSpeed="0.86" length="5.00" nVehEntered="10"/>
    <interval begin="38500.00" end="38600.00" id="inductionLoop.E3" nVehContrib="8" flow="288.00" occupancy="25.39" speed="8.82" harmonicMeanSpeed="1.58" length="5.00" nVehEntered="8"/>
    <interval begin="38600.00" end="38700.00" id="inductionLoop.E3" nVehContrib="10" flow="360.00" occupancy="55.71" speed="7.47" harmonicMeanSpeed="1.20" length="5.00" nVehEntered="11"/>
    <interval begin="38700.00" end="38800.00" id="inductionLoop.E3" nVehContrib="9" flow="324.00" occupancy="36.69" speed="7.45" harmonicMeanSpeed="0.88" length="5.00" nVehEntered="8"/>
    <interval begin="38800.00" end="38900.00" id="inductionLoop.E3" nVehContrib="7" flow="252.00" occupancy="20.87" speed="6.92" harmonicMeanSpeed="1.68" length="5.00" nVehEntered="7"/>
    <interval begin="38900.00" end="39000.00" id="inductionLoop.E3" nVehContrib="4" flow="144.00" occupancy="32.12" speed="3.24" harmonicMeanSpeed="0.62" length="5.00" nVehEntered="4"/>
    <interval begin="39000.00" end="39100.00" id="inductionLoop.E3" nVehContrib="5" flow="180.00" occupancy="32.20" speed="5.06" harmonicMeanSpeed="0.78" length="5.00" nVehEntered="5"/>
    <interval begin="39100.00" end="39200.00" id="inductionLoop.E3" nVehContrib="2" flow="72.00" occupancy="9.41" speed="2.60" harmonicMeanSpeed="1.35" length="5.00" nVehEntered="3"/>
    <interval begin="39200.00" end="39300.00" id="inductionLoop.E3" nVehContrib="1" flow="36.00" occupancy="0.13" speed="2.35" harmonicMeanSpeed="2.35" length="5.00" nVehEntered="0"/>
    <interval begin="39300.00" end="39400.00" id="inductionLoop.E3" nVehContrib="3" flow="108.00" occupancy="22.13" speed="5.44" harmonicMeanSpeed="0.68" length="5.00" nVehEntered="3"/>
    <interval begin="39400.00" end="39500.00" id="inductionLoop.E3" nVehContrib="15" flow="540.00" occupancy="69.72" speed="9.91" harmonicMeanSpeed="1.08" length="5.00" nVehEntered="15"/>
    <interval begin="39500.00" end="39600.00" id="inductionLoop.E3" nVehContrib="2" flow="72.00" occupancy="47.12" speed="7.86" harmonicMeanSpeed="4.97" length="5.00" nVehEntered="3"/>
    <interval begin="39600.00" end="39700.00" id="inductionLoop.E3" nVehContrib="12" flow="432.00" occupancy="30.03" speed="8.70" harmonicMeanSpeed="0.97" length="5.00" nVehEntered="12"/>
    <interval begin="39700.00" end="39800.00" id="inductionLoop.E3" nVehContrib="17" flow="612.00" occupancy="65.27" speed="10.83" harmonicMeanSpeed="1.08" length="5.00" nVehEntered="16"/>
    <interval begin="39800.00" end="39900.00" id="inductionLoop.E3" nVehContrib="13" flow="468.00" occupancy="67.01" speed="8.70" harmonicMeanSpeed="0.97" length="5.00" nVehEntered="13"/>
    <interval begin="39900.00" end="40000.00" id="inductionLoop.E3" nVehContrib="6" flow="216.00" occupancy="70.20" speed="12.43" harmonicMeanSpeed="11.86" length="5.00" nVehEntered="7"/>
    <interval begin="40000.00" end="40100.00" id="inductionLoop.E3" nVehContrib="13" flow="468.00" occupancy="51.38" speed="8.02" harmonicMeanSpeed="0.79" length="5.00" nVehEntered="13"/>
    <interval begin="40100.00" end="40200.00" id="inductionLoop.E3" nVehContrib="14" flow="504.00" occupancy="51.77" speed="9.40" harmonicMeanSpeed="0.79" length="5.00" nVehEntered="13"/>
    <interval begin="40200.00" end="40300.00" id="inductionLoop.E3" nVehContrib="11" flow="396.00" occupancy="56.52" speed="7.48" harmonicMeanSpeed="0.97" length="5.00" nVehEntered="11"/>
    <interval begin="40300.00" end="40400.00" id="inductionLoop.E3" nVehContrib="12" flow="432.00" occupancy="57.20" speed="8.09" harmonicMeanSpeed="1.05" length="5.00" nVehEntered="13"/>
    <interval begin="40400.00" end="40500.00" id="inductionLoop.E3" nVehContrib="0" flow="0.00" occupancy="100.00" speed="-1.00" harmonicMeanSpeed="-1.00" length="-1.00" nVehEntered="0"/>
    <interval begin="40500.00" end="40600.00" id="inductionLoop.E3" nVehContrib="17" flow="612.00" occupancy="70.40" speed="9.69" harmonicMeanSpeed="0.77" length="5.00" nVehEntered="17"/>
    <interval begin="40600.00" end="40700.00" id="inductionLoop.E3" nVehContrib="15" flow="540.00" occupancy="75.82" speed="9.41" harmonicMeanSpeed="1.00" length="5.00" nVehEntered="15"/>
    <interval begin="40700.00" end="40800.00" id="inductionLoop.E3" nVehContrib="20" flow="720.00" occupancy="68.92" speed="10.16" harmonicMeanSpeed="0.89" length="5.00" nVehEntered="20"/>
    <interval begin="40800.00" end="40900.00" id="inductionLoop.E3" nVehContrib="18" flow="648.00" occupancy="73.56" speed="9.81" harmonicMeanSpeed="0.99" length="5.00" nVehEntered="17"/>
    <interval begin="40900.00" end="41000.00" id="inductionLoop.E3" nVehContrib="1" flow="36.00" occupancy="97.29" speed="7.62" harmonicMeanSpeed="7.62" length="5.00" nVehEntered="2"/>
    <interval begin="41000.00" end="41100.00" id="inductionLoop.E3" nVehContrib="24" flow="864.00" occupancy="61.36" speed="11.05" harmonicMeanSpeed="0.82" length="5.00" nVehEntered="24"/>
    <interval begin="41100.00" end="41200.00" id="inductionLoop.E3" nVehContrib="2" flow="72.00" occupancy="95.69" speed="1.55" harmonicMeanSpeed="0.09" length="5.00" nVehEntered="1"/>
    <interval begin="41200.00" end="41300.00" id="inductionLoop.E3" nVehContrib="24" flow="864.00" occupancy="63.72" speed="11.59" harmonicMeanSpeed="10.68" length="5.00" nVehEntered="25"/>
    <interval begin="41300.00" end="41400.00" id="inductionLoop.E3" nVehContrib="24" flow="864.00" occupancy="63.03" speed="10.67" harmonicMeanSpeed="1.14" length="5.00" nVehEntered="24"/>
    <interval begin="41400.00" end="41500.00" id="inductionLoop.E3" nVehContrib="0" flow="0.00" occupancy="100.00" speed="-1.00" harmonicMeanSpeed="-1.00" length="-1.00" nVehEntered="0"/>
    <interval begin="41500.00" end="41600.00" id="inductionLoop.E3" nVehContrib="22" flow="792.00" occupancy="63.51" speed="11.04" harmonicMeanSpeed="0.91" length="5.00" nVehEntered="22"/>
    <interval begin="41600.00" end="41700.00" id="inductionLoop.E3" nVehContrib="25" flow="900.00" occupancy="61.44" speed="11.40" harmonicMeanSpeed="1.09" length="5.00" nVehEntered="24"/>
    <interval begin="41700.00" end="41800.00" id="inductionLoop.E3" nVehContrib="4" flow="144.00" occupancy="93.54" speed="10.21" harmonicMeanSpeed="9.87" length="5.00" nVehEntered="5"/>
    <interval begin="41800.00" end="41900.00" id="inductionLoop.E3" nVehContrib="23" flow="828.00" occupancy="63.35" speed="11.07" harmonicMeanSpeed="1.06" length="5.00" nVehEntered="23"/>
    <interval begin="41900.00" end="42000.00" id="inductionLoop.E3" nVehContrib="12" flow="432.00" occupancy="80.57" speed="8.90" harmonicMeanSpeed="0.47" length="5.00" nVehEntered="11"/>
    <interval begin="42000.00" end="42100.00" id="inductionLoop.E3" nVehContrib="6" flow="216.00" occupancy="91.18" speed="11.12" harmonicMeanSpeed="11.04" length="5.00" nVehEntered="7"/>
    <interval begin="42100.00" end="42200.00" id="inductionLoop.E3" nVehContrib="15" flow="540.00" occupancy="76.71" speed="8.83" harmonicMeanSpeed="0.69" length="5.00" nVehEntered="15"/>
    <interval begin="42200.00" end="42300.00" id="inductionLoop.E3" nVehContrib="10" flow="360.00" occupancy="82.65" speed="7.35" harmonicMeanSpeed="0.50" length="5.00" nVehEntered="10"/>
    <interval begin="42300.00" end="42400.00" id="inductionLoop.E3" nVehContrib="11" flow="396.00" occupancy="80.99" speed="7.83" harmonicMeanSpeed="0.73" length="5.00" nVehEntered="11"/>
    <interval begin="42400.00" end="42500.00" id="inductionLoop.E3" nVehContrib="12" flow="432.00" occupancy="80.93" speed="7.80" harmonicMeanSpeed="0.59" length="5.00" nVehEntered="12"/>
    <interval begin="42500.00" end="42600.00" id="inductionLoop.E3" nVehContrib="0" flow="0.00" occupancy="100.00" speed="-1.00" harmonicMeanSpeed="-1.00" length="-1.00" nVehEntered="0"/>
    <interval begin="42600.00" end="42700.00" id="inductionLoop.E3" nVehContrib="22" flow="792.00" occupancy="66.03" speed="10.84" harmonicMeanSpeed="0.77" length="5.00" nVehEntered="22"/>
    <interval begin="42700.00" end="42800.00" id="inductionLoop.E3" nVehContrib="0" flow="0.00" occupancy="100.00" speed="-1.00" harmonicMeanSpeed="-1.00" length="-1.00" nVehEntered="0"/>
    <interval begin="42800.00" end="42900.00" id="inductionLoop.E3" nVehContrib="28" flow="1008.00" occupancy="56.94" speed="11.03" harmonicMeanSpeed="0.72" length="5.00" nVehEntered="28"/>
    <interval begin="42900.00" end="43000.00" id="inductionLoop.E3" nVehContrib="0" flow="0.00" occupancy="100.00" speed="-1.00" harmonicMeanSpeed="-1.00" length="-1.00" nVehEntered="0"/>
    <interval begin="43000.00" end="43100.00" id="inductionLoop.E3" nVehContrib="31" flow="1116.00" occupancy="53.18" speed="10.76" harmonicMeanSpeed="1.05" length="5.00" nVehEntered="31"/>
    <interval begin="43100.00" end="43200.00" id="inductionLoop.E3" nVehContrib="0" flow="0.00" occupancy="100.00" speed="-1.00" harmonicMeanSpeed="-1.00" length="-1.00" nVehEntered="0"/>
    <interval begin="43200.00" end="43300.00" id="inductionLoop.E3" nVehContrib="21" flow="756.00" occupancy="68.78" speed="10.31" harmonicMeanSpeed="0.57" length="5.00" nVehEntered="20"/>
    <interval begin="43300.00" end="43400.00" id="inductionLoop.E3" nVehContrib="14" flow="504.00" occupancy="78.92" speed="12.46" harmonicMeanSpeed="12.26" length="5.00" nVehEntered="15"/>
    <interval begin="43400.00" end="43500.00" id="inductionLoop.E3" nVehContrib="18" flow="648.00" occupancy="70.61" speed="9.53" harmonicMeanSpeed="0.71" length="5.00" nVehEntered="18"/>
    <interval begin="43500.00" end="43600.00" id="inductionLoop.E3" nVehContrib="4" flow="144.00" occupancy="93.87" speed="4.26" harmonicMeanSpeed="0.18" length="5.00" nVehEntered="3"/>
    <interval begin="43600.00" end="43700.00" id="inductionLoop.E3" nVehContrib="11" flow="396.00" occupancy="81.84" speed="11.13" harmonicMeanSpeed="10.70" length="5.00" nVehEntered="12"/>
    <interval begin="43700.00" end="43800.00" id="inductionLoop.E3" nVehContrib="15" flow="540.00" occupancy="75.33" speed="9.12" harmonicMeanSpeed="0.83" length="5.00" nVehEntered="15"/>
    <interval begin="43800.00" end="43900.00" id="inductionLoop.E3" nVehContrib="20" flow="720.00" occupancy="69.21" speed="10.01" harmonicMeanSpeed="1.09" length="5.00" nVehEntered="20"/>
    <interval begin="43900.00" end="44000.00" id="inductionLoop.E3" nVehContrib="17" flow="612.00" occupancy="67.91" speed="9.60" harmonicMeanSpeed="1.00" length="5.00" nVehEntered="17"/>
    <interval begin="44000.00" end="44100.00" id="inductionLoop.E3" nVehContrib="16" flow="576.00" occupancy="58.17" speed="10.36" harmonicMeanSpeed="0.99" length="5.00" nVehEntered="15"/>
    <interval begin="44100.00" end="44200.00" id="inductionLoop.E3" nVehContrib="1" flow="36.00" occupancy="77.56" speed="3.26" harmonicMeanSpeed="3.26" length="5.00" nVehEntered="2"/>
    <interval begin="44200.00" end="44300.00" id="inductionLoop.E3" nVehContrib="15" flow="540.00" occupancy="16.26" speed="8.97" harmonicMeanSpeed="0.85" length="5.00" nVehEntered="15"/>
    <interval begin="44300.00" end="44400.00" id="inductionLoop.E3" nVehContrib="6" flow="216.00" occupancy="89.98" speed="5.56" harmonicMeanSpeed="0.32" length="5.00" nVehEntered="5"/>
    <interval begin="44400.00" end="44500.00" id="inductionLoop.E3" nVehContrib="16" flow="576.00" occupancy="29.25" speed="10.95" harmonicMeanSpeed="8.40" length="5.00" nVehEntered="17"/>
    <interval begin="44500.00" end="44600.00" id="inductionLoop.E3" nVehContrib="1" flow="36.00" occupancy="97.13" speed="0.04" harmonicMeanSpeed="0.04" length="5.00" nVehEntered="1"/>
    <interval begin="44600.00" end="44700.00" id="inductionLoop.E3" nVehContrib="13" flow="468.00" occupancy="22.88" speed="9.16" harmonicMeanSpeed="7.52" length="5.00" nVehEntered="13"/>
    <interval begin="44700.00" end="44800.00" id="inductionLoop.E3" nVehContrib="13" flow="468.00" occupancy="79.77" speed="9.30" harmonicMeanSpeed="0.68" length="5.00" nVehEntered="13"/>
    <interval begin="44800.00" end="44900.00" id="inductionLoop.E3" nVehContrib="7" flow="252.00" occupancy="26.84" speed="11.58" harmonicMeanSpeed="9.29" length="5.00" nVehEntered="7"/>
    <interval begin="44900.00" end="45000.00" id="inductionLoop.E3" nVehContrib="23" flow="828.00" occupancy="66.32" speed="11.59" harmonicMeanSpeed="1.29" length="5.00" nVehEntered="22"/>
    <interval begin="45000.00" end="45100.00" id="inductionLoop.E3" nVehContrib="2" flow="72.00" occupancy="47.18" speed="11.58" harmonicMeanSpeed="10.80" length="5.00" nVehEntered="3"/>
    <interval begin="45100.00" end="45200.00" id="inductionLoop.E3" nVehContrib="21" flow="756.00" occupancy="55.46" speed="10.22" harmonicMeanSpeed="1.03" length="5.00" nVehEntered="20"/>
    <interval begin="45200.00" end="45300.00" id="inductionLoop.E3" nVehContrib="1" flow="36.00" occupancy="72.03" speed="4.16" harmonicMeanSpeed="4.16" length="5.00" nVehEntered="2"/>
    <interval begin="45300.00" end="45400.00" id="inductionLoop.E3" nVehContrib="25" flow="900.00" occupancy="64.01" speed="10.85" harmonicMeanSpeed="0.93" length="5.00" nVehEntered="24"/>
    <interval begin="45400.00" end="45500.00" id="inductionLoop.E3" nVehContrib="4" flow="144.00" occupancy="57.96" speed="11.41" harmonicMeanSpeed="10.75" length="5.00" nVehEntered="5"/>
    <interval begin="45500.00" end="45600.00" id="inductionLoop.E3" nVehContrib="20" flow="720.00" occupancy="42.09" speed="10.14" harmonicMeanSpeed="1.02" length="5.00" nVehEntered="19"/>
    <interval begin="45600.00" end="45700.00" id="inductionLoop.E3" nVehContrib="1" flow="36.00" occupancy="95.67" speed="7.40" harmonicMeanSpeed="7.40" length="5.00" nVehEntered="2"/>
    <interval begin="45700.00" end="45800.00" id="inductionLoop.E3" nVehContrib="20" flow="720.00" occupancy="28.00" speed="10.61" harmonicMeanSpeed="0.81" length="5.00" nVehEntered="19"/>
    <interval begin="45800.00" end="45900.00" id="inductionLoop.E3" nVehContrib="1" flow="36.00" occupancy="82.65" speed="8.57" harmonicMeanSpeed="8.57" length="5.00" nVehEntered="2"/>
    <interval begin="45900.00" end="46000.00" id="inductionLoop.E3" nVehContrib="13" flow="468.00" occupancy="23.01" speed="8.87" harmonicMeanSpeed="0.62" length="5.00" nVehEntered="12"/>
    <interval begin="46000.00" end="46100.00" id="inductionLoop.E3" nVehContrib="1" flow="36.00" occupancy="79.48" speed="3.98" harmonicMeanSpeed="3.98" length="5.00" nVehEntered="2"/>
    <interval begin="46100.00" end="46200.00" id="inductionLoop.E3" nVehContrib="17" flow="612.00" occupancy="31.82" speed="10.25" harmonicMeanSpeed="0.77" length="5.00" nVehEntered="16"/>
    <interval begin="46200.00" end="46300.00" id="inductionLoop.E3" nVehContrib="2" flow="72.00" occupancy="90.96" speed="7.78" harmonicMeanSpeed="5.94" length="5.00" nVehEntered="3"/>
    <interval begin="46300.00" end="46400.00" id="inductionLoop.E3" nVehContrib="23" flow="828.00" occupancy="31.88" speed="10.87" harmonicMeanSpeed="1.03" length="5.00" nVehEntered="23"/>
    <interval begin="46400.00" end="46500.00" id="inductionLoop.E3" nVehContrib="0" flow="0.00" occupancy="100.00" speed="-1.00" harmonicMeanSpeed="-1.00" length="-1.00" nVehEntered="0"/>
    <interval begin="46500.00" end="46600.00" id="inductionLoop.E3" nVehContrib="26" flow="936.00" occupancy="49.07" speed="11.39" harmonicMeanSpeed="0.82" length="5.00" nVehEntered="25"/>
    <interval begin="46600.00" end="46700.00" id="inductionLoop.E3" nVehContrib="2" flow="72.00" occupancy="48.84" speed="4.15" harmonicMeanSpeed="3.99" length="5.00" nVehEntered="3"/>
    <interval begin="46700.00" end="46800.00" id="inductionLoop.E3" nVehContrib="8" flow="288.00" occupancy="40.32" speed="7.18" harmonicMeanSpeed="0.46" length="5.00" nVehEntered="7"/>
    <interval begin="46800.00" end="46900.00" id="inductionLoop.E3" nVehContrib="1" flow="36.00" occupancy="40.85" speed="8.04" harmonicMeanSpeed="8.04" length="5.00" nVehEntered="2"/>
    <interval begin="46900.00" end="47000.00" id="inductionLoop.E3" nVehContrib="21" flow="756.00" occupancy="67.28" speed="9.19" harmonicMeanSpeed="0.99" length="5.00" nVehEntered="21"/>
    <interval begin="47000.00" end="47100.00" id="inductionLoop.E3" nVehContrib="0" flow="0.00" occupancy="100.00" speed="-1.00" harmonicMeanSpeed="-1.00" length="-1.00" nVehEntered="0"/>
    <interval begin="47100.00" end="47200.00" id="inductionLoop.E3" nVehContrib="24" flow="864.00" occupancy="36.87" speed="10.63" harmonicMeanSpeed="0.95" length="5.00" nVehEntered="24"/>
    <interval begin="47200.00" end="47300.00" id="inductionLoop.E3" nVehContrib="16" flow="576.00" occupancy="71.63" speed="9.78" harmonicMeanSpeed="0.95" length="5.00" nVehEntered="15"/>
    <interval begin="47300.00" end="47400.00" id="inductionLoop.E3" nVehContrib="2" flow="72.00" occupancy="43.13" speed="12.32" harmonicMeanSpeed="11.42" length="5.00" nVehEntered="3"/>
    <interval begin="47400.00" end="47500.00" id="inductionLoop.E3" nVehContrib="23" flow="828.00" occupancy="62.85" speed="10.80" harmonicMeanSpeed="1.09" length="5.00" nVehEntered="22"/>
    <interval begin="47500.00" end="47600.00" id="inductionLoop.E3" nVehContrib="0" flow="0.00" occupancy="79.93" speed="-1.00" harmonicMeanSpeed="-1.00" length="-1.00" nVehEntered="1"/>
    <interval begin="47600.00" end="47700.00" id="inductionLoop.E3" nVehContrib="13" flow="468.00" occupancy="18.62" speed="8.28" harmonicMeanSpeed="0.70" length="5.00" nVehEntered="13"/>
    <interval begin="47700.00" end="47800.00" id="inductionLoop.E3" nVehContrib="10" flow="360.00" occupancy="54.97" speed="7.86" harmonicMeanSpeed="0.83" length="5.00" nVehEntered="9"/>
    <interval begin="47800.00" end="47900.00" id="inductionLoop.E3" nVehContrib="3" flow="108.00" occupancy="41.51" speed="10.95" harmonicMeanSpeed="10.77" length="5.00" nVehEntered="4"/>
    <interval begin="47900.00" end="48000.00" id="inductionLoop.E3" nVehContrib="14" flow="504.00" occupancy="62.95" speed="10.03" harmonicMeanSpeed="0.68" length="5.00" nVehEntered="13"/>
    <interval begin="48000.00" end="48100.00" id="inductionLoop.E3" nVehContrib="2" flow="72.00" occupancy="29.80" speed="8.96" harmonicMeanSpeed="6.65" length="5.00" nVehEntered="3"/>
    <interval begin="48100.00" end="48200.00" id="inductionLoop.E3" nVehContrib="12" flow="432.00" occupancy="81.98" speed="8.48" harmonicMeanSpeed="0.54" length="5.00" nVehEntered="11"/>
    <interval begin="48200.00" end="48300.00" id="inductionLoop.E3" nVehContrib="4" flow="144.00" occupancy="9.88" speed="12.83" harmonicMeanSpeed="12.24" length="5.00" nVehEntered="5"/>
    <interval begin="48300.00" end="48400.00" id="inductionLoop.E3" nVehContrib="0" flow="0.00" occupancy="100.00" speed="-1.00" harmonicMeanSpeed="-1.00" length="-1.00" nVehEntered="0"/>
    <interval begin="48400.00" end="48500.00" id="inductionLoop.E3" nVehContrib="12" flow="432.00" occupancy="15.70" speed="9.51" harmonicMeanSpeed="0.48" length="5.00" nVehEntered="12"/>
    <interval begin="48500.00" end="48600.00" id="inductionLoop.E3" nVehContrib="2" flow="72.00" occupancy="92.59" speed="10.47" harmonicMeanSpeed="10.25" length="5.00" nVehEntered="2"/>
    <interval begin="48600.00" end="48700.00" id="inductionLoop.E3" nVehContrib="21" flow="756.00" occupancy="68.62" speed="10.81" harmonicMeanSpeed="0.65" length="5.00" nVehEntered="20"/>
    <interval begin="48700.00" end="48800.00" id="inductionLoop.E3" nVehContrib="6" flow="216.00" occupancy="44.81" speed="11.66" harmonicMeanSpeed="9.16" length="5.00" nVehEntered="7"/>
    <interval begin="48800.00" end="48900.00" id="inductionLoop.E3" nVehContrib="6" flow="216.00" occupancy="90.10" speed="5.65" harmonicMeanSpeed="0.23" length="5.00" nVehEntered="5"/>
    <interval begin="48900.00" end="49000.00" id="inductionLoop.E3" nVehContrib="20" flow="720.00" occupancy="10.61" speed="12.57" harmonicMeanSpeed="9.42" length="5.00" nVehEntered="20"/>
    <interval begin="49000.00" end="49100.00" id="inductionLoop.E3" nVehContrib="6" flow="216.00" occupancy="4.66" speed="7.18" harmonicMeanSpeed="6.43" length="5.00" nVehEntered="6"/>
    <interval begin="49100.00" end="49200.00" id="inductionLoop.E3" nVehContrib="0" flow="0.00" occupancy="0.00" speed="-1.00" harmonicMeanSpeed="-1.00" length="-1.00" nVehEntered="0"/>
    <interval begin="49200.00" end="49300.00" id="inductionLoop.E3" nVehContrib="1" flow="36.00" occupancy="50.37" speed="4.07" harmonicMeanSpeed="4.07" length="5.00" nVehEntered="2"/>
    <interval begin="49300.00" end="49400.00" id="inductionLoop.E3" nVehContrib="0" flow="0.00" occupancy="100.00" speed="-1.00" harmonicMeanSpeed="-1.00" length="-1.00" nVehEntered="0"/>
    <interval begin="49400.00" end="49500.00" id="inductionLoop.E3" nVehContrib="11" flow="396.00" occupancy="23.36" speed="8.46" harmonicMeanSpeed="0.32" length="5.00" nVehEntered="10"/>
    <interval begin="49500.00" end="49600.00" id="inductionLoop.E3" nVehContrib="1" flow="36.00" occupancy="50.72" speed="8.96" harmonicMeanSpeed="8.96" length="5.00" nVehEntered="2"/>
    <interval begin="49600.00" end="49700.00" id="inductionLoop.E3" nVehContrib="3" flow="108.00" occupancy="95.48" speed="3.03" harmonicMeanSpeed="0.10" length="5.00" nVehEntered="2"/>
    <interval begin="49700.00" end="49800.00" id="inductionLoop.E3" nVehContrib="10" flow="360.00" occupancy="4.66" speed="11.16" harmonicMeanSpeed="10.73" length="5.00" nVehEntered="10"/>
    <interval begin="49800.00" end="49900.00" id="inductionLoop.E3" nVehContrib="1" flow="36.00" occupancy="48.56" speed="3.21" harmonicMeanSpeed="3.21" length="5.00" nVehEntered="2"/>
    <interval begin="49900.00" end="50000.00" id="inductionLoop.E3" nVehContrib="5" flow="180.00" occupancy="90.95" speed="4.66" harmonicMeanSpeed="0.18" length="5.00" nVehEntered="4"/>
    <interval begin="50000.00" end="50004.00" id="inductionLoop.E3" nVehContrib="2" flow="1800.00" occupancy="25.52" speed="9.89" harmonicMeanSpeed="9.80" length="5.00" nVehEntered="2"/>
</detector>
