<?xml version="1.0" encoding="UTF-8"?>

<!-- generated on 2023-07-31 23:07:06 by Eclipse SUMO sumo Version 1.12.0
<configuration xmlns:xsi="http://www.w3.org/2001/XMLSchema-instance" xsi:noNamespaceSchemaLocation="http://sumo.dlr.de/xsd/sumoConfiguration.xsd">

    <input>
        <net-file value="Data0-39/intersection.net.xml"/>
        <route-files value="Data0-39/intersection.rou.xml"/>
        <additional-files value="Data0-39/intersection.det.xml"/>
    </input>

    <output>
        <tripinfo-output value="Data0-39/tripinfo.xml"/>
    </output>

    <time>
        <begin value="0"/>
    </time>

    <processing>
        <time-to-teleport value="-1"/>
        <waiting-time-memory value="60000"/>
    </processing>

    <report>
        <verbose value="true"/>
        <no-step-log value="true"/>
    </report>

    <emissions>
        <device.emissions.probability value="1"/>
    </emissions>

    <traci_server>
        <remote-port value="47883"/>
    </traci_server>

    <gui_only>
        <gui-settings-file value="Data0-39/intersection.settings.xml"/>
    </gui_only>

</configuration>
-->

<detector xmlns:xsi="http://www.w3.org/2001/XMLSchema-instance" xsi:noNamespaceSchemaLocation="http://sumo.dlr.de/xsd/det_e1_file.xsd">
    <interval begin="0.00" end="100.00" id="inductionLoop.S1" nVehContrib="7" flow="252.00" occupancy="3.38" speed="10.72" harmonicMeanSpeed="10.34" length="5.00" nVehEntered="7"/>
    <interval begin="100.00" end="200.00" id="inductionLoop.S1" nVehContrib="10" flow="360.00" occupancy="59.76" speed="3.77" harmonicMeanSpeed="0.90" length="5.00" nVehEntered="12"/>
    <interval begin="200.00" end="300.00" id="inductionLoop.S1" nVehContrib="12" flow="432.00" occupancy="41.43" speed="8.75" harmonicMeanSpeed="1.48" length="5.00" nVehEntered="13"/>
    <interval begin="300.00" end="400.00" id="inductionLoop.S1" nVehContrib="12" flow="432.00" occupancy="58.88" speed="5.07" harmonicMeanSpeed="1.19" length="5.00" nVehEntered="13"/>
    <interval begin="400.00" end="500.00" id="inductionLoop.S1" nVehContrib="7" flow="252.00" occupancy="26.91" speed="5.21" harmonicMeanSpeed="2.31" length="5.00" nVehEntered="10"/>
    <interval begin="500.00" end="600.00" id="inductionLoop.S1" nVehContrib="12" flow="432.00" occupancy="22.66" speed="8.05" harmonicMeanSpeed="2.09" length="5.00" nVehEntered="12"/>
    <interval begin="600.00" end="700.00" id="inductionLoop.S1" nVehContrib="13" flow="468.00" occupancy="30.79" speed="5.78" harmonicMeanSpeed="2.43" length="5.00" nVehEntered="16"/>
    <interval begin="700.00" end="800.00" id="inductionLoop.S1" nVehContrib="10" flow="360.00" occupancy="60.33" speed="5.15" harmonicMeanSpeed="0.92" length="5.00" nVehEntered="10"/>
    <interval begin="800.00" end="900.00" id="inductionLoop.S1" nVehContrib="11" flow="396.00" occupancy="69.88" speed="4.48" harmonicMeanSpeed="0.71" length="5.00" nVehEntered="11"/>
    <interval begin="900.00" end="1000.00" id="inductionLoop.S1" nVehContrib="10" flow="360.00" occupancy="68.61" speed="4.52" harmonicMeanSpeed="1.00" length="5.00" nVehEntered="10"/>
    <interval begin="1000.00" end="1100.00" id="inductionLoop.S1" nVehContrib="11" flow="396.00" occupancy="17.38" speed="7.30" harmonicMeanSpeed="1.90" length="5.00" nVehEntered="11"/>
    <interval begin="1100.00" end="1200.00" id="inductionLoop.S1" nVehContrib="10" flow="360.00" occupancy="30.33" speed="6.30" harmonicMeanSpeed="1.26" length="5.00" nVehEntered="9"/>
    <interval begin="1200.00" end="1300.00" id="inductionLoop.S1" nVehContrib="15" flow="540.00" occupancy="19.57" speed="6.83" harmonicMeanSpeed="4.01" length="5.00" nVehEntered="16"/>
    <interval begin="1300.00" end="1400.00" id="inductionLoop.S1" nVehContrib="10" flow="360.00" occupancy="66.43" speed="5.83" harmonicMeanSpeed="0.76" length="5.00" nVehEntered="12"/>
    <interval begin="1400.00" end="1500.00" id="inductionLoop.S1" nVehContrib="14" flow="504.00" occupancy="52.17" speed="6.84" harmonicMeanSpeed="1.34" length="5.00" nVehEntered="13"/>
    <interval begin="1500.00" end="1600.00" id="inductionLoop.S1" nVehContrib="9" flow="324.00" occupancy="9.25" speed="8.70" harmonicMeanSpeed="6.89" length="5.00" nVehEntered="10"/>
    <interval begin="1600.00" end="1700.00" id="inductionLoop.S1" nVehContrib="11" flow="396.00" occupancy="14.76" speed="7.85" harmonicMeanSpeed="3.91" length="5.00" nVehEntered="15"/>
    <interval begin="1700.00" end="1800.00" id="inductionLoop.S1" nVehContrib="10" flow="360.00" occupancy="12.75" speed="8.10" harmonicMeanSpeed="4.06" length="5.00" nVehEntered="11"/>
    <interval begin="1800.00" end="1900.00" id="inductionLoop.S1" nVehContrib="10" flow="360.00" occupancy="14.33" speed="7.75" harmonicMeanSpeed="3.57" length="5.00" nVehEntered="12"/>
    <interval begin="1900.00" end="2000.00" id="inductionLoop.S1" nVehContrib="12" flow="432.00" occupancy="27.05" speed="9.57" harmonicMeanSpeed="2.22" length="5.00" nVehEntered="12"/>
    <interval begin="2000.00" end="2100.00" id="inductionLoop.S1" nVehContrib="10" flow="360.00" occupancy="26.69" speed="9.35" harmonicMeanSpeed="1.87" length="5.00" nVehEntered="10"/>
    <interval begin="2100.00" end="2200.00" id="inductionLoop.S1" nVehContrib="12" flow="432.00" occupancy="33.27" speed="7.30" harmonicMeanSpeed="1.83" length="5.00" nVehEntered="13"/>
    <interval begin="2200.00" end="2300.00" id="inductionLoop.S1" nVehContrib="11" flow="396.00" occupancy="30.13" speed="7.75" harmonicMeanSpeed="1.85" length="5.00" nVehEntered="12"/>
    <interval begin="2300.00" end="2400.00" id="inductionLoop.S1" nVehContrib="5" flow="180.00" occupancy="55.83" speed="6.43" harmonicMeanSpeed="0.54" length="5.00" nVehEntered="6"/>
    <interval begin="2400.00" end="2500.00" id="inductionLoop.S1" nVehContrib="11" flow="396.00" occupancy="9.80" speed="8.06" harmonicMeanSpeed="5.61" length="5.00" nVehEntered="11"/>
    <interval begin="2500.00" end="2600.00" id="inductionLoop.S1" nVehContrib="11" flow="396.00" occupancy="32.32" speed="5.06" harmonicMeanSpeed="1.70" length="5.00" nVehEntered="11"/>
    <interval begin="2600.00" end="2700.00" id="inductionLoop.S1" nVehContrib="13" flow="468.00" occupancy="18.71" speed="9.36" harmonicMeanSpeed="3.50" length="5.00" nVehEntered="14"/>
    <interval begin="2700.00" end="2800.00" id="inductionLoop.S1" nVehContrib="11" flow="396.00" occupancy="27.89" speed="5.56" harmonicMeanSpeed="2.38" length="5.00" nVehEntered="14"/>
    <interval begin="2800.00" end="2900.00" id="inductionLoop.S1" nVehContrib="5" flow="180.00" occupancy="34.87" speed="5.29" harmonicMeanSpeed="0.75" length="5.00" nVehEntered="7"/>
    <interval begin="2900.00" end="3000.00" id="inductionLoop.S1" nVehContrib="12" flow="432.00" occupancy="9.72" speed="8.41" harmonicMeanSpeed="5.70" length="5.00" nVehEntered="13"/>
    <interval begin="3000.00" end="3100.00" id="inductionLoop.S1" nVehContrib="14" flow="504.00" occupancy="22.16" speed="7.54" harmonicMeanSpeed="3.17" length="5.00" nVehEntered="15"/>
    <interval begin="3100.00" end="3200.00" id="inductionLoop.S1" nVehContrib="13" flow="468.00" occupancy="18.11" speed="8.54" harmonicMeanSpeed="3.59" length="5.00" nVehEntered="13"/>
    <interval begin="3200.00" end="3300.00" id="inductionLoop.S1" nVehContrib="11" flow="396.00" occupancy="15.20" speed="7.97" harmonicMeanSpeed="3.88" length="5.00" nVehEntered="12"/>
    <interval begin="3300.00" end="3400.00" id="inductionLoop.S1" nVehContrib="7" flow="252.00" occupancy="32.14" speed="6.79" harmonicMeanSpeed="1.24" length="5.00" nVehEntered="8"/>
    <interval begin="3400.00" end="3500.00" id="inductionLoop.S1" nVehContrib="9" flow="324.00" occupancy="6.81" speed="8.74" harmonicMeanSpeed="6.61" length="5.00" nVehEntered="9"/>
    <interval begin="3500.00" end="3600.00" id="inductionLoop.S1" nVehContrib="9" flow="324.00" occupancy="6.55" speed="9.21" harmonicMeanSpeed="8.07" length="5.00" nVehEntered="11"/>
    <interval begin="3600.00" end="3700.00" id="inductionLoop.S1" nVehContrib="10" flow="360.00" occupancy="9.93" speed="10.71" harmonicMeanSpeed="10.33" length="5.00" nVehEntered="11"/>
    <interval begin="3700.00" end="3800.00" id="inductionLoop.S1" nVehContrib="7" flow="252.00" occupancy="14.71" speed="8.05" harmonicMeanSpeed="1.77" length="5.00" nVehEntered="6"/>
    <interval begin="3800.00" end="3900.00" id="inductionLoop.S1" nVehContrib="10" flow="360.00" occupancy="19.07" speed="6.51" harmonicMeanSpeed="4.71" length="5.00" nVehEntered="14"/>
    <interval begin="3900.00" end="4000.00" id="inductionLoop.S1" nVehContrib="10" flow="360.00" occupancy="9.53" speed="9.27" harmonicMeanSpeed="5.24" length="5.00" nVehEntered="10"/>
    <interval begin="4000.00" end="4100.00" id="inductionLoop.S1" nVehContrib="12" flow="432.00" occupancy="25.01" speed="8.56" harmonicMeanSpeed="2.53" length="5.00" nVehEntered="14"/>
    <interval begin="4100.00" end="4200.00" id="inductionLoop.S1" nVehContrib="12" flow="432.00" occupancy="18.27" speed="6.80" harmonicMeanSpeed="3.29" length="5.00" nVehEntered="13"/>
    <interval begin="4200.00" end="4300.00" id="inductionLoop.S1" nVehContrib="10" flow="360.00" occupancy="47.65" speed="5.11" harmonicMeanSpeed="1.05" length="5.00" nVehEntered="10"/>
    <interval begin="4300.00" end="4400.00" id="inductionLoop.S1" nVehContrib="11" flow="396.00" occupancy="10.77" speed="8.58" harmonicMeanSpeed="5.11" length="5.00" nVehEntered="11"/>
    <interval begin="4400.00" end="4500.00" id="inductionLoop.S1" nVehContrib="10" flow="360.00" occupancy="53.32" speed="6.95" harmonicMeanSpeed="0.94" length="5.00" nVehEntered="10"/>
    <interval begin="4500.00" end="4600.00" id="inductionLoop.S1" nVehContrib="10" flow="360.00" occupancy="9.16" speed="8.33" harmonicMeanSpeed="5.46" length="5.00" nVehEntered="10"/>
    <interval begin="4600.00" end="4700.00" id="inductionLoop.S1" nVehContrib="10" flow="360.00" occupancy="27.53" speed="9.41" harmonicMeanSpeed="1.82" length="5.00" nVehEntered="10"/>
    <interval begin="4700.00" end="4800.00" id="inductionLoop.S1" nVehContrib="10" flow="360.00" occupancy="13.98" speed="8.96" harmonicMeanSpeed="4.52" length="5.00" nVehEntered="13"/>
    <interval begin="4800.00" end="4900.00" id="inductionLoop.S1" nVehContrib="13" flow="468.00" occupancy="30.32" speed="6.85" harmonicMeanSpeed="2.15" length="5.00" nVehEntered="14"/>
    <interval begin="4900.00" end="5000.00" id="inductionLoop.S1" nVehContrib="6" flow="216.00" occupancy="7.81" speed="8.46" harmonicMeanSpeed="5.73" length="5.00" nVehEntered="7"/>
    <interval begin="5000.00" end="5100.00" id="inductionLoop.S1" nVehContrib="8" flow="288.00" occupancy="8.54" speed="8.82" harmonicMeanSpeed="5.07" length="5.00" nVehEntered="10"/>
    <interval begin="5100.00" end="5200.00" id="inductionLoop.S1" nVehContrib="6" flow="216.00" occupancy="7.32" speed="9.49" harmonicMeanSpeed="8.25" length="5.00" nVehEntered="10"/>
    <interval begin="5200.00" end="5300.00" id="inductionLoop.S1" nVehContrib="14" flow="504.00" occupancy="13.52" speed="9.71" harmonicMeanSpeed="5.18" length="5.00" nVehEntered="14"/>
    <interval begin="5300.00" end="5400.00" id="inductionLoop.S1" nVehContrib="12" flow="432.00" occupancy="33.25" speed="7.11" harmonicMeanSpeed="1.82" length="5.00" nVehEntered="13"/>
    <interval begin="5400.00" end="5500.00" id="inductionLoop.S1" nVehContrib="9" flow="324.00" occupancy="34.04" speed="7.01" harmonicMeanSpeed="1.33" length="5.00" nVehEntered="10"/>
    <interval begin="5500.00" end="5600.00" id="inductionLoop.S1" nVehContrib="11" flow="396.00" occupancy="19.19" speed="7.26" harmonicMeanSpeed="2.87" length="5.00" nVehEntered="11"/>
    <interval begin="5600.00" end="5700.00" id="inductionLoop.S1" nVehContrib="14" flow="504.00" occupancy="24.03" speed="7.59" harmonicMeanSpeed="3.17" length="5.00" nVehEntered="16"/>
    <interval begin="5700.00" end="5800.00" id="inductionLoop.S1" nVehContrib="8" flow="288.00" occupancy="27.67" speed="8.42" harmonicMeanSpeed="1.45" length="5.00" nVehEntered="8"/>
    <interval begin="5800.00" end="5900.00" id="inductionLoop.S1" nVehContrib="9" flow="324.00" occupancy="6.10" speed="8.82" harmonicMeanSpeed="7.57" length="5.00" nVehEntered="10"/>
    <interval begin="5900.00" end="6000.00" id="inductionLoop.S1" nVehContrib="7" flow="252.00" occupancy="17.28" speed="8.83" harmonicMeanSpeed="2.07" length="5.00" nVehEntered="8"/>
    <interval begin="6000.00" end="6100.00" id="inductionLoop.S1" nVehContrib="10" flow="360.00" occupancy="4.73" speed="11.10" harmonicMeanSpeed="10.82" length="5.00" nVehEntered="10"/>
    <interval begin="6100.00" end="6200.00" id="inductionLoop.S1" nVehContrib="6" flow="216.00" occupancy="3.38" speed="11.15" harmonicMeanSpeed="10.57" length="5.00" nVehEntered="7"/>
    <interval begin="6200.00" end="6300.00" id="inductionLoop.S1" nVehContrib="10" flow="360.00" occupancy="5.35" speed="11.01" harmonicMeanSpeed="10.64" length="5.00" nVehEntered="14"/>
    <interval begin="6300.00" end="6400.00" id="inductionLoop.S1" nVehContrib="10" flow="360.00" occupancy="11.48" speed="7.41" harmonicMeanSpeed="4.77" length="5.00" nVehEntered="10"/>
    <interval begin="6400.00" end="6500.00" id="inductionLoop.S1" nVehContrib="10" flow="360.00" occupancy="7.47" speed="8.75" harmonicMeanSpeed="6.69" length="5.00" nVehEntered="10"/>
    <interval begin="6500.00" end="6600.00" id="inductionLoop.S1" nVehContrib="10" flow="360.00" occupancy="8.49" speed="9.38" harmonicMeanSpeed="5.89" length="5.00" nVehEntered="10"/>
    <interval begin="6600.00" end="6700.00" id="inductionLoop.S1" nVehContrib="10" flow="360.00" occupancy="12.32" speed="8.03" harmonicMeanSpeed="6.47" length="5.00" nVehEntered="12"/>
    <interval begin="6700.00" end="6800.00" id="inductionLoop.S1" nVehContrib="7" flow="252.00" occupancy="30.71" speed="6.10" harmonicMeanSpeed="4.29" length="5.00" nVehEntered="9"/>
    <interval begin="6800.00" end="6900.00" id="inductionLoop.S1" nVehContrib="10" flow="360.00" occupancy="45.25" speed="4.83" harmonicMeanSpeed="0.77" length="5.00" nVehEntered="9"/>
    <interval begin="6900.00" end="7000.00" id="inductionLoop.S1" nVehContrib="8" flow="288.00" occupancy="9.08" speed="9.43" harmonicMeanSpeed="4.72" length="5.00" nVehEntered="10"/>
    <interval begin="7000.00" end="7100.00" id="inductionLoop.S1" nVehContrib="9" flow="324.00" occupancy="5.70" speed="10.53" harmonicMeanSpeed="7.90" length="5.00" nVehEntered="9"/>
    <interval begin="7100.00" end="7200.00" id="inductionLoop.S1" nVehContrib="4" flow="144.00" occupancy="2.33" speed="10.64" harmonicMeanSpeed="10.43" length="5.00" nVehEntered="6"/>
    <interval begin="7200.00" end="7300.00" id="inductionLoop.S1" nVehContrib="4" flow="144.00" occupancy="2.13" speed="11.31" harmonicMeanSpeed="10.74" length="5.00" nVehEntered="5"/>
    <interval begin="7300.00" end="7400.00" id="inductionLoop.S1" nVehContrib="9" flow="324.00" occupancy="4.24" speed="11.16" harmonicMeanSpeed="10.80" length="5.00" nVehEntered="10"/>
    <interval begin="7400.00" end="7500.00" id="inductionLoop.S1" nVehContrib="5" flow="180.00" occupancy="2.56" speed="11.89" harmonicMeanSpeed="11.34" length="5.00" nVehEntered="6"/>
    <interval begin="7500.00" end="7600.00" id="inductionLoop.S1" nVehContrib="2" flow="72.00" occupancy="0.77" speed="13.06" harmonicMeanSpeed="12.97" length="5.00" nVehEntered="2"/>
    <interval begin="7600.00" end="7700.00" id="inductionLoop.S1" nVehContrib="8" flow="288.00" occupancy="3.59" speed="11.59" harmonicMeanSpeed="11.23" length="5.00" nVehEntered="9"/>
    <interval begin="7700.00" end="7800.00" id="inductionLoop.S1" nVehContrib="8" flow="288.00" occupancy="26.47" speed="9.07" harmonicMeanSpeed="1.51" length="5.00" nVehEntered="8"/>
    <interval begin="7800.00" end="7900.00" id="inductionLoop.S1" nVehContrib="9" flow="324.00" occupancy="8.85" speed="9.24" harmonicMeanSpeed="5.36" length="5.00" nVehEntered="10"/>
    <interval begin="7900.00" end="8000.00" id="inductionLoop.S1" nVehContrib="10" flow="360.00" occupancy="5.11" speed="11.00" harmonicMeanSpeed="10.71" length="5.00" nVehEntered="12"/>
    <interval begin="8000.00" end="8100.00" id="inductionLoop.S1" nVehContrib="13" flow="468.00" occupancy="7.33" speed="10.31" harmonicMeanSpeed="9.12" length="5.00" nVehEntered="14"/>
    <interval begin="8100.00" end="8200.00" id="inductionLoop.S1" nVehContrib="5" flow="180.00" occupancy="2.34" speed="10.79" harmonicMeanSpeed="10.70" length="5.00" nVehEntered="5"/>
    <interval begin="8200.00" end="8300.00" id="inductionLoop.S1" nVehContrib="11" flow="396.00" occupancy="5.51" speed="11.29" harmonicMeanSpeed="9.98" length="5.00" nVehEntered="11"/>
    <interval begin="8300.00" end="8400.00" id="inductionLoop.S1" nVehContrib="11" flow="396.00" occupancy="10.13" speed="8.53" harmonicMeanSpeed="5.94" length="5.00" nVehEntered="12"/>
    <interval begin="8400.00" end="8500.00" id="inductionLoop.S1" nVehContrib="10" flow="360.00" occupancy="20.36" speed="9.72" harmonicMeanSpeed="3.84" length="5.00" nVehEntered="13"/>
    <interval begin="8500.00" end="8600.00" id="inductionLoop.S1" nVehContrib="11" flow="396.00" occupancy="21.01" speed="5.91" harmonicMeanSpeed="2.14" length="5.00" nVehEntered="12"/>
    <interval begin="8600.00" end="8700.00" id="inductionLoop.S1" nVehContrib="11" flow="396.00" occupancy="9.72" speed="8.13" harmonicMeanSpeed="6.16" length="5.00" nVehEntered="13"/>
    <interval begin="8700.00" end="8800.00" id="inductionLoop.S1" nVehContrib="11" flow="396.00" occupancy="11.79" speed="9.50" harmonicMeanSpeed="5.35" length="5.00" nVehEntered="14"/>
    <interval begin="8800.00" end="8900.00" id="inductionLoop.S1" nVehContrib="8" flow="288.00" occupancy="3.72" speed="11.12" harmonicMeanSpeed="10.76" length="5.00" nVehEntered="8"/>
    <interval begin="8900.00" end="9000.00" id="inductionLoop.S1" nVehContrib="9" flow="324.00" occupancy="19.26" speed="8.25" harmonicMeanSpeed="2.34" length="5.00" nVehEntered="9"/>
    <interval begin="9000.00" end="9100.00" id="inductionLoop.S1" nVehContrib="8" flow="288.00" occupancy="4.50" speed="11.31" harmonicMeanSpeed="8.89" length="5.00" nVehEntered="8"/>
    <interval begin="9100.00" end="9200.00" id="inductionLoop.S1" nVehContrib="12" flow="432.00" occupancy="6.13" speed="10.55" harmonicMeanSpeed="9.79" length="5.00" nVehEntered="12"/>
    <interval begin="9200.00" end="9300.00" id="inductionLoop.S1" nVehContrib="9" flow="324.00" occupancy="6.71" speed="10.51" harmonicMeanSpeed="9.11" length="5.00" nVehEntered="14"/>
    <interval begin="9300.00" end="9400.00" id="inductionLoop.S1" nVehContrib="10" flow="360.00" occupancy="4.60" speed="11.13" harmonicMeanSpeed="10.87" length="5.00" nVehEntered="10"/>
    <interval begin="9400.00" end="9500.00" id="inductionLoop.S1" nVehContrib="10" flow="360.00" occupancy="6.97" speed="8.63" harmonicMeanSpeed="7.58" length="5.00" nVehEntered="11"/>
    <interval begin="9500.00" end="9600.00" id="inductionLoop.S1" nVehContrib="9" flow="324.00" occupancy="4.16" speed="11.02" harmonicMeanSpeed="10.82" length="5.00" nVehEntered="9"/>
    <interval begin="9600.00" end="9700.00" id="inductionLoop.S1" nVehContrib="6" flow="216.00" occupancy="2.50" speed="12.21" harmonicMeanSpeed="11.98" length="5.00" nVehEntered="6"/>
    <interval begin="9700.00" end="9800.00" id="inductionLoop.S1" nVehContrib="10" flow="360.00" occupancy="5.20" speed="10.37" harmonicMeanSpeed="9.92" length="5.00" nVehEntered="12"/>
    <interval begin="9800.00" end="9900.00" id="inductionLoop.S1" nVehContrib="8" flow="288.00" occupancy="4.63" speed="10.18" harmonicMeanSpeed="8.64" length="5.00" nVehEntered="8"/>
    <interval begin="9900.00" end="10000.00" id="inductionLoop.S1" nVehContrib="6" flow="216.00" occupancy="10.14" speed="7.00" harmonicMeanSpeed="3.15" length="5.00" nVehEntered="8"/>
    <interval begin="10000.00" end="10100.00" id="inductionLoop.S1" nVehContrib="9" flow="324.00" occupancy="5.31" speed="10.22" harmonicMeanSpeed="9.57" length="5.00" nVehEntered="10"/>
    <interval begin="10100.00" end="10200.00" id="inductionLoop.S1" nVehContrib="10" flow="360.00" occupancy="5.32" speed="11.39" harmonicMeanSpeed="11.04" length="5.00" nVehEntered="13"/>
    <interval begin="10200.00" end="10300.00" id="inductionLoop.S1" nVehContrib="7" flow="252.00" occupancy="5.65" speed="11.07" harmonicMeanSpeed="10.65" length="5.00" nVehEntered="7"/>
    <interval begin="10300.00" end="10400.00" id="inductionLoop.S1" nVehContrib="6" flow="216.00" occupancy="3.32" speed="11.48" harmonicMeanSpeed="9.03" length="5.00" nVehEntered="6"/>
    <interval begin="10400.00" end="10500.00" id="inductionLoop.S1" nVehContrib="7" flow="252.00" occupancy="4.13" speed="10.58" harmonicMeanSpeed="8.47" length="5.00" nVehEntered="7"/>
    <interval begin="10500.00" end="10600.00" id="inductionLoop.S1" nVehContrib="10" flow="360.00" occupancy="5.22" speed="10.72" harmonicMeanSpeed="9.84" length="5.00" nVehEntered="11"/>
    <interval begin="10600.00" end="10700.00" id="inductionLoop.S1" nVehContrib="5" flow="180.00" occupancy="2.27" speed="12.18" harmonicMeanSpeed="11.91" length="5.00" nVehEntered="6"/>
    <interval begin="10700.00" end="10800.00" id="inductionLoop.S1" nVehContrib="7" flow="252.00" occupancy="3.22" speed="11.14" harmonicMeanSpeed="10.89" length="5.00" nVehEntered="7"/>
    <interval begin="10800.00" end="10900.00" id="inductionLoop.S1" nVehContrib="6" flow="216.00" occupancy="2.52" speed="12.14" harmonicMeanSpeed="11.88" length="5.00" nVehEntered="6"/>
    <interval begin="10900.00" end="11000.00" id="inductionLoop.S1" nVehContrib="2" flow="72.00" occupancy="0.78" speed="12.90" harmonicMeanSpeed="12.85" length="5.00" nVehEntered="2"/>
    <interval begin="11000.00" end="11100.00" id="inductionLoop.S1" nVehContrib="3" flow="108.00" occupancy="1.36" speed="12.86" harmonicMeanSpeed="12.81" length="5.00" nVehEntered="4"/>
    <interval begin="11100.00" end="11200.00" id="inductionLoop.S1" nVehContrib="5" flow="180.00" occupancy="2.68" speed="10.76" harmonicMeanSpeed="9.33" length="5.00" nVehEntered="5"/>
    <interval begin="11200.00" end="11300.00" id="inductionLoop.S1" nVehContrib="8" flow="288.00" occupancy="3.25" speed="12.49" harmonicMeanSpeed="12.29" length="5.00" nVehEntered="8"/>
    <interval begin="11300.00" end="11400.00" id="inductionLoop.S1" nVehContrib="2" flow="72.00" occupancy="0.80" speed="12.47" harmonicMeanSpeed="12.45" length="5.00" nVehEntered="2"/>
    <interval begin="11400.00" end="11500.00" id="inductionLoop.S1" nVehContrib="6" flow="216.00" occupancy="2.84" speed="10.97" harmonicMeanSpeed="10.56" length="5.00" nVehEntered="6"/>
    <interval begin="11500.00" end="11600.00" id="inductionLoop.S1" nVehContrib="6" flow="216.00" occupancy="3.23" speed="11.61" harmonicMeanSpeed="11.27" length="5.00" nVehEntered="8"/>
    <interval begin="11600.00" end="11700.00" id="inductionLoop.S1" nVehContrib="9" flow="324.00" occupancy="4.07" speed="11.42" harmonicMeanSpeed="11.07" length="5.00" nVehEntered="9"/>
    <interval begin="11700.00" end="11800.00" id="inductionLoop.S1" nVehContrib="6" flow="216.00" occupancy="2.90" speed="11.82" harmonicMeanSpeed="11.61" length="5.00" nVehEntered="7"/>
    <interval begin="11800.00" end="11900.00" id="inductionLoop.S1" nVehContrib="6" flow="216.00" occupancy="2.96" speed="10.90" harmonicMeanSpeed="10.12" length="5.00" nVehEntered="6"/>
    <interval begin="11900.00" end="12000.00" id="inductionLoop.S1" nVehContrib="6" flow="216.00" occupancy="2.53" speed="12.00" harmonicMeanSpeed="11.84" length="5.00" nVehEntered="6"/>
    <interval begin="12000.00" end="12100.00" id="inductionLoop.S1" nVehContrib="6" flow="216.00" occupancy="2.81" speed="10.97" harmonicMeanSpeed="10.67" length="5.00" nVehEntered="6"/>
    <interval begin="12100.00" end="12200.00" id="inductionLoop.S1" nVehContrib="3" flow="108.00" occupancy="1.21" speed="12.37" harmonicMeanSpeed="12.37" length="5.00" nVehEntered="3"/>
    <interval begin="12200.00" end="12300.00" id="inductionLoop.S1" nVehContrib="5" flow="180.00" occupancy="2.25" speed="12.95" harmonicMeanSpeed="12.81" length="5.00" nVehEntered="6"/>
    <interval begin="12300.00" end="12400.00" id="inductionLoop.S1" nVehContrib="4" flow="144.00" occupancy="2.29" speed="10.40" harmonicMeanSpeed="8.75" length="5.00" nVehEntered="4"/>
    <interval begin="12400.00" end="12500.00" id="inductionLoop.S1" nVehContrib="7" flow="252.00" occupancy="4.45" speed="10.18" harmonicMeanSpeed="8.50" length="5.00" nVehEntered="8"/>
    <interval begin="12500.00" end="12600.00" id="inductionLoop.S1" nVehContrib="11" flow="396.00" occupancy="6.09" speed="10.47" harmonicMeanSpeed="9.06" length="5.00" nVehEntered="12"/>
    <interval begin="12600.00" end="12700.00" id="inductionLoop.S1" nVehContrib="7" flow="252.00" occupancy="2.99" speed="11.96" harmonicMeanSpeed="11.69" length="5.00" nVehEntered="7"/>
    <interval begin="12700.00" end="12800.00" id="inductionLoop.S1" nVehContrib="11" flow="396.00" occupancy="5.56" speed="10.99" harmonicMeanSpeed="10.68" length="5.00" nVehEntered="12"/>
    <interval begin="12800.00" end="12900.00" id="inductionLoop.S1" nVehContrib="7" flow="252.00" occupancy="3.49" speed="12.36" harmonicMeanSpeed="12.09" length="5.00" nVehEntered="9"/>
    <interval begin="12900.00" end="13000.00" id="inductionLoop.S1" nVehContrib="6" flow="216.00" occupancy="2.49" speed="12.09" harmonicMeanSpeed="12.05" length="5.00" nVehEntered="6"/>
    <interval begin="13000.00" end="13100.00" id="inductionLoop.S1" nVehContrib="7" flow="252.00" occupancy="9.93" speed="10.12" harmonicMeanSpeed="3.53" length="5.00" nVehEntered="7"/>
    <interval begin="13100.00" end="13200.00" id="inductionLoop.S1" nVehContrib="6" flow="216.00" occupancy="2.66" speed="11.63" harmonicMeanSpeed="11.29" length="5.00" nVehEntered="6"/>
    <interval begin="13200.00" end="13300.00" id="inductionLoop.S1" nVehContrib="4" flow="144.00" occupancy="1.72" speed="11.72" harmonicMeanSpeed="11.60" length="5.00" nVehEntered="4"/>
    <interval begin="13300.00" end="13400.00" id="inductionLoop.S1" nVehContrib="6" flow="216.00" occupancy="2.62" speed="11.50" harmonicMeanSpeed="11.43" length="5.00" nVehEntered="6"/>
    <interval begin="13400.00" end="13500.00" id="inductionLoop.S1" nVehContrib="7" flow="252.00" occupancy="2.92" speed="12.13" harmonicMeanSpeed="11.98" length="5.00" nVehEntered="7"/>
    <interval begin="13500.00" end="13600.00" id="inductionLoop.S1" nVehContrib="3" flow="108.00" occupancy="1.15" speed="13.14" harmonicMeanSpeed="13.13" length="5.00" nVehEntered="4"/>
    <interval begin="13600.00" end="13700.00" id="inductionLoop.S1" nVehContrib="6" flow="216.00" occupancy="5.69" speed="10.75" harmonicMeanSpeed="10.11" length="5.00" nVehEntered="7"/>
    <interval begin="13700.00" end="13800.00" id="inductionLoop.S1" nVehContrib="6" flow="216.00" occupancy="2.64" speed="11.45" harmonicMeanSpeed="11.37" length="5.00" nVehEntered="6"/>
    <interval begin="13800.00" end="13900.00" id="inductionLoop.S1" nVehContrib="8" flow="288.00" occupancy="4.27" speed="11.55" harmonicMeanSpeed="9.36" length="5.00" nVehEntered="8"/>
    <interval begin="13900.00" end="14000.00" id="inductionLoop.S1" nVehContrib="6" flow="216.00" occupancy="3.71" speed="10.59" harmonicMeanSpeed="8.10" length="5.00" nVehEntered="6"/>
    <interval begin="14000.00" end="14100.00" id="inductionLoop.S1" nVehContrib="4" flow="144.00" occupancy="2.25" speed="10.75" harmonicMeanSpeed="10.26" length="5.00" nVehEntered="5"/>
    <interval begin="14100.00" end="14200.00" id="inductionLoop.S1" nVehContrib="9" flow="324.00" occupancy="6.13" speed="9.53" harmonicMeanSpeed="7.36" length="5.00" nVehEntered="10"/>
    <interval begin="14200.00" end="14300.00" id="inductionLoop.S1" nVehContrib="7" flow="252.00" occupancy="3.02" speed="12.46" harmonicMeanSpeed="12.31" length="5.00" nVehEntered="8"/>
    <interval begin="14300.00" end="14400.00" id="inductionLoop.S1" nVehContrib="6" flow="216.00" occupancy="6.31" speed="8.51" harmonicMeanSpeed="4.76" length="5.00" nVehEntered="6"/>
    <interval begin="14400.00" end="14500.00" id="inductionLoop.S1" nVehContrib="7" flow="252.00" occupancy="3.34" speed="11.47" harmonicMeanSpeed="11.36" length="5.00" nVehEntered="8"/>
    <interval begin="14500.00" end="14600.00" id="inductionLoop.S1" nVehContrib="6" flow="216.00" occupancy="4.63" speed="8.73" harmonicMeanSpeed="6.48" length="5.00" nVehEntered="6"/>
    <interval begin="14600.00" end="14700.00" id="inductionLoop.S1" nVehContrib="7" flow="252.00" occupancy="3.76" speed="10.69" harmonicMeanSpeed="10.21" length="5.00" nVehEntered="8"/>
    <interval begin="14700.00" end="14800.00" id="inductionLoop.S1" nVehContrib="5" flow="180.00" occupancy="2.81" speed="10.77" harmonicMeanSpeed="9.01" length="5.00" nVehEntered="6"/>
    <interval begin="14800.00" end="14900.00" id="inductionLoop.S1" nVehContrib="10" flow="360.00" occupancy="7.82" speed="10.77" harmonicMeanSpeed="9.39" length="5.00" nVehEntered="11"/>
    <interval begin="14900.00" end="15000.00" id="inductionLoop.S1" nVehContrib="9" flow="324.00" occupancy="32.29" speed="6.13" harmonicMeanSpeed="1.58" length="5.00" nVehEntered="11"/>
    <interval begin="15000.00" end="15100.00" id="inductionLoop.S1" nVehContrib="6" flow="216.00" occupancy="3.25" speed="10.96" harmonicMeanSpeed="10.57" length="5.00" nVehEntered="8"/>
    <interval begin="15100.00" end="15200.00" id="inductionLoop.S1" nVehContrib="9" flow="324.00" occupancy="3.90" speed="11.32" harmonicMeanSpeed="10.97" length="5.00" nVehEntered="8"/>
    <interval begin="15200.00" end="15300.00" id="inductionLoop.S1" nVehContrib="10" flow="360.00" occupancy="4.65" speed="11.02" harmonicMeanSpeed="10.75" length="5.00" nVehEntered="10"/>
    <interval begin="15300.00" end="15400.00" id="inductionLoop.S1" nVehContrib="4" flow="144.00" occupancy="3.07" speed="8.57" harmonicMeanSpeed="6.52" length="5.00" nVehEntered="4"/>
    <interval begin="15400.00" end="15500.00" id="inductionLoop.S1" nVehContrib="4" flow="144.00" occupancy="2.59" speed="12.03" harmonicMeanSpeed="11.99" length="5.00" nVehEntered="6"/>
    <interval begin="15500.00" end="15600.00" id="inductionLoop.S1" nVehContrib="4" flow="144.00" occupancy="1.87" speed="10.84" harmonicMeanSpeed="10.71" length="5.00" nVehEntered="4"/>
    <interval begin="15600.00" end="15700.00" id="inductionLoop.S1" nVehContrib="7" flow="252.00" occupancy="3.00" speed="11.96" harmonicMeanSpeed="11.65" length="5.00" nVehEntered="7"/>
    <interval begin="15700.00" end="15800.00" id="inductionLoop.S1" nVehContrib="9" flow="324.00" occupancy="4.50" speed="10.75" harmonicMeanSpeed="10.53" length="5.00" nVehEntered="10"/>
    <interval begin="15800.00" end="15900.00" id="inductionLoop.S1" nVehContrib="7" flow="252.00" occupancy="4.74" speed="8.78" harmonicMeanSpeed="7.38" length="5.00" nVehEntered="7"/>
    <interval begin="15900.00" end="16000.00" id="inductionLoop.S1" nVehContrib="7" flow="252.00" occupancy="3.55" speed="10.80" harmonicMeanSpeed="9.86" length="5.00" nVehEntered="7"/>
    <interval begin="16000.00" end="16100.00" id="inductionLoop.S1" nVehContrib="12" flow="432.00" occupancy="19.29" speed="8.05" harmonicMeanSpeed="3.11" length="5.00" nVehEntered="12"/>
    <interval begin="16100.00" end="16200.00" id="inductionLoop.S1" nVehContrib="9" flow="324.00" occupancy="25.67" speed="5.76" harmonicMeanSpeed="1.76" length="5.00" nVehEntered="10"/>
    <interval begin="16200.00" end="16300.00" id="inductionLoop.S1" nVehContrib="4" flow="144.00" occupancy="2.24" speed="9.54" harmonicMeanSpeed="9.26" length="5.00" nVehEntered="5"/>
    <interval begin="16300.00" end="16400.00" id="inductionLoop.S1" nVehContrib="4" flow="144.00" occupancy="2.68" speed="9.86" harmonicMeanSpeed="9.78" length="5.00" nVehEntered="7"/>
    <interval begin="16400.00" end="16500.00" id="inductionLoop.S1" nVehContrib="5" flow="180.00" occupancy="3.65" speed="10.65" harmonicMeanSpeed="8.27" length="5.00" nVehEntered="7"/>
    <interval begin="16500.00" end="16600.00" id="inductionLoop.S1" nVehContrib="6" flow="216.00" occupancy="16.00" speed="6.66" harmonicMeanSpeed="5.26" length="5.00" nVehEntered="9"/>
    <interval begin="16600.00" end="16700.00" id="inductionLoop.S1" nVehContrib="9" flow="324.00" occupancy="6.14" speed="8.81" harmonicMeanSpeed="7.83" length="5.00" nVehEntered="10"/>
    <interval begin="16700.00" end="16800.00" id="inductionLoop.S1" nVehContrib="10" flow="360.00" occupancy="5.57" speed="9.37" harmonicMeanSpeed="8.98" length="5.00" nVehEntered="10"/>
    <interval begin="16800.00" end="16900.00" id="inductionLoop.S1" nVehContrib="9" flow="324.00" occupancy="17.15" speed="7.60" harmonicMeanSpeed="3.08" length="5.00" nVehEntered="10"/>
    <interval begin="16900.00" end="17000.00" id="inductionLoop.S1" nVehContrib="6" flow="216.00" occupancy="3.24" speed="11.48" harmonicMeanSpeed="11.30" length="5.00" nVehEntered="8"/>
    <interval begin="17000.00" end="17100.00" id="inductionLoop.S1" nVehContrib="6" flow="216.00" occupancy="2.76" speed="9.62" harmonicMeanSpeed="9.53" length="5.00" nVehEntered="5"/>
    <interval begin="17100.00" end="17200.00" id="inductionLoop.S1" nVehContrib="4" flow="144.00" occupancy="1.72" speed="11.89" harmonicMeanSpeed="11.66" length="5.00" nVehEntered="4"/>
    <interval begin="17200.00" end="17300.00" id="inductionLoop.S1" nVehContrib="5" flow="180.00" occupancy="2.36" speed="10.97" harmonicMeanSpeed="10.60" length="5.00" nVehEntered="5"/>
    <interval begin="17300.00" end="17400.00" id="inductionLoop.S1" nVehContrib="7" flow="252.00" occupancy="4.87" speed="8.45" harmonicMeanSpeed="7.18" length="5.00" nVehEntered="7"/>
    <interval begin="17400.00" end="17500.00" id="inductionLoop.S1" nVehContrib="9" flow="324.00" occupancy="5.52" speed="9.97" harmonicMeanSpeed="9.61" length="5.00" nVehEntered="10"/>
    <interval begin="17500.00" end="17600.00" id="inductionLoop.S1" nVehContrib="6" flow="216.00" occupancy="12.90" speed="6.37" harmonicMeanSpeed="3.15" length="5.00" nVehEntered="10"/>
    <interval begin="17600.00" end="17700.00" id="inductionLoop.S1" nVehContrib="7" flow="252.00" occupancy="46.26" speed="3.68" harmonicMeanSpeed="0.74" length="5.00" nVehEntered="6"/>
    <interval begin="17700.00" end="17800.00" id="inductionLoop.S1" nVehContrib="4" flow="144.00" occupancy="32.36" speed="5.18" harmonicMeanSpeed="0.62" length="5.00" nVehEntered="5"/>
    <interval begin="17800.00" end="17900.00" id="inductionLoop.S1" nVehContrib="5" flow="180.00" occupancy="2.18" speed="11.56" harmonicMeanSpeed="11.47" length="5.00" nVehEntered="5"/>
    <interval begin="17900.00" end="18000.00" id="inductionLoop.S1" nVehContrib="3" flow="108.00" occupancy="2.04" speed="11.89" harmonicMeanSpeed="11.85" length="5.00" nVehEntered="5"/>
    <interval begin="18000.00" end="18100.00" id="inductionLoop.S1" nVehContrib="9" flow="324.00" occupancy="12.93" speed="8.17" harmonicMeanSpeed="3.63" length="5.00" nVehEntered="10"/>
    <interval begin="18100.00" end="18200.00" id="inductionLoop.S1" nVehContrib="8" flow="288.00" occupancy="68.65" speed="4.77" harmonicMeanSpeed="1.06" length="5.00" nVehEntered="9"/>
    <interval begin="18200.00" end="18300.00" id="inductionLoop.S1" nVehContrib="8" flow="288.00" occupancy="53.74" speed="6.85" harmonicMeanSpeed="0.47" length="5.00" nVehEntered="7"/>
    <interval begin="18300.00" end="18400.00" id="inductionLoop.S1" nVehContrib="6" flow="216.00" occupancy="4.82" speed="8.20" harmonicMeanSpeed="6.94" length="5.00" nVehEntered="7"/>
    <interval begin="18400.00" end="18500.00" id="inductionLoop.S1" nVehContrib="5" flow="180.00" occupancy="3.33" speed="10.80" harmonicMeanSpeed="10.55" length="5.00" nVehEntered="6"/>
    <interval begin="18500.00" end="18600.00" id="inductionLoop.S1" nVehContrib="7" flow="252.00" occupancy="5.05" speed="8.80" harmonicMeanSpeed="6.93" length="5.00" nVehEntered="7"/>
    <interval begin="18600.00" end="18700.00" id="inductionLoop.S1" nVehContrib="5" flow="180.00" occupancy="18.70" speed="3.29" harmonicMeanSpeed="1.37" length="5.00" nVehEntered="6"/>
    <interval begin="18700.00" end="18800.00" id="inductionLoop.S1" nVehContrib="6" flow="216.00" occupancy="11.63" speed="9.27" harmonicMeanSpeed="2.74" length="5.00" nVehEntered="7"/>
    <interval begin="18800.00" end="18900.00" id="inductionLoop.S1" nVehContrib="9" flow="324.00" occupancy="30.23" speed="7.00" harmonicMeanSpeed="2.99" length="5.00" nVehEntered="11"/>
    <interval begin="18900.00" end="19000.00" id="inductionLoop.S1" nVehContrib="9" flow="324.00" occupancy="55.80" speed="5.70" harmonicMeanSpeed="0.65" length="5.00" nVehEntered="9"/>
    <interval begin="19000.00" end="19100.00" id="inductionLoop.S1" nVehContrib="3" flow="108.00" occupancy="6.25" speed="4.67" harmonicMeanSpeed="2.40" length="5.00" nVehEntered="3"/>
    <interval begin="19100.00" end="19200.00" id="inductionLoop.S1" nVehContrib="6" flow="216.00" occupancy="9.87" speed="10.29" harmonicMeanSpeed="3.20" length="5.00" nVehEntered="7"/>
    <interval begin="19200.00" end="19300.00" id="inductionLoop.S1" nVehContrib="9" flow="324.00" occupancy="6.60" speed="9.82" harmonicMeanSpeed="8.46" length="5.00" nVehEntered="11"/>
    <interval begin="19300.00" end="19400.00" id="inductionLoop.S1" nVehContrib="7" flow="252.00" occupancy="5.81" speed="7.38" harmonicMeanSpeed="6.03" length="5.00" nVehEntered="7"/>
    <interval begin="19400.00" end="19500.00" id="inductionLoop.S1" nVehContrib="7" flow="252.00" occupancy="4.22" speed="9.43" harmonicMeanSpeed="8.29" length="5.00" nVehEntered="7"/>
    <interval begin="19500.00" end="19600.00" id="inductionLoop.S1" nVehContrib="6" flow="216.00" occupancy="9.20" speed="8.62" harmonicMeanSpeed="3.72" length="5.00" nVehEntered="7"/>
    <interval begin="19600.00" end="19700.00" id="inductionLoop.S1" nVehContrib="6" flow="216.00" occupancy="31.09" speed="5.32" harmonicMeanSpeed="1.01" length="5.00" nVehEntered="7"/>
    <interval begin="19700.00" end="19800.00" id="inductionLoop.S1" nVehContrib="5" flow="180.00" occupancy="35.05" speed="3.29" harmonicMeanSpeed="0.71" length="5.00" nVehEntered="5"/>
    <interval begin="19800.00" end="19900.00" id="inductionLoop.S1" nVehContrib="7" flow="252.00" occupancy="19.41" speed="7.16" harmonicMeanSpeed="1.88" length="5.00" nVehEntered="9"/>
    <interval begin="19900.00" end="20000.00" id="inductionLoop.S1" nVehContrib="8" flow="288.00" occupancy="3.77" speed="10.80" harmonicMeanSpeed="10.60" length="5.00" nVehEntered="8"/>
    <interval begin="20000.00" end="20100.00" id="inductionLoop.S1" nVehContrib="8" flow="288.00" occupancy="39.55" speed="4.06" harmonicMeanSpeed="1.03" length="5.00" nVehEntered="10"/>
    <interval begin="20100.00" end="20200.00" id="inductionLoop.S1" nVehContrib="10" flow="360.00" occupancy="17.62" speed="6.70" harmonicMeanSpeed="2.92" length="5.00" nVehEntered="12"/>
    <interval begin="20200.00" end="20300.00" id="inductionLoop.S1" nVehContrib="9" flow="324.00" occupancy="4.31" speed="10.94" harmonicMeanSpeed="10.57" length="5.00" nVehEntered="10"/>
    <interval begin="20300.00" end="20400.00" id="inductionLoop.S1" nVehContrib="7" flow="252.00" occupancy="6.66" speed="8.63" harmonicMeanSpeed="6.59" length="5.00" nVehEntered="8"/>
    <interval begin="20400.00" end="20500.00" id="inductionLoop.S1" nVehContrib="8" flow="288.00" occupancy="36.40" speed="4.67" harmonicMeanSpeed="1.10" length="5.00" nVehEntered="8"/>
    <interval begin="20500.00" end="20600.00" id="inductionLoop.S1" nVehContrib="9" flow="324.00" occupancy="19.92" speed="5.50" harmonicMeanSpeed="2.30" length="5.00" nVehEntered="10"/>
    <interval begin="20600.00" end="20700.00" id="inductionLoop.S1" nVehContrib="5" flow="180.00" occupancy="61.04" speed="3.19" harmonicMeanSpeed="0.46" length="5.00" nVehEntered="7"/>
    <interval begin="20700.00" end="20800.00" id="inductionLoop.S1" nVehContrib="9" flow="324.00" occupancy="56.06" speed="6.00" harmonicMeanSpeed="1.12" length="5.00" nVehEntered="10"/>
    <interval begin="20800.00" end="20900.00" id="inductionLoop.S1" nVehContrib="7" flow="252.00" occupancy="86.11" speed="3.94" harmonicMeanSpeed="0.41" length="5.00" nVehEntered="7"/>
    <interval begin="20900.00" end="21000.00" id="inductionLoop.S1" nVehContrib="11" flow="396.00" occupancy="75.06" speed="4.75" harmonicMeanSpeed="1.98" length="5.00" nVehEntered="12"/>
    <interval begin="21000.00" end="21100.00" id="inductionLoop.S1" nVehContrib="10" flow="360.00" occupancy="64.15" speed="4.06" harmonicMeanSpeed="1.00" length="5.00" nVehEntered="12"/>
    <interval begin="21100.00" end="21200.00" id="inductionLoop.S1" nVehContrib="9" flow="324.00" occupancy="72.94" speed="3.38" harmonicMeanSpeed="0.53" length="5.00" nVehEntered="8"/>
    <interval begin="21200.00" end="21300.00" id="inductionLoop.S1" nVehContrib="3" flow="108.00" occupancy="66.11" speed="1.30" harmonicMeanSpeed="0.35" length="5.00" nVehEntered="4"/>
    <interval begin="21300.00" end="21400.00" id="inductionLoop.S1" nVehContrib="14" flow="504.00" occupancy="35.63" speed="6.76" harmonicMeanSpeed="1.24" length="5.00" nVehEntered="15"/>
    <interval begin="21400.00" end="21500.00" id="inductionLoop.S1" nVehContrib="9" flow="324.00" occupancy="47.29" speed="7.43" harmonicMeanSpeed="1.59" length="5.00" nVehEntered="10"/>
    <interval begin="21500.00" end="21600.00" id="inductionLoop.S1" nVehContrib="7" flow="252.00" occupancy="69.11" speed="3.66" harmonicMeanSpeed="0.40" length="5.00" nVehEntered="6"/>
    <interval begin="21600.00" end="21700.00" id="inductionLoop.S1" nVehContrib="5" flow="180.00" occupancy="75.60" speed="1.70" harmonicMeanSpeed="0.34" length="5.00" nVehEntered="6"/>
    <interval begin="21700.00" end="21800.00" id="inductionLoop.S1" nVehContrib="6" flow="216.00" occupancy="63.31" speed="4.11" harmonicMeanSpeed="1.28" length="5.00" nVehEntered="11"/>
    <interval begin="21800.00" end="21900.00" id="inductionLoop.S1" nVehContrib="12" flow="432.00" occupancy="71.80" speed="5.53" harmonicMeanSpeed="0.56" length="5.00" nVehEntered="11"/>
    <interval begin="21900.00" end="22000.00" id="inductionLoop.S1" nVehContrib="2" flow="72.00" occupancy="90.54" speed="0.28" harmonicMeanSpeed="0.22" length="5.00" nVehEntered="4"/>
    <interval begin="22000.00" end="22100.00" id="inductionLoop.S1" nVehContrib="9" flow="324.00" occupancy="82.04" speed="3.11" harmonicMeanSpeed="0.36" length="5.00" nVehEntered="8"/>
    <interval begin="22100.00" end="22200.00" id="inductionLoop.S1" nVehContrib="9" flow="324.00" occupancy="82.88" speed="5.24" harmonicMeanSpeed="0.73" length="5.00" nVehEntered="10"/>
    <interval begin="22200.00" end="22300.00" id="inductionLoop.S1" nVehContrib="6" flow="216.00" occupancy="87.98" speed="3.85" harmonicMeanSpeed="0.31" length="5.00" nVehEntered="6"/>
    <interval begin="22300.00" end="22400.00" id="inductionLoop.S1" nVehContrib="6" flow="216.00" occupancy="86.71" speed="2.12" harmonicMeanSpeed="0.35" length="5.00" nVehEntered="6"/>
    <interval begin="22400.00" end="22500.00" id="inductionLoop.S1" nVehContrib="5" flow="180.00" occupancy="89.24" speed="2.50" harmonicMeanSpeed="0.39" length="5.00" nVehEntered="5"/>
    <interval begin="22500.00" end="22600.00" id="inductionLoop.S1" nVehContrib="15" flow="540.00" occupancy="75.32" speed="6.40" harmonicMeanSpeed="0.66" length="5.00" nVehEntered="14"/>
    <interval begin="22600.00" end="22700.00" id="inductionLoop.S1" nVehContrib="9" flow="324.00" occupancy="81.57" speed="4.92" harmonicMeanSpeed="0.63" length="5.00" nVehEntered="10"/>
    <interval begin="22700.00" end="22800.00" id="inductionLoop.S1" nVehContrib="9" flow="324.00" occupancy="82.76" speed="5.25" harmonicMeanSpeed="0.71" length="5.00" nVehEntered="9"/>
    <interval begin="22800.00" end="22900.00" id="inductionLoop.S1" nVehContrib="15" flow="540.00" occupancy="74.77" speed="9.54" harmonicMeanSpeed="1.27" length="5.00" nVehEntered="15"/>
    <interval begin="22900.00" end="23000.00" id="inductionLoop.S1" nVehContrib="7" flow="252.00" occupancy="86.05" speed="3.66" harmonicMeanSpeed="0.27" length="5.00" nVehEntered="6"/>
    <interval begin="23000.00" end="23100.00" id="inductionLoop.S1" nVehContrib="9" flow="324.00" occupancy="83.66" speed="5.42" harmonicMeanSpeed="0.67" length="5.00" nVehEntered="10"/>
    <interval begin="23100.00" end="23200.00" id="inductionLoop.S1" nVehContrib="9" flow="324.00" occupancy="82.69" speed="4.61" harmonicMeanSpeed="0.54" length="5.00" nVehEntered="9"/>
    <interval begin="23200.00" end="23300.00" id="inductionLoop.S1" nVehContrib="4" flow="144.00" occupancy="92.70" speed="4.23" harmonicMeanSpeed="0.41" length="5.00" nVehEntered="4"/>
    <interval begin="23300.00" end="23400.00" id="inductionLoop.S1" nVehContrib="14" flow="504.00" occupancy="67.89" speed="7.47" harmonicMeanSpeed="0.55" length="5.00" nVehEntered="13"/>
    <interval begin="23400.00" end="23500.00" id="inductionLoop.S1" nVehContrib="9" flow="324.00" occupancy="83.75" speed="6.16" harmonicMeanSpeed="0.54" length="5.00" nVehEntered="10"/>
    <interval begin="23500.00" end="23600.00" id="inductionLoop.S1" nVehContrib="9" flow="324.00" occupancy="84.28" speed="6.76" harmonicMeanSpeed="0.77" length="5.00" nVehEntered="9"/>
    <interval begin="23600.00" end="23700.00" id="inductionLoop.S1" nVehContrib="13" flow="468.00" occupancy="63.66" speed="5.48" harmonicMeanSpeed="0.75" length="5.00" nVehEntered="14"/>
    <interval begin="23700.00" end="23800.00" id="inductionLoop.S1" nVehContrib="8" flow="288.00" occupancy="65.31" speed="5.68" harmonicMeanSpeed="0.83" length="5.00" nVehEntered="9"/>
    <interval begin="23800.00" end="23900.00" id="inductionLoop.S1" nVehContrib="12" flow="432.00" occupancy="28.61" speed="6.86" harmonicMeanSpeed="1.52" length="5.00" nVehEntered="13"/>
    <interval begin="23900.00" end="24000.00" id="inductionLoop.S1" nVehContrib="7" flow="252.00" occupancy="79.55" speed="4.40" harmonicMeanSpeed="0.44" length="5.00" nVehEntered="7"/>
    <interval begin="24000.00" end="24100.00" id="inductionLoop.S1" nVehContrib="7" flow="252.00" occupancy="67.78" speed="4.50" harmonicMeanSpeed="0.62" length="5.00" nVehEntered="7"/>
    <interval begin="24100.00" end="24200.00" id="inductionLoop.S1" nVehContrib="6" flow="216.00" occupancy="82.31" speed="1.69" harmonicMeanSpeed="0.35" length="5.00" nVehEntered="6"/>
    <interval begin="24200.00" end="24300.00" id="inductionLoop.S1" nVehContrib="8" flow="288.00" occupancy="83.02" speed="2.50" harmonicMeanSpeed="0.41" length="5.00" nVehEntered="7"/>
    <interval begin="24300.00" end="24400.00" id="inductionLoop.S1" nVehContrib="13" flow="468.00" occupancy="74.31" speed="4.23" harmonicMeanSpeed="0.98" length="5.00" nVehEntered="14"/>
    <interval begin="24400.00" end="24500.00" id="inductionLoop.S1" nVehContrib="5" flow="180.00" occupancy="89.36" speed="3.18" harmonicMeanSpeed="0.42" length="5.00" nVehEntered="5"/>
    <interval begin="24500.00" end="24600.00" id="inductionLoop.S1" nVehContrib="7" flow="252.00" occupancy="54.45" speed="3.95" harmonicMeanSpeed="0.39" length="5.00" nVehEntered="8"/>
    <interval begin="24600.00" end="24700.00" id="inductionLoop.S1" nVehContrib="7" flow="252.00" occupancy="69.96" speed="6.01" harmonicMeanSpeed="0.62" length="5.00" nVehEntered="10"/>
    <interval begin="24700.00" end="24800.00" id="inductionLoop.S1" nVehContrib="10" flow="360.00" occupancy="81.40" speed="4.73" harmonicMeanSpeed="0.66" length="5.00" nVehEntered="10"/>
    <interval begin="24800.00" end="24900.00" id="inductionLoop.S1" nVehContrib="6" flow="216.00" occupancy="88.08" speed="4.22" harmonicMeanSpeed="0.41" length="5.00" nVehEntered="6"/>
    <interval begin="24900.00" end="25000.00" id="inductionLoop.S1" nVehContrib="15" flow="540.00" occupancy="74.48" speed="6.66" harmonicMeanSpeed="0.70" length="5.00" nVehEntered="14"/>
    <interval begin="25000.00" end="25100.00" id="inductionLoop.S1" nVehContrib="10" flow="360.00" occupancy="81.86" speed="7.29" harmonicMeanSpeed="0.75" length="5.00" nVehEntered="11"/>
    <interval begin="25100.00" end="25200.00" id="inductionLoop.S1" nVehContrib="4" flow="144.00" occupancy="91.71" speed="2.36" harmonicMeanSpeed="0.24" length="5.00" nVehEntered="4"/>
    <interval begin="25200.00" end="25300.00" id="inductionLoop.S1" nVehContrib="12" flow="432.00" occupancy="80.90" speed="7.85" harmonicMeanSpeed="1.27" length="5.00" nVehEntered="12"/>
    <interval begin="25300.00" end="25400.00" id="inductionLoop.S1" nVehContrib="15" flow="540.00" occupancy="75.09" speed="5.97" harmonicMeanSpeed="0.57" length="5.00" nVehEntered="14"/>
    <interval begin="25400.00" end="25500.00" id="inductionLoop.S1" nVehContrib="14" flow="504.00" occupancy="73.96" speed="7.74" harmonicMeanSpeed="0.98" length="5.00" nVehEntered="15"/>
    <interval begin="25500.00" end="25600.00" id="inductionLoop.S1" nVehContrib="7" flow="252.00" occupancy="89.62" speed="6.46" harmonicMeanSpeed="0.38" length="5.00" nVehEntered="6"/>
    <interval begin="25600.00" end="25700.00" id="inductionLoop.S1" nVehContrib="15" flow="540.00" occupancy="75.05" speed="8.09" harmonicMeanSpeed="1.02" length="5.00" nVehEntered="16"/>
    <interval begin="25700.00" end="25800.00" id="inductionLoop.S1" nVehContrib="8" flow="288.00" occupancy="86.91" speed="6.57" harmonicMeanSpeed="0.48" length="5.00" nVehEntered="8"/>
    <interval begin="25800.00" end="25900.00" id="inductionLoop.S1" nVehContrib="5" flow="180.00" occupancy="89.36" speed="3.36" harmonicMeanSpeed="0.31" length="5.00" nVehEntered="5"/>
    <interval begin="25900.00" end="26000.00" id="inductionLoop.S1" nVehContrib="17" flow="612.00" occupancy="70.95" speed="7.13" harmonicMeanSpeed="1.07" length="5.00" nVehEntered="17"/>
    <interval begin="26000.00" end="26100.00" id="inductionLoop.S1" nVehContrib="8" flow="288.00" occupancy="85.57" speed="5.10" harmonicMeanSpeed="0.61" length="5.00" nVehEntered="8"/>
    <interval begin="26100.00" end="26200.00" id="inductionLoop.S1" nVehContrib="6" flow="216.00" occupancy="87.47" speed="2.69" harmonicMeanSpeed="0.29" length="5.00" nVehEntered="6"/>
    <interval begin="26200.00" end="26300.00" id="inductionLoop.S1" nVehContrib="9" flow="324.00" occupancy="83.02" speed="3.44" harmonicMeanSpeed="0.60" length="5.00" nVehEntered="9"/>
    <interval begin="26300.00" end="26400.00" id="inductionLoop.S1" nVehContrib="13" flow="468.00" occupancy="77.54" speed="5.41" harmonicMeanSpeed="1.00" length="5.00" nVehEntered="13"/>
    <interval begin="26400.00" end="26500.00" id="inductionLoop.S1" nVehContrib="9" flow="324.00" occupancy="81.91" speed="4.34" harmonicMeanSpeed="0.41" length="5.00" nVehEntered="9"/>
    <interval begin="26500.00" end="26600.00" id="inductionLoop.S1" nVehContrib="10" flow="360.00" occupancy="81.70" speed="7.70" harmonicMeanSpeed="0.62" length="5.00" nVehEntered="10"/>
    <interval begin="26600.00" end="26700.00" id="inductionLoop.S1" nVehContrib="16" flow="576.00" occupancy="72.35" speed="5.02" harmonicMeanSpeed="1.09" length="5.00" nVehEntered="15"/>
    <interval begin="26700.00" end="26800.00" id="inductionLoop.S1" nVehContrib="12" flow="432.00" occupancy="78.30" speed="8.20" harmonicMeanSpeed="1.11" length="5.00" nVehEntered="13"/>
    <interval begin="26800.00" end="26900.00" id="inductionLoop.S1" nVehContrib="7" flow="252.00" occupancy="88.12" speed="3.36" harmonicMeanSpeed="0.31" length="5.00" nVehEntered="6"/>
    <interval begin="26900.00" end="27000.00" id="inductionLoop.S1" nVehContrib="9" flow="324.00" occupancy="81.98" speed="3.95" harmonicMeanSpeed="0.71" length="5.00" nVehEntered="10"/>
    <interval begin="27000.00" end="27100.00" id="inductionLoop.S1" nVehContrib="5" flow="180.00" occupancy="66.60" speed="3.30" harmonicMeanSpeed="0.29" length="5.00" nVehEntered="4"/>
    <interval begin="27100.00" end="27200.00" id="inductionLoop.S1" nVehContrib="6" flow="216.00" occupancy="49.66" speed="6.88" harmonicMeanSpeed="2.93" length="5.00" nVehEntered="8"/>
    <interval begin="27200.00" end="27300.00" id="inductionLoop.S1" nVehContrib="10" flow="360.00" occupancy="52.86" speed="3.66" harmonicMeanSpeed="0.62" length="5.00" nVehEntered="10"/>
    <interval begin="27300.00" end="27400.00" id="inductionLoop.S1" nVehContrib="11" flow="396.00" occupancy="56.90" speed="5.64" harmonicMeanSpeed="0.84" length="5.00" nVehEntered="11"/>
    <interval begin="27400.00" end="27500.00" id="inductionLoop.S1" nVehContrib="11" flow="396.00" occupancy="73.48" speed="4.51" harmonicMeanSpeed="0.83" length="5.00" nVehEntered="12"/>
    <interval begin="27500.00" end="27600.00" id="inductionLoop.S1" nVehContrib="8" flow="288.00" occupancy="75.20" speed="5.90" harmonicMeanSpeed="0.74" length="5.00" nVehEntered="9"/>
    <interval begin="27600.00" end="27700.00" id="inductionLoop.S1" nVehContrib="10" flow="360.00" occupancy="80.30" speed="3.73" harmonicMeanSpeed="0.49" length="5.00" nVehEntered="10"/>
    <interval begin="27700.00" end="27800.00" id="inductionLoop.S1" nVehContrib="15" flow="540.00" occupancy="75.06" speed="7.42" harmonicMeanSpeed="0.98" length="5.00" nVehEntered="15"/>
    <interval begin="27800.00" end="27900.00" id="inductionLoop.S1" nVehContrib="6" flow="216.00" occupancy="88.14" speed="4.13" harmonicMeanSpeed="0.46" length="5.00" nVehEntered="6"/>
    <interval begin="27900.00" end="28000.00" id="inductionLoop.S1" nVehContrib="9" flow="324.00" occupancy="82.08" speed="4.16" harmonicMeanSpeed="0.55" length="5.00" nVehEntered="9"/>
    <interval begin="28000.00" end="28100.00" id="inductionLoop.S1" nVehContrib="16" flow="576.00" occupancy="72.33" speed="7.56" harmonicMeanSpeed="0.95" length="5.00" nVehEntered="16"/>
    <interval begin="28100.00" end="28200.00" id="inductionLoop.S1" nVehContrib="12" flow="432.00" occupancy="77.99" speed="4.60" harmonicMeanSpeed="0.65" length="5.00" nVehEntered="11"/>
    <interval begin="28200.00" end="28300.00" id="inductionLoop.S1" nVehContrib="11" flow="396.00" occupancy="78.10" speed="4.43" harmonicMeanSpeed="0.70" length="5.00" nVehEntered="11"/>
    <interval begin="28300.00" end="28400.00" id="inductionLoop.S1" nVehContrib="21" flow="756.00" occupancy="65.00" speed="8.50" harmonicMeanSpeed="1.62" length="5.00" nVehEntered="21"/>
    <interval begin="28400.00" end="28500.00" id="inductionLoop.S1" nVehContrib="21" flow="756.00" occupancy="64.80" speed="7.92" harmonicMeanSpeed="1.63" length="5.00" nVehEntered="22"/>
    <interval begin="28500.00" end="28600.00" id="inductionLoop.S1" nVehContrib="18" flow="648.00" occupancy="69.79" speed="7.33" harmonicMeanSpeed="1.29" length="5.00" nVehEntered="17"/>
    <interval begin="28600.00" end="28700.00" id="inductionLoop.S1" nVehContrib="23" flow="828.00" occupancy="64.58" speed="9.99" harmonicMeanSpeed="1.78" length="5.00" nVehEntered="23"/>
    <interval begin="28700.00" end="28800.00" id="inductionLoop.S1" nVehContrib="16" flow="576.00" occupancy="73.96" speed="8.62" harmonicMeanSpeed="1.37" length="5.00" nVehEntered="17"/>
    <interval begin="28800.00" end="28900.00" id="inductionLoop.S1" nVehContrib="16" flow="576.00" occupancy="72.57" speed="9.67" harmonicMeanSpeed="1.38" length="5.00" nVehEntered="16"/>
    <interval begin="28900.00" end="29000.00" id="inductionLoop.S1" nVehContrib="12" flow="432.00" occupancy="77.75" speed="6.84" harmonicMeanSpeed="0.81" length="5.00" nVehEntered="12"/>
    <interval begin="29000.00" end="29100.00" id="inductionLoop.S1" nVehContrib="7" flow="252.00" occupancy="84.63" speed="2.53" harmonicMeanSpeed="0.51" length="5.00" nVehEntered="7"/>
    <interval begin="29100.00" end="29200.00" id="inductionLoop.S1" nVehContrib="17" flow="612.00" occupancy="69.37" speed="5.62" harmonicMeanSpeed="0.71" length="5.00" nVehEntered="17"/>
    <interval begin="29200.00" end="29300.00" id="inductionLoop.S1" nVehContrib="13" flow="468.00" occupancy="77.07" speed="6.06" harmonicMeanSpeed="0.84" length="5.00" nVehEntered="12"/>
    <interval begin="29300.00" end="29400.00" id="inductionLoop.S1" nVehContrib="11" flow="396.00" occupancy="71.52" speed="5.47" harmonicMeanSpeed="1.03" length="5.00" nVehEntered="13"/>
    <interval begin="29400.00" end="29500.00" id="inductionLoop.S1" nVehContrib="8" flow="288.00" occupancy="85.42" speed="3.85" harmonicMeanSpeed="0.55" length="5.00" nVehEntered="8"/>
    <interval begin="29500.00" end="29600.00" id="inductionLoop.S1" nVehContrib="7" flow="252.00" occupancy="77.76" speed="3.76" harmonicMeanSpeed="0.38" length="5.00" nVehEntered="8"/>
    <interval begin="29600.00" end="29700.00" id="inductionLoop.S1" nVehContrib="10" flow="360.00" occupancy="44.11" speed="5.02" harmonicMeanSpeed="0.93" length="5.00" nVehEntered="10"/>
    <interval begin="29700.00" end="29800.00" id="inductionLoop.S1" nVehContrib="6" flow="216.00" occupancy="32.77" speed="3.38" harmonicMeanSpeed="0.92" length="5.00" nVehEntered="6"/>
    <interval begin="29800.00" end="29900.00" id="inductionLoop.S1" nVehContrib="2" flow="72.00" occupancy="1.10" speed="12.62" harmonicMeanSpeed="12.61" length="5.00" nVehEntered="3"/>
    <interval begin="29900.00" end="30000.00" id="inductionLoop.S1" nVehContrib="5" flow="180.00" occupancy="2.34" speed="10.73" harmonicMeanSpeed="10.67" length="5.00" nVehEntered="5"/>
    <interval begin="30000.00" end="30100.00" id="inductionLoop.S1" nVehContrib="8" flow="288.00" occupancy="4.39" speed="10.73" harmonicMeanSpeed="9.11" length="5.00" nVehEntered="8"/>
    <interval begin="30100.00" end="30200.00" id="inductionLoop.S1" nVehContrib="11" flow="396.00" occupancy="6.09" speed="10.60" harmonicMeanSpeed="9.03" length="5.00" nVehEntered="11"/>
    <interval begin="30200.00" end="30300.00" id="inductionLoop.S1" nVehContrib="7" flow="252.00" occupancy="4.14" speed="9.70" harmonicMeanSpeed="8.45" length="5.00" nVehEntered="7"/>
    <interval begin="30300.00" end="30400.00" id="inductionLoop.S1" nVehContrib="8" flow="288.00" occupancy="6.71" speed="7.35" harmonicMeanSpeed="5.96" length="5.00" nVehEntered="8"/>
    <interval begin="30400.00" end="30500.00" id="inductionLoop.S1" nVehContrib="6" flow="216.00" occupancy="8.68" speed="9.02" harmonicMeanSpeed="3.58" length="5.00" nVehEntered="7"/>
    <interval begin="30500.00" end="30600.00" id="inductionLoop.S1" nVehContrib="3" flow="108.00" occupancy="2.82" speed="9.31" harmonicMeanSpeed="6.35" length="5.00" nVehEntered="5"/>
    <interval begin="30600.00" end="30700.00" id="inductionLoop.S1" nVehContrib="2" flow="72.00" occupancy="0.74" speed="13.58" harmonicMeanSpeed="13.54" length="5.00" nVehEntered="2"/>
    <interval begin="30700.00" end="30800.00" id="inductionLoop.S1" nVehContrib="0" flow="0.00" occupancy="0.00" speed="-1.00" harmonicMeanSpeed="-1.00" length="-1.00" nVehEntered="0"/>
    <interval begin="30800.00" end="30900.00" id="inductionLoop.S1" nVehContrib="0" flow="0.00" occupancy="0.00" speed="-1.00" harmonicMeanSpeed="-1.00" length="-1.00" nVehEntered="0"/>
    <interval begin="30900.00" end="31000.00" id="inductionLoop.S1" nVehContrib="4" flow="144.00" occupancy="1.81" speed="11.54" harmonicMeanSpeed="11.07" length="5.00" nVehEntered="4"/>
    <interval begin="31000.00" end="31100.00" id="inductionLoop.S1" nVehContrib="7" flow="252.00" occupancy="3.43" speed="10.54" harmonicMeanSpeed="10.22" length="5.00" nVehEntered="7"/>
    <interval begin="31100.00" end="31200.00" id="inductionLoop.S1" nVehContrib="9" flow="324.00" occupancy="13.70" speed="8.21" harmonicMeanSpeed="3.71" length="5.00" nVehEntered="10"/>
    <interval begin="31200.00" end="31300.00" id="inductionLoop.S1" nVehContrib="16" flow="576.00" occupancy="49.93" speed="7.38" harmonicMeanSpeed="1.60" length="5.00" nVehEntered="16"/>
    <interval begin="31300.00" end="31400.00" id="inductionLoop.S1" nVehContrib="10" flow="360.00" occupancy="25.50" speed="7.04" harmonicMeanSpeed="2.37" length="5.00" nVehEntered="13"/>
    <interval begin="31400.00" end="31500.00" id="inductionLoop.S1" nVehContrib="10" flow="360.00" occupancy="44.38" speed="5.98" harmonicMeanSpeed="1.13" length="5.00" nVehEntered="10"/>
    <interval begin="31500.00" end="31600.00" id="inductionLoop.S1" nVehContrib="17" flow="612.00" occupancy="40.20" speed="7.75" harmonicMeanSpeed="2.14" length="5.00" nVehEntered="18"/>
    <interval begin="31600.00" end="31700.00" id="inductionLoop.S1" nVehContrib="11" flow="396.00" occupancy="8.85" speed="10.02" harmonicMeanSpeed="9.66" length="5.00" nVehEntered="13"/>
    <interval begin="31700.00" end="31800.00" id="inductionLoop.S1" nVehContrib="5" flow="180.00" occupancy="13.91" speed="7.23" harmonicMeanSpeed="2.34" length="5.00" nVehEntered="6"/>
    <interval begin="31800.00" end="31900.00" id="inductionLoop.S1" nVehContrib="9" flow="324.00" occupancy="14.07" speed="9.74" harmonicMeanSpeed="2.25" length="5.00" nVehEntered="9"/>
    <interval begin="31900.00" end="32000.00" id="inductionLoop.S1" nVehContrib="11" flow="396.00" occupancy="14.83" speed="10.19" harmonicMeanSpeed="3.71" length="5.00" nVehEntered="11"/>
    <interval begin="32000.00" end="32100.00" id="inductionLoop.S1" nVehContrib="6" flow="216.00" occupancy="3.60" speed="10.32" harmonicMeanSpeed="8.34" length="5.00" nVehEntered="6"/>
    <interval begin="32100.00" end="32200.00" id="inductionLoop.S1" nVehContrib="4" flow="144.00" occupancy="2.06" speed="12.00" harmonicMeanSpeed="11.92" length="5.00" nVehEntered="6"/>
    <interval begin="32200.00" end="32300.00" id="inductionLoop.S1" nVehContrib="8" flow="288.00" occupancy="3.96" speed="10.40" harmonicMeanSpeed="10.11" length="5.00" nVehEntered="8"/>
    <interval begin="32300.00" end="32400.00" id="inductionLoop.S1" nVehContrib="6" flow="216.00" occupancy="2.50" speed="12.33" harmonicMeanSpeed="11.98" length="5.00" nVehEntered="6"/>
    <interval begin="32400.00" end="32500.00" id="inductionLoop.S1" nVehContrib="5" flow="180.00" occupancy="15.06" speed="8.23" harmonicMeanSpeed="1.68" length="5.00" nVehEntered="6"/>
    <interval begin="32500.00" end="32600.00" id="inductionLoop.S1" nVehContrib="8" flow="288.00" occupancy="54.90" speed="6.70" harmonicMeanSpeed="1.54" length="5.00" nVehEntered="11"/>
    <interval begin="32600.00" end="32700.00" id="inductionLoop.S1" nVehContrib="14" flow="504.00" occupancy="57.66" speed="6.12" harmonicMeanSpeed="0.88" length="5.00" nVehEntered="15"/>
    <interval begin="32700.00" end="32800.00" id="inductionLoop.S1" nVehContrib="11" flow="396.00" occupancy="49.59" speed="4.33" harmonicMeanSpeed="1.05" length="5.00" nVehEntered="10"/>
    <interval begin="32800.00" end="32900.00" id="inductionLoop.S1" nVehContrib="0" flow="0.00" occupancy="0.01" speed="-1.00" harmonicMeanSpeed="-1.00" length="-1.00" nVehEntered="1"/>
    <interval begin="32900.00" end="33000.00" id="inductionLoop.S1" nVehContrib="3" flow="108.00" occupancy="1.26" speed="12.02" harmonicMeanSpeed="11.89" length="5.00" nVehEntered="3"/>
    <interval begin="33000.00" end="33100.00" id="inductionLoop.S1" nVehContrib="7" flow="252.00" occupancy="5.00" speed="11.52" harmonicMeanSpeed="11.15" length="5.00" nVehEntered="8"/>
    <interval begin="33100.00" end="33200.00" id="inductionLoop.S1" nVehContrib="15" flow="540.00" occupancy="40.45" speed="6.46" harmonicMeanSpeed="1.86" length="5.00" nVehEntered="16"/>
    <interval begin="33200.00" end="33300.00" id="inductionLoop.S1" nVehContrib="8" flow="288.00" occupancy="65.12" speed="4.64" harmonicMeanSpeed="0.62" length="5.00" nVehEntered="9"/>
    <interval begin="33300.00" end="33400.00" id="inductionLoop.S1" nVehContrib="10" flow="360.00" occupancy="76.95" speed="3.17" harmonicMeanSpeed="0.78" length="5.00" nVehEntered="11"/>
    <interval begin="33400.00" end="33500.00" id="inductionLoop.S1" nVehContrib="10" flow="360.00" occupancy="75.80" speed="5.16" harmonicMeanSpeed="0.67" length="5.00" nVehEntered="10"/>
    <interval begin="33500.00" end="33600.00" id="inductionLoop.S1" nVehContrib="14" flow="504.00" occupancy="58.60" speed="5.90" harmonicMeanSpeed="1.16" length="5.00" nVehEntered="16"/>
    <interval begin="33600.00" end="33700.00" id="inductionLoop.S1" nVehContrib="8" flow="288.00" occupancy="60.50" speed="3.98" harmonicMeanSpeed="0.65" length="5.00" nVehEntered="7"/>
    <interval begin="33700.00" end="33800.00" id="inductionLoop.S1" nVehContrib="5" flow="180.00" occupancy="14.95" speed="8.14" harmonicMeanSpeed="1.70" length="5.00" nVehEntered="6"/>
    <interval begin="33800.00" end="33900.00" id="inductionLoop.S1" nVehContrib="5" flow="180.00" occupancy="2.49" speed="11.23" harmonicMeanSpeed="10.73" length="5.00" nVehEntered="6"/>
    <interval begin="33900.00" end="34000.00" id="inductionLoop.S1" nVehContrib="9" flow="324.00" occupancy="4.15" speed="11.13" harmonicMeanSpeed="10.84" length="5.00" nVehEntered="9"/>
    <interval begin="34000.00" end="34100.00" id="inductionLoop.S1" nVehContrib="8" flow="288.00" occupancy="11.65" speed="8.38" harmonicMeanSpeed="3.43" length="5.00" nVehEntered="8"/>
    <interval begin="34100.00" end="34200.00" id="inductionLoop.S1" nVehContrib="7" flow="252.00" occupancy="3.56" speed="11.52" harmonicMeanSpeed="11.23" length="5.00" nVehEntered="8"/>
    <interval begin="34200.00" end="34300.00" id="inductionLoop.S1" nVehContrib="11" flow="396.00" occupancy="23.62" speed="6.31" harmonicMeanSpeed="2.36" length="5.00" nVehEntered="12"/>
    <interval begin="34300.00" end="34400.00" id="inductionLoop.S1" nVehContrib="9" flow="324.00" occupancy="20.52" speed="7.47" harmonicMeanSpeed="2.65" length="5.00" nVehEntered="10"/>
    <interval begin="34400.00" end="34500.00" id="inductionLoop.S1" nVehContrib="10" flow="360.00" occupancy="48.24" speed="6.84" harmonicMeanSpeed="0.99" length="5.00" nVehEntered="12"/>
    <interval begin="34500.00" end="34600.00" id="inductionLoop.S1" nVehContrib="10" flow="360.00" occupancy="51.42" speed="4.66" harmonicMeanSpeed="0.98" length="5.00" nVehEntered="11"/>
    <interval begin="34600.00" end="34700.00" id="inductionLoop.S1" nVehContrib="9" flow="324.00" occupancy="34.10" speed="6.35" harmonicMeanSpeed="5.76" length="5.00" nVehEntered="12"/>
    <interval begin="34700.00" end="34800.00" id="inductionLoop.S1" nVehContrib="9" flow="324.00" occupancy="40.95" speed="8.32" harmonicMeanSpeed="1.10" length="5.00" nVehEntered="9"/>
    <interval begin="34800.00" end="34900.00" id="inductionLoop.S1" nVehContrib="9" flow="324.00" occupancy="74.59" speed="3.02" harmonicMeanSpeed="0.76" length="5.00" nVehEntered="10"/>
    <interval begin="34900.00" end="35000.00" id="inductionLoop.S1" nVehContrib="7" flow="252.00" occupancy="79.86" speed="2.34" harmonicMeanSpeed="0.37" length="5.00" nVehEntered="7"/>
    <interval begin="35000.00" end="35100.00" id="inductionLoop.S1" nVehContrib="9" flow="324.00" occupancy="82.39" speed="2.87" harmonicMeanSpeed="0.54" length="5.00" nVehEntered="8"/>
    <interval begin="35100.00" end="35200.00" id="inductionLoop.S1" nVehContrib="17" flow="612.00" occupancy="68.21" speed="7.22" harmonicMeanSpeed="1.54" length="5.00" nVehEntered="18"/>
    <interval begin="35200.00" end="35300.00" id="inductionLoop.S1" nVehContrib="5" flow="180.00" occupancy="90.74" speed="4.94" harmonicMeanSpeed="0.35" length="5.00" nVehEntered="5"/>
    <interval begin="35300.00" end="35400.00" id="inductionLoop.S1" nVehContrib="7" flow="252.00" occupancy="85.20" speed="2.13" harmonicMeanSpeed="0.30" length="5.00" nVehEntered="7"/>
    <interval begin="35400.00" end="35500.00" id="inductionLoop.S1" nVehContrib="10" flow="360.00" occupancy="81.20" speed="5.48" harmonicMeanSpeed="0.67" length="5.00" nVehEntered="10"/>
    <interval begin="35500.00" end="35600.00" id="inductionLoop.S1" nVehContrib="1" flow="36.00" occupancy="3.70" speed="0.42" harmonicMeanSpeed="0.42" length="5.00" nVehEntered="1"/>
    <interval begin="35600.00" end="35700.00" id="inductionLoop.S1" nVehContrib="5" flow="180.00" occupancy="23.47" speed="6.66" harmonicMeanSpeed="2.99" length="5.00" nVehEntered="6"/>
    <interval begin="35700.00" end="35800.00" id="inductionLoop.S1" nVehContrib="9" flow="324.00" occupancy="6.41" speed="9.04" harmonicMeanSpeed="2.20" length="5.00" nVehEntered="11"/>
    <interval begin="35800.00" end="35900.00" id="inductionLoop.S1" nVehContrib="7" flow="252.00" occupancy="73.61" speed="3.60" harmonicMeanSpeed="0.54" length="5.00" nVehEntered="8"/>
    <interval begin="35900.00" end="36000.00" id="inductionLoop.S1" nVehContrib="14" flow="504.00" occupancy="76.13" speed="6.43" harmonicMeanSpeed="1.19" length="5.00" nVehEntered="14"/>
    <interval begin="36000.00" end="36100.00" id="inductionLoop.S1" nVehContrib="14" flow="504.00" occupancy="69.33" speed="6.50" harmonicMeanSpeed="0.75" length="5.00" nVehEntered="13"/>
    <interval begin="36100.00" end="36200.00" id="inductionLoop.S1" nVehContrib="0" flow="0.00" occupancy="0.00" speed="-1.00" harmonicMeanSpeed="-1.00" length="-1.00" nVehEntered="0"/>
    <interval begin="36200.00" end="36300.00" id="inductionLoop.S1" nVehContrib="2" flow="72.00" occupancy="0.83" speed="12.14" harmonicMeanSpeed="12.11" length="5.00" nVehEntered="2"/>
    <interval begin="36300.00" end="36400.00" id="inductionLoop.S1" nVehContrib="9" flow="324.00" occupancy="15.25" speed="9.76" harmonicMeanSpeed="5.79" length="5.00" nVehEntered="12"/>
    <interval begin="36400.00" end="36500.00" id="inductionLoop.S1" nVehContrib="6" flow="216.00" occupancy="87.38" speed="2.40" harmonicMeanSpeed="0.35" length="5.00" nVehEntered="6"/>
    <interval begin="36500.00" end="36600.00" id="inductionLoop.S1" nVehContrib="16" flow="576.00" occupancy="66.73" speed="6.35" harmonicMeanSpeed="1.29" length="5.00" nVehEntered="17"/>
    <interval begin="36600.00" end="36700.00" id="inductionLoop.S1" nVehContrib="7" flow="252.00" occupancy="82.25" speed="3.20" harmonicMeanSpeed="0.65" length="5.00" nVehEntered="7"/>
    <interval begin="36700.00" end="36800.00" id="inductionLoop.S1" nVehContrib="16" flow="576.00" occupancy="70.45" speed="5.85" harmonicMeanSpeed="0.77" length="5.00" nVehEntered="15"/>
    <interval begin="36800.00" end="36900.00" id="inductionLoop.S1" nVehContrib="5" flow="180.00" occupancy="83.65" speed="3.26" harmonicMeanSpeed="0.39" length="5.00" nVehEntered="7"/>
    <interval begin="36900.00" end="37000.00" id="inductionLoop.S1" nVehContrib="10" flow="360.00" occupancy="80.94" speed="3.88" harmonicMeanSpeed="0.72" length="5.00" nVehEntered="10"/>
    <interval begin="37000.00" end="37100.00" id="inductionLoop.S1" nVehContrib="4" flow="144.00" occupancy="87.13" speed="0.90" harmonicMeanSpeed="0.19" length="5.00" nVehEntered="4"/>
    <interval begin="37100.00" end="37200.00" id="inductionLoop.S1" nVehContrib="8" flow="288.00" occupancy="71.51" speed="2.21" harmonicMeanSpeed="0.49" length="5.00" nVehEntered="8"/>
    <interval begin="37200.00" end="37300.00" id="inductionLoop.S1" nVehContrib="4" flow="144.00" occupancy="91.30" speed="2.10" harmonicMeanSpeed="0.36" length="5.00" nVehEntered="4"/>
    <interval begin="37300.00" end="37400.00" id="inductionLoop.S1" nVehContrib="12" flow="432.00" occupancy="77.70" speed="4.59" harmonicMeanSpeed="0.53" length="5.00" nVehEntered="11"/>
    <interval begin="37400.00" end="37500.00" id="inductionLoop.S1" nVehContrib="8" flow="288.00" occupancy="84.31" speed="3.98" harmonicMeanSpeed="0.56" length="5.00" nVehEntered="9"/>
    <interval begin="37500.00" end="37600.00" id="inductionLoop.S1" nVehContrib="7" flow="252.00" occupancy="84.87" speed="2.45" harmonicMeanSpeed="0.50" length="5.00" nVehEntered="7"/>
    <interval begin="37600.00" end="37700.00" id="inductionLoop.S1" nVehContrib="5" flow="180.00" occupancy="88.99" speed="1.84" harmonicMeanSpeed="0.33" length="5.00" nVehEntered="5"/>
    <interval begin="37700.00" end="37800.00" id="inductionLoop.S1" nVehContrib="12" flow="432.00" occupancy="78.02" speed="5.03" harmonicMeanSpeed="0.51" length="5.00" nVehEntered="12"/>
    <interval begin="37800.00" end="37900.00" id="inductionLoop.S1" nVehContrib="8" flow="288.00" occupancy="84.02" speed="3.44" harmonicMeanSpeed="0.52" length="5.00" nVehEntered="8"/>
    <interval begin="37900.00" end="38000.00" id="inductionLoop.S1" nVehContrib="12" flow="432.00" occupancy="75.89" speed="5.17" harmonicMeanSpeed="0.87" length="5.00" nVehEntered="12"/>
    <interval begin="38000.00" end="38100.00" id="inductionLoop.S1" nVehContrib="14" flow="504.00" occupancy="73.40" speed="5.30" harmonicMeanSpeed="0.83" length="5.00" nVehEntered="14"/>
    <interval begin="38100.00" end="38200.00" id="inductionLoop.S1" nVehContrib="17" flow="612.00" occupancy="72.80" speed="7.23" harmonicMeanSpeed="1.08" length="5.00" nVehEntered="16"/>
    <interval begin="38200.00" end="38300.00" id="inductionLoop.S1" nVehContrib="9" flow="324.00" occupancy="84.09" speed="8.63" harmonicMeanSpeed="0.91" length="5.00" nVehEntered="10"/>
    <interval begin="38300.00" end="38400.00" id="inductionLoop.S1" nVehContrib="15" flow="540.00" occupancy="73.34" speed="5.56" harmonicMeanSpeed="0.69" length="5.00" nVehEntered="14"/>
    <interval begin="38400.00" end="38500.00" id="inductionLoop.S1" nVehContrib="9" flow="324.00" occupancy="81.56" speed="3.93" harmonicMeanSpeed="0.67" length="5.00" nVehEntered="10"/>
    <interval begin="38500.00" end="38600.00" id="inductionLoop.S1" nVehContrib="13" flow="468.00" occupancy="76.70" speed="6.91" harmonicMeanSpeed="0.73" length="5.00" nVehEntered="13"/>
    <interval begin="38600.00" end="38700.00" id="inductionLoop.S1" nVehContrib="12" flow="432.00" occupancy="77.69" speed="6.45" harmonicMeanSpeed="0.80" length="5.00" nVehEntered="12"/>
    <interval begin="38700.00" end="38800.00" id="inductionLoop.S1" nVehContrib="10" flow="360.00" occupancy="81.67" speed="5.74" harmonicMeanSpeed="0.69" length="5.00" nVehEntered="10"/>
    <interval begin="38800.00" end="38900.00" id="inductionLoop.S1" nVehContrib="10" flow="360.00" occupancy="80.80" speed="4.45" harmonicMeanSpeed="0.65" length="5.00" nVehEntered="10"/>
    <interval begin="38900.00" end="39000.00" id="inductionLoop.S1" nVehContrib="12" flow="432.00" occupancy="75.21" speed="4.29" harmonicMeanSpeed="0.65" length="5.00" nVehEntered="12"/>
    <interval begin="39000.00" end="39100.00" id="inductionLoop.S1" nVehContrib="16" flow="576.00" occupancy="73.73" speed="8.03" harmonicMeanSpeed="2.33" length="5.00" nVehEntered="16"/>
    <interval begin="39100.00" end="39200.00" id="inductionLoop.S1" nVehContrib="19" flow="684.00" occupancy="53.90" speed="6.75" harmonicMeanSpeed="1.01" length="5.00" nVehEntered="18"/>
    <interval begin="39200.00" end="39300.00" id="inductionLoop.S1" nVehContrib="8" flow="288.00" occupancy="31.50" speed="2.83" harmonicMeanSpeed="1.27" length="5.00" nVehEntered="8"/>
    <interval begin="39300.00" end="39400.00" id="inductionLoop.S1" nVehContrib="14" flow="504.00" occupancy="71.08" speed="6.30" harmonicMeanSpeed="1.15" length="5.00" nVehEntered="15"/>
    <interval begin="39400.00" end="39500.00" id="inductionLoop.S1" nVehContrib="12" flow="432.00" occupancy="80.17" speed="8.22" harmonicMeanSpeed="1.86" length="5.00" nVehEntered="12"/>
    <interval begin="39500.00" end="39600.00" id="inductionLoop.S1" nVehContrib="20" flow="720.00" occupancy="57.50" speed="5.24" harmonicMeanSpeed="0.86" length="5.00" nVehEntered="19"/>
    <interval begin="39600.00" end="39700.00" id="inductionLoop.S1" nVehContrib="0" flow="0.00" occupancy="22.05" speed="-1.00" harmonicMeanSpeed="-1.00" length="-1.00" nVehEntered="1"/>
    <interval begin="39700.00" end="39800.00" id="inductionLoop.S1" nVehContrib="12" flow="432.00" occupancy="79.31" speed="7.09" harmonicMeanSpeed="1.93" length="5.00" nVehEntered="12"/>
    <interval begin="39800.00" end="39900.00" id="inductionLoop.S1" nVehContrib="11" flow="396.00" occupancy="66.19" speed="3.81" harmonicMeanSpeed="0.61" length="5.00" nVehEntered="11"/>
    <interval begin="39900.00" end="40000.00" id="inductionLoop.S1" nVehContrib="18" flow="648.00" occupancy="70.34" speed="7.30" harmonicMeanSpeed="0.96" length="5.00" nVehEntered="18"/>
    <interval begin="40000.00" end="40100.00" id="inductionLoop.S1" nVehContrib="15" flow="540.00" occupancy="69.06" speed="5.99" harmonicMeanSpeed="0.82" length="5.00" nVehEntered="14"/>
    <interval begin="40100.00" end="40200.00" id="inductionLoop.S1" nVehContrib="9" flow="324.00" occupancy="84.35" speed="10.21" harmonicMeanSpeed="0.59" length="5.00" nVehEntered="10"/>
    <interval begin="40200.00" end="40300.00" id="inductionLoop.S1" nVehContrib="9" flow="324.00" occupancy="81.26" speed="3.74" harmonicMeanSpeed="0.50" length="5.00" nVehEntered="9"/>
    <interval begin="40300.00" end="40400.00" id="inductionLoop.S1" nVehContrib="8" flow="288.00" occupancy="83.27" speed="4.97" harmonicMeanSpeed="0.48" length="5.00" nVehEntered="8"/>
    <interval begin="40400.00" end="40500.00" id="inductionLoop.S1" nVehContrib="29" flow="1044.00" occupancy="51.16" speed="8.36" harmonicMeanSpeed="5.11" length="5.00" nVehEntered="30"/>
    <interval begin="40500.00" end="40600.00" id="inductionLoop.S1" nVehContrib="7" flow="252.00" occupancy="86.68" speed="5.18" harmonicMeanSpeed="0.38" length="5.00" nVehEntered="7"/>
    <interval begin="40600.00" end="40700.00" id="inductionLoop.S1" nVehContrib="9" flow="324.00" occupancy="85.16" speed="5.03" harmonicMeanSpeed="0.52" length="5.00" nVehEntered="8"/>
    <interval begin="40700.00" end="40800.00" id="inductionLoop.S1" nVehContrib="20" flow="720.00" occupancy="67.09" speed="8.25" harmonicMeanSpeed="1.49" length="5.00" nVehEntered="20"/>
    <interval begin="40800.00" end="40900.00" id="inductionLoop.S1" nVehContrib="5" flow="180.00" occupancy="90.12" speed="9.58" harmonicMeanSpeed="9.28" length="5.00" nVehEntered="6"/>
    <interval begin="40900.00" end="41000.00" id="inductionLoop.S1" nVehContrib="14" flow="504.00" occupancy="75.11" speed="6.45" harmonicMeanSpeed="0.51" length="5.00" nVehEntered="14"/>
    <interval begin="41000.00" end="41100.00" id="inductionLoop.S1" nVehContrib="13" flow="468.00" occupancy="79.84" speed="4.47" harmonicMeanSpeed="0.61" length="5.00" nVehEntered="12"/>
    <interval begin="41100.00" end="41200.00" id="inductionLoop.S1" nVehContrib="26" flow="936.00" occupancy="57.08" speed="8.05" harmonicMeanSpeed="2.92" length="5.00" nVehEntered="27"/>
    <interval begin="41200.00" end="41300.00" id="inductionLoop.S1" nVehContrib="6" flow="216.00" occupancy="83.67" speed="3.74" harmonicMeanSpeed="0.41" length="5.00" nVehEntered="6"/>
    <interval begin="41300.00" end="41400.00" id="inductionLoop.S1" nVehContrib="11" flow="396.00" occupancy="78.94" speed="5.50" harmonicMeanSpeed="0.54" length="5.00" nVehEntered="10"/>
    <interval begin="41400.00" end="41500.00" id="inductionLoop.S1" nVehContrib="22" flow="792.00" occupancy="54.59" speed="6.57" harmonicMeanSpeed="2.22" length="5.00" nVehEntered="23"/>
    <interval begin="41500.00" end="41600.00" id="inductionLoop.S1" nVehContrib="4" flow="144.00" occupancy="87.73" speed="2.19" harmonicMeanSpeed="0.31" length="5.00" nVehEntered="5"/>
    <interval begin="41600.00" end="41700.00" id="inductionLoop.S1" nVehContrib="11" flow="396.00" occupancy="79.74" speed="6.38" harmonicMeanSpeed="1.17" length="5.00" nVehEntered="11"/>
    <interval begin="41700.00" end="41800.00" id="inductionLoop.S1" nVehContrib="18" flow="648.00" occupancy="67.69" speed="7.07" harmonicMeanSpeed="0.72" length="5.00" nVehEntered="18"/>
    <interval begin="41800.00" end="41900.00" id="inductionLoop.S1" nVehContrib="4" flow="144.00" occupancy="92.16" speed="4.12" harmonicMeanSpeed="0.32" length="5.00" nVehEntered="4"/>
    <interval begin="41900.00" end="42000.00" id="inductionLoop.S1" nVehContrib="8" flow="288.00" occupancy="83.71" speed="5.04" harmonicMeanSpeed="0.50" length="5.00" nVehEntered="8"/>
    <interval begin="42000.00" end="42100.00" id="inductionLoop.S1" nVehContrib="21" flow="756.00" occupancy="62.36" speed="7.36" harmonicMeanSpeed="1.10" length="5.00" nVehEntered="20"/>
    <interval begin="42100.00" end="42200.00" id="inductionLoop.S1" nVehContrib="11" flow="396.00" occupancy="78.60" speed="5.78" harmonicMeanSpeed="0.99" length="5.00" nVehEntered="12"/>
    <interval begin="42200.00" end="42300.00" id="inductionLoop.S1" nVehContrib="3" flow="108.00" occupancy="94.42" speed="1.09" harmonicMeanSpeed="0.13" length="5.00" nVehEntered="2"/>
    <interval begin="42300.00" end="42400.00" id="inductionLoop.S1" nVehContrib="6" flow="216.00" occupancy="87.90" speed="4.52" harmonicMeanSpeed="0.34" length="5.00" nVehEntered="7"/>
    <interval begin="42400.00" end="42500.00" id="inductionLoop.S1" nVehContrib="14" flow="504.00" occupancy="75.85" speed="6.74" harmonicMeanSpeed="1.11" length="5.00" nVehEntered="14"/>
    <interval begin="42500.00" end="42600.00" id="inductionLoop.S1" nVehContrib="17" flow="612.00" occupancy="72.85" speed="8.56" harmonicMeanSpeed="1.68" length="5.00" nVehEntered="18"/>
    <interval begin="42600.00" end="42700.00" id="inductionLoop.S1" nVehContrib="11" flow="396.00" occupancy="82.04" speed="6.23" harmonicMeanSpeed="0.53" length="5.00" nVehEntered="10"/>
    <interval begin="42700.00" end="42800.00" id="inductionLoop.S1" nVehContrib="21" flow="756.00" occupancy="60.50" speed="10.52" harmonicMeanSpeed="2.97" length="5.00" nVehEntered="22"/>
    <interval begin="42800.00" end="42900.00" id="inductionLoop.S1" nVehContrib="7" flow="252.00" occupancy="86.51" speed="4.29" harmonicMeanSpeed="0.31" length="5.00" nVehEntered="6"/>
    <interval begin="42900.00" end="43000.00" id="inductionLoop.S1" nVehContrib="13" flow="468.00" occupancy="66.92" speed="4.91" harmonicMeanSpeed="0.97" length="5.00" nVehEntered="13"/>
    <interval begin="43000.00" end="43100.00" id="inductionLoop.S1" nVehContrib="10" flow="360.00" occupancy="82.09" speed="8.80" harmonicMeanSpeed="0.61" length="5.00" nVehEntered="11"/>
    <interval begin="43100.00" end="43200.00" id="inductionLoop.S1" nVehContrib="41" flow="1476.00" occupancy="30.11" speed="9.74" harmonicMeanSpeed="6.67" length="5.00" nVehEntered="40"/>
    <interval begin="43200.00" end="43300.00" id="inductionLoop.S1" nVehContrib="6" flow="216.00" occupancy="90.98" speed="10.35" harmonicMeanSpeed="10.25" length="5.00" nVehEntered="7"/>
    <interval begin="43300.00" end="43400.00" id="inductionLoop.S1" nVehContrib="9" flow="324.00" occupancy="81.36" speed="5.86" harmonicMeanSpeed="0.27" length="5.00" nVehEntered="9"/>
    <interval begin="43400.00" end="43500.00" id="inductionLoop.S1" nVehContrib="8" flow="288.00" occupancy="84.23" speed="4.09" harmonicMeanSpeed="0.46" length="5.00" nVehEntered="7"/>
    <interval begin="43500.00" end="43600.00" id="inductionLoop.S1" nVehContrib="18" flow="648.00" occupancy="56.86" speed="7.25" harmonicMeanSpeed="2.18" length="5.00" nVehEntered="19"/>
    <interval begin="43600.00" end="43700.00" id="inductionLoop.S1" nVehContrib="9" flow="324.00" occupancy="74.66" speed="5.05" harmonicMeanSpeed="0.81" length="5.00" nVehEntered="9"/>
    <interval begin="43700.00" end="43800.00" id="inductionLoop.S1" nVehContrib="10" flow="360.00" occupancy="82.58" speed="4.53" harmonicMeanSpeed="0.43" length="5.00" nVehEntered="9"/>
    <interval begin="43800.00" end="43900.00" id="inductionLoop.S1" nVehContrib="4" flow="144.00" occupancy="86.92" speed="6.05" harmonicMeanSpeed="0.32" length="5.00" nVehEntered="5"/>
    <interval begin="43900.00" end="44000.00" id="inductionLoop.S1" nVehContrib="14" flow="504.00" occupancy="76.06" speed="6.72" harmonicMeanSpeed="0.83" length="5.00" nVehEntered="14"/>
    <interval begin="44000.00" end="44100.00" id="inductionLoop.S1" nVehContrib="13" flow="468.00" occupancy="77.03" speed="6.30" harmonicMeanSpeed="0.70" length="5.00" nVehEntered="12"/>
    <interval begin="44100.00" end="44200.00" id="inductionLoop.S1" nVehContrib="11" flow="396.00" occupancy="74.15" speed="4.76" harmonicMeanSpeed="1.22" length="5.00" nVehEntered="13"/>
    <interval begin="44200.00" end="44300.00" id="inductionLoop.S1" nVehContrib="6" flow="216.00" occupancy="87.92" speed="2.56" harmonicMeanSpeed="0.30" length="5.00" nVehEntered="6"/>
    <interval begin="44300.00" end="44400.00" id="inductionLoop.S1" nVehContrib="12" flow="432.00" occupancy="76.77" speed="6.83" harmonicMeanSpeed="1.04" length="5.00" nVehEntered="12"/>
    <interval begin="44400.00" end="44500.00" id="inductionLoop.S1" nVehContrib="11" flow="396.00" occupancy="77.74" speed="6.15" harmonicMeanSpeed="0.55" length="5.00" nVehEntered="11"/>
    <interval begin="44500.00" end="44600.00" id="inductionLoop.S1" nVehContrib="39" flow="1404.00" occupancy="36.27" speed="10.71" harmonicMeanSpeed="6.66" length="5.00" nVehEntered="39"/>
    <interval begin="44600.00" end="44700.00" id="inductionLoop.S1" nVehContrib="8" flow="288.00" occupancy="83.75" speed="4.24" harmonicMeanSpeed="0.40" length="5.00" nVehEntered="7"/>
    <interval begin="44700.00" end="44800.00" id="inductionLoop.S1" nVehContrib="16" flow="576.00" occupancy="69.35" speed="8.74" harmonicMeanSpeed="2.23" length="5.00" nVehEntered="17"/>
    <interval begin="44800.00" end="44900.00" id="inductionLoop.S1" nVehContrib="5" flow="180.00" occupancy="89.58" speed="4.02" harmonicMeanSpeed="0.28" length="5.00" nVehEntered="5"/>
    <interval begin="44900.00" end="45000.00" id="inductionLoop.S1" nVehContrib="17" flow="612.00" occupancy="70.63" speed="7.47" harmonicMeanSpeed="1.61" length="5.00" nVehEntered="17"/>
    <interval begin="45000.00" end="45100.00" id="inductionLoop.S1" nVehContrib="11" flow="396.00" occupancy="80.21" speed="8.04" harmonicMeanSpeed="0.62" length="5.00" nVehEntered="11"/>
    <interval begin="45100.00" end="45200.00" id="inductionLoop.S1" nVehContrib="14" flow="504.00" occupancy="76.33" speed="8.37" harmonicMeanSpeed="1.21" length="5.00" nVehEntered="14"/>
    <interval begin="45200.00" end="45300.00" id="inductionLoop.S1" nVehContrib="10" flow="360.00" occupancy="80.46" speed="5.48" harmonicMeanSpeed="0.39" length="5.00" nVehEntered="10"/>
    <interval begin="45300.00" end="45400.00" id="inductionLoop.S1" nVehContrib="12" flow="432.00" occupancy="78.09" speed="5.47" harmonicMeanSpeed="1.57" length="5.00" nVehEntered="12"/>
    <interval begin="45400.00" end="45500.00" id="inductionLoop.S1" nVehContrib="12" flow="432.00" occupancy="75.71" speed="3.33" harmonicMeanSpeed="0.46" length="5.00" nVehEntered="11"/>
    <interval begin="45500.00" end="45600.00" id="inductionLoop.S1" nVehContrib="7" flow="252.00" occupancy="85.46" speed="4.19" harmonicMeanSpeed="0.41" length="5.00" nVehEntered="7"/>
    <interval begin="45600.00" end="45700.00" id="inductionLoop.S1" nVehContrib="27" flow="972.00" occupancy="27.29" speed="7.85" harmonicMeanSpeed="5.12" length="5.00" nVehEntered="28"/>
    <interval begin="45700.00" end="45800.00" id="inductionLoop.S1" nVehContrib="3" flow="108.00" occupancy="75.04" speed="1.88" harmonicMeanSpeed="0.20" length="5.00" nVehEntered="2"/>
    <interval begin="45800.00" end="45900.00" id="inductionLoop.S1" nVehContrib="23" flow="828.00" occupancy="59.18" speed="8.55" harmonicMeanSpeed="4.94" length="5.00" nVehEntered="25"/>
    <interval begin="45900.00" end="46000.00" id="inductionLoop.S1" nVehContrib="6" flow="216.00" occupancy="86.28" speed="3.66" harmonicMeanSpeed="0.34" length="5.00" nVehEntered="5"/>
    <interval begin="46000.00" end="46100.00" id="inductionLoop.S1" nVehContrib="20" flow="720.00" occupancy="45.59" speed="4.47" harmonicMeanSpeed="2.19" length="5.00" nVehEntered="20"/>
    <interval begin="46100.00" end="46200.00" id="inductionLoop.S1" nVehContrib="13" flow="468.00" occupancy="77.75" speed="8.02" harmonicMeanSpeed="0.84" length="5.00" nVehEntered="14"/>
    <interval begin="46200.00" end="46300.00" id="inductionLoop.S1" nVehContrib="4" flow="144.00" occupancy="92.15" speed="3.30" harmonicMeanSpeed="0.34" length="5.00" nVehEntered="4"/>
    <interval begin="46300.00" end="46400.00" id="inductionLoop.S1" nVehContrib="6" flow="216.00" occupancy="87.02" speed="4.44" harmonicMeanSpeed="0.28" length="5.00" nVehEntered="7"/>
    <interval begin="46400.00" end="46500.00" id="inductionLoop.S1" nVehContrib="32" flow="1152.00" occupancy="48.82" speed="9.49" harmonicMeanSpeed="2.63" length="5.00" nVehEntered="31"/>
    <interval begin="46500.00" end="46600.00" id="inductionLoop.S1" nVehContrib="15" flow="540.00" occupancy="78.45" speed="11.02" harmonicMeanSpeed="10.93" length="5.00" nVehEntered="16"/>
    <interval begin="46600.00" end="46700.00" id="inductionLoop.S1" nVehContrib="5" flow="180.00" occupancy="88.23" speed="4.76" harmonicMeanSpeed="0.16" length="5.00" nVehEntered="4"/>
    <interval begin="46700.00" end="46800.00" id="inductionLoop.S1" nVehContrib="14" flow="504.00" occupancy="78.30" speed="11.06" harmonicMeanSpeed="10.76" length="5.00" nVehEntered="15"/>
    <interval begin="46800.00" end="46900.00" id="inductionLoop.S1" nVehContrib="9" flow="324.00" occupancy="84.40" speed="7.56" harmonicMeanSpeed="0.29" length="5.00" nVehEntered="8"/>
    <interval begin="46900.00" end="47000.00" id="inductionLoop.S1" nVehContrib="1" flow="36.00" occupancy="96.40" speed="8.17" harmonicMeanSpeed="8.17" length="5.00" nVehEntered="3"/>
    <interval begin="47000.00" end="47100.00" id="inductionLoop.S1" nVehContrib="24" flow="864.00" occupancy="60.07" speed="6.96" harmonicMeanSpeed="0.85" length="5.00" nVehEntered="23"/>
    <interval begin="47100.00" end="47200.00" id="inductionLoop.S1" nVehContrib="11" flow="396.00" occupancy="79.88" speed="7.29" harmonicMeanSpeed="0.73" length="5.00" nVehEntered="12"/>
    <interval begin="47200.00" end="47300.00" id="inductionLoop.S1" nVehContrib="7" flow="252.00" occupancy="86.22" speed="4.51" harmonicMeanSpeed="0.76" length="5.00" nVehEntered="7"/>
    <interval begin="47300.00" end="47400.00" id="inductionLoop.S1" nVehContrib="1" flow="36.00" occupancy="97.98" speed="0.04" harmonicMeanSpeed="0.04" length="5.00" nVehEntered="0"/>
    <interval begin="47400.00" end="47500.00" id="inductionLoop.S1" nVehContrib="16" flow="576.00" occupancy="73.62" speed="7.44" harmonicMeanSpeed="5.07" length="5.00" nVehEntered="17"/>
    <interval begin="47500.00" end="47600.00" id="inductionLoop.S1" nVehContrib="14" flow="504.00" occupancy="55.05" speed="6.13" harmonicMeanSpeed="0.78" length="5.00" nVehEntered="14"/>
    <interval begin="47600.00" end="47700.00" id="inductionLoop.S1" nVehContrib="18" flow="648.00" occupancy="68.77" speed="7.30" harmonicMeanSpeed="0.98" length="5.00" nVehEntered="17"/>
    <interval begin="47700.00" end="47800.00" id="inductionLoop.S1" nVehContrib="5" flow="180.00" occupancy="21.27" speed="4.10" harmonicMeanSpeed="1.18" length="5.00" nVehEntered="5"/>
    <interval begin="47800.00" end="47900.00" id="inductionLoop.S1" nVehContrib="13" flow="468.00" occupancy="60.80" speed="8.14" harmonicMeanSpeed="1.55" length="5.00" nVehEntered="14"/>
    <interval begin="47900.00" end="48000.00" id="inductionLoop.S1" nVehContrib="17" flow="612.00" occupancy="71.41" speed="8.35" harmonicMeanSpeed="2.15" length="5.00" nVehEntered="17"/>
    <interval begin="48000.00" end="48100.00" id="inductionLoop.S1" nVehContrib="16" flow="576.00" occupancy="71.87" speed="6.88" harmonicMeanSpeed="0.66" length="5.00" nVehEntered="16"/>
    <interval begin="48100.00" end="48200.00" id="inductionLoop.S1" nVehContrib="11" flow="396.00" occupancy="62.79" speed="5.96" harmonicMeanSpeed="3.99" length="5.00" nVehEntered="11"/>
    <interval begin="48200.00" end="48300.00" id="inductionLoop.S1" nVehContrib="10" flow="360.00" occupancy="76.08" speed="5.58" harmonicMeanSpeed="0.44" length="5.00" nVehEntered="10"/>
    <interval begin="48300.00" end="48400.00" id="inductionLoop.S1" nVehContrib="20" flow="720.00" occupancy="48.57" speed="6.76" harmonicMeanSpeed="2.14" length="5.00" nVehEntered="20"/>
    <interval begin="48400.00" end="48500.00" id="inductionLoop.S1" nVehContrib="5" flow="180.00" occupancy="90.71" speed="5.07" harmonicMeanSpeed="0.24" length="5.00" nVehEntered="4"/>
    <interval begin="48500.00" end="48600.00" id="inductionLoop.S1" nVehContrib="16" flow="576.00" occupancy="48.98" speed="7.49" harmonicMeanSpeed="2.17" length="5.00" nVehEntered="17"/>
    <interval begin="48600.00" end="48700.00" id="inductionLoop.S1" nVehContrib="9" flow="324.00" occupancy="81.91" speed="5.72" harmonicMeanSpeed="1.02" length="5.00" nVehEntered="9"/>
    <interval begin="48700.00" end="48800.00" id="inductionLoop.S1" nVehContrib="3" flow="108.00" occupancy="65.30" speed="1.30" harmonicMeanSpeed="0.13" length="5.00" nVehEntered="2"/>
    <interval begin="48800.00" end="48900.00" id="inductionLoop.S1" nVehContrib="37" flow="1332.00" occupancy="41.35" speed="11.52" harmonicMeanSpeed="10.81" length="5.00" nVehEntered="39"/>
    <interval begin="48900.00" end="49000.00" id="inductionLoop.S1" nVehContrib="0" flow="0.00" occupancy="100.00" speed="-1.00" harmonicMeanSpeed="-1.00" length="-1.00" nVehEntered="0"/>
    <interval begin="49000.00" end="49100.00" id="inductionLoop.S1" nVehContrib="14" flow="504.00" occupancy="70.62" speed="4.58" harmonicMeanSpeed="0.41" length="5.00" nVehEntered="14"/>
    <interval begin="49100.00" end="49200.00" id="inductionLoop.S1" nVehContrib="0" flow="0.00" occupancy="100.00" speed="-1.00" harmonicMeanSpeed="-1.00" length="-1.00" nVehEntered="0"/>
    <interval begin="49200.00" end="49300.00" id="inductionLoop.S1" nVehContrib="5" flow="180.00" occupancy="89.80" speed="3.98" harmonicMeanSpeed="0.18" length="5.00" nVehEntered="5"/>
    <interval begin="49300.00" end="49400.00" id="inductionLoop.S1" nVehContrib="9" flow="324.00" occupancy="83.92" speed="7.47" harmonicMeanSpeed="0.29" length="5.00" nVehEntered="9"/>
    <interval begin="49400.00" end="49500.00" id="inductionLoop.S1" nVehContrib="5" flow="180.00" occupancy="92.38" speed="11.14" harmonicMeanSpeed="10.75" length="5.00" nVehEntered="5"/>
    <interval begin="49500.00" end="49600.00" id="inductionLoop.S1" nVehContrib="5" flow="180.00" occupancy="83.21" speed="2.05" harmonicMeanSpeed="0.15" length="5.00" nVehEntered="5"/>
    <interval begin="49600.00" end="49700.00" id="inductionLoop.S1" nVehContrib="39" flow="1404.00" occupancy="25.16" speed="10.82" harmonicMeanSpeed="5.60" length="5.00" nVehEntered="38"/>
    <interval begin="49700.00" end="49800.00" id="inductionLoop.S1" nVehContrib="5" flow="180.00" occupancy="4.21" speed="6.66" harmonicMeanSpeed="5.98" length="5.00" nVehEntered="6"/>
    <interval begin="49800.00" end="49900.00" id="inductionLoop.S1" nVehContrib="20" flow="720.00" occupancy="62.86" speed="5.65" harmonicMeanSpeed="1.59" length="5.00" nVehEntered="20"/>
    <interval begin="49900.00" end="50000.00" id="inductionLoop.S1" nVehContrib="12" flow="432.00" occupancy="79.19" speed="7.18" harmonicMeanSpeed="1.85" length="5.00" nVehEntered="12"/>
    <interval begin="50000.00" end="50004.00" id="inductionLoop.S1" nVehContrib="0" flow="0.00" occupancy="100.00" speed="-1.00" harmonicMeanSpeed="-1.00" length="-1.00" nVehEntered="0"/>
</detector>
