<?xml version="1.0" encoding="UTF-8"?>

<!-- generated on 2023-07-30 20:15:40 by Eclipse SUMO sumo Version 1.12.0
<configuration xmlns:xsi="http://www.w3.org/2001/XMLSchema-instance" xsi:noNamespaceSchemaLocation="http://sumo.dlr.de/xsd/sumoConfiguration.xsd">

    <input>
        <net-file value="Data0-24/intersection.net.xml"/>
        <route-files value="Data0-24/intersection.rou.xml"/>
        <additional-files value="Data0-24/intersection.det.xml"/>
    </input>

    <output>
        <tripinfo-output value="Data0-24/tripinfo.xml"/>
    </output>

    <time>
        <begin value="0"/>
    </time>

    <processing>
        <time-to-teleport value="-1"/>
        <waiting-time-memory value="60000"/>
    </processing>

    <report>
        <verbose value="true"/>
        <no-step-log value="true"/>
    </report>

    <emissions>
        <device.emissions.probability value="1"/>
    </emissions>

    <traci_server>
        <remote-port value="47467"/>
    </traci_server>

    <gui_only>
        <gui-settings-file value="Data0-24/intersection.settings.xml"/>
    </gui_only>

</configuration>
-->

<detector xmlns:xsi="http://www.w3.org/2001/XMLSchema-instance" xsi:noNamespaceSchemaLocation="http://sumo.dlr.de/xsd/det_e1_file.xsd">
    <interval begin="0.00" end="100.00" id="inductionLoop.E0" nVehContrib="7" flow="252.00" occupancy="3.23" speed="11.17" harmonicMeanSpeed="10.83" length="5.00" nVehEntered="7"/>
    <interval begin="100.00" end="200.00" id="inductionLoop.E0" nVehContrib="10" flow="360.00" occupancy="46.38" speed="8.34" harmonicMeanSpeed="1.83" length="5.00" nVehEntered="11"/>
    <interval begin="200.00" end="300.00" id="inductionLoop.E0" nVehContrib="12" flow="432.00" occupancy="21.98" speed="7.40" harmonicMeanSpeed="1.47" length="5.00" nVehEntered="12"/>
    <interval begin="300.00" end="400.00" id="inductionLoop.E0" nVehContrib="11" flow="396.00" occupancy="9.19" speed="11.17" harmonicMeanSpeed="10.70" length="5.00" nVehEntered="14"/>
    <interval begin="400.00" end="500.00" id="inductionLoop.E0" nVehContrib="12" flow="432.00" occupancy="56.18" speed="6.79" harmonicMeanSpeed="1.05" length="5.00" nVehEntered="12"/>
    <interval begin="500.00" end="600.00" id="inductionLoop.E0" nVehContrib="8" flow="288.00" occupancy="67.64" speed="7.08" harmonicMeanSpeed="1.10" length="5.00" nVehEntered="11"/>
    <interval begin="600.00" end="700.00" id="inductionLoop.E0" nVehContrib="14" flow="504.00" occupancy="18.37" speed="7.08" harmonicMeanSpeed="1.63" length="5.00" nVehEntered="14"/>
    <interval begin="700.00" end="800.00" id="inductionLoop.E0" nVehContrib="11" flow="396.00" occupancy="67.16" speed="6.28" harmonicMeanSpeed="0.78" length="5.00" nVehEntered="11"/>
    <interval begin="800.00" end="900.00" id="inductionLoop.E0" nVehContrib="10" flow="360.00" occupancy="73.34" speed="7.07" harmonicMeanSpeed="1.06" length="5.00" nVehEntered="11"/>
    <interval begin="900.00" end="1000.00" id="inductionLoop.E0" nVehContrib="15" flow="540.00" occupancy="52.18" speed="6.67" harmonicMeanSpeed="0.96" length="5.00" nVehEntered="14"/>
    <interval begin="1000.00" end="1100.00" id="inductionLoop.E0" nVehContrib="8" flow="288.00" occupancy="64.00" speed="4.70" harmonicMeanSpeed="0.74" length="5.00" nVehEntered="11"/>
    <interval begin="1100.00" end="1200.00" id="inductionLoop.E0" nVehContrib="11" flow="396.00" occupancy="42.61" speed="6.52" harmonicMeanSpeed="1.32" length="5.00" nVehEntered="13"/>
    <interval begin="1200.00" end="1300.00" id="inductionLoop.E0" nVehContrib="10" flow="360.00" occupancy="47.72" speed="7.71" harmonicMeanSpeed="1.05" length="5.00" nVehEntered="12"/>
    <interval begin="1300.00" end="1400.00" id="inductionLoop.E0" nVehContrib="9" flow="324.00" occupancy="34.07" speed="7.93" harmonicMeanSpeed="1.38" length="5.00" nVehEntered="12"/>
    <interval begin="1400.00" end="1500.00" id="inductionLoop.E0" nVehContrib="12" flow="432.00" occupancy="47.42" speed="6.20" harmonicMeanSpeed="1.26" length="5.00" nVehEntered="14"/>
    <interval begin="1500.00" end="1600.00" id="inductionLoop.E0" nVehContrib="9" flow="324.00" occupancy="12.87" speed="10.63" harmonicMeanSpeed="3.70" length="5.00" nVehEntered="12"/>
    <interval begin="1600.00" end="1700.00" id="inductionLoop.E0" nVehContrib="10" flow="360.00" occupancy="49.91" speed="7.36" harmonicMeanSpeed="1.83" length="5.00" nVehEntered="12"/>
    <interval begin="1700.00" end="1800.00" id="inductionLoop.E0" nVehContrib="14" flow="504.00" occupancy="29.51" speed="7.42" harmonicMeanSpeed="1.48" length="5.00" nVehEntered="16"/>
    <interval begin="1800.00" end="1900.00" id="inductionLoop.E0" nVehContrib="10" flow="360.00" occupancy="38.74" speed="6.87" harmonicMeanSpeed="1.27" length="5.00" nVehEntered="11"/>
    <interval begin="1900.00" end="2000.00" id="inductionLoop.E0" nVehContrib="11" flow="396.00" occupancy="37.51" speed="7.21" harmonicMeanSpeed="1.51" length="5.00" nVehEntered="13"/>
    <interval begin="2000.00" end="2100.00" id="inductionLoop.E0" nVehContrib="10" flow="360.00" occupancy="32.00" speed="6.70" harmonicMeanSpeed="1.72" length="5.00" nVehEntered="12"/>
    <interval begin="2100.00" end="2200.00" id="inductionLoop.E0" nVehContrib="9" flow="324.00" occupancy="41.25" speed="8.48" harmonicMeanSpeed="1.89" length="5.00" nVehEntered="11"/>
    <interval begin="2200.00" end="2300.00" id="inductionLoop.E0" nVehContrib="12" flow="432.00" occupancy="55.33" speed="5.42" harmonicMeanSpeed="0.85" length="5.00" nVehEntered="13"/>
    <interval begin="2300.00" end="2400.00" id="inductionLoop.E0" nVehContrib="12" flow="432.00" occupancy="28.14" speed="7.90" harmonicMeanSpeed="2.31" length="5.00" nVehEntered="14"/>
    <interval begin="2400.00" end="2500.00" id="inductionLoop.E0" nVehContrib="10" flow="360.00" occupancy="21.60" speed="8.01" harmonicMeanSpeed="2.44" length="5.00" nVehEntered="12"/>
    <interval begin="2500.00" end="2600.00" id="inductionLoop.E0" nVehContrib="8" flow="288.00" occupancy="42.64" speed="8.16" harmonicMeanSpeed="1.04" length="5.00" nVehEntered="10"/>
    <interval begin="2600.00" end="2700.00" id="inductionLoop.E0" nVehContrib="11" flow="396.00" occupancy="37.49" speed="6.93" harmonicMeanSpeed="1.44" length="5.00" nVehEntered="11"/>
    <interval begin="2700.00" end="2800.00" id="inductionLoop.E0" nVehContrib="10" flow="360.00" occupancy="44.99" speed="7.77" harmonicMeanSpeed="1.13" length="5.00" nVehEntered="12"/>
    <interval begin="2800.00" end="2900.00" id="inductionLoop.E0" nVehContrib="11" flow="396.00" occupancy="40.76" speed="7.52" harmonicMeanSpeed="2.01" length="5.00" nVehEntered="14"/>
    <interval begin="2900.00" end="3000.00" id="inductionLoop.E0" nVehContrib="11" flow="396.00" occupancy="42.86" speed="7.17" harmonicMeanSpeed="1.24" length="5.00" nVehEntered="13"/>
    <interval begin="3000.00" end="3100.00" id="inductionLoop.E0" nVehContrib="10" flow="360.00" occupancy="55.04" speed="6.23" harmonicMeanSpeed="0.84" length="5.00" nVehEntered="11"/>
    <interval begin="3100.00" end="3200.00" id="inductionLoop.E0" nVehContrib="13" flow="468.00" occupancy="48.27" speed="6.36" harmonicMeanSpeed="1.35" length="5.00" nVehEntered="13"/>
    <interval begin="3200.00" end="3300.00" id="inductionLoop.E0" nVehContrib="11" flow="396.00" occupancy="43.13" speed="6.27" harmonicMeanSpeed="1.21" length="5.00" nVehEntered="12"/>
    <interval begin="3300.00" end="3400.00" id="inductionLoop.E0" nVehContrib="9" flow="324.00" occupancy="20.34" speed="7.59" harmonicMeanSpeed="2.55" length="5.00" nVehEntered="11"/>
    <interval begin="3400.00" end="3500.00" id="inductionLoop.E0" nVehContrib="12" flow="432.00" occupancy="29.11" speed="8.06" harmonicMeanSpeed="3.09" length="5.00" nVehEntered="15"/>
    <interval begin="3500.00" end="3600.00" id="inductionLoop.E0" nVehContrib="12" flow="432.00" occupancy="33.33" speed="6.52" harmonicMeanSpeed="1.88" length="5.00" nVehEntered="13"/>
    <interval begin="3600.00" end="3700.00" id="inductionLoop.E0" nVehContrib="10" flow="360.00" occupancy="56.48" speed="5.90" harmonicMeanSpeed="0.86" length="5.00" nVehEntered="9"/>
    <interval begin="3700.00" end="3800.00" id="inductionLoop.E0" nVehContrib="9" flow="324.00" occupancy="37.48" speed="6.39" harmonicMeanSpeed="1.25" length="5.00" nVehEntered="11"/>
    <interval begin="3800.00" end="3900.00" id="inductionLoop.E0" nVehContrib="8" flow="288.00" occupancy="33.08" speed="6.84" harmonicMeanSpeed="1.55" length="5.00" nVehEntered="12"/>
    <interval begin="3900.00" end="4000.00" id="inductionLoop.E0" nVehContrib="9" flow="324.00" occupancy="41.04" speed="6.53" harmonicMeanSpeed="1.34" length="5.00" nVehEntered="10"/>
    <interval begin="4000.00" end="4100.00" id="inductionLoop.E0" nVehContrib="11" flow="396.00" occupancy="27.78" speed="7.60" harmonicMeanSpeed="1.57" length="5.00" nVehEntered="13"/>
    <interval begin="4100.00" end="4200.00" id="inductionLoop.E0" nVehContrib="9" flow="324.00" occupancy="28.60" speed="7.35" harmonicMeanSpeed="1.49" length="5.00" nVehEntered="11"/>
    <interval begin="4200.00" end="4300.00" id="inductionLoop.E0" nVehContrib="8" flow="288.00" occupancy="38.98" speed="6.81" harmonicMeanSpeed="1.52" length="5.00" nVehEntered="13"/>
    <interval begin="4300.00" end="4400.00" id="inductionLoop.E0" nVehContrib="12" flow="432.00" occupancy="20.20" speed="9.02" harmonicMeanSpeed="3.30" length="5.00" nVehEntered="12"/>
    <interval begin="4400.00" end="4500.00" id="inductionLoop.E0" nVehContrib="9" flow="324.00" occupancy="9.41" speed="9.35" harmonicMeanSpeed="7.98" length="5.00" nVehEntered="14"/>
    <interval begin="4500.00" end="4600.00" id="inductionLoop.E0" nVehContrib="11" flow="396.00" occupancy="6.16" speed="10.64" harmonicMeanSpeed="9.85" length="5.00" nVehEntered="13"/>
    <interval begin="4600.00" end="4700.00" id="inductionLoop.E0" nVehContrib="9" flow="324.00" occupancy="25.60" speed="8.61" harmonicMeanSpeed="1.97" length="5.00" nVehEntered="12"/>
    <interval begin="4700.00" end="4800.00" id="inductionLoop.E0" nVehContrib="10" flow="360.00" occupancy="14.65" speed="8.64" harmonicMeanSpeed="3.75" length="5.00" nVehEntered="13"/>
    <interval begin="4800.00" end="4900.00" id="inductionLoop.E0" nVehContrib="11" flow="396.00" occupancy="28.04" speed="8.05" harmonicMeanSpeed="2.22" length="5.00" nVehEntered="13"/>
    <interval begin="4900.00" end="5000.00" id="inductionLoop.E0" nVehContrib="13" flow="468.00" occupancy="8.18" speed="10.58" harmonicMeanSpeed="9.23" length="5.00" nVehEntered="15"/>
    <interval begin="5000.00" end="5100.00" id="inductionLoop.E0" nVehContrib="8" flow="288.00" occupancy="14.84" speed="8.90" harmonicMeanSpeed="3.01" length="5.00" nVehEntered="11"/>
    <interval begin="5100.00" end="5200.00" id="inductionLoop.E0" nVehContrib="12" flow="432.00" occupancy="18.72" speed="8.98" harmonicMeanSpeed="3.20" length="5.00" nVehEntered="12"/>
    <interval begin="5200.00" end="5300.00" id="inductionLoop.E0" nVehContrib="12" flow="432.00" occupancy="29.28" speed="7.16" harmonicMeanSpeed="2.16" length="5.00" nVehEntered="14"/>
    <interval begin="5300.00" end="5400.00" id="inductionLoop.E0" nVehContrib="11" flow="396.00" occupancy="4.72" speed="10.51" harmonicMeanSpeed="10.00" length="5.00" nVehEntered="11"/>
    <interval begin="5400.00" end="5500.00" id="inductionLoop.E0" nVehContrib="10" flow="360.00" occupancy="8.90" speed="10.09" harmonicMeanSpeed="9.42" length="5.00" nVehEntered="12"/>
    <interval begin="5500.00" end="5600.00" id="inductionLoop.E0" nVehContrib="13" flow="468.00" occupancy="12.53" speed="8.46" harmonicMeanSpeed="5.75" length="5.00" nVehEntered="18"/>
    <interval begin="5600.00" end="5700.00" id="inductionLoop.E0" nVehContrib="10" flow="360.00" occupancy="7.36" speed="9.51" harmonicMeanSpeed="8.22" length="5.00" nVehEntered="13"/>
    <interval begin="5700.00" end="5800.00" id="inductionLoop.E0" nVehContrib="10" flow="360.00" occupancy="8.01" speed="9.16" harmonicMeanSpeed="6.33" length="5.00" nVehEntered="11"/>
    <interval begin="5800.00" end="5900.00" id="inductionLoop.E0" nVehContrib="11" flow="396.00" occupancy="14.63" speed="9.85" harmonicMeanSpeed="3.89" length="5.00" nVehEntered="12"/>
    <interval begin="5900.00" end="6000.00" id="inductionLoop.E0" nVehContrib="10" flow="360.00" occupancy="9.88" speed="10.64" harmonicMeanSpeed="5.19" length="5.00" nVehEntered="11"/>
    <interval begin="6000.00" end="6100.00" id="inductionLoop.E0" nVehContrib="11" flow="396.00" occupancy="5.83" speed="9.73" harmonicMeanSpeed="9.39" length="5.00" nVehEntered="11"/>
    <interval begin="6100.00" end="6200.00" id="inductionLoop.E0" nVehContrib="7" flow="252.00" occupancy="7.60" speed="9.85" harmonicMeanSpeed="9.47" length="5.00" nVehEntered="13"/>
    <interval begin="6200.00" end="6300.00" id="inductionLoop.E0" nVehContrib="9" flow="324.00" occupancy="4.70" speed="10.42" harmonicMeanSpeed="10.07" length="5.00" nVehEntered="11"/>
    <interval begin="6300.00" end="6400.00" id="inductionLoop.E0" nVehContrib="8" flow="288.00" occupancy="18.52" speed="8.65" harmonicMeanSpeed="2.26" length="5.00" nVehEntered="10"/>
    <interval begin="6400.00" end="6500.00" id="inductionLoop.E0" nVehContrib="7" flow="252.00" occupancy="3.42" speed="11.17" harmonicMeanSpeed="10.80" length="5.00" nVehEntered="8"/>
    <interval begin="6500.00" end="6600.00" id="inductionLoop.E0" nVehContrib="9" flow="324.00" occupancy="4.93" speed="10.98" harmonicMeanSpeed="9.73" length="5.00" nVehEntered="11"/>
    <interval begin="6600.00" end="6700.00" id="inductionLoop.E0" nVehContrib="8" flow="288.00" occupancy="4.47" speed="10.56" harmonicMeanSpeed="10.06" length="5.00" nVehEntered="10"/>
    <interval begin="6700.00" end="6800.00" id="inductionLoop.E0" nVehContrib="7" flow="252.00" occupancy="5.41" speed="10.82" harmonicMeanSpeed="10.20" length="5.00" nVehEntered="12"/>
    <interval begin="6800.00" end="6900.00" id="inductionLoop.E0" nVehContrib="9" flow="324.00" occupancy="19.67" speed="8.99" harmonicMeanSpeed="4.37" length="5.00" nVehEntered="10"/>
    <interval begin="6900.00" end="7000.00" id="inductionLoop.E0" nVehContrib="9" flow="324.00" occupancy="23.90" speed="7.13" harmonicMeanSpeed="1.37" length="5.00" nVehEntered="9"/>
    <interval begin="7000.00" end="7100.00" id="inductionLoop.E0" nVehContrib="12" flow="432.00" occupancy="17.41" speed="9.39" harmonicMeanSpeed="4.09" length="5.00" nVehEntered="14"/>
    <interval begin="7100.00" end="7200.00" id="inductionLoop.E0" nVehContrib="11" flow="396.00" occupancy="5.85" speed="10.03" harmonicMeanSpeed="9.40" length="5.00" nVehEntered="11"/>
    <interval begin="7200.00" end="7300.00" id="inductionLoop.E0" nVehContrib="9" flow="324.00" occupancy="22.03" speed="7.46" harmonicMeanSpeed="2.13" length="5.00" nVehEntered="12"/>
    <interval begin="7300.00" end="7400.00" id="inductionLoop.E0" nVehContrib="9" flow="324.00" occupancy="4.88" speed="11.26" harmonicMeanSpeed="10.93" length="5.00" nVehEntered="11"/>
    <interval begin="7400.00" end="7500.00" id="inductionLoop.E0" nVehContrib="8" flow="288.00" occupancy="4.89" speed="10.10" harmonicMeanSpeed="9.64" length="5.00" nVehEntered="11"/>
    <interval begin="7500.00" end="7600.00" id="inductionLoop.E0" nVehContrib="13" flow="468.00" occupancy="6.24" speed="10.81" harmonicMeanSpeed="10.41" length="5.00" nVehEntered="13"/>
    <interval begin="7600.00" end="7700.00" id="inductionLoop.E0" nVehContrib="10" flow="360.00" occupancy="5.26" speed="10.09" harmonicMeanSpeed="9.69" length="5.00" nVehEntered="11"/>
    <interval begin="7700.00" end="7800.00" id="inductionLoop.E0" nVehContrib="9" flow="324.00" occupancy="15.34" speed="9.15" harmonicMeanSpeed="2.93" length="5.00" nVehEntered="9"/>
    <interval begin="7800.00" end="7900.00" id="inductionLoop.E0" nVehContrib="7" flow="252.00" occupancy="4.27" speed="9.47" harmonicMeanSpeed="9.23" length="5.00" nVehEntered="9"/>
    <interval begin="7900.00" end="8000.00" id="inductionLoop.E0" nVehContrib="7" flow="252.00" occupancy="3.64" speed="12.24" harmonicMeanSpeed="11.92" length="5.00" nVehEntered="10"/>
    <interval begin="8000.00" end="8100.00" id="inductionLoop.E0" nVehContrib="7" flow="252.00" occupancy="3.09" speed="11.62" harmonicMeanSpeed="11.33" length="5.00" nVehEntered="7"/>
    <interval begin="8100.00" end="8200.00" id="inductionLoop.E0" nVehContrib="9" flow="324.00" occupancy="4.61" speed="10.97" harmonicMeanSpeed="10.69" length="5.00" nVehEntered="10"/>
    <interval begin="8200.00" end="8300.00" id="inductionLoop.E0" nVehContrib="10" flow="360.00" occupancy="6.76" speed="11.38" harmonicMeanSpeed="10.90" length="5.00" nVehEntered="15"/>
    <interval begin="8300.00" end="8400.00" id="inductionLoop.E0" nVehContrib="9" flow="324.00" occupancy="8.52" speed="9.81" harmonicMeanSpeed="5.33" length="5.00" nVehEntered="10"/>
    <interval begin="8400.00" end="8500.00" id="inductionLoop.E0" nVehContrib="9" flow="324.00" occupancy="4.50" speed="10.26" harmonicMeanSpeed="9.99" length="5.00" nVehEntered="9"/>
    <interval begin="8500.00" end="8600.00" id="inductionLoop.E0" nVehContrib="8" flow="288.00" occupancy="4.44" speed="10.54" harmonicMeanSpeed="9.46" length="5.00" nVehEntered="9"/>
    <interval begin="8600.00" end="8700.00" id="inductionLoop.E0" nVehContrib="11" flow="396.00" occupancy="6.91" speed="9.43" harmonicMeanSpeed="8.21" length="5.00" nVehEntered="12"/>
    <interval begin="8700.00" end="8800.00" id="inductionLoop.E0" nVehContrib="4" flow="144.00" occupancy="9.36" speed="6.79" harmonicMeanSpeed="2.42" length="5.00" nVehEntered="7"/>
    <interval begin="8800.00" end="8900.00" id="inductionLoop.E0" nVehContrib="8" flow="288.00" occupancy="7.40" speed="11.59" harmonicMeanSpeed="11.12" length="5.00" nVehEntered="11"/>
    <interval begin="8900.00" end="9000.00" id="inductionLoop.E0" nVehContrib="7" flow="252.00" occupancy="3.79" speed="11.07" harmonicMeanSpeed="10.72" length="5.00" nVehEntered="8"/>
    <interval begin="9000.00" end="9100.00" id="inductionLoop.E0" nVehContrib="5" flow="180.00" occupancy="2.31" speed="11.00" harmonicMeanSpeed="10.81" length="5.00" nVehEntered="5"/>
    <interval begin="9100.00" end="9200.00" id="inductionLoop.E0" nVehContrib="8" flow="288.00" occupancy="5.39" speed="10.39" harmonicMeanSpeed="9.99" length="5.00" nVehEntered="11"/>
    <interval begin="9200.00" end="9300.00" id="inductionLoop.E0" nVehContrib="7" flow="252.00" occupancy="8.50" speed="10.61" harmonicMeanSpeed="4.40" length="5.00" nVehEntered="8"/>
    <interval begin="9300.00" end="9400.00" id="inductionLoop.E0" nVehContrib="9" flow="324.00" occupancy="4.54" speed="10.44" harmonicMeanSpeed="10.17" length="5.00" nVehEntered="10"/>
    <interval begin="9400.00" end="9500.00" id="inductionLoop.E0" nVehContrib="13" flow="468.00" occupancy="6.31" speed="11.33" harmonicMeanSpeed="11.01" length="5.00" nVehEntered="15"/>
    <interval begin="9500.00" end="9600.00" id="inductionLoop.E0" nVehContrib="10" flow="360.00" occupancy="19.76" speed="9.33" harmonicMeanSpeed="2.60" length="5.00" nVehEntered="11"/>
    <interval begin="9600.00" end="9700.00" id="inductionLoop.E0" nVehContrib="6" flow="216.00" occupancy="4.05" speed="9.72" harmonicMeanSpeed="9.50" length="5.00" nVehEntered="9"/>
    <interval begin="9700.00" end="9800.00" id="inductionLoop.E0" nVehContrib="6" flow="216.00" occupancy="2.44" speed="12.54" harmonicMeanSpeed="12.29" length="5.00" nVehEntered="6"/>
    <interval begin="9800.00" end="9900.00" id="inductionLoop.E0" nVehContrib="10" flow="360.00" occupancy="5.69" speed="10.51" harmonicMeanSpeed="9.98" length="5.00" nVehEntered="11"/>
    <interval begin="9900.00" end="10000.00" id="inductionLoop.E0" nVehContrib="8" flow="288.00" occupancy="4.04" speed="11.11" harmonicMeanSpeed="10.82" length="5.00" nVehEntered="10"/>
    <interval begin="10000.00" end="10100.00" id="inductionLoop.E0" nVehContrib="9" flow="324.00" occupancy="6.56" speed="9.22" harmonicMeanSpeed="6.90" length="5.00" nVehEntered="10"/>
    <interval begin="10100.00" end="10200.00" id="inductionLoop.E0" nVehContrib="12" flow="432.00" occupancy="5.77" speed="11.19" harmonicMeanSpeed="10.76" length="5.00" nVehEntered="13"/>
    <interval begin="10200.00" end="10300.00" id="inductionLoop.E0" nVehContrib="11" flow="396.00" occupancy="7.20" speed="11.75" harmonicMeanSpeed="11.25" length="5.00" nVehEntered="13"/>
    <interval begin="10300.00" end="10400.00" id="inductionLoop.E0" nVehContrib="8" flow="288.00" occupancy="4.66" speed="11.03" harmonicMeanSpeed="10.58" length="5.00" nVehEntered="10"/>
    <interval begin="10400.00" end="10500.00" id="inductionLoop.E0" nVehContrib="10" flow="360.00" occupancy="10.26" speed="8.58" harmonicMeanSpeed="6.42" length="5.00" nVehEntered="12"/>
    <interval begin="10500.00" end="10600.00" id="inductionLoop.E0" nVehContrib="12" flow="432.00" occupancy="6.86" speed="10.37" harmonicMeanSpeed="6.70" length="5.00" nVehEntered="12"/>
    <interval begin="10600.00" end="10700.00" id="inductionLoop.E0" nVehContrib="9" flow="324.00" occupancy="12.29" speed="9.24" harmonicMeanSpeed="4.07" length="5.00" nVehEntered="13"/>
    <interval begin="10700.00" end="10800.00" id="inductionLoop.E0" nVehContrib="8" flow="288.00" occupancy="19.27" speed="10.15" harmonicMeanSpeed="2.46" length="5.00" nVehEntered="8"/>
    <interval begin="10800.00" end="10900.00" id="inductionLoop.E0" nVehContrib="8" flow="288.00" occupancy="3.39" speed="11.97" harmonicMeanSpeed="11.80" length="5.00" nVehEntered="8"/>
    <interval begin="10900.00" end="11000.00" id="inductionLoop.E0" nVehContrib="8" flow="288.00" occupancy="4.04" speed="11.57" harmonicMeanSpeed="11.14" length="5.00" nVehEntered="9"/>
    <interval begin="11000.00" end="11100.00" id="inductionLoop.E0" nVehContrib="6" flow="216.00" occupancy="2.67" speed="12.03" harmonicMeanSpeed="11.77" length="5.00" nVehEntered="7"/>
    <interval begin="11100.00" end="11200.00" id="inductionLoop.E0" nVehContrib="12" flow="432.00" occupancy="6.75" speed="10.36" harmonicMeanSpeed="9.76" length="5.00" nVehEntered="13"/>
    <interval begin="11200.00" end="11300.00" id="inductionLoop.E0" nVehContrib="9" flow="324.00" occupancy="4.41" speed="12.16" harmonicMeanSpeed="11.81" length="5.00" nVehEntered="10"/>
    <interval begin="11300.00" end="11400.00" id="inductionLoop.E0" nVehContrib="6" flow="216.00" occupancy="4.25" speed="10.58" harmonicMeanSpeed="10.38" length="5.00" nVehEntered="8"/>
    <interval begin="11400.00" end="11500.00" id="inductionLoop.E0" nVehContrib="13" flow="468.00" occupancy="6.05" speed="11.33" harmonicMeanSpeed="10.74" length="5.00" nVehEntered="13"/>
    <interval begin="11500.00" end="11600.00" id="inductionLoop.E0" nVehContrib="7" flow="252.00" occupancy="4.21" speed="10.51" harmonicMeanSpeed="9.92" length="5.00" nVehEntered="10"/>
    <interval begin="11600.00" end="11700.00" id="inductionLoop.E0" nVehContrib="12" flow="432.00" occupancy="5.18" speed="11.85" harmonicMeanSpeed="11.59" length="5.00" nVehEntered="12"/>
    <interval begin="11700.00" end="11800.00" id="inductionLoop.E0" nVehContrib="13" flow="468.00" occupancy="5.69" speed="11.90" harmonicMeanSpeed="11.43" length="5.00" nVehEntered="13"/>
    <interval begin="11800.00" end="11900.00" id="inductionLoop.E0" nVehContrib="8" flow="288.00" occupancy="3.95" speed="10.44" harmonicMeanSpeed="10.13" length="5.00" nVehEntered="8"/>
    <interval begin="11900.00" end="12000.00" id="inductionLoop.E0" nVehContrib="9" flow="324.00" occupancy="5.62" speed="9.82" harmonicMeanSpeed="9.29" length="5.00" nVehEntered="12"/>
    <interval begin="12000.00" end="12100.00" id="inductionLoop.E0" nVehContrib="12" flow="432.00" occupancy="6.17" speed="10.98" harmonicMeanSpeed="10.63" length="5.00" nVehEntered="13"/>
    <interval begin="12100.00" end="12200.00" id="inductionLoop.E0" nVehContrib="11" flow="396.00" occupancy="9.54" speed="10.14" harmonicMeanSpeed="6.62" length="5.00" nVehEntered="14"/>
    <interval begin="12200.00" end="12300.00" id="inductionLoop.E0" nVehContrib="10" flow="360.00" occupancy="12.85" speed="8.77" harmonicMeanSpeed="4.19" length="5.00" nVehEntered="13"/>
    <interval begin="12300.00" end="12400.00" id="inductionLoop.E0" nVehContrib="8" flow="288.00" occupancy="5.82" speed="9.13" harmonicMeanSpeed="8.46" length="5.00" nVehEntered="9"/>
    <interval begin="12400.00" end="12500.00" id="inductionLoop.E0" nVehContrib="10" flow="360.00" occupancy="25.80" speed="9.72" harmonicMeanSpeed="3.15" length="5.00" nVehEntered="12"/>
    <interval begin="12500.00" end="12600.00" id="inductionLoop.E0" nVehContrib="9" flow="324.00" occupancy="22.41" speed="7.41" harmonicMeanSpeed="1.43" length="5.00" nVehEntered="8"/>
    <interval begin="12600.00" end="12700.00" id="inductionLoop.E0" nVehContrib="11" flow="396.00" occupancy="20.58" speed="8.30" harmonicMeanSpeed="2.67" length="5.00" nVehEntered="11"/>
    <interval begin="12700.00" end="12800.00" id="inductionLoop.E0" nVehContrib="11" flow="396.00" occupancy="6.65" speed="11.76" harmonicMeanSpeed="11.45" length="5.00" nVehEntered="12"/>
    <interval begin="12800.00" end="12900.00" id="inductionLoop.E0" nVehContrib="9" flow="324.00" occupancy="14.32" speed="8.44" harmonicMeanSpeed="3.14" length="5.00" nVehEntered="9"/>
    <interval begin="12900.00" end="13000.00" id="inductionLoop.E0" nVehContrib="10" flow="360.00" occupancy="5.52" speed="11.34" harmonicMeanSpeed="11.13" length="5.00" nVehEntered="11"/>
    <interval begin="13000.00" end="13100.00" id="inductionLoop.E0" nVehContrib="10" flow="360.00" occupancy="14.27" speed="10.12" harmonicMeanSpeed="3.67" length="5.00" nVehEntered="11"/>
    <interval begin="13100.00" end="13200.00" id="inductionLoop.E0" nVehContrib="10" flow="360.00" occupancy="8.98" speed="9.65" harmonicMeanSpeed="6.59" length="5.00" nVehEntered="12"/>
    <interval begin="13200.00" end="13300.00" id="inductionLoop.E0" nVehContrib="10" flow="360.00" occupancy="10.77" speed="9.61" harmonicMeanSpeed="4.96" length="5.00" nVehEntered="12"/>
    <interval begin="13300.00" end="13400.00" id="inductionLoop.E0" nVehContrib="11" flow="396.00" occupancy="7.20" speed="9.28" harmonicMeanSpeed="8.61" length="5.00" nVehEntered="13"/>
    <interval begin="13400.00" end="13500.00" id="inductionLoop.E0" nVehContrib="11" flow="396.00" occupancy="7.84" speed="10.91" harmonicMeanSpeed="10.41" length="5.00" nVehEntered="15"/>
    <interval begin="13500.00" end="13600.00" id="inductionLoop.E0" nVehContrib="11" flow="396.00" occupancy="14.21" speed="9.40" harmonicMeanSpeed="3.87" length="5.00" nVehEntered="11"/>
    <interval begin="13600.00" end="13700.00" id="inductionLoop.E0" nVehContrib="12" flow="432.00" occupancy="6.90" speed="10.10" harmonicMeanSpeed="9.79" length="5.00" nVehEntered="14"/>
    <interval begin="13700.00" end="13800.00" id="inductionLoop.E0" nVehContrib="7" flow="252.00" occupancy="12.51" speed="7.97" harmonicMeanSpeed="3.68" length="5.00" nVehEntered="12"/>
    <interval begin="13800.00" end="13900.00" id="inductionLoop.E0" nVehContrib="9" flow="324.00" occupancy="15.01" speed="7.13" harmonicMeanSpeed="3.07" length="5.00" nVehEntered="10"/>
    <interval begin="13900.00" end="14000.00" id="inductionLoop.E0" nVehContrib="11" flow="396.00" occupancy="9.22" speed="9.55" harmonicMeanSpeed="6.49" length="5.00" nVehEntered="12"/>
    <interval begin="14000.00" end="14100.00" id="inductionLoop.E0" nVehContrib="12" flow="432.00" occupancy="7.26" speed="9.79" harmonicMeanSpeed="8.58" length="5.00" nVehEntered="13"/>
    <interval begin="14100.00" end="14200.00" id="inductionLoop.E0" nVehContrib="8" flow="288.00" occupancy="13.24" speed="9.87" harmonicMeanSpeed="4.44" length="5.00" nVehEntered="12"/>
    <interval begin="14200.00" end="14300.00" id="inductionLoop.E0" nVehContrib="12" flow="432.00" occupancy="14.36" speed="10.03" harmonicMeanSpeed="4.22" length="5.00" nVehEntered="13"/>
    <interval begin="14300.00" end="14400.00" id="inductionLoop.E0" nVehContrib="8" flow="288.00" occupancy="5.12" speed="10.77" harmonicMeanSpeed="10.53" length="5.00" nVehEntered="9"/>
    <interval begin="14400.00" end="14500.00" id="inductionLoop.E0" nVehContrib="13" flow="468.00" occupancy="28.36" speed="9.41" harmonicMeanSpeed="2.65" length="5.00" nVehEntered="16"/>
    <interval begin="14500.00" end="14600.00" id="inductionLoop.E0" nVehContrib="12" flow="432.00" occupancy="9.41" speed="10.59" harmonicMeanSpeed="9.88" length="5.00" nVehEntered="16"/>
    <interval begin="14600.00" end="14700.00" id="inductionLoop.E0" nVehContrib="8" flow="288.00" occupancy="4.61" speed="10.74" harmonicMeanSpeed="10.38" length="5.00" nVehEntered="10"/>
    <interval begin="14700.00" end="14800.00" id="inductionLoop.E0" nVehContrib="12" flow="432.00" occupancy="31.79" speed="7.25" harmonicMeanSpeed="1.95" length="5.00" nVehEntered="14"/>
    <interval begin="14800.00" end="14900.00" id="inductionLoop.E0" nVehContrib="11" flow="396.00" occupancy="5.67" speed="11.83" harmonicMeanSpeed="11.49" length="5.00" nVehEntered="12"/>
    <interval begin="14900.00" end="15000.00" id="inductionLoop.E0" nVehContrib="9" flow="324.00" occupancy="4.65" speed="10.95" harmonicMeanSpeed="10.61" length="5.00" nVehEntered="11"/>
    <interval begin="15000.00" end="15100.00" id="inductionLoop.E0" nVehContrib="15" flow="540.00" occupancy="9.11" speed="9.92" harmonicMeanSpeed="8.29" length="5.00" nVehEntered="15"/>
    <interval begin="15100.00" end="15200.00" id="inductionLoop.E0" nVehContrib="10" flow="360.00" occupancy="21.65" speed="7.77" harmonicMeanSpeed="2.35" length="5.00" nVehEntered="11"/>
    <interval begin="15200.00" end="15300.00" id="inductionLoop.E0" nVehContrib="8" flow="288.00" occupancy="6.18" speed="9.62" harmonicMeanSpeed="8.64" length="5.00" nVehEntered="10"/>
    <interval begin="15300.00" end="15400.00" id="inductionLoop.E0" nVehContrib="9" flow="324.00" occupancy="14.36" speed="9.99" harmonicMeanSpeed="6.35" length="5.00" nVehEntered="12"/>
    <interval begin="15400.00" end="15500.00" id="inductionLoop.E0" nVehContrib="17" flow="612.00" occupancy="25.59" speed="9.06" harmonicMeanSpeed="2.76" length="5.00" nVehEntered="18"/>
    <interval begin="15500.00" end="15600.00" id="inductionLoop.E0" nVehContrib="11" flow="396.00" occupancy="15.16" speed="9.16" harmonicMeanSpeed="4.42" length="5.00" nVehEntered="13"/>
    <interval begin="15600.00" end="15700.00" id="inductionLoop.E0" nVehContrib="14" flow="504.00" occupancy="7.98" speed="10.42" harmonicMeanSpeed="10.13" length="5.00" nVehEntered="15"/>
    <interval begin="15700.00" end="15800.00" id="inductionLoop.E0" nVehContrib="13" flow="468.00" occupancy="23.53" speed="10.61" harmonicMeanSpeed="6.24" length="5.00" nVehEntered="15"/>
    <interval begin="15800.00" end="15900.00" id="inductionLoop.E0" nVehContrib="16" flow="576.00" occupancy="26.48" speed="8.54" harmonicMeanSpeed="2.11" length="5.00" nVehEntered="15"/>
    <interval begin="15900.00" end="16000.00" id="inductionLoop.E0" nVehContrib="12" flow="432.00" occupancy="22.08" speed="7.69" harmonicMeanSpeed="2.87" length="5.00" nVehEntered="14"/>
    <interval begin="16000.00" end="16100.00" id="inductionLoop.E0" nVehContrib="12" flow="432.00" occupancy="32.21" speed="7.84" harmonicMeanSpeed="1.86" length="5.00" nVehEntered="12"/>
    <interval begin="16100.00" end="16200.00" id="inductionLoop.E0" nVehContrib="13" flow="468.00" occupancy="23.49" speed="8.93" harmonicMeanSpeed="2.85" length="5.00" nVehEntered="15"/>
    <interval begin="16200.00" end="16300.00" id="inductionLoop.E0" nVehContrib="13" flow="468.00" occupancy="42.98" speed="8.58" harmonicMeanSpeed="1.73" length="5.00" nVehEntered="15"/>
    <interval begin="16300.00" end="16400.00" id="inductionLoop.E0" nVehContrib="13" flow="468.00" occupancy="37.96" speed="7.35" harmonicMeanSpeed="2.19" length="5.00" nVehEntered="14"/>
    <interval begin="16400.00" end="16500.00" id="inductionLoop.E0" nVehContrib="12" flow="432.00" occupancy="48.70" speed="6.71" harmonicMeanSpeed="0.98" length="5.00" nVehEntered="11"/>
    <interval begin="16500.00" end="16600.00" id="inductionLoop.E0" nVehContrib="16" flow="576.00" occupancy="23.71" speed="7.44" harmonicMeanSpeed="3.40" length="5.00" nVehEntered="18"/>
    <interval begin="16600.00" end="16700.00" id="inductionLoop.E0" nVehContrib="8" flow="288.00" occupancy="49.89" speed="7.74" harmonicMeanSpeed="1.43" length="5.00" nVehEntered="10"/>
    <interval begin="16700.00" end="16800.00" id="inductionLoop.E0" nVehContrib="14" flow="504.00" occupancy="40.56" speed="6.18" harmonicMeanSpeed="1.20" length="5.00" nVehEntered="14"/>
    <interval begin="16800.00" end="16900.00" id="inductionLoop.E0" nVehContrib="13" flow="468.00" occupancy="40.90" speed="8.36" harmonicMeanSpeed="3.12" length="5.00" nVehEntered="16"/>
    <interval begin="16900.00" end="17000.00" id="inductionLoop.E0" nVehContrib="18" flow="648.00" occupancy="23.42" speed="8.00" harmonicMeanSpeed="2.15" length="5.00" nVehEntered="19"/>
    <interval begin="17000.00" end="17100.00" id="inductionLoop.E0" nVehContrib="16" flow="576.00" occupancy="19.50" speed="9.38" harmonicMeanSpeed="4.48" length="5.00" nVehEntered="17"/>
    <interval begin="17100.00" end="17200.00" id="inductionLoop.E0" nVehContrib="17" flow="612.00" occupancy="25.04" speed="8.89" harmonicMeanSpeed="3.47" length="5.00" nVehEntered="18"/>
    <interval begin="17200.00" end="17300.00" id="inductionLoop.E0" nVehContrib="14" flow="504.00" occupancy="34.28" speed="9.50" harmonicMeanSpeed="3.60" length="5.00" nVehEntered="15"/>
    <interval begin="17300.00" end="17400.00" id="inductionLoop.E0" nVehContrib="19" flow="684.00" occupancy="43.92" speed="7.71" harmonicMeanSpeed="1.90" length="5.00" nVehEntered="21"/>
    <interval begin="17400.00" end="17500.00" id="inductionLoop.E0" nVehContrib="13" flow="468.00" occupancy="48.87" speed="8.71" harmonicMeanSpeed="1.91" length="5.00" nVehEntered="14"/>
    <interval begin="17500.00" end="17600.00" id="inductionLoop.E0" nVehContrib="17" flow="612.00" occupancy="51.50" speed="7.28" harmonicMeanSpeed="1.39" length="5.00" nVehEntered="18"/>
    <interval begin="17600.00" end="17700.00" id="inductionLoop.E0" nVehContrib="18" flow="648.00" occupancy="46.80" speed="7.65" harmonicMeanSpeed="1.53" length="5.00" nVehEntered="17"/>
    <interval begin="17700.00" end="17800.00" id="inductionLoop.E0" nVehContrib="16" flow="576.00" occupancy="44.25" speed="7.74" harmonicMeanSpeed="1.81" length="5.00" nVehEntered="16"/>
    <interval begin="17800.00" end="17900.00" id="inductionLoop.E0" nVehContrib="15" flow="540.00" occupancy="53.59" speed="7.37" harmonicMeanSpeed="1.40" length="5.00" nVehEntered="15"/>
    <interval begin="17900.00" end="18000.00" id="inductionLoop.E0" nVehContrib="13" flow="468.00" occupancy="49.14" speed="7.76" harmonicMeanSpeed="1.32" length="5.00" nVehEntered="13"/>
    <interval begin="18000.00" end="18100.00" id="inductionLoop.E0" nVehContrib="17" flow="612.00" occupancy="35.18" speed="7.78" harmonicMeanSpeed="2.44" length="5.00" nVehEntered="18"/>
    <interval begin="18100.00" end="18200.00" id="inductionLoop.E0" nVehContrib="19" flow="684.00" occupancy="32.67" speed="9.22" harmonicMeanSpeed="3.76" length="5.00" nVehEntered="19"/>
    <interval begin="18200.00" end="18300.00" id="inductionLoop.E0" nVehContrib="17" flow="612.00" occupancy="59.91" speed="7.23" harmonicMeanSpeed="1.26" length="5.00" nVehEntered="17"/>
    <interval begin="18300.00" end="18400.00" id="inductionLoop.E0" nVehContrib="12" flow="432.00" occupancy="75.03" speed="5.57" harmonicMeanSpeed="0.80" length="5.00" nVehEntered="12"/>
    <interval begin="18400.00" end="18500.00" id="inductionLoop.E0" nVehContrib="17" flow="612.00" occupancy="41.79" speed="8.68" harmonicMeanSpeed="2.38" length="5.00" nVehEntered="18"/>
    <interval begin="18500.00" end="18600.00" id="inductionLoop.E0" nVehContrib="17" flow="612.00" occupancy="48.84" speed="7.68" harmonicMeanSpeed="2.03" length="5.00" nVehEntered="17"/>
    <interval begin="18600.00" end="18700.00" id="inductionLoop.E0" nVehContrib="16" flow="576.00" occupancy="49.28" speed="7.94" harmonicMeanSpeed="1.34" length="5.00" nVehEntered="17"/>
    <interval begin="18700.00" end="18800.00" id="inductionLoop.E0" nVehContrib="20" flow="720.00" occupancy="45.58" speed="8.60" harmonicMeanSpeed="2.22" length="5.00" nVehEntered="21"/>
    <interval begin="18800.00" end="18900.00" id="inductionLoop.E0" nVehContrib="19" flow="684.00" occupancy="44.54" speed="7.45" harmonicMeanSpeed="2.13" length="5.00" nVehEntered="19"/>
    <interval begin="18900.00" end="19000.00" id="inductionLoop.E0" nVehContrib="17" flow="612.00" occupancy="49.96" speed="7.12" harmonicMeanSpeed="1.72" length="5.00" nVehEntered="18"/>
    <interval begin="19000.00" end="19100.00" id="inductionLoop.E0" nVehContrib="18" flow="648.00" occupancy="58.48" speed="6.69" harmonicMeanSpeed="1.57" length="5.00" nVehEntered="20"/>
    <interval begin="19100.00" end="19200.00" id="inductionLoop.E0" nVehContrib="13" flow="468.00" occupancy="63.19" speed="5.72" harmonicMeanSpeed="1.04" length="5.00" nVehEntered="15"/>
    <interval begin="19200.00" end="19300.00" id="inductionLoop.E0" nVehContrib="18" flow="648.00" occupancy="55.19" speed="7.14" harmonicMeanSpeed="1.65" length="5.00" nVehEntered="19"/>
    <interval begin="19300.00" end="19400.00" id="inductionLoop.E0" nVehContrib="19" flow="684.00" occupancy="65.26" speed="7.15" harmonicMeanSpeed="1.44" length="5.00" nVehEntered="18"/>
    <interval begin="19400.00" end="19500.00" id="inductionLoop.E0" nVehContrib="16" flow="576.00" occupancy="60.53" speed="7.05" harmonicMeanSpeed="1.32" length="5.00" nVehEntered="16"/>
    <interval begin="19500.00" end="19600.00" id="inductionLoop.E0" nVehContrib="20" flow="720.00" occupancy="54.46" speed="8.32" harmonicMeanSpeed="2.61" length="5.00" nVehEntered="21"/>
    <interval begin="19600.00" end="19700.00" id="inductionLoop.E0" nVehContrib="19" flow="684.00" occupancy="68.48" speed="7.26" harmonicMeanSpeed="1.33" length="5.00" nVehEntered="19"/>
    <interval begin="19700.00" end="19800.00" id="inductionLoop.E0" nVehContrib="16" flow="576.00" occupancy="66.54" speed="6.78" harmonicMeanSpeed="1.24" length="5.00" nVehEntered="16"/>
    <interval begin="19800.00" end="19900.00" id="inductionLoop.E0" nVehContrib="17" flow="612.00" occupancy="72.96" speed="7.71" harmonicMeanSpeed="0.97" length="5.00" nVehEntered="17"/>
    <interval begin="19900.00" end="20000.00" id="inductionLoop.E0" nVehContrib="15" flow="540.00" occupancy="56.79" speed="7.04" harmonicMeanSpeed="1.56" length="5.00" nVehEntered="16"/>
    <interval begin="20000.00" end="20100.00" id="inductionLoop.E0" nVehContrib="11" flow="396.00" occupancy="65.79" speed="5.47" harmonicMeanSpeed="1.07" length="5.00" nVehEntered="11"/>
    <interval begin="20100.00" end="20200.00" id="inductionLoop.E0" nVehContrib="12" flow="432.00" occupancy="73.13" speed="5.75" harmonicMeanSpeed="0.89" length="5.00" nVehEntered="12"/>
    <interval begin="20200.00" end="20300.00" id="inductionLoop.E0" nVehContrib="16" flow="576.00" occupancy="62.49" speed="6.48" harmonicMeanSpeed="0.94" length="5.00" nVehEntered="16"/>
    <interval begin="20300.00" end="20400.00" id="inductionLoop.E0" nVehContrib="10" flow="360.00" occupancy="82.37" speed="5.34" harmonicMeanSpeed="0.56" length="5.00" nVehEntered="9"/>
    <interval begin="20400.00" end="20500.00" id="inductionLoop.E0" nVehContrib="13" flow="468.00" occupancy="69.12" speed="6.08" harmonicMeanSpeed="0.94" length="5.00" nVehEntered="13"/>
    <interval begin="20500.00" end="20600.00" id="inductionLoop.E0" nVehContrib="17" flow="612.00" occupancy="65.03" speed="8.04" harmonicMeanSpeed="1.41" length="5.00" nVehEntered="18"/>
    <interval begin="20600.00" end="20700.00" id="inductionLoop.E0" nVehContrib="12" flow="432.00" occupancy="78.00" speed="6.53" harmonicMeanSpeed="0.73" length="5.00" nVehEntered="11"/>
    <interval begin="20700.00" end="20800.00" id="inductionLoop.E0" nVehContrib="17" flow="612.00" occupancy="34.44" speed="7.95" harmonicMeanSpeed="6.27" length="5.00" nVehEntered="18"/>
    <interval begin="20800.00" end="20900.00" id="inductionLoop.E0" nVehContrib="14" flow="504.00" occupancy="65.03" speed="6.36" harmonicMeanSpeed="0.81" length="5.00" nVehEntered="13"/>
    <interval begin="20900.00" end="21000.00" id="inductionLoop.E0" nVehContrib="9" flow="324.00" occupancy="61.47" speed="7.53" harmonicMeanSpeed="1.00" length="5.00" nVehEntered="10"/>
    <interval begin="21000.00" end="21100.00" id="inductionLoop.E0" nVehContrib="17" flow="612.00" occupancy="50.67" speed="6.86" harmonicMeanSpeed="1.27" length="5.00" nVehEntered="17"/>
    <interval begin="21100.00" end="21200.00" id="inductionLoop.E0" nVehContrib="10" flow="360.00" occupancy="75.02" speed="7.64" harmonicMeanSpeed="1.14" length="5.00" nVehEntered="11"/>
    <interval begin="21200.00" end="21300.00" id="inductionLoop.E0" nVehContrib="19" flow="684.00" occupancy="67.73" speed="6.89" harmonicMeanSpeed="1.12" length="5.00" nVehEntered="19"/>
    <interval begin="21300.00" end="21400.00" id="inductionLoop.E0" nVehContrib="16" flow="576.00" occupancy="66.68" speed="7.26" harmonicMeanSpeed="0.99" length="5.00" nVehEntered="15"/>
    <interval begin="21400.00" end="21500.00" id="inductionLoop.E0" nVehContrib="12" flow="432.00" occupancy="70.46" speed="7.41" harmonicMeanSpeed="1.60" length="5.00" nVehEntered="13"/>
    <interval begin="21500.00" end="21600.00" id="inductionLoop.E0" nVehContrib="16" flow="576.00" occupancy="70.25" speed="6.54" harmonicMeanSpeed="0.78" length="5.00" nVehEntered="16"/>
    <interval begin="21600.00" end="21700.00" id="inductionLoop.E0" nVehContrib="10" flow="360.00" occupancy="80.72" speed="6.82" harmonicMeanSpeed="0.89" length="5.00" nVehEntered="10"/>
    <interval begin="21700.00" end="21800.00" id="inductionLoop.E0" nVehContrib="16" flow="576.00" occupancy="73.72" speed="6.36" harmonicMeanSpeed="0.81" length="5.00" nVehEntered="15"/>
    <interval begin="21800.00" end="21900.00" id="inductionLoop.E0" nVehContrib="14" flow="504.00" occupancy="75.69" speed="8.27" harmonicMeanSpeed="1.27" length="5.00" nVehEntered="15"/>
    <interval begin="21900.00" end="22000.00" id="inductionLoop.E0" nVehContrib="13" flow="468.00" occupancy="76.76" speed="6.03" harmonicMeanSpeed="0.67" length="5.00" nVehEntered="13"/>
    <interval begin="22000.00" end="22100.00" id="inductionLoop.E0" nVehContrib="19" flow="684.00" occupancy="70.46" speed="8.70" harmonicMeanSpeed="1.67" length="5.00" nVehEntered="19"/>
    <interval begin="22100.00" end="22200.00" id="inductionLoop.E0" nVehContrib="12" flow="432.00" occupancy="79.94" speed="8.15" harmonicMeanSpeed="1.08" length="5.00" nVehEntered="12"/>
    <interval begin="22200.00" end="22300.00" id="inductionLoop.E0" nVehContrib="14" flow="504.00" occupancy="77.37" speed="7.45" harmonicMeanSpeed="0.61" length="5.00" nVehEntered="14"/>
    <interval begin="22300.00" end="22400.00" id="inductionLoop.E0" nVehContrib="23" flow="828.00" occupancy="63.23" speed="8.68" harmonicMeanSpeed="1.80" length="5.00" nVehEntered="23"/>
    <interval begin="22400.00" end="22500.00" id="inductionLoop.E0" nVehContrib="12" flow="432.00" occupancy="80.30" speed="8.13" harmonicMeanSpeed="1.05" length="5.00" nVehEntered="12"/>
    <interval begin="22500.00" end="22600.00" id="inductionLoop.E0" nVehContrib="12" flow="432.00" occupancy="80.90" speed="7.68" harmonicMeanSpeed="1.08" length="5.00" nVehEntered="12"/>
    <interval begin="22600.00" end="22700.00" id="inductionLoop.E0" nVehContrib="21" flow="756.00" occupancy="66.34" speed="7.40" harmonicMeanSpeed="0.91" length="5.00" nVehEntered="20"/>
    <interval begin="22700.00" end="22800.00" id="inductionLoop.E0" nVehContrib="11" flow="396.00" occupancy="80.38" speed="7.59" harmonicMeanSpeed="0.99" length="5.00" nVehEntered="12"/>
    <interval begin="22800.00" end="22900.00" id="inductionLoop.E0" nVehContrib="11" flow="396.00" occupancy="80.41" speed="7.00" harmonicMeanSpeed="0.53" length="5.00" nVehEntered="11"/>
    <interval begin="22900.00" end="23000.00" id="inductionLoop.E0" nVehContrib="22" flow="792.00" occupancy="65.96" speed="8.17" harmonicMeanSpeed="1.65" length="5.00" nVehEntered="21"/>
    <interval begin="23000.00" end="23100.00" id="inductionLoop.E0" nVehContrib="15" flow="540.00" occupancy="74.45" speed="8.71" harmonicMeanSpeed="1.27" length="5.00" nVehEntered="16"/>
    <interval begin="23100.00" end="23200.00" id="inductionLoop.E0" nVehContrib="12" flow="432.00" occupancy="80.04" speed="7.84" harmonicMeanSpeed="0.91" length="5.00" nVehEntered="12"/>
    <interval begin="23200.00" end="23300.00" id="inductionLoop.E0" nVehContrib="18" flow="648.00" occupancy="71.89" speed="8.92" harmonicMeanSpeed="1.41" length="5.00" nVehEntered="18"/>
    <interval begin="23300.00" end="23400.00" id="inductionLoop.E0" nVehContrib="15" flow="540.00" occupancy="75.79" speed="8.53" harmonicMeanSpeed="1.08" length="5.00" nVehEntered="15"/>
    <interval begin="23400.00" end="23500.00" id="inductionLoop.E0" nVehContrib="21" flow="756.00" occupancy="36.46" speed="8.84" harmonicMeanSpeed="1.31" length="5.00" nVehEntered="20"/>
    <interval begin="23500.00" end="23600.00" id="inductionLoop.E0" nVehContrib="11" flow="396.00" occupancy="53.70" speed="8.70" harmonicMeanSpeed="7.47" length="5.00" nVehEntered="12"/>
    <interval begin="23600.00" end="23700.00" id="inductionLoop.E0" nVehContrib="10" flow="360.00" occupancy="80.49" speed="5.56" harmonicMeanSpeed="0.39" length="5.00" nVehEntered="10"/>
    <interval begin="23700.00" end="23800.00" id="inductionLoop.E0" nVehContrib="14" flow="504.00" occupancy="70.27" speed="7.08" harmonicMeanSpeed="1.03" length="5.00" nVehEntered="14"/>
    <interval begin="23800.00" end="23900.00" id="inductionLoop.E0" nVehContrib="6" flow="216.00" occupancy="79.61" speed="5.23" harmonicMeanSpeed="0.55" length="5.00" nVehEntered="6"/>
    <interval begin="23900.00" end="24000.00" id="inductionLoop.E0" nVehContrib="14" flow="504.00" occupancy="76.44" speed="5.97" harmonicMeanSpeed="0.68" length="5.00" nVehEntered="13"/>
    <interval begin="24000.00" end="24100.00" id="inductionLoop.E0" nVehContrib="14" flow="504.00" occupancy="63.23" speed="8.03" harmonicMeanSpeed="1.11" length="5.00" nVehEntered="15"/>
    <interval begin="24100.00" end="24200.00" id="inductionLoop.E0" nVehContrib="8" flow="288.00" occupancy="82.01" speed="6.39" harmonicMeanSpeed="0.64" length="5.00" nVehEntered="8"/>
    <interval begin="24200.00" end="24300.00" id="inductionLoop.E0" nVehContrib="10" flow="360.00" occupancy="72.79" speed="7.60" harmonicMeanSpeed="0.82" length="5.00" nVehEntered="11"/>
    <interval begin="24300.00" end="24400.00" id="inductionLoop.E0" nVehContrib="14" flow="504.00" occupancy="62.99" speed="6.30" harmonicMeanSpeed="0.77" length="5.00" nVehEntered="14"/>
    <interval begin="24400.00" end="24500.00" id="inductionLoop.E0" nVehContrib="9" flow="324.00" occupancy="78.80" speed="5.00" harmonicMeanSpeed="0.55" length="5.00" nVehEntered="9"/>
    <interval begin="24500.00" end="24600.00" id="inductionLoop.E0" nVehContrib="14" flow="504.00" occupancy="73.36" speed="7.21" harmonicMeanSpeed="1.31" length="5.00" nVehEntered="15"/>
    <interval begin="24600.00" end="24700.00" id="inductionLoop.E0" nVehContrib="10" flow="360.00" occupancy="72.94" speed="6.18" harmonicMeanSpeed="0.54" length="5.00" nVehEntered="9"/>
    <interval begin="24700.00" end="24800.00" id="inductionLoop.E0" nVehContrib="11" flow="396.00" occupancy="53.29" speed="6.59" harmonicMeanSpeed="1.05" length="5.00" nVehEntered="12"/>
    <interval begin="24800.00" end="24900.00" id="inductionLoop.E0" nVehContrib="10" flow="360.00" occupancy="45.21" speed="7.65" harmonicMeanSpeed="1.18" length="5.00" nVehEntered="11"/>
    <interval begin="24900.00" end="25000.00" id="inductionLoop.E0" nVehContrib="8" flow="288.00" occupancy="54.02" speed="8.35" harmonicMeanSpeed="1.64" length="5.00" nVehEntered="9"/>
    <interval begin="25000.00" end="25100.00" id="inductionLoop.E0" nVehContrib="11" flow="396.00" occupancy="67.92" speed="6.69" harmonicMeanSpeed="0.56" length="5.00" nVehEntered="11"/>
    <interval begin="25100.00" end="25200.00" id="inductionLoop.E0" nVehContrib="12" flow="432.00" occupancy="51.33" speed="8.22" harmonicMeanSpeed="1.17" length="5.00" nVehEntered="12"/>
    <interval begin="25200.00" end="25300.00" id="inductionLoop.E0" nVehContrib="12" flow="432.00" occupancy="51.75" speed="8.24" harmonicMeanSpeed="1.16" length="5.00" nVehEntered="12"/>
    <interval begin="25300.00" end="25400.00" id="inductionLoop.E0" nVehContrib="12" flow="432.00" occupancy="35.04" speed="8.54" harmonicMeanSpeed="1.73" length="5.00" nVehEntered="14"/>
    <interval begin="25400.00" end="25500.00" id="inductionLoop.E0" nVehContrib="10" flow="360.00" occupancy="52.96" speed="9.51" harmonicMeanSpeed="0.95" length="5.00" nVehEntered="12"/>
    <interval begin="25500.00" end="25600.00" id="inductionLoop.E0" nVehContrib="8" flow="288.00" occupancy="54.77" speed="7.55" harmonicMeanSpeed="0.73" length="5.00" nVehEntered="8"/>
    <interval begin="25600.00" end="25700.00" id="inductionLoop.E0" nVehContrib="7" flow="252.00" occupancy="9.74" speed="9.46" harmonicMeanSpeed="3.96" length="5.00" nVehEntered="8"/>
    <interval begin="25700.00" end="25800.00" id="inductionLoop.E0" nVehContrib="9" flow="324.00" occupancy="36.44" speed="8.83" harmonicMeanSpeed="1.34" length="5.00" nVehEntered="10"/>
    <interval begin="25800.00" end="25900.00" id="inductionLoop.E0" nVehContrib="8" flow="288.00" occupancy="41.79" speed="9.10" harmonicMeanSpeed="0.96" length="5.00" nVehEntered="9"/>
    <interval begin="25900.00" end="26000.00" id="inductionLoop.E0" nVehContrib="11" flow="396.00" occupancy="59.37" speed="8.06" harmonicMeanSpeed="0.93" length="5.00" nVehEntered="11"/>
    <interval begin="26000.00" end="26100.00" id="inductionLoop.E0" nVehContrib="10" flow="360.00" occupancy="60.12" speed="7.32" harmonicMeanSpeed="0.85" length="5.00" nVehEntered="12"/>
    <interval begin="26100.00" end="26200.00" id="inductionLoop.E0" nVehContrib="10" flow="360.00" occupancy="54.36" speed="8.22" harmonicMeanSpeed="0.92" length="5.00" nVehEntered="10"/>
    <interval begin="26200.00" end="26300.00" id="inductionLoop.E0" nVehContrib="15" flow="540.00" occupancy="63.47" speed="8.46" harmonicMeanSpeed="1.18" length="5.00" nVehEntered="15"/>
    <interval begin="26300.00" end="26400.00" id="inductionLoop.E0" nVehContrib="12" flow="432.00" occupancy="56.87" speed="10.45" harmonicMeanSpeed="10.03" length="5.00" nVehEntered="14"/>
    <interval begin="26400.00" end="26500.00" id="inductionLoop.E0" nVehContrib="17" flow="612.00" occupancy="38.23" speed="8.33" harmonicMeanSpeed="0.99" length="5.00" nVehEntered="18"/>
    <interval begin="26500.00" end="26600.00" id="inductionLoop.E0" nVehContrib="11" flow="396.00" occupancy="55.01" speed="8.09" harmonicMeanSpeed="1.00" length="5.00" nVehEntered="11"/>
    <interval begin="26600.00" end="26700.00" id="inductionLoop.E0" nVehContrib="14" flow="504.00" occupancy="41.98" speed="8.04" harmonicMeanSpeed="1.67" length="5.00" nVehEntered="14"/>
    <interval begin="26700.00" end="26800.00" id="inductionLoop.E0" nVehContrib="9" flow="324.00" occupancy="58.50" speed="8.96" harmonicMeanSpeed="1.20" length="5.00" nVehEntered="10"/>
    <interval begin="26800.00" end="26900.00" id="inductionLoop.E0" nVehContrib="10" flow="360.00" occupancy="66.27" speed="7.57" harmonicMeanSpeed="1.12" length="5.00" nVehEntered="13"/>
    <interval begin="26900.00" end="27000.00" id="inductionLoop.E0" nVehContrib="16" flow="576.00" occupancy="44.64" speed="7.07" harmonicMeanSpeed="0.93" length="5.00" nVehEntered="15"/>
    <interval begin="27000.00" end="27100.00" id="inductionLoop.E0" nVehContrib="14" flow="504.00" occupancy="20.79" speed="10.02" harmonicMeanSpeed="3.37" length="5.00" nVehEntered="14"/>
    <interval begin="27100.00" end="27200.00" id="inductionLoop.E0" nVehContrib="11" flow="396.00" occupancy="54.58" speed="7.73" harmonicMeanSpeed="1.01" length="5.00" nVehEntered="11"/>
    <interval begin="27200.00" end="27300.00" id="inductionLoop.E0" nVehContrib="15" flow="540.00" occupancy="32.55" speed="8.68" harmonicMeanSpeed="2.42" length="5.00" nVehEntered="18"/>
    <interval begin="27300.00" end="27400.00" id="inductionLoop.E0" nVehContrib="13" flow="468.00" occupancy="38.24" speed="8.37" harmonicMeanSpeed="1.68" length="5.00" nVehEntered="12"/>
    <interval begin="27400.00" end="27500.00" id="inductionLoop.E0" nVehContrib="7" flow="252.00" occupancy="4.04" speed="10.22" harmonicMeanSpeed="9.82" length="5.00" nVehEntered="10"/>
    <interval begin="27500.00" end="27600.00" id="inductionLoop.E0" nVehContrib="8" flow="288.00" occupancy="3.80" speed="10.79" harmonicMeanSpeed="10.61" length="5.00" nVehEntered="9"/>
    <interval begin="27600.00" end="27700.00" id="inductionLoop.E0" nVehContrib="5" flow="180.00" occupancy="2.41" speed="10.71" harmonicMeanSpeed="10.38" length="5.00" nVehEntered="5"/>
    <interval begin="27700.00" end="27800.00" id="inductionLoop.E0" nVehContrib="0" flow="0.00" occupancy="0.00" speed="-1.00" harmonicMeanSpeed="-1.00" length="-1.00" nVehEntered="0"/>
    <interval begin="27800.00" end="27900.00" id="inductionLoop.E0" nVehContrib="1" flow="36.00" occupancy="0.34" speed="14.72" harmonicMeanSpeed="14.72" length="5.00" nVehEntered="1"/>
    <interval begin="27900.00" end="28000.00" id="inductionLoop.E0" nVehContrib="0" flow="0.00" occupancy="0.00" speed="-1.00" harmonicMeanSpeed="-1.00" length="-1.00" nVehEntered="0"/>
    <interval begin="28000.00" end="28100.00" id="inductionLoop.E0" nVehContrib="0" flow="0.00" occupancy="0.00" speed="-1.00" harmonicMeanSpeed="-1.00" length="-1.00" nVehEntered="0"/>
    <interval begin="28100.00" end="28200.00" id="inductionLoop.E0" nVehContrib="0" flow="0.00" occupancy="0.00" speed="-1.00" harmonicMeanSpeed="-1.00" length="-1.00" nVehEntered="0"/>
    <interval begin="28200.00" end="28300.00" id="inductionLoop.E0" nVehContrib="0" flow="0.00" occupancy="0.00" speed="-1.00" harmonicMeanSpeed="-1.00" length="-1.00" nVehEntered="0"/>
    <interval begin="28300.00" end="28400.00" id="inductionLoop.E0" nVehContrib="2" flow="72.00" occupancy="0.86" speed="11.74" harmonicMeanSpeed="11.64" length="5.00" nVehEntered="2"/>
    <interval begin="28400.00" end="28500.00" id="inductionLoop.E0" nVehContrib="1" flow="36.00" occupancy="0.33" speed="15.05" harmonicMeanSpeed="15.05" length="5.00" nVehEntered="1"/>
    <interval begin="28500.00" end="28600.00" id="inductionLoop.E0" nVehContrib="1" flow="36.00" occupancy="0.39" speed="12.90" harmonicMeanSpeed="12.90" length="5.00" nVehEntered="1"/>
    <interval begin="28600.00" end="28700.00" id="inductionLoop.E0" nVehContrib="0" flow="0.00" occupancy="0.00" speed="-1.00" harmonicMeanSpeed="-1.00" length="-1.00" nVehEntered="0"/>
    <interval begin="28700.00" end="28800.00" id="inductionLoop.E0" nVehContrib="0" flow="0.00" occupancy="0.00" speed="-1.00" harmonicMeanSpeed="-1.00" length="-1.00" nVehEntered="0"/>
    <interval begin="28800.00" end="28900.00" id="inductionLoop.E0" nVehContrib="0" flow="0.00" occupancy="0.00" speed="-1.00" harmonicMeanSpeed="-1.00" length="-1.00" nVehEntered="0"/>
    <interval begin="28900.00" end="29000.00" id="inductionLoop.E0" nVehContrib="0" flow="0.00" occupancy="0.00" speed="-1.00" harmonicMeanSpeed="-1.00" length="-1.00" nVehEntered="0"/>
    <interval begin="29000.00" end="29100.00" id="inductionLoop.E0" nVehContrib="0" flow="0.00" occupancy="0.00" speed="-1.00" harmonicMeanSpeed="-1.00" length="-1.00" nVehEntered="0"/>
    <interval begin="29100.00" end="29200.00" id="inductionLoop.E0" nVehContrib="1" flow="36.00" occupancy="0.35" speed="14.11" harmonicMeanSpeed="14.11" length="5.00" nVehEntered="1"/>
    <interval begin="29200.00" end="29300.00" id="inductionLoop.E0" nVehContrib="0" flow="0.00" occupancy="0.00" speed="-1.00" harmonicMeanSpeed="-1.00" length="-1.00" nVehEntered="0"/>
    <interval begin="29300.00" end="29400.00" id="inductionLoop.E0" nVehContrib="0" flow="0.00" occupancy="0.00" speed="-1.00" harmonicMeanSpeed="-1.00" length="-1.00" nVehEntered="0"/>
    <interval begin="29400.00" end="29500.00" id="inductionLoop.E0" nVehContrib="0" flow="0.00" occupancy="0.00" speed="-1.00" harmonicMeanSpeed="-1.00" length="-1.00" nVehEntered="0"/>
    <interval begin="29500.00" end="29600.00" id="inductionLoop.E0" nVehContrib="1" flow="36.00" occupancy="0.35" speed="14.20" harmonicMeanSpeed="14.20" length="5.00" nVehEntered="1"/>
    <interval begin="29600.00" end="29700.00" id="inductionLoop.E0" nVehContrib="0" flow="0.00" occupancy="0.00" speed="-1.00" harmonicMeanSpeed="-1.00" length="-1.00" nVehEntered="0"/>
    <interval begin="29700.00" end="29800.00" id="inductionLoop.E0" nVehContrib="1" flow="36.00" occupancy="0.33" speed="15.38" harmonicMeanSpeed="15.38" length="5.00" nVehEntered="1"/>
    <interval begin="29800.00" end="29900.00" id="inductionLoop.E0" nVehContrib="3" flow="108.00" occupancy="1.00" speed="14.99" harmonicMeanSpeed="14.96" length="5.00" nVehEntered="3"/>
    <interval begin="29900.00" end="30000.00" id="inductionLoop.E0" nVehContrib="4" flow="144.00" occupancy="1.51" speed="13.41" harmonicMeanSpeed="13.27" length="5.00" nVehEntered="4"/>
    <interval begin="30000.00" end="30100.00" id="inductionLoop.E0" nVehContrib="2" flow="72.00" occupancy="0.82" speed="12.22" harmonicMeanSpeed="12.22" length="5.00" nVehEntered="2"/>
    <interval begin="30100.00" end="30200.00" id="inductionLoop.E0" nVehContrib="1" flow="36.00" occupancy="0.38" speed="13.03" harmonicMeanSpeed="13.03" length="5.00" nVehEntered="1"/>
    <interval begin="30200.00" end="30300.00" id="inductionLoop.E0" nVehContrib="0" flow="0.00" occupancy="0.00" speed="-1.00" harmonicMeanSpeed="-1.00" length="-1.00" nVehEntered="0"/>
    <interval begin="30300.00" end="30400.00" id="inductionLoop.E0" nVehContrib="1" flow="36.00" occupancy="0.37" speed="13.51" harmonicMeanSpeed="13.51" length="5.00" nVehEntered="1"/>
    <interval begin="30400.00" end="30500.00" id="inductionLoop.E0" nVehContrib="1" flow="36.00" occupancy="0.45" speed="11.17" harmonicMeanSpeed="11.17" length="5.00" nVehEntered="1"/>
    <interval begin="30500.00" end="30600.00" id="inductionLoop.E0" nVehContrib="3" flow="108.00" occupancy="1.09" speed="13.75" harmonicMeanSpeed="13.74" length="5.00" nVehEntered="3"/>
    <interval begin="30600.00" end="30700.00" id="inductionLoop.E0" nVehContrib="3" flow="108.00" occupancy="1.12" speed="13.53" harmonicMeanSpeed="13.41" length="5.00" nVehEntered="3"/>
    <interval begin="30700.00" end="30800.00" id="inductionLoop.E0" nVehContrib="7" flow="252.00" occupancy="3.07" speed="12.23" harmonicMeanSpeed="12.14" length="5.00" nVehEntered="8"/>
    <interval begin="30800.00" end="30900.00" id="inductionLoop.E0" nVehContrib="5" flow="180.00" occupancy="2.31" speed="12.59" harmonicMeanSpeed="12.13" length="5.00" nVehEntered="6"/>
    <interval begin="30900.00" end="31000.00" id="inductionLoop.E0" nVehContrib="9" flow="324.00" occupancy="4.00" speed="12.16" harmonicMeanSpeed="12.00" length="5.00" nVehEntered="10"/>
    <interval begin="31000.00" end="31100.00" id="inductionLoop.E0" nVehContrib="5" flow="180.00" occupancy="1.90" speed="13.32" harmonicMeanSpeed="13.19" length="5.00" nVehEntered="5"/>
    <interval begin="31100.00" end="31200.00" id="inductionLoop.E0" nVehContrib="5" flow="180.00" occupancy="2.12" speed="12.84" harmonicMeanSpeed="12.82" length="5.00" nVehEntered="6"/>
    <interval begin="31200.00" end="31300.00" id="inductionLoop.E0" nVehContrib="2" flow="72.00" occupancy="0.73" speed="13.72" harmonicMeanSpeed="13.70" length="5.00" nVehEntered="2"/>
    <interval begin="31300.00" end="31400.00" id="inductionLoop.E0" nVehContrib="1" flow="36.00" occupancy="0.36" speed="13.84" harmonicMeanSpeed="13.84" length="5.00" nVehEntered="1"/>
    <interval begin="31400.00" end="31500.00" id="inductionLoop.E0" nVehContrib="1" flow="36.00" occupancy="0.39" speed="12.97" harmonicMeanSpeed="12.97" length="5.00" nVehEntered="1"/>
    <interval begin="31500.00" end="31600.00" id="inductionLoop.E0" nVehContrib="0" flow="0.00" occupancy="0.00" speed="-1.00" harmonicMeanSpeed="-1.00" length="-1.00" nVehEntered="0"/>
    <interval begin="31600.00" end="31700.00" id="inductionLoop.E0" nVehContrib="0" flow="0.00" occupancy="0.00" speed="-1.00" harmonicMeanSpeed="-1.00" length="-1.00" nVehEntered="0"/>
    <interval begin="31700.00" end="31800.00" id="inductionLoop.E0" nVehContrib="0" flow="0.00" occupancy="0.00" speed="-1.00" harmonicMeanSpeed="-1.00" length="-1.00" nVehEntered="0"/>
    <interval begin="31800.00" end="31900.00" id="inductionLoop.E0" nVehContrib="0" flow="0.00" occupancy="0.00" speed="-1.00" harmonicMeanSpeed="-1.00" length="-1.00" nVehEntered="0"/>
    <interval begin="31900.00" end="32000.00" id="inductionLoop.E0" nVehContrib="0" flow="0.00" occupancy="0.00" speed="-1.00" harmonicMeanSpeed="-1.00" length="-1.00" nVehEntered="0"/>
    <interval begin="32000.00" end="32100.00" id="inductionLoop.E0" nVehContrib="0" flow="0.00" occupancy="0.00" speed="-1.00" harmonicMeanSpeed="-1.00" length="-1.00" nVehEntered="0"/>
    <interval begin="32100.00" end="32200.00" id="inductionLoop.E0" nVehContrib="1" flow="36.00" occupancy="0.46" speed="12.72" harmonicMeanSpeed="12.72" length="5.00" nVehEntered="2"/>
    <interval begin="32200.00" end="32300.00" id="inductionLoop.E0" nVehContrib="0" flow="0.00" occupancy="0.00" speed="-1.00" harmonicMeanSpeed="-1.00" length="-1.00" nVehEntered="0"/>
    <interval begin="32300.00" end="32400.00" id="inductionLoop.E0" nVehContrib="0" flow="0.00" occupancy="0.00" speed="-1.00" harmonicMeanSpeed="-1.00" length="-1.00" nVehEntered="0"/>
    <interval begin="32400.00" end="32500.00" id="inductionLoop.E0" nVehContrib="0" flow="0.00" occupancy="0.00" speed="-1.00" harmonicMeanSpeed="-1.00" length="-1.00" nVehEntered="0"/>
    <interval begin="32500.00" end="32600.00" id="inductionLoop.E0" nVehContrib="0" flow="0.00" occupancy="0.00" speed="-1.00" harmonicMeanSpeed="-1.00" length="-1.00" nVehEntered="0"/>
    <interval begin="32600.00" end="32700.00" id="inductionLoop.E0" nVehContrib="0" flow="0.00" occupancy="0.00" speed="-1.00" harmonicMeanSpeed="-1.00" length="-1.00" nVehEntered="0"/>
    <interval begin="32700.00" end="32800.00" id="inductionLoop.E0" nVehContrib="1" flow="36.00" occupancy="0.40" speed="12.35" harmonicMeanSpeed="12.35" length="5.00" nVehEntered="1"/>
    <interval begin="32800.00" end="32900.00" id="inductionLoop.E0" nVehContrib="3" flow="108.00" occupancy="1.15" speed="13.11" harmonicMeanSpeed="13.05" length="5.00" nVehEntered="3"/>
    <interval begin="32900.00" end="33000.00" id="inductionLoop.E0" nVehContrib="1" flow="36.00" occupancy="0.38" speed="13.28" harmonicMeanSpeed="13.28" length="5.00" nVehEntered="1"/>
    <interval begin="33000.00" end="33100.00" id="inductionLoop.E0" nVehContrib="2" flow="72.00" occupancy="0.95" speed="13.02" harmonicMeanSpeed="12.86" length="5.00" nVehEntered="3"/>
    <interval begin="33100.00" end="33200.00" id="inductionLoop.E0" nVehContrib="4" flow="144.00" occupancy="1.46" speed="13.76" harmonicMeanSpeed="13.66" length="5.00" nVehEntered="4"/>
    <interval begin="33200.00" end="33300.00" id="inductionLoop.E0" nVehContrib="0" flow="0.00" occupancy="0.00" speed="-1.00" harmonicMeanSpeed="-1.00" length="-1.00" nVehEntered="0"/>
    <interval begin="33300.00" end="33400.00" id="inductionLoop.E0" nVehContrib="3" flow="108.00" occupancy="1.06" speed="14.29" harmonicMeanSpeed="14.15" length="5.00" nVehEntered="3"/>
    <interval begin="33400.00" end="33500.00" id="inductionLoop.E0" nVehContrib="1" flow="36.00" occupancy="0.34" speed="14.53" harmonicMeanSpeed="14.53" length="5.00" nVehEntered="1"/>
    <interval begin="33500.00" end="33600.00" id="inductionLoop.E0" nVehContrib="0" flow="0.00" occupancy="0.00" speed="-1.00" harmonicMeanSpeed="-1.00" length="-1.00" nVehEntered="0"/>
    <interval begin="33600.00" end="33700.00" id="inductionLoop.E0" nVehContrib="5" flow="180.00" occupancy="8.65" speed="10.70" harmonicMeanSpeed="10.29" length="5.00" nVehEntered="7"/>
    <interval begin="33700.00" end="33800.00" id="inductionLoop.E0" nVehContrib="12" flow="432.00" occupancy="6.77" speed="10.62" harmonicMeanSpeed="10.21" length="5.00" nVehEntered="14"/>
    <interval begin="33800.00" end="33900.00" id="inductionLoop.E0" nVehContrib="10" flow="360.00" occupancy="6.81" speed="11.13" harmonicMeanSpeed="10.86" length="5.00" nVehEntered="16"/>
    <interval begin="33900.00" end="34000.00" id="inductionLoop.E0" nVehContrib="12" flow="432.00" occupancy="20.99" speed="8.17" harmonicMeanSpeed="4.04" length="5.00" nVehEntered="16"/>
    <interval begin="34000.00" end="34100.00" id="inductionLoop.E0" nVehContrib="11" flow="396.00" occupancy="6.30" speed="10.96" harmonicMeanSpeed="10.47" length="5.00" nVehEntered="14"/>
    <interval begin="34100.00" end="34200.00" id="inductionLoop.E0" nVehContrib="13" flow="468.00" occupancy="13.28" speed="10.32" harmonicMeanSpeed="4.98" length="5.00" nVehEntered="14"/>
    <interval begin="34200.00" end="34300.00" id="inductionLoop.E0" nVehContrib="10" flow="360.00" occupancy="4.52" speed="11.44" harmonicMeanSpeed="11.09" length="5.00" nVehEntered="10"/>
    <interval begin="34300.00" end="34400.00" id="inductionLoop.E0" nVehContrib="6" flow="216.00" occupancy="2.93" speed="10.43" harmonicMeanSpeed="10.25" length="5.00" nVehEntered="6"/>
    <interval begin="34400.00" end="34500.00" id="inductionLoop.E0" nVehContrib="2" flow="72.00" occupancy="0.99" speed="14.36" harmonicMeanSpeed="14.33" length="5.00" nVehEntered="3"/>
    <interval begin="34500.00" end="34600.00" id="inductionLoop.E0" nVehContrib="4" flow="144.00" occupancy="1.66" speed="12.22" harmonicMeanSpeed="12.07" length="5.00" nVehEntered="4"/>
    <interval begin="34600.00" end="34700.00" id="inductionLoop.E0" nVehContrib="0" flow="0.00" occupancy="0.00" speed="-1.00" harmonicMeanSpeed="-1.00" length="-1.00" nVehEntered="0"/>
    <interval begin="34700.00" end="34800.00" id="inductionLoop.E0" nVehContrib="4" flow="144.00" occupancy="1.56" speed="12.98" harmonicMeanSpeed="12.85" length="5.00" nVehEntered="4"/>
    <interval begin="34800.00" end="34900.00" id="inductionLoop.E0" nVehContrib="8" flow="288.00" occupancy="3.69" speed="12.43" harmonicMeanSpeed="12.06" length="5.00" nVehEntered="9"/>
    <interval begin="34900.00" end="35000.00" id="inductionLoop.E0" nVehContrib="10" flow="360.00" occupancy="25.25" speed="10.04" harmonicMeanSpeed="1.98" length="5.00" nVehEntered="10"/>
    <interval begin="35000.00" end="35100.00" id="inductionLoop.E0" nVehContrib="9" flow="324.00" occupancy="43.46" speed="7.38" harmonicMeanSpeed="1.04" length="5.00" nVehEntered="9"/>
    <interval begin="35100.00" end="35200.00" id="inductionLoop.E0" nVehContrib="8" flow="288.00" occupancy="34.93" speed="10.23" harmonicMeanSpeed="1.89" length="5.00" nVehEntered="10"/>
    <interval begin="35200.00" end="35300.00" id="inductionLoop.E0" nVehContrib="11" flow="396.00" occupancy="44.72" speed="7.49" harmonicMeanSpeed="0.99" length="5.00" nVehEntered="11"/>
    <interval begin="35300.00" end="35400.00" id="inductionLoop.E0" nVehContrib="11" flow="396.00" occupancy="20.98" speed="10.86" harmonicMeanSpeed="2.72" length="5.00" nVehEntered="12"/>
    <interval begin="35400.00" end="35500.00" id="inductionLoop.E0" nVehContrib="11" flow="396.00" occupancy="49.15" speed="8.19" harmonicMeanSpeed="1.87" length="5.00" nVehEntered="12"/>
    <interval begin="35500.00" end="35600.00" id="inductionLoop.E0" nVehContrib="10" flow="360.00" occupancy="69.43" speed="7.96" harmonicMeanSpeed="0.90" length="5.00" nVehEntered="11"/>
    <interval begin="35600.00" end="35700.00" id="inductionLoop.E0" nVehContrib="14" flow="504.00" occupancy="22.26" speed="7.06" harmonicMeanSpeed="1.25" length="5.00" nVehEntered="13"/>
    <interval begin="35700.00" end="35800.00" id="inductionLoop.E0" nVehContrib="10" flow="360.00" occupancy="58.86" speed="6.96" harmonicMeanSpeed="1.49" length="5.00" nVehEntered="12"/>
    <interval begin="35800.00" end="35900.00" id="inductionLoop.E0" nVehContrib="15" flow="540.00" occupancy="39.41" speed="8.42" harmonicMeanSpeed="1.25" length="5.00" nVehEntered="15"/>
    <interval begin="35900.00" end="36000.00" id="inductionLoop.E0" nVehContrib="11" flow="396.00" occupancy="25.61" speed="8.68" harmonicMeanSpeed="2.17" length="5.00" nVehEntered="12"/>
    <interval begin="36000.00" end="36100.00" id="inductionLoop.E0" nVehContrib="7" flow="252.00" occupancy="53.06" speed="7.45" harmonicMeanSpeed="1.67" length="5.00" nVehEntered="11"/>
    <interval begin="36100.00" end="36200.00" id="inductionLoop.E0" nVehContrib="14" flow="504.00" occupancy="20.01" speed="9.13" harmonicMeanSpeed="1.49" length="5.00" nVehEntered="15"/>
    <interval begin="36200.00" end="36300.00" id="inductionLoop.E0" nVehContrib="10" flow="360.00" occupancy="39.50" speed="9.20" harmonicMeanSpeed="1.28" length="5.00" nVehEntered="11"/>
    <interval begin="36300.00" end="36400.00" id="inductionLoop.E0" nVehContrib="12" flow="432.00" occupancy="47.58" speed="9.48" harmonicMeanSpeed="1.26" length="5.00" nVehEntered="12"/>
    <interval begin="36400.00" end="36500.00" id="inductionLoop.E0" nVehContrib="10" flow="360.00" occupancy="62.98" speed="7.17" harmonicMeanSpeed="1.34" length="5.00" nVehEntered="12"/>
    <interval begin="36500.00" end="36600.00" id="inductionLoop.E0" nVehContrib="13" flow="468.00" occupancy="55.76" speed="6.69" harmonicMeanSpeed="0.80" length="5.00" nVehEntered="12"/>
    <interval begin="36600.00" end="36700.00" id="inductionLoop.E0" nVehContrib="11" flow="396.00" occupancy="59.49" speed="8.28" harmonicMeanSpeed="1.56" length="5.00" nVehEntered="13"/>
    <interval begin="36700.00" end="36800.00" id="inductionLoop.E0" nVehContrib="14" flow="504.00" occupancy="59.76" speed="6.58" harmonicMeanSpeed="0.88" length="5.00" nVehEntered="13"/>
    <interval begin="36800.00" end="36900.00" id="inductionLoop.E0" nVehContrib="12" flow="432.00" occupancy="32.86" speed="8.10" harmonicMeanSpeed="1.83" length="5.00" nVehEntered="13"/>
    <interval begin="36900.00" end="37000.00" id="inductionLoop.E0" nVehContrib="9" flow="324.00" occupancy="57.19" speed="8.41" harmonicMeanSpeed="1.17" length="5.00" nVehEntered="11"/>
    <interval begin="37000.00" end="37100.00" id="inductionLoop.E0" nVehContrib="12" flow="432.00" occupancy="57.87" speed="6.55" harmonicMeanSpeed="0.78" length="5.00" nVehEntered="11"/>
    <interval begin="37100.00" end="37200.00" id="inductionLoop.E0" nVehContrib="15" flow="540.00" occupancy="20.42" speed="9.79" harmonicMeanSpeed="3.68" length="5.00" nVehEntered="16"/>
    <interval begin="37200.00" end="37300.00" id="inductionLoop.E0" nVehContrib="9" flow="324.00" occupancy="53.36" speed="8.01" harmonicMeanSpeed="1.22" length="5.00" nVehEntered="10"/>
    <interval begin="37300.00" end="37400.00" id="inductionLoop.E0" nVehContrib="13" flow="468.00" occupancy="65.60" speed="6.53" harmonicMeanSpeed="0.79" length="5.00" nVehEntered="12"/>
    <interval begin="37400.00" end="37500.00" id="inductionLoop.E0" nVehContrib="15" flow="540.00" occupancy="45.63" speed="8.76" harmonicMeanSpeed="1.81" length="5.00" nVehEntered="18"/>
    <interval begin="37500.00" end="37600.00" id="inductionLoop.E0" nVehContrib="10" flow="360.00" occupancy="75.61" speed="7.42" harmonicMeanSpeed="0.96" length="5.00" nVehEntered="10"/>
    <interval begin="37600.00" end="37700.00" id="inductionLoop.E0" nVehContrib="12" flow="432.00" occupancy="75.29" speed="5.92" harmonicMeanSpeed="0.59" length="5.00" nVehEntered="11"/>
    <interval begin="37700.00" end="37800.00" id="inductionLoop.E0" nVehContrib="10" flow="360.00" occupancy="47.93" speed="7.76" harmonicMeanSpeed="1.39" length="5.00" nVehEntered="13"/>
    <interval begin="37800.00" end="37900.00" id="inductionLoop.E0" nVehContrib="11" flow="396.00" occupancy="59.97" speed="6.25" harmonicMeanSpeed="0.82" length="5.00" nVehEntered="12"/>
    <interval begin="37900.00" end="38000.00" id="inductionLoop.E0" nVehContrib="13" flow="468.00" occupancy="33.84" speed="8.67" harmonicMeanSpeed="1.91" length="5.00" nVehEntered="12"/>
    <interval begin="38000.00" end="38100.00" id="inductionLoop.E0" nVehContrib="8" flow="288.00" occupancy="44.63" speed="7.26" harmonicMeanSpeed="0.90" length="5.00" nVehEntered="10"/>
    <interval begin="38100.00" end="38200.00" id="inductionLoop.E0" nVehContrib="14" flow="504.00" occupancy="51.89" speed="8.75" harmonicMeanSpeed="1.35" length="5.00" nVehEntered="14"/>
    <interval begin="38200.00" end="38300.00" id="inductionLoop.E0" nVehContrib="13" flow="468.00" occupancy="66.24" speed="8.28" harmonicMeanSpeed="1.03" length="5.00" nVehEntered="14"/>
    <interval begin="38300.00" end="38400.00" id="inductionLoop.E0" nVehContrib="13" flow="468.00" occupancy="57.44" speed="8.38" harmonicMeanSpeed="1.19" length="5.00" nVehEntered="14"/>
    <interval begin="38400.00" end="38500.00" id="inductionLoop.E0" nVehContrib="10" flow="360.00" occupancy="51.49" speed="7.32" harmonicMeanSpeed="0.97" length="5.00" nVehEntered="10"/>
    <interval begin="38500.00" end="38600.00" id="inductionLoop.E0" nVehContrib="8" flow="288.00" occupancy="68.06" speed="6.64" harmonicMeanSpeed="1.07" length="5.00" nVehEntered="9"/>
    <interval begin="38600.00" end="38700.00" id="inductionLoop.E0" nVehContrib="12" flow="432.00" occupancy="35.33" speed="7.47" harmonicMeanSpeed="0.92" length="5.00" nVehEntered="12"/>
    <interval begin="38700.00" end="38800.00" id="inductionLoop.E0" nVehContrib="13" flow="468.00" occupancy="41.36" speed="9.14" harmonicMeanSpeed="8.01" length="5.00" nVehEntered="14"/>
    <interval begin="38800.00" end="38900.00" id="inductionLoop.E0" nVehContrib="12" flow="432.00" occupancy="44.67" speed="8.45" harmonicMeanSpeed="0.93" length="5.00" nVehEntered="12"/>
    <interval begin="38900.00" end="39000.00" id="inductionLoop.E0" nVehContrib="10" flow="360.00" occupancy="55.97" speed="9.06" harmonicMeanSpeed="1.18" length="5.00" nVehEntered="10"/>
    <interval begin="39000.00" end="39100.00" id="inductionLoop.E0" nVehContrib="11" flow="396.00" occupancy="47.04" speed="8.09" harmonicMeanSpeed="0.74" length="5.00" nVehEntered="11"/>
    <interval begin="39100.00" end="39200.00" id="inductionLoop.E0" nVehContrib="5" flow="180.00" occupancy="69.10" speed="7.55" harmonicMeanSpeed="0.37" length="5.00" nVehEntered="6"/>
    <interval begin="39200.00" end="39300.00" id="inductionLoop.E0" nVehContrib="7" flow="252.00" occupancy="41.53" speed="10.25" harmonicMeanSpeed="0.85" length="5.00" nVehEntered="8"/>
    <interval begin="39300.00" end="39400.00" id="inductionLoop.E0" nVehContrib="9" flow="324.00" occupancy="54.11" speed="9.12" harmonicMeanSpeed="8.00" length="5.00" nVehEntered="10"/>
    <interval begin="39400.00" end="39500.00" id="inductionLoop.E0" nVehContrib="13" flow="468.00" occupancy="66.69" speed="8.21" harmonicMeanSpeed="0.85" length="5.00" nVehEntered="13"/>
    <interval begin="39500.00" end="39600.00" id="inductionLoop.E0" nVehContrib="15" flow="540.00" occupancy="56.69" speed="9.17" harmonicMeanSpeed="1.00" length="5.00" nVehEntered="16"/>
    <interval begin="39600.00" end="39700.00" id="inductionLoop.E0" nVehContrib="14" flow="504.00" occupancy="61.91" speed="8.58" harmonicMeanSpeed="1.13" length="5.00" nVehEntered="14"/>
    <interval begin="39700.00" end="39800.00" id="inductionLoop.E0" nVehContrib="14" flow="504.00" occupancy="59.60" speed="8.71" harmonicMeanSpeed="1.01" length="5.00" nVehEntered="15"/>
    <interval begin="39800.00" end="39900.00" id="inductionLoop.E0" nVehContrib="12" flow="432.00" occupancy="81.31" speed="8.03" harmonicMeanSpeed="0.67" length="5.00" nVehEntered="12"/>
    <interval begin="39900.00" end="40000.00" id="inductionLoop.E0" nVehContrib="15" flow="540.00" occupancy="74.87" speed="8.60" harmonicMeanSpeed="1.00" length="5.00" nVehEntered="14"/>
    <interval begin="40000.00" end="40100.00" id="inductionLoop.E0" nVehContrib="11" flow="396.00" occupancy="80.87" speed="7.61" harmonicMeanSpeed="0.76" length="5.00" nVehEntered="12"/>
    <interval begin="40100.00" end="40200.00" id="inductionLoop.E0" nVehContrib="13" flow="468.00" occupancy="72.37" speed="8.61" harmonicMeanSpeed="0.80" length="5.00" nVehEntered="12"/>
    <interval begin="40200.00" end="40300.00" id="inductionLoop.E0" nVehContrib="9" flow="324.00" occupancy="83.97" speed="7.26" harmonicMeanSpeed="0.54" length="5.00" nVehEntered="9"/>
    <interval begin="40300.00" end="40400.00" id="inductionLoop.E0" nVehContrib="14" flow="504.00" occupancy="11.69" speed="8.21" harmonicMeanSpeed="5.99" length="5.00" nVehEntered="14"/>
    <interval begin="40400.00" end="40500.00" id="inductionLoop.E0" nVehContrib="9" flow="324.00" occupancy="84.43" speed="7.28" harmonicMeanSpeed="0.53" length="5.00" nVehEntered="9"/>
    <interval begin="40500.00" end="40600.00" id="inductionLoop.E0" nVehContrib="6" flow="216.00" occupancy="89.18" speed="7.10" harmonicMeanSpeed="0.34" length="5.00" nVehEntered="7"/>
    <interval begin="40600.00" end="40700.00" id="inductionLoop.E0" nVehContrib="12" flow="432.00" occupancy="82.47" speed="8.67" harmonicMeanSpeed="0.72" length="5.00" nVehEntered="11"/>
    <interval begin="40700.00" end="40800.00" id="inductionLoop.E0" nVehContrib="13" flow="468.00" occupancy="77.69" speed="8.57" harmonicMeanSpeed="7.95" length="5.00" nVehEntered="14"/>
    <interval begin="40800.00" end="40900.00" id="inductionLoop.E0" nVehContrib="16" flow="576.00" occupancy="73.64" speed="9.07" harmonicMeanSpeed="0.91" length="5.00" nVehEntered="16"/>
    <interval begin="40900.00" end="41000.00" id="inductionLoop.E0" nVehContrib="14" flow="504.00" occupancy="76.93" speed="8.34" harmonicMeanSpeed="0.73" length="5.00" nVehEntered="14"/>
    <interval begin="41000.00" end="41100.00" id="inductionLoop.E0" nVehContrib="16" flow="576.00" occupancy="75.35" speed="8.02" harmonicMeanSpeed="0.90" length="5.00" nVehEntered="16"/>
    <interval begin="41100.00" end="41200.00" id="inductionLoop.E0" nVehContrib="11" flow="396.00" occupancy="82.21" speed="8.28" harmonicMeanSpeed="0.53" length="5.00" nVehEntered="11"/>
    <interval begin="41200.00" end="41300.00" id="inductionLoop.E0" nVehContrib="8" flow="288.00" occupancy="87.00" speed="10.73" harmonicMeanSpeed="10.60" length="5.00" nVehEntered="8"/>
    <interval begin="41300.00" end="41400.00" id="inductionLoop.E0" nVehContrib="22" flow="792.00" occupancy="65.78" speed="8.41" harmonicMeanSpeed="0.92" length="5.00" nVehEntered="22"/>
    <interval begin="41400.00" end="41500.00" id="inductionLoop.E0" nVehContrib="16" flow="576.00" occupancy="75.66" speed="8.89" harmonicMeanSpeed="0.76" length="5.00" nVehEntered="15"/>
    <interval begin="41500.00" end="41600.00" id="inductionLoop.E0" nVehContrib="6" flow="216.00" occupancy="89.93" speed="9.39" harmonicMeanSpeed="9.16" length="5.00" nVehEntered="7"/>
    <interval begin="41600.00" end="41700.00" id="inductionLoop.E0" nVehContrib="25" flow="900.00" occupancy="62.22" speed="9.79" harmonicMeanSpeed="1.13" length="5.00" nVehEntered="25"/>
    <interval begin="41700.00" end="41800.00" id="inductionLoop.E0" nVehContrib="17" flow="612.00" occupancy="73.90" speed="8.67" harmonicMeanSpeed="0.76" length="5.00" nVehEntered="16"/>
    <interval begin="41800.00" end="41900.00" id="inductionLoop.E0" nVehContrib="3" flow="108.00" occupancy="94.46" speed="11.42" harmonicMeanSpeed="11.31" length="5.00" nVehEntered="4"/>
    <interval begin="41900.00" end="42000.00" id="inductionLoop.E0" nVehContrib="22" flow="792.00" occupancy="65.01" speed="8.80" harmonicMeanSpeed="0.77" length="5.00" nVehEntered="22"/>
    <interval begin="42000.00" end="42100.00" id="inductionLoop.E0" nVehContrib="11" flow="396.00" occupancy="82.10" speed="8.52" harmonicMeanSpeed="0.57" length="5.00" nVehEntered="10"/>
    <interval begin="42100.00" end="42200.00" id="inductionLoop.E0" nVehContrib="3" flow="108.00" occupancy="94.81" speed="9.99" harmonicMeanSpeed="9.67" length="5.00" nVehEntered="4"/>
    <interval begin="42200.00" end="42300.00" id="inductionLoop.E0" nVehContrib="14" flow="504.00" occupancy="77.06" speed="8.05" harmonicMeanSpeed="0.68" length="5.00" nVehEntered="14"/>
    <interval begin="42300.00" end="42400.00" id="inductionLoop.E0" nVehContrib="16" flow="576.00" occupancy="75.05" speed="8.06" harmonicMeanSpeed="0.76" length="5.00" nVehEntered="16"/>
    <interval begin="42400.00" end="42500.00" id="inductionLoop.E0" nVehContrib="9" flow="324.00" occupancy="86.78" speed="7.52" harmonicMeanSpeed="0.36" length="5.00" nVehEntered="8"/>
    <interval begin="42500.00" end="42600.00" id="inductionLoop.E0" nVehContrib="4" flow="144.00" occupancy="92.54" speed="10.66" harmonicMeanSpeed="10.32" length="5.00" nVehEntered="5"/>
    <interval begin="42600.00" end="42700.00" id="inductionLoop.E0" nVehContrib="18" flow="648.00" occupancy="73.71" speed="8.83" harmonicMeanSpeed="0.55" length="5.00" nVehEntered="17"/>
    <interval begin="42700.00" end="42800.00" id="inductionLoop.E0" nVehContrib="2" flow="72.00" occupancy="96.14" speed="9.06" harmonicMeanSpeed="8.85" length="5.00" nVehEntered="3"/>
    <interval begin="42800.00" end="42900.00" id="inductionLoop.E0" nVehContrib="5" flow="180.00" occupancy="92.62" speed="5.23" harmonicMeanSpeed="0.13" length="5.00" nVehEntered="4"/>
    <interval begin="42900.00" end="43000.00" id="inductionLoop.E0" nVehContrib="37" flow="1332.00" occupancy="45.05" speed="9.66" harmonicMeanSpeed="9.54" length="5.00" nVehEntered="38"/>
    <interval begin="43000.00" end="43100.00" id="inductionLoop.E0" nVehContrib="0" flow="0.00" occupancy="100.00" speed="-1.00" harmonicMeanSpeed="-1.00" length="-1.00" nVehEntered="0"/>
    <interval begin="43100.00" end="43200.00" id="inductionLoop.E0" nVehContrib="0" flow="0.00" occupancy="100.00" speed="-1.00" harmonicMeanSpeed="-1.00" length="-1.00" nVehEntered="0"/>
    <interval begin="43200.00" end="43300.00" id="inductionLoop.E0" nVehContrib="30" flow="1080.00" occupancy="52.47" speed="9.57" harmonicMeanSpeed="0.54" length="5.00" nVehEntered="29"/>
    <interval begin="43300.00" end="43400.00" id="inductionLoop.E0" nVehContrib="15" flow="540.00" occupancy="77.66" speed="9.12" harmonicMeanSpeed="9.10" length="5.00" nVehEntered="16"/>
    <interval begin="43400.00" end="43500.00" id="inductionLoop.E0" nVehContrib="16" flow="576.00" occupancy="73.54" speed="9.15" harmonicMeanSpeed="0.60" length="5.00" nVehEntered="16"/>
    <interval begin="43500.00" end="43600.00" id="inductionLoop.E0" nVehContrib="0" flow="0.00" occupancy="100.00" speed="-1.00" harmonicMeanSpeed="-1.00" length="-1.00" nVehEntered="0"/>
    <interval begin="43600.00" end="43700.00" id="inductionLoop.E0" nVehContrib="21" flow="756.00" occupancy="65.18" speed="9.60" harmonicMeanSpeed="0.69" length="5.00" nVehEntered="21"/>
    <interval begin="43700.00" end="43800.00" id="inductionLoop.E0" nVehContrib="8" flow="288.00" occupancy="87.96" speed="7.18" harmonicMeanSpeed="0.37" length="5.00" nVehEntered="7"/>
    <interval begin="43800.00" end="43900.00" id="inductionLoop.E0" nVehContrib="11" flow="396.00" occupancy="82.77" speed="9.26" harmonicMeanSpeed="9.15" length="5.00" nVehEntered="12"/>
    <interval begin="43900.00" end="44000.00" id="inductionLoop.E0" nVehContrib="21" flow="756.00" occupancy="65.90" speed="9.18" harmonicMeanSpeed="0.74" length="5.00" nVehEntered="21"/>
    <interval begin="44000.00" end="44100.00" id="inductionLoop.E0" nVehContrib="1" flow="36.00" occupancy="98.00" speed="6.59" harmonicMeanSpeed="6.59" length="5.00" nVehEntered="1"/>
    <interval begin="44100.00" end="44200.00" id="inductionLoop.E0" nVehContrib="18" flow="648.00" occupancy="72.02" speed="9.54" harmonicMeanSpeed="0.79" length="5.00" nVehEntered="18"/>
    <interval begin="44200.00" end="44300.00" id="inductionLoop.E0" nVehContrib="17" flow="612.00" occupancy="72.48" speed="8.74" harmonicMeanSpeed="0.82" length="5.00" nVehEntered="17"/>
    <interval begin="44300.00" end="44400.00" id="inductionLoop.E0" nVehContrib="7" flow="252.00" occupancy="87.64" speed="6.41" harmonicMeanSpeed="0.31" length="5.00" nVehEntered="6"/>
    <interval begin="44400.00" end="44500.00" id="inductionLoop.E0" nVehContrib="13" flow="468.00" occupancy="78.02" speed="10.65" harmonicMeanSpeed="10.44" length="5.00" nVehEntered="14"/>
    <interval begin="44500.00" end="44600.00" id="inductionLoop.E0" nVehContrib="19" flow="684.00" occupancy="58.38" speed="9.12" harmonicMeanSpeed="0.90" length="5.00" nVehEntered="19"/>
    <interval begin="44600.00" end="44700.00" id="inductionLoop.E0" nVehContrib="6" flow="216.00" occupancy="90.62" speed="5.56" harmonicMeanSpeed="0.26" length="5.00" nVehEntered="5"/>
    <interval begin="44700.00" end="44800.00" id="inductionLoop.E0" nVehContrib="15" flow="540.00" occupancy="35.00" speed="12.00" harmonicMeanSpeed="11.67" length="5.00" nVehEntered="16"/>
    <interval begin="44800.00" end="44900.00" id="inductionLoop.E0" nVehContrib="21" flow="756.00" occupancy="61.45" speed="10.19" harmonicMeanSpeed="1.17" length="5.00" nVehEntered="21"/>
    <interval begin="44900.00" end="45000.00" id="inductionLoop.E0" nVehContrib="1" flow="36.00" occupancy="96.62" speed="8.01" harmonicMeanSpeed="8.01" length="5.00" nVehEntered="1"/>
    <interval begin="45000.00" end="45100.00" id="inductionLoop.E0" nVehContrib="29" flow="1044.00" occupancy="51.61" speed="10.08" harmonicMeanSpeed="0.98" length="5.00" nVehEntered="28"/>
    <interval begin="45100.00" end="45200.00" id="inductionLoop.E0" nVehContrib="1" flow="36.00" occupancy="93.61" speed="8.18" harmonicMeanSpeed="8.18" length="5.00" nVehEntered="2"/>
    <interval begin="45200.00" end="45300.00" id="inductionLoop.E0" nVehContrib="30" flow="1080.00" occupancy="50.55" speed="9.90" harmonicMeanSpeed="1.04" length="5.00" nVehEntered="29"/>
    <interval begin="45300.00" end="45400.00" id="inductionLoop.E0" nVehContrib="7" flow="252.00" occupancy="87.40" speed="6.25" harmonicMeanSpeed="0.40" length="5.00" nVehEntered="7"/>
    <interval begin="45400.00" end="45500.00" id="inductionLoop.E0" nVehContrib="19" flow="684.00" occupancy="56.89" speed="10.97" harmonicMeanSpeed="10.83" length="5.00" nVehEntered="20"/>
    <interval begin="45500.00" end="45600.00" id="inductionLoop.E0" nVehContrib="19" flow="684.00" occupancy="71.17" speed="8.46" harmonicMeanSpeed="0.87" length="5.00" nVehEntered="19"/>
    <interval begin="45600.00" end="45700.00" id="inductionLoop.E0" nVehContrib="5" flow="180.00" occupancy="91.46" speed="4.61" harmonicMeanSpeed="0.25" length="5.00" nVehEntered="4"/>
    <interval begin="45700.00" end="45800.00" id="inductionLoop.E0" nVehContrib="11" flow="396.00" occupancy="77.63" speed="10.06" harmonicMeanSpeed="9.91" length="5.00" nVehEntered="12"/>
    <interval begin="45800.00" end="45900.00" id="inductionLoop.E0" nVehContrib="15" flow="540.00" occupancy="55.05" speed="9.54" harmonicMeanSpeed="0.59" length="5.00" nVehEntered="14"/>
    <interval begin="45900.00" end="46000.00" id="inductionLoop.E0" nVehContrib="3" flow="108.00" occupancy="71.32" speed="11.56" harmonicMeanSpeed="10.94" length="5.00" nVehEntered="4"/>
    <interval begin="46000.00" end="46100.00" id="inductionLoop.E0" nVehContrib="19" flow="684.00" occupancy="45.99" speed="9.60" harmonicMeanSpeed="0.82" length="5.00" nVehEntered="18"/>
    <interval begin="46100.00" end="46200.00" id="inductionLoop.E0" nVehContrib="3" flow="108.00" occupancy="81.18" speed="10.85" harmonicMeanSpeed="10.73" length="5.00" nVehEntered="5"/>
    <interval begin="46200.00" end="46300.00" id="inductionLoop.E0" nVehContrib="19" flow="684.00" occupancy="51.62" speed="9.79" harmonicMeanSpeed="0.96" length="5.00" nVehEntered="19"/>
    <interval begin="46300.00" end="46400.00" id="inductionLoop.E0" nVehContrib="17" flow="612.00" occupancy="66.07" speed="9.46" harmonicMeanSpeed="0.87" length="5.00" nVehEntered="16"/>
    <interval begin="46400.00" end="46500.00" id="inductionLoop.E0" nVehContrib="2" flow="72.00" occupancy="83.17" speed="9.75" harmonicMeanSpeed="9.41" length="5.00" nVehEntered="3"/>
    <interval begin="46500.00" end="46600.00" id="inductionLoop.E0" nVehContrib="21" flow="756.00" occupancy="57.59" speed="9.00" harmonicMeanSpeed="0.75" length="5.00" nVehEntered="20"/>
    <interval begin="46600.00" end="46700.00" id="inductionLoop.E0" nVehContrib="4" flow="144.00" occupancy="78.15" speed="7.65" harmonicMeanSpeed="0.26" length="5.00" nVehEntered="5"/>
    <interval begin="46700.00" end="46800.00" id="inductionLoop.E0" nVehContrib="15" flow="540.00" occupancy="43.50" speed="10.49" harmonicMeanSpeed="9.02" length="5.00" nVehEntered="16"/>
    <interval begin="46800.00" end="46900.00" id="inductionLoop.E0" nVehContrib="12" flow="432.00" occupancy="55.43" speed="7.79" harmonicMeanSpeed="0.72" length="5.00" nVehEntered="12"/>
    <interval begin="46900.00" end="47000.00" id="inductionLoop.E0" nVehContrib="18" flow="648.00" occupancy="67.24" speed="8.77" harmonicMeanSpeed="1.19" length="5.00" nVehEntered="17"/>
    <interval begin="47000.00" end="47100.00" id="inductionLoop.E0" nVehContrib="1" flow="36.00" occupancy="95.37" speed="8.66" harmonicMeanSpeed="8.66" length="5.00" nVehEntered="2"/>
    <interval begin="47100.00" end="47200.00" id="inductionLoop.E0" nVehContrib="20" flow="720.00" occupancy="60.18" speed="9.24" harmonicMeanSpeed="0.89" length="5.00" nVehEntered="20"/>
    <interval begin="47200.00" end="47300.00" id="inductionLoop.E0" nVehContrib="19" flow="684.00" occupancy="51.49" speed="9.62" harmonicMeanSpeed="1.01" length="5.00" nVehEntered="18"/>
    <interval begin="47300.00" end="47400.00" id="inductionLoop.E0" nVehContrib="8" flow="288.00" occupancy="84.84" speed="6.97" harmonicMeanSpeed="0.48" length="5.00" nVehEntered="9"/>
    <interval begin="47400.00" end="47500.00" id="inductionLoop.E0" nVehContrib="9" flow="324.00" occupancy="61.34" speed="11.83" harmonicMeanSpeed="11.66" length="5.00" nVehEntered="10"/>
    <interval begin="47500.00" end="47600.00" id="inductionLoop.E0" nVehContrib="20" flow="720.00" occupancy="36.23" speed="9.89" harmonicMeanSpeed="1.17" length="5.00" nVehEntered="21"/>
    <interval begin="47600.00" end="47700.00" id="inductionLoop.E0" nVehContrib="11" flow="396.00" occupancy="77.34" speed="8.71" harmonicMeanSpeed="0.69" length="5.00" nVehEntered="10"/>
    <interval begin="47700.00" end="47800.00" id="inductionLoop.E0" nVehContrib="4" flow="144.00" occupancy="68.23" speed="11.39" harmonicMeanSpeed="10.99" length="5.00" nVehEntered="5"/>
    <interval begin="47800.00" end="47900.00" id="inductionLoop.E0" nVehContrib="17" flow="612.00" occupancy="57.26" speed="9.23" harmonicMeanSpeed="0.69" length="5.00" nVehEntered="16"/>
    <interval begin="47900.00" end="48000.00" id="inductionLoop.E0" nVehContrib="0" flow="0.00" occupancy="96.45" speed="-1.00" harmonicMeanSpeed="-1.00" length="-1.00" nVehEntered="1"/>
    <interval begin="48000.00" end="48100.00" id="inductionLoop.E0" nVehContrib="8" flow="288.00" occupancy="87.00" speed="7.05" harmonicMeanSpeed="0.22" length="5.00" nVehEntered="7"/>
    <interval begin="48100.00" end="48200.00" id="inductionLoop.E0" nVehContrib="20" flow="720.00" occupancy="10.31" speed="12.15" harmonicMeanSpeed="11.92" length="5.00" nVehEntered="22"/>
    <interval begin="48200.00" end="48300.00" id="inductionLoop.E0" nVehContrib="0" flow="0.00" occupancy="100.00" speed="-1.00" harmonicMeanSpeed="-1.00" length="-1.00" nVehEntered="0"/>
    <interval begin="48300.00" end="48400.00" id="inductionLoop.E0" nVehContrib="21" flow="756.00" occupancy="36.78" speed="9.38" harmonicMeanSpeed="0.87" length="5.00" nVehEntered="21"/>
    <interval begin="48400.00" end="48500.00" id="inductionLoop.E0" nVehContrib="1" flow="36.00" occupancy="99.17" speed="0.04" harmonicMeanSpeed="0.04" length="5.00" nVehEntered="0"/>
    <interval begin="48500.00" end="48600.00" id="inductionLoop.E0" nVehContrib="22" flow="792.00" occupancy="39.99" speed="10.35" harmonicMeanSpeed="9.31" length="5.00" nVehEntered="23"/>
    <interval begin="48600.00" end="48700.00" id="inductionLoop.E0" nVehContrib="0" flow="0.00" occupancy="100.00" speed="-1.00" harmonicMeanSpeed="-1.00" length="-1.00" nVehEntered="0"/>
    <interval begin="48700.00" end="48800.00" id="inductionLoop.E0" nVehContrib="27" flow="972.00" occupancy="36.31" speed="9.75" harmonicMeanSpeed="0.86" length="5.00" nVehEntered="27"/>
    <interval begin="48800.00" end="48900.00" id="inductionLoop.E0" nVehContrib="0" flow="0.00" occupancy="100.00" speed="-1.00" harmonicMeanSpeed="-1.00" length="-1.00" nVehEntered="0"/>
    <interval begin="48900.00" end="49000.00" id="inductionLoop.E0" nVehContrib="25" flow="900.00" occupancy="62.33" speed="9.29" harmonicMeanSpeed="0.74" length="5.00" nVehEntered="24"/>
    <interval begin="49000.00" end="49100.00" id="inductionLoop.E0" nVehContrib="0" flow="0.00" occupancy="98.56" speed="-1.00" harmonicMeanSpeed="-1.00" length="-1.00" nVehEntered="1"/>
    <interval begin="49100.00" end="49200.00" id="inductionLoop.E0" nVehContrib="11" flow="396.00" occupancy="77.43" speed="8.26" harmonicMeanSpeed="0.31" length="5.00" nVehEntered="10"/>
    <interval begin="49200.00" end="49300.00" id="inductionLoop.E0" nVehContrib="6" flow="216.00" occupancy="30.82" speed="11.20" harmonicMeanSpeed="10.92" length="5.00" nVehEntered="7"/>
    <interval begin="49300.00" end="49400.00" id="inductionLoop.E0" nVehContrib="0" flow="0.00" occupancy="100.00" speed="-1.00" harmonicMeanSpeed="-1.00" length="-1.00" nVehEntered="0"/>
    <interval begin="49400.00" end="49500.00" id="inductionLoop.E0" nVehContrib="19" flow="684.00" occupancy="21.46" speed="9.93" harmonicMeanSpeed="0.64" length="5.00" nVehEntered="20"/>
    <interval begin="49500.00" end="49600.00" id="inductionLoop.E0" nVehContrib="0" flow="0.00" occupancy="93.95" speed="-1.00" harmonicMeanSpeed="-1.00" length="-1.00" nVehEntered="1"/>
    <interval begin="49600.00" end="49700.00" id="inductionLoop.E0" nVehContrib="19" flow="684.00" occupancy="33.39" speed="10.23" harmonicMeanSpeed="0.75" length="5.00" nVehEntered="18"/>
    <interval begin="49700.00" end="49800.00" id="inductionLoop.E0" nVehContrib="3" flow="108.00" occupancy="87.26" speed="8.24" harmonicMeanSpeed="8.24" length="5.00" nVehEntered="5"/>
    <interval begin="49800.00" end="49900.00" id="inductionLoop.E0" nVehContrib="10" flow="360.00" occupancy="85.13" speed="7.34" harmonicMeanSpeed="0.29" length="5.00" nVehEntered="9"/>
    <interval begin="49900.00" end="50000.00" id="inductionLoop.E0" nVehContrib="10" flow="360.00" occupancy="47.48" speed="11.53" harmonicMeanSpeed="11.25" length="5.00" nVehEntered="11"/>
    <interval begin="50000.00" end="50004.00" id="inductionLoop.E0" nVehContrib="0" flow="0.00" occupancy="100.00" speed="-1.00" harmonicMeanSpeed="-1.00" length="-1.00" nVehEntered="0"/>
</detector>
