<?xml version="1.0" encoding="UTF-8"?>

<!-- generated on 2023-07-30 20:15:40 by Eclipse SUMO sumo Version 1.12.0
<configuration xmlns:xsi="http://www.w3.org/2001/XMLSchema-instance" xsi:noNamespaceSchemaLocation="http://sumo.dlr.de/xsd/sumoConfiguration.xsd">

    <input>
        <net-file value="Data0-24/intersection.net.xml"/>
        <route-files value="Data0-24/intersection.rou.xml"/>
        <additional-files value="Data0-24/intersection.det.xml"/>
    </input>

    <output>
        <tripinfo-output value="Data0-24/tripinfo.xml"/>
    </output>

    <time>
        <begin value="0"/>
    </time>

    <processing>
        <time-to-teleport value="-1"/>
        <waiting-time-memory value="60000"/>
    </processing>

    <report>
        <verbose value="true"/>
        <no-step-log value="true"/>
    </report>

    <emissions>
        <device.emissions.probability value="1"/>
    </emissions>

    <traci_server>
        <remote-port value="47467"/>
    </traci_server>

    <gui_only>
        <gui-settings-file value="Data0-24/intersection.settings.xml"/>
    </gui_only>

</configuration>
-->

<detector xmlns:xsi="http://www.w3.org/2001/XMLSchema-instance" xsi:noNamespaceSchemaLocation="http://sumo.dlr.de/xsd/det_e1_file.xsd">
    <interval begin="0.00" end="100.00" id="inductionLoop.E2" nVehContrib="4" flow="144.00" occupancy="2.32" speed="11.14" harmonicMeanSpeed="8.60" length="5.00" nVehEntered="4"/>
    <interval begin="100.00" end="200.00" id="inductionLoop.E2" nVehContrib="10" flow="360.00" occupancy="27.66" speed="8.40" harmonicMeanSpeed="1.85" length="5.00" nVehEntered="12"/>
    <interval begin="200.00" end="300.00" id="inductionLoop.E2" nVehContrib="8" flow="288.00" occupancy="5.39" speed="9.90" harmonicMeanSpeed="7.78" length="5.00" nVehEntered="9"/>
    <interval begin="300.00" end="400.00" id="inductionLoop.E2" nVehContrib="4" flow="144.00" occupancy="1.49" speed="13.59" harmonicMeanSpeed="13.42" length="5.00" nVehEntered="4"/>
    <interval begin="400.00" end="500.00" id="inductionLoop.E2" nVehContrib="12" flow="432.00" occupancy="26.55" speed="7.67" harmonicMeanSpeed="2.32" length="5.00" nVehEntered="15"/>
    <interval begin="500.00" end="600.00" id="inductionLoop.E2" nVehContrib="10" flow="360.00" occupancy="31.34" speed="7.75" harmonicMeanSpeed="2.11" length="5.00" nVehEntered="13"/>
    <interval begin="600.00" end="700.00" id="inductionLoop.E2" nVehContrib="11" flow="396.00" occupancy="22.97" speed="8.24" harmonicMeanSpeed="1.82" length="5.00" nVehEntered="11"/>
    <interval begin="700.00" end="800.00" id="inductionLoop.E2" nVehContrib="11" flow="396.00" occupancy="35.89" speed="6.12" harmonicMeanSpeed="1.56" length="5.00" nVehEntered="13"/>
    <interval begin="800.00" end="900.00" id="inductionLoop.E2" nVehContrib="13" flow="468.00" occupancy="36.80" speed="6.71" harmonicMeanSpeed="1.84" length="5.00" nVehEntered="15"/>
    <interval begin="900.00" end="1000.00" id="inductionLoop.E2" nVehContrib="11" flow="396.00" occupancy="32.19" speed="6.77" harmonicMeanSpeed="1.65" length="5.00" nVehEntered="10"/>
    <interval begin="1000.00" end="1100.00" id="inductionLoop.E2" nVehContrib="9" flow="324.00" occupancy="21.47" speed="7.86" harmonicMeanSpeed="2.16" length="5.00" nVehEntered="10"/>
    <interval begin="1100.00" end="1200.00" id="inductionLoop.E2" nVehContrib="9" flow="324.00" occupancy="9.38" speed="7.91" harmonicMeanSpeed="5.05" length="5.00" nVehEntered="11"/>
    <interval begin="1200.00" end="1300.00" id="inductionLoop.E2" nVehContrib="8" flow="288.00" occupancy="28.13" speed="6.53" harmonicMeanSpeed="1.48" length="5.00" nVehEntered="9"/>
    <interval begin="1300.00" end="1400.00" id="inductionLoop.E2" nVehContrib="8" flow="288.00" occupancy="6.32" speed="8.58" harmonicMeanSpeed="6.33" length="5.00" nVehEntered="8"/>
    <interval begin="1400.00" end="1500.00" id="inductionLoop.E2" nVehContrib="10" flow="360.00" occupancy="26.70" speed="7.97" harmonicMeanSpeed="1.88" length="5.00" nVehEntered="11"/>
    <interval begin="1500.00" end="1600.00" id="inductionLoop.E2" nVehContrib="5" flow="180.00" occupancy="5.15" speed="7.56" harmonicMeanSpeed="4.85" length="5.00" nVehEntered="5"/>
    <interval begin="1600.00" end="1700.00" id="inductionLoop.E2" nVehContrib="10" flow="360.00" occupancy="17.18" speed="7.02" harmonicMeanSpeed="3.36" length="5.00" nVehEntered="12"/>
    <interval begin="1700.00" end="1800.00" id="inductionLoop.E2" nVehContrib="9" flow="324.00" occupancy="8.29" speed="7.66" harmonicMeanSpeed="4.35" length="5.00" nVehEntered="8"/>
    <interval begin="1800.00" end="1900.00" id="inductionLoop.E2" nVehContrib="6" flow="216.00" occupancy="5.68" speed="9.42" harmonicMeanSpeed="5.37" length="5.00" nVehEntered="7"/>
    <interval begin="1900.00" end="2000.00" id="inductionLoop.E2" nVehContrib="10" flow="360.00" occupancy="17.12" speed="7.60" harmonicMeanSpeed="2.97" length="5.00" nVehEntered="11"/>
    <interval begin="2000.00" end="2100.00" id="inductionLoop.E2" nVehContrib="9" flow="324.00" occupancy="6.75" speed="9.39" harmonicMeanSpeed="7.02" length="5.00" nVehEntered="10"/>
    <interval begin="2100.00" end="2200.00" id="inductionLoop.E2" nVehContrib="6" flow="216.00" occupancy="7.16" speed="5.73" harmonicMeanSpeed="4.39" length="5.00" nVehEntered="7"/>
    <interval begin="2200.00" end="2300.00" id="inductionLoop.E2" nVehContrib="8" flow="288.00" occupancy="12.52" speed="5.00" harmonicMeanSpeed="3.24" length="5.00" nVehEntered="9"/>
    <interval begin="2300.00" end="2400.00" id="inductionLoop.E2" nVehContrib="11" flow="396.00" occupancy="7.42" speed="10.04" harmonicMeanSpeed="7.41" length="5.00" nVehEntered="11"/>
    <interval begin="2400.00" end="2500.00" id="inductionLoop.E2" nVehContrib="9" flow="324.00" occupancy="16.26" speed="6.91" harmonicMeanSpeed="2.77" length="5.00" nVehEntered="9"/>
    <interval begin="2500.00" end="2600.00" id="inductionLoop.E2" nVehContrib="4" flow="144.00" occupancy="5.42" speed="5.82" harmonicMeanSpeed="4.92" length="5.00" nVehEntered="6"/>
    <interval begin="2600.00" end="2700.00" id="inductionLoop.E2" nVehContrib="9" flow="324.00" occupancy="6.24" speed="8.71" harmonicMeanSpeed="6.30" length="5.00" nVehEntered="9"/>
    <interval begin="2700.00" end="2800.00" id="inductionLoop.E2" nVehContrib="10" flow="360.00" occupancy="17.82" speed="9.54" harmonicMeanSpeed="2.96" length="5.00" nVehEntered="11"/>
    <interval begin="2800.00" end="2900.00" id="inductionLoop.E2" nVehContrib="7" flow="252.00" occupancy="7.61" speed="7.02" harmonicMeanSpeed="4.68" length="5.00" nVehEntered="8"/>
    <interval begin="2900.00" end="3000.00" id="inductionLoop.E2" nVehContrib="9" flow="324.00" occupancy="5.22" speed="10.30" harmonicMeanSpeed="9.27" length="5.00" nVehEntered="10"/>
    <interval begin="3000.00" end="3100.00" id="inductionLoop.E2" nVehContrib="10" flow="360.00" occupancy="11.95" speed="8.24" harmonicMeanSpeed="4.24" length="5.00" nVehEntered="11"/>
    <interval begin="3100.00" end="3200.00" id="inductionLoop.E2" nVehContrib="8" flow="288.00" occupancy="27.91" speed="8.81" harmonicMeanSpeed="1.43" length="5.00" nVehEntered="8"/>
    <interval begin="3200.00" end="3300.00" id="inductionLoop.E2" nVehContrib="7" flow="252.00" occupancy="10.43" speed="6.16" harmonicMeanSpeed="3.37" length="5.00" nVehEntered="8"/>
    <interval begin="3300.00" end="3400.00" id="inductionLoop.E2" nVehContrib="9" flow="324.00" occupancy="5.92" speed="10.51" harmonicMeanSpeed="7.60" length="5.00" nVehEntered="9"/>
    <interval begin="3400.00" end="3500.00" id="inductionLoop.E2" nVehContrib="5" flow="180.00" occupancy="3.39" speed="9.69" harmonicMeanSpeed="7.45" length="5.00" nVehEntered="6"/>
    <interval begin="3500.00" end="3600.00" id="inductionLoop.E2" nVehContrib="10" flow="360.00" occupancy="10.60" speed="7.23" harmonicMeanSpeed="4.81" length="5.00" nVehEntered="12"/>
    <interval begin="3600.00" end="3700.00" id="inductionLoop.E2" nVehContrib="10" flow="360.00" occupancy="12.82" speed="6.84" harmonicMeanSpeed="4.28" length="5.00" nVehEntered="12"/>
    <interval begin="3700.00" end="3800.00" id="inductionLoop.E2" nVehContrib="7" flow="252.00" occupancy="8.14" speed="8.16" harmonicMeanSpeed="4.58" length="5.00" nVehEntered="10"/>
    <interval begin="3800.00" end="3900.00" id="inductionLoop.E2" nVehContrib="12" flow="432.00" occupancy="13.68" speed="7.40" harmonicMeanSpeed="4.45" length="5.00" nVehEntered="13"/>
    <interval begin="3900.00" end="4000.00" id="inductionLoop.E2" nVehContrib="8" flow="288.00" occupancy="9.53" speed="6.93" harmonicMeanSpeed="4.45" length="5.00" nVehEntered="9"/>
    <interval begin="4000.00" end="4100.00" id="inductionLoop.E2" nVehContrib="8" flow="288.00" occupancy="5.69" speed="8.72" harmonicMeanSpeed="7.03" length="5.00" nVehEntered="8"/>
    <interval begin="4100.00" end="4200.00" id="inductionLoop.E2" nVehContrib="6" flow="216.00" occupancy="3.64" speed="10.52" harmonicMeanSpeed="8.24" length="5.00" nVehEntered="6"/>
    <interval begin="4200.00" end="4300.00" id="inductionLoop.E2" nVehContrib="6" flow="216.00" occupancy="5.34" speed="7.30" harmonicMeanSpeed="5.62" length="5.00" nVehEntered="6"/>
    <interval begin="4300.00" end="4400.00" id="inductionLoop.E2" nVehContrib="3" flow="108.00" occupancy="3.56" speed="6.53" harmonicMeanSpeed="4.21" length="5.00" nVehEntered="3"/>
    <interval begin="4400.00" end="4500.00" id="inductionLoop.E2" nVehContrib="2" flow="72.00" occupancy="2.68" speed="3.73" harmonicMeanSpeed="3.72" length="5.00" nVehEntered="2"/>
    <interval begin="4500.00" end="4600.00" id="inductionLoop.E2" nVehContrib="2" flow="72.00" occupancy="1.69" speed="8.70" harmonicMeanSpeed="5.93" length="5.00" nVehEntered="2"/>
    <interval begin="4600.00" end="4700.00" id="inductionLoop.E2" nVehContrib="5" flow="180.00" occupancy="4.25" speed="7.70" harmonicMeanSpeed="5.88" length="5.00" nVehEntered="5"/>
    <interval begin="4700.00" end="4800.00" id="inductionLoop.E2" nVehContrib="6" flow="216.00" occupancy="5.88" speed="7.12" harmonicMeanSpeed="5.19" length="5.00" nVehEntered="7"/>
    <interval begin="4800.00" end="4900.00" id="inductionLoop.E2" nVehContrib="3" flow="108.00" occupancy="3.91" speed="5.96" harmonicMeanSpeed="4.27" length="5.00" nVehEntered="5"/>
    <interval begin="4900.00" end="5000.00" id="inductionLoop.E2" nVehContrib="6" flow="216.00" occupancy="4.48" speed="8.53" harmonicMeanSpeed="7.22" length="5.00" nVehEntered="7"/>
    <interval begin="5000.00" end="5100.00" id="inductionLoop.E2" nVehContrib="5" flow="180.00" occupancy="3.08" speed="9.86" harmonicMeanSpeed="7.34" length="5.00" nVehEntered="4"/>
    <interval begin="5100.00" end="5200.00" id="inductionLoop.E2" nVehContrib="7" flow="252.00" occupancy="4.94" speed="9.40" harmonicMeanSpeed="7.08" length="5.00" nVehEntered="7"/>
    <interval begin="5200.00" end="5300.00" id="inductionLoop.E2" nVehContrib="10" flow="360.00" occupancy="9.24" speed="6.72" harmonicMeanSpeed="5.57" length="5.00" nVehEntered="11"/>
    <interval begin="5300.00" end="5400.00" id="inductionLoop.E2" nVehContrib="3" flow="108.00" occupancy="1.78" speed="10.41" harmonicMeanSpeed="8.43" length="5.00" nVehEntered="3"/>
    <interval begin="5400.00" end="5500.00" id="inductionLoop.E2" nVehContrib="1" flow="36.00" occupancy="1.34" speed="3.72" harmonicMeanSpeed="3.72" length="5.00" nVehEntered="1"/>
    <interval begin="5500.00" end="5600.00" id="inductionLoop.E2" nVehContrib="1" flow="36.00" occupancy="0.53" speed="15.40" harmonicMeanSpeed="15.40" length="5.00" nVehEntered="2"/>
    <interval begin="5600.00" end="5700.00" id="inductionLoop.E2" nVehContrib="2" flow="72.00" occupancy="0.97" speed="10.69" harmonicMeanSpeed="10.30" length="5.00" nVehEntered="2"/>
    <interval begin="5700.00" end="5800.00" id="inductionLoop.E2" nVehContrib="3" flow="108.00" occupancy="2.43" speed="11.17" harmonicMeanSpeed="10.49" length="5.00" nVehEntered="4"/>
    <interval begin="5800.00" end="5900.00" id="inductionLoop.E2" nVehContrib="3" flow="108.00" occupancy="2.10" speed="10.45" harmonicMeanSpeed="8.15" length="5.00" nVehEntered="4"/>
    <interval begin="5900.00" end="6000.00" id="inductionLoop.E2" nVehContrib="5" flow="180.00" occupancy="4.11" speed="8.67" harmonicMeanSpeed="6.12" length="5.00" nVehEntered="6"/>
    <interval begin="6000.00" end="6100.00" id="inductionLoop.E2" nVehContrib="4" flow="144.00" occupancy="3.42" speed="8.73" harmonicMeanSpeed="5.84" length="5.00" nVehEntered="4"/>
    <interval begin="6100.00" end="6200.00" id="inductionLoop.E2" nVehContrib="3" flow="108.00" occupancy="1.79" speed="11.42" harmonicMeanSpeed="8.37" length="5.00" nVehEntered="3"/>
    <interval begin="6200.00" end="6300.00" id="inductionLoop.E2" nVehContrib="3" flow="108.00" occupancy="1.43" speed="13.89" harmonicMeanSpeed="13.77" length="5.00" nVehEntered="4"/>
    <interval begin="6300.00" end="6400.00" id="inductionLoop.E2" nVehContrib="6" flow="216.00" occupancy="4.79" speed="8.34" harmonicMeanSpeed="6.26" length="5.00" nVehEntered="6"/>
    <interval begin="6400.00" end="6500.00" id="inductionLoop.E2" nVehContrib="0" flow="0.00" occupancy="0.00" speed="-1.00" harmonicMeanSpeed="-1.00" length="-1.00" nVehEntered="0"/>
    <interval begin="6500.00" end="6600.00" id="inductionLoop.E2" nVehContrib="1" flow="36.00" occupancy="1.34" speed="3.72" harmonicMeanSpeed="3.72" length="5.00" nVehEntered="1"/>
    <interval begin="6600.00" end="6700.00" id="inductionLoop.E2" nVehContrib="1" flow="36.00" occupancy="1.28" speed="3.89" harmonicMeanSpeed="3.89" length="5.00" nVehEntered="1"/>
    <interval begin="6700.00" end="6800.00" id="inductionLoop.E2" nVehContrib="1" flow="36.00" occupancy="1.46" speed="3.42" harmonicMeanSpeed="3.42" length="5.00" nVehEntered="1"/>
    <interval begin="6800.00" end="6900.00" id="inductionLoop.E2" nVehContrib="5" flow="180.00" occupancy="4.38" speed="9.34" harmonicMeanSpeed="6.98" length="5.00" nVehEntered="7"/>
    <interval begin="6900.00" end="7000.00" id="inductionLoop.E2" nVehContrib="7" flow="252.00" occupancy="5.53" speed="8.39" harmonicMeanSpeed="5.76" length="5.00" nVehEntered="6"/>
    <interval begin="7000.00" end="7100.00" id="inductionLoop.E2" nVehContrib="4" flow="144.00" occupancy="4.60" speed="7.44" harmonicMeanSpeed="6.04" length="5.00" nVehEntered="6"/>
    <interval begin="7100.00" end="7200.00" id="inductionLoop.E2" nVehContrib="3" flow="108.00" occupancy="2.05" speed="7.27" harmonicMeanSpeed="4.92" length="5.00" nVehEntered="2"/>
    <interval begin="7200.00" end="7300.00" id="inductionLoop.E2" nVehContrib="7" flow="252.00" occupancy="6.01" speed="8.42" harmonicMeanSpeed="6.32" length="5.00" nVehEntered="8"/>
    <interval begin="7300.00" end="7400.00" id="inductionLoop.E2" nVehContrib="1" flow="36.00" occupancy="1.34" speed="3.79" harmonicMeanSpeed="3.79" length="5.00" nVehEntered="2"/>
    <interval begin="7400.00" end="7500.00" id="inductionLoop.E2" nVehContrib="3" flow="108.00" occupancy="1.90" speed="10.81" harmonicMeanSpeed="7.79" length="5.00" nVehEntered="2"/>
    <interval begin="7500.00" end="7600.00" id="inductionLoop.E2" nVehContrib="3" flow="108.00" occupancy="2.06" speed="10.89" harmonicMeanSpeed="7.27" length="5.00" nVehEntered="3"/>
    <interval begin="7600.00" end="7700.00" id="inductionLoop.E2" nVehContrib="1" flow="36.00" occupancy="0.37" speed="13.36" harmonicMeanSpeed="13.36" length="5.00" nVehEntered="1"/>
    <interval begin="7700.00" end="7800.00" id="inductionLoop.E2" nVehContrib="5" flow="180.00" occupancy="2.77" speed="11.20" harmonicMeanSpeed="9.04" length="5.00" nVehEntered="5"/>
    <interval begin="7800.00" end="7900.00" id="inductionLoop.E2" nVehContrib="2" flow="72.00" occupancy="0.70" speed="14.32" harmonicMeanSpeed="14.29" length="5.00" nVehEntered="2"/>
    <interval begin="7900.00" end="8000.00" id="inductionLoop.E2" nVehContrib="1" flow="36.00" occupancy="0.37" speed="13.40" harmonicMeanSpeed="13.40" length="5.00" nVehEntered="1"/>
    <interval begin="8000.00" end="8100.00" id="inductionLoop.E2" nVehContrib="0" flow="0.00" occupancy="0.00" speed="-1.00" harmonicMeanSpeed="-1.00" length="-1.00" nVehEntered="0"/>
    <interval begin="8100.00" end="8200.00" id="inductionLoop.E2" nVehContrib="2" flow="72.00" occupancy="1.56" speed="9.01" harmonicMeanSpeed="6.42" length="5.00" nVehEntered="2"/>
    <interval begin="8200.00" end="8300.00" id="inductionLoop.E2" nVehContrib="2" flow="72.00" occupancy="1.52" speed="8.65" harmonicMeanSpeed="6.57" length="5.00" nVehEntered="2"/>
    <interval begin="8300.00" end="8400.00" id="inductionLoop.E2" nVehContrib="3" flow="108.00" occupancy="2.32" speed="10.52" harmonicMeanSpeed="6.48" length="5.00" nVehEntered="3"/>
    <interval begin="8400.00" end="8500.00" id="inductionLoop.E2" nVehContrib="4" flow="144.00" occupancy="2.91" speed="9.21" harmonicMeanSpeed="6.86" length="5.00" nVehEntered="4"/>
    <interval begin="8500.00" end="8600.00" id="inductionLoop.E2" nVehContrib="4" flow="144.00" occupancy="1.65" speed="12.20" harmonicMeanSpeed="12.09" length="5.00" nVehEntered="4"/>
    <interval begin="8600.00" end="8700.00" id="inductionLoop.E2" nVehContrib="3" flow="108.00" occupancy="2.09" speed="8.66" harmonicMeanSpeed="7.63" length="5.00" nVehEntered="4"/>
    <interval begin="8700.00" end="8800.00" id="inductionLoop.E2" nVehContrib="2" flow="72.00" occupancy="2.02" speed="7.71" harmonicMeanSpeed="4.96" length="5.00" nVehEntered="2"/>
    <interval begin="8800.00" end="8900.00" id="inductionLoop.E2" nVehContrib="1" flow="36.00" occupancy="1.54" speed="3.95" harmonicMeanSpeed="3.95" length="5.00" nVehEntered="2"/>
    <interval begin="8900.00" end="9000.00" id="inductionLoop.E2" nVehContrib="0" flow="0.00" occupancy="0.00" speed="-1.00" harmonicMeanSpeed="-1.00" length="-1.00" nVehEntered="0"/>
    <interval begin="9000.00" end="9100.00" id="inductionLoop.E2" nVehContrib="1" flow="36.00" occupancy="0.33" speed="14.93" harmonicMeanSpeed="14.93" length="5.00" nVehEntered="1"/>
    <interval begin="9100.00" end="9200.00" id="inductionLoop.E2" nVehContrib="3" flow="108.00" occupancy="1.10" speed="13.59" harmonicMeanSpeed="13.59" length="5.00" nVehEntered="3"/>
    <interval begin="9200.00" end="9300.00" id="inductionLoop.E2" nVehContrib="0" flow="0.00" occupancy="0.00" speed="-1.00" harmonicMeanSpeed="-1.00" length="-1.00" nVehEntered="0"/>
    <interval begin="9300.00" end="9400.00" id="inductionLoop.E2" nVehContrib="1" flow="36.00" occupancy="1.05" speed="4.74" harmonicMeanSpeed="4.74" length="5.00" nVehEntered="1"/>
    <interval begin="9400.00" end="9500.00" id="inductionLoop.E2" nVehContrib="1" flow="36.00" occupancy="1.29" speed="3.96" harmonicMeanSpeed="3.96" length="5.00" nVehEntered="2"/>
    <interval begin="9500.00" end="9600.00" id="inductionLoop.E2" nVehContrib="3" flow="108.00" occupancy="2.43" speed="8.73" harmonicMeanSpeed="6.16" length="5.00" nVehEntered="3"/>
    <interval begin="9600.00" end="9700.00" id="inductionLoop.E2" nVehContrib="1" flow="36.00" occupancy="0.38" speed="13.08" harmonicMeanSpeed="13.08" length="5.00" nVehEntered="1"/>
    <interval begin="9700.00" end="9800.00" id="inductionLoop.E2" nVehContrib="1" flow="36.00" occupancy="0.34" speed="14.56" harmonicMeanSpeed="14.56" length="5.00" nVehEntered="1"/>
    <interval begin="9800.00" end="9900.00" id="inductionLoop.E2" nVehContrib="0" flow="0.00" occupancy="0.00" speed="-1.00" harmonicMeanSpeed="-1.00" length="-1.00" nVehEntered="0"/>
    <interval begin="9900.00" end="10000.00" id="inductionLoop.E2" nVehContrib="1" flow="36.00" occupancy="0.36" speed="13.84" harmonicMeanSpeed="13.84" length="5.00" nVehEntered="1"/>
    <interval begin="10000.00" end="10100.00" id="inductionLoop.E2" nVehContrib="2" flow="72.00" occupancy="2.15" speed="9.32" harmonicMeanSpeed="7.02" length="5.00" nVehEntered="4"/>
    <interval begin="10100.00" end="10200.00" id="inductionLoop.E2" nVehContrib="3" flow="108.00" occupancy="3.06" speed="6.97" harmonicMeanSpeed="4.90" length="5.00" nVehEntered="3"/>
    <interval begin="10200.00" end="10300.00" id="inductionLoop.E2" nVehContrib="1" flow="36.00" occupancy="1.12" speed="4.48" harmonicMeanSpeed="4.48" length="5.00" nVehEntered="1"/>
    <interval begin="10300.00" end="10400.00" id="inductionLoop.E2" nVehContrib="0" flow="0.00" occupancy="0.22" speed="-1.00" harmonicMeanSpeed="-1.00" length="-1.00" nVehEntered="1"/>
    <interval begin="10400.00" end="10500.00" id="inductionLoop.E2" nVehContrib="2" flow="72.00" occupancy="2.25" speed="14.09" harmonicMeanSpeed="14.06" length="5.00" nVehEntered="4"/>
    <interval begin="10500.00" end="10600.00" id="inductionLoop.E2" nVehContrib="2" flow="72.00" occupancy="1.67" speed="3.75" harmonicMeanSpeed="3.75" length="5.00" nVehEntered="1"/>
    <interval begin="10600.00" end="10700.00" id="inductionLoop.E2" nVehContrib="3" flow="108.00" occupancy="2.68" speed="7.80" harmonicMeanSpeed="5.59" length="5.00" nVehEntered="3"/>
    <interval begin="10700.00" end="10800.00" id="inductionLoop.E2" nVehContrib="2" flow="72.00" occupancy="2.08" speed="6.47" harmonicMeanSpeed="4.80" length="5.00" nVehEntered="2"/>
    <interval begin="10800.00" end="10900.00" id="inductionLoop.E2" nVehContrib="0" flow="0.00" occupancy="0.00" speed="-1.00" harmonicMeanSpeed="-1.00" length="-1.00" nVehEntered="0"/>
    <interval begin="10900.00" end="11000.00" id="inductionLoop.E2" nVehContrib="1" flow="36.00" occupancy="0.39" speed="12.69" harmonicMeanSpeed="12.69" length="5.00" nVehEntered="1"/>
    <interval begin="11000.00" end="11100.00" id="inductionLoop.E2" nVehContrib="1" flow="36.00" occupancy="1.21" speed="4.58" harmonicMeanSpeed="4.58" length="5.00" nVehEntered="2"/>
    <interval begin="11100.00" end="11200.00" id="inductionLoop.E2" nVehContrib="3" flow="108.00" occupancy="2.06" speed="10.24" harmonicMeanSpeed="7.28" length="5.00" nVehEntered="3"/>
    <interval begin="11200.00" end="11300.00" id="inductionLoop.E2" nVehContrib="2" flow="72.00" occupancy="1.40" speed="9.12" harmonicMeanSpeed="7.15" length="5.00" nVehEntered="2"/>
    <interval begin="11300.00" end="11400.00" id="inductionLoop.E2" nVehContrib="1" flow="36.00" occupancy="0.36" speed="13.96" harmonicMeanSpeed="13.96" length="5.00" nVehEntered="1"/>
    <interval begin="11400.00" end="11500.00" id="inductionLoop.E2" nVehContrib="3" flow="108.00" occupancy="1.77" speed="11.11" harmonicMeanSpeed="8.47" length="5.00" nVehEntered="3"/>
    <interval begin="11500.00" end="11600.00" id="inductionLoop.E2" nVehContrib="0" flow="0.00" occupancy="0.00" speed="-1.00" harmonicMeanSpeed="-1.00" length="-1.00" nVehEntered="0"/>
    <interval begin="11600.00" end="11700.00" id="inductionLoop.E2" nVehContrib="2" flow="72.00" occupancy="0.79" speed="13.17" harmonicMeanSpeed="13.17" length="5.00" nVehEntered="3"/>
    <interval begin="11700.00" end="11800.00" id="inductionLoop.E2" nVehContrib="2" flow="72.00" occupancy="2.02" speed="8.36" harmonicMeanSpeed="5.67" length="5.00" nVehEntered="3"/>
    <interval begin="11800.00" end="11900.00" id="inductionLoop.E2" nVehContrib="1" flow="36.00" occupancy="0.33" speed="15.18" harmonicMeanSpeed="15.18" length="5.00" nVehEntered="1"/>
    <interval begin="11900.00" end="12000.00" id="inductionLoop.E2" nVehContrib="1" flow="36.00" occupancy="0.38" speed="13.33" harmonicMeanSpeed="13.33" length="5.00" nVehEntered="1"/>
    <interval begin="12000.00" end="12100.00" id="inductionLoop.E2" nVehContrib="2" flow="72.00" occupancy="1.49" speed="8.86" harmonicMeanSpeed="6.70" length="5.00" nVehEntered="2"/>
    <interval begin="12100.00" end="12200.00" id="inductionLoop.E2" nVehContrib="3" flow="108.00" occupancy="2.36" speed="8.10" harmonicMeanSpeed="6.34" length="5.00" nVehEntered="3"/>
    <interval begin="12200.00" end="12300.00" id="inductionLoop.E2" nVehContrib="3" flow="108.00" occupancy="2.93" speed="5.63" harmonicMeanSpeed="5.12" length="5.00" nVehEntered="3"/>
    <interval begin="12300.00" end="12400.00" id="inductionLoop.E2" nVehContrib="1" flow="36.00" occupancy="0.41" speed="12.22" harmonicMeanSpeed="12.22" length="5.00" nVehEntered="1"/>
    <interval begin="12400.00" end="12500.00" id="inductionLoop.E2" nVehContrib="5" flow="180.00" occupancy="4.70" speed="7.17" harmonicMeanSpeed="5.31" length="5.00" nVehEntered="5"/>
    <interval begin="12500.00" end="12600.00" id="inductionLoop.E2" nVehContrib="2" flow="72.00" occupancy="1.34" speed="10.39" harmonicMeanSpeed="9.72" length="5.00" nVehEntered="3"/>
    <interval begin="12600.00" end="12700.00" id="inductionLoop.E2" nVehContrib="7" flow="252.00" occupancy="6.10" speed="9.29" harmonicMeanSpeed="6.58" length="5.00" nVehEntered="8"/>
    <interval begin="12700.00" end="12800.00" id="inductionLoop.E2" nVehContrib="2" flow="72.00" occupancy="0.75" speed="13.73" harmonicMeanSpeed="13.30" length="5.00" nVehEntered="2"/>
    <interval begin="12800.00" end="12900.00" id="inductionLoop.E2" nVehContrib="3" flow="108.00" occupancy="3.99" speed="3.77" harmonicMeanSpeed="3.76" length="5.00" nVehEntered="3"/>
    <interval begin="12900.00" end="13000.00" id="inductionLoop.E2" nVehContrib="2" flow="72.00" occupancy="0.72" speed="13.99" harmonicMeanSpeed="13.98" length="5.00" nVehEntered="2"/>
    <interval begin="13000.00" end="13100.00" id="inductionLoop.E2" nVehContrib="4" flow="144.00" occupancy="3.99" speed="8.29" harmonicMeanSpeed="5.02" length="5.00" nVehEntered="4"/>
    <interval begin="13100.00" end="13200.00" id="inductionLoop.E2" nVehContrib="0" flow="0.00" occupancy="0.26" speed="-1.00" harmonicMeanSpeed="-1.00" length="-1.00" nVehEntered="1"/>
    <interval begin="13200.00" end="13300.00" id="inductionLoop.E2" nVehContrib="7" flow="252.00" occupancy="5.49" speed="8.72" harmonicMeanSpeed="6.38" length="5.00" nVehEntered="7"/>
    <interval begin="13300.00" end="13400.00" id="inductionLoop.E2" nVehContrib="4" flow="144.00" occupancy="2.64" speed="8.91" harmonicMeanSpeed="7.57" length="5.00" nVehEntered="4"/>
    <interval begin="13400.00" end="13500.00" id="inductionLoop.E2" nVehContrib="3" flow="108.00" occupancy="1.02" speed="14.70" harmonicMeanSpeed="14.70" length="5.00" nVehEntered="3"/>
    <interval begin="13500.00" end="13600.00" id="inductionLoop.E2" nVehContrib="7" flow="252.00" occupancy="4.09" speed="10.12" harmonicMeanSpeed="8.55" length="5.00" nVehEntered="7"/>
    <interval begin="13600.00" end="13700.00" id="inductionLoop.E2" nVehContrib="3" flow="108.00" occupancy="2.20" speed="8.06" harmonicMeanSpeed="6.81" length="5.00" nVehEntered="3"/>
    <interval begin="13700.00" end="13800.00" id="inductionLoop.E2" nVehContrib="0" flow="0.00" occupancy="0.00" speed="-1.00" harmonicMeanSpeed="-1.00" length="-1.00" nVehEntered="0"/>
    <interval begin="13800.00" end="13900.00" id="inductionLoop.E2" nVehContrib="5" flow="180.00" occupancy="5.07" speed="7.10" harmonicMeanSpeed="5.41" length="5.00" nVehEntered="6"/>
    <interval begin="13900.00" end="14000.00" id="inductionLoop.E2" nVehContrib="2" flow="72.00" occupancy="0.90" speed="11.17" harmonicMeanSpeed="11.17" length="5.00" nVehEntered="2"/>
    <interval begin="14000.00" end="14100.00" id="inductionLoop.E2" nVehContrib="2" flow="72.00" occupancy="1.11" speed="12.58" harmonicMeanSpeed="12.55" length="5.00" nVehEntered="3"/>
    <interval begin="14100.00" end="14200.00" id="inductionLoop.E2" nVehContrib="3" flow="108.00" occupancy="2.98" speed="7.11" harmonicMeanSpeed="5.04" length="5.00" nVehEntered="3"/>
    <interval begin="14200.00" end="14300.00" id="inductionLoop.E2" nVehContrib="5" flow="180.00" occupancy="3.02" speed="10.93" harmonicMeanSpeed="8.29" length="5.00" nVehEntered="5"/>
    <interval begin="14300.00" end="14400.00" id="inductionLoop.E2" nVehContrib="2" flow="72.00" occupancy="1.67" speed="9.33" harmonicMeanSpeed="6.17" length="5.00" nVehEntered="3"/>
    <interval begin="14400.00" end="14500.00" id="inductionLoop.E2" nVehContrib="5" flow="180.00" occupancy="4.06" speed="9.13" harmonicMeanSpeed="6.33" length="5.00" nVehEntered="6"/>
    <interval begin="14500.00" end="14600.00" id="inductionLoop.E2" nVehContrib="4" flow="144.00" occupancy="3.34" speed="8.43" harmonicMeanSpeed="6.09" length="5.00" nVehEntered="5"/>
    <interval begin="14600.00" end="14700.00" id="inductionLoop.E2" nVehContrib="1" flow="36.00" occupancy="0.43" speed="13.89" harmonicMeanSpeed="13.89" length="5.00" nVehEntered="2"/>
    <interval begin="14700.00" end="14800.00" id="inductionLoop.E2" nVehContrib="5" flow="180.00" occupancy="13.19" speed="8.15" harmonicMeanSpeed="2.03" length="5.00" nVehEntered="8"/>
    <interval begin="14800.00" end="14900.00" id="inductionLoop.E2" nVehContrib="1" flow="36.00" occupancy="0.38" speed="13.23" harmonicMeanSpeed="13.23" length="5.00" nVehEntered="1"/>
    <interval begin="14900.00" end="15000.00" id="inductionLoop.E2" nVehContrib="3" flow="108.00" occupancy="1.16" speed="13.08" harmonicMeanSpeed="12.98" length="5.00" nVehEntered="3"/>
    <interval begin="15000.00" end="15100.00" id="inductionLoop.E2" nVehContrib="3" flow="108.00" occupancy="1.19" speed="13.57" harmonicMeanSpeed="13.57" length="5.00" nVehEntered="4"/>
    <interval begin="15100.00" end="15200.00" id="inductionLoop.E2" nVehContrib="7" flow="252.00" occupancy="6.98" speed="5.88" harmonicMeanSpeed="5.01" length="5.00" nVehEntered="8"/>
    <interval begin="15200.00" end="15300.00" id="inductionLoop.E2" nVehContrib="2" flow="72.00" occupancy="1.47" speed="9.92" harmonicMeanSpeed="6.81" length="5.00" nVehEntered="2"/>
    <interval begin="15300.00" end="15400.00" id="inductionLoop.E2" nVehContrib="6" flow="216.00" occupancy="4.48" speed="10.03" harmonicMeanSpeed="6.76" length="5.00" nVehEntered="7"/>
    <interval begin="15400.00" end="15500.00" id="inductionLoop.E2" nVehContrib="7" flow="252.00" occupancy="6.29" speed="7.97" harmonicMeanSpeed="5.56" length="5.00" nVehEntered="7"/>
    <interval begin="15500.00" end="15600.00" id="inductionLoop.E2" nVehContrib="6" flow="216.00" occupancy="4.21" speed="9.76" harmonicMeanSpeed="7.12" length="5.00" nVehEntered="6"/>
    <interval begin="15600.00" end="15700.00" id="inductionLoop.E2" nVehContrib="2" flow="72.00" occupancy="0.76" speed="13.20" harmonicMeanSpeed="13.20" length="5.00" nVehEntered="2"/>
    <interval begin="15700.00" end="15800.00" id="inductionLoop.E2" nVehContrib="6" flow="216.00" occupancy="2.42" speed="12.78" harmonicMeanSpeed="12.41" length="5.00" nVehEntered="6"/>
    <interval begin="15800.00" end="15900.00" id="inductionLoop.E2" nVehContrib="10" flow="360.00" occupancy="8.01" speed="9.54" harmonicMeanSpeed="6.25" length="5.00" nVehEntered="10"/>
    <interval begin="15900.00" end="16000.00" id="inductionLoop.E2" nVehContrib="9" flow="324.00" occupancy="4.93" speed="11.22" harmonicMeanSpeed="9.12" length="5.00" nVehEntered="9"/>
    <interval begin="16000.00" end="16100.00" id="inductionLoop.E2" nVehContrib="7" flow="252.00" occupancy="17.12" speed="7.40" harmonicMeanSpeed="2.05" length="5.00" nVehEntered="8"/>
    <interval begin="16100.00" end="16200.00" id="inductionLoop.E2" nVehContrib="9" flow="324.00" occupancy="10.69" speed="9.09" harmonicMeanSpeed="4.45" length="5.00" nVehEntered="10"/>
    <interval begin="16200.00" end="16300.00" id="inductionLoop.E2" nVehContrib="14" flow="504.00" occupancy="30.90" speed="8.95" harmonicMeanSpeed="2.27" length="5.00" nVehEntered="14"/>
    <interval begin="16300.00" end="16400.00" id="inductionLoop.E2" nVehContrib="8" flow="288.00" occupancy="6.51" speed="9.40" harmonicMeanSpeed="6.25" length="5.00" nVehEntered="9"/>
    <interval begin="16400.00" end="16500.00" id="inductionLoop.E2" nVehContrib="11" flow="396.00" occupancy="10.26" speed="7.70" harmonicMeanSpeed="5.69" length="5.00" nVehEntered="13"/>
    <interval begin="16500.00" end="16600.00" id="inductionLoop.E2" nVehContrib="8" flow="288.00" occupancy="5.15" speed="11.43" harmonicMeanSpeed="8.54" length="5.00" nVehEntered="10"/>
    <interval begin="16600.00" end="16700.00" id="inductionLoop.E2" nVehContrib="8" flow="288.00" occupancy="19.81" speed="7.87" harmonicMeanSpeed="3.58" length="5.00" nVehEntered="11"/>
    <interval begin="16700.00" end="16800.00" id="inductionLoop.E2" nVehContrib="13" flow="468.00" occupancy="14.05" speed="6.18" harmonicMeanSpeed="2.91" length="5.00" nVehEntered="12"/>
    <interval begin="16800.00" end="16900.00" id="inductionLoop.E2" nVehContrib="9" flow="324.00" occupancy="19.32" speed="8.45" harmonicMeanSpeed="3.81" length="5.00" nVehEntered="12"/>
    <interval begin="16900.00" end="17000.00" id="inductionLoop.E2" nVehContrib="9" flow="324.00" occupancy="5.77" speed="8.46" harmonicMeanSpeed="3.46" length="5.00" nVehEntered="8"/>
    <interval begin="17000.00" end="17100.00" id="inductionLoop.E2" nVehContrib="11" flow="396.00" occupancy="8.10" speed="9.19" harmonicMeanSpeed="7.03" length="5.00" nVehEntered="12"/>
    <interval begin="17100.00" end="17200.00" id="inductionLoop.E2" nVehContrib="12" flow="432.00" occupancy="7.02" speed="11.64" harmonicMeanSpeed="9.09" length="5.00" nVehEntered="14"/>
    <interval begin="17200.00" end="17300.00" id="inductionLoop.E2" nVehContrib="9" flow="324.00" occupancy="11.78" speed="8.84" harmonicMeanSpeed="6.86" length="5.00" nVehEntered="11"/>
    <interval begin="17300.00" end="17400.00" id="inductionLoop.E2" nVehContrib="13" flow="468.00" occupancy="24.70" speed="7.70" harmonicMeanSpeed="2.31" length="5.00" nVehEntered="16"/>
    <interval begin="17400.00" end="17500.00" id="inductionLoop.E2" nVehContrib="12" flow="432.00" occupancy="39.46" speed="9.59" harmonicMeanSpeed="2.29" length="5.00" nVehEntered="13"/>
    <interval begin="17500.00" end="17600.00" id="inductionLoop.E2" nVehContrib="14" flow="504.00" occupancy="27.37" speed="7.25" harmonicMeanSpeed="1.94" length="5.00" nVehEntered="17"/>
    <interval begin="17600.00" end="17700.00" id="inductionLoop.E2" nVehContrib="12" flow="432.00" occupancy="31.27" speed="7.89" harmonicMeanSpeed="1.80" length="5.00" nVehEntered="12"/>
    <interval begin="17700.00" end="17800.00" id="inductionLoop.E2" nVehContrib="13" flow="468.00" occupancy="31.83" speed="8.27" harmonicMeanSpeed="2.04" length="5.00" nVehEntered="13"/>
    <interval begin="17800.00" end="17900.00" id="inductionLoop.E2" nVehContrib="12" flow="432.00" occupancy="33.08" speed="6.93" harmonicMeanSpeed="1.83" length="5.00" nVehEntered="13"/>
    <interval begin="17900.00" end="18000.00" id="inductionLoop.E2" nVehContrib="12" flow="432.00" occupancy="26.83" speed="8.59" harmonicMeanSpeed="2.28" length="5.00" nVehEntered="14"/>
    <interval begin="18000.00" end="18100.00" id="inductionLoop.E2" nVehContrib="13" flow="468.00" occupancy="13.25" speed="9.57" harmonicMeanSpeed="5.48" length="5.00" nVehEntered="15"/>
    <interval begin="18100.00" end="18200.00" id="inductionLoop.E2" nVehContrib="15" flow="540.00" occupancy="13.36" speed="10.16" harmonicMeanSpeed="6.40" length="5.00" nVehEntered="18"/>
    <interval begin="18200.00" end="18300.00" id="inductionLoop.E2" nVehContrib="13" flow="468.00" occupancy="49.90" speed="5.37" harmonicMeanSpeed="1.31" length="5.00" nVehEntered="14"/>
    <interval begin="18300.00" end="18400.00" id="inductionLoop.E2" nVehContrib="13" flow="468.00" occupancy="46.77" speed="4.93" harmonicMeanSpeed="1.39" length="5.00" nVehEntered="13"/>
    <interval begin="18400.00" end="18500.00" id="inductionLoop.E2" nVehContrib="16" flow="576.00" occupancy="31.03" speed="9.08" harmonicMeanSpeed="2.66" length="5.00" nVehEntered="18"/>
    <interval begin="18500.00" end="18600.00" id="inductionLoop.E2" nVehContrib="15" flow="540.00" occupancy="24.21" speed="8.57" harmonicMeanSpeed="3.15" length="5.00" nVehEntered="16"/>
    <interval begin="18600.00" end="18700.00" id="inductionLoop.E2" nVehContrib="12" flow="432.00" occupancy="29.65" speed="6.80" harmonicMeanSpeed="2.05" length="5.00" nVehEntered="13"/>
    <interval begin="18700.00" end="18800.00" id="inductionLoop.E2" nVehContrib="16" flow="576.00" occupancy="31.61" speed="9.01" harmonicMeanSpeed="2.50" length="5.00" nVehEntered="15"/>
    <interval begin="18800.00" end="18900.00" id="inductionLoop.E2" nVehContrib="17" flow="612.00" occupancy="39.19" speed="7.45" harmonicMeanSpeed="2.17" length="5.00" nVehEntered="17"/>
    <interval begin="18900.00" end="19000.00" id="inductionLoop.E2" nVehContrib="14" flow="504.00" occupancy="40.66" speed="6.78" harmonicMeanSpeed="1.73" length="5.00" nVehEntered="16"/>
    <interval begin="19000.00" end="19100.00" id="inductionLoop.E2" nVehContrib="19" flow="684.00" occupancy="33.45" speed="7.33" harmonicMeanSpeed="2.89" length="5.00" nVehEntered="21"/>
    <interval begin="19100.00" end="19200.00" id="inductionLoop.E2" nVehContrib="13" flow="468.00" occupancy="31.84" speed="5.97" harmonicMeanSpeed="2.06" length="5.00" nVehEntered="15"/>
    <interval begin="19200.00" end="19300.00" id="inductionLoop.E2" nVehContrib="18" flow="648.00" occupancy="43.70" speed="7.64" harmonicMeanSpeed="2.11" length="5.00" nVehEntered="19"/>
    <interval begin="19300.00" end="19400.00" id="inductionLoop.E2" nVehContrib="16" flow="576.00" occupancy="46.42" speed="6.98" harmonicMeanSpeed="1.74" length="5.00" nVehEntered="17"/>
    <interval begin="19400.00" end="19500.00" id="inductionLoop.E2" nVehContrib="17" flow="612.00" occupancy="59.28" speed="7.44" harmonicMeanSpeed="1.43" length="5.00" nVehEntered="17"/>
    <interval begin="19500.00" end="19600.00" id="inductionLoop.E2" nVehContrib="22" flow="792.00" occupancy="45.08" speed="8.54" harmonicMeanSpeed="2.98" length="5.00" nVehEntered="23"/>
    <interval begin="19600.00" end="19700.00" id="inductionLoop.E2" nVehContrib="19" flow="684.00" occupancy="63.47" speed="7.15" harmonicMeanSpeed="1.52" length="5.00" nVehEntered="19"/>
    <interval begin="19700.00" end="19800.00" id="inductionLoop.E2" nVehContrib="16" flow="576.00" occupancy="49.34" speed="7.32" harmonicMeanSpeed="1.58" length="5.00" nVehEntered="18"/>
    <interval begin="19800.00" end="19900.00" id="inductionLoop.E2" nVehContrib="18" flow="648.00" occupancy="65.22" speed="9.13" harmonicMeanSpeed="1.27" length="5.00" nVehEntered="19"/>
    <interval begin="19900.00" end="20000.00" id="inductionLoop.E2" nVehContrib="18" flow="648.00" occupancy="41.40" speed="7.25" harmonicMeanSpeed="2.47" length="5.00" nVehEntered="20"/>
    <interval begin="20000.00" end="20100.00" id="inductionLoop.E2" nVehContrib="11" flow="396.00" occupancy="42.62" speed="6.33" harmonicMeanSpeed="1.47" length="5.00" nVehEntered="12"/>
    <interval begin="20100.00" end="20200.00" id="inductionLoop.E2" nVehContrib="13" flow="468.00" occupancy="43.20" speed="5.37" harmonicMeanSpeed="1.69" length="5.00" nVehEntered="14"/>
    <interval begin="20200.00" end="20300.00" id="inductionLoop.E2" nVehContrib="16" flow="576.00" occupancy="50.20" speed="7.42" harmonicMeanSpeed="1.40" length="5.00" nVehEntered="19"/>
    <interval begin="20300.00" end="20400.00" id="inductionLoop.E2" nVehContrib="10" flow="360.00" occupancy="82.95" speed="5.00" harmonicMeanSpeed="0.57" length="5.00" nVehEntered="9"/>
    <interval begin="20400.00" end="20500.00" id="inductionLoop.E2" nVehContrib="12" flow="432.00" occupancy="43.04" speed="6.22" harmonicMeanSpeed="1.41" length="5.00" nVehEntered="15"/>
    <interval begin="20500.00" end="20600.00" id="inductionLoop.E2" nVehContrib="20" flow="720.00" occupancy="54.55" speed="8.41" harmonicMeanSpeed="1.82" length="5.00" nVehEntered="19"/>
    <interval begin="20600.00" end="20700.00" id="inductionLoop.E2" nVehContrib="12" flow="432.00" occupancy="63.16" speed="5.89" harmonicMeanSpeed="0.96" length="5.00" nVehEntered="14"/>
    <interval begin="20700.00" end="20800.00" id="inductionLoop.E2" nVehContrib="18" flow="648.00" occupancy="55.65" speed="8.59" harmonicMeanSpeed="2.93" length="5.00" nVehEntered="19"/>
    <interval begin="20800.00" end="20900.00" id="inductionLoop.E2" nVehContrib="12" flow="432.00" occupancy="51.77" speed="6.37" harmonicMeanSpeed="0.78" length="5.00" nVehEntered="11"/>
    <interval begin="20900.00" end="21000.00" id="inductionLoop.E2" nVehContrib="10" flow="360.00" occupancy="28.54" speed="6.91" harmonicMeanSpeed="1.96" length="5.00" nVehEntered="11"/>
    <interval begin="21000.00" end="21100.00" id="inductionLoop.E2" nVehContrib="15" flow="540.00" occupancy="38.13" speed="7.05" harmonicMeanSpeed="1.85" length="5.00" nVehEntered="16"/>
    <interval begin="21100.00" end="21200.00" id="inductionLoop.E2" nVehContrib="11" flow="396.00" occupancy="70.59" speed="7.72" harmonicMeanSpeed="1.26" length="5.00" nVehEntered="11"/>
    <interval begin="21200.00" end="21300.00" id="inductionLoop.E2" nVehContrib="20" flow="720.00" occupancy="62.02" speed="7.36" harmonicMeanSpeed="1.27" length="5.00" nVehEntered="20"/>
    <interval begin="21300.00" end="21400.00" id="inductionLoop.E2" nVehContrib="15" flow="540.00" occupancy="56.94" speed="6.72" harmonicMeanSpeed="1.12" length="5.00" nVehEntered="16"/>
    <interval begin="21400.00" end="21500.00" id="inductionLoop.E2" nVehContrib="13" flow="468.00" occupancy="53.07" speed="7.30" harmonicMeanSpeed="2.01" length="5.00" nVehEntered="13"/>
    <interval begin="21500.00" end="21600.00" id="inductionLoop.E2" nVehContrib="16" flow="576.00" occupancy="57.22" speed="6.14" harmonicMeanSpeed="1.02" length="5.00" nVehEntered="15"/>
    <interval begin="21600.00" end="21700.00" id="inductionLoop.E2" nVehContrib="10" flow="360.00" occupancy="72.26" speed="7.45" harmonicMeanSpeed="1.04" length="5.00" nVehEntered="12"/>
    <interval begin="21700.00" end="21800.00" id="inductionLoop.E2" nVehContrib="17" flow="612.00" occupancy="69.94" speed="7.30" harmonicMeanSpeed="0.90" length="5.00" nVehEntered="17"/>
    <interval begin="21800.00" end="21900.00" id="inductionLoop.E2" nVehContrib="17" flow="612.00" occupancy="54.02" speed="8.36" harmonicMeanSpeed="1.71" length="5.00" nVehEntered="18"/>
    <interval begin="21900.00" end="22000.00" id="inductionLoop.E2" nVehContrib="14" flow="504.00" occupancy="77.63" speed="6.22" harmonicMeanSpeed="0.86" length="5.00" nVehEntered="13"/>
    <interval begin="22000.00" end="22100.00" id="inductionLoop.E2" nVehContrib="18" flow="648.00" occupancy="64.40" speed="9.33" harmonicMeanSpeed="1.66" length="5.00" nVehEntered="19"/>
    <interval begin="22100.00" end="22200.00" id="inductionLoop.E2" nVehContrib="11" flow="396.00" occupancy="79.59" speed="8.21" harmonicMeanSpeed="1.08" length="5.00" nVehEntered="11"/>
    <interval begin="22200.00" end="22300.00" id="inductionLoop.E2" nVehContrib="14" flow="504.00" occupancy="75.47" speed="7.83" harmonicMeanSpeed="0.62" length="5.00" nVehEntered="14"/>
    <interval begin="22300.00" end="22400.00" id="inductionLoop.E2" nVehContrib="24" flow="864.00" occupancy="60.74" speed="8.82" harmonicMeanSpeed="1.95" length="5.00" nVehEntered="23"/>
    <interval begin="22400.00" end="22500.00" id="inductionLoop.E2" nVehContrib="12" flow="432.00" occupancy="61.89" speed="7.24" harmonicMeanSpeed="0.97" length="5.00" nVehEntered="12"/>
    <interval begin="22500.00" end="22600.00" id="inductionLoop.E2" nVehContrib="10" flow="360.00" occupancy="56.83" speed="8.63" harmonicMeanSpeed="7.54" length="5.00" nVehEntered="11"/>
    <interval begin="22600.00" end="22700.00" id="inductionLoop.E2" nVehContrib="22" flow="792.00" occupancy="64.05" speed="7.99" harmonicMeanSpeed="0.96" length="5.00" nVehEntered="21"/>
    <interval begin="22700.00" end="22800.00" id="inductionLoop.E2" nVehContrib="11" flow="396.00" occupancy="79.09" speed="7.93" harmonicMeanSpeed="1.00" length="5.00" nVehEntered="12"/>
    <interval begin="22800.00" end="22900.00" id="inductionLoop.E2" nVehContrib="11" flow="396.00" occupancy="81.48" speed="6.68" harmonicMeanSpeed="0.52" length="5.00" nVehEntered="11"/>
    <interval begin="22900.00" end="23000.00" id="inductionLoop.E2" nVehContrib="22" flow="792.00" occupancy="64.74" speed="8.46" harmonicMeanSpeed="1.68" length="5.00" nVehEntered="22"/>
    <interval begin="23000.00" end="23100.00" id="inductionLoop.E2" nVehContrib="17" flow="612.00" occupancy="73.50" speed="9.12" harmonicMeanSpeed="1.47" length="5.00" nVehEntered="17"/>
    <interval begin="23100.00" end="23200.00" id="inductionLoop.E2" nVehContrib="11" flow="396.00" occupancy="76.63" speed="8.03" harmonicMeanSpeed="0.84" length="5.00" nVehEntered="11"/>
    <interval begin="23200.00" end="23300.00" id="inductionLoop.E2" nVehContrib="19" flow="684.00" occupancy="69.48" speed="10.17" harmonicMeanSpeed="1.59" length="5.00" nVehEntered="19"/>
    <interval begin="23300.00" end="23400.00" id="inductionLoop.E2" nVehContrib="15" flow="540.00" occupancy="76.40" speed="9.29" harmonicMeanSpeed="1.11" length="5.00" nVehEntered="15"/>
    <interval begin="23400.00" end="23500.00" id="inductionLoop.E2" nVehContrib="21" flow="756.00" occupancy="67.69" speed="10.09" harmonicMeanSpeed="1.35" length="5.00" nVehEntered="21"/>
    <interval begin="23500.00" end="23600.00" id="inductionLoop.E2" nVehContrib="12" flow="432.00" occupancy="62.20" speed="8.09" harmonicMeanSpeed="0.91" length="5.00" nVehEntered="13"/>
    <interval begin="23600.00" end="23700.00" id="inductionLoop.E2" nVehContrib="10" flow="360.00" occupancy="78.01" speed="5.37" harmonicMeanSpeed="0.46" length="5.00" nVehEntered="9"/>
    <interval begin="23700.00" end="23800.00" id="inductionLoop.E2" nVehContrib="14" flow="504.00" occupancy="47.02" speed="7.32" harmonicMeanSpeed="1.50" length="5.00" nVehEntered="15"/>
    <interval begin="23800.00" end="23900.00" id="inductionLoop.E2" nVehContrib="7" flow="252.00" occupancy="58.01" speed="5.89" harmonicMeanSpeed="1.00" length="5.00" nVehEntered="10"/>
    <interval begin="23900.00" end="24000.00" id="inductionLoop.E2" nVehContrib="14" flow="504.00" occupancy="67.52" speed="6.21" harmonicMeanSpeed="0.79" length="5.00" nVehEntered="14"/>
    <interval begin="24000.00" end="24100.00" id="inductionLoop.E2" nVehContrib="13" flow="468.00" occupancy="52.85" speed="7.23" harmonicMeanSpeed="1.24" length="5.00" nVehEntered="15"/>
    <interval begin="24100.00" end="24200.00" id="inductionLoop.E2" nVehContrib="9" flow="324.00" occupancy="50.83" speed="7.08" harmonicMeanSpeed="0.96" length="5.00" nVehEntered="12"/>
    <interval begin="24200.00" end="24300.00" id="inductionLoop.E2" nVehContrib="11" flow="396.00" occupancy="62.71" speed="7.43" harmonicMeanSpeed="1.20" length="5.00" nVehEntered="11"/>
    <interval begin="24300.00" end="24400.00" id="inductionLoop.E2" nVehContrib="15" flow="540.00" occupancy="56.23" speed="6.46" harmonicMeanSpeed="0.98" length="5.00" nVehEntered="14"/>
    <interval begin="24400.00" end="24500.00" id="inductionLoop.E2" nVehContrib="7" flow="252.00" occupancy="65.55" speed="4.49" harmonicMeanSpeed="0.55" length="5.00" nVehEntered="9"/>
    <interval begin="24500.00" end="24600.00" id="inductionLoop.E2" nVehContrib="13" flow="468.00" occupancy="74.39" speed="6.18" harmonicMeanSpeed="1.13" length="5.00" nVehEntered="13"/>
    <interval begin="24600.00" end="24700.00" id="inductionLoop.E2" nVehContrib="9" flow="324.00" occupancy="64.74" speed="7.13" harmonicMeanSpeed="0.82" length="5.00" nVehEntered="10"/>
    <interval begin="24700.00" end="24800.00" id="inductionLoop.E2" nVehContrib="11" flow="396.00" occupancy="22.89" speed="6.32" harmonicMeanSpeed="1.08" length="5.00" nVehEntered="11"/>
    <interval begin="24800.00" end="24900.00" id="inductionLoop.E2" nVehContrib="5" flow="180.00" occupancy="18.28" speed="6.43" harmonicMeanSpeed="1.37" length="5.00" nVehEntered="6"/>
    <interval begin="24900.00" end="25000.00" id="inductionLoop.E2" nVehContrib="7" flow="252.00" occupancy="22.02" speed="7.26" harmonicMeanSpeed="3.92" length="5.00" nVehEntered="9"/>
    <interval begin="25000.00" end="25100.00" id="inductionLoop.E2" nVehContrib="10" flow="360.00" occupancy="49.39" speed="4.78" harmonicMeanSpeed="0.82" length="5.00" nVehEntered="10"/>
    <interval begin="25100.00" end="25200.00" id="inductionLoop.E2" nVehContrib="12" flow="432.00" occupancy="36.81" speed="7.74" harmonicMeanSpeed="1.63" length="5.00" nVehEntered="12"/>
    <interval begin="25200.00" end="25300.00" id="inductionLoop.E2" nVehContrib="6" flow="216.00" occupancy="33.80" speed="6.02" harmonicMeanSpeed="0.89" length="5.00" nVehEntered="7"/>
    <interval begin="25300.00" end="25400.00" id="inductionLoop.E2" nVehContrib="7" flow="252.00" occupancy="12.59" speed="6.56" harmonicMeanSpeed="2.78" length="5.00" nVehEntered="7"/>
    <interval begin="25400.00" end="25500.00" id="inductionLoop.E2" nVehContrib="5" flow="180.00" occupancy="28.90" speed="4.42" harmonicMeanSpeed="0.87" length="5.00" nVehEntered="6"/>
    <interval begin="25500.00" end="25600.00" id="inductionLoop.E2" nVehContrib="5" flow="180.00" occupancy="27.12" speed="3.81" harmonicMeanSpeed="0.92" length="5.00" nVehEntered="6"/>
    <interval begin="25600.00" end="25700.00" id="inductionLoop.E2" nVehContrib="1" flow="36.00" occupancy="0.44" speed="11.24" harmonicMeanSpeed="11.24" length="5.00" nVehEntered="1"/>
    <interval begin="25700.00" end="25800.00" id="inductionLoop.E2" nVehContrib="3" flow="108.00" occupancy="3.11" speed="5.56" harmonicMeanSpeed="4.82" length="5.00" nVehEntered="3"/>
    <interval begin="25800.00" end="25900.00" id="inductionLoop.E2" nVehContrib="5" flow="180.00" occupancy="27.35" speed="3.04" harmonicMeanSpeed="0.96" length="5.00" nVehEntered="7"/>
    <interval begin="25900.00" end="26000.00" id="inductionLoop.E2" nVehContrib="8" flow="288.00" occupancy="42.50" speed="7.28" harmonicMeanSpeed="0.93" length="5.00" nVehEntered="9"/>
    <interval begin="26000.00" end="26100.00" id="inductionLoop.E2" nVehContrib="10" flow="360.00" occupancy="46.45" speed="7.17" harmonicMeanSpeed="1.08" length="5.00" nVehEntered="10"/>
    <interval begin="26100.00" end="26200.00" id="inductionLoop.E2" nVehContrib="8" flow="288.00" occupancy="42.81" speed="7.04" harmonicMeanSpeed="0.94" length="5.00" nVehEntered="9"/>
    <interval begin="26200.00" end="26300.00" id="inductionLoop.E2" nVehContrib="14" flow="504.00" occupancy="49.14" speed="8.65" harmonicMeanSpeed="1.44" length="5.00" nVehEntered="15"/>
    <interval begin="26300.00" end="26400.00" id="inductionLoop.E2" nVehContrib="11" flow="396.00" occupancy="46.17" speed="9.09" harmonicMeanSpeed="8.05" length="5.00" nVehEntered="12"/>
    <interval begin="26400.00" end="26500.00" id="inductionLoop.E2" nVehContrib="10" flow="360.00" occupancy="21.93" speed="6.51" harmonicMeanSpeed="0.81" length="5.00" nVehEntered="10"/>
    <interval begin="26500.00" end="26600.00" id="inductionLoop.E2" nVehContrib="9" flow="324.00" occupancy="37.56" speed="7.57" harmonicMeanSpeed="1.21" length="5.00" nVehEntered="10"/>
    <interval begin="26600.00" end="26700.00" id="inductionLoop.E2" nVehContrib="7" flow="252.00" occupancy="19.00" speed="7.93" harmonicMeanSpeed="1.86" length="5.00" nVehEntered="8"/>
    <interval begin="26700.00" end="26800.00" id="inductionLoop.E2" nVehContrib="10" flow="360.00" occupancy="22.11" speed="7.87" harmonicMeanSpeed="2.46" length="5.00" nVehEntered="13"/>
    <interval begin="26800.00" end="26900.00" id="inductionLoop.E2" nVehContrib="7" flow="252.00" occupancy="43.27" speed="5.55" harmonicMeanSpeed="1.38" length="5.00" nVehEntered="8"/>
    <interval begin="26900.00" end="27000.00" id="inductionLoop.E2" nVehContrib="14" flow="504.00" occupancy="42.31" speed="7.50" harmonicMeanSpeed="1.14" length="5.00" nVehEntered="13"/>
    <interval begin="27000.00" end="27100.00" id="inductionLoop.E2" nVehContrib="11" flow="396.00" occupancy="11.92" speed="9.54" harmonicMeanSpeed="4.71" length="5.00" nVehEntered="12"/>
    <interval begin="27100.00" end="27200.00" id="inductionLoop.E2" nVehContrib="9" flow="324.00" occupancy="16.97" speed="5.27" harmonicMeanSpeed="2.68" length="5.00" nVehEntered="10"/>
    <interval begin="27200.00" end="27300.00" id="inductionLoop.E2" nVehContrib="8" flow="288.00" occupancy="11.81" speed="9.06" harmonicMeanSpeed="3.46" length="5.00" nVehEntered="9"/>
    <interval begin="27300.00" end="27400.00" id="inductionLoop.E2" nVehContrib="6" flow="216.00" occupancy="21.12" speed="7.32" harmonicMeanSpeed="1.45" length="5.00" nVehEntered="8"/>
    <interval begin="27400.00" end="27500.00" id="inductionLoop.E2" nVehContrib="0" flow="0.00" occupancy="0.00" speed="-1.00" harmonicMeanSpeed="-1.00" length="-1.00" nVehEntered="0"/>
    <interval begin="27500.00" end="27600.00" id="inductionLoop.E2" nVehContrib="0" flow="0.00" occupancy="0.00" speed="-1.00" harmonicMeanSpeed="-1.00" length="-1.00" nVehEntered="0"/>
    <interval begin="27600.00" end="27700.00" id="inductionLoop.E2" nVehContrib="0" flow="0.00" occupancy="0.00" speed="-1.00" harmonicMeanSpeed="-1.00" length="-1.00" nVehEntered="0"/>
    <interval begin="27700.00" end="27800.00" id="inductionLoop.E2" nVehContrib="0" flow="0.00" occupancy="0.00" speed="-1.00" harmonicMeanSpeed="-1.00" length="-1.00" nVehEntered="0"/>
    <interval begin="27800.00" end="27900.00" id="inductionLoop.E2" nVehContrib="0" flow="0.00" occupancy="0.00" speed="-1.00" harmonicMeanSpeed="-1.00" length="-1.00" nVehEntered="0"/>
    <interval begin="27900.00" end="28000.00" id="inductionLoop.E2" nVehContrib="0" flow="0.00" occupancy="0.00" speed="-1.00" harmonicMeanSpeed="-1.00" length="-1.00" nVehEntered="0"/>
    <interval begin="28000.00" end="28100.00" id="inductionLoop.E2" nVehContrib="0" flow="0.00" occupancy="0.00" speed="-1.00" harmonicMeanSpeed="-1.00" length="-1.00" nVehEntered="0"/>
    <interval begin="28100.00" end="28200.00" id="inductionLoop.E2" nVehContrib="0" flow="0.00" occupancy="0.00" speed="-1.00" harmonicMeanSpeed="-1.00" length="-1.00" nVehEntered="0"/>
    <interval begin="28200.00" end="28300.00" id="inductionLoop.E2" nVehContrib="0" flow="0.00" occupancy="0.00" speed="-1.00" harmonicMeanSpeed="-1.00" length="-1.00" nVehEntered="0"/>
    <interval begin="28300.00" end="28400.00" id="inductionLoop.E2" nVehContrib="0" flow="0.00" occupancy="0.00" speed="-1.00" harmonicMeanSpeed="-1.00" length="-1.00" nVehEntered="0"/>
    <interval begin="28400.00" end="28500.00" id="inductionLoop.E2" nVehContrib="0" flow="0.00" occupancy="0.00" speed="-1.00" harmonicMeanSpeed="-1.00" length="-1.00" nVehEntered="0"/>
    <interval begin="28500.00" end="28600.00" id="inductionLoop.E2" nVehContrib="0" flow="0.00" occupancy="0.00" speed="-1.00" harmonicMeanSpeed="-1.00" length="-1.00" nVehEntered="0"/>
    <interval begin="28600.00" end="28700.00" id="inductionLoop.E2" nVehContrib="0" flow="0.00" occupancy="0.00" speed="-1.00" harmonicMeanSpeed="-1.00" length="-1.00" nVehEntered="0"/>
    <interval begin="28700.00" end="28800.00" id="inductionLoop.E2" nVehContrib="0" flow="0.00" occupancy="0.00" speed="-1.00" harmonicMeanSpeed="-1.00" length="-1.00" nVehEntered="0"/>
    <interval begin="28800.00" end="28900.00" id="inductionLoop.E2" nVehContrib="0" flow="0.00" occupancy="0.00" speed="-1.00" harmonicMeanSpeed="-1.00" length="-1.00" nVehEntered="0"/>
    <interval begin="28900.00" end="29000.00" id="inductionLoop.E2" nVehContrib="0" flow="0.00" occupancy="0.00" speed="-1.00" harmonicMeanSpeed="-1.00" length="-1.00" nVehEntered="0"/>
    <interval begin="29000.00" end="29100.00" id="inductionLoop.E2" nVehContrib="0" flow="0.00" occupancy="0.00" speed="-1.00" harmonicMeanSpeed="-1.00" length="-1.00" nVehEntered="0"/>
    <interval begin="29100.00" end="29200.00" id="inductionLoop.E2" nVehContrib="0" flow="0.00" occupancy="0.00" speed="-1.00" harmonicMeanSpeed="-1.00" length="-1.00" nVehEntered="0"/>
    <interval begin="29200.00" end="29300.00" id="inductionLoop.E2" nVehContrib="0" flow="0.00" occupancy="0.00" speed="-1.00" harmonicMeanSpeed="-1.00" length="-1.00" nVehEntered="0"/>
    <interval begin="29300.00" end="29400.00" id="inductionLoop.E2" nVehContrib="0" flow="0.00" occupancy="0.00" speed="-1.00" harmonicMeanSpeed="-1.00" length="-1.00" nVehEntered="0"/>
    <interval begin="29400.00" end="29500.00" id="inductionLoop.E2" nVehContrib="0" flow="0.00" occupancy="0.00" speed="-1.00" harmonicMeanSpeed="-1.00" length="-1.00" nVehEntered="0"/>
    <interval begin="29500.00" end="29600.00" id="inductionLoop.E2" nVehContrib="0" flow="0.00" occupancy="0.00" speed="-1.00" harmonicMeanSpeed="-1.00" length="-1.00" nVehEntered="0"/>
    <interval begin="29600.00" end="29700.00" id="inductionLoop.E2" nVehContrib="0" flow="0.00" occupancy="0.00" speed="-1.00" harmonicMeanSpeed="-1.00" length="-1.00" nVehEntered="0"/>
    <interval begin="29700.00" end="29800.00" id="inductionLoop.E2" nVehContrib="0" flow="0.00" occupancy="0.00" speed="-1.00" harmonicMeanSpeed="-1.00" length="-1.00" nVehEntered="0"/>
    <interval begin="29800.00" end="29900.00" id="inductionLoop.E2" nVehContrib="0" flow="0.00" occupancy="0.00" speed="-1.00" harmonicMeanSpeed="-1.00" length="-1.00" nVehEntered="0"/>
    <interval begin="29900.00" end="30000.00" id="inductionLoop.E2" nVehContrib="0" flow="0.00" occupancy="0.00" speed="-1.00" harmonicMeanSpeed="-1.00" length="-1.00" nVehEntered="0"/>
    <interval begin="30000.00" end="30100.00" id="inductionLoop.E2" nVehContrib="0" flow="0.00" occupancy="0.00" speed="-1.00" harmonicMeanSpeed="-1.00" length="-1.00" nVehEntered="0"/>
    <interval begin="30100.00" end="30200.00" id="inductionLoop.E2" nVehContrib="0" flow="0.00" occupancy="0.00" speed="-1.00" harmonicMeanSpeed="-1.00" length="-1.00" nVehEntered="0"/>
    <interval begin="30200.00" end="30300.00" id="inductionLoop.E2" nVehContrib="0" flow="0.00" occupancy="0.00" speed="-1.00" harmonicMeanSpeed="-1.00" length="-1.00" nVehEntered="0"/>
    <interval begin="30300.00" end="30400.00" id="inductionLoop.E2" nVehContrib="0" flow="0.00" occupancy="0.00" speed="-1.00" harmonicMeanSpeed="-1.00" length="-1.00" nVehEntered="0"/>
    <interval begin="30400.00" end="30500.00" id="inductionLoop.E2" nVehContrib="0" flow="0.00" occupancy="0.00" speed="-1.00" harmonicMeanSpeed="-1.00" length="-1.00" nVehEntered="0"/>
    <interval begin="30500.00" end="30600.00" id="inductionLoop.E2" nVehContrib="0" flow="0.00" occupancy="0.00" speed="-1.00" harmonicMeanSpeed="-1.00" length="-1.00" nVehEntered="0"/>
    <interval begin="30600.00" end="30700.00" id="inductionLoop.E2" nVehContrib="0" flow="0.00" occupancy="0.00" speed="-1.00" harmonicMeanSpeed="-1.00" length="-1.00" nVehEntered="0"/>
    <interval begin="30700.00" end="30800.00" id="inductionLoop.E2" nVehContrib="0" flow="0.00" occupancy="0.00" speed="-1.00" harmonicMeanSpeed="-1.00" length="-1.00" nVehEntered="0"/>
    <interval begin="30800.00" end="30900.00" id="inductionLoop.E2" nVehContrib="1" flow="36.00" occupancy="1.08" speed="4.64" harmonicMeanSpeed="4.64" length="5.00" nVehEntered="1"/>
    <interval begin="30900.00" end="31000.00" id="inductionLoop.E2" nVehContrib="1" flow="36.00" occupancy="0.39" speed="12.85" harmonicMeanSpeed="12.85" length="5.00" nVehEntered="1"/>
    <interval begin="31000.00" end="31100.00" id="inductionLoop.E2" nVehContrib="0" flow="0.00" occupancy="0.00" speed="-1.00" harmonicMeanSpeed="-1.00" length="-1.00" nVehEntered="0"/>
    <interval begin="31100.00" end="31200.00" id="inductionLoop.E2" nVehContrib="0" flow="0.00" occupancy="0.00" speed="-1.00" harmonicMeanSpeed="-1.00" length="-1.00" nVehEntered="0"/>
    <interval begin="31200.00" end="31300.00" id="inductionLoop.E2" nVehContrib="0" flow="0.00" occupancy="0.00" speed="-1.00" harmonicMeanSpeed="-1.00" length="-1.00" nVehEntered="0"/>
    <interval begin="31300.00" end="31400.00" id="inductionLoop.E2" nVehContrib="0" flow="0.00" occupancy="0.00" speed="-1.00" harmonicMeanSpeed="-1.00" length="-1.00" nVehEntered="0"/>
    <interval begin="31400.00" end="31500.00" id="inductionLoop.E2" nVehContrib="0" flow="0.00" occupancy="0.00" speed="-1.00" harmonicMeanSpeed="-1.00" length="-1.00" nVehEntered="0"/>
    <interval begin="31500.00" end="31600.00" id="inductionLoop.E2" nVehContrib="0" flow="0.00" occupancy="0.00" speed="-1.00" harmonicMeanSpeed="-1.00" length="-1.00" nVehEntered="0"/>
    <interval begin="31600.00" end="31700.00" id="inductionLoop.E2" nVehContrib="0" flow="0.00" occupancy="0.00" speed="-1.00" harmonicMeanSpeed="-1.00" length="-1.00" nVehEntered="0"/>
    <interval begin="31700.00" end="31800.00" id="inductionLoop.E2" nVehContrib="0" flow="0.00" occupancy="0.00" speed="-1.00" harmonicMeanSpeed="-1.00" length="-1.00" nVehEntered="0"/>
    <interval begin="31800.00" end="31900.00" id="inductionLoop.E2" nVehContrib="0" flow="0.00" occupancy="0.00" speed="-1.00" harmonicMeanSpeed="-1.00" length="-1.00" nVehEntered="0"/>
    <interval begin="31900.00" end="32000.00" id="inductionLoop.E2" nVehContrib="0" flow="0.00" occupancy="0.00" speed="-1.00" harmonicMeanSpeed="-1.00" length="-1.00" nVehEntered="0"/>
    <interval begin="32000.00" end="32100.00" id="inductionLoop.E2" nVehContrib="0" flow="0.00" occupancy="0.00" speed="-1.00" harmonicMeanSpeed="-1.00" length="-1.00" nVehEntered="0"/>
    <interval begin="32100.00" end="32200.00" id="inductionLoop.E2" nVehContrib="0" flow="0.00" occupancy="0.00" speed="-1.00" harmonicMeanSpeed="-1.00" length="-1.00" nVehEntered="0"/>
    <interval begin="32200.00" end="32300.00" id="inductionLoop.E2" nVehContrib="0" flow="0.00" occupancy="0.00" speed="-1.00" harmonicMeanSpeed="-1.00" length="-1.00" nVehEntered="0"/>
    <interval begin="32300.00" end="32400.00" id="inductionLoop.E2" nVehContrib="0" flow="0.00" occupancy="0.00" speed="-1.00" harmonicMeanSpeed="-1.00" length="-1.00" nVehEntered="0"/>
    <interval begin="32400.00" end="32500.00" id="inductionLoop.E2" nVehContrib="0" flow="0.00" occupancy="0.00" speed="-1.00" harmonicMeanSpeed="-1.00" length="-1.00" nVehEntered="0"/>
    <interval begin="32500.00" end="32600.00" id="inductionLoop.E2" nVehContrib="0" flow="0.00" occupancy="0.00" speed="-1.00" harmonicMeanSpeed="-1.00" length="-1.00" nVehEntered="0"/>
    <interval begin="32600.00" end="32700.00" id="inductionLoop.E2" nVehContrib="0" flow="0.00" occupancy="0.00" speed="-1.00" harmonicMeanSpeed="-1.00" length="-1.00" nVehEntered="0"/>
    <interval begin="32700.00" end="32800.00" id="inductionLoop.E2" nVehContrib="0" flow="0.00" occupancy="0.00" speed="-1.00" harmonicMeanSpeed="-1.00" length="-1.00" nVehEntered="0"/>
    <interval begin="32800.00" end="32900.00" id="inductionLoop.E2" nVehContrib="0" flow="0.00" occupancy="0.00" speed="-1.00" harmonicMeanSpeed="-1.00" length="-1.00" nVehEntered="0"/>
    <interval begin="32900.00" end="33000.00" id="inductionLoop.E2" nVehContrib="0" flow="0.00" occupancy="0.00" speed="-1.00" harmonicMeanSpeed="-1.00" length="-1.00" nVehEntered="0"/>
    <interval begin="33000.00" end="33100.00" id="inductionLoop.E2" nVehContrib="0" flow="0.00" occupancy="0.00" speed="-1.00" harmonicMeanSpeed="-1.00" length="-1.00" nVehEntered="0"/>
    <interval begin="33100.00" end="33200.00" id="inductionLoop.E2" nVehContrib="0" flow="0.00" occupancy="0.00" speed="-1.00" harmonicMeanSpeed="-1.00" length="-1.00" nVehEntered="0"/>
    <interval begin="33200.00" end="33300.00" id="inductionLoop.E2" nVehContrib="0" flow="0.00" occupancy="0.00" speed="-1.00" harmonicMeanSpeed="-1.00" length="-1.00" nVehEntered="0"/>
    <interval begin="33300.00" end="33400.00" id="inductionLoop.E2" nVehContrib="0" flow="0.00" occupancy="0.00" speed="-1.00" harmonicMeanSpeed="-1.00" length="-1.00" nVehEntered="0"/>
    <interval begin="33400.00" end="33500.00" id="inductionLoop.E2" nVehContrib="0" flow="0.00" occupancy="0.00" speed="-1.00" harmonicMeanSpeed="-1.00" length="-1.00" nVehEntered="0"/>
    <interval begin="33500.00" end="33600.00" id="inductionLoop.E2" nVehContrib="0" flow="0.00" occupancy="0.00" speed="-1.00" harmonicMeanSpeed="-1.00" length="-1.00" nVehEntered="0"/>
    <interval begin="33600.00" end="33700.00" id="inductionLoop.E2" nVehContrib="2" flow="72.00" occupancy="0.70" speed="14.25" harmonicMeanSpeed="14.25" length="5.00" nVehEntered="2"/>
    <interval begin="33700.00" end="33800.00" id="inductionLoop.E2" nVehContrib="2" flow="72.00" occupancy="0.79" speed="12.61" harmonicMeanSpeed="12.60" length="5.00" nVehEntered="2"/>
    <interval begin="33800.00" end="33900.00" id="inductionLoop.E2" nVehContrib="2" flow="72.00" occupancy="0.65" speed="15.41" harmonicMeanSpeed="15.32" length="5.00" nVehEntered="2"/>
    <interval begin="33900.00" end="34000.00" id="inductionLoop.E2" nVehContrib="6" flow="216.00" occupancy="3.47" speed="10.67" harmonicMeanSpeed="8.65" length="5.00" nVehEntered="6"/>
    <interval begin="34000.00" end="34100.00" id="inductionLoop.E2" nVehContrib="6" flow="216.00" occupancy="3.41" speed="10.69" harmonicMeanSpeed="8.81" length="5.00" nVehEntered="6"/>
    <interval begin="34100.00" end="34200.00" id="inductionLoop.E2" nVehContrib="2" flow="72.00" occupancy="2.32" speed="9.01" harmonicMeanSpeed="5.71" length="5.00" nVehEntered="4"/>
    <interval begin="34200.00" end="34300.00" id="inductionLoop.E2" nVehContrib="2" flow="72.00" occupancy="2.24" speed="4.48" harmonicMeanSpeed="4.47" length="5.00" nVehEntered="2"/>
    <interval begin="34300.00" end="34400.00" id="inductionLoop.E2" nVehContrib="1" flow="36.00" occupancy="1.26" speed="3.98" harmonicMeanSpeed="3.98" length="5.00" nVehEntered="1"/>
    <interval begin="34400.00" end="34500.00" id="inductionLoop.E2" nVehContrib="0" flow="0.00" occupancy="0.00" speed="-1.00" harmonicMeanSpeed="-1.00" length="-1.00" nVehEntered="0"/>
    <interval begin="34500.00" end="34600.00" id="inductionLoop.E2" nVehContrib="0" flow="0.00" occupancy="0.00" speed="-1.00" harmonicMeanSpeed="-1.00" length="-1.00" nVehEntered="0"/>
    <interval begin="34600.00" end="34700.00" id="inductionLoop.E2" nVehContrib="0" flow="0.00" occupancy="0.00" speed="-1.00" harmonicMeanSpeed="-1.00" length="-1.00" nVehEntered="0"/>
    <interval begin="34700.00" end="34800.00" id="inductionLoop.E2" nVehContrib="0" flow="0.00" occupancy="0.00" speed="-1.00" harmonicMeanSpeed="-1.00" length="-1.00" nVehEntered="0"/>
    <interval begin="34800.00" end="34900.00" id="inductionLoop.E2" nVehContrib="0" flow="0.00" occupancy="0.00" speed="-1.00" harmonicMeanSpeed="-1.00" length="-1.00" nVehEntered="0"/>
    <interval begin="34900.00" end="35000.00" id="inductionLoop.E2" nVehContrib="3" flow="108.00" occupancy="2.88" speed="7.46" harmonicMeanSpeed="5.40" length="5.00" nVehEntered="4"/>
    <interval begin="35000.00" end="35100.00" id="inductionLoop.E2" nVehContrib="7" flow="252.00" occupancy="21.91" speed="8.54" harmonicMeanSpeed="1.60" length="5.00" nVehEntered="8"/>
    <interval begin="35100.00" end="35200.00" id="inductionLoop.E2" nVehContrib="7" flow="252.00" occupancy="5.71" speed="8.95" harmonicMeanSpeed="6.13" length="5.00" nVehEntered="7"/>
    <interval begin="35200.00" end="35300.00" id="inductionLoop.E2" nVehContrib="4" flow="144.00" occupancy="10.51" speed="7.17" harmonicMeanSpeed="1.92" length="5.00" nVehEntered="5"/>
    <interval begin="35300.00" end="35400.00" id="inductionLoop.E2" nVehContrib="4" flow="144.00" occupancy="3.68" speed="7.74" harmonicMeanSpeed="5.43" length="5.00" nVehEntered="4"/>
    <interval begin="35400.00" end="35500.00" id="inductionLoop.E2" nVehContrib="8" flow="288.00" occupancy="21.82" speed="6.63" harmonicMeanSpeed="2.15" length="5.00" nVehEntered="10"/>
    <interval begin="35500.00" end="35600.00" id="inductionLoop.E2" nVehContrib="11" flow="396.00" occupancy="45.09" speed="7.98" harmonicMeanSpeed="1.34" length="5.00" nVehEntered="12"/>
    <interval begin="35600.00" end="35700.00" id="inductionLoop.E2" nVehContrib="7" flow="252.00" occupancy="9.78" speed="5.97" harmonicMeanSpeed="2.07" length="5.00" nVehEntered="6"/>
    <interval begin="35700.00" end="35800.00" id="inductionLoop.E2" nVehContrib="10" flow="360.00" occupancy="28.98" speed="7.38" harmonicMeanSpeed="2.07" length="5.00" nVehEntered="12"/>
    <interval begin="35800.00" end="35900.00" id="inductionLoop.E2" nVehContrib="8" flow="288.00" occupancy="14.85" speed="6.33" harmonicMeanSpeed="2.06" length="5.00" nVehEntered="7"/>
    <interval begin="35900.00" end="36000.00" id="inductionLoop.E2" nVehContrib="4" flow="144.00" occupancy="7.99" speed="7.68" harmonicMeanSpeed="2.57" length="5.00" nVehEntered="5"/>
    <interval begin="36000.00" end="36100.00" id="inductionLoop.E2" nVehContrib="5" flow="180.00" occupancy="13.24" speed="8.48" harmonicMeanSpeed="6.66" length="5.00" nVehEntered="8"/>
    <interval begin="36100.00" end="36200.00" id="inductionLoop.E2" nVehContrib="5" flow="180.00" occupancy="6.08" speed="7.47" harmonicMeanSpeed="1.64" length="5.00" nVehEntered="4"/>
    <interval begin="36200.00" end="36300.00" id="inductionLoop.E2" nVehContrib="5" flow="180.00" occupancy="5.09" speed="6.64" harmonicMeanSpeed="5.01" length="5.00" nVehEntered="6"/>
    <interval begin="36300.00" end="36400.00" id="inductionLoop.E2" nVehContrib="6" flow="216.00" occupancy="10.25" speed="8.89" harmonicMeanSpeed="3.23" length="5.00" nVehEntered="7"/>
    <interval begin="36400.00" end="36500.00" id="inductionLoop.E2" nVehContrib="12" flow="432.00" occupancy="32.29" speed="7.86" harmonicMeanSpeed="2.13" length="5.00" nVehEntered="14"/>
    <interval begin="36500.00" end="36600.00" id="inductionLoop.E2" nVehContrib="11" flow="396.00" occupancy="31.02" speed="6.23" harmonicMeanSpeed="1.61" length="5.00" nVehEntered="10"/>
    <interval begin="36600.00" end="36700.00" id="inductionLoop.E2" nVehContrib="9" flow="324.00" occupancy="25.42" speed="6.22" harmonicMeanSpeed="2.02" length="5.00" nVehEntered="11"/>
    <interval begin="36700.00" end="36800.00" id="inductionLoop.E2" nVehContrib="10" flow="360.00" occupancy="51.53" speed="5.86" harmonicMeanSpeed="0.92" length="5.00" nVehEntered="9"/>
    <interval begin="36800.00" end="36900.00" id="inductionLoop.E2" nVehContrib="9" flow="324.00" occupancy="17.11" speed="8.08" harmonicMeanSpeed="2.67" length="5.00" nVehEntered="10"/>
    <interval begin="36900.00" end="37000.00" id="inductionLoop.E2" nVehContrib="13" flow="468.00" occupancy="22.25" speed="9.21" harmonicMeanSpeed="2.92" length="5.00" nVehEntered="13"/>
    <interval begin="37000.00" end="37100.00" id="inductionLoop.E2" nVehContrib="11" flow="396.00" occupancy="35.12" speed="5.25" harmonicMeanSpeed="1.60" length="5.00" nVehEntered="12"/>
    <interval begin="37100.00" end="37200.00" id="inductionLoop.E2" nVehContrib="4" flow="144.00" occupancy="1.90" speed="12.62" harmonicMeanSpeed="12.40" length="5.00" nVehEntered="5"/>
    <interval begin="37200.00" end="37300.00" id="inductionLoop.E2" nVehContrib="8" flow="288.00" occupancy="23.55" speed="7.50" harmonicMeanSpeed="2.10" length="5.00" nVehEntered="11"/>
    <interval begin="37300.00" end="37400.00" id="inductionLoop.E2" nVehContrib="13" flow="468.00" occupancy="50.20" speed="6.08" harmonicMeanSpeed="1.22" length="5.00" nVehEntered="13"/>
    <interval begin="37400.00" end="37500.00" id="inductionLoop.E2" nVehContrib="10" flow="360.00" occupancy="20.51" speed="7.60" harmonicMeanSpeed="2.57" length="5.00" nVehEntered="13"/>
    <interval begin="37500.00" end="37600.00" id="inductionLoop.E2" nVehContrib="12" flow="432.00" occupancy="60.97" speed="6.61" harmonicMeanSpeed="1.33" length="5.00" nVehEntered="12"/>
    <interval begin="37600.00" end="37700.00" id="inductionLoop.E2" nVehContrib="11" flow="396.00" occupancy="52.22" speed="5.74" harmonicMeanSpeed="0.81" length="5.00" nVehEntered="12"/>
    <interval begin="37700.00" end="37800.00" id="inductionLoop.E2" nVehContrib="10" flow="360.00" occupancy="16.41" speed="10.29" harmonicMeanSpeed="3.05" length="5.00" nVehEntered="10"/>
    <interval begin="37800.00" end="37900.00" id="inductionLoop.E2" nVehContrib="9" flow="324.00" occupancy="36.34" speed="6.20" harmonicMeanSpeed="1.26" length="5.00" nVehEntered="10"/>
    <interval begin="37900.00" end="38000.00" id="inductionLoop.E2" nVehContrib="7" flow="252.00" occupancy="10.87" speed="8.61" harmonicMeanSpeed="3.38" length="5.00" nVehEntered="10"/>
    <interval begin="38000.00" end="38100.00" id="inductionLoop.E2" nVehContrib="6" flow="216.00" occupancy="26.90" speed="7.56" harmonicMeanSpeed="1.16" length="5.00" nVehEntered="7"/>
    <interval begin="38100.00" end="38200.00" id="inductionLoop.E2" nVehContrib="9" flow="324.00" occupancy="23.14" speed="6.78" harmonicMeanSpeed="1.95" length="5.00" nVehEntered="10"/>
    <interval begin="38200.00" end="38300.00" id="inductionLoop.E2" nVehContrib="11" flow="396.00" occupancy="35.96" speed="7.99" harmonicMeanSpeed="1.54" length="5.00" nVehEntered="12"/>
    <interval begin="38300.00" end="38400.00" id="inductionLoop.E2" nVehContrib="13" flow="468.00" occupancy="48.02" speed="7.96" harmonicMeanSpeed="1.37" length="5.00" nVehEntered="14"/>
    <interval begin="38400.00" end="38500.00" id="inductionLoop.E2" nVehContrib="10" flow="360.00" occupancy="41.94" speed="7.57" harmonicMeanSpeed="1.22" length="5.00" nVehEntered="11"/>
    <interval begin="38500.00" end="38600.00" id="inductionLoop.E2" nVehContrib="11" flow="396.00" occupancy="45.40" speed="8.35" harmonicMeanSpeed="2.03" length="5.00" nVehEntered="14"/>
    <interval begin="38600.00" end="38700.00" id="inductionLoop.E2" nVehContrib="11" flow="396.00" occupancy="55.60" speed="7.93" harmonicMeanSpeed="1.08" length="5.00" nVehEntered="12"/>
    <interval begin="38700.00" end="38800.00" id="inductionLoop.E2" nVehContrib="13" flow="468.00" occupancy="40.16" speed="8.25" harmonicMeanSpeed="1.34" length="5.00" nVehEntered="14"/>
    <interval begin="38800.00" end="38900.00" id="inductionLoop.E2" nVehContrib="7" flow="252.00" occupancy="43.14" speed="6.49" harmonicMeanSpeed="0.82" length="5.00" nVehEntered="8"/>
    <interval begin="38900.00" end="39000.00" id="inductionLoop.E2" nVehContrib="8" flow="288.00" occupancy="32.94" speed="7.19" harmonicMeanSpeed="0.93" length="5.00" nVehEntered="9"/>
    <interval begin="39000.00" end="39100.00" id="inductionLoop.E2" nVehContrib="8" flow="288.00" occupancy="44.75" speed="8.69" harmonicMeanSpeed="0.82" length="5.00" nVehEntered="7"/>
    <interval begin="39100.00" end="39200.00" id="inductionLoop.E2" nVehContrib="5" flow="180.00" occupancy="4.20" speed="8.15" harmonicMeanSpeed="6.05" length="5.00" nVehEntered="6"/>
    <interval begin="39200.00" end="39300.00" id="inductionLoop.E2" nVehContrib="4" flow="144.00" occupancy="24.43" speed="5.12" harmonicMeanSpeed="0.82" length="5.00" nVehEntered="4"/>
    <interval begin="39300.00" end="39400.00" id="inductionLoop.E2" nVehContrib="7" flow="252.00" occupancy="39.85" speed="8.87" harmonicMeanSpeed="6.24" length="5.00" nVehEntered="9"/>
    <interval begin="39400.00" end="39500.00" id="inductionLoop.E2" nVehContrib="13" flow="468.00" occupancy="46.73" speed="8.28" harmonicMeanSpeed="1.03" length="5.00" nVehEntered="14"/>
    <interval begin="39500.00" end="39600.00" id="inductionLoop.E2" nVehContrib="13" flow="468.00" occupancy="45.38" speed="8.38" harmonicMeanSpeed="1.17" length="5.00" nVehEntered="14"/>
    <interval begin="39600.00" end="39700.00" id="inductionLoop.E2" nVehContrib="15" flow="540.00" occupancy="45.07" speed="8.43" harmonicMeanSpeed="1.49" length="5.00" nVehEntered="15"/>
    <interval begin="39700.00" end="39800.00" id="inductionLoop.E2" nVehContrib="11" flow="396.00" occupancy="48.79" speed="7.88" harmonicMeanSpeed="1.08" length="5.00" nVehEntered="11"/>
    <interval begin="39800.00" end="39900.00" id="inductionLoop.E2" nVehContrib="12" flow="432.00" occupancy="78.33" speed="9.12" harmonicMeanSpeed="0.77" length="5.00" nVehEntered="12"/>
    <interval begin="39900.00" end="40000.00" id="inductionLoop.E2" nVehContrib="14" flow="504.00" occupancy="65.34" speed="8.57" harmonicMeanSpeed="1.08" length="5.00" nVehEntered="15"/>
    <interval begin="40000.00" end="40100.00" id="inductionLoop.E2" nVehContrib="12" flow="432.00" occupancy="59.79" speed="8.46" harmonicMeanSpeed="1.01" length="5.00" nVehEntered="13"/>
    <interval begin="40100.00" end="40200.00" id="inductionLoop.E2" nVehContrib="13" flow="468.00" occupancy="68.67" speed="8.49" harmonicMeanSpeed="0.95" length="5.00" nVehEntered="13"/>
    <interval begin="40200.00" end="40300.00" id="inductionLoop.E2" nVehContrib="11" flow="396.00" occupancy="73.90" speed="7.22" harmonicMeanSpeed="0.75" length="5.00" nVehEntered="12"/>
    <interval begin="40300.00" end="40400.00" id="inductionLoop.E2" nVehContrib="14" flow="504.00" occupancy="70.11" speed="8.59" harmonicMeanSpeed="1.00" length="5.00" nVehEntered="15"/>
    <interval begin="40400.00" end="40500.00" id="inductionLoop.E2" nVehContrib="9" flow="324.00" occupancy="85.70" speed="7.34" harmonicMeanSpeed="0.52" length="5.00" nVehEntered="8"/>
    <interval begin="40500.00" end="40600.00" id="inductionLoop.E2" nVehContrib="6" flow="216.00" occupancy="89.00" speed="8.04" harmonicMeanSpeed="0.34" length="5.00" nVehEntered="7"/>
    <interval begin="40600.00" end="40700.00" id="inductionLoop.E2" nVehContrib="12" flow="432.00" occupancy="80.64" speed="9.29" harmonicMeanSpeed="0.74" length="5.00" nVehEntered="11"/>
    <interval begin="40700.00" end="40800.00" id="inductionLoop.E2" nVehContrib="13" flow="468.00" occupancy="77.79" speed="9.44" harmonicMeanSpeed="8.26" length="5.00" nVehEntered="14"/>
    <interval begin="40800.00" end="40900.00" id="inductionLoop.E2" nVehContrib="17" flow="612.00" occupancy="73.04" speed="9.73" harmonicMeanSpeed="0.96" length="5.00" nVehEntered="17"/>
    <interval begin="40900.00" end="41000.00" id="inductionLoop.E2" nVehContrib="14" flow="504.00" occupancy="77.74" speed="8.40" harmonicMeanSpeed="0.73" length="5.00" nVehEntered="14"/>
    <interval begin="41000.00" end="41100.00" id="inductionLoop.E2" nVehContrib="16" flow="576.00" occupancy="74.38" speed="9.66" harmonicMeanSpeed="0.90" length="5.00" nVehEntered="16"/>
    <interval begin="41100.00" end="41200.00" id="inductionLoop.E2" nVehContrib="11" flow="396.00" occupancy="81.84" speed="8.61" harmonicMeanSpeed="0.53" length="5.00" nVehEntered="10"/>
    <interval begin="41200.00" end="41300.00" id="inductionLoop.E2" nVehContrib="9" flow="324.00" occupancy="85.45" speed="12.22" harmonicMeanSpeed="11.78" length="5.00" nVehEntered="10"/>
    <interval begin="41300.00" end="41400.00" id="inductionLoop.E2" nVehContrib="23" flow="828.00" occupancy="64.60" speed="10.85" harmonicMeanSpeed="1.00" length="5.00" nVehEntered="23"/>
    <interval begin="41400.00" end="41500.00" id="inductionLoop.E2" nVehContrib="16" flow="576.00" occupancy="74.83" speed="10.00" harmonicMeanSpeed="0.76" length="5.00" nVehEntered="15"/>
    <interval begin="41500.00" end="41600.00" id="inductionLoop.E2" nVehContrib="7" flow="252.00" occupancy="89.61" speed="11.64" harmonicMeanSpeed="11.03" length="5.00" nVehEntered="8"/>
    <interval begin="41600.00" end="41700.00" id="inductionLoop.E2" nVehContrib="27" flow="972.00" occupancy="58.19" speed="11.11" harmonicMeanSpeed="1.23" length="5.00" nVehEntered="27"/>
    <interval begin="41700.00" end="41800.00" id="inductionLoop.E2" nVehContrib="18" flow="648.00" occupancy="73.47" speed="9.56" harmonicMeanSpeed="0.83" length="5.00" nVehEntered="17"/>
    <interval begin="41800.00" end="41900.00" id="inductionLoop.E2" nVehContrib="3" flow="108.00" occupancy="94.32" speed="9.34" harmonicMeanSpeed="8.87" length="5.00" nVehEntered="4"/>
    <interval begin="41900.00" end="42000.00" id="inductionLoop.E2" nVehContrib="23" flow="828.00" occupancy="64.41" speed="10.38" harmonicMeanSpeed="0.81" length="5.00" nVehEntered="23"/>
    <interval begin="42000.00" end="42100.00" id="inductionLoop.E2" nVehContrib="11" flow="396.00" occupancy="82.43" speed="8.37" harmonicMeanSpeed="0.56" length="5.00" nVehEntered="11"/>
    <interval begin="42100.00" end="42200.00" id="inductionLoop.E2" nVehContrib="4" flow="144.00" occupancy="94.18" speed="10.95" harmonicMeanSpeed="10.56" length="5.00" nVehEntered="4"/>
    <interval begin="42200.00" end="42300.00" id="inductionLoop.E2" nVehContrib="15" flow="540.00" occupancy="75.61" speed="9.19" harmonicMeanSpeed="0.73" length="5.00" nVehEntered="15"/>
    <interval begin="42300.00" end="42400.00" id="inductionLoop.E2" nVehContrib="17" flow="612.00" occupancy="73.71" speed="9.09" harmonicMeanSpeed="0.83" length="5.00" nVehEntered="17"/>
    <interval begin="42400.00" end="42500.00" id="inductionLoop.E2" nVehContrib="8" flow="288.00" occupancy="86.17" speed="7.26" harmonicMeanSpeed="0.33" length="5.00" nVehEntered="8"/>
    <interval begin="42500.00" end="42600.00" id="inductionLoop.E2" nVehContrib="5" flow="180.00" occupancy="91.93" speed="11.52" harmonicMeanSpeed="11.31" length="5.00" nVehEntered="5"/>
    <interval begin="42600.00" end="42700.00" id="inductionLoop.E2" nVehContrib="17" flow="612.00" occupancy="73.02" speed="10.03" harmonicMeanSpeed="0.52" length="5.00" nVehEntered="17"/>
    <interval begin="42700.00" end="42800.00" id="inductionLoop.E2" nVehContrib="2" flow="72.00" occupancy="96.91" speed="9.51" harmonicMeanSpeed="9.38" length="5.00" nVehEntered="2"/>
    <interval begin="42800.00" end="42900.00" id="inductionLoop.E2" nVehContrib="4" flow="144.00" occupancy="92.17" speed="4.32" harmonicMeanSpeed="0.11" length="5.00" nVehEntered="4"/>
    <interval begin="42900.00" end="43000.00" id="inductionLoop.E2" nVehContrib="39" flow="1404.00" occupancy="42.80" speed="12.06" harmonicMeanSpeed="11.87" length="5.00" nVehEntered="39"/>
    <interval begin="43000.00" end="43100.00" id="inductionLoop.E2" nVehContrib="0" flow="0.00" occupancy="100.00" speed="-1.00" harmonicMeanSpeed="-1.00" length="-1.00" nVehEntered="0"/>
    <interval begin="43100.00" end="43200.00" id="inductionLoop.E2" nVehContrib="0" flow="0.00" occupancy="100.00" speed="-1.00" harmonicMeanSpeed="-1.00" length="-1.00" nVehEntered="0"/>
    <interval begin="43200.00" end="43300.00" id="inductionLoop.E2" nVehContrib="32" flow="1152.00" occupancy="51.65" speed="11.14" harmonicMeanSpeed="0.58" length="5.00" nVehEntered="31"/>
    <interval begin="43300.00" end="43400.00" id="inductionLoop.E2" nVehContrib="14" flow="504.00" occupancy="75.71" speed="11.03" harmonicMeanSpeed="10.92" length="5.00" nVehEntered="15"/>
    <interval begin="43400.00" end="43500.00" id="inductionLoop.E2" nVehContrib="15" flow="540.00" occupancy="75.16" speed="9.15" harmonicMeanSpeed="0.56" length="5.00" nVehEntered="15"/>
    <interval begin="43500.00" end="43600.00" id="inductionLoop.E2" nVehContrib="0" flow="0.00" occupancy="100.00" speed="-1.00" harmonicMeanSpeed="-1.00" length="-1.00" nVehEntered="0"/>
    <interval begin="43600.00" end="43700.00" id="inductionLoop.E2" nVehContrib="21" flow="756.00" occupancy="66.78" speed="10.35" harmonicMeanSpeed="0.68" length="5.00" nVehEntered="21"/>
    <interval begin="43700.00" end="43800.00" id="inductionLoop.E2" nVehContrib="7" flow="252.00" occupancy="88.24" speed="6.12" harmonicMeanSpeed="0.31" length="5.00" nVehEntered="7"/>
    <interval begin="43800.00" end="43900.00" id="inductionLoop.E2" nVehContrib="11" flow="396.00" occupancy="82.36" speed="11.77" harmonicMeanSpeed="11.39" length="5.00" nVehEntered="11"/>
    <interval begin="43900.00" end="44000.00" id="inductionLoop.E2" nVehContrib="23" flow="828.00" occupancy="66.06" speed="9.75" harmonicMeanSpeed="0.80" length="5.00" nVehEntered="22"/>
    <interval begin="44000.00" end="44100.00" id="inductionLoop.E2" nVehContrib="1" flow="36.00" occupancy="96.86" speed="7.33" harmonicMeanSpeed="7.33" length="5.00" nVehEntered="2"/>
    <interval begin="44100.00" end="44200.00" id="inductionLoop.E2" nVehContrib="18" flow="648.00" occupancy="71.30" speed="9.87" harmonicMeanSpeed="0.80" length="5.00" nVehEntered="18"/>
    <interval begin="44200.00" end="44300.00" id="inductionLoop.E2" nVehContrib="18" flow="648.00" occupancy="71.90" speed="9.60" harmonicMeanSpeed="0.87" length="5.00" nVehEntered="18"/>
    <interval begin="44300.00" end="44400.00" id="inductionLoop.E2" nVehContrib="8" flow="288.00" occupancy="87.53" speed="7.18" harmonicMeanSpeed="0.36" length="5.00" nVehEntered="7"/>
    <interval begin="44400.00" end="44500.00" id="inductionLoop.E2" nVehContrib="14" flow="504.00" occupancy="77.68" speed="12.62" harmonicMeanSpeed="12.31" length="5.00" nVehEntered="15"/>
    <interval begin="44500.00" end="44600.00" id="inductionLoop.E2" nVehContrib="20" flow="720.00" occupancy="41.92" speed="9.59" harmonicMeanSpeed="0.94" length="5.00" nVehEntered="21"/>
    <interval begin="44600.00" end="44700.00" id="inductionLoop.E2" nVehContrib="6" flow="216.00" occupancy="89.63" speed="5.96" harmonicMeanSpeed="0.31" length="5.00" nVehEntered="5"/>
    <interval begin="44700.00" end="44800.00" id="inductionLoop.E2" nVehContrib="11" flow="396.00" occupancy="19.35" speed="12.16" harmonicMeanSpeed="11.63" length="5.00" nVehEntered="13"/>
    <interval begin="44800.00" end="44900.00" id="inductionLoop.E2" nVehContrib="16" flow="576.00" occupancy="59.08" speed="9.99" harmonicMeanSpeed="1.10" length="5.00" nVehEntered="16"/>
    <interval begin="44900.00" end="45000.00" id="inductionLoop.E2" nVehContrib="1" flow="36.00" occupancy="86.54" speed="9.57" harmonicMeanSpeed="9.57" length="5.00" nVehEntered="2"/>
    <interval begin="45000.00" end="45100.00" id="inductionLoop.E2" nVehContrib="30" flow="1080.00" occupancy="50.94" speed="10.99" harmonicMeanSpeed="1.10" length="5.00" nVehEntered="29"/>
    <interval begin="45100.00" end="45200.00" id="inductionLoop.E2" nVehContrib="1" flow="36.00" occupancy="92.88" speed="8.09" harmonicMeanSpeed="8.09" length="5.00" nVehEntered="2"/>
    <interval begin="45200.00" end="45300.00" id="inductionLoop.E2" nVehContrib="29" flow="1044.00" occupancy="49.96" speed="10.03" harmonicMeanSpeed="1.02" length="5.00" nVehEntered="28"/>
    <interval begin="45300.00" end="45400.00" id="inductionLoop.E2" nVehContrib="7" flow="252.00" occupancy="82.06" speed="6.05" harmonicMeanSpeed="0.43" length="5.00" nVehEntered="9"/>
    <interval begin="45400.00" end="45500.00" id="inductionLoop.E2" nVehContrib="18" flow="648.00" occupancy="47.73" speed="11.31" harmonicMeanSpeed="10.33" length="5.00" nVehEntered="19"/>
    <interval begin="45500.00" end="45600.00" id="inductionLoop.E2" nVehContrib="20" flow="720.00" occupancy="66.64" speed="9.90" harmonicMeanSpeed="1.00" length="5.00" nVehEntered="20"/>
    <interval begin="45600.00" end="45700.00" id="inductionLoop.E2" nVehContrib="5" flow="180.00" occupancy="91.47" speed="5.15" harmonicMeanSpeed="0.26" length="5.00" nVehEntered="4"/>
    <interval begin="45700.00" end="45800.00" id="inductionLoop.E2" nVehContrib="12" flow="432.00" occupancy="57.72" speed="11.08" harmonicMeanSpeed="9.39" length="5.00" nVehEntered="15"/>
    <interval begin="45800.00" end="45900.00" id="inductionLoop.E2" nVehContrib="11" flow="396.00" occupancy="53.42" speed="8.49" harmonicMeanSpeed="0.53" length="5.00" nVehEntered="10"/>
    <interval begin="45900.00" end="46000.00" id="inductionLoop.E2" nVehContrib="5" flow="180.00" occupancy="48.32" speed="8.97" harmonicMeanSpeed="5.95" length="5.00" nVehEntered="6"/>
    <interval begin="46000.00" end="46100.00" id="inductionLoop.E2" nVehContrib="16" flow="576.00" occupancy="43.83" speed="10.25" harmonicMeanSpeed="0.91" length="5.00" nVehEntered="15"/>
    <interval begin="46100.00" end="46200.00" id="inductionLoop.E2" nVehContrib="4" flow="144.00" occupancy="70.99" speed="9.42" harmonicMeanSpeed="7.40" length="5.00" nVehEntered="5"/>
    <interval begin="46200.00" end="46300.00" id="inductionLoop.E2" nVehContrib="17" flow="612.00" occupancy="38.99" speed="8.87" harmonicMeanSpeed="0.96" length="5.00" nVehEntered="17"/>
    <interval begin="46300.00" end="46400.00" id="inductionLoop.E2" nVehContrib="14" flow="504.00" occupancy="64.57" speed="9.49" harmonicMeanSpeed="0.84" length="5.00" nVehEntered="13"/>
    <interval begin="46400.00" end="46500.00" id="inductionLoop.E2" nVehContrib="2" flow="72.00" occupancy="84.18" speed="10.80" harmonicMeanSpeed="10.16" length="5.00" nVehEntered="4"/>
    <interval begin="46500.00" end="46600.00" id="inductionLoop.E2" nVehContrib="21" flow="756.00" occupancy="55.71" speed="10.96" harmonicMeanSpeed="0.76" length="5.00" nVehEntered="20"/>
    <interval begin="46600.00" end="46700.00" id="inductionLoop.E2" nVehContrib="2" flow="72.00" occupancy="56.50" speed="2.44" harmonicMeanSpeed="0.18" length="5.00" nVehEntered="4"/>
    <interval begin="46700.00" end="46800.00" id="inductionLoop.E2" nVehContrib="11" flow="396.00" occupancy="33.11" speed="8.38" harmonicMeanSpeed="6.63" length="5.00" nVehEntered="12"/>
    <interval begin="46800.00" end="46900.00" id="inductionLoop.E2" nVehContrib="10" flow="360.00" occupancy="46.00" speed="8.31" harmonicMeanSpeed="0.70" length="5.00" nVehEntered="11"/>
    <interval begin="46900.00" end="47000.00" id="inductionLoop.E2" nVehContrib="17" flow="612.00" occupancy="65.39" speed="10.28" harmonicMeanSpeed="1.30" length="5.00" nVehEntered="17"/>
    <interval begin="47000.00" end="47100.00" id="inductionLoop.E2" nVehContrib="4" flow="144.00" occupancy="78.81" speed="6.12" harmonicMeanSpeed="4.53" length="5.00" nVehEntered="6"/>
    <interval begin="47100.00" end="47200.00" id="inductionLoop.E2" nVehContrib="22" flow="792.00" occupancy="33.19" speed="9.92" harmonicMeanSpeed="1.18" length="5.00" nVehEntered="23"/>
    <interval begin="47200.00" end="47300.00" id="inductionLoop.E2" nVehContrib="14" flow="504.00" occupancy="49.20" speed="9.90" harmonicMeanSpeed="1.11" length="5.00" nVehEntered="13"/>
    <interval begin="47300.00" end="47400.00" id="inductionLoop.E2" nVehContrib="8" flow="288.00" occupancy="71.09" speed="5.95" harmonicMeanSpeed="0.57" length="5.00" nVehEntered="10"/>
    <interval begin="47400.00" end="47500.00" id="inductionLoop.E2" nVehContrib="11" flow="396.00" occupancy="59.95" speed="12.45" harmonicMeanSpeed="12.16" length="5.00" nVehEntered="11"/>
    <interval begin="47500.00" end="47600.00" id="inductionLoop.E2" nVehContrib="11" flow="396.00" occupancy="24.92" speed="8.02" harmonicMeanSpeed="0.68" length="5.00" nVehEntered="10"/>
    <interval begin="47600.00" end="47700.00" id="inductionLoop.E2" nVehContrib="11" flow="396.00" occupancy="70.00" speed="8.97" harmonicMeanSpeed="0.79" length="5.00" nVehEntered="12"/>
    <interval begin="47700.00" end="47800.00" id="inductionLoop.E2" nVehContrib="5" flow="180.00" occupancy="58.59" speed="10.14" harmonicMeanSpeed="7.68" length="5.00" nVehEntered="7"/>
    <interval begin="47800.00" end="47900.00" id="inductionLoop.E2" nVehContrib="14" flow="504.00" occupancy="55.91" speed="9.28" harmonicMeanSpeed="0.63" length="5.00" nVehEntered="13"/>
    <interval begin="47900.00" end="48000.00" id="inductionLoop.E2" nVehContrib="2" flow="72.00" occupancy="75.47" speed="3.19" harmonicMeanSpeed="3.19" length="5.00" nVehEntered="3"/>
    <interval begin="48000.00" end="48100.00" id="inductionLoop.E2" nVehContrib="8" flow="288.00" occupancy="87.02" speed="7.11" harmonicMeanSpeed="0.25" length="5.00" nVehEntered="7"/>
    <interval begin="48100.00" end="48200.00" id="inductionLoop.E2" nVehContrib="15" flow="540.00" occupancy="5.91" speed="12.82" harmonicMeanSpeed="12.70" length="5.00" nVehEntered="15"/>
    <interval begin="48200.00" end="48300.00" id="inductionLoop.E2" nVehContrib="2" flow="72.00" occupancy="93.68" speed="5.24" harmonicMeanSpeed="3.84" length="5.00" nVehEntered="3"/>
    <interval begin="48300.00" end="48400.00" id="inductionLoop.E2" nVehContrib="18" flow="648.00" occupancy="24.84" speed="9.24" harmonicMeanSpeed="0.83" length="5.00" nVehEntered="19"/>
    <interval begin="48400.00" end="48500.00" id="inductionLoop.E2" nVehContrib="1" flow="36.00" occupancy="99.09" speed="0.05" harmonicMeanSpeed="0.05" length="5.00" nVehEntered="0"/>
    <interval begin="48500.00" end="48600.00" id="inductionLoop.E2" nVehContrib="18" flow="648.00" occupancy="21.05" speed="10.79" harmonicMeanSpeed="9.25" length="5.00" nVehEntered="20"/>
    <interval begin="48600.00" end="48700.00" id="inductionLoop.E2" nVehContrib="0" flow="0.00" occupancy="100.00" speed="-1.00" harmonicMeanSpeed="-1.00" length="-1.00" nVehEntered="0"/>
    <interval begin="48700.00" end="48800.00" id="inductionLoop.E2" nVehContrib="26" flow="936.00" occupancy="27.68" speed="10.68" harmonicMeanSpeed="0.94" length="5.00" nVehEntered="26"/>
    <interval begin="48800.00" end="48900.00" id="inductionLoop.E2" nVehContrib="0" flow="0.00" occupancy="99.36" speed="-1.00" harmonicMeanSpeed="-1.00" length="-1.00" nVehEntered="1"/>
    <interval begin="48900.00" end="49000.00" id="inductionLoop.E2" nVehContrib="25" flow="900.00" occupancy="61.25" speed="10.68" harmonicMeanSpeed="0.78" length="5.00" nVehEntered="25"/>
    <interval begin="49000.00" end="49100.00" id="inductionLoop.E2" nVehContrib="1" flow="36.00" occupancy="98.49" speed="8.24" harmonicMeanSpeed="8.24" length="5.00" nVehEntered="1"/>
    <interval begin="49100.00" end="49200.00" id="inductionLoop.E2" nVehContrib="10" flow="360.00" occupancy="77.22" speed="7.91" harmonicMeanSpeed="0.29" length="5.00" nVehEntered="9"/>
    <interval begin="49200.00" end="49300.00" id="inductionLoop.E2" nVehContrib="2" flow="72.00" occupancy="12.12" speed="5.72" harmonicMeanSpeed="4.87" length="5.00" nVehEntered="4"/>
    <interval begin="49300.00" end="49400.00" id="inductionLoop.E2" nVehContrib="0" flow="0.00" occupancy="100.00" speed="-1.00" harmonicMeanSpeed="-1.00" length="-1.00" nVehEntered="0"/>
    <interval begin="49400.00" end="49500.00" id="inductionLoop.E2" nVehContrib="11" flow="396.00" occupancy="17.73" speed="8.08" harmonicMeanSpeed="0.43" length="5.00" nVehEntered="10"/>
    <interval begin="49500.00" end="49600.00" id="inductionLoop.E2" nVehContrib="1" flow="36.00" occupancy="77.16" speed="3.43" harmonicMeanSpeed="3.43" length="5.00" nVehEntered="3"/>
    <interval begin="49600.00" end="49700.00" id="inductionLoop.E2" nVehContrib="10" flow="360.00" occupancy="29.16" speed="8.58" harmonicMeanSpeed="0.48" length="5.00" nVehEntered="9"/>
    <interval begin="49700.00" end="49800.00" id="inductionLoop.E2" nVehContrib="2" flow="72.00" occupancy="65.28" speed="3.42" harmonicMeanSpeed="3.39" length="5.00" nVehEntered="4"/>
    <interval begin="49800.00" end="49900.00" id="inductionLoop.E2" nVehContrib="9" flow="324.00" occupancy="84.87" speed="7.66" harmonicMeanSpeed="0.31" length="5.00" nVehEntered="8"/>
    <interval begin="49900.00" end="50000.00" id="inductionLoop.E2" nVehContrib="9" flow="324.00" occupancy="20.92" speed="11.87" harmonicMeanSpeed="9.47" length="5.00" nVehEntered="11"/>
    <interval begin="50000.00" end="50004.00" id="inductionLoop.E2" nVehContrib="0" flow="0.00" occupancy="100.00" speed="-1.00" harmonicMeanSpeed="-1.00" length="-1.00" nVehEntered="0"/>
</detector>
