<?xml version="1.0" encoding="UTF-8"?>

<!-- generated on 2023-07-30 20:15:40 by Eclipse SUMO sumo Version 1.12.0
<configuration xmlns:xsi="http://www.w3.org/2001/XMLSchema-instance" xsi:noNamespaceSchemaLocation="http://sumo.dlr.de/xsd/sumoConfiguration.xsd">

    <input>
        <net-file value="Data0-24/intersection.net.xml"/>
        <route-files value="Data0-24/intersection.rou.xml"/>
        <additional-files value="Data0-24/intersection.det.xml"/>
    </input>

    <output>
        <tripinfo-output value="Data0-24/tripinfo.xml"/>
    </output>

    <time>
        <begin value="0"/>
    </time>

    <processing>
        <time-to-teleport value="-1"/>
        <waiting-time-memory value="60000"/>
    </processing>

    <report>
        <verbose value="true"/>
        <no-step-log value="true"/>
    </report>

    <emissions>
        <device.emissions.probability value="1"/>
    </emissions>

    <traci_server>
        <remote-port value="47467"/>
    </traci_server>

    <gui_only>
        <gui-settings-file value="Data0-24/intersection.settings.xml"/>
    </gui_only>

</configuration>
-->

<detector xmlns:xsi="http://www.w3.org/2001/XMLSchema-instance" xsi:noNamespaceSchemaLocation="http://sumo.dlr.de/xsd/det_e1_file.xsd">
    <interval begin="0.00" end="100.00" id="inductionLoop.S2" nVehContrib="4" flow="144.00" occupancy="3.97" speed="6.90" harmonicMeanSpeed="5.40" length="5.00" nVehEntered="5"/>
    <interval begin="100.00" end="200.00" id="inductionLoop.S2" nVehContrib="4" flow="144.00" occupancy="9.60" speed="6.57" harmonicMeanSpeed="2.17" length="5.00" nVehEntered="5"/>
    <interval begin="200.00" end="300.00" id="inductionLoop.S2" nVehContrib="7" flow="252.00" occupancy="5.78" speed="9.36" harmonicMeanSpeed="7.07" length="5.00" nVehEntered="9"/>
    <interval begin="300.00" end="400.00" id="inductionLoop.S2" nVehContrib="7" flow="252.00" occupancy="3.86" speed="11.22" harmonicMeanSpeed="9.08" length="5.00" nVehEntered="7"/>
    <interval begin="400.00" end="500.00" id="inductionLoop.S2" nVehContrib="10" flow="360.00" occupancy="6.57" speed="10.17" harmonicMeanSpeed="7.80" length="5.00" nVehEntered="11"/>
    <interval begin="500.00" end="600.00" id="inductionLoop.S2" nVehContrib="13" flow="468.00" occupancy="23.92" speed="9.21" harmonicMeanSpeed="2.82" length="5.00" nVehEntered="16"/>
    <interval begin="600.00" end="700.00" id="inductionLoop.S2" nVehContrib="10" flow="360.00" occupancy="33.40" speed="5.61" harmonicMeanSpeed="1.50" length="5.00" nVehEntered="10"/>
    <interval begin="700.00" end="800.00" id="inductionLoop.S2" nVehContrib="13" flow="468.00" occupancy="19.70" speed="10.01" harmonicMeanSpeed="3.30" length="5.00" nVehEntered="13"/>
    <interval begin="800.00" end="900.00" id="inductionLoop.S2" nVehContrib="7" flow="252.00" occupancy="9.03" speed="8.80" harmonicMeanSpeed="4.30" length="5.00" nVehEntered="9"/>
    <interval begin="900.00" end="1000.00" id="inductionLoop.S2" nVehContrib="11" flow="396.00" occupancy="6.00" speed="10.75" harmonicMeanSpeed="9.16" length="5.00" nVehEntered="11"/>
    <interval begin="1000.00" end="1100.00" id="inductionLoop.S2" nVehContrib="5" flow="180.00" occupancy="3.12" speed="10.78" harmonicMeanSpeed="10.75" length="5.00" nVehEntered="8"/>
    <interval begin="1100.00" end="1200.00" id="inductionLoop.S2" nVehContrib="6" flow="216.00" occupancy="7.95" speed="6.90" harmonicMeanSpeed="3.79" length="5.00" nVehEntered="6"/>
    <interval begin="1200.00" end="1300.00" id="inductionLoop.S2" nVehContrib="8" flow="288.00" occupancy="4.54" speed="10.47" harmonicMeanSpeed="8.81" length="5.00" nVehEntered="8"/>
    <interval begin="1300.00" end="1400.00" id="inductionLoop.S2" nVehContrib="5" flow="180.00" occupancy="2.76" speed="11.87" harmonicMeanSpeed="11.21" length="5.00" nVehEntered="7"/>
    <interval begin="1400.00" end="1500.00" id="inductionLoop.S2" nVehContrib="4" flow="144.00" occupancy="1.70" speed="12.43" harmonicMeanSpeed="11.76" length="5.00" nVehEntered="4"/>
    <interval begin="1500.00" end="1600.00" id="inductionLoop.S2" nVehContrib="8" flow="288.00" occupancy="11.82" speed="7.34" harmonicMeanSpeed="3.38" length="5.00" nVehEntered="8"/>
    <interval begin="1600.00" end="1700.00" id="inductionLoop.S2" nVehContrib="7" flow="252.00" occupancy="2.98" speed="11.99" harmonicMeanSpeed="11.74" length="5.00" nVehEntered="7"/>
    <interval begin="1700.00" end="1800.00" id="inductionLoop.S2" nVehContrib="7" flow="252.00" occupancy="5.28" speed="9.29" harmonicMeanSpeed="7.67" length="5.00" nVehEntered="11"/>
    <interval begin="1800.00" end="1900.00" id="inductionLoop.S2" nVehContrib="8" flow="288.00" occupancy="5.06" speed="10.29" harmonicMeanSpeed="8.38" length="5.00" nVehEntered="9"/>
    <interval begin="1900.00" end="2000.00" id="inductionLoop.S2" nVehContrib="9" flow="324.00" occupancy="13.32" speed="8.17" harmonicMeanSpeed="3.64" length="5.00" nVehEntered="11"/>
    <interval begin="2000.00" end="2100.00" id="inductionLoop.S2" nVehContrib="5" flow="180.00" occupancy="2.25" speed="11.38" harmonicMeanSpeed="11.09" length="5.00" nVehEntered="5"/>
    <interval begin="2100.00" end="2200.00" id="inductionLoop.S2" nVehContrib="8" flow="288.00" occupancy="3.56" speed="11.73" harmonicMeanSpeed="11.23" length="5.00" nVehEntered="8"/>
    <interval begin="2200.00" end="2300.00" id="inductionLoop.S2" nVehContrib="8" flow="288.00" occupancy="5.29" speed="9.70" harmonicMeanSpeed="7.56" length="5.00" nVehEntered="8"/>
    <interval begin="2300.00" end="2400.00" id="inductionLoop.S2" nVehContrib="6" flow="216.00" occupancy="3.77" speed="10.45" harmonicMeanSpeed="7.97" length="5.00" nVehEntered="6"/>
    <interval begin="2400.00" end="2500.00" id="inductionLoop.S2" nVehContrib="7" flow="252.00" occupancy="4.29" speed="11.38" harmonicMeanSpeed="10.93" length="5.00" nVehEntered="8"/>
    <interval begin="2500.00" end="2600.00" id="inductionLoop.S2" nVehContrib="10" flow="360.00" occupancy="9.23" speed="9.38" harmonicMeanSpeed="5.48" length="5.00" nVehEntered="11"/>
    <interval begin="2600.00" end="2700.00" id="inductionLoop.S2" nVehContrib="6" flow="216.00" occupancy="2.40" speed="12.66" harmonicMeanSpeed="12.51" length="5.00" nVehEntered="6"/>
    <interval begin="2700.00" end="2800.00" id="inductionLoop.S2" nVehContrib="13" flow="468.00" occupancy="8.22" speed="9.76" harmonicMeanSpeed="8.26" length="5.00" nVehEntered="15"/>
    <interval begin="2800.00" end="2900.00" id="inductionLoop.S2" nVehContrib="7" flow="252.00" occupancy="11.22" speed="7.29" harmonicMeanSpeed="3.80" length="5.00" nVehEntered="8"/>
    <interval begin="2900.00" end="3000.00" id="inductionLoop.S2" nVehContrib="4" flow="144.00" occupancy="3.61" speed="7.35" harmonicMeanSpeed="5.54" length="5.00" nVehEntered="4"/>
    <interval begin="3000.00" end="3100.00" id="inductionLoop.S2" nVehContrib="10" flow="360.00" occupancy="6.01" speed="10.01" harmonicMeanSpeed="8.51" length="5.00" nVehEntered="11"/>
    <interval begin="3100.00" end="3200.00" id="inductionLoop.S2" nVehContrib="9" flow="324.00" occupancy="7.00" speed="11.02" harmonicMeanSpeed="9.41" length="5.00" nVehEntered="11"/>
    <interval begin="3200.00" end="3300.00" id="inductionLoop.S2" nVehContrib="9" flow="324.00" occupancy="4.01" speed="11.50" harmonicMeanSpeed="11.23" length="5.00" nVehEntered="9"/>
    <interval begin="3300.00" end="3400.00" id="inductionLoop.S2" nVehContrib="8" flow="288.00" occupancy="3.40" speed="11.90" harmonicMeanSpeed="11.76" length="5.00" nVehEntered="8"/>
    <interval begin="3400.00" end="3500.00" id="inductionLoop.S2" nVehContrib="4" flow="144.00" occupancy="2.81" speed="9.34" harmonicMeanSpeed="7.33" length="5.00" nVehEntered="5"/>
    <interval begin="3500.00" end="3600.00" id="inductionLoop.S2" nVehContrib="6" flow="216.00" occupancy="3.46" speed="10.70" harmonicMeanSpeed="8.66" length="5.00" nVehEntered="6"/>
    <interval begin="3600.00" end="3700.00" id="inductionLoop.S2" nVehContrib="6" flow="216.00" occupancy="5.82" speed="7.63" harmonicMeanSpeed="5.30" length="5.00" nVehEntered="7"/>
    <interval begin="3700.00" end="3800.00" id="inductionLoop.S2" nVehContrib="6" flow="216.00" occupancy="2.72" speed="11.76" harmonicMeanSpeed="11.63" length="5.00" nVehEntered="7"/>
    <interval begin="3800.00" end="3900.00" id="inductionLoop.S2" nVehContrib="5" flow="180.00" occupancy="3.79" speed="8.62" harmonicMeanSpeed="6.36" length="5.00" nVehEntered="4"/>
    <interval begin="3900.00" end="4000.00" id="inductionLoop.S2" nVehContrib="8" flow="288.00" occupancy="5.34" speed="9.81" harmonicMeanSpeed="7.49" length="5.00" nVehEntered="8"/>
    <interval begin="4000.00" end="4100.00" id="inductionLoop.S2" nVehContrib="8" flow="288.00" occupancy="3.37" speed="12.02" harmonicMeanSpeed="11.87" length="5.00" nVehEntered="8"/>
    <interval begin="4100.00" end="4200.00" id="inductionLoop.S2" nVehContrib="4" flow="144.00" occupancy="3.75" speed="6.78" harmonicMeanSpeed="5.33" length="5.00" nVehEntered="4"/>
    <interval begin="4200.00" end="4300.00" id="inductionLoop.S2" nVehContrib="8" flow="288.00" occupancy="3.58" speed="11.54" harmonicMeanSpeed="11.18" length="5.00" nVehEntered="8"/>
    <interval begin="4300.00" end="4400.00" id="inductionLoop.S2" nVehContrib="3" flow="108.00" occupancy="4.10" speed="3.93" harmonicMeanSpeed="3.91" length="5.00" nVehEntered="4"/>
    <interval begin="4400.00" end="4500.00" id="inductionLoop.S2" nVehContrib="3" flow="108.00" occupancy="2.87" speed="7.26" harmonicMeanSpeed="5.23" length="5.00" nVehEntered="3"/>
    <interval begin="4500.00" end="4600.00" id="inductionLoop.S2" nVehContrib="6" flow="216.00" occupancy="3.40" speed="11.92" harmonicMeanSpeed="8.83" length="5.00" nVehEntered="6"/>
    <interval begin="4600.00" end="4700.00" id="inductionLoop.S2" nVehContrib="5" flow="180.00" occupancy="3.16" speed="9.90" harmonicMeanSpeed="7.91" length="5.00" nVehEntered="5"/>
    <interval begin="4700.00" end="4800.00" id="inductionLoop.S2" nVehContrib="4" flow="144.00" occupancy="1.66" speed="12.19" harmonicMeanSpeed="12.08" length="5.00" nVehEntered="4"/>
    <interval begin="4800.00" end="4900.00" id="inductionLoop.S2" nVehContrib="5" flow="180.00" occupancy="2.91" speed="10.63" harmonicMeanSpeed="8.59" length="5.00" nVehEntered="5"/>
    <interval begin="4900.00" end="5000.00" id="inductionLoop.S2" nVehContrib="2" flow="72.00" occupancy="0.69" speed="14.60" harmonicMeanSpeed="14.51" length="5.00" nVehEntered="2"/>
    <interval begin="5000.00" end="5100.00" id="inductionLoop.S2" nVehContrib="4" flow="144.00" occupancy="1.76" speed="12.04" harmonicMeanSpeed="11.36" length="5.00" nVehEntered="4"/>
    <interval begin="5100.00" end="5200.00" id="inductionLoop.S2" nVehContrib="3" flow="108.00" occupancy="1.98" speed="10.12" harmonicMeanSpeed="7.59" length="5.00" nVehEntered="3"/>
    <interval begin="5200.00" end="5300.00" id="inductionLoop.S2" nVehContrib="6" flow="216.00" occupancy="3.09" speed="10.24" harmonicMeanSpeed="9.79" length="5.00" nVehEntered="7"/>
    <interval begin="5300.00" end="5400.00" id="inductionLoop.S2" nVehContrib="7" flow="252.00" occupancy="5.75" speed="7.47" harmonicMeanSpeed="6.08" length="5.00" nVehEntered="7"/>
    <interval begin="5400.00" end="5500.00" id="inductionLoop.S2" nVehContrib="3" flow="108.00" occupancy="1.31" speed="12.17" harmonicMeanSpeed="12.02" length="5.00" nVehEntered="4"/>
    <interval begin="5500.00" end="5600.00" id="inductionLoop.S2" nVehContrib="1" flow="36.00" occupancy="0.57" speed="8.78" harmonicMeanSpeed="8.78" length="5.00" nVehEntered="1"/>
    <interval begin="5600.00" end="5700.00" id="inductionLoop.S2" nVehContrib="5" flow="180.00" occupancy="1.83" speed="13.68" harmonicMeanSpeed="13.67" length="5.00" nVehEntered="5"/>
    <interval begin="5700.00" end="5800.00" id="inductionLoop.S2" nVehContrib="2" flow="72.00" occupancy="1.49" speed="8.81" harmonicMeanSpeed="6.71" length="5.00" nVehEntered="2"/>
    <interval begin="5800.00" end="5900.00" id="inductionLoop.S2" nVehContrib="0" flow="0.00" occupancy="0.13" speed="-1.00" harmonicMeanSpeed="-1.00" length="-1.00" nVehEntered="1"/>
    <interval begin="5900.00" end="6000.00" id="inductionLoop.S2" nVehContrib="1" flow="36.00" occupancy="1.31" speed="4.55" harmonicMeanSpeed="4.55" length="5.00" nVehEntered="2"/>
    <interval begin="6000.00" end="6100.00" id="inductionLoop.S2" nVehContrib="3" flow="108.00" occupancy="1.31" speed="13.85" harmonicMeanSpeed="13.77" length="5.00" nVehEntered="4"/>
    <interval begin="6100.00" end="6200.00" id="inductionLoop.S2" nVehContrib="4" flow="144.00" occupancy="2.48" speed="10.15" harmonicMeanSpeed="8.07" length="5.00" nVehEntered="4"/>
    <interval begin="6200.00" end="6300.00" id="inductionLoop.S2" nVehContrib="4" flow="144.00" occupancy="1.65" speed="12.61" harmonicMeanSpeed="12.47" length="5.00" nVehEntered="5"/>
    <interval begin="6300.00" end="6400.00" id="inductionLoop.S2" nVehContrib="6" flow="216.00" occupancy="3.34" speed="11.13" harmonicMeanSpeed="8.97" length="5.00" nVehEntered="6"/>
    <interval begin="6400.00" end="6500.00" id="inductionLoop.S2" nVehContrib="8" flow="288.00" occupancy="3.35" speed="12.33" harmonicMeanSpeed="12.12" length="5.00" nVehEntered="9"/>
    <interval begin="6500.00" end="6600.00" id="inductionLoop.S2" nVehContrib="3" flow="108.00" occupancy="1.29" speed="12.25" harmonicMeanSpeed="11.64" length="5.00" nVehEntered="3"/>
    <interval begin="6600.00" end="6700.00" id="inductionLoop.S2" nVehContrib="6" flow="216.00" occupancy="3.27" speed="11.20" harmonicMeanSpeed="9.18" length="5.00" nVehEntered="6"/>
    <interval begin="6700.00" end="6800.00" id="inductionLoop.S2" nVehContrib="3" flow="108.00" occupancy="3.11" speed="5.30" harmonicMeanSpeed="4.83" length="5.00" nVehEntered="3"/>
    <interval begin="6800.00" end="6900.00" id="inductionLoop.S2" nVehContrib="5" flow="180.00" occupancy="2.28" speed="11.47" harmonicMeanSpeed="10.96" length="5.00" nVehEntered="5"/>
    <interval begin="6900.00" end="7000.00" id="inductionLoop.S2" nVehContrib="4" flow="144.00" occupancy="3.57" speed="7.97" harmonicMeanSpeed="5.95" length="5.00" nVehEntered="5"/>
    <interval begin="7000.00" end="7100.00" id="inductionLoop.S2" nVehContrib="2" flow="72.00" occupancy="1.63" speed="8.96" harmonicMeanSpeed="6.12" length="5.00" nVehEntered="2"/>
    <interval begin="7100.00" end="7200.00" id="inductionLoop.S2" nVehContrib="2" flow="72.00" occupancy="0.74" speed="13.49" harmonicMeanSpeed="13.46" length="5.00" nVehEntered="2"/>
    <interval begin="7200.00" end="7300.00" id="inductionLoop.S2" nVehContrib="3" flow="108.00" occupancy="1.22" speed="12.63" harmonicMeanSpeed="12.33" length="5.00" nVehEntered="3"/>
    <interval begin="7300.00" end="7400.00" id="inductionLoop.S2" nVehContrib="2" flow="72.00" occupancy="1.71" speed="8.76" harmonicMeanSpeed="5.85" length="5.00" nVehEntered="2"/>
    <interval begin="7400.00" end="7500.00" id="inductionLoop.S2" nVehContrib="1" flow="36.00" occupancy="0.32" speed="15.64" harmonicMeanSpeed="15.64" length="5.00" nVehEntered="1"/>
    <interval begin="7500.00" end="7600.00" id="inductionLoop.S2" nVehContrib="2" flow="72.00" occupancy="0.72" speed="13.89" harmonicMeanSpeed="13.88" length="5.00" nVehEntered="2"/>
    <interval begin="7600.00" end="7700.00" id="inductionLoop.S2" nVehContrib="5" flow="180.00" occupancy="3.79" speed="11.19" harmonicMeanSpeed="9.17" length="5.00" nVehEntered="7"/>
    <interval begin="7700.00" end="7800.00" id="inductionLoop.S2" nVehContrib="5" flow="180.00" occupancy="2.84" speed="11.67" harmonicMeanSpeed="8.12" length="5.00" nVehEntered="6"/>
    <interval begin="7800.00" end="7900.00" id="inductionLoop.S2" nVehContrib="2" flow="72.00" occupancy="0.77" speed="12.92" harmonicMeanSpeed="12.91" length="5.00" nVehEntered="2"/>
    <interval begin="7900.00" end="8000.00" id="inductionLoop.S2" nVehContrib="3" flow="108.00" occupancy="1.21" speed="12.49" harmonicMeanSpeed="12.39" length="5.00" nVehEntered="3"/>
    <interval begin="8000.00" end="8100.00" id="inductionLoop.S2" nVehContrib="4" flow="144.00" occupancy="2.19" speed="11.41" harmonicMeanSpeed="9.17" length="5.00" nVehEntered="5"/>
    <interval begin="8100.00" end="8200.00" id="inductionLoop.S2" nVehContrib="5" flow="180.00" occupancy="2.08" speed="12.08" harmonicMeanSpeed="12.00" length="5.00" nVehEntered="5"/>
    <interval begin="8200.00" end="8300.00" id="inductionLoop.S2" nVehContrib="3" flow="108.00" occupancy="2.02" speed="9.92" harmonicMeanSpeed="7.43" length="5.00" nVehEntered="3"/>
    <interval begin="8300.00" end="8400.00" id="inductionLoop.S2" nVehContrib="2" flow="72.00" occupancy="0.69" speed="14.59" harmonicMeanSpeed="14.59" length="5.00" nVehEntered="2"/>
    <interval begin="8400.00" end="8500.00" id="inductionLoop.S2" nVehContrib="3" flow="108.00" occupancy="1.54" speed="12.51" harmonicMeanSpeed="12.36" length="5.00" nVehEntered="5"/>
    <interval begin="8500.00" end="8600.00" id="inductionLoop.S2" nVehContrib="7" flow="252.00" occupancy="6.54" speed="7.88" harmonicMeanSpeed="5.35" length="5.00" nVehEntered="7"/>
    <interval begin="8600.00" end="8700.00" id="inductionLoop.S2" nVehContrib="7" flow="252.00" occupancy="2.94" speed="12.82" harmonicMeanSpeed="12.66" length="5.00" nVehEntered="8"/>
    <interval begin="8700.00" end="8800.00" id="inductionLoop.S2" nVehContrib="1" flow="36.00" occupancy="1.26" speed="3.97" harmonicMeanSpeed="3.97" length="5.00" nVehEntered="1"/>
    <interval begin="8800.00" end="8900.00" id="inductionLoop.S2" nVehContrib="9" flow="324.00" occupancy="4.78" speed="11.06" harmonicMeanSpeed="9.98" length="5.00" nVehEntered="10"/>
    <interval begin="8900.00" end="9000.00" id="inductionLoop.S2" nVehContrib="6" flow="216.00" occupancy="6.11" speed="6.62" harmonicMeanSpeed="4.91" length="5.00" nVehEntered="6"/>
    <interval begin="9000.00" end="9100.00" id="inductionLoop.S2" nVehContrib="7" flow="252.00" occupancy="3.73" speed="11.09" harmonicMeanSpeed="9.38" length="5.00" nVehEntered="7"/>
    <interval begin="9100.00" end="9200.00" id="inductionLoop.S2" nVehContrib="7" flow="252.00" occupancy="5.66" speed="9.08" harmonicMeanSpeed="6.29" length="5.00" nVehEntered="8"/>
    <interval begin="9200.00" end="9300.00" id="inductionLoop.S2" nVehContrib="3" flow="108.00" occupancy="1.55" speed="10.33" harmonicMeanSpeed="9.77" length="5.00" nVehEntered="4"/>
    <interval begin="9300.00" end="9400.00" id="inductionLoop.S2" nVehContrib="4" flow="144.00" occupancy="3.40" speed="8.36" harmonicMeanSpeed="5.89" length="5.00" nVehEntered="4"/>
    <interval begin="9400.00" end="9500.00" id="inductionLoop.S2" nVehContrib="3" flow="108.00" occupancy="4.49" speed="3.39" harmonicMeanSpeed="3.34" length="5.00" nVehEntered="3"/>
    <interval begin="9500.00" end="9600.00" id="inductionLoop.S2" nVehContrib="1" flow="36.00" occupancy="0.40" speed="12.41" harmonicMeanSpeed="12.41" length="5.00" nVehEntered="1"/>
    <interval begin="9600.00" end="9700.00" id="inductionLoop.S2" nVehContrib="4" flow="144.00" occupancy="2.58" speed="9.92" harmonicMeanSpeed="7.76" length="5.00" nVehEntered="4"/>
    <interval begin="9700.00" end="9800.00" id="inductionLoop.S2" nVehContrib="3" flow="108.00" occupancy="1.83" speed="10.90" harmonicMeanSpeed="8.20" length="5.00" nVehEntered="3"/>
    <interval begin="9800.00" end="9900.00" id="inductionLoop.S2" nVehContrib="2" flow="72.00" occupancy="1.40" speed="9.40" harmonicMeanSpeed="7.16" length="5.00" nVehEntered="2"/>
    <interval begin="9900.00" end="10000.00" id="inductionLoop.S2" nVehContrib="1" flow="36.00" occupancy="1.93" speed="3.91" harmonicMeanSpeed="3.91" length="5.00" nVehEntered="3"/>
    <interval begin="10000.00" end="10100.00" id="inductionLoop.S2" nVehContrib="1" flow="36.00" occupancy="0.41" speed="12.31" harmonicMeanSpeed="12.31" length="5.00" nVehEntered="1"/>
    <interval begin="10100.00" end="10200.00" id="inductionLoop.S2" nVehContrib="4" flow="144.00" occupancy="2.22" speed="11.53" harmonicMeanSpeed="9.03" length="5.00" nVehEntered="4"/>
    <interval begin="10200.00" end="10300.00" id="inductionLoop.S2" nVehContrib="4" flow="144.00" occupancy="1.61" speed="12.55" harmonicMeanSpeed="12.45" length="5.00" nVehEntered="4"/>
    <interval begin="10300.00" end="10400.00" id="inductionLoop.S2" nVehContrib="2" flow="72.00" occupancy="2.63" speed="3.80" harmonicMeanSpeed="3.80" length="5.00" nVehEntered="2"/>
    <interval begin="10400.00" end="10500.00" id="inductionLoop.S2" nVehContrib="4" flow="144.00" occupancy="3.19" speed="8.80" harmonicMeanSpeed="6.27" length="5.00" nVehEntered="4"/>
    <interval begin="10500.00" end="10600.00" id="inductionLoop.S2" nVehContrib="4" flow="144.00" occupancy="4.50" speed="4.91" harmonicMeanSpeed="4.44" length="5.00" nVehEntered="4"/>
    <interval begin="10600.00" end="10700.00" id="inductionLoop.S2" nVehContrib="2" flow="72.00" occupancy="1.52" speed="9.00" harmonicMeanSpeed="6.60" length="5.00" nVehEntered="2"/>
    <interval begin="10700.00" end="10800.00" id="inductionLoop.S2" nVehContrib="4" flow="144.00" occupancy="1.50" speed="13.47" harmonicMeanSpeed="13.34" length="5.00" nVehEntered="4"/>
    <interval begin="10800.00" end="10900.00" id="inductionLoop.S2" nVehContrib="3" flow="108.00" occupancy="1.11" speed="13.50" harmonicMeanSpeed="13.47" length="5.00" nVehEntered="3"/>
    <interval begin="10900.00" end="11000.00" id="inductionLoop.S2" nVehContrib="0" flow="0.00" occupancy="0.00" speed="-1.00" harmonicMeanSpeed="-1.00" length="-1.00" nVehEntered="0"/>
    <interval begin="11000.00" end="11100.00" id="inductionLoop.S2" nVehContrib="1" flow="36.00" occupancy="0.38" speed="13.23" harmonicMeanSpeed="13.23" length="5.00" nVehEntered="1"/>
    <interval begin="11100.00" end="11200.00" id="inductionLoop.S2" nVehContrib="0" flow="0.00" occupancy="0.00" speed="-1.00" harmonicMeanSpeed="-1.00" length="-1.00" nVehEntered="0"/>
    <interval begin="11200.00" end="11300.00" id="inductionLoop.S2" nVehContrib="3" flow="108.00" occupancy="1.16" speed="13.04" harmonicMeanSpeed="12.93" length="5.00" nVehEntered="3"/>
    <interval begin="11300.00" end="11400.00" id="inductionLoop.S2" nVehContrib="2" flow="72.00" occupancy="1.62" speed="8.61" harmonicMeanSpeed="6.18" length="5.00" nVehEntered="2"/>
    <interval begin="11400.00" end="11500.00" id="inductionLoop.S2" nVehContrib="1" flow="36.00" occupancy="0.38" speed="13.02" harmonicMeanSpeed="13.02" length="5.00" nVehEntered="1"/>
    <interval begin="11500.00" end="11600.00" id="inductionLoop.S2" nVehContrib="1" flow="36.00" occupancy="0.37" speed="13.54" harmonicMeanSpeed="13.54" length="5.00" nVehEntered="1"/>
    <interval begin="11600.00" end="11700.00" id="inductionLoop.S2" nVehContrib="1" flow="36.00" occupancy="0.35" speed="14.36" harmonicMeanSpeed="14.36" length="5.00" nVehEntered="1"/>
    <interval begin="11700.00" end="11800.00" id="inductionLoop.S2" nVehContrib="1" flow="36.00" occupancy="0.44" speed="11.25" harmonicMeanSpeed="11.25" length="5.00" nVehEntered="1"/>
    <interval begin="11800.00" end="11900.00" id="inductionLoop.S2" nVehContrib="2" flow="72.00" occupancy="0.80" speed="12.52" harmonicMeanSpeed="12.46" length="5.00" nVehEntered="2"/>
    <interval begin="11900.00" end="12000.00" id="inductionLoop.S2" nVehContrib="2" flow="72.00" occupancy="1.33" speed="10.28" harmonicMeanSpeed="7.53" length="5.00" nVehEntered="2"/>
    <interval begin="12000.00" end="12100.00" id="inductionLoop.S2" nVehContrib="0" flow="0.00" occupancy="0.00" speed="-1.00" harmonicMeanSpeed="-1.00" length="-1.00" nVehEntered="0"/>
    <interval begin="12100.00" end="12200.00" id="inductionLoop.S2" nVehContrib="2" flow="72.00" occupancy="1.02" speed="10.80" harmonicMeanSpeed="9.79" length="5.00" nVehEntered="2"/>
    <interval begin="12200.00" end="12300.00" id="inductionLoop.S2" nVehContrib="0" flow="0.00" occupancy="0.00" speed="-1.00" harmonicMeanSpeed="-1.00" length="-1.00" nVehEntered="0"/>
    <interval begin="12300.00" end="12400.00" id="inductionLoop.S2" nVehContrib="1" flow="36.00" occupancy="0.76" speed="13.08" harmonicMeanSpeed="13.08" length="5.00" nVehEntered="2"/>
    <interval begin="12400.00" end="12500.00" id="inductionLoop.S2" nVehContrib="3" flow="108.00" occupancy="3.15" speed="6.73" harmonicMeanSpeed="4.76" length="5.00" nVehEntered="3"/>
    <interval begin="12500.00" end="12600.00" id="inductionLoop.S2" nVehContrib="3" flow="108.00" occupancy="2.54" speed="6.80" harmonicMeanSpeed="5.89" length="5.00" nVehEntered="3"/>
    <interval begin="12600.00" end="12700.00" id="inductionLoop.S2" nVehContrib="1" flow="36.00" occupancy="1.09" speed="4.60" harmonicMeanSpeed="4.60" length="5.00" nVehEntered="1"/>
    <interval begin="12700.00" end="12800.00" id="inductionLoop.S2" nVehContrib="1" flow="36.00" occupancy="1.31" speed="3.81" harmonicMeanSpeed="3.81" length="5.00" nVehEntered="1"/>
    <interval begin="12800.00" end="12900.00" id="inductionLoop.S2" nVehContrib="1" flow="36.00" occupancy="1.33" speed="3.76" harmonicMeanSpeed="3.76" length="5.00" nVehEntered="1"/>
    <interval begin="12900.00" end="13000.00" id="inductionLoop.S2" nVehContrib="1" flow="36.00" occupancy="0.38" speed="13.20" harmonicMeanSpeed="13.20" length="5.00" nVehEntered="1"/>
    <interval begin="13000.00" end="13100.00" id="inductionLoop.S2" nVehContrib="1" flow="36.00" occupancy="0.45" speed="11.00" harmonicMeanSpeed="11.00" length="5.00" nVehEntered="1"/>
    <interval begin="13100.00" end="13200.00" id="inductionLoop.S2" nVehContrib="0" flow="0.00" occupancy="0.00" speed="-1.00" harmonicMeanSpeed="-1.00" length="-1.00" nVehEntered="0"/>
    <interval begin="13200.00" end="13300.00" id="inductionLoop.S2" nVehContrib="0" flow="0.00" occupancy="0.00" speed="-1.00" harmonicMeanSpeed="-1.00" length="-1.00" nVehEntered="0"/>
    <interval begin="13300.00" end="13400.00" id="inductionLoop.S2" nVehContrib="1" flow="36.00" occupancy="0.38" speed="13.32" harmonicMeanSpeed="13.32" length="5.00" nVehEntered="1"/>
    <interval begin="13400.00" end="13500.00" id="inductionLoop.S2" nVehContrib="1" flow="36.00" occupancy="0.35" speed="14.37" harmonicMeanSpeed="14.37" length="5.00" nVehEntered="1"/>
    <interval begin="13500.00" end="13600.00" id="inductionLoop.S2" nVehContrib="2" flow="72.00" occupancy="0.89" speed="11.33" harmonicMeanSpeed="11.28" length="5.00" nVehEntered="2"/>
    <interval begin="13600.00" end="13700.00" id="inductionLoop.S2" nVehContrib="2" flow="72.00" occupancy="1.48" speed="8.80" harmonicMeanSpeed="6.78" length="5.00" nVehEntered="2"/>
    <interval begin="13700.00" end="13800.00" id="inductionLoop.S2" nVehContrib="1" flow="36.00" occupancy="1.18" speed="4.33" harmonicMeanSpeed="4.33" length="5.00" nVehEntered="2"/>
    <interval begin="13800.00" end="13900.00" id="inductionLoop.S2" nVehContrib="6" flow="216.00" occupancy="5.40" speed="7.11" harmonicMeanSpeed="5.55" length="5.00" nVehEntered="6"/>
    <interval begin="13900.00" end="14000.00" id="inductionLoop.S2" nVehContrib="0" flow="0.00" occupancy="0.00" speed="-1.00" harmonicMeanSpeed="-1.00" length="-1.00" nVehEntered="0"/>
    <interval begin="14000.00" end="14100.00" id="inductionLoop.S2" nVehContrib="1" flow="36.00" occupancy="1.19" speed="4.25" harmonicMeanSpeed="4.25" length="5.00" nVehEntered="2"/>
    <interval begin="14100.00" end="14200.00" id="inductionLoop.S2" nVehContrib="1" flow="36.00" occupancy="0.40" speed="12.44" harmonicMeanSpeed="12.44" length="5.00" nVehEntered="1"/>
    <interval begin="14200.00" end="14300.00" id="inductionLoop.S2" nVehContrib="3" flow="108.00" occupancy="3.57" speed="4.26" harmonicMeanSpeed="4.20" length="5.00" nVehEntered="3"/>
    <interval begin="14300.00" end="14400.00" id="inductionLoop.S2" nVehContrib="2" flow="72.00" occupancy="0.77" speed="12.93" harmonicMeanSpeed="12.91" length="5.00" nVehEntered="2"/>
    <interval begin="14400.00" end="14500.00" id="inductionLoop.S2" nVehContrib="0" flow="0.00" occupancy="0.00" speed="-1.00" harmonicMeanSpeed="-1.00" length="-1.00" nVehEntered="0"/>
    <interval begin="14500.00" end="14600.00" id="inductionLoop.S2" nVehContrib="1" flow="36.00" occupancy="1.13" speed="4.41" harmonicMeanSpeed="4.41" length="5.00" nVehEntered="1"/>
    <interval begin="14600.00" end="14700.00" id="inductionLoop.S2" nVehContrib="2" flow="72.00" occupancy="0.73" speed="13.63" harmonicMeanSpeed="13.63" length="5.00" nVehEntered="2"/>
    <interval begin="14700.00" end="14800.00" id="inductionLoop.S2" nVehContrib="2" flow="72.00" occupancy="0.76" speed="14.12" harmonicMeanSpeed="14.09" length="5.00" nVehEntered="3"/>
    <interval begin="14800.00" end="14900.00" id="inductionLoop.S2" nVehContrib="4" flow="144.00" occupancy="3.24" speed="8.65" harmonicMeanSpeed="6.17" length="5.00" nVehEntered="4"/>
    <interval begin="14900.00" end="15000.00" id="inductionLoop.S2" nVehContrib="1" flow="36.00" occupancy="0.39" speed="12.75" harmonicMeanSpeed="12.75" length="5.00" nVehEntered="1"/>
    <interval begin="15000.00" end="15100.00" id="inductionLoop.S2" nVehContrib="2" flow="72.00" occupancy="1.55" speed="9.34" harmonicMeanSpeed="6.45" length="5.00" nVehEntered="2"/>
    <interval begin="15100.00" end="15200.00" id="inductionLoop.S2" nVehContrib="1" flow="36.00" occupancy="0.35" speed="14.19" harmonicMeanSpeed="14.19" length="5.00" nVehEntered="1"/>
    <interval begin="15200.00" end="15300.00" id="inductionLoop.S2" nVehContrib="1" flow="36.00" occupancy="1.15" speed="4.36" harmonicMeanSpeed="4.36" length="5.00" nVehEntered="1"/>
    <interval begin="15300.00" end="15400.00" id="inductionLoop.S2" nVehContrib="3" flow="108.00" occupancy="2.25" speed="10.47" harmonicMeanSpeed="7.68" length="5.00" nVehEntered="4"/>
    <interval begin="15400.00" end="15500.00" id="inductionLoop.S2" nVehContrib="2" flow="72.00" occupancy="0.78" speed="12.94" harmonicMeanSpeed="12.90" length="5.00" nVehEntered="2"/>
    <interval begin="15500.00" end="15600.00" id="inductionLoop.S2" nVehContrib="1" flow="36.00" occupancy="0.36" speed="13.71" harmonicMeanSpeed="13.71" length="5.00" nVehEntered="1"/>
    <interval begin="15600.00" end="15700.00" id="inductionLoop.S2" nVehContrib="2" flow="72.00" occupancy="2.76" speed="8.01" harmonicMeanSpeed="5.69" length="5.00" nVehEntered="3"/>
    <interval begin="15700.00" end="15800.00" id="inductionLoop.S2" nVehContrib="3" flow="108.00" occupancy="1.82" speed="5.93" harmonicMeanSpeed="5.32" length="5.00" nVehEntered="2"/>
    <interval begin="15800.00" end="15900.00" id="inductionLoop.S2" nVehContrib="0" flow="0.00" occupancy="0.00" speed="-1.00" harmonicMeanSpeed="-1.00" length="-1.00" nVehEntered="0"/>
    <interval begin="15900.00" end="16000.00" id="inductionLoop.S2" nVehContrib="1" flow="36.00" occupancy="0.33" speed="15.22" harmonicMeanSpeed="15.22" length="5.00" nVehEntered="1"/>
    <interval begin="16000.00" end="16100.00" id="inductionLoop.S2" nVehContrib="2" flow="72.00" occupancy="1.65" speed="8.94" harmonicMeanSpeed="6.05" length="5.00" nVehEntered="2"/>
    <interval begin="16100.00" end="16200.00" id="inductionLoop.S2" nVehContrib="6" flow="216.00" occupancy="4.58" speed="9.42" harmonicMeanSpeed="6.90" length="5.00" nVehEntered="7"/>
    <interval begin="16200.00" end="16300.00" id="inductionLoop.S2" nVehContrib="2" flow="72.00" occupancy="1.64" speed="9.12" harmonicMeanSpeed="6.70" length="5.00" nVehEntered="3"/>
    <interval begin="16300.00" end="16400.00" id="inductionLoop.S2" nVehContrib="0" flow="0.00" occupancy="0.00" speed="-1.00" harmonicMeanSpeed="-1.00" length="-1.00" nVehEntered="0"/>
    <interval begin="16400.00" end="16500.00" id="inductionLoop.S2" nVehContrib="1" flow="36.00" occupancy="0.38" speed="13.02" harmonicMeanSpeed="13.02" length="5.00" nVehEntered="1"/>
    <interval begin="16500.00" end="16600.00" id="inductionLoop.S2" nVehContrib="4" flow="144.00" occupancy="2.72" speed="9.41" harmonicMeanSpeed="7.72" length="5.00" nVehEntered="5"/>
    <interval begin="16600.00" end="16700.00" id="inductionLoop.S2" nVehContrib="2" flow="72.00" occupancy="1.01" speed="10.40" harmonicMeanSpeed="9.93" length="5.00" nVehEntered="2"/>
    <interval begin="16700.00" end="16800.00" id="inductionLoop.S2" nVehContrib="0" flow="0.00" occupancy="0.00" speed="-1.00" harmonicMeanSpeed="-1.00" length="-1.00" nVehEntered="0"/>
    <interval begin="16800.00" end="16900.00" id="inductionLoop.S2" nVehContrib="3" flow="108.00" occupancy="1.52" speed="12.15" harmonicMeanSpeed="11.78" length="5.00" nVehEntered="4"/>
    <interval begin="16900.00" end="17000.00" id="inductionLoop.S2" nVehContrib="1" flow="36.00" occupancy="0.38" speed="13.17" harmonicMeanSpeed="13.17" length="5.00" nVehEntered="1"/>
    <interval begin="17000.00" end="17100.00" id="inductionLoop.S2" nVehContrib="1" flow="36.00" occupancy="0.39" speed="12.79" harmonicMeanSpeed="12.79" length="5.00" nVehEntered="1"/>
    <interval begin="17100.00" end="17200.00" id="inductionLoop.S2" nVehContrib="2" flow="72.00" occupancy="2.38" speed="4.21" harmonicMeanSpeed="4.21" length="5.00" nVehEntered="2"/>
    <interval begin="17200.00" end="17300.00" id="inductionLoop.S2" nVehContrib="4" flow="144.00" occupancy="2.17" speed="11.68" harmonicMeanSpeed="11.14" length="5.00" nVehEntered="5"/>
    <interval begin="17300.00" end="17400.00" id="inductionLoop.S2" nVehContrib="3" flow="108.00" occupancy="1.86" speed="10.73" harmonicMeanSpeed="8.08" length="5.00" nVehEntered="3"/>
    <interval begin="17400.00" end="17500.00" id="inductionLoop.S2" nVehContrib="2" flow="72.00" occupancy="1.85" speed="8.14" harmonicMeanSpeed="5.40" length="5.00" nVehEntered="2"/>
    <interval begin="17500.00" end="17600.00" id="inductionLoop.S2" nVehContrib="6" flow="216.00" occupancy="3.80" speed="11.32" harmonicMeanSpeed="8.22" length="5.00" nVehEntered="7"/>
    <interval begin="17600.00" end="17700.00" id="inductionLoop.S2" nVehContrib="10" flow="360.00" occupancy="7.01" speed="9.37" harmonicMeanSpeed="7.13" length="5.00" nVehEntered="10"/>
    <interval begin="17700.00" end="17800.00" id="inductionLoop.S2" nVehContrib="4" flow="144.00" occupancy="3.76" speed="7.56" harmonicMeanSpeed="5.32" length="5.00" nVehEntered="4"/>
    <interval begin="17800.00" end="17900.00" id="inductionLoop.S2" nVehContrib="2" flow="72.00" occupancy="1.05" speed="13.49" harmonicMeanSpeed="13.42" length="5.00" nVehEntered="3"/>
    <interval begin="17900.00" end="18000.00" id="inductionLoop.S2" nVehContrib="4" flow="144.00" occupancy="2.18" speed="11.54" harmonicMeanSpeed="11.04" length="5.00" nVehEntered="5"/>
    <interval begin="18000.00" end="18100.00" id="inductionLoop.S2" nVehContrib="3" flow="108.00" occupancy="2.20" speed="8.00" harmonicMeanSpeed="6.83" length="5.00" nVehEntered="3"/>
    <interval begin="18100.00" end="18200.00" id="inductionLoop.S2" nVehContrib="3" flow="108.00" occupancy="1.17" speed="12.85" harmonicMeanSpeed="12.83" length="5.00" nVehEntered="3"/>
    <interval begin="18200.00" end="18300.00" id="inductionLoop.S2" nVehContrib="8" flow="288.00" occupancy="4.92" speed="10.27" harmonicMeanSpeed="8.13" length="5.00" nVehEntered="8"/>
    <interval begin="18300.00" end="18400.00" id="inductionLoop.S2" nVehContrib="6" flow="216.00" occupancy="3.35" speed="10.87" harmonicMeanSpeed="10.57" length="5.00" nVehEntered="8"/>
    <interval begin="18400.00" end="18500.00" id="inductionLoop.S2" nVehContrib="5" flow="180.00" occupancy="2.79" speed="10.57" harmonicMeanSpeed="8.96" length="5.00" nVehEntered="5"/>
    <interval begin="18500.00" end="18600.00" id="inductionLoop.S2" nVehContrib="2" flow="72.00" occupancy="0.86" speed="11.72" harmonicMeanSpeed="11.57" length="5.00" nVehEntered="2"/>
    <interval begin="18600.00" end="18700.00" id="inductionLoop.S2" nVehContrib="3" flow="108.00" occupancy="1.15" speed="13.31" harmonicMeanSpeed="13.01" length="5.00" nVehEntered="3"/>
    <interval begin="18700.00" end="18800.00" id="inductionLoop.S2" nVehContrib="7" flow="252.00" occupancy="4.01" speed="10.05" harmonicMeanSpeed="8.73" length="5.00" nVehEntered="7"/>
    <interval begin="18800.00" end="18900.00" id="inductionLoop.S2" nVehContrib="3" flow="108.00" occupancy="1.48" speed="12.11" harmonicMeanSpeed="12.07" length="5.00" nVehEntered="4"/>
    <interval begin="18900.00" end="19000.00" id="inductionLoop.S2" nVehContrib="5" flow="180.00" occupancy="1.86" speed="13.50" harmonicMeanSpeed="13.45" length="5.00" nVehEntered="5"/>
    <interval begin="19000.00" end="19100.00" id="inductionLoop.S2" nVehContrib="2" flow="72.00" occupancy="1.49" speed="10.19" harmonicMeanSpeed="6.71" length="5.00" nVehEntered="2"/>
    <interval begin="19100.00" end="19200.00" id="inductionLoop.S2" nVehContrib="7" flow="252.00" occupancy="3.78" speed="11.55" harmonicMeanSpeed="9.26" length="5.00" nVehEntered="7"/>
    <interval begin="19200.00" end="19300.00" id="inductionLoop.S2" nVehContrib="4" flow="144.00" occupancy="1.65" speed="12.22" harmonicMeanSpeed="12.11" length="5.00" nVehEntered="4"/>
    <interval begin="19300.00" end="19400.00" id="inductionLoop.S2" nVehContrib="2" flow="72.00" occupancy="1.71" speed="7.70" harmonicMeanSpeed="5.83" length="5.00" nVehEntered="2"/>
    <interval begin="19400.00" end="19500.00" id="inductionLoop.S2" nVehContrib="1" flow="36.00" occupancy="0.38" speed="13.21" harmonicMeanSpeed="13.21" length="5.00" nVehEntered="1"/>
    <interval begin="19500.00" end="19600.00" id="inductionLoop.S2" nVehContrib="5" flow="180.00" occupancy="2.06" speed="12.23" harmonicMeanSpeed="12.16" length="5.00" nVehEntered="5"/>
    <interval begin="19600.00" end="19700.00" id="inductionLoop.S2" nVehContrib="6" flow="216.00" occupancy="3.71" speed="10.06" harmonicMeanSpeed="8.10" length="5.00" nVehEntered="6"/>
    <interval begin="19700.00" end="19800.00" id="inductionLoop.S2" nVehContrib="6" flow="216.00" occupancy="2.47" speed="12.28" harmonicMeanSpeed="12.13" length="5.00" nVehEntered="6"/>
    <interval begin="19800.00" end="19900.00" id="inductionLoop.S2" nVehContrib="4" flow="144.00" occupancy="2.92" speed="8.13" harmonicMeanSpeed="6.96" length="5.00" nVehEntered="5"/>
    <interval begin="19900.00" end="20000.00" id="inductionLoop.S2" nVehContrib="9" flow="324.00" occupancy="7.43" speed="8.59" harmonicMeanSpeed="6.06" length="5.00" nVehEntered="9"/>
    <interval begin="20000.00" end="20100.00" id="inductionLoop.S2" nVehContrib="5" flow="180.00" occupancy="2.83" speed="11.39" harmonicMeanSpeed="8.84" length="5.00" nVehEntered="5"/>
    <interval begin="20100.00" end="20200.00" id="inductionLoop.S2" nVehContrib="8" flow="288.00" occupancy="4.36" speed="10.68" harmonicMeanSpeed="9.17" length="5.00" nVehEntered="8"/>
    <interval begin="20200.00" end="20300.00" id="inductionLoop.S2" nVehContrib="7" flow="252.00" occupancy="6.85" speed="7.80" harmonicMeanSpeed="5.24" length="5.00" nVehEntered="8"/>
    <interval begin="20300.00" end="20400.00" id="inductionLoop.S2" nVehContrib="6" flow="216.00" occupancy="5.02" speed="7.44" harmonicMeanSpeed="6.78" length="5.00" nVehEntered="8"/>
    <interval begin="20400.00" end="20500.00" id="inductionLoop.S2" nVehContrib="6" flow="216.00" occupancy="2.49" speed="12.24" harmonicMeanSpeed="12.07" length="5.00" nVehEntered="6"/>
    <interval begin="20500.00" end="20600.00" id="inductionLoop.S2" nVehContrib="10" flow="360.00" occupancy="7.27" speed="10.13" harmonicMeanSpeed="7.55" length="5.00" nVehEntered="11"/>
    <interval begin="20600.00" end="20700.00" id="inductionLoop.S2" nVehContrib="6" flow="216.00" occupancy="3.17" speed="11.80" harmonicMeanSpeed="11.50" length="5.00" nVehEntered="8"/>
    <interval begin="20700.00" end="20800.00" id="inductionLoop.S2" nVehContrib="9" flow="324.00" occupancy="21.93" speed="8.10" harmonicMeanSpeed="2.14" length="5.00" nVehEntered="11"/>
    <interval begin="20800.00" end="20900.00" id="inductionLoop.S2" nVehContrib="9" flow="324.00" occupancy="32.71" speed="8.09" harmonicMeanSpeed="1.38" length="5.00" nVehEntered="9"/>
    <interval begin="20900.00" end="21000.00" id="inductionLoop.S2" nVehContrib="7" flow="252.00" occupancy="8.95" speed="8.01" harmonicMeanSpeed="3.91" length="5.00" nVehEntered="7"/>
    <interval begin="21000.00" end="21100.00" id="inductionLoop.S2" nVehContrib="8" flow="288.00" occupancy="7.05" speed="8.37" harmonicMeanSpeed="5.91" length="5.00" nVehEntered="9"/>
    <interval begin="21100.00" end="21200.00" id="inductionLoop.S2" nVehContrib="8" flow="288.00" occupancy="10.19" speed="7.60" harmonicMeanSpeed="4.47" length="5.00" nVehEntered="11"/>
    <interval begin="21200.00" end="21300.00" id="inductionLoop.S2" nVehContrib="9" flow="324.00" occupancy="6.04" speed="9.33" harmonicMeanSpeed="7.18" length="5.00" nVehEntered="8"/>
    <interval begin="21300.00" end="21400.00" id="inductionLoop.S2" nVehContrib="9" flow="324.00" occupancy="23.58" speed="6.80" harmonicMeanSpeed="1.91" length="5.00" nVehEntered="9"/>
    <interval begin="21400.00" end="21500.00" id="inductionLoop.S2" nVehContrib="3" flow="108.00" occupancy="1.29" speed="11.62" harmonicMeanSpeed="11.60" length="5.00" nVehEntered="3"/>
    <interval begin="21500.00" end="21600.00" id="inductionLoop.S2" nVehContrib="9" flow="324.00" occupancy="17.22" speed="9.66" harmonicMeanSpeed="2.61" length="5.00" nVehEntered="9"/>
    <interval begin="21600.00" end="21700.00" id="inductionLoop.S2" nVehContrib="8" flow="288.00" occupancy="3.37" speed="12.10" harmonicMeanSpeed="11.86" length="5.00" nVehEntered="8"/>
    <interval begin="21700.00" end="21800.00" id="inductionLoop.S2" nVehContrib="10" flow="360.00" occupancy="21.29" speed="9.83" harmonicMeanSpeed="2.39" length="5.00" nVehEntered="11"/>
    <interval begin="21800.00" end="21900.00" id="inductionLoop.S2" nVehContrib="8" flow="288.00" occupancy="4.61" speed="9.63" harmonicMeanSpeed="8.67" length="5.00" nVehEntered="8"/>
    <interval begin="21900.00" end="22000.00" id="inductionLoop.S2" nVehContrib="8" flow="288.00" occupancy="4.42" speed="10.88" harmonicMeanSpeed="10.32" length="5.00" nVehEntered="9"/>
    <interval begin="22000.00" end="22100.00" id="inductionLoop.S2" nVehContrib="8" flow="288.00" occupancy="25.70" speed="7.76" harmonicMeanSpeed="1.56" length="5.00" nVehEntered="8"/>
    <interval begin="22100.00" end="22200.00" id="inductionLoop.S2" nVehContrib="10" flow="360.00" occupancy="23.85" speed="6.69" harmonicMeanSpeed="2.12" length="5.00" nVehEntered="11"/>
    <interval begin="22200.00" end="22300.00" id="inductionLoop.S2" nVehContrib="6" flow="216.00" occupancy="55.73" speed="2.02" harmonicMeanSpeed="0.54" length="5.00" nVehEntered="6"/>
    <interval begin="22300.00" end="22400.00" id="inductionLoop.S2" nVehContrib="4" flow="144.00" occupancy="4.90" speed="7.15" harmonicMeanSpeed="4.08" length="5.00" nVehEntered="4"/>
    <interval begin="22400.00" end="22500.00" id="inductionLoop.S2" nVehContrib="3" flow="108.00" occupancy="2.28" speed="9.47" harmonicMeanSpeed="7.83" length="5.00" nVehEntered="4"/>
    <interval begin="22500.00" end="22600.00" id="inductionLoop.S2" nVehContrib="9" flow="324.00" occupancy="5.91" speed="10.66" harmonicMeanSpeed="8.05" length="5.00" nVehEntered="11"/>
    <interval begin="22600.00" end="22700.00" id="inductionLoop.S2" nVehContrib="8" flow="288.00" occupancy="4.16" speed="11.65" harmonicMeanSpeed="11.06" length="5.00" nVehEntered="10"/>
    <interval begin="22700.00" end="22800.00" id="inductionLoop.S2" nVehContrib="7" flow="252.00" occupancy="7.73" speed="8.79" harmonicMeanSpeed="6.09" length="5.00" nVehEntered="9"/>
    <interval begin="22800.00" end="22900.00" id="inductionLoop.S2" nVehContrib="5" flow="180.00" occupancy="6.04" speed="7.82" harmonicMeanSpeed="4.14" length="5.00" nVehEntered="5"/>
    <interval begin="22900.00" end="23000.00" id="inductionLoop.S2" nVehContrib="9" flow="324.00" occupancy="5.75" speed="9.43" harmonicMeanSpeed="8.98" length="5.00" nVehEntered="13"/>
    <interval begin="23000.00" end="23100.00" id="inductionLoop.S2" nVehContrib="7" flow="252.00" occupancy="22.01" speed="8.10" harmonicMeanSpeed="1.60" length="5.00" nVehEntered="7"/>
    <interval begin="23100.00" end="23200.00" id="inductionLoop.S2" nVehContrib="9" flow="324.00" occupancy="21.18" speed="7.59" harmonicMeanSpeed="2.12" length="5.00" nVehEntered="9"/>
    <interval begin="23200.00" end="23300.00" id="inductionLoop.S2" nVehContrib="7" flow="252.00" occupancy="13.67" speed="7.76" harmonicMeanSpeed="2.66" length="5.00" nVehEntered="9"/>
    <interval begin="23300.00" end="23400.00" id="inductionLoop.S2" nVehContrib="6" flow="216.00" occupancy="34.79" speed="5.65" harmonicMeanSpeed="0.86" length="5.00" nVehEntered="6"/>
    <interval begin="23400.00" end="23500.00" id="inductionLoop.S2" nVehContrib="8" flow="288.00" occupancy="36.35" speed="5.88" harmonicMeanSpeed="1.10" length="5.00" nVehEntered="8"/>
    <interval begin="23500.00" end="23600.00" id="inductionLoop.S2" nVehContrib="9" flow="324.00" occupancy="40.67" speed="4.80" harmonicMeanSpeed="1.11" length="5.00" nVehEntered="10"/>
    <interval begin="23600.00" end="23700.00" id="inductionLoop.S2" nVehContrib="6" flow="216.00" occupancy="29.14" speed="6.34" harmonicMeanSpeed="1.04" length="5.00" nVehEntered="7"/>
    <interval begin="23700.00" end="23800.00" id="inductionLoop.S2" nVehContrib="9" flow="324.00" occupancy="24.06" speed="7.40" harmonicMeanSpeed="1.87" length="5.00" nVehEntered="9"/>
    <interval begin="23800.00" end="23900.00" id="inductionLoop.S2" nVehContrib="4" flow="144.00" occupancy="3.33" speed="9.56" harmonicMeanSpeed="9.44" length="5.00" nVehEntered="6"/>
    <interval begin="23900.00" end="24000.00" id="inductionLoop.S2" nVehContrib="9" flow="324.00" occupancy="19.89" speed="7.60" harmonicMeanSpeed="5.56" length="5.00" nVehEntered="11"/>
    <interval begin="24000.00" end="24100.00" id="inductionLoop.S2" nVehContrib="8" flow="288.00" occupancy="30.56" speed="6.80" harmonicMeanSpeed="0.98" length="5.00" nVehEntered="9"/>
    <interval begin="24100.00" end="24200.00" id="inductionLoop.S2" nVehContrib="4" flow="144.00" occupancy="39.12" speed="2.81" harmonicMeanSpeed="0.51" length="5.00" nVehEntered="5"/>
    <interval begin="24200.00" end="24300.00" id="inductionLoop.S2" nVehContrib="6" flow="216.00" occupancy="24.51" speed="3.90" harmonicMeanSpeed="1.25" length="5.00" nVehEntered="7"/>
    <interval begin="24300.00" end="24400.00" id="inductionLoop.S2" nVehContrib="6" flow="216.00" occupancy="5.00" speed="9.40" harmonicMeanSpeed="7.87" length="5.00" nVehEntered="7"/>
    <interval begin="24400.00" end="24500.00" id="inductionLoop.S2" nVehContrib="7" flow="252.00" occupancy="3.88" speed="12.05" harmonicMeanSpeed="11.81" length="5.00" nVehEntered="8"/>
    <interval begin="24500.00" end="24600.00" id="inductionLoop.S2" nVehContrib="4" flow="144.00" occupancy="9.37" speed="2.97" harmonicMeanSpeed="2.71" length="5.00" nVehEntered="5"/>
    <interval begin="24600.00" end="24700.00" id="inductionLoop.S2" nVehContrib="4" flow="144.00" occupancy="4.11" speed="7.79" harmonicMeanSpeed="5.31" length="5.00" nVehEntered="5"/>
    <interval begin="24700.00" end="24800.00" id="inductionLoop.S2" nVehContrib="6" flow="216.00" occupancy="10.16" speed="4.34" harmonicMeanSpeed="2.95" length="5.00" nVehEntered="6"/>
    <interval begin="24800.00" end="24900.00" id="inductionLoop.S2" nVehContrib="9" flow="324.00" occupancy="31.35" speed="3.99" harmonicMeanSpeed="1.44" length="5.00" nVehEntered="9"/>
    <interval begin="24900.00" end="25000.00" id="inductionLoop.S2" nVehContrib="8" flow="288.00" occupancy="43.28" speed="4.00" harmonicMeanSpeed="0.92" length="5.00" nVehEntered="8"/>
    <interval begin="25000.00" end="25100.00" id="inductionLoop.S2" nVehContrib="7" flow="252.00" occupancy="12.90" speed="7.07" harmonicMeanSpeed="3.02" length="5.00" nVehEntered="9"/>
    <interval begin="25100.00" end="25200.00" id="inductionLoop.S2" nVehContrib="6" flow="216.00" occupancy="11.93" speed="4.19" harmonicMeanSpeed="3.01" length="5.00" nVehEntered="8"/>
    <interval begin="25200.00" end="25300.00" id="inductionLoop.S2" nVehContrib="6" flow="216.00" occupancy="4.86" speed="7.92" harmonicMeanSpeed="6.18" length="5.00" nVehEntered="6"/>
    <interval begin="25300.00" end="25400.00" id="inductionLoop.S2" nVehContrib="7" flow="252.00" occupancy="23.95" speed="8.88" harmonicMeanSpeed="1.46" length="5.00" nVehEntered="7"/>
    <interval begin="25400.00" end="25500.00" id="inductionLoop.S2" nVehContrib="11" flow="396.00" occupancy="37.38" speed="9.36" harmonicMeanSpeed="1.47" length="5.00" nVehEntered="12"/>
    <interval begin="25500.00" end="25600.00" id="inductionLoop.S2" nVehContrib="14" flow="504.00" occupancy="25.81" speed="9.96" harmonicMeanSpeed="6.96" length="5.00" nVehEntered="15"/>
    <interval begin="25600.00" end="25700.00" id="inductionLoop.S2" nVehContrib="12" flow="432.00" occupancy="19.01" speed="7.23" harmonicMeanSpeed="1.73" length="5.00" nVehEntered="11"/>
    <interval begin="25700.00" end="25800.00" id="inductionLoop.S2" nVehContrib="7" flow="252.00" occupancy="9.79" speed="5.55" harmonicMeanSpeed="3.57" length="5.00" nVehEntered="7"/>
    <interval begin="25800.00" end="25900.00" id="inductionLoop.S2" nVehContrib="5" flow="180.00" occupancy="9.62" speed="6.44" harmonicMeanSpeed="2.60" length="5.00" nVehEntered="5"/>
    <interval begin="25900.00" end="26000.00" id="inductionLoop.S2" nVehContrib="9" flow="324.00" occupancy="29.55" speed="7.89" harmonicMeanSpeed="1.52" length="5.00" nVehEntered="10"/>
    <interval begin="26000.00" end="26100.00" id="inductionLoop.S2" nVehContrib="6" flow="216.00" occupancy="4.78" speed="10.44" harmonicMeanSpeed="8.00" length="5.00" nVehEntered="8"/>
    <interval begin="26100.00" end="26200.00" id="inductionLoop.S2" nVehContrib="5" flow="180.00" occupancy="6.88" speed="9.06" harmonicMeanSpeed="8.20" length="5.00" nVehEntered="6"/>
    <interval begin="26200.00" end="26300.00" id="inductionLoop.S2" nVehContrib="8" flow="288.00" occupancy="32.99" speed="10.44" harmonicMeanSpeed="1.22" length="5.00" nVehEntered="9"/>
    <interval begin="26300.00" end="26400.00" id="inductionLoop.S2" nVehContrib="9" flow="324.00" occupancy="27.44" speed="4.75" harmonicMeanSpeed="1.85" length="5.00" nVehEntered="11"/>
    <interval begin="26400.00" end="26500.00" id="inductionLoop.S2" nVehContrib="5" flow="180.00" occupancy="6.80" speed="5.61" harmonicMeanSpeed="4.32" length="5.00" nVehEntered="6"/>
    <interval begin="26500.00" end="26600.00" id="inductionLoop.S2" nVehContrib="10" flow="360.00" occupancy="5.66" speed="10.59" harmonicMeanSpeed="7.59" length="5.00" nVehEntered="10"/>
    <interval begin="26600.00" end="26700.00" id="inductionLoop.S2" nVehContrib="9" flow="324.00" occupancy="24.02" speed="7.64" harmonicMeanSpeed="1.87" length="5.00" nVehEntered="9"/>
    <interval begin="26700.00" end="26800.00" id="inductionLoop.S2" nVehContrib="6" flow="216.00" occupancy="14.93" speed="9.26" harmonicMeanSpeed="2.07" length="5.00" nVehEntered="7"/>
    <interval begin="26800.00" end="26900.00" id="inductionLoop.S2" nVehContrib="4" flow="144.00" occupancy="2.81" speed="8.81" harmonicMeanSpeed="7.67" length="5.00" nVehEntered="6"/>
    <interval begin="26900.00" end="27000.00" id="inductionLoop.S2" nVehContrib="5" flow="180.00" occupancy="2.96" speed="11.27" harmonicMeanSpeed="8.44" length="5.00" nVehEntered="5"/>
    <interval begin="27000.00" end="27100.00" id="inductionLoop.S2" nVehContrib="3" flow="108.00" occupancy="1.66" speed="9.77" harmonicMeanSpeed="9.62" length="5.00" nVehEntered="4"/>
    <interval begin="27100.00" end="27200.00" id="inductionLoop.S2" nVehContrib="3" flow="108.00" occupancy="2.25" speed="9.04" harmonicMeanSpeed="6.66" length="5.00" nVehEntered="3"/>
    <interval begin="27200.00" end="27300.00" id="inductionLoop.S2" nVehContrib="7" flow="252.00" occupancy="5.53" speed="8.75" harmonicMeanSpeed="6.32" length="5.00" nVehEntered="7"/>
    <interval begin="27300.00" end="27400.00" id="inductionLoop.S2" nVehContrib="4" flow="144.00" occupancy="2.83" speed="9.57" harmonicMeanSpeed="8.66" length="5.00" nVehEntered="6"/>
    <interval begin="27400.00" end="27500.00" id="inductionLoop.S2" nVehContrib="7" flow="252.00" occupancy="30.18" speed="4.95" harmonicMeanSpeed="2.26" length="5.00" nVehEntered="9"/>
    <interval begin="27500.00" end="27600.00" id="inductionLoop.S2" nVehContrib="8" flow="288.00" occupancy="49.23" speed="1.52" harmonicMeanSpeed="0.63" length="5.00" nVehEntered="7"/>
    <interval begin="27600.00" end="27700.00" id="inductionLoop.S2" nVehContrib="8" flow="288.00" occupancy="14.67" speed="4.00" harmonicMeanSpeed="2.73" length="5.00" nVehEntered="8"/>
    <interval begin="27700.00" end="27800.00" id="inductionLoop.S2" nVehContrib="14" flow="504.00" occupancy="45.39" speed="6.19" harmonicMeanSpeed="4.77" length="5.00" nVehEntered="15"/>
    <interval begin="27800.00" end="27900.00" id="inductionLoop.S2" nVehContrib="14" flow="504.00" occupancy="44.36" speed="6.23" harmonicMeanSpeed="0.93" length="5.00" nVehEntered="13"/>
    <interval begin="27900.00" end="28000.00" id="inductionLoop.S2" nVehContrib="8" flow="288.00" occupancy="13.88" speed="4.14" harmonicMeanSpeed="2.88" length="5.00" nVehEntered="8"/>
    <interval begin="28000.00" end="28100.00" id="inductionLoop.S2" nVehContrib="5" flow="180.00" occupancy="64.59" speed="1.34" harmonicMeanSpeed="0.39" length="5.00" nVehEntered="5"/>
    <interval begin="28100.00" end="28200.00" id="inductionLoop.S2" nVehContrib="8" flow="288.00" occupancy="61.06" speed="3.65" harmonicMeanSpeed="0.66" length="5.00" nVehEntered="8"/>
    <interval begin="28200.00" end="28300.00" id="inductionLoop.S2" nVehContrib="11" flow="396.00" occupancy="58.53" speed="4.66" harmonicMeanSpeed="2.84" length="5.00" nVehEntered="12"/>
    <interval begin="28300.00" end="28400.00" id="inductionLoop.S2" nVehContrib="13" flow="468.00" occupancy="46.77" speed="6.00" harmonicMeanSpeed="0.93" length="5.00" nVehEntered="13"/>
    <interval begin="28400.00" end="28500.00" id="inductionLoop.S2" nVehContrib="13" flow="468.00" occupancy="50.51" speed="4.11" harmonicMeanSpeed="0.98" length="5.00" nVehEntered="12"/>
    <interval begin="28500.00" end="28600.00" id="inductionLoop.S2" nVehContrib="7" flow="252.00" occupancy="71.74" speed="1.68" harmonicMeanSpeed="0.49" length="5.00" nVehEntered="8"/>
    <interval begin="28600.00" end="28700.00" id="inductionLoop.S2" nVehContrib="14" flow="504.00" occupancy="23.17" speed="4.49" harmonicMeanSpeed="2.92" length="5.00" nVehEntered="13"/>
    <interval begin="28700.00" end="28800.00" id="inductionLoop.S2" nVehContrib="15" flow="540.00" occupancy="59.94" speed="5.33" harmonicMeanSpeed="1.25" length="5.00" nVehEntered="15"/>
    <interval begin="28800.00" end="28900.00" id="inductionLoop.S2" nVehContrib="6" flow="216.00" occupancy="71.83" speed="1.76" harmonicMeanSpeed="0.54" length="5.00" nVehEntered="7"/>
    <interval begin="28900.00" end="29000.00" id="inductionLoop.S2" nVehContrib="6" flow="216.00" occupancy="69.05" speed="1.58" harmonicMeanSpeed="0.48" length="5.00" nVehEntered="6"/>
    <interval begin="29000.00" end="29100.00" id="inductionLoop.S2" nVehContrib="7" flow="252.00" occupancy="34.37" speed="3.18" harmonicMeanSpeed="0.61" length="5.00" nVehEntered="6"/>
    <interval begin="29100.00" end="29200.00" id="inductionLoop.S2" nVehContrib="6" flow="216.00" occupancy="60.89" speed="1.47" harmonicMeanSpeed="0.51" length="5.00" nVehEntered="7"/>
    <interval begin="29200.00" end="29300.00" id="inductionLoop.S2" nVehContrib="9" flow="324.00" occupancy="19.75" speed="3.50" harmonicMeanSpeed="2.28" length="5.00" nVehEntered="9"/>
    <interval begin="29300.00" end="29400.00" id="inductionLoop.S2" nVehContrib="9" flow="324.00" occupancy="8.22" speed="9.21" harmonicMeanSpeed="5.48" length="5.00" nVehEntered="9"/>
    <interval begin="29400.00" end="29500.00" id="inductionLoop.S2" nVehContrib="4" flow="144.00" occupancy="2.03" speed="10.36" harmonicMeanSpeed="9.85" length="5.00" nVehEntered="4"/>
    <interval begin="29500.00" end="29600.00" id="inductionLoop.S2" nVehContrib="9" flow="324.00" occupancy="35.32" speed="6.11" harmonicMeanSpeed="1.29" length="5.00" nVehEntered="11"/>
    <interval begin="29600.00" end="29700.00" id="inductionLoop.S2" nVehContrib="2" flow="72.00" occupancy="2.95" speed="6.16" harmonicMeanSpeed="5.35" length="5.00" nVehEntered="4"/>
    <interval begin="29700.00" end="29800.00" id="inductionLoop.S2" nVehContrib="0" flow="0.00" occupancy="0.00" speed="-1.00" harmonicMeanSpeed="-1.00" length="-1.00" nVehEntered="0"/>
    <interval begin="29800.00" end="29900.00" id="inductionLoop.S2" nVehContrib="1" flow="36.00" occupancy="0.37" speed="13.47" harmonicMeanSpeed="13.47" length="5.00" nVehEntered="1"/>
    <interval begin="29900.00" end="30000.00" id="inductionLoop.S2" nVehContrib="2" flow="72.00" occupancy="0.91" speed="11.09" harmonicMeanSpeed="11.00" length="5.00" nVehEntered="2"/>
    <interval begin="30000.00" end="30100.00" id="inductionLoop.S2" nVehContrib="0" flow="0.00" occupancy="0.00" speed="-1.00" harmonicMeanSpeed="-1.00" length="-1.00" nVehEntered="0"/>
    <interval begin="30100.00" end="30200.00" id="inductionLoop.S2" nVehContrib="6" flow="216.00" occupancy="4.67" speed="9.15" harmonicMeanSpeed="6.77" length="5.00" nVehEntered="7"/>
    <interval begin="30200.00" end="30300.00" id="inductionLoop.S2" nVehContrib="1" flow="36.00" occupancy="0.32" speed="15.68" harmonicMeanSpeed="15.68" length="5.00" nVehEntered="1"/>
    <interval begin="30300.00" end="30400.00" id="inductionLoop.S2" nVehContrib="1" flow="36.00" occupancy="1.46" speed="3.71" harmonicMeanSpeed="3.71" length="5.00" nVehEntered="2"/>
    <interval begin="30400.00" end="30500.00" id="inductionLoop.S2" nVehContrib="1" flow="36.00" occupancy="0.35" speed="14.13" harmonicMeanSpeed="14.13" length="5.00" nVehEntered="1"/>
    <interval begin="30500.00" end="30600.00" id="inductionLoop.S2" nVehContrib="1" flow="36.00" occupancy="0.48" speed="10.36" harmonicMeanSpeed="10.36" length="5.00" nVehEntered="1"/>
    <interval begin="30600.00" end="30700.00" id="inductionLoop.S2" nVehContrib="0" flow="0.00" occupancy="0.00" speed="-1.00" harmonicMeanSpeed="-1.00" length="-1.00" nVehEntered="0"/>
    <interval begin="30700.00" end="30800.00" id="inductionLoop.S2" nVehContrib="0" flow="0.00" occupancy="0.00" speed="-1.00" harmonicMeanSpeed="-1.00" length="-1.00" nVehEntered="0"/>
    <interval begin="30800.00" end="30900.00" id="inductionLoop.S2" nVehContrib="0" flow="0.00" occupancy="0.00" speed="-1.00" harmonicMeanSpeed="-1.00" length="-1.00" nVehEntered="0"/>
    <interval begin="30900.00" end="31000.00" id="inductionLoop.S2" nVehContrib="0" flow="0.00" occupancy="0.16" speed="-1.00" harmonicMeanSpeed="-1.00" length="-1.00" nVehEntered="1"/>
    <interval begin="31000.00" end="31100.00" id="inductionLoop.S2" nVehContrib="2" flow="72.00" occupancy="0.77" speed="13.12" harmonicMeanSpeed="13.07" length="5.00" nVehEntered="2"/>
    <interval begin="31100.00" end="31200.00" id="inductionLoop.S2" nVehContrib="1" flow="36.00" occupancy="0.50" speed="13.97" harmonicMeanSpeed="13.97" length="5.00" nVehEntered="2"/>
    <interval begin="31200.00" end="31300.00" id="inductionLoop.S2" nVehContrib="3" flow="108.00" occupancy="2.53" speed="9.48" harmonicMeanSpeed="6.88" length="5.00" nVehEntered="4"/>
    <interval begin="31300.00" end="31400.00" id="inductionLoop.S2" nVehContrib="9" flow="324.00" occupancy="5.69" speed="10.26" harmonicMeanSpeed="8.56" length="5.00" nVehEntered="10"/>
    <interval begin="31400.00" end="31500.00" id="inductionLoop.S2" nVehContrib="5" flow="180.00" occupancy="3.26" speed="9.50" harmonicMeanSpeed="7.66" length="5.00" nVehEntered="5"/>
    <interval begin="31500.00" end="31600.00" id="inductionLoop.S2" nVehContrib="6" flow="216.00" occupancy="4.74" speed="10.54" harmonicMeanSpeed="7.62" length="5.00" nVehEntered="8"/>
    <interval begin="31600.00" end="31700.00" id="inductionLoop.S2" nVehContrib="0" flow="0.00" occupancy="0.00" speed="-1.00" harmonicMeanSpeed="-1.00" length="-1.00" nVehEntered="0"/>
    <interval begin="31700.00" end="31800.00" id="inductionLoop.S2" nVehContrib="1" flow="36.00" occupancy="1.13" speed="4.42" harmonicMeanSpeed="4.42" length="5.00" nVehEntered="1"/>
    <interval begin="31800.00" end="31900.00" id="inductionLoop.S2" nVehContrib="0" flow="0.00" occupancy="0.32" speed="-1.00" harmonicMeanSpeed="-1.00" length="-1.00" nVehEntered="1"/>
    <interval begin="31900.00" end="32000.00" id="inductionLoop.S2" nVehContrib="5" flow="180.00" occupancy="3.72" speed="9.32" harmonicMeanSpeed="6.73" length="5.00" nVehEntered="5"/>
    <interval begin="32000.00" end="32100.00" id="inductionLoop.S2" nVehContrib="2" flow="72.00" occupancy="1.16" speed="12.74" harmonicMeanSpeed="12.74" length="5.00" nVehEntered="3"/>
    <interval begin="32100.00" end="32200.00" id="inductionLoop.S2" nVehContrib="3" flow="108.00" occupancy="1.17" speed="12.82" harmonicMeanSpeed="12.80" length="5.00" nVehEntered="3"/>
    <interval begin="32200.00" end="32300.00" id="inductionLoop.S2" nVehContrib="1" flow="36.00" occupancy="0.36" speed="14.04" harmonicMeanSpeed="14.04" length="5.00" nVehEntered="1"/>
    <interval begin="32300.00" end="32400.00" id="inductionLoop.S2" nVehContrib="2" flow="72.00" occupancy="0.79" speed="12.65" harmonicMeanSpeed="12.65" length="5.00" nVehEntered="2"/>
    <interval begin="32400.00" end="32500.00" id="inductionLoop.S2" nVehContrib="2" flow="72.00" occupancy="1.51" speed="9.58" harmonicMeanSpeed="7.19" length="5.00" nVehEntered="4"/>
    <interval begin="32500.00" end="32600.00" id="inductionLoop.S2" nVehContrib="10" flow="360.00" occupancy="30.98" speed="7.03" harmonicMeanSpeed="1.84" length="5.00" nVehEntered="13"/>
    <interval begin="32600.00" end="32700.00" id="inductionLoop.S2" nVehContrib="8" flow="288.00" occupancy="38.25" speed="8.56" harmonicMeanSpeed="1.49" length="5.00" nVehEntered="9"/>
    <interval begin="32700.00" end="32800.00" id="inductionLoop.S2" nVehContrib="6" flow="216.00" occupancy="11.41" speed="8.75" harmonicMeanSpeed="1.22" length="5.00" nVehEntered="5"/>
    <interval begin="32800.00" end="32900.00" id="inductionLoop.S2" nVehContrib="0" flow="0.00" occupancy="0.00" speed="-1.00" harmonicMeanSpeed="-1.00" length="-1.00" nVehEntered="0"/>
    <interval begin="32900.00" end="33000.00" id="inductionLoop.S2" nVehContrib="0" flow="0.00" occupancy="0.00" speed="-1.00" harmonicMeanSpeed="-1.00" length="-1.00" nVehEntered="0"/>
    <interval begin="33000.00" end="33100.00" id="inductionLoop.S2" nVehContrib="2" flow="72.00" occupancy="0.84" speed="12.23" harmonicMeanSpeed="11.96" length="5.00" nVehEntered="2"/>
    <interval begin="33100.00" end="33200.00" id="inductionLoop.S2" nVehContrib="11" flow="396.00" occupancy="8.49" speed="8.97" harmonicMeanSpeed="6.48" length="5.00" nVehEntered="11"/>
    <interval begin="33200.00" end="33300.00" id="inductionLoop.S2" nVehContrib="6" flow="216.00" occupancy="6.66" speed="6.54" harmonicMeanSpeed="4.51" length="5.00" nVehEntered="7"/>
    <interval begin="33300.00" end="33400.00" id="inductionLoop.S2" nVehContrib="4" flow="144.00" occupancy="33.43" speed="1.12" harmonicMeanSpeed="0.64" length="5.00" nVehEntered="6"/>
    <interval begin="33400.00" end="33500.00" id="inductionLoop.S2" nVehContrib="13" flow="468.00" occupancy="42.09" speed="4.54" harmonicMeanSpeed="1.53" length="5.00" nVehEntered="13"/>
    <interval begin="33500.00" end="33600.00" id="inductionLoop.S2" nVehContrib="10" flow="360.00" occupancy="13.58" speed="8.12" harmonicMeanSpeed="3.73" length="5.00" nVehEntered="11"/>
    <interval begin="33600.00" end="33700.00" id="inductionLoop.S2" nVehContrib="3" flow="108.00" occupancy="1.42" speed="12.04" harmonicMeanSpeed="11.93" length="5.00" nVehEntered="4"/>
    <interval begin="33700.00" end="33800.00" id="inductionLoop.S2" nVehContrib="4" flow="144.00" occupancy="2.08" speed="12.43" harmonicMeanSpeed="12.38" length="5.00" nVehEntered="6"/>
    <interval begin="33800.00" end="33900.00" id="inductionLoop.S2" nVehContrib="2" flow="72.00" occupancy="0.89" speed="11.23" harmonicMeanSpeed="11.20" length="5.00" nVehEntered="2"/>
    <interval begin="33900.00" end="34000.00" id="inductionLoop.S2" nVehContrib="1" flow="36.00" occupancy="0.38" speed="13.12" harmonicMeanSpeed="13.12" length="5.00" nVehEntered="1"/>
    <interval begin="34000.00" end="34100.00" id="inductionLoop.S2" nVehContrib="1" flow="36.00" occupancy="1.31" speed="3.81" harmonicMeanSpeed="3.81" length="5.00" nVehEntered="1"/>
    <interval begin="34100.00" end="34200.00" id="inductionLoop.S2" nVehContrib="3" flow="108.00" occupancy="2.64" speed="8.55" harmonicMeanSpeed="5.67" length="5.00" nVehEntered="3"/>
    <interval begin="34200.00" end="34300.00" id="inductionLoop.S2" nVehContrib="2" flow="72.00" occupancy="0.81" speed="12.42" harmonicMeanSpeed="12.41" length="5.00" nVehEntered="2"/>
    <interval begin="34300.00" end="34400.00" id="inductionLoop.S2" nVehContrib="8" flow="288.00" occupancy="9.04" speed="8.37" harmonicMeanSpeed="5.68" length="5.00" nVehEntered="9"/>
    <interval begin="34400.00" end="34500.00" id="inductionLoop.S2" nVehContrib="7" flow="252.00" occupancy="4.40" speed="9.98" harmonicMeanSpeed="8.53" length="5.00" nVehEntered="8"/>
    <interval begin="34500.00" end="34600.00" id="inductionLoop.S2" nVehContrib="10" flow="360.00" occupancy="4.58" speed="11.42" harmonicMeanSpeed="10.96" length="5.00" nVehEntered="11"/>
    <interval begin="34600.00" end="34700.00" id="inductionLoop.S2" nVehContrib="7" flow="252.00" occupancy="8.75" speed="9.16" harmonicMeanSpeed="4.10" length="5.00" nVehEntered="8"/>
    <interval begin="34700.00" end="34800.00" id="inductionLoop.S2" nVehContrib="6" flow="216.00" occupancy="6.15" speed="7.90" harmonicMeanSpeed="5.57" length="5.00" nVehEntered="7"/>
    <interval begin="34800.00" end="34900.00" id="inductionLoop.S2" nVehContrib="11" flow="396.00" occupancy="21.16" speed="4.56" harmonicMeanSpeed="3.09" length="5.00" nVehEntered="13"/>
    <interval begin="34900.00" end="35000.00" id="inductionLoop.S2" nVehContrib="5" flow="180.00" occupancy="10.30" speed="3.17" harmonicMeanSpeed="2.43" length="5.00" nVehEntered="5"/>
    <interval begin="35000.00" end="35100.00" id="inductionLoop.S2" nVehContrib="8" flow="288.00" occupancy="18.09" speed="3.44" harmonicMeanSpeed="2.23" length="5.00" nVehEntered="9"/>
    <interval begin="35100.00" end="35200.00" id="inductionLoop.S2" nVehContrib="9" flow="324.00" occupancy="17.49" speed="4.56" harmonicMeanSpeed="2.56" length="5.00" nVehEntered="8"/>
    <interval begin="35200.00" end="35300.00" id="inductionLoop.S2" nVehContrib="8" flow="288.00" occupancy="40.43" speed="5.76" harmonicMeanSpeed="0.99" length="5.00" nVehEntered="9"/>
    <interval begin="35300.00" end="35400.00" id="inductionLoop.S2" nVehContrib="6" flow="216.00" occupancy="53.84" speed="2.47" harmonicMeanSpeed="0.56" length="5.00" nVehEntered="6"/>
    <interval begin="35400.00" end="35500.00" id="inductionLoop.S2" nVehContrib="9" flow="324.00" occupancy="12.59" speed="5.26" harmonicMeanSpeed="3.57" length="5.00" nVehEntered="9"/>
    <interval begin="35500.00" end="35600.00" id="inductionLoop.S2" nVehContrib="6" flow="216.00" occupancy="5.16" speed="8.09" harmonicMeanSpeed="5.81" length="5.00" nVehEntered="6"/>
    <interval begin="35600.00" end="35700.00" id="inductionLoop.S2" nVehContrib="0" flow="0.00" occupancy="0.00" speed="-1.00" harmonicMeanSpeed="-1.00" length="-1.00" nVehEntered="0"/>
    <interval begin="35700.00" end="35800.00" id="inductionLoop.S2" nVehContrib="6" flow="216.00" occupancy="3.30" speed="10.24" harmonicMeanSpeed="9.10" length="5.00" nVehEntered="6"/>
    <interval begin="35800.00" end="35900.00" id="inductionLoop.S2" nVehContrib="8" flow="288.00" occupancy="25.65" speed="5.73" harmonicMeanSpeed="1.56" length="5.00" nVehEntered="8"/>
    <interval begin="35900.00" end="36000.00" id="inductionLoop.S2" nVehContrib="7" flow="252.00" occupancy="23.18" speed="2.13" harmonicMeanSpeed="1.54" length="5.00" nVehEntered="8"/>
    <interval begin="36000.00" end="36100.00" id="inductionLoop.S2" nVehContrib="8" flow="288.00" occupancy="18.89" speed="2.54" harmonicMeanSpeed="2.06" length="5.00" nVehEntered="7"/>
    <interval begin="36100.00" end="36200.00" id="inductionLoop.S2" nVehContrib="1" flow="36.00" occupancy="25.60" speed="0.21" harmonicMeanSpeed="0.21" length="5.00" nVehEntered="2"/>
    <interval begin="36200.00" end="36300.00" id="inductionLoop.S2" nVehContrib="1" flow="36.00" occupancy="0.39" speed="12.97" harmonicMeanSpeed="12.97" length="5.00" nVehEntered="1"/>
    <interval begin="36300.00" end="36400.00" id="inductionLoop.S2" nVehContrib="1" flow="36.00" occupancy="0.48" speed="10.49" harmonicMeanSpeed="10.49" length="5.00" nVehEntered="1"/>
    <interval begin="36400.00" end="36500.00" id="inductionLoop.S2" nVehContrib="15" flow="540.00" occupancy="7.31" speed="11.05" harmonicMeanSpeed="10.68" length="5.00" nVehEntered="17"/>
    <interval begin="36500.00" end="36600.00" id="inductionLoop.S2" nVehContrib="11" flow="396.00" occupancy="4.93" speed="11.26" harmonicMeanSpeed="10.93" length="5.00" nVehEntered="10"/>
    <interval begin="36600.00" end="36700.00" id="inductionLoop.S2" nVehContrib="8" flow="288.00" occupancy="9.74" speed="8.83" harmonicMeanSpeed="4.23" length="5.00" nVehEntered="9"/>
    <interval begin="36700.00" end="36800.00" id="inductionLoop.S2" nVehContrib="7" flow="252.00" occupancy="11.25" speed="7.07" harmonicMeanSpeed="3.31" length="5.00" nVehEntered="9"/>
    <interval begin="36800.00" end="36900.00" id="inductionLoop.S2" nVehContrib="9" flow="324.00" occupancy="6.91" speed="9.07" harmonicMeanSpeed="8.08" length="5.00" nVehEntered="12"/>
    <interval begin="36900.00" end="37000.00" id="inductionLoop.S2" nVehContrib="10" flow="360.00" occupancy="8.26" speed="9.27" harmonicMeanSpeed="6.36" length="5.00" nVehEntered="11"/>
    <interval begin="37000.00" end="37100.00" id="inductionLoop.S2" nVehContrib="6" flow="216.00" occupancy="3.49" speed="11.82" harmonicMeanSpeed="11.19" length="5.00" nVehEntered="7"/>
    <interval begin="37100.00" end="37200.00" id="inductionLoop.S2" nVehContrib="7" flow="252.00" occupancy="6.46" speed="8.92" harmonicMeanSpeed="5.70" length="5.00" nVehEntered="8"/>
    <interval begin="37200.00" end="37300.00" id="inductionLoop.S2" nVehContrib="11" flow="396.00" occupancy="15.82" speed="6.26" harmonicMeanSpeed="3.48" length="5.00" nVehEntered="11"/>
    <interval begin="37300.00" end="37400.00" id="inductionLoop.S2" nVehContrib="7" flow="252.00" occupancy="36.98" speed="6.38" harmonicMeanSpeed="0.95" length="5.00" nVehEntered="7"/>
    <interval begin="37400.00" end="37500.00" id="inductionLoop.S2" nVehContrib="7" flow="252.00" occupancy="4.53" speed="10.69" harmonicMeanSpeed="10.27" length="5.00" nVehEntered="10"/>
    <interval begin="37500.00" end="37600.00" id="inductionLoop.S2" nVehContrib="9" flow="324.00" occupancy="30.21" speed="7.86" harmonicMeanSpeed="1.51" length="5.00" nVehEntered="11"/>
    <interval begin="37600.00" end="37700.00" id="inductionLoop.S2" nVehContrib="10" flow="360.00" occupancy="9.57" speed="8.09" harmonicMeanSpeed="5.64" length="5.00" nVehEntered="12"/>
    <interval begin="37700.00" end="37800.00" id="inductionLoop.S2" nVehContrib="7" flow="252.00" occupancy="5.20" speed="9.50" harmonicMeanSpeed="8.85" length="5.00" nVehEntered="10"/>
    <interval begin="37800.00" end="37900.00" id="inductionLoop.S2" nVehContrib="12" flow="432.00" occupancy="14.52" speed="9.29" harmonicMeanSpeed="4.39" length="5.00" nVehEntered="13"/>
    <interval begin="37900.00" end="38000.00" id="inductionLoop.S2" nVehContrib="11" flow="396.00" occupancy="10.09" speed="7.36" harmonicMeanSpeed="5.53" length="5.00" nVehEntered="12"/>
    <interval begin="38000.00" end="38100.00" id="inductionLoop.S2" nVehContrib="7" flow="252.00" occupancy="38.50" speed="5.69" harmonicMeanSpeed="0.91" length="5.00" nVehEntered="6"/>
    <interval begin="38100.00" end="38200.00" id="inductionLoop.S2" nVehContrib="6" flow="216.00" occupancy="6.47" speed="5.47" harmonicMeanSpeed="4.63" length="5.00" nVehEntered="6"/>
    <interval begin="38200.00" end="38300.00" id="inductionLoop.S2" nVehContrib="11" flow="396.00" occupancy="69.90" speed="6.16" harmonicMeanSpeed="1.52" length="5.00" nVehEntered="12"/>
    <interval begin="38300.00" end="38400.00" id="inductionLoop.S2" nVehContrib="6" flow="216.00" occupancy="12.11" speed="4.59" harmonicMeanSpeed="0.66" length="5.00" nVehEntered="5"/>
    <interval begin="38400.00" end="38500.00" id="inductionLoop.S2" nVehContrib="10" flow="360.00" occupancy="28.34" speed="7.65" harmonicMeanSpeed="3.07" length="5.00" nVehEntered="11"/>
    <interval begin="38500.00" end="38600.00" id="inductionLoop.S2" nVehContrib="7" flow="252.00" occupancy="4.39" speed="8.04" harmonicMeanSpeed="2.14" length="5.00" nVehEntered="7"/>
    <interval begin="38600.00" end="38700.00" id="inductionLoop.S2" nVehContrib="10" flow="360.00" occupancy="47.41" speed="7.03" harmonicMeanSpeed="1.06" length="5.00" nVehEntered="11"/>
    <interval begin="38700.00" end="38800.00" id="inductionLoop.S2" nVehContrib="7" flow="252.00" occupancy="42.48" speed="3.11" harmonicMeanSpeed="0.83" length="5.00" nVehEntered="8"/>
    <interval begin="38800.00" end="38900.00" id="inductionLoop.S2" nVehContrib="13" flow="468.00" occupancy="66.45" speed="4.13" harmonicMeanSpeed="0.98" length="5.00" nVehEntered="13"/>
    <interval begin="38900.00" end="39000.00" id="inductionLoop.S2" nVehContrib="10" flow="360.00" occupancy="12.68" speed="6.15" harmonicMeanSpeed="3.94" length="5.00" nVehEntered="10"/>
    <interval begin="39000.00" end="39100.00" id="inductionLoop.S2" nVehContrib="5" flow="180.00" occupancy="16.26" speed="1.76" harmonicMeanSpeed="1.54" length="5.00" nVehEntered="5"/>
    <interval begin="39100.00" end="39200.00" id="inductionLoop.S2" nVehContrib="16" flow="576.00" occupancy="51.12" speed="6.14" harmonicMeanSpeed="4.11" length="5.00" nVehEntered="17"/>
    <interval begin="39200.00" end="39300.00" id="inductionLoop.S2" nVehContrib="13" flow="468.00" occupancy="36.18" speed="7.41" harmonicMeanSpeed="0.96" length="5.00" nVehEntered="12"/>
    <interval begin="39300.00" end="39400.00" id="inductionLoop.S2" nVehContrib="9" flow="324.00" occupancy="17.87" speed="4.28" harmonicMeanSpeed="2.57" length="5.00" nVehEntered="10"/>
    <interval begin="39400.00" end="39500.00" id="inductionLoop.S2" nVehContrib="8" flow="288.00" occupancy="25.29" speed="3.59" harmonicMeanSpeed="1.56" length="5.00" nVehEntered="7"/>
    <interval begin="39500.00" end="39600.00" id="inductionLoop.S2" nVehContrib="8" flow="288.00" occupancy="8.33" speed="6.67" harmonicMeanSpeed="4.84" length="5.00" nVehEntered="9"/>
    <interval begin="39600.00" end="39700.00" id="inductionLoop.S2" nVehContrib="11" flow="396.00" occupancy="60.78" speed="6.22" harmonicMeanSpeed="0.90" length="5.00" nVehEntered="10"/>
    <interval begin="39700.00" end="39800.00" id="inductionLoop.S2" nVehContrib="13" flow="468.00" occupancy="60.04" speed="7.08" harmonicMeanSpeed="1.08" length="5.00" nVehEntered="13"/>
    <interval begin="39800.00" end="39900.00" id="inductionLoop.S2" nVehContrib="11" flow="396.00" occupancy="48.63" speed="5.04" harmonicMeanSpeed="3.90" length="5.00" nVehEntered="12"/>
    <interval begin="39900.00" end="40000.00" id="inductionLoop.S2" nVehContrib="11" flow="396.00" occupancy="58.48" speed="6.57" harmonicMeanSpeed="0.90" length="5.00" nVehEntered="11"/>
    <interval begin="40000.00" end="40100.00" id="inductionLoop.S2" nVehContrib="8" flow="288.00" occupancy="19.33" speed="4.94" harmonicMeanSpeed="0.78" length="5.00" nVehEntered="7"/>
    <interval begin="40100.00" end="40200.00" id="inductionLoop.S2" nVehContrib="7" flow="252.00" occupancy="11.18" speed="4.24" harmonicMeanSpeed="3.13" length="5.00" nVehEntered="7"/>
    <interval begin="40200.00" end="40300.00" id="inductionLoop.S2" nVehContrib="11" flow="396.00" occupancy="61.05" speed="5.11" harmonicMeanSpeed="1.81" length="5.00" nVehEntered="12"/>
    <interval begin="40300.00" end="40400.00" id="inductionLoop.S2" nVehContrib="11" flow="396.00" occupancy="26.19" speed="6.64" harmonicMeanSpeed="0.97" length="5.00" nVehEntered="10"/>
    <interval begin="40400.00" end="40500.00" id="inductionLoop.S2" nVehContrib="3" flow="108.00" occupancy="35.12" speed="3.26" harmonicMeanSpeed="3.05" length="5.00" nVehEntered="4"/>
    <interval begin="40500.00" end="40600.00" id="inductionLoop.S2" nVehContrib="13" flow="468.00" occupancy="44.80" speed="5.44" harmonicMeanSpeed="1.05" length="5.00" nVehEntered="13"/>
    <interval begin="40600.00" end="40700.00" id="inductionLoop.S2" nVehContrib="11" flow="396.00" occupancy="55.58" speed="5.37" harmonicMeanSpeed="0.93" length="5.00" nVehEntered="11"/>
    <interval begin="40700.00" end="40800.00" id="inductionLoop.S2" nVehContrib="11" flow="396.00" occupancy="57.62" speed="4.95" harmonicMeanSpeed="0.83" length="5.00" nVehEntered="11"/>
    <interval begin="40800.00" end="40900.00" id="inductionLoop.S2" nVehContrib="3" flow="108.00" occupancy="23.68" speed="1.46" harmonicMeanSpeed="0.61" length="5.00" nVehEntered="2"/>
    <interval begin="40900.00" end="41000.00" id="inductionLoop.S2" nVehContrib="8" flow="288.00" occupancy="11.58" speed="4.57" harmonicMeanSpeed="3.46" length="5.00" nVehEntered="8"/>
    <interval begin="41000.00" end="41100.00" id="inductionLoop.S2" nVehContrib="10" flow="360.00" occupancy="12.40" speed="6.58" harmonicMeanSpeed="4.66" length="5.00" nVehEntered="11"/>
    <interval begin="41100.00" end="41200.00" id="inductionLoop.S2" nVehContrib="9" flow="324.00" occupancy="46.39" speed="3.43" harmonicMeanSpeed="2.58" length="5.00" nVehEntered="9"/>
    <interval begin="41200.00" end="41300.00" id="inductionLoop.S2" nVehContrib="9" flow="324.00" occupancy="32.53" speed="6.72" harmonicMeanSpeed="0.72" length="5.00" nVehEntered="9"/>
    <interval begin="41300.00" end="41400.00" id="inductionLoop.S2" nVehContrib="5" flow="180.00" occupancy="6.27" speed="7.11" harmonicMeanSpeed="4.92" length="5.00" nVehEntered="5"/>
    <interval begin="41400.00" end="41500.00" id="inductionLoop.S2" nVehContrib="3" flow="108.00" occupancy="5.24" speed="4.62" harmonicMeanSpeed="2.86" length="5.00" nVehEntered="3"/>
    <interval begin="41500.00" end="41600.00" id="inductionLoop.S2" nVehContrib="14" flow="504.00" occupancy="24.01" speed="7.44" harmonicMeanSpeed="4.29" length="5.00" nVehEntered="15"/>
    <interval begin="41600.00" end="41700.00" id="inductionLoop.S2" nVehContrib="2" flow="72.00" occupancy="81.76" speed="4.81" harmonicMeanSpeed="3.63" length="5.00" nVehEntered="2"/>
    <interval begin="41700.00" end="41800.00" id="inductionLoop.S2" nVehContrib="4" flow="144.00" occupancy="7.00" speed="3.36" harmonicMeanSpeed="2.86" length="5.00" nVehEntered="4"/>
    <interval begin="41800.00" end="41900.00" id="inductionLoop.S2" nVehContrib="12" flow="432.00" occupancy="16.72" speed="7.32" harmonicMeanSpeed="3.76" length="5.00" nVehEntered="13"/>
    <interval begin="41900.00" end="42000.00" id="inductionLoop.S2" nVehContrib="3" flow="108.00" occupancy="3.27" speed="6.50" harmonicMeanSpeed="5.12" length="5.00" nVehEntered="4"/>
    <interval begin="42000.00" end="42100.00" id="inductionLoop.S2" nVehContrib="8" flow="288.00" occupancy="29.55" speed="7.86" harmonicMeanSpeed="4.89" length="5.00" nVehEntered="9"/>
    <interval begin="42100.00" end="42200.00" id="inductionLoop.S2" nVehContrib="6" flow="216.00" occupancy="26.64" speed="3.75" harmonicMeanSpeed="0.67" length="5.00" nVehEntered="6"/>
    <interval begin="42200.00" end="42300.00" id="inductionLoop.S2" nVehContrib="3" flow="108.00" occupancy="4.59" speed="6.44" harmonicMeanSpeed="3.27" length="5.00" nVehEntered="3"/>
    <interval begin="42300.00" end="42400.00" id="inductionLoop.S2" nVehContrib="4" flow="144.00" occupancy="27.95" speed="4.58" harmonicMeanSpeed="0.72" length="5.00" nVehEntered="4"/>
    <interval begin="42400.00" end="42500.00" id="inductionLoop.S2" nVehContrib="13" flow="468.00" occupancy="11.72" speed="7.88" harmonicMeanSpeed="5.55" length="5.00" nVehEntered="13"/>
    <interval begin="42500.00" end="42600.00" id="inductionLoop.S2" nVehContrib="18" flow="648.00" occupancy="17.78" speed="8.35" harmonicMeanSpeed="5.06" length="5.00" nVehEntered="18"/>
    <interval begin="42600.00" end="42700.00" id="inductionLoop.S2" nVehContrib="10" flow="360.00" occupancy="23.67" speed="5.93" harmonicMeanSpeed="2.11" length="5.00" nVehEntered="10"/>
    <interval begin="42700.00" end="42800.00" id="inductionLoop.S2" nVehContrib="4" flow="144.00" occupancy="5.26" speed="6.90" harmonicMeanSpeed="4.97" length="5.00" nVehEntered="6"/>
    <interval begin="42800.00" end="42900.00" id="inductionLoop.S2" nVehContrib="6" flow="216.00" occupancy="7.85" speed="8.41" harmonicMeanSpeed="5.46" length="5.00" nVehEntered="7"/>
    <interval begin="42900.00" end="43000.00" id="inductionLoop.S2" nVehContrib="2" flow="72.00" occupancy="72.05" speed="1.61" harmonicMeanSpeed="0.14" length="5.00" nVehEntered="2"/>
    <interval begin="43000.00" end="43100.00" id="inductionLoop.S2" nVehContrib="17" flow="612.00" occupancy="19.31" speed="7.12" harmonicMeanSpeed="4.40" length="5.00" nVehEntered="17"/>
    <interval begin="43100.00" end="43200.00" id="inductionLoop.S2" nVehContrib="5" flow="180.00" occupancy="13.78" speed="8.31" harmonicMeanSpeed="1.81" length="5.00" nVehEntered="5"/>
    <interval begin="43200.00" end="43300.00" id="inductionLoop.S2" nVehContrib="3" flow="108.00" occupancy="4.99" speed="3.32" harmonicMeanSpeed="3.01" length="5.00" nVehEntered="3"/>
    <interval begin="43300.00" end="43400.00" id="inductionLoop.S2" nVehContrib="18" flow="648.00" occupancy="10.48" speed="9.58" harmonicMeanSpeed="8.63" length="5.00" nVehEntered="19"/>
    <interval begin="43400.00" end="43500.00" id="inductionLoop.S2" nVehContrib="1" flow="36.00" occupancy="45.69" speed="12.60" harmonicMeanSpeed="12.60" length="5.00" nVehEntered="4"/>
    <interval begin="43500.00" end="43600.00" id="inductionLoop.S2" nVehContrib="6" flow="216.00" occupancy="17.66" speed="4.70" harmonicMeanSpeed="0.80" length="5.00" nVehEntered="5"/>
    <interval begin="43600.00" end="43700.00" id="inductionLoop.S2" nVehContrib="2" flow="72.00" occupancy="55.83" speed="11.77" harmonicMeanSpeed="11.46" length="5.00" nVehEntered="5"/>
    <interval begin="43700.00" end="43800.00" id="inductionLoop.S2" nVehContrib="13" flow="468.00" occupancy="21.16" speed="5.98" harmonicMeanSpeed="4.13" length="5.00" nVehEntered="13"/>
    <interval begin="43800.00" end="43900.00" id="inductionLoop.S2" nVehContrib="8" flow="288.00" occupancy="42.27" speed="7.24" harmonicMeanSpeed="0.81" length="5.00" nVehEntered="7"/>
    <interval begin="43900.00" end="44000.00" id="inductionLoop.S2" nVehContrib="3" flow="108.00" occupancy="3.20" speed="7.74" harmonicMeanSpeed="4.68" length="5.00" nVehEntered="3"/>
    <interval begin="44000.00" end="44100.00" id="inductionLoop.S2" nVehContrib="17" flow="612.00" occupancy="23.56" speed="7.83" harmonicMeanSpeed="4.57" length="5.00" nVehEntered="18"/>
    <interval begin="44100.00" end="44200.00" id="inductionLoop.S2" nVehContrib="8" flow="288.00" occupancy="11.43" speed="5.69" harmonicMeanSpeed="3.50" length="5.00" nVehEntered="8"/>
    <interval begin="44200.00" end="44300.00" id="inductionLoop.S2" nVehContrib="6" flow="216.00" occupancy="43.17" speed="7.82" harmonicMeanSpeed="5.92" length="5.00" nVehEntered="7"/>
    <interval begin="44300.00" end="44400.00" id="inductionLoop.S2" nVehContrib="4" flow="144.00" occupancy="5.35" speed="4.60" harmonicMeanSpeed="3.74" length="5.00" nVehEntered="4"/>
    <interval begin="44400.00" end="44500.00" id="inductionLoop.S2" nVehContrib="13" flow="468.00" occupancy="15.78" speed="6.78" harmonicMeanSpeed="4.12" length="5.00" nVehEntered="13"/>
    <interval begin="44500.00" end="44600.00" id="inductionLoop.S2" nVehContrib="7" flow="252.00" occupancy="11.47" speed="7.11" harmonicMeanSpeed="3.22" length="5.00" nVehEntered="8"/>
    <interval begin="44600.00" end="44700.00" id="inductionLoop.S2" nVehContrib="14" flow="504.00" occupancy="14.07" speed="6.84" harmonicMeanSpeed="4.77" length="5.00" nVehEntered="13"/>
    <interval begin="44700.00" end="44800.00" id="inductionLoop.S2" nVehContrib="5" flow="180.00" occupancy="11.33" speed="4.26" harmonicMeanSpeed="2.21" length="5.00" nVehEntered="5"/>
    <interval begin="44800.00" end="44900.00" id="inductionLoop.S2" nVehContrib="5" flow="180.00" occupancy="53.60" speed="9.02" harmonicMeanSpeed="6.26" length="5.00" nVehEntered="6"/>
    <interval begin="44900.00" end="45000.00" id="inductionLoop.S2" nVehContrib="9" flow="324.00" occupancy="20.41" speed="4.24" harmonicMeanSpeed="3.63" length="5.00" nVehEntered="9"/>
    <interval begin="45000.00" end="45100.00" id="inductionLoop.S2" nVehContrib="4" flow="144.00" occupancy="70.51" speed="4.12" harmonicMeanSpeed="2.73" length="5.00" nVehEntered="5"/>
    <interval begin="45100.00" end="45200.00" id="inductionLoop.S2" nVehContrib="16" flow="576.00" occupancy="14.17" speed="9.42" harmonicMeanSpeed="1.03" length="5.00" nVehEntered="15"/>
    <interval begin="45200.00" end="45300.00" id="inductionLoop.S2" nVehContrib="3" flow="108.00" occupancy="3.24" speed="7.10" harmonicMeanSpeed="4.63" length="5.00" nVehEntered="3"/>
    <interval begin="45300.00" end="45400.00" id="inductionLoop.S2" nVehContrib="19" flow="684.00" occupancy="10.95" speed="9.97" harmonicMeanSpeed="8.67" length="5.00" nVehEntered="19"/>
    <interval begin="45400.00" end="45500.00" id="inductionLoop.S2" nVehContrib="2" flow="72.00" occupancy="2.06" speed="5.69" harmonicMeanSpeed="4.85" length="5.00" nVehEntered="2"/>
    <interval begin="45500.00" end="45600.00" id="inductionLoop.S2" nVehContrib="2" flow="72.00" occupancy="6.43" speed="1.78" harmonicMeanSpeed="1.56" length="5.00" nVehEntered="2"/>
    <interval begin="45600.00" end="45700.00" id="inductionLoop.S2" nVehContrib="10" flow="360.00" occupancy="33.23" speed="9.42" harmonicMeanSpeed="7.68" length="5.00" nVehEntered="12"/>
    <interval begin="45700.00" end="45800.00" id="inductionLoop.S2" nVehContrib="6" flow="216.00" occupancy="41.02" speed="4.66" harmonicMeanSpeed="4.22" length="5.00" nVehEntered="7"/>
    <interval begin="45800.00" end="45900.00" id="inductionLoop.S2" nVehContrib="3" flow="108.00" occupancy="12.18" speed="1.82" harmonicMeanSpeed="0.88" length="5.00" nVehEntered="2"/>
    <interval begin="45900.00" end="46000.00" id="inductionLoop.S2" nVehContrib="11" flow="396.00" occupancy="11.54" speed="7.42" harmonicMeanSpeed="4.77" length="5.00" nVehEntered="11"/>
    <interval begin="46000.00" end="46100.00" id="inductionLoop.S2" nVehContrib="1" flow="36.00" occupancy="1.73" speed="2.90" harmonicMeanSpeed="2.90" length="5.00" nVehEntered="1"/>
    <interval begin="46100.00" end="46200.00" id="inductionLoop.S2" nVehContrib="13" flow="468.00" occupancy="23.07" speed="10.19" harmonicMeanSpeed="8.58" length="5.00" nVehEntered="14"/>
    <interval begin="46200.00" end="46300.00" id="inductionLoop.S2" nVehContrib="9" flow="324.00" occupancy="50.83" speed="8.01" harmonicMeanSpeed="0.89" length="5.00" nVehEntered="9"/>
    <interval begin="46300.00" end="46400.00" id="inductionLoop.S2" nVehContrib="6" flow="216.00" occupancy="6.17" speed="7.68" harmonicMeanSpeed="4.86" length="5.00" nVehEntered="6"/>
    <interval begin="46400.00" end="46500.00" id="inductionLoop.S2" nVehContrib="5" flow="180.00" occupancy="18.19" speed="5.53" harmonicMeanSpeed="1.70" length="5.00" nVehEntered="7"/>
    <interval begin="46500.00" end="46600.00" id="inductionLoop.S2" nVehContrib="2" flow="72.00" occupancy="31.46" speed="11.20" harmonicMeanSpeed="10.12" length="5.00" nVehEntered="4"/>
    <interval begin="46600.00" end="46700.00" id="inductionLoop.S2" nVehContrib="12" flow="432.00" occupancy="28.25" speed="8.11" harmonicMeanSpeed="1.12" length="5.00" nVehEntered="12"/>
    <interval begin="46700.00" end="46800.00" id="inductionLoop.S2" nVehContrib="10" flow="360.00" occupancy="11.02" speed="6.32" harmonicMeanSpeed="4.54" length="5.00" nVehEntered="10"/>
    <interval begin="46800.00" end="46900.00" id="inductionLoop.S2" nVehContrib="7" flow="252.00" occupancy="8.15" speed="5.61" harmonicMeanSpeed="4.38" length="5.00" nVehEntered="8"/>
    <interval begin="46900.00" end="47000.00" id="inductionLoop.S2" nVehContrib="8" flow="288.00" occupancy="7.16" speed="9.75" harmonicMeanSpeed="5.47" length="5.00" nVehEntered="7"/>
    <interval begin="47000.00" end="47100.00" id="inductionLoop.S2" nVehContrib="19" flow="684.00" occupancy="36.57" speed="7.31" harmonicMeanSpeed="2.60" length="5.00" nVehEntered="19"/>
    <interval begin="47100.00" end="47200.00" id="inductionLoop.S2" nVehContrib="6" flow="216.00" occupancy="65.84" speed="4.11" harmonicMeanSpeed="0.46" length="5.00" nVehEntered="6"/>
    <interval begin="47200.00" end="47300.00" id="inductionLoop.S2" nVehContrib="12" flow="432.00" occupancy="54.41" speed="7.24" harmonicMeanSpeed="1.10" length="5.00" nVehEntered="12"/>
    <interval begin="47300.00" end="47400.00" id="inductionLoop.S2" nVehContrib="6" flow="216.00" occupancy="34.60" speed="4.25" harmonicMeanSpeed="0.87" length="5.00" nVehEntered="6"/>
    <interval begin="47400.00" end="47500.00" id="inductionLoop.S2" nVehContrib="20" flow="720.00" occupancy="19.01" speed="7.67" harmonicMeanSpeed="5.26" length="5.00" nVehEntered="20"/>
    <interval begin="47500.00" end="47600.00" id="inductionLoop.S2" nVehContrib="4" flow="144.00" occupancy="6.19" speed="5.65" harmonicMeanSpeed="3.23" length="5.00" nVehEntered="4"/>
    <interval begin="47600.00" end="47700.00" id="inductionLoop.S2" nVehContrib="16" flow="576.00" occupancy="16.58" speed="7.71" harmonicMeanSpeed="4.94" length="5.00" nVehEntered="17"/>
    <interval begin="47700.00" end="47800.00" id="inductionLoop.S2" nVehContrib="19" flow="684.00" occupancy="10.67" speed="9.88" harmonicMeanSpeed="8.90" length="5.00" nVehEntered="19"/>
    <interval begin="47800.00" end="47900.00" id="inductionLoop.S2" nVehContrib="3" flow="108.00" occupancy="58.48" speed="5.25" harmonicMeanSpeed="0.26" length="5.00" nVehEntered="3"/>
    <interval begin="47900.00" end="48000.00" id="inductionLoop.S2" nVehContrib="8" flow="288.00" occupancy="7.29" speed="6.71" harmonicMeanSpeed="5.49" length="5.00" nVehEntered="8"/>
    <interval begin="48000.00" end="48100.00" id="inductionLoop.S2" nVehContrib="13" flow="468.00" occupancy="13.01" speed="6.58" harmonicMeanSpeed="5.00" length="5.00" nVehEntered="13"/>
    <interval begin="48100.00" end="48200.00" id="inductionLoop.S2" nVehContrib="1" flow="36.00" occupancy="3.87" speed="1.29" harmonicMeanSpeed="1.29" length="5.00" nVehEntered="1"/>
    <interval begin="48200.00" end="48300.00" id="inductionLoop.S2" nVehContrib="17" flow="612.00" occupancy="16.61" speed="6.45" harmonicMeanSpeed="5.12" length="5.00" nVehEntered="17"/>
    <interval begin="48300.00" end="48400.00" id="inductionLoop.S2" nVehContrib="2" flow="72.00" occupancy="5.26" speed="2.01" harmonicMeanSpeed="2.01" length="5.00" nVehEntered="3"/>
    <interval begin="48400.00" end="48500.00" id="inductionLoop.S2" nVehContrib="17" flow="612.00" occupancy="20.61" speed="7.82" harmonicMeanSpeed="4.12" length="5.00" nVehEntered="17"/>
    <interval begin="48500.00" end="48600.00" id="inductionLoop.S2" nVehContrib="6" flow="216.00" occupancy="61.22" speed="3.36" harmonicMeanSpeed="0.49" length="5.00" nVehEntered="6"/>
    <interval begin="48600.00" end="48700.00" id="inductionLoop.S2" nVehContrib="11" flow="396.00" occupancy="37.74" speed="7.55" harmonicMeanSpeed="2.62" length="5.00" nVehEntered="12"/>
    <interval begin="48700.00" end="48800.00" id="inductionLoop.S2" nVehContrib="3" flow="108.00" occupancy="5.01" speed="6.09" harmonicMeanSpeed="3.49" length="5.00" nVehEntered="4"/>
    <interval begin="48800.00" end="48900.00" id="inductionLoop.S2" nVehContrib="3" flow="108.00" occupancy="5.96" speed="5.15" harmonicMeanSpeed="2.52" length="5.00" nVehEntered="3"/>
    <interval begin="48900.00" end="49000.00" id="inductionLoop.S2" nVehContrib="2" flow="72.00" occupancy="72.04" speed="5.02" harmonicMeanSpeed="2.57" length="5.00" nVehEntered="3"/>
    <interval begin="49000.00" end="49100.00" id="inductionLoop.S2" nVehContrib="8" flow="288.00" occupancy="14.91" speed="6.49" harmonicMeanSpeed="0.48" length="5.00" nVehEntered="7"/>
    <interval begin="49100.00" end="49200.00" id="inductionLoop.S2" nVehContrib="1" flow="36.00" occupancy="0.49" speed="10.27" harmonicMeanSpeed="10.27" length="5.00" nVehEntered="1"/>
    <interval begin="49200.00" end="49300.00" id="inductionLoop.S2" nVehContrib="6" flow="216.00" occupancy="10.67" speed="4.03" harmonicMeanSpeed="3.04" length="5.00" nVehEntered="7"/>
    <interval begin="49300.00" end="49400.00" id="inductionLoop.S2" nVehContrib="11" flow="396.00" occupancy="43.15" speed="4.89" harmonicMeanSpeed="1.31" length="5.00" nVehEntered="12"/>
    <interval begin="49400.00" end="49500.00" id="inductionLoop.S2" nVehContrib="1" flow="36.00" occupancy="5.80" speed="1.41" harmonicMeanSpeed="1.41" length="5.00" nVehEntered="2"/>
    <interval begin="49500.00" end="49600.00" id="inductionLoop.S2" nVehContrib="27" flow="972.00" occupancy="57.24" speed="8.51" harmonicMeanSpeed="2.40" length="5.00" nVehEntered="27"/>
    <interval begin="49600.00" end="49700.00" id="inductionLoop.S2" nVehContrib="2" flow="72.00" occupancy="92.27" speed="1.13" harmonicMeanSpeed="1.03" length="5.00" nVehEntered="2"/>
    <interval begin="49700.00" end="49800.00" id="inductionLoop.S2" nVehContrib="22" flow="792.00" occupancy="19.63" speed="8.13" harmonicMeanSpeed="1.04" length="5.00" nVehEntered="21"/>
    <interval begin="49800.00" end="49900.00" id="inductionLoop.S2" nVehContrib="12" flow="432.00" occupancy="13.44" speed="7.25" harmonicMeanSpeed="4.47" length="5.00" nVehEntered="12"/>
    <interval begin="49900.00" end="50000.00" id="inductionLoop.S2" nVehContrib="21" flow="756.00" occupancy="15.39" speed="8.98" harmonicMeanSpeed="6.82" length="5.00" nVehEntered="21"/>
    <interval begin="50000.00" end="50004.00" id="inductionLoop.S2" nVehContrib="0" flow="0.00" occupancy="0.00" speed="-1.00" harmonicMeanSpeed="-1.00" length="-1.00" nVehEntered="0"/>
</detector>
