<?xml version="1.0" encoding="UTF-8"?>

<!-- generated on 2023-07-30 20:15:40 by Eclipse SUMO sumo Version 1.12.0
<configuration xmlns:xsi="http://www.w3.org/2001/XMLSchema-instance" xsi:noNamespaceSchemaLocation="http://sumo.dlr.de/xsd/sumoConfiguration.xsd">

    <input>
        <net-file value="Data0-24/intersection.net.xml"/>
        <route-files value="Data0-24/intersection.rou.xml"/>
        <additional-files value="Data0-24/intersection.det.xml"/>
    </input>

    <output>
        <tripinfo-output value="Data0-24/tripinfo.xml"/>
    </output>

    <time>
        <begin value="0"/>
    </time>

    <processing>
        <time-to-teleport value="-1"/>
        <waiting-time-memory value="60000"/>
    </processing>

    <report>
        <verbose value="true"/>
        <no-step-log value="true"/>
    </report>

    <emissions>
        <device.emissions.probability value="1"/>
    </emissions>

    <traci_server>
        <remote-port value="47467"/>
    </traci_server>

    <gui_only>
        <gui-settings-file value="Data0-24/intersection.settings.xml"/>
    </gui_only>

</configuration>
-->

<detector xmlns:xsi="http://www.w3.org/2001/XMLSchema-instance" xsi:noNamespaceSchemaLocation="http://sumo.dlr.de/xsd/det_e1_file.xsd">
    <interval begin="0.00" end="100.00" id="inductionLoop.N1" nVehContrib="0" flow="0.00" occupancy="0.00" speed="-1.00" harmonicMeanSpeed="-1.00" length="-1.00" nVehEntered="0"/>
    <interval begin="100.00" end="200.00" id="inductionLoop.N1" nVehContrib="0" flow="0.00" occupancy="0.00" speed="-1.00" harmonicMeanSpeed="-1.00" length="-1.00" nVehEntered="0"/>
    <interval begin="200.00" end="300.00" id="inductionLoop.N1" nVehContrib="2" flow="72.00" occupancy="0.74" speed="13.53" harmonicMeanSpeed="13.51" length="5.00" nVehEntered="2"/>
    <interval begin="300.00" end="400.00" id="inductionLoop.N1" nVehContrib="0" flow="0.00" occupancy="0.00" speed="-1.00" harmonicMeanSpeed="-1.00" length="-1.00" nVehEntered="0"/>
    <interval begin="400.00" end="500.00" id="inductionLoop.N1" nVehContrib="4" flow="144.00" occupancy="2.34" speed="10.95" harmonicMeanSpeed="8.54" length="5.00" nVehEntered="4"/>
    <interval begin="500.00" end="600.00" id="inductionLoop.N1" nVehContrib="2" flow="72.00" occupancy="0.76" speed="13.15" harmonicMeanSpeed="13.15" length="5.00" nVehEntered="2"/>
    <interval begin="600.00" end="700.00" id="inductionLoop.N1" nVehContrib="3" flow="108.00" occupancy="1.13" speed="13.35" harmonicMeanSpeed="13.26" length="5.00" nVehEntered="3"/>
    <interval begin="700.00" end="800.00" id="inductionLoop.N1" nVehContrib="1" flow="36.00" occupancy="0.37" speed="13.37" harmonicMeanSpeed="13.37" length="5.00" nVehEntered="1"/>
    <interval begin="800.00" end="900.00" id="inductionLoop.N1" nVehContrib="1" flow="36.00" occupancy="1.03" speed="4.85" harmonicMeanSpeed="4.85" length="5.00" nVehEntered="1"/>
    <interval begin="900.00" end="1000.00" id="inductionLoop.N1" nVehContrib="0" flow="0.00" occupancy="0.00" speed="-1.00" harmonicMeanSpeed="-1.00" length="-1.00" nVehEntered="0"/>
    <interval begin="1000.00" end="1100.00" id="inductionLoop.N1" nVehContrib="2" flow="72.00" occupancy="0.79" speed="12.95" harmonicMeanSpeed="12.64" length="5.00" nVehEntered="2"/>
    <interval begin="1100.00" end="1200.00" id="inductionLoop.N1" nVehContrib="2" flow="72.00" occupancy="0.73" speed="13.75" harmonicMeanSpeed="13.71" length="5.00" nVehEntered="2"/>
    <interval begin="1200.00" end="1300.00" id="inductionLoop.N1" nVehContrib="3" flow="108.00" occupancy="1.16" speed="13.32" harmonicMeanSpeed="12.89" length="5.00" nVehEntered="3"/>
    <interval begin="1300.00" end="1400.00" id="inductionLoop.N1" nVehContrib="2" flow="72.00" occupancy="0.73" speed="13.71" harmonicMeanSpeed="13.67" length="5.00" nVehEntered="2"/>
    <interval begin="1400.00" end="1500.00" id="inductionLoop.N1" nVehContrib="2" flow="72.00" occupancy="0.78" speed="12.85" harmonicMeanSpeed="12.85" length="5.00" nVehEntered="2"/>
    <interval begin="1500.00" end="1600.00" id="inductionLoop.N1" nVehContrib="0" flow="0.00" occupancy="0.00" speed="-1.00" harmonicMeanSpeed="-1.00" length="-1.00" nVehEntered="0"/>
    <interval begin="1600.00" end="1700.00" id="inductionLoop.N1" nVehContrib="0" flow="0.00" occupancy="0.00" speed="-1.00" harmonicMeanSpeed="-1.00" length="-1.00" nVehEntered="0"/>
    <interval begin="1700.00" end="1800.00" id="inductionLoop.N1" nVehContrib="1" flow="36.00" occupancy="0.35" speed="14.43" harmonicMeanSpeed="14.43" length="5.00" nVehEntered="1"/>
    <interval begin="1800.00" end="1900.00" id="inductionLoop.N1" nVehContrib="0" flow="0.00" occupancy="0.00" speed="-1.00" harmonicMeanSpeed="-1.00" length="-1.00" nVehEntered="0"/>
    <interval begin="1900.00" end="2000.00" id="inductionLoop.N1" nVehContrib="0" flow="0.00" occupancy="0.00" speed="-1.00" harmonicMeanSpeed="-1.00" length="-1.00" nVehEntered="0"/>
    <interval begin="2000.00" end="2100.00" id="inductionLoop.N1" nVehContrib="2" flow="72.00" occupancy="0.70" speed="14.42" harmonicMeanSpeed="14.30" length="5.00" nVehEntered="2"/>
    <interval begin="2100.00" end="2200.00" id="inductionLoop.N1" nVehContrib="3" flow="108.00" occupancy="1.21" speed="12.65" harmonicMeanSpeed="12.38" length="5.00" nVehEntered="3"/>
    <interval begin="2200.00" end="2300.00" id="inductionLoop.N1" nVehContrib="1" flow="36.00" occupancy="0.39" speed="12.77" harmonicMeanSpeed="12.77" length="5.00" nVehEntered="1"/>
    <interval begin="2300.00" end="2400.00" id="inductionLoop.N1" nVehContrib="2" flow="72.00" occupancy="0.80" speed="12.48" harmonicMeanSpeed="12.47" length="5.00" nVehEntered="2"/>
    <interval begin="2400.00" end="2500.00" id="inductionLoop.N1" nVehContrib="3" flow="108.00" occupancy="1.16" speed="13.11" harmonicMeanSpeed="12.94" length="5.00" nVehEntered="3"/>
    <interval begin="2500.00" end="2600.00" id="inductionLoop.N1" nVehContrib="3" flow="108.00" occupancy="1.16" speed="13.04" harmonicMeanSpeed="12.95" length="5.00" nVehEntered="3"/>
    <interval begin="2600.00" end="2700.00" id="inductionLoop.N1" nVehContrib="1" flow="36.00" occupancy="1.38" speed="3.62" harmonicMeanSpeed="3.62" length="5.00" nVehEntered="1"/>
    <interval begin="2700.00" end="2800.00" id="inductionLoop.N1" nVehContrib="4" flow="144.00" occupancy="2.32" speed="10.57" harmonicMeanSpeed="8.62" length="5.00" nVehEntered="4"/>
    <interval begin="2800.00" end="2900.00" id="inductionLoop.N1" nVehContrib="4" flow="144.00" occupancy="2.28" speed="11.08" harmonicMeanSpeed="8.78" length="5.00" nVehEntered="4"/>
    <interval begin="2900.00" end="3000.00" id="inductionLoop.N1" nVehContrib="1" flow="36.00" occupancy="0.34" speed="14.59" harmonicMeanSpeed="14.59" length="5.00" nVehEntered="1"/>
    <interval begin="3000.00" end="3100.00" id="inductionLoop.N1" nVehContrib="1" flow="36.00" occupancy="0.42" speed="11.96" harmonicMeanSpeed="11.96" length="5.00" nVehEntered="1"/>
    <interval begin="3100.00" end="3200.00" id="inductionLoop.N1" nVehContrib="0" flow="0.00" occupancy="0.00" speed="-1.00" harmonicMeanSpeed="-1.00" length="-1.00" nVehEntered="0"/>
    <interval begin="3200.00" end="3300.00" id="inductionLoop.N1" nVehContrib="2" flow="72.00" occupancy="0.73" speed="13.78" harmonicMeanSpeed="13.78" length="5.00" nVehEntered="2"/>
    <interval begin="3300.00" end="3400.00" id="inductionLoop.N1" nVehContrib="1" flow="36.00" occupancy="0.39" speed="12.75" harmonicMeanSpeed="12.75" length="5.00" nVehEntered="1"/>
    <interval begin="3400.00" end="3500.00" id="inductionLoop.N1" nVehContrib="1" flow="36.00" occupancy="0.35" speed="14.40" harmonicMeanSpeed="14.40" length="5.00" nVehEntered="1"/>
    <interval begin="3500.00" end="3600.00" id="inductionLoop.N1" nVehContrib="1" flow="36.00" occupancy="0.40" speed="12.41" harmonicMeanSpeed="12.41" length="5.00" nVehEntered="1"/>
    <interval begin="3600.00" end="3700.00" id="inductionLoop.N1" nVehContrib="0" flow="0.00" occupancy="0.00" speed="-1.00" harmonicMeanSpeed="-1.00" length="-1.00" nVehEntered="0"/>
    <interval begin="3700.00" end="3800.00" id="inductionLoop.N1" nVehContrib="2" flow="72.00" occupancy="0.77" speed="13.06" harmonicMeanSpeed="13.06" length="5.00" nVehEntered="2"/>
    <interval begin="3800.00" end="3900.00" id="inductionLoop.N1" nVehContrib="1" flow="36.00" occupancy="0.32" speed="15.65" harmonicMeanSpeed="15.65" length="5.00" nVehEntered="1"/>
    <interval begin="3900.00" end="4000.00" id="inductionLoop.N1" nVehContrib="0" flow="0.00" occupancy="0.00" speed="-1.00" harmonicMeanSpeed="-1.00" length="-1.00" nVehEntered="0"/>
    <interval begin="4000.00" end="4100.00" id="inductionLoop.N1" nVehContrib="2" flow="72.00" occupancy="0.72" speed="13.93" harmonicMeanSpeed="13.82" length="5.00" nVehEntered="2"/>
    <interval begin="4100.00" end="4200.00" id="inductionLoop.N1" nVehContrib="1" flow="36.00" occupancy="0.31" speed="15.95" harmonicMeanSpeed="15.95" length="5.00" nVehEntered="1"/>
    <interval begin="4200.00" end="4300.00" id="inductionLoop.N1" nVehContrib="1" flow="36.00" occupancy="1.28" speed="3.89" harmonicMeanSpeed="3.89" length="5.00" nVehEntered="1"/>
    <interval begin="4300.00" end="4400.00" id="inductionLoop.N1" nVehContrib="2" flow="72.00" occupancy="0.72" speed="13.84" harmonicMeanSpeed="13.84" length="5.00" nVehEntered="2"/>
    <interval begin="4400.00" end="4500.00" id="inductionLoop.N1" nVehContrib="1" flow="36.00" occupancy="0.42" speed="12.01" harmonicMeanSpeed="12.01" length="5.00" nVehEntered="1"/>
    <interval begin="4500.00" end="4600.00" id="inductionLoop.N1" nVehContrib="3" flow="108.00" occupancy="1.04" speed="14.37" harmonicMeanSpeed="14.36" length="5.00" nVehEntered="3"/>
    <interval begin="4600.00" end="4700.00" id="inductionLoop.N1" nVehContrib="0" flow="0.00" occupancy="0.00" speed="-1.00" harmonicMeanSpeed="-1.00" length="-1.00" nVehEntered="0"/>
    <interval begin="4700.00" end="4800.00" id="inductionLoop.N1" nVehContrib="3" flow="108.00" occupancy="1.24" speed="12.13" harmonicMeanSpeed="12.09" length="5.00" nVehEntered="3"/>
    <interval begin="4800.00" end="4900.00" id="inductionLoop.N1" nVehContrib="0" flow="0.00" occupancy="0.00" speed="-1.00" harmonicMeanSpeed="-1.00" length="-1.00" nVehEntered="0"/>
    <interval begin="4900.00" end="5000.00" id="inductionLoop.N1" nVehContrib="0" flow="0.00" occupancy="0.00" speed="-1.00" harmonicMeanSpeed="-1.00" length="-1.00" nVehEntered="0"/>
    <interval begin="5000.00" end="5100.00" id="inductionLoop.N1" nVehContrib="0" flow="0.00" occupancy="0.00" speed="-1.00" harmonicMeanSpeed="-1.00" length="-1.00" nVehEntered="0"/>
    <interval begin="5100.00" end="5200.00" id="inductionLoop.N1" nVehContrib="0" flow="0.00" occupancy="0.00" speed="-1.00" harmonicMeanSpeed="-1.00" length="-1.00" nVehEntered="0"/>
    <interval begin="5200.00" end="5300.00" id="inductionLoop.N1" nVehContrib="1" flow="36.00" occupancy="0.35" speed="14.45" harmonicMeanSpeed="14.45" length="5.00" nVehEntered="1"/>
    <interval begin="5300.00" end="5400.00" id="inductionLoop.N1" nVehContrib="5" flow="180.00" occupancy="5.11" speed="8.02" harmonicMeanSpeed="4.89" length="5.00" nVehEntered="5"/>
    <interval begin="5400.00" end="5500.00" id="inductionLoop.N1" nVehContrib="1" flow="36.00" occupancy="0.41" speed="12.24" harmonicMeanSpeed="12.24" length="5.00" nVehEntered="1"/>
    <interval begin="5500.00" end="5600.00" id="inductionLoop.N1" nVehContrib="1" flow="36.00" occupancy="0.58" speed="8.69" harmonicMeanSpeed="8.69" length="5.00" nVehEntered="1"/>
    <interval begin="5600.00" end="5700.00" id="inductionLoop.N1" nVehContrib="3" flow="108.00" occupancy="1.88" speed="10.35" harmonicMeanSpeed="7.98" length="5.00" nVehEntered="3"/>
    <interval begin="5700.00" end="5800.00" id="inductionLoop.N1" nVehContrib="1" flow="36.00" occupancy="0.36" speed="14.02" harmonicMeanSpeed="14.02" length="5.00" nVehEntered="1"/>
    <interval begin="5800.00" end="5900.00" id="inductionLoop.N1" nVehContrib="0" flow="0.00" occupancy="0.00" speed="-1.00" harmonicMeanSpeed="-1.00" length="-1.00" nVehEntered="0"/>
    <interval begin="5900.00" end="6000.00" id="inductionLoop.N1" nVehContrib="4" flow="144.00" occupancy="2.84" speed="9.75" harmonicMeanSpeed="7.03" length="5.00" nVehEntered="4"/>
    <interval begin="6000.00" end="6100.00" id="inductionLoop.N1" nVehContrib="0" flow="0.00" occupancy="0.00" speed="-1.00" harmonicMeanSpeed="-1.00" length="-1.00" nVehEntered="0"/>
    <interval begin="6100.00" end="6200.00" id="inductionLoop.N1" nVehContrib="1" flow="36.00" occupancy="1.02" speed="4.92" harmonicMeanSpeed="4.92" length="5.00" nVehEntered="1"/>
    <interval begin="6200.00" end="6300.00" id="inductionLoop.N1" nVehContrib="0" flow="0.00" occupancy="0.00" speed="-1.00" harmonicMeanSpeed="-1.00" length="-1.00" nVehEntered="0"/>
    <interval begin="6300.00" end="6400.00" id="inductionLoop.N1" nVehContrib="1" flow="36.00" occupancy="0.36" speed="13.82" harmonicMeanSpeed="13.82" length="5.00" nVehEntered="1"/>
    <interval begin="6400.00" end="6500.00" id="inductionLoop.N1" nVehContrib="0" flow="0.00" occupancy="0.00" speed="-1.00" harmonicMeanSpeed="-1.00" length="-1.00" nVehEntered="0"/>
    <interval begin="6500.00" end="6600.00" id="inductionLoop.N1" nVehContrib="1" flow="36.00" occupancy="0.41" speed="12.17" harmonicMeanSpeed="12.17" length="5.00" nVehEntered="1"/>
    <interval begin="6600.00" end="6700.00" id="inductionLoop.N1" nVehContrib="1" flow="36.00" occupancy="0.35" speed="14.18" harmonicMeanSpeed="14.18" length="5.00" nVehEntered="1"/>
    <interval begin="6700.00" end="6800.00" id="inductionLoop.N1" nVehContrib="0" flow="0.00" occupancy="0.00" speed="-1.00" harmonicMeanSpeed="-1.00" length="-1.00" nVehEntered="0"/>
    <interval begin="6800.00" end="6900.00" id="inductionLoop.N1" nVehContrib="0" flow="0.00" occupancy="0.00" speed="-1.00" harmonicMeanSpeed="-1.00" length="-1.00" nVehEntered="0"/>
    <interval begin="6900.00" end="7000.00" id="inductionLoop.N1" nVehContrib="0" flow="0.00" occupancy="0.00" speed="-1.00" harmonicMeanSpeed="-1.00" length="-1.00" nVehEntered="0"/>
    <interval begin="7000.00" end="7100.00" id="inductionLoop.N1" nVehContrib="0" flow="0.00" occupancy="0.00" speed="-1.00" harmonicMeanSpeed="-1.00" length="-1.00" nVehEntered="0"/>
    <interval begin="7100.00" end="7200.00" id="inductionLoop.N1" nVehContrib="3" flow="108.00" occupancy="1.14" speed="13.16" harmonicMeanSpeed="13.12" length="5.00" nVehEntered="3"/>
    <interval begin="7200.00" end="7300.00" id="inductionLoop.N1" nVehContrib="0" flow="0.00" occupancy="0.00" speed="-1.00" harmonicMeanSpeed="-1.00" length="-1.00" nVehEntered="0"/>
    <interval begin="7300.00" end="7400.00" id="inductionLoop.N1" nVehContrib="0" flow="0.00" occupancy="0.00" speed="-1.00" harmonicMeanSpeed="-1.00" length="-1.00" nVehEntered="0"/>
    <interval begin="7400.00" end="7500.00" id="inductionLoop.N1" nVehContrib="0" flow="0.00" occupancy="0.00" speed="-1.00" harmonicMeanSpeed="-1.00" length="-1.00" nVehEntered="0"/>
    <interval begin="7500.00" end="7600.00" id="inductionLoop.N1" nVehContrib="0" flow="0.00" occupancy="0.00" speed="-1.00" harmonicMeanSpeed="-1.00" length="-1.00" nVehEntered="0"/>
    <interval begin="7600.00" end="7700.00" id="inductionLoop.N1" nVehContrib="0" flow="0.00" occupancy="0.00" speed="-1.00" harmonicMeanSpeed="-1.00" length="-1.00" nVehEntered="0"/>
    <interval begin="7700.00" end="7800.00" id="inductionLoop.N1" nVehContrib="0" flow="0.00" occupancy="0.00" speed="-1.00" harmonicMeanSpeed="-1.00" length="-1.00" nVehEntered="0"/>
    <interval begin="7800.00" end="7900.00" id="inductionLoop.N1" nVehContrib="0" flow="0.00" occupancy="0.00" speed="-1.00" harmonicMeanSpeed="-1.00" length="-1.00" nVehEntered="0"/>
    <interval begin="7900.00" end="8000.00" id="inductionLoop.N1" nVehContrib="0" flow="0.00" occupancy="0.00" speed="-1.00" harmonicMeanSpeed="-1.00" length="-1.00" nVehEntered="0"/>
    <interval begin="8000.00" end="8100.00" id="inductionLoop.N1" nVehContrib="0" flow="0.00" occupancy="0.00" speed="-1.00" harmonicMeanSpeed="-1.00" length="-1.00" nVehEntered="0"/>
    <interval begin="8100.00" end="8200.00" id="inductionLoop.N1" nVehContrib="0" flow="0.00" occupancy="0.00" speed="-1.00" harmonicMeanSpeed="-1.00" length="-1.00" nVehEntered="0"/>
    <interval begin="8200.00" end="8300.00" id="inductionLoop.N1" nVehContrib="1" flow="36.00" occupancy="1.07" speed="4.66" harmonicMeanSpeed="4.66" length="5.00" nVehEntered="1"/>
    <interval begin="8300.00" end="8400.00" id="inductionLoop.N1" nVehContrib="0" flow="0.00" occupancy="0.00" speed="-1.00" harmonicMeanSpeed="-1.00" length="-1.00" nVehEntered="0"/>
    <interval begin="8400.00" end="8500.00" id="inductionLoop.N1" nVehContrib="0" flow="0.00" occupancy="0.00" speed="-1.00" harmonicMeanSpeed="-1.00" length="-1.00" nVehEntered="0"/>
    <interval begin="8500.00" end="8600.00" id="inductionLoop.N1" nVehContrib="0" flow="0.00" occupancy="0.00" speed="-1.00" harmonicMeanSpeed="-1.00" length="-1.00" nVehEntered="0"/>
    <interval begin="8600.00" end="8700.00" id="inductionLoop.N1" nVehContrib="0" flow="0.00" occupancy="0.00" speed="-1.00" harmonicMeanSpeed="-1.00" length="-1.00" nVehEntered="0"/>
    <interval begin="8700.00" end="8800.00" id="inductionLoop.N1" nVehContrib="0" flow="0.00" occupancy="0.00" speed="-1.00" harmonicMeanSpeed="-1.00" length="-1.00" nVehEntered="0"/>
    <interval begin="8800.00" end="8900.00" id="inductionLoop.N1" nVehContrib="1" flow="36.00" occupancy="0.34" speed="14.54" harmonicMeanSpeed="14.54" length="5.00" nVehEntered="1"/>
    <interval begin="8900.00" end="9000.00" id="inductionLoop.N1" nVehContrib="1" flow="36.00" occupancy="0.37" speed="13.37" harmonicMeanSpeed="13.37" length="5.00" nVehEntered="1"/>
    <interval begin="9000.00" end="9100.00" id="inductionLoop.N1" nVehContrib="2" flow="72.00" occupancy="0.75" speed="13.26" harmonicMeanSpeed="13.26" length="5.00" nVehEntered="2"/>
    <interval begin="9100.00" end="9200.00" id="inductionLoop.N1" nVehContrib="0" flow="0.00" occupancy="0.00" speed="-1.00" harmonicMeanSpeed="-1.00" length="-1.00" nVehEntered="0"/>
    <interval begin="9200.00" end="9300.00" id="inductionLoop.N1" nVehContrib="4" flow="144.00" occupancy="1.40" speed="14.45" harmonicMeanSpeed="14.30" length="5.00" nVehEntered="4"/>
    <interval begin="9300.00" end="9400.00" id="inductionLoop.N1" nVehContrib="0" flow="0.00" occupancy="0.00" speed="-1.00" harmonicMeanSpeed="-1.00" length="-1.00" nVehEntered="0"/>
    <interval begin="9400.00" end="9500.00" id="inductionLoop.N1" nVehContrib="2" flow="72.00" occupancy="1.60" speed="8.15" harmonicMeanSpeed="6.26" length="5.00" nVehEntered="2"/>
    <interval begin="9500.00" end="9600.00" id="inductionLoop.N1" nVehContrib="0" flow="0.00" occupancy="0.00" speed="-1.00" harmonicMeanSpeed="-1.00" length="-1.00" nVehEntered="0"/>
    <interval begin="9600.00" end="9700.00" id="inductionLoop.N1" nVehContrib="0" flow="0.00" occupancy="0.00" speed="-1.00" harmonicMeanSpeed="-1.00" length="-1.00" nVehEntered="0"/>
    <interval begin="9700.00" end="9800.00" id="inductionLoop.N1" nVehContrib="0" flow="0.00" occupancy="0.00" speed="-1.00" harmonicMeanSpeed="-1.00" length="-1.00" nVehEntered="0"/>
    <interval begin="9800.00" end="9900.00" id="inductionLoop.N1" nVehContrib="1" flow="36.00" occupancy="1.18" speed="4.24" harmonicMeanSpeed="4.24" length="5.00" nVehEntered="1"/>
    <interval begin="9900.00" end="10000.00" id="inductionLoop.N1" nVehContrib="0" flow="0.00" occupancy="0.00" speed="-1.00" harmonicMeanSpeed="-1.00" length="-1.00" nVehEntered="0"/>
    <interval begin="10000.00" end="10100.00" id="inductionLoop.N1" nVehContrib="0" flow="0.00" occupancy="0.00" speed="-1.00" harmonicMeanSpeed="-1.00" length="-1.00" nVehEntered="0"/>
    <interval begin="10100.00" end="10200.00" id="inductionLoop.N1" nVehContrib="1" flow="36.00" occupancy="0.40" speed="12.48" harmonicMeanSpeed="12.48" length="5.00" nVehEntered="1"/>
    <interval begin="10200.00" end="10300.00" id="inductionLoop.N1" nVehContrib="2" flow="72.00" occupancy="0.67" speed="14.87" harmonicMeanSpeed="14.86" length="5.00" nVehEntered="2"/>
    <interval begin="10300.00" end="10400.00" id="inductionLoop.N1" nVehContrib="1" flow="36.00" occupancy="0.39" speed="12.90" harmonicMeanSpeed="12.90" length="5.00" nVehEntered="1"/>
    <interval begin="10400.00" end="10500.00" id="inductionLoop.N1" nVehContrib="0" flow="0.00" occupancy="0.00" speed="-1.00" harmonicMeanSpeed="-1.00" length="-1.00" nVehEntered="0"/>
    <interval begin="10500.00" end="10600.00" id="inductionLoop.N1" nVehContrib="2" flow="72.00" occupancy="1.70" speed="9.17" harmonicMeanSpeed="5.90" length="5.00" nVehEntered="2"/>
    <interval begin="10600.00" end="10700.00" id="inductionLoop.N1" nVehContrib="2" flow="72.00" occupancy="0.74" speed="13.89" harmonicMeanSpeed="13.45" length="5.00" nVehEntered="2"/>
    <interval begin="10700.00" end="10800.00" id="inductionLoop.N1" nVehContrib="0" flow="0.00" occupancy="0.00" speed="-1.00" harmonicMeanSpeed="-1.00" length="-1.00" nVehEntered="0"/>
    <interval begin="10800.00" end="10900.00" id="inductionLoop.N1" nVehContrib="1" flow="36.00" occupancy="0.35" speed="14.32" harmonicMeanSpeed="14.32" length="5.00" nVehEntered="1"/>
    <interval begin="10900.00" end="11000.00" id="inductionLoop.N1" nVehContrib="1" flow="36.00" occupancy="0.34" speed="14.67" harmonicMeanSpeed="14.67" length="5.00" nVehEntered="1"/>
    <interval begin="11000.00" end="11100.00" id="inductionLoop.N1" nVehContrib="2" flow="72.00" occupancy="1.71" speed="8.59" harmonicMeanSpeed="5.85" length="5.00" nVehEntered="2"/>
    <interval begin="11100.00" end="11200.00" id="inductionLoop.N1" nVehContrib="0" flow="0.00" occupancy="0.00" speed="-1.00" harmonicMeanSpeed="-1.00" length="-1.00" nVehEntered="0"/>
    <interval begin="11200.00" end="11300.00" id="inductionLoop.N1" nVehContrib="0" flow="0.00" occupancy="0.00" speed="-1.00" harmonicMeanSpeed="-1.00" length="-1.00" nVehEntered="0"/>
    <interval begin="11300.00" end="11400.00" id="inductionLoop.N1" nVehContrib="1" flow="36.00" occupancy="0.34" speed="14.52" harmonicMeanSpeed="14.52" length="5.00" nVehEntered="1"/>
    <interval begin="11400.00" end="11500.00" id="inductionLoop.N1" nVehContrib="0" flow="0.00" occupancy="0.00" speed="-1.00" harmonicMeanSpeed="-1.00" length="-1.00" nVehEntered="0"/>
    <interval begin="11500.00" end="11600.00" id="inductionLoop.N1" nVehContrib="0" flow="0.00" occupancy="0.00" speed="-1.00" harmonicMeanSpeed="-1.00" length="-1.00" nVehEntered="0"/>
    <interval begin="11600.00" end="11700.00" id="inductionLoop.N1" nVehContrib="1" flow="36.00" occupancy="0.36" speed="13.82" harmonicMeanSpeed="13.82" length="5.00" nVehEntered="1"/>
    <interval begin="11700.00" end="11800.00" id="inductionLoop.N1" nVehContrib="0" flow="0.00" occupancy="0.00" speed="-1.00" harmonicMeanSpeed="-1.00" length="-1.00" nVehEntered="0"/>
    <interval begin="11800.00" end="11900.00" id="inductionLoop.N1" nVehContrib="1" flow="36.00" occupancy="0.47" speed="10.71" harmonicMeanSpeed="10.71" length="5.00" nVehEntered="1"/>
    <interval begin="11900.00" end="12000.00" id="inductionLoop.N1" nVehContrib="0" flow="0.00" occupancy="0.00" speed="-1.00" harmonicMeanSpeed="-1.00" length="-1.00" nVehEntered="0"/>
    <interval begin="12000.00" end="12100.00" id="inductionLoop.N1" nVehContrib="2" flow="72.00" occupancy="0.67" speed="14.85" harmonicMeanSpeed="14.85" length="5.00" nVehEntered="2"/>
    <interval begin="12100.00" end="12200.00" id="inductionLoop.N1" nVehContrib="0" flow="0.00" occupancy="0.00" speed="-1.00" harmonicMeanSpeed="-1.00" length="-1.00" nVehEntered="0"/>
    <interval begin="12200.00" end="12300.00" id="inductionLoop.N1" nVehContrib="1" flow="36.00" occupancy="0.43" speed="11.53" harmonicMeanSpeed="11.53" length="5.00" nVehEntered="1"/>
    <interval begin="12300.00" end="12400.00" id="inductionLoop.N1" nVehContrib="0" flow="0.00" occupancy="0.00" speed="-1.00" harmonicMeanSpeed="-1.00" length="-1.00" nVehEntered="0"/>
    <interval begin="12400.00" end="12500.00" id="inductionLoop.N1" nVehContrib="0" flow="0.00" occupancy="0.00" speed="-1.00" harmonicMeanSpeed="-1.00" length="-1.00" nVehEntered="0"/>
    <interval begin="12500.00" end="12600.00" id="inductionLoop.N1" nVehContrib="1" flow="36.00" occupancy="1.12" speed="4.47" harmonicMeanSpeed="4.47" length="5.00" nVehEntered="1"/>
    <interval begin="12600.00" end="12700.00" id="inductionLoop.N1" nVehContrib="0" flow="0.00" occupancy="0.00" speed="-1.00" harmonicMeanSpeed="-1.00" length="-1.00" nVehEntered="0"/>
    <interval begin="12700.00" end="12800.00" id="inductionLoop.N1" nVehContrib="0" flow="0.00" occupancy="0.00" speed="-1.00" harmonicMeanSpeed="-1.00" length="-1.00" nVehEntered="0"/>
    <interval begin="12800.00" end="12900.00" id="inductionLoop.N1" nVehContrib="0" flow="0.00" occupancy="0.00" speed="-1.00" harmonicMeanSpeed="-1.00" length="-1.00" nVehEntered="0"/>
    <interval begin="12900.00" end="13000.00" id="inductionLoop.N1" nVehContrib="0" flow="0.00" occupancy="0.00" speed="-1.00" harmonicMeanSpeed="-1.00" length="-1.00" nVehEntered="0"/>
    <interval begin="13000.00" end="13100.00" id="inductionLoop.N1" nVehContrib="0" flow="0.00" occupancy="0.00" speed="-1.00" harmonicMeanSpeed="-1.00" length="-1.00" nVehEntered="0"/>
    <interval begin="13100.00" end="13200.00" id="inductionLoop.N1" nVehContrib="1" flow="36.00" occupancy="0.36" speed="13.80" harmonicMeanSpeed="13.80" length="5.00" nVehEntered="1"/>
    <interval begin="13200.00" end="13300.00" id="inductionLoop.N1" nVehContrib="0" flow="0.00" occupancy="0.00" speed="-1.00" harmonicMeanSpeed="-1.00" length="-1.00" nVehEntered="0"/>
    <interval begin="13300.00" end="13400.00" id="inductionLoop.N1" nVehContrib="1" flow="36.00" occupancy="0.36" speed="13.92" harmonicMeanSpeed="13.92" length="5.00" nVehEntered="1"/>
    <interval begin="13400.00" end="13500.00" id="inductionLoop.N1" nVehContrib="0" flow="0.00" occupancy="0.00" speed="-1.00" harmonicMeanSpeed="-1.00" length="-1.00" nVehEntered="0"/>
    <interval begin="13500.00" end="13600.00" id="inductionLoop.N1" nVehContrib="0" flow="0.00" occupancy="0.00" speed="-1.00" harmonicMeanSpeed="-1.00" length="-1.00" nVehEntered="0"/>
    <interval begin="13600.00" end="13700.00" id="inductionLoop.N1" nVehContrib="1" flow="36.00" occupancy="0.32" speed="15.53" harmonicMeanSpeed="15.53" length="5.00" nVehEntered="1"/>
    <interval begin="13700.00" end="13800.00" id="inductionLoop.N1" nVehContrib="0" flow="0.00" occupancy="0.00" speed="-1.00" harmonicMeanSpeed="-1.00" length="-1.00" nVehEntered="0"/>
    <interval begin="13800.00" end="13900.00" id="inductionLoop.N1" nVehContrib="1" flow="36.00" occupancy="0.40" speed="12.63" harmonicMeanSpeed="12.63" length="5.00" nVehEntered="1"/>
    <interval begin="13900.00" end="14000.00" id="inductionLoop.N1" nVehContrib="1" flow="36.00" occupancy="0.37" speed="13.42" harmonicMeanSpeed="13.42" length="5.00" nVehEntered="1"/>
    <interval begin="14000.00" end="14100.00" id="inductionLoop.N1" nVehContrib="0" flow="0.00" occupancy="0.00" speed="-1.00" harmonicMeanSpeed="-1.00" length="-1.00" nVehEntered="0"/>
    <interval begin="14100.00" end="14200.00" id="inductionLoop.N1" nVehContrib="0" flow="0.00" occupancy="0.00" speed="-1.00" harmonicMeanSpeed="-1.00" length="-1.00" nVehEntered="0"/>
    <interval begin="14200.00" end="14300.00" id="inductionLoop.N1" nVehContrib="0" flow="0.00" occupancy="0.00" speed="-1.00" harmonicMeanSpeed="-1.00" length="-1.00" nVehEntered="0"/>
    <interval begin="14300.00" end="14400.00" id="inductionLoop.N1" nVehContrib="0" flow="0.00" occupancy="0.00" speed="-1.00" harmonicMeanSpeed="-1.00" length="-1.00" nVehEntered="0"/>
    <interval begin="14400.00" end="14500.00" id="inductionLoop.N1" nVehContrib="0" flow="0.00" occupancy="0.00" speed="-1.00" harmonicMeanSpeed="-1.00" length="-1.00" nVehEntered="0"/>
    <interval begin="14500.00" end="14600.00" id="inductionLoop.N1" nVehContrib="1" flow="36.00" occupancy="0.42" speed="11.91" harmonicMeanSpeed="11.91" length="5.00" nVehEntered="1"/>
    <interval begin="14600.00" end="14700.00" id="inductionLoop.N1" nVehContrib="2" flow="72.00" occupancy="0.85" speed="11.86" harmonicMeanSpeed="11.79" length="5.00" nVehEntered="2"/>
    <interval begin="14700.00" end="14800.00" id="inductionLoop.N1" nVehContrib="0" flow="0.00" occupancy="0.00" speed="-1.00" harmonicMeanSpeed="-1.00" length="-1.00" nVehEntered="0"/>
    <interval begin="14800.00" end="14900.00" id="inductionLoop.N1" nVehContrib="0" flow="0.00" occupancy="0.00" speed="-1.00" harmonicMeanSpeed="-1.00" length="-1.00" nVehEntered="0"/>
    <interval begin="14900.00" end="15000.00" id="inductionLoop.N1" nVehContrib="0" flow="0.00" occupancy="0.00" speed="-1.00" harmonicMeanSpeed="-1.00" length="-1.00" nVehEntered="0"/>
    <interval begin="15000.00" end="15100.00" id="inductionLoop.N1" nVehContrib="0" flow="0.00" occupancy="0.00" speed="-1.00" harmonicMeanSpeed="-1.00" length="-1.00" nVehEntered="0"/>
    <interval begin="15100.00" end="15200.00" id="inductionLoop.N1" nVehContrib="1" flow="36.00" occupancy="1.28" speed="3.92" harmonicMeanSpeed="3.92" length="5.00" nVehEntered="1"/>
    <interval begin="15200.00" end="15300.00" id="inductionLoop.N1" nVehContrib="0" flow="0.00" occupancy="0.00" speed="-1.00" harmonicMeanSpeed="-1.00" length="-1.00" nVehEntered="0"/>
    <interval begin="15300.00" end="15400.00" id="inductionLoop.N1" nVehContrib="0" flow="0.00" occupancy="0.00" speed="-1.00" harmonicMeanSpeed="-1.00" length="-1.00" nVehEntered="0"/>
    <interval begin="15400.00" end="15500.00" id="inductionLoop.N1" nVehContrib="0" flow="0.00" occupancy="0.00" speed="-1.00" harmonicMeanSpeed="-1.00" length="-1.00" nVehEntered="0"/>
    <interval begin="15500.00" end="15600.00" id="inductionLoop.N1" nVehContrib="0" flow="0.00" occupancy="0.00" speed="-1.00" harmonicMeanSpeed="-1.00" length="-1.00" nVehEntered="0"/>
    <interval begin="15600.00" end="15700.00" id="inductionLoop.N1" nVehContrib="0" flow="0.00" occupancy="0.00" speed="-1.00" harmonicMeanSpeed="-1.00" length="-1.00" nVehEntered="0"/>
    <interval begin="15700.00" end="15800.00" id="inductionLoop.N1" nVehContrib="0" flow="0.00" occupancy="0.00" speed="-1.00" harmonicMeanSpeed="-1.00" length="-1.00" nVehEntered="0"/>
    <interval begin="15800.00" end="15900.00" id="inductionLoop.N1" nVehContrib="1" flow="36.00" occupancy="0.38" speed="13.14" harmonicMeanSpeed="13.14" length="5.00" nVehEntered="1"/>
    <interval begin="15900.00" end="16000.00" id="inductionLoop.N1" nVehContrib="0" flow="0.00" occupancy="0.00" speed="-1.00" harmonicMeanSpeed="-1.00" length="-1.00" nVehEntered="0"/>
    <interval begin="16000.00" end="16100.00" id="inductionLoop.N1" nVehContrib="0" flow="0.00" occupancy="0.00" speed="-1.00" harmonicMeanSpeed="-1.00" length="-1.00" nVehEntered="0"/>
    <interval begin="16100.00" end="16200.00" id="inductionLoop.N1" nVehContrib="0" flow="0.00" occupancy="0.00" speed="-1.00" harmonicMeanSpeed="-1.00" length="-1.00" nVehEntered="0"/>
    <interval begin="16200.00" end="16300.00" id="inductionLoop.N1" nVehContrib="1" flow="36.00" occupancy="0.36" speed="14.03" harmonicMeanSpeed="14.03" length="5.00" nVehEntered="1"/>
    <interval begin="16300.00" end="16400.00" id="inductionLoop.N1" nVehContrib="1" flow="36.00" occupancy="0.37" speed="13.52" harmonicMeanSpeed="13.52" length="5.00" nVehEntered="1"/>
    <interval begin="16400.00" end="16500.00" id="inductionLoop.N1" nVehContrib="0" flow="0.00" occupancy="0.00" speed="-1.00" harmonicMeanSpeed="-1.00" length="-1.00" nVehEntered="0"/>
    <interval begin="16500.00" end="16600.00" id="inductionLoop.N1" nVehContrib="0" flow="0.00" occupancy="0.00" speed="-1.00" harmonicMeanSpeed="-1.00" length="-1.00" nVehEntered="0"/>
    <interval begin="16600.00" end="16700.00" id="inductionLoop.N1" nVehContrib="0" flow="0.00" occupancy="0.00" speed="-1.00" harmonicMeanSpeed="-1.00" length="-1.00" nVehEntered="0"/>
    <interval begin="16700.00" end="16800.00" id="inductionLoop.N1" nVehContrib="0" flow="0.00" occupancy="0.00" speed="-1.00" harmonicMeanSpeed="-1.00" length="-1.00" nVehEntered="0"/>
    <interval begin="16800.00" end="16900.00" id="inductionLoop.N1" nVehContrib="1" flow="36.00" occupancy="1.02" speed="4.88" harmonicMeanSpeed="4.88" length="5.00" nVehEntered="1"/>
    <interval begin="16900.00" end="17000.00" id="inductionLoop.N1" nVehContrib="0" flow="0.00" occupancy="0.00" speed="-1.00" harmonicMeanSpeed="-1.00" length="-1.00" nVehEntered="0"/>
    <interval begin="17000.00" end="17100.00" id="inductionLoop.N1" nVehContrib="2" flow="72.00" occupancy="0.72" speed="13.96" harmonicMeanSpeed="13.90" length="5.00" nVehEntered="2"/>
    <interval begin="17100.00" end="17200.00" id="inductionLoop.N1" nVehContrib="2" flow="72.00" occupancy="0.76" speed="13.11" harmonicMeanSpeed="13.11" length="5.00" nVehEntered="2"/>
    <interval begin="17200.00" end="17300.00" id="inductionLoop.N1" nVehContrib="0" flow="0.00" occupancy="0.00" speed="-1.00" harmonicMeanSpeed="-1.00" length="-1.00" nVehEntered="0"/>
    <interval begin="17300.00" end="17400.00" id="inductionLoop.N1" nVehContrib="1" flow="36.00" occupancy="1.08" speed="4.62" harmonicMeanSpeed="4.62" length="5.00" nVehEntered="1"/>
    <interval begin="17400.00" end="17500.00" id="inductionLoop.N1" nVehContrib="5" flow="180.00" occupancy="2.23" speed="11.55" harmonicMeanSpeed="11.21" length="5.00" nVehEntered="5"/>
    <interval begin="17500.00" end="17600.00" id="inductionLoop.N1" nVehContrib="2" flow="72.00" occupancy="1.43" speed="8.82" harmonicMeanSpeed="6.99" length="5.00" nVehEntered="2"/>
    <interval begin="17600.00" end="17700.00" id="inductionLoop.N1" nVehContrib="0" flow="0.00" occupancy="0.00" speed="-1.00" harmonicMeanSpeed="-1.00" length="-1.00" nVehEntered="0"/>
    <interval begin="17700.00" end="17800.00" id="inductionLoop.N1" nVehContrib="1" flow="36.00" occupancy="1.23" speed="4.05" harmonicMeanSpeed="4.05" length="5.00" nVehEntered="1"/>
    <interval begin="17800.00" end="17900.00" id="inductionLoop.N1" nVehContrib="1" flow="36.00" occupancy="1.35" speed="3.71" harmonicMeanSpeed="3.71" length="5.00" nVehEntered="1"/>
    <interval begin="17900.00" end="18000.00" id="inductionLoop.N1" nVehContrib="1" flow="36.00" occupancy="0.40" speed="12.47" harmonicMeanSpeed="12.47" length="5.00" nVehEntered="1"/>
    <interval begin="18000.00" end="18100.00" id="inductionLoop.N1" nVehContrib="1" flow="36.00" occupancy="0.39" speed="12.86" harmonicMeanSpeed="12.86" length="5.00" nVehEntered="1"/>
    <interval begin="18100.00" end="18200.00" id="inductionLoop.N1" nVehContrib="0" flow="0.00" occupancy="0.00" speed="-1.00" harmonicMeanSpeed="-1.00" length="-1.00" nVehEntered="0"/>
    <interval begin="18200.00" end="18300.00" id="inductionLoop.N1" nVehContrib="4" flow="144.00" occupancy="1.73" speed="12.01" harmonicMeanSpeed="11.53" length="5.00" nVehEntered="4"/>
    <interval begin="18300.00" end="18400.00" id="inductionLoop.N1" nVehContrib="2" flow="72.00" occupancy="5.42" speed="6.06" harmonicMeanSpeed="1.84" length="5.00" nVehEntered="2"/>
    <interval begin="18400.00" end="18500.00" id="inductionLoop.N1" nVehContrib="1" flow="36.00" occupancy="0.37" speed="13.47" harmonicMeanSpeed="13.47" length="5.00" nVehEntered="1"/>
    <interval begin="18500.00" end="18600.00" id="inductionLoop.N1" nVehContrib="3" flow="108.00" occupancy="1.18" speed="12.90" harmonicMeanSpeed="12.74" length="5.00" nVehEntered="3"/>
    <interval begin="18600.00" end="18700.00" id="inductionLoop.N1" nVehContrib="1" flow="36.00" occupancy="0.40" speed="12.53" harmonicMeanSpeed="12.53" length="5.00" nVehEntered="1"/>
    <interval begin="18700.00" end="18800.00" id="inductionLoop.N1" nVehContrib="5" flow="180.00" occupancy="2.23" speed="11.76" harmonicMeanSpeed="11.21" length="5.00" nVehEntered="5"/>
    <interval begin="18800.00" end="18900.00" id="inductionLoop.N1" nVehContrib="3" flow="108.00" occupancy="1.75" speed="11.01" harmonicMeanSpeed="8.56" length="5.00" nVehEntered="3"/>
    <interval begin="18900.00" end="19000.00" id="inductionLoop.N1" nVehContrib="2" flow="72.00" occupancy="0.82" speed="12.33" harmonicMeanSpeed="12.20" length="5.00" nVehEntered="2"/>
    <interval begin="19000.00" end="19100.00" id="inductionLoop.N1" nVehContrib="1" flow="36.00" occupancy="1.01" speed="4.93" harmonicMeanSpeed="4.93" length="5.00" nVehEntered="1"/>
    <interval begin="19100.00" end="19200.00" id="inductionLoop.N1" nVehContrib="2" flow="72.00" occupancy="0.79" speed="12.69" harmonicMeanSpeed="12.67" length="5.00" nVehEntered="2"/>
    <interval begin="19200.00" end="19300.00" id="inductionLoop.N1" nVehContrib="2" flow="72.00" occupancy="6.41" speed="9.13" harmonicMeanSpeed="8.90" length="5.00" nVehEntered="3"/>
    <interval begin="19300.00" end="19400.00" id="inductionLoop.N1" nVehContrib="5" flow="180.00" occupancy="11.53" speed="8.55" harmonicMeanSpeed="1.49" length="5.00" nVehEntered="4"/>
    <interval begin="19400.00" end="19500.00" id="inductionLoop.N1" nVehContrib="1" flow="36.00" occupancy="0.43" speed="11.54" harmonicMeanSpeed="11.54" length="5.00" nVehEntered="1"/>
    <interval begin="19500.00" end="19600.00" id="inductionLoop.N1" nVehContrib="2" flow="72.00" occupancy="0.77" speed="13.17" harmonicMeanSpeed="13.00" length="5.00" nVehEntered="2"/>
    <interval begin="19600.00" end="19700.00" id="inductionLoop.N1" nVehContrib="5" flow="180.00" occupancy="6.00" speed="8.96" harmonicMeanSpeed="4.17" length="5.00" nVehEntered="5"/>
    <interval begin="19700.00" end="19800.00" id="inductionLoop.N1" nVehContrib="2" flow="72.00" occupancy="0.73" speed="13.71" harmonicMeanSpeed="13.68" length="5.00" nVehEntered="2"/>
    <interval begin="19800.00" end="19900.00" id="inductionLoop.N1" nVehContrib="0" flow="0.00" occupancy="0.00" speed="-1.00" harmonicMeanSpeed="-1.00" length="-1.00" nVehEntered="0"/>
    <interval begin="19900.00" end="20000.00" id="inductionLoop.N1" nVehContrib="2" flow="72.00" occupancy="1.06" speed="9.56" harmonicMeanSpeed="9.46" length="5.00" nVehEntered="2"/>
    <interval begin="20000.00" end="20100.00" id="inductionLoop.N1" nVehContrib="3" flow="108.00" occupancy="1.41" speed="10.74" harmonicMeanSpeed="10.61" length="5.00" nVehEntered="3"/>
    <interval begin="20100.00" end="20200.00" id="inductionLoop.N1" nVehContrib="3" flow="108.00" occupancy="1.45" speed="10.75" harmonicMeanSpeed="10.34" length="5.00" nVehEntered="3"/>
    <interval begin="20200.00" end="20300.00" id="inductionLoop.N1" nVehContrib="2" flow="72.00" occupancy="0.79" speed="12.64" harmonicMeanSpeed="12.64" length="5.00" nVehEntered="2"/>
    <interval begin="20300.00" end="20400.00" id="inductionLoop.N1" nVehContrib="5" flow="180.00" occupancy="2.86" speed="9.77" harmonicMeanSpeed="8.73" length="5.00" nVehEntered="5"/>
    <interval begin="20400.00" end="20500.00" id="inductionLoop.N1" nVehContrib="4" flow="144.00" occupancy="1.72" speed="11.76" harmonicMeanSpeed="11.66" length="5.00" nVehEntered="4"/>
    <interval begin="20500.00" end="20600.00" id="inductionLoop.N1" nVehContrib="5" flow="180.00" occupancy="3.20" speed="10.32" harmonicMeanSpeed="7.81" length="5.00" nVehEntered="5"/>
    <interval begin="20600.00" end="20700.00" id="inductionLoop.N1" nVehContrib="6" flow="216.00" occupancy="5.78" speed="9.77" harmonicMeanSpeed="8.41" length="5.00" nVehEntered="7"/>
    <interval begin="20700.00" end="20800.00" id="inductionLoop.N1" nVehContrib="3" flow="108.00" occupancy="1.28" speed="11.78" harmonicMeanSpeed="11.67" length="5.00" nVehEntered="3"/>
    <interval begin="20800.00" end="20900.00" id="inductionLoop.N1" nVehContrib="8" flow="288.00" occupancy="27.44" speed="7.29" harmonicMeanSpeed="2.07" length="5.00" nVehEntered="9"/>
    <interval begin="20900.00" end="21000.00" id="inductionLoop.N1" nVehContrib="7" flow="252.00" occupancy="21.83" speed="7.24" harmonicMeanSpeed="1.17" length="5.00" nVehEntered="6"/>
    <interval begin="21000.00" end="21100.00" id="inductionLoop.N1" nVehContrib="4" flow="144.00" occupancy="16.21" speed="10.99" harmonicMeanSpeed="10.66" length="5.00" nVehEntered="5"/>
    <interval begin="21100.00" end="21200.00" id="inductionLoop.N1" nVehContrib="1" flow="36.00" occupancy="0.20" speed="0.34" harmonicMeanSpeed="0.34" length="5.00" nVehEntered="0"/>
    <interval begin="21200.00" end="21300.00" id="inductionLoop.N1" nVehContrib="5" flow="180.00" occupancy="13.74" speed="7.53" harmonicMeanSpeed="1.82" length="5.00" nVehEntered="5"/>
    <interval begin="21300.00" end="21400.00" id="inductionLoop.N1" nVehContrib="2" flow="72.00" occupancy="0.74" speed="13.47" harmonicMeanSpeed="13.46" length="5.00" nVehEntered="2"/>
    <interval begin="21400.00" end="21500.00" id="inductionLoop.N1" nVehContrib="5" flow="180.00" occupancy="14.05" speed="8.21" harmonicMeanSpeed="1.78" length="5.00" nVehEntered="5"/>
    <interval begin="21500.00" end="21600.00" id="inductionLoop.N1" nVehContrib="5" flow="180.00" occupancy="2.39" speed="10.80" harmonicMeanSpeed="10.46" length="5.00" nVehEntered="5"/>
    <interval begin="21600.00" end="21700.00" id="inductionLoop.N1" nVehContrib="4" flow="144.00" occupancy="2.55" speed="9.63" harmonicMeanSpeed="7.86" length="5.00" nVehEntered="4"/>
    <interval begin="21700.00" end="21800.00" id="inductionLoop.N1" nVehContrib="1" flow="36.00" occupancy="0.39" speed="12.87" harmonicMeanSpeed="12.87" length="5.00" nVehEntered="1"/>
    <interval begin="21800.00" end="21900.00" id="inductionLoop.N1" nVehContrib="5" flow="180.00" occupancy="4.79" speed="8.95" harmonicMeanSpeed="7.70" length="5.00" nVehEntered="6"/>
    <interval begin="21900.00" end="22000.00" id="inductionLoop.N1" nVehContrib="4" flow="144.00" occupancy="4.81" speed="11.85" harmonicMeanSpeed="11.07" length="5.00" nVehEntered="4"/>
    <interval begin="22000.00" end="22100.00" id="inductionLoop.N1" nVehContrib="5" flow="180.00" occupancy="33.66" speed="5.72" harmonicMeanSpeed="0.88" length="5.00" nVehEntered="6"/>
    <interval begin="22100.00" end="22200.00" id="inductionLoop.N1" nVehContrib="7" flow="252.00" occupancy="3.20" speed="11.49" harmonicMeanSpeed="10.95" length="5.00" nVehEntered="7"/>
    <interval begin="22200.00" end="22300.00" id="inductionLoop.N1" nVehContrib="6" flow="216.00" occupancy="37.36" speed="9.85" harmonicMeanSpeed="1.56" length="5.00" nVehEntered="7"/>
    <interval begin="22300.00" end="22400.00" id="inductionLoop.N1" nVehContrib="8" flow="288.00" occupancy="43.35" speed="9.59" harmonicMeanSpeed="1.31" length="5.00" nVehEntered="9"/>
    <interval begin="22400.00" end="22500.00" id="inductionLoop.N1" nVehContrib="8" flow="288.00" occupancy="28.33" speed="5.43" harmonicMeanSpeed="0.97" length="5.00" nVehEntered="7"/>
    <interval begin="22500.00" end="22600.00" id="inductionLoop.N1" nVehContrib="8" flow="288.00" occupancy="4.32" speed="11.56" harmonicMeanSpeed="9.25" length="5.00" nVehEntered="8"/>
    <interval begin="22600.00" end="22700.00" id="inductionLoop.N1" nVehContrib="5" flow="180.00" occupancy="31.42" speed="7.47" harmonicMeanSpeed="2.45" length="5.00" nVehEntered="7"/>
    <interval begin="22700.00" end="22800.00" id="inductionLoop.N1" nVehContrib="7" flow="252.00" occupancy="67.16" speed="3.47" harmonicMeanSpeed="0.45" length="5.00" nVehEntered="6"/>
    <interval begin="22800.00" end="22900.00" id="inductionLoop.N1" nVehContrib="4" flow="144.00" occupancy="5.91" speed="9.96" harmonicMeanSpeed="7.54" length="5.00" nVehEntered="5"/>
    <interval begin="22900.00" end="23000.00" id="inductionLoop.N1" nVehContrib="8" flow="288.00" occupancy="4.92" speed="9.99" harmonicMeanSpeed="9.13" length="5.00" nVehEntered="9"/>
    <interval begin="23000.00" end="23100.00" id="inductionLoop.N1" nVehContrib="2" flow="72.00" occupancy="1.59" speed="9.19" harmonicMeanSpeed="6.31" length="5.00" nVehEntered="2"/>
    <interval begin="23100.00" end="23200.00" id="inductionLoop.N1" nVehContrib="5" flow="180.00" occupancy="12.37" speed="7.91" harmonicMeanSpeed="2.02" length="5.00" nVehEntered="5"/>
    <interval begin="23200.00" end="23300.00" id="inductionLoop.N1" nVehContrib="7" flow="252.00" occupancy="12.77" speed="11.21" harmonicMeanSpeed="2.74" length="5.00" nVehEntered="7"/>
    <interval begin="23300.00" end="23400.00" id="inductionLoop.N1" nVehContrib="7" flow="252.00" occupancy="16.37" speed="7.57" harmonicMeanSpeed="2.14" length="5.00" nVehEntered="7"/>
    <interval begin="23400.00" end="23500.00" id="inductionLoop.N1" nVehContrib="6" flow="216.00" occupancy="24.12" speed="7.60" harmonicMeanSpeed="1.24" length="5.00" nVehEntered="6"/>
    <interval begin="23500.00" end="23600.00" id="inductionLoop.N1" nVehContrib="11" flow="396.00" occupancy="47.29" speed="5.30" harmonicMeanSpeed="1.16" length="5.00" nVehEntered="11"/>
    <interval begin="23600.00" end="23700.00" id="inductionLoop.N1" nVehContrib="7" flow="252.00" occupancy="21.74" speed="7.09" harmonicMeanSpeed="1.61" length="5.00" nVehEntered="7"/>
    <interval begin="23700.00" end="23800.00" id="inductionLoop.N1" nVehContrib="9" flow="324.00" occupancy="5.23" speed="10.74" harmonicMeanSpeed="8.60" length="5.00" nVehEntered="9"/>
    <interval begin="23800.00" end="23900.00" id="inductionLoop.N1" nVehContrib="7" flow="252.00" occupancy="5.41" speed="8.96" harmonicMeanSpeed="6.47" length="5.00" nVehEntered="7"/>
    <interval begin="23900.00" end="24000.00" id="inductionLoop.N1" nVehContrib="13" flow="468.00" occupancy="23.51" speed="9.10" harmonicMeanSpeed="2.81" length="5.00" nVehEntered="14"/>
    <interval begin="24000.00" end="24100.00" id="inductionLoop.N1" nVehContrib="6" flow="216.00" occupancy="69.18" speed="2.44" harmonicMeanSpeed="0.60" length="5.00" nVehEntered="6"/>
    <interval begin="24100.00" end="24200.00" id="inductionLoop.N1" nVehContrib="14" flow="504.00" occupancy="46.81" speed="5.83" harmonicMeanSpeed="1.05" length="5.00" nVehEntered="13"/>
    <interval begin="24200.00" end="24300.00" id="inductionLoop.N1" nVehContrib="12" flow="432.00" occupancy="39.22" speed="7.37" harmonicMeanSpeed="1.53" length="5.00" nVehEntered="12"/>
    <interval begin="24300.00" end="24400.00" id="inductionLoop.N1" nVehContrib="7" flow="252.00" occupancy="29.11" speed="9.84" harmonicMeanSpeed="1.83" length="5.00" nVehEntered="8"/>
    <interval begin="24400.00" end="24500.00" id="inductionLoop.N1" nVehContrib="8" flow="288.00" occupancy="76.55" speed="2.95" harmonicMeanSpeed="0.55" length="5.00" nVehEntered="8"/>
    <interval begin="24500.00" end="24600.00" id="inductionLoop.N1" nVehContrib="13" flow="468.00" occupancy="75.24" speed="5.54" harmonicMeanSpeed="0.78" length="5.00" nVehEntered="13"/>
    <interval begin="24600.00" end="24700.00" id="inductionLoop.N1" nVehContrib="18" flow="648.00" occupancy="69.75" speed="6.27" harmonicMeanSpeed="1.38" length="5.00" nVehEntered="18"/>
    <interval begin="24700.00" end="24800.00" id="inductionLoop.N1" nVehContrib="12" flow="432.00" occupancy="76.54" speed="5.45" harmonicMeanSpeed="1.08" length="5.00" nVehEntered="12"/>
    <interval begin="24800.00" end="24900.00" id="inductionLoop.N1" nVehContrib="15" flow="540.00" occupancy="60.89" speed="5.87" harmonicMeanSpeed="0.82" length="5.00" nVehEntered="14"/>
    <interval begin="24900.00" end="25000.00" id="inductionLoop.N1" nVehContrib="11" flow="396.00" occupancy="68.45" speed="6.42" harmonicMeanSpeed="1.08" length="5.00" nVehEntered="12"/>
    <interval begin="25000.00" end="25100.00" id="inductionLoop.N1" nVehContrib="12" flow="432.00" occupancy="77.46" speed="5.09" harmonicMeanSpeed="0.77" length="5.00" nVehEntered="12"/>
    <interval begin="25100.00" end="25200.00" id="inductionLoop.N1" nVehContrib="10" flow="360.00" occupancy="75.11" speed="3.73" harmonicMeanSpeed="0.71" length="5.00" nVehEntered="10"/>
    <interval begin="25200.00" end="25300.00" id="inductionLoop.N1" nVehContrib="12" flow="432.00" occupancy="60.40" speed="5.14" harmonicMeanSpeed="0.77" length="5.00" nVehEntered="12"/>
    <interval begin="25300.00" end="25400.00" id="inductionLoop.N1" nVehContrib="13" flow="468.00" occupancy="53.22" speed="7.98" harmonicMeanSpeed="2.23" length="5.00" nVehEntered="13"/>
    <interval begin="25400.00" end="25500.00" id="inductionLoop.N1" nVehContrib="9" flow="324.00" occupancy="70.19" speed="6.03" harmonicMeanSpeed="0.52" length="5.00" nVehEntered="11"/>
    <interval begin="25500.00" end="25600.00" id="inductionLoop.N1" nVehContrib="6" flow="216.00" occupancy="76.81" speed="4.71" harmonicMeanSpeed="0.72" length="5.00" nVehEntered="6"/>
    <interval begin="25600.00" end="25700.00" id="inductionLoop.N1" nVehContrib="8" flow="288.00" occupancy="36.86" speed="5.06" harmonicMeanSpeed="0.54" length="5.00" nVehEntered="7"/>
    <interval begin="25700.00" end="25800.00" id="inductionLoop.N1" nVehContrib="7" flow="252.00" occupancy="35.67" speed="5.87" harmonicMeanSpeed="1.39" length="5.00" nVehEntered="8"/>
    <interval begin="25800.00" end="25900.00" id="inductionLoop.N1" nVehContrib="13" flow="468.00" occupancy="49.83" speed="6.04" harmonicMeanSpeed="1.08" length="5.00" nVehEntered="12"/>
    <interval begin="25900.00" end="26000.00" id="inductionLoop.N1" nVehContrib="10" flow="360.00" occupancy="80.74" speed="5.54" harmonicMeanSpeed="0.73" length="5.00" nVehEntered="11"/>
    <interval begin="26000.00" end="26100.00" id="inductionLoop.N1" nVehContrib="6" flow="216.00" occupancy="69.69" speed="3.06" harmonicMeanSpeed="0.46" length="5.00" nVehEntered="6"/>
    <interval begin="26100.00" end="26200.00" id="inductionLoop.N1" nVehContrib="10" flow="360.00" occupancy="80.68" speed="5.07" harmonicMeanSpeed="0.59" length="5.00" nVehEntered="10"/>
    <interval begin="26200.00" end="26300.00" id="inductionLoop.N1" nVehContrib="8" flow="288.00" occupancy="50.70" speed="6.46" harmonicMeanSpeed="0.63" length="5.00" nVehEntered="7"/>
    <interval begin="26300.00" end="26400.00" id="inductionLoop.N1" nVehContrib="7" flow="252.00" occupancy="43.09" speed="5.71" harmonicMeanSpeed="0.81" length="5.00" nVehEntered="7"/>
    <interval begin="26400.00" end="26500.00" id="inductionLoop.N1" nVehContrib="2" flow="72.00" occupancy="1.00" speed="10.65" harmonicMeanSpeed="9.98" length="5.00" nVehEntered="2"/>
    <interval begin="26500.00" end="26600.00" id="inductionLoop.N1" nVehContrib="2" flow="72.00" occupancy="0.85" speed="12.23" harmonicMeanSpeed="11.72" length="5.00" nVehEntered="2"/>
    <interval begin="26600.00" end="26700.00" id="inductionLoop.N1" nVehContrib="2" flow="72.00" occupancy="0.83" speed="12.10" harmonicMeanSpeed="12.09" length="5.00" nVehEntered="2"/>
    <interval begin="26700.00" end="26800.00" id="inductionLoop.N1" nVehContrib="7" flow="252.00" occupancy="18.60" speed="11.63" harmonicMeanSpeed="1.88" length="5.00" nVehEntered="7"/>
    <interval begin="26800.00" end="26900.00" id="inductionLoop.N1" nVehContrib="8" flow="288.00" occupancy="32.61" speed="5.58" harmonicMeanSpeed="1.23" length="5.00" nVehEntered="8"/>
    <interval begin="26900.00" end="27000.00" id="inductionLoop.N1" nVehContrib="4" flow="144.00" occupancy="25.78" speed="8.20" harmonicMeanSpeed="7.91" length="5.00" nVehEntered="6"/>
    <interval begin="27000.00" end="27100.00" id="inductionLoop.N1" nVehContrib="5" flow="180.00" occupancy="80.28" speed="1.65" harmonicMeanSpeed="0.34" length="5.00" nVehEntered="6"/>
    <interval begin="27100.00" end="27200.00" id="inductionLoop.N1" nVehContrib="1" flow="36.00" occupancy="1.02" speed="4.92" harmonicMeanSpeed="4.92" length="5.00" nVehEntered="1"/>
    <interval begin="27200.00" end="27300.00" id="inductionLoop.N1" nVehContrib="6" flow="216.00" occupancy="12.31" speed="9.68" harmonicMeanSpeed="4.23" length="5.00" nVehEntered="7"/>
    <interval begin="27300.00" end="27400.00" id="inductionLoop.N1" nVehContrib="8" flow="288.00" occupancy="44.68" speed="5.23" harmonicMeanSpeed="0.80" length="5.00" nVehEntered="7"/>
    <interval begin="27400.00" end="27500.00" id="inductionLoop.N1" nVehContrib="8" flow="288.00" occupancy="32.26" speed="5.29" harmonicMeanSpeed="1.24" length="5.00" nVehEntered="8"/>
    <interval begin="27500.00" end="27600.00" id="inductionLoop.N1" nVehContrib="6" flow="216.00" occupancy="16.38" speed="4.40" harmonicMeanSpeed="1.83" length="5.00" nVehEntered="6"/>
    <interval begin="27600.00" end="27700.00" id="inductionLoop.N1" nVehContrib="8" flow="288.00" occupancy="42.07" speed="7.22" harmonicMeanSpeed="1.66" length="5.00" nVehEntered="9"/>
    <interval begin="27700.00" end="27800.00" id="inductionLoop.N1" nVehContrib="7" flow="252.00" occupancy="70.51" speed="2.69" harmonicMeanSpeed="0.56" length="5.00" nVehEntered="8"/>
    <interval begin="27800.00" end="27900.00" id="inductionLoop.N1" nVehContrib="13" flow="468.00" occupancy="71.35" speed="5.72" harmonicMeanSpeed="0.78" length="5.00" nVehEntered="13"/>
    <interval begin="27900.00" end="28000.00" id="inductionLoop.N1" nVehContrib="15" flow="540.00" occupancy="68.94" speed="6.09" harmonicMeanSpeed="0.93" length="5.00" nVehEntered="14"/>
    <interval begin="28000.00" end="28100.00" id="inductionLoop.N1" nVehContrib="5" flow="180.00" occupancy="10.45" speed="5.87" harmonicMeanSpeed="2.39" length="5.00" nVehEntered="5"/>
    <interval begin="28100.00" end="28200.00" id="inductionLoop.N1" nVehContrib="4" flow="144.00" occupancy="13.76" speed="9.49" harmonicMeanSpeed="1.45" length="5.00" nVehEntered="4"/>
    <interval begin="28200.00" end="28300.00" id="inductionLoop.N1" nVehContrib="5" flow="180.00" occupancy="3.30" speed="10.12" harmonicMeanSpeed="7.58" length="5.00" nVehEntered="5"/>
    <interval begin="28300.00" end="28400.00" id="inductionLoop.N1" nVehContrib="3" flow="108.00" occupancy="1.75" speed="10.68" harmonicMeanSpeed="8.58" length="5.00" nVehEntered="3"/>
    <interval begin="28400.00" end="28500.00" id="inductionLoop.N1" nVehContrib="3" flow="108.00" occupancy="1.92" speed="10.99" harmonicMeanSpeed="7.81" length="5.00" nVehEntered="3"/>
    <interval begin="28500.00" end="28600.00" id="inductionLoop.N1" nVehContrib="4" flow="144.00" occupancy="5.19" speed="5.45" harmonicMeanSpeed="3.85" length="5.00" nVehEntered="4"/>
    <interval begin="28600.00" end="28700.00" id="inductionLoop.N1" nVehContrib="2" flow="72.00" occupancy="1.87" speed="6.14" harmonicMeanSpeed="5.34" length="5.00" nVehEntered="2"/>
    <interval begin="28700.00" end="28800.00" id="inductionLoop.N1" nVehContrib="3" flow="108.00" occupancy="13.09" speed="9.37" harmonicMeanSpeed="7.07" length="5.00" nVehEntered="4"/>
    <interval begin="28800.00" end="28900.00" id="inductionLoop.N1" nVehContrib="5" flow="180.00" occupancy="15.08" speed="9.36" harmonicMeanSpeed="1.66" length="5.00" nVehEntered="5"/>
    <interval begin="28900.00" end="29000.00" id="inductionLoop.N1" nVehContrib="3" flow="108.00" occupancy="2.49" speed="8.99" harmonicMeanSpeed="6.01" length="5.00" nVehEntered="3"/>
    <interval begin="29000.00" end="29100.00" id="inductionLoop.N1" nVehContrib="5" flow="180.00" occupancy="14.68" speed="10.05" harmonicMeanSpeed="7.87" length="5.00" nVehEntered="6"/>
    <interval begin="29100.00" end="29200.00" id="inductionLoop.N1" nVehContrib="7" flow="252.00" occupancy="15.13" speed="7.48" harmonicMeanSpeed="1.31" length="5.00" nVehEntered="6"/>
    <interval begin="29200.00" end="29300.00" id="inductionLoop.N1" nVehContrib="8" flow="288.00" occupancy="4.02" speed="12.20" harmonicMeanSpeed="9.96" length="5.00" nVehEntered="8"/>
    <interval begin="29300.00" end="29400.00" id="inductionLoop.N1" nVehContrib="8" flow="288.00" occupancy="11.09" speed="10.27" harmonicMeanSpeed="3.61" length="5.00" nVehEntered="8"/>
    <interval begin="29400.00" end="29500.00" id="inductionLoop.N1" nVehContrib="5" flow="180.00" occupancy="19.24" speed="4.33" harmonicMeanSpeed="1.30" length="5.00" nVehEntered="5"/>
    <interval begin="29500.00" end="29600.00" id="inductionLoop.N1" nVehContrib="4" flow="144.00" occupancy="2.21" speed="11.69" harmonicMeanSpeed="9.04" length="5.00" nVehEntered="4"/>
    <interval begin="29600.00" end="29700.00" id="inductionLoop.N1" nVehContrib="2" flow="72.00" occupancy="0.69" speed="14.53" harmonicMeanSpeed="14.51" length="5.00" nVehEntered="2"/>
    <interval begin="29700.00" end="29800.00" id="inductionLoop.N1" nVehContrib="2" flow="72.00" occupancy="2.75" speed="3.68" harmonicMeanSpeed="3.63" length="5.00" nVehEntered="2"/>
    <interval begin="29800.00" end="29900.00" id="inductionLoop.N1" nVehContrib="0" flow="0.00" occupancy="0.00" speed="-1.00" harmonicMeanSpeed="-1.00" length="-1.00" nVehEntered="0"/>
    <interval begin="29900.00" end="30000.00" id="inductionLoop.N1" nVehContrib="2" flow="72.00" occupancy="1.46" speed="8.31" harmonicMeanSpeed="6.84" length="5.00" nVehEntered="2"/>
    <interval begin="30000.00" end="30100.00" id="inductionLoop.N1" nVehContrib="4" flow="144.00" occupancy="1.68" speed="11.96" harmonicMeanSpeed="11.92" length="5.00" nVehEntered="4"/>
    <interval begin="30100.00" end="30200.00" id="inductionLoop.N1" nVehContrib="0" flow="0.00" occupancy="0.00" speed="-1.00" harmonicMeanSpeed="-1.00" length="-1.00" nVehEntered="0"/>
    <interval begin="30200.00" end="30300.00" id="inductionLoop.N1" nVehContrib="1" flow="36.00" occupancy="0.35" speed="14.13" harmonicMeanSpeed="14.13" length="5.00" nVehEntered="1"/>
    <interval begin="30300.00" end="30400.00" id="inductionLoop.N1" nVehContrib="0" flow="0.00" occupancy="0.00" speed="-1.00" harmonicMeanSpeed="-1.00" length="-1.00" nVehEntered="0"/>
    <interval begin="30400.00" end="30500.00" id="inductionLoop.N1" nVehContrib="1" flow="36.00" occupancy="0.36" speed="13.93" harmonicMeanSpeed="13.93" length="5.00" nVehEntered="1"/>
    <interval begin="30500.00" end="30600.00" id="inductionLoop.N1" nVehContrib="3" flow="108.00" occupancy="2.31" speed="8.79" harmonicMeanSpeed="6.50" length="5.00" nVehEntered="3"/>
    <interval begin="30600.00" end="30700.00" id="inductionLoop.N1" nVehContrib="0" flow="0.00" occupancy="0.00" speed="-1.00" harmonicMeanSpeed="-1.00" length="-1.00" nVehEntered="0"/>
    <interval begin="30700.00" end="30800.00" id="inductionLoop.N1" nVehContrib="0" flow="0.00" occupancy="0.00" speed="-1.00" harmonicMeanSpeed="-1.00" length="-1.00" nVehEntered="0"/>
    <interval begin="30800.00" end="30900.00" id="inductionLoop.N1" nVehContrib="0" flow="0.00" occupancy="0.00" speed="-1.00" harmonicMeanSpeed="-1.00" length="-1.00" nVehEntered="0"/>
    <interval begin="30900.00" end="31000.00" id="inductionLoop.N1" nVehContrib="0" flow="0.00" occupancy="0.00" speed="-1.00" harmonicMeanSpeed="-1.00" length="-1.00" nVehEntered="0"/>
    <interval begin="31000.00" end="31100.00" id="inductionLoop.N1" nVehContrib="0" flow="0.00" occupancy="0.00" speed="-1.00" harmonicMeanSpeed="-1.00" length="-1.00" nVehEntered="0"/>
    <interval begin="31100.00" end="31200.00" id="inductionLoop.N1" nVehContrib="0" flow="0.00" occupancy="0.00" speed="-1.00" harmonicMeanSpeed="-1.00" length="-1.00" nVehEntered="0"/>
    <interval begin="31200.00" end="31300.00" id="inductionLoop.N1" nVehContrib="0" flow="0.00" occupancy="0.00" speed="-1.00" harmonicMeanSpeed="-1.00" length="-1.00" nVehEntered="0"/>
    <interval begin="31300.00" end="31400.00" id="inductionLoop.N1" nVehContrib="0" flow="0.00" occupancy="0.00" speed="-1.00" harmonicMeanSpeed="-1.00" length="-1.00" nVehEntered="0"/>
    <interval begin="31400.00" end="31500.00" id="inductionLoop.N1" nVehContrib="0" flow="0.00" occupancy="0.00" speed="-1.00" harmonicMeanSpeed="-1.00" length="-1.00" nVehEntered="0"/>
    <interval begin="31500.00" end="31600.00" id="inductionLoop.N1" nVehContrib="0" flow="0.00" occupancy="0.00" speed="-1.00" harmonicMeanSpeed="-1.00" length="-1.00" nVehEntered="0"/>
    <interval begin="31600.00" end="31700.00" id="inductionLoop.N1" nVehContrib="0" flow="0.00" occupancy="0.00" speed="-1.00" harmonicMeanSpeed="-1.00" length="-1.00" nVehEntered="0"/>
    <interval begin="31700.00" end="31800.00" id="inductionLoop.N1" nVehContrib="0" flow="0.00" occupancy="0.00" speed="-1.00" harmonicMeanSpeed="-1.00" length="-1.00" nVehEntered="0"/>
    <interval begin="31800.00" end="31900.00" id="inductionLoop.N1" nVehContrib="0" flow="0.00" occupancy="0.00" speed="-1.00" harmonicMeanSpeed="-1.00" length="-1.00" nVehEntered="0"/>
    <interval begin="31900.00" end="32000.00" id="inductionLoop.N1" nVehContrib="0" flow="0.00" occupancy="0.00" speed="-1.00" harmonicMeanSpeed="-1.00" length="-1.00" nVehEntered="0"/>
    <interval begin="32000.00" end="32100.00" id="inductionLoop.N1" nVehContrib="0" flow="0.00" occupancy="0.00" speed="-1.00" harmonicMeanSpeed="-1.00" length="-1.00" nVehEntered="0"/>
    <interval begin="32100.00" end="32200.00" id="inductionLoop.N1" nVehContrib="1" flow="36.00" occupancy="1.20" speed="4.17" harmonicMeanSpeed="4.17" length="5.00" nVehEntered="1"/>
    <interval begin="32200.00" end="32300.00" id="inductionLoop.N1" nVehContrib="1" flow="36.00" occupancy="0.36" speed="13.79" harmonicMeanSpeed="13.79" length="5.00" nVehEntered="1"/>
    <interval begin="32300.00" end="32400.00" id="inductionLoop.N1" nVehContrib="2" flow="72.00" occupancy="0.88" speed="11.43" harmonicMeanSpeed="11.43" length="5.00" nVehEntered="2"/>
    <interval begin="32400.00" end="32500.00" id="inductionLoop.N1" nVehContrib="0" flow="0.00" occupancy="0.00" speed="-1.00" harmonicMeanSpeed="-1.00" length="-1.00" nVehEntered="0"/>
    <interval begin="32500.00" end="32600.00" id="inductionLoop.N1" nVehContrib="0" flow="0.00" occupancy="0.00" speed="-1.00" harmonicMeanSpeed="-1.00" length="-1.00" nVehEntered="0"/>
    <interval begin="32600.00" end="32700.00" id="inductionLoop.N1" nVehContrib="0" flow="0.00" occupancy="0.00" speed="-1.00" harmonicMeanSpeed="-1.00" length="-1.00" nVehEntered="0"/>
    <interval begin="32700.00" end="32800.00" id="inductionLoop.N1" nVehContrib="2" flow="72.00" occupancy="2.14" speed="6.68" harmonicMeanSpeed="4.68" length="5.00" nVehEntered="2"/>
    <interval begin="32800.00" end="32900.00" id="inductionLoop.N1" nVehContrib="3" flow="108.00" occupancy="2.16" speed="8.28" harmonicMeanSpeed="6.94" length="5.00" nVehEntered="3"/>
    <interval begin="32900.00" end="33000.00" id="inductionLoop.N1" nVehContrib="6" flow="216.00" occupancy="3.37" speed="9.40" harmonicMeanSpeed="8.91" length="5.00" nVehEntered="6"/>
    <interval begin="33000.00" end="33100.00" id="inductionLoop.N1" nVehContrib="1" flow="36.00" occupancy="0.31" speed="16.35" harmonicMeanSpeed="16.35" length="5.00" nVehEntered="1"/>
    <interval begin="33100.00" end="33200.00" id="inductionLoop.N1" nVehContrib="1" flow="36.00" occupancy="0.46" speed="10.84" harmonicMeanSpeed="10.84" length="5.00" nVehEntered="1"/>
    <interval begin="33200.00" end="33300.00" id="inductionLoop.N1" nVehContrib="5" flow="180.00" occupancy="1.91" speed="13.23" harmonicMeanSpeed="13.06" length="5.00" nVehEntered="5"/>
    <interval begin="33300.00" end="33400.00" id="inductionLoop.N1" nVehContrib="2" flow="72.00" occupancy="0.98" speed="10.57" harmonicMeanSpeed="10.17" length="5.00" nVehEntered="2"/>
    <interval begin="33400.00" end="33500.00" id="inductionLoop.N1" nVehContrib="3" flow="108.00" occupancy="1.19" speed="12.69" harmonicMeanSpeed="12.55" length="5.00" nVehEntered="3"/>
    <interval begin="33500.00" end="33600.00" id="inductionLoop.N1" nVehContrib="2" flow="72.00" occupancy="0.78" speed="12.87" harmonicMeanSpeed="12.86" length="5.00" nVehEntered="2"/>
    <interval begin="33600.00" end="33700.00" id="inductionLoop.N1" nVehContrib="1" flow="36.00" occupancy="0.34" speed="14.73" harmonicMeanSpeed="14.73" length="5.00" nVehEntered="1"/>
    <interval begin="33700.00" end="33800.00" id="inductionLoop.N1" nVehContrib="0" flow="0.00" occupancy="0.00" speed="-1.00" harmonicMeanSpeed="-1.00" length="-1.00" nVehEntered="0"/>
    <interval begin="33800.00" end="33900.00" id="inductionLoop.N1" nVehContrib="0" flow="0.00" occupancy="0.00" speed="-1.00" harmonicMeanSpeed="-1.00" length="-1.00" nVehEntered="0"/>
    <interval begin="33900.00" end="34000.00" id="inductionLoop.N1" nVehContrib="0" flow="0.00" occupancy="0.00" speed="-1.00" harmonicMeanSpeed="-1.00" length="-1.00" nVehEntered="0"/>
    <interval begin="34000.00" end="34100.00" id="inductionLoop.N1" nVehContrib="0" flow="0.00" occupancy="0.00" speed="-1.00" harmonicMeanSpeed="-1.00" length="-1.00" nVehEntered="0"/>
    <interval begin="34100.00" end="34200.00" id="inductionLoop.N1" nVehContrib="0" flow="0.00" occupancy="0.00" speed="-1.00" harmonicMeanSpeed="-1.00" length="-1.00" nVehEntered="0"/>
    <interval begin="34200.00" end="34300.00" id="inductionLoop.N1" nVehContrib="0" flow="0.00" occupancy="0.00" speed="-1.00" harmonicMeanSpeed="-1.00" length="-1.00" nVehEntered="0"/>
    <interval begin="34300.00" end="34400.00" id="inductionLoop.N1" nVehContrib="1" flow="36.00" occupancy="0.43" speed="11.60" harmonicMeanSpeed="11.60" length="5.00" nVehEntered="1"/>
    <interval begin="34400.00" end="34500.00" id="inductionLoop.N1" nVehContrib="0" flow="0.00" occupancy="0.00" speed="-1.00" harmonicMeanSpeed="-1.00" length="-1.00" nVehEntered="0"/>
    <interval begin="34500.00" end="34600.00" id="inductionLoop.N1" nVehContrib="2" flow="72.00" occupancy="0.82" speed="12.50" harmonicMeanSpeed="12.26" length="5.00" nVehEntered="2"/>
    <interval begin="34600.00" end="34700.00" id="inductionLoop.N1" nVehContrib="6" flow="216.00" occupancy="6.87" speed="9.31" harmonicMeanSpeed="4.36" length="5.00" nVehEntered="6"/>
    <interval begin="34700.00" end="34800.00" id="inductionLoop.N1" nVehContrib="9" flow="324.00" occupancy="35.53" speed="6.96" harmonicMeanSpeed="1.69" length="5.00" nVehEntered="10"/>
    <interval begin="34800.00" end="34900.00" id="inductionLoop.N1" nVehContrib="6" flow="216.00" occupancy="48.01" speed="2.79" harmonicMeanSpeed="0.58" length="5.00" nVehEntered="6"/>
    <interval begin="34900.00" end="35000.00" id="inductionLoop.N1" nVehContrib="6" flow="216.00" occupancy="42.16" speed="6.60" harmonicMeanSpeed="0.83" length="5.00" nVehEntered="6"/>
    <interval begin="35000.00" end="35100.00" id="inductionLoop.N1" nVehContrib="14" flow="504.00" occupancy="58.38" speed="5.99" harmonicMeanSpeed="1.01" length="5.00" nVehEntered="13"/>
    <interval begin="35100.00" end="35200.00" id="inductionLoop.N1" nVehContrib="8" flow="288.00" occupancy="46.03" speed="6.32" harmonicMeanSpeed="0.96" length="5.00" nVehEntered="9"/>
    <interval begin="35200.00" end="35300.00" id="inductionLoop.N1" nVehContrib="9" flow="324.00" occupancy="50.22" speed="5.70" harmonicMeanSpeed="0.90" length="5.00" nVehEntered="9"/>
    <interval begin="35300.00" end="35400.00" id="inductionLoop.N1" nVehContrib="7" flow="252.00" occupancy="22.89" speed="9.04" harmonicMeanSpeed="6.25" length="5.00" nVehEntered="8"/>
    <interval begin="35400.00" end="35500.00" id="inductionLoop.N1" nVehContrib="11" flow="396.00" occupancy="72.76" speed="4.77" harmonicMeanSpeed="0.61" length="5.00" nVehEntered="10"/>
    <interval begin="35500.00" end="35600.00" id="inductionLoop.N1" nVehContrib="5" flow="180.00" occupancy="13.46" speed="9.58" harmonicMeanSpeed="3.23" length="5.00" nVehEntered="6"/>
    <interval begin="35600.00" end="35700.00" id="inductionLoop.N1" nVehContrib="8" flow="288.00" occupancy="49.70" speed="6.84" harmonicMeanSpeed="1.10" length="5.00" nVehEntered="9"/>
    <interval begin="35700.00" end="35800.00" id="inductionLoop.N1" nVehContrib="10" flow="360.00" occupancy="56.09" speed="3.58" harmonicMeanSpeed="0.77" length="5.00" nVehEntered="10"/>
    <interval begin="35800.00" end="35900.00" id="inductionLoop.N1" nVehContrib="6" flow="216.00" occupancy="37.04" speed="6.85" harmonicMeanSpeed="0.92" length="5.00" nVehEntered="7"/>
    <interval begin="35900.00" end="36000.00" id="inductionLoop.N1" nVehContrib="4" flow="144.00" occupancy="12.50" speed="8.91" harmonicMeanSpeed="1.27" length="5.00" nVehEntered="3"/>
    <interval begin="36000.00" end="36100.00" id="inductionLoop.N1" nVehContrib="8" flow="288.00" occupancy="14.31" speed="9.55" harmonicMeanSpeed="2.82" length="5.00" nVehEntered="9"/>
    <interval begin="36100.00" end="36200.00" id="inductionLoop.N1" nVehContrib="8" flow="288.00" occupancy="83.96" speed="5.31" harmonicMeanSpeed="0.80" length="5.00" nVehEntered="8"/>
    <interval begin="36200.00" end="36300.00" id="inductionLoop.N1" nVehContrib="16" flow="576.00" occupancy="70.66" speed="7.57" harmonicMeanSpeed="1.44" length="5.00" nVehEntered="16"/>
    <interval begin="36300.00" end="36400.00" id="inductionLoop.N1" nVehContrib="17" flow="612.00" occupancy="62.52" speed="7.18" harmonicMeanSpeed="0.76" length="5.00" nVehEntered="17"/>
    <interval begin="36400.00" end="36500.00" id="inductionLoop.N1" nVehContrib="3" flow="108.00" occupancy="2.70" speed="5.85" harmonicMeanSpeed="5.47" length="5.00" nVehEntered="2"/>
    <interval begin="36500.00" end="36600.00" id="inductionLoop.N1" nVehContrib="5" flow="180.00" occupancy="2.16" speed="11.90" harmonicMeanSpeed="11.58" length="5.00" nVehEntered="5"/>
    <interval begin="36600.00" end="36700.00" id="inductionLoop.N1" nVehContrib="9" flow="324.00" occupancy="11.98" speed="7.93" harmonicMeanSpeed="3.76" length="5.00" nVehEntered="9"/>
    <interval begin="36700.00" end="36800.00" id="inductionLoop.N1" nVehContrib="11" flow="396.00" occupancy="32.08" speed="6.64" harmonicMeanSpeed="1.71" length="5.00" nVehEntered="11"/>
    <interval begin="36800.00" end="36900.00" id="inductionLoop.N1" nVehContrib="8" flow="288.00" occupancy="48.69" speed="3.98" harmonicMeanSpeed="0.82" length="5.00" nVehEntered="8"/>
    <interval begin="36900.00" end="37000.00" id="inductionLoop.N1" nVehContrib="7" flow="252.00" occupancy="56.26" speed="4.82" harmonicMeanSpeed="0.69" length="5.00" nVehEntered="8"/>
    <interval begin="37000.00" end="37100.00" id="inductionLoop.N1" nVehContrib="9" flow="324.00" occupancy="33.12" speed="6.47" harmonicMeanSpeed="5.02" length="5.00" nVehEntered="10"/>
    <interval begin="37100.00" end="37200.00" id="inductionLoop.N1" nVehContrib="3" flow="108.00" occupancy="29.64" speed="6.72" harmonicMeanSpeed="0.55" length="5.00" nVehEntered="4"/>
    <interval begin="37200.00" end="37300.00" id="inductionLoop.N1" nVehContrib="11" flow="396.00" occupancy="66.78" speed="3.45" harmonicMeanSpeed="0.83" length="5.00" nVehEntered="11"/>
    <interval begin="37300.00" end="37400.00" id="inductionLoop.N1" nVehContrib="8" flow="288.00" occupancy="19.85" speed="7.66" harmonicMeanSpeed="2.12" length="5.00" nVehEntered="8"/>
    <interval begin="37400.00" end="37500.00" id="inductionLoop.N1" nVehContrib="8" flow="288.00" occupancy="17.96" speed="7.97" harmonicMeanSpeed="2.23" length="5.00" nVehEntered="8"/>
    <interval begin="37500.00" end="37600.00" id="inductionLoop.N1" nVehContrib="11" flow="396.00" occupancy="30.32" speed="6.29" harmonicMeanSpeed="1.81" length="5.00" nVehEntered="11"/>
    <interval begin="37600.00" end="37700.00" id="inductionLoop.N1" nVehContrib="6" flow="216.00" occupancy="3.25" speed="9.70" harmonicMeanSpeed="9.23" length="5.00" nVehEntered="6"/>
    <interval begin="37700.00" end="37800.00" id="inductionLoop.N1" nVehContrib="6" flow="216.00" occupancy="7.10" speed="8.59" harmonicMeanSpeed="4.23" length="5.00" nVehEntered="6"/>
    <interval begin="37800.00" end="37900.00" id="inductionLoop.N1" nVehContrib="3" flow="108.00" occupancy="2.16" speed="10.58" harmonicMeanSpeed="6.93" length="5.00" nVehEntered="3"/>
    <interval begin="37900.00" end="38000.00" id="inductionLoop.N1" nVehContrib="7" flow="252.00" occupancy="21.87" speed="7.53" harmonicMeanSpeed="1.60" length="5.00" nVehEntered="7"/>
    <interval begin="38000.00" end="38100.00" id="inductionLoop.N1" nVehContrib="10" flow="360.00" occupancy="8.73" speed="10.57" harmonicMeanSpeed="5.73" length="5.00" nVehEntered="10"/>
    <interval begin="38100.00" end="38200.00" id="inductionLoop.N1" nVehContrib="7" flow="252.00" occupancy="37.47" speed="8.64" harmonicMeanSpeed="1.77" length="5.00" nVehEntered="8"/>
    <interval begin="38200.00" end="38300.00" id="inductionLoop.N1" nVehContrib="10" flow="360.00" occupancy="83.07" speed="6.87" harmonicMeanSpeed="1.11" length="5.00" nVehEntered="10"/>
    <interval begin="38300.00" end="38400.00" id="inductionLoop.N1" nVehContrib="15" flow="540.00" occupancy="72.90" speed="5.42" harmonicMeanSpeed="0.58" length="5.00" nVehEntered="14"/>
    <interval begin="38400.00" end="38500.00" id="inductionLoop.N1" nVehContrib="14" flow="504.00" occupancy="16.35" speed="6.61" harmonicMeanSpeed="5.23" length="5.00" nVehEntered="15"/>
    <interval begin="38500.00" end="38600.00" id="inductionLoop.N1" nVehContrib="15" flow="540.00" occupancy="74.66" speed="5.60" harmonicMeanSpeed="0.97" length="5.00" nVehEntered="15"/>
    <interval begin="38600.00" end="38700.00" id="inductionLoop.N1" nVehContrib="11" flow="396.00" occupancy="60.15" speed="6.88" harmonicMeanSpeed="1.29" length="5.00" nVehEntered="11"/>
    <interval begin="38700.00" end="38800.00" id="inductionLoop.N1" nVehContrib="3" flow="108.00" occupancy="32.15" speed="3.16" harmonicMeanSpeed="0.50" length="5.00" nVehEntered="4"/>
    <interval begin="38800.00" end="38900.00" id="inductionLoop.N1" nVehContrib="6" flow="216.00" occupancy="65.93" speed="4.92" harmonicMeanSpeed="0.51" length="5.00" nVehEntered="7"/>
    <interval begin="38900.00" end="39000.00" id="inductionLoop.N1" nVehContrib="7" flow="252.00" occupancy="86.07" speed="2.52" harmonicMeanSpeed="0.38" length="5.00" nVehEntered="7"/>
    <interval begin="39000.00" end="39100.00" id="inductionLoop.N1" nVehContrib="14" flow="504.00" occupancy="76.69" speed="6.56" harmonicMeanSpeed="0.98" length="5.00" nVehEntered="14"/>
    <interval begin="39100.00" end="39200.00" id="inductionLoop.N1" nVehContrib="8" flow="288.00" occupancy="83.72" speed="3.62" harmonicMeanSpeed="0.69" length="5.00" nVehEntered="8"/>
    <interval begin="39200.00" end="39300.00" id="inductionLoop.N1" nVehContrib="16" flow="576.00" occupancy="72.62" speed="6.22" harmonicMeanSpeed="0.85" length="5.00" nVehEntered="16"/>
    <interval begin="39300.00" end="39400.00" id="inductionLoop.N1" nVehContrib="11" flow="396.00" occupancy="80.45" speed="5.96" harmonicMeanSpeed="0.68" length="5.00" nVehEntered="11"/>
    <interval begin="39400.00" end="39500.00" id="inductionLoop.N1" nVehContrib="15" flow="540.00" occupancy="74.88" speed="6.79" harmonicMeanSpeed="0.96" length="5.00" nVehEntered="15"/>
    <interval begin="39500.00" end="39600.00" id="inductionLoop.N1" nVehContrib="14" flow="504.00" occupancy="77.39" speed="6.25" harmonicMeanSpeed="0.84" length="5.00" nVehEntered="13"/>
    <interval begin="39600.00" end="39700.00" id="inductionLoop.N1" nVehContrib="11" flow="396.00" occupancy="81.08" speed="7.51" harmonicMeanSpeed="0.68" length="5.00" nVehEntered="11"/>
    <interval begin="39700.00" end="39800.00" id="inductionLoop.N1" nVehContrib="9" flow="324.00" occupancy="86.01" speed="6.44" harmonicMeanSpeed="0.52" length="5.00" nVehEntered="9"/>
    <interval begin="39800.00" end="39900.00" id="inductionLoop.N1" nVehContrib="13" flow="468.00" occupancy="77.91" speed="6.86" harmonicMeanSpeed="2.48" length="5.00" nVehEntered="14"/>
    <interval begin="39900.00" end="40000.00" id="inductionLoop.N1" nVehContrib="11" flow="396.00" occupancy="82.06" speed="6.51" harmonicMeanSpeed="0.73" length="5.00" nVehEntered="11"/>
    <interval begin="40000.00" end="40100.00" id="inductionLoop.N1" nVehContrib="13" flow="468.00" occupancy="74.90" speed="5.87" harmonicMeanSpeed="0.49" length="5.00" nVehEntered="12"/>
    <interval begin="40100.00" end="40200.00" id="inductionLoop.N1" nVehContrib="16" flow="576.00" occupancy="71.46" speed="6.72" harmonicMeanSpeed="2.88" length="5.00" nVehEntered="17"/>
    <interval begin="40200.00" end="40300.00" id="inductionLoop.N1" nVehContrib="15" flow="540.00" occupancy="73.83" speed="6.32" harmonicMeanSpeed="0.96" length="5.00" nVehEntered="15"/>
    <interval begin="40300.00" end="40400.00" id="inductionLoop.N1" nVehContrib="10" flow="360.00" occupancy="82.24" speed="5.33" harmonicMeanSpeed="0.57" length="5.00" nVehEntered="10"/>
    <interval begin="40400.00" end="40500.00" id="inductionLoop.N1" nVehContrib="24" flow="864.00" occupancy="58.04" speed="7.44" harmonicMeanSpeed="2.06" length="5.00" nVehEntered="24"/>
    <interval begin="40500.00" end="40600.00" id="inductionLoop.N1" nVehContrib="11" flow="396.00" occupancy="66.62" speed="5.50" harmonicMeanSpeed="0.84" length="5.00" nVehEntered="11"/>
    <interval begin="40600.00" end="40700.00" id="inductionLoop.N1" nVehContrib="6" flow="216.00" occupancy="87.20" speed="4.30" harmonicMeanSpeed="0.34" length="5.00" nVehEntered="6"/>
    <interval begin="40700.00" end="40800.00" id="inductionLoop.N1" nVehContrib="9" flow="324.00" occupancy="82.77" speed="3.63" harmonicMeanSpeed="0.40" length="5.00" nVehEntered="9"/>
    <interval begin="40800.00" end="40900.00" id="inductionLoop.N1" nVehContrib="21" flow="756.00" occupancy="67.17" speed="7.83" harmonicMeanSpeed="1.49" length="5.00" nVehEntered="21"/>
    <interval begin="40900.00" end="41000.00" id="inductionLoop.N1" nVehContrib="15" flow="540.00" occupancy="74.82" speed="6.19" harmonicMeanSpeed="0.98" length="5.00" nVehEntered="15"/>
    <interval begin="41000.00" end="41100.00" id="inductionLoop.N1" nVehContrib="8" flow="288.00" occupancy="85.71" speed="5.11" harmonicMeanSpeed="0.46" length="5.00" nVehEntered="7"/>
    <interval begin="41100.00" end="41200.00" id="inductionLoop.N1" nVehContrib="14" flow="504.00" occupancy="75.87" speed="6.16" harmonicMeanSpeed="1.62" length="5.00" nVehEntered="15"/>
    <interval begin="41200.00" end="41300.00" id="inductionLoop.N1" nVehContrib="19" flow="684.00" occupancy="65.21" speed="5.94" harmonicMeanSpeed="0.97" length="5.00" nVehEntered="18"/>
    <interval begin="41300.00" end="41400.00" id="inductionLoop.N1" nVehContrib="10" flow="360.00" occupancy="7.10" speed="7.56" harmonicMeanSpeed="7.04" length="5.00" nVehEntered="10"/>
    <interval begin="41400.00" end="41500.00" id="inductionLoop.N1" nVehContrib="12" flow="432.00" occupancy="78.08" speed="7.00" harmonicMeanSpeed="1.58" length="5.00" nVehEntered="13"/>
    <interval begin="41500.00" end="41600.00" id="inductionLoop.N1" nVehContrib="13" flow="468.00" occupancy="78.48" speed="7.35" harmonicMeanSpeed="0.94" length="5.00" nVehEntered="13"/>
    <interval begin="41600.00" end="41700.00" id="inductionLoop.N1" nVehContrib="6" flow="216.00" occupancy="88.93" speed="5.24" harmonicMeanSpeed="0.24" length="5.00" nVehEntered="6"/>
    <interval begin="41700.00" end="41800.00" id="inductionLoop.N1" nVehContrib="18" flow="648.00" occupancy="70.86" speed="8.28" harmonicMeanSpeed="2.25" length="5.00" nVehEntered="18"/>
    <interval begin="41800.00" end="41900.00" id="inductionLoop.N1" nVehContrib="15" flow="540.00" occupancy="66.90" speed="6.22" harmonicMeanSpeed="0.71" length="5.00" nVehEntered="15"/>
    <interval begin="41900.00" end="42000.00" id="inductionLoop.N1" nVehContrib="2" flow="72.00" occupancy="88.85" speed="1.63" harmonicMeanSpeed="0.15" length="5.00" nVehEntered="4"/>
    <interval begin="42000.00" end="42100.00" id="inductionLoop.N1" nVehContrib="8" flow="288.00" occupancy="28.12" speed="6.52" harmonicMeanSpeed="1.42" length="5.00" nVehEntered="8"/>
    <interval begin="42100.00" end="42200.00" id="inductionLoop.N1" nVehContrib="8" flow="288.00" occupancy="42.25" speed="5.71" harmonicMeanSpeed="1.37" length="5.00" nVehEntered="11"/>
    <interval begin="42200.00" end="42300.00" id="inductionLoop.N1" nVehContrib="8" flow="288.00" occupancy="86.17" speed="6.26" harmonicMeanSpeed="0.77" length="5.00" nVehEntered="8"/>
    <interval begin="42300.00" end="42400.00" id="inductionLoop.N1" nVehContrib="14" flow="504.00" occupancy="75.46" speed="5.56" harmonicMeanSpeed="0.64" length="5.00" nVehEntered="14"/>
    <interval begin="42400.00" end="42500.00" id="inductionLoop.N1" nVehContrib="17" flow="612.00" occupancy="72.62" speed="7.15" harmonicMeanSpeed="1.68" length="5.00" nVehEntered="17"/>
    <interval begin="42500.00" end="42600.00" id="inductionLoop.N1" nVehContrib="9" flow="324.00" occupancy="84.09" speed="4.27" harmonicMeanSpeed="0.40" length="5.00" nVehEntered="8"/>
    <interval begin="42600.00" end="42700.00" id="inductionLoop.N1" nVehContrib="10" flow="360.00" occupancy="83.98" speed="8.08" harmonicMeanSpeed="8.02" length="5.00" nVehEntered="11"/>
    <interval begin="42700.00" end="42800.00" id="inductionLoop.N1" nVehContrib="12" flow="432.00" occupancy="36.71" speed="7.04" harmonicMeanSpeed="3.04" length="5.00" nVehEntered="14"/>
    <interval begin="42800.00" end="42900.00" id="inductionLoop.N1" nVehContrib="13" flow="468.00" occupancy="42.50" speed="8.56" harmonicMeanSpeed="2.12" length="5.00" nVehEntered="13"/>
    <interval begin="42900.00" end="43000.00" id="inductionLoop.N1" nVehContrib="1" flow="36.00" occupancy="3.05" speed="4.76" harmonicMeanSpeed="4.76" length="5.00" nVehEntered="1"/>
    <interval begin="43000.00" end="43100.00" id="inductionLoop.N1" nVehContrib="13" flow="468.00" occupancy="42.81" speed="5.67" harmonicMeanSpeed="2.50" length="5.00" nVehEntered="17"/>
    <interval begin="43100.00" end="43200.00" id="inductionLoop.N1" nVehContrib="7" flow="252.00" occupancy="50.07" speed="4.99" harmonicMeanSpeed="0.59" length="5.00" nVehEntered="6"/>
    <interval begin="43200.00" end="43300.00" id="inductionLoop.N1" nVehContrib="2" flow="72.00" occupancy="2.13" speed="4.69" harmonicMeanSpeed="4.69" length="5.00" nVehEntered="2"/>
    <interval begin="43300.00" end="43400.00" id="inductionLoop.N1" nVehContrib="10" flow="360.00" occupancy="41.39" speed="6.28" harmonicMeanSpeed="1.21" length="5.00" nVehEntered="10"/>
    <interval begin="43400.00" end="43500.00" id="inductionLoop.N1" nVehContrib="9" flow="324.00" occupancy="80.40" speed="5.24" harmonicMeanSpeed="0.56" length="5.00" nVehEntered="9"/>
    <interval begin="43500.00" end="43600.00" id="inductionLoop.N1" nVehContrib="8" flow="288.00" occupancy="5.88" speed="11.59" harmonicMeanSpeed="11.32" length="5.00" nVehEntered="10"/>
    <interval begin="43600.00" end="43700.00" id="inductionLoop.N1" nVehContrib="11" flow="396.00" occupancy="66.19" speed="6.25" harmonicMeanSpeed="0.81" length="5.00" nVehEntered="10"/>
    <interval begin="43700.00" end="43800.00" id="inductionLoop.N1" nVehContrib="10" flow="360.00" occupancy="5.31" speed="10.16" harmonicMeanSpeed="9.42" length="5.00" nVehEntered="10"/>
    <interval begin="43800.00" end="43900.00" id="inductionLoop.N1" nVehContrib="3" flow="108.00" occupancy="29.98" speed="3.56" harmonicMeanSpeed="0.52" length="5.00" nVehEntered="5"/>
    <interval begin="43900.00" end="44000.00" id="inductionLoop.N1" nVehContrib="9" flow="324.00" occupancy="83.32" speed="7.70" harmonicMeanSpeed="4.39" length="5.00" nVehEntered="9"/>
    <interval begin="44000.00" end="44100.00" id="inductionLoop.N1" nVehContrib="9" flow="324.00" occupancy="71.58" speed="4.12" harmonicMeanSpeed="0.31" length="5.00" nVehEntered="8"/>
    <interval begin="44100.00" end="44200.00" id="inductionLoop.N1" nVehContrib="2" flow="72.00" occupancy="15.33" speed="4.47" harmonicMeanSpeed="4.09" length="5.00" nVehEntered="4"/>
    <interval begin="44200.00" end="44300.00" id="inductionLoop.N1" nVehContrib="9" flow="324.00" occupancy="82.63" speed="4.66" harmonicMeanSpeed="0.53" length="5.00" nVehEntered="9"/>
    <interval begin="44300.00" end="44400.00" id="inductionLoop.N1" nVehContrib="21" flow="756.00" occupancy="60.08" speed="7.59" harmonicMeanSpeed="2.31" length="5.00" nVehEntered="22"/>
    <interval begin="44400.00" end="44500.00" id="inductionLoop.N1" nVehContrib="9" flow="324.00" occupancy="79.36" speed="4.83" harmonicMeanSpeed="0.50" length="5.00" nVehEntered="8"/>
    <interval begin="44500.00" end="44600.00" id="inductionLoop.N1" nVehContrib="4" flow="144.00" occupancy="6.08" speed="8.43" harmonicMeanSpeed="6.98" length="5.00" nVehEntered="6"/>
    <interval begin="44600.00" end="44700.00" id="inductionLoop.N1" nVehContrib="9" flow="324.00" occupancy="57.52" speed="7.02" harmonicMeanSpeed="2.16" length="5.00" nVehEntered="9"/>
    <interval begin="44700.00" end="44800.00" id="inductionLoop.N1" nVehContrib="4" flow="144.00" occupancy="91.68" speed="2.73" harmonicMeanSpeed="0.15" length="5.00" nVehEntered="3"/>
    <interval begin="44800.00" end="44900.00" id="inductionLoop.N1" nVehContrib="10" flow="360.00" occupancy="63.56" speed="6.71" harmonicMeanSpeed="5.38" length="5.00" nVehEntered="11"/>
    <interval begin="44900.00" end="45000.00" id="inductionLoop.N1" nVehContrib="17" flow="612.00" occupancy="48.09" speed="8.53" harmonicMeanSpeed="0.83" length="5.00" nVehEntered="16"/>
    <interval begin="45000.00" end="45100.00" id="inductionLoop.N1" nVehContrib="2" flow="72.00" occupancy="53.78" speed="11.50" harmonicMeanSpeed="10.88" length="5.00" nVehEntered="4"/>
    <interval begin="45100.00" end="45200.00" id="inductionLoop.N1" nVehContrib="12" flow="432.00" occupancy="73.29" speed="6.83" harmonicMeanSpeed="0.48" length="5.00" nVehEntered="12"/>
    <interval begin="45200.00" end="45300.00" id="inductionLoop.N1" nVehContrib="0" flow="0.00" occupancy="93.99" speed="-1.00" harmonicMeanSpeed="-1.00" length="-1.00" nVehEntered="2"/>
    <interval begin="45300.00" end="45400.00" id="inductionLoop.N1" nVehContrib="5" flow="180.00" occupancy="82.18" speed="2.73" harmonicMeanSpeed="0.19" length="5.00" nVehEntered="5"/>
    <interval begin="45400.00" end="45500.00" id="inductionLoop.N1" nVehContrib="3" flow="108.00" occupancy="92.45" speed="0.21" harmonicMeanSpeed="0.11" length="5.00" nVehEntered="3"/>
    <interval begin="45500.00" end="45600.00" id="inductionLoop.N1" nVehContrib="5" flow="180.00" occupancy="90.82" speed="5.06" harmonicMeanSpeed="0.74" length="5.00" nVehEntered="5"/>
    <interval begin="45600.00" end="45700.00" id="inductionLoop.N1" nVehContrib="3" flow="108.00" occupancy="92.29" speed="0.19" harmonicMeanSpeed="0.12" length="5.00" nVehEntered="3"/>
    <interval begin="45700.00" end="45800.00" id="inductionLoop.N1" nVehContrib="24" flow="864.00" occupancy="61.06" speed="7.03" harmonicMeanSpeed="1.37" length="5.00" nVehEntered="24"/>
    <interval begin="45800.00" end="45900.00" id="inductionLoop.N1" nVehContrib="18" flow="648.00" occupancy="73.68" speed="7.84" harmonicMeanSpeed="7.80" length="5.00" nVehEntered="18"/>
    <interval begin="45900.00" end="46000.00" id="inductionLoop.N1" nVehContrib="21" flow="756.00" occupancy="64.49" speed="6.14" harmonicMeanSpeed="0.83" length="5.00" nVehEntered="20"/>
    <interval begin="46000.00" end="46100.00" id="inductionLoop.N1" nVehContrib="9" flow="324.00" occupancy="5.84" speed="7.99" harmonicMeanSpeed="7.71" length="5.00" nVehEntered="9"/>
    <interval begin="46100.00" end="46200.00" id="inductionLoop.N1" nVehContrib="2" flow="72.00" occupancy="79.67" speed="2.25" harmonicMeanSpeed="0.18" length="5.00" nVehEntered="3"/>
    <interval begin="46200.00" end="46300.00" id="inductionLoop.N1" nVehContrib="3" flow="108.00" occupancy="94.24" speed="2.70" harmonicMeanSpeed="0.17" length="5.00" nVehEntered="3"/>
    <interval begin="46300.00" end="46400.00" id="inductionLoop.N1" nVehContrib="1" flow="36.00" occupancy="97.53" speed="0.12" harmonicMeanSpeed="0.12" length="5.00" nVehEntered="1"/>
    <interval begin="46400.00" end="46500.00" id="inductionLoop.N1" nVehContrib="19" flow="684.00" occupancy="68.40" speed="6.97" harmonicMeanSpeed="0.63" length="5.00" nVehEntered="19"/>
    <interval begin="46500.00" end="46600.00" id="inductionLoop.N1" nVehContrib="18" flow="648.00" occupancy="72.80" speed="8.91" harmonicMeanSpeed="8.82" length="5.00" nVehEntered="18"/>
    <interval begin="46600.00" end="46700.00" id="inductionLoop.N1" nVehContrib="2" flow="72.00" occupancy="95.17" speed="0.08" harmonicMeanSpeed="0.08" length="5.00" nVehEntered="2"/>
    <interval begin="46700.00" end="46800.00" id="inductionLoop.N1" nVehContrib="14" flow="504.00" occupancy="77.47" speed="5.87" harmonicMeanSpeed="0.64" length="5.00" nVehEntered="13"/>
    <interval begin="46800.00" end="46900.00" id="inductionLoop.N1" nVehContrib="14" flow="504.00" occupancy="75.93" speed="8.54" harmonicMeanSpeed="8.41" length="5.00" nVehEntered="15"/>
    <interval begin="46900.00" end="47000.00" id="inductionLoop.N1" nVehContrib="7" flow="252.00" occupancy="87.43" speed="5.72" harmonicMeanSpeed="0.33" length="5.00" nVehEntered="7"/>
    <interval begin="47000.00" end="47100.00" id="inductionLoop.N1" nVehContrib="16" flow="576.00" occupancy="74.38" speed="6.50" harmonicMeanSpeed="0.79" length="5.00" nVehEntered="16"/>
    <interval begin="47100.00" end="47200.00" id="inductionLoop.N1" nVehContrib="10" flow="360.00" occupancy="83.77" speed="5.97" harmonicMeanSpeed="0.55" length="5.00" nVehEntered="10"/>
    <interval begin="47200.00" end="47300.00" id="inductionLoop.N1" nVehContrib="3" flow="108.00" occupancy="94.64" speed="1.30" harmonicMeanSpeed="0.14" length="5.00" nVehEntered="2"/>
    <interval begin="47300.00" end="47400.00" id="inductionLoop.N1" nVehContrib="25" flow="900.00" occupancy="60.40" speed="6.81" harmonicMeanSpeed="3.59" length="5.00" nVehEntered="26"/>
    <interval begin="47400.00" end="47500.00" id="inductionLoop.N1" nVehContrib="6" flow="216.00" occupancy="88.47" speed="5.56" harmonicMeanSpeed="0.30" length="5.00" nVehEntered="6"/>
    <interval begin="47500.00" end="47600.00" id="inductionLoop.N1" nVehContrib="14" flow="504.00" occupancy="76.68" speed="5.91" harmonicMeanSpeed="0.77" length="5.00" nVehEntered="13"/>
    <interval begin="47600.00" end="47700.00" id="inductionLoop.N1" nVehContrib="11" flow="396.00" occupancy="80.67" speed="6.22" harmonicMeanSpeed="1.29" length="5.00" nVehEntered="12"/>
    <interval begin="47700.00" end="47800.00" id="inductionLoop.N1" nVehContrib="13" flow="468.00" occupancy="79.20" speed="6.75" harmonicMeanSpeed="0.56" length="5.00" nVehEntered="13"/>
    <interval begin="47800.00" end="47900.00" id="inductionLoop.N1" nVehContrib="13" flow="468.00" occupancy="51.38" speed="9.30" harmonicMeanSpeed="8.85" length="5.00" nVehEntered="13"/>
    <interval begin="47900.00" end="48000.00" id="inductionLoop.N1" nVehContrib="4" flow="144.00" occupancy="49.52" speed="4.62" harmonicMeanSpeed="0.41" length="5.00" nVehEntered="5"/>
    <interval begin="48000.00" end="48100.00" id="inductionLoop.N1" nVehContrib="18" flow="648.00" occupancy="58.11" speed="6.66" harmonicMeanSpeed="2.89" length="5.00" nVehEntered="19"/>
    <interval begin="48100.00" end="48200.00" id="inductionLoop.N1" nVehContrib="11" flow="396.00" occupancy="75.30" speed="8.77" harmonicMeanSpeed="0.54" length="5.00" nVehEntered="10"/>
    <interval begin="48200.00" end="48300.00" id="inductionLoop.N1" nVehContrib="14" flow="504.00" occupancy="71.62" speed="6.29" harmonicMeanSpeed="1.02" length="5.00" nVehEntered="15"/>
    <interval begin="48300.00" end="48400.00" id="inductionLoop.N1" nVehContrib="8" flow="288.00" occupancy="85.81" speed="6.15" harmonicMeanSpeed="0.46" length="5.00" nVehEntered="8"/>
    <interval begin="48400.00" end="48500.00" id="inductionLoop.N1" nVehContrib="19" flow="684.00" occupancy="70.57" speed="7.11" harmonicMeanSpeed="2.03" length="5.00" nVehEntered="19"/>
    <interval begin="48500.00" end="48600.00" id="inductionLoop.N1" nVehContrib="14" flow="504.00" occupancy="74.37" speed="6.37" harmonicMeanSpeed="0.70" length="5.00" nVehEntered="13"/>
    <interval begin="48600.00" end="48700.00" id="inductionLoop.N1" nVehContrib="24" flow="864.00" occupancy="36.87" speed="7.64" harmonicMeanSpeed="7.31" length="5.00" nVehEntered="25"/>
    <interval begin="48700.00" end="48800.00" id="inductionLoop.N1" nVehContrib="7" flow="252.00" occupancy="88.93" speed="6.19" harmonicMeanSpeed="0.32" length="5.00" nVehEntered="6"/>
    <interval begin="48800.00" end="48900.00" id="inductionLoop.N1" nVehContrib="35" flow="1260.00" occupancy="45.36" speed="7.64" harmonicMeanSpeed="4.35" length="5.00" nVehEntered="36"/>
    <interval begin="48900.00" end="49000.00" id="inductionLoop.N1" nVehContrib="0" flow="0.00" occupancy="100.00" speed="-1.00" harmonicMeanSpeed="-1.00" length="-1.00" nVehEntered="0"/>
    <interval begin="49000.00" end="49100.00" id="inductionLoop.N1" nVehContrib="2" flow="72.00" occupancy="95.61" speed="1.82" harmonicMeanSpeed="0.08" length="5.00" nVehEntered="2"/>
    <interval begin="49100.00" end="49200.00" id="inductionLoop.N1" nVehContrib="6" flow="216.00" occupancy="88.68" speed="5.48" harmonicMeanSpeed="0.29" length="5.00" nVehEntered="6"/>
    <interval begin="49200.00" end="49300.00" id="inductionLoop.N1" nVehContrib="12" flow="432.00" occupancy="79.55" speed="6.57" harmonicMeanSpeed="0.51" length="5.00" nVehEntered="12"/>
    <interval begin="49300.00" end="49400.00" id="inductionLoop.N1" nVehContrib="30" flow="1080.00" occupancy="52.36" speed="7.11" harmonicMeanSpeed="1.93" length="5.00" nVehEntered="29"/>
    <interval begin="49400.00" end="49500.00" id="inductionLoop.N1" nVehContrib="6" flow="216.00" occupancy="88.47" speed="5.67" harmonicMeanSpeed="0.36" length="5.00" nVehEntered="7"/>
    <interval begin="49500.00" end="49600.00" id="inductionLoop.N1" nVehContrib="22" flow="792.00" occupancy="65.23" speed="7.96" harmonicMeanSpeed="1.59" length="5.00" nVehEntered="22"/>
    <interval begin="49600.00" end="49700.00" id="inductionLoop.N1" nVehContrib="3" flow="108.00" occupancy="95.30" speed="7.39" harmonicMeanSpeed="7.31" length="5.00" nVehEntered="3"/>
    <interval begin="49700.00" end="49800.00" id="inductionLoop.N1" nVehContrib="22" flow="792.00" occupancy="64.61" speed="7.09" harmonicMeanSpeed="0.70" length="5.00" nVehEntered="22"/>
    <interval begin="49800.00" end="49900.00" id="inductionLoop.N1" nVehContrib="18" flow="648.00" occupancy="71.10" speed="6.56" harmonicMeanSpeed="2.10" length="5.00" nVehEntered="18"/>
    <interval begin="49900.00" end="50000.00" id="inductionLoop.N1" nVehContrib="1" flow="36.00" occupancy="97.31" speed="0.04" harmonicMeanSpeed="0.04" length="5.00" nVehEntered="1"/>
    <interval begin="50000.00" end="50004.00" id="inductionLoop.N1" nVehContrib="2" flow="1800.00" occupancy="27.89" speed="4.91" harmonicMeanSpeed="4.74" length="5.00" nVehEntered="1"/>
</detector>
