<?xml version="1.0" encoding="UTF-8"?>

<!-- generated on 2023-07-30 20:15:40 by Eclipse SUMO sumo Version 1.12.0
<configuration xmlns:xsi="http://www.w3.org/2001/XMLSchema-instance" xsi:noNamespaceSchemaLocation="http://sumo.dlr.de/xsd/sumoConfiguration.xsd">

    <input>
        <net-file value="Data0-24/intersection.net.xml"/>
        <route-files value="Data0-24/intersection.rou.xml"/>
        <additional-files value="Data0-24/intersection.det.xml"/>
    </input>

    <output>
        <tripinfo-output value="Data0-24/tripinfo.xml"/>
    </output>

    <time>
        <begin value="0"/>
    </time>

    <processing>
        <time-to-teleport value="-1"/>
        <waiting-time-memory value="60000"/>
    </processing>

    <report>
        <verbose value="true"/>
        <no-step-log value="true"/>
    </report>

    <emissions>
        <device.emissions.probability value="1"/>
    </emissions>

    <traci_server>
        <remote-port value="47467"/>
    </traci_server>

    <gui_only>
        <gui-settings-file value="Data0-24/intersection.settings.xml"/>
    </gui_only>

</configuration>
-->

<detector xmlns:xsi="http://www.w3.org/2001/XMLSchema-instance" xsi:noNamespaceSchemaLocation="http://sumo.dlr.de/xsd/det_e1_file.xsd">
    <interval begin="0.00" end="100.00" id="inductionLoop.N2" nVehContrib="2" flow="72.00" occupancy="0.80" speed="12.58" harmonicMeanSpeed="12.56" length="5.00" nVehEntered="2"/>
    <interval begin="100.00" end="200.00" id="inductionLoop.N2" nVehContrib="9" flow="324.00" occupancy="12.93" speed="10.07" harmonicMeanSpeed="3.53" length="5.00" nVehEntered="10"/>
    <interval begin="200.00" end="300.00" id="inductionLoop.N2" nVehContrib="3" flow="108.00" occupancy="23.83" speed="3.91" harmonicMeanSpeed="1.86" length="5.00" nVehEntered="6"/>
    <interval begin="300.00" end="400.00" id="inductionLoop.N2" nVehContrib="14" flow="504.00" occupancy="12.76" speed="9.16" harmonicMeanSpeed="5.48" length="5.00" nVehEntered="14"/>
    <interval begin="400.00" end="500.00" id="inductionLoop.N2" nVehContrib="9" flow="324.00" occupancy="7.40" speed="9.09" harmonicMeanSpeed="6.94" length="5.00" nVehEntered="10"/>
    <interval begin="500.00" end="600.00" id="inductionLoop.N2" nVehContrib="8" flow="288.00" occupancy="6.97" speed="7.64" harmonicMeanSpeed="5.74" length="5.00" nVehEntered="8"/>
    <interval begin="600.00" end="700.00" id="inductionLoop.N2" nVehContrib="7" flow="252.00" occupancy="22.65" speed="5.59" harmonicMeanSpeed="1.55" length="5.00" nVehEntered="7"/>
    <interval begin="700.00" end="800.00" id="inductionLoop.N2" nVehContrib="8" flow="288.00" occupancy="10.49" speed="7.79" harmonicMeanSpeed="4.28" length="5.00" nVehEntered="10"/>
    <interval begin="800.00" end="900.00" id="inductionLoop.N2" nVehContrib="7" flow="252.00" occupancy="24.11" speed="3.53" harmonicMeanSpeed="1.51" length="5.00" nVehEntered="8"/>
    <interval begin="900.00" end="1000.00" id="inductionLoop.N2" nVehContrib="8" flow="288.00" occupancy="46.93" speed="5.51" harmonicMeanSpeed="0.86" length="5.00" nVehEntered="9"/>
    <interval begin="1000.00" end="1100.00" id="inductionLoop.N2" nVehContrib="5" flow="180.00" occupancy="2.09" speed="12.01" harmonicMeanSpeed="11.96" length="5.00" nVehEntered="5"/>
    <interval begin="1100.00" end="1200.00" id="inductionLoop.N2" nVehContrib="9" flow="324.00" occupancy="4.58" speed="10.33" harmonicMeanSpeed="9.83" length="5.00" nVehEntered="9"/>
    <interval begin="1200.00" end="1300.00" id="inductionLoop.N2" nVehContrib="4" flow="144.00" occupancy="4.35" speed="9.00" harmonicMeanSpeed="5.95" length="5.00" nVehEntered="7"/>
    <interval begin="1300.00" end="1400.00" id="inductionLoop.N2" nVehContrib="5" flow="180.00" occupancy="4.43" speed="8.78" harmonicMeanSpeed="7.67" length="5.00" nVehEntered="8"/>
    <interval begin="1400.00" end="1500.00" id="inductionLoop.N2" nVehContrib="6" flow="216.00" occupancy="3.29" speed="11.62" harmonicMeanSpeed="11.21" length="5.00" nVehEntered="7"/>
    <interval begin="1500.00" end="1600.00" id="inductionLoop.N2" nVehContrib="8" flow="288.00" occupancy="3.91" speed="10.66" harmonicMeanSpeed="10.43" length="5.00" nVehEntered="9"/>
    <interval begin="1600.00" end="1700.00" id="inductionLoop.N2" nVehContrib="4" flow="144.00" occupancy="1.71" speed="11.79" harmonicMeanSpeed="11.67" length="5.00" nVehEntered="4"/>
    <interval begin="1700.00" end="1800.00" id="inductionLoop.N2" nVehContrib="4" flow="144.00" occupancy="2.41" speed="10.67" harmonicMeanSpeed="10.32" length="5.00" nVehEntered="5"/>
    <interval begin="1800.00" end="1900.00" id="inductionLoop.N2" nVehContrib="8" flow="288.00" occupancy="37.46" speed="8.30" harmonicMeanSpeed="1.08" length="5.00" nVehEntered="9"/>
    <interval begin="1900.00" end="2000.00" id="inductionLoop.N2" nVehContrib="4" flow="144.00" occupancy="2.95" speed="10.30" harmonicMeanSpeed="10.13" length="5.00" nVehEntered="6"/>
    <interval begin="2000.00" end="2100.00" id="inductionLoop.N2" nVehContrib="5" flow="180.00" occupancy="3.94" speed="9.44" harmonicMeanSpeed="6.35" length="5.00" nVehEntered="5"/>
    <interval begin="2100.00" end="2200.00" id="inductionLoop.N2" nVehContrib="8" flow="288.00" occupancy="5.38" speed="10.22" harmonicMeanSpeed="10.01" length="5.00" nVehEntered="10"/>
    <interval begin="2200.00" end="2300.00" id="inductionLoop.N2" nVehContrib="8" flow="288.00" occupancy="4.63" speed="10.37" harmonicMeanSpeed="9.07" length="5.00" nVehEntered="9"/>
    <interval begin="2300.00" end="2400.00" id="inductionLoop.N2" nVehContrib="4" flow="144.00" occupancy="9.17" speed="3.37" harmonicMeanSpeed="2.35" length="5.00" nVehEntered="6"/>
    <interval begin="2400.00" end="2500.00" id="inductionLoop.N2" nVehContrib="8" flow="288.00" occupancy="7.44" speed="8.22" harmonicMeanSpeed="5.37" length="5.00" nVehEntered="8"/>
    <interval begin="2500.00" end="2600.00" id="inductionLoop.N2" nVehContrib="6" flow="216.00" occupancy="5.78" speed="8.53" harmonicMeanSpeed="5.25" length="5.00" nVehEntered="7"/>
    <interval begin="2600.00" end="2700.00" id="inductionLoop.N2" nVehContrib="6" flow="216.00" occupancy="8.05" speed="9.27" harmonicMeanSpeed="3.84" length="5.00" nVehEntered="8"/>
    <interval begin="2700.00" end="2800.00" id="inductionLoop.N2" nVehContrib="6" flow="216.00" occupancy="2.93" speed="10.61" harmonicMeanSpeed="10.35" length="5.00" nVehEntered="7"/>
    <interval begin="2800.00" end="2900.00" id="inductionLoop.N2" nVehContrib="7" flow="252.00" occupancy="2.85" speed="12.34" harmonicMeanSpeed="12.30" length="5.00" nVehEntered="7"/>
    <interval begin="2900.00" end="3000.00" id="inductionLoop.N2" nVehContrib="10" flow="360.00" occupancy="8.55" speed="8.99" harmonicMeanSpeed="6.07" length="5.00" nVehEntered="11"/>
    <interval begin="3000.00" end="3100.00" id="inductionLoop.N2" nVehContrib="7" flow="252.00" occupancy="3.51" speed="10.24" harmonicMeanSpeed="9.16" length="5.00" nVehEntered="6"/>
    <interval begin="3100.00" end="3200.00" id="inductionLoop.N2" nVehContrib="6" flow="216.00" occupancy="2.83" speed="10.78" harmonicMeanSpeed="10.60" length="5.00" nVehEntered="6"/>
    <interval begin="3200.00" end="3300.00" id="inductionLoop.N2" nVehContrib="4" flow="144.00" occupancy="3.95" speed="8.45" harmonicMeanSpeed="6.54" length="5.00" nVehEntered="5"/>
    <interval begin="3300.00" end="3400.00" id="inductionLoop.N2" nVehContrib="7" flow="252.00" occupancy="4.05" speed="9.95" harmonicMeanSpeed="9.76" length="5.00" nVehEntered="8"/>
    <interval begin="3400.00" end="3500.00" id="inductionLoop.N2" nVehContrib="5" flow="180.00" occupancy="2.37" speed="10.84" harmonicMeanSpeed="10.57" length="5.00" nVehEntered="5"/>
    <interval begin="3500.00" end="3600.00" id="inductionLoop.N2" nVehContrib="8" flow="288.00" occupancy="3.67" speed="11.04" harmonicMeanSpeed="10.90" length="5.00" nVehEntered="8"/>
    <interval begin="3600.00" end="3700.00" id="inductionLoop.N2" nVehContrib="9" flow="324.00" occupancy="6.67" speed="8.22" harmonicMeanSpeed="6.78" length="5.00" nVehEntered="11"/>
    <interval begin="3700.00" end="3800.00" id="inductionLoop.N2" nVehContrib="6" flow="216.00" occupancy="6.79" speed="7.18" harmonicMeanSpeed="4.75" length="5.00" nVehEntered="7"/>
    <interval begin="3800.00" end="3900.00" id="inductionLoop.N2" nVehContrib="8" flow="288.00" occupancy="4.76" speed="11.37" harmonicMeanSpeed="9.05" length="5.00" nVehEntered="9"/>
    <interval begin="3900.00" end="4000.00" id="inductionLoop.N2" nVehContrib="6" flow="216.00" occupancy="20.24" speed="9.08" harmonicMeanSpeed="1.50" length="5.00" nVehEntered="7"/>
    <interval begin="4000.00" end="4100.00" id="inductionLoop.N2" nVehContrib="4" flow="144.00" occupancy="1.89" speed="10.79" harmonicMeanSpeed="10.59" length="5.00" nVehEntered="4"/>
    <interval begin="4100.00" end="4200.00" id="inductionLoop.N2" nVehContrib="5" flow="180.00" occupancy="2.43" speed="10.48" harmonicMeanSpeed="10.30" length="5.00" nVehEntered="5"/>
    <interval begin="4200.00" end="4300.00" id="inductionLoop.N2" nVehContrib="7" flow="252.00" occupancy="4.20" speed="10.76" harmonicMeanSpeed="10.43" length="5.00" nVehEntered="8"/>
    <interval begin="4300.00" end="4400.00" id="inductionLoop.N2" nVehContrib="6" flow="216.00" occupancy="2.46" speed="12.26" harmonicMeanSpeed="12.18" length="5.00" nVehEntered="6"/>
    <interval begin="4400.00" end="4500.00" id="inductionLoop.N2" nVehContrib="6" flow="216.00" occupancy="3.77" speed="10.70" harmonicMeanSpeed="10.53" length="5.00" nVehEntered="7"/>
    <interval begin="4500.00" end="4600.00" id="inductionLoop.N2" nVehContrib="8" flow="288.00" occupancy="8.46" speed="8.12" harmonicMeanSpeed="5.22" length="5.00" nVehEntered="9"/>
    <interval begin="4600.00" end="4700.00" id="inductionLoop.N2" nVehContrib="7" flow="252.00" occupancy="3.35" speed="10.77" harmonicMeanSpeed="10.44" length="5.00" nVehEntered="7"/>
    <interval begin="4700.00" end="4800.00" id="inductionLoop.N2" nVehContrib="7" flow="252.00" occupancy="3.18" speed="11.26" harmonicMeanSpeed="11.00" length="5.00" nVehEntered="7"/>
    <interval begin="4800.00" end="4900.00" id="inductionLoop.N2" nVehContrib="4" flow="144.00" occupancy="2.03" speed="10.60" harmonicMeanSpeed="9.85" length="5.00" nVehEntered="4"/>
    <interval begin="4900.00" end="5000.00" id="inductionLoop.N2" nVehContrib="1" flow="36.00" occupancy="0.40" speed="12.63" harmonicMeanSpeed="12.63" length="5.00" nVehEntered="1"/>
    <interval begin="5000.00" end="5100.00" id="inductionLoop.N2" nVehContrib="6" flow="216.00" occupancy="2.38" speed="12.71" harmonicMeanSpeed="12.61" length="5.00" nVehEntered="6"/>
    <interval begin="5100.00" end="5200.00" id="inductionLoop.N2" nVehContrib="6" flow="216.00" occupancy="3.10" speed="9.80" harmonicMeanSpeed="9.69" length="5.00" nVehEntered="6"/>
    <interval begin="5200.00" end="5300.00" id="inductionLoop.N2" nVehContrib="1" flow="36.00" occupancy="0.39" speed="12.90" harmonicMeanSpeed="12.90" length="5.00" nVehEntered="1"/>
    <interval begin="5300.00" end="5400.00" id="inductionLoop.N2" nVehContrib="3" flow="108.00" occupancy="1.40" speed="13.01" harmonicMeanSpeed="12.98" length="5.00" nVehEntered="4"/>
    <interval begin="5400.00" end="5500.00" id="inductionLoop.N2" nVehContrib="4" flow="144.00" occupancy="5.01" speed="10.03" harmonicMeanSpeed="9.59" length="5.00" nVehEntered="6"/>
    <interval begin="5500.00" end="5600.00" id="inductionLoop.N2" nVehContrib="5" flow="180.00" occupancy="2.47" speed="11.86" harmonicMeanSpeed="11.73" length="5.00" nVehEntered="6"/>
    <interval begin="5600.00" end="5700.00" id="inductionLoop.N2" nVehContrib="7" flow="252.00" occupancy="6.14" speed="8.70" harmonicMeanSpeed="5.79" length="5.00" nVehEntered="8"/>
    <interval begin="5700.00" end="5800.00" id="inductionLoop.N2" nVehContrib="5" flow="180.00" occupancy="2.02" speed="12.72" harmonicMeanSpeed="12.70" length="5.00" nVehEntered="7"/>
    <interval begin="5800.00" end="5900.00" id="inductionLoop.N2" nVehContrib="6" flow="216.00" occupancy="2.84" speed="10.62" harmonicMeanSpeed="10.40" length="5.00" nVehEntered="5"/>
    <interval begin="5900.00" end="6000.00" id="inductionLoop.N2" nVehContrib="3" flow="108.00" occupancy="1.37" speed="10.96" harmonicMeanSpeed="10.93" length="5.00" nVehEntered="3"/>
    <interval begin="6000.00" end="6100.00" id="inductionLoop.N2" nVehContrib="4" flow="144.00" occupancy="1.62" speed="12.63" harmonicMeanSpeed="12.37" length="5.00" nVehEntered="4"/>
    <interval begin="6100.00" end="6200.00" id="inductionLoop.N2" nVehContrib="2" flow="72.00" occupancy="0.83" speed="12.02" harmonicMeanSpeed="12.00" length="5.00" nVehEntered="2"/>
    <interval begin="6200.00" end="6300.00" id="inductionLoop.N2" nVehContrib="7" flow="252.00" occupancy="3.32" speed="10.79" harmonicMeanSpeed="10.55" length="5.00" nVehEntered="7"/>
    <interval begin="6300.00" end="6400.00" id="inductionLoop.N2" nVehContrib="7" flow="252.00" occupancy="3.42" speed="10.57" harmonicMeanSpeed="10.22" length="5.00" nVehEntered="7"/>
    <interval begin="6400.00" end="6500.00" id="inductionLoop.N2" nVehContrib="4" flow="144.00" occupancy="1.58" speed="12.74" harmonicMeanSpeed="12.70" length="5.00" nVehEntered="4"/>
    <interval begin="6500.00" end="6600.00" id="inductionLoop.N2" nVehContrib="4" flow="144.00" occupancy="1.61" speed="12.43" harmonicMeanSpeed="12.41" length="5.00" nVehEntered="4"/>
    <interval begin="6600.00" end="6700.00" id="inductionLoop.N2" nVehContrib="8" flow="288.00" occupancy="5.84" speed="9.70" harmonicMeanSpeed="6.84" length="5.00" nVehEntered="8"/>
    <interval begin="6700.00" end="6800.00" id="inductionLoop.N2" nVehContrib="6" flow="216.00" occupancy="2.58" speed="11.75" harmonicMeanSpeed="11.63" length="5.00" nVehEntered="6"/>
    <interval begin="6800.00" end="6900.00" id="inductionLoop.N2" nVehContrib="6" flow="216.00" occupancy="2.61" speed="11.58" harmonicMeanSpeed="11.50" length="5.00" nVehEntered="6"/>
    <interval begin="6900.00" end="7000.00" id="inductionLoop.N2" nVehContrib="7" flow="252.00" occupancy="2.86" speed="12.29" harmonicMeanSpeed="12.24" length="5.00" nVehEntered="7"/>
    <interval begin="7000.00" end="7100.00" id="inductionLoop.N2" nVehContrib="3" flow="108.00" occupancy="1.22" speed="12.36" harmonicMeanSpeed="12.34" length="5.00" nVehEntered="3"/>
    <interval begin="7100.00" end="7200.00" id="inductionLoop.N2" nVehContrib="6" flow="216.00" occupancy="3.39" speed="11.35" harmonicMeanSpeed="11.06" length="5.00" nVehEntered="7"/>
    <interval begin="7200.00" end="7300.00" id="inductionLoop.N2" nVehContrib="4" flow="144.00" occupancy="2.00" speed="12.42" harmonicMeanSpeed="12.28" length="5.00" nVehEntered="5"/>
    <interval begin="7300.00" end="7400.00" id="inductionLoop.N2" nVehContrib="3" flow="108.00" occupancy="1.28" speed="11.80" harmonicMeanSpeed="11.73" length="5.00" nVehEntered="3"/>
    <interval begin="7400.00" end="7500.00" id="inductionLoop.N2" nVehContrib="4" flow="144.00" occupancy="1.56" speed="12.88" harmonicMeanSpeed="12.83" length="5.00" nVehEntered="4"/>
    <interval begin="7500.00" end="7600.00" id="inductionLoop.N2" nVehContrib="4" flow="144.00" occupancy="1.85" speed="13.01" harmonicMeanSpeed="13.00" length="5.00" nVehEntered="5"/>
    <interval begin="7600.00" end="7700.00" id="inductionLoop.N2" nVehContrib="2" flow="72.00" occupancy="0.82" speed="12.26" harmonicMeanSpeed="12.26" length="5.00" nVehEntered="2"/>
    <interval begin="7700.00" end="7800.00" id="inductionLoop.N2" nVehContrib="5" flow="180.00" occupancy="2.83" speed="10.69" harmonicMeanSpeed="10.38" length="5.00" nVehEntered="6"/>
    <interval begin="7800.00" end="7900.00" id="inductionLoop.N2" nVehContrib="0" flow="0.00" occupancy="0.00" speed="-1.00" harmonicMeanSpeed="-1.00" length="-1.00" nVehEntered="0"/>
    <interval begin="7900.00" end="8000.00" id="inductionLoop.N2" nVehContrib="4" flow="144.00" occupancy="1.49" speed="13.45" harmonicMeanSpeed="13.39" length="5.00" nVehEntered="4"/>
    <interval begin="8000.00" end="8100.00" id="inductionLoop.N2" nVehContrib="5" flow="180.00" occupancy="2.13" speed="11.85" harmonicMeanSpeed="11.76" length="5.00" nVehEntered="5"/>
    <interval begin="8100.00" end="8200.00" id="inductionLoop.N2" nVehContrib="0" flow="0.00" occupancy="0.00" speed="-1.00" harmonicMeanSpeed="-1.00" length="-1.00" nVehEntered="0"/>
    <interval begin="8200.00" end="8300.00" id="inductionLoop.N2" nVehContrib="2" flow="72.00" occupancy="0.78" speed="12.81" harmonicMeanSpeed="12.81" length="5.00" nVehEntered="2"/>
    <interval begin="8300.00" end="8400.00" id="inductionLoop.N2" nVehContrib="3" flow="108.00" occupancy="1.15" speed="13.18" harmonicMeanSpeed="13.01" length="5.00" nVehEntered="3"/>
    <interval begin="8400.00" end="8500.00" id="inductionLoop.N2" nVehContrib="6" flow="216.00" occupancy="3.28" speed="10.96" harmonicMeanSpeed="10.50" length="5.00" nVehEntered="7"/>
    <interval begin="8500.00" end="8600.00" id="inductionLoop.N2" nVehContrib="1" flow="36.00" occupancy="0.60" speed="12.89" harmonicMeanSpeed="12.89" length="5.00" nVehEntered="2"/>
    <interval begin="8600.00" end="8700.00" id="inductionLoop.N2" nVehContrib="2" flow="72.00" occupancy="0.94" speed="10.71" harmonicMeanSpeed="10.64" length="5.00" nVehEntered="2"/>
    <interval begin="8700.00" end="8800.00" id="inductionLoop.N2" nVehContrib="2" flow="72.00" occupancy="1.21" speed="9.05" harmonicMeanSpeed="9.05" length="5.00" nVehEntered="3"/>
    <interval begin="8800.00" end="8900.00" id="inductionLoop.N2" nVehContrib="6" flow="216.00" occupancy="2.66" speed="11.36" harmonicMeanSpeed="11.29" length="5.00" nVehEntered="6"/>
    <interval begin="8900.00" end="9000.00" id="inductionLoop.N2" nVehContrib="6" flow="216.00" occupancy="2.51" speed="12.15" harmonicMeanSpeed="11.93" length="5.00" nVehEntered="6"/>
    <interval begin="9000.00" end="9100.00" id="inductionLoop.N2" nVehContrib="3" flow="108.00" occupancy="1.20" speed="12.74" harmonicMeanSpeed="12.46" length="5.00" nVehEntered="3"/>
    <interval begin="9100.00" end="9200.00" id="inductionLoop.N2" nVehContrib="6" flow="216.00" occupancy="2.54" speed="11.96" harmonicMeanSpeed="11.82" length="5.00" nVehEntered="6"/>
    <interval begin="9200.00" end="9300.00" id="inductionLoop.N2" nVehContrib="3" flow="108.00" occupancy="1.33" speed="11.38" harmonicMeanSpeed="11.26" length="5.00" nVehEntered="3"/>
    <interval begin="9300.00" end="9400.00" id="inductionLoop.N2" nVehContrib="3" flow="108.00" occupancy="1.29" speed="11.67" harmonicMeanSpeed="11.66" length="5.00" nVehEntered="3"/>
    <interval begin="9400.00" end="9500.00" id="inductionLoop.N2" nVehContrib="3" flow="108.00" occupancy="1.17" speed="12.84" harmonicMeanSpeed="12.79" length="5.00" nVehEntered="3"/>
    <interval begin="9500.00" end="9600.00" id="inductionLoop.N2" nVehContrib="5" flow="180.00" occupancy="2.16" speed="11.58" harmonicMeanSpeed="11.55" length="5.00" nVehEntered="5"/>
    <interval begin="9600.00" end="9700.00" id="inductionLoop.N2" nVehContrib="5" flow="180.00" occupancy="2.18" speed="11.69" harmonicMeanSpeed="11.47" length="5.00" nVehEntered="5"/>
    <interval begin="9700.00" end="9800.00" id="inductionLoop.N2" nVehContrib="5" flow="180.00" occupancy="2.34" speed="10.94" harmonicMeanSpeed="10.67" length="5.00" nVehEntered="5"/>
    <interval begin="9800.00" end="9900.00" id="inductionLoop.N2" nVehContrib="2" flow="72.00" occupancy="0.87" speed="11.51" harmonicMeanSpeed="11.51" length="5.00" nVehEntered="2"/>
    <interval begin="9900.00" end="10000.00" id="inductionLoop.N2" nVehContrib="6" flow="216.00" occupancy="2.46" speed="12.30" harmonicMeanSpeed="12.17" length="5.00" nVehEntered="6"/>
    <interval begin="10000.00" end="10100.00" id="inductionLoop.N2" nVehContrib="5" flow="180.00" occupancy="2.28" speed="11.07" harmonicMeanSpeed="10.95" length="5.00" nVehEntered="5"/>
    <interval begin="10100.00" end="10200.00" id="inductionLoop.N2" nVehContrib="3" flow="108.00" occupancy="1.18" speed="12.78" harmonicMeanSpeed="12.67" length="5.00" nVehEntered="3"/>
    <interval begin="10200.00" end="10300.00" id="inductionLoop.N2" nVehContrib="3" flow="108.00" occupancy="1.26" speed="11.98" harmonicMeanSpeed="11.94" length="5.00" nVehEntered="3"/>
    <interval begin="10300.00" end="10400.00" id="inductionLoop.N2" nVehContrib="5" flow="180.00" occupancy="2.03" speed="12.37" harmonicMeanSpeed="12.32" length="5.00" nVehEntered="5"/>
    <interval begin="10400.00" end="10500.00" id="inductionLoop.N2" nVehContrib="2" flow="72.00" occupancy="1.21" speed="11.96" harmonicMeanSpeed="11.79" length="5.00" nVehEntered="3"/>
    <interval begin="10500.00" end="10600.00" id="inductionLoop.N2" nVehContrib="5" flow="180.00" occupancy="2.40" speed="11.65" harmonicMeanSpeed="11.57" length="5.00" nVehEntered="6"/>
    <interval begin="10600.00" end="10700.00" id="inductionLoop.N2" nVehContrib="1" flow="36.00" occupancy="0.68" speed="12.96" harmonicMeanSpeed="12.96" length="5.00" nVehEntered="2"/>
    <interval begin="10700.00" end="10800.00" id="inductionLoop.N2" nVehContrib="5" flow="180.00" occupancy="2.06" speed="12.30" harmonicMeanSpeed="12.16" length="5.00" nVehEntered="5"/>
    <interval begin="10800.00" end="10900.00" id="inductionLoop.N2" nVehContrib="4" flow="144.00" occupancy="1.71" speed="11.88" harmonicMeanSpeed="11.72" length="5.00" nVehEntered="4"/>
    <interval begin="10900.00" end="11000.00" id="inductionLoop.N2" nVehContrib="5" flow="180.00" occupancy="2.34" speed="10.98" harmonicMeanSpeed="10.70" length="5.00" nVehEntered="5"/>
    <interval begin="11000.00" end="11100.00" id="inductionLoop.N2" nVehContrib="5" flow="180.00" occupancy="2.17" speed="11.62" harmonicMeanSpeed="11.50" length="5.00" nVehEntered="5"/>
    <interval begin="11100.00" end="11200.00" id="inductionLoop.N2" nVehContrib="3" flow="108.00" occupancy="1.61" speed="11.10" harmonicMeanSpeed="10.72" length="5.00" nVehEntered="4"/>
    <interval begin="11200.00" end="11300.00" id="inductionLoop.N2" nVehContrib="3" flow="108.00" occupancy="1.18" speed="12.72" harmonicMeanSpeed="12.69" length="5.00" nVehEntered="3"/>
    <interval begin="11300.00" end="11400.00" id="inductionLoop.N2" nVehContrib="3" flow="108.00" occupancy="1.68" speed="10.35" harmonicMeanSpeed="10.15" length="5.00" nVehEntered="4"/>
    <interval begin="11400.00" end="11500.00" id="inductionLoop.N2" nVehContrib="1" flow="36.00" occupancy="0.41" speed="12.19" harmonicMeanSpeed="12.19" length="5.00" nVehEntered="1"/>
    <interval begin="11500.00" end="11600.00" id="inductionLoop.N2" nVehContrib="4" flow="144.00" occupancy="1.63" speed="12.43" harmonicMeanSpeed="12.27" length="5.00" nVehEntered="4"/>
    <interval begin="11600.00" end="11700.00" id="inductionLoop.N2" nVehContrib="2" flow="72.00" occupancy="0.90" speed="12.17" harmonicMeanSpeed="12.16" length="5.00" nVehEntered="3"/>
    <interval begin="11700.00" end="11800.00" id="inductionLoop.N2" nVehContrib="3" flow="108.00" occupancy="1.60" speed="10.58" harmonicMeanSpeed="10.17" length="5.00" nVehEntered="4"/>
    <interval begin="11800.00" end="11900.00" id="inductionLoop.N2" nVehContrib="3" flow="108.00" occupancy="1.20" speed="12.70" harmonicMeanSpeed="12.55" length="5.00" nVehEntered="3"/>
    <interval begin="11900.00" end="12000.00" id="inductionLoop.N2" nVehContrib="5" flow="180.00" occupancy="1.98" speed="12.69" harmonicMeanSpeed="12.65" length="5.00" nVehEntered="5"/>
    <interval begin="12000.00" end="12100.00" id="inductionLoop.N2" nVehContrib="4" flow="144.00" occupancy="1.64" speed="12.33" harmonicMeanSpeed="12.21" length="5.00" nVehEntered="4"/>
    <interval begin="12100.00" end="12200.00" id="inductionLoop.N2" nVehContrib="2" flow="72.00" occupancy="0.83" speed="12.79" harmonicMeanSpeed="12.76" length="5.00" nVehEntered="3"/>
    <interval begin="12200.00" end="12300.00" id="inductionLoop.N2" nVehContrib="2" flow="72.00" occupancy="1.23" speed="11.44" harmonicMeanSpeed="11.31" length="5.00" nVehEntered="3"/>
    <interval begin="12300.00" end="12400.00" id="inductionLoop.N2" nVehContrib="2" flow="72.00" occupancy="0.73" speed="13.65" harmonicMeanSpeed="13.65" length="5.00" nVehEntered="2"/>
    <interval begin="12400.00" end="12500.00" id="inductionLoop.N2" nVehContrib="5" flow="180.00" occupancy="2.32" speed="11.76" harmonicMeanSpeed="11.62" length="5.00" nVehEntered="6"/>
    <interval begin="12500.00" end="12600.00" id="inductionLoop.N2" nVehContrib="3" flow="108.00" occupancy="1.26" speed="11.90" harmonicMeanSpeed="11.87" length="5.00" nVehEntered="3"/>
    <interval begin="12600.00" end="12700.00" id="inductionLoop.N2" nVehContrib="4" flow="144.00" occupancy="1.85" speed="10.85" harmonicMeanSpeed="10.80" length="5.00" nVehEntered="4"/>
    <interval begin="12700.00" end="12800.00" id="inductionLoop.N2" nVehContrib="1" flow="36.00" occupancy="0.37" speed="13.40" harmonicMeanSpeed="13.40" length="5.00" nVehEntered="1"/>
    <interval begin="12800.00" end="12900.00" id="inductionLoop.N2" nVehContrib="5" flow="180.00" occupancy="1.94" speed="12.93" harmonicMeanSpeed="12.90" length="5.00" nVehEntered="5"/>
    <interval begin="12900.00" end="13000.00" id="inductionLoop.N2" nVehContrib="3" flow="108.00" occupancy="1.44" speed="13.09" harmonicMeanSpeed="13.01" length="5.00" nVehEntered="4"/>
    <interval begin="13000.00" end="13100.00" id="inductionLoop.N2" nVehContrib="2" flow="72.00" occupancy="0.49" speed="13.02" harmonicMeanSpeed="12.91" length="5.00" nVehEntered="1"/>
    <interval begin="13100.00" end="13200.00" id="inductionLoop.N2" nVehContrib="3" flow="108.00" occupancy="1.09" speed="13.81" harmonicMeanSpeed="13.81" length="5.00" nVehEntered="3"/>
    <interval begin="13200.00" end="13300.00" id="inductionLoop.N2" nVehContrib="3" flow="108.00" occupancy="1.27" speed="12.00" harmonicMeanSpeed="11.79" length="5.00" nVehEntered="3"/>
    <interval begin="13300.00" end="13400.00" id="inductionLoop.N2" nVehContrib="1" flow="36.00" occupancy="0.38" speed="13.18" harmonicMeanSpeed="13.18" length="5.00" nVehEntered="1"/>
    <interval begin="13400.00" end="13500.00" id="inductionLoop.N2" nVehContrib="2" flow="72.00" occupancy="1.06" speed="12.50" harmonicMeanSpeed="12.50" length="5.00" nVehEntered="3"/>
    <interval begin="13500.00" end="13600.00" id="inductionLoop.N2" nVehContrib="3" flow="108.00" occupancy="1.08" speed="11.36" harmonicMeanSpeed="11.25" length="5.00" nVehEntered="2"/>
    <interval begin="13600.00" end="13700.00" id="inductionLoop.N2" nVehContrib="4" flow="144.00" occupancy="1.80" speed="12.37" harmonicMeanSpeed="12.31" length="5.00" nVehEntered="5"/>
    <interval begin="13700.00" end="13800.00" id="inductionLoop.N2" nVehContrib="1" flow="36.00" occupancy="0.45" speed="11.04" harmonicMeanSpeed="11.04" length="5.00" nVehEntered="1"/>
    <interval begin="13800.00" end="13900.00" id="inductionLoop.N2" nVehContrib="2" flow="72.00" occupancy="0.75" speed="13.49" harmonicMeanSpeed="13.35" length="5.00" nVehEntered="2"/>
    <interval begin="13900.00" end="14000.00" id="inductionLoop.N2" nVehContrib="3" flow="108.00" occupancy="1.51" speed="13.37" harmonicMeanSpeed="13.36" length="5.00" nVehEntered="4"/>
    <interval begin="14000.00" end="14100.00" id="inductionLoop.N2" nVehContrib="1" flow="36.00" occupancy="0.38" speed="13.05" harmonicMeanSpeed="13.05" length="5.00" nVehEntered="1"/>
    <interval begin="14100.00" end="14200.00" id="inductionLoop.N2" nVehContrib="3" flow="108.00" occupancy="1.24" speed="12.14" harmonicMeanSpeed="12.13" length="5.00" nVehEntered="3"/>
    <interval begin="14200.00" end="14300.00" id="inductionLoop.N2" nVehContrib="5" flow="180.00" occupancy="2.08" speed="12.04" harmonicMeanSpeed="12.02" length="5.00" nVehEntered="5"/>
    <interval begin="14300.00" end="14400.00" id="inductionLoop.N2" nVehContrib="7" flow="252.00" occupancy="2.96" speed="12.03" harmonicMeanSpeed="11.81" length="5.00" nVehEntered="7"/>
    <interval begin="14400.00" end="14500.00" id="inductionLoop.N2" nVehContrib="2" flow="72.00" occupancy="1.19" speed="11.26" harmonicMeanSpeed="11.21" length="5.00" nVehEntered="3"/>
    <interval begin="14500.00" end="14600.00" id="inductionLoop.N2" nVehContrib="7" flow="252.00" occupancy="3.22" speed="11.58" harmonicMeanSpeed="11.30" length="5.00" nVehEntered="8"/>
    <interval begin="14600.00" end="14700.00" id="inductionLoop.N2" nVehContrib="7" flow="252.00" occupancy="3.55" speed="11.19" harmonicMeanSpeed="11.03" length="5.00" nVehEntered="8"/>
    <interval begin="14700.00" end="14800.00" id="inductionLoop.N2" nVehContrib="8" flow="288.00" occupancy="11.27" speed="9.71" harmonicMeanSpeed="3.55" length="5.00" nVehEntered="8"/>
    <interval begin="14800.00" end="14900.00" id="inductionLoop.N2" nVehContrib="1" flow="36.00" occupancy="0.49" speed="10.16" harmonicMeanSpeed="10.16" length="5.00" nVehEntered="1"/>
    <interval begin="14900.00" end="15000.00" id="inductionLoop.N2" nVehContrib="3" flow="108.00" occupancy="1.41" speed="11.81" harmonicMeanSpeed="11.77" length="5.00" nVehEntered="4"/>
    <interval begin="15000.00" end="15100.00" id="inductionLoop.N2" nVehContrib="3" flow="108.00" occupancy="1.23" speed="12.37" harmonicMeanSpeed="12.24" length="5.00" nVehEntered="3"/>
    <interval begin="15100.00" end="15200.00" id="inductionLoop.N2" nVehContrib="5" flow="180.00" occupancy="2.21" speed="11.49" harmonicMeanSpeed="11.30" length="5.00" nVehEntered="5"/>
    <interval begin="15200.00" end="15300.00" id="inductionLoop.N2" nVehContrib="4" flow="144.00" occupancy="1.45" speed="13.88" harmonicMeanSpeed="13.82" length="5.00" nVehEntered="4"/>
    <interval begin="15300.00" end="15400.00" id="inductionLoop.N2" nVehContrib="7" flow="252.00" occupancy="3.33" speed="10.78" harmonicMeanSpeed="10.51" length="5.00" nVehEntered="7"/>
    <interval begin="15400.00" end="15500.00" id="inductionLoop.N2" nVehContrib="1" flow="36.00" occupancy="0.42" speed="11.82" harmonicMeanSpeed="11.82" length="5.00" nVehEntered="1"/>
    <interval begin="15500.00" end="15600.00" id="inductionLoop.N2" nVehContrib="4" flow="144.00" occupancy="1.62" speed="12.43" harmonicMeanSpeed="12.36" length="5.00" nVehEntered="4"/>
    <interval begin="15600.00" end="15700.00" id="inductionLoop.N2" nVehContrib="5" flow="180.00" occupancy="2.31" speed="11.35" harmonicMeanSpeed="11.25" length="5.00" nVehEntered="6"/>
    <interval begin="15700.00" end="15800.00" id="inductionLoop.N2" nVehContrib="7" flow="252.00" occupancy="3.06" speed="11.66" harmonicMeanSpeed="11.42" length="5.00" nVehEntered="7"/>
    <interval begin="15800.00" end="15900.00" id="inductionLoop.N2" nVehContrib="2" flow="72.00" occupancy="1.05" speed="13.34" harmonicMeanSpeed="13.34" length="5.00" nVehEntered="3"/>
    <interval begin="15900.00" end="16000.00" id="inductionLoop.N2" nVehContrib="8" flow="288.00" occupancy="3.54" speed="11.49" harmonicMeanSpeed="11.30" length="5.00" nVehEntered="8"/>
    <interval begin="16000.00" end="16100.00" id="inductionLoop.N2" nVehContrib="5" flow="180.00" occupancy="2.17" speed="11.74" harmonicMeanSpeed="11.54" length="5.00" nVehEntered="5"/>
    <interval begin="16100.00" end="16200.00" id="inductionLoop.N2" nVehContrib="4" flow="144.00" occupancy="1.82" speed="11.15" harmonicMeanSpeed="10.99" length="5.00" nVehEntered="4"/>
    <interval begin="16200.00" end="16300.00" id="inductionLoop.N2" nVehContrib="7" flow="252.00" occupancy="3.06" speed="11.72" harmonicMeanSpeed="11.45" length="5.00" nVehEntered="7"/>
    <interval begin="16300.00" end="16400.00" id="inductionLoop.N2" nVehContrib="6" flow="216.00" occupancy="3.18" speed="11.23" harmonicMeanSpeed="10.99" length="5.00" nVehEntered="7"/>
    <interval begin="16400.00" end="16500.00" id="inductionLoop.N2" nVehContrib="6" flow="216.00" occupancy="2.38" speed="12.65" harmonicMeanSpeed="12.61" length="5.00" nVehEntered="6"/>
    <interval begin="16500.00" end="16600.00" id="inductionLoop.N2" nVehContrib="5" flow="180.00" occupancy="2.63" speed="10.47" harmonicMeanSpeed="10.23" length="5.00" nVehEntered="6"/>
    <interval begin="16600.00" end="16700.00" id="inductionLoop.N2" nVehContrib="3" flow="108.00" occupancy="1.23" speed="12.31" harmonicMeanSpeed="12.23" length="5.00" nVehEntered="3"/>
    <interval begin="16700.00" end="16800.00" id="inductionLoop.N2" nVehContrib="3" flow="108.00" occupancy="1.33" speed="13.01" harmonicMeanSpeed="12.99" length="5.00" nVehEntered="4"/>
    <interval begin="16800.00" end="16900.00" id="inductionLoop.N2" nVehContrib="6" flow="216.00" occupancy="2.82" speed="11.22" harmonicMeanSpeed="10.65" length="5.00" nVehEntered="6"/>
    <interval begin="16900.00" end="17000.00" id="inductionLoop.N2" nVehContrib="4" flow="144.00" occupancy="1.67" speed="12.06" harmonicMeanSpeed="11.99" length="5.00" nVehEntered="4"/>
    <interval begin="17000.00" end="17100.00" id="inductionLoop.N2" nVehContrib="3" flow="108.00" occupancy="1.22" speed="12.49" harmonicMeanSpeed="12.34" length="5.00" nVehEntered="3"/>
    <interval begin="17100.00" end="17200.00" id="inductionLoop.N2" nVehContrib="5" flow="180.00" occupancy="1.99" speed="12.62" harmonicMeanSpeed="12.57" length="5.00" nVehEntered="5"/>
    <interval begin="17200.00" end="17300.00" id="inductionLoop.N2" nVehContrib="4" flow="144.00" occupancy="1.76" speed="11.38" harmonicMeanSpeed="11.35" length="5.00" nVehEntered="4"/>
    <interval begin="17300.00" end="17400.00" id="inductionLoop.N2" nVehContrib="6" flow="216.00" occupancy="12.23" speed="11.16" harmonicMeanSpeed="10.91" length="5.00" nVehEntered="9"/>
    <interval begin="17400.00" end="17500.00" id="inductionLoop.N2" nVehContrib="8" flow="288.00" occupancy="10.79" speed="9.14" harmonicMeanSpeed="3.71" length="5.00" nVehEntered="8"/>
    <interval begin="17500.00" end="17600.00" id="inductionLoop.N2" nVehContrib="6" flow="216.00" occupancy="3.06" speed="11.20" harmonicMeanSpeed="11.01" length="5.00" nVehEntered="7"/>
    <interval begin="17600.00" end="17700.00" id="inductionLoop.N2" nVehContrib="5" flow="180.00" occupancy="2.55" speed="9.87" harmonicMeanSpeed="9.79" length="5.00" nVehEntered="5"/>
    <interval begin="17700.00" end="17800.00" id="inductionLoop.N2" nVehContrib="4" flow="144.00" occupancy="2.06" speed="11.48" harmonicMeanSpeed="11.18" length="5.00" nVehEntered="5"/>
    <interval begin="17800.00" end="17900.00" id="inductionLoop.N2" nVehContrib="4" flow="144.00" occupancy="1.65" speed="12.40" harmonicMeanSpeed="12.39" length="5.00" nVehEntered="5"/>
    <interval begin="17900.00" end="18000.00" id="inductionLoop.N2" nVehContrib="7" flow="252.00" occupancy="4.33" speed="10.58" harmonicMeanSpeed="10.26" length="5.00" nVehEntered="8"/>
    <interval begin="18000.00" end="18100.00" id="inductionLoop.N2" nVehContrib="6" flow="216.00" occupancy="2.58" speed="12.07" harmonicMeanSpeed="11.62" length="5.00" nVehEntered="6"/>
    <interval begin="18100.00" end="18200.00" id="inductionLoop.N2" nVehContrib="7" flow="252.00" occupancy="6.12" speed="8.58" harmonicMeanSpeed="6.03" length="5.00" nVehEntered="8"/>
    <interval begin="18200.00" end="18300.00" id="inductionLoop.N2" nVehContrib="9" flow="324.00" occupancy="12.18" speed="5.96" harmonicMeanSpeed="3.70" length="5.00" nVehEntered="9"/>
    <interval begin="18300.00" end="18400.00" id="inductionLoop.N2" nVehContrib="6" flow="216.00" occupancy="14.06" speed="6.50" harmonicMeanSpeed="2.13" length="5.00" nVehEntered="6"/>
    <interval begin="18400.00" end="18500.00" id="inductionLoop.N2" nVehContrib="4" flow="144.00" occupancy="1.56" speed="12.83" harmonicMeanSpeed="12.80" length="5.00" nVehEntered="4"/>
    <interval begin="18500.00" end="18600.00" id="inductionLoop.N2" nVehContrib="5" flow="180.00" occupancy="2.10" speed="12.06" harmonicMeanSpeed="11.89" length="5.00" nVehEntered="5"/>
    <interval begin="18600.00" end="18700.00" id="inductionLoop.N2" nVehContrib="7" flow="252.00" occupancy="23.93" speed="8.94" harmonicMeanSpeed="1.46" length="5.00" nVehEntered="7"/>
    <interval begin="18700.00" end="18800.00" id="inductionLoop.N2" nVehContrib="5" flow="180.00" occupancy="3.60" speed="10.41" harmonicMeanSpeed="10.25" length="5.00" nVehEntered="7"/>
    <interval begin="18800.00" end="18900.00" id="inductionLoop.N2" nVehContrib="6" flow="216.00" occupancy="3.17" speed="10.88" harmonicMeanSpeed="10.61" length="5.00" nVehEntered="7"/>
    <interval begin="18900.00" end="19000.00" id="inductionLoop.N2" nVehContrib="6" flow="216.00" occupancy="6.05" speed="8.69" harmonicMeanSpeed="5.79" length="5.00" nVehEntered="7"/>
    <interval begin="19000.00" end="19100.00" id="inductionLoop.N2" nVehContrib="7" flow="252.00" occupancy="10.88" speed="9.64" harmonicMeanSpeed="3.22" length="5.00" nVehEntered="7"/>
    <interval begin="19100.00" end="19200.00" id="inductionLoop.N2" nVehContrib="9" flow="324.00" occupancy="13.11" speed="8.83" harmonicMeanSpeed="3.58" length="5.00" nVehEntered="10"/>
    <interval begin="19200.00" end="19300.00" id="inductionLoop.N2" nVehContrib="5" flow="180.00" occupancy="2.83" speed="10.00" harmonicMeanSpeed="9.76" length="5.00" nVehEntered="6"/>
    <interval begin="19300.00" end="19400.00" id="inductionLoop.N2" nVehContrib="5" flow="180.00" occupancy="5.65" speed="8.74" harmonicMeanSpeed="5.33" length="5.00" nVehEntered="6"/>
    <interval begin="19400.00" end="19500.00" id="inductionLoop.N2" nVehContrib="5" flow="180.00" occupancy="8.27" speed="4.69" harmonicMeanSpeed="3.94" length="5.00" nVehEntered="7"/>
    <interval begin="19500.00" end="19600.00" id="inductionLoop.N2" nVehContrib="6" flow="216.00" occupancy="5.90" speed="8.67" harmonicMeanSpeed="5.12" length="5.00" nVehEntered="7"/>
    <interval begin="19600.00" end="19700.00" id="inductionLoop.N2" nVehContrib="7" flow="252.00" occupancy="5.25" speed="9.99" harmonicMeanSpeed="6.67" length="5.00" nVehEntered="7"/>
    <interval begin="19700.00" end="19800.00" id="inductionLoop.N2" nVehContrib="6" flow="216.00" occupancy="7.97" speed="7.02" harmonicMeanSpeed="3.83" length="5.00" nVehEntered="7"/>
    <interval begin="19800.00" end="19900.00" id="inductionLoop.N2" nVehContrib="8" flow="288.00" occupancy="38.42" speed="4.15" harmonicMeanSpeed="1.04" length="5.00" nVehEntered="8"/>
    <interval begin="19900.00" end="20000.00" id="inductionLoop.N2" nVehContrib="10" flow="360.00" occupancy="19.77" speed="6.44" harmonicMeanSpeed="2.53" length="5.00" nVehEntered="10"/>
    <interval begin="20000.00" end="20100.00" id="inductionLoop.N2" nVehContrib="8" flow="288.00" occupancy="8.40" speed="6.31" harmonicMeanSpeed="4.76" length="5.00" nVehEntered="8"/>
    <interval begin="20100.00" end="20200.00" id="inductionLoop.N2" nVehContrib="10" flow="360.00" occupancy="18.99" speed="8.99" harmonicMeanSpeed="2.63" length="5.00" nVehEntered="10"/>
    <interval begin="20200.00" end="20300.00" id="inductionLoop.N2" nVehContrib="9" flow="324.00" occupancy="15.79" speed="9.13" harmonicMeanSpeed="8.04" length="5.00" nVehEntered="10"/>
    <interval begin="20300.00" end="20400.00" id="inductionLoop.N2" nVehContrib="8" flow="288.00" occupancy="64.05" speed="2.55" harmonicMeanSpeed="0.54" length="5.00" nVehEntered="8"/>
    <interval begin="20400.00" end="20500.00" id="inductionLoop.N2" nVehContrib="9" flow="324.00" occupancy="27.20" speed="4.76" harmonicMeanSpeed="4.01" length="5.00" nVehEntered="10"/>
    <interval begin="20500.00" end="20600.00" id="inductionLoop.N2" nVehContrib="9" flow="324.00" occupancy="44.25" speed="4.35" harmonicMeanSpeed="0.86" length="5.00" nVehEntered="9"/>
    <interval begin="20600.00" end="20700.00" id="inductionLoop.N2" nVehContrib="7" flow="252.00" occupancy="40.51" speed="4.26" harmonicMeanSpeed="0.86" length="5.00" nVehEntered="7"/>
    <interval begin="20700.00" end="20800.00" id="inductionLoop.N2" nVehContrib="7" flow="252.00" occupancy="11.04" speed="3.65" harmonicMeanSpeed="3.21" length="5.00" nVehEntered="8"/>
    <interval begin="20800.00" end="20900.00" id="inductionLoop.N2" nVehContrib="7" flow="252.00" occupancy="10.29" speed="6.75" harmonicMeanSpeed="5.13" length="5.00" nVehEntered="7"/>
    <interval begin="20900.00" end="21000.00" id="inductionLoop.N2" nVehContrib="9" flow="324.00" occupancy="20.48" speed="3.67" harmonicMeanSpeed="1.87" length="5.00" nVehEntered="8"/>
    <interval begin="21000.00" end="21100.00" id="inductionLoop.N2" nVehContrib="7" flow="252.00" occupancy="13.65" speed="4.48" harmonicMeanSpeed="2.56" length="5.00" nVehEntered="7"/>
    <interval begin="21100.00" end="21200.00" id="inductionLoop.N2" nVehContrib="12" flow="432.00" occupancy="17.64" speed="5.76" harmonicMeanSpeed="3.47" length="5.00" nVehEntered="13"/>
    <interval begin="21200.00" end="21300.00" id="inductionLoop.N2" nVehContrib="6" flow="216.00" occupancy="75.87" speed="2.97" harmonicMeanSpeed="0.40" length="5.00" nVehEntered="7"/>
    <interval begin="21300.00" end="21400.00" id="inductionLoop.N2" nVehContrib="9" flow="324.00" occupancy="47.28" speed="3.76" harmonicMeanSpeed="0.95" length="5.00" nVehEntered="9"/>
    <interval begin="21400.00" end="21500.00" id="inductionLoop.N2" nVehContrib="7" flow="252.00" occupancy="12.73" speed="3.79" harmonicMeanSpeed="2.75" length="5.00" nVehEntered="7"/>
    <interval begin="21500.00" end="21600.00" id="inductionLoop.N2" nVehContrib="11" flow="396.00" occupancy="48.91" speed="6.07" harmonicMeanSpeed="1.12" length="5.00" nVehEntered="11"/>
    <interval begin="21600.00" end="21700.00" id="inductionLoop.N2" nVehContrib="11" flow="396.00" occupancy="53.82" speed="5.21" harmonicMeanSpeed="1.02" length="5.00" nVehEntered="12"/>
    <interval begin="21700.00" end="21800.00" id="inductionLoop.N2" nVehContrib="11" flow="396.00" occupancy="10.76" speed="6.97" harmonicMeanSpeed="5.08" length="5.00" nVehEntered="10"/>
    <interval begin="21800.00" end="21900.00" id="inductionLoop.N2" nVehContrib="9" flow="324.00" occupancy="14.43" speed="4.80" harmonicMeanSpeed="3.12" length="5.00" nVehEntered="10"/>
    <interval begin="21900.00" end="22000.00" id="inductionLoop.N2" nVehContrib="9" flow="324.00" occupancy="56.38" speed="3.35" harmonicMeanSpeed="0.80" length="5.00" nVehEntered="8"/>
    <interval begin="22000.00" end="22100.00" id="inductionLoop.N2" nVehContrib="8" flow="288.00" occupancy="8.89" speed="6.60" harmonicMeanSpeed="4.50" length="5.00" nVehEntered="8"/>
    <interval begin="22100.00" end="22200.00" id="inductionLoop.N2" nVehContrib="10" flow="360.00" occupancy="18.93" speed="4.07" harmonicMeanSpeed="2.64" length="5.00" nVehEntered="10"/>
    <interval begin="22200.00" end="22300.00" id="inductionLoop.N2" nVehContrib="10" flow="360.00" occupancy="57.31" speed="4.18" harmonicMeanSpeed="0.87" length="5.00" nVehEntered="10"/>
    <interval begin="22300.00" end="22400.00" id="inductionLoop.N2" nVehContrib="5" flow="180.00" occupancy="39.93" speed="6.55" harmonicMeanSpeed="6.02" length="5.00" nVehEntered="6"/>
    <interval begin="22400.00" end="22500.00" id="inductionLoop.N2" nVehContrib="11" flow="396.00" occupancy="61.62" speed="5.27" harmonicMeanSpeed="0.56" length="5.00" nVehEntered="10"/>
    <interval begin="22500.00" end="22600.00" id="inductionLoop.N2" nVehContrib="14" flow="504.00" occupancy="53.59" speed="6.93" harmonicMeanSpeed="1.31" length="5.00" nVehEntered="14"/>
    <interval begin="22600.00" end="22700.00" id="inductionLoop.N2" nVehContrib="7" flow="252.00" occupancy="7.89" speed="5.96" harmonicMeanSpeed="4.44" length="5.00" nVehEntered="7"/>
    <interval begin="22700.00" end="22800.00" id="inductionLoop.N2" nVehContrib="11" flow="396.00" occupancy="63.52" speed="5.71" harmonicMeanSpeed="0.87" length="5.00" nVehEntered="12"/>
    <interval begin="22800.00" end="22900.00" id="inductionLoop.N2" nVehContrib="16" flow="576.00" occupancy="17.04" speed="6.84" harmonicMeanSpeed="4.66" length="5.00" nVehEntered="15"/>
    <interval begin="22900.00" end="23000.00" id="inductionLoop.N2" nVehContrib="8" flow="288.00" occupancy="39.93" speed="7.38" harmonicMeanSpeed="6.62" length="5.00" nVehEntered="9"/>
    <interval begin="23000.00" end="23100.00" id="inductionLoop.N2" nVehContrib="11" flow="396.00" occupancy="69.91" speed="6.48" harmonicMeanSpeed="0.53" length="5.00" nVehEntered="10"/>
    <interval begin="23100.00" end="23200.00" id="inductionLoop.N2" nVehContrib="15" flow="540.00" occupancy="52.08" speed="7.13" harmonicMeanSpeed="1.44" length="5.00" nVehEntered="15"/>
    <interval begin="23200.00" end="23300.00" id="inductionLoop.N2" nVehContrib="9" flow="324.00" occupancy="75.81" speed="5.00" harmonicMeanSpeed="0.59" length="5.00" nVehEntered="9"/>
    <interval begin="23300.00" end="23400.00" id="inductionLoop.N2" nVehContrib="5" flow="180.00" occupancy="87.65" speed="4.66" harmonicMeanSpeed="0.29" length="5.00" nVehEntered="5"/>
    <interval begin="23400.00" end="23500.00" id="inductionLoop.N2" nVehContrib="14" flow="504.00" occupancy="74.61" speed="5.61" harmonicMeanSpeed="0.98" length="5.00" nVehEntered="15"/>
    <interval begin="23500.00" end="23600.00" id="inductionLoop.N2" nVehContrib="12" flow="432.00" occupancy="51.80" speed="5.38" harmonicMeanSpeed="1.08" length="5.00" nVehEntered="11"/>
    <interval begin="23600.00" end="23700.00" id="inductionLoop.N2" nVehContrib="11" flow="396.00" occupancy="13.65" speed="6.83" harmonicMeanSpeed="4.03" length="5.00" nVehEntered="11"/>
    <interval begin="23700.00" end="23800.00" id="inductionLoop.N2" nVehContrib="12" flow="432.00" occupancy="10.22" speed="7.62" harmonicMeanSpeed="5.87" length="5.00" nVehEntered="12"/>
    <interval begin="23800.00" end="23900.00" id="inductionLoop.N2" nVehContrib="9" flow="324.00" occupancy="47.90" speed="3.83" harmonicMeanSpeed="0.94" length="5.00" nVehEntered="9"/>
    <interval begin="23900.00" end="24000.00" id="inductionLoop.N2" nVehContrib="13" flow="468.00" occupancy="51.51" speed="6.29" harmonicMeanSpeed="1.26" length="5.00" nVehEntered="13"/>
    <interval begin="24000.00" end="24100.00" id="inductionLoop.N2" nVehContrib="11" flow="396.00" occupancy="30.14" speed="5.52" harmonicMeanSpeed="1.82" length="5.00" nVehEntered="11"/>
    <interval begin="24100.00" end="24200.00" id="inductionLoop.N2" nVehContrib="14" flow="504.00" occupancy="57.68" speed="3.96" harmonicMeanSpeed="1.21" length="5.00" nVehEntered="14"/>
    <interval begin="24200.00" end="24300.00" id="inductionLoop.N2" nVehContrib="12" flow="432.00" occupancy="10.55" speed="6.95" harmonicMeanSpeed="5.69" length="5.00" nVehEntered="12"/>
    <interval begin="24300.00" end="24400.00" id="inductionLoop.N2" nVehContrib="6" flow="216.00" occupancy="50.37" speed="3.69" harmonicMeanSpeed="0.60" length="5.00" nVehEntered="6"/>
    <interval begin="24400.00" end="24500.00" id="inductionLoop.N2" nVehContrib="17" flow="612.00" occupancy="53.11" speed="6.57" harmonicMeanSpeed="1.60" length="5.00" nVehEntered="17"/>
    <interval begin="24500.00" end="24600.00" id="inductionLoop.N2" nVehContrib="12" flow="432.00" occupancy="55.18" speed="4.97" harmonicMeanSpeed="1.09" length="5.00" nVehEntered="12"/>
    <interval begin="24600.00" end="24700.00" id="inductionLoop.N2" nVehContrib="14" flow="504.00" occupancy="74.15" speed="6.05" harmonicMeanSpeed="1.38" length="5.00" nVehEntered="15"/>
    <interval begin="24700.00" end="24800.00" id="inductionLoop.N2" nVehContrib="14" flow="504.00" occupancy="76.38" speed="6.63" harmonicMeanSpeed="1.24" length="5.00" nVehEntered="14"/>
    <interval begin="24800.00" end="24900.00" id="inductionLoop.N2" nVehContrib="19" flow="684.00" occupancy="26.09" speed="5.12" harmonicMeanSpeed="1.37" length="5.00" nVehEntered="18"/>
    <interval begin="24900.00" end="25000.00" id="inductionLoop.N2" nVehContrib="14" flow="504.00" occupancy="53.72" speed="6.55" harmonicMeanSpeed="1.30" length="5.00" nVehEntered="14"/>
    <interval begin="25000.00" end="25100.00" id="inductionLoop.N2" nVehContrib="12" flow="432.00" occupancy="21.74" speed="4.29" harmonicMeanSpeed="2.76" length="5.00" nVehEntered="12"/>
    <interval begin="25100.00" end="25200.00" id="inductionLoop.N2" nVehContrib="12" flow="432.00" occupancy="15.42" speed="5.38" harmonicMeanSpeed="3.89" length="5.00" nVehEntered="12"/>
    <interval begin="25200.00" end="25300.00" id="inductionLoop.N2" nVehContrib="10" flow="360.00" occupancy="13.20" speed="5.87" harmonicMeanSpeed="3.95" length="5.00" nVehEntered="11"/>
    <interval begin="25300.00" end="25400.00" id="inductionLoop.N2" nVehContrib="15" flow="540.00" occupancy="13.95" speed="7.23" harmonicMeanSpeed="5.18" length="5.00" nVehEntered="14"/>
    <interval begin="25400.00" end="25500.00" id="inductionLoop.N2" nVehContrib="12" flow="432.00" occupancy="61.73" speed="6.24" harmonicMeanSpeed="0.97" length="5.00" nVehEntered="12"/>
    <interval begin="25500.00" end="25600.00" id="inductionLoop.N2" nVehContrib="16" flow="576.00" occupancy="24.67" speed="6.30" harmonicMeanSpeed="3.24" length="5.00" nVehEntered="16"/>
    <interval begin="25600.00" end="25700.00" id="inductionLoop.N2" nVehContrib="18" flow="648.00" occupancy="16.99" speed="7.37" harmonicMeanSpeed="5.30" length="5.00" nVehEntered="18"/>
    <interval begin="25700.00" end="25800.00" id="inductionLoop.N2" nVehContrib="15" flow="540.00" occupancy="43.94" speed="7.31" harmonicMeanSpeed="5.39" length="5.00" nVehEntered="16"/>
    <interval begin="25800.00" end="25900.00" id="inductionLoop.N2" nVehContrib="12" flow="432.00" occupancy="49.13" speed="6.18" harmonicMeanSpeed="0.76" length="5.00" nVehEntered="11"/>
    <interval begin="25900.00" end="26000.00" id="inductionLoop.N2" nVehContrib="12" flow="432.00" occupancy="15.32" speed="7.16" harmonicMeanSpeed="3.92" length="5.00" nVehEntered="12"/>
    <interval begin="26000.00" end="26100.00" id="inductionLoop.N2" nVehContrib="14" flow="504.00" occupancy="12.68" speed="8.06" harmonicMeanSpeed="5.52" length="5.00" nVehEntered="14"/>
    <interval begin="26100.00" end="26200.00" id="inductionLoop.N2" nVehContrib="15" flow="540.00" occupancy="12.86" speed="8.73" harmonicMeanSpeed="5.83" length="5.00" nVehEntered="15"/>
    <interval begin="26200.00" end="26300.00" id="inductionLoop.N2" nVehContrib="14" flow="504.00" occupancy="29.46" speed="6.45" harmonicMeanSpeed="4.92" length="5.00" nVehEntered="15"/>
    <interval begin="26300.00" end="26400.00" id="inductionLoop.N2" nVehContrib="10" flow="360.00" occupancy="54.63" speed="4.16" harmonicMeanSpeed="0.72" length="5.00" nVehEntered="9"/>
    <interval begin="26400.00" end="26500.00" id="inductionLoop.N2" nVehContrib="6" flow="216.00" occupancy="10.61" speed="3.60" harmonicMeanSpeed="2.83" length="5.00" nVehEntered="6"/>
    <interval begin="26500.00" end="26600.00" id="inductionLoop.N2" nVehContrib="8" flow="288.00" occupancy="14.10" speed="4.16" harmonicMeanSpeed="2.84" length="5.00" nVehEntered="8"/>
    <interval begin="26600.00" end="26700.00" id="inductionLoop.N2" nVehContrib="9" flow="324.00" occupancy="11.84" speed="5.40" harmonicMeanSpeed="4.11" length="5.00" nVehEntered="10"/>
    <interval begin="26700.00" end="26800.00" id="inductionLoop.N2" nVehContrib="8" flow="288.00" occupancy="13.44" speed="4.32" harmonicMeanSpeed="3.16" length="5.00" nVehEntered="8"/>
    <interval begin="26800.00" end="26900.00" id="inductionLoop.N2" nVehContrib="9" flow="324.00" occupancy="18.57" speed="2.81" harmonicMeanSpeed="2.22" length="5.00" nVehEntered="8"/>
    <interval begin="26900.00" end="27000.00" id="inductionLoop.N2" nVehContrib="9" flow="324.00" occupancy="14.24" speed="4.53" harmonicMeanSpeed="3.16" length="5.00" nVehEntered="9"/>
    <interval begin="27000.00" end="27100.00" id="inductionLoop.N2" nVehContrib="13" flow="468.00" occupancy="49.17" speed="5.39" harmonicMeanSpeed="1.32" length="5.00" nVehEntered="13"/>
    <interval begin="27100.00" end="27200.00" id="inductionLoop.N2" nVehContrib="11" flow="396.00" occupancy="14.11" speed="5.45" harmonicMeanSpeed="3.90" length="5.00" nVehEntered="11"/>
    <interval begin="27200.00" end="27300.00" id="inductionLoop.N2" nVehContrib="6" flow="216.00" occupancy="11.34" speed="3.37" harmonicMeanSpeed="2.64" length="5.00" nVehEntered="6"/>
    <interval begin="27300.00" end="27400.00" id="inductionLoop.N2" nVehContrib="13" flow="468.00" occupancy="16.79" speed="5.79" harmonicMeanSpeed="3.87" length="5.00" nVehEntered="13"/>
    <interval begin="27400.00" end="27500.00" id="inductionLoop.N2" nVehContrib="10" flow="360.00" occupancy="9.73" speed="6.25" harmonicMeanSpeed="5.14" length="5.00" nVehEntered="10"/>
    <interval begin="27500.00" end="27600.00" id="inductionLoop.N2" nVehContrib="10" flow="360.00" occupancy="36.87" speed="5.47" harmonicMeanSpeed="1.36" length="5.00" nVehEntered="10"/>
    <interval begin="27600.00" end="27700.00" id="inductionLoop.N2" nVehContrib="8" flow="288.00" occupancy="14.06" speed="4.01" harmonicMeanSpeed="2.84" length="5.00" nVehEntered="8"/>
    <interval begin="27700.00" end="27800.00" id="inductionLoop.N2" nVehContrib="15" flow="540.00" occupancy="16.59" speed="6.67" harmonicMeanSpeed="4.52" length="5.00" nVehEntered="15"/>
    <interval begin="27800.00" end="27900.00" id="inductionLoop.N2" nVehContrib="14" flow="504.00" occupancy="12.77" speed="8.41" harmonicMeanSpeed="5.48" length="5.00" nVehEntered="14"/>
    <interval begin="27900.00" end="28000.00" id="inductionLoop.N2" nVehContrib="11" flow="396.00" occupancy="8.47" speed="7.58" harmonicMeanSpeed="6.50" length="5.00" nVehEntered="11"/>
    <interval begin="28000.00" end="28100.00" id="inductionLoop.N2" nVehContrib="9" flow="324.00" occupancy="62.16" speed="4.17" harmonicMeanSpeed="0.72" length="5.00" nVehEntered="9"/>
    <interval begin="28100.00" end="28200.00" id="inductionLoop.N2" nVehContrib="6" flow="216.00" occupancy="59.72" speed="5.46" harmonicMeanSpeed="0.50" length="5.00" nVehEntered="6"/>
    <interval begin="28200.00" end="28300.00" id="inductionLoop.N2" nVehContrib="14" flow="504.00" occupancy="75.61" speed="6.26" harmonicMeanSpeed="1.86" length="5.00" nVehEntered="15"/>
    <interval begin="28300.00" end="28400.00" id="inductionLoop.N2" nVehContrib="9" flow="324.00" occupancy="27.94" speed="5.02" harmonicMeanSpeed="0.68" length="5.00" nVehEntered="8"/>
    <interval begin="28400.00" end="28500.00" id="inductionLoop.N2" nVehContrib="7" flow="252.00" occupancy="35.47" speed="5.60" harmonicMeanSpeed="0.99" length="5.00" nVehEntered="7"/>
    <interval begin="28500.00" end="28600.00" id="inductionLoop.N2" nVehContrib="7" flow="252.00" occupancy="12.07" speed="3.97" harmonicMeanSpeed="2.90" length="5.00" nVehEntered="7"/>
    <interval begin="28600.00" end="28700.00" id="inductionLoop.N2" nVehContrib="8" flow="288.00" occupancy="6.95" speed="7.92" harmonicMeanSpeed="5.76" length="5.00" nVehEntered="8"/>
    <interval begin="28700.00" end="28800.00" id="inductionLoop.N2" nVehContrib="8" flow="288.00" occupancy="9.04" speed="5.60" harmonicMeanSpeed="4.67" length="5.00" nVehEntered="9"/>
    <interval begin="28800.00" end="28900.00" id="inductionLoop.N2" nVehContrib="3" flow="108.00" occupancy="17.98" speed="3.84" harmonicMeanSpeed="3.67" length="5.00" nVehEntered="5"/>
    <interval begin="28900.00" end="29000.00" id="inductionLoop.N2" nVehContrib="7" flow="252.00" occupancy="64.54" speed="3.16" harmonicMeanSpeed="0.63" length="5.00" nVehEntered="7"/>
    <interval begin="29000.00" end="29100.00" id="inductionLoop.N2" nVehContrib="7" flow="252.00" occupancy="26.74" speed="5.24" harmonicMeanSpeed="0.72" length="5.00" nVehEntered="7"/>
    <interval begin="29100.00" end="29200.00" id="inductionLoop.N2" nVehContrib="5" flow="180.00" occupancy="10.40" speed="3.23" harmonicMeanSpeed="2.68" length="5.00" nVehEntered="6"/>
    <interval begin="29200.00" end="29300.00" id="inductionLoop.N2" nVehContrib="13" flow="468.00" occupancy="18.37" speed="4.58" harmonicMeanSpeed="3.54" length="5.00" nVehEntered="13"/>
    <interval begin="29300.00" end="29400.00" id="inductionLoop.N2" nVehContrib="9" flow="324.00" occupancy="7.24" speed="7.70" harmonicMeanSpeed="6.22" length="5.00" nVehEntered="9"/>
    <interval begin="29400.00" end="29500.00" id="inductionLoop.N2" nVehContrib="8" flow="288.00" occupancy="9.55" speed="6.58" harmonicMeanSpeed="4.19" length="5.00" nVehEntered="8"/>
    <interval begin="29500.00" end="29600.00" id="inductionLoop.N2" nVehContrib="13" flow="468.00" occupancy="55.37" speed="6.25" harmonicMeanSpeed="1.18" length="5.00" nVehEntered="14"/>
    <interval begin="29600.00" end="29700.00" id="inductionLoop.N2" nVehContrib="7" flow="252.00" occupancy="3.25" speed="11.11" harmonicMeanSpeed="10.76" length="5.00" nVehEntered="7"/>
    <interval begin="29700.00" end="29800.00" id="inductionLoop.N2" nVehContrib="8" flow="288.00" occupancy="50.78" speed="6.03" harmonicMeanSpeed="0.80" length="5.00" nVehEntered="9"/>
    <interval begin="29800.00" end="29900.00" id="inductionLoop.N2" nVehContrib="7" flow="252.00" occupancy="13.72" speed="8.45" harmonicMeanSpeed="3.00" length="5.00" nVehEntered="8"/>
    <interval begin="29900.00" end="30000.00" id="inductionLoop.N2" nVehContrib="3" flow="108.00" occupancy="4.34" speed="7.94" harmonicMeanSpeed="4.99" length="5.00" nVehEntered="5"/>
    <interval begin="30000.00" end="30100.00" id="inductionLoop.N2" nVehContrib="5" flow="180.00" occupancy="4.90" speed="8.58" harmonicMeanSpeed="6.28" length="5.00" nVehEntered="6"/>
    <interval begin="30100.00" end="30200.00" id="inductionLoop.N2" nVehContrib="8" flow="288.00" occupancy="18.14" speed="7.55" harmonicMeanSpeed="2.21" length="5.00" nVehEntered="8"/>
    <interval begin="30200.00" end="30300.00" id="inductionLoop.N2" nVehContrib="8" flow="288.00" occupancy="6.53" speed="8.04" harmonicMeanSpeed="6.13" length="5.00" nVehEntered="8"/>
    <interval begin="30300.00" end="30400.00" id="inductionLoop.N2" nVehContrib="6" flow="216.00" occupancy="42.85" speed="7.06" harmonicMeanSpeed="0.70" length="5.00" nVehEntered="7"/>
    <interval begin="30400.00" end="30500.00" id="inductionLoop.N2" nVehContrib="6" flow="216.00" occupancy="81.71" speed="4.16" harmonicMeanSpeed="0.57" length="5.00" nVehEntered="7"/>
    <interval begin="30500.00" end="30600.00" id="inductionLoop.N2" nVehContrib="10" flow="360.00" occupancy="19.71" speed="5.60" harmonicMeanSpeed="1.05" length="5.00" nVehEntered="10"/>
    <interval begin="30600.00" end="30700.00" id="inductionLoop.N2" nVehContrib="5" flow="180.00" occupancy="2.18" speed="11.89" harmonicMeanSpeed="11.46" length="5.00" nVehEntered="5"/>
    <interval begin="30700.00" end="30800.00" id="inductionLoop.N2" nVehContrib="0" flow="0.00" occupancy="0.00" speed="-1.00" harmonicMeanSpeed="-1.00" length="-1.00" nVehEntered="0"/>
    <interval begin="30800.00" end="30900.00" id="inductionLoop.N2" nVehContrib="0" flow="0.00" occupancy="0.00" speed="-1.00" harmonicMeanSpeed="-1.00" length="-1.00" nVehEntered="0"/>
    <interval begin="30900.00" end="31000.00" id="inductionLoop.N2" nVehContrib="0" flow="0.00" occupancy="0.00" speed="-1.00" harmonicMeanSpeed="-1.00" length="-1.00" nVehEntered="0"/>
    <interval begin="31000.00" end="31100.00" id="inductionLoop.N2" nVehContrib="0" flow="0.00" occupancy="0.00" speed="-1.00" harmonicMeanSpeed="-1.00" length="-1.00" nVehEntered="0"/>
    <interval begin="31100.00" end="31200.00" id="inductionLoop.N2" nVehContrib="0" flow="0.00" occupancy="0.00" speed="-1.00" harmonicMeanSpeed="-1.00" length="-1.00" nVehEntered="0"/>
    <interval begin="31200.00" end="31300.00" id="inductionLoop.N2" nVehContrib="0" flow="0.00" occupancy="0.00" speed="-1.00" harmonicMeanSpeed="-1.00" length="-1.00" nVehEntered="0"/>
    <interval begin="31300.00" end="31400.00" id="inductionLoop.N2" nVehContrib="0" flow="0.00" occupancy="0.00" speed="-1.00" harmonicMeanSpeed="-1.00" length="-1.00" nVehEntered="0"/>
    <interval begin="31400.00" end="31500.00" id="inductionLoop.N2" nVehContrib="0" flow="0.00" occupancy="0.00" speed="-1.00" harmonicMeanSpeed="-1.00" length="-1.00" nVehEntered="0"/>
    <interval begin="31500.00" end="31600.00" id="inductionLoop.N2" nVehContrib="0" flow="0.00" occupancy="0.00" speed="-1.00" harmonicMeanSpeed="-1.00" length="-1.00" nVehEntered="0"/>
    <interval begin="31600.00" end="31700.00" id="inductionLoop.N2" nVehContrib="0" flow="0.00" occupancy="0.00" speed="-1.00" harmonicMeanSpeed="-1.00" length="-1.00" nVehEntered="0"/>
    <interval begin="31700.00" end="31800.00" id="inductionLoop.N2" nVehContrib="1" flow="36.00" occupancy="0.37" speed="13.57" harmonicMeanSpeed="13.57" length="5.00" nVehEntered="1"/>
    <interval begin="31800.00" end="31900.00" id="inductionLoop.N2" nVehContrib="1" flow="36.00" occupancy="0.37" speed="13.67" harmonicMeanSpeed="13.67" length="5.00" nVehEntered="1"/>
    <interval begin="31900.00" end="32000.00" id="inductionLoop.N2" nVehContrib="3" flow="108.00" occupancy="1.39" speed="12.71" harmonicMeanSpeed="12.69" length="5.00" nVehEntered="4"/>
    <interval begin="32000.00" end="32100.00" id="inductionLoop.N2" nVehContrib="2" flow="72.00" occupancy="0.81" speed="12.53" harmonicMeanSpeed="12.40" length="5.00" nVehEntered="2"/>
    <interval begin="32100.00" end="32200.00" id="inductionLoop.N2" nVehContrib="8" flow="288.00" occupancy="3.72" speed="11.02" harmonicMeanSpeed="10.75" length="5.00" nVehEntered="8"/>
    <interval begin="32200.00" end="32300.00" id="inductionLoop.N2" nVehContrib="5" flow="180.00" occupancy="34.27" speed="5.79" harmonicMeanSpeed="0.74" length="5.00" nVehEntered="6"/>
    <interval begin="32300.00" end="32400.00" id="inductionLoop.N2" nVehContrib="3" flow="108.00" occupancy="1.13" speed="13.41" harmonicMeanSpeed="13.25" length="5.00" nVehEntered="3"/>
    <interval begin="32400.00" end="32500.00" id="inductionLoop.N2" nVehContrib="11" flow="396.00" occupancy="5.01" speed="11.34" harmonicMeanSpeed="10.99" length="5.00" nVehEntered="11"/>
    <interval begin="32500.00" end="32600.00" id="inductionLoop.N2" nVehContrib="6" flow="216.00" occupancy="5.87" speed="7.86" harmonicMeanSpeed="5.92" length="5.00" nVehEntered="7"/>
    <interval begin="32600.00" end="32700.00" id="inductionLoop.N2" nVehContrib="3" flow="108.00" occupancy="2.45" speed="9.83" harmonicMeanSpeed="6.11" length="5.00" nVehEntered="3"/>
    <interval begin="32700.00" end="32800.00" id="inductionLoop.N2" nVehContrib="7" flow="252.00" occupancy="5.63" speed="9.58" harmonicMeanSpeed="6.88" length="5.00" nVehEntered="8"/>
    <interval begin="32800.00" end="32900.00" id="inductionLoop.N2" nVehContrib="7" flow="252.00" occupancy="9.34" speed="6.01" harmonicMeanSpeed="3.86" length="5.00" nVehEntered="8"/>
    <interval begin="32900.00" end="33000.00" id="inductionLoop.N2" nVehContrib="10" flow="360.00" occupancy="24.49" speed="6.64" harmonicMeanSpeed="2.04" length="5.00" nVehEntered="10"/>
    <interval begin="33000.00" end="33100.00" id="inductionLoop.N2" nVehContrib="8" flow="288.00" occupancy="7.23" speed="8.71" harmonicMeanSpeed="6.15" length="5.00" nVehEntered="9"/>
    <interval begin="33100.00" end="33200.00" id="inductionLoop.N2" nVehContrib="10" flow="360.00" occupancy="4.73" speed="10.99" harmonicMeanSpeed="10.57" length="5.00" nVehEntered="10"/>
    <interval begin="33200.00" end="33300.00" id="inductionLoop.N2" nVehContrib="11" flow="396.00" occupancy="15.32" speed="9.18" harmonicMeanSpeed="3.79" length="5.00" nVehEntered="14"/>
    <interval begin="33300.00" end="33400.00" id="inductionLoop.N2" nVehContrib="6" flow="216.00" occupancy="2.43" speed="12.65" harmonicMeanSpeed="12.36" length="5.00" nVehEntered="6"/>
    <interval begin="33400.00" end="33500.00" id="inductionLoop.N2" nVehContrib="7" flow="252.00" occupancy="8.54" speed="7.38" harmonicMeanSpeed="4.84" length="5.00" nVehEntered="8"/>
    <interval begin="33500.00" end="33600.00" id="inductionLoop.N2" nVehContrib="7" flow="252.00" occupancy="45.06" speed="5.92" harmonicMeanSpeed="0.75" length="5.00" nVehEntered="6"/>
    <interval begin="33600.00" end="33700.00" id="inductionLoop.N2" nVehContrib="7" flow="252.00" occupancy="12.04" speed="7.07" harmonicMeanSpeed="6.24" length="5.00" nVehEntered="8"/>
    <interval begin="33700.00" end="33800.00" id="inductionLoop.N2" nVehContrib="0" flow="0.00" occupancy="0.00" speed="-1.00" harmonicMeanSpeed="-1.00" length="-1.00" nVehEntered="0"/>
    <interval begin="33800.00" end="33900.00" id="inductionLoop.N2" nVehContrib="0" flow="0.00" occupancy="0.00" speed="-1.00" harmonicMeanSpeed="-1.00" length="-1.00" nVehEntered="0"/>
    <interval begin="33900.00" end="34000.00" id="inductionLoop.N2" nVehContrib="0" flow="0.00" occupancy="0.00" speed="-1.00" harmonicMeanSpeed="-1.00" length="-1.00" nVehEntered="0"/>
    <interval begin="34000.00" end="34100.00" id="inductionLoop.N2" nVehContrib="0" flow="0.00" occupancy="0.00" speed="-1.00" harmonicMeanSpeed="-1.00" length="-1.00" nVehEntered="0"/>
    <interval begin="34100.00" end="34200.00" id="inductionLoop.N2" nVehContrib="0" flow="0.00" occupancy="0.00" speed="-1.00" harmonicMeanSpeed="-1.00" length="-1.00" nVehEntered="0"/>
    <interval begin="34200.00" end="34300.00" id="inductionLoop.N2" nVehContrib="2" flow="72.00" occupancy="0.79" speed="12.66" harmonicMeanSpeed="12.59" length="5.00" nVehEntered="2"/>
    <interval begin="34300.00" end="34400.00" id="inductionLoop.N2" nVehContrib="4" flow="144.00" occupancy="1.78" speed="11.49" harmonicMeanSpeed="11.21" length="5.00" nVehEntered="4"/>
    <interval begin="34400.00" end="34500.00" id="inductionLoop.N2" nVehContrib="6" flow="216.00" occupancy="2.43" speed="12.38" harmonicMeanSpeed="12.34" length="5.00" nVehEntered="6"/>
    <interval begin="34500.00" end="34600.00" id="inductionLoop.N2" nVehContrib="10" flow="360.00" occupancy="6.89" speed="9.03" harmonicMeanSpeed="7.37" length="5.00" nVehEntered="11"/>
    <interval begin="34600.00" end="34700.00" id="inductionLoop.N2" nVehContrib="9" flow="324.00" occupancy="62.00" speed="7.16" harmonicMeanSpeed="1.29" length="5.00" nVehEntered="10"/>
    <interval begin="34700.00" end="34800.00" id="inductionLoop.N2" nVehContrib="13" flow="468.00" occupancy="47.98" speed="5.97" harmonicMeanSpeed="0.86" length="5.00" nVehEntered="12"/>
    <interval begin="34800.00" end="34900.00" id="inductionLoop.N2" nVehContrib="10" flow="360.00" occupancy="46.86" speed="6.21" harmonicMeanSpeed="1.07" length="5.00" nVehEntered="10"/>
    <interval begin="34900.00" end="35000.00" id="inductionLoop.N2" nVehContrib="9" flow="324.00" occupancy="15.61" speed="4.14" harmonicMeanSpeed="2.88" length="5.00" nVehEntered="9"/>
    <interval begin="35000.00" end="35100.00" id="inductionLoop.N2" nVehContrib="8" flow="288.00" occupancy="43.12" speed="4.12" harmonicMeanSpeed="0.94" length="5.00" nVehEntered="9"/>
    <interval begin="35100.00" end="35200.00" id="inductionLoop.N2" nVehContrib="12" flow="432.00" occupancy="15.47" speed="5.70" harmonicMeanSpeed="4.03" length="5.00" nVehEntered="13"/>
    <interval begin="35200.00" end="35300.00" id="inductionLoop.N2" nVehContrib="8" flow="288.00" occupancy="15.23" speed="3.71" harmonicMeanSpeed="2.53" length="5.00" nVehEntered="7"/>
    <interval begin="35300.00" end="35400.00" id="inductionLoop.N2" nVehContrib="2" flow="72.00" occupancy="4.54" speed="2.55" harmonicMeanSpeed="2.21" length="5.00" nVehEntered="2"/>
    <interval begin="35400.00" end="35500.00" id="inductionLoop.N2" nVehContrib="10" flow="360.00" occupancy="16.42" speed="4.40" harmonicMeanSpeed="3.05" length="5.00" nVehEntered="10"/>
    <interval begin="35500.00" end="35600.00" id="inductionLoop.N2" nVehContrib="17" flow="612.00" occupancy="22.07" speed="7.78" harmonicMeanSpeed="5.58" length="5.00" nVehEntered="18"/>
    <interval begin="35600.00" end="35700.00" id="inductionLoop.N2" nVehContrib="8" flow="288.00" occupancy="84.79" speed="4.38" harmonicMeanSpeed="0.79" length="5.00" nVehEntered="8"/>
    <interval begin="35700.00" end="35800.00" id="inductionLoop.N2" nVehContrib="17" flow="612.00" occupancy="19.46" speed="5.55" harmonicMeanSpeed="1.40" length="5.00" nVehEntered="16"/>
    <interval begin="35800.00" end="35900.00" id="inductionLoop.N2" nVehContrib="8" flow="288.00" occupancy="4.51" speed="10.12" harmonicMeanSpeed="9.80" length="5.00" nVehEntered="9"/>
    <interval begin="35900.00" end="36000.00" id="inductionLoop.N2" nVehContrib="5" flow="180.00" occupancy="6.07" speed="5.59" harmonicMeanSpeed="4.12" length="5.00" nVehEntered="5"/>
    <interval begin="36000.00" end="36100.00" id="inductionLoop.N2" nVehContrib="10" flow="360.00" occupancy="11.09" speed="7.27" harmonicMeanSpeed="4.97" length="5.00" nVehEntered="11"/>
    <interval begin="36100.00" end="36200.00" id="inductionLoop.N2" nVehContrib="7" flow="252.00" occupancy="68.76" speed="6.25" harmonicMeanSpeed="0.86" length="5.00" nVehEntered="8"/>
    <interval begin="36200.00" end="36300.00" id="inductionLoop.N2" nVehContrib="10" flow="360.00" occupancy="79.49" speed="6.40" harmonicMeanSpeed="0.78" length="5.00" nVehEntered="10"/>
    <interval begin="36300.00" end="36400.00" id="inductionLoop.N2" nVehContrib="17" flow="612.00" occupancy="71.06" speed="5.08" harmonicMeanSpeed="0.74" length="5.00" nVehEntered="16"/>
    <interval begin="36400.00" end="36500.00" id="inductionLoop.N2" nVehContrib="19" flow="684.00" occupancy="19.32" speed="7.43" harmonicMeanSpeed="6.01" length="5.00" nVehEntered="20"/>
    <interval begin="36500.00" end="36600.00" id="inductionLoop.N2" nVehContrib="9" flow="324.00" occupancy="10.06" speed="5.51" harmonicMeanSpeed="3.32" length="5.00" nVehEntered="8"/>
    <interval begin="36600.00" end="36700.00" id="inductionLoop.N2" nVehContrib="7" flow="252.00" occupancy="9.86" speed="5.17" harmonicMeanSpeed="3.65" length="5.00" nVehEntered="8"/>
    <interval begin="36700.00" end="36800.00" id="inductionLoop.N2" nVehContrib="8" flow="288.00" occupancy="50.97" speed="4.89" harmonicMeanSpeed="0.78" length="5.00" nVehEntered="8"/>
    <interval begin="36800.00" end="36900.00" id="inductionLoop.N2" nVehContrib="9" flow="324.00" occupancy="7.51" speed="7.43" harmonicMeanSpeed="5.99" length="5.00" nVehEntered="9"/>
    <interval begin="36900.00" end="37000.00" id="inductionLoop.N2" nVehContrib="15" flow="540.00" occupancy="15.89" speed="6.62" harmonicMeanSpeed="4.72" length="5.00" nVehEntered="15"/>
    <interval begin="37000.00" end="37100.00" id="inductionLoop.N2" nVehContrib="7" flow="252.00" occupancy="26.82" speed="4.71" harmonicMeanSpeed="3.97" length="5.00" nVehEntered="8"/>
    <interval begin="37100.00" end="37200.00" id="inductionLoop.N2" nVehContrib="6" flow="216.00" occupancy="33.67" speed="4.10" harmonicMeanSpeed="0.58" length="5.00" nVehEntered="5"/>
    <interval begin="37200.00" end="37300.00" id="inductionLoop.N2" nVehContrib="13" flow="468.00" occupancy="17.84" speed="5.02" harmonicMeanSpeed="3.80" length="5.00" nVehEntered="14"/>
    <interval begin="37300.00" end="37400.00" id="inductionLoop.N2" nVehContrib="11" flow="396.00" occupancy="61.76" speed="5.74" harmonicMeanSpeed="1.31" length="5.00" nVehEntered="11"/>
    <interval begin="37400.00" end="37500.00" id="inductionLoop.N2" nVehContrib="8" flow="288.00" occupancy="83.74" speed="4.23" harmonicMeanSpeed="0.38" length="5.00" nVehEntered="7"/>
    <interval begin="37500.00" end="37600.00" id="inductionLoop.N2" nVehContrib="16" flow="576.00" occupancy="21.44" speed="5.47" harmonicMeanSpeed="3.73" length="5.00" nVehEntered="16"/>
    <interval begin="37600.00" end="37700.00" id="inductionLoop.N2" nVehContrib="9" flow="324.00" occupancy="7.33" speed="7.47" harmonicMeanSpeed="6.14" length="5.00" nVehEntered="9"/>
    <interval begin="37700.00" end="37800.00" id="inductionLoop.N2" nVehContrib="15" flow="540.00" occupancy="17.11" speed="6.01" harmonicMeanSpeed="4.38" length="5.00" nVehEntered="15"/>
    <interval begin="37800.00" end="37900.00" id="inductionLoop.N2" nVehContrib="12" flow="432.00" occupancy="17.24" speed="4.90" harmonicMeanSpeed="3.48" length="5.00" nVehEntered="12"/>
    <interval begin="37900.00" end="38000.00" id="inductionLoop.N2" nVehContrib="11" flow="396.00" occupancy="44.89" speed="5.94" harmonicMeanSpeed="4.41" length="5.00" nVehEntered="12"/>
    <interval begin="38000.00" end="38100.00" id="inductionLoop.N2" nVehContrib="10" flow="360.00" occupancy="19.36" speed="6.14" harmonicMeanSpeed="0.97" length="5.00" nVehEntered="9"/>
    <interval begin="38100.00" end="38200.00" id="inductionLoop.N2" nVehContrib="5" flow="180.00" occupancy="12.14" speed="4.64" harmonicMeanSpeed="2.06" length="5.00" nVehEntered="5"/>
    <interval begin="38200.00" end="38300.00" id="inductionLoop.N2" nVehContrib="13" flow="468.00" occupancy="52.03" speed="6.39" harmonicMeanSpeed="4.91" length="5.00" nVehEntered="14"/>
    <interval begin="38300.00" end="38400.00" id="inductionLoop.N2" nVehContrib="8" flow="288.00" occupancy="13.49" speed="5.70" harmonicMeanSpeed="0.77" length="5.00" nVehEntered="7"/>
    <interval begin="38400.00" end="38500.00" id="inductionLoop.N2" nVehContrib="16" flow="576.00" occupancy="54.53" speed="6.19" harmonicMeanSpeed="1.47" length="5.00" nVehEntered="16"/>
    <interval begin="38500.00" end="38600.00" id="inductionLoop.N2" nVehContrib="11" flow="396.00" occupancy="11.46" speed="6.74" harmonicMeanSpeed="4.80" length="5.00" nVehEntered="11"/>
    <interval begin="38600.00" end="38700.00" id="inductionLoop.N2" nVehContrib="11" flow="396.00" occupancy="55.37" speed="4.42" harmonicMeanSpeed="0.99" length="5.00" nVehEntered="11"/>
    <interval begin="38700.00" end="38800.00" id="inductionLoop.N2" nVehContrib="12" flow="432.00" occupancy="68.28" speed="5.80" harmonicMeanSpeed="0.89" length="5.00" nVehEntered="13"/>
    <interval begin="38800.00" end="38900.00" id="inductionLoop.N2" nVehContrib="16" flow="576.00" occupancy="20.83" speed="7.01" harmonicMeanSpeed="5.34" length="5.00" nVehEntered="16"/>
    <interval begin="38900.00" end="39000.00" id="inductionLoop.N2" nVehContrib="11" flow="396.00" occupancy="29.55" speed="7.69" harmonicMeanSpeed="2.09" length="5.00" nVehEntered="11"/>
    <interval begin="39000.00" end="39100.00" id="inductionLoop.N2" nVehContrib="6" flow="216.00" occupancy="20.94" speed="3.99" harmonicMeanSpeed="0.98" length="5.00" nVehEntered="6"/>
    <interval begin="39100.00" end="39200.00" id="inductionLoop.N2" nVehContrib="19" flow="684.00" occupancy="61.60" speed="7.61" harmonicMeanSpeed="3.29" length="5.00" nVehEntered="19"/>
    <interval begin="39200.00" end="39300.00" id="inductionLoop.N2" nVehContrib="14" flow="504.00" occupancy="35.52" speed="7.57" harmonicMeanSpeed="1.02" length="5.00" nVehEntered="13"/>
    <interval begin="39300.00" end="39400.00" id="inductionLoop.N2" nVehContrib="13" flow="468.00" occupancy="13.33" speed="6.87" harmonicMeanSpeed="4.87" length="5.00" nVehEntered="13"/>
    <interval begin="39400.00" end="39500.00" id="inductionLoop.N2" nVehContrib="7" flow="252.00" occupancy="8.78" speed="6.37" harmonicMeanSpeed="3.99" length="5.00" nVehEntered="7"/>
    <interval begin="39500.00" end="39600.00" id="inductionLoop.N2" nVehContrib="10" flow="360.00" occupancy="9.53" speed="8.59" harmonicMeanSpeed="5.25" length="5.00" nVehEntered="10"/>
    <interval begin="39600.00" end="39700.00" id="inductionLoop.N2" nVehContrib="11" flow="396.00" occupancy="80.41" speed="8.49" harmonicMeanSpeed="7.47" length="5.00" nVehEntered="12"/>
    <interval begin="39700.00" end="39800.00" id="inductionLoop.N2" nVehContrib="14" flow="504.00" occupancy="70.96" speed="5.34" harmonicMeanSpeed="0.49" length="5.00" nVehEntered="14"/>
    <interval begin="39800.00" end="39900.00" id="inductionLoop.N2" nVehContrib="16" flow="576.00" occupancy="50.86" speed="6.66" harmonicMeanSpeed="4.23" length="5.00" nVehEntered="16"/>
    <interval begin="39900.00" end="40000.00" id="inductionLoop.N2" nVehContrib="13" flow="468.00" occupancy="55.61" speed="8.71" harmonicMeanSpeed="1.10" length="5.00" nVehEntered="13"/>
    <interval begin="40000.00" end="40100.00" id="inductionLoop.N2" nVehContrib="10" flow="360.00" occupancy="40.98" speed="6.23" harmonicMeanSpeed="0.69" length="5.00" nVehEntered="9"/>
    <interval begin="40100.00" end="40200.00" id="inductionLoop.N2" nVehContrib="9" flow="324.00" occupancy="9.34" speed="7.21" harmonicMeanSpeed="4.82" length="5.00" nVehEntered="9"/>
    <interval begin="40200.00" end="40300.00" id="inductionLoop.N2" nVehContrib="13" flow="468.00" occupancy="42.16" speed="7.31" harmonicMeanSpeed="5.39" length="5.00" nVehEntered="14"/>
    <interval begin="40300.00" end="40400.00" id="inductionLoop.N2" nVehContrib="13" flow="468.00" occupancy="58.26" speed="7.58" harmonicMeanSpeed="1.20" length="5.00" nVehEntered="13"/>
    <interval begin="40400.00" end="40500.00" id="inductionLoop.N2" nVehContrib="13" flow="468.00" occupancy="50.63" speed="5.51" harmonicMeanSpeed="1.11" length="5.00" nVehEntered="13"/>
    <interval begin="40500.00" end="40600.00" id="inductionLoop.N2" nVehContrib="17" flow="612.00" occupancy="44.73" speed="6.31" harmonicMeanSpeed="1.46" length="5.00" nVehEntered="17"/>
    <interval begin="40600.00" end="40700.00" id="inductionLoop.N2" nVehContrib="11" flow="396.00" occupancy="80.69" speed="7.27" harmonicMeanSpeed="0.65" length="5.00" nVehEntered="11"/>
    <interval begin="40700.00" end="40800.00" id="inductionLoop.N2" nVehContrib="13" flow="468.00" occupancy="58.69" speed="7.49" harmonicMeanSpeed="0.97" length="5.00" nVehEntered="12"/>
    <interval begin="40800.00" end="40900.00" id="inductionLoop.N2" nVehContrib="7" flow="252.00" occupancy="6.98" speed="5.89" harmonicMeanSpeed="5.37" length="5.00" nVehEntered="8"/>
    <interval begin="40900.00" end="41000.00" id="inductionLoop.N2" nVehContrib="9" flow="324.00" occupancy="6.04" speed="8.90" harmonicMeanSpeed="6.92" length="5.00" nVehEntered="8"/>
    <interval begin="41000.00" end="41100.00" id="inductionLoop.N2" nVehContrib="13" flow="468.00" occupancy="75.30" speed="9.03" harmonicMeanSpeed="8.13" length="5.00" nVehEntered="14"/>
    <interval begin="41100.00" end="41200.00" id="inductionLoop.N2" nVehContrib="16" flow="576.00" occupancy="29.16" speed="7.43" harmonicMeanSpeed="0.83" length="5.00" nVehEntered="15"/>
    <interval begin="41200.00" end="41300.00" id="inductionLoop.N2" nVehContrib="15" flow="540.00" occupancy="37.84" speed="7.30" harmonicMeanSpeed="1.98" length="5.00" nVehEntered="15"/>
    <interval begin="41300.00" end="41400.00" id="inductionLoop.N2" nVehContrib="7" flow="252.00" occupancy="87.94" speed="9.18" harmonicMeanSpeed="8.99" length="5.00" nVehEntered="8"/>
    <interval begin="41400.00" end="41500.00" id="inductionLoop.N2" nVehContrib="15" flow="540.00" occupancy="14.94" speed="7.47" harmonicMeanSpeed="0.76" length="5.00" nVehEntered="14"/>
    <interval begin="41500.00" end="41600.00" id="inductionLoop.N2" nVehContrib="20" flow="720.00" occupancy="12.29" speed="9.51" harmonicMeanSpeed="8.14" length="5.00" nVehEntered="20"/>
    <interval begin="41600.00" end="41700.00" id="inductionLoop.N2" nVehContrib="7" flow="252.00" occupancy="81.44" speed="6.09" harmonicMeanSpeed="0.43" length="5.00" nVehEntered="7"/>
    <interval begin="41700.00" end="41800.00" id="inductionLoop.N2" nVehContrib="9" flow="324.00" occupancy="5.72" speed="10.42" harmonicMeanSpeed="7.87" length="5.00" nVehEntered="9"/>
    <interval begin="41800.00" end="41900.00" id="inductionLoop.N2" nVehContrib="20" flow="720.00" occupancy="18.69" speed="8.77" harmonicMeanSpeed="5.35" length="5.00" nVehEntered="20"/>
    <interval begin="41900.00" end="42000.00" id="inductionLoop.N2" nVehContrib="11" flow="396.00" occupancy="71.12" speed="6.09" harmonicMeanSpeed="0.77" length="5.00" nVehEntered="11"/>
    <interval begin="42000.00" end="42100.00" id="inductionLoop.N2" nVehContrib="13" flow="468.00" occupancy="58.53" speed="8.32" harmonicMeanSpeed="7.63" length="5.00" nVehEntered="14"/>
    <interval begin="42100.00" end="42200.00" id="inductionLoop.N2" nVehContrib="15" flow="540.00" occupancy="67.26" speed="8.28" harmonicMeanSpeed="0.80" length="5.00" nVehEntered="15"/>
    <interval begin="42200.00" end="42300.00" id="inductionLoop.N2" nVehContrib="17" flow="612.00" occupancy="52.83" speed="8.30" harmonicMeanSpeed="1.11" length="5.00" nVehEntered="16"/>
    <interval begin="42300.00" end="42400.00" id="inductionLoop.N2" nVehContrib="7" flow="252.00" occupancy="5.76" speed="9.23" harmonicMeanSpeed="7.10" length="5.00" nVehEntered="8"/>
    <interval begin="42400.00" end="42500.00" id="inductionLoop.N2" nVehContrib="17" flow="612.00" occupancy="9.41" speed="9.80" harmonicMeanSpeed="8.30" length="5.00" nVehEntered="16"/>
    <interval begin="42500.00" end="42600.00" id="inductionLoop.N2" nVehContrib="19" flow="684.00" occupancy="20.59" speed="8.67" harmonicMeanSpeed="4.61" length="5.00" nVehEntered="19"/>
    <interval begin="42600.00" end="42700.00" id="inductionLoop.N2" nVehContrib="11" flow="396.00" occupancy="47.93" speed="6.42" harmonicMeanSpeed="5.72" length="5.00" nVehEntered="12"/>
    <interval begin="42700.00" end="42800.00" id="inductionLoop.N2" nVehContrib="24" flow="864.00" occupancy="31.05" speed="8.50" harmonicMeanSpeed="1.73" length="5.00" nVehEntered="23"/>
    <interval begin="42800.00" end="42900.00" id="inductionLoop.N2" nVehContrib="13" flow="468.00" occupancy="34.23" speed="6.83" harmonicMeanSpeed="4.21" length="5.00" nVehEntered="14"/>
    <interval begin="42900.00" end="43000.00" id="inductionLoop.N2" nVehContrib="1" flow="36.00" occupancy="83.80" speed="0.05" harmonicMeanSpeed="0.05" length="5.00" nVehEntered="0"/>
    <interval begin="43000.00" end="43100.00" id="inductionLoop.N2" nVehContrib="20" flow="720.00" occupancy="19.84" speed="6.70" harmonicMeanSpeed="5.04" length="5.00" nVehEntered="20"/>
    <interval begin="43100.00" end="43200.00" id="inductionLoop.N2" nVehContrib="33" flow="1188.00" occupancy="22.96" speed="8.64" harmonicMeanSpeed="7.19" length="5.00" nVehEntered="33"/>
    <interval begin="43200.00" end="43300.00" id="inductionLoop.N2" nVehContrib="0" flow="0.00" occupancy="0.00" speed="-1.00" harmonicMeanSpeed="-1.00" length="-1.00" nVehEntered="0"/>
    <interval begin="43300.00" end="43400.00" id="inductionLoop.N2" nVehContrib="17" flow="612.00" occupancy="14.61" speed="8.13" harmonicMeanSpeed="5.82" length="5.00" nVehEntered="17"/>
    <interval begin="43400.00" end="43500.00" id="inductionLoop.N2" nVehContrib="15" flow="540.00" occupancy="11.47" speed="8.21" harmonicMeanSpeed="6.54" length="5.00" nVehEntered="15"/>
    <interval begin="43500.00" end="43600.00" id="inductionLoop.N2" nVehContrib="12" flow="432.00" occupancy="10.57" speed="6.66" harmonicMeanSpeed="5.67" length="5.00" nVehEntered="12"/>
    <interval begin="43600.00" end="43700.00" id="inductionLoop.N2" nVehContrib="4" flow="144.00" occupancy="79.02" speed="5.06" harmonicMeanSpeed="4.00" length="5.00" nVehEntered="6"/>
    <interval begin="43700.00" end="43800.00" id="inductionLoop.N2" nVehContrib="18" flow="648.00" occupancy="19.13" speed="6.89" harmonicMeanSpeed="0.98" length="5.00" nVehEntered="17"/>
    <interval begin="43800.00" end="43900.00" id="inductionLoop.N2" nVehContrib="18" flow="648.00" occupancy="14.20" speed="8.84" harmonicMeanSpeed="6.34" length="5.00" nVehEntered="18"/>
    <interval begin="43900.00" end="44000.00" id="inductionLoop.N2" nVehContrib="2" flow="72.00" occupancy="9.97" speed="1.73" harmonicMeanSpeed="1.00" length="5.00" nVehEntered="2"/>
    <interval begin="44000.00" end="44100.00" id="inductionLoop.N2" nVehContrib="17" flow="612.00" occupancy="14.97" speed="8.19" harmonicMeanSpeed="5.68" length="5.00" nVehEntered="17"/>
    <interval begin="44100.00" end="44200.00" id="inductionLoop.N2" nVehContrib="5" flow="180.00" occupancy="10.33" speed="5.29" harmonicMeanSpeed="4.34" length="5.00" nVehEntered="6"/>
    <interval begin="44200.00" end="44300.00" id="inductionLoop.N2" nVehContrib="12" flow="432.00" occupancy="9.58" speed="9.45" harmonicMeanSpeed="6.26" length="5.00" nVehEntered="12"/>
    <interval begin="44300.00" end="44400.00" id="inductionLoop.N2" nVehContrib="14" flow="504.00" occupancy="9.72" speed="8.79" harmonicMeanSpeed="7.20" length="5.00" nVehEntered="14"/>
    <interval begin="44400.00" end="44500.00" id="inductionLoop.N2" nVehContrib="18" flow="648.00" occupancy="11.81" speed="9.41" harmonicMeanSpeed="7.62" length="5.00" nVehEntered="18"/>
    <interval begin="44500.00" end="44600.00" id="inductionLoop.N2" nVehContrib="7" flow="252.00" occupancy="83.68" speed="3.57" harmonicMeanSpeed="0.42" length="5.00" nVehEntered="7"/>
    <interval begin="44600.00" end="44700.00" id="inductionLoop.N2" nVehContrib="16" flow="576.00" occupancy="15.17" speed="7.84" harmonicMeanSpeed="5.27" length="5.00" nVehEntered="16"/>
    <interval begin="44700.00" end="44800.00" id="inductionLoop.N2" nVehContrib="14" flow="504.00" occupancy="13.55" speed="8.55" harmonicMeanSpeed="5.17" length="5.00" nVehEntered="14"/>
    <interval begin="44800.00" end="44900.00" id="inductionLoop.N2" nVehContrib="3" flow="108.00" occupancy="10.16" speed="2.06" harmonicMeanSpeed="1.48" length="5.00" nVehEntered="3"/>
    <interval begin="44900.00" end="45000.00" id="inductionLoop.N2" nVehContrib="7" flow="252.00" occupancy="11.89" speed="5.51" harmonicMeanSpeed="2.94" length="5.00" nVehEntered="7"/>
    <interval begin="45000.00" end="45100.00" id="inductionLoop.N2" nVehContrib="0" flow="0.00" occupancy="0.00" speed="-1.00" harmonicMeanSpeed="-1.00" length="-1.00" nVehEntered="0"/>
    <interval begin="45100.00" end="45200.00" id="inductionLoop.N2" nVehContrib="28" flow="1008.00" occupancy="19.78" speed="8.40" harmonicMeanSpeed="7.08" length="5.00" nVehEntered="28"/>
    <interval begin="45200.00" end="45300.00" id="inductionLoop.N2" nVehContrib="0" flow="0.00" occupancy="0.00" speed="-1.00" harmonicMeanSpeed="-1.00" length="-1.00" nVehEntered="0"/>
    <interval begin="45300.00" end="45400.00" id="inductionLoop.N2" nVehContrib="16" flow="576.00" occupancy="24.06" speed="8.13" harmonicMeanSpeed="3.32" length="5.00" nVehEntered="16"/>
    <interval begin="45400.00" end="45500.00" id="inductionLoop.N2" nVehContrib="13" flow="468.00" occupancy="10.81" speed="8.28" harmonicMeanSpeed="6.01" length="5.00" nVehEntered="13"/>
    <interval begin="45500.00" end="45600.00" id="inductionLoop.N2" nVehContrib="0" flow="0.00" occupancy="0.00" speed="-1.00" harmonicMeanSpeed="-1.00" length="-1.00" nVehEntered="0"/>
    <interval begin="45600.00" end="45700.00" id="inductionLoop.N2" nVehContrib="23" flow="828.00" occupancy="35.63" speed="7.77" harmonicMeanSpeed="3.23" length="5.00" nVehEntered="23"/>
    <interval begin="45700.00" end="45800.00" id="inductionLoop.N2" nVehContrib="12" flow="432.00" occupancy="10.10" speed="7.68" harmonicMeanSpeed="5.94" length="5.00" nVehEntered="12"/>
    <interval begin="45800.00" end="45900.00" id="inductionLoop.N2" nVehContrib="0" flow="0.00" occupancy="0.00" speed="-1.00" harmonicMeanSpeed="-1.00" length="-1.00" nVehEntered="0"/>
    <interval begin="45900.00" end="46000.00" id="inductionLoop.N2" nVehContrib="12" flow="432.00" occupancy="11.29" speed="7.04" harmonicMeanSpeed="5.31" length="5.00" nVehEntered="12"/>
    <interval begin="46000.00" end="46100.00" id="inductionLoop.N2" nVehContrib="0" flow="0.00" occupancy="0.00" speed="-1.00" harmonicMeanSpeed="-1.00" length="-1.00" nVehEntered="0"/>
    <interval begin="46100.00" end="46200.00" id="inductionLoop.N2" nVehContrib="28" flow="1008.00" occupancy="32.38" speed="11.01" harmonicMeanSpeed="9.46" length="5.00" nVehEntered="29"/>
    <interval begin="46200.00" end="46300.00" id="inductionLoop.N2" nVehContrib="13" flow="468.00" occupancy="72.56" speed="8.01" harmonicMeanSpeed="0.72" length="5.00" nVehEntered="12"/>
    <interval begin="46300.00" end="46400.00" id="inductionLoop.N2" nVehContrib="8" flow="288.00" occupancy="7.37" speed="8.36" harmonicMeanSpeed="5.43" length="5.00" nVehEntered="8"/>
    <interval begin="46400.00" end="46500.00" id="inductionLoop.N2" nVehContrib="26" flow="936.00" occupancy="21.20" speed="8.31" harmonicMeanSpeed="6.13" length="5.00" nVehEntered="26"/>
    <interval begin="46500.00" end="46600.00" id="inductionLoop.N2" nVehContrib="0" flow="0.00" occupancy="0.00" speed="-1.00" harmonicMeanSpeed="-1.00" length="-1.00" nVehEntered="0"/>
    <interval begin="46600.00" end="46700.00" id="inductionLoop.N2" nVehContrib="19" flow="684.00" occupancy="13.70" speed="8.77" harmonicMeanSpeed="6.94" length="5.00" nVehEntered="19"/>
    <interval begin="46700.00" end="46800.00" id="inductionLoop.N2" nVehContrib="21" flow="756.00" occupancy="17.45" speed="7.73" harmonicMeanSpeed="6.02" length="5.00" nVehEntered="21"/>
    <interval begin="46800.00" end="46900.00" id="inductionLoop.N2" nVehContrib="4" flow="144.00" occupancy="3.92" speed="5.80" harmonicMeanSpeed="5.10" length="5.00" nVehEntered="4"/>
    <interval begin="46900.00" end="47000.00" id="inductionLoop.N2" nVehContrib="16" flow="576.00" occupancy="9.35" speed="10.41" harmonicMeanSpeed="8.56" length="5.00" nVehEntered="16"/>
    <interval begin="47000.00" end="47100.00" id="inductionLoop.N2" nVehContrib="29" flow="1044.00" occupancy="20.42" speed="8.85" harmonicMeanSpeed="7.33" length="5.00" nVehEntered="30"/>
    <interval begin="47100.00" end="47200.00" id="inductionLoop.N2" nVehContrib="6" flow="216.00" occupancy="67.34" speed="5.49" harmonicMeanSpeed="0.44" length="5.00" nVehEntered="5"/>
    <interval begin="47200.00" end="47300.00" id="inductionLoop.N2" nVehContrib="11" flow="396.00" occupancy="8.41" speed="10.51" harmonicMeanSpeed="7.31" length="5.00" nVehEntered="12"/>
    <interval begin="47300.00" end="47400.00" id="inductionLoop.N2" nVehContrib="11" flow="396.00" occupancy="11.34" speed="5.81" harmonicMeanSpeed="4.50" length="5.00" nVehEntered="10"/>
    <interval begin="47400.00" end="47500.00" id="inductionLoop.N2" nVehContrib="25" flow="900.00" occupancy="19.28" speed="8.30" harmonicMeanSpeed="6.49" length="5.00" nVehEntered="25"/>
    <interval begin="47500.00" end="47600.00" id="inductionLoop.N2" nVehContrib="2" flow="72.00" occupancy="4.11" speed="5.17" harmonicMeanSpeed="2.43" length="5.00" nVehEntered="2"/>
    <interval begin="47600.00" end="47700.00" id="inductionLoop.N2" nVehContrib="16" flow="576.00" occupancy="12.07" speed="8.56" harmonicMeanSpeed="6.63" length="5.00" nVehEntered="16"/>
    <interval begin="47700.00" end="47800.00" id="inductionLoop.N2" nVehContrib="16" flow="576.00" occupancy="10.39" speed="9.41" harmonicMeanSpeed="7.70" length="5.00" nVehEntered="16"/>
    <interval begin="47800.00" end="47900.00" id="inductionLoop.N2" nVehContrib="0" flow="0.00" occupancy="0.00" speed="-1.00" harmonicMeanSpeed="-1.00" length="-1.00" nVehEntered="0"/>
    <interval begin="47900.00" end="48000.00" id="inductionLoop.N2" nVehContrib="23" flow="828.00" occupancy="21.78" speed="8.18" harmonicMeanSpeed="5.28" length="5.00" nVehEntered="23"/>
    <interval begin="48000.00" end="48100.00" id="inductionLoop.N2" nVehContrib="13" flow="468.00" occupancy="12.51" speed="7.84" harmonicMeanSpeed="5.20" length="5.00" nVehEntered="13"/>
    <interval begin="48100.00" end="48200.00" id="inductionLoop.N2" nVehContrib="0" flow="0.00" occupancy="0.00" speed="-1.00" harmonicMeanSpeed="-1.00" length="-1.00" nVehEntered="0"/>
    <interval begin="48200.00" end="48300.00" id="inductionLoop.N2" nVehContrib="33" flow="1188.00" occupancy="21.50" speed="9.38" harmonicMeanSpeed="7.67" length="5.00" nVehEntered="33"/>
    <interval begin="48300.00" end="48400.00" id="inductionLoop.N2" nVehContrib="1" flow="36.00" occupancy="79.85" speed="0.06" harmonicMeanSpeed="0.06" length="5.00" nVehEntered="2"/>
    <interval begin="48400.00" end="48500.00" id="inductionLoop.N2" nVehContrib="24" flow="864.00" occupancy="21.81" speed="8.30" harmonicMeanSpeed="6.67" length="5.00" nVehEntered="24"/>
    <interval begin="48500.00" end="48600.00" id="inductionLoop.N2" nVehContrib="3" flow="108.00" occupancy="93.16" speed="2.86" harmonicMeanSpeed="0.15" length="5.00" nVehEntered="2"/>
    <interval begin="48600.00" end="48700.00" id="inductionLoop.N2" nVehContrib="23" flow="828.00" occupancy="15.35" speed="9.54" harmonicMeanSpeed="7.49" length="5.00" nVehEntered="23"/>
    <interval begin="48700.00" end="48800.00" id="inductionLoop.N2" nVehContrib="4" flow="144.00" occupancy="78.63" speed="7.28" harmonicMeanSpeed="0.25" length="5.00" nVehEntered="4"/>
    <interval begin="48800.00" end="48900.00" id="inductionLoop.N2" nVehContrib="8" flow="288.00" occupancy="8.34" speed="6.27" harmonicMeanSpeed="4.80" length="5.00" nVehEntered="8"/>
    <interval begin="48900.00" end="49000.00" id="inductionLoop.N2" nVehContrib="0" flow="0.00" occupancy="0.00" speed="-1.00" harmonicMeanSpeed="-1.00" length="-1.00" nVehEntered="0"/>
    <interval begin="49000.00" end="49100.00" id="inductionLoop.N2" nVehContrib="38" flow="1368.00" occupancy="21.83" speed="10.85" harmonicMeanSpeed="8.70" length="5.00" nVehEntered="38"/>
    <interval begin="49100.00" end="49200.00" id="inductionLoop.N2" nVehContrib="22" flow="792.00" occupancy="52.14" speed="9.29" harmonicMeanSpeed="6.95" length="5.00" nVehEntered="23"/>
    <interval begin="49200.00" end="49300.00" id="inductionLoop.N2" nVehContrib="13" flow="468.00" occupancy="55.61" speed="8.87" harmonicMeanSpeed="0.71" length="5.00" nVehEntered="12"/>
    <interval begin="49300.00" end="49400.00" id="inductionLoop.N2" nVehContrib="17" flow="612.00" occupancy="13.22" speed="8.23" harmonicMeanSpeed="6.43" length="5.00" nVehEntered="17"/>
    <interval begin="49400.00" end="49500.00" id="inductionLoop.N2" nVehContrib="1" flow="36.00" occupancy="1.54" speed="3.25" harmonicMeanSpeed="3.25" length="5.00" nVehEntered="1"/>
    <interval begin="49500.00" end="49600.00" id="inductionLoop.N2" nVehContrib="26" flow="936.00" occupancy="57.41" speed="9.59" harmonicMeanSpeed="9.37" length="5.00" nVehEntered="27"/>
    <interval begin="49600.00" end="49700.00" id="inductionLoop.N2" nVehContrib="3" flow="108.00" occupancy="90.73" speed="2.60" harmonicMeanSpeed="0.30" length="5.00" nVehEntered="3"/>
    <interval begin="49700.00" end="49800.00" id="inductionLoop.N2" nVehContrib="21" flow="756.00" occupancy="65.45" speed="9.06" harmonicMeanSpeed="0.84" length="5.00" nVehEntered="21"/>
    <interval begin="49800.00" end="49900.00" id="inductionLoop.N2" nVehContrib="16" flow="576.00" occupancy="49.64" speed="8.28" harmonicMeanSpeed="1.76" length="5.00" nVehEntered="16"/>
    <interval begin="49900.00" end="50000.00" id="inductionLoop.N2" nVehContrib="22" flow="792.00" occupancy="66.59" speed="8.41" harmonicMeanSpeed="1.19" length="5.00" nVehEntered="22"/>
    <interval begin="50000.00" end="50004.00" id="inductionLoop.N2" nVehContrib="1" flow="900.00" occupancy="10.34" speed="1.42" harmonicMeanSpeed="1.42" length="5.00" nVehEntered="0"/>
</detector>
