<?xml version="1.0" encoding="UTF-8"?>

<!-- generated on 2023-07-30 20:15:40 by Eclipse SUMO sumo Version 1.12.0
<configuration xmlns:xsi="http://www.w3.org/2001/XMLSchema-instance" xsi:noNamespaceSchemaLocation="http://sumo.dlr.de/xsd/sumoConfiguration.xsd">

    <input>
        <net-file value="Data0-24/intersection.net.xml"/>
        <route-files value="Data0-24/intersection.rou.xml"/>
        <additional-files value="Data0-24/intersection.det.xml"/>
    </input>

    <output>
        <tripinfo-output value="Data0-24/tripinfo.xml"/>
    </output>

    <time>
        <begin value="0"/>
    </time>

    <processing>
        <time-to-teleport value="-1"/>
        <waiting-time-memory value="60000"/>
    </processing>

    <report>
        <verbose value="true"/>
        <no-step-log value="true"/>
    </report>

    <emissions>
        <device.emissions.probability value="1"/>
    </emissions>

    <traci_server>
        <remote-port value="47467"/>
    </traci_server>

    <gui_only>
        <gui-settings-file value="Data0-24/intersection.settings.xml"/>
    </gui_only>

</configuration>
-->

<detector xmlns:xsi="http://www.w3.org/2001/XMLSchema-instance" xsi:noNamespaceSchemaLocation="http://sumo.dlr.de/xsd/det_e1_file.xsd">
    <interval begin="0.00" end="100.00" id="inductionLoop.W4" nVehContrib="0" flow="0.00" occupancy="0.00" speed="-1.00" harmonicMeanSpeed="-1.00" length="-1.00" nVehEntered="0"/>
    <interval begin="100.00" end="200.00" id="inductionLoop.W4" nVehContrib="0" flow="0.00" occupancy="0.00" speed="-1.00" harmonicMeanSpeed="-1.00" length="-1.00" nVehEntered="0"/>
    <interval begin="200.00" end="300.00" id="inductionLoop.W4" nVehContrib="0" flow="0.00" occupancy="0.00" speed="-1.00" harmonicMeanSpeed="-1.00" length="-1.00" nVehEntered="0"/>
    <interval begin="300.00" end="400.00" id="inductionLoop.W4" nVehContrib="0" flow="0.00" occupancy="0.00" speed="-1.00" harmonicMeanSpeed="-1.00" length="-1.00" nVehEntered="0"/>
    <interval begin="400.00" end="500.00" id="inductionLoop.W4" nVehContrib="3" flow="108.00" occupancy="1.87" speed="9.84" harmonicMeanSpeed="8.02" length="5.00" nVehEntered="3"/>
    <interval begin="500.00" end="600.00" id="inductionLoop.W4" nVehContrib="7" flow="252.00" occupancy="14.79" speed="6.80" harmonicMeanSpeed="4.03" length="5.00" nVehEntered="8"/>
    <interval begin="600.00" end="700.00" id="inductionLoop.W4" nVehContrib="4" flow="144.00" occupancy="4.60" speed="4.23" harmonicMeanSpeed="1.87" length="5.00" nVehEntered="3"/>
    <interval begin="700.00" end="800.00" id="inductionLoop.W4" nVehContrib="3" flow="108.00" occupancy="3.72" speed="5.00" harmonicMeanSpeed="4.04" length="5.00" nVehEntered="3"/>
    <interval begin="800.00" end="900.00" id="inductionLoop.W4" nVehContrib="2" flow="72.00" occupancy="2.20" speed="8.10" harmonicMeanSpeed="5.31" length="5.00" nVehEntered="3"/>
    <interval begin="900.00" end="1000.00" id="inductionLoop.W4" nVehContrib="2" flow="72.00" occupancy="4.88" speed="2.59" harmonicMeanSpeed="1.92" length="5.00" nVehEntered="1"/>
    <interval begin="1000.00" end="1100.00" id="inductionLoop.W4" nVehContrib="1" flow="36.00" occupancy="1.41" speed="3.54" harmonicMeanSpeed="3.54" length="5.00" nVehEntered="1"/>
    <interval begin="1100.00" end="1200.00" id="inductionLoop.W4" nVehContrib="2" flow="72.00" occupancy="2.72" speed="3.72" harmonicMeanSpeed="3.68" length="5.00" nVehEntered="2"/>
    <interval begin="1200.00" end="1300.00" id="inductionLoop.W4" nVehContrib="2" flow="72.00" occupancy="2.87" speed="3.52" harmonicMeanSpeed="3.49" length="5.00" nVehEntered="2"/>
    <interval begin="1300.00" end="1400.00" id="inductionLoop.W4" nVehContrib="0" flow="0.00" occupancy="0.00" speed="-1.00" harmonicMeanSpeed="-1.00" length="-1.00" nVehEntered="0"/>
    <interval begin="1400.00" end="1500.00" id="inductionLoop.W4" nVehContrib="0" flow="0.00" occupancy="0.00" speed="-1.00" harmonicMeanSpeed="-1.00" length="-1.00" nVehEntered="0"/>
    <interval begin="1500.00" end="1600.00" id="inductionLoop.W4" nVehContrib="0" flow="0.00" occupancy="0.00" speed="-1.00" harmonicMeanSpeed="-1.00" length="-1.00" nVehEntered="0"/>
    <interval begin="1600.00" end="1700.00" id="inductionLoop.W4" nVehContrib="3" flow="108.00" occupancy="3.77" speed="4.16" harmonicMeanSpeed="3.98" length="5.00" nVehEntered="3"/>
    <interval begin="1700.00" end="1800.00" id="inductionLoop.W4" nVehContrib="2" flow="72.00" occupancy="2.75" speed="3.65" harmonicMeanSpeed="3.64" length="5.00" nVehEntered="2"/>
    <interval begin="1800.00" end="1900.00" id="inductionLoop.W4" nVehContrib="5" flow="180.00" occupancy="6.18" speed="4.43" harmonicMeanSpeed="4.04" length="5.00" nVehEntered="5"/>
    <interval begin="1900.00" end="2000.00" id="inductionLoop.W4" nVehContrib="2" flow="72.00" occupancy="1.63" speed="9.66" harmonicMeanSpeed="6.12" length="5.00" nVehEntered="2"/>
    <interval begin="2000.00" end="2100.00" id="inductionLoop.W4" nVehContrib="0" flow="0.00" occupancy="0.00" speed="-1.00" harmonicMeanSpeed="-1.00" length="-1.00" nVehEntered="0"/>
    <interval begin="2100.00" end="2200.00" id="inductionLoop.W4" nVehContrib="1" flow="36.00" occupancy="0.38" speed="13.08" harmonicMeanSpeed="13.08" length="5.00" nVehEntered="1"/>
    <interval begin="2200.00" end="2300.00" id="inductionLoop.W4" nVehContrib="0" flow="0.00" occupancy="0.00" speed="-1.00" harmonicMeanSpeed="-1.00" length="-1.00" nVehEntered="0"/>
    <interval begin="2300.00" end="2400.00" id="inductionLoop.W4" nVehContrib="0" flow="0.00" occupancy="0.00" speed="-1.00" harmonicMeanSpeed="-1.00" length="-1.00" nVehEntered="0"/>
    <interval begin="2400.00" end="2500.00" id="inductionLoop.W4" nVehContrib="2" flow="72.00" occupancy="8.09" speed="2.23" harmonicMeanSpeed="1.24" length="5.00" nVehEntered="2"/>
    <interval begin="2500.00" end="2600.00" id="inductionLoop.W4" nVehContrib="2" flow="72.00" occupancy="1.80" speed="8.32" harmonicMeanSpeed="5.56" length="5.00" nVehEntered="2"/>
    <interval begin="2600.00" end="2700.00" id="inductionLoop.W4" nVehContrib="3" flow="108.00" occupancy="3.45" speed="4.59" harmonicMeanSpeed="4.35" length="5.00" nVehEntered="3"/>
    <interval begin="2700.00" end="2800.00" id="inductionLoop.W4" nVehContrib="0" flow="0.00" occupancy="0.00" speed="-1.00" harmonicMeanSpeed="-1.00" length="-1.00" nVehEntered="0"/>
    <interval begin="2800.00" end="2900.00" id="inductionLoop.W4" nVehContrib="0" flow="0.00" occupancy="0.00" speed="-1.00" harmonicMeanSpeed="-1.00" length="-1.00" nVehEntered="0"/>
    <interval begin="2900.00" end="3000.00" id="inductionLoop.W4" nVehContrib="0" flow="0.00" occupancy="0.00" speed="-1.00" harmonicMeanSpeed="-1.00" length="-1.00" nVehEntered="0"/>
    <interval begin="3000.00" end="3100.00" id="inductionLoop.W4" nVehContrib="1" flow="36.00" occupancy="0.31" speed="16.23" harmonicMeanSpeed="16.23" length="5.00" nVehEntered="1"/>
    <interval begin="3100.00" end="3200.00" id="inductionLoop.W4" nVehContrib="0" flow="0.00" occupancy="0.00" speed="-1.00" harmonicMeanSpeed="-1.00" length="-1.00" nVehEntered="0"/>
    <interval begin="3200.00" end="3300.00" id="inductionLoop.W4" nVehContrib="1" flow="36.00" occupancy="1.32" speed="3.78" harmonicMeanSpeed="3.78" length="5.00" nVehEntered="1"/>
    <interval begin="3300.00" end="3400.00" id="inductionLoop.W4" nVehContrib="0" flow="0.00" occupancy="0.00" speed="-1.00" harmonicMeanSpeed="-1.00" length="-1.00" nVehEntered="0"/>
    <interval begin="3400.00" end="3500.00" id="inductionLoop.W4" nVehContrib="0" flow="0.00" occupancy="0.00" speed="-1.00" harmonicMeanSpeed="-1.00" length="-1.00" nVehEntered="0"/>
    <interval begin="3500.00" end="3600.00" id="inductionLoop.W4" nVehContrib="0" flow="0.00" occupancy="0.00" speed="-1.00" harmonicMeanSpeed="-1.00" length="-1.00" nVehEntered="0"/>
    <interval begin="3600.00" end="3700.00" id="inductionLoop.W4" nVehContrib="0" flow="0.00" occupancy="0.00" speed="-1.00" harmonicMeanSpeed="-1.00" length="-1.00" nVehEntered="0"/>
    <interval begin="3700.00" end="3800.00" id="inductionLoop.W4" nVehContrib="0" flow="0.00" occupancy="0.00" speed="-1.00" harmonicMeanSpeed="-1.00" length="-1.00" nVehEntered="0"/>
    <interval begin="3800.00" end="3900.00" id="inductionLoop.W4" nVehContrib="2" flow="72.00" occupancy="2.64" speed="3.78" harmonicMeanSpeed="3.78" length="5.00" nVehEntered="2"/>
    <interval begin="3900.00" end="4000.00" id="inductionLoop.W4" nVehContrib="0" flow="0.00" occupancy="0.00" speed="-1.00" harmonicMeanSpeed="-1.00" length="-1.00" nVehEntered="0"/>
    <interval begin="4000.00" end="4100.00" id="inductionLoop.W4" nVehContrib="0" flow="0.00" occupancy="0.00" speed="-1.00" harmonicMeanSpeed="-1.00" length="-1.00" nVehEntered="0"/>
    <interval begin="4100.00" end="4200.00" id="inductionLoop.W4" nVehContrib="0" flow="0.00" occupancy="0.00" speed="-1.00" harmonicMeanSpeed="-1.00" length="-1.00" nVehEntered="0"/>
    <interval begin="4200.00" end="4300.00" id="inductionLoop.W4" nVehContrib="0" flow="0.00" occupancy="0.00" speed="-1.00" harmonicMeanSpeed="-1.00" length="-1.00" nVehEntered="0"/>
    <interval begin="4300.00" end="4400.00" id="inductionLoop.W4" nVehContrib="1" flow="36.00" occupancy="1.47" speed="3.40" harmonicMeanSpeed="3.40" length="5.00" nVehEntered="1"/>
    <interval begin="4400.00" end="4500.00" id="inductionLoop.W4" nVehContrib="0" flow="0.00" occupancy="0.00" speed="-1.00" harmonicMeanSpeed="-1.00" length="-1.00" nVehEntered="0"/>
    <interval begin="4500.00" end="4600.00" id="inductionLoop.W4" nVehContrib="2" flow="72.00" occupancy="1.83" speed="7.96" harmonicMeanSpeed="5.48" length="5.00" nVehEntered="2"/>
    <interval begin="4600.00" end="4700.00" id="inductionLoop.W4" nVehContrib="0" flow="0.00" occupancy="0.00" speed="-1.00" harmonicMeanSpeed="-1.00" length="-1.00" nVehEntered="0"/>
    <interval begin="4700.00" end="4800.00" id="inductionLoop.W4" nVehContrib="0" flow="0.00" occupancy="0.00" speed="-1.00" harmonicMeanSpeed="-1.00" length="-1.00" nVehEntered="0"/>
    <interval begin="4800.00" end="4900.00" id="inductionLoop.W4" nVehContrib="0" flow="0.00" occupancy="0.00" speed="-1.00" harmonicMeanSpeed="-1.00" length="-1.00" nVehEntered="0"/>
    <interval begin="4900.00" end="5000.00" id="inductionLoop.W4" nVehContrib="0" flow="0.00" occupancy="0.00" speed="-1.00" harmonicMeanSpeed="-1.00" length="-1.00" nVehEntered="0"/>
    <interval begin="5000.00" end="5100.00" id="inductionLoop.W4" nVehContrib="0" flow="0.00" occupancy="0.00" speed="-1.00" harmonicMeanSpeed="-1.00" length="-1.00" nVehEntered="0"/>
    <interval begin="5100.00" end="5200.00" id="inductionLoop.W4" nVehContrib="0" flow="0.00" occupancy="0.00" speed="-1.00" harmonicMeanSpeed="-1.00" length="-1.00" nVehEntered="0"/>
    <interval begin="5200.00" end="5300.00" id="inductionLoop.W4" nVehContrib="0" flow="0.00" occupancy="0.00" speed="-1.00" harmonicMeanSpeed="-1.00" length="-1.00" nVehEntered="0"/>
    <interval begin="5300.00" end="5400.00" id="inductionLoop.W4" nVehContrib="0" flow="0.00" occupancy="0.00" speed="-1.00" harmonicMeanSpeed="-1.00" length="-1.00" nVehEntered="0"/>
    <interval begin="5400.00" end="5500.00" id="inductionLoop.W4" nVehContrib="0" flow="0.00" occupancy="0.00" speed="-1.00" harmonicMeanSpeed="-1.00" length="-1.00" nVehEntered="0"/>
    <interval begin="5500.00" end="5600.00" id="inductionLoop.W4" nVehContrib="0" flow="0.00" occupancy="0.00" speed="-1.00" harmonicMeanSpeed="-1.00" length="-1.00" nVehEntered="0"/>
    <interval begin="5600.00" end="5700.00" id="inductionLoop.W4" nVehContrib="0" flow="0.00" occupancy="0.00" speed="-1.00" harmonicMeanSpeed="-1.00" length="-1.00" nVehEntered="0"/>
    <interval begin="5700.00" end="5800.00" id="inductionLoop.W4" nVehContrib="0" flow="0.00" occupancy="0.00" speed="-1.00" harmonicMeanSpeed="-1.00" length="-1.00" nVehEntered="0"/>
    <interval begin="5800.00" end="5900.00" id="inductionLoop.W4" nVehContrib="0" flow="0.00" occupancy="0.00" speed="-1.00" harmonicMeanSpeed="-1.00" length="-1.00" nVehEntered="0"/>
    <interval begin="5900.00" end="6000.00" id="inductionLoop.W4" nVehContrib="0" flow="0.00" occupancy="0.00" speed="-1.00" harmonicMeanSpeed="-1.00" length="-1.00" nVehEntered="0"/>
    <interval begin="6000.00" end="6100.00" id="inductionLoop.W4" nVehContrib="0" flow="0.00" occupancy="0.00" speed="-1.00" harmonicMeanSpeed="-1.00" length="-1.00" nVehEntered="0"/>
    <interval begin="6100.00" end="6200.00" id="inductionLoop.W4" nVehContrib="1" flow="36.00" occupancy="1.02" speed="4.92" harmonicMeanSpeed="4.92" length="5.00" nVehEntered="1"/>
    <interval begin="6200.00" end="6300.00" id="inductionLoop.W4" nVehContrib="0" flow="0.00" occupancy="0.00" speed="-1.00" harmonicMeanSpeed="-1.00" length="-1.00" nVehEntered="0"/>
    <interval begin="6300.00" end="6400.00" id="inductionLoop.W4" nVehContrib="0" flow="0.00" occupancy="0.00" speed="-1.00" harmonicMeanSpeed="-1.00" length="-1.00" nVehEntered="0"/>
    <interval begin="6400.00" end="6500.00" id="inductionLoop.W4" nVehContrib="0" flow="0.00" occupancy="0.00" speed="-1.00" harmonicMeanSpeed="-1.00" length="-1.00" nVehEntered="0"/>
    <interval begin="6500.00" end="6600.00" id="inductionLoop.W4" nVehContrib="1" flow="36.00" occupancy="1.09" speed="4.60" harmonicMeanSpeed="4.60" length="5.00" nVehEntered="1"/>
    <interval begin="6600.00" end="6700.00" id="inductionLoop.W4" nVehContrib="0" flow="0.00" occupancy="0.00" speed="-1.00" harmonicMeanSpeed="-1.00" length="-1.00" nVehEntered="0"/>
    <interval begin="6700.00" end="6800.00" id="inductionLoop.W4" nVehContrib="1" flow="36.00" occupancy="1.26" speed="3.96" harmonicMeanSpeed="3.96" length="5.00" nVehEntered="1"/>
    <interval begin="6800.00" end="6900.00" id="inductionLoop.W4" nVehContrib="0" flow="0.00" occupancy="0.00" speed="-1.00" harmonicMeanSpeed="-1.00" length="-1.00" nVehEntered="0"/>
    <interval begin="6900.00" end="7000.00" id="inductionLoop.W4" nVehContrib="0" flow="0.00" occupancy="0.00" speed="-1.00" harmonicMeanSpeed="-1.00" length="-1.00" nVehEntered="0"/>
    <interval begin="7000.00" end="7100.00" id="inductionLoop.W4" nVehContrib="1" flow="36.00" occupancy="2.10" speed="4.56" harmonicMeanSpeed="4.56" length="5.00" nVehEntered="2"/>
    <interval begin="7100.00" end="7200.00" id="inductionLoop.W4" nVehContrib="2" flow="72.00" occupancy="0.64" speed="6.85" harmonicMeanSpeed="6.10" length="5.00" nVehEntered="1"/>
    <interval begin="7200.00" end="7300.00" id="inductionLoop.W4" nVehContrib="0" flow="0.00" occupancy="0.00" speed="-1.00" harmonicMeanSpeed="-1.00" length="-1.00" nVehEntered="0"/>
    <interval begin="7300.00" end="7400.00" id="inductionLoop.W4" nVehContrib="0" flow="0.00" occupancy="0.00" speed="-1.00" harmonicMeanSpeed="-1.00" length="-1.00" nVehEntered="0"/>
    <interval begin="7400.00" end="7500.00" id="inductionLoop.W4" nVehContrib="0" flow="0.00" occupancy="0.00" speed="-1.00" harmonicMeanSpeed="-1.00" length="-1.00" nVehEntered="0"/>
    <interval begin="7500.00" end="7600.00" id="inductionLoop.W4" nVehContrib="0" flow="0.00" occupancy="0.00" speed="-1.00" harmonicMeanSpeed="-1.00" length="-1.00" nVehEntered="0"/>
    <interval begin="7600.00" end="7700.00" id="inductionLoop.W4" nVehContrib="0" flow="0.00" occupancy="0.00" speed="-1.00" harmonicMeanSpeed="-1.00" length="-1.00" nVehEntered="0"/>
    <interval begin="7700.00" end="7800.00" id="inductionLoop.W4" nVehContrib="0" flow="0.00" occupancy="0.00" speed="-1.00" harmonicMeanSpeed="-1.00" length="-1.00" nVehEntered="0"/>
    <interval begin="7800.00" end="7900.00" id="inductionLoop.W4" nVehContrib="0" flow="0.00" occupancy="0.00" speed="-1.00" harmonicMeanSpeed="-1.00" length="-1.00" nVehEntered="0"/>
    <interval begin="7900.00" end="8000.00" id="inductionLoop.W4" nVehContrib="0" flow="0.00" occupancy="0.00" speed="-1.00" harmonicMeanSpeed="-1.00" length="-1.00" nVehEntered="0"/>
    <interval begin="8000.00" end="8100.00" id="inductionLoop.W4" nVehContrib="0" flow="0.00" occupancy="0.00" speed="-1.00" harmonicMeanSpeed="-1.00" length="-1.00" nVehEntered="0"/>
    <interval begin="8100.00" end="8200.00" id="inductionLoop.W4" nVehContrib="0" flow="0.00" occupancy="0.00" speed="-1.00" harmonicMeanSpeed="-1.00" length="-1.00" nVehEntered="0"/>
    <interval begin="8200.00" end="8300.00" id="inductionLoop.W4" nVehContrib="0" flow="0.00" occupancy="0.00" speed="-1.00" harmonicMeanSpeed="-1.00" length="-1.00" nVehEntered="0"/>
    <interval begin="8300.00" end="8400.00" id="inductionLoop.W4" nVehContrib="0" flow="0.00" occupancy="0.00" speed="-1.00" harmonicMeanSpeed="-1.00" length="-1.00" nVehEntered="0"/>
    <interval begin="8400.00" end="8500.00" id="inductionLoop.W4" nVehContrib="0" flow="0.00" occupancy="0.00" speed="-1.00" harmonicMeanSpeed="-1.00" length="-1.00" nVehEntered="0"/>
    <interval begin="8500.00" end="8600.00" id="inductionLoop.W4" nVehContrib="1" flow="36.00" occupancy="0.35" speed="14.45" harmonicMeanSpeed="14.45" length="5.00" nVehEntered="1"/>
    <interval begin="8600.00" end="8700.00" id="inductionLoop.W4" nVehContrib="0" flow="0.00" occupancy="0.00" speed="-1.00" harmonicMeanSpeed="-1.00" length="-1.00" nVehEntered="0"/>
    <interval begin="8700.00" end="8800.00" id="inductionLoop.W4" nVehContrib="0" flow="0.00" occupancy="0.00" speed="-1.00" harmonicMeanSpeed="-1.00" length="-1.00" nVehEntered="0"/>
    <interval begin="8800.00" end="8900.00" id="inductionLoop.W4" nVehContrib="0" flow="0.00" occupancy="0.00" speed="-1.00" harmonicMeanSpeed="-1.00" length="-1.00" nVehEntered="0"/>
    <interval begin="8900.00" end="9000.00" id="inductionLoop.W4" nVehContrib="0" flow="0.00" occupancy="0.00" speed="-1.00" harmonicMeanSpeed="-1.00" length="-1.00" nVehEntered="0"/>
    <interval begin="9000.00" end="9100.00" id="inductionLoop.W4" nVehContrib="0" flow="0.00" occupancy="0.00" speed="-1.00" harmonicMeanSpeed="-1.00" length="-1.00" nVehEntered="0"/>
    <interval begin="9100.00" end="9200.00" id="inductionLoop.W4" nVehContrib="0" flow="0.00" occupancy="0.00" speed="-1.00" harmonicMeanSpeed="-1.00" length="-1.00" nVehEntered="0"/>
    <interval begin="9200.00" end="9300.00" id="inductionLoop.W4" nVehContrib="0" flow="0.00" occupancy="0.00" speed="-1.00" harmonicMeanSpeed="-1.00" length="-1.00" nVehEntered="0"/>
    <interval begin="9300.00" end="9400.00" id="inductionLoop.W4" nVehContrib="0" flow="0.00" occupancy="0.00" speed="-1.00" harmonicMeanSpeed="-1.00" length="-1.00" nVehEntered="0"/>
    <interval begin="9400.00" end="9500.00" id="inductionLoop.W4" nVehContrib="0" flow="0.00" occupancy="0.00" speed="-1.00" harmonicMeanSpeed="-1.00" length="-1.00" nVehEntered="0"/>
    <interval begin="9500.00" end="9600.00" id="inductionLoop.W4" nVehContrib="0" flow="0.00" occupancy="0.00" speed="-1.00" harmonicMeanSpeed="-1.00" length="-1.00" nVehEntered="0"/>
    <interval begin="9600.00" end="9700.00" id="inductionLoop.W4" nVehContrib="0" flow="0.00" occupancy="0.00" speed="-1.00" harmonicMeanSpeed="-1.00" length="-1.00" nVehEntered="0"/>
    <interval begin="9700.00" end="9800.00" id="inductionLoop.W4" nVehContrib="0" flow="0.00" occupancy="0.00" speed="-1.00" harmonicMeanSpeed="-1.00" length="-1.00" nVehEntered="0"/>
    <interval begin="9800.00" end="9900.00" id="inductionLoop.W4" nVehContrib="0" flow="0.00" occupancy="0.00" speed="-1.00" harmonicMeanSpeed="-1.00" length="-1.00" nVehEntered="0"/>
    <interval begin="9900.00" end="10000.00" id="inductionLoop.W4" nVehContrib="0" flow="0.00" occupancy="0.00" speed="-1.00" harmonicMeanSpeed="-1.00" length="-1.00" nVehEntered="0"/>
    <interval begin="10000.00" end="10100.00" id="inductionLoop.W4" nVehContrib="0" flow="0.00" occupancy="0.00" speed="-1.00" harmonicMeanSpeed="-1.00" length="-1.00" nVehEntered="0"/>
    <interval begin="10100.00" end="10200.00" id="inductionLoop.W4" nVehContrib="0" flow="0.00" occupancy="0.00" speed="-1.00" harmonicMeanSpeed="-1.00" length="-1.00" nVehEntered="0"/>
    <interval begin="10200.00" end="10300.00" id="inductionLoop.W4" nVehContrib="0" flow="0.00" occupancy="0.00" speed="-1.00" harmonicMeanSpeed="-1.00" length="-1.00" nVehEntered="0"/>
    <interval begin="10300.00" end="10400.00" id="inductionLoop.W4" nVehContrib="0" flow="0.00" occupancy="0.00" speed="-1.00" harmonicMeanSpeed="-1.00" length="-1.00" nVehEntered="0"/>
    <interval begin="10400.00" end="10500.00" id="inductionLoop.W4" nVehContrib="0" flow="0.00" occupancy="0.00" speed="-1.00" harmonicMeanSpeed="-1.00" length="-1.00" nVehEntered="0"/>
    <interval begin="10500.00" end="10600.00" id="inductionLoop.W4" nVehContrib="0" flow="0.00" occupancy="0.00" speed="-1.00" harmonicMeanSpeed="-1.00" length="-1.00" nVehEntered="0"/>
    <interval begin="10600.00" end="10700.00" id="inductionLoop.W4" nVehContrib="0" flow="0.00" occupancy="0.00" speed="-1.00" harmonicMeanSpeed="-1.00" length="-1.00" nVehEntered="0"/>
    <interval begin="10700.00" end="10800.00" id="inductionLoop.W4" nVehContrib="0" flow="0.00" occupancy="0.00" speed="-1.00" harmonicMeanSpeed="-1.00" length="-1.00" nVehEntered="0"/>
    <interval begin="10800.00" end="10900.00" id="inductionLoop.W4" nVehContrib="0" flow="0.00" occupancy="0.00" speed="-1.00" harmonicMeanSpeed="-1.00" length="-1.00" nVehEntered="0"/>
    <interval begin="10900.00" end="11000.00" id="inductionLoop.W4" nVehContrib="0" flow="0.00" occupancy="0.00" speed="-1.00" harmonicMeanSpeed="-1.00" length="-1.00" nVehEntered="0"/>
    <interval begin="11000.00" end="11100.00" id="inductionLoop.W4" nVehContrib="0" flow="0.00" occupancy="0.00" speed="-1.00" harmonicMeanSpeed="-1.00" length="-1.00" nVehEntered="0"/>
    <interval begin="11100.00" end="11200.00" id="inductionLoop.W4" nVehContrib="0" flow="0.00" occupancy="0.00" speed="-1.00" harmonicMeanSpeed="-1.00" length="-1.00" nVehEntered="0"/>
    <interval begin="11200.00" end="11300.00" id="inductionLoop.W4" nVehContrib="0" flow="0.00" occupancy="0.00" speed="-1.00" harmonicMeanSpeed="-1.00" length="-1.00" nVehEntered="0"/>
    <interval begin="11300.00" end="11400.00" id="inductionLoop.W4" nVehContrib="0" flow="0.00" occupancy="0.00" speed="-1.00" harmonicMeanSpeed="-1.00" length="-1.00" nVehEntered="0"/>
    <interval begin="11400.00" end="11500.00" id="inductionLoop.W4" nVehContrib="0" flow="0.00" occupancy="0.00" speed="-1.00" harmonicMeanSpeed="-1.00" length="-1.00" nVehEntered="0"/>
    <interval begin="11500.00" end="11600.00" id="inductionLoop.W4" nVehContrib="1" flow="36.00" occupancy="1.27" speed="3.94" harmonicMeanSpeed="3.94" length="5.00" nVehEntered="1"/>
    <interval begin="11600.00" end="11700.00" id="inductionLoop.W4" nVehContrib="0" flow="0.00" occupancy="0.00" speed="-1.00" harmonicMeanSpeed="-1.00" length="-1.00" nVehEntered="0"/>
    <interval begin="11700.00" end="11800.00" id="inductionLoop.W4" nVehContrib="0" flow="0.00" occupancy="0.00" speed="-1.00" harmonicMeanSpeed="-1.00" length="-1.00" nVehEntered="0"/>
    <interval begin="11800.00" end="11900.00" id="inductionLoop.W4" nVehContrib="0" flow="0.00" occupancy="0.00" speed="-1.00" harmonicMeanSpeed="-1.00" length="-1.00" nVehEntered="0"/>
    <interval begin="11900.00" end="12000.00" id="inductionLoop.W4" nVehContrib="0" flow="0.00" occupancy="0.00" speed="-1.00" harmonicMeanSpeed="-1.00" length="-1.00" nVehEntered="0"/>
    <interval begin="12000.00" end="12100.00" id="inductionLoop.W4" nVehContrib="0" flow="0.00" occupancy="0.00" speed="-1.00" harmonicMeanSpeed="-1.00" length="-1.00" nVehEntered="0"/>
    <interval begin="12100.00" end="12200.00" id="inductionLoop.W4" nVehContrib="0" flow="0.00" occupancy="0.00" speed="-1.00" harmonicMeanSpeed="-1.00" length="-1.00" nVehEntered="0"/>
    <interval begin="12200.00" end="12300.00" id="inductionLoop.W4" nVehContrib="0" flow="0.00" occupancy="0.00" speed="-1.00" harmonicMeanSpeed="-1.00" length="-1.00" nVehEntered="0"/>
    <interval begin="12300.00" end="12400.00" id="inductionLoop.W4" nVehContrib="0" flow="0.00" occupancy="0.00" speed="-1.00" harmonicMeanSpeed="-1.00" length="-1.00" nVehEntered="0"/>
    <interval begin="12400.00" end="12500.00" id="inductionLoop.W4" nVehContrib="0" flow="0.00" occupancy="0.00" speed="-1.00" harmonicMeanSpeed="-1.00" length="-1.00" nVehEntered="0"/>
    <interval begin="12500.00" end="12600.00" id="inductionLoop.W4" nVehContrib="0" flow="0.00" occupancy="0.00" speed="-1.00" harmonicMeanSpeed="-1.00" length="-1.00" nVehEntered="0"/>
    <interval begin="12600.00" end="12700.00" id="inductionLoop.W4" nVehContrib="0" flow="0.00" occupancy="0.00" speed="-1.00" harmonicMeanSpeed="-1.00" length="-1.00" nVehEntered="0"/>
    <interval begin="12700.00" end="12800.00" id="inductionLoop.W4" nVehContrib="0" flow="0.00" occupancy="0.00" speed="-1.00" harmonicMeanSpeed="-1.00" length="-1.00" nVehEntered="0"/>
    <interval begin="12800.00" end="12900.00" id="inductionLoop.W4" nVehContrib="0" flow="0.00" occupancy="0.00" speed="-1.00" harmonicMeanSpeed="-1.00" length="-1.00" nVehEntered="0"/>
    <interval begin="12900.00" end="13000.00" id="inductionLoop.W4" nVehContrib="0" flow="0.00" occupancy="0.00" speed="-1.00" harmonicMeanSpeed="-1.00" length="-1.00" nVehEntered="0"/>
    <interval begin="13000.00" end="13100.00" id="inductionLoop.W4" nVehContrib="0" flow="0.00" occupancy="0.00" speed="-1.00" harmonicMeanSpeed="-1.00" length="-1.00" nVehEntered="0"/>
    <interval begin="13100.00" end="13200.00" id="inductionLoop.W4" nVehContrib="0" flow="0.00" occupancy="0.00" speed="-1.00" harmonicMeanSpeed="-1.00" length="-1.00" nVehEntered="0"/>
    <interval begin="13200.00" end="13300.00" id="inductionLoop.W4" nVehContrib="0" flow="0.00" occupancy="0.00" speed="-1.00" harmonicMeanSpeed="-1.00" length="-1.00" nVehEntered="0"/>
    <interval begin="13300.00" end="13400.00" id="inductionLoop.W4" nVehContrib="0" flow="0.00" occupancy="0.00" speed="-1.00" harmonicMeanSpeed="-1.00" length="-1.00" nVehEntered="0"/>
    <interval begin="13400.00" end="13500.00" id="inductionLoop.W4" nVehContrib="0" flow="0.00" occupancy="0.00" speed="-1.00" harmonicMeanSpeed="-1.00" length="-1.00" nVehEntered="0"/>
    <interval begin="13500.00" end="13600.00" id="inductionLoop.W4" nVehContrib="0" flow="0.00" occupancy="0.00" speed="-1.00" harmonicMeanSpeed="-1.00" length="-1.00" nVehEntered="0"/>
    <interval begin="13600.00" end="13700.00" id="inductionLoop.W4" nVehContrib="0" flow="0.00" occupancy="0.00" speed="-1.00" harmonicMeanSpeed="-1.00" length="-1.00" nVehEntered="0"/>
    <interval begin="13700.00" end="13800.00" id="inductionLoop.W4" nVehContrib="0" flow="0.00" occupancy="0.00" speed="-1.00" harmonicMeanSpeed="-1.00" length="-1.00" nVehEntered="0"/>
    <interval begin="13800.00" end="13900.00" id="inductionLoop.W4" nVehContrib="0" flow="0.00" occupancy="0.00" speed="-1.00" harmonicMeanSpeed="-1.00" length="-1.00" nVehEntered="0"/>
    <interval begin="13900.00" end="14000.00" id="inductionLoop.W4" nVehContrib="0" flow="0.00" occupancy="0.00" speed="-1.00" harmonicMeanSpeed="-1.00" length="-1.00" nVehEntered="0"/>
    <interval begin="14000.00" end="14100.00" id="inductionLoop.W4" nVehContrib="0" flow="0.00" occupancy="0.00" speed="-1.00" harmonicMeanSpeed="-1.00" length="-1.00" nVehEntered="0"/>
    <interval begin="14100.00" end="14200.00" id="inductionLoop.W4" nVehContrib="0" flow="0.00" occupancy="0.00" speed="-1.00" harmonicMeanSpeed="-1.00" length="-1.00" nVehEntered="0"/>
    <interval begin="14200.00" end="14300.00" id="inductionLoop.W4" nVehContrib="0" flow="0.00" occupancy="0.00" speed="-1.00" harmonicMeanSpeed="-1.00" length="-1.00" nVehEntered="0"/>
    <interval begin="14300.00" end="14400.00" id="inductionLoop.W4" nVehContrib="0" flow="0.00" occupancy="0.00" speed="-1.00" harmonicMeanSpeed="-1.00" length="-1.00" nVehEntered="0"/>
    <interval begin="14400.00" end="14500.00" id="inductionLoop.W4" nVehContrib="0" flow="0.00" occupancy="0.00" speed="-1.00" harmonicMeanSpeed="-1.00" length="-1.00" nVehEntered="0"/>
    <interval begin="14500.00" end="14600.00" id="inductionLoop.W4" nVehContrib="0" flow="0.00" occupancy="0.00" speed="-1.00" harmonicMeanSpeed="-1.00" length="-1.00" nVehEntered="0"/>
    <interval begin="14600.00" end="14700.00" id="inductionLoop.W4" nVehContrib="0" flow="0.00" occupancy="0.00" speed="-1.00" harmonicMeanSpeed="-1.00" length="-1.00" nVehEntered="0"/>
    <interval begin="14700.00" end="14800.00" id="inductionLoop.W4" nVehContrib="0" flow="0.00" occupancy="0.00" speed="-1.00" harmonicMeanSpeed="-1.00" length="-1.00" nVehEntered="0"/>
    <interval begin="14800.00" end="14900.00" id="inductionLoop.W4" nVehContrib="1" flow="36.00" occupancy="0.34" speed="14.76" harmonicMeanSpeed="14.76" length="5.00" nVehEntered="1"/>
    <interval begin="14900.00" end="15000.00" id="inductionLoop.W4" nVehContrib="0" flow="0.00" occupancy="0.00" speed="-1.00" harmonicMeanSpeed="-1.00" length="-1.00" nVehEntered="0"/>
    <interval begin="15000.00" end="15100.00" id="inductionLoop.W4" nVehContrib="0" flow="0.00" occupancy="0.00" speed="-1.00" harmonicMeanSpeed="-1.00" length="-1.00" nVehEntered="0"/>
    <interval begin="15100.00" end="15200.00" id="inductionLoop.W4" nVehContrib="0" flow="0.00" occupancy="0.00" speed="-1.00" harmonicMeanSpeed="-1.00" length="-1.00" nVehEntered="0"/>
    <interval begin="15200.00" end="15300.00" id="inductionLoop.W4" nVehContrib="0" flow="0.00" occupancy="0.00" speed="-1.00" harmonicMeanSpeed="-1.00" length="-1.00" nVehEntered="0"/>
    <interval begin="15300.00" end="15400.00" id="inductionLoop.W4" nVehContrib="0" flow="0.00" occupancy="0.00" speed="-1.00" harmonicMeanSpeed="-1.00" length="-1.00" nVehEntered="0"/>
    <interval begin="15400.00" end="15500.00" id="inductionLoop.W4" nVehContrib="0" flow="0.00" occupancy="0.00" speed="-1.00" harmonicMeanSpeed="-1.00" length="-1.00" nVehEntered="0"/>
    <interval begin="15500.00" end="15600.00" id="inductionLoop.W4" nVehContrib="0" flow="0.00" occupancy="0.00" speed="-1.00" harmonicMeanSpeed="-1.00" length="-1.00" nVehEntered="0"/>
    <interval begin="15600.00" end="15700.00" id="inductionLoop.W4" nVehContrib="0" flow="0.00" occupancy="0.00" speed="-1.00" harmonicMeanSpeed="-1.00" length="-1.00" nVehEntered="0"/>
    <interval begin="15700.00" end="15800.00" id="inductionLoop.W4" nVehContrib="0" flow="0.00" occupancy="0.00" speed="-1.00" harmonicMeanSpeed="-1.00" length="-1.00" nVehEntered="0"/>
    <interval begin="15800.00" end="15900.00" id="inductionLoop.W4" nVehContrib="0" flow="0.00" occupancy="0.00" speed="-1.00" harmonicMeanSpeed="-1.00" length="-1.00" nVehEntered="0"/>
    <interval begin="15900.00" end="16000.00" id="inductionLoop.W4" nVehContrib="0" flow="0.00" occupancy="0.00" speed="-1.00" harmonicMeanSpeed="-1.00" length="-1.00" nVehEntered="0"/>
    <interval begin="16000.00" end="16100.00" id="inductionLoop.W4" nVehContrib="0" flow="0.00" occupancy="0.00" speed="-1.00" harmonicMeanSpeed="-1.00" length="-1.00" nVehEntered="0"/>
    <interval begin="16100.00" end="16200.00" id="inductionLoop.W4" nVehContrib="1" flow="36.00" occupancy="0.37" speed="13.37" harmonicMeanSpeed="13.37" length="5.00" nVehEntered="1"/>
    <interval begin="16200.00" end="16300.00" id="inductionLoop.W4" nVehContrib="0" flow="0.00" occupancy="0.00" speed="-1.00" harmonicMeanSpeed="-1.00" length="-1.00" nVehEntered="0"/>
    <interval begin="16300.00" end="16400.00" id="inductionLoop.W4" nVehContrib="0" flow="0.00" occupancy="0.00" speed="-1.00" harmonicMeanSpeed="-1.00" length="-1.00" nVehEntered="0"/>
    <interval begin="16400.00" end="16500.00" id="inductionLoop.W4" nVehContrib="0" flow="0.00" occupancy="0.00" speed="-1.00" harmonicMeanSpeed="-1.00" length="-1.00" nVehEntered="0"/>
    <interval begin="16500.00" end="16600.00" id="inductionLoop.W4" nVehContrib="0" flow="0.00" occupancy="0.00" speed="-1.00" harmonicMeanSpeed="-1.00" length="-1.00" nVehEntered="0"/>
    <interval begin="16600.00" end="16700.00" id="inductionLoop.W4" nVehContrib="0" flow="0.00" occupancy="0.00" speed="-1.00" harmonicMeanSpeed="-1.00" length="-1.00" nVehEntered="0"/>
    <interval begin="16700.00" end="16800.00" id="inductionLoop.W4" nVehContrib="0" flow="0.00" occupancy="0.00" speed="-1.00" harmonicMeanSpeed="-1.00" length="-1.00" nVehEntered="0"/>
    <interval begin="16800.00" end="16900.00" id="inductionLoop.W4" nVehContrib="0" flow="0.00" occupancy="0.00" speed="-1.00" harmonicMeanSpeed="-1.00" length="-1.00" nVehEntered="0"/>
    <interval begin="16900.00" end="17000.00" id="inductionLoop.W4" nVehContrib="0" flow="0.00" occupancy="0.00" speed="-1.00" harmonicMeanSpeed="-1.00" length="-1.00" nVehEntered="0"/>
    <interval begin="17000.00" end="17100.00" id="inductionLoop.W4" nVehContrib="0" flow="0.00" occupancy="0.00" speed="-1.00" harmonicMeanSpeed="-1.00" length="-1.00" nVehEntered="0"/>
    <interval begin="17100.00" end="17200.00" id="inductionLoop.W4" nVehContrib="0" flow="0.00" occupancy="0.00" speed="-1.00" harmonicMeanSpeed="-1.00" length="-1.00" nVehEntered="0"/>
    <interval begin="17200.00" end="17300.00" id="inductionLoop.W4" nVehContrib="0" flow="0.00" occupancy="0.00" speed="-1.00" harmonicMeanSpeed="-1.00" length="-1.00" nVehEntered="0"/>
    <interval begin="17300.00" end="17400.00" id="inductionLoop.W4" nVehContrib="0" flow="0.00" occupancy="0.00" speed="-1.00" harmonicMeanSpeed="-1.00" length="-1.00" nVehEntered="0"/>
    <interval begin="17400.00" end="17500.00" id="inductionLoop.W4" nVehContrib="0" flow="0.00" occupancy="0.00" speed="-1.00" harmonicMeanSpeed="-1.00" length="-1.00" nVehEntered="0"/>
    <interval begin="17500.00" end="17600.00" id="inductionLoop.W4" nVehContrib="0" flow="0.00" occupancy="0.00" speed="-1.00" harmonicMeanSpeed="-1.00" length="-1.00" nVehEntered="0"/>
    <interval begin="17600.00" end="17700.00" id="inductionLoop.W4" nVehContrib="0" flow="0.00" occupancy="0.00" speed="-1.00" harmonicMeanSpeed="-1.00" length="-1.00" nVehEntered="0"/>
    <interval begin="17700.00" end="17800.00" id="inductionLoop.W4" nVehContrib="0" flow="0.00" occupancy="0.00" speed="-1.00" harmonicMeanSpeed="-1.00" length="-1.00" nVehEntered="0"/>
    <interval begin="17800.00" end="17900.00" id="inductionLoop.W4" nVehContrib="0" flow="0.00" occupancy="0.00" speed="-1.00" harmonicMeanSpeed="-1.00" length="-1.00" nVehEntered="0"/>
    <interval begin="17900.00" end="18000.00" id="inductionLoop.W4" nVehContrib="0" flow="0.00" occupancy="0.00" speed="-1.00" harmonicMeanSpeed="-1.00" length="-1.00" nVehEntered="0"/>
    <interval begin="18000.00" end="18100.00" id="inductionLoop.W4" nVehContrib="0" flow="0.00" occupancy="0.00" speed="-1.00" harmonicMeanSpeed="-1.00" length="-1.00" nVehEntered="0"/>
    <interval begin="18100.00" end="18200.00" id="inductionLoop.W4" nVehContrib="0" flow="0.00" occupancy="0.00" speed="-1.00" harmonicMeanSpeed="-1.00" length="-1.00" nVehEntered="0"/>
    <interval begin="18200.00" end="18300.00" id="inductionLoop.W4" nVehContrib="1" flow="36.00" occupancy="1.52" speed="3.30" harmonicMeanSpeed="3.30" length="5.00" nVehEntered="1"/>
    <interval begin="18300.00" end="18400.00" id="inductionLoop.W4" nVehContrib="0" flow="0.00" occupancy="0.00" speed="-1.00" harmonicMeanSpeed="-1.00" length="-1.00" nVehEntered="0"/>
    <interval begin="18400.00" end="18500.00" id="inductionLoop.W4" nVehContrib="0" flow="0.00" occupancy="0.00" speed="-1.00" harmonicMeanSpeed="-1.00" length="-1.00" nVehEntered="0"/>
    <interval begin="18500.00" end="18600.00" id="inductionLoop.W4" nVehContrib="0" flow="0.00" occupancy="0.00" speed="-1.00" harmonicMeanSpeed="-1.00" length="-1.00" nVehEntered="0"/>
    <interval begin="18600.00" end="18700.00" id="inductionLoop.W4" nVehContrib="0" flow="0.00" occupancy="0.00" speed="-1.00" harmonicMeanSpeed="-1.00" length="-1.00" nVehEntered="0"/>
    <interval begin="18700.00" end="18800.00" id="inductionLoop.W4" nVehContrib="1" flow="36.00" occupancy="0.35" speed="14.27" harmonicMeanSpeed="14.27" length="5.00" nVehEntered="1"/>
    <interval begin="18800.00" end="18900.00" id="inductionLoop.W4" nVehContrib="1" flow="36.00" occupancy="0.34" speed="14.57" harmonicMeanSpeed="14.57" length="5.00" nVehEntered="1"/>
    <interval begin="18900.00" end="19000.00" id="inductionLoop.W4" nVehContrib="0" flow="0.00" occupancy="0.00" speed="-1.00" harmonicMeanSpeed="-1.00" length="-1.00" nVehEntered="0"/>
    <interval begin="19000.00" end="19100.00" id="inductionLoop.W4" nVehContrib="0" flow="0.00" occupancy="0.00" speed="-1.00" harmonicMeanSpeed="-1.00" length="-1.00" nVehEntered="0"/>
    <interval begin="19100.00" end="19200.00" id="inductionLoop.W4" nVehContrib="0" flow="0.00" occupancy="0.00" speed="-1.00" harmonicMeanSpeed="-1.00" length="-1.00" nVehEntered="0"/>
    <interval begin="19200.00" end="19300.00" id="inductionLoop.W4" nVehContrib="1" flow="36.00" occupancy="0.39" speed="12.68" harmonicMeanSpeed="12.68" length="5.00" nVehEntered="1"/>
    <interval begin="19300.00" end="19400.00" id="inductionLoop.W4" nVehContrib="0" flow="0.00" occupancy="0.00" speed="-1.00" harmonicMeanSpeed="-1.00" length="-1.00" nVehEntered="0"/>
    <interval begin="19400.00" end="19500.00" id="inductionLoop.W4" nVehContrib="0" flow="0.00" occupancy="0.00" speed="-1.00" harmonicMeanSpeed="-1.00" length="-1.00" nVehEntered="0"/>
    <interval begin="19500.00" end="19600.00" id="inductionLoop.W4" nVehContrib="0" flow="0.00" occupancy="0.00" speed="-1.00" harmonicMeanSpeed="-1.00" length="-1.00" nVehEntered="0"/>
    <interval begin="19600.00" end="19700.00" id="inductionLoop.W4" nVehContrib="2" flow="72.00" occupancy="0.79" speed="13.14" harmonicMeanSpeed="12.65" length="5.00" nVehEntered="2"/>
    <interval begin="19700.00" end="19800.00" id="inductionLoop.W4" nVehContrib="2" flow="72.00" occupancy="2.00" speed="8.78" harmonicMeanSpeed="5.00" length="5.00" nVehEntered="2"/>
    <interval begin="19800.00" end="19900.00" id="inductionLoop.W4" nVehContrib="2" flow="72.00" occupancy="0.66" speed="15.13" harmonicMeanSpeed="15.13" length="5.00" nVehEntered="2"/>
    <interval begin="19900.00" end="20000.00" id="inductionLoop.W4" nVehContrib="1" flow="36.00" occupancy="1.55" speed="3.24" harmonicMeanSpeed="3.24" length="5.00" nVehEntered="1"/>
    <interval begin="20000.00" end="20100.00" id="inductionLoop.W4" nVehContrib="0" flow="0.00" occupancy="0.00" speed="-1.00" harmonicMeanSpeed="-1.00" length="-1.00" nVehEntered="0"/>
    <interval begin="20100.00" end="20200.00" id="inductionLoop.W4" nVehContrib="0" flow="0.00" occupancy="0.00" speed="-1.00" harmonicMeanSpeed="-1.00" length="-1.00" nVehEntered="0"/>
    <interval begin="20200.00" end="20300.00" id="inductionLoop.W4" nVehContrib="1" flow="36.00" occupancy="1.19" speed="4.21" harmonicMeanSpeed="4.21" length="5.00" nVehEntered="1"/>
    <interval begin="20300.00" end="20400.00" id="inductionLoop.W4" nVehContrib="0" flow="0.00" occupancy="0.00" speed="-1.00" harmonicMeanSpeed="-1.00" length="-1.00" nVehEntered="0"/>
    <interval begin="20400.00" end="20500.00" id="inductionLoop.W4" nVehContrib="0" flow="0.00" occupancy="0.00" speed="-1.00" harmonicMeanSpeed="-1.00" length="-1.00" nVehEntered="0"/>
    <interval begin="20500.00" end="20600.00" id="inductionLoop.W4" nVehContrib="0" flow="0.00" occupancy="0.00" speed="-1.00" harmonicMeanSpeed="-1.00" length="-1.00" nVehEntered="0"/>
    <interval begin="20600.00" end="20700.00" id="inductionLoop.W4" nVehContrib="1" flow="36.00" occupancy="1.24" speed="4.04" harmonicMeanSpeed="4.04" length="5.00" nVehEntered="1"/>
    <interval begin="20700.00" end="20800.00" id="inductionLoop.W4" nVehContrib="0" flow="0.00" occupancy="0.00" speed="-1.00" harmonicMeanSpeed="-1.00" length="-1.00" nVehEntered="0"/>
    <interval begin="20800.00" end="20900.00" id="inductionLoop.W4" nVehContrib="3" flow="108.00" occupancy="2.90" speed="6.00" harmonicMeanSpeed="5.18" length="5.00" nVehEntered="3"/>
    <interval begin="20900.00" end="21000.00" id="inductionLoop.W4" nVehContrib="3" flow="108.00" occupancy="2.54" speed="7.58" harmonicMeanSpeed="5.90" length="5.00" nVehEntered="3"/>
    <interval begin="21000.00" end="21100.00" id="inductionLoop.W4" nVehContrib="1" flow="36.00" occupancy="1.46" speed="3.41" harmonicMeanSpeed="3.41" length="5.00" nVehEntered="1"/>
    <interval begin="21100.00" end="21200.00" id="inductionLoop.W4" nVehContrib="0" flow="0.00" occupancy="0.00" speed="-1.00" harmonicMeanSpeed="-1.00" length="-1.00" nVehEntered="0"/>
    <interval begin="21200.00" end="21300.00" id="inductionLoop.W4" nVehContrib="0" flow="0.00" occupancy="0.00" speed="-1.00" harmonicMeanSpeed="-1.00" length="-1.00" nVehEntered="0"/>
    <interval begin="21300.00" end="21400.00" id="inductionLoop.W4" nVehContrib="2" flow="72.00" occupancy="1.90" speed="7.76" harmonicMeanSpeed="5.27" length="5.00" nVehEntered="2"/>
    <interval begin="21400.00" end="21500.00" id="inductionLoop.W4" nVehContrib="0" flow="0.00" occupancy="0.00" speed="-1.00" harmonicMeanSpeed="-1.00" length="-1.00" nVehEntered="0"/>
    <interval begin="21500.00" end="21600.00" id="inductionLoop.W4" nVehContrib="1" flow="36.00" occupancy="1.44" speed="3.47" harmonicMeanSpeed="3.47" length="5.00" nVehEntered="1"/>
    <interval begin="21600.00" end="21700.00" id="inductionLoop.W4" nVehContrib="2" flow="72.00" occupancy="1.83" speed="9.26" harmonicMeanSpeed="5.45" length="5.00" nVehEntered="2"/>
    <interval begin="21700.00" end="21800.00" id="inductionLoop.W4" nVehContrib="2" flow="72.00" occupancy="1.65" speed="6.44" harmonicMeanSpeed="6.06" length="5.00" nVehEntered="2"/>
    <interval begin="21800.00" end="21900.00" id="inductionLoop.W4" nVehContrib="3" flow="108.00" occupancy="7.18" speed="2.63" harmonicMeanSpeed="2.09" length="5.00" nVehEntered="3"/>
    <interval begin="21900.00" end="22000.00" id="inductionLoop.W4" nVehContrib="2" flow="72.00" occupancy="1.06" speed="10.05" harmonicMeanSpeed="9.39" length="5.00" nVehEntered="2"/>
    <interval begin="22000.00" end="22100.00" id="inductionLoop.W4" nVehContrib="0" flow="0.00" occupancy="0.00" speed="-1.00" harmonicMeanSpeed="-1.00" length="-1.00" nVehEntered="0"/>
    <interval begin="22100.00" end="22200.00" id="inductionLoop.W4" nVehContrib="2" flow="72.00" occupancy="1.79" speed="6.21" harmonicMeanSpeed="5.79" length="5.00" nVehEntered="3"/>
    <interval begin="22200.00" end="22300.00" id="inductionLoop.W4" nVehContrib="2" flow="72.00" occupancy="17.18" speed="2.23" harmonicMeanSpeed="0.58" length="5.00" nVehEntered="1"/>
    <interval begin="22300.00" end="22400.00" id="inductionLoop.W4" nVehContrib="2" flow="72.00" occupancy="1.97" speed="7.23" harmonicMeanSpeed="5.09" length="5.00" nVehEntered="2"/>
    <interval begin="22400.00" end="22500.00" id="inductionLoop.W4" nVehContrib="2" flow="72.00" occupancy="2.97" speed="3.38" harmonicMeanSpeed="3.37" length="5.00" nVehEntered="2"/>
    <interval begin="22500.00" end="22600.00" id="inductionLoop.W4" nVehContrib="1" flow="36.00" occupancy="12.50" speed="4.23" harmonicMeanSpeed="4.23" length="5.00" nVehEntered="2"/>
    <interval begin="22600.00" end="22700.00" id="inductionLoop.W4" nVehContrib="9" flow="324.00" occupancy="16.68" speed="5.47" harmonicMeanSpeed="1.61" length="5.00" nVehEntered="8"/>
    <interval begin="22700.00" end="22800.00" id="inductionLoop.W4" nVehContrib="3" flow="108.00" occupancy="6.00" speed="6.14" harmonicMeanSpeed="2.50" length="5.00" nVehEntered="3"/>
    <interval begin="22800.00" end="22900.00" id="inductionLoop.W4" nVehContrib="4" flow="144.00" occupancy="26.65" speed="6.22" harmonicMeanSpeed="0.76" length="5.00" nVehEntered="5"/>
    <interval begin="22900.00" end="23000.00" id="inductionLoop.W4" nVehContrib="9" flow="324.00" occupancy="11.15" speed="5.77" harmonicMeanSpeed="3.97" length="5.00" nVehEntered="8"/>
    <interval begin="23000.00" end="23100.00" id="inductionLoop.W4" nVehContrib="6" flow="216.00" occupancy="18.01" speed="5.42" harmonicMeanSpeed="1.67" length="5.00" nVehEntered="6"/>
    <interval begin="23100.00" end="23200.00" id="inductionLoop.W4" nVehContrib="5" flow="180.00" occupancy="17.86" speed="4.82" harmonicMeanSpeed="1.40" length="5.00" nVehEntered="5"/>
    <interval begin="23200.00" end="23300.00" id="inductionLoop.W4" nVehContrib="2" flow="72.00" occupancy="1.83" speed="8.79" harmonicMeanSpeed="5.46" length="5.00" nVehEntered="2"/>
    <interval begin="23300.00" end="23400.00" id="inductionLoop.W4" nVehContrib="3" flow="108.00" occupancy="4.08" speed="3.68" harmonicMeanSpeed="3.68" length="5.00" nVehEntered="3"/>
    <interval begin="23400.00" end="23500.00" id="inductionLoop.W4" nVehContrib="4" flow="144.00" occupancy="6.63" speed="7.00" harmonicMeanSpeed="3.02" length="5.00" nVehEntered="4"/>
    <interval begin="23500.00" end="23600.00" id="inductionLoop.W4" nVehContrib="4" flow="144.00" occupancy="17.40" speed="6.30" harmonicMeanSpeed="1.31" length="5.00" nVehEntered="5"/>
    <interval begin="23600.00" end="23700.00" id="inductionLoop.W4" nVehContrib="6" flow="216.00" occupancy="24.97" speed="3.66" harmonicMeanSpeed="1.11" length="5.00" nVehEntered="5"/>
    <interval begin="23700.00" end="23800.00" id="inductionLoop.W4" nVehContrib="4" flow="144.00" occupancy="14.91" speed="4.41" harmonicMeanSpeed="1.34" length="5.00" nVehEntered="4"/>
    <interval begin="23800.00" end="23900.00" id="inductionLoop.W4" nVehContrib="4" flow="144.00" occupancy="8.77" speed="5.36" harmonicMeanSpeed="2.28" length="5.00" nVehEntered="4"/>
    <interval begin="23900.00" end="24000.00" id="inductionLoop.W4" nVehContrib="10" flow="360.00" occupancy="39.19" speed="5.56" harmonicMeanSpeed="1.28" length="5.00" nVehEntered="10"/>
    <interval begin="24000.00" end="24100.00" id="inductionLoop.W4" nVehContrib="6" flow="216.00" occupancy="26.99" speed="7.06" harmonicMeanSpeed="1.11" length="5.00" nVehEntered="6"/>
    <interval begin="24100.00" end="24200.00" id="inductionLoop.W4" nVehContrib="8" flow="288.00" occupancy="33.26" speed="7.16" harmonicMeanSpeed="1.20" length="5.00" nVehEntered="8"/>
    <interval begin="24200.00" end="24300.00" id="inductionLoop.W4" nVehContrib="9" flow="324.00" occupancy="39.58" speed="7.32" harmonicMeanSpeed="1.15" length="5.00" nVehEntered="10"/>
    <interval begin="24300.00" end="24400.00" id="inductionLoop.W4" nVehContrib="9" flow="324.00" occupancy="37.03" speed="5.14" harmonicMeanSpeed="1.21" length="5.00" nVehEntered="8"/>
    <interval begin="24400.00" end="24500.00" id="inductionLoop.W4" nVehContrib="8" flow="288.00" occupancy="28.52" speed="4.83" harmonicMeanSpeed="1.43" length="5.00" nVehEntered="9"/>
    <interval begin="24500.00" end="24600.00" id="inductionLoop.W4" nVehContrib="7" flow="252.00" occupancy="18.91" speed="6.39" harmonicMeanSpeed="1.80" length="5.00" nVehEntered="6"/>
    <interval begin="24600.00" end="24700.00" id="inductionLoop.W4" nVehContrib="9" flow="324.00" occupancy="46.37" speed="7.94" harmonicMeanSpeed="1.61" length="5.00" nVehEntered="10"/>
    <interval begin="24700.00" end="24800.00" id="inductionLoop.W4" nVehContrib="12" flow="432.00" occupancy="48.59" speed="6.05" harmonicMeanSpeed="0.93" length="5.00" nVehEntered="12"/>
    <interval begin="24800.00" end="24900.00" id="inductionLoop.W4" nVehContrib="7" flow="252.00" occupancy="87.64" speed="5.94" harmonicMeanSpeed="0.55" length="5.00" nVehEntered="7"/>
    <interval begin="24900.00" end="25000.00" id="inductionLoop.W4" nVehContrib="11" flow="396.00" occupancy="80.43" speed="7.67" harmonicMeanSpeed="0.81" length="5.00" nVehEntered="11"/>
    <interval begin="25000.00" end="25100.00" id="inductionLoop.W4" nVehContrib="13" flow="468.00" occupancy="78.88" speed="6.41" harmonicMeanSpeed="0.55" length="5.00" nVehEntered="12"/>
    <interval begin="25100.00" end="25200.00" id="inductionLoop.W4" nVehContrib="16" flow="576.00" occupancy="62.86" speed="8.45" harmonicMeanSpeed="1.27" length="5.00" nVehEntered="16"/>
    <interval begin="25200.00" end="25300.00" id="inductionLoop.W4" nVehContrib="12" flow="432.00" occupancy="76.84" speed="7.92" harmonicMeanSpeed="0.96" length="5.00" nVehEntered="13"/>
    <interval begin="25300.00" end="25400.00" id="inductionLoop.W4" nVehContrib="15" flow="540.00" occupancy="76.68" speed="9.20" harmonicMeanSpeed="0.94" length="5.00" nVehEntered="15"/>
    <interval begin="25400.00" end="25500.00" id="inductionLoop.W4" nVehContrib="16" flow="576.00" occupancy="74.51" speed="8.77" harmonicMeanSpeed="1.09" length="5.00" nVehEntered="16"/>
    <interval begin="25500.00" end="25600.00" id="inductionLoop.W4" nVehContrib="17" flow="612.00" occupancy="72.80" speed="9.63" harmonicMeanSpeed="1.00" length="5.00" nVehEntered="16"/>
    <interval begin="25600.00" end="25700.00" id="inductionLoop.W4" nVehContrib="15" flow="540.00" occupancy="75.99" speed="9.77" harmonicMeanSpeed="0.99" length="5.00" nVehEntered="15"/>
    <interval begin="25700.00" end="25800.00" id="inductionLoop.W4" nVehContrib="13" flow="468.00" occupancy="79.32" speed="8.78" harmonicMeanSpeed="0.82" length="5.00" nVehEntered="13"/>
    <interval begin="25800.00" end="25900.00" id="inductionLoop.W4" nVehContrib="8" flow="288.00" occupancy="85.15" speed="9.75" harmonicMeanSpeed="0.47" length="5.00" nVehEntered="8"/>
    <interval begin="25900.00" end="26000.00" id="inductionLoop.W4" nVehContrib="12" flow="432.00" occupancy="80.42" speed="8.78" harmonicMeanSpeed="0.76" length="5.00" nVehEntered="13"/>
    <interval begin="26000.00" end="26100.00" id="inductionLoop.W4" nVehContrib="12" flow="432.00" occupancy="79.99" speed="6.99" harmonicMeanSpeed="0.74" length="5.00" nVehEntered="12"/>
    <interval begin="26100.00" end="26200.00" id="inductionLoop.W4" nVehContrib="12" flow="432.00" occupancy="80.66" speed="9.28" harmonicMeanSpeed="0.75" length="5.00" nVehEntered="12"/>
    <interval begin="26200.00" end="26300.00" id="inductionLoop.W4" nVehContrib="16" flow="576.00" occupancy="75.03" speed="9.18" harmonicMeanSpeed="1.06" length="5.00" nVehEntered="15"/>
    <interval begin="26300.00" end="26400.00" id="inductionLoop.W4" nVehContrib="15" flow="540.00" occupancy="75.93" speed="10.79" harmonicMeanSpeed="10.34" length="5.00" nVehEntered="16"/>
    <interval begin="26400.00" end="26500.00" id="inductionLoop.W4" nVehContrib="18" flow="648.00" occupancy="69.39" speed="8.63" harmonicMeanSpeed="0.65" length="5.00" nVehEntered="18"/>
    <interval begin="26500.00" end="26600.00" id="inductionLoop.W4" nVehContrib="19" flow="684.00" occupancy="68.50" speed="8.88" harmonicMeanSpeed="1.38" length="5.00" nVehEntered="18"/>
    <interval begin="26600.00" end="26700.00" id="inductionLoop.W4" nVehContrib="14" flow="504.00" occupancy="76.20" speed="8.52" harmonicMeanSpeed="1.28" length="5.00" nVehEntered="15"/>
    <interval begin="26700.00" end="26800.00" id="inductionLoop.W4" nVehContrib="17" flow="612.00" occupancy="72.78" speed="10.12" harmonicMeanSpeed="1.27" length="5.00" nVehEntered="17"/>
    <interval begin="26800.00" end="26900.00" id="inductionLoop.W4" nVehContrib="11" flow="396.00" occupancy="80.44" speed="8.35" harmonicMeanSpeed="1.07" length="5.00" nVehEntered="11"/>
    <interval begin="26900.00" end="27000.00" id="inductionLoop.W4" nVehContrib="23" flow="828.00" occupancy="58.22" speed="8.67" harmonicMeanSpeed="1.01" length="5.00" nVehEntered="22"/>
    <interval begin="27000.00" end="27100.00" id="inductionLoop.W4" nVehContrib="15" flow="540.00" occupancy="40.84" speed="9.05" harmonicMeanSpeed="1.90" length="5.00" nVehEntered="16"/>
    <interval begin="27100.00" end="27200.00" id="inductionLoop.W4" nVehContrib="12" flow="432.00" occupancy="68.20" speed="7.16" harmonicMeanSpeed="0.86" length="5.00" nVehEntered="11"/>
    <interval begin="27200.00" end="27300.00" id="inductionLoop.W4" nVehContrib="24" flow="864.00" occupancy="54.12" speed="9.05" harmonicMeanSpeed="2.22" length="5.00" nVehEntered="24"/>
    <interval begin="27300.00" end="27400.00" id="inductionLoop.W4" nVehContrib="10" flow="360.00" occupancy="51.88" speed="7.98" harmonicMeanSpeed="1.49" length="5.00" nVehEntered="11"/>
    <interval begin="27400.00" end="27500.00" id="inductionLoop.W4" nVehContrib="14" flow="504.00" occupancy="59.76" speed="6.67" harmonicMeanSpeed="0.90" length="5.00" nVehEntered="13"/>
    <interval begin="27500.00" end="27600.00" id="inductionLoop.W4" nVehContrib="15" flow="540.00" occupancy="70.31" speed="8.92" harmonicMeanSpeed="1.07" length="5.00" nVehEntered="15"/>
    <interval begin="27600.00" end="27700.00" id="inductionLoop.W4" nVehContrib="19" flow="684.00" occupancy="70.20" speed="9.53" harmonicMeanSpeed="1.35" length="5.00" nVehEntered="19"/>
    <interval begin="27700.00" end="27800.00" id="inductionLoop.W4" nVehContrib="10" flow="360.00" occupancy="80.62" speed="7.73" harmonicMeanSpeed="0.62" length="5.00" nVehEntered="10"/>
    <interval begin="27800.00" end="27900.00" id="inductionLoop.W4" nVehContrib="11" flow="396.00" occupancy="82.32" speed="9.29" harmonicMeanSpeed="0.67" length="5.00" nVehEntered="11"/>
    <interval begin="27900.00" end="28000.00" id="inductionLoop.W4" nVehContrib="14" flow="504.00" occupancy="79.84" speed="10.85" harmonicMeanSpeed="10.16" length="5.00" nVehEntered="15"/>
    <interval begin="28000.00" end="28100.00" id="inductionLoop.W4" nVehContrib="17" flow="612.00" occupancy="73.37" speed="9.86" harmonicMeanSpeed="0.85" length="5.00" nVehEntered="17"/>
    <interval begin="28100.00" end="28200.00" id="inductionLoop.W4" nVehContrib="18" flow="648.00" occupancy="71.80" speed="10.04" harmonicMeanSpeed="0.95" length="5.00" nVehEntered="18"/>
    <interval begin="28200.00" end="28300.00" id="inductionLoop.W4" nVehContrib="15" flow="540.00" occupancy="78.99" speed="8.46" harmonicMeanSpeed="0.73" length="5.00" nVehEntered="14"/>
    <interval begin="28300.00" end="28400.00" id="inductionLoop.W4" nVehContrib="6" flow="216.00" occupancy="88.68" speed="6.38" harmonicMeanSpeed="0.34" length="5.00" nVehEntered="6"/>
    <interval begin="28400.00" end="28500.00" id="inductionLoop.W4" nVehContrib="9" flow="324.00" occupancy="85.48" speed="10.34" harmonicMeanSpeed="9.94" length="5.00" nVehEntered="10"/>
    <interval begin="28500.00" end="28600.00" id="inductionLoop.W4" nVehContrib="16" flow="576.00" occupancy="74.37" speed="9.63" harmonicMeanSpeed="0.81" length="5.00" nVehEntered="16"/>
    <interval begin="28600.00" end="28700.00" id="inductionLoop.W4" nVehContrib="14" flow="504.00" occupancy="77.71" speed="8.58" harmonicMeanSpeed="0.74" length="5.00" nVehEntered="14"/>
    <interval begin="28700.00" end="28800.00" id="inductionLoop.W4" nVehContrib="14" flow="504.00" occupancy="77.20" speed="9.42" harmonicMeanSpeed="0.96" length="5.00" nVehEntered="14"/>
    <interval begin="28800.00" end="28900.00" id="inductionLoop.W4" nVehContrib="15" flow="540.00" occupancy="74.12" speed="7.58" harmonicMeanSpeed="0.64" length="5.00" nVehEntered="14"/>
    <interval begin="28900.00" end="29000.00" id="inductionLoop.W4" nVehContrib="16" flow="576.00" occupancy="73.24" speed="8.62" harmonicMeanSpeed="1.10" length="5.00" nVehEntered="17"/>
    <interval begin="29000.00" end="29100.00" id="inductionLoop.W4" nVehContrib="19" flow="684.00" occupancy="67.87" speed="9.13" harmonicMeanSpeed="1.44" length="5.00" nVehEntered="19"/>
    <interval begin="29100.00" end="29200.00" id="inductionLoop.W4" nVehContrib="14" flow="504.00" occupancy="77.53" speed="9.07" harmonicMeanSpeed="1.03" length="5.00" nVehEntered="14"/>
    <interval begin="29200.00" end="29300.00" id="inductionLoop.W4" nVehContrib="10" flow="360.00" occupancy="83.32" speed="7.55" harmonicMeanSpeed="0.88" length="5.00" nVehEntered="10"/>
    <interval begin="29300.00" end="29400.00" id="inductionLoop.W4" nVehContrib="13" flow="468.00" occupancy="72.28" speed="7.75" harmonicMeanSpeed="0.59" length="5.00" nVehEntered="12"/>
    <interval begin="29400.00" end="29500.00" id="inductionLoop.W4" nVehContrib="19" flow="684.00" occupancy="50.79" speed="8.11" harmonicMeanSpeed="2.17" length="5.00" nVehEntered="20"/>
    <interval begin="29500.00" end="29600.00" id="inductionLoop.W4" nVehContrib="11" flow="396.00" occupancy="64.79" speed="7.95" harmonicMeanSpeed="1.17" length="5.00" nVehEntered="11"/>
    <interval begin="29600.00" end="29700.00" id="inductionLoop.W4" nVehContrib="20" flow="720.00" occupancy="64.85" speed="7.87" harmonicMeanSpeed="1.12" length="5.00" nVehEntered="20"/>
    <interval begin="29700.00" end="29800.00" id="inductionLoop.W4" nVehContrib="13" flow="468.00" occupancy="57.30" speed="8.73" harmonicMeanSpeed="1.27" length="5.00" nVehEntered="13"/>
    <interval begin="29800.00" end="29900.00" id="inductionLoop.W4" nVehContrib="18" flow="648.00" occupancy="68.71" speed="6.75" harmonicMeanSpeed="1.20" length="5.00" nVehEntered="17"/>
    <interval begin="29900.00" end="30000.00" id="inductionLoop.W4" nVehContrib="15" flow="540.00" occupancy="62.41" speed="6.48" harmonicMeanSpeed="1.32" length="5.00" nVehEntered="16"/>
    <interval begin="30000.00" end="30100.00" id="inductionLoop.W4" nVehContrib="13" flow="468.00" occupancy="38.58" speed="6.22" harmonicMeanSpeed="1.47" length="5.00" nVehEntered="12"/>
    <interval begin="30100.00" end="30200.00" id="inductionLoop.W4" nVehContrib="16" flow="576.00" occupancy="64.21" speed="6.39" harmonicMeanSpeed="1.25" length="5.00" nVehEntered="16"/>
    <interval begin="30200.00" end="30300.00" id="inductionLoop.W4" nVehContrib="10" flow="360.00" occupancy="61.32" speed="7.54" harmonicMeanSpeed="1.02" length="5.00" nVehEntered="11"/>
    <interval begin="30300.00" end="30400.00" id="inductionLoop.W4" nVehContrib="18" flow="648.00" occupancy="47.47" speed="7.52" harmonicMeanSpeed="1.80" length="5.00" nVehEntered="18"/>
    <interval begin="30400.00" end="30500.00" id="inductionLoop.W4" nVehContrib="19" flow="684.00" occupancy="51.23" speed="7.50" harmonicMeanSpeed="1.56" length="5.00" nVehEntered="18"/>
    <interval begin="30500.00" end="30600.00" id="inductionLoop.W4" nVehContrib="15" flow="540.00" occupancy="45.30" speed="6.69" harmonicMeanSpeed="1.66" length="5.00" nVehEntered="15"/>
    <interval begin="30600.00" end="30700.00" id="inductionLoop.W4" nVehContrib="17" flow="612.00" occupancy="42.25" speed="7.59" harmonicMeanSpeed="2.04" length="5.00" nVehEntered="18"/>
    <interval begin="30700.00" end="30800.00" id="inductionLoop.W4" nVehContrib="17" flow="612.00" occupancy="26.53" speed="8.28" harmonicMeanSpeed="3.13" length="5.00" nVehEntered="16"/>
    <interval begin="30800.00" end="30900.00" id="inductionLoop.W4" nVehContrib="18" flow="648.00" occupancy="31.91" speed="7.32" harmonicMeanSpeed="2.82" length="5.00" nVehEntered="18"/>
    <interval begin="30900.00" end="31000.00" id="inductionLoop.W4" nVehContrib="10" flow="360.00" occupancy="16.58" speed="6.55" harmonicMeanSpeed="3.02" length="5.00" nVehEntered="10"/>
    <interval begin="31000.00" end="31100.00" id="inductionLoop.W4" nVehContrib="11" flow="396.00" occupancy="22.38" speed="8.06" harmonicMeanSpeed="2.46" length="5.00" nVehEntered="11"/>
    <interval begin="31100.00" end="31200.00" id="inductionLoop.W4" nVehContrib="15" flow="540.00" occupancy="23.16" speed="8.94" harmonicMeanSpeed="3.24" length="5.00" nVehEntered="15"/>
    <interval begin="31200.00" end="31300.00" id="inductionLoop.W4" nVehContrib="21" flow="756.00" occupancy="40.87" speed="9.07" harmonicMeanSpeed="2.57" length="5.00" nVehEntered="21"/>
    <interval begin="31300.00" end="31400.00" id="inductionLoop.W4" nVehContrib="15" flow="540.00" occupancy="43.08" speed="7.46" harmonicMeanSpeed="1.74" length="5.00" nVehEntered="15"/>
    <interval begin="31400.00" end="31500.00" id="inductionLoop.W4" nVehContrib="11" flow="396.00" occupancy="30.03" speed="5.81" harmonicMeanSpeed="1.84" length="5.00" nVehEntered="12"/>
    <interval begin="31500.00" end="31600.00" id="inductionLoop.W4" nVehContrib="17" flow="612.00" occupancy="42.52" speed="6.89" harmonicMeanSpeed="2.00" length="5.00" nVehEntered="16"/>
    <interval begin="31600.00" end="31700.00" id="inductionLoop.W4" nVehContrib="14" flow="504.00" occupancy="36.09" speed="7.18" harmonicMeanSpeed="1.94" length="5.00" nVehEntered="14"/>
    <interval begin="31700.00" end="31800.00" id="inductionLoop.W4" nVehContrib="10" flow="360.00" occupancy="49.03" speed="5.05" harmonicMeanSpeed="1.02" length="5.00" nVehEntered="10"/>
    <interval begin="31800.00" end="31900.00" id="inductionLoop.W4" nVehContrib="17" flow="612.00" occupancy="32.22" speed="7.35" harmonicMeanSpeed="2.68" length="5.00" nVehEntered="18"/>
    <interval begin="31900.00" end="32000.00" id="inductionLoop.W4" nVehContrib="10" flow="360.00" occupancy="10.82" speed="9.24" harmonicMeanSpeed="4.61" length="5.00" nVehEntered="10"/>
    <interval begin="32000.00" end="32100.00" id="inductionLoop.W4" nVehContrib="18" flow="648.00" occupancy="43.82" speed="6.33" harmonicMeanSpeed="2.03" length="5.00" nVehEntered="17"/>
    <interval begin="32100.00" end="32200.00" id="inductionLoop.W4" nVehContrib="16" flow="576.00" occupancy="28.60" speed="9.90" harmonicMeanSpeed="2.80" length="5.00" nVehEntered="16"/>
    <interval begin="32200.00" end="32300.00" id="inductionLoop.W4" nVehContrib="13" flow="468.00" occupancy="50.52" speed="5.78" harmonicMeanSpeed="1.29" length="5.00" nVehEntered="13"/>
    <interval begin="32300.00" end="32400.00" id="inductionLoop.W4" nVehContrib="12" flow="432.00" occupancy="45.45" speed="6.44" harmonicMeanSpeed="1.32" length="5.00" nVehEntered="12"/>
    <interval begin="32400.00" end="32500.00" id="inductionLoop.W4" nVehContrib="8" flow="288.00" occupancy="10.20" speed="7.09" harmonicMeanSpeed="5.34" length="5.00" nVehEntered="9"/>
    <interval begin="32500.00" end="32600.00" id="inductionLoop.W4" nVehContrib="17" flow="612.00" occupancy="61.50" speed="7.34" harmonicMeanSpeed="1.32" length="5.00" nVehEntered="16"/>
    <interval begin="32600.00" end="32700.00" id="inductionLoop.W4" nVehContrib="21" flow="756.00" occupancy="54.21" speed="9.84" harmonicMeanSpeed="1.94" length="5.00" nVehEntered="21"/>
    <interval begin="32700.00" end="32800.00" id="inductionLoop.W4" nVehContrib="14" flow="504.00" occupancy="56.85" speed="8.55" harmonicMeanSpeed="1.85" length="5.00" nVehEntered="15"/>
    <interval begin="32800.00" end="32900.00" id="inductionLoop.W4" nVehContrib="17" flow="612.00" occupancy="56.64" speed="6.84" harmonicMeanSpeed="1.12" length="5.00" nVehEntered="16"/>
    <interval begin="32900.00" end="33000.00" id="inductionLoop.W4" nVehContrib="16" flow="576.00" occupancy="38.22" speed="6.78" harmonicMeanSpeed="2.09" length="5.00" nVehEntered="16"/>
    <interval begin="33000.00" end="33100.00" id="inductionLoop.W4" nVehContrib="14" flow="504.00" occupancy="58.01" speed="6.38" harmonicMeanSpeed="1.21" length="5.00" nVehEntered="14"/>
    <interval begin="33100.00" end="33200.00" id="inductionLoop.W4" nVehContrib="10" flow="360.00" occupancy="18.41" speed="6.18" harmonicMeanSpeed="2.72" length="5.00" nVehEntered="10"/>
    <interval begin="33200.00" end="33300.00" id="inductionLoop.W4" nVehContrib="9" flow="324.00" occupancy="44.66" speed="5.44" harmonicMeanSpeed="1.01" length="5.00" nVehEntered="9"/>
    <interval begin="33300.00" end="33400.00" id="inductionLoop.W4" nVehContrib="16" flow="576.00" occupancy="48.61" speed="7.59" harmonicMeanSpeed="2.04" length="5.00" nVehEntered="17"/>
    <interval begin="33400.00" end="33500.00" id="inductionLoop.W4" nVehContrib="11" flow="396.00" occupancy="70.52" speed="8.19" harmonicMeanSpeed="1.29" length="5.00" nVehEntered="11"/>
    <interval begin="33500.00" end="33600.00" id="inductionLoop.W4" nVehContrib="16" flow="576.00" occupancy="43.01" speed="6.98" harmonicMeanSpeed="1.00" length="5.00" nVehEntered="15"/>
    <interval begin="33600.00" end="33700.00" id="inductionLoop.W4" nVehContrib="11" flow="396.00" occupancy="52.09" speed="5.42" harmonicMeanSpeed="1.06" length="5.00" nVehEntered="11"/>
    <interval begin="33700.00" end="33800.00" id="inductionLoop.W4" nVehContrib="9" flow="324.00" occupancy="12.83" speed="6.71" harmonicMeanSpeed="3.51" length="5.00" nVehEntered="9"/>
    <interval begin="33800.00" end="33900.00" id="inductionLoop.W4" nVehContrib="9" flow="324.00" occupancy="12.32" speed="9.67" harmonicMeanSpeed="3.65" length="5.00" nVehEntered="9"/>
    <interval begin="33900.00" end="34000.00" id="inductionLoop.W4" nVehContrib="11" flow="396.00" occupancy="7.09" speed="9.61" harmonicMeanSpeed="7.75" length="5.00" nVehEntered="11"/>
    <interval begin="34000.00" end="34100.00" id="inductionLoop.W4" nVehContrib="14" flow="504.00" occupancy="12.40" speed="9.09" harmonicMeanSpeed="6.19" length="5.00" nVehEntered="15"/>
    <interval begin="34100.00" end="34200.00" id="inductionLoop.W4" nVehContrib="8" flow="288.00" occupancy="16.84" speed="6.29" harmonicMeanSpeed="2.23" length="5.00" nVehEntered="7"/>
    <interval begin="34200.00" end="34300.00" id="inductionLoop.W4" nVehContrib="11" flow="396.00" occupancy="14.03" speed="8.70" harmonicMeanSpeed="3.92" length="5.00" nVehEntered="11"/>
    <interval begin="34300.00" end="34400.00" id="inductionLoop.W4" nVehContrib="11" flow="396.00" occupancy="13.11" speed="9.13" harmonicMeanSpeed="4.20" length="5.00" nVehEntered="11"/>
    <interval begin="34400.00" end="34500.00" id="inductionLoop.W4" nVehContrib="11" flow="396.00" occupancy="24.79" speed="5.92" harmonicMeanSpeed="2.22" length="5.00" nVehEntered="11"/>
    <interval begin="34500.00" end="34600.00" id="inductionLoop.W4" nVehContrib="11" flow="396.00" occupancy="58.75" speed="6.62" harmonicMeanSpeed="0.95" length="5.00" nVehEntered="12"/>
    <interval begin="34600.00" end="34700.00" id="inductionLoop.W4" nVehContrib="17" flow="612.00" occupancy="47.53" speed="8.47" harmonicMeanSpeed="1.77" length="5.00" nVehEntered="16"/>
    <interval begin="34700.00" end="34800.00" id="inductionLoop.W4" nVehContrib="14" flow="504.00" occupancy="64.22" speed="8.90" harmonicMeanSpeed="1.64" length="5.00" nVehEntered="15"/>
    <interval begin="34800.00" end="34900.00" id="inductionLoop.W4" nVehContrib="17" flow="612.00" occupancy="59.42" speed="7.55" harmonicMeanSpeed="1.05" length="5.00" nVehEntered="16"/>
    <interval begin="34900.00" end="35000.00" id="inductionLoop.W4" nVehContrib="15" flow="540.00" occupancy="58.86" speed="7.97" harmonicMeanSpeed="1.27" length="5.00" nVehEntered="15"/>
    <interval begin="35000.00" end="35100.00" id="inductionLoop.W4" nVehContrib="8" flow="288.00" occupancy="58.16" speed="5.66" harmonicMeanSpeed="0.82" length="5.00" nVehEntered="9"/>
    <interval begin="35100.00" end="35200.00" id="inductionLoop.W4" nVehContrib="11" flow="396.00" occupancy="59.27" speed="7.36" harmonicMeanSpeed="1.22" length="5.00" nVehEntered="11"/>
    <interval begin="35200.00" end="35300.00" id="inductionLoop.W4" nVehContrib="14" flow="504.00" occupancy="60.52" speed="6.64" harmonicMeanSpeed="0.84" length="5.00" nVehEntered="13"/>
    <interval begin="35300.00" end="35400.00" id="inductionLoop.W4" nVehContrib="20" flow="720.00" occupancy="66.06" speed="8.63" harmonicMeanSpeed="1.72" length="5.00" nVehEntered="21"/>
    <interval begin="35400.00" end="35500.00" id="inductionLoop.W4" nVehContrib="15" flow="540.00" occupancy="54.64" speed="8.56" harmonicMeanSpeed="1.20" length="5.00" nVehEntered="14"/>
    <interval begin="35500.00" end="35600.00" id="inductionLoop.W4" nVehContrib="9" flow="324.00" occupancy="44.11" speed="8.76" harmonicMeanSpeed="7.57" length="5.00" nVehEntered="10"/>
    <interval begin="35600.00" end="35700.00" id="inductionLoop.W4" nVehContrib="22" flow="792.00" occupancy="48.12" speed="8.14" harmonicMeanSpeed="1.27" length="5.00" nVehEntered="21"/>
    <interval begin="35700.00" end="35800.00" id="inductionLoop.W4" nVehContrib="8" flow="288.00" occupancy="54.98" speed="6.03" harmonicMeanSpeed="1.56" length="5.00" nVehEntered="9"/>
    <interval begin="35800.00" end="35900.00" id="inductionLoop.W4" nVehContrib="20" flow="720.00" occupancy="65.37" speed="7.79" harmonicMeanSpeed="1.06" length="5.00" nVehEntered="19"/>
    <interval begin="35900.00" end="36000.00" id="inductionLoop.W4" nVehContrib="12" flow="432.00" occupancy="46.79" speed="7.66" harmonicMeanSpeed="1.38" length="5.00" nVehEntered="13"/>
    <interval begin="36000.00" end="36100.00" id="inductionLoop.W4" nVehContrib="10" flow="360.00" occupancy="68.25" speed="8.12" harmonicMeanSpeed="1.46" length="5.00" nVehEntered="10"/>
    <interval begin="36100.00" end="36200.00" id="inductionLoop.W4" nVehContrib="23" flow="828.00" occupancy="63.01" speed="8.22" harmonicMeanSpeed="1.15" length="5.00" nVehEntered="22"/>
    <interval begin="36200.00" end="36300.00" id="inductionLoop.W4" nVehContrib="17" flow="612.00" occupancy="69.87" speed="9.03" harmonicMeanSpeed="1.22" length="5.00" nVehEntered="17"/>
    <interval begin="36300.00" end="36400.00" id="inductionLoop.W4" nVehContrib="13" flow="468.00" occupancy="65.81" speed="8.17" harmonicMeanSpeed="0.99" length="5.00" nVehEntered="13"/>
    <interval begin="36400.00" end="36500.00" id="inductionLoop.W4" nVehContrib="6" flow="216.00" occupancy="50.98" speed="5.77" harmonicMeanSpeed="0.78" length="5.00" nVehEntered="7"/>
    <interval begin="36500.00" end="36600.00" id="inductionLoop.W4" nVehContrib="13" flow="468.00" occupancy="46.83" speed="6.10" harmonicMeanSpeed="1.10" length="5.00" nVehEntered="12"/>
    <interval begin="36600.00" end="36700.00" id="inductionLoop.W4" nVehContrib="8" flow="288.00" occupancy="34.78" speed="7.09" harmonicMeanSpeed="1.56" length="5.00" nVehEntered="9"/>
    <interval begin="36700.00" end="36800.00" id="inductionLoop.W4" nVehContrib="14" flow="504.00" occupancy="49.66" speed="6.71" harmonicMeanSpeed="1.19" length="5.00" nVehEntered="13"/>
    <interval begin="36800.00" end="36900.00" id="inductionLoop.W4" nVehContrib="15" flow="540.00" occupancy="59.71" speed="8.08" harmonicMeanSpeed="1.52" length="5.00" nVehEntered="16"/>
    <interval begin="36900.00" end="37000.00" id="inductionLoop.W4" nVehContrib="12" flow="432.00" occupancy="73.79" speed="7.54" harmonicMeanSpeed="1.10" length="5.00" nVehEntered="12"/>
    <interval begin="37000.00" end="37100.00" id="inductionLoop.W4" nVehContrib="14" flow="504.00" occupancy="72.94" speed="6.79" harmonicMeanSpeed="0.68" length="5.00" nVehEntered="13"/>
    <interval begin="37100.00" end="37200.00" id="inductionLoop.W4" nVehContrib="18" flow="648.00" occupancy="49.76" speed="8.53" harmonicMeanSpeed="1.81" length="5.00" nVehEntered="18"/>
    <interval begin="37200.00" end="37300.00" id="inductionLoop.W4" nVehContrib="10" flow="360.00" occupancy="57.67" speed="7.27" harmonicMeanSpeed="1.88" length="5.00" nVehEntered="11"/>
    <interval begin="37300.00" end="37400.00" id="inductionLoop.W4" nVehContrib="13" flow="468.00" occupancy="61.04" speed="6.27" harmonicMeanSpeed="0.71" length="5.00" nVehEntered="12"/>
    <interval begin="37400.00" end="37500.00" id="inductionLoop.W4" nVehContrib="13" flow="468.00" occupancy="34.48" speed="7.34" harmonicMeanSpeed="1.89" length="5.00" nVehEntered="13"/>
    <interval begin="37500.00" end="37600.00" id="inductionLoop.W4" nVehContrib="9" flow="324.00" occupancy="37.71" speed="5.90" harmonicMeanSpeed="1.19" length="5.00" nVehEntered="9"/>
    <interval begin="37600.00" end="37700.00" id="inductionLoop.W4" nVehContrib="7" flow="252.00" occupancy="32.44" speed="6.40" harmonicMeanSpeed="1.08" length="5.00" nVehEntered="7"/>
    <interval begin="37700.00" end="37800.00" id="inductionLoop.W4" nVehContrib="7" flow="252.00" occupancy="13.82" speed="5.83" harmonicMeanSpeed="2.97" length="5.00" nVehEntered="8"/>
    <interval begin="37800.00" end="37900.00" id="inductionLoop.W4" nVehContrib="9" flow="324.00" occupancy="53.30" speed="4.77" harmonicMeanSpeed="0.81" length="5.00" nVehEntered="8"/>
    <interval begin="37900.00" end="38000.00" id="inductionLoop.W4" nVehContrib="16" flow="576.00" occupancy="74.41" speed="7.92" harmonicMeanSpeed="1.08" length="5.00" nVehEntered="16"/>
    <interval begin="38000.00" end="38100.00" id="inductionLoop.W4" nVehContrib="14" flow="504.00" occupancy="77.81" speed="9.15" harmonicMeanSpeed="0.90" length="5.00" nVehEntered="14"/>
    <interval begin="38100.00" end="38200.00" id="inductionLoop.W4" nVehContrib="15" flow="540.00" occupancy="75.28" speed="8.70" harmonicMeanSpeed="1.03" length="5.00" nVehEntered="16"/>
    <interval begin="38200.00" end="38300.00" id="inductionLoop.W4" nVehContrib="13" flow="468.00" occupancy="79.27" speed="8.73" harmonicMeanSpeed="0.82" length="5.00" nVehEntered="13"/>
    <interval begin="38300.00" end="38400.00" id="inductionLoop.W4" nVehContrib="12" flow="432.00" occupancy="80.06" speed="8.58" harmonicMeanSpeed="0.84" length="5.00" nVehEntered="12"/>
    <interval begin="38400.00" end="38500.00" id="inductionLoop.W4" nVehContrib="11" flow="396.00" occupancy="81.55" speed="7.73" harmonicMeanSpeed="0.81" length="5.00" nVehEntered="11"/>
    <interval begin="38500.00" end="38600.00" id="inductionLoop.W4" nVehContrib="10" flow="360.00" occupancy="83.26" speed="7.75" harmonicMeanSpeed="0.70" length="5.00" nVehEntered="10"/>
    <interval begin="38600.00" end="38700.00" id="inductionLoop.W4" nVehContrib="12" flow="432.00" occupancy="80.50" speed="8.56" harmonicMeanSpeed="0.85" length="5.00" nVehEntered="12"/>
    <interval begin="38700.00" end="38800.00" id="inductionLoop.W4" nVehContrib="15" flow="540.00" occupancy="67.18" speed="9.88" harmonicMeanSpeed="1.04" length="5.00" nVehEntered="15"/>
    <interval begin="38800.00" end="38900.00" id="inductionLoop.W4" nVehContrib="13" flow="468.00" occupancy="79.00" speed="7.97" harmonicMeanSpeed="0.86" length="5.00" nVehEntered="13"/>
    <interval begin="38900.00" end="39000.00" id="inductionLoop.W4" nVehContrib="15" flow="540.00" occupancy="76.55" speed="9.29" harmonicMeanSpeed="0.96" length="5.00" nVehEntered="15"/>
    <interval begin="39000.00" end="39100.00" id="inductionLoop.W4" nVehContrib="17" flow="612.00" occupancy="73.10" speed="9.93" harmonicMeanSpeed="0.90" length="5.00" nVehEntered="17"/>
    <interval begin="39100.00" end="39200.00" id="inductionLoop.W4" nVehContrib="10" flow="360.00" occupancy="83.91" speed="8.08" harmonicMeanSpeed="0.46" length="5.00" nVehEntered="9"/>
    <interval begin="39200.00" end="39300.00" id="inductionLoop.W4" nVehContrib="9" flow="324.00" occupancy="84.44" speed="11.30" harmonicMeanSpeed="0.53" length="5.00" nVehEntered="9"/>
    <interval begin="39300.00" end="39400.00" id="inductionLoop.W4" nVehContrib="18" flow="648.00" occupancy="73.34" speed="10.34" harmonicMeanSpeed="9.02" length="5.00" nVehEntered="19"/>
    <interval begin="39400.00" end="39500.00" id="inductionLoop.W4" nVehContrib="16" flow="576.00" occupancy="74.40" speed="9.07" harmonicMeanSpeed="0.86" length="5.00" nVehEntered="16"/>
    <interval begin="39500.00" end="39600.00" id="inductionLoop.W4" nVehContrib="16" flow="576.00" occupancy="73.66" speed="9.66" harmonicMeanSpeed="0.98" length="5.00" nVehEntered="16"/>
    <interval begin="39600.00" end="39700.00" id="inductionLoop.W4" nVehContrib="17" flow="612.00" occupancy="73.35" speed="9.39" harmonicMeanSpeed="1.06" length="5.00" nVehEntered="17"/>
    <interval begin="39700.00" end="39800.00" id="inductionLoop.W4" nVehContrib="17" flow="612.00" occupancy="73.43" speed="9.48" harmonicMeanSpeed="1.05" length="5.00" nVehEntered="17"/>
    <interval begin="39800.00" end="39900.00" id="inductionLoop.W4" nVehContrib="12" flow="432.00" occupancy="80.73" speed="8.76" harmonicMeanSpeed="0.58" length="5.00" nVehEntered="11"/>
    <interval begin="39900.00" end="40000.00" id="inductionLoop.W4" nVehContrib="15" flow="540.00" occupancy="74.91" speed="9.10" harmonicMeanSpeed="1.00" length="5.00" nVehEntered="15"/>
    <interval begin="40000.00" end="40100.00" id="inductionLoop.W4" nVehContrib="13" flow="468.00" occupancy="77.95" speed="8.65" harmonicMeanSpeed="0.93" length="5.00" nVehEntered="14"/>
    <interval begin="40100.00" end="40200.00" id="inductionLoop.W4" nVehContrib="13" flow="468.00" occupancy="79.04" speed="8.83" harmonicMeanSpeed="0.81" length="5.00" nVehEntered="13"/>
    <interval begin="40200.00" end="40300.00" id="inductionLoop.W4" nVehContrib="9" flow="324.00" occupancy="84.16" speed="7.56" harmonicMeanSpeed="0.50" length="5.00" nVehEntered="9"/>
    <interval begin="40300.00" end="40400.00" id="inductionLoop.W4" nVehContrib="16" flow="576.00" occupancy="75.90" speed="8.76" harmonicMeanSpeed="1.05" length="5.00" nVehEntered="15"/>
    <interval begin="40400.00" end="40500.00" id="inductionLoop.W4" nVehContrib="9" flow="324.00" occupancy="83.94" speed="7.68" harmonicMeanSpeed="0.54" length="5.00" nVehEntered="9"/>
    <interval begin="40500.00" end="40600.00" id="inductionLoop.W4" nVehContrib="6" flow="216.00" occupancy="89.45" speed="7.06" harmonicMeanSpeed="0.34" length="5.00" nVehEntered="7"/>
    <interval begin="40600.00" end="40700.00" id="inductionLoop.W4" nVehContrib="12" flow="432.00" occupancy="83.03" speed="8.90" harmonicMeanSpeed="0.72" length="5.00" nVehEntered="11"/>
    <interval begin="40700.00" end="40800.00" id="inductionLoop.W4" nVehContrib="14" flow="504.00" occupancy="76.83" speed="9.82" harmonicMeanSpeed="8.69" length="5.00" nVehEntered="15"/>
    <interval begin="40800.00" end="40900.00" id="inductionLoop.W4" nVehContrib="17" flow="612.00" occupancy="71.90" speed="10.14" harmonicMeanSpeed="0.97" length="5.00" nVehEntered="17"/>
    <interval begin="40900.00" end="41000.00" id="inductionLoop.W4" nVehContrib="14" flow="504.00" occupancy="77.81" speed="8.58" harmonicMeanSpeed="0.74" length="5.00" nVehEntered="14"/>
    <interval begin="41000.00" end="41100.00" id="inductionLoop.W4" nVehContrib="16" flow="576.00" occupancy="74.35" speed="9.24" harmonicMeanSpeed="0.90" length="5.00" nVehEntered="16"/>
    <interval begin="41100.00" end="41200.00" id="inductionLoop.W4" nVehContrib="11" flow="396.00" occupancy="82.25" speed="8.64" harmonicMeanSpeed="0.53" length="5.00" nVehEntered="10"/>
    <interval begin="41200.00" end="41300.00" id="inductionLoop.W4" nVehContrib="8" flow="288.00" occupancy="87.24" speed="11.75" harmonicMeanSpeed="11.12" length="5.00" nVehEntered="9"/>
    <interval begin="41300.00" end="41400.00" id="inductionLoop.W4" nVehContrib="24" flow="864.00" occupancy="64.08" speed="10.54" harmonicMeanSpeed="1.01" length="5.00" nVehEntered="24"/>
    <interval begin="41400.00" end="41500.00" id="inductionLoop.W4" nVehContrib="16" flow="576.00" occupancy="75.40" speed="10.06" harmonicMeanSpeed="0.77" length="5.00" nVehEntered="15"/>
    <interval begin="41500.00" end="41600.00" id="inductionLoop.W4" nVehContrib="7" flow="252.00" occupancy="88.50" speed="12.22" harmonicMeanSpeed="11.73" length="5.00" nVehEntered="8"/>
    <interval begin="41600.00" end="41700.00" id="inductionLoop.W4" nVehContrib="26" flow="936.00" occupancy="59.36" speed="11.29" harmonicMeanSpeed="1.20" length="5.00" nVehEntered="26"/>
    <interval begin="41700.00" end="41800.00" id="inductionLoop.W4" nVehContrib="18" flow="648.00" occupancy="72.71" speed="10.79" harmonicMeanSpeed="0.83" length="5.00" nVehEntered="17"/>
    <interval begin="41800.00" end="41900.00" id="inductionLoop.W4" nVehContrib="2" flow="72.00" occupancy="83.76" speed="13.15" harmonicMeanSpeed="13.13" length="5.00" nVehEntered="3"/>
    <interval begin="41900.00" end="42000.00" id="inductionLoop.W4" nVehContrib="23" flow="828.00" occupancy="64.06" speed="9.55" harmonicMeanSpeed="0.87" length="5.00" nVehEntered="23"/>
    <interval begin="42000.00" end="42100.00" id="inductionLoop.W4" nVehContrib="11" flow="396.00" occupancy="82.12" speed="8.33" harmonicMeanSpeed="0.57" length="5.00" nVehEntered="11"/>
    <interval begin="42100.00" end="42200.00" id="inductionLoop.W4" nVehContrib="4" flow="144.00" occupancy="93.96" speed="11.40" harmonicMeanSpeed="11.02" length="5.00" nVehEntered="4"/>
    <interval begin="42200.00" end="42300.00" id="inductionLoop.W4" nVehContrib="16" flow="576.00" occupancy="74.83" speed="10.02" harmonicMeanSpeed="0.79" length="5.00" nVehEntered="16"/>
    <interval begin="42300.00" end="42400.00" id="inductionLoop.W4" nVehContrib="17" flow="612.00" occupancy="73.86" speed="9.61" harmonicMeanSpeed="0.83" length="5.00" nVehEntered="17"/>
    <interval begin="42400.00" end="42500.00" id="inductionLoop.W4" nVehContrib="8" flow="288.00" occupancy="86.39" speed="6.67" harmonicMeanSpeed="0.32" length="5.00" nVehEntered="7"/>
    <interval begin="42500.00" end="42600.00" id="inductionLoop.W4" nVehContrib="5" flow="180.00" occupancy="92.35" speed="11.10" harmonicMeanSpeed="10.77" length="5.00" nVehEntered="6"/>
    <interval begin="42600.00" end="42700.00" id="inductionLoop.W4" nVehContrib="5" flow="180.00" occupancy="67.77" speed="5.08" harmonicMeanSpeed="0.16" length="5.00" nVehEntered="4"/>
    <interval begin="42700.00" end="42800.00" id="inductionLoop.W4" nVehContrib="0" flow="0.00" occupancy="0.00" speed="-1.00" harmonicMeanSpeed="-1.00" length="-1.00" nVehEntered="0"/>
    <interval begin="42800.00" end="42900.00" id="inductionLoop.W4" nVehContrib="0" flow="0.00" occupancy="0.00" speed="-1.00" harmonicMeanSpeed="-1.00" length="-1.00" nVehEntered="0"/>
    <interval begin="42900.00" end="43000.00" id="inductionLoop.W4" nVehContrib="0" flow="0.00" occupancy="0.00" speed="-1.00" harmonicMeanSpeed="-1.00" length="-1.00" nVehEntered="0"/>
    <interval begin="43000.00" end="43100.00" id="inductionLoop.W4" nVehContrib="0" flow="0.00" occupancy="0.00" speed="-1.00" harmonicMeanSpeed="-1.00" length="-1.00" nVehEntered="0"/>
    <interval begin="43100.00" end="43200.00" id="inductionLoop.W4" nVehContrib="0" flow="0.00" occupancy="0.00" speed="-1.00" harmonicMeanSpeed="-1.00" length="-1.00" nVehEntered="0"/>
    <interval begin="43200.00" end="43300.00" id="inductionLoop.W4" nVehContrib="0" flow="0.00" occupancy="0.00" speed="-1.00" harmonicMeanSpeed="-1.00" length="-1.00" nVehEntered="0"/>
    <interval begin="43300.00" end="43400.00" id="inductionLoop.W4" nVehContrib="1" flow="36.00" occupancy="34.31" speed="3.28" harmonicMeanSpeed="3.28" length="5.00" nVehEntered="2"/>
    <interval begin="43400.00" end="43500.00" id="inductionLoop.W4" nVehContrib="10" flow="360.00" occupancy="62.31" speed="8.06" harmonicMeanSpeed="0.53" length="5.00" nVehEntered="9"/>
    <interval begin="43500.00" end="43600.00" id="inductionLoop.W4" nVehContrib="1" flow="36.00" occupancy="60.95" speed="4.30" harmonicMeanSpeed="4.30" length="5.00" nVehEntered="2"/>
    <interval begin="43600.00" end="43700.00" id="inductionLoop.W4" nVehContrib="22" flow="792.00" occupancy="59.06" speed="10.42" harmonicMeanSpeed="1.06" length="5.00" nVehEntered="22"/>
    <interval begin="43700.00" end="43800.00" id="inductionLoop.W4" nVehContrib="8" flow="288.00" occupancy="87.98" speed="7.40" harmonicMeanSpeed="0.39" length="5.00" nVehEntered="7"/>
    <interval begin="43800.00" end="43900.00" id="inductionLoop.W4" nVehContrib="12" flow="432.00" occupancy="80.71" speed="12.83" harmonicMeanSpeed="12.41" length="5.00" nVehEntered="13"/>
    <interval begin="43900.00" end="44000.00" id="inductionLoop.W4" nVehContrib="22" flow="792.00" occupancy="65.49" speed="10.11" harmonicMeanSpeed="0.78" length="5.00" nVehEntered="22"/>
    <interval begin="44000.00" end="44100.00" id="inductionLoop.W4" nVehContrib="1" flow="36.00" occupancy="98.28" speed="6.98" harmonicMeanSpeed="6.98" length="5.00" nVehEntered="1"/>
    <interval begin="44100.00" end="44200.00" id="inductionLoop.W4" nVehContrib="18" flow="648.00" occupancy="70.82" speed="9.85" harmonicMeanSpeed="0.79" length="5.00" nVehEntered="18"/>
    <interval begin="44200.00" end="44300.00" id="inductionLoop.W4" nVehContrib="18" flow="648.00" occupancy="71.83" speed="9.68" harmonicMeanSpeed="0.87" length="5.00" nVehEntered="18"/>
    <interval begin="44300.00" end="44400.00" id="inductionLoop.W4" nVehContrib="7" flow="252.00" occupancy="87.56" speed="6.44" harmonicMeanSpeed="0.32" length="5.00" nVehEntered="7"/>
    <interval begin="44400.00" end="44500.00" id="inductionLoop.W4" nVehContrib="14" flow="504.00" occupancy="79.53" speed="12.42" harmonicMeanSpeed="12.11" length="5.00" nVehEntered="14"/>
    <interval begin="44500.00" end="44600.00" id="inductionLoop.W4" nVehContrib="20" flow="720.00" occupancy="69.44" speed="10.14" harmonicMeanSpeed="0.93" length="5.00" nVehEntered="20"/>
    <interval begin="44600.00" end="44700.00" id="inductionLoop.W4" nVehContrib="5" flow="180.00" occupancy="89.81" speed="5.24" harmonicMeanSpeed="0.20" length="5.00" nVehEntered="4"/>
    <interval begin="44700.00" end="44800.00" id="inductionLoop.W4" nVehContrib="24" flow="864.00" occupancy="64.37" speed="12.48" harmonicMeanSpeed="12.26" length="5.00" nVehEntered="25"/>
    <interval begin="44800.00" end="44900.00" id="inductionLoop.W4" nVehContrib="23" flow="828.00" occupancy="64.24" speed="10.85" harmonicMeanSpeed="0.98" length="5.00" nVehEntered="23"/>
    <interval begin="44900.00" end="45000.00" id="inductionLoop.W4" nVehContrib="0" flow="0.00" occupancy="100.00" speed="-1.00" harmonicMeanSpeed="-1.00" length="-1.00" nVehEntered="0"/>
    <interval begin="45000.00" end="45100.00" id="inductionLoop.W4" nVehContrib="31" flow="1116.00" occupancy="54.62" speed="9.80" harmonicMeanSpeed="1.00" length="5.00" nVehEntered="31"/>
    <interval begin="45100.00" end="45200.00" id="inductionLoop.W4" nVehContrib="0" flow="0.00" occupancy="100.00" speed="-1.00" harmonicMeanSpeed="-1.00" length="-1.00" nVehEntered="0"/>
    <interval begin="45200.00" end="45300.00" id="inductionLoop.W4" nVehContrib="32" flow="1152.00" occupancy="52.07" speed="11.46" harmonicMeanSpeed="1.06" length="5.00" nVehEntered="32"/>
    <interval begin="45300.00" end="45400.00" id="inductionLoop.W4" nVehContrib="7" flow="252.00" occupancy="89.12" speed="6.78" harmonicMeanSpeed="0.38" length="5.00" nVehEntered="6"/>
    <interval begin="45400.00" end="45500.00" id="inductionLoop.W4" nVehContrib="22" flow="792.00" occupancy="66.70" speed="12.96" harmonicMeanSpeed="12.73" length="5.00" nVehEntered="23"/>
    <interval begin="45500.00" end="45600.00" id="inductionLoop.W4" nVehContrib="20" flow="720.00" occupancy="66.64" speed="10.49" harmonicMeanSpeed="0.85" length="5.00" nVehEntered="20"/>
    <interval begin="45600.00" end="45700.00" id="inductionLoop.W4" nVehContrib="5" flow="180.00" occupancy="91.87" speed="4.88" harmonicMeanSpeed="0.25" length="5.00" nVehEntered="4"/>
    <interval begin="45700.00" end="45800.00" id="inductionLoop.W4" nVehContrib="12" flow="432.00" occupancy="81.57" speed="11.69" harmonicMeanSpeed="11.19" length="5.00" nVehEntered="13"/>
    <interval begin="45800.00" end="45900.00" id="inductionLoop.W4" nVehContrib="24" flow="864.00" occupancy="63.55" speed="10.55" harmonicMeanSpeed="0.89" length="5.00" nVehEntered="24"/>
    <interval begin="45900.00" end="46000.00" id="inductionLoop.W4" nVehContrib="0" flow="0.00" occupancy="100.00" speed="-1.00" harmonicMeanSpeed="-1.00" length="-1.00" nVehEntered="0"/>
    <interval begin="46000.00" end="46100.00" id="inductionLoop.W4" nVehContrib="30" flow="1080.00" occupancy="53.78" speed="10.29" harmonicMeanSpeed="0.96" length="5.00" nVehEntered="30"/>
    <interval begin="46100.00" end="46200.00" id="inductionLoop.W4" nVehContrib="0" flow="0.00" occupancy="100.00" speed="-1.00" harmonicMeanSpeed="-1.00" length="-1.00" nVehEntered="0"/>
    <interval begin="46200.00" end="46300.00" id="inductionLoop.W4" nVehContrib="23" flow="828.00" occupancy="63.79" speed="10.80" harmonicMeanSpeed="0.93" length="5.00" nVehEntered="23"/>
    <interval begin="46300.00" end="46400.00" id="inductionLoop.W4" nVehContrib="22" flow="792.00" occupancy="67.49" speed="10.63" harmonicMeanSpeed="1.00" length="5.00" nVehEntered="21"/>
    <interval begin="46400.00" end="46500.00" id="inductionLoop.W4" nVehContrib="0" flow="0.00" occupancy="99.07" speed="-1.00" harmonicMeanSpeed="-1.00" length="-1.00" nVehEntered="1"/>
    <interval begin="46500.00" end="46600.00" id="inductionLoop.W4" nVehContrib="28" flow="1008.00" occupancy="58.61" speed="11.05" harmonicMeanSpeed="0.89" length="5.00" nVehEntered="27"/>
    <interval begin="46600.00" end="46700.00" id="inductionLoop.W4" nVehContrib="4" flow="144.00" occupancy="94.35" speed="5.27" harmonicMeanSpeed="0.21" length="5.00" nVehEntered="4"/>
    <interval begin="46700.00" end="46800.00" id="inductionLoop.W4" nVehContrib="18" flow="648.00" occupancy="71.93" speed="11.18" harmonicMeanSpeed="10.41" length="5.00" nVehEntered="19"/>
    <interval begin="46800.00" end="46900.00" id="inductionLoop.W4" nVehContrib="18" flow="648.00" occupancy="71.31" speed="9.93" harmonicMeanSpeed="0.80" length="5.00" nVehEntered="18"/>
    <interval begin="46900.00" end="47000.00" id="inductionLoop.W4" nVehContrib="19" flow="684.00" occupancy="70.70" speed="10.04" harmonicMeanSpeed="1.07" length="5.00" nVehEntered="19"/>
    <interval begin="47000.00" end="47100.00" id="inductionLoop.W4" nVehContrib="0" flow="0.00" occupancy="100.00" speed="-1.00" harmonicMeanSpeed="-1.00" length="-1.00" nVehEntered="0"/>
    <interval begin="47100.00" end="47200.00" id="inductionLoop.W4" nVehContrib="24" flow="864.00" occupancy="62.29" speed="11.10" harmonicMeanSpeed="0.99" length="5.00" nVehEntered="24"/>
    <interval begin="47200.00" end="47300.00" id="inductionLoop.W4" nVehContrib="24" flow="864.00" occupancy="63.43" speed="11.19" harmonicMeanSpeed="1.23" length="5.00" nVehEntered="24"/>
    <interval begin="47300.00" end="47400.00" id="inductionLoop.W4" nVehContrib="7" flow="252.00" occupancy="87.88" speed="6.53" harmonicMeanSpeed="0.36" length="5.00" nVehEntered="6"/>
    <interval begin="47400.00" end="47500.00" id="inductionLoop.W4" nVehContrib="15" flow="540.00" occupancy="78.05" speed="13.02" harmonicMeanSpeed="12.68" length="5.00" nVehEntered="16"/>
    <interval begin="47500.00" end="47600.00" id="inductionLoop.W4" nVehContrib="23" flow="828.00" occupancy="64.67" speed="10.31" harmonicMeanSpeed="1.13" length="5.00" nVehEntered="23"/>
    <interval begin="47600.00" end="47700.00" id="inductionLoop.W4" nVehContrib="14" flow="504.00" occupancy="78.72" speed="9.69" harmonicMeanSpeed="0.61" length="5.00" nVehEntered="13"/>
    <interval begin="47700.00" end="47800.00" id="inductionLoop.W4" nVehContrib="6" flow="216.00" occupancy="89.24" speed="12.07" harmonicMeanSpeed="11.60" length="5.00" nVehEntered="7"/>
    <interval begin="47800.00" end="47900.00" id="inductionLoop.W4" nVehContrib="22" flow="792.00" occupancy="66.63" speed="10.14" harmonicMeanSpeed="0.76" length="5.00" nVehEntered="22"/>
    <interval begin="47900.00" end="48000.00" id="inductionLoop.W4" nVehContrib="0" flow="0.00" occupancy="100.00" speed="-1.00" harmonicMeanSpeed="-1.00" length="-1.00" nVehEntered="0"/>
    <interval begin="48000.00" end="48100.00" id="inductionLoop.W4" nVehContrib="8" flow="288.00" occupancy="87.03" speed="7.01" harmonicMeanSpeed="0.21" length="5.00" nVehEntered="7"/>
    <interval begin="48100.00" end="48200.00" id="inductionLoop.W4" nVehContrib="32" flow="1152.00" occupancy="53.52" speed="11.21" harmonicMeanSpeed="11.11" length="5.00" nVehEntered="33"/>
    <interval begin="48200.00" end="48300.00" id="inductionLoop.W4" nVehContrib="0" flow="0.00" occupancy="100.00" speed="-1.00" harmonicMeanSpeed="-1.00" length="-1.00" nVehEntered="0"/>
    <interval begin="48300.00" end="48400.00" id="inductionLoop.W4" nVehContrib="32" flow="1152.00" occupancy="50.02" speed="11.23" harmonicMeanSpeed="1.00" length="5.00" nVehEntered="32"/>
    <interval begin="48400.00" end="48500.00" id="inductionLoop.W4" nVehContrib="1" flow="36.00" occupancy="99.36" speed="0.04" harmonicMeanSpeed="0.04" length="5.00" nVehEntered="0"/>
    <interval begin="48500.00" end="48600.00" id="inductionLoop.W4" nVehContrib="28" flow="1008.00" occupancy="57.33" speed="11.52" harmonicMeanSpeed="10.51" length="5.00" nVehEntered="29"/>
    <interval begin="48600.00" end="48700.00" id="inductionLoop.W4" nVehContrib="0" flow="0.00" occupancy="100.00" speed="-1.00" harmonicMeanSpeed="-1.00" length="-1.00" nVehEntered="0"/>
    <interval begin="48700.00" end="48800.00" id="inductionLoop.W4" nVehContrib="31" flow="1116.00" occupancy="54.32" speed="10.16" harmonicMeanSpeed="0.89" length="5.00" nVehEntered="31"/>
    <interval begin="48800.00" end="48900.00" id="inductionLoop.W4" nVehContrib="0" flow="0.00" occupancy="100.00" speed="-1.00" harmonicMeanSpeed="-1.00" length="-1.00" nVehEntered="0"/>
    <interval begin="48900.00" end="49000.00" id="inductionLoop.W4" nVehContrib="26" flow="936.00" occupancy="61.21" speed="11.19" harmonicMeanSpeed="0.70" length="5.00" nVehEntered="25"/>
    <interval begin="49000.00" end="49100.00" id="inductionLoop.W4" nVehContrib="0" flow="0.00" occupancy="98.52" speed="-1.00" harmonicMeanSpeed="-1.00" length="-1.00" nVehEntered="1"/>
    <interval begin="49100.00" end="49200.00" id="inductionLoop.W4" nVehContrib="14" flow="504.00" occupancy="78.64" speed="9.46" harmonicMeanSpeed="0.40" length="5.00" nVehEntered="13"/>
    <interval begin="49200.00" end="49300.00" id="inductionLoop.W4" nVehContrib="21" flow="756.00" occupancy="68.22" speed="12.36" harmonicMeanSpeed="12.17" length="5.00" nVehEntered="22"/>
    <interval begin="49300.00" end="49400.00" id="inductionLoop.W4" nVehContrib="0" flow="0.00" occupancy="100.00" speed="-1.00" harmonicMeanSpeed="-1.00" length="-1.00" nVehEntered="0"/>
    <interval begin="49400.00" end="49500.00" id="inductionLoop.W4" nVehContrib="33" flow="1188.00" occupancy="47.33" speed="11.58" harmonicMeanSpeed="0.89" length="5.00" nVehEntered="33"/>
    <interval begin="49500.00" end="49600.00" id="inductionLoop.W4" nVehContrib="0" flow="0.00" occupancy="100.00" speed="-1.00" harmonicMeanSpeed="-1.00" length="-1.00" nVehEntered="0"/>
    <interval begin="49600.00" end="49700.00" id="inductionLoop.W4" nVehContrib="34" flow="1224.00" occupancy="45.64" speed="11.27" harmonicMeanSpeed="1.05" length="5.00" nVehEntered="34"/>
    <interval begin="49700.00" end="49800.00" id="inductionLoop.W4" nVehContrib="0" flow="0.00" occupancy="100.00" speed="-1.00" harmonicMeanSpeed="-1.00" length="-1.00" nVehEntered="0"/>
    <interval begin="49800.00" end="49900.00" id="inductionLoop.W4" nVehContrib="10" flow="360.00" occupancy="84.71" speed="8.51" harmonicMeanSpeed="0.26" length="5.00" nVehEntered="9"/>
    <interval begin="49900.00" end="50000.00" id="inductionLoop.W4" nVehContrib="23" flow="828.00" occupancy="66.00" speed="13.01" harmonicMeanSpeed="12.81" length="5.00" nVehEntered="24"/>
    <interval begin="50000.00" end="50004.00" id="inductionLoop.W4" nVehContrib="0" flow="0.00" occupancy="100.00" speed="-1.00" harmonicMeanSpeed="-1.00" length="-1.00" nVehEntered="0"/>
</detector>
