<?xml version="1.0" encoding="UTF-8"?>

<!-- generated on 2023-07-30 20:15:40 by Eclipse SUMO sumo Version 1.12.0
<configuration xmlns:xsi="http://www.w3.org/2001/XMLSchema-instance" xsi:noNamespaceSchemaLocation="http://sumo.dlr.de/xsd/sumoConfiguration.xsd">

    <input>
        <net-file value="Data0-24/intersection.net.xml"/>
        <route-files value="Data0-24/intersection.rou.xml"/>
        <additional-files value="Data0-24/intersection.det.xml"/>
    </input>

    <output>
        <tripinfo-output value="Data0-24/tripinfo.xml"/>
    </output>

    <time>
        <begin value="0"/>
    </time>

    <processing>
        <time-to-teleport value="-1"/>
        <waiting-time-memory value="60000"/>
    </processing>

    <report>
        <verbose value="true"/>
        <no-step-log value="true"/>
    </report>

    <emissions>
        <device.emissions.probability value="1"/>
    </emissions>

    <traci_server>
        <remote-port value="47467"/>
    </traci_server>

    <gui_only>
        <gui-settings-file value="Data0-24/intersection.settings.xml"/>
    </gui_only>

</configuration>
-->

<detector xmlns:xsi="http://www.w3.org/2001/XMLSchema-instance" xsi:noNamespaceSchemaLocation="http://sumo.dlr.de/xsd/det_e1_file.xsd">
    <interval begin="0.00" end="100.00" id="inductionLoop.S1" nVehContrib="5" flow="180.00" occupancy="9.36" speed="10.75" harmonicMeanSpeed="10.05" length="5.00" nVehEntered="8"/>
    <interval begin="100.00" end="200.00" id="inductionLoop.S1" nVehContrib="14" flow="504.00" occupancy="19.30" speed="9.64" harmonicMeanSpeed="3.26" length="5.00" nVehEntered="14"/>
    <interval begin="200.00" end="300.00" id="inductionLoop.S1" nVehContrib="10" flow="360.00" occupancy="9.96" speed="8.07" harmonicMeanSpeed="5.04" length="5.00" nVehEntered="11"/>
    <interval begin="300.00" end="400.00" id="inductionLoop.S1" nVehContrib="11" flow="396.00" occupancy="28.44" speed="6.77" harmonicMeanSpeed="1.96" length="5.00" nVehEntered="12"/>
    <interval begin="400.00" end="500.00" id="inductionLoop.S1" nVehContrib="6" flow="216.00" occupancy="70.63" speed="5.18" harmonicMeanSpeed="0.42" length="5.00" nVehEntered="6"/>
    <interval begin="500.00" end="600.00" id="inductionLoop.S1" nVehContrib="13" flow="468.00" occupancy="74.24" speed="4.13" harmonicMeanSpeed="0.95" length="5.00" nVehEntered="14"/>
    <interval begin="600.00" end="700.00" id="inductionLoop.S1" nVehContrib="9" flow="324.00" occupancy="82.52" speed="3.95" harmonicMeanSpeed="0.51" length="5.00" nVehEntered="9"/>
    <interval begin="700.00" end="800.00" id="inductionLoop.S1" nVehContrib="14" flow="504.00" occupancy="66.53" speed="5.59" harmonicMeanSpeed="1.11" length="5.00" nVehEntered="14"/>
    <interval begin="800.00" end="900.00" id="inductionLoop.S1" nVehContrib="13" flow="468.00" occupancy="74.18" speed="5.07" harmonicMeanSpeed="0.83" length="5.00" nVehEntered="12"/>
    <interval begin="900.00" end="1000.00" id="inductionLoop.S1" nVehContrib="8" flow="288.00" occupancy="19.54" speed="8.16" harmonicMeanSpeed="3.23" length="5.00" nVehEntered="10"/>
    <interval begin="1000.00" end="1100.00" id="inductionLoop.S1" nVehContrib="13" flow="468.00" occupancy="52.19" speed="6.68" harmonicMeanSpeed="1.10" length="5.00" nVehEntered="12"/>
    <interval begin="1100.00" end="1200.00" id="inductionLoop.S1" nVehContrib="11" flow="396.00" occupancy="32.25" speed="6.54" harmonicMeanSpeed="1.74" length="5.00" nVehEntered="13"/>
    <interval begin="1200.00" end="1300.00" id="inductionLoop.S1" nVehContrib="11" flow="396.00" occupancy="19.65" speed="8.96" harmonicMeanSpeed="2.84" length="5.00" nVehEntered="12"/>
    <interval begin="1300.00" end="1400.00" id="inductionLoop.S1" nVehContrib="10" flow="360.00" occupancy="22.15" speed="7.73" harmonicMeanSpeed="2.26" length="5.00" nVehEntered="10"/>
    <interval begin="1400.00" end="1500.00" id="inductionLoop.S1" nVehContrib="8" flow="288.00" occupancy="4.42" speed="10.12" harmonicMeanSpeed="9.05" length="5.00" nVehEntered="8"/>
    <interval begin="1500.00" end="1600.00" id="inductionLoop.S1" nVehContrib="10" flow="360.00" occupancy="15.05" speed="9.20" harmonicMeanSpeed="5.25" length="5.00" nVehEntered="12"/>
    <interval begin="1600.00" end="1700.00" id="inductionLoop.S1" nVehContrib="10" flow="360.00" occupancy="38.51" speed="6.53" harmonicMeanSpeed="1.19" length="5.00" nVehEntered="9"/>
    <interval begin="1700.00" end="1800.00" id="inductionLoop.S1" nVehContrib="9" flow="324.00" occupancy="40.86" speed="4.56" harmonicMeanSpeed="1.57" length="5.00" nVehEntered="10"/>
    <interval begin="1800.00" end="1900.00" id="inductionLoop.S1" nVehContrib="8" flow="288.00" occupancy="17.65" speed="7.81" harmonicMeanSpeed="6.50" length="5.00" nVehEntered="10"/>
    <interval begin="1900.00" end="2000.00" id="inductionLoop.S1" nVehContrib="11" flow="396.00" occupancy="46.41" speed="5.41" harmonicMeanSpeed="1.09" length="5.00" nVehEntered="13"/>
    <interval begin="2000.00" end="2100.00" id="inductionLoop.S1" nVehContrib="5" flow="180.00" occupancy="2.59" speed="10.52" harmonicMeanSpeed="10.32" length="5.00" nVehEntered="6"/>
    <interval begin="2100.00" end="2200.00" id="inductionLoop.S1" nVehContrib="12" flow="432.00" occupancy="25.20" speed="6.67" harmonicMeanSpeed="2.37" length="5.00" nVehEntered="11"/>
    <interval begin="2200.00" end="2300.00" id="inductionLoop.S1" nVehContrib="12" flow="432.00" occupancy="17.22" speed="6.45" harmonicMeanSpeed="3.84" length="5.00" nVehEntered="14"/>
    <interval begin="2300.00" end="2400.00" id="inductionLoop.S1" nVehContrib="9" flow="324.00" occupancy="15.05" speed="8.72" harmonicMeanSpeed="4.49" length="5.00" nVehEntered="11"/>
    <interval begin="2400.00" end="2500.00" id="inductionLoop.S1" nVehContrib="10" flow="360.00" occupancy="45.86" speed="5.33" harmonicMeanSpeed="1.44" length="5.00" nVehEntered="10"/>
    <interval begin="2500.00" end="2600.00" id="inductionLoop.S1" nVehContrib="11" flow="396.00" occupancy="54.35" speed="4.31" harmonicMeanSpeed="0.79" length="5.00" nVehEntered="11"/>
    <interval begin="2600.00" end="2700.00" id="inductionLoop.S1" nVehContrib="10" flow="360.00" occupancy="7.14" speed="9.14" harmonicMeanSpeed="7.00" length="5.00" nVehEntered="10"/>
    <interval begin="2700.00" end="2800.00" id="inductionLoop.S1" nVehContrib="8" flow="288.00" occupancy="41.96" speed="4.77" harmonicMeanSpeed="1.09" length="5.00" nVehEntered="11"/>
    <interval begin="2800.00" end="2900.00" id="inductionLoop.S1" nVehContrib="10" flow="360.00" occupancy="33.81" speed="7.77" harmonicMeanSpeed="1.57" length="5.00" nVehEntered="10"/>
    <interval begin="2900.00" end="3000.00" id="inductionLoop.S1" nVehContrib="11" flow="396.00" occupancy="12.56" speed="7.44" harmonicMeanSpeed="4.64" length="5.00" nVehEntered="13"/>
    <interval begin="3000.00" end="3100.00" id="inductionLoop.S1" nVehContrib="8" flow="288.00" occupancy="27.15" speed="5.36" harmonicMeanSpeed="1.64" length="5.00" nVehEntered="11"/>
    <interval begin="3100.00" end="3200.00" id="inductionLoop.S1" nVehContrib="10" flow="360.00" occupancy="29.32" speed="4.99" harmonicMeanSpeed="1.80" length="5.00" nVehEntered="11"/>
    <interval begin="3200.00" end="3300.00" id="inductionLoop.S1" nVehContrib="9" flow="324.00" occupancy="31.27" speed="7.43" harmonicMeanSpeed="1.44" length="5.00" nVehEntered="9"/>
    <interval begin="3300.00" end="3400.00" id="inductionLoop.S1" nVehContrib="14" flow="504.00" occupancy="8.77" speed="9.35" harmonicMeanSpeed="8.17" length="5.00" nVehEntered="15"/>
    <interval begin="3400.00" end="3500.00" id="inductionLoop.S1" nVehContrib="12" flow="432.00" occupancy="14.71" speed="10.44" harmonicMeanSpeed="4.03" length="5.00" nVehEntered="12"/>
    <interval begin="3500.00" end="3600.00" id="inductionLoop.S1" nVehContrib="8" flow="288.00" occupancy="4.65" speed="10.14" harmonicMeanSpeed="9.68" length="5.00" nVehEntered="9"/>
    <interval begin="3600.00" end="3700.00" id="inductionLoop.S1" nVehContrib="11" flow="396.00" occupancy="44.57" speed="5.71" harmonicMeanSpeed="1.76" length="5.00" nVehEntered="15"/>
    <interval begin="3700.00" end="3800.00" id="inductionLoop.S1" nVehContrib="9" flow="324.00" occupancy="13.33" speed="6.72" harmonicMeanSpeed="3.17" length="5.00" nVehEntered="9"/>
    <interval begin="3800.00" end="3900.00" id="inductionLoop.S1" nVehContrib="12" flow="432.00" occupancy="22.32" speed="6.78" harmonicMeanSpeed="2.74" length="5.00" nVehEntered="13"/>
    <interval begin="3900.00" end="4000.00" id="inductionLoop.S1" nVehContrib="13" flow="468.00" occupancy="15.81" speed="8.51" harmonicMeanSpeed="4.80" length="5.00" nVehEntered="15"/>
    <interval begin="4000.00" end="4100.00" id="inductionLoop.S1" nVehContrib="9" flow="324.00" occupancy="5.01" speed="9.43" harmonicMeanSpeed="8.98" length="5.00" nVehEntered="9"/>
    <interval begin="4100.00" end="4200.00" id="inductionLoop.S1" nVehContrib="10" flow="360.00" occupancy="9.69" speed="8.61" harmonicMeanSpeed="7.12" length="5.00" nVehEntered="12"/>
    <interval begin="4200.00" end="4300.00" id="inductionLoop.S1" nVehContrib="10" flow="360.00" occupancy="22.64" speed="7.94" harmonicMeanSpeed="2.51" length="5.00" nVehEntered="11"/>
    <interval begin="4300.00" end="4400.00" id="inductionLoop.S1" nVehContrib="8" flow="288.00" occupancy="6.07" speed="9.26" harmonicMeanSpeed="8.38" length="5.00" nVehEntered="12"/>
    <interval begin="4400.00" end="4500.00" id="inductionLoop.S1" nVehContrib="11" flow="396.00" occupancy="13.35" speed="7.43" harmonicMeanSpeed="4.98" length="5.00" nVehEntered="13"/>
    <interval begin="4500.00" end="4600.00" id="inductionLoop.S1" nVehContrib="8" flow="288.00" occupancy="5.17" speed="9.43" harmonicMeanSpeed="8.08" length="5.00" nVehEntered="9"/>
    <interval begin="4600.00" end="4700.00" id="inductionLoop.S1" nVehContrib="12" flow="432.00" occupancy="15.37" speed="9.01" harmonicMeanSpeed="3.96" length="5.00" nVehEntered="13"/>
    <interval begin="4700.00" end="4800.00" id="inductionLoop.S1" nVehContrib="11" flow="396.00" occupancy="21.50" speed="5.35" harmonicMeanSpeed="2.56" length="5.00" nVehEntered="11"/>
    <interval begin="4800.00" end="4900.00" id="inductionLoop.S1" nVehContrib="14" flow="504.00" occupancy="26.47" speed="6.71" harmonicMeanSpeed="2.82" length="5.00" nVehEntered="15"/>
    <interval begin="4900.00" end="5000.00" id="inductionLoop.S1" nVehContrib="9" flow="324.00" occupancy="7.31" speed="9.90" harmonicMeanSpeed="9.72" length="5.00" nVehEntered="10"/>
    <interval begin="5000.00" end="5100.00" id="inductionLoop.S1" nVehContrib="10" flow="360.00" occupancy="6.19" speed="10.45" harmonicMeanSpeed="5.64" length="5.00" nVehEntered="9"/>
    <interval begin="5100.00" end="5200.00" id="inductionLoop.S1" nVehContrib="14" flow="504.00" occupancy="10.81" speed="8.94" harmonicMeanSpeed="6.60" length="5.00" nVehEntered="15"/>
    <interval begin="5200.00" end="5300.00" id="inductionLoop.S1" nVehContrib="13" flow="468.00" occupancy="42.99" speed="6.99" harmonicMeanSpeed="1.51" length="5.00" nVehEntered="13"/>
    <interval begin="5300.00" end="5400.00" id="inductionLoop.S1" nVehContrib="10" flow="360.00" occupancy="23.13" speed="8.95" harmonicMeanSpeed="2.28" length="5.00" nVehEntered="13"/>
    <interval begin="5400.00" end="5500.00" id="inductionLoop.S1" nVehContrib="13" flow="468.00" occupancy="11.24" speed="8.58" harmonicMeanSpeed="5.79" length="5.00" nVehEntered="13"/>
    <interval begin="5500.00" end="5600.00" id="inductionLoop.S1" nVehContrib="10" flow="360.00" occupancy="4.55" speed="11.17" harmonicMeanSpeed="11.00" length="5.00" nVehEntered="10"/>
    <interval begin="5600.00" end="5700.00" id="inductionLoop.S1" nVehContrib="6" flow="216.00" occupancy="13.07" speed="7.51" harmonicMeanSpeed="2.36" length="5.00" nVehEntered="7"/>
    <interval begin="5700.00" end="5800.00" id="inductionLoop.S1" nVehContrib="7" flow="252.00" occupancy="3.89" speed="10.31" harmonicMeanSpeed="8.91" length="5.00" nVehEntered="7"/>
    <interval begin="5800.00" end="5900.00" id="inductionLoop.S1" nVehContrib="8" flow="288.00" occupancy="3.85" speed="10.74" harmonicMeanSpeed="10.39" length="5.00" nVehEntered="8"/>
    <interval begin="5900.00" end="6000.00" id="inductionLoop.S1" nVehContrib="5" flow="180.00" occupancy="4.75" speed="8.17" harmonicMeanSpeed="5.61" length="5.00" nVehEntered="6"/>
    <interval begin="6000.00" end="6100.00" id="inductionLoop.S1" nVehContrib="13" flow="468.00" occupancy="8.04" speed="9.90" harmonicMeanSpeed="8.08" length="5.00" nVehEntered="13"/>
    <interval begin="6100.00" end="6200.00" id="inductionLoop.S1" nVehContrib="9" flow="324.00" occupancy="5.96" speed="9.36" harmonicMeanSpeed="7.78" length="5.00" nVehEntered="10"/>
    <interval begin="6200.00" end="6300.00" id="inductionLoop.S1" nVehContrib="9" flow="324.00" occupancy="29.30" speed="6.74" harmonicMeanSpeed="2.74" length="5.00" nVehEntered="10"/>
    <interval begin="6300.00" end="6400.00" id="inductionLoop.S1" nVehContrib="12" flow="432.00" occupancy="39.30" speed="6.80" harmonicMeanSpeed="1.15" length="5.00" nVehEntered="12"/>
    <interval begin="6400.00" end="6500.00" id="inductionLoop.S1" nVehContrib="12" flow="432.00" occupancy="7.45" speed="9.27" harmonicMeanSpeed="8.05" length="5.00" nVehEntered="12"/>
    <interval begin="6500.00" end="6600.00" id="inductionLoop.S1" nVehContrib="10" flow="360.00" occupancy="5.11" speed="10.09" harmonicMeanSpeed="9.78" length="5.00" nVehEntered="10"/>
    <interval begin="6600.00" end="6700.00" id="inductionLoop.S1" nVehContrib="8" flow="288.00" occupancy="4.09" speed="10.65" harmonicMeanSpeed="10.28" length="5.00" nVehEntered="9"/>
    <interval begin="6700.00" end="6800.00" id="inductionLoop.S1" nVehContrib="12" flow="432.00" occupancy="13.52" speed="8.01" harmonicMeanSpeed="4.55" length="5.00" nVehEntered="14"/>
    <interval begin="6800.00" end="6900.00" id="inductionLoop.S1" nVehContrib="14" flow="504.00" occupancy="15.47" speed="9.79" harmonicMeanSpeed="4.52" length="5.00" nVehEntered="14"/>
    <interval begin="6900.00" end="7000.00" id="inductionLoop.S1" nVehContrib="7" flow="252.00" occupancy="3.92" speed="10.43" harmonicMeanSpeed="9.72" length="5.00" nVehEntered="9"/>
    <interval begin="7000.00" end="7100.00" id="inductionLoop.S1" nVehContrib="8" flow="288.00" occupancy="3.58" speed="11.73" harmonicMeanSpeed="11.52" length="5.00" nVehEntered="9"/>
    <interval begin="7100.00" end="7200.00" id="inductionLoop.S1" nVehContrib="8" flow="288.00" occupancy="3.53" speed="11.64" harmonicMeanSpeed="11.34" length="5.00" nVehEntered="8"/>
    <interval begin="7200.00" end="7300.00" id="inductionLoop.S1" nVehContrib="6" flow="216.00" occupancy="4.14" speed="8.27" harmonicMeanSpeed="7.25" length="5.00" nVehEntered="6"/>
    <interval begin="7300.00" end="7400.00" id="inductionLoop.S1" nVehContrib="7" flow="252.00" occupancy="3.09" speed="11.54" harmonicMeanSpeed="11.42" length="5.00" nVehEntered="8"/>
    <interval begin="7400.00" end="7500.00" id="inductionLoop.S1" nVehContrib="8" flow="288.00" occupancy="3.38" speed="11.90" harmonicMeanSpeed="11.84" length="5.00" nVehEntered="8"/>
    <interval begin="7500.00" end="7600.00" id="inductionLoop.S1" nVehContrib="8" flow="288.00" occupancy="3.27" speed="12.38" harmonicMeanSpeed="12.24" length="5.00" nVehEntered="8"/>
    <interval begin="7600.00" end="7700.00" id="inductionLoop.S1" nVehContrib="10" flow="360.00" occupancy="5.89" speed="9.89" harmonicMeanSpeed="8.92" length="5.00" nVehEntered="12"/>
    <interval begin="7700.00" end="7800.00" id="inductionLoop.S1" nVehContrib="10" flow="360.00" occupancy="9.89" speed="7.56" harmonicMeanSpeed="5.05" length="5.00" nVehEntered="10"/>
    <interval begin="7800.00" end="7900.00" id="inductionLoop.S1" nVehContrib="11" flow="396.00" occupancy="5.06" speed="11.03" harmonicMeanSpeed="10.87" length="5.00" nVehEntered="11"/>
    <interval begin="7900.00" end="8000.00" id="inductionLoop.S1" nVehContrib="8" flow="288.00" occupancy="6.08" speed="9.80" harmonicMeanSpeed="6.58" length="5.00" nVehEntered="8"/>
    <interval begin="8000.00" end="8100.00" id="inductionLoop.S1" nVehContrib="11" flow="396.00" occupancy="5.74" speed="10.84" harmonicMeanSpeed="10.42" length="5.00" nVehEntered="12"/>
    <interval begin="8100.00" end="8200.00" id="inductionLoop.S1" nVehContrib="10" flow="360.00" occupancy="12.12" speed="9.40" harmonicMeanSpeed="4.15" length="5.00" nVehEntered="11"/>
    <interval begin="8200.00" end="8300.00" id="inductionLoop.S1" nVehContrib="10" flow="360.00" occupancy="21.82" speed="8.54" harmonicMeanSpeed="2.30" length="5.00" nVehEntered="10"/>
    <interval begin="8300.00" end="8400.00" id="inductionLoop.S1" nVehContrib="10" flow="360.00" occupancy="4.96" speed="10.45" harmonicMeanSpeed="10.09" length="5.00" nVehEntered="10"/>
    <interval begin="8400.00" end="8500.00" id="inductionLoop.S1" nVehContrib="9" flow="324.00" occupancy="10.03" speed="9.28" harmonicMeanSpeed="4.49" length="5.00" nVehEntered="9"/>
    <interval begin="8500.00" end="8600.00" id="inductionLoop.S1" nVehContrib="9" flow="324.00" occupancy="8.30" speed="9.41" harmonicMeanSpeed="8.50" length="5.00" nVehEntered="14"/>
    <interval begin="8600.00" end="8700.00" id="inductionLoop.S1" nVehContrib="13" flow="468.00" occupancy="36.52" speed="5.81" harmonicMeanSpeed="1.73" length="5.00" nVehEntered="13"/>
    <interval begin="8700.00" end="8800.00" id="inductionLoop.S1" nVehContrib="12" flow="432.00" occupancy="10.57" speed="9.44" harmonicMeanSpeed="5.73" length="5.00" nVehEntered="12"/>
    <interval begin="8800.00" end="8900.00" id="inductionLoop.S1" nVehContrib="6" flow="216.00" occupancy="23.57" speed="8.33" harmonicMeanSpeed="2.78" length="5.00" nVehEntered="8"/>
    <interval begin="8900.00" end="9000.00" id="inductionLoop.S1" nVehContrib="11" flow="396.00" occupancy="9.70" speed="9.71" harmonicMeanSpeed="8.62" length="5.00" nVehEntered="14"/>
    <interval begin="9000.00" end="9100.00" id="inductionLoop.S1" nVehContrib="3" flow="108.00" occupancy="19.67" speed="5.23" harmonicMeanSpeed="1.00" length="5.00" nVehEntered="5"/>
    <interval begin="9100.00" end="9200.00" id="inductionLoop.S1" nVehContrib="6" flow="216.00" occupancy="5.25" speed="8.73" harmonicMeanSpeed="7.33" length="5.00" nVehEntered="9"/>
    <interval begin="9200.00" end="9300.00" id="inductionLoop.S1" nVehContrib="9" flow="324.00" occupancy="5.50" speed="9.41" harmonicMeanSpeed="8.18" length="5.00" nVehEntered="9"/>
    <interval begin="9300.00" end="9400.00" id="inductionLoop.S1" nVehContrib="7" flow="252.00" occupancy="4.34" speed="9.82" harmonicMeanSpeed="8.42" length="5.00" nVehEntered="9"/>
    <interval begin="9400.00" end="9500.00" id="inductionLoop.S1" nVehContrib="11" flow="396.00" occupancy="8.26" speed="9.21" harmonicMeanSpeed="6.85" length="5.00" nVehEntered="14"/>
    <interval begin="9500.00" end="9600.00" id="inductionLoop.S1" nVehContrib="8" flow="288.00" occupancy="4.91" speed="9.39" harmonicMeanSpeed="8.15" length="5.00" nVehEntered="8"/>
    <interval begin="9600.00" end="9700.00" id="inductionLoop.S1" nVehContrib="9" flow="324.00" occupancy="5.08" speed="10.52" harmonicMeanSpeed="10.11" length="5.00" nVehEntered="10"/>
    <interval begin="9700.00" end="9800.00" id="inductionLoop.S1" nVehContrib="9" flow="324.00" occupancy="4.45" speed="11.27" harmonicMeanSpeed="11.00" length="5.00" nVehEntered="10"/>
    <interval begin="9800.00" end="9900.00" id="inductionLoop.S1" nVehContrib="5" flow="180.00" occupancy="2.56" speed="11.84" harmonicMeanSpeed="11.38" length="5.00" nVehEntered="6"/>
    <interval begin="9900.00" end="10000.00" id="inductionLoop.S1" nVehContrib="7" flow="252.00" occupancy="4.54" speed="8.88" harmonicMeanSpeed="7.91" length="5.00" nVehEntered="8"/>
    <interval begin="10000.00" end="10100.00" id="inductionLoop.S1" nVehContrib="10" flow="360.00" occupancy="5.83" speed="10.47" harmonicMeanSpeed="8.57" length="5.00" nVehEntered="10"/>
    <interval begin="10100.00" end="10200.00" id="inductionLoop.S1" nVehContrib="9" flow="324.00" occupancy="5.98" speed="10.54" harmonicMeanSpeed="9.01" length="5.00" nVehEntered="10"/>
    <interval begin="10200.00" end="10300.00" id="inductionLoop.S1" nVehContrib="6" flow="216.00" occupancy="3.14" speed="9.94" harmonicMeanSpeed="9.56" length="5.00" nVehEntered="6"/>
    <interval begin="10300.00" end="10400.00" id="inductionLoop.S1" nVehContrib="9" flow="324.00" occupancy="4.37" speed="11.15" harmonicMeanSpeed="10.69" length="5.00" nVehEntered="11"/>
    <interval begin="10400.00" end="10500.00" id="inductionLoop.S1" nVehContrib="4" flow="144.00" occupancy="2.46" speed="10.08" harmonicMeanSpeed="9.64" length="5.00" nVehEntered="6"/>
    <interval begin="10500.00" end="10600.00" id="inductionLoop.S1" nVehContrib="11" flow="396.00" occupancy="8.97" speed="10.65" harmonicMeanSpeed="10.27" length="5.00" nVehEntered="14"/>
    <interval begin="10600.00" end="10700.00" id="inductionLoop.S1" nVehContrib="7" flow="252.00" occupancy="3.79" speed="10.47" harmonicMeanSpeed="10.04" length="5.00" nVehEntered="8"/>
    <interval begin="10700.00" end="10800.00" id="inductionLoop.S1" nVehContrib="7" flow="252.00" occupancy="3.69" speed="10.27" harmonicMeanSpeed="9.50" length="5.00" nVehEntered="7"/>
    <interval begin="10800.00" end="10900.00" id="inductionLoop.S1" nVehContrib="8" flow="288.00" occupancy="6.25" speed="7.68" harmonicMeanSpeed="6.40" length="5.00" nVehEntered="8"/>
    <interval begin="10900.00" end="11000.00" id="inductionLoop.S1" nVehContrib="1" flow="36.00" occupancy="0.37" speed="13.46" harmonicMeanSpeed="13.46" length="5.00" nVehEntered="1"/>
    <interval begin="11000.00" end="11100.00" id="inductionLoop.S1" nVehContrib="5" flow="180.00" occupancy="2.01" speed="12.59" harmonicMeanSpeed="12.44" length="5.00" nVehEntered="5"/>
    <interval begin="11100.00" end="11200.00" id="inductionLoop.S1" nVehContrib="5" flow="180.00" occupancy="2.02" speed="12.52" harmonicMeanSpeed="12.35" length="5.00" nVehEntered="5"/>
    <interval begin="11200.00" end="11300.00" id="inductionLoop.S1" nVehContrib="7" flow="252.00" occupancy="3.36" speed="10.64" harmonicMeanSpeed="10.41" length="5.00" nVehEntered="7"/>
    <interval begin="11300.00" end="11400.00" id="inductionLoop.S1" nVehContrib="7" flow="252.00" occupancy="3.11" speed="12.00" harmonicMeanSpeed="11.82" length="5.00" nVehEntered="8"/>
    <interval begin="11400.00" end="11500.00" id="inductionLoop.S1" nVehContrib="7" flow="252.00" occupancy="5.85" speed="8.76" harmonicMeanSpeed="5.98" length="5.00" nVehEntered="7"/>
    <interval begin="11500.00" end="11600.00" id="inductionLoop.S1" nVehContrib="2" flow="72.00" occupancy="1.53" speed="9.24" harmonicMeanSpeed="6.54" length="5.00" nVehEntered="2"/>
    <interval begin="11600.00" end="11700.00" id="inductionLoop.S1" nVehContrib="6" flow="216.00" occupancy="2.66" speed="11.54" harmonicMeanSpeed="11.29" length="5.00" nVehEntered="6"/>
    <interval begin="11700.00" end="11800.00" id="inductionLoop.S1" nVehContrib="6" flow="216.00" occupancy="21.57" speed="11.15" harmonicMeanSpeed="10.85" length="5.00" nVehEntered="7"/>
    <interval begin="11800.00" end="11900.00" id="inductionLoop.S1" nVehContrib="7" flow="252.00" occupancy="5.56" speed="10.19" harmonicMeanSpeed="1.44" length="5.00" nVehEntered="6"/>
    <interval begin="11900.00" end="12000.00" id="inductionLoop.S1" nVehContrib="5" flow="180.00" occupancy="2.31" speed="12.91" harmonicMeanSpeed="12.88" length="5.00" nVehEntered="6"/>
    <interval begin="12000.00" end="12100.00" id="inductionLoop.S1" nVehContrib="6" flow="216.00" occupancy="2.56" speed="12.20" harmonicMeanSpeed="11.94" length="5.00" nVehEntered="7"/>
    <interval begin="12100.00" end="12200.00" id="inductionLoop.S1" nVehContrib="8" flow="288.00" occupancy="4.20" speed="10.01" harmonicMeanSpeed="9.53" length="5.00" nVehEntered="8"/>
    <interval begin="12200.00" end="12300.00" id="inductionLoop.S1" nVehContrib="4" flow="144.00" occupancy="1.53" speed="13.25" harmonicMeanSpeed="13.10" length="5.00" nVehEntered="4"/>
    <interval begin="12300.00" end="12400.00" id="inductionLoop.S1" nVehContrib="6" flow="216.00" occupancy="2.50" speed="12.32" harmonicMeanSpeed="11.99" length="5.00" nVehEntered="6"/>
    <interval begin="12400.00" end="12500.00" id="inductionLoop.S1" nVehContrib="3" flow="108.00" occupancy="3.24" speed="8.04" harmonicMeanSpeed="6.28" length="5.00" nVehEntered="6"/>
    <interval begin="12500.00" end="12600.00" id="inductionLoop.S1" nVehContrib="8" flow="288.00" occupancy="6.98" speed="9.04" harmonicMeanSpeed="5.90" length="5.00" nVehEntered="9"/>
    <interval begin="12600.00" end="12700.00" id="inductionLoop.S1" nVehContrib="4" flow="144.00" occupancy="2.21" speed="11.01" harmonicMeanSpeed="10.65" length="5.00" nVehEntered="5"/>
    <interval begin="12700.00" end="12800.00" id="inductionLoop.S1" nVehContrib="6" flow="216.00" occupancy="2.57" speed="12.32" harmonicMeanSpeed="12.08" length="5.00" nVehEntered="7"/>
    <interval begin="12800.00" end="12900.00" id="inductionLoop.S1" nVehContrib="4" flow="144.00" occupancy="1.95" speed="11.24" harmonicMeanSpeed="10.76" length="5.00" nVehEntered="5"/>
    <interval begin="12900.00" end="13000.00" id="inductionLoop.S1" nVehContrib="7" flow="252.00" occupancy="2.94" speed="12.03" harmonicMeanSpeed="11.89" length="5.00" nVehEntered="7"/>
    <interval begin="13000.00" end="13100.00" id="inductionLoop.S1" nVehContrib="8" flow="288.00" occupancy="4.83" speed="10.20" harmonicMeanSpeed="8.28" length="5.00" nVehEntered="8"/>
    <interval begin="13100.00" end="13200.00" id="inductionLoop.S1" nVehContrib="3" flow="108.00" occupancy="1.23" speed="12.30" harmonicMeanSpeed="12.24" length="5.00" nVehEntered="3"/>
    <interval begin="13200.00" end="13300.00" id="inductionLoop.S1" nVehContrib="5" flow="180.00" occupancy="5.01" speed="11.55" harmonicMeanSpeed="10.94" length="5.00" nVehEntered="6"/>
    <interval begin="13300.00" end="13400.00" id="inductionLoop.S1" nVehContrib="4" flow="144.00" occupancy="4.18" speed="9.22" harmonicMeanSpeed="2.90" length="5.00" nVehEntered="3"/>
    <interval begin="13400.00" end="13500.00" id="inductionLoop.S1" nVehContrib="4" flow="144.00" occupancy="2.64" speed="8.77" harmonicMeanSpeed="7.58" length="5.00" nVehEntered="4"/>
    <interval begin="13500.00" end="13600.00" id="inductionLoop.S1" nVehContrib="7" flow="252.00" occupancy="3.97" speed="10.22" harmonicMeanSpeed="8.82" length="5.00" nVehEntered="7"/>
    <interval begin="13600.00" end="13700.00" id="inductionLoop.S1" nVehContrib="6" flow="216.00" occupancy="3.30" speed="10.41" harmonicMeanSpeed="9.95" length="5.00" nVehEntered="7"/>
    <interval begin="13700.00" end="13800.00" id="inductionLoop.S1" nVehContrib="5" flow="180.00" occupancy="2.81" speed="10.58" harmonicMeanSpeed="10.29" length="5.00" nVehEntered="6"/>
    <interval begin="13800.00" end="13900.00" id="inductionLoop.S1" nVehContrib="3" flow="108.00" occupancy="10.22" speed="9.60" harmonicMeanSpeed="5.93" length="5.00" nVehEntered="7"/>
    <interval begin="13900.00" end="14000.00" id="inductionLoop.S1" nVehContrib="5" flow="180.00" occupancy="2.14" speed="11.81" harmonicMeanSpeed="11.66" length="5.00" nVehEntered="5"/>
    <interval begin="14000.00" end="14100.00" id="inductionLoop.S1" nVehContrib="1" flow="36.00" occupancy="0.78" speed="10.08" harmonicMeanSpeed="10.08" length="5.00" nVehEntered="2"/>
    <interval begin="14100.00" end="14200.00" id="inductionLoop.S1" nVehContrib="5" flow="180.00" occupancy="2.09" speed="12.03" harmonicMeanSpeed="11.97" length="5.00" nVehEntered="5"/>
    <interval begin="14200.00" end="14300.00" id="inductionLoop.S1" nVehContrib="4" flow="144.00" occupancy="2.30" speed="13.23" harmonicMeanSpeed="13.20" length="5.00" nVehEntered="7"/>
    <interval begin="14300.00" end="14400.00" id="inductionLoop.S1" nVehContrib="6" flow="216.00" occupancy="2.54" speed="11.96" harmonicMeanSpeed="11.81" length="5.00" nVehEntered="6"/>
    <interval begin="14400.00" end="14500.00" id="inductionLoop.S1" nVehContrib="5" flow="180.00" occupancy="2.47" speed="10.37" harmonicMeanSpeed="10.12" length="5.00" nVehEntered="5"/>
    <interval begin="14500.00" end="14600.00" id="inductionLoop.S1" nVehContrib="5" flow="180.00" occupancy="2.24" speed="13.21" harmonicMeanSpeed="13.10" length="5.00" nVehEntered="6"/>
    <interval begin="14600.00" end="14700.00" id="inductionLoop.S1" nVehContrib="5" flow="180.00" occupancy="2.40" speed="10.89" harmonicMeanSpeed="10.42" length="5.00" nVehEntered="5"/>
    <interval begin="14700.00" end="14800.00" id="inductionLoop.S1" nVehContrib="7" flow="252.00" occupancy="3.33" speed="10.84" harmonicMeanSpeed="10.52" length="5.00" nVehEntered="7"/>
    <interval begin="14800.00" end="14900.00" id="inductionLoop.S1" nVehContrib="7" flow="252.00" occupancy="5.60" speed="9.37" harmonicMeanSpeed="7.71" length="5.00" nVehEntered="9"/>
    <interval begin="14900.00" end="15000.00" id="inductionLoop.S1" nVehContrib="4" flow="144.00" occupancy="1.63" speed="12.41" harmonicMeanSpeed="12.27" length="5.00" nVehEntered="4"/>
    <interval begin="15000.00" end="15100.00" id="inductionLoop.S1" nVehContrib="6" flow="216.00" occupancy="7.80" speed="9.38" harmonicMeanSpeed="3.94" length="5.00" nVehEntered="7"/>
    <interval begin="15100.00" end="15200.00" id="inductionLoop.S1" nVehContrib="7" flow="252.00" occupancy="3.16" speed="11.42" harmonicMeanSpeed="11.09" length="5.00" nVehEntered="7"/>
    <interval begin="15200.00" end="15300.00" id="inductionLoop.S1" nVehContrib="9" flow="324.00" occupancy="4.18" speed="11.63" harmonicMeanSpeed="11.43" length="5.00" nVehEntered="10"/>
    <interval begin="15300.00" end="15400.00" id="inductionLoop.S1" nVehContrib="10" flow="360.00" occupancy="23.53" speed="8.52" harmonicMeanSpeed="2.20" length="5.00" nVehEntered="11"/>
    <interval begin="15400.00" end="15500.00" id="inductionLoop.S1" nVehContrib="8" flow="288.00" occupancy="11.07" speed="9.49" harmonicMeanSpeed="3.61" length="5.00" nVehEntered="8"/>
    <interval begin="15500.00" end="15600.00" id="inductionLoop.S1" nVehContrib="7" flow="252.00" occupancy="3.11" speed="11.54" harmonicMeanSpeed="11.26" length="5.00" nVehEntered="7"/>
    <interval begin="15600.00" end="15700.00" id="inductionLoop.S1" nVehContrib="5" flow="180.00" occupancy="3.57" speed="10.05" harmonicMeanSpeed="7.44" length="5.00" nVehEntered="7"/>
    <interval begin="15700.00" end="15800.00" id="inductionLoop.S1" nVehContrib="7" flow="252.00" occupancy="4.19" speed="9.72" harmonicMeanSpeed="9.52" length="5.00" nVehEntered="8"/>
    <interval begin="15800.00" end="15900.00" id="inductionLoop.S1" nVehContrib="6" flow="216.00" occupancy="2.97" speed="10.97" harmonicMeanSpeed="10.89" length="5.00" nVehEntered="7"/>
    <interval begin="15900.00" end="16000.00" id="inductionLoop.S1" nVehContrib="9" flow="324.00" occupancy="13.67" speed="10.24" harmonicMeanSpeed="3.24" length="5.00" nVehEntered="8"/>
    <interval begin="16000.00" end="16100.00" id="inductionLoop.S1" nVehContrib="12" flow="432.00" occupancy="8.50" speed="9.02" harmonicMeanSpeed="7.51" length="5.00" nVehEntered="13"/>
    <interval begin="16100.00" end="16200.00" id="inductionLoop.S1" nVehContrib="6" flow="216.00" occupancy="3.80" speed="9.52" harmonicMeanSpeed="9.22" length="5.00" nVehEntered="8"/>
    <interval begin="16200.00" end="16300.00" id="inductionLoop.S1" nVehContrib="7" flow="252.00" occupancy="3.99" speed="9.85" harmonicMeanSpeed="9.58" length="5.00" nVehEntered="8"/>
    <interval begin="16300.00" end="16400.00" id="inductionLoop.S1" nVehContrib="10" flow="360.00" occupancy="4.95" speed="10.78" harmonicMeanSpeed="10.10" length="5.00" nVehEntered="10"/>
    <interval begin="16400.00" end="16500.00" id="inductionLoop.S1" nVehContrib="6" flow="216.00" occupancy="3.13" speed="10.14" harmonicMeanSpeed="9.57" length="5.00" nVehEntered="6"/>
    <interval begin="16500.00" end="16600.00" id="inductionLoop.S1" nVehContrib="6" flow="216.00" occupancy="3.87" speed="10.14" harmonicMeanSpeed="8.29" length="5.00" nVehEntered="7"/>
    <interval begin="16600.00" end="16700.00" id="inductionLoop.S1" nVehContrib="10" flow="360.00" occupancy="27.39" speed="7.25" harmonicMeanSpeed="2.64" length="5.00" nVehEntered="11"/>
    <interval begin="16700.00" end="16800.00" id="inductionLoop.S1" nVehContrib="6" flow="216.00" occupancy="28.86" speed="7.99" harmonicMeanSpeed="0.80" length="5.00" nVehEntered="5"/>
    <interval begin="16800.00" end="16900.00" id="inductionLoop.S1" nVehContrib="7" flow="252.00" occupancy="20.38" speed="8.44" harmonicMeanSpeed="1.72" length="5.00" nVehEntered="7"/>
    <interval begin="16900.00" end="17000.00" id="inductionLoop.S1" nVehContrib="3" flow="108.00" occupancy="1.28" speed="11.77" harmonicMeanSpeed="11.76" length="5.00" nVehEntered="3"/>
    <interval begin="17000.00" end="17100.00" id="inductionLoop.S1" nVehContrib="4" flow="144.00" occupancy="2.55" speed="9.18" harmonicMeanSpeed="7.85" length="5.00" nVehEntered="4"/>
    <interval begin="17100.00" end="17200.00" id="inductionLoop.S1" nVehContrib="7" flow="252.00" occupancy="5.79" speed="9.37" harmonicMeanSpeed="8.17" length="5.00" nVehEntered="9"/>
    <interval begin="17200.00" end="17300.00" id="inductionLoop.S1" nVehContrib="7" flow="252.00" occupancy="19.95" speed="8.08" harmonicMeanSpeed="1.75" length="5.00" nVehEntered="7"/>
    <interval begin="17300.00" end="17400.00" id="inductionLoop.S1" nVehContrib="5" flow="180.00" occupancy="2.84" speed="10.62" harmonicMeanSpeed="10.14" length="5.00" nVehEntered="6"/>
    <interval begin="17400.00" end="17500.00" id="inductionLoop.S1" nVehContrib="5" flow="180.00" occupancy="4.06" speed="9.74" harmonicMeanSpeed="6.19" length="5.00" nVehEntered="6"/>
    <interval begin="17500.00" end="17600.00" id="inductionLoop.S1" nVehContrib="6" flow="216.00" occupancy="6.26" speed="9.84" harmonicMeanSpeed="7.89" length="5.00" nVehEntered="7"/>
    <interval begin="17600.00" end="17700.00" id="inductionLoop.S1" nVehContrib="9" flow="324.00" occupancy="21.77" speed="6.87" harmonicMeanSpeed="2.15" length="5.00" nVehEntered="11"/>
    <interval begin="17700.00" end="17800.00" id="inductionLoop.S1" nVehContrib="9" flow="324.00" occupancy="6.42" speed="8.87" harmonicMeanSpeed="7.45" length="5.00" nVehEntered="11"/>
    <interval begin="17800.00" end="17900.00" id="inductionLoop.S1" nVehContrib="7" flow="252.00" occupancy="4.15" speed="9.71" harmonicMeanSpeed="8.43" length="5.00" nVehEntered="7"/>
    <interval begin="17900.00" end="18000.00" id="inductionLoop.S1" nVehContrib="4" flow="144.00" occupancy="64.86" speed="1.22" harmonicMeanSpeed="0.31" length="5.00" nVehEntered="4"/>
    <interval begin="18000.00" end="18100.00" id="inductionLoop.S1" nVehContrib="8" flow="288.00" occupancy="4.11" speed="10.62" harmonicMeanSpeed="10.32" length="5.00" nVehEntered="9"/>
    <interval begin="18100.00" end="18200.00" id="inductionLoop.S1" nVehContrib="7" flow="252.00" occupancy="67.54" speed="5.27" harmonicMeanSpeed="0.54" length="5.00" nVehEntered="8"/>
    <interval begin="18200.00" end="18300.00" id="inductionLoop.S1" nVehContrib="6" flow="216.00" occupancy="46.89" speed="4.56" harmonicMeanSpeed="0.77" length="5.00" nVehEntered="8"/>
    <interval begin="18300.00" end="18400.00" id="inductionLoop.S1" nVehContrib="6" flow="216.00" occupancy="57.38" speed="3.44" harmonicMeanSpeed="0.53" length="5.00" nVehEntered="6"/>
    <interval begin="18400.00" end="18500.00" id="inductionLoop.S1" nVehContrib="8" flow="288.00" occupancy="46.82" speed="5.12" harmonicMeanSpeed="0.72" length="5.00" nVehEntered="8"/>
    <interval begin="18500.00" end="18600.00" id="inductionLoop.S1" nVehContrib="8" flow="288.00" occupancy="3.86" speed="10.89" harmonicMeanSpeed="10.37" length="5.00" nVehEntered="8"/>
    <interval begin="18600.00" end="18700.00" id="inductionLoop.S1" nVehContrib="6" flow="216.00" occupancy="4.65" speed="9.04" harmonicMeanSpeed="6.45" length="5.00" nVehEntered="6"/>
    <interval begin="18700.00" end="18800.00" id="inductionLoop.S1" nVehContrib="9" flow="324.00" occupancy="14.23" speed="7.84" harmonicMeanSpeed="3.42" length="5.00" nVehEntered="10"/>
    <interval begin="18800.00" end="18900.00" id="inductionLoop.S1" nVehContrib="5" flow="180.00" occupancy="11.06" speed="7.18" harmonicMeanSpeed="3.07" length="5.00" nVehEntered="6"/>
    <interval begin="18900.00" end="19000.00" id="inductionLoop.S1" nVehContrib="5" flow="180.00" occupancy="20.66" speed="5.94" harmonicMeanSpeed="1.30" length="5.00" nVehEntered="5"/>
    <interval begin="19000.00" end="19100.00" id="inductionLoop.S1" nVehContrib="7" flow="252.00" occupancy="18.65" speed="8.89" harmonicMeanSpeed="1.54" length="5.00" nVehEntered="7"/>
    <interval begin="19100.00" end="19200.00" id="inductionLoop.S1" nVehContrib="6" flow="216.00" occupancy="5.46" speed="8.05" harmonicMeanSpeed="5.84" length="5.00" nVehEntered="7"/>
    <interval begin="19200.00" end="19300.00" id="inductionLoop.S1" nVehContrib="5" flow="180.00" occupancy="19.07" speed="8.85" harmonicMeanSpeed="1.31" length="5.00" nVehEntered="6"/>
    <interval begin="19300.00" end="19400.00" id="inductionLoop.S1" nVehContrib="2" flow="72.00" occupancy="2.60" speed="5.89" harmonicMeanSpeed="5.35" length="5.00" nVehEntered="2"/>
    <interval begin="19400.00" end="19500.00" id="inductionLoop.S1" nVehContrib="7" flow="252.00" occupancy="41.80" speed="6.30" harmonicMeanSpeed="1.07" length="5.00" nVehEntered="8"/>
    <interval begin="19500.00" end="19600.00" id="inductionLoop.S1" nVehContrib="5" flow="180.00" occupancy="75.47" speed="1.63" harmonicMeanSpeed="0.30" length="5.00" nVehEntered="4"/>
    <interval begin="19600.00" end="19700.00" id="inductionLoop.S1" nVehContrib="4" flow="144.00" occupancy="5.52" speed="9.39" harmonicMeanSpeed="8.89" length="5.00" nVehEntered="5"/>
    <interval begin="19700.00" end="19800.00" id="inductionLoop.S1" nVehContrib="10" flow="360.00" occupancy="68.07" speed="5.96" harmonicMeanSpeed="0.73" length="5.00" nVehEntered="10"/>
    <interval begin="19800.00" end="19900.00" id="inductionLoop.S1" nVehContrib="8" flow="288.00" occupancy="52.88" speed="5.31" harmonicMeanSpeed="0.76" length="5.00" nVehEntered="9"/>
    <interval begin="19900.00" end="20000.00" id="inductionLoop.S1" nVehContrib="6" flow="216.00" occupancy="8.40" speed="7.34" harmonicMeanSpeed="4.59" length="5.00" nVehEntered="10"/>
    <interval begin="20000.00" end="20100.00" id="inductionLoop.S1" nVehContrib="6" flow="216.00" occupancy="2.91" speed="11.30" harmonicMeanSpeed="10.74" length="5.00" nVehEntered="7"/>
    <interval begin="20100.00" end="20200.00" id="inductionLoop.S1" nVehContrib="6" flow="216.00" occupancy="20.60" speed="5.80" harmonicMeanSpeed="1.47" length="5.00" nVehEntered="7"/>
    <interval begin="20200.00" end="20300.00" id="inductionLoop.S1" nVehContrib="5" flow="180.00" occupancy="68.42" speed="2.58" harmonicMeanSpeed="0.37" length="5.00" nVehEntered="5"/>
    <interval begin="20300.00" end="20400.00" id="inductionLoop.S1" nVehContrib="8" flow="288.00" occupancy="73.66" speed="4.14" harmonicMeanSpeed="0.67" length="5.00" nVehEntered="10"/>
    <interval begin="20400.00" end="20500.00" id="inductionLoop.S1" nVehContrib="4" flow="144.00" occupancy="65.62" speed="0.44" harmonicMeanSpeed="0.31" length="5.00" nVehEntered="4"/>
    <interval begin="20500.00" end="20600.00" id="inductionLoop.S1" nVehContrib="5" flow="180.00" occupancy="87.68" speed="1.06" harmonicMeanSpeed="0.25" length="5.00" nVehEntered="5"/>
    <interval begin="20600.00" end="20700.00" id="inductionLoop.S1" nVehContrib="13" flow="468.00" occupancy="64.58" speed="4.90" harmonicMeanSpeed="1.04" length="5.00" nVehEntered="13"/>
    <interval begin="20700.00" end="20800.00" id="inductionLoop.S1" nVehContrib="5" flow="180.00" occupancy="85.02" speed="2.11" harmonicMeanSpeed="0.30" length="5.00" nVehEntered="5"/>
    <interval begin="20800.00" end="20900.00" id="inductionLoop.S1" nVehContrib="9" flow="324.00" occupancy="77.77" speed="5.21" harmonicMeanSpeed="0.86" length="5.00" nVehEntered="10"/>
    <interval begin="20900.00" end="21000.00" id="inductionLoop.S1" nVehContrib="12" flow="432.00" occupancy="69.73" speed="3.75" harmonicMeanSpeed="0.63" length="5.00" nVehEntered="11"/>
    <interval begin="21000.00" end="21100.00" id="inductionLoop.S1" nVehContrib="4" flow="144.00" occupancy="74.50" speed="2.71" harmonicMeanSpeed="0.54" length="5.00" nVehEntered="6"/>
    <interval begin="21100.00" end="21200.00" id="inductionLoop.S1" nVehContrib="8" flow="288.00" occupancy="71.51" speed="4.99" harmonicMeanSpeed="0.37" length="5.00" nVehEntered="7"/>
    <interval begin="21200.00" end="21300.00" id="inductionLoop.S1" nVehContrib="6" flow="216.00" occupancy="51.87" speed="2.92" harmonicMeanSpeed="0.76" length="5.00" nVehEntered="8"/>
    <interval begin="21300.00" end="21400.00" id="inductionLoop.S1" nVehContrib="7" flow="252.00" occupancy="59.51" speed="5.63" harmonicMeanSpeed="0.90" length="5.00" nVehEntered="10"/>
    <interval begin="21400.00" end="21500.00" id="inductionLoop.S1" nVehContrib="9" flow="324.00" occupancy="73.54" speed="3.32" harmonicMeanSpeed="0.49" length="5.00" nVehEntered="8"/>
    <interval begin="21500.00" end="21600.00" id="inductionLoop.S1" nVehContrib="4" flow="144.00" occupancy="88.36" speed="1.90" harmonicMeanSpeed="0.34" length="5.00" nVehEntered="5"/>
    <interval begin="21600.00" end="21700.00" id="inductionLoop.S1" nVehContrib="10" flow="360.00" occupancy="80.71" speed="4.84" harmonicMeanSpeed="0.50" length="5.00" nVehEntered="10"/>
    <interval begin="21700.00" end="21800.00" id="inductionLoop.S1" nVehContrib="6" flow="216.00" occupancy="88.12" speed="2.80" harmonicMeanSpeed="0.41" length="5.00" nVehEntered="6"/>
    <interval begin="21800.00" end="21900.00" id="inductionLoop.S1" nVehContrib="6" flow="216.00" occupancy="86.47" speed="2.38" harmonicMeanSpeed="0.29" length="5.00" nVehEntered="6"/>
    <interval begin="21900.00" end="22000.00" id="inductionLoop.S1" nVehContrib="7" flow="252.00" occupancy="85.25" speed="2.81" harmonicMeanSpeed="0.51" length="5.00" nVehEntered="7"/>
    <interval begin="22000.00" end="22100.00" id="inductionLoop.S1" nVehContrib="8" flow="288.00" occupancy="85.41" speed="3.19" harmonicMeanSpeed="0.36" length="5.00" nVehEntered="7"/>
    <interval begin="22100.00" end="22200.00" id="inductionLoop.S1" nVehContrib="10" flow="360.00" occupancy="79.78" speed="3.83" harmonicMeanSpeed="0.67" length="5.00" nVehEntered="11"/>
    <interval begin="22200.00" end="22300.00" id="inductionLoop.S1" nVehContrib="8" flow="288.00" occupancy="84.46" speed="3.63" harmonicMeanSpeed="0.52" length="5.00" nVehEntered="8"/>
    <interval begin="22300.00" end="22400.00" id="inductionLoop.S1" nVehContrib="8" flow="288.00" occupancy="85.72" speed="5.53" harmonicMeanSpeed="0.63" length="5.00" nVehEntered="8"/>
    <interval begin="22400.00" end="22500.00" id="inductionLoop.S1" nVehContrib="9" flow="324.00" occupancy="82.01" speed="3.16" harmonicMeanSpeed="0.41" length="5.00" nVehEntered="9"/>
    <interval begin="22500.00" end="22600.00" id="inductionLoop.S1" nVehContrib="12" flow="432.00" occupancy="78.44" speed="6.66" harmonicMeanSpeed="0.72" length="5.00" nVehEntered="12"/>
    <interval begin="22600.00" end="22700.00" id="inductionLoop.S1" nVehContrib="5" flow="180.00" occupancy="90.83" speed="4.93" harmonicMeanSpeed="0.39" length="5.00" nVehEntered="5"/>
    <interval begin="22700.00" end="22800.00" id="inductionLoop.S1" nVehContrib="8" flow="288.00" occupancy="83.35" speed="3.52" harmonicMeanSpeed="0.39" length="5.00" nVehEntered="8"/>
    <interval begin="22800.00" end="22900.00" id="inductionLoop.S1" nVehContrib="6" flow="216.00" occupancy="86.67" speed="1.54" harmonicMeanSpeed="0.35" length="5.00" nVehEntered="6"/>
    <interval begin="22900.00" end="23000.00" id="inductionLoop.S1" nVehContrib="7" flow="252.00" occupancy="73.26" speed="4.66" harmonicMeanSpeed="0.69" length="5.00" nVehEntered="7"/>
    <interval begin="23000.00" end="23100.00" id="inductionLoop.S1" nVehContrib="8" flow="288.00" occupancy="84.04" speed="3.11" harmonicMeanSpeed="0.34" length="5.00" nVehEntered="7"/>
    <interval begin="23100.00" end="23200.00" id="inductionLoop.S1" nVehContrib="11" flow="396.00" occupancy="81.51" speed="7.23" harmonicMeanSpeed="0.81" length="5.00" nVehEntered="12"/>
    <interval begin="23200.00" end="23300.00" id="inductionLoop.S1" nVehContrib="10" flow="360.00" occupancy="82.22" speed="4.61" harmonicMeanSpeed="0.52" length="5.00" nVehEntered="10"/>
    <interval begin="23300.00" end="23400.00" id="inductionLoop.S1" nVehContrib="19" flow="684.00" occupancy="68.85" speed="9.48" harmonicMeanSpeed="1.37" length="5.00" nVehEntered="18"/>
    <interval begin="23400.00" end="23500.00" id="inductionLoop.S1" nVehContrib="1" flow="36.00" occupancy="77.87" speed="0.07" harmonicMeanSpeed="0.07" length="5.00" nVehEntered="5"/>
    <interval begin="23500.00" end="23600.00" id="inductionLoop.S1" nVehContrib="13" flow="468.00" occupancy="75.96" speed="6.62" harmonicMeanSpeed="0.87" length="5.00" nVehEntered="14"/>
    <interval begin="23600.00" end="23700.00" id="inductionLoop.S1" nVehContrib="12" flow="432.00" occupancy="78.26" speed="4.74" harmonicMeanSpeed="0.92" length="5.00" nVehEntered="12"/>
    <interval begin="23700.00" end="23800.00" id="inductionLoop.S1" nVehContrib="8" flow="288.00" occupancy="85.92" speed="5.16" harmonicMeanSpeed="0.60" length="5.00" nVehEntered="8"/>
    <interval begin="23800.00" end="23900.00" id="inductionLoop.S1" nVehContrib="17" flow="612.00" occupancy="69.59" speed="6.22" harmonicMeanSpeed="0.86" length="5.00" nVehEntered="17"/>
    <interval begin="23900.00" end="24000.00" id="inductionLoop.S1" nVehContrib="6" flow="216.00" occupancy="87.80" speed="2.79" harmonicMeanSpeed="0.44" length="5.00" nVehEntered="6"/>
    <interval begin="24000.00" end="24100.00" id="inductionLoop.S1" nVehContrib="10" flow="360.00" occupancy="61.09" speed="5.46" harmonicMeanSpeed="0.76" length="5.00" nVehEntered="11"/>
    <interval begin="24100.00" end="24200.00" id="inductionLoop.S1" nVehContrib="6" flow="216.00" occupancy="86.77" speed="2.34" harmonicMeanSpeed="0.29" length="5.00" nVehEntered="5"/>
    <interval begin="24200.00" end="24300.00" id="inductionLoop.S1" nVehContrib="13" flow="468.00" occupancy="74.31" speed="5.49" harmonicMeanSpeed="0.87" length="5.00" nVehEntered="13"/>
    <interval begin="24300.00" end="24400.00" id="inductionLoop.S1" nVehContrib="8" flow="288.00" occupancy="71.06" speed="3.99" harmonicMeanSpeed="0.73" length="5.00" nVehEntered="10"/>
    <interval begin="24400.00" end="24500.00" id="inductionLoop.S1" nVehContrib="6" flow="216.00" occupancy="63.72" speed="5.22" harmonicMeanSpeed="0.38" length="5.00" nVehEntered="5"/>
    <interval begin="24500.00" end="24600.00" id="inductionLoop.S1" nVehContrib="2" flow="72.00" occupancy="12.62" speed="2.81" harmonicMeanSpeed="1.48" length="5.00" nVehEntered="6"/>
    <interval begin="24600.00" end="24700.00" id="inductionLoop.S1" nVehContrib="8" flow="288.00" occupancy="40.26" speed="6.56" harmonicMeanSpeed="1.03" length="5.00" nVehEntered="9"/>
    <interval begin="24700.00" end="24800.00" id="inductionLoop.S1" nVehContrib="2" flow="72.00" occupancy="65.29" speed="0.26" harmonicMeanSpeed="0.15" length="5.00" nVehEntered="1"/>
    <interval begin="24800.00" end="24900.00" id="inductionLoop.S1" nVehContrib="4" flow="144.00" occupancy="47.57" speed="1.29" harmonicMeanSpeed="0.42" length="5.00" nVehEntered="5"/>
    <interval begin="24900.00" end="25000.00" id="inductionLoop.S1" nVehContrib="11" flow="396.00" occupancy="81.17" speed="6.04" harmonicMeanSpeed="0.86" length="5.00" nVehEntered="11"/>
    <interval begin="25000.00" end="25100.00" id="inductionLoop.S1" nVehContrib="5" flow="180.00" occupancy="88.32" speed="2.08" harmonicMeanSpeed="0.28" length="5.00" nVehEntered="5"/>
    <interval begin="25100.00" end="25200.00" id="inductionLoop.S1" nVehContrib="7" flow="252.00" occupancy="85.02" speed="2.89" harmonicMeanSpeed="0.45" length="5.00" nVehEntered="7"/>
    <interval begin="25200.00" end="25300.00" id="inductionLoop.S1" nVehContrib="8" flow="288.00" occupancy="84.24" speed="3.71" harmonicMeanSpeed="0.38" length="5.00" nVehEntered="8"/>
    <interval begin="25300.00" end="25400.00" id="inductionLoop.S1" nVehContrib="8" flow="288.00" occupancy="86.42" speed="6.07" harmonicMeanSpeed="1.02" length="5.00" nVehEntered="8"/>
    <interval begin="25400.00" end="25500.00" id="inductionLoop.S1" nVehContrib="9" flow="324.00" occupancy="83.22" speed="5.99" harmonicMeanSpeed="0.34" length="5.00" nVehEntered="9"/>
    <interval begin="25500.00" end="25600.00" id="inductionLoop.S1" nVehContrib="5" flow="180.00" occupancy="89.46" speed="2.92" harmonicMeanSpeed="0.54" length="5.00" nVehEntered="5"/>
    <interval begin="25600.00" end="25700.00" id="inductionLoop.S1" nVehContrib="5" flow="180.00" occupancy="90.56" speed="3.14" harmonicMeanSpeed="0.26" length="5.00" nVehEntered="5"/>
    <interval begin="25700.00" end="25800.00" id="inductionLoop.S1" nVehContrib="9" flow="324.00" occupancy="83.57" speed="5.51" harmonicMeanSpeed="0.64" length="5.00" nVehEntered="9"/>
    <interval begin="25800.00" end="25900.00" id="inductionLoop.S1" nVehContrib="19" flow="684.00" occupancy="66.20" speed="7.38" harmonicMeanSpeed="0.88" length="5.00" nVehEntered="19"/>
    <interval begin="25900.00" end="26000.00" id="inductionLoop.S1" nVehContrib="11" flow="396.00" occupancy="80.57" speed="5.22" harmonicMeanSpeed="0.68" length="5.00" nVehEntered="11"/>
    <interval begin="26000.00" end="26100.00" id="inductionLoop.S1" nVehContrib="11" flow="396.00" occupancy="80.68" speed="6.78" harmonicMeanSpeed="0.73" length="5.00" nVehEntered="11"/>
    <interval begin="26100.00" end="26200.00" id="inductionLoop.S1" nVehContrib="11" flow="396.00" occupancy="78.52" speed="5.35" harmonicMeanSpeed="0.66" length="5.00" nVehEntered="11"/>
    <interval begin="26200.00" end="26300.00" id="inductionLoop.S1" nVehContrib="5" flow="180.00" occupancy="88.13" speed="3.20" harmonicMeanSpeed="0.40" length="5.00" nVehEntered="5"/>
    <interval begin="26300.00" end="26400.00" id="inductionLoop.S1" nVehContrib="12" flow="432.00" occupancy="77.14" speed="4.27" harmonicMeanSpeed="0.55" length="5.00" nVehEntered="12"/>
    <interval begin="26400.00" end="26500.00" id="inductionLoop.S1" nVehContrib="11" flow="396.00" occupancy="79.23" speed="5.35" harmonicMeanSpeed="0.75" length="5.00" nVehEntered="11"/>
    <interval begin="26500.00" end="26600.00" id="inductionLoop.S1" nVehContrib="11" flow="396.00" occupancy="79.86" speed="5.31" harmonicMeanSpeed="0.77" length="5.00" nVehEntered="11"/>
    <interval begin="26600.00" end="26700.00" id="inductionLoop.S1" nVehContrib="9" flow="324.00" occupancy="84.02" speed="5.99" harmonicMeanSpeed="0.43" length="5.00" nVehEntered="8"/>
    <interval begin="26700.00" end="26800.00" id="inductionLoop.S1" nVehContrib="10" flow="360.00" occupancy="80.03" speed="4.06" harmonicMeanSpeed="0.63" length="5.00" nVehEntered="11"/>
    <interval begin="26800.00" end="26900.00" id="inductionLoop.S1" nVehContrib="11" flow="396.00" occupancy="64.77" speed="4.50" harmonicMeanSpeed="0.84" length="5.00" nVehEntered="10"/>
    <interval begin="26900.00" end="27000.00" id="inductionLoop.S1" nVehContrib="3" flow="108.00" occupancy="12.55" speed="6.65" harmonicMeanSpeed="1.59" length="5.00" nVehEntered="4"/>
    <interval begin="27000.00" end="27100.00" id="inductionLoop.S1" nVehContrib="9" flow="324.00" occupancy="6.26" speed="8.90" harmonicMeanSpeed="7.19" length="5.00" nVehEntered="9"/>
    <interval begin="27100.00" end="27200.00" id="inductionLoop.S1" nVehContrib="7" flow="252.00" occupancy="4.55" speed="9.35" harmonicMeanSpeed="7.77" length="5.00" nVehEntered="8"/>
    <interval begin="27200.00" end="27300.00" id="inductionLoop.S1" nVehContrib="4" flow="144.00" occupancy="33.40" speed="6.78" harmonicMeanSpeed="0.75" length="5.00" nVehEntered="8"/>
    <interval begin="27300.00" end="27400.00" id="inductionLoop.S1" nVehContrib="11" flow="396.00" occupancy="41.34" speed="5.86" harmonicMeanSpeed="1.19" length="5.00" nVehEntered="11"/>
    <interval begin="27400.00" end="27500.00" id="inductionLoop.S1" nVehContrib="8" flow="288.00" occupancy="85.10" speed="4.33" harmonicMeanSpeed="0.72" length="5.00" nVehEntered="8"/>
    <interval begin="27500.00" end="27600.00" id="inductionLoop.S1" nVehContrib="13" flow="468.00" occupancy="76.07" speed="5.31" harmonicMeanSpeed="0.76" length="5.00" nVehEntered="13"/>
    <interval begin="27600.00" end="27700.00" id="inductionLoop.S1" nVehContrib="11" flow="396.00" occupancy="80.00" speed="6.95" harmonicMeanSpeed="0.85" length="5.00" nVehEntered="11"/>
    <interval begin="27700.00" end="27800.00" id="inductionLoop.S1" nVehContrib="9" flow="324.00" occupancy="82.46" speed="3.54" harmonicMeanSpeed="0.52" length="5.00" nVehEntered="9"/>
    <interval begin="27800.00" end="27900.00" id="inductionLoop.S1" nVehContrib="11" flow="396.00" occupancy="78.43" speed="4.66" harmonicMeanSpeed="0.60" length="5.00" nVehEntered="11"/>
    <interval begin="27900.00" end="28000.00" id="inductionLoop.S1" nVehContrib="19" flow="684.00" occupancy="63.94" speed="9.04" harmonicMeanSpeed="1.17" length="5.00" nVehEntered="18"/>
    <interval begin="28000.00" end="28100.00" id="inductionLoop.S1" nVehContrib="10" flow="360.00" occupancy="73.03" speed="5.05" harmonicMeanSpeed="0.69" length="5.00" nVehEntered="11"/>
    <interval begin="28100.00" end="28200.00" id="inductionLoop.S1" nVehContrib="11" flow="396.00" occupancy="69.34" speed="7.16" harmonicMeanSpeed="0.81" length="5.00" nVehEntered="11"/>
    <interval begin="28200.00" end="28300.00" id="inductionLoop.S1" nVehContrib="14" flow="504.00" occupancy="77.20" speed="8.63" harmonicMeanSpeed="2.36" length="5.00" nVehEntered="14"/>
    <interval begin="28300.00" end="28400.00" id="inductionLoop.S1" nVehContrib="21" flow="756.00" occupancy="63.80" speed="7.82" harmonicMeanSpeed="1.15" length="5.00" nVehEntered="21"/>
    <interval begin="28400.00" end="28500.00" id="inductionLoop.S1" nVehContrib="22" flow="792.00" occupancy="54.42" speed="6.57" harmonicMeanSpeed="1.44" length="5.00" nVehEntered="21"/>
    <interval begin="28500.00" end="28600.00" id="inductionLoop.S1" nVehContrib="14" flow="504.00" occupancy="76.36" speed="6.19" harmonicMeanSpeed="0.92" length="5.00" nVehEntered="14"/>
    <interval begin="28600.00" end="28700.00" id="inductionLoop.S1" nVehContrib="19" flow="684.00" occupancy="66.18" speed="6.95" harmonicMeanSpeed="1.45" length="5.00" nVehEntered="20"/>
    <interval begin="28700.00" end="28800.00" id="inductionLoop.S1" nVehContrib="14" flow="504.00" occupancy="74.95" speed="8.63" harmonicMeanSpeed="1.13" length="5.00" nVehEntered="14"/>
    <interval begin="28800.00" end="28900.00" id="inductionLoop.S1" nVehContrib="18" flow="648.00" occupancy="71.69" speed="9.84" harmonicMeanSpeed="1.44" length="5.00" nVehEntered="18"/>
    <interval begin="28900.00" end="29000.00" id="inductionLoop.S1" nVehContrib="12" flow="432.00" occupancy="77.00" speed="5.97" harmonicMeanSpeed="0.86" length="5.00" nVehEntered="12"/>
    <interval begin="29000.00" end="29100.00" id="inductionLoop.S1" nVehContrib="12" flow="432.00" occupancy="79.26" speed="7.21" harmonicMeanSpeed="0.85" length="5.00" nVehEntered="12"/>
    <interval begin="29100.00" end="29200.00" id="inductionLoop.S1" nVehContrib="16" flow="576.00" occupancy="71.90" speed="5.42" harmonicMeanSpeed="0.73" length="5.00" nVehEntered="16"/>
    <interval begin="29200.00" end="29300.00" id="inductionLoop.S1" nVehContrib="12" flow="432.00" occupancy="71.17" speed="3.84" harmonicMeanSpeed="0.84" length="5.00" nVehEntered="11"/>
    <interval begin="29300.00" end="29400.00" id="inductionLoop.S1" nVehContrib="10" flow="360.00" occupancy="72.60" speed="4.94" harmonicMeanSpeed="0.81" length="5.00" nVehEntered="11"/>
    <interval begin="29400.00" end="29500.00" id="inductionLoop.S1" nVehContrib="8" flow="288.00" occupancy="42.94" speed="5.51" harmonicMeanSpeed="0.75" length="5.00" nVehEntered="7"/>
    <interval begin="29500.00" end="29600.00" id="inductionLoop.S1" nVehContrib="9" flow="324.00" occupancy="73.71" speed="3.52" harmonicMeanSpeed="0.61" length="5.00" nVehEntered="10"/>
    <interval begin="29600.00" end="29700.00" id="inductionLoop.S1" nVehContrib="5" flow="180.00" occupancy="29.22" speed="6.53" harmonicMeanSpeed="0.87" length="5.00" nVehEntered="6"/>
    <interval begin="29700.00" end="29800.00" id="inductionLoop.S1" nVehContrib="7" flow="252.00" occupancy="4.61" speed="9.33" harmonicMeanSpeed="7.60" length="5.00" nVehEntered="7"/>
    <interval begin="29800.00" end="29900.00" id="inductionLoop.S1" nVehContrib="6" flow="216.00" occupancy="2.88" speed="10.67" harmonicMeanSpeed="10.40" length="5.00" nVehEntered="6"/>
    <interval begin="29900.00" end="30000.00" id="inductionLoop.S1" nVehContrib="5" flow="180.00" occupancy="2.96" speed="10.44" harmonicMeanSpeed="8.44" length="5.00" nVehEntered="5"/>
    <interval begin="30000.00" end="30100.00" id="inductionLoop.S1" nVehContrib="5" flow="180.00" occupancy="13.28" speed="8.88" harmonicMeanSpeed="2.25" length="5.00" nVehEntered="6"/>
    <interval begin="30100.00" end="30200.00" id="inductionLoop.S1" nVehContrib="10" flow="360.00" occupancy="5.01" speed="11.01" harmonicMeanSpeed="10.74" length="5.00" nVehEntered="12"/>
    <interval begin="30200.00" end="30300.00" id="inductionLoop.S1" nVehContrib="8" flow="288.00" occupancy="11.16" speed="10.01" harmonicMeanSpeed="3.59" length="5.00" nVehEntered="8"/>
    <interval begin="30300.00" end="30400.00" id="inductionLoop.S1" nVehContrib="6" flow="216.00" occupancy="3.71" speed="11.04" harmonicMeanSpeed="8.23" length="5.00" nVehEntered="7"/>
    <interval begin="30400.00" end="30500.00" id="inductionLoop.S1" nVehContrib="9" flow="324.00" occupancy="5.12" speed="9.96" harmonicMeanSpeed="8.79" length="5.00" nVehEntered="9"/>
    <interval begin="30500.00" end="30600.00" id="inductionLoop.S1" nVehContrib="6" flow="216.00" occupancy="2.58" speed="11.75" harmonicMeanSpeed="11.64" length="5.00" nVehEntered="6"/>
    <interval begin="30600.00" end="30700.00" id="inductionLoop.S1" nVehContrib="6" flow="216.00" occupancy="13.86" speed="8.91" harmonicMeanSpeed="2.16" length="5.00" nVehEntered="6"/>
    <interval begin="30700.00" end="30800.00" id="inductionLoop.S1" nVehContrib="0" flow="0.00" occupancy="0.00" speed="-1.00" harmonicMeanSpeed="-1.00" length="-1.00" nVehEntered="0"/>
    <interval begin="30800.00" end="30900.00" id="inductionLoop.S1" nVehContrib="0" flow="0.00" occupancy="0.00" speed="-1.00" harmonicMeanSpeed="-1.00" length="-1.00" nVehEntered="0"/>
    <interval begin="30900.00" end="31000.00" id="inductionLoop.S1" nVehContrib="6" flow="216.00" occupancy="2.50" speed="12.20" harmonicMeanSpeed="12.01" length="5.00" nVehEntered="6"/>
    <interval begin="31000.00" end="31100.00" id="inductionLoop.S1" nVehContrib="7" flow="252.00" occupancy="3.18" speed="11.20" harmonicMeanSpeed="11.00" length="5.00" nVehEntered="7"/>
    <interval begin="31100.00" end="31200.00" id="inductionLoop.S1" nVehContrib="5" flow="180.00" occupancy="2.41" speed="10.52" harmonicMeanSpeed="10.36" length="5.00" nVehEntered="5"/>
    <interval begin="31200.00" end="31300.00" id="inductionLoop.S1" nVehContrib="11" flow="396.00" occupancy="8.28" speed="8.79" harmonicMeanSpeed="6.69" length="5.00" nVehEntered="12"/>
    <interval begin="31300.00" end="31400.00" id="inductionLoop.S1" nVehContrib="11" flow="396.00" occupancy="18.01" speed="7.35" harmonicMeanSpeed="3.09" length="5.00" nVehEntered="12"/>
    <interval begin="31400.00" end="31500.00" id="inductionLoop.S1" nVehContrib="14" flow="504.00" occupancy="35.60" speed="8.38" harmonicMeanSpeed="1.98" length="5.00" nVehEntered="15"/>
    <interval begin="31500.00" end="31600.00" id="inductionLoop.S1" nVehContrib="10" flow="360.00" occupancy="25.76" speed="7.47" harmonicMeanSpeed="1.94" length="5.00" nVehEntered="10"/>
    <interval begin="31600.00" end="31700.00" id="inductionLoop.S1" nVehContrib="7" flow="252.00" occupancy="3.38" speed="10.51" harmonicMeanSpeed="10.35" length="5.00" nVehEntered="7"/>
    <interval begin="31700.00" end="31800.00" id="inductionLoop.S1" nVehContrib="11" flow="396.00" occupancy="11.03" speed="10.67" harmonicMeanSpeed="5.12" length="5.00" nVehEntered="12"/>
    <interval begin="31800.00" end="31900.00" id="inductionLoop.S1" nVehContrib="7" flow="252.00" occupancy="19.08" speed="7.45" harmonicMeanSpeed="1.83" length="5.00" nVehEntered="7"/>
    <interval begin="31900.00" end="32000.00" id="inductionLoop.S1" nVehContrib="6" flow="216.00" occupancy="2.82" speed="11.82" harmonicMeanSpeed="11.64" length="5.00" nVehEntered="8"/>
    <interval begin="32000.00" end="32100.00" id="inductionLoop.S1" nVehContrib="6" flow="216.00" occupancy="2.77" speed="11.09" harmonicMeanSpeed="10.82" length="5.00" nVehEntered="6"/>
    <interval begin="32100.00" end="32200.00" id="inductionLoop.S1" nVehContrib="4" flow="144.00" occupancy="2.60" speed="9.41" harmonicMeanSpeed="7.68" length="5.00" nVehEntered="4"/>
    <interval begin="32200.00" end="32300.00" id="inductionLoop.S1" nVehContrib="4" flow="144.00" occupancy="1.69" speed="11.84" harmonicMeanSpeed="11.82" length="5.00" nVehEntered="4"/>
    <interval begin="32300.00" end="32400.00" id="inductionLoop.S1" nVehContrib="2" flow="72.00" occupancy="0.89" speed="11.19" harmonicMeanSpeed="11.18" length="5.00" nVehEntered="2"/>
    <interval begin="32400.00" end="32500.00" id="inductionLoop.S1" nVehContrib="5" flow="180.00" occupancy="12.50" speed="7.10" harmonicMeanSpeed="2.00" length="5.00" nVehEntered="5"/>
    <interval begin="32500.00" end="32600.00" id="inductionLoop.S1" nVehContrib="16" flow="576.00" occupancy="47.05" speed="8.85" harmonicMeanSpeed="2.24" length="5.00" nVehEntered="19"/>
    <interval begin="32600.00" end="32700.00" id="inductionLoop.S1" nVehContrib="16" flow="576.00" occupancy="62.78" speed="8.12" harmonicMeanSpeed="1.86" length="5.00" nVehEntered="16"/>
    <interval begin="32700.00" end="32800.00" id="inductionLoop.S1" nVehContrib="13" flow="468.00" occupancy="66.67" speed="3.90" harmonicMeanSpeed="0.67" length="5.00" nVehEntered="12"/>
    <interval begin="32800.00" end="32900.00" id="inductionLoop.S1" nVehContrib="1" flow="36.00" occupancy="1.27" speed="3.92" harmonicMeanSpeed="3.92" length="5.00" nVehEntered="1"/>
    <interval begin="32900.00" end="33000.00" id="inductionLoop.S1" nVehContrib="3" flow="108.00" occupancy="1.28" speed="11.98" harmonicMeanSpeed="11.70" length="5.00" nVehEntered="3"/>
    <interval begin="33000.00" end="33100.00" id="inductionLoop.S1" nVehContrib="7" flow="252.00" occupancy="3.68" speed="11.18" harmonicMeanSpeed="9.52" length="5.00" nVehEntered="7"/>
    <interval begin="33100.00" end="33200.00" id="inductionLoop.S1" nVehContrib="9" flow="324.00" occupancy="29.00" speed="8.59" harmonicMeanSpeed="2.43" length="5.00" nVehEntered="13"/>
    <interval begin="33200.00" end="33300.00" id="inductionLoop.S1" nVehContrib="8" flow="288.00" occupancy="67.19" speed="3.60" harmonicMeanSpeed="0.67" length="5.00" nVehEntered="9"/>
    <interval begin="33300.00" end="33400.00" id="inductionLoop.S1" nVehContrib="7" flow="252.00" occupancy="71.16" speed="3.19" harmonicMeanSpeed="0.44" length="5.00" nVehEntered="8"/>
    <interval begin="33400.00" end="33500.00" id="inductionLoop.S1" nVehContrib="12" flow="432.00" occupancy="72.60" speed="6.44" harmonicMeanSpeed="1.16" length="5.00" nVehEntered="14"/>
    <interval begin="33500.00" end="33600.00" id="inductionLoop.S1" nVehContrib="5" flow="180.00" occupancy="49.04" speed="7.34" harmonicMeanSpeed="0.55" length="5.00" nVehEntered="6"/>
    <interval begin="33600.00" end="33700.00" id="inductionLoop.S1" nVehContrib="12" flow="432.00" occupancy="45.50" speed="4.86" harmonicMeanSpeed="1.32" length="5.00" nVehEntered="12"/>
    <interval begin="33700.00" end="33800.00" id="inductionLoop.S1" nVehContrib="7" flow="252.00" occupancy="15.12" speed="8.75" harmonicMeanSpeed="2.00" length="5.00" nVehEntered="6"/>
    <interval begin="33800.00" end="33900.00" id="inductionLoop.S1" nVehContrib="8" flow="288.00" occupancy="7.38" speed="9.45" harmonicMeanSpeed="8.25" length="5.00" nVehEntered="9"/>
    <interval begin="33900.00" end="34000.00" id="inductionLoop.S1" nVehContrib="9" flow="324.00" occupancy="12.45" speed="8.07" harmonicMeanSpeed="3.00" length="5.00" nVehEntered="8"/>
    <interval begin="34000.00" end="34100.00" id="inductionLoop.S1" nVehContrib="7" flow="252.00" occupancy="3.49" speed="10.53" harmonicMeanSpeed="10.26" length="5.00" nVehEntered="8"/>
    <interval begin="34100.00" end="34200.00" id="inductionLoop.S1" nVehContrib="11" flow="396.00" occupancy="8.61" speed="9.72" harmonicMeanSpeed="8.35" length="5.00" nVehEntered="12"/>
    <interval begin="34200.00" end="34300.00" id="inductionLoop.S1" nVehContrib="11" flow="396.00" occupancy="7.55" speed="8.79" harmonicMeanSpeed="7.28" length="5.00" nVehEntered="11"/>
    <interval begin="34300.00" end="34400.00" id="inductionLoop.S1" nVehContrib="8" flow="288.00" occupancy="42.02" speed="6.70" harmonicMeanSpeed="1.12" length="5.00" nVehEntered="12"/>
    <interval begin="34400.00" end="34500.00" id="inductionLoop.S1" nVehContrib="10" flow="360.00" occupancy="36.10" speed="5.03" harmonicMeanSpeed="1.37" length="5.00" nVehEntered="10"/>
    <interval begin="34500.00" end="34600.00" id="inductionLoop.S1" nVehContrib="11" flow="396.00" occupancy="57.67" speed="7.10" harmonicMeanSpeed="1.26" length="5.00" nVehEntered="12"/>
    <interval begin="34600.00" end="34700.00" id="inductionLoop.S1" nVehContrib="8" flow="288.00" occupancy="82.35" speed="4.57" harmonicMeanSpeed="0.41" length="5.00" nVehEntered="7"/>
    <interval begin="34700.00" end="34800.00" id="inductionLoop.S1" nVehContrib="11" flow="396.00" occupancy="78.96" speed="6.16" harmonicMeanSpeed="0.80" length="5.00" nVehEntered="12"/>
    <interval begin="34800.00" end="34900.00" id="inductionLoop.S1" nVehContrib="7" flow="252.00" occupancy="47.23" speed="4.41" harmonicMeanSpeed="1.14" length="5.00" nVehEntered="13"/>
    <interval begin="34900.00" end="35000.00" id="inductionLoop.S1" nVehContrib="4" flow="144.00" occupancy="35.56" speed="1.55" harmonicMeanSpeed="0.49" length="5.00" nVehEntered="3"/>
    <interval begin="35000.00" end="35100.00" id="inductionLoop.S1" nVehContrib="16" flow="576.00" occupancy="66.66" speed="5.22" harmonicMeanSpeed="1.20" length="5.00" nVehEntered="17"/>
    <interval begin="35100.00" end="35200.00" id="inductionLoop.S1" nVehContrib="10" flow="360.00" occupancy="79.94" speed="4.11" harmonicMeanSpeed="0.65" length="5.00" nVehEntered="10"/>
    <interval begin="35200.00" end="35300.00" id="inductionLoop.S1" nVehContrib="8" flow="288.00" occupancy="83.31" speed="2.98" harmonicMeanSpeed="0.55" length="5.00" nVehEntered="8"/>
    <interval begin="35300.00" end="35400.00" id="inductionLoop.S1" nVehContrib="11" flow="396.00" occupancy="81.48" speed="8.28" harmonicMeanSpeed="1.06" length="5.00" nVehEntered="11"/>
    <interval begin="35400.00" end="35500.00" id="inductionLoop.S1" nVehContrib="5" flow="180.00" occupancy="73.86" speed="1.50" harmonicMeanSpeed="0.21" length="5.00" nVehEntered="4"/>
    <interval begin="35500.00" end="35600.00" id="inductionLoop.S1" nVehContrib="2" flow="72.00" occupancy="9.51" speed="2.25" harmonicMeanSpeed="1.17" length="5.00" nVehEntered="5"/>
    <interval begin="35600.00" end="35700.00" id="inductionLoop.S1" nVehContrib="1" flow="36.00" occupancy="0.41" speed="12.19" harmonicMeanSpeed="12.19" length="5.00" nVehEntered="1"/>
    <interval begin="35700.00" end="35800.00" id="inductionLoop.S1" nVehContrib="9" flow="324.00" occupancy="5.49" speed="10.61" harmonicMeanSpeed="8.74" length="5.00" nVehEntered="10"/>
    <interval begin="35800.00" end="35900.00" id="inductionLoop.S1" nVehContrib="4" flow="144.00" occupancy="75.55" speed="1.41" harmonicMeanSpeed="0.46" length="5.00" nVehEntered="5"/>
    <interval begin="35900.00" end="36000.00" id="inductionLoop.S1" nVehContrib="14" flow="504.00" occupancy="73.65" speed="4.56" harmonicMeanSpeed="0.71" length="5.00" nVehEntered="14"/>
    <interval begin="36000.00" end="36100.00" id="inductionLoop.S1" nVehContrib="14" flow="504.00" occupancy="72.89" speed="4.55" harmonicMeanSpeed="1.05" length="5.00" nVehEntered="14"/>
    <interval begin="36100.00" end="36200.00" id="inductionLoop.S1" nVehContrib="6" flow="216.00" occupancy="40.72" speed="5.62" harmonicMeanSpeed="0.56" length="5.00" nVehEntered="5"/>
    <interval begin="36200.00" end="36300.00" id="inductionLoop.S1" nVehContrib="1" flow="36.00" occupancy="0.41" speed="12.30" harmonicMeanSpeed="12.30" length="5.00" nVehEntered="1"/>
    <interval begin="36300.00" end="36400.00" id="inductionLoop.S1" nVehContrib="5" flow="180.00" occupancy="19.87" speed="8.71" harmonicMeanSpeed="1.26" length="5.00" nVehEntered="5"/>
    <interval begin="36400.00" end="36500.00" id="inductionLoop.S1" nVehContrib="8" flow="288.00" occupancy="71.96" speed="3.43" harmonicMeanSpeed="0.56" length="5.00" nVehEntered="8"/>
    <interval begin="36500.00" end="36600.00" id="inductionLoop.S1" nVehContrib="6" flow="216.00" occupancy="86.05" speed="2.93" harmonicMeanSpeed="0.48" length="5.00" nVehEntered="7"/>
    <interval begin="36600.00" end="36700.00" id="inductionLoop.S1" nVehContrib="16" flow="576.00" occupancy="62.42" speed="7.53" harmonicMeanSpeed="1.01" length="5.00" nVehEntered="16"/>
    <interval begin="36700.00" end="36800.00" id="inductionLoop.S1" nVehContrib="10" flow="360.00" occupancy="65.32" speed="4.54" harmonicMeanSpeed="0.70" length="5.00" nVehEntered="10"/>
    <interval begin="36800.00" end="36900.00" id="inductionLoop.S1" nVehContrib="7" flow="252.00" occupancy="85.10" speed="2.67" harmonicMeanSpeed="0.41" length="5.00" nVehEntered="6"/>
    <interval begin="36900.00" end="37000.00" id="inductionLoop.S1" nVehContrib="8" flow="288.00" occupancy="83.20" speed="3.09" harmonicMeanSpeed="0.48" length="5.00" nVehEntered="9"/>
    <interval begin="37000.00" end="37100.00" id="inductionLoop.S1" nVehContrib="10" flow="360.00" occupancy="80.96" speed="5.74" harmonicMeanSpeed="0.77" length="5.00" nVehEntered="10"/>
    <interval begin="37100.00" end="37200.00" id="inductionLoop.S1" nVehContrib="6" flow="216.00" occupancy="73.32" speed="4.14" harmonicMeanSpeed="0.35" length="5.00" nVehEntered="7"/>
    <interval begin="37200.00" end="37300.00" id="inductionLoop.S1" nVehContrib="12" flow="432.00" occupancy="76.22" speed="3.29" harmonicMeanSpeed="0.77" length="5.00" nVehEntered="12"/>
    <interval begin="37300.00" end="37400.00" id="inductionLoop.S1" nVehContrib="7" flow="252.00" occupancy="86.56" speed="3.93" harmonicMeanSpeed="0.51" length="5.00" nVehEntered="7"/>
    <interval begin="37400.00" end="37500.00" id="inductionLoop.S1" nVehContrib="8" flow="288.00" occupancy="83.76" speed="2.84" harmonicMeanSpeed="0.39" length="5.00" nVehEntered="7"/>
    <interval begin="37500.00" end="37600.00" id="inductionLoop.S1" nVehContrib="11" flow="396.00" occupancy="71.08" speed="4.49" harmonicMeanSpeed="0.82" length="5.00" nVehEntered="12"/>
    <interval begin="37600.00" end="37700.00" id="inductionLoop.S1" nVehContrib="8" flow="288.00" occupancy="39.58" speed="5.26" harmonicMeanSpeed="1.43" length="5.00" nVehEntered="10"/>
    <interval begin="37700.00" end="37800.00" id="inductionLoop.S1" nVehContrib="7" flow="252.00" occupancy="83.38" speed="3.01" harmonicMeanSpeed="0.39" length="5.00" nVehEntered="7"/>
    <interval begin="37800.00" end="37900.00" id="inductionLoop.S1" nVehContrib="7" flow="252.00" occupancy="81.70" speed="2.39" harmonicMeanSpeed="0.48" length="5.00" nVehEntered="7"/>
    <interval begin="37900.00" end="38000.00" id="inductionLoop.S1" nVehContrib="10" flow="360.00" occupancy="82.37" speed="7.73" harmonicMeanSpeed="1.04" length="5.00" nVehEntered="10"/>
    <interval begin="38000.00" end="38100.00" id="inductionLoop.S1" nVehContrib="13" flow="468.00" occupancy="74.51" speed="5.00" harmonicMeanSpeed="0.75" length="5.00" nVehEntered="13"/>
    <interval begin="38100.00" end="38200.00" id="inductionLoop.S1" nVehContrib="18" flow="648.00" occupancy="71.58" speed="9.31" harmonicMeanSpeed="1.29" length="5.00" nVehEntered="18"/>
    <interval begin="38200.00" end="38300.00" id="inductionLoop.S1" nVehContrib="12" flow="432.00" occupancy="80.72" speed="7.76" harmonicMeanSpeed="0.88" length="5.00" nVehEntered="12"/>
    <interval begin="38300.00" end="38400.00" id="inductionLoop.S1" nVehContrib="15" flow="540.00" occupancy="73.09" speed="5.32" harmonicMeanSpeed="0.60" length="5.00" nVehEntered="14"/>
    <interval begin="38400.00" end="38500.00" id="inductionLoop.S1" nVehContrib="9" flow="324.00" occupancy="82.37" speed="9.75" harmonicMeanSpeed="9.16" length="5.00" nVehEntered="10"/>
    <interval begin="38500.00" end="38600.00" id="inductionLoop.S1" nVehContrib="17" flow="612.00" occupancy="71.62" speed="7.16" harmonicMeanSpeed="0.57" length="5.00" nVehEntered="16"/>
    <interval begin="38600.00" end="38700.00" id="inductionLoop.S1" nVehContrib="13" flow="468.00" occupancy="77.47" speed="8.01" harmonicMeanSpeed="0.92" length="5.00" nVehEntered="14"/>
    <interval begin="38700.00" end="38800.00" id="inductionLoop.S1" nVehContrib="10" flow="360.00" occupancy="81.52" speed="4.29" harmonicMeanSpeed="0.58" length="5.00" nVehEntered="10"/>
    <interval begin="38800.00" end="38900.00" id="inductionLoop.S1" nVehContrib="8" flow="288.00" occupancy="85.44" speed="3.86" harmonicMeanSpeed="0.47" length="5.00" nVehEntered="8"/>
    <interval begin="38900.00" end="39000.00" id="inductionLoop.S1" nVehContrib="10" flow="360.00" occupancy="81.45" speed="3.99" harmonicMeanSpeed="0.60" length="5.00" nVehEntered="9"/>
    <interval begin="39000.00" end="39100.00" id="inductionLoop.S1" nVehContrib="11" flow="396.00" occupancy="78.23" speed="4.33" harmonicMeanSpeed="0.75" length="5.00" nVehEntered="12"/>
    <interval begin="39100.00" end="39200.00" id="inductionLoop.S1" nVehContrib="11" flow="396.00" occupancy="79.54" speed="5.10" harmonicMeanSpeed="1.03" length="5.00" nVehEntered="11"/>
    <interval begin="39200.00" end="39300.00" id="inductionLoop.S1" nVehContrib="17" flow="612.00" occupancy="70.50" speed="7.49" harmonicMeanSpeed="0.93" length="5.00" nVehEntered="17"/>
    <interval begin="39300.00" end="39400.00" id="inductionLoop.S1" nVehContrib="10" flow="360.00" occupancy="80.36" speed="5.15" harmonicMeanSpeed="0.61" length="5.00" nVehEntered="10"/>
    <interval begin="39400.00" end="39500.00" id="inductionLoop.S1" nVehContrib="15" flow="540.00" occupancy="74.17" speed="6.46" harmonicMeanSpeed="0.91" length="5.00" nVehEntered="14"/>
    <interval begin="39500.00" end="39600.00" id="inductionLoop.S1" nVehContrib="14" flow="504.00" occupancy="74.86" speed="7.81" harmonicMeanSpeed="0.94" length="5.00" nVehEntered="15"/>
    <interval begin="39600.00" end="39700.00" id="inductionLoop.S1" nVehContrib="11" flow="396.00" occupancy="81.43" speed="7.28" harmonicMeanSpeed="0.68" length="5.00" nVehEntered="11"/>
    <interval begin="39700.00" end="39800.00" id="inductionLoop.S1" nVehContrib="3" flow="108.00" occupancy="85.63" speed="0.83" harmonicMeanSpeed="0.17" length="5.00" nVehEntered="2"/>
    <interval begin="39800.00" end="39900.00" id="inductionLoop.S1" nVehContrib="10" flow="360.00" occupancy="73.53" speed="3.64" harmonicMeanSpeed="2.25" length="5.00" nVehEntered="11"/>
    <interval begin="39900.00" end="40000.00" id="inductionLoop.S1" nVehContrib="11" flow="396.00" occupancy="81.93" speed="7.99" harmonicMeanSpeed="0.74" length="5.00" nVehEntered="11"/>
    <interval begin="40000.00" end="40100.00" id="inductionLoop.S1" nVehContrib="10" flow="360.00" occupancy="78.64" speed="4.40" harmonicMeanSpeed="0.53" length="5.00" nVehEntered="10"/>
    <interval begin="40100.00" end="40200.00" id="inductionLoop.S1" nVehContrib="11" flow="396.00" occupancy="79.38" speed="6.87" harmonicMeanSpeed="0.68" length="5.00" nVehEntered="11"/>
    <interval begin="40200.00" end="40300.00" id="inductionLoop.S1" nVehContrib="9" flow="324.00" occupancy="68.47" speed="4.63" harmonicMeanSpeed="0.61" length="5.00" nVehEntered="9"/>
    <interval begin="40300.00" end="40400.00" id="inductionLoop.S1" nVehContrib="11" flow="396.00" occupancy="80.30" speed="6.31" harmonicMeanSpeed="0.67" length="5.00" nVehEntered="11"/>
    <interval begin="40400.00" end="40500.00" id="inductionLoop.S1" nVehContrib="11" flow="396.00" occupancy="75.00" speed="4.84" harmonicMeanSpeed="0.75" length="5.00" nVehEntered="11"/>
    <interval begin="40500.00" end="40600.00" id="inductionLoop.S1" nVehContrib="13" flow="468.00" occupancy="72.11" speed="5.12" harmonicMeanSpeed="0.89" length="5.00" nVehEntered="13"/>
    <interval begin="40600.00" end="40700.00" id="inductionLoop.S1" nVehContrib="21" flow="756.00" occupancy="64.45" speed="7.51" harmonicMeanSpeed="1.28" length="5.00" nVehEntered="21"/>
    <interval begin="40700.00" end="40800.00" id="inductionLoop.S1" nVehContrib="14" flow="504.00" occupancy="73.43" speed="5.10" harmonicMeanSpeed="0.77" length="5.00" nVehEntered="13"/>
    <interval begin="40800.00" end="40900.00" id="inductionLoop.S1" nVehContrib="13" flow="468.00" occupancy="76.38" speed="7.21" harmonicMeanSpeed="1.13" length="5.00" nVehEntered="14"/>
    <interval begin="40900.00" end="41000.00" id="inductionLoop.S1" nVehContrib="15" flow="540.00" occupancy="25.36" speed="5.73" harmonicMeanSpeed="1.77" length="5.00" nVehEntered="15"/>
    <interval begin="41000.00" end="41100.00" id="inductionLoop.S1" nVehContrib="10" flow="360.00" occupancy="77.87" speed="3.06" harmonicMeanSpeed="0.63" length="5.00" nVehEntered="10"/>
    <interval begin="41100.00" end="41200.00" id="inductionLoop.S1" nVehContrib="12" flow="432.00" occupancy="71.91" speed="5.30" harmonicMeanSpeed="1.53" length="5.00" nVehEntered="12"/>
    <interval begin="41200.00" end="41300.00" id="inductionLoop.S1" nVehContrib="15" flow="540.00" occupancy="58.39" speed="5.68" harmonicMeanSpeed="0.82" length="5.00" nVehEntered="14"/>
    <interval begin="41300.00" end="41400.00" id="inductionLoop.S1" nVehContrib="4" flow="144.00" occupancy="84.58" speed="2.72" harmonicMeanSpeed="0.24" length="5.00" nVehEntered="5"/>
    <interval begin="41400.00" end="41500.00" id="inductionLoop.S1" nVehContrib="9" flow="324.00" occupancy="73.33" speed="3.73" harmonicMeanSpeed="1.26" length="5.00" nVehEntered="9"/>
    <interval begin="41500.00" end="41600.00" id="inductionLoop.S1" nVehContrib="15" flow="540.00" occupancy="71.60" speed="6.96" harmonicMeanSpeed="1.01" length="5.00" nVehEntered="15"/>
    <interval begin="41600.00" end="41700.00" id="inductionLoop.S1" nVehContrib="5" flow="180.00" occupancy="89.19" speed="2.31" harmonicMeanSpeed="0.21" length="5.00" nVehEntered="5"/>
    <interval begin="41700.00" end="41800.00" id="inductionLoop.S1" nVehContrib="18" flow="648.00" occupancy="70.02" speed="9.37" harmonicMeanSpeed="2.49" length="5.00" nVehEntered="18"/>
    <interval begin="41800.00" end="41900.00" id="inductionLoop.S1" nVehContrib="13" flow="468.00" occupancy="69.40" speed="4.89" harmonicMeanSpeed="0.59" length="5.00" nVehEntered="13"/>
    <interval begin="41900.00" end="42000.00" id="inductionLoop.S1" nVehContrib="3" flow="108.00" occupancy="95.21" speed="2.20" harmonicMeanSpeed="0.15" length="5.00" nVehEntered="2"/>
    <interval begin="42000.00" end="42100.00" id="inductionLoop.S1" nVehContrib="10" flow="360.00" occupancy="74.88" speed="3.95" harmonicMeanSpeed="1.17" length="5.00" nVehEntered="11"/>
    <interval begin="42100.00" end="42200.00" id="inductionLoop.S1" nVehContrib="11" flow="396.00" occupancy="68.07" speed="3.66" harmonicMeanSpeed="0.58" length="5.00" nVehEntered="11"/>
    <interval begin="42200.00" end="42300.00" id="inductionLoop.S1" nVehContrib="7" flow="252.00" occupancy="84.43" speed="4.31" harmonicMeanSpeed="0.67" length="5.00" nVehEntered="7"/>
    <interval begin="42300.00" end="42400.00" id="inductionLoop.S1" nVehContrib="13" flow="468.00" occupancy="74.20" speed="6.19" harmonicMeanSpeed="0.61" length="5.00" nVehEntered="13"/>
    <interval begin="42400.00" end="42500.00" id="inductionLoop.S1" nVehContrib="21" flow="756.00" occupancy="65.08" speed="9.15" harmonicMeanSpeed="2.45" length="5.00" nVehEntered="21"/>
    <interval begin="42500.00" end="42600.00" id="inductionLoop.S1" nVehContrib="10" flow="360.00" occupancy="82.79" speed="4.98" harmonicMeanSpeed="0.46" length="5.00" nVehEntered="9"/>
    <interval begin="42600.00" end="42700.00" id="inductionLoop.S1" nVehContrib="10" flow="360.00" occupancy="80.10" speed="8.21" harmonicMeanSpeed="4.93" length="5.00" nVehEntered="11"/>
    <interval begin="42700.00" end="42800.00" id="inductionLoop.S1" nVehContrib="14" flow="504.00" occupancy="72.61" speed="4.25" harmonicMeanSpeed="0.51" length="5.00" nVehEntered="14"/>
    <interval begin="42800.00" end="42900.00" id="inductionLoop.S1" nVehContrib="16" flow="576.00" occupancy="67.26" speed="5.77" harmonicMeanSpeed="1.88" length="5.00" nVehEntered="16"/>
    <interval begin="42900.00" end="43000.00" id="inductionLoop.S1" nVehContrib="8" flow="288.00" occupancy="87.36" speed="6.91" harmonicMeanSpeed="0.34" length="5.00" nVehEntered="7"/>
    <interval begin="43000.00" end="43100.00" id="inductionLoop.S1" nVehContrib="17" flow="612.00" occupancy="62.21" speed="6.29" harmonicMeanSpeed="2.00" length="5.00" nVehEntered="18"/>
    <interval begin="43100.00" end="43200.00" id="inductionLoop.S1" nVehContrib="4" flow="144.00" occupancy="92.84" speed="3.66" harmonicMeanSpeed="0.18" length="5.00" nVehEntered="4"/>
    <interval begin="43200.00" end="43300.00" id="inductionLoop.S1" nVehContrib="12" flow="432.00" occupancy="78.87" speed="8.72" harmonicMeanSpeed="7.73" length="5.00" nVehEntered="12"/>
    <interval begin="43300.00" end="43400.00" id="inductionLoop.S1" nVehContrib="7" flow="252.00" occupancy="83.52" speed="5.24" harmonicMeanSpeed="0.23" length="5.00" nVehEntered="7"/>
    <interval begin="43400.00" end="43500.00" id="inductionLoop.S1" nVehContrib="5" flow="180.00" occupancy="68.81" speed="2.40" harmonicMeanSpeed="0.42" length="5.00" nVehEntered="6"/>
    <interval begin="43500.00" end="43600.00" id="inductionLoop.S1" nVehContrib="31" flow="1116.00" occupancy="47.27" speed="8.55" harmonicMeanSpeed="3.28" length="5.00" nVehEntered="31"/>
    <interval begin="43600.00" end="43700.00" id="inductionLoop.S1" nVehContrib="6" flow="216.00" occupancy="84.57" speed="3.95" harmonicMeanSpeed="0.35" length="5.00" nVehEntered="6"/>
    <interval begin="43700.00" end="43800.00" id="inductionLoop.S1" nVehContrib="13" flow="468.00" occupancy="77.62" speed="3.92" harmonicMeanSpeed="1.23" length="5.00" nVehEntered="14"/>
    <interval begin="43800.00" end="43900.00" id="inductionLoop.S1" nVehContrib="11" flow="396.00" occupancy="78.76" speed="5.51" harmonicMeanSpeed="0.53" length="5.00" nVehEntered="11"/>
    <interval begin="43900.00" end="44000.00" id="inductionLoop.S1" nVehContrib="16" flow="576.00" occupancy="68.27" speed="7.25" harmonicMeanSpeed="4.84" length="5.00" nVehEntered="16"/>
    <interval begin="44000.00" end="44100.00" id="inductionLoop.S1" nVehContrib="18" flow="648.00" occupancy="63.74" speed="6.12" harmonicMeanSpeed="1.06" length="5.00" nVehEntered="19"/>
    <interval begin="44100.00" end="44200.00" id="inductionLoop.S1" nVehContrib="10" flow="360.00" occupancy="27.55" speed="8.16" harmonicMeanSpeed="7.00" length="5.00" nVehEntered="11"/>
    <interval begin="44200.00" end="44300.00" id="inductionLoop.S1" nVehContrib="8" flow="288.00" occupancy="84.25" speed="3.14" harmonicMeanSpeed="0.39" length="5.00" nVehEntered="8"/>
    <interval begin="44300.00" end="44400.00" id="inductionLoop.S1" nVehContrib="21" flow="756.00" occupancy="64.62" speed="10.20" harmonicMeanSpeed="2.56" length="5.00" nVehEntered="21"/>
    <interval begin="44400.00" end="44500.00" id="inductionLoop.S1" nVehContrib="12" flow="432.00" occupancy="81.01" speed="4.70" harmonicMeanSpeed="0.56" length="5.00" nVehEntered="11"/>
    <interval begin="44500.00" end="44600.00" id="inductionLoop.S1" nVehContrib="7" flow="252.00" occupancy="83.67" speed="4.13" harmonicMeanSpeed="0.45" length="5.00" nVehEntered="8"/>
    <interval begin="44600.00" end="44700.00" id="inductionLoop.S1" nVehContrib="17" flow="612.00" occupancy="67.10" speed="4.81" harmonicMeanSpeed="1.59" length="5.00" nVehEntered="17"/>
    <interval begin="44700.00" end="44800.00" id="inductionLoop.S1" nVehContrib="4" flow="144.00" occupancy="94.20" speed="2.33" harmonicMeanSpeed="0.17" length="5.00" nVehEntered="3"/>
    <interval begin="44800.00" end="44900.00" id="inductionLoop.S1" nVehContrib="10" flow="360.00" occupancy="80.89" speed="8.64" harmonicMeanSpeed="7.61" length="5.00" nVehEntered="11"/>
    <interval begin="44900.00" end="45000.00" id="inductionLoop.S1" nVehContrib="33" flow="1188.00" occupancy="43.18" speed="10.16" harmonicMeanSpeed="1.40" length="5.00" nVehEntered="32"/>
    <interval begin="45000.00" end="45100.00" id="inductionLoop.S1" nVehContrib="12" flow="432.00" occupancy="8.53" speed="10.65" harmonicMeanSpeed="7.03" length="5.00" nVehEntered="12"/>
    <interval begin="45100.00" end="45200.00" id="inductionLoop.S1" nVehContrib="17" flow="612.00" occupancy="61.29" speed="9.66" harmonicMeanSpeed="1.40" length="5.00" nVehEntered="18"/>
    <interval begin="45200.00" end="45300.00" id="inductionLoop.S1" nVehContrib="15" flow="540.00" occupancy="77.43" speed="10.83" harmonicMeanSpeed="10.59" length="5.00" nVehEntered="15"/>
    <interval begin="45300.00" end="45400.00" id="inductionLoop.S1" nVehContrib="9" flow="324.00" occupancy="83.14" speed="5.49" harmonicMeanSpeed="0.34" length="5.00" nVehEntered="9"/>
    <interval begin="45400.00" end="45500.00" id="inductionLoop.S1" nVehContrib="8" flow="288.00" occupancy="84.31" speed="4.55" harmonicMeanSpeed="0.38" length="5.00" nVehEntered="7"/>
    <interval begin="45500.00" end="45600.00" id="inductionLoop.S1" nVehContrib="21" flow="756.00" occupancy="66.49" speed="11.04" harmonicMeanSpeed="10.90" length="5.00" nVehEntered="22"/>
    <interval begin="45600.00" end="45700.00" id="inductionLoop.S1" nVehContrib="13" flow="468.00" occupancy="55.25" speed="5.23" harmonicMeanSpeed="0.58" length="5.00" nVehEntered="12"/>
    <interval begin="45700.00" end="45800.00" id="inductionLoop.S1" nVehContrib="16" flow="576.00" occupancy="38.40" speed="4.39" harmonicMeanSpeed="2.08" length="5.00" nVehEntered="16"/>
    <interval begin="45800.00" end="45900.00" id="inductionLoop.S1" nVehContrib="9" flow="324.00" occupancy="8.56" speed="8.52" harmonicMeanSpeed="5.26" length="5.00" nVehEntered="9"/>
    <interval begin="45900.00" end="46000.00" id="inductionLoop.S1" nVehContrib="31" flow="1116.00" occupancy="38.14" speed="9.88" harmonicMeanSpeed="4.06" length="5.00" nVehEntered="31"/>
    <interval begin="46000.00" end="46100.00" id="inductionLoop.S1" nVehContrib="1" flow="36.00" occupancy="5.03" speed="0.99" harmonicMeanSpeed="0.99" length="5.00" nVehEntered="1"/>
    <interval begin="46100.00" end="46200.00" id="inductionLoop.S1" nVehContrib="10" flow="360.00" occupancy="70.86" speed="6.12" harmonicMeanSpeed="0.74" length="5.00" nVehEntered="11"/>
    <interval begin="46200.00" end="46300.00" id="inductionLoop.S1" nVehContrib="5" flow="180.00" occupancy="86.54" speed="4.81" harmonicMeanSpeed="0.39" length="5.00" nVehEntered="6"/>
    <interval begin="46300.00" end="46400.00" id="inductionLoop.S1" nVehContrib="13" flow="468.00" occupancy="77.53" speed="6.22" harmonicMeanSpeed="1.35" length="5.00" nVehEntered="13"/>
    <interval begin="46400.00" end="46500.00" id="inductionLoop.S1" nVehContrib="12" flow="432.00" occupancy="74.99" speed="4.56" harmonicMeanSpeed="0.48" length="5.00" nVehEntered="11"/>
    <interval begin="46500.00" end="46600.00" id="inductionLoop.S1" nVehContrib="21" flow="756.00" occupancy="69.61" speed="12.01" harmonicMeanSpeed="11.81" length="5.00" nVehEntered="22"/>
    <interval begin="46600.00" end="46700.00" id="inductionLoop.S1" nVehContrib="7" flow="252.00" occupancy="81.09" speed="4.07" harmonicMeanSpeed="0.27" length="5.00" nVehEntered="8"/>
    <interval begin="46700.00" end="46800.00" id="inductionLoop.S1" nVehContrib="4" flow="144.00" occupancy="92.52" speed="4.02" harmonicMeanSpeed="0.19" length="5.00" nVehEntered="4"/>
    <interval begin="46800.00" end="46900.00" id="inductionLoop.S1" nVehContrib="17" flow="612.00" occupancy="68.70" speed="9.41" harmonicMeanSpeed="1.32" length="5.00" nVehEntered="17"/>
    <interval begin="46900.00" end="47000.00" id="inductionLoop.S1" nVehContrib="7" flow="252.00" occupancy="87.18" speed="5.88" harmonicMeanSpeed="0.82" length="5.00" nVehEntered="7"/>
    <interval begin="47000.00" end="47100.00" id="inductionLoop.S1" nVehContrib="13" flow="468.00" occupancy="78.14" speed="7.48" harmonicMeanSpeed="0.67" length="5.00" nVehEntered="13"/>
    <interval begin="47100.00" end="47200.00" id="inductionLoop.S1" nVehContrib="11" flow="396.00" occupancy="79.89" speed="7.94" harmonicMeanSpeed="0.57" length="5.00" nVehEntered="11"/>
    <interval begin="47200.00" end="47300.00" id="inductionLoop.S1" nVehContrib="3" flow="108.00" occupancy="24.93" speed="1.85" harmonicMeanSpeed="1.51" length="5.00" nVehEntered="3"/>
    <interval begin="47300.00" end="47400.00" id="inductionLoop.S1" nVehContrib="22" flow="792.00" occupancy="45.56" speed="9.68" harmonicMeanSpeed="4.95" length="5.00" nVehEntered="23"/>
    <interval begin="47400.00" end="47500.00" id="inductionLoop.S1" nVehContrib="4" flow="144.00" occupancy="80.85" speed="1.73" harmonicMeanSpeed="1.32" length="5.00" nVehEntered="5"/>
    <interval begin="47500.00" end="47600.00" id="inductionLoop.S1" nVehContrib="15" flow="540.00" occupancy="74.68" speed="8.04" harmonicMeanSpeed="0.97" length="5.00" nVehEntered="15"/>
    <interval begin="47600.00" end="47700.00" id="inductionLoop.S1" nVehContrib="12" flow="432.00" occupancy="77.28" speed="6.08" harmonicMeanSpeed="1.39" length="5.00" nVehEntered="12"/>
    <interval begin="47700.00" end="47800.00" id="inductionLoop.S1" nVehContrib="17" flow="612.00" occupancy="73.00" speed="8.39" harmonicMeanSpeed="0.79" length="5.00" nVehEntered="16"/>
    <interval begin="47800.00" end="47900.00" id="inductionLoop.S1" nVehContrib="15" flow="540.00" occupancy="75.50" speed="11.28" harmonicMeanSpeed="10.90" length="5.00" nVehEntered="16"/>
    <interval begin="47900.00" end="48000.00" id="inductionLoop.S1" nVehContrib="14" flow="504.00" occupancy="70.86" speed="6.01" harmonicMeanSpeed="0.50" length="5.00" nVehEntered="13"/>
    <interval begin="48000.00" end="48100.00" id="inductionLoop.S1" nVehContrib="19" flow="684.00" occupancy="67.22" speed="8.37" harmonicMeanSpeed="2.28" length="5.00" nVehEntered="20"/>
    <interval begin="48100.00" end="48200.00" id="inductionLoop.S1" nVehContrib="14" flow="504.00" occupancy="77.87" speed="8.41" harmonicMeanSpeed="0.68" length="5.00" nVehEntered="13"/>
    <interval begin="48200.00" end="48300.00" id="inductionLoop.S1" nVehContrib="11" flow="396.00" occupancy="73.45" speed="4.07" harmonicMeanSpeed="0.77" length="5.00" nVehEntered="12"/>
    <interval begin="48300.00" end="48400.00" id="inductionLoop.S1" nVehContrib="6" flow="216.00" occupancy="88.84" speed="3.30" harmonicMeanSpeed="0.33" length="5.00" nVehEntered="5"/>
    <interval begin="48400.00" end="48500.00" id="inductionLoop.S1" nVehContrib="8" flow="288.00" occupancy="73.61" speed="3.66" harmonicMeanSpeed="0.79" length="5.00" nVehEntered="9"/>
    <interval begin="48500.00" end="48600.00" id="inductionLoop.S1" nVehContrib="6" flow="216.00" occupancy="69.85" speed="3.38" harmonicMeanSpeed="0.32" length="5.00" nVehEntered="6"/>
    <interval begin="48600.00" end="48700.00" id="inductionLoop.S1" nVehContrib="24" flow="864.00" occupancy="60.27" speed="7.70" harmonicMeanSpeed="2.21" length="5.00" nVehEntered="24"/>
    <interval begin="48700.00" end="48800.00" id="inductionLoop.S1" nVehContrib="6" flow="216.00" occupancy="89.47" speed="4.40" harmonicMeanSpeed="0.31" length="5.00" nVehEntered="6"/>
    <interval begin="48800.00" end="48900.00" id="inductionLoop.S1" nVehContrib="39" flow="1404.00" occupancy="39.88" speed="10.77" harmonicMeanSpeed="4.88" length="5.00" nVehEntered="38"/>
    <interval begin="48900.00" end="49000.00" id="inductionLoop.S1" nVehContrib="16" flow="576.00" occupancy="9.21" speed="11.26" harmonicMeanSpeed="8.68" length="5.00" nVehEntered="16"/>
    <interval begin="49000.00" end="49100.00" id="inductionLoop.S1" nVehContrib="0" flow="0.00" occupancy="89.38" speed="-1.00" harmonicMeanSpeed="-1.00" length="-1.00" nVehEntered="1"/>
    <interval begin="49100.00" end="49200.00" id="inductionLoop.S1" nVehContrib="6" flow="216.00" occupancy="87.84" speed="5.33" harmonicMeanSpeed="0.26" length="5.00" nVehEntered="6"/>
    <interval begin="49200.00" end="49300.00" id="inductionLoop.S1" nVehContrib="6" flow="216.00" occupancy="82.96" speed="2.72" harmonicMeanSpeed="0.25" length="5.00" nVehEntered="7"/>
    <interval begin="49300.00" end="49400.00" id="inductionLoop.S1" nVehContrib="28" flow="1008.00" occupancy="48.74" speed="6.83" harmonicMeanSpeed="1.96" length="5.00" nVehEntered="28"/>
    <interval begin="49400.00" end="49500.00" id="inductionLoop.S1" nVehContrib="6" flow="216.00" occupancy="88.36" speed="4.43" harmonicMeanSpeed="0.35" length="5.00" nVehEntered="6"/>
    <interval begin="49500.00" end="49600.00" id="inductionLoop.S1" nVehContrib="15" flow="540.00" occupancy="71.27" speed="6.24" harmonicMeanSpeed="1.06" length="5.00" nVehEntered="15"/>
    <interval begin="49600.00" end="49700.00" id="inductionLoop.S1" nVehContrib="2" flow="72.00" occupancy="93.74" speed="1.11" harmonicMeanSpeed="0.84" length="5.00" nVehEntered="2"/>
    <interval begin="49700.00" end="49800.00" id="inductionLoop.S1" nVehContrib="16" flow="576.00" occupancy="53.15" speed="5.73" harmonicMeanSpeed="0.58" length="5.00" nVehEntered="15"/>
    <interval begin="49800.00" end="49900.00" id="inductionLoop.S1" nVehContrib="13" flow="468.00" occupancy="39.67" speed="8.02" harmonicMeanSpeed="1.64" length="5.00" nVehEntered="13"/>
    <interval begin="49900.00" end="50000.00" id="inductionLoop.S1" nVehContrib="7" flow="252.00" occupancy="34.67" speed="5.83" harmonicMeanSpeed="1.05" length="5.00" nVehEntered="8"/>
    <interval begin="50000.00" end="50004.00" id="inductionLoop.S1" nVehContrib="2" flow="1800.00" occupancy="23.00" speed="4.65" harmonicMeanSpeed="4.45" length="5.00" nVehEntered="1"/>
</detector>
