<?xml version="1.0" encoding="UTF-8"?>

<!-- generated on 2023-07-07 14:25:34.313894 by randomTrips.py v1_17_0+0000-737931d58da
<configuration>
    <net-file value="intersection.net.xml"/>
    <route-file value="intersection_random.rou.xml"/>
    <end value="500.0"/>
</configuration>
-->

<!-- generated on 2023-07-07 14:25:34 by Eclipse SUMO duarouter Version 1.17.0
<configuration xmlns:xsi="http://www.w3.org/2001/XMLSchema-instance" xsi:noNamespaceSchemaLocation="http://sumo.dlr.de/xsd/duarouterConfiguration.xsd">

    <input>
        <net-file value="intersection.net.xml"/>
        <route-files value="trips.trips.xml"/>
    </input>

    <output>
        <output-file value="intersection_random.rou.xml"/>
        <alternatives-output value="NUL"/>
    </output>

    <time>
        <begin value="0"/>
        <end value="500.0"/>
    </time>

    <report>
        <no-warnings value="true"/>
        <ignore-errors value="true"/>
        <no-step-log value="true"/>
    </report>

</configuration>
-->

<routes xmlns:xsi="http://www.w3.org/2001/XMLSchema-instance" xsi:noNamespaceSchemaLocation="http://sumo.dlr.de/xsd/routes_file.xsd">
    <vehicle id="0" depart="0.00">
        <route edges="S -E"/>
    </vehicle>
    <vehicle id="1" depart="1.00">
        <route edges="N -E"/>
    </vehicle>
    <vehicle id="2" depart="2.00">
        <route edges="S -W"/>
    </vehicle>
    <vehicle id="3" depart="3.00">
        <route edges="W -E"/>
    </vehicle>
    <vehicle id="4" depart="4.00">
        <route edges="N -E"/>
    </vehicle>
    <vehicle id="7" depart="7.00">
        <route edges="S -N"/>
    </vehicle>
    <vehicle id="9" depart="9.00">
        <route edges="W -E"/>
    </vehicle>
    <vehicle id="11" depart="11.00">
        <route edges="N -E"/>
    </vehicle>
    <vehicle id="12" depart="12.00">
        <route edges="W -N"/>
    </vehicle>
    <vehicle id="14" depart="14.00">
        <route edges="W -N"/>
    </vehicle>
    <vehicle id="16" depart="16.00">
        <route edges="S -W"/>
    </vehicle>
    <vehicle id="18" depart="18.00">
        <route edges="W -N"/>
    </vehicle>
    <vehicle id="19" depart="19.00">
        <route edges="W -N"/>
    </vehicle>
    <vehicle id="20" depart="20.00">
        <route edges="S -E"/>
    </vehicle>
    <vehicle id="24" depart="24.00">
        <route edges="S -N"/>
    </vehicle>
    <vehicle id="25" depart="25.00">
        <route edges="N -E"/>
    </vehicle>
    <vehicle id="26" depart="26.00">
        <route edges="N -W"/>
    </vehicle>
    <vehicle id="27" depart="27.00">
        <route edges="S -N"/>
    </vehicle>
    <vehicle id="28" depart="28.00">
        <route edges="E -W"/>
    </vehicle>
    <vehicle id="30" depart="30.00">
        <route edges="W -N"/>
    </vehicle>
    <vehicle id="31" depart="31.00">
        <route edges="S -W"/>
    </vehicle>
    <vehicle id="34" depart="34.00">
        <route edges="N -E"/>
    </vehicle>
    <vehicle id="35" depart="35.00">
        <route edges="E -W"/>
    </vehicle>
    <vehicle id="36" depart="36.00">
        <route edges="W -E"/>
    </vehicle>
    <vehicle id="37" depart="37.00">
        <route edges="S -N"/>
    </vehicle>
    <vehicle id="38" depart="38.00">
        <route edges="W -N"/>
    </vehicle>
    <vehicle id="39" depart="39.00">
        <route edges="N -E"/>
    </vehicle>
    <vehicle id="40" depart="40.00">
        <route edges="S -E"/>
    </vehicle>
    <vehicle id="41" depart="41.00">
        <route edges="S -W"/>
    </vehicle>
    <vehicle id="42" depart="42.00">
        <route edges="N -E"/>
    </vehicle>
    <vehicle id="43" depart="43.00">
        <route edges="W -N"/>
    </vehicle>
    <vehicle id="46" depart="46.00">
        <route edges="W -N"/>
    </vehicle>
    <vehicle id="48" depart="48.00">
        <route edges="W -N"/>
    </vehicle>
    <vehicle id="50" depart="50.00">
        <route edges="E -W"/>
    </vehicle>
    <vehicle id="51" depart="51.00">
        <route edges="S -N"/>
    </vehicle>
    <vehicle id="54" depart="54.00">
        <route edges="N -W"/>
    </vehicle>
    <vehicle id="55" depart="55.00">
        <route edges="W -E"/>
    </vehicle>
    <vehicle id="56" depart="56.00">
        <route edges="S -E"/>
    </vehicle>
    <vehicle id="59" depart="59.00">
        <route edges="S -E"/>
    </vehicle>
    <vehicle id="60" depart="60.00">
        <route edges="W -N"/>
    </vehicle>
    <vehicle id="61" depart="61.00">
        <route edges="W -N"/>
    </vehicle>
    <vehicle id="63" depart="63.00">
        <route edges="E -W"/>
    </vehicle>
    <vehicle id="65" depart="65.00">
        <route edges="N -E"/>
    </vehicle>
    <vehicle id="68" depart="68.00">
        <route edges="E -W"/>
    </vehicle>
    <vehicle id="69" depart="69.00">
        <route edges="W -E"/>
    </vehicle>
    <vehicle id="71" depart="71.00">
        <route edges="N -W"/>
    </vehicle>
    <vehicle id="72" depart="72.00">
        <route edges="N -E"/>
    </vehicle>
    <vehicle id="73" depart="73.00">
        <route edges="S -W"/>
    </vehicle>
    <vehicle id="75" depart="75.00">
        <route edges="W -N"/>
    </vehicle>
    <vehicle id="81" depart="81.00">
        <route edges="E -W"/>
    </vehicle>
    <vehicle id="82" depart="82.00">
        <route edges="W -E"/>
    </vehicle>
    <vehicle id="83" depart="83.00">
        <route edges="E -W"/>
    </vehicle>
    <vehicle id="85" depart="85.00">
        <route edges="W -N"/>
    </vehicle>
    <vehicle id="86" depart="86.00">
        <route edges="N -W"/>
    </vehicle>
    <vehicle id="87" depart="87.00">
        <route edges="W -E"/>
    </vehicle>
    <vehicle id="90" depart="90.00">
        <route edges="S -W"/>
    </vehicle>
    <vehicle id="91" depart="91.00">
        <route edges="W -E"/>
    </vehicle>
    <vehicle id="93" depart="93.00">
        <route edges="W -E"/>
    </vehicle>
    <vehicle id="95" depart="95.00">
        <route edges="N -E"/>
    </vehicle>
    <vehicle id="96" depart="96.00">
        <route edges="E -W"/>
    </vehicle>
    <vehicle id="97" depart="97.00">
        <route edges="N -W"/>
    </vehicle>
    <vehicle id="98" depart="98.00">
        <route edges="S -E"/>
    </vehicle>
    <vehicle id="101" depart="101.00">
        <route edges="W -E"/>
    </vehicle>
    <vehicle id="102" depart="102.00">
        <route edges="N -E"/>
    </vehicle>
    <vehicle id="103" depart="103.00">
        <route edges="N -E"/>
    </vehicle>
    <vehicle id="104" depart="104.00">
        <route edges="N -W"/>
    </vehicle>
    <vehicle id="105" depart="105.00">
        <route edges="N -W"/>
    </vehicle>
    <vehicle id="108" depart="108.00">
        <route edges="S -W"/>
    </vehicle>
    <vehicle id="110" depart="110.00">
        <route edges="W -N"/>
    </vehicle>
    <vehicle id="111" depart="111.00">
        <route edges="S -W"/>
    </vehicle>
    <vehicle id="113" depart="113.00">
        <route edges="S -W"/>
    </vehicle>
    <vehicle id="114" depart="114.00">
        <route edges="E -W"/>
    </vehicle>
    <vehicle id="116" depart="116.00">
        <route edges="S -W"/>
    </vehicle>
    <vehicle id="118" depart="118.00">
        <route edges="W -E"/>
    </vehicle>
    <vehicle id="119" depart="119.00">
        <route edges="S -N"/>
    </vehicle>
    <vehicle id="121" depart="121.00">
        <route edges="S -W"/>
    </vehicle>
    <vehicle id="122" depart="122.00">
        <route edges="E -W"/>
    </vehicle>
    <vehicle id="124" depart="124.00">
        <route edges="S -E"/>
    </vehicle>
    <vehicle id="125" depart="125.00">
        <route edges="N -W"/>
    </vehicle>
    <vehicle id="129" depart="129.00">
        <route edges="N -W"/>
    </vehicle>
    <vehicle id="131" depart="131.00">
        <route edges="N -E"/>
    </vehicle>
    <vehicle id="133" depart="133.00">
        <route edges="S -W"/>
    </vehicle>
    <vehicle id="134" depart="134.00">
        <route edges="S -E"/>
    </vehicle>
    <vehicle id="135" depart="135.00">
        <route edges="W -E"/>
    </vehicle>
    <vehicle id="136" depart="136.00">
        <route edges="S -W"/>
    </vehicle>
    <vehicle id="140" depart="140.00">
        <route edges="S -E"/>
    </vehicle>
    <vehicle id="141" depart="141.00">
        <route edges="S -E"/>
    </vehicle>
    <vehicle id="142" depart="142.00">
        <route edges="N -W"/>
    </vehicle>
    <vehicle id="143" depart="143.00">
        <route edges="W -E"/>
    </vehicle>
    <vehicle id="144" depart="144.00">
        <route edges="N -E"/>
    </vehicle>
    <vehicle id="145" depart="145.00">
        <route edges="E -W"/>
    </vehicle>
    <vehicle id="146" depart="146.00">
        <route edges="S -E"/>
    </vehicle>
    <vehicle id="147" depart="147.00">
        <route edges="S -N"/>
    </vehicle>
    <vehicle id="148" depart="148.00">
        <route edges="N -E"/>
    </vehicle>
    <vehicle id="149" depart="149.00">
        <route edges="E -W"/>
    </vehicle>
    <vehicle id="150" depart="150.00">
        <route edges="W -N"/>
    </vehicle>
    <vehicle id="151" depart="151.00">
        <route edges="W -N"/>
    </vehicle>
    <vehicle id="153" depart="153.00">
        <route edges="N -W"/>
    </vehicle>
    <vehicle id="155" depart="155.00">
        <route edges="W -E"/>
    </vehicle>
    <vehicle id="159" depart="159.00">
        <route edges="E -W"/>
    </vehicle>
    <vehicle id="162" depart="162.00">
        <route edges="E -W"/>
    </vehicle>
    <vehicle id="163" depart="163.00">
        <route edges="N -W"/>
    </vehicle>
    <vehicle id="165" depart="165.00">
        <route edges="W -E"/>
    </vehicle>
    <vehicle id="166" depart="166.00">
        <route edges="W -E"/>
    </vehicle>
    <vehicle id="168" depart="168.00">
        <route edges="E -W"/>
    </vehicle>
    <vehicle id="169" depart="169.00">
        <route edges="N -E"/>
    </vehicle>
    <vehicle id="170" depart="170.00">
        <route edges="W -E"/>
    </vehicle>
    <vehicle id="172" depart="172.00">
        <route edges="N -W"/>
    </vehicle>
    <vehicle id="173" depart="173.00">
        <route edges="W -E"/>
    </vehicle>
    <vehicle id="174" depart="174.00">
        <route edges="S -N"/>
    </vehicle>
    <vehicle id="175" depart="175.00">
        <route edges="W -N"/>
    </vehicle>
    <vehicle id="176" depart="176.00">
        <route edges="W -E"/>
    </vehicle>
    <vehicle id="177" depart="177.00">
        <route edges="W -E"/>
    </vehicle>
    <vehicle id="178" depart="178.00">
        <route edges="W -E"/>
    </vehicle>
    <vehicle id="180" depart="180.00">
        <route edges="S -E"/>
    </vehicle>
    <vehicle id="181" depart="181.00">
        <route edges="S -N"/>
    </vehicle>
    <vehicle id="183" depart="183.00">
        <route edges="N -W"/>
    </vehicle>
    <vehicle id="184" depart="184.00">
        <route edges="E -W"/>
    </vehicle>
    <vehicle id="185" depart="185.00">
        <route edges="S -W"/>
    </vehicle>
    <vehicle id="186" depart="186.00">
        <route edges="S -W"/>
    </vehicle>
    <vehicle id="187" depart="187.00">
        <route edges="N -E"/>
    </vehicle>
    <vehicle id="188" depart="188.00">
        <route edges="S -E"/>
    </vehicle>
    <vehicle id="189" depart="189.00">
        <route edges="N -W"/>
    </vehicle>
    <vehicle id="190" depart="190.00">
        <route edges="S -E"/>
    </vehicle>
    <vehicle id="192" depart="192.00">
        <route edges="N -E"/>
    </vehicle>
    <vehicle id="195" depart="195.00">
        <route edges="W -N"/>
    </vehicle>
    <vehicle id="199" depart="199.00">
        <route edges="S -N"/>
    </vehicle>
    <vehicle id="200" depart="200.00">
        <route edges="N -E"/>
    </vehicle>
    <vehicle id="201" depart="201.00">
        <route edges="N -W"/>
    </vehicle>
    <vehicle id="202" depart="202.00">
        <route edges="W -E"/>
    </vehicle>
    <vehicle id="204" depart="204.00">
        <route edges="S -N"/>
    </vehicle>
    <vehicle id="206" depart="206.00">
        <route edges="S -E"/>
    </vehicle>
    <vehicle id="209" depart="209.00">
        <route edges="W -E"/>
    </vehicle>
    <vehicle id="211" depart="211.00">
        <route edges="E -W"/>
    </vehicle>
    <vehicle id="212" depart="212.00">
        <route edges="N -E"/>
    </vehicle>
    <vehicle id="213" depart="213.00">
        <route edges="S -E"/>
    </vehicle>
    <vehicle id="216" depart="216.00">
        <route edges="E -W"/>
    </vehicle>
    <vehicle id="217" depart="217.00">
        <route edges="S -E"/>
    </vehicle>
    <vehicle id="218" depart="218.00">
        <route edges="E -W"/>
    </vehicle>
    <vehicle id="219" depart="219.00">
        <route edges="N -W"/>
    </vehicle>
    <vehicle id="220" depart="220.00">
        <route edges="S -W"/>
    </vehicle>
    <vehicle id="221" depart="221.00">
        <route edges="S -W"/>
    </vehicle>
    <vehicle id="222" depart="222.00">
        <route edges="W -N"/>
    </vehicle>
    <vehicle id="223" depart="223.00">
        <route edges="S -N"/>
    </vehicle>
    <vehicle id="224" depart="224.00">
        <route edges="W -N"/>
    </vehicle>
    <vehicle id="226" depart="226.00">
        <route edges="N -E"/>
    </vehicle>
    <vehicle id="228" depart="228.00">
        <route edges="W -N"/>
    </vehicle>
    <vehicle id="229" depart="229.00">
        <route edges="S -E"/>
    </vehicle>
    <vehicle id="231" depart="231.00">
        <route edges="N -E"/>
    </vehicle>
    <vehicle id="232" depart="232.00">
        <route edges="S -E"/>
    </vehicle>
    <vehicle id="233" depart="233.00">
        <route edges="E -W"/>
    </vehicle>
    <vehicle id="234" depart="234.00">
        <route edges="S -E"/>
    </vehicle>
    <vehicle id="236" depart="236.00">
        <route edges="N -E"/>
    </vehicle>
    <vehicle id="237" depart="237.00">
        <route edges="N -W"/>
    </vehicle>
    <vehicle id="238" depart="238.00">
        <route edges="S -W"/>
    </vehicle>
    <vehicle id="240" depart="240.00">
        <route edges="N -E"/>
    </vehicle>
    <vehicle id="241" depart="241.00">
        <route edges="N -W"/>
    </vehicle>
    <vehicle id="243" depart="243.00">
        <route edges="N -W"/>
    </vehicle>
    <vehicle id="244" depart="244.00">
        <route edges="S -N"/>
    </vehicle>
    <vehicle id="246" depart="246.00">
        <route edges="N -E"/>
    </vehicle>
    <vehicle id="247" depart="247.00">
        <route edges="N -W"/>
    </vehicle>
    <vehicle id="248" depart="248.00">
        <route edges="N -E"/>
    </vehicle>
    <vehicle id="249" depart="249.00">
        <route edges="N -E"/>
    </vehicle>
    <vehicle id="250" depart="250.00">
        <route edges="S -E"/>
    </vehicle>
    <vehicle id="256" depart="256.00">
        <route edges="W -N"/>
    </vehicle>
    <vehicle id="258" depart="258.00">
        <route edges="N -E"/>
    </vehicle>
    <vehicle id="260" depart="260.00">
        <route edges="W -N"/>
    </vehicle>
    <vehicle id="261" depart="261.00">
        <route edges="S -W"/>
    </vehicle>
    <vehicle id="262" depart="262.00">
        <route edges="S -W"/>
    </vehicle>
    <vehicle id="263" depart="263.00">
        <route edges="W -E"/>
    </vehicle>
    <vehicle id="265" depart="265.00">
        <route edges="E -W"/>
    </vehicle>
    <vehicle id="266" depart="266.00">
        <route edges="S -E"/>
    </vehicle>
    <vehicle id="267" depart="267.00">
        <route edges="S -W"/>
    </vehicle>
    <vehicle id="269" depart="269.00">
        <route edges="S -E"/>
    </vehicle>
    <vehicle id="272" depart="272.00">
        <route edges="N -W"/>
    </vehicle>
    <vehicle id="273" depart="273.00">
        <route edges="W -N"/>
    </vehicle>
    <vehicle id="274" depart="274.00">
        <route edges="S -E"/>
    </vehicle>
    <vehicle id="275" depart="275.00">
        <route edges="S -N"/>
    </vehicle>
    <vehicle id="276" depart="276.00">
        <route edges="E -W"/>
    </vehicle>
    <vehicle id="277" depart="277.00">
        <route edges="W -N"/>
    </vehicle>
    <vehicle id="278" depart="278.00">
        <route edges="E -W"/>
    </vehicle>
    <vehicle id="279" depart="279.00">
        <route edges="W -N"/>
    </vehicle>
    <vehicle id="281" depart="281.00">
        <route edges="S -N"/>
    </vehicle>
    <vehicle id="283" depart="283.00">
        <route edges="E -W"/>
    </vehicle>
    <vehicle id="284" depart="284.00">
        <route edges="S -W"/>
    </vehicle>
    <vehicle id="285" depart="285.00">
        <route edges="S -N"/>
    </vehicle>
    <vehicle id="286" depart="286.00">
        <route edges="S -W"/>
    </vehicle>
    <vehicle id="287" depart="287.00">
        <route edges="N -W"/>
    </vehicle>
    <vehicle id="288" depart="288.00">
        <route edges="S -N"/>
    </vehicle>
    <vehicle id="289" depart="289.00">
        <route edges="N -W"/>
    </vehicle>
    <vehicle id="290" depart="290.00">
        <route edges="N -W"/>
    </vehicle>
    <vehicle id="291" depart="291.00">
        <route edges="W -E"/>
    </vehicle>
    <vehicle id="292" depart="292.00">
        <route edges="W -E"/>
    </vehicle>
    <vehicle id="294" depart="294.00">
        <route edges="N -E"/>
    </vehicle>
    <vehicle id="295" depart="295.00">
        <route edges="W -E"/>
    </vehicle>
    <vehicle id="296" depart="296.00">
        <route edges="E -W"/>
    </vehicle>
    <vehicle id="297" depart="297.00">
        <route edges="N -W"/>
    </vehicle>
    <vehicle id="298" depart="298.00">
        <route edges="S -E"/>
    </vehicle>
    <vehicle id="299" depart="299.00">
        <route edges="E -W"/>
    </vehicle>
    <vehicle id="300" depart="300.00">
        <route edges="E -W"/>
    </vehicle>
    <vehicle id="301" depart="301.00">
        <route edges="N -W"/>
    </vehicle>
    <vehicle id="302" depart="302.00">
        <route edges="S -N"/>
    </vehicle>
    <vehicle id="303" depart="303.00">
        <route edges="N -W"/>
    </vehicle>
    <vehicle id="305" depart="305.00">
        <route edges="S -E"/>
    </vehicle>
    <vehicle id="306" depart="306.00">
        <route edges="S -N"/>
    </vehicle>
    <vehicle id="307" depart="307.00">
        <route edges="S -N"/>
    </vehicle>
    <vehicle id="308" depart="308.00">
        <route edges="S -E"/>
    </vehicle>
    <vehicle id="309" depart="309.00">
        <route edges="S -E"/>
    </vehicle>
    <vehicle id="310" depart="310.00">
        <route edges="N -E"/>
    </vehicle>
    <vehicle id="312" depart="312.00">
        <route edges="S -W"/>
    </vehicle>
    <vehicle id="314" depart="314.00">
        <route edges="N -W"/>
    </vehicle>
    <vehicle id="315" depart="315.00">
        <route edges="W -N"/>
    </vehicle>
    <vehicle id="316" depart="316.00">
        <route edges="N -E"/>
    </vehicle>
    <vehicle id="319" depart="319.00">
        <route edges="S -E"/>
    </vehicle>
    <vehicle id="320" depart="320.00">
        <route edges="W -N"/>
    </vehicle>
    <vehicle id="321" depart="321.00">
        <route edges="S -E"/>
    </vehicle>
    <vehicle id="322" depart="322.00">
        <route edges="W -N"/>
    </vehicle>
    <vehicle id="323" depart="323.00">
        <route edges="W -N"/>
    </vehicle>
    <vehicle id="326" depart="326.00">
        <route edges="W -N"/>
    </vehicle>
    <vehicle id="327" depart="327.00">
        <route edges="W -N"/>
    </vehicle>
    <vehicle id="330" depart="330.00">
        <route edges="S -E"/>
    </vehicle>
    <vehicle id="331" depart="331.00">
        <route edges="W -E"/>
    </vehicle>
    <vehicle id="332" depart="332.00">
        <route edges="W -N"/>
    </vehicle>
    <vehicle id="333" depart="333.00">
        <route edges="W -E"/>
    </vehicle>
    <vehicle id="334" depart="334.00">
        <route edges="S -N"/>
    </vehicle>
    <vehicle id="335" depart="335.00">
        <route edges="N -W"/>
    </vehicle>
    <vehicle id="336" depart="336.00">
        <route edges="W -E"/>
    </vehicle>
    <vehicle id="337" depart="337.00">
        <route edges="S -N"/>
    </vehicle>
    <vehicle id="338" depart="338.00">
        <route edges="S -W"/>
    </vehicle>
    <vehicle id="340" depart="340.00">
        <route edges="S -E"/>
    </vehicle>
    <vehicle id="343" depart="343.00">
        <route edges="S -E"/>
    </vehicle>
    <vehicle id="344" depart="344.00">
        <route edges="E -W"/>
    </vehicle>
    <vehicle id="345" depart="345.00">
        <route edges="S -N"/>
    </vehicle>
    <vehicle id="346" depart="346.00">
        <route edges="S -W"/>
    </vehicle>
    <vehicle id="347" depart="347.00">
        <route edges="W -N"/>
    </vehicle>
    <vehicle id="348" depart="348.00">
        <route edges="S -W"/>
    </vehicle>
    <vehicle id="350" depart="350.00">
        <route edges="S -W"/>
    </vehicle>
    <vehicle id="351" depart="351.00">
        <route edges="W -E"/>
    </vehicle>
    <vehicle id="353" depart="353.00">
        <route edges="S -N"/>
    </vehicle>
    <vehicle id="354" depart="354.00">
        <route edges="N -E"/>
    </vehicle>
    <vehicle id="355" depart="355.00">
        <route edges="S -W"/>
    </vehicle>
    <vehicle id="356" depart="356.00">
        <route edges="W -N"/>
    </vehicle>
    <vehicle id="357" depart="357.00">
        <route edges="N -E"/>
    </vehicle>
    <vehicle id="359" depart="359.00">
        <route edges="N -E"/>
    </vehicle>
    <vehicle id="360" depart="360.00">
        <route edges="E -W"/>
    </vehicle>
    <vehicle id="361" depart="361.00">
        <route edges="W -N"/>
    </vehicle>
    <vehicle id="363" depart="363.00">
        <route edges="S -E"/>
    </vehicle>
    <vehicle id="364" depart="364.00">
        <route edges="E -W"/>
    </vehicle>
    <vehicle id="366" depart="366.00">
        <route edges="W -E"/>
    </vehicle>
    <vehicle id="367" depart="367.00">
        <route edges="S -N"/>
    </vehicle>
    <vehicle id="368" depart="368.00">
        <route edges="N -E"/>
    </vehicle>
    <vehicle id="369" depart="369.00">
        <route edges="N -E"/>
    </vehicle>
    <vehicle id="370" depart="370.00">
        <route edges="S -W"/>
    </vehicle>
    <vehicle id="371" depart="371.00">
        <route edges="N -W"/>
    </vehicle>
    <vehicle id="372" depart="372.00">
        <route edges="N -W"/>
    </vehicle>
    <vehicle id="373" depart="373.00">
        <route edges="W -N"/>
    </vehicle>
    <vehicle id="374" depart="374.00">
        <route edges="N -E"/>
    </vehicle>
    <vehicle id="375" depart="375.00">
        <route edges="N -W"/>
    </vehicle>
    <vehicle id="377" depart="377.00">
        <route edges="W -N"/>
    </vehicle>
    <vehicle id="378" depart="378.00">
        <route edges="S -N"/>
    </vehicle>
    <vehicle id="380" depart="380.00">
        <route edges="W -N"/>
    </vehicle>
    <vehicle id="381" depart="381.00">
        <route edges="W -E"/>
    </vehicle>
    <vehicle id="382" depart="382.00">
        <route edges="S -W"/>
    </vehicle>
    <vehicle id="383" depart="383.00">
        <route edges="N -W"/>
    </vehicle>
    <vehicle id="384" depart="384.00">
        <route edges="E -W"/>
    </vehicle>
    <vehicle id="385" depart="385.00">
        <route edges="S -E"/>
    </vehicle>
    <vehicle id="387" depart="387.00">
        <route edges="S -E"/>
    </vehicle>
    <vehicle id="389" depart="389.00">
        <route edges="N -E"/>
    </vehicle>
    <vehicle id="390" depart="390.00">
        <route edges="W -N"/>
    </vehicle>
    <vehicle id="391" depart="391.00">
        <route edges="S -N"/>
    </vehicle>
    <vehicle id="392" depart="392.00">
        <route edges="N -W"/>
    </vehicle>
    <vehicle id="393" depart="393.00">
        <route edges="W -E"/>
    </vehicle>
    <vehicle id="394" depart="394.00">
        <route edges="S -N"/>
    </vehicle>
    <vehicle id="395" depart="395.00">
        <route edges="W -N"/>
    </vehicle>
    <vehicle id="397" depart="397.00">
        <route edges="N -W"/>
    </vehicle>
    <vehicle id="398" depart="398.00">
        <route edges="N -W"/>
    </vehicle>
    <vehicle id="399" depart="399.00">
        <route edges="S -W"/>
    </vehicle>
    <vehicle id="400" depart="400.00">
        <route edges="N -E"/>
    </vehicle>
    <vehicle id="401" depart="401.00">
        <route edges="S -W"/>
    </vehicle>
    <vehicle id="402" depart="402.00">
        <route edges="N -E"/>
    </vehicle>
    <vehicle id="403" depart="403.00">
        <route edges="S -N"/>
    </vehicle>
    <vehicle id="404" depart="404.00">
        <route edges="S -N"/>
    </vehicle>
    <vehicle id="405" depart="405.00">
        <route edges="N -E"/>
    </vehicle>
    <vehicle id="406" depart="406.00">
        <route edges="E -W"/>
    </vehicle>
    <vehicle id="407" depart="407.00">
        <route edges="S -E"/>
    </vehicle>
    <vehicle id="408" depart="408.00">
        <route edges="W -E"/>
    </vehicle>
    <vehicle id="409" depart="409.00">
        <route edges="S -W"/>
    </vehicle>
    <vehicle id="410" depart="410.00">
        <route edges="W -N"/>
    </vehicle>
    <vehicle id="411" depart="411.00">
        <route edges="S -W"/>
    </vehicle>
    <vehicle id="412" depart="412.00">
        <route edges="W -N"/>
    </vehicle>
    <vehicle id="414" depart="414.00">
        <route edges="S -W"/>
    </vehicle>
    <vehicle id="415" depart="415.00">
        <route edges="W -N"/>
    </vehicle>
    <vehicle id="416" depart="416.00">
        <route edges="S -N"/>
    </vehicle>
    <vehicle id="417" depart="417.00">
        <route edges="S -N"/>
    </vehicle>
    <vehicle id="418" depart="418.00">
        <route edges="S -E"/>
    </vehicle>
    <vehicle id="419" depart="419.00">
        <route edges="N -W"/>
    </vehicle>
    <vehicle id="420" depart="420.00">
        <route edges="N -W"/>
    </vehicle>
    <vehicle id="421" depart="421.00">
        <route edges="S -W"/>
    </vehicle>
    <vehicle id="423" depart="423.00">
        <route edges="N -E"/>
    </vehicle>
    <vehicle id="424" depart="424.00">
        <route edges="S -W"/>
    </vehicle>
    <vehicle id="425" depart="425.00">
        <route edges="W -E"/>
    </vehicle>
    <vehicle id="428" depart="428.00">
        <route edges="S -N"/>
    </vehicle>
    <vehicle id="430" depart="430.00">
        <route edges="W -N"/>
    </vehicle>
    <vehicle id="431" depart="431.00">
        <route edges="S -W"/>
    </vehicle>
    <vehicle id="432" depart="432.00">
        <route edges="E -W"/>
    </vehicle>
    <vehicle id="435" depart="435.00">
        <route edges="S -W"/>
    </vehicle>
    <vehicle id="437" depart="437.00">
        <route edges="W -N"/>
    </vehicle>
    <vehicle id="438" depart="438.00">
        <route edges="E -W"/>
    </vehicle>
    <vehicle id="440" depart="440.00">
        <route edges="N -E"/>
    </vehicle>
    <vehicle id="441" depart="441.00">
        <route edges="E -W"/>
    </vehicle>
    <vehicle id="445" depart="445.00">
        <route edges="S -N"/>
    </vehicle>
    <vehicle id="446" depart="446.00">
        <route edges="N -W"/>
    </vehicle>
    <vehicle id="448" depart="448.00">
        <route edges="N -E"/>
    </vehicle>
    <vehicle id="449" depart="449.00">
        <route edges="S -N"/>
    </vehicle>
    <vehicle id="450" depart="450.00">
        <route edges="W -E"/>
    </vehicle>
    <vehicle id="451" depart="451.00">
        <route edges="W -N"/>
    </vehicle>
    <vehicle id="453" depart="453.00">
        <route edges="S -W"/>
    </vehicle>
    <vehicle id="455" depart="455.00">
        <route edges="N -W"/>
    </vehicle>
    <vehicle id="456" depart="456.00">
        <route edges="N -W"/>
    </vehicle>
    <vehicle id="457" depart="457.00">
        <route edges="S -N"/>
    </vehicle>
    <vehicle id="458" depart="458.00">
        <route edges="S -N"/>
    </vehicle>
    <vehicle id="459" depart="459.00">
        <route edges="S -W"/>
    </vehicle>
    <vehicle id="460" depart="460.00">
        <route edges="S -W"/>
    </vehicle>
    <vehicle id="461" depart="461.00">
        <route edges="S -W"/>
    </vehicle>
    <vehicle id="462" depart="462.00">
        <route edges="S -E"/>
    </vehicle>
    <vehicle id="464" depart="464.00">
        <route edges="S -E"/>
    </vehicle>
    <vehicle id="465" depart="465.00">
        <route edges="N -W"/>
    </vehicle>
    <vehicle id="467" depart="467.00">
        <route edges="S -W"/>
    </vehicle>
    <vehicle id="468" depart="468.00">
        <route edges="S -W"/>
    </vehicle>
    <vehicle id="469" depart="469.00">
        <route edges="W -E"/>
    </vehicle>
    <vehicle id="470" depart="470.00">
        <route edges="W -N"/>
    </vehicle>
    <vehicle id="472" depart="472.00">
        <route edges="N -E"/>
    </vehicle>
    <vehicle id="473" depart="473.00">
        <route edges="W -E"/>
    </vehicle>
    <vehicle id="475" depart="475.00">
        <route edges="S -W"/>
    </vehicle>
    <vehicle id="477" depart="477.00">
        <route edges="N -W"/>
    </vehicle>
    <vehicle id="479" depart="479.00">
        <route edges="N -W"/>
    </vehicle>
    <vehicle id="480" depart="480.00">
        <route edges="S -N"/>
    </vehicle>
    <vehicle id="483" depart="483.00">
        <route edges="E -W"/>
    </vehicle>
    <vehicle id="484" depart="484.00">
        <route edges="S -W"/>
    </vehicle>
    <vehicle id="488" depart="488.00">
        <route edges="E -W"/>
    </vehicle>
    <vehicle id="490" depart="490.00">
        <route edges="E -W"/>
    </vehicle>
    <vehicle id="492" depart="492.00">
        <route edges="S -W"/>
    </vehicle>
    <vehicle id="493" depart="493.00">
        <route edges="W -N"/>
    </vehicle>
    <vehicle id="494" depart="494.00">
        <route edges="S -E"/>
    </vehicle>
    <vehicle id="495" depart="495.00">
        <route edges="N -E"/>
    </vehicle>
    <vehicle id="497" depart="497.00">
        <route edges="W -E"/>
    </vehicle>
</routes>
